ISO-10303-21;
HEADER;
/* Generated by software containing ST-Developer
 * from STEP Tools, Inc. (www.steptools.com) 
 */
/* OPTION: using custom renumber hook */

FILE_DESCRIPTION(
/* description */ ('STEP AP242 Edition 2',
'CAx-IF Rec.Pracs.---Representation and Presentation of Product Manufa
cturing Information (PMI)---4.0---2014-10-13',
'CAx-IF Rec.Pracs.---3D Tessellated Geometry---0.4---2014-09-14','2;1',
'CAx-IF Rec.Pracs.---User Defined Attributes---1.5---2016-08-15'),
/* implementation_level */ '2;1');

FILE_NAME(
/* name */ 'Cube Brick - Part 2',
/* time_stamp */ '2026-09-23T21:02:04Z',
/* author */ (''),
/* organization */ (''),
/* preprocessor_version */ 'ST-DEVELOPER v20',
/* originating_system */ 'ONSHAPE BY PTC INC, 1.221',
/* authorisation */ '  ');

FILE_SCHEMA (('AP242_MANAGED_MODEL_BASED_3D_ENGINEERING_MIM_LF { 1 0 10303 442 3 1 4 }'));
ENDSEC;

DATA;
#10=SHAPE_REPRESENTATION_RELATIONSHIP('','',#11111,#11);
#11=ADVANCED_BREP_SHAPE_REPRESENTATION('',(#11109),#20036);
#12=SPHERICAL_SURFACE('',#11307,0.0001);
#13=SPHERICAL_SURFACE('',#11327,0.0001);
#14=SPHERICAL_SURFACE('',#11381,0.0011);
#15=SPHERICAL_SURFACE('',#11387,0.0011);
#16=SPHERICAL_SURFACE('',#11398,0.0005);
#17=SPHERICAL_SURFACE('',#11404,0.0005);
#18=SPHERICAL_SURFACE('',#11653,0.0001);
#19=SPHERICAL_SURFACE('',#11673,0.0001);
#20=SPHERICAL_SURFACE('',#11727,0.0011);
#21=SPHERICAL_SURFACE('',#11733,0.0011);
#22=SPHERICAL_SURFACE('',#11743,0.0005);
#23=SPHERICAL_SURFACE('',#11748,0.0005);
#24=SPHERICAL_SURFACE('',#11951,0.0001);
#25=SPHERICAL_SURFACE('',#11971,0.0001);
#26=SPHERICAL_SURFACE('',#12025,0.0011);
#27=SPHERICAL_SURFACE('',#12031,0.0011);
#28=SPHERICAL_SURFACE('',#12041,0.0005);
#29=SPHERICAL_SURFACE('',#12047,0.0005);
#30=SPHERICAL_SURFACE('',#12258,0.0001);
#31=SPHERICAL_SURFACE('',#12278,0.0001);
#32=SPHERICAL_SURFACE('',#12332,0.0011);
#33=SPHERICAL_SURFACE('',#12338,0.0011);
#34=SPHERICAL_SURFACE('',#12349,0.0005);
#35=SPHERICAL_SURFACE('',#12354,0.0005);
#36=CONICAL_SURFACE('',#11181,6.50840713213313E-5,0.195423834241714);
#37=CONICAL_SURFACE('',#11208,6.5084071041174E-5,0.195423831011087);
#38=CONICAL_SURFACE('',#11544,6.50840713213312E-5,0.195423834241702);
#39=CONICAL_SURFACE('',#11571,6.50840713213304E-5,0.195423834241686);
#40=CONICAL_SURFACE('',#11835,6.50840710411765E-5,0.195423831011122);
#41=CONICAL_SURFACE('',#11862,6.50840713213281E-5,0.195423834241684);
#42=CONICAL_SURFACE('',#12150,6.5084071041178E-5,0.195423831011112);
#43=CONICAL_SURFACE('',#12177,6.50840713213306E-5,0.195423834241684);
#44=(
BOUNDED_SURFACE()
B_SPLINE_SURFACE(3,2,((#16043,#16044,#16045),(#16046,#16047,#16048),(#16049,
#16050,#16051),(#16052,#16053,#16054)),.UNSPECIFIED.,.F.,.F.,.F.)
B_SPLINE_SURFACE_WITH_KNOTS((4,4),(3,3),(1.5707963267949,3.14159265358979),
(0.,1.),.PIECEWISE_BEZIER_KNOTS.)
GEOMETRIC_REPRESENTATION_ITEM()
RATIONAL_B_SPLINE_SURFACE(((1.,0.707106781186513,1.),(1.,0.838007078537074,
1.),(1.,0.923879529701473,1.),(1.,0.923879532511283,1.)))
REPRESENTATION_ITEM('')
SURFACE()
);
#45=(
BOUNDED_SURFACE()
B_SPLINE_SURFACE(3,2,((#16064,#16065,#16066),(#16067,#16068,#16069),(#16070,
#16071,#16072),(#16073,#16074,#16075),(#16076,#16077,#16078)),
 .UNSPECIFIED.,.F.,.F.,.F.)
B_SPLINE_SURFACE_WITH_KNOTS((4,1,4),(3,3),(1.79757332066308E-17,0.000116263244607081,
0.000232526489214145),(0.,1.),.UNSPECIFIED.)
GEOMETRIC_REPRESENTATION_ITEM()
RATIONAL_B_SPLINE_SURFACE(((1.,0.707106781186364,1.),(1.,0.776059130662338,
1.),(1.,0.89371246171268,1.),(1.,0.981324308837598,1.),(1.,0.964322716614636,
1.)))
REPRESENTATION_ITEM('')
SURFACE()
);
#46=(
BOUNDED_SURFACE()
B_SPLINE_SURFACE(3,2,((#16103,#16104,#16105),(#16106,#16107,#16108),(#16109,
#16110,#16111),(#16112,#16113,#16114)),.UNSPECIFIED.,.F.,.F.,.F.)
B_SPLINE_SURFACE_WITH_KNOTS((4,4),(3,3),(1.02300472290004,1.57079632679489),
(0.,1.),.PIECEWISE_BEZIER_KNOTS.)
GEOMETRIC_REPRESENTATION_ITEM()
RATIONAL_B_SPLINE_SURFACE(((1.,0.827122574209067,1.),(1.,0.793807349267226,
1.),(1.,0.75275608738115,1.),(1.,0.707106781186548,1.)))
REPRESENTATION_ITEM('')
SURFACE()
);
#47=(
BOUNDED_SURFACE()
B_SPLINE_SURFACE(3,2,((#16129,#16130,#16131),(#16132,#16133,#16134),(#16135,
#16136,#16137),(#16138,#16139,#16140)),.UNSPECIFIED.,.F.,.F.,.F.)
B_SPLINE_SURFACE_WITH_KNOTS((4,4),(3,3),(-8.88178419700125E-16,1.5707963267949),
(0.,1.),.PIECEWISE_BEZIER_KNOTS.)
GEOMETRIC_REPRESENTATION_ITEM()
RATIONAL_B_SPLINE_SURFACE(((1.,0.923879532511283,1.),(1.,0.923879529701473,
1.),(1.,0.838007078534205,1.),(1.,0.70710678118653,1.)))
REPRESENTATION_ITEM('')
SURFACE()
);
#48=(
BOUNDED_SURFACE()
B_SPLINE_SURFACE(3,2,((#16150,#16151,#16152),(#16153,#16154,#16155),(#16156,
#16157,#16158),(#16159,#16160,#16161),(#16162,#16163,#16164)),
 .UNSPECIFIED.,.F.,.F.,.F.)
B_SPLINE_SURFACE_WITH_KNOTS((4,1,4),(3,3),(-3.38135552543917E-18,0.000117283705291483,
0.000234567410582969),(0.,1.),.UNSPECIFIED.)
GEOMETRIC_REPRESENTATION_ITEM()
RATIONAL_B_SPLINE_SURFACE(((1.,0.96432271661469,1.),(1.,0.981352911837612,
1.),(1.,0.893884270287276,1.),(1.,0.775509924697884,1.),(1.,0.707106781186548,
1.)))
REPRESENTATION_ITEM('')
SURFACE()
);
#49=(
BOUNDED_SURFACE()
B_SPLINE_SURFACE(3,2,((#16467,#16468,#16469),(#16470,#16471,#16472),(#16473,
#16474,#16475),(#16476,#16477,#16478),(#16479,#16480,#16481)),
 .UNSPECIFIED.,.F.,.F.,.F.)
B_SPLINE_SURFACE_WITH_KNOTS((4,1,4),(3,3),(4.71238898038469,5.49778714378214,
6.28318530717959),(0.,1.),.UNSPECIFIED.)
GEOMETRIC_REPRESENTATION_ITEM()
RATIONAL_B_SPLINE_SURFACE(((1.,0.707106781186499,1.),(1.,0.641656763254859,
1.),(1.,0.487829893458429,1.),(1.,0.382683449828307,1.),(1.,0.38268343236509,
1.)))
REPRESENTATION_ITEM('')
SURFACE()
);
#50=(
BOUNDED_SURFACE()
B_SPLINE_SURFACE(3,2,((#16499,#16500,#16501),(#16502,#16503,#16504),(#16505,
#16506,#16507),(#16508,#16509,#16510),(#16511,#16512,#16513)),
 .UNSPECIFIED.,.F.,.F.,.F.)
B_SPLINE_SURFACE_WITH_KNOTS((4,1,4),(3,3),(3.14159265358979,3.92699081698724,
4.71238898038469),(0.,1.),.UNSPECIFIED.)
GEOMETRIC_REPRESENTATION_ITEM()
RATIONAL_B_SPLINE_SURFACE(((1.,0.38268343236509,1.),(1.,0.382683449828307,
1.),(1.,0.487829893458429,1.),(1.,0.641656763254859,1.),(1.,0.707106781186499,
1.)))
REPRESENTATION_ITEM('')
SURFACE()
);
#51=(
BOUNDED_SURFACE()
B_SPLINE_SURFACE(3,2,((#16598,#16599,#16600),(#16601,#16602,#16603),(#16604,
#16605,#16606),(#16607,#16608,#16609),(#16610,#16611,#16612)),
 .UNSPECIFIED.,.F.,.F.,.F.)
B_SPLINE_SURFACE_WITH_KNOTS((4,1,4),(3,3),(1.5707963267949,2.35619449019234,
3.14159265358979),(0.,1.),.UNSPECIFIED.)
GEOMETRIC_REPRESENTATION_ITEM()
RATIONAL_B_SPLINE_SURFACE(((1.,0.707106781186548,1.),(1.,0.641656763249449,
1.),(1.,0.487829893461199,1.),(1.,0.382683449828176,1.),(1.,0.38268343236509,
1.)))
REPRESENTATION_ITEM('')
SURFACE()
);
#52=(
BOUNDED_SURFACE()
B_SPLINE_SURFACE(3,2,((#16628,#16629,#16630),(#16631,#16632,#16633),(#16634,
#16635,#16636),(#16637,#16638,#16639),(#16640,#16641,#16642)),
 .UNSPECIFIED.,.F.,.F.,.F.)
B_SPLINE_SURFACE_WITH_KNOTS((4,1,4),(3,3),(1.57194340642116E-15,0.78539816339745,
1.5707963267949),(0.,1.),.UNSPECIFIED.)
GEOMETRIC_REPRESENTATION_ITEM()
RATIONAL_B_SPLINE_SURFACE(((1.,0.38268343236509,1.),(1.,0.382683449828176,
1.),(1.,0.487829893461199,1.),(1.,0.641656763249449,1.),(1.,0.707106781186548,
1.)))
REPRESENTATION_ITEM('')
SURFACE()
);
#53=(
BOUNDED_SURFACE()
B_SPLINE_SURFACE(3,2,((#17313,#17314,#17315),(#17316,#17317,#17318),(#17319,
#17320,#17321),(#17322,#17323,#17324)),.UNSPECIFIED.,.F.,.F.,.F.)
B_SPLINE_SURFACE_WITH_KNOTS((4,4),(3,3),(1.5707963267949,3.14159265358979),
(0.,1.),.PIECEWISE_BEZIER_KNOTS.)
GEOMETRIC_REPRESENTATION_ITEM()
RATIONAL_B_SPLINE_SURFACE(((1.,0.707106781186513,1.),(1.,0.838007078537074,
1.),(1.,0.923879529701473,1.),(1.,0.923879532511283,1.)))
REPRESENTATION_ITEM('')
SURFACE()
);
#54=(
BOUNDED_SURFACE()
B_SPLINE_SURFACE(3,2,((#17334,#17335,#17336),(#17337,#17338,#17339),(#17340,
#17341,#17342),(#17343,#17344,#17345),(#17346,#17347,#17348)),
 .UNSPECIFIED.,.F.,.F.,.F.)
B_SPLINE_SURFACE_WITH_KNOTS((4,1,4),(3,3),(1.79757332066308E-17,0.000116263244607081,
0.000232526489214145),(0.,1.),.UNSPECIFIED.)
GEOMETRIC_REPRESENTATION_ITEM()
RATIONAL_B_SPLINE_SURFACE(((1.,0.707106781186364,1.),(1.,0.776059130662338,
1.),(1.,0.89371246171268,1.),(1.,0.981324308837598,1.),(1.,0.964322716614636,
1.)))
REPRESENTATION_ITEM('')
SURFACE()
);
#55=(
BOUNDED_SURFACE()
B_SPLINE_SURFACE(3,2,((#17373,#17374,#17375),(#17376,#17377,#17378),(#17379,
#17380,#17381),(#17382,#17383,#17384)),.UNSPECIFIED.,.F.,.F.,.F.)
B_SPLINE_SURFACE_WITH_KNOTS((4,4),(3,3),(1.02300472290004,1.57079632679489),
(0.,1.),.PIECEWISE_BEZIER_KNOTS.)
GEOMETRIC_REPRESENTATION_ITEM()
RATIONAL_B_SPLINE_SURFACE(((1.,0.827122574209067,1.),(1.,0.793807349267226,
1.),(1.,0.75275608738115,1.),(1.,0.707106781186548,1.)))
REPRESENTATION_ITEM('')
SURFACE()
);
#56=(
BOUNDED_SURFACE()
B_SPLINE_SURFACE(3,2,((#17399,#17400,#17401),(#17402,#17403,#17404),(#17405,
#17406,#17407),(#17408,#17409,#17410)),.UNSPECIFIED.,.F.,.F.,.F.)
B_SPLINE_SURFACE_WITH_KNOTS((4,4),(3,3),(-8.88178419700125E-16,1.5707963267949),
(0.,1.),.PIECEWISE_BEZIER_KNOTS.)
GEOMETRIC_REPRESENTATION_ITEM()
RATIONAL_B_SPLINE_SURFACE(((1.,0.923879532511283,1.),(1.,0.923879529701473,
1.),(1.,0.838007078534205,1.),(1.,0.70710678118653,1.)))
REPRESENTATION_ITEM('')
SURFACE()
);
#57=(
BOUNDED_SURFACE()
B_SPLINE_SURFACE(3,2,((#17420,#17421,#17422),(#17423,#17424,#17425),(#17426,
#17427,#17428),(#17429,#17430,#17431),(#17432,#17433,#17434)),
 .UNSPECIFIED.,.F.,.F.,.F.)
B_SPLINE_SURFACE_WITH_KNOTS((4,1,4),(3,3),(-3.38135552543917E-18,0.000117283705291483,
0.000234567410582969),(0.,1.),.UNSPECIFIED.)
GEOMETRIC_REPRESENTATION_ITEM()
RATIONAL_B_SPLINE_SURFACE(((1.,0.96432271661469,1.),(1.,0.981352911837612,
1.),(1.,0.893884270287276,1.),(1.,0.775509924697884,1.),(1.,0.707106781186548,
1.)))
REPRESENTATION_ITEM('')
SURFACE()
);
#58=(
BOUNDED_SURFACE()
B_SPLINE_SURFACE(3,2,((#17601,#17602,#17603),(#17604,#17605,#17606),(#17607,
#17608,#17609),(#17610,#17611,#17612),(#17613,#17614,#17615)),
 .UNSPECIFIED.,.F.,.F.,.F.)
B_SPLINE_SURFACE_WITH_KNOTS((4,1,4),(3,3),(4.71238898038469,5.49778714378214,
6.28318530717959),(0.,1.),.UNSPECIFIED.)
GEOMETRIC_REPRESENTATION_ITEM()
RATIONAL_B_SPLINE_SURFACE(((1.,0.707106781186499,1.),(1.,0.641656763254859,
1.),(1.,0.487829893458429,1.),(1.,0.382683449828307,1.),(1.,0.38268343236509,
1.)))
REPRESENTATION_ITEM('')
SURFACE()
);
#59=(
BOUNDED_SURFACE()
B_SPLINE_SURFACE(3,2,((#17633,#17634,#17635),(#17636,#17637,#17638),(#17639,
#17640,#17641),(#17642,#17643,#17644),(#17645,#17646,#17647)),
 .UNSPECIFIED.,.F.,.F.,.F.)
B_SPLINE_SURFACE_WITH_KNOTS((4,1,4),(3,3),(3.14159265358979,3.92699081698724,
4.71238898038469),(0.,1.),.UNSPECIFIED.)
GEOMETRIC_REPRESENTATION_ITEM()
RATIONAL_B_SPLINE_SURFACE(((1.,0.38268343236509,1.),(1.,0.382683449828307,
1.),(1.,0.487829893458429,1.),(1.,0.641656763254859,1.),(1.,0.707106781186499,
1.)))
REPRESENTATION_ITEM('')
SURFACE()
);
#60=(
BOUNDED_SURFACE()
B_SPLINE_SURFACE(3,2,((#17729,#17730,#17731),(#17732,#17733,#17734),(#17735,
#17736,#17737),(#17738,#17739,#17740),(#17741,#17742,#17743)),
 .UNSPECIFIED.,.F.,.F.,.F.)
B_SPLINE_SURFACE_WITH_KNOTS((4,1,4),(3,3),(1.5707963267949,2.35619449019234,
3.14159265358979),(0.,1.),.UNSPECIFIED.)
GEOMETRIC_REPRESENTATION_ITEM()
RATIONAL_B_SPLINE_SURFACE(((1.,0.707106781186548,1.),(1.,0.641656763249449,
1.),(1.,0.487829893461199,1.),(1.,0.382683449828176,1.),(1.,0.38268343236509,
1.)))
REPRESENTATION_ITEM('')
SURFACE()
);
#61=(
BOUNDED_SURFACE()
B_SPLINE_SURFACE(3,2,((#17759,#17760,#17761),(#17762,#17763,#17764),(#17765,
#17766,#17767),(#17768,#17769,#17770),(#17771,#17772,#17773)),
 .UNSPECIFIED.,.F.,.F.,.F.)
B_SPLINE_SURFACE_WITH_KNOTS((4,1,4),(3,3),(1.57194340642116E-15,0.78539816339745,
1.5707963267949),(0.,1.),.UNSPECIFIED.)
GEOMETRIC_REPRESENTATION_ITEM()
RATIONAL_B_SPLINE_SURFACE(((1.,0.38268343236509,1.),(1.,0.382683449828176,
1.),(1.,0.487829893461199,1.),(1.,0.641656763249449,1.),(1.,0.707106781186548,
1.)))
REPRESENTATION_ITEM('')
SURFACE()
);
#62=(
BOUNDED_SURFACE()
B_SPLINE_SURFACE(3,3,((#17812,#17813,#17814,#17815),(#17816,#17817,#17818,
#17819),(#17820,#17821,#17822,#17823),(#17824,#17825,#17826,#17827)),
 .SURF_OF_REVOLUTION.,.F.,.F.,.F.)
B_SPLINE_SURFACE_WITH_KNOTS((4,4),(4,4),(0.000124271080160647,0.00033438375380738),
(0.,1.),.PIECEWISE_BEZIER_KNOTS.)
GEOMETRIC_REPRESENTATION_ITEM()
RATIONAL_B_SPLINE_SURFACE(((1.,0.785704660903571,0.785704660903571,1.),
(1.,0.785704660903571,0.785704660903571,1.),(1.,0.785704660903571,0.785704660903571,
1.),(1.,0.785704660903571,0.785704660903571,1.)))
REPRESENTATION_ITEM('')
SURFACE()
);
#63=(
BOUNDED_SURFACE()
B_SPLINE_SURFACE(3,2,((#17870,#17871,#17872),(#17873,#17874,#17875),(#17876,
#17877,#17878),(#17879,#17880,#17881)),.UNSPECIFIED.,.F.,.F.,.F.)
B_SPLINE_SURFACE_WITH_KNOTS((4,4),(3,3),(0.785398163397426,1.5707963267949),
(0.,1.),.PIECEWISE_BEZIER_KNOTS.)
GEOMETRIC_REPRESENTATION_ITEM()
RATIONAL_B_SPLINE_SURFACE(((1.,0.86602540378445,1.),(1.,0.828237829173728,
1.),(1.,0.772556798037056,1.),(1.,0.707106781186548,1.)))
REPRESENTATION_ITEM('')
SURFACE()
);
#64=(
BOUNDED_SURFACE()
B_SPLINE_SURFACE(3,2,((#18280,#18281,#18282),(#18283,#18284,#18285),(#18286,
#18287,#18288),(#18289,#18290,#18291)),.UNSPECIFIED.,.F.,.F.,.F.)
B_SPLINE_SURFACE_WITH_KNOTS((4,4),(3,3),(1.5707963267949,3.14159265358979),
(0.,1.),.PIECEWISE_BEZIER_KNOTS.)
GEOMETRIC_REPRESENTATION_ITEM()
RATIONAL_B_SPLINE_SURFACE(((1.,0.707106781186513,1.),(1.,0.838007078537074,
1.),(1.,0.923879529701473,1.),(1.,0.923879532511283,1.)))
REPRESENTATION_ITEM('')
SURFACE()
);
#65=(
BOUNDED_SURFACE()
B_SPLINE_SURFACE(3,2,((#18301,#18302,#18303),(#18304,#18305,#18306),(#18307,
#18308,#18309),(#18310,#18311,#18312),(#18313,#18314,#18315)),
 .UNSPECIFIED.,.F.,.F.,.F.)
B_SPLINE_SURFACE_WITH_KNOTS((4,1,4),(3,3),(1.79757332066308E-17,0.000116263244607081,
0.000232526489214145),(0.,1.),.UNSPECIFIED.)
GEOMETRIC_REPRESENTATION_ITEM()
RATIONAL_B_SPLINE_SURFACE(((1.,0.707106781186364,1.),(1.,0.776059130662338,
1.),(1.,0.89371246171268,1.),(1.,0.981324308837598,1.),(1.,0.964322716614636,
1.)))
REPRESENTATION_ITEM('')
SURFACE()
);
#66=(
BOUNDED_SURFACE()
B_SPLINE_SURFACE(3,2,((#18358,#18359,#18360),(#18361,#18362,#18363),(#18364,
#18365,#18366),(#18367,#18368,#18369)),.UNSPECIFIED.,.F.,.F.,.F.)
B_SPLINE_SURFACE_WITH_KNOTS((4,4),(3,3),(-8.88178419700125E-16,1.5707963267949),
(0.,1.),.PIECEWISE_BEZIER_KNOTS.)
GEOMETRIC_REPRESENTATION_ITEM()
RATIONAL_B_SPLINE_SURFACE(((1.,0.923879532511283,1.),(1.,0.923879529701473,
1.),(1.,0.838007078534205,1.),(1.,0.70710678118653,1.)))
REPRESENTATION_ITEM('')
SURFACE()
);
#67=(
BOUNDED_SURFACE()
B_SPLINE_SURFACE(3,2,((#18379,#18380,#18381),(#18382,#18383,#18384),(#18385,
#18386,#18387),(#18388,#18389,#18390),(#18391,#18392,#18393)),
 .UNSPECIFIED.,.F.,.F.,.F.)
B_SPLINE_SURFACE_WITH_KNOTS((4,1,4),(3,3),(-3.38135552543917E-18,0.000117283705291483,
0.000234567410582969),(0.,1.),.UNSPECIFIED.)
GEOMETRIC_REPRESENTATION_ITEM()
RATIONAL_B_SPLINE_SURFACE(((1.,0.96432271661469,1.),(1.,0.981352911837612,
1.),(1.,0.893884270287276,1.),(1.,0.775509924697884,1.),(1.,0.707106781186548,
1.)))
REPRESENTATION_ITEM('')
SURFACE()
);
#68=(
BOUNDED_SURFACE()
B_SPLINE_SURFACE(3,2,((#18413,#18414,#18415),(#18416,#18417,#18418),(#18419,
#18420,#18421),(#18422,#18423,#18424)),.UNSPECIFIED.,.F.,.F.,.F.)
B_SPLINE_SURFACE_WITH_KNOTS((4,4),(3,3),(-2.80808362673746E-17,0.000315239334981972),
(0.,1.),.PIECEWISE_BEZIER_KNOTS.)
GEOMETRIC_REPRESENTATION_ITEM()
RATIONAL_B_SPLINE_SURFACE(((1.,0.827122574209087,1.),(1.,0.855567612158053,
1.),(1.,0.88183260237007,1.),(1.,0.903254253925092,1.)))
REPRESENTATION_ITEM('')
SURFACE()
);
#69=(
BOUNDED_SURFACE()
B_SPLINE_SURFACE(3,2,((#18639,#18640,#18641),(#18642,#18643,#18644),(#18645,
#18646,#18647),(#18648,#18649,#18650),(#18651,#18652,#18653)),
 .UNSPECIFIED.,.F.,.F.,.F.)
B_SPLINE_SURFACE_WITH_KNOTS((4,1,4),(3,3),(4.71238898038469,5.49778714378214,
6.28318530717959),(0.,1.),.UNSPECIFIED.)
GEOMETRIC_REPRESENTATION_ITEM()
RATIONAL_B_SPLINE_SURFACE(((1.,0.707106781186499,1.),(1.,0.641656763254859,
1.),(1.,0.487829893458429,1.),(1.,0.382683449828307,1.),(1.,0.38268343236509,
1.)))
REPRESENTATION_ITEM('')
SURFACE()
);
#70=(
BOUNDED_SURFACE()
B_SPLINE_SURFACE(3,2,((#18671,#18672,#18673),(#18674,#18675,#18676),(#18677,
#18678,#18679),(#18680,#18681,#18682),(#18683,#18684,#18685)),
 .UNSPECIFIED.,.F.,.F.,.F.)
B_SPLINE_SURFACE_WITH_KNOTS((4,1,4),(3,3),(3.14159265358979,3.92699081698724,
4.71238898038469),(0.,1.),.UNSPECIFIED.)
GEOMETRIC_REPRESENTATION_ITEM()
RATIONAL_B_SPLINE_SURFACE(((1.,0.38268343236509,1.),(1.,0.382683449828307,
1.),(1.,0.487829893458429,1.),(1.,0.641656763254859,1.),(1.,0.707106781186499,
1.)))
REPRESENTATION_ITEM('')
SURFACE()
);
#71=(
BOUNDED_SURFACE()
B_SPLINE_SURFACE(3,2,((#18770,#18771,#18772),(#18773,#18774,#18775),(#18776,
#18777,#18778),(#18779,#18780,#18781),(#18782,#18783,#18784)),
 .UNSPECIFIED.,.F.,.F.,.F.)
B_SPLINE_SURFACE_WITH_KNOTS((4,1,4),(3,3),(1.5707963267949,2.35619449019234,
3.14159265358979),(0.,1.),.UNSPECIFIED.)
GEOMETRIC_REPRESENTATION_ITEM()
RATIONAL_B_SPLINE_SURFACE(((1.,0.707106781186548,1.),(1.,0.641656763249449,
1.),(1.,0.487829893461199,1.),(1.,0.382683449828176,1.),(1.,0.38268343236509,
1.)))
REPRESENTATION_ITEM('')
SURFACE()
);
#72=(
BOUNDED_SURFACE()
B_SPLINE_SURFACE(3,2,((#18800,#18801,#18802),(#18803,#18804,#18805),(#18806,
#18807,#18808),(#18809,#18810,#18811),(#18812,#18813,#18814)),
 .UNSPECIFIED.,.F.,.F.,.F.)
B_SPLINE_SURFACE_WITH_KNOTS((4,1,4),(3,3),(1.57194340642116E-15,0.78539816339745,
1.5707963267949),(0.,1.),.UNSPECIFIED.)
GEOMETRIC_REPRESENTATION_ITEM()
RATIONAL_B_SPLINE_SURFACE(((1.,0.38268343236509,1.),(1.,0.382683449828176,
1.),(1.,0.487829893461199,1.),(1.,0.641656763249449,1.),(1.,0.707106781186548,
1.)))
REPRESENTATION_ITEM('')
SURFACE()
);
#73=(
BOUNDED_SURFACE()
B_SPLINE_SURFACE(3,2,((#19349,#19350,#19351),(#19352,#19353,#19354),(#19355,
#19356,#19357),(#19358,#19359,#19360)),.UNSPECIFIED.,.F.,.F.,.F.)
B_SPLINE_SURFACE_WITH_KNOTS((4,4),(3,3),(1.5707963267949,3.14159265358979),
(0.,1.),.PIECEWISE_BEZIER_KNOTS.)
GEOMETRIC_REPRESENTATION_ITEM()
RATIONAL_B_SPLINE_SURFACE(((1.,0.707106781186513,1.),(1.,0.838007078537074,
1.),(1.,0.923879529701473,1.),(1.,0.923879532511283,1.)))
REPRESENTATION_ITEM('')
SURFACE()
);
#74=(
BOUNDED_SURFACE()
B_SPLINE_SURFACE(3,2,((#19370,#19371,#19372),(#19373,#19374,#19375),(#19376,
#19377,#19378),(#19379,#19380,#19381),(#19382,#19383,#19384)),
 .UNSPECIFIED.,.F.,.F.,.F.)
B_SPLINE_SURFACE_WITH_KNOTS((4,1,4),(3,3),(1.79757332066308E-17,0.000116263244607081,
0.000232526489214145),(0.,1.),.UNSPECIFIED.)
GEOMETRIC_REPRESENTATION_ITEM()
RATIONAL_B_SPLINE_SURFACE(((1.,0.707106781186364,1.),(1.,0.776059130662338,
1.),(1.,0.89371246171268,1.),(1.,0.981324308837598,1.),(1.,0.964322716614636,
1.)))
REPRESENTATION_ITEM('')
SURFACE()
);
#75=(
BOUNDED_SURFACE()
B_SPLINE_SURFACE(3,2,((#19427,#19428,#19429),(#19430,#19431,#19432),(#19433,
#19434,#19435),(#19436,#19437,#19438)),.UNSPECIFIED.,.F.,.F.,.F.)
B_SPLINE_SURFACE_WITH_KNOTS((4,4),(3,3),(-8.88178419700125E-16,1.5707963267949),
(0.,1.),.PIECEWISE_BEZIER_KNOTS.)
GEOMETRIC_REPRESENTATION_ITEM()
RATIONAL_B_SPLINE_SURFACE(((1.,0.923879532511283,1.),(1.,0.923879529701473,
1.),(1.,0.838007078534205,1.),(1.,0.70710678118653,1.)))
REPRESENTATION_ITEM('')
SURFACE()
);
#76=(
BOUNDED_SURFACE()
B_SPLINE_SURFACE(3,2,((#19448,#19449,#19450),(#19451,#19452,#19453),(#19454,
#19455,#19456),(#19457,#19458,#19459),(#19460,#19461,#19462)),
 .UNSPECIFIED.,.F.,.F.,.F.)
B_SPLINE_SURFACE_WITH_KNOTS((4,1,4),(3,3),(-3.38135552543917E-18,0.000117283705291483,
0.000234567410582969),(0.,1.),.UNSPECIFIED.)
GEOMETRIC_REPRESENTATION_ITEM()
RATIONAL_B_SPLINE_SURFACE(((1.,0.96432271661469,1.),(1.,0.981352911837612,
1.),(1.,0.893884270287276,1.),(1.,0.775509924697884,1.),(1.,0.707106781186548,
1.)))
REPRESENTATION_ITEM('')
SURFACE()
);
#77=(
BOUNDED_SURFACE()
B_SPLINE_SURFACE(3,2,((#19632,#19633,#19634),(#19635,#19636,#19637),(#19638,
#19639,#19640),(#19641,#19642,#19643),(#19644,#19645,#19646)),
 .UNSPECIFIED.,.F.,.F.,.F.)
B_SPLINE_SURFACE_WITH_KNOTS((4,1,4),(3,3),(4.71238898038469,5.49778714378214,
6.28318530717959),(0.,1.),.UNSPECIFIED.)
GEOMETRIC_REPRESENTATION_ITEM()
RATIONAL_B_SPLINE_SURFACE(((1.,0.707106781186499,1.),(1.,0.641656763254859,
1.),(1.,0.487829893458429,1.),(1.,0.382683449828307,1.),(1.,0.38268343236509,
1.)))
REPRESENTATION_ITEM('')
SURFACE()
);
#78=(
BOUNDED_SURFACE()
B_SPLINE_SURFACE(3,2,((#19664,#19665,#19666),(#19667,#19668,#19669),(#19670,
#19671,#19672),(#19673,#19674,#19675),(#19676,#19677,#19678)),
 .UNSPECIFIED.,.F.,.F.,.F.)
B_SPLINE_SURFACE_WITH_KNOTS((4,1,4),(3,3),(3.14159265358979,3.92699081698724,
4.71238898038469),(0.,1.),.UNSPECIFIED.)
GEOMETRIC_REPRESENTATION_ITEM()
RATIONAL_B_SPLINE_SURFACE(((1.,0.38268343236509,1.),(1.,0.382683449828307,
1.),(1.,0.487829893458429,1.),(1.,0.641656763254859,1.),(1.,0.707106781186499,
1.)))
REPRESENTATION_ITEM('')
SURFACE()
);
#79=(
BOUNDED_SURFACE()
B_SPLINE_SURFACE(3,2,((#19763,#19764,#19765),(#19766,#19767,#19768),(#19769,
#19770,#19771),(#19772,#19773,#19774),(#19775,#19776,#19777)),
 .UNSPECIFIED.,.F.,.F.,.F.)
B_SPLINE_SURFACE_WITH_KNOTS((4,1,4),(3,3),(1.5707963267949,2.35619449019234,
3.14159265358979),(0.,1.),.UNSPECIFIED.)
GEOMETRIC_REPRESENTATION_ITEM()
RATIONAL_B_SPLINE_SURFACE(((1.,0.707106781186548,1.),(1.,0.641656763249449,
1.),(1.,0.487829893461199,1.),(1.,0.382683449828176,1.),(1.,0.38268343236509,
1.)))
REPRESENTATION_ITEM('')
SURFACE()
);
#80=(
BOUNDED_SURFACE()
B_SPLINE_SURFACE(3,2,((#19793,#19794,#19795),(#19796,#19797,#19798),(#19799,
#19800,#19801),(#19802,#19803,#19804),(#19805,#19806,#19807)),
 .UNSPECIFIED.,.F.,.F.,.F.)
B_SPLINE_SURFACE_WITH_KNOTS((4,1,4),(3,3),(1.57194340642116E-15,0.78539816339745,
1.5707963267949),(0.,1.),.UNSPECIFIED.)
GEOMETRIC_REPRESENTATION_ITEM()
RATIONAL_B_SPLINE_SURFACE(((1.,0.38268343236509,1.),(1.,0.382683449828176,
1.),(1.,0.487829893461199,1.),(1.,0.641656763249449,1.),(1.,0.707106781186548,
1.)))
REPRESENTATION_ITEM('')
SURFACE()
);
#81=TOROIDAL_SURFACE('',#11165,0.000562132034356031,5.E-5);
#82=TOROIDAL_SURFACE('',#11175,0.0009,0.0001);
#83=TOROIDAL_SURFACE('',#11179,0.0008,0.0001);
#84=TOROIDAL_SURFACE('',#11183,0.00073733877954175,0.000100001710637833);
#85=TOROIDAL_SURFACE('',#11184,0.00106409258758883,0.000101322265017633);
#86=TOROIDAL_SURFACE('',#11188,0.0004,0.0001);
#87=TOROIDAL_SURFACE('',#11192,0.0004,0.0001);
#88=TOROIDAL_SURFACE('',#11202,0.0009,0.0001);
#89=TOROIDAL_SURFACE('',#11206,0.0008,0.0001);
#90=TOROIDAL_SURFACE('',#11210,0.000737338779421413,0.000100001710636331);
#91=TOROIDAL_SURFACE('',#11211,0.00109177444608366,0.00010000425518588);
#92=TOROIDAL_SURFACE('',#11212,0.0016949745013549,0.000100001921613785);
#93=TOROIDAL_SURFACE('',#11215,0.0004,0.0001);
#94=TOROIDAL_SURFACE('',#11219,0.0004,0.0001);
#95=TOROIDAL_SURFACE('',#11276,0.0009,0.0001);
#96=TOROIDAL_SURFACE('',#11283,0.000352176084291485,0.000256545176226222);
#97=TOROIDAL_SURFACE('',#11291,0.0002,0.0001);
#98=TOROIDAL_SURFACE('',#11296,0.0002,0.0001);
#99=TOROIDAL_SURFACE('',#11300,0.0002,0.0001);
#100=TOROIDAL_SURFACE('',#11317,0.0009,0.0001);
#101=TOROIDAL_SURFACE('',#11335,0.0002,0.0001);
#102=TOROIDAL_SURFACE('',#11340,0.000300000000000005,0.0001);
#103=TOROIDAL_SURFACE('',#11342,0.000357186988409551,9.9993633040823E-5);
#104=TOROIDAL_SURFACE('',#11343,0.000352176084194637,0.000256545177357547);
#105=TOROIDAL_SURFACE('',#11349,0.000300000000000005,0.0001);
#106=TOROIDAL_SURFACE('',#11353,0.000357186988409601,9.99936330408357E-5);
#107=TOROIDAL_SURFACE('',#11361,0.0005,0.0005);
#108=TOROIDAL_SURFACE('',#11409,0.0008,0.0002);
#109=TOROIDAL_SURFACE('',#11416,0.0003,0.0002);
#110=TOROIDAL_SURFACE('',#11418,0.0003,0.0002);
#111=TOROIDAL_SURFACE('',#11424,0.0003,0.0002);
#112=TOROIDAL_SURFACE('',#11528,0.000562132034356031,5.E-5);
#113=TOROIDAL_SURFACE('',#11538,0.0009,0.0001);
#114=TOROIDAL_SURFACE('',#11542,0.0008,0.0001);
#115=TOROIDAL_SURFACE('',#11546,0.000737338780392026,0.000100001710638031);
#116=TOROIDAL_SURFACE('',#11547,0.0010917744460882,0.000100004255185726);
#117=TOROIDAL_SURFACE('',#11551,0.0004,0.0001);
#118=TOROIDAL_SURFACE('',#11555,0.0004,0.0001);
#119=TOROIDAL_SURFACE('',#11565,0.0009,0.0001);
#120=TOROIDAL_SURFACE('',#11569,0.0008,0.0001);
#121=TOROIDAL_SURFACE('',#11573,0.000737338779421265,0.000100001710636337);
#122=TOROIDAL_SURFACE('',#11574,0.00106409258758881,0.000101322265017624);
#123=TOROIDAL_SURFACE('',#11575,0.00169497450140366,0.000100001921614262);
#124=TOROIDAL_SURFACE('',#11578,0.0004,0.0001);
#125=TOROIDAL_SURFACE('',#11582,0.0004,0.0001);
#126=TOROIDAL_SURFACE('',#11621,0.0009,0.0001);
#127=TOROIDAL_SURFACE('',#11628,0.000352176084291522,0.000256545176226248);
#128=TOROIDAL_SURFACE('',#11637,0.0002,0.0001);
#129=TOROIDAL_SURFACE('',#11642,0.0002,0.0001);
#130=TOROIDAL_SURFACE('',#11646,0.0002,0.0001);
#131=TOROIDAL_SURFACE('',#11663,0.0009,0.0001);
#132=TOROIDAL_SURFACE('',#11681,0.0002,0.0001);
#133=TOROIDAL_SURFACE('',#11686,0.000300000000000005,0.0001);
#134=TOROIDAL_SURFACE('',#11694,0.000300000000000005,0.0001);
#135=TOROIDAL_SURFACE('',#11707,0.0005,0.0005);
#136=TOROIDAL_SURFACE('',#11753,0.0008,0.0002);
#137=TOROIDAL_SURFACE('',#11760,0.0003,0.0002);
#138=TOROIDAL_SURFACE('',#11762,0.0003,0.0002);
#139=TOROIDAL_SURFACE('',#11768,0.0003,0.0002);
#140=TOROIDAL_SURFACE('',#11819,0.000562132034356031,5.E-5);
#141=TOROIDAL_SURFACE('',#11829,0.0009,0.0001);
#142=TOROIDAL_SURFACE('',#11833,0.0008,0.0001);
#143=TOROIDAL_SURFACE('',#11837,0.000737338779421216,0.000100001710636345);
#144=TOROIDAL_SURFACE('',#11838,0.0010640925835348,0.000101322265095975);
#145=TOROIDAL_SURFACE('',#11839,0.00169497450140364,0.000100001921614248);
#146=TOROIDAL_SURFACE('',#11842,0.0004,0.0001);
#147=TOROIDAL_SURFACE('',#11846,0.0004,0.0001);
#148=TOROIDAL_SURFACE('',#11856,0.0009,0.0001);
#149=TOROIDAL_SURFACE('',#11860,0.0008,0.0001);
#150=TOROIDAL_SURFACE('',#11864,0.000737338780393906,0.000100001710638045);
#151=TOROIDAL_SURFACE('',#11865,0.0016949744993937,0.000100001921614258);
#152=TOROIDAL_SURFACE('',#11868,0.0004,0.0001);
#153=TOROIDAL_SURFACE('',#11872,0.0004,0.0001);
#154=TOROIDAL_SURFACE('',#11920,0.0009,0.0001);
#155=TOROIDAL_SURFACE('',#11927,0.000352176084196737,0.000256545177332372);
#156=TOROIDAL_SURFACE('',#11935,0.0002,0.0001);
#157=TOROIDAL_SURFACE('',#11940,0.0002,0.0001);
#158=TOROIDAL_SURFACE('',#11944,0.0002,0.0001);
#159=TOROIDAL_SURFACE('',#11961,0.0009,0.0001);
#160=TOROIDAL_SURFACE('',#11979,0.0002,0.0001);
#161=TOROIDAL_SURFACE('',#11984,0.000300000000000005,0.0001);
#162=TOROIDAL_SURFACE('',#11986,0.000755521167272542,0.000662770100545712);
#163=TOROIDAL_SURFACE('',#11987,0.000352176084212229,0.000256545176741425);
#164=TOROIDAL_SURFACE('',#11993,0.000300000000000005,0.0001);
#165=TOROIDAL_SURFACE('',#11997,0.000357186988409615,9.99936330408319E-5);
#166=TOROIDAL_SURFACE('',#12005,0.0005,0.0005);
#167=TOROIDAL_SURFACE('',#12052,0.0008,0.0002);
#168=TOROIDAL_SURFACE('',#12059,0.0003,0.0002);
#169=TOROIDAL_SURFACE('',#12061,0.0003,0.0002);
#170=TOROIDAL_SURFACE('',#12067,0.0003,0.0002);
#171=TOROIDAL_SURFACE('',#12134,0.000562132034356031,5.E-5);
#172=TOROIDAL_SURFACE('',#12144,0.0009,0.0001);
#173=TOROIDAL_SURFACE('',#12148,0.0008,0.0001);
#174=TOROIDAL_SURFACE('',#12152,0.000737338779539607,0.000100001710637798);
#175=TOROIDAL_SURFACE('',#12153,0.00106409258353484,0.000101322265095954);
#176=TOROIDAL_SURFACE('',#12154,0.00169497450135493,0.00010000192161378);
#177=TOROIDAL_SURFACE('',#12157,0.0004,0.0001);
#178=TOROIDAL_SURFACE('',#12161,0.0004,0.0001);
#179=TOROIDAL_SURFACE('',#12171,0.0009,0.0001);
#180=TOROIDAL_SURFACE('',#12175,0.0008,0.0001);
#181=TOROIDAL_SURFACE('',#12179,0.000737338779539485,0.000100001710637797);
#182=TOROIDAL_SURFACE('',#12180,0.00109177444608384,0.00010000425518589);
#183=TOROIDAL_SURFACE('',#12181,0.00169497450140363,0.000100001921614258);
#184=TOROIDAL_SURFACE('',#12184,0.0004,0.0001);
#185=TOROIDAL_SURFACE('',#12188,0.0004,0.0001);
#186=TOROIDAL_SURFACE('',#12227,0.0009,0.0001);
#187=TOROIDAL_SURFACE('',#12234,0.000352176084291449,0.000256545176226151);
#188=TOROIDAL_SURFACE('',#12242,0.0002,0.0001);
#189=TOROIDAL_SURFACE('',#12247,0.0002,0.0001);
#190=TOROIDAL_SURFACE('',#12251,0.0002,0.0001);
#191=TOROIDAL_SURFACE('',#12268,0.0009,0.0001);
#192=TOROIDAL_SURFACE('',#12286,0.0002,0.0001);
#193=TOROIDAL_SURFACE('',#12291,0.000300000000000005,0.0001);
#194=TOROIDAL_SURFACE('',#12293,0.000755521167272669,0.000662770100545831);
#195=TOROIDAL_SURFACE('',#12300,0.000300000000000005,0.0001);
#196=TOROIDAL_SURFACE('',#12304,0.00075552116727245,0.000662770100545618);
#197=TOROIDAL_SURFACE('',#12312,0.0005,0.0005);
#198=TOROIDAL_SURFACE('',#12359,0.0008,0.0002);
#199=TOROIDAL_SURFACE('',#12366,0.0003,0.0002);
#200=TOROIDAL_SURFACE('',#12368,0.0003,0.0002);
#201=TOROIDAL_SURFACE('',#12374,0.0003,0.0002);
#202=B_SPLINE_CURVE_WITH_KNOTS('',3,(#15803,#15804,#15805,#15806),
 .UNSPECIFIED.,.F.,.F.,(4,4),(0.,1.),.UNSPECIFIED.);
#203=B_SPLINE_CURVE_WITH_KNOTS('',3,(#15810,#15811,#15812,#15813),
 .UNSPECIFIED.,.F.,.F.,(4,4),(0.,1.),.UNSPECIFIED.);
#204=B_SPLINE_CURVE_WITH_KNOTS('',3,(#15816,#15817,#15818,#15819),
 .UNSPECIFIED.,.F.,.F.,(4,4),(0.,1.),.UNSPECIFIED.);
#205=B_SPLINE_CURVE_WITH_KNOTS('',3,(#15820,#15821,#15822,#15823,#15824),
 .UNSPECIFIED.,.F.,.F.,(4,1,4),(0.,0.5,1.),.UNSPECIFIED.);
#206=B_SPLINE_CURVE_WITH_KNOTS('',3,(#15826,#15827,#15828,#15829),
 .UNSPECIFIED.,.F.,.F.,(4,4),(0.,1.),.UNSPECIFIED.);
#207=B_SPLINE_CURVE_WITH_KNOTS('',3,(#15833,#15834,#15835,#15836),
 .UNSPECIFIED.,.F.,.F.,(4,4),(0.,1.),.UNSPECIFIED.);
#208=B_SPLINE_CURVE_WITH_KNOTS('',3,(#15842,#15843,#15844,#15845),
 .UNSPECIFIED.,.F.,.F.,(4,4),(0.,1.),.UNSPECIFIED.);
#209=B_SPLINE_CURVE_WITH_KNOTS('',3,(#15852,#15853,#15854,#15855),
 .UNSPECIFIED.,.F.,.F.,(4,4),(6.93889390390723E-18,0.000379524288001859),
 .UNSPECIFIED.);
#210=B_SPLINE_CURVE_WITH_KNOTS('',3,(#15856,#15857,#15858,#15859),
 .UNSPECIFIED.,.F.,.F.,(4,4),(0.,0.000384788563315316),.UNSPECIFIED.);
#211=B_SPLINE_CURVE_WITH_KNOTS('',3,(#15964,#15965,#15966,#15967),
 .UNSPECIFIED.,.F.,.F.,(4,4),(0.,1.),.UNSPECIFIED.);
#212=B_SPLINE_CURVE_WITH_KNOTS('',3,(#15975,#15976,#15977,#15978,#15979),
 .UNSPECIFIED.,.F.,.F.,(4,1,4),(0.,0.000126418695378177,0.000252837390756354),
 .UNSPECIFIED.);
#213=B_SPLINE_CURVE_WITH_KNOTS('',3,(#15982,#15983,#15984,#15985),
 .UNSPECIFIED.,.F.,.F.,(4,4),(0.,1.),.UNSPECIFIED.);
#214=B_SPLINE_CURVE_WITH_KNOTS('',3,(#15991,#15992,#15993,#15994),
 .UNSPECIFIED.,.F.,.F.,(4,4),(0.,1.),.UNSPECIFIED.);
#215=B_SPLINE_CURVE_WITH_KNOTS('',3,(#16002,#16003,#16004,#16005),
 .UNSPECIFIED.,.F.,.F.,(4,4),(0.,1.),.UNSPECIFIED.);
#216=B_SPLINE_CURVE_WITH_KNOTS('',3,(#16007,#16008,#16009,#16010,#16011),
 .UNSPECIFIED.,.F.,.F.,(4,1,4),(0.,0.000128960914813068,0.000257921829626137),
 .UNSPECIFIED.);
#217=B_SPLINE_CURVE_WITH_KNOTS('',3,(#16017,#16018,#16019,#16020),
 .UNSPECIFIED.,.F.,.F.,(4,4),(0.,1.),.UNSPECIFIED.);
#218=B_SPLINE_CURVE_WITH_KNOTS('',3,(#16023,#16024,#16025,#16026),
 .UNSPECIFIED.,.F.,.F.,(4,4),(0.,1.),.UNSPECIFIED.);
#219=B_SPLINE_CURVE_WITH_KNOTS('',3,(#16028,#16029,#16030,#16031),
 .UNSPECIFIED.,.F.,.F.,(4,4),(0.,1.),.UNSPECIFIED.);
#220=B_SPLINE_CURVE_WITH_KNOTS('',3,(#16079,#16080,#16081,#16082),
 .UNSPECIFIED.,.F.,.F.,(4,4),(0.,1.),.UNSPECIFIED.);
#221=B_SPLINE_CURVE_WITH_KNOTS('',3,(#16084,#16085,#16086,#16087),
 .UNSPECIFIED.,.F.,.F.,(4,4),(0.,1.),.UNSPECIFIED.);
#222=B_SPLINE_CURVE_WITH_KNOTS('',3,(#16089,#16090,#16091,#16092),
 .UNSPECIFIED.,.F.,.F.,(4,4),(0.,1.),.UNSPECIFIED.);
#223=B_SPLINE_CURVE_WITH_KNOTS('',3,(#16094,#16095,#16096,#16097),
 .UNSPECIFIED.,.F.,.F.,(4,4),(0.,1.),.UNSPECIFIED.);
#224=B_SPLINE_CURVE_WITH_KNOTS('',3,(#16099,#16100,#16101,#16102),
 .UNSPECIFIED.,.F.,.F.,(4,4),(0.,1.),.UNSPECIFIED.);
#225=B_SPLINE_CURVE_WITH_KNOTS('',3,(#16165,#16166,#16167,#16168),
 .UNSPECIFIED.,.F.,.F.,(4,4),(0.,1.),.UNSPECIFIED.);
#226=B_SPLINE_CURVE_WITH_KNOTS('',3,(#16170,#16171,#16172,#16173),
 .UNSPECIFIED.,.F.,.F.,(4,4),(0.,1.),.UNSPECIFIED.);
#227=B_SPLINE_CURVE_WITH_KNOTS('',3,(#16175,#16176,#16177,#16178),
 .UNSPECIFIED.,.F.,.F.,(4,4),(0.,1.),.UNSPECIFIED.);
#228=B_SPLINE_CURVE_WITH_KNOTS('',3,(#16180,#16181,#16182,#16183),
 .UNSPECIFIED.,.F.,.F.,(4,4),(0.,1.),.UNSPECIFIED.);
#229=B_SPLINE_CURVE_WITH_KNOTS('',3,(#16185,#16186,#16187,#16188),
 .UNSPECIFIED.,.F.,.F.,(4,4),(0.,1.),.UNSPECIFIED.);
#230=B_SPLINE_CURVE_WITH_KNOTS('',3,(#16190,#16191,#16192,#16193),
 .UNSPECIFIED.,.F.,.F.,(4,4),(0.,1.),.UNSPECIFIED.);
#231=B_SPLINE_CURVE_WITH_KNOTS('',3,(#16518,#16519,#16520,#16521),
 .UNSPECIFIED.,.F.,.F.,(4,4),(0.,1.),.UNSPECIFIED.);
#232=B_SPLINE_CURVE_WITH_KNOTS('',3,(#16524,#16525,#16526,#16527),
 .UNSPECIFIED.,.F.,.F.,(4,4),(0.,1.),.UNSPECIFIED.);
#233=B_SPLINE_CURVE_WITH_KNOTS('',3,(#16529,#16530,#16531,#16532),
 .UNSPECIFIED.,.F.,.F.,(4,4),(0.,1.),.UNSPECIFIED.);
#234=B_SPLINE_CURVE_WITH_KNOTS('',3,(#16542,#16543,#16544,#16545),
 .UNSPECIFIED.,.F.,.F.,(4,4),(0.,1.),.UNSPECIFIED.);
#235=B_SPLINE_CURVE_WITH_KNOTS('',3,(#16675,#16676,#16677,#16678),
 .UNSPECIFIED.,.F.,.F.,(4,4),(0.,1.),.UNSPECIFIED.);
#236=B_SPLINE_CURVE_WITH_KNOTS('',3,(#16682,#16683,#16684,#16685),
 .UNSPECIFIED.,.F.,.F.,(4,4),(0.,1.),.UNSPECIFIED.);
#237=B_SPLINE_CURVE_WITH_KNOTS('',3,(#16687,#16688,#16689,#16690),
 .UNSPECIFIED.,.F.,.F.,(4,4),(0.,1.),.UNSPECIFIED.);
#238=B_SPLINE_CURVE_WITH_KNOTS('',3,(#16692,#16693,#16694,#16695),
 .UNSPECIFIED.,.F.,.F.,(4,4),(0.,1.),.UNSPECIFIED.);
#239=B_SPLINE_CURVE_WITH_KNOTS('',3,(#16697,#16698,#16699,#16700),
 .UNSPECIFIED.,.F.,.F.,(4,4),(0.,1.),.UNSPECIFIED.);
#240=B_SPLINE_CURVE_WITH_KNOTS('',3,(#16702,#16703,#16704,#16705),
 .UNSPECIFIED.,.F.,.F.,(4,4),(0.,1.),.UNSPECIFIED.);
#241=B_SPLINE_CURVE_WITH_KNOTS('',3,(#16721,#16722,#16723,#16724),
 .UNSPECIFIED.,.F.,.F.,(4,4),(0.,1.),.UNSPECIFIED.);
#242=B_SPLINE_CURVE_WITH_KNOTS('',3,(#16728,#16729,#16730,#16731),
 .UNSPECIFIED.,.F.,.F.,(4,4),(0.,1.),.UNSPECIFIED.);
#243=B_SPLINE_CURVE_WITH_KNOTS('',3,(#17072,#17073,#17074,#17075),
 .UNSPECIFIED.,.F.,.F.,(4,4),(0.,1.),.UNSPECIFIED.);
#244=B_SPLINE_CURVE_WITH_KNOTS('',3,(#17083,#17084,#17085,#17086),
 .UNSPECIFIED.,.F.,.F.,(4,4),(0.,1.),.UNSPECIFIED.);
#245=B_SPLINE_CURVE_WITH_KNOTS('',3,(#17091,#17092,#17093,#17094),
 .UNSPECIFIED.,.F.,.F.,(4,4),(0.,0.999998802180754),.UNSPECIFIED.);
#246=B_SPLINE_CURVE_WITH_KNOTS('',3,(#17096,#17097,#17098,#17099),
 .UNSPECIFIED.,.F.,.F.,(4,4),(0.,0.999999348636474),.UNSPECIFIED.);
#247=B_SPLINE_CURVE_WITH_KNOTS('',3,(#17100,#17101,#17102,#17103,#17104),
 .UNSPECIFIED.,.F.,.F.,(4,1,4),(0.,0.5,1.),.UNSPECIFIED.);
#248=B_SPLINE_CURVE_WITH_KNOTS('',3,(#17106,#17107,#17108,#17109),
 .UNSPECIFIED.,.F.,.F.,(4,4),(0.,1.),.UNSPECIFIED.);
#249=B_SPLINE_CURVE_WITH_KNOTS('',3,(#17114,#17115,#17116,#17117),
 .UNSPECIFIED.,.F.,.F.,(4,4),(0.,1.),.UNSPECIFIED.);
#250=B_SPLINE_CURVE_WITH_KNOTS('',3,(#17125,#17126,#17127,#17128),
 .UNSPECIFIED.,.F.,.F.,(4,4),(0.,0.000384788563315316),.UNSPECIFIED.);
#251=B_SPLINE_CURVE_WITH_KNOTS('',3,(#17129,#17130,#17131,#17132),
 .UNSPECIFIED.,.F.,.F.,(4,4),(6.93889390390723E-18,0.000379524288001859),
 .UNSPECIFIED.);
#252=B_SPLINE_CURVE_WITH_KNOTS('',3,(#17245,#17246,#17247,#17248,#17249),
 .UNSPECIFIED.,.F.,.F.,(4,1,4),(0.,0.000126418695378177,0.000252837390756354),
 .UNSPECIFIED.);
#253=B_SPLINE_CURVE_WITH_KNOTS('',3,(#17253,#17254,#17255,#17256),
 .UNSPECIFIED.,.F.,.F.,(4,4),(0.,1.),.UNSPECIFIED.);
#254=B_SPLINE_CURVE_WITH_KNOTS('',3,(#17267,#17268,#17269,#17270),
 .UNSPECIFIED.,.F.,.F.,(4,4),(0.,1.),.UNSPECIFIED.);
#255=B_SPLINE_CURVE_WITH_KNOTS('',3,(#17274,#17275,#17276,#17277,#17278),
 .UNSPECIFIED.,.F.,.F.,(4,1,4),(0.,0.000128960914813068,0.000257921829626137),
 .UNSPECIFIED.);
#256=B_SPLINE_CURVE_WITH_KNOTS('',3,(#17280,#17281,#17282,#17283),
 .UNSPECIFIED.,.F.,.F.,(4,4),(0.,1.),.UNSPECIFIED.);
#257=B_SPLINE_CURVE_WITH_KNOTS('',3,(#17286,#17287,#17288,#17289),
 .UNSPECIFIED.,.F.,.F.,(4,4),(5.36810635217673E-6,1.),.UNSPECIFIED.);
#258=B_SPLINE_CURVE_WITH_KNOTS('',3,(#17293,#17294,#17295,#17296),
 .UNSPECIFIED.,.F.,.F.,(4,4),(4.27109504889972E-5,1.),.UNSPECIFIED.);
#259=B_SPLINE_CURVE_WITH_KNOTS('',3,(#17299,#17300,#17301,#17302),
 .UNSPECIFIED.,.F.,.F.,(4,4),(0.,1.),.UNSPECIFIED.);
#260=B_SPLINE_CURVE_WITH_KNOTS('',3,(#17349,#17350,#17351,#17352),
 .UNSPECIFIED.,.F.,.F.,(4,4),(0.,1.),.UNSPECIFIED.);
#261=B_SPLINE_CURVE_WITH_KNOTS('',3,(#17354,#17355,#17356,#17357),
 .UNSPECIFIED.,.F.,.F.,(4,4),(0.,1.),.UNSPECIFIED.);
#262=B_SPLINE_CURVE_WITH_KNOTS('',3,(#17359,#17360,#17361,#17362),
 .UNSPECIFIED.,.F.,.F.,(4,4),(0.,1.),.UNSPECIFIED.);
#263=B_SPLINE_CURVE_WITH_KNOTS('',3,(#17364,#17365,#17366,#17367),
 .UNSPECIFIED.,.F.,.F.,(4,4),(0.,1.),.UNSPECIFIED.);
#264=B_SPLINE_CURVE_WITH_KNOTS('',3,(#17369,#17370,#17371,#17372),
 .UNSPECIFIED.,.F.,.F.,(4,4),(0.,1.),.UNSPECIFIED.);
#265=B_SPLINE_CURVE_WITH_KNOTS('',3,(#17435,#17436,#17437,#17438),
 .UNSPECIFIED.,.F.,.F.,(4,4),(0.,1.),.UNSPECIFIED.);
#266=B_SPLINE_CURVE_WITH_KNOTS('',3,(#17440,#17441,#17442,#17443),
 .UNSPECIFIED.,.F.,.F.,(4,4),(0.,1.),.UNSPECIFIED.);
#267=B_SPLINE_CURVE_WITH_KNOTS('',3,(#17445,#17446,#17447,#17448),
 .UNSPECIFIED.,.F.,.F.,(4,4),(0.,1.),.UNSPECIFIED.);
#268=B_SPLINE_CURVE_WITH_KNOTS('',3,(#17450,#17451,#17452,#17453),
 .UNSPECIFIED.,.F.,.F.,(4,4),(0.,1.),.UNSPECIFIED.);
#269=B_SPLINE_CURVE_WITH_KNOTS('',3,(#17455,#17456,#17457,#17458),
 .UNSPECIFIED.,.F.,.F.,(4,4),(0.,1.),.UNSPECIFIED.);
#270=B_SPLINE_CURVE_WITH_KNOTS('',3,(#17460,#17461,#17462,#17463),
 .UNSPECIFIED.,.F.,.F.,(4,4),(0.,1.),.UNSPECIFIED.);
#271=B_SPLINE_CURVE_WITH_KNOTS('',3,(#17652,#17653,#17654,#17655),
 .UNSPECIFIED.,.F.,.F.,(4,4),(0.,1.),.UNSPECIFIED.);
#272=B_SPLINE_CURVE_WITH_KNOTS('',3,(#17658,#17659,#17660,#17661),
 .UNSPECIFIED.,.F.,.F.,(4,4),(0.,1.),.UNSPECIFIED.);
#273=B_SPLINE_CURVE_WITH_KNOTS('',3,(#17663,#17664,#17665,#17666),
 .UNSPECIFIED.,.F.,.F.,(4,4),(0.,1.),.UNSPECIFIED.);
#274=B_SPLINE_CURVE_WITH_KNOTS('',3,(#17806,#17807,#17808,#17809),
 .UNSPECIFIED.,.F.,.F.,(4,4),(0.,0.997200333041578),.UNSPECIFIED.);
#275=B_SPLINE_CURVE_WITH_KNOTS('',3,(#17828,#17829,#17830,#17831),
 .UNSPECIFIED.,.F.,.F.,(4,4),(0.,1.),.UNSPECIFIED.);
#276=B_SPLINE_CURVE_WITH_KNOTS('',3,(#17833,#17834,#17835,#17836),
 .UNSPECIFIED.,.F.,.F.,(4,4),(0.,1.),.UNSPECIFIED.);
#277=B_SPLINE_CURVE_WITH_KNOTS('',3,(#17838,#17839,#17840,#17841),
 .UNSPECIFIED.,.F.,.F.,(4,4),(0.,1.),.UNSPECIFIED.);
#278=B_SPLINE_CURVE_WITH_KNOTS('',3,(#17843,#17844,#17845,#17846),
 .UNSPECIFIED.,.F.,.F.,(4,4),(0.,1.),.UNSPECIFIED.);
#279=B_SPLINE_CURVE_WITH_KNOTS('',3,(#17848,#17849,#17850,#17851),
 .UNSPECIFIED.,.F.,.F.,(4,4),(0.,1.),.UNSPECIFIED.);
#280=B_SPLINE_CURVE_WITH_KNOTS('',3,(#18029,#18030,#18031,#18032),
 .UNSPECIFIED.,.F.,.F.,(4,4),(0.,1.),.UNSPECIFIED.);
#281=B_SPLINE_CURVE_WITH_KNOTS('',3,(#18041,#18042,#18043,#18044),
 .UNSPECIFIED.,.F.,.F.,(4,4),(0.,1.),.UNSPECIFIED.);
#282=B_SPLINE_CURVE_WITH_KNOTS('',3,(#18048,#18049,#18050,#18051),
 .UNSPECIFIED.,.F.,.F.,(4,4),(0.,1.),.UNSPECIFIED.);
#283=B_SPLINE_CURVE_WITH_KNOTS('',3,(#18054,#18055,#18056,#18057),
 .UNSPECIFIED.,.F.,.F.,(4,4),(0.,1.),.UNSPECIFIED.);
#284=B_SPLINE_CURVE_WITH_KNOTS('',3,(#18058,#18059,#18060,#18061),
 .UNSPECIFIED.,.F.,.F.,(4,4),(0.,0.000344390036095542),.UNSPECIFIED.);
#285=B_SPLINE_CURVE_WITH_KNOTS('',3,(#18063,#18064,#18065,#18066),
 .UNSPECIFIED.,.F.,.F.,(4,4),(0.,1.),.UNSPECIFIED.);
#286=B_SPLINE_CURVE_WITH_KNOTS('',3,(#18070,#18071,#18072,#18073),
 .UNSPECIFIED.,.F.,.F.,(4,4),(0.,1.),.UNSPECIFIED.);
#287=B_SPLINE_CURVE_WITH_KNOTS('',3,(#18079,#18080,#18081,#18082),
 .UNSPECIFIED.,.F.,.F.,(4,4),(0.,1.),.UNSPECIFIED.);
#288=B_SPLINE_CURVE_WITH_KNOTS('',3,(#18089,#18090,#18091,#18092),
 .UNSPECIFIED.,.F.,.F.,(4,4),(6.93889390390723E-18,0.000379524288001859),
 .UNSPECIFIED.);
#289=B_SPLINE_CURVE_WITH_KNOTS('',3,(#18093,#18094,#18095,#18096),
 .UNSPECIFIED.,.F.,.F.,(4,4),(0.,0.000384788563315316),.UNSPECIFIED.);
#290=B_SPLINE_CURVE_WITH_KNOTS('',3,(#18209,#18210,#18211,#18212,#18213),
 .UNSPECIFIED.,.F.,.F.,(4,1,4),(0.,0.000126418695378177,0.000252837390756354),
 .UNSPECIFIED.);
#291=B_SPLINE_CURVE_WITH_KNOTS('',3,(#18216,#18217,#18218,#18219),
 .UNSPECIFIED.,.F.,.F.,(4,4),(0.,1.),.UNSPECIFIED.);
#292=B_SPLINE_CURVE_WITH_KNOTS('',3,(#18225,#18226,#18227,#18228),
 .UNSPECIFIED.,.F.,.F.,(4,4),(0.,1.),.UNSPECIFIED.);
#293=B_SPLINE_CURVE_WITH_KNOTS('',3,(#18236,#18237,#18238,#18239),
 .UNSPECIFIED.,.F.,.F.,(4,4),(0.,1.),.UNSPECIFIED.);
#294=B_SPLINE_CURVE_WITH_KNOTS('',3,(#18241,#18242,#18243,#18244,#18245),
 .UNSPECIFIED.,.F.,.F.,(4,1,4),(0.,0.000128960914813068,0.000257921829626137),
 .UNSPECIFIED.);
#295=B_SPLINE_CURVE_WITH_KNOTS('',3,(#18249,#18250,#18251,#18252),
 .UNSPECIFIED.,.F.,.F.,(4,4),(0.,1.),.UNSPECIFIED.);
#296=B_SPLINE_CURVE_WITH_KNOTS('',3,(#18254,#18255,#18256,#18257),
 .UNSPECIFIED.,.F.,.F.,(4,4),(0.,1.),.UNSPECIFIED.);
#297=B_SPLINE_CURVE_WITH_KNOTS('',3,(#18260,#18261,#18262,#18263),
 .UNSPECIFIED.,.F.,.F.,(4,4),(6.93889390390723E-18,0.000331741274212768),
 .UNSPECIFIED.);
#298=B_SPLINE_CURVE_WITH_KNOTS('',3,(#18265,#18266,#18267,#18268),
 .UNSPECIFIED.,.F.,.F.,(4,4),(0.,1.),.UNSPECIFIED.);
#299=B_SPLINE_CURVE_WITH_KNOTS('',3,(#18316,#18317,#18318,#18319),
 .UNSPECIFIED.,.F.,.F.,(4,4),(0.,1.),.UNSPECIFIED.);
#300=B_SPLINE_CURVE_WITH_KNOTS('',3,(#18321,#18322,#18323,#18324),
 .UNSPECIFIED.,.F.,.F.,(4,4),(0.,1.),.UNSPECIFIED.);
#301=B_SPLINE_CURVE_WITH_KNOTS('',3,(#18326,#18327,#18328,#18329),
 .UNSPECIFIED.,.F.,.F.,(4,4),(0.,1.),.UNSPECIFIED.);
#302=B_SPLINE_CURVE_WITH_KNOTS('',3,(#18331,#18332,#18333,#18334),
 .UNSPECIFIED.,.F.,.F.,(4,4),(0.,1.),.UNSPECIFIED.);
#303=B_SPLINE_CURVE_WITH_KNOTS('',3,(#18336,#18337,#18338,#18339),
 .UNSPECIFIED.,.F.,.F.,(4,4),(0.,1.),.UNSPECIFIED.);
#304=B_SPLINE_CURVE_WITH_KNOTS('',3,(#18341,#18342,#18343,#18344),
 .UNSPECIFIED.,.F.,.F.,(4,4),(0.,1.),.UNSPECIFIED.);
#305=B_SPLINE_CURVE_WITH_KNOTS('',3,(#18394,#18395,#18396,#18397),
 .UNSPECIFIED.,.F.,.F.,(4,4),(0.,1.),.UNSPECIFIED.);
#306=B_SPLINE_CURVE_WITH_KNOTS('',3,(#18399,#18400,#18401,#18402),
 .UNSPECIFIED.,.F.,.F.,(4,4),(0.,1.),.UNSPECIFIED.);
#307=B_SPLINE_CURVE_WITH_KNOTS('',3,(#18404,#18405,#18406,#18407),
 .UNSPECIFIED.,.F.,.F.,(4,4),(0.,1.),.UNSPECIFIED.);
#308=B_SPLINE_CURVE_WITH_KNOTS('',3,(#18409,#18410,#18411,#18412),
 .UNSPECIFIED.,.F.,.F.,(4,4),(0.,1.),.UNSPECIFIED.);
#309=B_SPLINE_CURVE_WITH_KNOTS('',3,(#18425,#18426,#18427,#18428),
 .UNSPECIFIED.,.F.,.F.,(4,4),(0.,1.),.UNSPECIFIED.);
#310=B_SPLINE_CURVE_WITH_KNOTS('',3,(#18430,#18431,#18432,#18433),
 .UNSPECIFIED.,.F.,.F.,(4,4),(0.,1.),.UNSPECIFIED.);
#311=B_SPLINE_CURVE_WITH_KNOTS('',3,(#18690,#18691,#18692,#18693),
 .UNSPECIFIED.,.F.,.F.,(4,4),(0.,1.),.UNSPECIFIED.);
#312=B_SPLINE_CURVE_WITH_KNOTS('',3,(#18696,#18697,#18698,#18699),
 .UNSPECIFIED.,.F.,.F.,(4,4),(0.,1.),.UNSPECIFIED.);
#313=B_SPLINE_CURVE_WITH_KNOTS('',3,(#18701,#18702,#18703,#18704),
 .UNSPECIFIED.,.F.,.F.,(4,4),(0.,1.),.UNSPECIFIED.);
#314=B_SPLINE_CURVE_WITH_KNOTS('',3,(#18714,#18715,#18716,#18717),
 .UNSPECIFIED.,.F.,.F.,(4,4),(0.,1.),.UNSPECIFIED.);
#315=B_SPLINE_CURVE_WITH_KNOTS('',3,(#18847,#18848,#18849,#18850),
 .UNSPECIFIED.,.F.,.F.,(4,4),(0.,1.),.UNSPECIFIED.);
#316=B_SPLINE_CURVE_WITH_KNOTS('',3,(#18854,#18855,#18856,#18857),
 .UNSPECIFIED.,.F.,.F.,(4,4),(0.,1.),.UNSPECIFIED.);
#317=B_SPLINE_CURVE_WITH_KNOTS('',3,(#18859,#18860,#18861,#18862),
 .UNSPECIFIED.,.F.,.F.,(4,4),(0.,1.),.UNSPECIFIED.);
#318=B_SPLINE_CURVE_WITH_KNOTS('',3,(#18864,#18865,#18866,#18867),
 .UNSPECIFIED.,.F.,.F.,(4,4),(0.,1.),.UNSPECIFIED.);
#319=B_SPLINE_CURVE_WITH_KNOTS('',3,(#18869,#18870,#18871,#18872),
 .UNSPECIFIED.,.F.,.F.,(4,4),(0.,1.),.UNSPECIFIED.);
#320=B_SPLINE_CURVE_WITH_KNOTS('',3,(#18874,#18875,#18876,#18877),
 .UNSPECIFIED.,.F.,.F.,(4,4),(0.,1.),.UNSPECIFIED.);
#321=B_SPLINE_CURVE_WITH_KNOTS('',3,(#18893,#18894,#18895,#18896),
 .UNSPECIFIED.,.F.,.F.,(4,4),(0.,1.),.UNSPECIFIED.);
#322=B_SPLINE_CURVE_WITH_KNOTS('',3,(#18900,#18901,#18902,#18903),
 .UNSPECIFIED.,.F.,.F.,(4,4),(0.,1.),.UNSPECIFIED.);
#323=B_SPLINE_CURVE_WITH_KNOTS('',3,(#19094,#19095,#19096,#19097),
 .UNSPECIFIED.,.F.,.F.,(4,4),(0.,1.),.UNSPECIFIED.);
#324=B_SPLINE_CURVE_WITH_KNOTS('',3,(#19102,#19103,#19104,#19105),
 .UNSPECIFIED.,.F.,.F.,(4,4),(0.,1.),.UNSPECIFIED.);
#325=B_SPLINE_CURVE_WITH_KNOTS('',3,(#19113,#19114,#19115,#19116),
 .UNSPECIFIED.,.F.,.F.,(4,4),(0.,1.),.UNSPECIFIED.);
#326=B_SPLINE_CURVE_WITH_KNOTS('',3,(#19121,#19122,#19123,#19124),
 .UNSPECIFIED.,.F.,.F.,(4,4),(0.,1.),.UNSPECIFIED.);
#327=B_SPLINE_CURVE_WITH_KNOTS('',3,(#19126,#19127,#19128,#19129,#19130),
 .UNSPECIFIED.,.F.,.F.,(4,1,4),(0.,0.5,1.),.UNSPECIFIED.);
#328=B_SPLINE_CURVE_WITH_KNOTS('',3,(#19131,#19132,#19133,#19134),
 .UNSPECIFIED.,.F.,.F.,(4,4),(0.,1.),.UNSPECIFIED.);
#329=B_SPLINE_CURVE_WITH_KNOTS('',3,(#19136,#19137,#19138,#19139),
 .UNSPECIFIED.,.F.,.F.,(4,4),(0.,1.),.UNSPECIFIED.);
#330=B_SPLINE_CURVE_WITH_KNOTS('',3,(#19144,#19145,#19146,#19147),
 .UNSPECIFIED.,.F.,.F.,(4,4),(0.,1.),.UNSPECIFIED.);
#331=B_SPLINE_CURVE_WITH_KNOTS('',3,(#19155,#19156,#19157,#19158),
 .UNSPECIFIED.,.F.,.F.,(4,4),(0.,0.000384788563315316),.UNSPECIFIED.);
#332=B_SPLINE_CURVE_WITH_KNOTS('',3,(#19159,#19160,#19161,#19162),
 .UNSPECIFIED.,.F.,.F.,(4,4),(6.93889390390723E-18,0.000379524288001859),
 .UNSPECIFIED.);
#333=B_SPLINE_CURVE_WITH_KNOTS('',3,(#19273,#19274,#19275,#19276),
 .UNSPECIFIED.,.F.,.F.,(4,4),(0.,1.),.UNSPECIFIED.);
#334=B_SPLINE_CURVE_WITH_KNOTS('',3,(#19278,#19279,#19280,#19281,#19282),
 .UNSPECIFIED.,.F.,.F.,(4,1,4),(0.,0.000126418695378177,0.000252837390756354),
 .UNSPECIFIED.);
#335=B_SPLINE_CURVE_WITH_KNOTS('',3,(#19286,#19287,#19288,#19289),
 .UNSPECIFIED.,.F.,.F.,(4,4),(0.,1.),.UNSPECIFIED.);
#336=B_SPLINE_CURVE_WITH_KNOTS('',3,(#19300,#19301,#19302,#19303),
 .UNSPECIFIED.,.F.,.F.,(4,4),(0.,1.),.UNSPECIFIED.);
#337=B_SPLINE_CURVE_WITH_KNOTS('',3,(#19307,#19308,#19309,#19310,#19311),
 .UNSPECIFIED.,.F.,.F.,(4,1,4),(0.,0.000128960914813068,0.000257921829626137),
 .UNSPECIFIED.);
#338=B_SPLINE_CURVE_WITH_KNOTS('',3,(#19313,#19314,#19315,#19316),
 .UNSPECIFIED.,.F.,.F.,(4,4),(0.,1.),.UNSPECIFIED.);
#339=B_SPLINE_CURVE_WITH_KNOTS('',3,(#19319,#19320,#19321,#19322),
 .UNSPECIFIED.,.F.,.F.,(4,4),(0.,1.),.UNSPECIFIED.);
#340=B_SPLINE_CURVE_WITH_KNOTS('',3,(#19324,#19325,#19326,#19327),
 .UNSPECIFIED.,.F.,.F.,(4,4),(0.,1.),.UNSPECIFIED.);
#341=B_SPLINE_CURVE_WITH_KNOTS('',3,(#19329,#19330,#19331,#19332),
 .UNSPECIFIED.,.F.,.F.,(4,4),(0.,1.),.UNSPECIFIED.);
#342=B_SPLINE_CURVE_WITH_KNOTS('',3,(#19335,#19336,#19337,#19338),
 .UNSPECIFIED.,.F.,.F.,(4,4),(0.,1.),.UNSPECIFIED.);
#343=B_SPLINE_CURVE_WITH_KNOTS('',3,(#19385,#19386,#19387,#19388),
 .UNSPECIFIED.,.F.,.F.,(4,4),(0.,1.),.UNSPECIFIED.);
#344=B_SPLINE_CURVE_WITH_KNOTS('',3,(#19390,#19391,#19392,#19393),
 .UNSPECIFIED.,.F.,.F.,(4,4),(0.,1.),.UNSPECIFIED.);
#345=B_SPLINE_CURVE_WITH_KNOTS('',3,(#19395,#19396,#19397,#19398),
 .UNSPECIFIED.,.F.,.F.,(4,4),(0.,1.),.UNSPECIFIED.);
#346=B_SPLINE_CURVE_WITH_KNOTS('',3,(#19400,#19401,#19402,#19403),
 .UNSPECIFIED.,.F.,.F.,(4,4),(0.,1.),.UNSPECIFIED.);
#347=B_SPLINE_CURVE_WITH_KNOTS('',3,(#19405,#19406,#19407,#19408),
 .UNSPECIFIED.,.F.,.F.,(4,4),(0.,1.),.UNSPECIFIED.);
#348=B_SPLINE_CURVE_WITH_KNOTS('',3,(#19410,#19411,#19412,#19413),
 .UNSPECIFIED.,.F.,.F.,(4,4),(0.,1.),.UNSPECIFIED.);
#349=B_SPLINE_CURVE_WITH_KNOTS('',3,(#19463,#19464,#19465,#19466),
 .UNSPECIFIED.,.F.,.F.,(4,4),(0.,1.),.UNSPECIFIED.);
#350=B_SPLINE_CURVE_WITH_KNOTS('',3,(#19468,#19469,#19470,#19471),
 .UNSPECIFIED.,.F.,.F.,(4,4),(0.,1.),.UNSPECIFIED.);
#351=B_SPLINE_CURVE_WITH_KNOTS('',3,(#19473,#19474,#19475,#19476),
 .UNSPECIFIED.,.F.,.F.,(4,4),(0.,1.),.UNSPECIFIED.);
#352=B_SPLINE_CURVE_WITH_KNOTS('',3,(#19478,#19479,#19480,#19481),
 .UNSPECIFIED.,.F.,.F.,(4,4),(0.,1.),.UNSPECIFIED.);
#353=B_SPLINE_CURVE_WITH_KNOTS('',3,(#19483,#19484,#19485,#19486),
 .UNSPECIFIED.,.F.,.F.,(4,4),(0.,1.),.UNSPECIFIED.);
#354=B_SPLINE_CURVE_WITH_KNOTS('',3,(#19488,#19489,#19490,#19491),
 .UNSPECIFIED.,.F.,.F.,(4,4),(0.,1.),.UNSPECIFIED.);
#355=B_SPLINE_CURVE_WITH_KNOTS('',3,(#19683,#19684,#19685,#19686),
 .UNSPECIFIED.,.F.,.F.,(4,4),(0.,1.),.UNSPECIFIED.);
#356=B_SPLINE_CURVE_WITH_KNOTS('',3,(#19689,#19690,#19691,#19692),
 .UNSPECIFIED.,.F.,.F.,(4,4),(0.,1.),.UNSPECIFIED.);
#357=B_SPLINE_CURVE_WITH_KNOTS('',3,(#19694,#19695,#19696,#19697),
 .UNSPECIFIED.,.F.,.F.,(4,4),(0.,1.),.UNSPECIFIED.);
#358=B_SPLINE_CURVE_WITH_KNOTS('',3,(#19701,#19702,#19703,#19704),
 .UNSPECIFIED.,.F.,.F.,(4,4),(0.,1.),.UNSPECIFIED.);
#359=B_SPLINE_CURVE_WITH_KNOTS('',3,(#19840,#19841,#19842,#19843),
 .UNSPECIFIED.,.F.,.F.,(4,4),(0.,1.),.UNSPECIFIED.);
#360=B_SPLINE_CURVE_WITH_KNOTS('',3,(#19847,#19848,#19849,#19850),
 .UNSPECIFIED.,.F.,.F.,(4,4),(0.,1.),.UNSPECIFIED.);
#361=B_SPLINE_CURVE_WITH_KNOTS('',3,(#19852,#19853,#19854,#19855),
 .UNSPECIFIED.,.F.,.F.,(4,4),(0.,1.),.UNSPECIFIED.);
#362=B_SPLINE_CURVE_WITH_KNOTS('',3,(#19857,#19858,#19859,#19860),
 .UNSPECIFIED.,.F.,.F.,(4,4),(0.,1.),.UNSPECIFIED.);
#363=B_SPLINE_CURVE_WITH_KNOTS('',3,(#19862,#19863,#19864,#19865),
 .UNSPECIFIED.,.F.,.F.,(4,4),(0.,1.),.UNSPECIFIED.);
#364=B_SPLINE_CURVE_WITH_KNOTS('',3,(#19867,#19868,#19869,#19870),
 .UNSPECIFIED.,.F.,.F.,(4,4),(0.,1.),.UNSPECIFIED.);
#365=B_SPLINE_CURVE_WITH_KNOTS('',3,(#19886,#19887,#19888,#19889),
 .UNSPECIFIED.,.F.,.F.,(4,4),(0.,1.),.UNSPECIFIED.);
#366=B_SPLINE_CURVE_WITH_KNOTS('',3,(#19893,#19894,#19895,#19896),
 .UNSPECIFIED.,.F.,.F.,(4,4),(0.,1.),.UNSPECIFIED.);
#367=ELLIPSE('',#11123,0.0012727922061358,0.0009);
#368=ELLIPSE('',#11136,0.000212132034355966,0.00015);
#369=ELLIPSE('',#11139,0.000212132034355966,0.00015);
#370=ELLIPSE('',#11158,0.00134536240470738,0.001);
#371=ELLIPSE('',#11163,0.000158113883008417,5.E-5);
#372=ELLIPSE('',#11168,0.000158113883008417,5.E-5);
#373=ELLIPSE('',#11195,0.000100015232804391,0.0001);
#374=ELLIPSE('',#11222,0.000100015232804391,0.0001);
#375=ELLIPSE('',#11250,0.000282842712474619,0.0002);
#376=ELLIPSE('',#11251,0.000282842712474619,0.0002);
#377=ELLIPSE('',#11254,0.000282842712474619,0.0002);
#378=ELLIPSE('',#11255,0.000282842712474619,0.0002);
#379=ELLIPSE('',#11259,0.000282842712474619,0.0002);
#380=ELLIPSE('',#11260,0.000282842712474619,0.0002);
#381=ELLIPSE('',#11263,0.000282842712474619,0.0002);
#382=ELLIPSE('',#11264,0.000282842712474619,0.0002);
#383=ELLIPSE('',#11272,0.000223606797749977,0.0001);
#384=ELLIPSE('',#11282,0.000223606797749981,0.0001);
#385=ELLIPSE('',#11314,0.000223606797749981,0.0001);
#386=ELLIPSE('',#11323,0.000223606797749977,0.0001);
#387=ELLIPSE('',#11373,0.0015556349186104,0.0011);
#388=ELLIPSE('',#11375,0.0015556349186104,0.0011);
#389=ELLIPSE('',#11475,0.000282842712474619,0.0002);
#390=ELLIPSE('',#11476,0.000282842712474619,0.0002);
#391=ELLIPSE('',#11477,0.000282842712474619,0.0002);
#392=ELLIPSE('',#11478,0.000282842712474619,0.0002);
#393=ELLIPSE('',#11485,0.0012727922061358,0.0009);
#394=ELLIPSE('',#11496,0.000212132034355966,0.00015);
#395=ELLIPSE('',#11502,0.000212132034355966,0.00015);
#396=ELLIPSE('',#11514,0.00127279220613578,0.0009);
#397=ELLIPSE('',#11522,0.00134536240470738,0.001);
#398=ELLIPSE('',#11527,0.000158113883008417,5.E-5);
#399=ELLIPSE('',#11531,0.000158113883008417,5.E-5);
#400=ELLIPSE('',#11558,0.000100015232804391,0.0001);
#401=ELLIPSE('',#11585,0.000100015232804391,0.0001);
#402=ELLIPSE('',#11618,0.000223606797749977,0.0001);
#403=ELLIPSE('',#11626,0.000223606797749981,0.0001);
#404=ELLIPSE('',#11630,0.00028284271247462,0.0002);
#405=ELLIPSE('',#11659,0.000223606797749981,0.0001);
#406=ELLIPSE('',#11669,0.000223606797749977,0.0001);
#407=ELLIPSE('',#11699,0.000223606797749978,0.0001);
#408=ELLIPSE('',#11719,0.0015556349186104,0.0011);
#409=ELLIPSE('',#11721,0.0015556349186104,0.0011);
#410=ELLIPSE('',#11790,0.000212132034355966,0.00015);
#411=ELLIPSE('',#11793,0.000212132034355966,0.00015);
#412=ELLIPSE('',#11806,0.00127279220613578,0.0009);
#413=ELLIPSE('',#11817,0.000158113883008417,5.E-5);
#414=ELLIPSE('',#11822,0.000158113883008417,5.E-5);
#415=ELLIPSE('',#11849,0.000100015232804391,0.0001);
#416=ELLIPSE('',#11875,0.000100015232804391,0.0001);
#417=ELLIPSE('',#11909,0.000282842712474619,0.0002);
#418=ELLIPSE('',#11910,0.000282842712474619,0.0002);
#419=ELLIPSE('',#11913,0.000282842712474619,0.0002);
#420=ELLIPSE('',#11914,0.000282842712474619,0.0002);
#421=ELLIPSE('',#11916,0.000223606797749977,0.0001);
#422=ELLIPSE('',#11926,0.000223606797749981,0.0001);
#423=ELLIPSE('',#11958,0.000223606797749981,0.0001);
#424=ELLIPSE('',#11967,0.000223606797749977,0.0001);
#425=ELLIPSE('',#12019,0.0015556349186104,0.0011);
#426=ELLIPSE('',#12021,0.0015556349186104,0.0011);
#427=ELLIPSE('',#12104,0.000212132034355966,0.00015);
#428=ELLIPSE('',#12110,0.000212132034355966,0.00015);
#429=ELLIPSE('',#12133,0.000158113883008417,5.E-5);
#430=ELLIPSE('',#12137,0.000158113883008417,5.E-5);
#431=ELLIPSE('',#12164,0.000100015232804391,0.0001);
#432=ELLIPSE('',#12191,0.000100015232804391,0.0001);
#433=ELLIPSE('',#12224,0.000223606797749977,0.0001);
#434=ELLIPSE('',#12232,0.000223606797749981,0.0001);
#435=ELLIPSE('',#12264,0.000223606797749981,0.0001);
#436=ELLIPSE('',#12274,0.000223606797749977,0.0001);
#437=ELLIPSE('',#12324,0.0015556349186104,0.0011);
#438=ELLIPSE('',#12326,0.0015556349186104,0.0011);
#439=PLANE('',#11122);
#440=PLANE('',#11125);
#441=PLANE('',#11127);
#442=PLANE('',#11133);
#443=PLANE('',#11137);
#444=PLANE('',#11141);
#445=PLANE('',#11145);
#446=PLANE('',#11149);
#447=PLANE('',#11150);
#448=PLANE('',#11151);
#449=PLANE('',#11154);
#450=PLANE('',#11223);
#451=PLANE('',#11228);
#452=PLANE('',#11237);
#453=PLANE('',#11239);
#454=PLANE('',#11240);
#455=PLANE('',#11247);
#456=PLANE('',#11256);
#457=PLANE('',#11265);
#458=PLANE('',#11267);
#459=PLANE('',#11269);
#460=PLANE('',#11284);
#461=PLANE('',#11299);
#462=PLANE('',#11330);
#463=PLANE('',#11341);
#464=PLANE('',#11345);
#465=PLANE('',#11355);
#466=PLANE('',#11357);
#467=PLANE('',#11365);
#468=PLANE('',#11367);
#469=PLANE('',#11369);
#470=PLANE('',#11370);
#471=PLANE('',#11371);
#472=PLANE('',#11372);
#473=PLANE('',#11374);
#474=PLANE('',#11376);
#475=PLANE('',#11377);
#476=PLANE('',#11378);
#477=PLANE('',#11390);
#478=PLANE('',#11393);
#479=PLANE('',#11394);
#480=PLANE('',#11425);
#481=PLANE('',#11430);
#482=PLANE('',#11435);
#483=PLANE('',#11436);
#484=PLANE('',#11437);
#485=PLANE('',#11438);
#486=PLANE('',#11439);
#487=PLANE('',#11441);
#488=PLANE('',#11445);
#489=PLANE('',#11448);
#490=PLANE('',#11451);
#491=PLANE('',#11456);
#492=PLANE('',#11458);
#493=PLANE('',#11460);
#494=PLANE('',#11462);
#495=PLANE('',#11468);
#496=PLANE('',#11473);
#497=PLANE('',#11474);
#498=PLANE('',#11484);
#499=PLANE('',#11487);
#500=PLANE('',#11489);
#501=PLANE('',#11495);
#502=PLANE('',#11499);
#503=PLANE('',#11503);
#504=PLANE('',#11507);
#505=PLANE('',#11511);
#506=PLANE('',#11512);
#507=PLANE('',#11513);
#508=PLANE('',#11517);
#509=PLANE('',#11586);
#510=PLANE('',#11591);
#511=PLANE('',#11600);
#512=PLANE('',#11602);
#513=PLANE('',#11603);
#514=PLANE('',#11610);
#515=PLANE('',#11612);
#516=PLANE('',#11614);
#517=PLANE('',#11629);
#518=PLANE('',#11645);
#519=PLANE('',#11676);
#520=PLANE('',#11687);
#521=PLANE('',#11690);
#522=PLANE('',#11701);
#523=PLANE('',#11703);
#524=PLANE('',#11711);
#525=PLANE('',#11713);
#526=PLANE('',#11715);
#527=PLANE('',#11716);
#528=PLANE('',#11717);
#529=PLANE('',#11718);
#530=PLANE('',#11720);
#531=PLANE('',#11722);
#532=PLANE('',#11723);
#533=PLANE('',#11724);
#534=PLANE('',#11736);
#535=PLANE('',#11739);
#536=PLANE('',#11740);
#537=PLANE('',#11777);
#538=PLANE('',#11779);
#539=PLANE('',#11781);
#540=PLANE('',#11787);
#541=PLANE('',#11791);
#542=PLANE('',#11795);
#543=PLANE('',#11799);
#544=PLANE('',#11803);
#545=PLANE('',#11804);
#546=PLANE('',#11805);
#547=PLANE('',#11809);
#548=PLANE('',#11876);
#549=PLANE('',#11881);
#550=PLANE('',#11890);
#551=PLANE('',#11892);
#552=PLANE('',#11893);
#553=PLANE('',#11900);
#554=PLANE('',#11902);
#555=PLANE('',#11904);
#556=PLANE('',#11906);
#557=PLANE('',#11928);
#558=PLANE('',#11943);
#559=PLANE('',#11974);
#560=PLANE('',#11985);
#561=PLANE('',#11989);
#562=PLANE('',#11999);
#563=PLANE('',#12001);
#564=PLANE('',#12009);
#565=PLANE('',#12011);
#566=PLANE('',#12013);
#567=PLANE('',#12014);
#568=PLANE('',#12015);
#569=PLANE('',#12016);
#570=PLANE('',#12017);
#571=PLANE('',#12018);
#572=PLANE('',#12020);
#573=PLANE('',#12022);
#574=PLANE('',#12034);
#575=PLANE('',#12037);
#576=PLANE('',#12038);
#577=PLANE('',#12068);
#578=PLANE('',#12073);
#579=PLANE('',#12074);
#580=PLANE('',#12075);
#581=PLANE('',#12077);
#582=PLANE('',#12081);
#583=PLANE('',#12084);
#584=PLANE('',#12093);
#585=PLANE('',#12095);
#586=PLANE('',#12097);
#587=PLANE('',#12103);
#588=PLANE('',#12107);
#589=PLANE('',#12111);
#590=PLANE('',#12115);
#591=PLANE('',#12119);
#592=PLANE('',#12120);
#593=PLANE('',#12121);
#594=PLANE('',#12124);
#595=PLANE('',#12192);
#596=PLANE('',#12197);
#597=PLANE('',#12206);
#598=PLANE('',#12208);
#599=PLANE('',#12209);
#600=PLANE('',#12216);
#601=PLANE('',#12218);
#602=PLANE('',#12220);
#603=PLANE('',#12235);
#604=PLANE('',#12250);
#605=PLANE('',#12281);
#606=PLANE('',#12292);
#607=PLANE('',#12296);
#608=PLANE('',#12306);
#609=PLANE('',#12308);
#610=PLANE('',#12316);
#611=PLANE('',#12318);
#612=PLANE('',#12320);
#613=PLANE('',#12321);
#614=PLANE('',#12322);
#615=PLANE('',#12323);
#616=PLANE('',#12325);
#617=PLANE('',#12327);
#618=PLANE('',#12328);
#619=PLANE('',#12329);
#620=PLANE('',#12341);
#621=PLANE('',#12344);
#622=PLANE('',#12345);
#623=PLANE('',#12375);
#624=PLANE('',#12376);
#625=PLANE('',#12379);
#626=PLANE('',#12382);
#627=LINE('',#15770,#1467);
#628=LINE('',#15774,#1468);
#629=LINE('',#15779,#1469);
#630=LINE('',#15783,#1470);
#631=LINE('',#15785,#1471);
#632=LINE('',#15790,#1472);
#633=LINE('',#15797,#1473);
#634=LINE('',#15799,#1474);
#635=LINE('',#15801,#1475);
#636=LINE('',#15808,#1476);
#637=LINE('',#15831,#1477);
#638=LINE('',#15839,#1478);
#639=LINE('',#15840,#1479);
#640=LINE('',#15847,#1480);
#641=LINE('',#15849,#1481);
#642=LINE('',#15861,#1482);
#643=LINE('',#15867,#1483);
#644=LINE('',#15871,#1484);
#645=LINE('',#15873,#1485);
#646=LINE('',#15877,#1486);
#647=LINE('',#15879,#1487);
#648=LINE('',#15883,#1488);
#649=LINE('',#15886,#1489);
#650=LINE('',#15890,#1490);
#651=LINE('',#15894,#1491);
#652=LINE('',#15896,#1492);
#653=LINE('',#15898,#1493);
#654=LINE('',#15902,#1494);
#655=LINE('',#15907,#1495);
#656=LINE('',#15909,#1496);
#657=LINE('',#15911,#1497);
#658=LINE('',#15915,#1498);
#659=LINE('',#15917,#1499);
#660=LINE('',#15919,#1500);
#661=LINE('',#15923,#1501);
#662=LINE('',#15925,#1502);
#663=LINE('',#15928,#1503);
#664=LINE('',#15930,#1504);
#665=LINE('',#15932,#1505);
#666=LINE('',#15934,#1506);
#667=LINE('',#15940,#1507);
#668=LINE('',#15943,#1508);
#669=LINE('',#15944,#1509);
#670=LINE('',#15949,#1510);
#671=LINE('',#15951,#1511);
#672=LINE('',#15953,#1512);
#673=LINE('',#15955,#1513);
#674=LINE('',#15957,#1514);
#675=LINE('',#15959,#1515);
#676=LINE('',#15961,#1516);
#677=LINE('',#15969,#1517);
#678=LINE('',#15971,#1518);
#679=LINE('',#15973,#1519);
#680=LINE('',#15988,#1520);
#681=LINE('',#15996,#1521);
#682=LINE('',#15998,#1522);
#683=LINE('',#16000,#1523);
#684=LINE('',#16205,#1524);
#685=LINE('',#16210,#1525);
#686=LINE('',#16214,#1526);
#687=LINE('',#16218,#1527);
#688=LINE('',#16225,#1528);
#689=LINE('',#16227,#1529);
#690=LINE('',#16229,#1530);
#691=LINE('',#16231,#1531);
#692=LINE('',#16232,#1532);
#693=LINE('',#16237,#1533);
#694=LINE('',#16241,#1534);
#695=LINE('',#16245,#1535);
#696=LINE('',#16249,#1536);
#697=LINE('',#16252,#1537);
#698=LINE('',#16255,#1538);
#699=LINE('',#16257,#1539);
#700=LINE('',#16261,#1540);
#701=LINE('',#16263,#1541);
#702=LINE('',#16265,#1542);
#703=LINE('',#16269,#1543);
#704=LINE('',#16271,#1544);
#705=LINE('',#16273,#1545);
#706=LINE('',#16275,#1546);
#707=LINE('',#16280,#1547);
#708=LINE('',#16282,#1548);
#709=LINE('',#16284,#1549);
#710=LINE('',#16286,#1550);
#711=LINE('',#16289,#1551);
#712=LINE('',#16290,#1552);
#713=LINE('',#16292,#1553);
#714=LINE('',#16294,#1554);
#715=LINE('',#16296,#1555);
#716=LINE('',#16298,#1556);
#717=LINE('',#16300,#1557);
#718=LINE('',#16302,#1558);
#719=LINE('',#16304,#1559);
#720=LINE('',#16307,#1560);
#721=LINE('',#16308,#1561);
#722=LINE('',#16310,#1562);
#723=LINE('',#16312,#1563);
#724=LINE('',#16314,#1564);
#725=LINE('',#16316,#1565);
#726=LINE('',#16318,#1566);
#727=LINE('',#16320,#1567);
#728=LINE('',#16322,#1568);
#729=LINE('',#16327,#1569);
#730=LINE('',#16331,#1570);
#731=LINE('',#16336,#1571);
#732=LINE('',#16340,#1572);
#733=LINE('',#16341,#1573);
#734=LINE('',#16345,#1574);
#735=LINE('',#16349,#1575);
#736=LINE('',#16351,#1576);
#737=LINE('',#16353,#1577);
#738=LINE('',#16355,#1578);
#739=LINE('',#16357,#1579);
#740=LINE('',#16361,#1580);
#741=LINE('',#16365,#1581);
#742=LINE('',#16367,#1582);
#743=LINE('',#16369,#1583);
#744=LINE('',#16371,#1584);
#745=LINE('',#16373,#1585);
#746=LINE('',#16377,#1586);
#747=LINE('',#16381,#1587);
#748=LINE('',#16383,#1588);
#749=LINE('',#16385,#1589);
#750=LINE('',#16386,#1590);
#751=LINE('',#16390,#1591);
#752=LINE('',#16394,#1592);
#753=LINE('',#16396,#1593);
#754=LINE('',#16400,#1594);
#755=LINE('',#16404,#1595);
#756=LINE('',#16406,#1596);
#757=LINE('',#16408,#1597);
#758=LINE('',#16410,#1598);
#759=LINE('',#16412,#1599);
#760=LINE('',#16416,#1600);
#761=LINE('',#16420,#1601);
#762=LINE('',#16422,#1602);
#763=LINE('',#16424,#1603);
#764=LINE('',#16426,#1604);
#765=LINE('',#16428,#1605);
#766=LINE('',#16432,#1606);
#767=LINE('',#16436,#1607);
#768=LINE('',#16438,#1608);
#769=LINE('',#16440,#1609);
#770=LINE('',#16441,#1610);
#771=LINE('',#16445,#1611);
#772=LINE('',#16449,#1612);
#773=LINE('',#16450,#1613);
#774=LINE('',#16453,#1614);
#775=LINE('',#16455,#1615);
#776=LINE('',#16457,#1616);
#777=LINE('',#16459,#1617);
#778=LINE('',#16462,#1618);
#779=LINE('',#16463,#1619);
#780=LINE('',#16466,#1620);
#781=LINE('',#16490,#1621);
#782=LINE('',#16498,#1622);
#783=LINE('',#16534,#1623);
#784=LINE('',#16536,#1624);
#785=LINE('',#16538,#1625);
#786=LINE('',#16540,#1626);
#787=LINE('',#16549,#1627);
#788=LINE('',#16555,#1628);
#789=LINE('',#16564,#1629);
#790=LINE('',#16570,#1630);
#791=LINE('',#16572,#1631);
#792=LINE('',#16574,#1632);
#793=LINE('',#16576,#1633);
#794=LINE('',#16584,#1634);
#795=LINE('',#16592,#1635);
#796=LINE('',#16593,#1636);
#797=LINE('',#16597,#1637);
#798=LINE('',#16619,#1638);
#799=LINE('',#16627,#1639);
#800=LINE('',#16647,#1640);
#801=LINE('',#16649,#1641);
#802=LINE('',#16651,#1642);
#803=LINE('',#16658,#1643);
#804=LINE('',#16661,#1644);
#805=LINE('',#16665,#1645);
#806=LINE('',#16673,#1646);
#807=LINE('',#16680,#1647);
#808=LINE('',#16707,#1648);
#809=LINE('',#16709,#1649);
#810=LINE('',#16711,#1650);
#811=LINE('',#16715,#1651);
#812=LINE('',#16726,#1652);
#813=LINE('',#16733,#1653);
#814=LINE('',#16735,#1654);
#815=LINE('',#16737,#1655);
#816=LINE('',#16749,#1656);
#817=LINE('',#16751,#1657);
#818=LINE('',#16753,#1658);
#819=LINE('',#16755,#1659);
#820=LINE('',#16759,#1660);
#821=LINE('',#16761,#1661);
#822=LINE('',#16762,#1662);
#823=LINE('',#16764,#1663);
#824=LINE('',#16766,#1664);
#825=LINE('',#16768,#1665);
#826=LINE('',#16770,#1666);
#827=LINE('',#16771,#1667);
#828=LINE('',#16773,#1668);
#829=LINE('',#16775,#1669);
#830=LINE('',#16777,#1670);
#831=LINE('',#16779,#1671);
#832=LINE('',#16783,#1672);
#833=LINE('',#16785,#1673);
#834=LINE('',#16789,#1674);
#835=LINE('',#16791,#1675);
#836=LINE('',#16793,#1676);
#837=LINE('',#16795,#1677);
#838=LINE('',#16797,#1678);
#839=LINE('',#16799,#1679);
#840=LINE('',#16801,#1680);
#841=LINE('',#16809,#1681);
#842=LINE('',#16810,#1682);
#843=LINE('',#16812,#1683);
#844=LINE('',#16816,#1684);
#845=LINE('',#16821,#1685);
#846=LINE('',#16824,#1686);
#847=LINE('',#16858,#1687);
#848=LINE('',#16862,#1688);
#849=LINE('',#16866,#1689);
#850=LINE('',#16868,#1690);
#851=LINE('',#16870,#1691);
#852=LINE('',#16874,#1692);
#853=LINE('',#16878,#1693);
#854=LINE('',#16880,#1694);
#855=LINE('',#16884,#1695);
#856=LINE('',#16888,#1696);
#857=LINE('',#16890,#1697);
#858=LINE('',#16892,#1698);
#859=LINE('',#16896,#1699);
#860=LINE('',#16900,#1700);
#861=LINE('',#16902,#1701);
#862=LINE('',#16904,#1702);
#863=LINE('',#16906,#1703);
#864=LINE('',#16908,#1704);
#865=LINE('',#16912,#1705);
#866=LINE('',#16913,#1706);
#867=LINE('',#16915,#1707);
#868=LINE('',#16918,#1708);
#869=LINE('',#16920,#1709);
#870=LINE('',#16922,#1710);
#871=LINE('',#16924,#1711);
#872=LINE('',#16927,#1712);
#873=LINE('',#16930,#1713);
#874=LINE('',#16934,#1714);
#875=LINE('',#16937,#1715);
#876=LINE('',#16939,#1716);
#877=LINE('',#16943,#1717);
#878=LINE('',#16947,#1718);
#879=LINE('',#16949,#1719);
#880=LINE('',#16951,#1720);
#881=LINE('',#16955,#1721);
#882=LINE('',#16962,#1722);
#883=LINE('',#16963,#1723);
#884=LINE('',#16965,#1724);
#885=LINE('',#16967,#1725);
#886=LINE('',#16971,#1726);
#887=LINE('',#16973,#1727);
#888=LINE('',#16978,#1728);
#889=LINE('',#16979,#1729);
#890=LINE('',#16981,#1730);
#891=LINE('',#16983,#1731);
#892=LINE('',#16987,#1732);
#893=LINE('',#16989,#1733);
#894=LINE('',#16993,#1734);
#895=LINE('',#16997,#1735);
#896=LINE('',#16999,#1736);
#897=LINE('',#17001,#1737);
#898=LINE('',#17007,#1738);
#899=LINE('',#17009,#1739);
#900=LINE('',#17011,#1740);
#901=LINE('',#17013,#1741);
#902=LINE('',#17015,#1742);
#903=LINE('',#17017,#1743);
#904=LINE('',#17021,#1744);
#905=LINE('',#17025,#1745);
#906=LINE('',#17027,#1746);
#907=LINE('',#17029,#1747);
#908=LINE('',#17031,#1748);
#909=LINE('',#17032,#1749);
#910=LINE('',#17034,#1750);
#911=LINE('',#17036,#1751);
#912=LINE('',#17038,#1752);
#913=LINE('',#17042,#1753);
#914=LINE('',#17046,#1754);
#915=LINE('',#17048,#1755);
#916=LINE('',#17050,#1756);
#917=LINE('',#17052,#1757);
#918=LINE('',#17054,#1758);
#919=LINE('',#17058,#1759);
#920=LINE('',#17063,#1760);
#921=LINE('',#17070,#1761);
#922=LINE('',#17077,#1762);
#923=LINE('',#17079,#1763);
#924=LINE('',#17081,#1764);
#925=LINE('',#17089,#1765);
#926=LINE('',#17112,#1766);
#927=LINE('',#17119,#1767);
#928=LINE('',#17120,#1768);
#929=LINE('',#17122,#1769);
#930=LINE('',#17134,#1770);
#931=LINE('',#17139,#1771);
#932=LINE('',#17141,#1772);
#933=LINE('',#17145,#1773);
#934=LINE('',#17147,#1774);
#935=LINE('',#17151,#1775);
#936=LINE('',#17156,#1776);
#937=LINE('',#17159,#1777);
#938=LINE('',#17163,#1778);
#939=LINE('',#17165,#1779);
#940=LINE('',#17167,#1780);
#941=LINE('',#17171,#1781);
#942=LINE('',#17175,#1782);
#943=LINE('',#17180,#1783);
#944=LINE('',#17184,#1784);
#945=LINE('',#17186,#1785);
#946=LINE('',#17188,#1786);
#947=LINE('',#17192,#1787);
#948=LINE('',#17194,#1788);
#949=LINE('',#17196,#1789);
#950=LINE('',#17198,#1790);
#951=LINE('',#17201,#1791);
#952=LINE('',#17203,#1792);
#953=LINE('',#17205,#1793);
#954=LINE('',#17207,#1794);
#955=LINE('',#17213,#1795);
#956=LINE('',#17216,#1796);
#957=LINE('',#17217,#1797);
#958=LINE('',#17222,#1798);
#959=LINE('',#17224,#1799);
#960=LINE('',#17226,#1800);
#961=LINE('',#17228,#1801);
#962=LINE('',#17230,#1802);
#963=LINE('',#17232,#1803);
#964=LINE('',#17234,#1804);
#965=LINE('',#17237,#1805);
#966=LINE('',#17239,#1806);
#967=LINE('',#17241,#1807);
#968=LINE('',#17258,#1808);
#969=LINE('',#17261,#1809);
#970=LINE('',#17263,#1810);
#971=LINE('',#17265,#1811);
#972=LINE('',#17475,#1812);
#973=LINE('',#17480,#1813);
#974=LINE('',#17484,#1814);
#975=LINE('',#17488,#1815);
#976=LINE('',#17495,#1816);
#977=LINE('',#17497,#1817);
#978=LINE('',#17499,#1818);
#979=LINE('',#17501,#1819);
#980=LINE('',#17502,#1820);
#981=LINE('',#17507,#1821);
#982=LINE('',#17511,#1822);
#983=LINE('',#17515,#1823);
#984=LINE('',#17519,#1824);
#985=LINE('',#17522,#1825);
#986=LINE('',#17525,#1826);
#987=LINE('',#17527,#1827);
#988=LINE('',#17529,#1828);
#989=LINE('',#17533,#1829);
#990=LINE('',#17535,#1830);
#991=LINE('',#17539,#1831);
#992=LINE('',#17541,#1832);
#993=LINE('',#17543,#1833);
#994=LINE('',#17545,#1834);
#995=LINE('',#17550,#1835);
#996=LINE('',#17552,#1836);
#997=LINE('',#17554,#1837);
#998=LINE('',#17556,#1838);
#999=LINE('',#17558,#1839);
#1000=LINE('',#17560,#1840);
#1001=LINE('',#17562,#1841);
#1002=LINE('',#17564,#1842);
#1003=LINE('',#17566,#1843);
#1004=LINE('',#17568,#1844);
#1005=LINE('',#17570,#1845);
#1006=LINE('',#17572,#1846);
#1007=LINE('',#17574,#1847);
#1008=LINE('',#17576,#1848);
#1009=LINE('',#17578,#1849);
#1010=LINE('',#17586,#1850);
#1011=LINE('',#17588,#1851);
#1012=LINE('',#17590,#1852);
#1013=LINE('',#17592,#1853);
#1014=LINE('',#17595,#1854);
#1015=LINE('',#17596,#1855);
#1016=LINE('',#17599,#1856);
#1017=LINE('',#17624,#1857);
#1018=LINE('',#17630,#1858);
#1019=LINE('',#17668,#1859);
#1020=LINE('',#17672,#1860);
#1021=LINE('',#17674,#1861);
#1022=LINE('',#17676,#1862);
#1023=LINE('',#17680,#1863);
#1024=LINE('',#17687,#1864);
#1025=LINE('',#17695,#1865);
#1026=LINE('',#17701,#1866);
#1027=LINE('',#17703,#1867);
#1028=LINE('',#17705,#1868);
#1029=LINE('',#17707,#1869);
#1030=LINE('',#17715,#1870);
#1031=LINE('',#17723,#1871);
#1032=LINE('',#17724,#1872);
#1033=LINE('',#17726,#1873);
#1034=LINE('',#17748,#1874);
#1035=LINE('',#17756,#1875);
#1036=LINE('',#17778,#1876);
#1037=LINE('',#17780,#1877);
#1038=LINE('',#17784,#1878);
#1039=LINE('',#17789,#1879);
#1040=LINE('',#17792,#1880);
#1041=LINE('',#17794,#1881);
#1042=LINE('',#17804,#1882);
#1043=LINE('',#17811,#1883);
#1044=LINE('',#17853,#1884);
#1045=LINE('',#17855,#1885);
#1046=LINE('',#17857,#1886);
#1047=LINE('',#17861,#1887);
#1048=LINE('',#17869,#1888);
#1049=LINE('',#17884,#1889);
#1050=LINE('',#17886,#1890);
#1051=LINE('',#17888,#1891);
#1052=LINE('',#17898,#1892);
#1053=LINE('',#17900,#1893);
#1054=LINE('',#17904,#1894);
#1055=LINE('',#17908,#1895);
#1056=LINE('',#17910,#1896);
#1057=LINE('',#17912,#1897);
#1058=LINE('',#17914,#1898);
#1059=LINE('',#17916,#1899);
#1060=LINE('',#17917,#1900);
#1061=LINE('',#17919,#1901);
#1062=LINE('',#17921,#1902);
#1063=LINE('',#17922,#1903);
#1064=LINE('',#17924,#1904);
#1065=LINE('',#17926,#1905);
#1066=LINE('',#17928,#1906);
#1067=LINE('',#17932,#1907);
#1068=LINE('',#17934,#1908);
#1069=LINE('',#17936,#1909);
#1070=LINE('',#17938,#1910);
#1071=LINE('',#17942,#1911);
#1072=LINE('',#17944,#1912);
#1073=LINE('',#17946,#1913);
#1074=LINE('',#17948,#1914);
#1075=LINE('',#17950,#1915);
#1076=LINE('',#17954,#1916);
#1077=LINE('',#17960,#1917);
#1078=LINE('',#17961,#1918);
#1079=LINE('',#17963,#1919);
#1080=LINE('',#17965,#1920);
#1081=LINE('',#17972,#1921);
#1082=LINE('',#17975,#1922);
#1083=LINE('',#18007,#1923);
#1084=LINE('',#18014,#1924);
#1085=LINE('',#18018,#1925);
#1086=LINE('',#18020,#1926);
#1087=LINE('',#18025,#1927);
#1088=LINE('',#18035,#1928);
#1089=LINE('',#18037,#1929);
#1090=LINE('',#18039,#1930);
#1091=LINE('',#18046,#1931);
#1092=LINE('',#18068,#1932);
#1093=LINE('',#18076,#1933);
#1094=LINE('',#18077,#1934);
#1095=LINE('',#18084,#1935);
#1096=LINE('',#18086,#1936);
#1097=LINE('',#18098,#1937);
#1098=LINE('',#18104,#1938);
#1099=LINE('',#18108,#1939);
#1100=LINE('',#18110,#1940);
#1101=LINE('',#18114,#1941);
#1102=LINE('',#18116,#1942);
#1103=LINE('',#18120,#1943);
#1104=LINE('',#18123,#1944);
#1105=LINE('',#18127,#1945);
#1106=LINE('',#18131,#1946);
#1107=LINE('',#18133,#1947);
#1108=LINE('',#18135,#1948);
#1109=LINE('',#18139,#1949);
#1110=LINE('',#18144,#1950);
#1111=LINE('',#18146,#1951);
#1112=LINE('',#18148,#1952);
#1113=LINE('',#18152,#1953);
#1114=LINE('',#18154,#1954);
#1115=LINE('',#18156,#1955);
#1116=LINE('',#18160,#1956);
#1117=LINE('',#18162,#1957);
#1118=LINE('',#18165,#1958);
#1119=LINE('',#18167,#1959);
#1120=LINE('',#18169,#1960);
#1121=LINE('',#18171,#1961);
#1122=LINE('',#18177,#1962);
#1123=LINE('',#18180,#1963);
#1124=LINE('',#18181,#1964);
#1125=LINE('',#18186,#1965);
#1126=LINE('',#18188,#1966);
#1127=LINE('',#18190,#1967);
#1128=LINE('',#18192,#1968);
#1129=LINE('',#18194,#1969);
#1130=LINE('',#18196,#1970);
#1131=LINE('',#18198,#1971);
#1132=LINE('',#18203,#1972);
#1133=LINE('',#18205,#1973);
#1134=LINE('',#18207,#1974);
#1135=LINE('',#18222,#1975);
#1136=LINE('',#18230,#1976);
#1137=LINE('',#18232,#1977);
#1138=LINE('',#18234,#1978);
#1139=LINE('',#18445,#1979);
#1140=LINE('',#18450,#1980);
#1141=LINE('',#18454,#1981);
#1142=LINE('',#18458,#1982);
#1143=LINE('',#18465,#1983);
#1144=LINE('',#18467,#1984);
#1145=LINE('',#18469,#1985);
#1146=LINE('',#18471,#1986);
#1147=LINE('',#18472,#1987);
#1148=LINE('',#18477,#1988);
#1149=LINE('',#18481,#1989);
#1150=LINE('',#18485,#1990);
#1151=LINE('',#18489,#1991);
#1152=LINE('',#18492,#1992);
#1153=LINE('',#18495,#1993);
#1154=LINE('',#18497,#1994);
#1155=LINE('',#18501,#1995);
#1156=LINE('',#18503,#1996);
#1157=LINE('',#18505,#1997);
#1158=LINE('',#18509,#1998);
#1159=LINE('',#18511,#1999);
#1160=LINE('',#18513,#2000);
#1161=LINE('',#18515,#2001);
#1162=LINE('',#18520,#2002);
#1163=LINE('',#18522,#2003);
#1164=LINE('',#18524,#2004);
#1165=LINE('',#18526,#2005);
#1166=LINE('',#18529,#2006);
#1167=LINE('',#18530,#2007);
#1168=LINE('',#18532,#2008);
#1169=LINE('',#18534,#2009);
#1170=LINE('',#18536,#2010);
#1171=LINE('',#18538,#2011);
#1172=LINE('',#18540,#2012);
#1173=LINE('',#18542,#2013);
#1174=LINE('',#18544,#2014);
#1175=LINE('',#18546,#2015);
#1176=LINE('',#18548,#2016);
#1177=LINE('',#18550,#2017);
#1178=LINE('',#18552,#2018);
#1179=LINE('',#18554,#2019);
#1180=LINE('',#18556,#2020);
#1181=LINE('',#18564,#2021);
#1182=LINE('',#18569,#2022);
#1183=LINE('',#18570,#2023);
#1184=LINE('',#18572,#2024);
#1185=LINE('',#18575,#2025);
#1186=LINE('',#18577,#2026);
#1187=LINE('',#18580,#2027);
#1188=LINE('',#18582,#2028);
#1189=LINE('',#18584,#2029);
#1190=LINE('',#18585,#2030);
#1191=LINE('',#18589,#2031);
#1192=LINE('',#18593,#2032);
#1193=LINE('',#18595,#2033);
#1194=LINE('',#18597,#2034);
#1195=LINE('',#18599,#2035);
#1196=LINE('',#18601,#2036);
#1197=LINE('',#18605,#2037);
#1198=LINE('',#18609,#2038);
#1199=LINE('',#18611,#2039);
#1200=LINE('',#18613,#2040);
#1201=LINE('',#18615,#2041);
#1202=LINE('',#18617,#2042);
#1203=LINE('',#18621,#2043);
#1204=LINE('',#18625,#2044);
#1205=LINE('',#18627,#2045);
#1206=LINE('',#18629,#2046);
#1207=LINE('',#18630,#2047);
#1208=LINE('',#18634,#2048);
#1209=LINE('',#18638,#2049);
#1210=LINE('',#18662,#2050);
#1211=LINE('',#18670,#2051);
#1212=LINE('',#18706,#2052);
#1213=LINE('',#18708,#2053);
#1214=LINE('',#18710,#2054);
#1215=LINE('',#18712,#2055);
#1216=LINE('',#18721,#2056);
#1217=LINE('',#18727,#2057);
#1218=LINE('',#18736,#2058);
#1219=LINE('',#18742,#2059);
#1220=LINE('',#18744,#2060);
#1221=LINE('',#18746,#2061);
#1222=LINE('',#18748,#2062);
#1223=LINE('',#18756,#2063);
#1224=LINE('',#18764,#2064);
#1225=LINE('',#18765,#2065);
#1226=LINE('',#18769,#2066);
#1227=LINE('',#18791,#2067);
#1228=LINE('',#18799,#2068);
#1229=LINE('',#18819,#2069);
#1230=LINE('',#18821,#2070);
#1231=LINE('',#18823,#2071);
#1232=LINE('',#18830,#2072);
#1233=LINE('',#18833,#2073);
#1234=LINE('',#18837,#2074);
#1235=LINE('',#18845,#2075);
#1236=LINE('',#18852,#2076);
#1237=LINE('',#18879,#2077);
#1238=LINE('',#18881,#2078);
#1239=LINE('',#18883,#2079);
#1240=LINE('',#18887,#2080);
#1241=LINE('',#18898,#2081);
#1242=LINE('',#18905,#2082);
#1243=LINE('',#18907,#2083);
#1244=LINE('',#18909,#2084);
#1245=LINE('',#18921,#2085);
#1246=LINE('',#18923,#2086);
#1247=LINE('',#18925,#2087);
#1248=LINE('',#18927,#2088);
#1249=LINE('',#18931,#2089);
#1250=LINE('',#18933,#2090);
#1251=LINE('',#18934,#2091);
#1252=LINE('',#18936,#2092);
#1253=LINE('',#18938,#2093);
#1254=LINE('',#18940,#2094);
#1255=LINE('',#18942,#2095);
#1256=LINE('',#18943,#2096);
#1257=LINE('',#18945,#2097);
#1258=LINE('',#18947,#2098);
#1259=LINE('',#18949,#2099);
#1260=LINE('',#18951,#2100);
#1261=LINE('',#18953,#2101);
#1262=LINE('',#18957,#2102);
#1263=LINE('',#18959,#2103);
#1264=LINE('',#18961,#2104);
#1265=LINE('',#18965,#2105);
#1266=LINE('',#18967,#2106);
#1267=LINE('',#18969,#2107);
#1268=LINE('',#18971,#2108);
#1269=LINE('',#18973,#2109);
#1270=LINE('',#18981,#2110);
#1271=LINE('',#18982,#2111);
#1272=LINE('',#18984,#2112);
#1273=LINE('',#18988,#2113);
#1274=LINE('',#18993,#2114);
#1275=LINE('',#18996,#2115);
#1276=LINE('',#19029,#2116);
#1277=LINE('',#19033,#2117);
#1278=LINE('',#19037,#2118);
#1279=LINE('',#19039,#2119);
#1280=LINE('',#19041,#2120);
#1281=LINE('',#19045,#2121);
#1282=LINE('',#19049,#2122);
#1283=LINE('',#19051,#2123);
#1284=LINE('',#19053,#2124);
#1285=LINE('',#19057,#2125);
#1286=LINE('',#19058,#2126);
#1287=LINE('',#19060,#2127);
#1288=LINE('',#19063,#2128);
#1289=LINE('',#19065,#2129);
#1290=LINE('',#19067,#2130);
#1291=LINE('',#19069,#2131);
#1292=LINE('',#19072,#2132);
#1293=LINE('',#19075,#2133);
#1294=LINE('',#19083,#2134);
#1295=LINE('',#19085,#2135);
#1296=LINE('',#19090,#2136);
#1297=LINE('',#19100,#2137);
#1298=LINE('',#19107,#2138);
#1299=LINE('',#19109,#2139);
#1300=LINE('',#19111,#2140);
#1301=LINE('',#19119,#2141);
#1302=LINE('',#19142,#2142);
#1303=LINE('',#19149,#2143);
#1304=LINE('',#19150,#2144);
#1305=LINE('',#19152,#2145);
#1306=LINE('',#19164,#2146);
#1307=LINE('',#19169,#2147);
#1308=LINE('',#19171,#2148);
#1309=LINE('',#19175,#2149);
#1310=LINE('',#19177,#2150);
#1311=LINE('',#19181,#2151);
#1312=LINE('',#19186,#2152);
#1313=LINE('',#19189,#2153);
#1314=LINE('',#19193,#2154);
#1315=LINE('',#19195,#2155);
#1316=LINE('',#19197,#2156);
#1317=LINE('',#19201,#2157);
#1318=LINE('',#19205,#2158);
#1319=LINE('',#19210,#2159);
#1320=LINE('',#19214,#2160);
#1321=LINE('',#19216,#2161);
#1322=LINE('',#19218,#2162);
#1323=LINE('',#19222,#2163);
#1324=LINE('',#19224,#2164);
#1325=LINE('',#19226,#2165);
#1326=LINE('',#19228,#2166);
#1327=LINE('',#19231,#2167);
#1328=LINE('',#19233,#2168);
#1329=LINE('',#19235,#2169);
#1330=LINE('',#19237,#2170);
#1331=LINE('',#19243,#2171);
#1332=LINE('',#19246,#2172);
#1333=LINE('',#19247,#2173);
#1334=LINE('',#19252,#2174);
#1335=LINE('',#19254,#2175);
#1336=LINE('',#19256,#2176);
#1337=LINE('',#19258,#2177);
#1338=LINE('',#19260,#2178);
#1339=LINE('',#19262,#2179);
#1340=LINE('',#19264,#2180);
#1341=LINE('',#19267,#2181);
#1342=LINE('',#19269,#2182);
#1343=LINE('',#19271,#2183);
#1344=LINE('',#19291,#2184);
#1345=LINE('',#19294,#2185);
#1346=LINE('',#19296,#2186);
#1347=LINE('',#19298,#2187);
#1348=LINE('',#19503,#2188);
#1349=LINE('',#19508,#2189);
#1350=LINE('',#19512,#2190);
#1351=LINE('',#19516,#2191);
#1352=LINE('',#19523,#2192);
#1353=LINE('',#19525,#2193);
#1354=LINE('',#19527,#2194);
#1355=LINE('',#19529,#2195);
#1356=LINE('',#19530,#2196);
#1357=LINE('',#19535,#2197);
#1358=LINE('',#19539,#2198);
#1359=LINE('',#19543,#2199);
#1360=LINE('',#19547,#2200);
#1361=LINE('',#19550,#2201);
#1362=LINE('',#19553,#2202);
#1363=LINE('',#19555,#2203);
#1364=LINE('',#19557,#2204);
#1365=LINE('',#19561,#2205);
#1366=LINE('',#19563,#2206);
#1367=LINE('',#19567,#2207);
#1368=LINE('',#19569,#2208);
#1369=LINE('',#19571,#2209);
#1370=LINE('',#19573,#2210);
#1371=LINE('',#19578,#2211);
#1372=LINE('',#19580,#2212);
#1373=LINE('',#19582,#2213);
#1374=LINE('',#19584,#2214);
#1375=LINE('',#19586,#2215);
#1376=LINE('',#19588,#2216);
#1377=LINE('',#19590,#2217);
#1378=LINE('',#19592,#2218);
#1379=LINE('',#19594,#2219);
#1380=LINE('',#19596,#2220);
#1381=LINE('',#19597,#2221);
#1382=LINE('',#19599,#2222);
#1383=LINE('',#19601,#2223);
#1384=LINE('',#19603,#2224);
#1385=LINE('',#19605,#2225);
#1386=LINE('',#19607,#2226);
#1387=LINE('',#19609,#2227);
#1388=LINE('',#19617,#2228);
#1389=LINE('',#19619,#2229);
#1390=LINE('',#19621,#2230);
#1391=LINE('',#19623,#2231);
#1392=LINE('',#19626,#2232);
#1393=LINE('',#19627,#2233);
#1394=LINE('',#19630,#2234);
#1395=LINE('',#19655,#2235);
#1396=LINE('',#19661,#2236);
#1397=LINE('',#19699,#2237);
#1398=LINE('',#19706,#2238);
#1399=LINE('',#19708,#2239);
#1400=LINE('',#19710,#2240);
#1401=LINE('',#19714,#2241);
#1402=LINE('',#19721,#2242);
#1403=LINE('',#19729,#2243);
#1404=LINE('',#19735,#2244);
#1405=LINE('',#19737,#2245);
#1406=LINE('',#19739,#2246);
#1407=LINE('',#19741,#2247);
#1408=LINE('',#19749,#2248);
#1409=LINE('',#19757,#2249);
#1410=LINE('',#19758,#2250);
#1411=LINE('',#19760,#2251);
#1412=LINE('',#19782,#2252);
#1413=LINE('',#19790,#2253);
#1414=LINE('',#19812,#2254);
#1415=LINE('',#19814,#2255);
#1416=LINE('',#19818,#2256);
#1417=LINE('',#19823,#2257);
#1418=LINE('',#19826,#2258);
#1419=LINE('',#19828,#2259);
#1420=LINE('',#19838,#2260);
#1421=LINE('',#19845,#2261);
#1422=LINE('',#19872,#2262);
#1423=LINE('',#19874,#2263);
#1424=LINE('',#19876,#2264);
#1425=LINE('',#19880,#2265);
#1426=LINE('',#19891,#2266);
#1427=LINE('',#19898,#2267);
#1428=LINE('',#19900,#2268);
#1429=LINE('',#19902,#2269);
#1430=LINE('',#19912,#2270);
#1431=LINE('',#19914,#2271);
#1432=LINE('',#19918,#2272);
#1433=LINE('',#19922,#2273);
#1434=LINE('',#19924,#2274);
#1435=LINE('',#19926,#2275);
#1436=LINE('',#19928,#2276);
#1437=LINE('',#19930,#2277);
#1438=LINE('',#19931,#2278);
#1439=LINE('',#19933,#2279);
#1440=LINE('',#19935,#2280);
#1441=LINE('',#19936,#2281);
#1442=LINE('',#19938,#2282);
#1443=LINE('',#19940,#2283);
#1444=LINE('',#19942,#2284);
#1445=LINE('',#19946,#2285);
#1446=LINE('',#19948,#2286);
#1447=LINE('',#19950,#2287);
#1448=LINE('',#19952,#2288);
#1449=LINE('',#19956,#2289);
#1450=LINE('',#19958,#2290);
#1451=LINE('',#19960,#2291);
#1452=LINE('',#19962,#2292);
#1453=LINE('',#19964,#2293);
#1454=LINE('',#19968,#2294);
#1455=LINE('',#19974,#2295);
#1456=LINE('',#19975,#2296);
#1457=LINE('',#19977,#2297);
#1458=LINE('',#19979,#2298);
#1459=LINE('',#19986,#2299);
#1460=LINE('',#19989,#2300);
#1461=LINE('',#20022,#2301);
#1462=LINE('',#20024,#2302);
#1463=LINE('',#20026,#2303);
#1464=LINE('',#20028,#2304);
#1465=LINE('',#20030,#2305);
#1466=LINE('',#20033,#2306);
#1467=VECTOR('',#12389,1.);
#1468=VECTOR('',#12392,1.);
#1469=VECTOR('',#12397,1.);
#1470=VECTOR('',#12400,1.);
#1471=VECTOR('',#12403,1.);
#1472=VECTOR('',#12406,1.);
#1473=VECTOR('',#12413,1.);
#1474=VECTOR('',#12414,1.);
#1475=VECTOR('',#12415,1.);
#1476=VECTOR('',#12416,1.);
#1477=VECTOR('',#12419,1.);
#1478=VECTOR('',#12422,1.);
#1479=VECTOR('',#12423,1.);
#1480=VECTOR('',#12424,1.);
#1481=VECTOR('',#12427,1.);
#1482=VECTOR('',#12430,1.);
#1483=VECTOR('',#12435,1.);
#1484=VECTOR('',#12438,1.);
#1485=VECTOR('',#12439,1.);
#1486=VECTOR('',#12442,1.);
#1487=VECTOR('',#12443,1.);
#1488=VECTOR('',#12448,1.);
#1489=VECTOR('',#12449,1.);
#1490=VECTOR('',#12452,1.);
#1491=VECTOR('',#12455,1.);
#1492=VECTOR('',#12456,1.);
#1493=VECTOR('',#12457,1.);
#1494=VECTOR('',#12460,1.);
#1495=VECTOR('',#12465,1.);
#1496=VECTOR('',#12466,1.);
#1497=VECTOR('',#12467,1.);
#1498=VECTOR('',#12470,1.);
#1499=VECTOR('',#12471,1.);
#1500=VECTOR('',#12472,1.);
#1501=VECTOR('',#12475,1.);
#1502=VECTOR('',#12478,1.);
#1503=VECTOR('',#12479,1.);
#1504=VECTOR('',#12480,1.);
#1505=VECTOR('',#12481,1.);
#1506=VECTOR('',#12484,1.);
#1507=VECTOR('',#12491,1.);
#1508=VECTOR('',#12492,1.);
#1509=VECTOR('',#12493,1.);
#1510=VECTOR('',#12502,1.);
#1511=VECTOR('',#12503,1.);
#1512=VECTOR('',#12504,1.);
#1513=VECTOR('',#12507,1.);
#1514=VECTOR('',#12508,1.);
#1515=VECTOR('',#12509,1.);
#1516=VECTOR('',#12512,1.);
#1517=VECTOR('',#12513,1.);
#1518=VECTOR('',#12514,1.);
#1519=VECTOR('',#12515,1.);
#1520=VECTOR('',#12522,1.);
#1521=VECTOR('',#12523,1.);
#1522=VECTOR('',#12524,1.);
#1523=VECTOR('',#12525,1.);
#1524=VECTOR('',#12664,1.);
#1525=VECTOR('',#12667,1.);
#1526=VECTOR('',#12670,1.);
#1527=VECTOR('',#12673,1.);
#1528=VECTOR('',#12680,1.);
#1529=VECTOR('',#12681,1.);
#1530=VECTOR('',#12682,1.);
#1531=VECTOR('',#12683,1.);
#1532=VECTOR('',#12684,1.);
#1533=VECTOR('',#12687,1.);
#1534=VECTOR('',#12690,1.);
#1535=VECTOR('',#12693,1.);
#1536=VECTOR('',#12696,1.);
#1537=VECTOR('',#12699,1.);
#1538=VECTOR('',#12700,1.);
#1539=VECTOR('',#12701,1.);
#1540=VECTOR('',#12704,1.);
#1541=VECTOR('',#12705,1.);
#1542=VECTOR('',#12706,1.);
#1543=VECTOR('',#12709,1.);
#1544=VECTOR('',#12710,1.);
#1545=VECTOR('',#12711,1.);
#1546=VECTOR('',#12712,1.);
#1547=VECTOR('',#12717,1.);
#1548=VECTOR('',#12718,1.);
#1549=VECTOR('',#12719,1.);
#1550=VECTOR('',#12722,1.);
#1551=VECTOR('',#12723,1.);
#1552=VECTOR('',#12724,1.);
#1553=VECTOR('',#12725,1.);
#1554=VECTOR('',#12726,1.);
#1555=VECTOR('',#12727,1.);
#1556=VECTOR('',#12728,1.);
#1557=VECTOR('',#12729,1.);
#1558=VECTOR('',#12730,1.);
#1559=VECTOR('',#12733,1.);
#1560=VECTOR('',#12734,1.);
#1561=VECTOR('',#12735,1.);
#1562=VECTOR('',#12736,1.);
#1563=VECTOR('',#12737,1.);
#1564=VECTOR('',#12738,1.);
#1565=VECTOR('',#12739,1.);
#1566=VECTOR('',#12740,1.);
#1567=VECTOR('',#12741,1.);
#1568=VECTOR('',#12744,1.);
#1569=VECTOR('',#12747,1.);
#1570=VECTOR('',#12752,1.);
#1571=VECTOR('',#12755,1.);
#1572=VECTOR('',#12760,1.);
#1573=VECTOR('',#12761,1.);
#1574=VECTOR('',#12764,1.);
#1575=VECTOR('',#12767,1.);
#1576=VECTOR('',#12768,1.);
#1577=VECTOR('',#12769,1.);
#1578=VECTOR('',#12770,1.);
#1579=VECTOR('',#12771,1.);
#1580=VECTOR('',#12774,1.);
#1581=VECTOR('',#12777,1.);
#1582=VECTOR('',#12778,1.);
#1583=VECTOR('',#12779,1.);
#1584=VECTOR('',#12780,1.);
#1585=VECTOR('',#12781,1.);
#1586=VECTOR('',#12784,1.);
#1587=VECTOR('',#12787,1.);
#1588=VECTOR('',#12788,1.);
#1589=VECTOR('',#12789,1.);
#1590=VECTOR('',#12790,1.);
#1591=VECTOR('',#12793,1.);
#1592=VECTOR('',#12796,1.);
#1593=VECTOR('',#12799,1.);
#1594=VECTOR('',#12802,1.);
#1595=VECTOR('',#12805,1.);
#1596=VECTOR('',#12806,1.);
#1597=VECTOR('',#12807,1.);
#1598=VECTOR('',#12808,1.);
#1599=VECTOR('',#12809,1.);
#1600=VECTOR('',#12812,1.);
#1601=VECTOR('',#12815,1.);
#1602=VECTOR('',#12816,1.);
#1603=VECTOR('',#12817,1.);
#1604=VECTOR('',#12818,1.);
#1605=VECTOR('',#12819,1.);
#1606=VECTOR('',#12822,1.);
#1607=VECTOR('',#12825,1.);
#1608=VECTOR('',#12826,1.);
#1609=VECTOR('',#12827,1.);
#1610=VECTOR('',#12828,1.);
#1611=VECTOR('',#12831,1.);
#1612=VECTOR('',#12834,1.);
#1613=VECTOR('',#12835,1.);
#1614=VECTOR('',#12840,1.);
#1615=VECTOR('',#12841,1.);
#1616=VECTOR('',#12842,1.);
#1617=VECTOR('',#12843,1.);
#1618=VECTOR('',#12848,1.);
#1619=VECTOR('',#12849,1.);
#1620=VECTOR('',#12854,1.);
#1621=VECTOR('',#12865,1.);
#1622=VECTOR('',#12876,1.);
#1623=VECTOR('',#12885,1.);
#1624=VECTOR('',#12886,1.);
#1625=VECTOR('',#12887,1.);
#1626=VECTOR('',#12888,1.);
#1627=VECTOR('',#12893,1.);
#1628=VECTOR('',#12900,1.);
#1629=VECTOR('',#12913,1.);
#1630=VECTOR('',#12922,1.);
#1631=VECTOR('',#12923,1.);
#1632=VECTOR('',#12924,1.);
#1633=VECTOR('',#12925,1.);
#1634=VECTOR('',#12938,1.);
#1635=VECTOR('',#12949,1.);
#1636=VECTOR('',#12950,1.);
#1637=VECTOR('',#12955,1.);
#1638=VECTOR('',#12964,1.);
#1639=VECTOR('',#12975,1.);
#1640=VECTOR('',#12982,1.);
#1641=VECTOR('',#12985,1.);
#1642=VECTOR('',#12986,1.);
#1643=VECTOR('',#12997,1.);
#1644=VECTOR('',#13002,1.);
#1645=VECTOR('',#13007,1.);
#1646=VECTOR('',#13022,1.);
#1647=VECTOR('',#13023,1.);
#1648=VECTOR('',#13030,1.);
#1649=VECTOR('',#13033,1.);
#1650=VECTOR('',#13036,1.);
#1651=VECTOR('',#13041,1.);
#1652=VECTOR('',#13050,1.);
#1653=VECTOR('',#13055,1.);
#1654=VECTOR('',#13058,1.);
#1655=VECTOR('',#13061,1.);
#1656=VECTOR('',#13082,1.);
#1657=VECTOR('',#13083,1.);
#1658=VECTOR('',#13086,1.);
#1659=VECTOR('',#13087,1.);
#1660=VECTOR('',#13090,1.);
#1661=VECTOR('',#13093,1.);
#1662=VECTOR('',#13094,1.);
#1663=VECTOR('',#13095,1.);
#1664=VECTOR('',#13096,1.);
#1665=VECTOR('',#13099,1.);
#1666=VECTOR('',#13100,1.);
#1667=VECTOR('',#13101,1.);
#1668=VECTOR('',#13104,1.);
#1669=VECTOR('',#13105,1.);
#1670=VECTOR('',#13108,1.);
#1671=VECTOR('',#13109,1.);
#1672=VECTOR('',#13112,1.);
#1673=VECTOR('',#13115,1.);
#1674=VECTOR('',#13118,1.);
#1675=VECTOR('',#13121,1.);
#1676=VECTOR('',#13124,1.);
#1677=VECTOR('',#13127,1.);
#1678=VECTOR('',#13128,1.);
#1679=VECTOR('',#13129,1.);
#1680=VECTOR('',#13132,1.);
#1681=VECTOR('',#13143,1.);
#1682=VECTOR('',#13144,1.);
#1683=VECTOR('',#13147,1.);
#1684=VECTOR('',#13150,1.);
#1685=VECTOR('',#13159,1.);
#1686=VECTOR('',#13164,1.);
#1687=VECTOR('',#13231,1.);
#1688=VECTOR('',#13234,1.);
#1689=VECTOR('',#13237,1.);
#1690=VECTOR('',#13238,1.);
#1691=VECTOR('',#13239,1.);
#1692=VECTOR('',#13242,1.);
#1693=VECTOR('',#13245,1.);
#1694=VECTOR('',#13248,1.);
#1695=VECTOR('',#13251,1.);
#1696=VECTOR('',#13254,1.);
#1697=VECTOR('',#13255,1.);
#1698=VECTOR('',#13256,1.);
#1699=VECTOR('',#13259,1.);
#1700=VECTOR('',#13262,1.);
#1701=VECTOR('',#13265,1.);
#1702=VECTOR('',#13268,1.);
#1703=VECTOR('',#13271,1.);
#1704=VECTOR('',#13274,1.);
#1705=VECTOR('',#13279,1.);
#1706=VECTOR('',#13280,1.);
#1707=VECTOR('',#13283,1.);
#1708=VECTOR('',#13286,1.);
#1709=VECTOR('',#13289,1.);
#1710=VECTOR('',#13292,1.);
#1711=VECTOR('',#13295,1.);
#1712=VECTOR('',#13300,1.);
#1713=VECTOR('',#13305,1.);
#1714=VECTOR('',#13310,1.);
#1715=VECTOR('',#13311,1.);
#1716=VECTOR('',#13312,1.);
#1717=VECTOR('',#13315,1.);
#1718=VECTOR('',#13318,1.);
#1719=VECTOR('',#13319,1.);
#1720=VECTOR('',#13320,1.);
#1721=VECTOR('',#13323,1.);
#1722=VECTOR('',#13330,1.);
#1723=VECTOR('',#13331,1.);
#1724=VECTOR('',#13332,1.);
#1725=VECTOR('',#13335,1.);
#1726=VECTOR('',#13338,1.);
#1727=VECTOR('',#13339,1.);
#1728=VECTOR('',#13344,1.);
#1729=VECTOR('',#13345,1.);
#1730=VECTOR('',#13346,1.);
#1731=VECTOR('',#13349,1.);
#1732=VECTOR('',#13352,1.);
#1733=VECTOR('',#13353,1.);
#1734=VECTOR('',#13358,1.);
#1735=VECTOR('',#13363,1.);
#1736=VECTOR('',#13366,1.);
#1737=VECTOR('',#13367,1.);
#1738=VECTOR('',#13376,1.);
#1739=VECTOR('',#13379,1.);
#1740=VECTOR('',#13382,1.);
#1741=VECTOR('',#13383,1.);
#1742=VECTOR('',#13384,1.);
#1743=VECTOR('',#13385,1.);
#1744=VECTOR('',#13388,1.);
#1745=VECTOR('',#13391,1.);
#1746=VECTOR('',#13392,1.);
#1747=VECTOR('',#13393,1.);
#1748=VECTOR('',#13394,1.);
#1749=VECTOR('',#13395,1.);
#1750=VECTOR('',#13396,1.);
#1751=VECTOR('',#13397,1.);
#1752=VECTOR('',#13398,1.);
#1753=VECTOR('',#13401,1.);
#1754=VECTOR('',#13404,1.);
#1755=VECTOR('',#13405,1.);
#1756=VECTOR('',#13406,1.);
#1757=VECTOR('',#13407,1.);
#1758=VECTOR('',#13410,1.);
#1759=VECTOR('',#13415,1.);
#1760=VECTOR('',#13418,1.);
#1761=VECTOR('',#13425,1.);
#1762=VECTOR('',#13426,1.);
#1763=VECTOR('',#13427,1.);
#1764=VECTOR('',#13428,1.);
#1765=VECTOR('',#13431,1.);
#1766=VECTOR('',#13434,1.);
#1767=VECTOR('',#13435,1.);
#1768=VECTOR('',#13436,1.);
#1769=VECTOR('',#13439,1.);
#1770=VECTOR('',#13442,1.);
#1771=VECTOR('',#13445,1.);
#1772=VECTOR('',#13446,1.);
#1773=VECTOR('',#13449,1.);
#1774=VECTOR('',#13450,1.);
#1775=VECTOR('',#13453,1.);
#1776=VECTOR('',#13460,1.);
#1777=VECTOR('',#13461,1.);
#1778=VECTOR('',#13464,1.);
#1779=VECTOR('',#13465,1.);
#1780=VECTOR('',#13466,1.);
#1781=VECTOR('',#13469,1.);
#1782=VECTOR('',#13472,1.);
#1783=VECTOR('',#13477,1.);
#1784=VECTOR('',#13480,1.);
#1785=VECTOR('',#13481,1.);
#1786=VECTOR('',#13482,1.);
#1787=VECTOR('',#13485,1.);
#1788=VECTOR('',#13486,1.);
#1789=VECTOR('',#13487,1.);
#1790=VECTOR('',#13490,1.);
#1791=VECTOR('',#13491,1.);
#1792=VECTOR('',#13492,1.);
#1793=VECTOR('',#13493,1.);
#1794=VECTOR('',#13496,1.);
#1795=VECTOR('',#13503,1.);
#1796=VECTOR('',#13504,1.);
#1797=VECTOR('',#13505,1.);
#1798=VECTOR('',#13514,1.);
#1799=VECTOR('',#13515,1.);
#1800=VECTOR('',#13516,1.);
#1801=VECTOR('',#13519,1.);
#1802=VECTOR('',#13520,1.);
#1803=VECTOR('',#13521,1.);
#1804=VECTOR('',#13524,1.);
#1805=VECTOR('',#13525,1.);
#1806=VECTOR('',#13526,1.);
#1807=VECTOR('',#13527,1.);
#1808=VECTOR('',#13536,1.);
#1809=VECTOR('',#13537,1.);
#1810=VECTOR('',#13538,1.);
#1811=VECTOR('',#13539,1.);
#1812=VECTOR('',#13678,1.);
#1813=VECTOR('',#13681,1.);
#1814=VECTOR('',#13684,1.);
#1815=VECTOR('',#13687,1.);
#1816=VECTOR('',#13694,1.);
#1817=VECTOR('',#13695,1.);
#1818=VECTOR('',#13696,1.);
#1819=VECTOR('',#13697,1.);
#1820=VECTOR('',#13698,1.);
#1821=VECTOR('',#13701,1.);
#1822=VECTOR('',#13704,1.);
#1823=VECTOR('',#13707,1.);
#1824=VECTOR('',#13710,1.);
#1825=VECTOR('',#13713,1.);
#1826=VECTOR('',#13714,1.);
#1827=VECTOR('',#13715,1.);
#1828=VECTOR('',#13716,1.);
#1829=VECTOR('',#13719,1.);
#1830=VECTOR('',#13720,1.);
#1831=VECTOR('',#13723,1.);
#1832=VECTOR('',#13724,1.);
#1833=VECTOR('',#13725,1.);
#1834=VECTOR('',#13726,1.);
#1835=VECTOR('',#13731,1.);
#1836=VECTOR('',#13732,1.);
#1837=VECTOR('',#13733,1.);
#1838=VECTOR('',#13736,1.);
#1839=VECTOR('',#13737,1.);
#1840=VECTOR('',#13738,1.);
#1841=VECTOR('',#13739,1.);
#1842=VECTOR('',#13740,1.);
#1843=VECTOR('',#13741,1.);
#1844=VECTOR('',#13744,1.);
#1845=VECTOR('',#13745,1.);
#1846=VECTOR('',#13746,1.);
#1847=VECTOR('',#13747,1.);
#1848=VECTOR('',#13748,1.);
#1849=VECTOR('',#13749,1.);
#1850=VECTOR('',#13764,1.);
#1851=VECTOR('',#13765,1.);
#1852=VECTOR('',#13766,1.);
#1853=VECTOR('',#13767,1.);
#1854=VECTOR('',#13772,1.);
#1855=VECTOR('',#13773,1.);
#1856=VECTOR('',#13778,1.);
#1857=VECTOR('',#13791,1.);
#1858=VECTOR('',#13800,1.);
#1859=VECTOR('',#13811,1.);
#1860=VECTOR('',#13814,1.);
#1861=VECTOR('',#13815,1.);
#1862=VECTOR('',#13816,1.);
#1863=VECTOR('',#13821,1.);
#1864=VECTOR('',#13830,1.);
#1865=VECTOR('',#13841,1.);
#1866=VECTOR('',#13850,1.);
#1867=VECTOR('',#13851,1.);
#1868=VECTOR('',#13852,1.);
#1869=VECTOR('',#13853,1.);
#1870=VECTOR('',#13866,1.);
#1871=VECTOR('',#13877,1.);
#1872=VECTOR('',#13878,1.);
#1873=VECTOR('',#13881,1.);
#1874=VECTOR('',#13890,1.);
#1875=VECTOR('',#13901,1.);
#1876=VECTOR('',#13910,1.);
#1877=VECTOR('',#13913,1.);
#1878=VECTOR('',#13916,1.);
#1879=VECTOR('',#13925,1.);
#1880=VECTOR('',#13930,1.);
#1881=VECTOR('',#13933,1.);
#1882=VECTOR('',#13950,1.);
#1883=VECTOR('',#13951,1.);
#1884=VECTOR('',#13956,1.);
#1885=VECTOR('',#13959,1.);
#1886=VECTOR('',#13962,1.);
#1887=VECTOR('',#13967,1.);
#1888=VECTOR('',#13978,1.);
#1889=VECTOR('',#13983,1.);
#1890=VECTOR('',#13986,1.);
#1891=VECTOR('',#13989,1.);
#1892=VECTOR('',#14008,1.);
#1893=VECTOR('',#14009,1.);
#1894=VECTOR('',#14014,1.);
#1895=VECTOR('',#14017,1.);
#1896=VECTOR('',#14018,1.);
#1897=VECTOR('',#14021,1.);
#1898=VECTOR('',#14022,1.);
#1899=VECTOR('',#14023,1.);
#1900=VECTOR('',#14024,1.);
#1901=VECTOR('',#14027,1.);
#1902=VECTOR('',#14028,1.);
#1903=VECTOR('',#14029,1.);
#1904=VECTOR('',#14032,1.);
#1905=VECTOR('',#14033,1.);
#1906=VECTOR('',#14036,1.);
#1907=VECTOR('',#14039,1.);
#1908=VECTOR('',#14040,1.);
#1909=VECTOR('',#14043,1.);
#1910=VECTOR('',#14044,1.);
#1911=VECTOR('',#14049,1.);
#1912=VECTOR('',#14052,1.);
#1913=VECTOR('',#14055,1.);
#1914=VECTOR('',#14056,1.);
#1915=VECTOR('',#14057,1.);
#1916=VECTOR('',#14062,1.);
#1917=VECTOR('',#14071,1.);
#1918=VECTOR('',#14072,1.);
#1919=VECTOR('',#14075,1.);
#1920=VECTOR('',#14076,1.);
#1921=VECTOR('',#14087,1.);
#1922=VECTOR('',#14092,1.);
#1923=VECTOR('',#14155,1.);
#1924=VECTOR('',#14162,1.);
#1925=VECTOR('',#14165,1.);
#1926=VECTOR('',#14168,1.);
#1927=VECTOR('',#14171,1.);
#1928=VECTOR('',#14176,1.);
#1929=VECTOR('',#14177,1.);
#1930=VECTOR('',#14178,1.);
#1931=VECTOR('',#14179,1.);
#1932=VECTOR('',#14182,1.);
#1933=VECTOR('',#14185,1.);
#1934=VECTOR('',#14186,1.);
#1935=VECTOR('',#14187,1.);
#1936=VECTOR('',#14190,1.);
#1937=VECTOR('',#14193,1.);
#1938=VECTOR('',#14198,1.);
#1939=VECTOR('',#14201,1.);
#1940=VECTOR('',#14202,1.);
#1941=VECTOR('',#14205,1.);
#1942=VECTOR('',#14206,1.);
#1943=VECTOR('',#14211,1.);
#1944=VECTOR('',#14212,1.);
#1945=VECTOR('',#14215,1.);
#1946=VECTOR('',#14218,1.);
#1947=VECTOR('',#14219,1.);
#1948=VECTOR('',#14220,1.);
#1949=VECTOR('',#14223,1.);
#1950=VECTOR('',#14228,1.);
#1951=VECTOR('',#14229,1.);
#1952=VECTOR('',#14230,1.);
#1953=VECTOR('',#14233,1.);
#1954=VECTOR('',#14234,1.);
#1955=VECTOR('',#14235,1.);
#1956=VECTOR('',#14238,1.);
#1957=VECTOR('',#14241,1.);
#1958=VECTOR('',#14242,1.);
#1959=VECTOR('',#14243,1.);
#1960=VECTOR('',#14244,1.);
#1961=VECTOR('',#14247,1.);
#1962=VECTOR('',#14254,1.);
#1963=VECTOR('',#14255,1.);
#1964=VECTOR('',#14256,1.);
#1965=VECTOR('',#14265,1.);
#1966=VECTOR('',#14266,1.);
#1967=VECTOR('',#14267,1.);
#1968=VECTOR('',#14270,1.);
#1969=VECTOR('',#14271,1.);
#1970=VECTOR('',#14272,1.);
#1971=VECTOR('',#14275,1.);
#1972=VECTOR('',#14278,1.);
#1973=VECTOR('',#14279,1.);
#1974=VECTOR('',#14280,1.);
#1975=VECTOR('',#14287,1.);
#1976=VECTOR('',#14288,1.);
#1977=VECTOR('',#14289,1.);
#1978=VECTOR('',#14290,1.);
#1979=VECTOR('',#14425,1.);
#1980=VECTOR('',#14428,1.);
#1981=VECTOR('',#14431,1.);
#1982=VECTOR('',#14434,1.);
#1983=VECTOR('',#14441,1.);
#1984=VECTOR('',#14442,1.);
#1985=VECTOR('',#14443,1.);
#1986=VECTOR('',#14444,1.);
#1987=VECTOR('',#14445,1.);
#1988=VECTOR('',#14448,1.);
#1989=VECTOR('',#14451,1.);
#1990=VECTOR('',#14454,1.);
#1991=VECTOR('',#14457,1.);
#1992=VECTOR('',#14460,1.);
#1993=VECTOR('',#14461,1.);
#1994=VECTOR('',#14462,1.);
#1995=VECTOR('',#14465,1.);
#1996=VECTOR('',#14466,1.);
#1997=VECTOR('',#14467,1.);
#1998=VECTOR('',#14470,1.);
#1999=VECTOR('',#14471,1.);
#2000=VECTOR('',#14472,1.);
#2001=VECTOR('',#14473,1.);
#2002=VECTOR('',#14478,1.);
#2003=VECTOR('',#14479,1.);
#2004=VECTOR('',#14480,1.);
#2005=VECTOR('',#14483,1.);
#2006=VECTOR('',#14484,1.);
#2007=VECTOR('',#14485,1.);
#2008=VECTOR('',#14486,1.);
#2009=VECTOR('',#14487,1.);
#2010=VECTOR('',#14488,1.);
#2011=VECTOR('',#14489,1.);
#2012=VECTOR('',#14490,1.);
#2013=VECTOR('',#14491,1.);
#2014=VECTOR('',#14494,1.);
#2015=VECTOR('',#14495,1.);
#2016=VECTOR('',#14496,1.);
#2017=VECTOR('',#14497,1.);
#2018=VECTOR('',#14498,1.);
#2019=VECTOR('',#14499,1.);
#2020=VECTOR('',#14502,1.);
#2021=VECTOR('',#14511,1.);
#2022=VECTOR('',#14518,1.);
#2023=VECTOR('',#14519,1.);
#2024=VECTOR('',#14520,1.);
#2025=VECTOR('',#14525,1.);
#2026=VECTOR('',#14526,1.);
#2027=VECTOR('',#14531,1.);
#2028=VECTOR('',#14532,1.);
#2029=VECTOR('',#14535,1.);
#2030=VECTOR('',#14536,1.);
#2031=VECTOR('',#14539,1.);
#2032=VECTOR('',#14542,1.);
#2033=VECTOR('',#14543,1.);
#2034=VECTOR('',#14544,1.);
#2035=VECTOR('',#14545,1.);
#2036=VECTOR('',#14546,1.);
#2037=VECTOR('',#14549,1.);
#2038=VECTOR('',#14552,1.);
#2039=VECTOR('',#14553,1.);
#2040=VECTOR('',#14554,1.);
#2041=VECTOR('',#14555,1.);
#2042=VECTOR('',#14556,1.);
#2043=VECTOR('',#14559,1.);
#2044=VECTOR('',#14562,1.);
#2045=VECTOR('',#14563,1.);
#2046=VECTOR('',#14564,1.);
#2047=VECTOR('',#14565,1.);
#2048=VECTOR('',#14568,1.);
#2049=VECTOR('',#14571,1.);
#2050=VECTOR('',#14582,1.);
#2051=VECTOR('',#14593,1.);
#2052=VECTOR('',#14602,1.);
#2053=VECTOR('',#14603,1.);
#2054=VECTOR('',#14604,1.);
#2055=VECTOR('',#14605,1.);
#2056=VECTOR('',#14610,1.);
#2057=VECTOR('',#14617,1.);
#2058=VECTOR('',#14630,1.);
#2059=VECTOR('',#14639,1.);
#2060=VECTOR('',#14640,1.);
#2061=VECTOR('',#14641,1.);
#2062=VECTOR('',#14642,1.);
#2063=VECTOR('',#14655,1.);
#2064=VECTOR('',#14666,1.);
#2065=VECTOR('',#14667,1.);
#2066=VECTOR('',#14672,1.);
#2067=VECTOR('',#14681,1.);
#2068=VECTOR('',#14692,1.);
#2069=VECTOR('',#14699,1.);
#2070=VECTOR('',#14702,1.);
#2071=VECTOR('',#14703,1.);
#2072=VECTOR('',#14714,1.);
#2073=VECTOR('',#14719,1.);
#2074=VECTOR('',#14724,1.);
#2075=VECTOR('',#14739,1.);
#2076=VECTOR('',#14740,1.);
#2077=VECTOR('',#14747,1.);
#2078=VECTOR('',#14750,1.);
#2079=VECTOR('',#14753,1.);
#2080=VECTOR('',#14758,1.);
#2081=VECTOR('',#14767,1.);
#2082=VECTOR('',#14772,1.);
#2083=VECTOR('',#14775,1.);
#2084=VECTOR('',#14778,1.);
#2085=VECTOR('',#14799,1.);
#2086=VECTOR('',#14800,1.);
#2087=VECTOR('',#14803,1.);
#2088=VECTOR('',#14804,1.);
#2089=VECTOR('',#14807,1.);
#2090=VECTOR('',#14810,1.);
#2091=VECTOR('',#14811,1.);
#2092=VECTOR('',#14812,1.);
#2093=VECTOR('',#14813,1.);
#2094=VECTOR('',#14816,1.);
#2095=VECTOR('',#14817,1.);
#2096=VECTOR('',#14818,1.);
#2097=VECTOR('',#14821,1.);
#2098=VECTOR('',#14822,1.);
#2099=VECTOR('',#14825,1.);
#2100=VECTOR('',#14828,1.);
#2101=VECTOR('',#14831,1.);
#2102=VECTOR('',#14834,1.);
#2103=VECTOR('',#14835,1.);
#2104=VECTOR('',#14838,1.);
#2105=VECTOR('',#14841,1.);
#2106=VECTOR('',#14844,1.);
#2107=VECTOR('',#14845,1.);
#2108=VECTOR('',#14846,1.);
#2109=VECTOR('',#14849,1.);
#2110=VECTOR('',#14860,1.);
#2111=VECTOR('',#14861,1.);
#2112=VECTOR('',#14864,1.);
#2113=VECTOR('',#14867,1.);
#2114=VECTOR('',#14876,1.);
#2115=VECTOR('',#14881,1.);
#2116=VECTOR('',#14946,1.);
#2117=VECTOR('',#14949,1.);
#2118=VECTOR('',#14952,1.);
#2119=VECTOR('',#14953,1.);
#2120=VECTOR('',#14954,1.);
#2121=VECTOR('',#14957,1.);
#2122=VECTOR('',#14960,1.);
#2123=VECTOR('',#14963,1.);
#2124=VECTOR('',#14966,1.);
#2125=VECTOR('',#14971,1.);
#2126=VECTOR('',#14972,1.);
#2127=VECTOR('',#14975,1.);
#2128=VECTOR('',#14978,1.);
#2129=VECTOR('',#14981,1.);
#2130=VECTOR('',#14984,1.);
#2131=VECTOR('',#14987,1.);
#2132=VECTOR('',#14992,1.);
#2133=VECTOR('',#14997,1.);
#2134=VECTOR('',#15006,1.);
#2135=VECTOR('',#15009,1.);
#2136=VECTOR('',#15012,1.);
#2137=VECTOR('',#15017,1.);
#2138=VECTOR('',#15018,1.);
#2139=VECTOR('',#15019,1.);
#2140=VECTOR('',#15020,1.);
#2141=VECTOR('',#15023,1.);
#2142=VECTOR('',#15026,1.);
#2143=VECTOR('',#15027,1.);
#2144=VECTOR('',#15028,1.);
#2145=VECTOR('',#15031,1.);
#2146=VECTOR('',#15034,1.);
#2147=VECTOR('',#15037,1.);
#2148=VECTOR('',#15038,1.);
#2149=VECTOR('',#15041,1.);
#2150=VECTOR('',#15042,1.);
#2151=VECTOR('',#15045,1.);
#2152=VECTOR('',#15052,1.);
#2153=VECTOR('',#15053,1.);
#2154=VECTOR('',#15056,1.);
#2155=VECTOR('',#15057,1.);
#2156=VECTOR('',#15058,1.);
#2157=VECTOR('',#15061,1.);
#2158=VECTOR('',#15064,1.);
#2159=VECTOR('',#15069,1.);
#2160=VECTOR('',#15072,1.);
#2161=VECTOR('',#15073,1.);
#2162=VECTOR('',#15074,1.);
#2163=VECTOR('',#15077,1.);
#2164=VECTOR('',#15078,1.);
#2165=VECTOR('',#15079,1.);
#2166=VECTOR('',#15082,1.);
#2167=VECTOR('',#15083,1.);
#2168=VECTOR('',#15084,1.);
#2169=VECTOR('',#15085,1.);
#2170=VECTOR('',#15088,1.);
#2171=VECTOR('',#15095,1.);
#2172=VECTOR('',#15096,1.);
#2173=VECTOR('',#15097,1.);
#2174=VECTOR('',#15106,1.);
#2175=VECTOR('',#15107,1.);
#2176=VECTOR('',#15108,1.);
#2177=VECTOR('',#15111,1.);
#2178=VECTOR('',#15112,1.);
#2179=VECTOR('',#15113,1.);
#2180=VECTOR('',#15116,1.);
#2181=VECTOR('',#15117,1.);
#2182=VECTOR('',#15118,1.);
#2183=VECTOR('',#15119,1.);
#2184=VECTOR('',#15126,1.);
#2185=VECTOR('',#15127,1.);
#2186=VECTOR('',#15128,1.);
#2187=VECTOR('',#15129,1.);
#2188=VECTOR('',#15266,1.);
#2189=VECTOR('',#15269,1.);
#2190=VECTOR('',#15272,1.);
#2191=VECTOR('',#15275,1.);
#2192=VECTOR('',#15282,1.);
#2193=VECTOR('',#15283,1.);
#2194=VECTOR('',#15284,1.);
#2195=VECTOR('',#15285,1.);
#2196=VECTOR('',#15286,1.);
#2197=VECTOR('',#15289,1.);
#2198=VECTOR('',#15292,1.);
#2199=VECTOR('',#15295,1.);
#2200=VECTOR('',#15298,1.);
#2201=VECTOR('',#15301,1.);
#2202=VECTOR('',#15302,1.);
#2203=VECTOR('',#15303,1.);
#2204=VECTOR('',#15304,1.);
#2205=VECTOR('',#15307,1.);
#2206=VECTOR('',#15308,1.);
#2207=VECTOR('',#15311,1.);
#2208=VECTOR('',#15312,1.);
#2209=VECTOR('',#15313,1.);
#2210=VECTOR('',#15314,1.);
#2211=VECTOR('',#15319,1.);
#2212=VECTOR('',#15320,1.);
#2213=VECTOR('',#15321,1.);
#2214=VECTOR('',#15324,1.);
#2215=VECTOR('',#15325,1.);
#2216=VECTOR('',#15326,1.);
#2217=VECTOR('',#15327,1.);
#2218=VECTOR('',#15328,1.);
#2219=VECTOR('',#15329,1.);
#2220=VECTOR('',#15332,1.);
#2221=VECTOR('',#15333,1.);
#2222=VECTOR('',#15334,1.);
#2223=VECTOR('',#15335,1.);
#2224=VECTOR('',#15336,1.);
#2225=VECTOR('',#15337,1.);
#2226=VECTOR('',#15338,1.);
#2227=VECTOR('',#15339,1.);
#2228=VECTOR('',#15354,1.);
#2229=VECTOR('',#15355,1.);
#2230=VECTOR('',#15356,1.);
#2231=VECTOR('',#15357,1.);
#2232=VECTOR('',#15362,1.);
#2233=VECTOR('',#15363,1.);
#2234=VECTOR('',#15368,1.);
#2235=VECTOR('',#15381,1.);
#2236=VECTOR('',#15390,1.);
#2237=VECTOR('',#15401,1.);
#2238=VECTOR('',#15402,1.);
#2239=VECTOR('',#15403,1.);
#2240=VECTOR('',#15404,1.);
#2241=VECTOR('',#15409,1.);
#2242=VECTOR('',#15418,1.);
#2243=VECTOR('',#15429,1.);
#2244=VECTOR('',#15438,1.);
#2245=VECTOR('',#15439,1.);
#2246=VECTOR('',#15440,1.);
#2247=VECTOR('',#15441,1.);
#2248=VECTOR('',#15454,1.);
#2249=VECTOR('',#15465,1.);
#2250=VECTOR('',#15466,1.);
#2251=VECTOR('',#15469,1.);
#2252=VECTOR('',#15478,1.);
#2253=VECTOR('',#15489,1.);
#2254=VECTOR('',#15498,1.);
#2255=VECTOR('',#15501,1.);
#2256=VECTOR('',#15504,1.);
#2257=VECTOR('',#15513,1.);
#2258=VECTOR('',#15518,1.);
#2259=VECTOR('',#15521,1.);
#2260=VECTOR('',#15538,1.);
#2261=VECTOR('',#15539,1.);
#2262=VECTOR('',#15546,1.);
#2263=VECTOR('',#15549,1.);
#2264=VECTOR('',#15552,1.);
#2265=VECTOR('',#15557,1.);
#2266=VECTOR('',#15566,1.);
#2267=VECTOR('',#15571,1.);
#2268=VECTOR('',#15574,1.);
#2269=VECTOR('',#15577,1.);
#2270=VECTOR('',#15596,1.);
#2271=VECTOR('',#15597,1.);
#2272=VECTOR('',#15602,1.);
#2273=VECTOR('',#15605,1.);
#2274=VECTOR('',#15606,1.);
#2275=VECTOR('',#15609,1.);
#2276=VECTOR('',#15610,1.);
#2277=VECTOR('',#15611,1.);
#2278=VECTOR('',#15612,1.);
#2279=VECTOR('',#15615,1.);
#2280=VECTOR('',#15616,1.);
#2281=VECTOR('',#15617,1.);
#2282=VECTOR('',#15620,1.);
#2283=VECTOR('',#15621,1.);
#2284=VECTOR('',#15624,1.);
#2285=VECTOR('',#15627,1.);
#2286=VECTOR('',#15628,1.);
#2287=VECTOR('',#15631,1.);
#2288=VECTOR('',#15632,1.);
#2289=VECTOR('',#15637,1.);
#2290=VECTOR('',#15640,1.);
#2291=VECTOR('',#15643,1.);
#2292=VECTOR('',#15644,1.);
#2293=VECTOR('',#15645,1.);
#2294=VECTOR('',#15650,1.);
#2295=VECTOR('',#15659,1.);
#2296=VECTOR('',#15660,1.);
#2297=VECTOR('',#15663,1.);
#2298=VECTOR('',#15664,1.);
#2299=VECTOR('',#15675,1.);
#2300=VECTOR('',#15680,1.);
#2301=VECTOR('',#15745,1.);
#2302=VECTOR('',#15748,1.);
#2303=VECTOR('',#15751,1.);
#2304=VECTOR('',#15754,1.);
#2305=VECTOR('',#15757,1.);
#2306=VECTOR('',#15762,1.);
#2307=ORIENTED_EDGE('',*,*,#5595,.F.);
#2308=ORIENTED_EDGE('',*,*,#5596,.F.);
#2309=ORIENTED_EDGE('',*,*,#5597,.F.);
#2310=ORIENTED_EDGE('',*,*,#5598,.F.);
#2311=ORIENTED_EDGE('',*,*,#5599,.F.);
#2312=ORIENTED_EDGE('',*,*,#5600,.F.);
#2313=ORIENTED_EDGE('',*,*,#5601,.T.);
#2314=ORIENTED_EDGE('',*,*,#5602,.F.);
#2315=ORIENTED_EDGE('',*,*,#5603,.F.);
#2316=ORIENTED_EDGE('',*,*,#5604,.T.);
#2317=ORIENTED_EDGE('',*,*,#5605,.F.);
#2318=ORIENTED_EDGE('',*,*,#5606,.F.);
#2319=ORIENTED_EDGE('',*,*,#5607,.T.);
#2320=ORIENTED_EDGE('',*,*,#5608,.T.);
#2321=ORIENTED_EDGE('',*,*,#5609,.T.);
#2322=ORIENTED_EDGE('',*,*,#5610,.T.);
#2323=ORIENTED_EDGE('',*,*,#5611,.T.);
#2324=ORIENTED_EDGE('',*,*,#5612,.F.);
#2325=ORIENTED_EDGE('',*,*,#5613,.T.);
#2326=ORIENTED_EDGE('',*,*,#5614,.T.);
#2327=ORIENTED_EDGE('',*,*,#5612,.T.);
#2328=ORIENTED_EDGE('',*,*,#5615,.T.);
#2329=ORIENTED_EDGE('',*,*,#5616,.T.);
#2330=ORIENTED_EDGE('',*,*,#5617,.F.);
#2331=ORIENTED_EDGE('',*,*,#5618,.T.);
#2332=ORIENTED_EDGE('',*,*,#5619,.T.);
#2333=ORIENTED_EDGE('',*,*,#5617,.T.);
#2334=ORIENTED_EDGE('',*,*,#5620,.T.);
#2335=ORIENTED_EDGE('',*,*,#5621,.T.);
#2336=ORIENTED_EDGE('',*,*,#5622,.F.);
#2337=ORIENTED_EDGE('',*,*,#5623,.F.);
#2338=ORIENTED_EDGE('',*,*,#5624,.T.);
#2339=ORIENTED_EDGE('',*,*,#5622,.T.);
#2340=ORIENTED_EDGE('',*,*,#5625,.T.);
#2341=ORIENTED_EDGE('',*,*,#5626,.T.);
#2342=ORIENTED_EDGE('',*,*,#5627,.T.);
#2343=ORIENTED_EDGE('',*,*,#5623,.T.);
#2344=ORIENTED_EDGE('',*,*,#5628,.T.);
#2345=ORIENTED_EDGE('',*,*,#5629,.T.);
#2346=ORIENTED_EDGE('',*,*,#5630,.T.);
#2347=ORIENTED_EDGE('',*,*,#5631,.T.);
#2348=ORIENTED_EDGE('',*,*,#5632,.T.);
#2349=ORIENTED_EDGE('',*,*,#5633,.T.);
#2350=ORIENTED_EDGE('',*,*,#5634,.T.);
#2351=ORIENTED_EDGE('',*,*,#5635,.T.);
#2352=ORIENTED_EDGE('',*,*,#5636,.T.);
#2353=ORIENTED_EDGE('',*,*,#5637,.T.);
#2354=ORIENTED_EDGE('',*,*,#5638,.T.);
#2355=ORIENTED_EDGE('',*,*,#5639,.T.);
#2356=ORIENTED_EDGE('',*,*,#5640,.T.);
#2357=ORIENTED_EDGE('',*,*,#5641,.T.);
#2358=ORIENTED_EDGE('',*,*,#5642,.T.);
#2359=ORIENTED_EDGE('',*,*,#5643,.T.);
#2360=ORIENTED_EDGE('',*,*,#5644,.T.);
#2361=ORIENTED_EDGE('',*,*,#5645,.T.);
#2362=ORIENTED_EDGE('',*,*,#5646,.T.);
#2363=ORIENTED_EDGE('',*,*,#5647,.T.);
#2364=ORIENTED_EDGE('',*,*,#5648,.T.);
#2365=ORIENTED_EDGE('',*,*,#5649,.F.);
#2366=ORIENTED_EDGE('',*,*,#5650,.T.);
#2367=ORIENTED_EDGE('',*,*,#5651,.T.);
#2368=ORIENTED_EDGE('',*,*,#5652,.T.);
#2369=ORIENTED_EDGE('',*,*,#5653,.T.);
#2370=ORIENTED_EDGE('',*,*,#5654,.T.);
#2371=ORIENTED_EDGE('',*,*,#5655,.T.);
#2372=ORIENTED_EDGE('',*,*,#5656,.T.);
#2373=ORIENTED_EDGE('',*,*,#5657,.F.);
#2374=ORIENTED_EDGE('',*,*,#5658,.T.);
#2375=ORIENTED_EDGE('',*,*,#5659,.T.);
#2376=ORIENTED_EDGE('',*,*,#5660,.T.);
#2377=ORIENTED_EDGE('',*,*,#5661,.F.);
#2378=ORIENTED_EDGE('',*,*,#5662,.T.);
#2379=ORIENTED_EDGE('',*,*,#5657,.T.);
#2380=ORIENTED_EDGE('',*,*,#5663,.T.);
#2381=ORIENTED_EDGE('',*,*,#5664,.F.);
#2382=ORIENTED_EDGE('',*,*,#5665,.T.);
#2383=ORIENTED_EDGE('',*,*,#5661,.T.);
#2384=ORIENTED_EDGE('',*,*,#5666,.T.);
#2385=ORIENTED_EDGE('',*,*,#5609,.F.);
#2386=ORIENTED_EDGE('',*,*,#5667,.T.);
#2387=ORIENTED_EDGE('',*,*,#5664,.T.);
#2388=ORIENTED_EDGE('',*,*,#5668,.T.);
#2389=ORIENTED_EDGE('',*,*,#5669,.T.);
#2390=ORIENTED_EDGE('',*,*,#5670,.T.);
#2391=ORIENTED_EDGE('',*,*,#5671,.T.);
#2392=ORIENTED_EDGE('',*,*,#5605,.T.);
#2393=ORIENTED_EDGE('',*,*,#5672,.T.);
#2394=ORIENTED_EDGE('',*,*,#5673,.T.);
#2395=ORIENTED_EDGE('',*,*,#5674,.T.);
#2396=ORIENTED_EDGE('',*,*,#5603,.T.);
#2397=ORIENTED_EDGE('',*,*,#5675,.T.);
#2398=ORIENTED_EDGE('',*,*,#5676,.T.);
#2399=ORIENTED_EDGE('',*,*,#5677,.T.);
#2400=ORIENTED_EDGE('',*,*,#5678,.T.);
#2401=ORIENTED_EDGE('',*,*,#5679,.T.);
#2402=ORIENTED_EDGE('',*,*,#5680,.T.);
#2403=ORIENTED_EDGE('',*,*,#5681,.T.);
#2404=ORIENTED_EDGE('',*,*,#5679,.F.);
#2405=ORIENTED_EDGE('',*,*,#5682,.T.);
#2406=ORIENTED_EDGE('',*,*,#5683,.T.);
#2407=ORIENTED_EDGE('',*,*,#5684,.T.);
#2408=ORIENTED_EDGE('',*,*,#5685,.T.);
#2409=ORIENTED_EDGE('',*,*,#5686,.F.);
#2410=ORIENTED_EDGE('',*,*,#5687,.T.);
#2411=ORIENTED_EDGE('',*,*,#5686,.T.);
#2412=ORIENTED_EDGE('',*,*,#5688,.T.);
#2413=ORIENTED_EDGE('',*,*,#5689,.T.);
#2414=ORIENTED_EDGE('',*,*,#5690,.T.);
#2415=ORIENTED_EDGE('',*,*,#5643,.F.);
#2416=ORIENTED_EDGE('',*,*,#5691,.T.);
#2417=ORIENTED_EDGE('',*,*,#5692,.T.);
#2418=ORIENTED_EDGE('',*,*,#5683,.F.);
#2419=ORIENTED_EDGE('',*,*,#5693,.T.);
#2420=ORIENTED_EDGE('',*,*,#5694,.T.);
#2421=ORIENTED_EDGE('',*,*,#5695,.T.);
#2422=ORIENTED_EDGE('',*,*,#5653,.F.);
#2423=ORIENTED_EDGE('',*,*,#5696,.T.);
#2424=ORIENTED_EDGE('',*,*,#5677,.F.);
#2425=ORIENTED_EDGE('',*,*,#5632,.F.);
#2426=ORIENTED_EDGE('',*,*,#5697,.T.);
#2427=ORIENTED_EDGE('',*,*,#5669,.F.);
#2428=ORIENTED_EDGE('',*,*,#5698,.F.);
#2429=ORIENTED_EDGE('',*,*,#5698,.T.);
#2430=ORIENTED_EDGE('',*,*,#5604,.F.);
#2431=ORIENTED_EDGE('',*,*,#5699,.F.);
#2432=ORIENTED_EDGE('',*,*,#5633,.F.);
#2433=ORIENTED_EDGE('',*,*,#5674,.F.);
#2434=ORIENTED_EDGE('',*,*,#5700,.T.);
#2435=ORIENTED_EDGE('',*,*,#5634,.F.);
#2436=ORIENTED_EDGE('',*,*,#5699,.T.);
#2437=ORIENTED_EDGE('',*,*,#5701,.F.);
#2438=ORIENTED_EDGE('',*,*,#5646,.F.);
#2439=ORIENTED_EDGE('',*,*,#5702,.F.);
#2440=ORIENTED_EDGE('',*,*,#5673,.F.);
#2441=ORIENTED_EDGE('',*,*,#5702,.T.);
#2442=ORIENTED_EDGE('',*,*,#5645,.F.);
#2443=ORIENTED_EDGE('',*,*,#5703,.F.);
#2444=ORIENTED_EDGE('',*,*,#5700,.F.);
#2445=ORIENTED_EDGE('',*,*,#5703,.T.);
#2446=ORIENTED_EDGE('',*,*,#5644,.F.);
#2447=ORIENTED_EDGE('',*,*,#5704,.F.);
#2448=ORIENTED_EDGE('',*,*,#5635,.F.);
#2449=ORIENTED_EDGE('',*,*,#5704,.T.);
#2450=ORIENTED_EDGE('',*,*,#5693,.F.);
#2451=ORIENTED_EDGE('',*,*,#5705,.F.);
#2452=ORIENTED_EDGE('',*,*,#5636,.F.);
#2453=ORIENTED_EDGE('',*,*,#5705,.T.);
#2454=ORIENTED_EDGE('',*,*,#5687,.F.);
#2455=ORIENTED_EDGE('',*,*,#5706,.F.);
#2456=ORIENTED_EDGE('',*,*,#5626,.F.);
#2457=ORIENTED_EDGE('',*,*,#5706,.T.);
#2458=ORIENTED_EDGE('',*,*,#5690,.F.);
#2459=ORIENTED_EDGE('',*,*,#5707,.F.);
#2460=ORIENTED_EDGE('',*,*,#5627,.F.);
#2461=ORIENTED_EDGE('',*,*,#5707,.T.);
#2462=ORIENTED_EDGE('',*,*,#5689,.F.);
#2463=ORIENTED_EDGE('',*,*,#5708,.F.);
#2464=ORIENTED_EDGE('',*,*,#5624,.F.);
#2465=ORIENTED_EDGE('',*,*,#5708,.T.);
#2466=ORIENTED_EDGE('',*,*,#5688,.F.);
#2467=ORIENTED_EDGE('',*,*,#5709,.F.);
#2468=ORIENTED_EDGE('',*,*,#5618,.F.);
#2469=ORIENTED_EDGE('',*,*,#5709,.T.);
#2470=ORIENTED_EDGE('',*,*,#5685,.F.);
#2471=ORIENTED_EDGE('',*,*,#5710,.F.);
#2472=ORIENTED_EDGE('',*,*,#5619,.F.);
#2473=ORIENTED_EDGE('',*,*,#5710,.T.);
#2474=ORIENTED_EDGE('',*,*,#5684,.F.);
#2475=ORIENTED_EDGE('',*,*,#5711,.F.);
#2476=ORIENTED_EDGE('',*,*,#5613,.F.);
#2477=ORIENTED_EDGE('',*,*,#5711,.T.);
#2478=ORIENTED_EDGE('',*,*,#5692,.F.);
#2479=ORIENTED_EDGE('',*,*,#5712,.F.);
#2480=ORIENTED_EDGE('',*,*,#5614,.F.);
#2481=ORIENTED_EDGE('',*,*,#5712,.T.);
#2482=ORIENTED_EDGE('',*,*,#5691,.F.);
#2483=ORIENTED_EDGE('',*,*,#5713,.F.);
#2484=ORIENTED_EDGE('',*,*,#5607,.F.);
#2485=ORIENTED_EDGE('',*,*,#5713,.T.);
#2486=ORIENTED_EDGE('',*,*,#5642,.F.);
#2487=ORIENTED_EDGE('',*,*,#5714,.F.);
#2488=ORIENTED_EDGE('',*,*,#5608,.F.);
#2489=ORIENTED_EDGE('',*,*,#5714,.T.);
#2490=ORIENTED_EDGE('',*,*,#5641,.F.);
#2491=ORIENTED_EDGE('',*,*,#5715,.F.);
#2492=ORIENTED_EDGE('',*,*,#5667,.F.);
#2493=ORIENTED_EDGE('',*,*,#5715,.T.);
#2494=ORIENTED_EDGE('',*,*,#5640,.F.);
#2495=ORIENTED_EDGE('',*,*,#5716,.F.);
#2496=ORIENTED_EDGE('',*,*,#5665,.F.);
#2497=ORIENTED_EDGE('',*,*,#5716,.T.);
#2498=ORIENTED_EDGE('',*,*,#5639,.F.);
#2499=ORIENTED_EDGE('',*,*,#5717,.F.);
#2500=ORIENTED_EDGE('',*,*,#5662,.F.);
#2501=ORIENTED_EDGE('',*,*,#5718,.F.);
#2502=ORIENTED_EDGE('',*,*,#5658,.F.);
#2503=ORIENTED_EDGE('',*,*,#5717,.T.);
#2504=ORIENTED_EDGE('',*,*,#5638,.F.);
#2505=ORIENTED_EDGE('',*,*,#5719,.F.);
#2506=ORIENTED_EDGE('',*,*,#5670,.F.);
#2507=ORIENTED_EDGE('',*,*,#5720,.F.);
#2508=ORIENTED_EDGE('',*,*,#5650,.F.);
#2509=ORIENTED_EDGE('',*,*,#5720,.T.);
#2510=ORIENTED_EDGE('',*,*,#5697,.F.);
#2511=ORIENTED_EDGE('',*,*,#5721,.F.);
#2512=ORIENTED_EDGE('',*,*,#5651,.F.);
#2513=ORIENTED_EDGE('',*,*,#5721,.T.);
#2514=ORIENTED_EDGE('',*,*,#5631,.F.);
#2515=ORIENTED_EDGE('',*,*,#5722,.F.);
#2516=ORIENTED_EDGE('',*,*,#5652,.F.);
#2517=ORIENTED_EDGE('',*,*,#5722,.T.);
#2518=ORIENTED_EDGE('',*,*,#5630,.F.);
#2519=ORIENTED_EDGE('',*,*,#5723,.F.);
#2520=ORIENTED_EDGE('',*,*,#5696,.F.);
#2521=ORIENTED_EDGE('',*,*,#5723,.T.);
#2522=ORIENTED_EDGE('',*,*,#5629,.F.);
#2523=ORIENTED_EDGE('',*,*,#5724,.F.);
#2524=ORIENTED_EDGE('',*,*,#5678,.F.);
#2525=ORIENTED_EDGE('',*,*,#5724,.T.);
#2526=ORIENTED_EDGE('',*,*,#5628,.F.);
#2527=ORIENTED_EDGE('',*,*,#5725,.F.);
#2528=ORIENTED_EDGE('',*,*,#5682,.F.);
#2529=ORIENTED_EDGE('',*,*,#5725,.T.);
#2530=ORIENTED_EDGE('',*,*,#5625,.F.);
#2531=ORIENTED_EDGE('',*,*,#5726,.F.);
#2532=ORIENTED_EDGE('',*,*,#5680,.F.);
#2533=ORIENTED_EDGE('',*,*,#5726,.T.);
#2534=ORIENTED_EDGE('',*,*,#5621,.F.);
#2535=ORIENTED_EDGE('',*,*,#5727,.F.);
#2536=ORIENTED_EDGE('',*,*,#5681,.F.);
#2537=ORIENTED_EDGE('',*,*,#5727,.T.);
#2538=ORIENTED_EDGE('',*,*,#5620,.F.);
#2539=ORIENTED_EDGE('',*,*,#5728,.F.);
#2540=ORIENTED_EDGE('',*,*,#5675,.F.);
#2541=ORIENTED_EDGE('',*,*,#5728,.T.);
#2542=ORIENTED_EDGE('',*,*,#5616,.F.);
#2543=ORIENTED_EDGE('',*,*,#5729,.F.);
#2544=ORIENTED_EDGE('',*,*,#5676,.F.);
#2545=ORIENTED_EDGE('',*,*,#5729,.T.);
#2546=ORIENTED_EDGE('',*,*,#5615,.F.);
#2547=ORIENTED_EDGE('',*,*,#5730,.F.);
#2548=ORIENTED_EDGE('',*,*,#5694,.F.);
#2549=ORIENTED_EDGE('',*,*,#5730,.T.);
#2550=ORIENTED_EDGE('',*,*,#5611,.F.);
#2551=ORIENTED_EDGE('',*,*,#5731,.F.);
#2552=ORIENTED_EDGE('',*,*,#5695,.F.);
#2553=ORIENTED_EDGE('',*,*,#5731,.T.);
#2554=ORIENTED_EDGE('',*,*,#5610,.F.);
#2555=ORIENTED_EDGE('',*,*,#5732,.F.);
#2556=ORIENTED_EDGE('',*,*,#5654,.F.);
#2557=ORIENTED_EDGE('',*,*,#5732,.T.);
#2558=ORIENTED_EDGE('',*,*,#5668,.F.);
#2559=ORIENTED_EDGE('',*,*,#5733,.F.);
#2560=ORIENTED_EDGE('',*,*,#5655,.F.);
#2561=ORIENTED_EDGE('',*,*,#5733,.T.);
#2562=ORIENTED_EDGE('',*,*,#5666,.F.);
#2563=ORIENTED_EDGE('',*,*,#5734,.F.);
#2564=ORIENTED_EDGE('',*,*,#5656,.F.);
#2565=ORIENTED_EDGE('',*,*,#5734,.T.);
#2566=ORIENTED_EDGE('',*,*,#5663,.F.);
#2567=ORIENTED_EDGE('',*,*,#5735,.F.);
#2568=ORIENTED_EDGE('',*,*,#5647,.F.);
#2569=ORIENTED_EDGE('',*,*,#5736,.F.);
#2570=ORIENTED_EDGE('',*,*,#5648,.F.);
#2571=ORIENTED_EDGE('',*,*,#5735,.T.);
#2572=ORIENTED_EDGE('',*,*,#5660,.F.);
#2573=ORIENTED_EDGE('',*,*,#5737,.T.);
#2574=ORIENTED_EDGE('',*,*,#5738,.T.);
#2575=ORIENTED_EDGE('',*,*,#5739,.T.);
#2576=ORIENTED_EDGE('',*,*,#5740,.T.);
#2577=ORIENTED_EDGE('',*,*,#5741,.T.);
#2578=ORIENTED_EDGE('',*,*,#5742,.T.);
#2579=ORIENTED_EDGE('',*,*,#5743,.T.);
#2580=ORIENTED_EDGE('',*,*,#5744,.T.);
#2581=ORIENTED_EDGE('',*,*,#5701,.T.);
#2582=ORIENTED_EDGE('',*,*,#5672,.F.);
#2583=ORIENTED_EDGE('',*,*,#5606,.T.);
#2584=ORIENTED_EDGE('',*,*,#5671,.F.);
#2585=ORIENTED_EDGE('',*,*,#5719,.T.);
#2586=ORIENTED_EDGE('',*,*,#5649,.T.);
#2587=ORIENTED_EDGE('',*,*,#5736,.T.);
#2588=ORIENTED_EDGE('',*,*,#5659,.F.);
#2589=ORIENTED_EDGE('',*,*,#5718,.T.);
#2590=ORIENTED_EDGE('',*,*,#5637,.F.);
#2591=ORIENTED_EDGE('',*,*,#5745,.F.);
#2592=ORIENTED_EDGE('',*,*,#5746,.F.);
#2593=ORIENTED_EDGE('',*,*,#5747,.F.);
#2594=ORIENTED_EDGE('',*,*,#5748,.F.);
#2595=ORIENTED_EDGE('',*,*,#5749,.T.);
#2596=ORIENTED_EDGE('',*,*,#5750,.T.);
#2597=ORIENTED_EDGE('',*,*,#5751,.T.);
#2598=ORIENTED_EDGE('',*,*,#5752,.T.);
#2599=ORIENTED_EDGE('',*,*,#5753,.T.);
#2600=ORIENTED_EDGE('',*,*,#5754,.T.);
#2601=ORIENTED_EDGE('',*,*,#5755,.T.);
#2602=ORIENTED_EDGE('',*,*,#5756,.T.);
#2603=ORIENTED_EDGE('',*,*,#5757,.T.);
#2604=ORIENTED_EDGE('',*,*,#5758,.T.);
#2605=ORIENTED_EDGE('',*,*,#5759,.T.);
#2606=ORIENTED_EDGE('',*,*,#5760,.F.);
#2607=ORIENTED_EDGE('',*,*,#5761,.T.);
#2608=ORIENTED_EDGE('',*,*,#5762,.T.);
#2609=ORIENTED_EDGE('',*,*,#5763,.T.);
#2610=ORIENTED_EDGE('',*,*,#5764,.T.);
#2611=ORIENTED_EDGE('',*,*,#5765,.T.);
#2612=ORIENTED_EDGE('',*,*,#5766,.F.);
#2613=ORIENTED_EDGE('',*,*,#5767,.F.);
#2614=ORIENTED_EDGE('',*,*,#5768,.T.);
#2615=ORIENTED_EDGE('',*,*,#5769,.F.);
#2616=ORIENTED_EDGE('',*,*,#5770,.F.);
#2617=ORIENTED_EDGE('',*,*,#5771,.T.);
#2618=ORIENTED_EDGE('',*,*,#5772,.F.);
#2619=ORIENTED_EDGE('',*,*,#5773,.T.);
#2620=ORIENTED_EDGE('',*,*,#5774,.T.);
#2621=ORIENTED_EDGE('',*,*,#5775,.F.);
#2622=ORIENTED_EDGE('',*,*,#5776,.T.);
#2623=ORIENTED_EDGE('',*,*,#5777,.T.);
#2624=ORIENTED_EDGE('',*,*,#5602,.T.);
#2625=ORIENTED_EDGE('',*,*,#5778,.T.);
#2626=ORIENTED_EDGE('',*,*,#5779,.T.);
#2627=ORIENTED_EDGE('',*,*,#5780,.T.);
#2628=ORIENTED_EDGE('',*,*,#5781,.F.);
#2629=ORIENTED_EDGE('',*,*,#5782,.T.);
#2630=ORIENTED_EDGE('',*,*,#5783,.T.);
#2631=ORIENTED_EDGE('',*,*,#5784,.T.);
#2632=ORIENTED_EDGE('',*,*,#5785,.T.);
#2633=ORIENTED_EDGE('',*,*,#5786,.T.);
#2634=ORIENTED_EDGE('',*,*,#5598,.T.);
#2635=ORIENTED_EDGE('',*,*,#5787,.T.);
#2636=ORIENTED_EDGE('',*,*,#5788,.F.);
#2637=ORIENTED_EDGE('',*,*,#5789,.T.);
#2638=ORIENTED_EDGE('',*,*,#5790,.T.);
#2639=ORIENTED_EDGE('',*,*,#5791,.T.);
#2640=ORIENTED_EDGE('',*,*,#5792,.T.);
#2641=ORIENTED_EDGE('',*,*,#5793,.T.);
#2642=ORIENTED_EDGE('',*,*,#5794,.F.);
#2643=ORIENTED_EDGE('',*,*,#5795,.T.);
#2644=ORIENTED_EDGE('',*,*,#5796,.F.);
#2645=ORIENTED_EDGE('',*,*,#5797,.T.);
#2646=ORIENTED_EDGE('',*,*,#5798,.F.);
#2647=ORIENTED_EDGE('',*,*,#5799,.T.);
#2648=ORIENTED_EDGE('',*,*,#5800,.F.);
#2649=ORIENTED_EDGE('',*,*,#5801,.T.);
#2650=ORIENTED_EDGE('',*,*,#5800,.T.);
#2651=ORIENTED_EDGE('',*,*,#5802,.T.);
#2652=ORIENTED_EDGE('',*,*,#5600,.T.);
#2653=ORIENTED_EDGE('',*,*,#5803,.T.);
#2654=ORIENTED_EDGE('',*,*,#5804,.T.);
#2655=ORIENTED_EDGE('',*,*,#5805,.T.);
#2656=ORIENTED_EDGE('',*,*,#5806,.T.);
#2657=ORIENTED_EDGE('',*,*,#5807,.T.);
#2658=ORIENTED_EDGE('',*,*,#5808,.F.);
#2659=ORIENTED_EDGE('',*,*,#5809,.F.);
#2660=ORIENTED_EDGE('',*,*,#5810,.F.);
#2661=ORIENTED_EDGE('',*,*,#5811,.F.);
#2662=ORIENTED_EDGE('',*,*,#5812,.F.);
#2663=ORIENTED_EDGE('',*,*,#5813,.F.);
#2664=ORIENTED_EDGE('',*,*,#5814,.F.);
#2665=ORIENTED_EDGE('',*,*,#5815,.F.);
#2666=ORIENTED_EDGE('',*,*,#5816,.F.);
#2667=ORIENTED_EDGE('',*,*,#5817,.F.);
#2668=ORIENTED_EDGE('',*,*,#5818,.F.);
#2669=ORIENTED_EDGE('',*,*,#5819,.T.);
#2670=ORIENTED_EDGE('',*,*,#5820,.T.);
#2671=ORIENTED_EDGE('',*,*,#5821,.T.);
#2672=ORIENTED_EDGE('',*,*,#5822,.T.);
#2673=ORIENTED_EDGE('',*,*,#5823,.T.);
#2674=ORIENTED_EDGE('',*,*,#5824,.T.);
#2675=ORIENTED_EDGE('',*,*,#5825,.T.);
#2676=ORIENTED_EDGE('',*,*,#5794,.T.);
#2677=ORIENTED_EDGE('',*,*,#5826,.T.);
#2678=ORIENTED_EDGE('',*,*,#5827,.T.);
#2679=ORIENTED_EDGE('',*,*,#5828,.T.);
#2680=ORIENTED_EDGE('',*,*,#5829,.T.);
#2681=ORIENTED_EDGE('',*,*,#5830,.T.);
#2682=ORIENTED_EDGE('',*,*,#5596,.T.);
#2683=ORIENTED_EDGE('',*,*,#5831,.T.);
#2684=ORIENTED_EDGE('',*,*,#5832,.T.);
#2685=ORIENTED_EDGE('',*,*,#5833,.T.);
#2686=ORIENTED_EDGE('',*,*,#5834,.T.);
#2687=ORIENTED_EDGE('',*,*,#5835,.T.);
#2688=ORIENTED_EDGE('',*,*,#5836,.F.);
#2689=ORIENTED_EDGE('',*,*,#5837,.F.);
#2690=ORIENTED_EDGE('',*,*,#5838,.F.);
#2691=ORIENTED_EDGE('',*,*,#5839,.F.);
#2692=ORIENTED_EDGE('',*,*,#5840,.F.);
#2693=ORIENTED_EDGE('',*,*,#5841,.F.);
#2694=ORIENTED_EDGE('',*,*,#5842,.F.);
#2695=ORIENTED_EDGE('',*,*,#5843,.F.);
#2696=ORIENTED_EDGE('',*,*,#5844,.F.);
#2697=ORIENTED_EDGE('',*,*,#5845,.F.);
#2698=ORIENTED_EDGE('',*,*,#5846,.F.);
#2699=ORIENTED_EDGE('',*,*,#5847,.T.);
#2700=ORIENTED_EDGE('',*,*,#5848,.T.);
#2701=ORIENTED_EDGE('',*,*,#5849,.T.);
#2702=ORIENTED_EDGE('',*,*,#5850,.T.);
#2703=ORIENTED_EDGE('',*,*,#5851,.T.);
#2704=ORIENTED_EDGE('',*,*,#5852,.T.);
#2705=ORIENTED_EDGE('',*,*,#5853,.T.);
#2706=ORIENTED_EDGE('',*,*,#5798,.T.);
#2707=ORIENTED_EDGE('',*,*,#5854,.T.);
#2708=ORIENTED_EDGE('',*,*,#5855,.T.);
#2709=ORIENTED_EDGE('',*,*,#5856,.T.);
#2710=ORIENTED_EDGE('',*,*,#5857,.T.);
#2711=ORIENTED_EDGE('',*,*,#5858,.T.);
#2712=ORIENTED_EDGE('',*,*,#5796,.T.);
#2713=ORIENTED_EDGE('',*,*,#5859,.T.);
#2714=ORIENTED_EDGE('',*,*,#5780,.F.);
#2715=ORIENTED_EDGE('',*,*,#5860,.T.);
#2716=ORIENTED_EDGE('',*,*,#5789,.F.);
#2717=ORIENTED_EDGE('',*,*,#5861,.T.);
#2718=ORIENTED_EDGE('',*,*,#5862,.T.);
#2719=ORIENTED_EDGE('',*,*,#5863,.T.);
#2720=ORIENTED_EDGE('',*,*,#5864,.T.);
#2721=ORIENTED_EDGE('',*,*,#5766,.T.);
#2722=ORIENTED_EDGE('',*,*,#5865,.T.);
#2723=ORIENTED_EDGE('',*,*,#5781,.T.);
#2724=ORIENTED_EDGE('',*,*,#5864,.F.);
#2725=ORIENTED_EDGE('',*,*,#5866,.F.);
#2726=ORIENTED_EDGE('',*,*,#5774,.F.);
#2727=ORIENTED_EDGE('',*,*,#5867,.F.);
#2728=ORIENTED_EDGE('',*,*,#5788,.T.);
#2729=ORIENTED_EDGE('',*,*,#5868,.T.);
#2730=ORIENTED_EDGE('',*,*,#5760,.T.);
#2731=ORIENTED_EDGE('',*,*,#5867,.T.);
#2732=ORIENTED_EDGE('',*,*,#5773,.F.);
#2733=ORIENTED_EDGE('',*,*,#5869,.F.);
#2734=ORIENTED_EDGE('',*,*,#5861,.F.);
#2735=ORIENTED_EDGE('',*,*,#5870,.T.);
#2736=ORIENTED_EDGE('',*,*,#5871,.F.);
#2737=ORIENTED_EDGE('',*,*,#5872,.F.);
#2738=ORIENTED_EDGE('',*,*,#5855,.F.);
#2739=ORIENTED_EDGE('',*,*,#5873,.T.);
#2740=ORIENTED_EDGE('',*,*,#5874,.F.);
#2741=ORIENTED_EDGE('',*,*,#5870,.F.);
#2742=ORIENTED_EDGE('',*,*,#5854,.F.);
#2743=ORIENTED_EDGE('',*,*,#5875,.T.);
#2744=ORIENTED_EDGE('',*,*,#5876,.F.);
#2745=ORIENTED_EDGE('',*,*,#5873,.F.);
#2746=ORIENTED_EDGE('',*,*,#5801,.F.);
#2747=ORIENTED_EDGE('',*,*,#5875,.F.);
#2748=ORIENTED_EDGE('',*,*,#5830,.F.);
#2749=ORIENTED_EDGE('',*,*,#5877,.F.);
#2750=ORIENTED_EDGE('',*,*,#5878,.F.);
#2751=ORIENTED_EDGE('',*,*,#5877,.T.);
#2752=ORIENTED_EDGE('',*,*,#5829,.F.);
#2753=ORIENTED_EDGE('',*,*,#5879,.F.);
#2754=ORIENTED_EDGE('',*,*,#5880,.F.);
#2755=ORIENTED_EDGE('',*,*,#5881,.F.);
#2756=ORIENTED_EDGE('',*,*,#5882,.F.);
#2757=ORIENTED_EDGE('',*,*,#5883,.F.);
#2758=ORIENTED_EDGE('',*,*,#5884,.T.);
#2759=ORIENTED_EDGE('',*,*,#5885,.T.);
#2760=ORIENTED_EDGE('',*,*,#5886,.F.);
#2761=ORIENTED_EDGE('',*,*,#5887,.T.);
#2762=ORIENTED_EDGE('',*,*,#5888,.T.);
#2763=ORIENTED_EDGE('',*,*,#5886,.T.);
#2764=ORIENTED_EDGE('',*,*,#5889,.T.);
#2765=ORIENTED_EDGE('',*,*,#5890,.F.);
#2766=ORIENTED_EDGE('',*,*,#5891,.T.);
#2767=ORIENTED_EDGE('',*,*,#5892,.T.);
#2768=ORIENTED_EDGE('',*,*,#5893,.F.);
#2769=ORIENTED_EDGE('',*,*,#5894,.F.);
#2770=ORIENTED_EDGE('',*,*,#5752,.F.);
#2771=ORIENTED_EDGE('',*,*,#5895,.T.);
#2772=ORIENTED_EDGE('',*,*,#5896,.F.);
#2773=ORIENTED_EDGE('',*,*,#5892,.F.);
#2774=ORIENTED_EDGE('',*,*,#5751,.F.);
#2775=ORIENTED_EDGE('',*,*,#5897,.F.);
#2776=ORIENTED_EDGE('',*,*,#5898,.F.);
#2777=ORIENTED_EDGE('',*,*,#5895,.F.);
#2778=ORIENTED_EDGE('',*,*,#5750,.F.);
#2779=ORIENTED_EDGE('',*,*,#5897,.T.);
#2780=ORIENTED_EDGE('',*,*,#5759,.F.);
#2781=ORIENTED_EDGE('',*,*,#5899,.F.);
#2782=ORIENTED_EDGE('',*,*,#5900,.F.);
#2783=ORIENTED_EDGE('',*,*,#5901,.T.);
#2784=ORIENTED_EDGE('',*,*,#5902,.T.);
#2785=ORIENTED_EDGE('',*,*,#5903,.T.);
#2786=ORIENTED_EDGE('',*,*,#5904,.T.);
#2787=ORIENTED_EDGE('',*,*,#5905,.T.);
#2788=ORIENTED_EDGE('',*,*,#5757,.F.);
#2789=ORIENTED_EDGE('',*,*,#5906,.F.);
#2790=ORIENTED_EDGE('',*,*,#5907,.F.);
#2791=ORIENTED_EDGE('',*,*,#5899,.T.);
#2792=ORIENTED_EDGE('',*,*,#5758,.F.);
#2793=ORIENTED_EDGE('',*,*,#5905,.F.);
#2794=ORIENTED_EDGE('',*,*,#5902,.F.);
#2795=ORIENTED_EDGE('',*,*,#5908,.F.);
#2796=ORIENTED_EDGE('',*,*,#5900,.T.);
#2797=ORIENTED_EDGE('',*,*,#5901,.F.);
#2798=ORIENTED_EDGE('',*,*,#5909,.F.);
#2799=ORIENTED_EDGE('',*,*,#5910,.T.);
#2800=ORIENTED_EDGE('',*,*,#5909,.T.);
#2801=ORIENTED_EDGE('',*,*,#5911,.F.);
#2802=ORIENTED_EDGE('',*,*,#5912,.F.);
#2803=ORIENTED_EDGE('',*,*,#5880,.T.);
#2804=ORIENTED_EDGE('',*,*,#5913,.F.);
#2805=ORIENTED_EDGE('',*,*,#5910,.F.);
#2806=ORIENTED_EDGE('',*,*,#5879,.T.);
#2807=ORIENTED_EDGE('',*,*,#5828,.F.);
#2808=ORIENTED_EDGE('',*,*,#5914,.F.);
#2809=ORIENTED_EDGE('',*,*,#5915,.F.);
#2810=ORIENTED_EDGE('',*,*,#5914,.T.);
#2811=ORIENTED_EDGE('',*,*,#5827,.F.);
#2812=ORIENTED_EDGE('',*,*,#5916,.F.);
#2813=ORIENTED_EDGE('',*,*,#5917,.F.);
#2814=ORIENTED_EDGE('',*,*,#5916,.T.);
#2815=ORIENTED_EDGE('',*,*,#5826,.F.);
#2816=ORIENTED_EDGE('',*,*,#5918,.F.);
#2817=ORIENTED_EDGE('',*,*,#5919,.F.);
#2818=ORIENTED_EDGE('',*,*,#5918,.T.);
#2819=ORIENTED_EDGE('',*,*,#5797,.F.);
#2820=ORIENTED_EDGE('',*,*,#5920,.F.);
#2821=ORIENTED_EDGE('',*,*,#5921,.F.);
#2822=ORIENTED_EDGE('',*,*,#5920,.T.);
#2823=ORIENTED_EDGE('',*,*,#5858,.F.);
#2824=ORIENTED_EDGE('',*,*,#5922,.T.);
#2825=ORIENTED_EDGE('',*,*,#5923,.F.);
#2826=ORIENTED_EDGE('',*,*,#5924,.T.);
#2827=ORIENTED_EDGE('',*,*,#5925,.F.);
#2828=ORIENTED_EDGE('',*,*,#5922,.F.);
#2829=ORIENTED_EDGE('',*,*,#5857,.F.);
#2830=ORIENTED_EDGE('',*,*,#5872,.T.);
#2831=ORIENTED_EDGE('',*,*,#5926,.F.);
#2832=ORIENTED_EDGE('',*,*,#5924,.F.);
#2833=ORIENTED_EDGE('',*,*,#5856,.F.);
#2834=ORIENTED_EDGE('',*,*,#5927,.F.);
#2835=ORIENTED_EDGE('',*,*,#5871,.T.);
#2836=ORIENTED_EDGE('',*,*,#5928,.F.);
#2837=ORIENTED_EDGE('',*,*,#5929,.F.);
#2838=ORIENTED_EDGE('',*,*,#5930,.T.);
#2839=ORIENTED_EDGE('',*,*,#5929,.T.);
#2840=ORIENTED_EDGE('',*,*,#5931,.F.);
#2841=ORIENTED_EDGE('',*,*,#5928,.T.);
#2842=ORIENTED_EDGE('',*,*,#5874,.T.);
#2843=ORIENTED_EDGE('',*,*,#5876,.T.);
#2844=ORIENTED_EDGE('',*,*,#5878,.T.);
#2845=ORIENTED_EDGE('',*,*,#5912,.T.);
#2846=ORIENTED_EDGE('',*,*,#5932,.T.);
#2847=ORIENTED_EDGE('',*,*,#5911,.T.);
#2848=ORIENTED_EDGE('',*,*,#5904,.F.);
#2849=ORIENTED_EDGE('',*,*,#5931,.T.);
#2850=ORIENTED_EDGE('',*,*,#5932,.F.);
#2851=ORIENTED_EDGE('',*,*,#5903,.F.);
#2852=ORIENTED_EDGE('',*,*,#5907,.T.);
#2853=ORIENTED_EDGE('',*,*,#5933,.F.);
#2854=ORIENTED_EDGE('',*,*,#5930,.F.);
#2855=ORIENTED_EDGE('',*,*,#5906,.T.);
#2856=ORIENTED_EDGE('',*,*,#5756,.F.);
#2857=ORIENTED_EDGE('',*,*,#5934,.F.);
#2858=ORIENTED_EDGE('',*,*,#5935,.F.);
#2859=ORIENTED_EDGE('',*,*,#5936,.T.);
#2860=ORIENTED_EDGE('',*,*,#5937,.F.);
#2861=ORIENTED_EDGE('',*,*,#5934,.T.);
#2862=ORIENTED_EDGE('',*,*,#5755,.F.);
#2863=ORIENTED_EDGE('',*,*,#5938,.T.);
#2864=ORIENTED_EDGE('',*,*,#5885,.F.);
#2865=ORIENTED_EDGE('',*,*,#5936,.F.);
#2866=ORIENTED_EDGE('',*,*,#5754,.F.);
#2867=ORIENTED_EDGE('',*,*,#5894,.T.);
#2868=ORIENTED_EDGE('',*,*,#5889,.F.);
#2869=ORIENTED_EDGE('',*,*,#5938,.F.);
#2870=ORIENTED_EDGE('',*,*,#5753,.F.);
#2871=ORIENTED_EDGE('',*,*,#5890,.T.);
#2872=ORIENTED_EDGE('',*,*,#5893,.T.);
#2873=ORIENTED_EDGE('',*,*,#5939,.T.);
#2874=ORIENTED_EDGE('',*,*,#5940,.T.);
#2875=ORIENTED_EDGE('',*,*,#5941,.T.);
#2876=ORIENTED_EDGE('',*,*,#5942,.T.);
#2877=ORIENTED_EDGE('',*,*,#5940,.F.);
#2878=ORIENTED_EDGE('',*,*,#5943,.F.);
#2879=ORIENTED_EDGE('',*,*,#5944,.F.);
#2880=ORIENTED_EDGE('',*,*,#5943,.T.);
#2881=ORIENTED_EDGE('',*,*,#5945,.F.);
#2882=ORIENTED_EDGE('',*,*,#5946,.F.);
#2883=ORIENTED_EDGE('',*,*,#5939,.F.);
#2884=ORIENTED_EDGE('',*,*,#5896,.T.);
#2885=ORIENTED_EDGE('',*,*,#5947,.F.);
#2886=ORIENTED_EDGE('',*,*,#5945,.T.);
#2887=ORIENTED_EDGE('',*,*,#5947,.T.);
#2888=ORIENTED_EDGE('',*,*,#5898,.T.);
#2889=ORIENTED_EDGE('',*,*,#5908,.T.);
#2890=ORIENTED_EDGE('',*,*,#5913,.T.);
#2891=ORIENTED_EDGE('',*,*,#5915,.T.);
#2892=ORIENTED_EDGE('',*,*,#5948,.T.);
#2893=ORIENTED_EDGE('',*,*,#5944,.T.);
#2894=ORIENTED_EDGE('',*,*,#5946,.T.);
#2895=ORIENTED_EDGE('',*,*,#5948,.F.);
#2896=ORIENTED_EDGE('',*,*,#5917,.T.);
#2897=ORIENTED_EDGE('',*,*,#5949,.F.);
#2898=ORIENTED_EDGE('',*,*,#5950,.T.);
#2899=ORIENTED_EDGE('',*,*,#5941,.F.);
#2900=ORIENTED_EDGE('',*,*,#5942,.F.);
#2901=ORIENTED_EDGE('',*,*,#5951,.F.);
#2902=ORIENTED_EDGE('',*,*,#5952,.T.);
#2903=ORIENTED_EDGE('',*,*,#5891,.F.);
#2904=ORIENTED_EDGE('',*,*,#5950,.F.);
#2905=ORIENTED_EDGE('',*,*,#5953,.F.);
#2906=ORIENTED_EDGE('',*,*,#5954,.T.);
#2907=ORIENTED_EDGE('',*,*,#5887,.F.);
#2908=ORIENTED_EDGE('',*,*,#5952,.F.);
#2909=ORIENTED_EDGE('',*,*,#5955,.F.);
#2910=ORIENTED_EDGE('',*,*,#5883,.T.);
#2911=ORIENTED_EDGE('',*,*,#5888,.F.);
#2912=ORIENTED_EDGE('',*,*,#5954,.F.);
#2913=ORIENTED_EDGE('',*,*,#5956,.F.);
#2914=ORIENTED_EDGE('',*,*,#5957,.F.);
#2915=ORIENTED_EDGE('',*,*,#5937,.T.);
#2916=ORIENTED_EDGE('',*,*,#5884,.F.);
#2917=ORIENTED_EDGE('',*,*,#5882,.T.);
#2918=ORIENTED_EDGE('',*,*,#5933,.T.);
#2919=ORIENTED_EDGE('',*,*,#5935,.T.);
#2920=ORIENTED_EDGE('',*,*,#5957,.T.);
#2921=ORIENTED_EDGE('',*,*,#5958,.T.);
#2922=ORIENTED_EDGE('',*,*,#5926,.T.);
#2923=ORIENTED_EDGE('',*,*,#5927,.T.);
#2924=ORIENTED_EDGE('',*,*,#5958,.F.);
#2925=ORIENTED_EDGE('',*,*,#5881,.T.);
#2926=ORIENTED_EDGE('',*,*,#5956,.T.);
#2927=ORIENTED_EDGE('',*,*,#5959,.F.);
#2928=ORIENTED_EDGE('',*,*,#5925,.T.);
#2929=ORIENTED_EDGE('',*,*,#5953,.T.);
#2930=ORIENTED_EDGE('',*,*,#5951,.T.);
#2931=ORIENTED_EDGE('',*,*,#5949,.T.);
#2932=ORIENTED_EDGE('',*,*,#5919,.T.);
#2933=ORIENTED_EDGE('',*,*,#5921,.T.);
#2934=ORIENTED_EDGE('',*,*,#5923,.T.);
#2935=ORIENTED_EDGE('',*,*,#5959,.T.);
#2936=ORIENTED_EDGE('',*,*,#5955,.T.);
#2937=ORIENTED_EDGE('',*,*,#5825,.F.);
#2938=ORIENTED_EDGE('',*,*,#5960,.T.);
#2939=ORIENTED_EDGE('',*,*,#5764,.F.);
#2940=ORIENTED_EDGE('',*,*,#5961,.F.);
#2941=ORIENTED_EDGE('',*,*,#5961,.T.);
#2942=ORIENTED_EDGE('',*,*,#5763,.F.);
#2943=ORIENTED_EDGE('',*,*,#5962,.F.);
#2944=ORIENTED_EDGE('',*,*,#5795,.F.);
#2945=ORIENTED_EDGE('',*,*,#5762,.F.);
#2946=ORIENTED_EDGE('',*,*,#5963,.T.);
#2947=ORIENTED_EDGE('',*,*,#5859,.F.);
#2948=ORIENTED_EDGE('',*,*,#5962,.T.);
#2949=ORIENTED_EDGE('',*,*,#5869,.T.);
#2950=ORIENTED_EDGE('',*,*,#5964,.F.);
#2951=ORIENTED_EDGE('',*,*,#5965,.F.);
#2952=ORIENTED_EDGE('',*,*,#5966,.T.);
#2953=ORIENTED_EDGE('',*,*,#5866,.T.);
#2954=ORIENTED_EDGE('',*,*,#5967,.T.);
#2955=ORIENTED_EDGE('',*,*,#5968,.F.);
#2956=ORIENTED_EDGE('',*,*,#5969,.T.);
#2957=ORIENTED_EDGE('',*,*,#5970,.F.);
#2958=ORIENTED_EDGE('',*,*,#5769,.T.);
#2959=ORIENTED_EDGE('',*,*,#5971,.T.);
#2960=ORIENTED_EDGE('',*,*,#5967,.F.);
#2961=ORIENTED_EDGE('',*,*,#5863,.F.);
#2962=ORIENTED_EDGE('',*,*,#5972,.T.);
#2963=ORIENTED_EDGE('',*,*,#5973,.T.);
#2964=ORIENTED_EDGE('',*,*,#5974,.F.);
#2965=ORIENTED_EDGE('',*,*,#5975,.T.);
#2966=ORIENTED_EDGE('',*,*,#5976,.T.);
#2967=ORIENTED_EDGE('',*,*,#5972,.F.);
#2968=ORIENTED_EDGE('',*,*,#5862,.F.);
#2969=ORIENTED_EDGE('',*,*,#5966,.F.);
#2970=ORIENTED_EDGE('',*,*,#5977,.T.);
#2971=ORIENTED_EDGE('',*,*,#5748,.T.);
#2972=ORIENTED_EDGE('',*,*,#5973,.F.);
#2973=ORIENTED_EDGE('',*,*,#5976,.F.);
#2974=ORIENTED_EDGE('',*,*,#5978,.T.);
#2975=ORIENTED_EDGE('',*,*,#5979,.T.);
#2976=ORIENTED_EDGE('',*,*,#5770,.T.);
#2977=ORIENTED_EDGE('',*,*,#5974,.T.);
#2978=ORIENTED_EDGE('',*,*,#5979,.F.);
#2979=ORIENTED_EDGE('',*,*,#5980,.T.);
#2980=ORIENTED_EDGE('',*,*,#5981,.F.);
#2981=ORIENTED_EDGE('',*,*,#5982,.F.);
#2982=ORIENTED_EDGE('',*,*,#5983,.F.);
#2983=ORIENTED_EDGE('',*,*,#5984,.T.);
#2984=ORIENTED_EDGE('',*,*,#5985,.T.);
#2985=ORIENTED_EDGE('',*,*,#5986,.T.);
#2986=ORIENTED_EDGE('',*,*,#5980,.F.);
#2987=ORIENTED_EDGE('',*,*,#5978,.F.);
#2988=ORIENTED_EDGE('',*,*,#5975,.F.);
#2989=ORIENTED_EDGE('',*,*,#5747,.T.);
#2990=ORIENTED_EDGE('',*,*,#5968,.T.);
#2991=ORIENTED_EDGE('',*,*,#5971,.F.);
#2992=ORIENTED_EDGE('',*,*,#5768,.F.);
#2993=ORIENTED_EDGE('',*,*,#5987,.F.);
#2994=ORIENTED_EDGE('',*,*,#5988,.T.);
#2995=ORIENTED_EDGE('',*,*,#5749,.F.);
#2996=ORIENTED_EDGE('',*,*,#5977,.F.);
#2997=ORIENTED_EDGE('',*,*,#5965,.T.);
#2998=ORIENTED_EDGE('',*,*,#5775,.T.);
#2999=ORIENTED_EDGE('',*,*,#5970,.T.);
#3000=ORIENTED_EDGE('',*,*,#5989,.F.);
#3001=ORIENTED_EDGE('',*,*,#5990,.F.);
#3002=ORIENTED_EDGE('',*,*,#5991,.F.);
#3003=ORIENTED_EDGE('',*,*,#5987,.T.);
#3004=ORIENTED_EDGE('',*,*,#5767,.T.);
#3005=ORIENTED_EDGE('',*,*,#5992,.T.);
#3006=ORIENTED_EDGE('',*,*,#5993,.T.);
#3007=ORIENTED_EDGE('',*,*,#5989,.T.);
#3008=ORIENTED_EDGE('',*,*,#5969,.F.);
#3009=ORIENTED_EDGE('',*,*,#5994,.F.);
#3010=ORIENTED_EDGE('',*,*,#5995,.T.);
#3011=ORIENTED_EDGE('',*,*,#5993,.F.);
#3012=ORIENTED_EDGE('',*,*,#5996,.T.);
#3013=ORIENTED_EDGE('',*,*,#5994,.T.);
#3014=ORIENTED_EDGE('',*,*,#5997,.T.);
#3015=ORIENTED_EDGE('',*,*,#5982,.T.);
#3016=ORIENTED_EDGE('',*,*,#5998,.T.);
#3017=ORIENTED_EDGE('',*,*,#5999,.T.);
#3018=ORIENTED_EDGE('',*,*,#6000,.T.);
#3019=ORIENTED_EDGE('',*,*,#5985,.F.);
#3020=ORIENTED_EDGE('',*,*,#6001,.F.);
#3021=ORIENTED_EDGE('',*,*,#6002,.T.);
#3022=ORIENTED_EDGE('',*,*,#5999,.F.);
#3023=ORIENTED_EDGE('',*,*,#6000,.F.);
#3024=ORIENTED_EDGE('',*,*,#6003,.F.);
#3025=ORIENTED_EDGE('',*,*,#5996,.F.);
#3026=ORIENTED_EDGE('',*,*,#5981,.T.);
#3027=ORIENTED_EDGE('',*,*,#5986,.F.);
#3028=ORIENTED_EDGE('',*,*,#5995,.F.);
#3029=ORIENTED_EDGE('',*,*,#6003,.T.);
#3030=ORIENTED_EDGE('',*,*,#6002,.F.);
#3031=ORIENTED_EDGE('',*,*,#5990,.T.);
#3032=ORIENTED_EDGE('',*,*,#5964,.T.);
#3033=ORIENTED_EDGE('',*,*,#5772,.T.);
#3034=ORIENTED_EDGE('',*,*,#5991,.T.);
#3035=ORIENTED_EDGE('',*,*,#6001,.T.);
#3036=ORIENTED_EDGE('',*,*,#6004,.T.);
#3037=ORIENTED_EDGE('',*,*,#5745,.T.);
#3038=ORIENTED_EDGE('',*,*,#5988,.F.);
#3039=ORIENTED_EDGE('',*,*,#5983,.T.);
#3040=ORIENTED_EDGE('',*,*,#5997,.F.);
#3041=ORIENTED_EDGE('',*,*,#5992,.F.);
#3042=ORIENTED_EDGE('',*,*,#5771,.F.);
#3043=ORIENTED_EDGE('',*,*,#5746,.T.);
#3044=ORIENTED_EDGE('',*,*,#6004,.F.);
#3045=ORIENTED_EDGE('',*,*,#5998,.F.);
#3046=ORIENTED_EDGE('',*,*,#5984,.F.);
#3047=ORIENTED_EDGE('',*,*,#6005,.F.);
#3048=ORIENTED_EDGE('',*,*,#5792,.F.);
#3049=ORIENTED_EDGE('',*,*,#6006,.T.);
#3050=ORIENTED_EDGE('',*,*,#5852,.F.);
#3051=ORIENTED_EDGE('',*,*,#5597,.T.);
#3052=ORIENTED_EDGE('',*,*,#5963,.F.);
#3053=ORIENTED_EDGE('',*,*,#6007,.F.);
#3054=ORIENTED_EDGE('',*,*,#5868,.F.);
#3055=ORIENTED_EDGE('',*,*,#5787,.F.);
#3056=ORIENTED_EDGE('',*,*,#6007,.T.);
#3057=ORIENTED_EDGE('',*,*,#5761,.F.);
#3058=ORIENTED_EDGE('',*,*,#6008,.F.);
#3059=ORIENTED_EDGE('',*,*,#5783,.F.);
#3060=ORIENTED_EDGE('',*,*,#6009,.F.);
#3061=ORIENTED_EDGE('',*,*,#5824,.F.);
#3062=ORIENTED_EDGE('',*,*,#5960,.F.);
#3063=ORIENTED_EDGE('',*,*,#6009,.T.);
#3064=ORIENTED_EDGE('',*,*,#6010,.F.);
#3065=ORIENTED_EDGE('',*,*,#6010,.T.);
#3066=ORIENTED_EDGE('',*,*,#5782,.F.);
#3067=ORIENTED_EDGE('',*,*,#5865,.F.);
#3068=ORIENTED_EDGE('',*,*,#5765,.F.);
#3069=ORIENTED_EDGE('',*,*,#5779,.F.);
#3070=ORIENTED_EDGE('',*,*,#6011,.T.);
#3071=ORIENTED_EDGE('',*,*,#5790,.F.);
#3072=ORIENTED_EDGE('',*,*,#5860,.F.);
#3073=ORIENTED_EDGE('',*,*,#6012,.F.);
#3074=ORIENTED_EDGE('',*,*,#5799,.F.);
#3075=ORIENTED_EDGE('',*,*,#6013,.F.);
#3076=ORIENTED_EDGE('',*,*,#5742,.F.);
#3077=ORIENTED_EDGE('',*,*,#6013,.T.);
#3078=ORIENTED_EDGE('',*,*,#5853,.F.);
#3079=ORIENTED_EDGE('',*,*,#6014,.F.);
#3080=ORIENTED_EDGE('',*,*,#5743,.F.);
#3081=ORIENTED_EDGE('',*,*,#6012,.T.);
#3082=ORIENTED_EDGE('',*,*,#5741,.F.);
#3083=ORIENTED_EDGE('',*,*,#6015,.F.);
#3084=ORIENTED_EDGE('',*,*,#5802,.F.);
#3085=ORIENTED_EDGE('',*,*,#6014,.T.);
#3086=ORIENTED_EDGE('',*,*,#6006,.F.);
#3087=ORIENTED_EDGE('',*,*,#6016,.F.);
#3088=ORIENTED_EDGE('',*,*,#5744,.F.);
#3089=ORIENTED_EDGE('',*,*,#6015,.T.);
#3090=ORIENTED_EDGE('',*,*,#5740,.F.);
#3091=ORIENTED_EDGE('',*,*,#6017,.F.);
#3092=ORIENTED_EDGE('',*,*,#5601,.F.);
#3093=ORIENTED_EDGE('',*,*,#6016,.T.);
#3094=ORIENTED_EDGE('',*,*,#5791,.F.);
#3095=ORIENTED_EDGE('',*,*,#6018,.F.);
#3096=ORIENTED_EDGE('',*,*,#5737,.F.);
#3097=ORIENTED_EDGE('',*,*,#6017,.T.);
#3098=ORIENTED_EDGE('',*,*,#5739,.F.);
#3099=ORIENTED_EDGE('',*,*,#6019,.F.);
#3100=ORIENTED_EDGE('',*,*,#5778,.F.);
#3101=ORIENTED_EDGE('',*,*,#6018,.T.);
#3102=ORIENTED_EDGE('',*,*,#6011,.F.);
#3103=ORIENTED_EDGE('',*,*,#6019,.T.);
#3104=ORIENTED_EDGE('',*,*,#5738,.F.);
#3105=ORIENTED_EDGE('',*,*,#5776,.F.);
#3106=ORIENTED_EDGE('',*,*,#6020,.F.);
#3107=ORIENTED_EDGE('',*,*,#6021,.F.);
#3108=ORIENTED_EDGE('',*,*,#6022,.F.);
#3109=ORIENTED_EDGE('',*,*,#6023,.F.);
#3110=ORIENTED_EDGE('',*,*,#6024,.F.);
#3111=ORIENTED_EDGE('',*,*,#6025,.T.);
#3112=ORIENTED_EDGE('',*,*,#6026,.F.);
#3113=ORIENTED_EDGE('',*,*,#6027,.F.);
#3114=ORIENTED_EDGE('',*,*,#6028,.F.);
#3115=ORIENTED_EDGE('',*,*,#6029,.F.);
#3116=ORIENTED_EDGE('',*,*,#6030,.F.);
#3117=ORIENTED_EDGE('',*,*,#5785,.F.);
#3118=ORIENTED_EDGE('',*,*,#6031,.F.);
#3119=ORIENTED_EDGE('',*,*,#6032,.F.);
#3120=ORIENTED_EDGE('',*,*,#6033,.F.);
#3121=ORIENTED_EDGE('',*,*,#6034,.F.);
#3122=ORIENTED_EDGE('',*,*,#6035,.F.);
#3123=ORIENTED_EDGE('',*,*,#6036,.F.);
#3124=ORIENTED_EDGE('',*,*,#6037,.F.);
#3125=ORIENTED_EDGE('',*,*,#6038,.F.);
#3126=ORIENTED_EDGE('',*,*,#6039,.F.);
#3127=ORIENTED_EDGE('',*,*,#6040,.F.);
#3128=ORIENTED_EDGE('',*,*,#6041,.F.);
#3129=ORIENTED_EDGE('',*,*,#5786,.F.);
#3130=ORIENTED_EDGE('',*,*,#6041,.T.);
#3131=ORIENTED_EDGE('',*,*,#6042,.T.);
#3132=ORIENTED_EDGE('',*,*,#5831,.F.);
#3133=ORIENTED_EDGE('',*,*,#5595,.T.);
#3134=ORIENTED_EDGE('',*,*,#5793,.F.);
#3135=ORIENTED_EDGE('',*,*,#6005,.T.);
#3136=ORIENTED_EDGE('',*,*,#5851,.F.);
#3137=ORIENTED_EDGE('',*,*,#6043,.F.);
#3138=ORIENTED_EDGE('',*,*,#6031,.T.);
#3139=ORIENTED_EDGE('',*,*,#5777,.F.);
#3140=ORIENTED_EDGE('',*,*,#6030,.T.);
#3141=ORIENTED_EDGE('',*,*,#6044,.T.);
#3142=ORIENTED_EDGE('',*,*,#5803,.F.);
#3143=ORIENTED_EDGE('',*,*,#5599,.T.);
#3144=ORIENTED_EDGE('',*,*,#5784,.F.);
#3145=ORIENTED_EDGE('',*,*,#6008,.T.);
#3146=ORIENTED_EDGE('',*,*,#5823,.F.);
#3147=ORIENTED_EDGE('',*,*,#6045,.F.);
#3148=ORIENTED_EDGE('',*,*,#6020,.T.);
#3149=ORIENTED_EDGE('',*,*,#6046,.F.);
#3150=ORIENTED_EDGE('',*,*,#6047,.T.);
#3151=ORIENTED_EDGE('',*,*,#6024,.T.);
#3152=ORIENTED_EDGE('',*,*,#6048,.T.);
#3153=ORIENTED_EDGE('',*,*,#5819,.F.);
#3154=ORIENTED_EDGE('',*,*,#6026,.T.);
#3155=ORIENTED_EDGE('',*,*,#6049,.T.);
#3156=ORIENTED_EDGE('',*,*,#6050,.F.);
#3157=ORIENTED_EDGE('',*,*,#5807,.F.);
#3158=ORIENTED_EDGE('',*,*,#6051,.F.);
#3159=ORIENTED_EDGE('',*,*,#5820,.F.);
#3160=ORIENTED_EDGE('',*,*,#6048,.F.);
#3161=ORIENTED_EDGE('',*,*,#6023,.T.);
#3162=ORIENTED_EDGE('',*,*,#6052,.T.);
#3163=ORIENTED_EDGE('',*,*,#5806,.F.);
#3164=ORIENTED_EDGE('',*,*,#6053,.F.);
#3165=ORIENTED_EDGE('',*,*,#6027,.T.);
#3166=ORIENTED_EDGE('',*,*,#6051,.T.);
#3167=ORIENTED_EDGE('',*,*,#5805,.F.);
#3168=ORIENTED_EDGE('',*,*,#6054,.F.);
#3169=ORIENTED_EDGE('',*,*,#6028,.T.);
#3170=ORIENTED_EDGE('',*,*,#6053,.T.);
#3171=ORIENTED_EDGE('',*,*,#5804,.F.);
#3172=ORIENTED_EDGE('',*,*,#6044,.F.);
#3173=ORIENTED_EDGE('',*,*,#6029,.T.);
#3174=ORIENTED_EDGE('',*,*,#6054,.T.);
#3175=ORIENTED_EDGE('',*,*,#5822,.F.);
#3176=ORIENTED_EDGE('',*,*,#6055,.F.);
#3177=ORIENTED_EDGE('',*,*,#6021,.T.);
#3178=ORIENTED_EDGE('',*,*,#6045,.T.);
#3179=ORIENTED_EDGE('',*,*,#5821,.F.);
#3180=ORIENTED_EDGE('',*,*,#6052,.F.);
#3181=ORIENTED_EDGE('',*,*,#6022,.T.);
#3182=ORIENTED_EDGE('',*,*,#6055,.T.);
#3183=ORIENTED_EDGE('',*,*,#6056,.T.);
#3184=ORIENTED_EDGE('',*,*,#6046,.T.);
#3185=ORIENTED_EDGE('',*,*,#5818,.T.);
#3186=ORIENTED_EDGE('',*,*,#6057,.T.);
#3187=ORIENTED_EDGE('',*,*,#6058,.F.);
#3188=ORIENTED_EDGE('',*,*,#6059,.T.);
#3189=ORIENTED_EDGE('',*,*,#6060,.F.);
#3190=ORIENTED_EDGE('',*,*,#6061,.F.);
#3191=ORIENTED_EDGE('',*,*,#6062,.F.);
#3192=ORIENTED_EDGE('',*,*,#6063,.F.);
#3193=ORIENTED_EDGE('',*,*,#6064,.F.);
#3194=ORIENTED_EDGE('',*,*,#6065,.T.);
#3195=ORIENTED_EDGE('',*,*,#6066,.F.);
#3196=ORIENTED_EDGE('',*,*,#6067,.F.);
#3197=ORIENTED_EDGE('',*,*,#6068,.F.);
#3198=ORIENTED_EDGE('',*,*,#6069,.F.);
#3199=ORIENTED_EDGE('',*,*,#6070,.F.);
#3200=ORIENTED_EDGE('',*,*,#6071,.T.);
#3201=ORIENTED_EDGE('',*,*,#6058,.T.);
#3202=ORIENTED_EDGE('',*,*,#6072,.T.);
#3203=ORIENTED_EDGE('',*,*,#6073,.F.);
#3204=ORIENTED_EDGE('',*,*,#6060,.T.);
#3205=ORIENTED_EDGE('',*,*,#6074,.T.);
#3206=ORIENTED_EDGE('',*,*,#6075,.F.);
#3207=ORIENTED_EDGE('',*,*,#6076,.F.);
#3208=ORIENTED_EDGE('',*,*,#6077,.F.);
#3209=ORIENTED_EDGE('',*,*,#6078,.F.);
#3210=ORIENTED_EDGE('',*,*,#6079,.T.);
#3211=ORIENTED_EDGE('',*,*,#6064,.T.);
#3212=ORIENTED_EDGE('',*,*,#6080,.T.);
#3213=ORIENTED_EDGE('',*,*,#6081,.F.);
#3214=ORIENTED_EDGE('',*,*,#6066,.T.);
#3215=ORIENTED_EDGE('',*,*,#6082,.T.);
#3216=ORIENTED_EDGE('',*,*,#6083,.F.);
#3217=ORIENTED_EDGE('',*,*,#6084,.F.);
#3218=ORIENTED_EDGE('',*,*,#6085,.F.);
#3219=ORIENTED_EDGE('',*,*,#6086,.F.);
#3220=ORIENTED_EDGE('',*,*,#6072,.F.);
#3221=ORIENTED_EDGE('',*,*,#6069,.T.);
#3222=ORIENTED_EDGE('',*,*,#6087,.T.);
#3223=ORIENTED_EDGE('',*,*,#6088,.F.);
#3224=ORIENTED_EDGE('',*,*,#6089,.F.);
#3225=ORIENTED_EDGE('',*,*,#6061,.T.);
#3226=ORIENTED_EDGE('',*,*,#6077,.T.);
#3227=ORIENTED_EDGE('',*,*,#6090,.F.);
#3228=ORIENTED_EDGE('',*,*,#6091,.F.);
#3229=ORIENTED_EDGE('',*,*,#6062,.T.);
#3230=ORIENTED_EDGE('',*,*,#6089,.T.);
#3231=ORIENTED_EDGE('',*,*,#6092,.F.);
#3232=ORIENTED_EDGE('',*,*,#6080,.F.);
#3233=ORIENTED_EDGE('',*,*,#6063,.T.);
#3234=ORIENTED_EDGE('',*,*,#6091,.T.);
#3235=ORIENTED_EDGE('',*,*,#6093,.F.);
#3236=ORIENTED_EDGE('',*,*,#6094,.F.);
#3237=ORIENTED_EDGE('',*,*,#6067,.T.);
#3238=ORIENTED_EDGE('',*,*,#6085,.T.);
#3239=ORIENTED_EDGE('',*,*,#6095,.F.);
#3240=ORIENTED_EDGE('',*,*,#6087,.F.);
#3241=ORIENTED_EDGE('',*,*,#6068,.T.);
#3242=ORIENTED_EDGE('',*,*,#6094,.T.);
#3243=ORIENTED_EDGE('',*,*,#6086,.T.);
#3244=ORIENTED_EDGE('',*,*,#6095,.T.);
#3245=ORIENTED_EDGE('',*,*,#6093,.T.);
#3246=ORIENTED_EDGE('',*,*,#6084,.T.);
#3247=ORIENTED_EDGE('',*,*,#6096,.F.);
#3248=ORIENTED_EDGE('',*,*,#6097,.F.);
#3249=ORIENTED_EDGE('',*,*,#6098,.F.);
#3250=ORIENTED_EDGE('',*,*,#6099,.F.);
#3251=ORIENTED_EDGE('',*,*,#6100,.F.);
#3252=ORIENTED_EDGE('',*,*,#6101,.F.);
#3253=ORIENTED_EDGE('',*,*,#6102,.F.);
#3254=ORIENTED_EDGE('',*,*,#6103,.F.);
#3255=ORIENTED_EDGE('',*,*,#6104,.F.);
#3256=ORIENTED_EDGE('',*,*,#6105,.F.);
#3257=ORIENTED_EDGE('',*,*,#6106,.F.);
#3258=ORIENTED_EDGE('',*,*,#6081,.T.);
#3259=ORIENTED_EDGE('',*,*,#6092,.T.);
#3260=ORIENTED_EDGE('',*,*,#6090,.T.);
#3261=ORIENTED_EDGE('',*,*,#6088,.T.);
#3262=ORIENTED_EDGE('',*,*,#6076,.T.);
#3263=ORIENTED_EDGE('',*,*,#6107,.T.);
#3264=ORIENTED_EDGE('',*,*,#6108,.T.);
#3265=ORIENTED_EDGE('',*,*,#6109,.T.);
#3266=ORIENTED_EDGE('',*,*,#6110,.T.);
#3267=ORIENTED_EDGE('',*,*,#6111,.T.);
#3268=ORIENTED_EDGE('',*,*,#6112,.T.);
#3269=ORIENTED_EDGE('',*,*,#6113,.T.);
#3270=ORIENTED_EDGE('',*,*,#6114,.T.);
#3271=ORIENTED_EDGE('',*,*,#6115,.T.);
#3272=ORIENTED_EDGE('',*,*,#6116,.T.);
#3273=ORIENTED_EDGE('',*,*,#6117,.T.);
#3274=ORIENTED_EDGE('',*,*,#6073,.T.);
#3275=ORIENTED_EDGE('',*,*,#6118,.T.);
#3276=ORIENTED_EDGE('',*,*,#6078,.T.);
#3277=ORIENTED_EDGE('',*,*,#6106,.T.);
#3278=ORIENTED_EDGE('',*,*,#6119,.F.);
#3279=ORIENTED_EDGE('',*,*,#6120,.T.);
#3280=ORIENTED_EDGE('',*,*,#6121,.T.);
#3281=ORIENTED_EDGE('',*,*,#6122,.T.);
#3282=ORIENTED_EDGE('',*,*,#6123,.F.);
#3283=ORIENTED_EDGE('',*,*,#6124,.F.);
#3284=ORIENTED_EDGE('',*,*,#6125,.T.);
#3285=ORIENTED_EDGE('',*,*,#6126,.F.);
#3286=ORIENTED_EDGE('',*,*,#6127,.F.);
#3287=ORIENTED_EDGE('',*,*,#6128,.F.);
#3288=ORIENTED_EDGE('',*,*,#6129,.F.);
#3289=ORIENTED_EDGE('',*,*,#6130,.F.);
#3290=ORIENTED_EDGE('',*,*,#6131,.T.);
#3291=ORIENTED_EDGE('',*,*,#6132,.F.);
#3292=ORIENTED_EDGE('',*,*,#6133,.F.);
#3293=ORIENTED_EDGE('',*,*,#6125,.F.);
#3294=ORIENTED_EDGE('',*,*,#6134,.F.);
#3295=ORIENTED_EDGE('',*,*,#6135,.F.);
#3296=ORIENTED_EDGE('',*,*,#6136,.T.);
#3297=ORIENTED_EDGE('',*,*,#6137,.F.);
#3298=ORIENTED_EDGE('',*,*,#6138,.F.);
#3299=ORIENTED_EDGE('',*,*,#6131,.F.);
#3300=ORIENTED_EDGE('',*,*,#6139,.F.);
#3301=ORIENTED_EDGE('',*,*,#6140,.T.);
#3302=ORIENTED_EDGE('',*,*,#6141,.F.);
#3303=ORIENTED_EDGE('',*,*,#6136,.F.);
#3304=ORIENTED_EDGE('',*,*,#6142,.F.);
#3305=ORIENTED_EDGE('',*,*,#6143,.F.);
#3306=ORIENTED_EDGE('',*,*,#6144,.F.);
#3307=ORIENTED_EDGE('',*,*,#6145,.F.);
#3308=ORIENTED_EDGE('',*,*,#6146,.F.);
#3309=ORIENTED_EDGE('',*,*,#6147,.F.);
#3310=ORIENTED_EDGE('',*,*,#6148,.F.);
#3311=ORIENTED_EDGE('',*,*,#6149,.F.);
#3312=ORIENTED_EDGE('',*,*,#6150,.F.);
#3313=ORIENTED_EDGE('',*,*,#6151,.F.);
#3314=ORIENTED_EDGE('',*,*,#6152,.F.);
#3315=ORIENTED_EDGE('',*,*,#6140,.F.);
#3316=ORIENTED_EDGE('',*,*,#6153,.F.);
#3317=ORIENTED_EDGE('',*,*,#6154,.F.);
#3318=ORIENTED_EDGE('',*,*,#6155,.F.);
#3319=ORIENTED_EDGE('',*,*,#6156,.F.);
#3320=ORIENTED_EDGE('',*,*,#6157,.F.);
#3321=ORIENTED_EDGE('',*,*,#6158,.F.);
#3322=ORIENTED_EDGE('',*,*,#6159,.F.);
#3323=ORIENTED_EDGE('',*,*,#6160,.F.);
#3324=ORIENTED_EDGE('',*,*,#6161,.F.);
#3325=ORIENTED_EDGE('',*,*,#6162,.F.);
#3326=ORIENTED_EDGE('',*,*,#6163,.F.);
#3327=ORIENTED_EDGE('',*,*,#6164,.F.);
#3328=ORIENTED_EDGE('',*,*,#6165,.F.);
#3329=ORIENTED_EDGE('',*,*,#6166,.F.);
#3330=ORIENTED_EDGE('',*,*,#6167,.F.);
#3331=ORIENTED_EDGE('',*,*,#6168,.F.);
#3332=ORIENTED_EDGE('',*,*,#6169,.F.);
#3333=ORIENTED_EDGE('',*,*,#6170,.F.);
#3334=ORIENTED_EDGE('',*,*,#6171,.F.);
#3335=ORIENTED_EDGE('',*,*,#6172,.T.);
#3336=ORIENTED_EDGE('',*,*,#6173,.F.);
#3337=ORIENTED_EDGE('',*,*,#6174,.T.);
#3338=ORIENTED_EDGE('',*,*,#6175,.F.);
#3339=ORIENTED_EDGE('',*,*,#6176,.F.);
#3340=ORIENTED_EDGE('',*,*,#6177,.F.);
#3341=ORIENTED_EDGE('',*,*,#6178,.T.);
#3342=ORIENTED_EDGE('',*,*,#6179,.F.);
#3343=ORIENTED_EDGE('',*,*,#6174,.F.);
#3344=ORIENTED_EDGE('',*,*,#6180,.F.);
#3345=ORIENTED_EDGE('',*,*,#6181,.T.);
#3346=ORIENTED_EDGE('',*,*,#6182,.F.);
#3347=ORIENTED_EDGE('',*,*,#6178,.F.);
#3348=ORIENTED_EDGE('',*,*,#6183,.F.);
#3349=ORIENTED_EDGE('',*,*,#6128,.T.);
#3350=ORIENTED_EDGE('',*,*,#6184,.F.);
#3351=ORIENTED_EDGE('',*,*,#6181,.F.);
#3352=ORIENTED_EDGE('',*,*,#6185,.F.);
#3353=ORIENTED_EDGE('',*,*,#6186,.F.);
#3354=ORIENTED_EDGE('',*,*,#6122,.F.);
#3355=ORIENTED_EDGE('',*,*,#6187,.F.);
#3356=ORIENTED_EDGE('',*,*,#6188,.F.);
#3357=ORIENTED_EDGE('',*,*,#6189,.F.);
#3358=ORIENTED_EDGE('',*,*,#6120,.F.);
#3359=ORIENTED_EDGE('',*,*,#6190,.F.);
#3360=ORIENTED_EDGE('',*,*,#6191,.F.);
#3361=ORIENTED_EDGE('',*,*,#6192,.F.);
#3362=ORIENTED_EDGE('',*,*,#6193,.F.);
#3363=ORIENTED_EDGE('',*,*,#6194,.F.);
#3364=ORIENTED_EDGE('',*,*,#6195,.F.);
#3365=ORIENTED_EDGE('',*,*,#6196,.F.);
#3366=ORIENTED_EDGE('',*,*,#6197,.F.);
#3367=ORIENTED_EDGE('',*,*,#6198,.F.);
#3368=ORIENTED_EDGE('',*,*,#6193,.T.);
#3369=ORIENTED_EDGE('',*,*,#6199,.F.);
#3370=ORIENTED_EDGE('',*,*,#6200,.F.);
#3371=ORIENTED_EDGE('',*,*,#6201,.F.);
#3372=ORIENTED_EDGE('',*,*,#6202,.T.);
#3373=ORIENTED_EDGE('',*,*,#6203,.F.);
#3374=ORIENTED_EDGE('',*,*,#6204,.F.);
#3375=ORIENTED_EDGE('',*,*,#6202,.F.);
#3376=ORIENTED_EDGE('',*,*,#6205,.F.);
#3377=ORIENTED_EDGE('',*,*,#6206,.F.);
#3378=ORIENTED_EDGE('',*,*,#6207,.F.);
#3379=ORIENTED_EDGE('',*,*,#6158,.T.);
#3380=ORIENTED_EDGE('',*,*,#6208,.F.);
#3381=ORIENTED_EDGE('',*,*,#6200,.T.);
#3382=ORIENTED_EDGE('',*,*,#6209,.F.);
#3383=ORIENTED_EDGE('',*,*,#6210,.F.);
#3384=ORIENTED_EDGE('',*,*,#6211,.F.);
#3385=ORIENTED_EDGE('',*,*,#6195,.T.);
#3386=ORIENTED_EDGE('',*,*,#6212,.F.);
#3387=ORIENTED_EDGE('',*,*,#6168,.T.);
#3388=ORIENTED_EDGE('',*,*,#6213,.F.);
#3389=ORIENTED_EDGE('',*,*,#6148,.T.);
#3390=ORIENTED_EDGE('',*,*,#6214,.T.);
#3391=ORIENTED_EDGE('',*,*,#6186,.T.);
#3392=ORIENTED_EDGE('',*,*,#6215,.F.);
#3393=ORIENTED_EDGE('',*,*,#6214,.F.);
#3394=ORIENTED_EDGE('',*,*,#6147,.T.);
#3395=ORIENTED_EDGE('',*,*,#6216,.T.);
#3396=ORIENTED_EDGE('',*,*,#6123,.T.);
#3397=ORIENTED_EDGE('',*,*,#6190,.T.);
#3398=ORIENTED_EDGE('',*,*,#6216,.F.);
#3399=ORIENTED_EDGE('',*,*,#6146,.T.);
#3400=ORIENTED_EDGE('',*,*,#6217,.F.);
#3401=ORIENTED_EDGE('',*,*,#6218,.T.);
#3402=ORIENTED_EDGE('',*,*,#6191,.T.);
#3403=ORIENTED_EDGE('',*,*,#6219,.T.);
#3404=ORIENTED_EDGE('',*,*,#6155,.T.);
#3405=ORIENTED_EDGE('',*,*,#6219,.F.);
#3406=ORIENTED_EDGE('',*,*,#6217,.T.);
#3407=ORIENTED_EDGE('',*,*,#6220,.T.);
#3408=ORIENTED_EDGE('',*,*,#6156,.T.);
#3409=ORIENTED_EDGE('',*,*,#6220,.F.);
#3410=ORIENTED_EDGE('',*,*,#6145,.T.);
#3411=ORIENTED_EDGE('',*,*,#6221,.T.);
#3412=ORIENTED_EDGE('',*,*,#6157,.T.);
#3413=ORIENTED_EDGE('',*,*,#6221,.F.);
#3414=ORIENTED_EDGE('',*,*,#6144,.T.);
#3415=ORIENTED_EDGE('',*,*,#6222,.T.);
#3416=ORIENTED_EDGE('',*,*,#6208,.T.);
#3417=ORIENTED_EDGE('',*,*,#6222,.F.);
#3418=ORIENTED_EDGE('',*,*,#6143,.T.);
#3419=ORIENTED_EDGE('',*,*,#6223,.T.);
#3420=ORIENTED_EDGE('',*,*,#6201,.T.);
#3421=ORIENTED_EDGE('',*,*,#6223,.F.);
#3422=ORIENTED_EDGE('',*,*,#6153,.T.);
#3423=ORIENTED_EDGE('',*,*,#6224,.T.);
#3424=ORIENTED_EDGE('',*,*,#6205,.T.);
#3425=ORIENTED_EDGE('',*,*,#6224,.F.);
#3426=ORIENTED_EDGE('',*,*,#6142,.T.);
#3427=ORIENTED_EDGE('',*,*,#6225,.T.);
#3428=ORIENTED_EDGE('',*,*,#6206,.T.);
#3429=ORIENTED_EDGE('',*,*,#6225,.F.);
#3430=ORIENTED_EDGE('',*,*,#6135,.T.);
#3431=ORIENTED_EDGE('',*,*,#6226,.T.);
#3432=ORIENTED_EDGE('',*,*,#6207,.T.);
#3433=ORIENTED_EDGE('',*,*,#6226,.F.);
#3434=ORIENTED_EDGE('',*,*,#6139,.T.);
#3435=ORIENTED_EDGE('',*,*,#6227,.T.);
#3436=ORIENTED_EDGE('',*,*,#6203,.T.);
#3437=ORIENTED_EDGE('',*,*,#6227,.F.);
#3438=ORIENTED_EDGE('',*,*,#6130,.T.);
#3439=ORIENTED_EDGE('',*,*,#6228,.T.);
#3440=ORIENTED_EDGE('',*,*,#6204,.T.);
#3441=ORIENTED_EDGE('',*,*,#6228,.F.);
#3442=ORIENTED_EDGE('',*,*,#6134,.T.);
#3443=ORIENTED_EDGE('',*,*,#6229,.T.);
#3444=ORIENTED_EDGE('',*,*,#6209,.T.);
#3445=ORIENTED_EDGE('',*,*,#6229,.F.);
#3446=ORIENTED_EDGE('',*,*,#6124,.T.);
#3447=ORIENTED_EDGE('',*,*,#6230,.T.);
#3448=ORIENTED_EDGE('',*,*,#6210,.T.);
#3449=ORIENTED_EDGE('',*,*,#6230,.F.);
#3450=ORIENTED_EDGE('',*,*,#6129,.T.);
#3451=ORIENTED_EDGE('',*,*,#6231,.T.);
#3452=ORIENTED_EDGE('',*,*,#6159,.T.);
#3453=ORIENTED_EDGE('',*,*,#6231,.F.);
#3454=ORIENTED_EDGE('',*,*,#6185,.T.);
#3455=ORIENTED_EDGE('',*,*,#6232,.T.);
#3456=ORIENTED_EDGE('',*,*,#6160,.T.);
#3457=ORIENTED_EDGE('',*,*,#6232,.F.);
#3458=ORIENTED_EDGE('',*,*,#6183,.T.);
#3459=ORIENTED_EDGE('',*,*,#6233,.T.);
#3460=ORIENTED_EDGE('',*,*,#6161,.T.);
#3461=ORIENTED_EDGE('',*,*,#6233,.F.);
#3462=ORIENTED_EDGE('',*,*,#6180,.T.);
#3463=ORIENTED_EDGE('',*,*,#6234,.T.);
#3464=ORIENTED_EDGE('',*,*,#6162,.T.);
#3465=ORIENTED_EDGE('',*,*,#6235,.T.);
#3466=ORIENTED_EDGE('',*,*,#6163,.T.);
#3467=ORIENTED_EDGE('',*,*,#6234,.F.);
#3468=ORIENTED_EDGE('',*,*,#6177,.T.);
#3469=ORIENTED_EDGE('',*,*,#6236,.T.);
#3470=ORIENTED_EDGE('',*,*,#6171,.T.);
#3471=ORIENTED_EDGE('',*,*,#6237,.T.);
#3472=ORIENTED_EDGE('',*,*,#6188,.T.);
#3473=ORIENTED_EDGE('',*,*,#6237,.F.);
#3474=ORIENTED_EDGE('',*,*,#6170,.T.);
#3475=ORIENTED_EDGE('',*,*,#6238,.T.);
#3476=ORIENTED_EDGE('',*,*,#6215,.T.);
#3477=ORIENTED_EDGE('',*,*,#6238,.F.);
#3478=ORIENTED_EDGE('',*,*,#6169,.T.);
#3479=ORIENTED_EDGE('',*,*,#6239,.T.);
#3480=ORIENTED_EDGE('',*,*,#6149,.T.);
#3481=ORIENTED_EDGE('',*,*,#6239,.F.);
#3482=ORIENTED_EDGE('',*,*,#6212,.T.);
#3483=ORIENTED_EDGE('',*,*,#6240,.T.);
#3484=ORIENTED_EDGE('',*,*,#6150,.T.);
#3485=ORIENTED_EDGE('',*,*,#6240,.F.);
#3486=ORIENTED_EDGE('',*,*,#6194,.T.);
#3487=ORIENTED_EDGE('',*,*,#6241,.T.);
#3488=ORIENTED_EDGE('',*,*,#6151,.T.);
#3489=ORIENTED_EDGE('',*,*,#6241,.F.);
#3490=ORIENTED_EDGE('',*,*,#6198,.T.);
#3491=ORIENTED_EDGE('',*,*,#6242,.T.);
#3492=ORIENTED_EDGE('',*,*,#6152,.T.);
#3493=ORIENTED_EDGE('',*,*,#6242,.F.);
#3494=ORIENTED_EDGE('',*,*,#6197,.T.);
#3495=ORIENTED_EDGE('',*,*,#6243,.T.);
#3496=ORIENTED_EDGE('',*,*,#6141,.T.);
#3497=ORIENTED_EDGE('',*,*,#6243,.F.);
#3498=ORIENTED_EDGE('',*,*,#6199,.T.);
#3499=ORIENTED_EDGE('',*,*,#6244,.T.);
#3500=ORIENTED_EDGE('',*,*,#6137,.T.);
#3501=ORIENTED_EDGE('',*,*,#6244,.F.);
#3502=ORIENTED_EDGE('',*,*,#6192,.T.);
#3503=ORIENTED_EDGE('',*,*,#6245,.T.);
#3504=ORIENTED_EDGE('',*,*,#6138,.T.);
#3505=ORIENTED_EDGE('',*,*,#6245,.F.);
#3506=ORIENTED_EDGE('',*,*,#6196,.T.);
#3507=ORIENTED_EDGE('',*,*,#6246,.T.);
#3508=ORIENTED_EDGE('',*,*,#6132,.T.);
#3509=ORIENTED_EDGE('',*,*,#6246,.F.);
#3510=ORIENTED_EDGE('',*,*,#6211,.T.);
#3511=ORIENTED_EDGE('',*,*,#6247,.T.);
#3512=ORIENTED_EDGE('',*,*,#6133,.T.);
#3513=ORIENTED_EDGE('',*,*,#6247,.F.);
#3514=ORIENTED_EDGE('',*,*,#6213,.T.);
#3515=ORIENTED_EDGE('',*,*,#6248,.T.);
#3516=ORIENTED_EDGE('',*,*,#6126,.T.);
#3517=ORIENTED_EDGE('',*,*,#6248,.F.);
#3518=ORIENTED_EDGE('',*,*,#6167,.T.);
#3519=ORIENTED_EDGE('',*,*,#6249,.T.);
#3520=ORIENTED_EDGE('',*,*,#6127,.T.);
#3521=ORIENTED_EDGE('',*,*,#6249,.F.);
#3522=ORIENTED_EDGE('',*,*,#6166,.T.);
#3523=ORIENTED_EDGE('',*,*,#6250,.T.);
#3524=ORIENTED_EDGE('',*,*,#6184,.T.);
#3525=ORIENTED_EDGE('',*,*,#6250,.F.);
#3526=ORIENTED_EDGE('',*,*,#6165,.T.);
#3527=ORIENTED_EDGE('',*,*,#6251,.T.);
#3528=ORIENTED_EDGE('',*,*,#6182,.T.);
#3529=ORIENTED_EDGE('',*,*,#6251,.F.);
#3530=ORIENTED_EDGE('',*,*,#6164,.T.);
#3531=ORIENTED_EDGE('',*,*,#6252,.T.);
#3532=ORIENTED_EDGE('',*,*,#6179,.T.);
#3533=ORIENTED_EDGE('',*,*,#6253,.T.);
#3534=ORIENTED_EDGE('',*,*,#6175,.T.);
#3535=ORIENTED_EDGE('',*,*,#6252,.F.);
#3536=ORIENTED_EDGE('',*,*,#6173,.T.);
#3537=ORIENTED_EDGE('',*,*,#6254,.F.);
#3538=ORIENTED_EDGE('',*,*,#6255,.F.);
#3539=ORIENTED_EDGE('',*,*,#6256,.F.);
#3540=ORIENTED_EDGE('',*,*,#6257,.F.);
#3541=ORIENTED_EDGE('',*,*,#6258,.F.);
#3542=ORIENTED_EDGE('',*,*,#6259,.F.);
#3543=ORIENTED_EDGE('',*,*,#6260,.F.);
#3544=ORIENTED_EDGE('',*,*,#6261,.F.);
#3545=ORIENTED_EDGE('',*,*,#6218,.F.);
#3546=ORIENTED_EDGE('',*,*,#6154,.T.);
#3547=ORIENTED_EDGE('',*,*,#6235,.F.);
#3548=ORIENTED_EDGE('',*,*,#6176,.T.);
#3549=ORIENTED_EDGE('',*,*,#6253,.F.);
#3550=ORIENTED_EDGE('',*,*,#6172,.F.);
#3551=ORIENTED_EDGE('',*,*,#6236,.F.);
#3552=ORIENTED_EDGE('',*,*,#6187,.T.);
#3553=ORIENTED_EDGE('',*,*,#6121,.F.);
#3554=ORIENTED_EDGE('',*,*,#6189,.T.);
#3555=ORIENTED_EDGE('',*,*,#6262,.T.);
#3556=ORIENTED_EDGE('',*,*,#6263,.F.);
#3557=ORIENTED_EDGE('',*,*,#6264,.T.);
#3558=ORIENTED_EDGE('',*,*,#6265,.T.);
#3559=ORIENTED_EDGE('',*,*,#6266,.T.);
#3560=ORIENTED_EDGE('',*,*,#6267,.F.);
#3561=ORIENTED_EDGE('',*,*,#6268,.F.);
#3562=ORIENTED_EDGE('',*,*,#6269,.F.);
#3563=ORIENTED_EDGE('',*,*,#6270,.F.);
#3564=ORIENTED_EDGE('',*,*,#6271,.F.);
#3565=ORIENTED_EDGE('',*,*,#6272,.F.);
#3566=ORIENTED_EDGE('',*,*,#6273,.F.);
#3567=ORIENTED_EDGE('',*,*,#6274,.F.);
#3568=ORIENTED_EDGE('',*,*,#6275,.F.);
#3569=ORIENTED_EDGE('',*,*,#6276,.F.);
#3570=ORIENTED_EDGE('',*,*,#6277,.T.);
#3571=ORIENTED_EDGE('',*,*,#6278,.T.);
#3572=ORIENTED_EDGE('',*,*,#6279,.F.);
#3573=ORIENTED_EDGE('',*,*,#6280,.F.);
#3574=ORIENTED_EDGE('',*,*,#6281,.F.);
#3575=ORIENTED_EDGE('',*,*,#6282,.F.);
#3576=ORIENTED_EDGE('',*,*,#6283,.F.);
#3577=ORIENTED_EDGE('',*,*,#6284,.T.);
#3578=ORIENTED_EDGE('',*,*,#6285,.F.);
#3579=ORIENTED_EDGE('',*,*,#6286,.T.);
#3580=ORIENTED_EDGE('',*,*,#6287,.T.);
#3581=ORIENTED_EDGE('',*,*,#6288,.F.);
#3582=ORIENTED_EDGE('',*,*,#6289,.T.);
#3583=ORIENTED_EDGE('',*,*,#6290,.T.);
#3584=ORIENTED_EDGE('',*,*,#6291,.F.);
#3585=ORIENTED_EDGE('',*,*,#6292,.F.);
#3586=ORIENTED_EDGE('',*,*,#6047,.F.);
#3587=ORIENTED_EDGE('',*,*,#6056,.F.);
#3588=ORIENTED_EDGE('',*,*,#6293,.F.);
#3589=ORIENTED_EDGE('',*,*,#6294,.T.);
#3590=ORIENTED_EDGE('',*,*,#6295,.F.);
#3591=ORIENTED_EDGE('',*,*,#6296,.F.);
#3592=ORIENTED_EDGE('',*,*,#6297,.F.);
#3593=ORIENTED_EDGE('',*,*,#6298,.F.);
#3594=ORIENTED_EDGE('',*,*,#6049,.F.);
#3595=ORIENTED_EDGE('',*,*,#6025,.F.);
#3596=ORIENTED_EDGE('',*,*,#6079,.F.);
#3597=ORIENTED_EDGE('',*,*,#6118,.F.);
#3598=ORIENTED_EDGE('',*,*,#6299,.F.);
#3599=ORIENTED_EDGE('',*,*,#6300,.F.);
#3600=ORIENTED_EDGE('',*,*,#6301,.F.);
#3601=ORIENTED_EDGE('',*,*,#6302,.T.);
#3602=ORIENTED_EDGE('',*,*,#6303,.F.);
#3603=ORIENTED_EDGE('',*,*,#6304,.F.);
#3604=ORIENTED_EDGE('',*,*,#6082,.F.);
#3605=ORIENTED_EDGE('',*,*,#6065,.F.);
#3606=ORIENTED_EDGE('',*,*,#5816,.T.);
#3607=ORIENTED_EDGE('',*,*,#6305,.F.);
#3608=ORIENTED_EDGE('',*,*,#6098,.T.);
#3609=ORIENTED_EDGE('',*,*,#6306,.F.);
#3610=ORIENTED_EDGE('',*,*,#6104,.T.);
#3611=ORIENTED_EDGE('',*,*,#6307,.F.);
#3612=ORIENTED_EDGE('',*,*,#5810,.T.);
#3613=ORIENTED_EDGE('',*,*,#6308,.F.);
#3614=ORIENTED_EDGE('',*,*,#6295,.T.);
#3615=ORIENTED_EDGE('',*,*,#6309,.F.);
#3616=ORIENTED_EDGE('',*,*,#6310,.F.);
#3617=ORIENTED_EDGE('',*,*,#6311,.F.);
#3618=ORIENTED_EDGE('',*,*,#6312,.F.);
#3619=ORIENTED_EDGE('',*,*,#6301,.T.);
#3620=ORIENTED_EDGE('',*,*,#6313,.F.);
#3621=ORIENTED_EDGE('',*,*,#6278,.F.);
#3622=ORIENTED_EDGE('',*,*,#6314,.T.);
#3623=ORIENTED_EDGE('',*,*,#6291,.T.);
#3624=ORIENTED_EDGE('',*,*,#6315,.T.);
#3625=ORIENTED_EDGE('',*,*,#6309,.T.);
#3626=ORIENTED_EDGE('',*,*,#6294,.F.);
#3627=ORIENTED_EDGE('',*,*,#6316,.F.);
#3628=ORIENTED_EDGE('',*,*,#6302,.F.);
#3629=ORIENTED_EDGE('',*,*,#6312,.T.);
#3630=ORIENTED_EDGE('',*,*,#6317,.T.);
#3631=ORIENTED_EDGE('',*,*,#6292,.T.);
#3632=ORIENTED_EDGE('',*,*,#6314,.F.);
#3633=ORIENTED_EDGE('',*,*,#6277,.F.);
#3634=ORIENTED_EDGE('',*,*,#6318,.F.);
#3635=ORIENTED_EDGE('',*,*,#6319,.F.);
#3636=ORIENTED_EDGE('',*,*,#6102,.T.);
#3637=ORIENTED_EDGE('',*,*,#6320,.T.);
#3638=ORIENTED_EDGE('',*,*,#6321,.T.);
#3639=ORIENTED_EDGE('',*,*,#6322,.F.);
#3640=ORIENTED_EDGE('',*,*,#6103,.T.);
#3641=ORIENTED_EDGE('',*,*,#6319,.T.);
#3642=ORIENTED_EDGE('',*,*,#6323,.T.);
#3643=ORIENTED_EDGE('',*,*,#6324,.F.);
#3644=ORIENTED_EDGE('',*,*,#6307,.T.);
#3645=ORIENTED_EDGE('',*,*,#6322,.T.);
#3646=ORIENTED_EDGE('',*,*,#6325,.T.);
#3647=ORIENTED_EDGE('',*,*,#6324,.T.);
#3648=ORIENTED_EDGE('',*,*,#6326,.T.);
#3649=ORIENTED_EDGE('',*,*,#6327,.T.);
#3650=ORIENTED_EDGE('',*,*,#5811,.T.);
#3651=ORIENTED_EDGE('',*,*,#6327,.F.);
#3652=ORIENTED_EDGE('',*,*,#6328,.T.);
#3653=ORIENTED_EDGE('',*,*,#6329,.T.);
#3654=ORIENTED_EDGE('',*,*,#5812,.T.);
#3655=ORIENTED_EDGE('',*,*,#6330,.T.);
#3656=ORIENTED_EDGE('',*,*,#6331,.T.);
#3657=ORIENTED_EDGE('',*,*,#6332,.T.);
#3658=ORIENTED_EDGE('',*,*,#6333,.F.);
#3659=ORIENTED_EDGE('',*,*,#6334,.F.);
#3660=ORIENTED_EDGE('',*,*,#6335,.F.);
#3661=ORIENTED_EDGE('',*,*,#6336,.T.);
#3662=ORIENTED_EDGE('',*,*,#6337,.F.);
#3663=ORIENTED_EDGE('',*,*,#6336,.F.);
#3664=ORIENTED_EDGE('',*,*,#6338,.F.);
#3665=ORIENTED_EDGE('',*,*,#6339,.T.);
#3666=ORIENTED_EDGE('',*,*,#6340,.F.);
#3667=ORIENTED_EDGE('',*,*,#6341,.F.);
#3668=ORIENTED_EDGE('',*,*,#6275,.T.);
#3669=ORIENTED_EDGE('',*,*,#6342,.T.);
#3670=ORIENTED_EDGE('',*,*,#6343,.T.);
#3671=ORIENTED_EDGE('',*,*,#6344,.F.);
#3672=ORIENTED_EDGE('',*,*,#6276,.T.);
#3673=ORIENTED_EDGE('',*,*,#6341,.T.);
#3674=ORIENTED_EDGE('',*,*,#6345,.T.);
#3675=ORIENTED_EDGE('',*,*,#6346,.T.);
#3676=ORIENTED_EDGE('',*,*,#6267,.T.);
#3677=ORIENTED_EDGE('',*,*,#6344,.T.);
#3678=ORIENTED_EDGE('',*,*,#6347,.T.);
#3679=ORIENTED_EDGE('',*,*,#6346,.F.);
#3680=ORIENTED_EDGE('',*,*,#6348,.T.);
#3681=ORIENTED_EDGE('',*,*,#6349,.T.);
#3682=ORIENTED_EDGE('',*,*,#6268,.T.);
#3683=ORIENTED_EDGE('',*,*,#6350,.F.);
#3684=ORIENTED_EDGE('',*,*,#6351,.F.);
#3685=ORIENTED_EDGE('',*,*,#6352,.F.);
#3686=ORIENTED_EDGE('',*,*,#6353,.F.);
#3687=ORIENTED_EDGE('',*,*,#6354,.F.);
#3688=ORIENTED_EDGE('',*,*,#6355,.T.);
#3689=ORIENTED_EDGE('',*,*,#6356,.T.);
#3690=ORIENTED_EDGE('',*,*,#6270,.T.);
#3691=ORIENTED_EDGE('',*,*,#6349,.F.);
#3692=ORIENTED_EDGE('',*,*,#6353,.T.);
#3693=ORIENTED_EDGE('',*,*,#6354,.T.);
#3694=ORIENTED_EDGE('',*,*,#6269,.T.);
#3695=ORIENTED_EDGE('',*,*,#6357,.T.);
#3696=ORIENTED_EDGE('',*,*,#6358,.T.);
#3697=ORIENTED_EDGE('',*,*,#6350,.T.);
#3698=ORIENTED_EDGE('',*,*,#6348,.F.);
#3699=ORIENTED_EDGE('',*,*,#6359,.F.);
#3700=ORIENTED_EDGE('',*,*,#6360,.T.);
#3701=ORIENTED_EDGE('',*,*,#6358,.F.);
#3702=ORIENTED_EDGE('',*,*,#6361,.T.);
#3703=ORIENTED_EDGE('',*,*,#6359,.T.);
#3704=ORIENTED_EDGE('',*,*,#6362,.T.);
#3705=ORIENTED_EDGE('',*,*,#6328,.F.);
#3706=ORIENTED_EDGE('',*,*,#6329,.F.);
#3707=ORIENTED_EDGE('',*,*,#6363,.T.);
#3708=ORIENTED_EDGE('',*,*,#6364,.T.);
#3709=ORIENTED_EDGE('',*,*,#5813,.T.);
#3710=ORIENTED_EDGE('',*,*,#6364,.F.);
#3711=ORIENTED_EDGE('',*,*,#6365,.T.);
#3712=ORIENTED_EDGE('',*,*,#6366,.T.);
#3713=ORIENTED_EDGE('',*,*,#5814,.T.);
#3714=ORIENTED_EDGE('',*,*,#6366,.F.);
#3715=ORIENTED_EDGE('',*,*,#6367,.T.);
#3716=ORIENTED_EDGE('',*,*,#6368,.T.);
#3717=ORIENTED_EDGE('',*,*,#5815,.T.);
#3718=ORIENTED_EDGE('',*,*,#6368,.F.);
#3719=ORIENTED_EDGE('',*,*,#6369,.T.);
#3720=ORIENTED_EDGE('',*,*,#6370,.T.);
#3721=ORIENTED_EDGE('',*,*,#6305,.T.);
#3722=ORIENTED_EDGE('',*,*,#6370,.F.);
#3723=ORIENTED_EDGE('',*,*,#6371,.T.);
#3724=ORIENTED_EDGE('',*,*,#6372,.F.);
#3725=ORIENTED_EDGE('',*,*,#6099,.T.);
#3726=ORIENTED_EDGE('',*,*,#6373,.F.);
#3727=ORIENTED_EDGE('',*,*,#6100,.T.);
#3728=ORIENTED_EDGE('',*,*,#6372,.T.);
#3729=ORIENTED_EDGE('',*,*,#6374,.T.);
#3730=ORIENTED_EDGE('',*,*,#6320,.F.);
#3731=ORIENTED_EDGE('',*,*,#6101,.T.);
#3732=ORIENTED_EDGE('',*,*,#6373,.T.);
#3733=ORIENTED_EDGE('',*,*,#6375,.T.);
#3734=ORIENTED_EDGE('',*,*,#6376,.T.);
#3735=ORIENTED_EDGE('',*,*,#6377,.T.);
#3736=ORIENTED_EDGE('',*,*,#6378,.T.);
#3737=ORIENTED_EDGE('',*,*,#6321,.F.);
#3738=ORIENTED_EDGE('',*,*,#6379,.F.);
#3739=ORIENTED_EDGE('',*,*,#6380,.T.);
#3740=ORIENTED_EDGE('',*,*,#6377,.F.);
#3741=ORIENTED_EDGE('',*,*,#6378,.F.);
#3742=ORIENTED_EDGE('',*,*,#6381,.F.);
#3743=ORIENTED_EDGE('',*,*,#6361,.F.);
#3744=ORIENTED_EDGE('',*,*,#6326,.F.);
#3745=ORIENTED_EDGE('',*,*,#6325,.F.);
#3746=ORIENTED_EDGE('',*,*,#6323,.F.);
#3747=ORIENTED_EDGE('',*,*,#6360,.F.);
#3748=ORIENTED_EDGE('',*,*,#6381,.T.);
#3749=ORIENTED_EDGE('',*,*,#6380,.F.);
#3750=ORIENTED_EDGE('',*,*,#6351,.T.);
#3751=ORIENTED_EDGE('',*,*,#6352,.T.);
#3752=ORIENTED_EDGE('',*,*,#6379,.T.);
#3753=ORIENTED_EDGE('',*,*,#6382,.T.);
#3754=ORIENTED_EDGE('',*,*,#6355,.F.);
#3755=ORIENTED_EDGE('',*,*,#6356,.F.);
#3756=ORIENTED_EDGE('',*,*,#6383,.T.);
#3757=ORIENTED_EDGE('',*,*,#6384,.T.);
#3758=ORIENTED_EDGE('',*,*,#6271,.T.);
#3759=ORIENTED_EDGE('',*,*,#6385,.F.);
#3760=ORIENTED_EDGE('',*,*,#6272,.T.);
#3761=ORIENTED_EDGE('',*,*,#6384,.F.);
#3762=ORIENTED_EDGE('',*,*,#6386,.T.);
#3763=ORIENTED_EDGE('',*,*,#6387,.F.);
#3764=ORIENTED_EDGE('',*,*,#6273,.T.);
#3765=ORIENTED_EDGE('',*,*,#6385,.T.);
#3766=ORIENTED_EDGE('',*,*,#6337,.T.);
#3767=ORIENTED_EDGE('',*,*,#6342,.F.);
#3768=ORIENTED_EDGE('',*,*,#6274,.T.);
#3769=ORIENTED_EDGE('',*,*,#6387,.T.);
#3770=ORIENTED_EDGE('',*,*,#6340,.T.);
#3771=ORIENTED_EDGE('',*,*,#6339,.F.);
#3772=ORIENTED_EDGE('',*,*,#6388,.F.);
#3773=ORIENTED_EDGE('',*,*,#6389,.F.);
#3774=ORIENTED_EDGE('',*,*,#6390,.F.);
#3775=ORIENTED_EDGE('',*,*,#6343,.F.);
#3776=ORIENTED_EDGE('',*,*,#6391,.F.);
#3777=ORIENTED_EDGE('',*,*,#6392,.T.);
#3778=ORIENTED_EDGE('',*,*,#6393,.T.);
#3779=ORIENTED_EDGE('',*,*,#6389,.T.);
#3780=ORIENTED_EDGE('',*,*,#6393,.F.);
#3781=ORIENTED_EDGE('',*,*,#6394,.T.);
#3782=ORIENTED_EDGE('',*,*,#6395,.T.);
#3783=ORIENTED_EDGE('',*,*,#6390,.T.);
#3784=ORIENTED_EDGE('',*,*,#6395,.F.);
#3785=ORIENTED_EDGE('',*,*,#6396,.T.);
#3786=ORIENTED_EDGE('',*,*,#6345,.F.);
#3787=ORIENTED_EDGE('',*,*,#6396,.F.);
#3788=ORIENTED_EDGE('',*,*,#6397,.F.);
#3789=ORIENTED_EDGE('',*,*,#6363,.F.);
#3790=ORIENTED_EDGE('',*,*,#6362,.F.);
#3791=ORIENTED_EDGE('',*,*,#6357,.F.);
#3792=ORIENTED_EDGE('',*,*,#6347,.F.);
#3793=ORIENTED_EDGE('',*,*,#6392,.F.);
#3794=ORIENTED_EDGE('',*,*,#6398,.T.);
#3795=ORIENTED_EDGE('',*,*,#6365,.F.);
#3796=ORIENTED_EDGE('',*,*,#6397,.T.);
#3797=ORIENTED_EDGE('',*,*,#6394,.F.);
#3798=ORIENTED_EDGE('',*,*,#6399,.F.);
#3799=ORIENTED_EDGE('',*,*,#6400,.T.);
#3800=ORIENTED_EDGE('',*,*,#6391,.T.);
#3801=ORIENTED_EDGE('',*,*,#6388,.T.);
#3802=ORIENTED_EDGE('',*,*,#6401,.F.);
#3803=ORIENTED_EDGE('',*,*,#6402,.T.);
#3804=ORIENTED_EDGE('',*,*,#6399,.T.);
#3805=ORIENTED_EDGE('',*,*,#6338,.T.);
#3806=ORIENTED_EDGE('',*,*,#6403,.F.);
#3807=ORIENTED_EDGE('',*,*,#6404,.T.);
#3808=ORIENTED_EDGE('',*,*,#6401,.T.);
#3809=ORIENTED_EDGE('',*,*,#6335,.T.);
#3810=ORIENTED_EDGE('',*,*,#6331,.F.);
#3811=ORIENTED_EDGE('',*,*,#6405,.T.);
#3812=ORIENTED_EDGE('',*,*,#6403,.T.);
#3813=ORIENTED_EDGE('',*,*,#6334,.T.);
#3814=ORIENTED_EDGE('',*,*,#6406,.T.);
#3815=ORIENTED_EDGE('',*,*,#6332,.F.);
#3816=ORIENTED_EDGE('',*,*,#6333,.T.);
#3817=ORIENTED_EDGE('',*,*,#6386,.F.);
#3818=ORIENTED_EDGE('',*,*,#6382,.F.);
#3819=ORIENTED_EDGE('',*,*,#6376,.F.);
#3820=ORIENTED_EDGE('',*,*,#6375,.F.);
#3821=ORIENTED_EDGE('',*,*,#6407,.F.);
#3822=ORIENTED_EDGE('',*,*,#6406,.F.);
#3823=ORIENTED_EDGE('',*,*,#6383,.F.);
#3824=ORIENTED_EDGE('',*,*,#6407,.T.);
#3825=ORIENTED_EDGE('',*,*,#6374,.F.);
#3826=ORIENTED_EDGE('',*,*,#6408,.T.);
#3827=ORIENTED_EDGE('',*,*,#6405,.F.);
#3828=ORIENTED_EDGE('',*,*,#6330,.F.);
#3829=ORIENTED_EDGE('',*,*,#6402,.F.);
#3830=ORIENTED_EDGE('',*,*,#6404,.F.);
#3831=ORIENTED_EDGE('',*,*,#6408,.F.);
#3832=ORIENTED_EDGE('',*,*,#6371,.F.);
#3833=ORIENTED_EDGE('',*,*,#6369,.F.);
#3834=ORIENTED_EDGE('',*,*,#6367,.F.);
#3835=ORIENTED_EDGE('',*,*,#6398,.F.);
#3836=ORIENTED_EDGE('',*,*,#6400,.F.);
#3837=ORIENTED_EDGE('',*,*,#5817,.T.);
#3838=ORIENTED_EDGE('',*,*,#6409,.T.);
#3839=ORIENTED_EDGE('',*,*,#6280,.T.);
#3840=ORIENTED_EDGE('',*,*,#6410,.F.);
#3841=ORIENTED_EDGE('',*,*,#6409,.F.);
#3842=ORIENTED_EDGE('',*,*,#6306,.T.);
#3843=ORIENTED_EDGE('',*,*,#6411,.T.);
#3844=ORIENTED_EDGE('',*,*,#6281,.T.);
#3845=ORIENTED_EDGE('',*,*,#6282,.T.);
#3846=ORIENTED_EDGE('',*,*,#6411,.F.);
#3847=ORIENTED_EDGE('',*,*,#6097,.T.);
#3848=ORIENTED_EDGE('',*,*,#6412,.F.);
#3849=ORIENTED_EDGE('',*,*,#6317,.F.);
#3850=ORIENTED_EDGE('',*,*,#6413,.F.);
#3851=ORIENTED_EDGE('',*,*,#6414,.T.);
#3852=ORIENTED_EDGE('',*,*,#6415,.T.);
#3853=ORIENTED_EDGE('',*,*,#6315,.F.);
#3854=ORIENTED_EDGE('',*,*,#6416,.T.);
#3855=ORIENTED_EDGE('',*,*,#6417,.F.);
#3856=ORIENTED_EDGE('',*,*,#6418,.T.);
#3857=ORIENTED_EDGE('',*,*,#6419,.F.);
#3858=ORIENTED_EDGE('',*,*,#6287,.F.);
#3859=ORIENTED_EDGE('',*,*,#6420,.T.);
#3860=ORIENTED_EDGE('',*,*,#6421,.F.);
#3861=ORIENTED_EDGE('',*,*,#6422,.F.);
#3862=ORIENTED_EDGE('',*,*,#6310,.T.);
#3863=ORIENTED_EDGE('',*,*,#6419,.T.);
#3864=ORIENTED_EDGE('',*,*,#6423,.F.);
#3865=ORIENTED_EDGE('',*,*,#6424,.F.);
#3866=ORIENTED_EDGE('',*,*,#6264,.F.);
#3867=ORIENTED_EDGE('',*,*,#6425,.F.);
#3868=ORIENTED_EDGE('',*,*,#6413,.T.);
#3869=ORIENTED_EDGE('',*,*,#6311,.T.);
#3870=ORIENTED_EDGE('',*,*,#6422,.T.);
#3871=ORIENTED_EDGE('',*,*,#6426,.F.);
#3872=ORIENTED_EDGE('',*,*,#6421,.T.);
#3873=ORIENTED_EDGE('',*,*,#6427,.F.);
#3874=ORIENTED_EDGE('',*,*,#6428,.F.);
#3875=ORIENTED_EDGE('',*,*,#6426,.T.);
#3876=ORIENTED_EDGE('',*,*,#6286,.F.);
#3877=ORIENTED_EDGE('',*,*,#6429,.T.);
#3878=ORIENTED_EDGE('',*,*,#6430,.T.);
#3879=ORIENTED_EDGE('',*,*,#6431,.T.);
#3880=ORIENTED_EDGE('',*,*,#6432,.F.);
#3881=ORIENTED_EDGE('',*,*,#6427,.T.);
#3882=ORIENTED_EDGE('',*,*,#6420,.F.);
#3883=ORIENTED_EDGE('',*,*,#6433,.F.);
#3884=ORIENTED_EDGE('',*,*,#6265,.F.);
#3885=ORIENTED_EDGE('',*,*,#6424,.T.);
#3886=ORIENTED_EDGE('',*,*,#6428,.T.);
#3887=ORIENTED_EDGE('',*,*,#6432,.T.);
#3888=ORIENTED_EDGE('',*,*,#6434,.F.);
#3889=ORIENTED_EDGE('',*,*,#6435,.F.);
#3890=ORIENTED_EDGE('',*,*,#6418,.F.);
#3891=ORIENTED_EDGE('',*,*,#6436,.T.);
#3892=ORIENTED_EDGE('',*,*,#6288,.T.);
#3893=ORIENTED_EDGE('',*,*,#6423,.T.);
#3894=ORIENTED_EDGE('',*,*,#6437,.F.);
#3895=ORIENTED_EDGE('',*,*,#6414,.F.);
#3896=ORIENTED_EDGE('',*,*,#6425,.T.);
#3897=ORIENTED_EDGE('',*,*,#6263,.T.);
#3898=ORIENTED_EDGE('',*,*,#6290,.F.);
#3899=ORIENTED_EDGE('',*,*,#6438,.T.);
#3900=ORIENTED_EDGE('',*,*,#6439,.T.);
#3901=ORIENTED_EDGE('',*,*,#6440,.T.);
#3902=ORIENTED_EDGE('',*,*,#6416,.F.);
#3903=ORIENTED_EDGE('',*,*,#6436,.F.);
#3904=ORIENTED_EDGE('',*,*,#6417,.T.);
#3905=ORIENTED_EDGE('',*,*,#6440,.F.);
#3906=ORIENTED_EDGE('',*,*,#6441,.F.);
#3907=ORIENTED_EDGE('',*,*,#6442,.F.);
#3908=ORIENTED_EDGE('',*,*,#6284,.F.);
#3909=ORIENTED_EDGE('',*,*,#6443,.T.);
#3910=ORIENTED_EDGE('',*,*,#6441,.T.);
#3911=ORIENTED_EDGE('',*,*,#6444,.F.);
#3912=ORIENTED_EDGE('',*,*,#6445,.F.);
#3913=ORIENTED_EDGE('',*,*,#6430,.F.);
#3914=ORIENTED_EDGE('',*,*,#6446,.F.);
#3915=ORIENTED_EDGE('',*,*,#6443,.F.);
#3916=ORIENTED_EDGE('',*,*,#6447,.F.);
#3917=ORIENTED_EDGE('',*,*,#6435,.T.);
#3918=ORIENTED_EDGE('',*,*,#6448,.F.);
#3919=ORIENTED_EDGE('',*,*,#6449,.F.);
#3920=ORIENTED_EDGE('',*,*,#6450,.T.);
#3921=ORIENTED_EDGE('',*,*,#6449,.T.);
#3922=ORIENTED_EDGE('',*,*,#6451,.F.);
#3923=ORIENTED_EDGE('',*,*,#6448,.T.);
#3924=ORIENTED_EDGE('',*,*,#6434,.T.);
#3925=ORIENTED_EDGE('',*,*,#6431,.F.);
#3926=ORIENTED_EDGE('',*,*,#6445,.T.);
#3927=ORIENTED_EDGE('',*,*,#6452,.T.);
#3928=ORIENTED_EDGE('',*,*,#6444,.T.);
#3929=ORIENTED_EDGE('',*,*,#6439,.F.);
#3930=ORIENTED_EDGE('',*,*,#6451,.T.);
#3931=ORIENTED_EDGE('',*,*,#6452,.F.);
#3932=ORIENTED_EDGE('',*,*,#6415,.F.);
#3933=ORIENTED_EDGE('',*,*,#6437,.T.);
#3934=ORIENTED_EDGE('',*,*,#6262,.F.);
#3935=ORIENTED_EDGE('',*,*,#6453,.F.);
#3936=ORIENTED_EDGE('',*,*,#6450,.F.);
#3937=ORIENTED_EDGE('',*,*,#6438,.F.);
#3938=ORIENTED_EDGE('',*,*,#6289,.F.);
#3939=ORIENTED_EDGE('',*,*,#6429,.F.);
#3940=ORIENTED_EDGE('',*,*,#6285,.T.);
#3941=ORIENTED_EDGE('',*,*,#6442,.T.);
#3942=ORIENTED_EDGE('',*,*,#6446,.T.);
#3943=ORIENTED_EDGE('',*,*,#6266,.F.);
#3944=ORIENTED_EDGE('',*,*,#6433,.T.);
#3945=ORIENTED_EDGE('',*,*,#6447,.T.);
#3946=ORIENTED_EDGE('',*,*,#6453,.T.);
#3947=ORIENTED_EDGE('',*,*,#6096,.T.);
#3948=ORIENTED_EDGE('',*,*,#6083,.T.);
#3949=ORIENTED_EDGE('',*,*,#6304,.T.);
#3950=ORIENTED_EDGE('',*,*,#6454,.T.);
#3951=ORIENTED_EDGE('',*,*,#6454,.F.);
#3952=ORIENTED_EDGE('',*,*,#6455,.T.);
#3953=ORIENTED_EDGE('',*,*,#6412,.T.);
#3954=ORIENTED_EDGE('',*,*,#6318,.T.);
#3955=ORIENTED_EDGE('',*,*,#6283,.T.);
#3956=ORIENTED_EDGE('',*,*,#6455,.F.);
#3957=ORIENTED_EDGE('',*,*,#6303,.T.);
#3958=ORIENTED_EDGE('',*,*,#5808,.T.);
#3959=ORIENTED_EDGE('',*,*,#6050,.T.);
#3960=ORIENTED_EDGE('',*,*,#6298,.T.);
#3961=ORIENTED_EDGE('',*,*,#6456,.F.);
#3962=ORIENTED_EDGE('',*,*,#6410,.T.);
#3963=ORIENTED_EDGE('',*,*,#6457,.T.);
#3964=ORIENTED_EDGE('',*,*,#6057,.F.);
#3965=ORIENTED_EDGE('',*,*,#6457,.F.);
#3966=ORIENTED_EDGE('',*,*,#6279,.T.);
#3967=ORIENTED_EDGE('',*,*,#6316,.T.);
#3968=ORIENTED_EDGE('',*,*,#6293,.T.);
#3969=ORIENTED_EDGE('',*,*,#6296,.T.);
#3970=ORIENTED_EDGE('',*,*,#6313,.T.);
#3971=ORIENTED_EDGE('',*,*,#6300,.T.);
#3972=ORIENTED_EDGE('',*,*,#6458,.F.);
#3973=ORIENTED_EDGE('',*,*,#6459,.T.);
#3974=ORIENTED_EDGE('',*,*,#6257,.T.);
#3975=ORIENTED_EDGE('',*,*,#6460,.T.);
#3976=ORIENTED_EDGE('',*,*,#6308,.T.);
#3977=ORIENTED_EDGE('',*,*,#6460,.F.);
#3978=ORIENTED_EDGE('',*,*,#6256,.T.);
#3979=ORIENTED_EDGE('',*,*,#6461,.T.);
#3980=ORIENTED_EDGE('',*,*,#6105,.T.);
#3981=ORIENTED_EDGE('',*,*,#6459,.F.);
#3982=ORIENTED_EDGE('',*,*,#5809,.T.);
#3983=ORIENTED_EDGE('',*,*,#6462,.T.);
#3984=ORIENTED_EDGE('',*,*,#6258,.T.);
#3985=ORIENTED_EDGE('',*,*,#6461,.F.);
#3986=ORIENTED_EDGE('',*,*,#6255,.T.);
#3987=ORIENTED_EDGE('',*,*,#6463,.T.);
#3988=ORIENTED_EDGE('',*,*,#6119,.T.);
#3989=ORIENTED_EDGE('',*,*,#6462,.F.);
#3990=ORIENTED_EDGE('',*,*,#6456,.T.);
#3991=ORIENTED_EDGE('',*,*,#6464,.T.);
#3992=ORIENTED_EDGE('',*,*,#6259,.T.);
#3993=ORIENTED_EDGE('',*,*,#6463,.F.);
#3994=ORIENTED_EDGE('',*,*,#6254,.T.);
#3995=ORIENTED_EDGE('',*,*,#6465,.T.);
#3996=ORIENTED_EDGE('',*,*,#6299,.T.);
#3997=ORIENTED_EDGE('',*,*,#6464,.F.);
#3998=ORIENTED_EDGE('',*,*,#6297,.T.);
#3999=ORIENTED_EDGE('',*,*,#6466,.T.);
#4000=ORIENTED_EDGE('',*,*,#6260,.T.);
#4001=ORIENTED_EDGE('',*,*,#6465,.F.);
#4002=ORIENTED_EDGE('',*,*,#6261,.T.);
#4003=ORIENTED_EDGE('',*,*,#6466,.F.);
#4004=ORIENTED_EDGE('',*,*,#6458,.T.);
#4005=ORIENTED_EDGE('',*,*,#6467,.F.);
#4006=ORIENTED_EDGE('',*,*,#6070,.T.);
#4007=ORIENTED_EDGE('',*,*,#6117,.F.);
#4008=ORIENTED_EDGE('',*,*,#6468,.F.);
#4009=ORIENTED_EDGE('',*,*,#6469,.F.);
#4010=ORIENTED_EDGE('',*,*,#6470,.F.);
#4011=ORIENTED_EDGE('',*,*,#6471,.T.);
#4012=ORIENTED_EDGE('',*,*,#6472,.F.);
#4013=ORIENTED_EDGE('',*,*,#6473,.F.);
#4014=ORIENTED_EDGE('',*,*,#6474,.T.);
#4015=ORIENTED_EDGE('',*,*,#6475,.F.);
#4016=ORIENTED_EDGE('',*,*,#6476,.F.);
#4017=ORIENTED_EDGE('',*,*,#6477,.T.);
#4018=ORIENTED_EDGE('',*,*,#6478,.T.);
#4019=ORIENTED_EDGE('',*,*,#6479,.T.);
#4020=ORIENTED_EDGE('',*,*,#6480,.T.);
#4021=ORIENTED_EDGE('',*,*,#6481,.T.);
#4022=ORIENTED_EDGE('',*,*,#6482,.F.);
#4023=ORIENTED_EDGE('',*,*,#6483,.T.);
#4024=ORIENTED_EDGE('',*,*,#6484,.T.);
#4025=ORIENTED_EDGE('',*,*,#6482,.T.);
#4026=ORIENTED_EDGE('',*,*,#6485,.T.);
#4027=ORIENTED_EDGE('',*,*,#6486,.T.);
#4028=ORIENTED_EDGE('',*,*,#6487,.F.);
#4029=ORIENTED_EDGE('',*,*,#6488,.T.);
#4030=ORIENTED_EDGE('',*,*,#6489,.T.);
#4031=ORIENTED_EDGE('',*,*,#6487,.T.);
#4032=ORIENTED_EDGE('',*,*,#6490,.T.);
#4033=ORIENTED_EDGE('',*,*,#6491,.T.);
#4034=ORIENTED_EDGE('',*,*,#6492,.F.);
#4035=ORIENTED_EDGE('',*,*,#6493,.F.);
#4036=ORIENTED_EDGE('',*,*,#6494,.T.);
#4037=ORIENTED_EDGE('',*,*,#6492,.T.);
#4038=ORIENTED_EDGE('',*,*,#6495,.T.);
#4039=ORIENTED_EDGE('',*,*,#6496,.T.);
#4040=ORIENTED_EDGE('',*,*,#6497,.T.);
#4041=ORIENTED_EDGE('',*,*,#6493,.T.);
#4042=ORIENTED_EDGE('',*,*,#6498,.T.);
#4043=ORIENTED_EDGE('',*,*,#6499,.T.);
#4044=ORIENTED_EDGE('',*,*,#6500,.T.);
#4045=ORIENTED_EDGE('',*,*,#6501,.T.);
#4046=ORIENTED_EDGE('',*,*,#6502,.T.);
#4047=ORIENTED_EDGE('',*,*,#6503,.T.);
#4048=ORIENTED_EDGE('',*,*,#6504,.T.);
#4049=ORIENTED_EDGE('',*,*,#6505,.T.);
#4050=ORIENTED_EDGE('',*,*,#6506,.T.);
#4051=ORIENTED_EDGE('',*,*,#6507,.T.);
#4052=ORIENTED_EDGE('',*,*,#6508,.T.);
#4053=ORIENTED_EDGE('',*,*,#6509,.T.);
#4054=ORIENTED_EDGE('',*,*,#6510,.T.);
#4055=ORIENTED_EDGE('',*,*,#6511,.T.);
#4056=ORIENTED_EDGE('',*,*,#6512,.T.);
#4057=ORIENTED_EDGE('',*,*,#6513,.T.);
#4058=ORIENTED_EDGE('',*,*,#6514,.T.);
#4059=ORIENTED_EDGE('',*,*,#6515,.T.);
#4060=ORIENTED_EDGE('',*,*,#6516,.T.);
#4061=ORIENTED_EDGE('',*,*,#6517,.T.);
#4062=ORIENTED_EDGE('',*,*,#6518,.T.);
#4063=ORIENTED_EDGE('',*,*,#6519,.F.);
#4064=ORIENTED_EDGE('',*,*,#6520,.T.);
#4065=ORIENTED_EDGE('',*,*,#6521,.T.);
#4066=ORIENTED_EDGE('',*,*,#6522,.T.);
#4067=ORIENTED_EDGE('',*,*,#6523,.T.);
#4068=ORIENTED_EDGE('',*,*,#6524,.T.);
#4069=ORIENTED_EDGE('',*,*,#6525,.T.);
#4070=ORIENTED_EDGE('',*,*,#6526,.T.);
#4071=ORIENTED_EDGE('',*,*,#6527,.F.);
#4072=ORIENTED_EDGE('',*,*,#6528,.T.);
#4073=ORIENTED_EDGE('',*,*,#6529,.T.);
#4074=ORIENTED_EDGE('',*,*,#6530,.T.);
#4075=ORIENTED_EDGE('',*,*,#6531,.F.);
#4076=ORIENTED_EDGE('',*,*,#6532,.T.);
#4077=ORIENTED_EDGE('',*,*,#6527,.T.);
#4078=ORIENTED_EDGE('',*,*,#6533,.T.);
#4079=ORIENTED_EDGE('',*,*,#6534,.F.);
#4080=ORIENTED_EDGE('',*,*,#6535,.T.);
#4081=ORIENTED_EDGE('',*,*,#6531,.T.);
#4082=ORIENTED_EDGE('',*,*,#6536,.T.);
#4083=ORIENTED_EDGE('',*,*,#6479,.F.);
#4084=ORIENTED_EDGE('',*,*,#6537,.T.);
#4085=ORIENTED_EDGE('',*,*,#6534,.T.);
#4086=ORIENTED_EDGE('',*,*,#6538,.T.);
#4087=ORIENTED_EDGE('',*,*,#6539,.T.);
#4088=ORIENTED_EDGE('',*,*,#6540,.T.);
#4089=ORIENTED_EDGE('',*,*,#6541,.T.);
#4090=ORIENTED_EDGE('',*,*,#6475,.T.);
#4091=ORIENTED_EDGE('',*,*,#6542,.T.);
#4092=ORIENTED_EDGE('',*,*,#6543,.T.);
#4093=ORIENTED_EDGE('',*,*,#6544,.T.);
#4094=ORIENTED_EDGE('',*,*,#6473,.T.);
#4095=ORIENTED_EDGE('',*,*,#6545,.T.);
#4096=ORIENTED_EDGE('',*,*,#6546,.T.);
#4097=ORIENTED_EDGE('',*,*,#6547,.T.);
#4098=ORIENTED_EDGE('',*,*,#6548,.T.);
#4099=ORIENTED_EDGE('',*,*,#6549,.T.);
#4100=ORIENTED_EDGE('',*,*,#6550,.T.);
#4101=ORIENTED_EDGE('',*,*,#6551,.T.);
#4102=ORIENTED_EDGE('',*,*,#6549,.F.);
#4103=ORIENTED_EDGE('',*,*,#6552,.T.);
#4104=ORIENTED_EDGE('',*,*,#6553,.T.);
#4105=ORIENTED_EDGE('',*,*,#6554,.T.);
#4106=ORIENTED_EDGE('',*,*,#6555,.T.);
#4107=ORIENTED_EDGE('',*,*,#6556,.F.);
#4108=ORIENTED_EDGE('',*,*,#6557,.T.);
#4109=ORIENTED_EDGE('',*,*,#6556,.T.);
#4110=ORIENTED_EDGE('',*,*,#6558,.T.);
#4111=ORIENTED_EDGE('',*,*,#6559,.T.);
#4112=ORIENTED_EDGE('',*,*,#6560,.T.);
#4113=ORIENTED_EDGE('',*,*,#6513,.F.);
#4114=ORIENTED_EDGE('',*,*,#6561,.T.);
#4115=ORIENTED_EDGE('',*,*,#6562,.T.);
#4116=ORIENTED_EDGE('',*,*,#6553,.F.);
#4117=ORIENTED_EDGE('',*,*,#6563,.T.);
#4118=ORIENTED_EDGE('',*,*,#6564,.T.);
#4119=ORIENTED_EDGE('',*,*,#6565,.T.);
#4120=ORIENTED_EDGE('',*,*,#6523,.F.);
#4121=ORIENTED_EDGE('',*,*,#6566,.T.);
#4122=ORIENTED_EDGE('',*,*,#6547,.F.);
#4123=ORIENTED_EDGE('',*,*,#6502,.F.);
#4124=ORIENTED_EDGE('',*,*,#6567,.T.);
#4125=ORIENTED_EDGE('',*,*,#6539,.F.);
#4126=ORIENTED_EDGE('',*,*,#6568,.F.);
#4127=ORIENTED_EDGE('',*,*,#6568,.T.);
#4128=ORIENTED_EDGE('',*,*,#6474,.F.);
#4129=ORIENTED_EDGE('',*,*,#6569,.F.);
#4130=ORIENTED_EDGE('',*,*,#6503,.F.);
#4131=ORIENTED_EDGE('',*,*,#6544,.F.);
#4132=ORIENTED_EDGE('',*,*,#6570,.T.);
#4133=ORIENTED_EDGE('',*,*,#6504,.F.);
#4134=ORIENTED_EDGE('',*,*,#6569,.T.);
#4135=ORIENTED_EDGE('',*,*,#6571,.F.);
#4136=ORIENTED_EDGE('',*,*,#6516,.F.);
#4137=ORIENTED_EDGE('',*,*,#6572,.F.);
#4138=ORIENTED_EDGE('',*,*,#6543,.F.);
#4139=ORIENTED_EDGE('',*,*,#6572,.T.);
#4140=ORIENTED_EDGE('',*,*,#6515,.F.);
#4141=ORIENTED_EDGE('',*,*,#6573,.F.);
#4142=ORIENTED_EDGE('',*,*,#6570,.F.);
#4143=ORIENTED_EDGE('',*,*,#6573,.T.);
#4144=ORIENTED_EDGE('',*,*,#6514,.F.);
#4145=ORIENTED_EDGE('',*,*,#6574,.F.);
#4146=ORIENTED_EDGE('',*,*,#6505,.F.);
#4147=ORIENTED_EDGE('',*,*,#6574,.T.);
#4148=ORIENTED_EDGE('',*,*,#6563,.F.);
#4149=ORIENTED_EDGE('',*,*,#6575,.F.);
#4150=ORIENTED_EDGE('',*,*,#6506,.F.);
#4151=ORIENTED_EDGE('',*,*,#6575,.T.);
#4152=ORIENTED_EDGE('',*,*,#6557,.F.);
#4153=ORIENTED_EDGE('',*,*,#6576,.F.);
#4154=ORIENTED_EDGE('',*,*,#6496,.F.);
#4155=ORIENTED_EDGE('',*,*,#6576,.T.);
#4156=ORIENTED_EDGE('',*,*,#6560,.F.);
#4157=ORIENTED_EDGE('',*,*,#6577,.F.);
#4158=ORIENTED_EDGE('',*,*,#6497,.F.);
#4159=ORIENTED_EDGE('',*,*,#6577,.T.);
#4160=ORIENTED_EDGE('',*,*,#6559,.F.);
#4161=ORIENTED_EDGE('',*,*,#6578,.F.);
#4162=ORIENTED_EDGE('',*,*,#6494,.F.);
#4163=ORIENTED_EDGE('',*,*,#6578,.T.);
#4164=ORIENTED_EDGE('',*,*,#6558,.F.);
#4165=ORIENTED_EDGE('',*,*,#6579,.F.);
#4166=ORIENTED_EDGE('',*,*,#6488,.F.);
#4167=ORIENTED_EDGE('',*,*,#6579,.T.);
#4168=ORIENTED_EDGE('',*,*,#6555,.F.);
#4169=ORIENTED_EDGE('',*,*,#6580,.F.);
#4170=ORIENTED_EDGE('',*,*,#6489,.F.);
#4171=ORIENTED_EDGE('',*,*,#6580,.T.);
#4172=ORIENTED_EDGE('',*,*,#6554,.F.);
#4173=ORIENTED_EDGE('',*,*,#6581,.F.);
#4174=ORIENTED_EDGE('',*,*,#6483,.F.);
#4175=ORIENTED_EDGE('',*,*,#6581,.T.);
#4176=ORIENTED_EDGE('',*,*,#6562,.F.);
#4177=ORIENTED_EDGE('',*,*,#6582,.F.);
#4178=ORIENTED_EDGE('',*,*,#6484,.F.);
#4179=ORIENTED_EDGE('',*,*,#6582,.T.);
#4180=ORIENTED_EDGE('',*,*,#6561,.F.);
#4181=ORIENTED_EDGE('',*,*,#6583,.F.);
#4182=ORIENTED_EDGE('',*,*,#6477,.F.);
#4183=ORIENTED_EDGE('',*,*,#6583,.T.);
#4184=ORIENTED_EDGE('',*,*,#6512,.F.);
#4185=ORIENTED_EDGE('',*,*,#6584,.F.);
#4186=ORIENTED_EDGE('',*,*,#6478,.F.);
#4187=ORIENTED_EDGE('',*,*,#6584,.T.);
#4188=ORIENTED_EDGE('',*,*,#6511,.F.);
#4189=ORIENTED_EDGE('',*,*,#6585,.F.);
#4190=ORIENTED_EDGE('',*,*,#6537,.F.);
#4191=ORIENTED_EDGE('',*,*,#6585,.T.);
#4192=ORIENTED_EDGE('',*,*,#6510,.F.);
#4193=ORIENTED_EDGE('',*,*,#6586,.F.);
#4194=ORIENTED_EDGE('',*,*,#6535,.F.);
#4195=ORIENTED_EDGE('',*,*,#6586,.T.);
#4196=ORIENTED_EDGE('',*,*,#6509,.F.);
#4197=ORIENTED_EDGE('',*,*,#6587,.F.);
#4198=ORIENTED_EDGE('',*,*,#6532,.F.);
#4199=ORIENTED_EDGE('',*,*,#6588,.F.);
#4200=ORIENTED_EDGE('',*,*,#6528,.F.);
#4201=ORIENTED_EDGE('',*,*,#6587,.T.);
#4202=ORIENTED_EDGE('',*,*,#6508,.F.);
#4203=ORIENTED_EDGE('',*,*,#6589,.F.);
#4204=ORIENTED_EDGE('',*,*,#6540,.F.);
#4205=ORIENTED_EDGE('',*,*,#6590,.F.);
#4206=ORIENTED_EDGE('',*,*,#6520,.F.);
#4207=ORIENTED_EDGE('',*,*,#6590,.T.);
#4208=ORIENTED_EDGE('',*,*,#6567,.F.);
#4209=ORIENTED_EDGE('',*,*,#6591,.F.);
#4210=ORIENTED_EDGE('',*,*,#6521,.F.);
#4211=ORIENTED_EDGE('',*,*,#6591,.T.);
#4212=ORIENTED_EDGE('',*,*,#6501,.F.);
#4213=ORIENTED_EDGE('',*,*,#6592,.F.);
#4214=ORIENTED_EDGE('',*,*,#6522,.F.);
#4215=ORIENTED_EDGE('',*,*,#6592,.T.);
#4216=ORIENTED_EDGE('',*,*,#6500,.F.);
#4217=ORIENTED_EDGE('',*,*,#6593,.F.);
#4218=ORIENTED_EDGE('',*,*,#6566,.F.);
#4219=ORIENTED_EDGE('',*,*,#6593,.T.);
#4220=ORIENTED_EDGE('',*,*,#6499,.F.);
#4221=ORIENTED_EDGE('',*,*,#6594,.F.);
#4222=ORIENTED_EDGE('',*,*,#6548,.F.);
#4223=ORIENTED_EDGE('',*,*,#6594,.T.);
#4224=ORIENTED_EDGE('',*,*,#6498,.F.);
#4225=ORIENTED_EDGE('',*,*,#6595,.F.);
#4226=ORIENTED_EDGE('',*,*,#6552,.F.);
#4227=ORIENTED_EDGE('',*,*,#6595,.T.);
#4228=ORIENTED_EDGE('',*,*,#6495,.F.);
#4229=ORIENTED_EDGE('',*,*,#6596,.F.);
#4230=ORIENTED_EDGE('',*,*,#6550,.F.);
#4231=ORIENTED_EDGE('',*,*,#6596,.T.);
#4232=ORIENTED_EDGE('',*,*,#6491,.F.);
#4233=ORIENTED_EDGE('',*,*,#6597,.F.);
#4234=ORIENTED_EDGE('',*,*,#6551,.F.);
#4235=ORIENTED_EDGE('',*,*,#6597,.T.);
#4236=ORIENTED_EDGE('',*,*,#6490,.F.);
#4237=ORIENTED_EDGE('',*,*,#6598,.F.);
#4238=ORIENTED_EDGE('',*,*,#6545,.F.);
#4239=ORIENTED_EDGE('',*,*,#6598,.T.);
#4240=ORIENTED_EDGE('',*,*,#6486,.F.);
#4241=ORIENTED_EDGE('',*,*,#6599,.F.);
#4242=ORIENTED_EDGE('',*,*,#6546,.F.);
#4243=ORIENTED_EDGE('',*,*,#6599,.T.);
#4244=ORIENTED_EDGE('',*,*,#6485,.F.);
#4245=ORIENTED_EDGE('',*,*,#6600,.F.);
#4246=ORIENTED_EDGE('',*,*,#6564,.F.);
#4247=ORIENTED_EDGE('',*,*,#6600,.T.);
#4248=ORIENTED_EDGE('',*,*,#6481,.F.);
#4249=ORIENTED_EDGE('',*,*,#6601,.F.);
#4250=ORIENTED_EDGE('',*,*,#6565,.F.);
#4251=ORIENTED_EDGE('',*,*,#6601,.T.);
#4252=ORIENTED_EDGE('',*,*,#6480,.F.);
#4253=ORIENTED_EDGE('',*,*,#6602,.F.);
#4254=ORIENTED_EDGE('',*,*,#6524,.F.);
#4255=ORIENTED_EDGE('',*,*,#6602,.T.);
#4256=ORIENTED_EDGE('',*,*,#6538,.F.);
#4257=ORIENTED_EDGE('',*,*,#6603,.F.);
#4258=ORIENTED_EDGE('',*,*,#6525,.F.);
#4259=ORIENTED_EDGE('',*,*,#6603,.T.);
#4260=ORIENTED_EDGE('',*,*,#6536,.F.);
#4261=ORIENTED_EDGE('',*,*,#6604,.F.);
#4262=ORIENTED_EDGE('',*,*,#6526,.F.);
#4263=ORIENTED_EDGE('',*,*,#6604,.T.);
#4264=ORIENTED_EDGE('',*,*,#6533,.F.);
#4265=ORIENTED_EDGE('',*,*,#6605,.F.);
#4266=ORIENTED_EDGE('',*,*,#6517,.F.);
#4267=ORIENTED_EDGE('',*,*,#6606,.F.);
#4268=ORIENTED_EDGE('',*,*,#6518,.F.);
#4269=ORIENTED_EDGE('',*,*,#6605,.T.);
#4270=ORIENTED_EDGE('',*,*,#6530,.F.);
#4271=ORIENTED_EDGE('',*,*,#6607,.T.);
#4272=ORIENTED_EDGE('',*,*,#6608,.T.);
#4273=ORIENTED_EDGE('',*,*,#6609,.T.);
#4274=ORIENTED_EDGE('',*,*,#6610,.T.);
#4275=ORIENTED_EDGE('',*,*,#6611,.T.);
#4276=ORIENTED_EDGE('',*,*,#6612,.T.);
#4277=ORIENTED_EDGE('',*,*,#6613,.T.);
#4278=ORIENTED_EDGE('',*,*,#6614,.T.);
#4279=ORIENTED_EDGE('',*,*,#6571,.T.);
#4280=ORIENTED_EDGE('',*,*,#6542,.F.);
#4281=ORIENTED_EDGE('',*,*,#6476,.T.);
#4282=ORIENTED_EDGE('',*,*,#6541,.F.);
#4283=ORIENTED_EDGE('',*,*,#6589,.T.);
#4284=ORIENTED_EDGE('',*,*,#6519,.T.);
#4285=ORIENTED_EDGE('',*,*,#6606,.T.);
#4286=ORIENTED_EDGE('',*,*,#6529,.F.);
#4287=ORIENTED_EDGE('',*,*,#6588,.T.);
#4288=ORIENTED_EDGE('',*,*,#6507,.F.);
#4289=ORIENTED_EDGE('',*,*,#6615,.F.);
#4290=ORIENTED_EDGE('',*,*,#6616,.F.);
#4291=ORIENTED_EDGE('',*,*,#6617,.F.);
#4292=ORIENTED_EDGE('',*,*,#6618,.F.);
#4293=ORIENTED_EDGE('',*,*,#6619,.T.);
#4294=ORIENTED_EDGE('',*,*,#6620,.T.);
#4295=ORIENTED_EDGE('',*,*,#6621,.T.);
#4296=ORIENTED_EDGE('',*,*,#6622,.T.);
#4297=ORIENTED_EDGE('',*,*,#6623,.T.);
#4298=ORIENTED_EDGE('',*,*,#6624,.T.);
#4299=ORIENTED_EDGE('',*,*,#6625,.T.);
#4300=ORIENTED_EDGE('',*,*,#6626,.T.);
#4301=ORIENTED_EDGE('',*,*,#6627,.T.);
#4302=ORIENTED_EDGE('',*,*,#6628,.T.);
#4303=ORIENTED_EDGE('',*,*,#6629,.T.);
#4304=ORIENTED_EDGE('',*,*,#6630,.F.);
#4305=ORIENTED_EDGE('',*,*,#6631,.T.);
#4306=ORIENTED_EDGE('',*,*,#6632,.T.);
#4307=ORIENTED_EDGE('',*,*,#6633,.T.);
#4308=ORIENTED_EDGE('',*,*,#6634,.T.);
#4309=ORIENTED_EDGE('',*,*,#6635,.T.);
#4310=ORIENTED_EDGE('',*,*,#6636,.F.);
#4311=ORIENTED_EDGE('',*,*,#6637,.F.);
#4312=ORIENTED_EDGE('',*,*,#6638,.T.);
#4313=ORIENTED_EDGE('',*,*,#6639,.F.);
#4314=ORIENTED_EDGE('',*,*,#6640,.F.);
#4315=ORIENTED_EDGE('',*,*,#6641,.T.);
#4316=ORIENTED_EDGE('',*,*,#6642,.F.);
#4317=ORIENTED_EDGE('',*,*,#6643,.T.);
#4318=ORIENTED_EDGE('',*,*,#6644,.T.);
#4319=ORIENTED_EDGE('',*,*,#6645,.F.);
#4320=ORIENTED_EDGE('',*,*,#6646,.T.);
#4321=ORIENTED_EDGE('',*,*,#6647,.T.);
#4322=ORIENTED_EDGE('',*,*,#6472,.T.);
#4323=ORIENTED_EDGE('',*,*,#6648,.T.);
#4324=ORIENTED_EDGE('',*,*,#6649,.T.);
#4325=ORIENTED_EDGE('',*,*,#6650,.T.);
#4326=ORIENTED_EDGE('',*,*,#6651,.F.);
#4327=ORIENTED_EDGE('',*,*,#6652,.T.);
#4328=ORIENTED_EDGE('',*,*,#6653,.T.);
#4329=ORIENTED_EDGE('',*,*,#6654,.T.);
#4330=ORIENTED_EDGE('',*,*,#6071,.F.);
#4331=ORIENTED_EDGE('',*,*,#6467,.T.);
#4332=ORIENTED_EDGE('',*,*,#6655,.T.);
#4333=ORIENTED_EDGE('',*,*,#6656,.F.);
#4334=ORIENTED_EDGE('',*,*,#6657,.T.);
#4335=ORIENTED_EDGE('',*,*,#6658,.T.);
#4336=ORIENTED_EDGE('',*,*,#6659,.T.);
#4337=ORIENTED_EDGE('',*,*,#6660,.T.);
#4338=ORIENTED_EDGE('',*,*,#6074,.F.);
#4339=ORIENTED_EDGE('',*,*,#6059,.F.);
#4340=ORIENTED_EDGE('',*,*,#6661,.F.);
#4341=ORIENTED_EDGE('',*,*,#6662,.T.);
#4342=ORIENTED_EDGE('',*,*,#6115,.F.);
#4343=ORIENTED_EDGE('',*,*,#6663,.T.);
#4344=ORIENTED_EDGE('',*,*,#6109,.F.);
#4345=ORIENTED_EDGE('',*,*,#6664,.T.);
#4346=ORIENTED_EDGE('',*,*,#6665,.F.);
#4347=ORIENTED_EDGE('',*,*,#6666,.T.);
#4348=ORIENTED_EDGE('',*,*,#6656,.T.);
#4349=ORIENTED_EDGE('',*,*,#6667,.T.);
#4350=ORIENTED_EDGE('',*,*,#6630,.T.);
#4351=ORIENTED_EDGE('',*,*,#6668,.T.);
#4352=ORIENTED_EDGE('',*,*,#6643,.F.);
#4353=ORIENTED_EDGE('',*,*,#6669,.F.);
#4354=ORIENTED_EDGE('',*,*,#6670,.F.);
#4355=ORIENTED_EDGE('',*,*,#6636,.T.);
#4356=ORIENTED_EDGE('',*,*,#6671,.T.);
#4357=ORIENTED_EDGE('',*,*,#6651,.T.);
#4358=ORIENTED_EDGE('',*,*,#6672,.F.);
#4359=ORIENTED_EDGE('',*,*,#6673,.F.);
#4360=ORIENTED_EDGE('',*,*,#6644,.F.);
#4361=ORIENTED_EDGE('',*,*,#6668,.F.);
#4362=ORIENTED_EDGE('',*,*,#6650,.F.);
#4363=ORIENTED_EDGE('',*,*,#6674,.T.);
#4364=ORIENTED_EDGE('',*,*,#6657,.F.);
#4365=ORIENTED_EDGE('',*,*,#6670,.T.);
#4366=ORIENTED_EDGE('',*,*,#6675,.T.);
#4367=ORIENTED_EDGE('',*,*,#6676,.T.);
#4368=ORIENTED_EDGE('',*,*,#6672,.T.);
#4369=ORIENTED_EDGE('',*,*,#6665,.T.);
#4370=ORIENTED_EDGE('',*,*,#6677,.T.);
#4371=ORIENTED_EDGE('',*,*,#6470,.T.);
#4372=ORIENTED_EDGE('',*,*,#6678,.T.);
#4373=ORIENTED_EDGE('',*,*,#6679,.T.);
#4374=ORIENTED_EDGE('',*,*,#6680,.T.);
#4375=ORIENTED_EDGE('',*,*,#6681,.T.);
#4376=ORIENTED_EDGE('',*,*,#6682,.T.);
#4377=ORIENTED_EDGE('',*,*,#6683,.F.);
#4378=ORIENTED_EDGE('',*,*,#6684,.F.);
#4379=ORIENTED_EDGE('',*,*,#6685,.F.);
#4380=ORIENTED_EDGE('',*,*,#6686,.F.);
#4381=ORIENTED_EDGE('',*,*,#6687,.F.);
#4382=ORIENTED_EDGE('',*,*,#6688,.F.);
#4383=ORIENTED_EDGE('',*,*,#6689,.F.);
#4384=ORIENTED_EDGE('',*,*,#6690,.F.);
#4385=ORIENTED_EDGE('',*,*,#6691,.F.);
#4386=ORIENTED_EDGE('',*,*,#6692,.F.);
#4387=ORIENTED_EDGE('',*,*,#6693,.F.);
#4388=ORIENTED_EDGE('',*,*,#6694,.T.);
#4389=ORIENTED_EDGE('',*,*,#6695,.T.);
#4390=ORIENTED_EDGE('',*,*,#6696,.T.);
#4391=ORIENTED_EDGE('',*,*,#6697,.T.);
#4392=ORIENTED_EDGE('',*,*,#6698,.T.);
#4393=ORIENTED_EDGE('',*,*,#6699,.T.);
#4394=ORIENTED_EDGE('',*,*,#6700,.T.);
#4395=ORIENTED_EDGE('',*,*,#6661,.T.);
#4396=ORIENTED_EDGE('',*,*,#6701,.T.);
#4397=ORIENTED_EDGE('',*,*,#6702,.T.);
#4398=ORIENTED_EDGE('',*,*,#6703,.T.);
#4399=ORIENTED_EDGE('',*,*,#6704,.T.);
#4400=ORIENTED_EDGE('',*,*,#6705,.T.);
#4401=ORIENTED_EDGE('',*,*,#6706,.T.);
#4402=ORIENTED_EDGE('',*,*,#6707,.F.);
#4403=ORIENTED_EDGE('',*,*,#6708,.F.);
#4404=ORIENTED_EDGE('',*,*,#6111,.F.);
#4405=ORIENTED_EDGE('',*,*,#6709,.T.);
#4406=ORIENTED_EDGE('',*,*,#6710,.F.);
#4407=ORIENTED_EDGE('',*,*,#6706,.F.);
#4408=ORIENTED_EDGE('',*,*,#6110,.F.);
#4409=ORIENTED_EDGE('',*,*,#6711,.T.);
#4410=ORIENTED_EDGE('',*,*,#6712,.F.);
#4411=ORIENTED_EDGE('',*,*,#6709,.F.);
#4412=ORIENTED_EDGE('',*,*,#6666,.F.);
#4413=ORIENTED_EDGE('',*,*,#6711,.F.);
#4414=ORIENTED_EDGE('',*,*,#6705,.F.);
#4415=ORIENTED_EDGE('',*,*,#6713,.F.);
#4416=ORIENTED_EDGE('',*,*,#6714,.F.);
#4417=ORIENTED_EDGE('',*,*,#6713,.T.);
#4418=ORIENTED_EDGE('',*,*,#6704,.F.);
#4419=ORIENTED_EDGE('',*,*,#6715,.F.);
#4420=ORIENTED_EDGE('',*,*,#6716,.F.);
#4421=ORIENTED_EDGE('',*,*,#6717,.F.);
#4422=ORIENTED_EDGE('',*,*,#6718,.F.);
#4423=ORIENTED_EDGE('',*,*,#6719,.F.);
#4424=ORIENTED_EDGE('',*,*,#6720,.T.);
#4425=ORIENTED_EDGE('',*,*,#6721,.T.);
#4426=ORIENTED_EDGE('',*,*,#6722,.F.);
#4427=ORIENTED_EDGE('',*,*,#6723,.T.);
#4428=ORIENTED_EDGE('',*,*,#6724,.T.);
#4429=ORIENTED_EDGE('',*,*,#6722,.T.);
#4430=ORIENTED_EDGE('',*,*,#6725,.T.);
#4431=ORIENTED_EDGE('',*,*,#6726,.F.);
#4432=ORIENTED_EDGE('',*,*,#6727,.T.);
#4433=ORIENTED_EDGE('',*,*,#6728,.T.);
#4434=ORIENTED_EDGE('',*,*,#6729,.F.);
#4435=ORIENTED_EDGE('',*,*,#6730,.F.);
#4436=ORIENTED_EDGE('',*,*,#6622,.F.);
#4437=ORIENTED_EDGE('',*,*,#6731,.T.);
#4438=ORIENTED_EDGE('',*,*,#6732,.F.);
#4439=ORIENTED_EDGE('',*,*,#6728,.F.);
#4440=ORIENTED_EDGE('',*,*,#6621,.F.);
#4441=ORIENTED_EDGE('',*,*,#6733,.F.);
#4442=ORIENTED_EDGE('',*,*,#6734,.F.);
#4443=ORIENTED_EDGE('',*,*,#6731,.F.);
#4444=ORIENTED_EDGE('',*,*,#6620,.F.);
#4445=ORIENTED_EDGE('',*,*,#6733,.T.);
#4446=ORIENTED_EDGE('',*,*,#6629,.F.);
#4447=ORIENTED_EDGE('',*,*,#6735,.F.);
#4448=ORIENTED_EDGE('',*,*,#6736,.F.);
#4449=ORIENTED_EDGE('',*,*,#6737,.T.);
#4450=ORIENTED_EDGE('',*,*,#6738,.T.);
#4451=ORIENTED_EDGE('',*,*,#6739,.T.);
#4452=ORIENTED_EDGE('',*,*,#6740,.T.);
#4453=ORIENTED_EDGE('',*,*,#6741,.T.);
#4454=ORIENTED_EDGE('',*,*,#6627,.F.);
#4455=ORIENTED_EDGE('',*,*,#6742,.F.);
#4456=ORIENTED_EDGE('',*,*,#6743,.F.);
#4457=ORIENTED_EDGE('',*,*,#6735,.T.);
#4458=ORIENTED_EDGE('',*,*,#6628,.F.);
#4459=ORIENTED_EDGE('',*,*,#6741,.F.);
#4460=ORIENTED_EDGE('',*,*,#6738,.F.);
#4461=ORIENTED_EDGE('',*,*,#6744,.F.);
#4462=ORIENTED_EDGE('',*,*,#6736,.T.);
#4463=ORIENTED_EDGE('',*,*,#6737,.F.);
#4464=ORIENTED_EDGE('',*,*,#6745,.F.);
#4465=ORIENTED_EDGE('',*,*,#6746,.T.);
#4466=ORIENTED_EDGE('',*,*,#6745,.T.);
#4467=ORIENTED_EDGE('',*,*,#6747,.F.);
#4468=ORIENTED_EDGE('',*,*,#6748,.F.);
#4469=ORIENTED_EDGE('',*,*,#6716,.T.);
#4470=ORIENTED_EDGE('',*,*,#6749,.F.);
#4471=ORIENTED_EDGE('',*,*,#6746,.F.);
#4472=ORIENTED_EDGE('',*,*,#6715,.T.);
#4473=ORIENTED_EDGE('',*,*,#6703,.F.);
#4474=ORIENTED_EDGE('',*,*,#6750,.F.);
#4475=ORIENTED_EDGE('',*,*,#6751,.F.);
#4476=ORIENTED_EDGE('',*,*,#6750,.T.);
#4477=ORIENTED_EDGE('',*,*,#6702,.F.);
#4478=ORIENTED_EDGE('',*,*,#6752,.F.);
#4479=ORIENTED_EDGE('',*,*,#6753,.F.);
#4480=ORIENTED_EDGE('',*,*,#6752,.T.);
#4481=ORIENTED_EDGE('',*,*,#6701,.F.);
#4482=ORIENTED_EDGE('',*,*,#6754,.F.);
#4483=ORIENTED_EDGE('',*,*,#6755,.F.);
#4484=ORIENTED_EDGE('',*,*,#6754,.T.);
#4485=ORIENTED_EDGE('',*,*,#6663,.F.);
#4486=ORIENTED_EDGE('',*,*,#6756,.F.);
#4487=ORIENTED_EDGE('',*,*,#6757,.F.);
#4488=ORIENTED_EDGE('',*,*,#6756,.T.);
#4489=ORIENTED_EDGE('',*,*,#6114,.F.);
#4490=ORIENTED_EDGE('',*,*,#6758,.T.);
#4491=ORIENTED_EDGE('',*,*,#6759,.F.);
#4492=ORIENTED_EDGE('',*,*,#6760,.T.);
#4493=ORIENTED_EDGE('',*,*,#6761,.F.);
#4494=ORIENTED_EDGE('',*,*,#6758,.F.);
#4495=ORIENTED_EDGE('',*,*,#6113,.F.);
#4496=ORIENTED_EDGE('',*,*,#6708,.T.);
#4497=ORIENTED_EDGE('',*,*,#6762,.F.);
#4498=ORIENTED_EDGE('',*,*,#6760,.F.);
#4499=ORIENTED_EDGE('',*,*,#6112,.F.);
#4500=ORIENTED_EDGE('',*,*,#6763,.F.);
#4501=ORIENTED_EDGE('',*,*,#6707,.T.);
#4502=ORIENTED_EDGE('',*,*,#6764,.F.);
#4503=ORIENTED_EDGE('',*,*,#6765,.F.);
#4504=ORIENTED_EDGE('',*,*,#6766,.T.);
#4505=ORIENTED_EDGE('',*,*,#6765,.T.);
#4506=ORIENTED_EDGE('',*,*,#6767,.F.);
#4507=ORIENTED_EDGE('',*,*,#6764,.T.);
#4508=ORIENTED_EDGE('',*,*,#6710,.T.);
#4509=ORIENTED_EDGE('',*,*,#6712,.T.);
#4510=ORIENTED_EDGE('',*,*,#6714,.T.);
#4511=ORIENTED_EDGE('',*,*,#6748,.T.);
#4512=ORIENTED_EDGE('',*,*,#6768,.T.);
#4513=ORIENTED_EDGE('',*,*,#6747,.T.);
#4514=ORIENTED_EDGE('',*,*,#6740,.F.);
#4515=ORIENTED_EDGE('',*,*,#6767,.T.);
#4516=ORIENTED_EDGE('',*,*,#6768,.F.);
#4517=ORIENTED_EDGE('',*,*,#6739,.F.);
#4518=ORIENTED_EDGE('',*,*,#6743,.T.);
#4519=ORIENTED_EDGE('',*,*,#6769,.F.);
#4520=ORIENTED_EDGE('',*,*,#6766,.F.);
#4521=ORIENTED_EDGE('',*,*,#6742,.T.);
#4522=ORIENTED_EDGE('',*,*,#6626,.F.);
#4523=ORIENTED_EDGE('',*,*,#6770,.F.);
#4524=ORIENTED_EDGE('',*,*,#6771,.F.);
#4525=ORIENTED_EDGE('',*,*,#6772,.T.);
#4526=ORIENTED_EDGE('',*,*,#6773,.F.);
#4527=ORIENTED_EDGE('',*,*,#6770,.T.);
#4528=ORIENTED_EDGE('',*,*,#6625,.F.);
#4529=ORIENTED_EDGE('',*,*,#6774,.T.);
#4530=ORIENTED_EDGE('',*,*,#6721,.F.);
#4531=ORIENTED_EDGE('',*,*,#6772,.F.);
#4532=ORIENTED_EDGE('',*,*,#6624,.F.);
#4533=ORIENTED_EDGE('',*,*,#6730,.T.);
#4534=ORIENTED_EDGE('',*,*,#6725,.F.);
#4535=ORIENTED_EDGE('',*,*,#6774,.F.);
#4536=ORIENTED_EDGE('',*,*,#6623,.F.);
#4537=ORIENTED_EDGE('',*,*,#6726,.T.);
#4538=ORIENTED_EDGE('',*,*,#6729,.T.);
#4539=ORIENTED_EDGE('',*,*,#6775,.T.);
#4540=ORIENTED_EDGE('',*,*,#6776,.T.);
#4541=ORIENTED_EDGE('',*,*,#6777,.T.);
#4542=ORIENTED_EDGE('',*,*,#6778,.T.);
#4543=ORIENTED_EDGE('',*,*,#6776,.F.);
#4544=ORIENTED_EDGE('',*,*,#6779,.F.);
#4545=ORIENTED_EDGE('',*,*,#6780,.F.);
#4546=ORIENTED_EDGE('',*,*,#6779,.T.);
#4547=ORIENTED_EDGE('',*,*,#6781,.F.);
#4548=ORIENTED_EDGE('',*,*,#6782,.F.);
#4549=ORIENTED_EDGE('',*,*,#6775,.F.);
#4550=ORIENTED_EDGE('',*,*,#6732,.T.);
#4551=ORIENTED_EDGE('',*,*,#6783,.F.);
#4552=ORIENTED_EDGE('',*,*,#6781,.T.);
#4553=ORIENTED_EDGE('',*,*,#6783,.T.);
#4554=ORIENTED_EDGE('',*,*,#6734,.T.);
#4555=ORIENTED_EDGE('',*,*,#6744,.T.);
#4556=ORIENTED_EDGE('',*,*,#6749,.T.);
#4557=ORIENTED_EDGE('',*,*,#6751,.T.);
#4558=ORIENTED_EDGE('',*,*,#6784,.T.);
#4559=ORIENTED_EDGE('',*,*,#6780,.T.);
#4560=ORIENTED_EDGE('',*,*,#6782,.T.);
#4561=ORIENTED_EDGE('',*,*,#6784,.F.);
#4562=ORIENTED_EDGE('',*,*,#6753,.T.);
#4563=ORIENTED_EDGE('',*,*,#6785,.F.);
#4564=ORIENTED_EDGE('',*,*,#6786,.T.);
#4565=ORIENTED_EDGE('',*,*,#6777,.F.);
#4566=ORIENTED_EDGE('',*,*,#6778,.F.);
#4567=ORIENTED_EDGE('',*,*,#6787,.F.);
#4568=ORIENTED_EDGE('',*,*,#6788,.T.);
#4569=ORIENTED_EDGE('',*,*,#6727,.F.);
#4570=ORIENTED_EDGE('',*,*,#6786,.F.);
#4571=ORIENTED_EDGE('',*,*,#6789,.F.);
#4572=ORIENTED_EDGE('',*,*,#6790,.T.);
#4573=ORIENTED_EDGE('',*,*,#6723,.F.);
#4574=ORIENTED_EDGE('',*,*,#6788,.F.);
#4575=ORIENTED_EDGE('',*,*,#6791,.F.);
#4576=ORIENTED_EDGE('',*,*,#6719,.T.);
#4577=ORIENTED_EDGE('',*,*,#6724,.F.);
#4578=ORIENTED_EDGE('',*,*,#6790,.F.);
#4579=ORIENTED_EDGE('',*,*,#6792,.F.);
#4580=ORIENTED_EDGE('',*,*,#6793,.F.);
#4581=ORIENTED_EDGE('',*,*,#6773,.T.);
#4582=ORIENTED_EDGE('',*,*,#6720,.F.);
#4583=ORIENTED_EDGE('',*,*,#6718,.T.);
#4584=ORIENTED_EDGE('',*,*,#6769,.T.);
#4585=ORIENTED_EDGE('',*,*,#6771,.T.);
#4586=ORIENTED_EDGE('',*,*,#6793,.T.);
#4587=ORIENTED_EDGE('',*,*,#6794,.T.);
#4588=ORIENTED_EDGE('',*,*,#6762,.T.);
#4589=ORIENTED_EDGE('',*,*,#6763,.T.);
#4590=ORIENTED_EDGE('',*,*,#6794,.F.);
#4591=ORIENTED_EDGE('',*,*,#6717,.T.);
#4592=ORIENTED_EDGE('',*,*,#6792,.T.);
#4593=ORIENTED_EDGE('',*,*,#6795,.F.);
#4594=ORIENTED_EDGE('',*,*,#6761,.T.);
#4595=ORIENTED_EDGE('',*,*,#6789,.T.);
#4596=ORIENTED_EDGE('',*,*,#6787,.T.);
#4597=ORIENTED_EDGE('',*,*,#6785,.T.);
#4598=ORIENTED_EDGE('',*,*,#6755,.T.);
#4599=ORIENTED_EDGE('',*,*,#6757,.T.);
#4600=ORIENTED_EDGE('',*,*,#6759,.T.);
#4601=ORIENTED_EDGE('',*,*,#6795,.T.);
#4602=ORIENTED_EDGE('',*,*,#6791,.T.);
#4603=ORIENTED_EDGE('',*,*,#6700,.F.);
#4604=ORIENTED_EDGE('',*,*,#6796,.T.);
#4605=ORIENTED_EDGE('',*,*,#6634,.F.);
#4606=ORIENTED_EDGE('',*,*,#6797,.F.);
#4607=ORIENTED_EDGE('',*,*,#6797,.T.);
#4608=ORIENTED_EDGE('',*,*,#6633,.F.);
#4609=ORIENTED_EDGE('',*,*,#6798,.F.);
#4610=ORIENTED_EDGE('',*,*,#6662,.F.);
#4611=ORIENTED_EDGE('',*,*,#6632,.F.);
#4612=ORIENTED_EDGE('',*,*,#6799,.T.);
#4613=ORIENTED_EDGE('',*,*,#6116,.F.);
#4614=ORIENTED_EDGE('',*,*,#6798,.T.);
#4615=ORIENTED_EDGE('',*,*,#6669,.T.);
#4616=ORIENTED_EDGE('',*,*,#6800,.F.);
#4617=ORIENTED_EDGE('',*,*,#6801,.F.);
#4618=ORIENTED_EDGE('',*,*,#6802,.T.);
#4619=ORIENTED_EDGE('',*,*,#6673,.T.);
#4620=ORIENTED_EDGE('',*,*,#6803,.T.);
#4621=ORIENTED_EDGE('',*,*,#6804,.F.);
#4622=ORIENTED_EDGE('',*,*,#6805,.T.);
#4623=ORIENTED_EDGE('',*,*,#6806,.F.);
#4624=ORIENTED_EDGE('',*,*,#6639,.T.);
#4625=ORIENTED_EDGE('',*,*,#6807,.T.);
#4626=ORIENTED_EDGE('',*,*,#6803,.F.);
#4627=ORIENTED_EDGE('',*,*,#6676,.F.);
#4628=ORIENTED_EDGE('',*,*,#6808,.T.);
#4629=ORIENTED_EDGE('',*,*,#6809,.T.);
#4630=ORIENTED_EDGE('',*,*,#6810,.F.);
#4631=ORIENTED_EDGE('',*,*,#6811,.T.);
#4632=ORIENTED_EDGE('',*,*,#6812,.T.);
#4633=ORIENTED_EDGE('',*,*,#6808,.F.);
#4634=ORIENTED_EDGE('',*,*,#6675,.F.);
#4635=ORIENTED_EDGE('',*,*,#6802,.F.);
#4636=ORIENTED_EDGE('',*,*,#6813,.T.);
#4637=ORIENTED_EDGE('',*,*,#6618,.T.);
#4638=ORIENTED_EDGE('',*,*,#6809,.F.);
#4639=ORIENTED_EDGE('',*,*,#6812,.F.);
#4640=ORIENTED_EDGE('',*,*,#6814,.T.);
#4641=ORIENTED_EDGE('',*,*,#6815,.T.);
#4642=ORIENTED_EDGE('',*,*,#6816,.T.);
#4643=ORIENTED_EDGE('',*,*,#6619,.F.);
#4644=ORIENTED_EDGE('',*,*,#6813,.F.);
#4645=ORIENTED_EDGE('',*,*,#6801,.T.);
#4646=ORIENTED_EDGE('',*,*,#6804,.T.);
#4647=ORIENTED_EDGE('',*,*,#6807,.F.);
#4648=ORIENTED_EDGE('',*,*,#6638,.F.);
#4649=ORIENTED_EDGE('',*,*,#6817,.F.);
#4650=ORIENTED_EDGE('',*,*,#6818,.T.);
#4651=ORIENTED_EDGE('',*,*,#6819,.T.);
#4652=ORIENTED_EDGE('',*,*,#6820,.T.);
#4653=ORIENTED_EDGE('',*,*,#6821,.F.);
#4654=ORIENTED_EDGE('',*,*,#6814,.F.);
#4655=ORIENTED_EDGE('',*,*,#6811,.F.);
#4656=ORIENTED_EDGE('',*,*,#6617,.T.);
#4657=ORIENTED_EDGE('',*,*,#6640,.T.);
#4658=ORIENTED_EDGE('',*,*,#6810,.T.);
#4659=ORIENTED_EDGE('',*,*,#6815,.F.);
#4660=ORIENTED_EDGE('',*,*,#6821,.T.);
#4661=ORIENTED_EDGE('',*,*,#6822,.F.);
#4662=ORIENTED_EDGE('',*,*,#6823,.F.);
#4663=ORIENTED_EDGE('',*,*,#6824,.F.);
#4664=ORIENTED_EDGE('',*,*,#6645,.T.);
#4665=ORIENTED_EDGE('',*,*,#6806,.T.);
#4666=ORIENTED_EDGE('',*,*,#6825,.F.);
#4667=ORIENTED_EDGE('',*,*,#6826,.F.);
#4668=ORIENTED_EDGE('',*,*,#6827,.F.);
#4669=ORIENTED_EDGE('',*,*,#6817,.T.);
#4670=ORIENTED_EDGE('',*,*,#6637,.T.);
#4671=ORIENTED_EDGE('',*,*,#6828,.T.);
#4672=ORIENTED_EDGE('',*,*,#6829,.T.);
#4673=ORIENTED_EDGE('',*,*,#6825,.T.);
#4674=ORIENTED_EDGE('',*,*,#6805,.F.);
#4675=ORIENTED_EDGE('',*,*,#6830,.F.);
#4676=ORIENTED_EDGE('',*,*,#6831,.T.);
#4677=ORIENTED_EDGE('',*,*,#6829,.F.);
#4678=ORIENTED_EDGE('',*,*,#6832,.T.);
#4679=ORIENTED_EDGE('',*,*,#6830,.T.);
#4680=ORIENTED_EDGE('',*,*,#6833,.T.);
#4681=ORIENTED_EDGE('',*,*,#6823,.T.);
#4682=ORIENTED_EDGE('',*,*,#6834,.T.);
#4683=ORIENTED_EDGE('',*,*,#6835,.T.);
#4684=ORIENTED_EDGE('',*,*,#6836,.T.);
#4685=ORIENTED_EDGE('',*,*,#6819,.F.);
#4686=ORIENTED_EDGE('',*,*,#6837,.F.);
#4687=ORIENTED_EDGE('',*,*,#6838,.T.);
#4688=ORIENTED_EDGE('',*,*,#6835,.F.);
#4689=ORIENTED_EDGE('',*,*,#6836,.F.);
#4690=ORIENTED_EDGE('',*,*,#6839,.F.);
#4691=ORIENTED_EDGE('',*,*,#6832,.F.);
#4692=ORIENTED_EDGE('',*,*,#6822,.T.);
#4693=ORIENTED_EDGE('',*,*,#6820,.F.);
#4694=ORIENTED_EDGE('',*,*,#6831,.F.);
#4695=ORIENTED_EDGE('',*,*,#6839,.T.);
#4696=ORIENTED_EDGE('',*,*,#6838,.F.);
#4697=ORIENTED_EDGE('',*,*,#6826,.T.);
#4698=ORIENTED_EDGE('',*,*,#6800,.T.);
#4699=ORIENTED_EDGE('',*,*,#6642,.T.);
#4700=ORIENTED_EDGE('',*,*,#6827,.T.);
#4701=ORIENTED_EDGE('',*,*,#6837,.T.);
#4702=ORIENTED_EDGE('',*,*,#6840,.T.);
#4703=ORIENTED_EDGE('',*,*,#6615,.T.);
#4704=ORIENTED_EDGE('',*,*,#6816,.F.);
#4705=ORIENTED_EDGE('',*,*,#6824,.T.);
#4706=ORIENTED_EDGE('',*,*,#6833,.F.);
#4707=ORIENTED_EDGE('',*,*,#6828,.F.);
#4708=ORIENTED_EDGE('',*,*,#6641,.F.);
#4709=ORIENTED_EDGE('',*,*,#6616,.T.);
#4710=ORIENTED_EDGE('',*,*,#6840,.F.);
#4711=ORIENTED_EDGE('',*,*,#6834,.F.);
#4712=ORIENTED_EDGE('',*,*,#6818,.F.);
#4713=ORIENTED_EDGE('',*,*,#6107,.F.);
#4714=ORIENTED_EDGE('',*,*,#6075,.T.);
#4715=ORIENTED_EDGE('',*,*,#6660,.F.);
#4716=ORIENTED_EDGE('',*,*,#6841,.T.);
#4717=ORIENTED_EDGE('',*,*,#6468,.T.);
#4718=ORIENTED_EDGE('',*,*,#6799,.F.);
#4719=ORIENTED_EDGE('',*,*,#6842,.F.);
#4720=ORIENTED_EDGE('',*,*,#6667,.F.);
#4721=ORIENTED_EDGE('',*,*,#6655,.F.);
#4722=ORIENTED_EDGE('',*,*,#6842,.T.);
#4723=ORIENTED_EDGE('',*,*,#6631,.F.);
#4724=ORIENTED_EDGE('',*,*,#6843,.F.);
#4725=ORIENTED_EDGE('',*,*,#6653,.F.);
#4726=ORIENTED_EDGE('',*,*,#6844,.F.);
#4727=ORIENTED_EDGE('',*,*,#6699,.F.);
#4728=ORIENTED_EDGE('',*,*,#6796,.F.);
#4729=ORIENTED_EDGE('',*,*,#6844,.T.);
#4730=ORIENTED_EDGE('',*,*,#6845,.F.);
#4731=ORIENTED_EDGE('',*,*,#6845,.T.);
#4732=ORIENTED_EDGE('',*,*,#6652,.F.);
#4733=ORIENTED_EDGE('',*,*,#6671,.F.);
#4734=ORIENTED_EDGE('',*,*,#6635,.F.);
#4735=ORIENTED_EDGE('',*,*,#6649,.F.);
#4736=ORIENTED_EDGE('',*,*,#6846,.T.);
#4737=ORIENTED_EDGE('',*,*,#6658,.F.);
#4738=ORIENTED_EDGE('',*,*,#6674,.F.);
#4739=ORIENTED_EDGE('',*,*,#6847,.F.);
#4740=ORIENTED_EDGE('',*,*,#6664,.F.);
#4741=ORIENTED_EDGE('',*,*,#6848,.F.);
#4742=ORIENTED_EDGE('',*,*,#6612,.F.);
#4743=ORIENTED_EDGE('',*,*,#6848,.T.);
#4744=ORIENTED_EDGE('',*,*,#6108,.F.);
#4745=ORIENTED_EDGE('',*,*,#6849,.F.);
#4746=ORIENTED_EDGE('',*,*,#6613,.F.);
#4747=ORIENTED_EDGE('',*,*,#6847,.T.);
#4748=ORIENTED_EDGE('',*,*,#6611,.F.);
#4749=ORIENTED_EDGE('',*,*,#6850,.F.);
#4750=ORIENTED_EDGE('',*,*,#6677,.F.);
#4751=ORIENTED_EDGE('',*,*,#6849,.T.);
#4752=ORIENTED_EDGE('',*,*,#6841,.F.);
#4753=ORIENTED_EDGE('',*,*,#6851,.F.);
#4754=ORIENTED_EDGE('',*,*,#6614,.F.);
#4755=ORIENTED_EDGE('',*,*,#6850,.T.);
#4756=ORIENTED_EDGE('',*,*,#6610,.F.);
#4757=ORIENTED_EDGE('',*,*,#6852,.F.);
#4758=ORIENTED_EDGE('',*,*,#6471,.F.);
#4759=ORIENTED_EDGE('',*,*,#6851,.T.);
#4760=ORIENTED_EDGE('',*,*,#6659,.F.);
#4761=ORIENTED_EDGE('',*,*,#6853,.F.);
#4762=ORIENTED_EDGE('',*,*,#6607,.F.);
#4763=ORIENTED_EDGE('',*,*,#6852,.T.);
#4764=ORIENTED_EDGE('',*,*,#6609,.F.);
#4765=ORIENTED_EDGE('',*,*,#6854,.F.);
#4766=ORIENTED_EDGE('',*,*,#6648,.F.);
#4767=ORIENTED_EDGE('',*,*,#6853,.T.);
#4768=ORIENTED_EDGE('',*,*,#6846,.F.);
#4769=ORIENTED_EDGE('',*,*,#6854,.T.);
#4770=ORIENTED_EDGE('',*,*,#6608,.F.);
#4771=ORIENTED_EDGE('',*,*,#6646,.F.);
#4772=ORIENTED_EDGE('',*,*,#6855,.F.);
#4773=ORIENTED_EDGE('',*,*,#6856,.F.);
#4774=ORIENTED_EDGE('',*,*,#6857,.F.);
#4775=ORIENTED_EDGE('',*,*,#6858,.F.);
#4776=ORIENTED_EDGE('',*,*,#6859,.F.);
#4777=ORIENTED_EDGE('',*,*,#6860,.T.);
#4778=ORIENTED_EDGE('',*,*,#6861,.F.);
#4779=ORIENTED_EDGE('',*,*,#6862,.F.);
#4780=ORIENTED_EDGE('',*,*,#6863,.F.);
#4781=ORIENTED_EDGE('',*,*,#6864,.F.);
#4782=ORIENTED_EDGE('',*,*,#6865,.F.);
#4783=ORIENTED_EDGE('',*,*,#6647,.F.);
#4784=ORIENTED_EDGE('',*,*,#6865,.T.);
#4785=ORIENTED_EDGE('',*,*,#6866,.T.);
#4786=ORIENTED_EDGE('',*,*,#6678,.F.);
#4787=ORIENTED_EDGE('',*,*,#6469,.T.);
#4788=ORIENTED_EDGE('',*,*,#6654,.F.);
#4789=ORIENTED_EDGE('',*,*,#6843,.T.);
#4790=ORIENTED_EDGE('',*,*,#6698,.F.);
#4791=ORIENTED_EDGE('',*,*,#6867,.F.);
#4792=ORIENTED_EDGE('',*,*,#6855,.T.);
#4793=ORIENTED_EDGE('',*,*,#6868,.F.);
#4794=ORIENTED_EDGE('',*,*,#6869,.T.);
#4795=ORIENTED_EDGE('',*,*,#6859,.T.);
#4796=ORIENTED_EDGE('',*,*,#6870,.T.);
#4797=ORIENTED_EDGE('',*,*,#6694,.F.);
#4798=ORIENTED_EDGE('',*,*,#6861,.T.);
#4799=ORIENTED_EDGE('',*,*,#6871,.T.);
#4800=ORIENTED_EDGE('',*,*,#6872,.F.);
#4801=ORIENTED_EDGE('',*,*,#6682,.F.);
#4802=ORIENTED_EDGE('',*,*,#6873,.F.);
#4803=ORIENTED_EDGE('',*,*,#6695,.F.);
#4804=ORIENTED_EDGE('',*,*,#6870,.F.);
#4805=ORIENTED_EDGE('',*,*,#6858,.T.);
#4806=ORIENTED_EDGE('',*,*,#6874,.T.);
#4807=ORIENTED_EDGE('',*,*,#6681,.F.);
#4808=ORIENTED_EDGE('',*,*,#6875,.F.);
#4809=ORIENTED_EDGE('',*,*,#6862,.T.);
#4810=ORIENTED_EDGE('',*,*,#6873,.T.);
#4811=ORIENTED_EDGE('',*,*,#6680,.F.);
#4812=ORIENTED_EDGE('',*,*,#6876,.F.);
#4813=ORIENTED_EDGE('',*,*,#6863,.T.);
#4814=ORIENTED_EDGE('',*,*,#6875,.T.);
#4815=ORIENTED_EDGE('',*,*,#6679,.F.);
#4816=ORIENTED_EDGE('',*,*,#6866,.F.);
#4817=ORIENTED_EDGE('',*,*,#6864,.T.);
#4818=ORIENTED_EDGE('',*,*,#6876,.T.);
#4819=ORIENTED_EDGE('',*,*,#6697,.F.);
#4820=ORIENTED_EDGE('',*,*,#6877,.F.);
#4821=ORIENTED_EDGE('',*,*,#6856,.T.);
#4822=ORIENTED_EDGE('',*,*,#6867,.T.);
#4823=ORIENTED_EDGE('',*,*,#6696,.F.);
#4824=ORIENTED_EDGE('',*,*,#6874,.F.);
#4825=ORIENTED_EDGE('',*,*,#6857,.T.);
#4826=ORIENTED_EDGE('',*,*,#6877,.T.);
#4827=ORIENTED_EDGE('',*,*,#6878,.T.);
#4828=ORIENTED_EDGE('',*,*,#6868,.T.);
#4829=ORIENTED_EDGE('',*,*,#6693,.T.);
#4830=ORIENTED_EDGE('',*,*,#6879,.T.);
#4831=ORIENTED_EDGE('',*,*,#6880,.F.);
#4832=ORIENTED_EDGE('',*,*,#5846,.T.);
#4833=ORIENTED_EDGE('',*,*,#6881,.F.);
#4834=ORIENTED_EDGE('',*,*,#6882,.T.);
#4835=ORIENTED_EDGE('',*,*,#6883,.T.);
#4836=ORIENTED_EDGE('',*,*,#6884,.T.);
#4837=ORIENTED_EDGE('',*,*,#6885,.T.);
#4838=ORIENTED_EDGE('',*,*,#6886,.F.);
#4839=ORIENTED_EDGE('',*,*,#6887,.F.);
#4840=ORIENTED_EDGE('',*,*,#6888,.T.);
#4841=ORIENTED_EDGE('',*,*,#6889,.F.);
#4842=ORIENTED_EDGE('',*,*,#6890,.F.);
#4843=ORIENTED_EDGE('',*,*,#6891,.F.);
#4844=ORIENTED_EDGE('',*,*,#6892,.F.);
#4845=ORIENTED_EDGE('',*,*,#6893,.F.);
#4846=ORIENTED_EDGE('',*,*,#6894,.T.);
#4847=ORIENTED_EDGE('',*,*,#6895,.F.);
#4848=ORIENTED_EDGE('',*,*,#6896,.F.);
#4849=ORIENTED_EDGE('',*,*,#6888,.F.);
#4850=ORIENTED_EDGE('',*,*,#6897,.F.);
#4851=ORIENTED_EDGE('',*,*,#6898,.F.);
#4852=ORIENTED_EDGE('',*,*,#6899,.T.);
#4853=ORIENTED_EDGE('',*,*,#6900,.F.);
#4854=ORIENTED_EDGE('',*,*,#6901,.F.);
#4855=ORIENTED_EDGE('',*,*,#6894,.F.);
#4856=ORIENTED_EDGE('',*,*,#6902,.F.);
#4857=ORIENTED_EDGE('',*,*,#6903,.T.);
#4858=ORIENTED_EDGE('',*,*,#6904,.F.);
#4859=ORIENTED_EDGE('',*,*,#6899,.F.);
#4860=ORIENTED_EDGE('',*,*,#6905,.F.);
#4861=ORIENTED_EDGE('',*,*,#6906,.F.);
#4862=ORIENTED_EDGE('',*,*,#6907,.F.);
#4863=ORIENTED_EDGE('',*,*,#6908,.F.);
#4864=ORIENTED_EDGE('',*,*,#6909,.F.);
#4865=ORIENTED_EDGE('',*,*,#6910,.F.);
#4866=ORIENTED_EDGE('',*,*,#6911,.F.);
#4867=ORIENTED_EDGE('',*,*,#6912,.F.);
#4868=ORIENTED_EDGE('',*,*,#6913,.F.);
#4869=ORIENTED_EDGE('',*,*,#6914,.F.);
#4870=ORIENTED_EDGE('',*,*,#6915,.F.);
#4871=ORIENTED_EDGE('',*,*,#6903,.F.);
#4872=ORIENTED_EDGE('',*,*,#6916,.F.);
#4873=ORIENTED_EDGE('',*,*,#6917,.F.);
#4874=ORIENTED_EDGE('',*,*,#6918,.F.);
#4875=ORIENTED_EDGE('',*,*,#6919,.F.);
#4876=ORIENTED_EDGE('',*,*,#6920,.F.);
#4877=ORIENTED_EDGE('',*,*,#6921,.F.);
#4878=ORIENTED_EDGE('',*,*,#6922,.F.);
#4879=ORIENTED_EDGE('',*,*,#6923,.F.);
#4880=ORIENTED_EDGE('',*,*,#6924,.F.);
#4881=ORIENTED_EDGE('',*,*,#6925,.F.);
#4882=ORIENTED_EDGE('',*,*,#6926,.F.);
#4883=ORIENTED_EDGE('',*,*,#6927,.F.);
#4884=ORIENTED_EDGE('',*,*,#6928,.F.);
#4885=ORIENTED_EDGE('',*,*,#6929,.F.);
#4886=ORIENTED_EDGE('',*,*,#6930,.F.);
#4887=ORIENTED_EDGE('',*,*,#6931,.F.);
#4888=ORIENTED_EDGE('',*,*,#6932,.F.);
#4889=ORIENTED_EDGE('',*,*,#6933,.F.);
#4890=ORIENTED_EDGE('',*,*,#6934,.F.);
#4891=ORIENTED_EDGE('',*,*,#6935,.T.);
#4892=ORIENTED_EDGE('',*,*,#6936,.F.);
#4893=ORIENTED_EDGE('',*,*,#6937,.T.);
#4894=ORIENTED_EDGE('',*,*,#6938,.F.);
#4895=ORIENTED_EDGE('',*,*,#6939,.F.);
#4896=ORIENTED_EDGE('',*,*,#6940,.F.);
#4897=ORIENTED_EDGE('',*,*,#6941,.T.);
#4898=ORIENTED_EDGE('',*,*,#6942,.F.);
#4899=ORIENTED_EDGE('',*,*,#6937,.F.);
#4900=ORIENTED_EDGE('',*,*,#6943,.F.);
#4901=ORIENTED_EDGE('',*,*,#6944,.T.);
#4902=ORIENTED_EDGE('',*,*,#6945,.F.);
#4903=ORIENTED_EDGE('',*,*,#6941,.F.);
#4904=ORIENTED_EDGE('',*,*,#6946,.F.);
#4905=ORIENTED_EDGE('',*,*,#6891,.T.);
#4906=ORIENTED_EDGE('',*,*,#6947,.F.);
#4907=ORIENTED_EDGE('',*,*,#6944,.F.);
#4908=ORIENTED_EDGE('',*,*,#6948,.F.);
#4909=ORIENTED_EDGE('',*,*,#6949,.F.);
#4910=ORIENTED_EDGE('',*,*,#6885,.F.);
#4911=ORIENTED_EDGE('',*,*,#6950,.F.);
#4912=ORIENTED_EDGE('',*,*,#6951,.F.);
#4913=ORIENTED_EDGE('',*,*,#6952,.F.);
#4914=ORIENTED_EDGE('',*,*,#6883,.F.);
#4915=ORIENTED_EDGE('',*,*,#6953,.F.);
#4916=ORIENTED_EDGE('',*,*,#6954,.F.);
#4917=ORIENTED_EDGE('',*,*,#6955,.F.);
#4918=ORIENTED_EDGE('',*,*,#6956,.F.);
#4919=ORIENTED_EDGE('',*,*,#6957,.F.);
#4920=ORIENTED_EDGE('',*,*,#6958,.F.);
#4921=ORIENTED_EDGE('',*,*,#6959,.F.);
#4922=ORIENTED_EDGE('',*,*,#6960,.F.);
#4923=ORIENTED_EDGE('',*,*,#6961,.F.);
#4924=ORIENTED_EDGE('',*,*,#6956,.T.);
#4925=ORIENTED_EDGE('',*,*,#6962,.F.);
#4926=ORIENTED_EDGE('',*,*,#6963,.F.);
#4927=ORIENTED_EDGE('',*,*,#6964,.F.);
#4928=ORIENTED_EDGE('',*,*,#6965,.T.);
#4929=ORIENTED_EDGE('',*,*,#6966,.F.);
#4930=ORIENTED_EDGE('',*,*,#6967,.F.);
#4931=ORIENTED_EDGE('',*,*,#6965,.F.);
#4932=ORIENTED_EDGE('',*,*,#6968,.F.);
#4933=ORIENTED_EDGE('',*,*,#6969,.F.);
#4934=ORIENTED_EDGE('',*,*,#6970,.F.);
#4935=ORIENTED_EDGE('',*,*,#6921,.T.);
#4936=ORIENTED_EDGE('',*,*,#6971,.F.);
#4937=ORIENTED_EDGE('',*,*,#6963,.T.);
#4938=ORIENTED_EDGE('',*,*,#6972,.F.);
#4939=ORIENTED_EDGE('',*,*,#6973,.F.);
#4940=ORIENTED_EDGE('',*,*,#6974,.F.);
#4941=ORIENTED_EDGE('',*,*,#6958,.T.);
#4942=ORIENTED_EDGE('',*,*,#6975,.F.);
#4943=ORIENTED_EDGE('',*,*,#6931,.T.);
#4944=ORIENTED_EDGE('',*,*,#6976,.F.);
#4945=ORIENTED_EDGE('',*,*,#6911,.T.);
#4946=ORIENTED_EDGE('',*,*,#6977,.T.);
#4947=ORIENTED_EDGE('',*,*,#6949,.T.);
#4948=ORIENTED_EDGE('',*,*,#6978,.F.);
#4949=ORIENTED_EDGE('',*,*,#6977,.F.);
#4950=ORIENTED_EDGE('',*,*,#6910,.T.);
#4951=ORIENTED_EDGE('',*,*,#6979,.T.);
#4952=ORIENTED_EDGE('',*,*,#6886,.T.);
#4953=ORIENTED_EDGE('',*,*,#6953,.T.);
#4954=ORIENTED_EDGE('',*,*,#6979,.F.);
#4955=ORIENTED_EDGE('',*,*,#6909,.T.);
#4956=ORIENTED_EDGE('',*,*,#6980,.F.);
#4957=ORIENTED_EDGE('',*,*,#6981,.T.);
#4958=ORIENTED_EDGE('',*,*,#6954,.T.);
#4959=ORIENTED_EDGE('',*,*,#6982,.T.);
#4960=ORIENTED_EDGE('',*,*,#6918,.T.);
#4961=ORIENTED_EDGE('',*,*,#6982,.F.);
#4962=ORIENTED_EDGE('',*,*,#6980,.T.);
#4963=ORIENTED_EDGE('',*,*,#6983,.T.);
#4964=ORIENTED_EDGE('',*,*,#6919,.T.);
#4965=ORIENTED_EDGE('',*,*,#6983,.F.);
#4966=ORIENTED_EDGE('',*,*,#6908,.T.);
#4967=ORIENTED_EDGE('',*,*,#6984,.T.);
#4968=ORIENTED_EDGE('',*,*,#6920,.T.);
#4969=ORIENTED_EDGE('',*,*,#6984,.F.);
#4970=ORIENTED_EDGE('',*,*,#6907,.T.);
#4971=ORIENTED_EDGE('',*,*,#6985,.T.);
#4972=ORIENTED_EDGE('',*,*,#6971,.T.);
#4973=ORIENTED_EDGE('',*,*,#6985,.F.);
#4974=ORIENTED_EDGE('',*,*,#6906,.T.);
#4975=ORIENTED_EDGE('',*,*,#6986,.T.);
#4976=ORIENTED_EDGE('',*,*,#6964,.T.);
#4977=ORIENTED_EDGE('',*,*,#6986,.F.);
#4978=ORIENTED_EDGE('',*,*,#6916,.T.);
#4979=ORIENTED_EDGE('',*,*,#6987,.T.);
#4980=ORIENTED_EDGE('',*,*,#6968,.T.);
#4981=ORIENTED_EDGE('',*,*,#6987,.F.);
#4982=ORIENTED_EDGE('',*,*,#6905,.T.);
#4983=ORIENTED_EDGE('',*,*,#6988,.T.);
#4984=ORIENTED_EDGE('',*,*,#6969,.T.);
#4985=ORIENTED_EDGE('',*,*,#6988,.F.);
#4986=ORIENTED_EDGE('',*,*,#6898,.T.);
#4987=ORIENTED_EDGE('',*,*,#6989,.T.);
#4988=ORIENTED_EDGE('',*,*,#6970,.T.);
#4989=ORIENTED_EDGE('',*,*,#6989,.F.);
#4990=ORIENTED_EDGE('',*,*,#6902,.T.);
#4991=ORIENTED_EDGE('',*,*,#6990,.T.);
#4992=ORIENTED_EDGE('',*,*,#6966,.T.);
#4993=ORIENTED_EDGE('',*,*,#6990,.F.);
#4994=ORIENTED_EDGE('',*,*,#6893,.T.);
#4995=ORIENTED_EDGE('',*,*,#6991,.T.);
#4996=ORIENTED_EDGE('',*,*,#6967,.T.);
#4997=ORIENTED_EDGE('',*,*,#6991,.F.);
#4998=ORIENTED_EDGE('',*,*,#6897,.T.);
#4999=ORIENTED_EDGE('',*,*,#6992,.T.);
#5000=ORIENTED_EDGE('',*,*,#6972,.T.);
#5001=ORIENTED_EDGE('',*,*,#6992,.F.);
#5002=ORIENTED_EDGE('',*,*,#6887,.T.);
#5003=ORIENTED_EDGE('',*,*,#6993,.T.);
#5004=ORIENTED_EDGE('',*,*,#6973,.T.);
#5005=ORIENTED_EDGE('',*,*,#6993,.F.);
#5006=ORIENTED_EDGE('',*,*,#6892,.T.);
#5007=ORIENTED_EDGE('',*,*,#6994,.T.);
#5008=ORIENTED_EDGE('',*,*,#6922,.T.);
#5009=ORIENTED_EDGE('',*,*,#6994,.F.);
#5010=ORIENTED_EDGE('',*,*,#6948,.T.);
#5011=ORIENTED_EDGE('',*,*,#6995,.T.);
#5012=ORIENTED_EDGE('',*,*,#6923,.T.);
#5013=ORIENTED_EDGE('',*,*,#6995,.F.);
#5014=ORIENTED_EDGE('',*,*,#6946,.T.);
#5015=ORIENTED_EDGE('',*,*,#6996,.T.);
#5016=ORIENTED_EDGE('',*,*,#6924,.T.);
#5017=ORIENTED_EDGE('',*,*,#6996,.F.);
#5018=ORIENTED_EDGE('',*,*,#6943,.T.);
#5019=ORIENTED_EDGE('',*,*,#6997,.T.);
#5020=ORIENTED_EDGE('',*,*,#6925,.T.);
#5021=ORIENTED_EDGE('',*,*,#6998,.T.);
#5022=ORIENTED_EDGE('',*,*,#6926,.T.);
#5023=ORIENTED_EDGE('',*,*,#6997,.F.);
#5024=ORIENTED_EDGE('',*,*,#6940,.T.);
#5025=ORIENTED_EDGE('',*,*,#6999,.T.);
#5026=ORIENTED_EDGE('',*,*,#6934,.T.);
#5027=ORIENTED_EDGE('',*,*,#7000,.T.);
#5028=ORIENTED_EDGE('',*,*,#6951,.T.);
#5029=ORIENTED_EDGE('',*,*,#7000,.F.);
#5030=ORIENTED_EDGE('',*,*,#6933,.T.);
#5031=ORIENTED_EDGE('',*,*,#7001,.T.);
#5032=ORIENTED_EDGE('',*,*,#6978,.T.);
#5033=ORIENTED_EDGE('',*,*,#7001,.F.);
#5034=ORIENTED_EDGE('',*,*,#6932,.T.);
#5035=ORIENTED_EDGE('',*,*,#7002,.T.);
#5036=ORIENTED_EDGE('',*,*,#6912,.T.);
#5037=ORIENTED_EDGE('',*,*,#7002,.F.);
#5038=ORIENTED_EDGE('',*,*,#6975,.T.);
#5039=ORIENTED_EDGE('',*,*,#7003,.T.);
#5040=ORIENTED_EDGE('',*,*,#6913,.T.);
#5041=ORIENTED_EDGE('',*,*,#7003,.F.);
#5042=ORIENTED_EDGE('',*,*,#6957,.T.);
#5043=ORIENTED_EDGE('',*,*,#7004,.T.);
#5044=ORIENTED_EDGE('',*,*,#6914,.T.);
#5045=ORIENTED_EDGE('',*,*,#7004,.F.);
#5046=ORIENTED_EDGE('',*,*,#6961,.T.);
#5047=ORIENTED_EDGE('',*,*,#7005,.T.);
#5048=ORIENTED_EDGE('',*,*,#6915,.T.);
#5049=ORIENTED_EDGE('',*,*,#7005,.F.);
#5050=ORIENTED_EDGE('',*,*,#6960,.T.);
#5051=ORIENTED_EDGE('',*,*,#7006,.T.);
#5052=ORIENTED_EDGE('',*,*,#6904,.T.);
#5053=ORIENTED_EDGE('',*,*,#7006,.F.);
#5054=ORIENTED_EDGE('',*,*,#6962,.T.);
#5055=ORIENTED_EDGE('',*,*,#7007,.T.);
#5056=ORIENTED_EDGE('',*,*,#6900,.T.);
#5057=ORIENTED_EDGE('',*,*,#7007,.F.);
#5058=ORIENTED_EDGE('',*,*,#6955,.T.);
#5059=ORIENTED_EDGE('',*,*,#7008,.T.);
#5060=ORIENTED_EDGE('',*,*,#6901,.T.);
#5061=ORIENTED_EDGE('',*,*,#7008,.F.);
#5062=ORIENTED_EDGE('',*,*,#6959,.T.);
#5063=ORIENTED_EDGE('',*,*,#7009,.T.);
#5064=ORIENTED_EDGE('',*,*,#6895,.T.);
#5065=ORIENTED_EDGE('',*,*,#7009,.F.);
#5066=ORIENTED_EDGE('',*,*,#6974,.T.);
#5067=ORIENTED_EDGE('',*,*,#7010,.T.);
#5068=ORIENTED_EDGE('',*,*,#6896,.T.);
#5069=ORIENTED_EDGE('',*,*,#7010,.F.);
#5070=ORIENTED_EDGE('',*,*,#6976,.T.);
#5071=ORIENTED_EDGE('',*,*,#7011,.T.);
#5072=ORIENTED_EDGE('',*,*,#6889,.T.);
#5073=ORIENTED_EDGE('',*,*,#7011,.F.);
#5074=ORIENTED_EDGE('',*,*,#6930,.T.);
#5075=ORIENTED_EDGE('',*,*,#7012,.T.);
#5076=ORIENTED_EDGE('',*,*,#6890,.T.);
#5077=ORIENTED_EDGE('',*,*,#7012,.F.);
#5078=ORIENTED_EDGE('',*,*,#6929,.T.);
#5079=ORIENTED_EDGE('',*,*,#7013,.T.);
#5080=ORIENTED_EDGE('',*,*,#6947,.T.);
#5081=ORIENTED_EDGE('',*,*,#7013,.F.);
#5082=ORIENTED_EDGE('',*,*,#6928,.T.);
#5083=ORIENTED_EDGE('',*,*,#7014,.T.);
#5084=ORIENTED_EDGE('',*,*,#6945,.T.);
#5085=ORIENTED_EDGE('',*,*,#7014,.F.);
#5086=ORIENTED_EDGE('',*,*,#6927,.T.);
#5087=ORIENTED_EDGE('',*,*,#7015,.T.);
#5088=ORIENTED_EDGE('',*,*,#6942,.T.);
#5089=ORIENTED_EDGE('',*,*,#7016,.T.);
#5090=ORIENTED_EDGE('',*,*,#6938,.T.);
#5091=ORIENTED_EDGE('',*,*,#7015,.F.);
#5092=ORIENTED_EDGE('',*,*,#6936,.T.);
#5093=ORIENTED_EDGE('',*,*,#7017,.F.);
#5094=ORIENTED_EDGE('',*,*,#7018,.F.);
#5095=ORIENTED_EDGE('',*,*,#7019,.F.);
#5096=ORIENTED_EDGE('',*,*,#7020,.F.);
#5097=ORIENTED_EDGE('',*,*,#7021,.F.);
#5098=ORIENTED_EDGE('',*,*,#7022,.F.);
#5099=ORIENTED_EDGE('',*,*,#7023,.F.);
#5100=ORIENTED_EDGE('',*,*,#7024,.F.);
#5101=ORIENTED_EDGE('',*,*,#6981,.F.);
#5102=ORIENTED_EDGE('',*,*,#6917,.T.);
#5103=ORIENTED_EDGE('',*,*,#6998,.F.);
#5104=ORIENTED_EDGE('',*,*,#6939,.T.);
#5105=ORIENTED_EDGE('',*,*,#7016,.F.);
#5106=ORIENTED_EDGE('',*,*,#6935,.F.);
#5107=ORIENTED_EDGE('',*,*,#6999,.F.);
#5108=ORIENTED_EDGE('',*,*,#6950,.T.);
#5109=ORIENTED_EDGE('',*,*,#6884,.F.);
#5110=ORIENTED_EDGE('',*,*,#6952,.T.);
#5111=ORIENTED_EDGE('',*,*,#7025,.T.);
#5112=ORIENTED_EDGE('',*,*,#7026,.F.);
#5113=ORIENTED_EDGE('',*,*,#7027,.T.);
#5114=ORIENTED_EDGE('',*,*,#7028,.T.);
#5115=ORIENTED_EDGE('',*,*,#7029,.T.);
#5116=ORIENTED_EDGE('',*,*,#7030,.F.);
#5117=ORIENTED_EDGE('',*,*,#7031,.F.);
#5118=ORIENTED_EDGE('',*,*,#7032,.F.);
#5119=ORIENTED_EDGE('',*,*,#7033,.F.);
#5120=ORIENTED_EDGE('',*,*,#7034,.F.);
#5121=ORIENTED_EDGE('',*,*,#7035,.F.);
#5122=ORIENTED_EDGE('',*,*,#7036,.F.);
#5123=ORIENTED_EDGE('',*,*,#7037,.F.);
#5124=ORIENTED_EDGE('',*,*,#7038,.F.);
#5125=ORIENTED_EDGE('',*,*,#7039,.F.);
#5126=ORIENTED_EDGE('',*,*,#7040,.T.);
#5127=ORIENTED_EDGE('',*,*,#7041,.T.);
#5128=ORIENTED_EDGE('',*,*,#7042,.F.);
#5129=ORIENTED_EDGE('',*,*,#7043,.F.);
#5130=ORIENTED_EDGE('',*,*,#7044,.F.);
#5131=ORIENTED_EDGE('',*,*,#7045,.F.);
#5132=ORIENTED_EDGE('',*,*,#7046,.F.);
#5133=ORIENTED_EDGE('',*,*,#7047,.T.);
#5134=ORIENTED_EDGE('',*,*,#7048,.F.);
#5135=ORIENTED_EDGE('',*,*,#7049,.T.);
#5136=ORIENTED_EDGE('',*,*,#7050,.T.);
#5137=ORIENTED_EDGE('',*,*,#7051,.F.);
#5138=ORIENTED_EDGE('',*,*,#7052,.T.);
#5139=ORIENTED_EDGE('',*,*,#7053,.T.);
#5140=ORIENTED_EDGE('',*,*,#7054,.F.);
#5141=ORIENTED_EDGE('',*,*,#7055,.F.);
#5142=ORIENTED_EDGE('',*,*,#6869,.F.);
#5143=ORIENTED_EDGE('',*,*,#6878,.F.);
#5144=ORIENTED_EDGE('',*,*,#7056,.F.);
#5145=ORIENTED_EDGE('',*,*,#7057,.T.);
#5146=ORIENTED_EDGE('',*,*,#7058,.F.);
#5147=ORIENTED_EDGE('',*,*,#7059,.F.);
#5148=ORIENTED_EDGE('',*,*,#7060,.F.);
#5149=ORIENTED_EDGE('',*,*,#7061,.F.);
#5150=ORIENTED_EDGE('',*,*,#6871,.F.);
#5151=ORIENTED_EDGE('',*,*,#6860,.F.);
#5152=ORIENTED_EDGE('',*,*,#6036,.T.);
#5153=ORIENTED_EDGE('',*,*,#7062,.T.);
#5154=ORIENTED_EDGE('',*,*,#6882,.F.);
#5155=ORIENTED_EDGE('',*,*,#7063,.F.);
#5156=ORIENTED_EDGE('',*,*,#7064,.F.);
#5157=ORIENTED_EDGE('',*,*,#7065,.F.);
#5158=ORIENTED_EDGE('',*,*,#7066,.T.);
#5159=ORIENTED_EDGE('',*,*,#7067,.F.);
#5160=ORIENTED_EDGE('',*,*,#7068,.F.);
#5161=ORIENTED_EDGE('',*,*,#7069,.T.);
#5162=ORIENTED_EDGE('',*,*,#6691,.T.);
#5163=ORIENTED_EDGE('',*,*,#7070,.F.);
#5164=ORIENTED_EDGE('',*,*,#5838,.T.);
#5165=ORIENTED_EDGE('',*,*,#7071,.F.);
#5166=ORIENTED_EDGE('',*,*,#5844,.T.);
#5167=ORIENTED_EDGE('',*,*,#7072,.F.);
#5168=ORIENTED_EDGE('',*,*,#6685,.T.);
#5169=ORIENTED_EDGE('',*,*,#7073,.F.);
#5170=ORIENTED_EDGE('',*,*,#7058,.T.);
#5171=ORIENTED_EDGE('',*,*,#7074,.F.);
#5172=ORIENTED_EDGE('',*,*,#7075,.F.);
#5173=ORIENTED_EDGE('',*,*,#7076,.F.);
#5174=ORIENTED_EDGE('',*,*,#7077,.F.);
#5175=ORIENTED_EDGE('',*,*,#7065,.T.);
#5176=ORIENTED_EDGE('',*,*,#7078,.F.);
#5177=ORIENTED_EDGE('',*,*,#7041,.F.);
#5178=ORIENTED_EDGE('',*,*,#7079,.T.);
#5179=ORIENTED_EDGE('',*,*,#7054,.T.);
#5180=ORIENTED_EDGE('',*,*,#7080,.T.);
#5181=ORIENTED_EDGE('',*,*,#7074,.T.);
#5182=ORIENTED_EDGE('',*,*,#7057,.F.);
#5183=ORIENTED_EDGE('',*,*,#7081,.F.);
#5184=ORIENTED_EDGE('',*,*,#7066,.F.);
#5185=ORIENTED_EDGE('',*,*,#7077,.T.);
#5186=ORIENTED_EDGE('',*,*,#7082,.T.);
#5187=ORIENTED_EDGE('',*,*,#7055,.T.);
#5188=ORIENTED_EDGE('',*,*,#7079,.F.);
#5189=ORIENTED_EDGE('',*,*,#7040,.F.);
#5190=ORIENTED_EDGE('',*,*,#7083,.F.);
#5191=ORIENTED_EDGE('',*,*,#7084,.F.);
#5192=ORIENTED_EDGE('',*,*,#5842,.T.);
#5193=ORIENTED_EDGE('',*,*,#7085,.T.);
#5194=ORIENTED_EDGE('',*,*,#7086,.T.);
#5195=ORIENTED_EDGE('',*,*,#7087,.F.);
#5196=ORIENTED_EDGE('',*,*,#5843,.T.);
#5197=ORIENTED_EDGE('',*,*,#7084,.T.);
#5198=ORIENTED_EDGE('',*,*,#7088,.T.);
#5199=ORIENTED_EDGE('',*,*,#7089,.F.);
#5200=ORIENTED_EDGE('',*,*,#7072,.T.);
#5201=ORIENTED_EDGE('',*,*,#7087,.T.);
#5202=ORIENTED_EDGE('',*,*,#7090,.T.);
#5203=ORIENTED_EDGE('',*,*,#7089,.T.);
#5204=ORIENTED_EDGE('',*,*,#7091,.T.);
#5205=ORIENTED_EDGE('',*,*,#7092,.T.);
#5206=ORIENTED_EDGE('',*,*,#6686,.T.);
#5207=ORIENTED_EDGE('',*,*,#7092,.F.);
#5208=ORIENTED_EDGE('',*,*,#7093,.T.);
#5209=ORIENTED_EDGE('',*,*,#7094,.T.);
#5210=ORIENTED_EDGE('',*,*,#6687,.T.);
#5211=ORIENTED_EDGE('',*,*,#7095,.T.);
#5212=ORIENTED_EDGE('',*,*,#7096,.T.);
#5213=ORIENTED_EDGE('',*,*,#7097,.T.);
#5214=ORIENTED_EDGE('',*,*,#7098,.F.);
#5215=ORIENTED_EDGE('',*,*,#7099,.F.);
#5216=ORIENTED_EDGE('',*,*,#7100,.F.);
#5217=ORIENTED_EDGE('',*,*,#7101,.T.);
#5218=ORIENTED_EDGE('',*,*,#7102,.F.);
#5219=ORIENTED_EDGE('',*,*,#7101,.F.);
#5220=ORIENTED_EDGE('',*,*,#7103,.F.);
#5221=ORIENTED_EDGE('',*,*,#7104,.T.);
#5222=ORIENTED_EDGE('',*,*,#7105,.F.);
#5223=ORIENTED_EDGE('',*,*,#7106,.F.);
#5224=ORIENTED_EDGE('',*,*,#7038,.T.);
#5225=ORIENTED_EDGE('',*,*,#7107,.T.);
#5226=ORIENTED_EDGE('',*,*,#7108,.T.);
#5227=ORIENTED_EDGE('',*,*,#7109,.F.);
#5228=ORIENTED_EDGE('',*,*,#7039,.T.);
#5229=ORIENTED_EDGE('',*,*,#7106,.T.);
#5230=ORIENTED_EDGE('',*,*,#7110,.T.);
#5231=ORIENTED_EDGE('',*,*,#7111,.T.);
#5232=ORIENTED_EDGE('',*,*,#7030,.T.);
#5233=ORIENTED_EDGE('',*,*,#7109,.T.);
#5234=ORIENTED_EDGE('',*,*,#7112,.T.);
#5235=ORIENTED_EDGE('',*,*,#7111,.F.);
#5236=ORIENTED_EDGE('',*,*,#7113,.T.);
#5237=ORIENTED_EDGE('',*,*,#7114,.T.);
#5238=ORIENTED_EDGE('',*,*,#7031,.T.);
#5239=ORIENTED_EDGE('',*,*,#7115,.F.);
#5240=ORIENTED_EDGE('',*,*,#7116,.F.);
#5241=ORIENTED_EDGE('',*,*,#7117,.F.);
#5242=ORIENTED_EDGE('',*,*,#7118,.F.);
#5243=ORIENTED_EDGE('',*,*,#7119,.F.);
#5244=ORIENTED_EDGE('',*,*,#7120,.T.);
#5245=ORIENTED_EDGE('',*,*,#7121,.T.);
#5246=ORIENTED_EDGE('',*,*,#7033,.T.);
#5247=ORIENTED_EDGE('',*,*,#7114,.F.);
#5248=ORIENTED_EDGE('',*,*,#7118,.T.);
#5249=ORIENTED_EDGE('',*,*,#7119,.T.);
#5250=ORIENTED_EDGE('',*,*,#7032,.T.);
#5251=ORIENTED_EDGE('',*,*,#7122,.T.);
#5252=ORIENTED_EDGE('',*,*,#7123,.T.);
#5253=ORIENTED_EDGE('',*,*,#7115,.T.);
#5254=ORIENTED_EDGE('',*,*,#7113,.F.);
#5255=ORIENTED_EDGE('',*,*,#7124,.F.);
#5256=ORIENTED_EDGE('',*,*,#7125,.T.);
#5257=ORIENTED_EDGE('',*,*,#7123,.F.);
#5258=ORIENTED_EDGE('',*,*,#7126,.T.);
#5259=ORIENTED_EDGE('',*,*,#7124,.T.);
#5260=ORIENTED_EDGE('',*,*,#7127,.T.);
#5261=ORIENTED_EDGE('',*,*,#7093,.F.);
#5262=ORIENTED_EDGE('',*,*,#7094,.F.);
#5263=ORIENTED_EDGE('',*,*,#7128,.T.);
#5264=ORIENTED_EDGE('',*,*,#7129,.T.);
#5265=ORIENTED_EDGE('',*,*,#6688,.T.);
#5266=ORIENTED_EDGE('',*,*,#7129,.F.);
#5267=ORIENTED_EDGE('',*,*,#7130,.T.);
#5268=ORIENTED_EDGE('',*,*,#7131,.T.);
#5269=ORIENTED_EDGE('',*,*,#6689,.T.);
#5270=ORIENTED_EDGE('',*,*,#7131,.F.);
#5271=ORIENTED_EDGE('',*,*,#7132,.T.);
#5272=ORIENTED_EDGE('',*,*,#7133,.T.);
#5273=ORIENTED_EDGE('',*,*,#6690,.T.);
#5274=ORIENTED_EDGE('',*,*,#7133,.F.);
#5275=ORIENTED_EDGE('',*,*,#7134,.T.);
#5276=ORIENTED_EDGE('',*,*,#7135,.T.);
#5277=ORIENTED_EDGE('',*,*,#7070,.T.);
#5278=ORIENTED_EDGE('',*,*,#7135,.F.);
#5279=ORIENTED_EDGE('',*,*,#7136,.T.);
#5280=ORIENTED_EDGE('',*,*,#7137,.F.);
#5281=ORIENTED_EDGE('',*,*,#5839,.T.);
#5282=ORIENTED_EDGE('',*,*,#7138,.F.);
#5283=ORIENTED_EDGE('',*,*,#5840,.T.);
#5284=ORIENTED_EDGE('',*,*,#7137,.T.);
#5285=ORIENTED_EDGE('',*,*,#7139,.T.);
#5286=ORIENTED_EDGE('',*,*,#7085,.F.);
#5287=ORIENTED_EDGE('',*,*,#5841,.T.);
#5288=ORIENTED_EDGE('',*,*,#7138,.T.);
#5289=ORIENTED_EDGE('',*,*,#7140,.T.);
#5290=ORIENTED_EDGE('',*,*,#7141,.T.);
#5291=ORIENTED_EDGE('',*,*,#7142,.T.);
#5292=ORIENTED_EDGE('',*,*,#7143,.T.);
#5293=ORIENTED_EDGE('',*,*,#7086,.F.);
#5294=ORIENTED_EDGE('',*,*,#7144,.F.);
#5295=ORIENTED_EDGE('',*,*,#7145,.T.);
#5296=ORIENTED_EDGE('',*,*,#7142,.F.);
#5297=ORIENTED_EDGE('',*,*,#7143,.F.);
#5298=ORIENTED_EDGE('',*,*,#7146,.F.);
#5299=ORIENTED_EDGE('',*,*,#7126,.F.);
#5300=ORIENTED_EDGE('',*,*,#7091,.F.);
#5301=ORIENTED_EDGE('',*,*,#7090,.F.);
#5302=ORIENTED_EDGE('',*,*,#7088,.F.);
#5303=ORIENTED_EDGE('',*,*,#7125,.F.);
#5304=ORIENTED_EDGE('',*,*,#7146,.T.);
#5305=ORIENTED_EDGE('',*,*,#7145,.F.);
#5306=ORIENTED_EDGE('',*,*,#7116,.T.);
#5307=ORIENTED_EDGE('',*,*,#7117,.T.);
#5308=ORIENTED_EDGE('',*,*,#7144,.T.);
#5309=ORIENTED_EDGE('',*,*,#7147,.T.);
#5310=ORIENTED_EDGE('',*,*,#7120,.F.);
#5311=ORIENTED_EDGE('',*,*,#7121,.F.);
#5312=ORIENTED_EDGE('',*,*,#7148,.T.);
#5313=ORIENTED_EDGE('',*,*,#7149,.T.);
#5314=ORIENTED_EDGE('',*,*,#7034,.T.);
#5315=ORIENTED_EDGE('',*,*,#7150,.F.);
#5316=ORIENTED_EDGE('',*,*,#7035,.T.);
#5317=ORIENTED_EDGE('',*,*,#7149,.F.);
#5318=ORIENTED_EDGE('',*,*,#7151,.T.);
#5319=ORIENTED_EDGE('',*,*,#7152,.F.);
#5320=ORIENTED_EDGE('',*,*,#7036,.T.);
#5321=ORIENTED_EDGE('',*,*,#7150,.T.);
#5322=ORIENTED_EDGE('',*,*,#7102,.T.);
#5323=ORIENTED_EDGE('',*,*,#7107,.F.);
#5324=ORIENTED_EDGE('',*,*,#7037,.T.);
#5325=ORIENTED_EDGE('',*,*,#7152,.T.);
#5326=ORIENTED_EDGE('',*,*,#7105,.T.);
#5327=ORIENTED_EDGE('',*,*,#7104,.F.);
#5328=ORIENTED_EDGE('',*,*,#7153,.F.);
#5329=ORIENTED_EDGE('',*,*,#7154,.F.);
#5330=ORIENTED_EDGE('',*,*,#7155,.F.);
#5331=ORIENTED_EDGE('',*,*,#7108,.F.);
#5332=ORIENTED_EDGE('',*,*,#7156,.F.);
#5333=ORIENTED_EDGE('',*,*,#7157,.T.);
#5334=ORIENTED_EDGE('',*,*,#7158,.T.);
#5335=ORIENTED_EDGE('',*,*,#7154,.T.);
#5336=ORIENTED_EDGE('',*,*,#7158,.F.);
#5337=ORIENTED_EDGE('',*,*,#7159,.T.);
#5338=ORIENTED_EDGE('',*,*,#7160,.T.);
#5339=ORIENTED_EDGE('',*,*,#7155,.T.);
#5340=ORIENTED_EDGE('',*,*,#7160,.F.);
#5341=ORIENTED_EDGE('',*,*,#7161,.T.);
#5342=ORIENTED_EDGE('',*,*,#7110,.F.);
#5343=ORIENTED_EDGE('',*,*,#7161,.F.);
#5344=ORIENTED_EDGE('',*,*,#7162,.F.);
#5345=ORIENTED_EDGE('',*,*,#7128,.F.);
#5346=ORIENTED_EDGE('',*,*,#7127,.F.);
#5347=ORIENTED_EDGE('',*,*,#7122,.F.);
#5348=ORIENTED_EDGE('',*,*,#7112,.F.);
#5349=ORIENTED_EDGE('',*,*,#7157,.F.);
#5350=ORIENTED_EDGE('',*,*,#7163,.T.);
#5351=ORIENTED_EDGE('',*,*,#7130,.F.);
#5352=ORIENTED_EDGE('',*,*,#7162,.T.);
#5353=ORIENTED_EDGE('',*,*,#7159,.F.);
#5354=ORIENTED_EDGE('',*,*,#7164,.F.);
#5355=ORIENTED_EDGE('',*,*,#7165,.T.);
#5356=ORIENTED_EDGE('',*,*,#7156,.T.);
#5357=ORIENTED_EDGE('',*,*,#7153,.T.);
#5358=ORIENTED_EDGE('',*,*,#7166,.F.);
#5359=ORIENTED_EDGE('',*,*,#7167,.T.);
#5360=ORIENTED_EDGE('',*,*,#7164,.T.);
#5361=ORIENTED_EDGE('',*,*,#7103,.T.);
#5362=ORIENTED_EDGE('',*,*,#7168,.F.);
#5363=ORIENTED_EDGE('',*,*,#7169,.T.);
#5364=ORIENTED_EDGE('',*,*,#7166,.T.);
#5365=ORIENTED_EDGE('',*,*,#7100,.T.);
#5366=ORIENTED_EDGE('',*,*,#7096,.F.);
#5367=ORIENTED_EDGE('',*,*,#7170,.T.);
#5368=ORIENTED_EDGE('',*,*,#7168,.T.);
#5369=ORIENTED_EDGE('',*,*,#7099,.T.);
#5370=ORIENTED_EDGE('',*,*,#7171,.T.);
#5371=ORIENTED_EDGE('',*,*,#7097,.F.);
#5372=ORIENTED_EDGE('',*,*,#7098,.T.);
#5373=ORIENTED_EDGE('',*,*,#7151,.F.);
#5374=ORIENTED_EDGE('',*,*,#7147,.F.);
#5375=ORIENTED_EDGE('',*,*,#7141,.F.);
#5376=ORIENTED_EDGE('',*,*,#7140,.F.);
#5377=ORIENTED_EDGE('',*,*,#7172,.F.);
#5378=ORIENTED_EDGE('',*,*,#7171,.F.);
#5379=ORIENTED_EDGE('',*,*,#7148,.F.);
#5380=ORIENTED_EDGE('',*,*,#7172,.T.);
#5381=ORIENTED_EDGE('',*,*,#7139,.F.);
#5382=ORIENTED_EDGE('',*,*,#7173,.T.);
#5383=ORIENTED_EDGE('',*,*,#7170,.F.);
#5384=ORIENTED_EDGE('',*,*,#7095,.F.);
#5385=ORIENTED_EDGE('',*,*,#7167,.F.);
#5386=ORIENTED_EDGE('',*,*,#7169,.F.);
#5387=ORIENTED_EDGE('',*,*,#7173,.F.);
#5388=ORIENTED_EDGE('',*,*,#7136,.F.);
#5389=ORIENTED_EDGE('',*,*,#7134,.F.);
#5390=ORIENTED_EDGE('',*,*,#7132,.F.);
#5391=ORIENTED_EDGE('',*,*,#7163,.F.);
#5392=ORIENTED_EDGE('',*,*,#7165,.F.);
#5393=ORIENTED_EDGE('',*,*,#6692,.T.);
#5394=ORIENTED_EDGE('',*,*,#7174,.T.);
#5395=ORIENTED_EDGE('',*,*,#7043,.T.);
#5396=ORIENTED_EDGE('',*,*,#7175,.F.);
#5397=ORIENTED_EDGE('',*,*,#7174,.F.);
#5398=ORIENTED_EDGE('',*,*,#7071,.T.);
#5399=ORIENTED_EDGE('',*,*,#7176,.T.);
#5400=ORIENTED_EDGE('',*,*,#7044,.T.);
#5401=ORIENTED_EDGE('',*,*,#7045,.T.);
#5402=ORIENTED_EDGE('',*,*,#7176,.F.);
#5403=ORIENTED_EDGE('',*,*,#5837,.T.);
#5404=ORIENTED_EDGE('',*,*,#7177,.F.);
#5405=ORIENTED_EDGE('',*,*,#7082,.F.);
#5406=ORIENTED_EDGE('',*,*,#7178,.F.);
#5407=ORIENTED_EDGE('',*,*,#7179,.T.);
#5408=ORIENTED_EDGE('',*,*,#7180,.T.);
#5409=ORIENTED_EDGE('',*,*,#7080,.F.);
#5410=ORIENTED_EDGE('',*,*,#7181,.T.);
#5411=ORIENTED_EDGE('',*,*,#7182,.F.);
#5412=ORIENTED_EDGE('',*,*,#7183,.T.);
#5413=ORIENTED_EDGE('',*,*,#7184,.F.);
#5414=ORIENTED_EDGE('',*,*,#7050,.F.);
#5415=ORIENTED_EDGE('',*,*,#7185,.T.);
#5416=ORIENTED_EDGE('',*,*,#7186,.F.);
#5417=ORIENTED_EDGE('',*,*,#7187,.F.);
#5418=ORIENTED_EDGE('',*,*,#7075,.T.);
#5419=ORIENTED_EDGE('',*,*,#7184,.T.);
#5420=ORIENTED_EDGE('',*,*,#7188,.F.);
#5421=ORIENTED_EDGE('',*,*,#7189,.F.);
#5422=ORIENTED_EDGE('',*,*,#7027,.F.);
#5423=ORIENTED_EDGE('',*,*,#7190,.F.);
#5424=ORIENTED_EDGE('',*,*,#7178,.T.);
#5425=ORIENTED_EDGE('',*,*,#7076,.T.);
#5426=ORIENTED_EDGE('',*,*,#7187,.T.);
#5427=ORIENTED_EDGE('',*,*,#7191,.F.);
#5428=ORIENTED_EDGE('',*,*,#7186,.T.);
#5429=ORIENTED_EDGE('',*,*,#7192,.F.);
#5430=ORIENTED_EDGE('',*,*,#7193,.F.);
#5431=ORIENTED_EDGE('',*,*,#7191,.T.);
#5432=ORIENTED_EDGE('',*,*,#7049,.F.);
#5433=ORIENTED_EDGE('',*,*,#7194,.T.);
#5434=ORIENTED_EDGE('',*,*,#7195,.T.);
#5435=ORIENTED_EDGE('',*,*,#7196,.T.);
#5436=ORIENTED_EDGE('',*,*,#7197,.F.);
#5437=ORIENTED_EDGE('',*,*,#7192,.T.);
#5438=ORIENTED_EDGE('',*,*,#7185,.F.);
#5439=ORIENTED_EDGE('',*,*,#7198,.F.);
#5440=ORIENTED_EDGE('',*,*,#7028,.F.);
#5441=ORIENTED_EDGE('',*,*,#7189,.T.);
#5442=ORIENTED_EDGE('',*,*,#7193,.T.);
#5443=ORIENTED_EDGE('',*,*,#7197,.T.);
#5444=ORIENTED_EDGE('',*,*,#7199,.F.);
#5445=ORIENTED_EDGE('',*,*,#7200,.F.);
#5446=ORIENTED_EDGE('',*,*,#7183,.F.);
#5447=ORIENTED_EDGE('',*,*,#7201,.T.);
#5448=ORIENTED_EDGE('',*,*,#7051,.T.);
#5449=ORIENTED_EDGE('',*,*,#7188,.T.);
#5450=ORIENTED_EDGE('',*,*,#7202,.F.);
#5451=ORIENTED_EDGE('',*,*,#7179,.F.);
#5452=ORIENTED_EDGE('',*,*,#7190,.T.);
#5453=ORIENTED_EDGE('',*,*,#7026,.T.);
#5454=ORIENTED_EDGE('',*,*,#7053,.F.);
#5455=ORIENTED_EDGE('',*,*,#7203,.T.);
#5456=ORIENTED_EDGE('',*,*,#7204,.T.);
#5457=ORIENTED_EDGE('',*,*,#7205,.T.);
#5458=ORIENTED_EDGE('',*,*,#7181,.F.);
#5459=ORIENTED_EDGE('',*,*,#7201,.F.);
#5460=ORIENTED_EDGE('',*,*,#7182,.T.);
#5461=ORIENTED_EDGE('',*,*,#7205,.F.);
#5462=ORIENTED_EDGE('',*,*,#7206,.F.);
#5463=ORIENTED_EDGE('',*,*,#7207,.F.);
#5464=ORIENTED_EDGE('',*,*,#7047,.F.);
#5465=ORIENTED_EDGE('',*,*,#7208,.T.);
#5466=ORIENTED_EDGE('',*,*,#7206,.T.);
#5467=ORIENTED_EDGE('',*,*,#7209,.F.);
#5468=ORIENTED_EDGE('',*,*,#7210,.F.);
#5469=ORIENTED_EDGE('',*,*,#7195,.F.);
#5470=ORIENTED_EDGE('',*,*,#7211,.F.);
#5471=ORIENTED_EDGE('',*,*,#7208,.F.);
#5472=ORIENTED_EDGE('',*,*,#7212,.F.);
#5473=ORIENTED_EDGE('',*,*,#7200,.T.);
#5474=ORIENTED_EDGE('',*,*,#7213,.F.);
#5475=ORIENTED_EDGE('',*,*,#7214,.F.);
#5476=ORIENTED_EDGE('',*,*,#7215,.T.);
#5477=ORIENTED_EDGE('',*,*,#7214,.T.);
#5478=ORIENTED_EDGE('',*,*,#7216,.F.);
#5479=ORIENTED_EDGE('',*,*,#7213,.T.);
#5480=ORIENTED_EDGE('',*,*,#7199,.T.);
#5481=ORIENTED_EDGE('',*,*,#7196,.F.);
#5482=ORIENTED_EDGE('',*,*,#7210,.T.);
#5483=ORIENTED_EDGE('',*,*,#7217,.T.);
#5484=ORIENTED_EDGE('',*,*,#7209,.T.);
#5485=ORIENTED_EDGE('',*,*,#7204,.F.);
#5486=ORIENTED_EDGE('',*,*,#7216,.T.);
#5487=ORIENTED_EDGE('',*,*,#7217,.F.);
#5488=ORIENTED_EDGE('',*,*,#7180,.F.);
#5489=ORIENTED_EDGE('',*,*,#7202,.T.);
#5490=ORIENTED_EDGE('',*,*,#7025,.F.);
#5491=ORIENTED_EDGE('',*,*,#7218,.F.);
#5492=ORIENTED_EDGE('',*,*,#7215,.F.);
#5493=ORIENTED_EDGE('',*,*,#7203,.F.);
#5494=ORIENTED_EDGE('',*,*,#7052,.F.);
#5495=ORIENTED_EDGE('',*,*,#7194,.F.);
#5496=ORIENTED_EDGE('',*,*,#7048,.T.);
#5497=ORIENTED_EDGE('',*,*,#7207,.T.);
#5498=ORIENTED_EDGE('',*,*,#7211,.T.);
#5499=ORIENTED_EDGE('',*,*,#7029,.F.);
#5500=ORIENTED_EDGE('',*,*,#7198,.T.);
#5501=ORIENTED_EDGE('',*,*,#7212,.T.);
#5502=ORIENTED_EDGE('',*,*,#7218,.T.);
#5503=ORIENTED_EDGE('',*,*,#7219,.F.);
#5504=ORIENTED_EDGE('',*,*,#7068,.T.);
#5505=ORIENTED_EDGE('',*,*,#7220,.T.);
#5506=ORIENTED_EDGE('',*,*,#5836,.T.);
#5507=ORIENTED_EDGE('',*,*,#7220,.F.);
#5508=ORIENTED_EDGE('',*,*,#7221,.T.);
#5509=ORIENTED_EDGE('',*,*,#7177,.T.);
#5510=ORIENTED_EDGE('',*,*,#7083,.T.);
#5511=ORIENTED_EDGE('',*,*,#7046,.T.);
#5512=ORIENTED_EDGE('',*,*,#7221,.F.);
#5513=ORIENTED_EDGE('',*,*,#7067,.T.);
#5514=ORIENTED_EDGE('',*,*,#6683,.T.);
#5515=ORIENTED_EDGE('',*,*,#6872,.T.);
#5516=ORIENTED_EDGE('',*,*,#7061,.T.);
#5517=ORIENTED_EDGE('',*,*,#7222,.F.);
#5518=ORIENTED_EDGE('',*,*,#7175,.T.);
#5519=ORIENTED_EDGE('',*,*,#7223,.T.);
#5520=ORIENTED_EDGE('',*,*,#6879,.F.);
#5521=ORIENTED_EDGE('',*,*,#7223,.F.);
#5522=ORIENTED_EDGE('',*,*,#7042,.T.);
#5523=ORIENTED_EDGE('',*,*,#7081,.T.);
#5524=ORIENTED_EDGE('',*,*,#7056,.T.);
#5525=ORIENTED_EDGE('',*,*,#7059,.T.);
#5526=ORIENTED_EDGE('',*,*,#7078,.T.);
#5527=ORIENTED_EDGE('',*,*,#7064,.T.);
#5528=ORIENTED_EDGE('',*,*,#7224,.F.);
#5529=ORIENTED_EDGE('',*,*,#7225,.T.);
#5530=ORIENTED_EDGE('',*,*,#7020,.T.);
#5531=ORIENTED_EDGE('',*,*,#7226,.T.);
#5532=ORIENTED_EDGE('',*,*,#7073,.T.);
#5533=ORIENTED_EDGE('',*,*,#7226,.F.);
#5534=ORIENTED_EDGE('',*,*,#7019,.T.);
#5535=ORIENTED_EDGE('',*,*,#7227,.T.);
#5536=ORIENTED_EDGE('',*,*,#5845,.T.);
#5537=ORIENTED_EDGE('',*,*,#7225,.F.);
#5538=ORIENTED_EDGE('',*,*,#6684,.T.);
#5539=ORIENTED_EDGE('',*,*,#7228,.T.);
#5540=ORIENTED_EDGE('',*,*,#7021,.T.);
#5541=ORIENTED_EDGE('',*,*,#7227,.F.);
#5542=ORIENTED_EDGE('',*,*,#7018,.T.);
#5543=ORIENTED_EDGE('',*,*,#7229,.T.);
#5544=ORIENTED_EDGE('',*,*,#6881,.T.);
#5545=ORIENTED_EDGE('',*,*,#7228,.F.);
#5546=ORIENTED_EDGE('',*,*,#7222,.T.);
#5547=ORIENTED_EDGE('',*,*,#7230,.T.);
#5548=ORIENTED_EDGE('',*,*,#7022,.T.);
#5549=ORIENTED_EDGE('',*,*,#7229,.F.);
#5550=ORIENTED_EDGE('',*,*,#7017,.T.);
#5551=ORIENTED_EDGE('',*,*,#7231,.T.);
#5552=ORIENTED_EDGE('',*,*,#7063,.T.);
#5553=ORIENTED_EDGE('',*,*,#7230,.F.);
#5554=ORIENTED_EDGE('',*,*,#7060,.T.);
#5555=ORIENTED_EDGE('',*,*,#7232,.T.);
#5556=ORIENTED_EDGE('',*,*,#7023,.T.);
#5557=ORIENTED_EDGE('',*,*,#7231,.F.);
#5558=ORIENTED_EDGE('',*,*,#7024,.T.);
#5559=ORIENTED_EDGE('',*,*,#7232,.F.);
#5560=ORIENTED_EDGE('',*,*,#7224,.T.);
#5561=ORIENTED_EDGE('',*,*,#7062,.F.);
#5562=ORIENTED_EDGE('',*,*,#6035,.T.);
#5563=ORIENTED_EDGE('',*,*,#7233,.T.);
#5564=ORIENTED_EDGE('',*,*,#5847,.F.);
#5565=ORIENTED_EDGE('',*,*,#6880,.T.);
#5566=ORIENTED_EDGE('',*,*,#7069,.F.);
#5567=ORIENTED_EDGE('',*,*,#7219,.T.);
#5568=ORIENTED_EDGE('',*,*,#5835,.F.);
#5569=ORIENTED_EDGE('',*,*,#7234,.F.);
#5570=ORIENTED_EDGE('',*,*,#6037,.T.);
#5571=ORIENTED_EDGE('',*,*,#5832,.F.);
#5572=ORIENTED_EDGE('',*,*,#6042,.F.);
#5573=ORIENTED_EDGE('',*,*,#6040,.T.);
#5574=ORIENTED_EDGE('',*,*,#7235,.T.);
#5575=ORIENTED_EDGE('',*,*,#5850,.F.);
#5576=ORIENTED_EDGE('',*,*,#7236,.F.);
#5577=ORIENTED_EDGE('',*,*,#6032,.T.);
#5578=ORIENTED_EDGE('',*,*,#6043,.T.);
#5579=ORIENTED_EDGE('',*,*,#5849,.F.);
#5580=ORIENTED_EDGE('',*,*,#7237,.F.);
#5581=ORIENTED_EDGE('',*,*,#6033,.T.);
#5582=ORIENTED_EDGE('',*,*,#7236,.T.);
#5583=ORIENTED_EDGE('',*,*,#5848,.F.);
#5584=ORIENTED_EDGE('',*,*,#7233,.F.);
#5585=ORIENTED_EDGE('',*,*,#6034,.T.);
#5586=ORIENTED_EDGE('',*,*,#7237,.T.);
#5587=ORIENTED_EDGE('',*,*,#5834,.F.);
#5588=ORIENTED_EDGE('',*,*,#7238,.F.);
#5589=ORIENTED_EDGE('',*,*,#6038,.T.);
#5590=ORIENTED_EDGE('',*,*,#7234,.T.);
#5591=ORIENTED_EDGE('',*,*,#5833,.F.);
#5592=ORIENTED_EDGE('',*,*,#7235,.F.);
#5593=ORIENTED_EDGE('',*,*,#6039,.T.);
#5594=ORIENTED_EDGE('',*,*,#7238,.T.);
#5595=EDGE_CURVE('',#7239,#7240,#8207,.F.);
#5596=EDGE_CURVE('',#7241,#7239,#627,.T.);
#5597=EDGE_CURVE('',#7242,#7241,#8208,.T.);
#5598=EDGE_CURVE('',#7240,#7242,#628,.F.);
#5599=EDGE_CURVE('',#7243,#7244,#8209,.F.);
#5600=EDGE_CURVE('',#7245,#7243,#629,.F.);
#5601=EDGE_CURVE('',#7245,#7246,#8210,.T.);
#5602=EDGE_CURVE('',#7244,#7246,#630,.T.);
#5603=EDGE_CURVE('',#7247,#7248,#631,.T.);
#5604=EDGE_CURVE('',#7247,#7249,#8211,.T.);
#5605=EDGE_CURVE('',#7250,#7249,#632,.F.);
#5606=EDGE_CURVE('',#7248,#7250,#8212,.T.);
#5607=EDGE_CURVE('',#7251,#7252,#367,.T.);
#5608=EDGE_CURVE('',#7252,#7253,#633,.T.);
#5609=EDGE_CURVE('',#7253,#7254,#634,.T.);
#5610=EDGE_CURVE('',#7254,#7255,#635,.T.);
#5611=EDGE_CURVE('',#7255,#7256,#202,.T.);
#5612=EDGE_CURVE('',#7251,#7256,#636,.T.);
#5613=EDGE_CURVE('',#7257,#7258,#203,.T.);
#5614=EDGE_CURVE('',#7258,#7251,#204,.T.);
#5615=EDGE_CURVE('',#7256,#7259,#205,.T.);
#5616=EDGE_CURVE('',#7259,#7260,#206,.T.);
#5617=EDGE_CURVE('',#7257,#7260,#637,.T.);
#5618=EDGE_CURVE('',#7261,#7262,#207,.T.);
#5619=EDGE_CURVE('',#7262,#7257,#638,.T.);
#5620=EDGE_CURVE('',#7260,#7263,#639,.T.);
#5621=EDGE_CURVE('',#7263,#7264,#208,.T.);
#5622=EDGE_CURVE('',#7261,#7264,#640,.T.);
#5623=EDGE_CURVE('',#7265,#7266,#641,.T.);
#5624=EDGE_CURVE('',#7265,#7261,#209,.T.);
#5625=EDGE_CURVE('',#7264,#7266,#210,.T.);
#5626=EDGE_CURVE('',#7267,#7268,#642,.T.);
#5627=EDGE_CURVE('',#7268,#7265,#8213,.T.);
#5628=EDGE_CURVE('',#7266,#7269,#8214,.T.);
#5629=EDGE_CURVE('',#7269,#7270,#643,.T.);
#5630=EDGE_CURVE('',#7270,#7271,#8215,.T.);
#5631=EDGE_CURVE('',#7271,#7272,#644,.T.);
#5632=EDGE_CURVE('',#7272,#7273,#645,.F.);
#5633=EDGE_CURVE('',#7273,#7274,#8216,.F.);
#5634=EDGE_CURVE('',#7274,#7275,#646,.F.);
#5635=EDGE_CURVE('',#7275,#7276,#647,.F.);
#5636=EDGE_CURVE('',#7276,#7267,#8217,.T.);
#5637=EDGE_CURVE('',#7277,#7278,#648,.T.);
#5638=EDGE_CURVE('',#7278,#7279,#649,.T.);
#5639=EDGE_CURVE('',#7279,#7280,#8218,.F.);
#5640=EDGE_CURVE('',#7280,#7281,#650,.T.);
#5641=EDGE_CURVE('',#7281,#7282,#8219,.F.);
#5642=EDGE_CURVE('',#7282,#7283,#651,.F.);
#5643=EDGE_CURVE('',#7283,#7284,#652,.F.);
#5644=EDGE_CURVE('',#7284,#7285,#653,.T.);
#5645=EDGE_CURVE('',#7285,#7286,#368,.T.);
#5646=EDGE_CURVE('',#7286,#7277,#654,.T.);
#5647=EDGE_CURVE('',#7287,#7288,#8220,.F.);
#5648=EDGE_CURVE('',#7288,#7289,#655,.F.);
#5649=EDGE_CURVE('',#7290,#7289,#656,.T.);
#5650=EDGE_CURVE('',#7290,#7291,#657,.T.);
#5651=EDGE_CURVE('',#7291,#7292,#369,.T.);
#5652=EDGE_CURVE('',#7292,#7293,#658,.F.);
#5653=EDGE_CURVE('',#7293,#7294,#659,.F.);
#5654=EDGE_CURVE('',#7294,#7295,#660,.F.);
#5655=EDGE_CURVE('',#7295,#7296,#8221,.F.);
#5656=EDGE_CURVE('',#7296,#7287,#661,.F.);
#5657=EDGE_CURVE('',#7297,#7298,#662,.T.);
#5658=EDGE_CURVE('',#7297,#7299,#663,.F.);
#5659=EDGE_CURVE('',#7299,#7300,#664,.T.);
#5660=EDGE_CURVE('',#7300,#7298,#665,.T.);
#5661=EDGE_CURVE('',#7301,#7302,#666,.T.);
#5662=EDGE_CURVE('',#7301,#7297,#8222,.T.);
#5663=EDGE_CURVE('',#7298,#7302,#8223,.T.);
#5664=EDGE_CURVE('',#7303,#7304,#667,.T.);
#5665=EDGE_CURVE('',#7303,#7301,#668,.F.);
#5666=EDGE_CURVE('',#7302,#7304,#669,.T.);
#5667=EDGE_CURVE('',#7253,#7303,#8224,.T.);
#5668=EDGE_CURVE('',#7304,#7254,#8225,.T.);
#5669=EDGE_CURVE('',#7249,#7305,#670,.T.);
#5670=EDGE_CURVE('',#7305,#7306,#671,.F.);
#5671=EDGE_CURVE('',#7306,#7250,#672,.T.);
#5672=EDGE_CURVE('',#7248,#7307,#673,.T.);
#5673=EDGE_CURVE('',#7307,#7308,#674,.F.);
#5674=EDGE_CURVE('',#7308,#7247,#675,.T.);
#5675=EDGE_CURVE('',#7309,#7310,#676,.F.);
#5676=EDGE_CURVE('',#7310,#7311,#211,.T.);
#5677=EDGE_CURVE('',#7311,#7312,#677,.T.);
#5678=EDGE_CURVE('',#7312,#7313,#678,.F.);
#5679=EDGE_CURVE('',#7313,#7309,#679,.T.);
#5680=EDGE_CURVE('',#7314,#7315,#212,.T.);
#5681=EDGE_CURVE('',#7315,#7309,#213,.T.);
#5682=EDGE_CURVE('',#7313,#7314,#8226,.F.);
#5683=EDGE_CURVE('',#7316,#7317,#680,.T.);
#5684=EDGE_CURVE('',#7317,#7318,#214,.T.);
#5685=EDGE_CURVE('',#7318,#7319,#681,.F.);
#5686=EDGE_CURVE('',#7320,#7319,#682,.T.);
#5687=EDGE_CURVE('',#7320,#7316,#683,.F.);
#5688=EDGE_CURVE('',#7319,#7321,#215,.T.);
#5689=EDGE_CURVE('',#7321,#7322,#216,.T.);
#5690=EDGE_CURVE('',#7322,#7320,#8227,.F.);
#5691=EDGE_CURVE('',#7283,#7323,#370,.T.);
#5692=EDGE_CURVE('',#7323,#7317,#217,.T.);
#5693=EDGE_CURVE('',#7316,#7284,#8228,.F.);
#5694=EDGE_CURVE('',#7311,#7324,#218,.T.);
#5695=EDGE_CURVE('',#7324,#7294,#219,.T.);
#5696=EDGE_CURVE('',#7293,#7312,#8229,.F.);
#5697=EDGE_CURVE('',#7272,#7305,#371,.T.);
#5698=EDGE_CURVE('',#7273,#7249,#8230,.T.);
#5699=EDGE_CURVE('',#7274,#7247,#8231,.T.);
#5700=EDGE_CURVE('',#7308,#7275,#372,.T.);
#5701=EDGE_CURVE('',#7277,#7307,#8232,.T.);
#5702=EDGE_CURVE('',#7308,#7286,#8233,.T.);
#5703=EDGE_CURVE('',#7275,#7285,#8234,.T.);
#5704=EDGE_CURVE('',#7276,#7284,#8235,.T.);
#5705=EDGE_CURVE('',#7267,#7316,#8236,.T.);
#5706=EDGE_CURVE('',#7268,#7320,#8237,.T.);
#5707=EDGE_CURVE('',#7265,#7322,#8238,.T.);
#5708=EDGE_CURVE('',#7261,#7321,#220,.T.);
#5709=EDGE_CURVE('',#7262,#7319,#221,.T.);
#5710=EDGE_CURVE('',#7257,#7318,#222,.F.);
#5711=EDGE_CURVE('',#7258,#7317,#223,.F.);
#5712=EDGE_CURVE('',#7251,#7323,#224,.F.);
#5713=EDGE_CURVE('',#7252,#7283,#8239,.T.);
#5714=EDGE_CURVE('',#7253,#7282,#8240,.T.);
#5715=EDGE_CURVE('',#7303,#7281,#8241,.T.);
#5716=EDGE_CURVE('',#7301,#7280,#8242,.T.);
#5717=EDGE_CURVE('',#7297,#7279,#8243,.T.);
#5718=EDGE_CURVE('',#7299,#7278,#373,.T.);
#5719=EDGE_CURVE('',#7306,#7290,#8244,.T.);
#5720=EDGE_CURVE('',#7291,#7305,#8245,.T.);
#5721=EDGE_CURVE('',#7292,#7272,#8246,.T.);
#5722=EDGE_CURVE('',#7293,#7271,#8247,.T.);
#5723=EDGE_CURVE('',#7312,#7270,#8248,.T.);
#5724=EDGE_CURVE('',#7313,#7269,#8249,.T.);
#5725=EDGE_CURVE('',#7314,#7266,#8250,.T.);
#5726=EDGE_CURVE('',#7315,#7264,#225,.T.);
#5727=EDGE_CURVE('',#7309,#7263,#226,.T.);
#5728=EDGE_CURVE('',#7310,#7260,#227,.F.);
#5729=EDGE_CURVE('',#7311,#7259,#228,.F.);
#5730=EDGE_CURVE('',#7324,#7256,#229,.F.);
#5731=EDGE_CURVE('',#7294,#7255,#230,.T.);
#5732=EDGE_CURVE('',#7295,#7254,#8251,.T.);
#5733=EDGE_CURVE('',#7296,#7304,#8252,.T.);
#5734=EDGE_CURVE('',#7287,#7302,#8253,.T.);
#5735=EDGE_CURVE('',#7288,#7298,#8254,.T.);
#5736=EDGE_CURVE('',#7289,#7300,#374,.T.);
#5737=EDGE_CURVE('',#7325,#7326,#684,.T.);
#5738=EDGE_CURVE('',#7326,#7327,#8255,.F.);
#5739=EDGE_CURVE('',#7327,#7328,#685,.T.);
#5740=EDGE_CURVE('',#7328,#7329,#8256,.F.);
#5741=EDGE_CURVE('',#7329,#7330,#686,.F.);
#5742=EDGE_CURVE('',#7330,#7331,#8257,.F.);
#5743=EDGE_CURVE('',#7331,#7332,#687,.F.);
#5744=EDGE_CURVE('',#7332,#7325,#8258,.F.);
#5745=EDGE_CURVE('',#7333,#7334,#8259,.F.);
#5746=EDGE_CURVE('',#7335,#7333,#688,.T.);
#5747=EDGE_CURVE('',#7336,#7335,#689,.T.);
#5748=EDGE_CURVE('',#7337,#7336,#690,.T.);
#5749=EDGE_CURVE('',#7337,#7334,#691,.T.);
#5750=EDGE_CURVE('',#7338,#7339,#692,.T.);
#5751=EDGE_CURVE('',#7339,#7340,#8260,.T.);
#5752=EDGE_CURVE('',#7340,#7341,#693,.T.);
#5753=EDGE_CURVE('',#7341,#7342,#8261,.T.);
#5754=EDGE_CURVE('',#7342,#7343,#694,.T.);
#5755=EDGE_CURVE('',#7343,#7344,#8262,.T.);
#5756=EDGE_CURVE('',#7344,#7345,#695,.T.);
#5757=EDGE_CURVE('',#7345,#7346,#8263,.T.);
#5758=EDGE_CURVE('',#7346,#7347,#696,.F.);
#5759=EDGE_CURVE('',#7347,#7338,#8264,.T.);
#5760=EDGE_CURVE('',#7348,#7349,#697,.T.);
#5761=EDGE_CURVE('',#7348,#7350,#698,.T.);
#5762=EDGE_CURVE('',#7350,#7351,#699,.F.);
#5763=EDGE_CURVE('',#7351,#7352,#8265,.F.);
#5764=EDGE_CURVE('',#7352,#7353,#700,.F.);
#5765=EDGE_CURVE('',#7353,#7354,#701,.T.);
#5766=EDGE_CURVE('',#7349,#7354,#702,.T.);
#5767=EDGE_CURVE('',#7355,#7356,#8266,.F.);
#5768=EDGE_CURVE('',#7355,#7357,#703,.T.);
#5769=EDGE_CURVE('',#7358,#7357,#704,.T.);
#5770=EDGE_CURVE('',#7359,#7358,#705,.T.);
#5771=EDGE_CURVE('',#7359,#7356,#706,.T.);
#5772=EDGE_CURVE('',#7360,#7361,#8267,.T.);
#5773=EDGE_CURVE('',#7360,#7362,#707,.T.);
#5774=EDGE_CURVE('',#7362,#7363,#708,.T.);
#5775=EDGE_CURVE('',#7361,#7363,#709,.T.);
#5776=EDGE_CURVE('',#7364,#7365,#710,.T.);
#5777=EDGE_CURVE('',#7365,#7244,#711,.T.);
#5778=EDGE_CURVE('',#7246,#7366,#712,.F.);
#5779=EDGE_CURVE('',#7366,#7367,#713,.F.);
#5780=EDGE_CURVE('',#7367,#7368,#714,.T.);
#5781=EDGE_CURVE('',#7369,#7368,#715,.T.);
#5782=EDGE_CURVE('',#7369,#7370,#716,.F.);
#5783=EDGE_CURVE('',#7370,#7371,#717,.T.);
#5784=EDGE_CURVE('',#7371,#7364,#718,.T.);
#5785=EDGE_CURVE('',#7372,#7373,#719,.T.);
#5786=EDGE_CURVE('',#7373,#7240,#720,.T.);
#5787=EDGE_CURVE('',#7242,#7374,#721,.F.);
#5788=EDGE_CURVE('',#7375,#7374,#722,.T.);
#5789=EDGE_CURVE('',#7375,#7376,#723,.T.);
#5790=EDGE_CURVE('',#7376,#7377,#724,.T.);
#5791=EDGE_CURVE('',#7377,#7378,#725,.F.);
#5792=EDGE_CURVE('',#7378,#7379,#726,.F.);
#5793=EDGE_CURVE('',#7379,#7372,#727,.T.);
#5794=EDGE_CURVE('',#7380,#7381,#728,.T.);
#5795=EDGE_CURVE('',#7380,#7382,#8268,.T.);
#5796=EDGE_CURVE('',#7383,#7382,#729,.F.);
#5797=EDGE_CURVE('',#7383,#7381,#8269,.F.);
#5798=EDGE_CURVE('',#7384,#7385,#730,.F.);
#5799=EDGE_CURVE('',#7384,#7386,#8270,.T.);
#5800=EDGE_CURVE('',#7387,#7386,#731,.T.);
#5801=EDGE_CURVE('',#7387,#7385,#8271,.T.);
#5802=EDGE_CURVE('',#7386,#7245,#732,.T.);
#5803=EDGE_CURVE('',#7243,#7388,#733,.T.);
#5804=EDGE_CURVE('',#7388,#7389,#8272,.T.);
#5805=EDGE_CURVE('',#7389,#7390,#734,.T.);
#5806=EDGE_CURVE('',#7390,#7391,#8273,.T.);
#5807=EDGE_CURVE('',#7391,#7392,#735,.T.);
#5808=EDGE_CURVE('',#7393,#7392,#736,.F.);
#5809=EDGE_CURVE('',#7394,#7393,#737,.T.);
#5810=EDGE_CURVE('',#7395,#7394,#738,.T.);
#5811=EDGE_CURVE('',#7396,#7395,#739,.T.);
#5812=EDGE_CURVE('',#7397,#7396,#375,.T.);
#5813=EDGE_CURVE('',#7398,#7397,#740,.F.);
#5814=EDGE_CURVE('',#7399,#7398,#376,.T.);
#5815=EDGE_CURVE('',#7400,#7399,#741,.F.);
#5816=EDGE_CURVE('',#7401,#7400,#742,.T.);
#5817=EDGE_CURVE('',#7402,#7401,#743,.T.);
#5818=EDGE_CURVE('',#7403,#7402,#744,.F.);
#5819=EDGE_CURVE('',#7403,#7404,#745,.T.);
#5820=EDGE_CURVE('',#7404,#7405,#8274,.T.);
#5821=EDGE_CURVE('',#7405,#7406,#746,.T.);
#5822=EDGE_CURVE('',#7406,#7407,#8275,.T.);
#5823=EDGE_CURVE('',#7407,#7408,#747,.T.);
#5824=EDGE_CURVE('',#7408,#7409,#748,.F.);
#5825=EDGE_CURVE('',#7409,#7380,#749,.T.);
#5826=EDGE_CURVE('',#7381,#7410,#750,.F.);
#5827=EDGE_CURVE('',#7410,#7411,#377,.T.);
#5828=EDGE_CURVE('',#7411,#7412,#751,.F.);
#5829=EDGE_CURVE('',#7412,#7413,#378,.T.);
#5830=EDGE_CURVE('',#7413,#7387,#752,.T.);
#5831=EDGE_CURVE('',#7239,#7414,#753,.T.);
#5832=EDGE_CURVE('',#7414,#7415,#8276,.T.);
#5833=EDGE_CURVE('',#7415,#7416,#754,.T.);
#5834=EDGE_CURVE('',#7416,#7417,#8277,.T.);
#5835=EDGE_CURVE('',#7417,#7418,#755,.T.);
#5836=EDGE_CURVE('',#7419,#7418,#756,.T.);
#5837=EDGE_CURVE('',#7420,#7419,#757,.T.);
#5838=EDGE_CURVE('',#7421,#7420,#758,.F.);
#5839=EDGE_CURVE('',#7422,#7421,#759,.F.);
#5840=EDGE_CURVE('',#7423,#7422,#379,.T.);
#5841=EDGE_CURVE('',#7424,#7423,#760,.F.);
#5842=EDGE_CURVE('',#7425,#7424,#380,.T.);
#5843=EDGE_CURVE('',#7426,#7425,#761,.T.);
#5844=EDGE_CURVE('',#7427,#7426,#762,.F.);
#5845=EDGE_CURVE('',#7428,#7427,#763,.T.);
#5846=EDGE_CURVE('',#7429,#7428,#764,.T.);
#5847=EDGE_CURVE('',#7429,#7430,#765,.T.);
#5848=EDGE_CURVE('',#7430,#7431,#8278,.T.);
#5849=EDGE_CURVE('',#7431,#7432,#766,.T.);
#5850=EDGE_CURVE('',#7432,#7433,#8279,.T.);
#5851=EDGE_CURVE('',#7433,#7434,#767,.T.);
#5852=EDGE_CURVE('',#7434,#7435,#768,.T.);
#5853=EDGE_CURVE('',#7435,#7384,#769,.T.);
#5854=EDGE_CURVE('',#7385,#7436,#770,.T.);
#5855=EDGE_CURVE('',#7436,#7437,#381,.T.);
#5856=EDGE_CURVE('',#7437,#7438,#771,.F.);
#5857=EDGE_CURVE('',#7438,#7439,#382,.T.);
#5858=EDGE_CURVE('',#7439,#7383,#772,.F.);
#5859=EDGE_CURVE('',#7382,#7241,#773,.T.);
#5860=EDGE_CURVE('',#7367,#7376,#8280,.F.);
#5861=EDGE_CURVE('',#7375,#7440,#774,.T.);
#5862=EDGE_CURVE('',#7440,#7441,#775,.T.);
#5863=EDGE_CURVE('',#7441,#7442,#776,.T.);
#5864=EDGE_CURVE('',#7442,#7368,#777,.T.);
#5865=EDGE_CURVE('',#7354,#7369,#8281,.T.);
#5866=EDGE_CURVE('',#7363,#7442,#778,.T.);
#5867=EDGE_CURVE('',#7349,#7362,#779,.T.);
#5868=EDGE_CURVE('',#7374,#7348,#8282,.T.);
#5869=EDGE_CURVE('',#7440,#7360,#780,.T.);
#5870=EDGE_CURVE('',#7436,#7443,#8283,.T.);
#5871=EDGE_CURVE('',#7444,#7443,#383,.T.);
#5872=EDGE_CURVE('',#7437,#7444,#8284,.T.);
#5873=EDGE_CURVE('',#7385,#7445,#8285,.T.);
#5874=EDGE_CURVE('',#7443,#7445,#781,.F.);
#5875=EDGE_CURVE('',#7387,#7446,#8286,.T.);
#5876=EDGE_CURVE('',#7445,#7446,#8287,.F.);
#5877=EDGE_CURVE('',#7447,#7413,#8288,.T.);
#5878=EDGE_CURVE('',#7446,#7447,#782,.F.);
#5879=EDGE_CURVE('',#7448,#7412,#8289,.T.);
#5880=EDGE_CURVE('',#7447,#7448,#384,.T.);
#5881=EDGE_CURVE('',#7449,#7450,#231,.T.);
#5882=EDGE_CURVE('',#7451,#7449,#232,.T.);
#5883=EDGE_CURVE('',#7450,#7451,#233,.F.);
#5884=EDGE_CURVE('',#7451,#7452,#783,.T.);
#5885=EDGE_CURVE('',#7452,#7453,#784,.F.);
#5886=EDGE_CURVE('',#7454,#7453,#785,.T.);
#5887=EDGE_CURVE('',#7454,#7455,#786,.T.);
#5888=EDGE_CURVE('',#7455,#7451,#234,.T.);
#5889=EDGE_CURVE('',#7453,#7456,#8290,.F.);
#5890=EDGE_CURVE('',#7457,#7456,#787,.T.);
#5891=EDGE_CURVE('',#7457,#7454,#8291,.T.);
#5892=EDGE_CURVE('',#7340,#7458,#8292,.T.);
#5893=EDGE_CURVE('',#7456,#7458,#788,.F.);
#5894=EDGE_CURVE('',#7341,#7456,#8293,.T.);
#5895=EDGE_CURVE('',#7339,#7459,#8294,.T.);
#5896=EDGE_CURVE('',#7458,#7459,#8295,.F.);
#5897=EDGE_CURVE('',#7460,#7338,#8296,.T.);
#5898=EDGE_CURVE('',#7459,#7460,#789,.F.);
#5899=EDGE_CURVE('',#7461,#7347,#8297,.T.);
#5900=EDGE_CURVE('',#7460,#7461,#8298,.F.);
#5901=EDGE_CURVE('',#7462,#7461,#790,.T.);
#5902=EDGE_CURVE('',#7461,#7463,#791,.T.);
#5903=EDGE_CURVE('',#7463,#7464,#792,.F.);
#5904=EDGE_CURVE('',#7464,#7462,#793,.F.);
#5905=EDGE_CURVE('',#7463,#7346,#8299,.T.);
#5906=EDGE_CURVE('',#7465,#7345,#8300,.T.);
#5907=EDGE_CURVE('',#7463,#7465,#8301,.F.);
#5908=EDGE_CURVE('',#7460,#7466,#794,.F.);
#5909=EDGE_CURVE('',#7466,#7462,#8302,.T.);
#5910=EDGE_CURVE('',#7467,#7466,#8303,.T.);
#5911=EDGE_CURVE('',#7467,#7462,#8304,.F.);
#5912=EDGE_CURVE('',#7447,#7467,#795,.F.);
#5913=EDGE_CURVE('',#7466,#7448,#796,.T.);
#5914=EDGE_CURVE('',#7468,#7411,#8305,.T.);
#5915=EDGE_CURVE('',#7448,#7468,#797,.T.);
#5916=EDGE_CURVE('',#7469,#7410,#8306,.T.);
#5917=EDGE_CURVE('',#7468,#7469,#385,.T.);
#5918=EDGE_CURVE('',#7470,#7381,#8307,.T.);
#5919=EDGE_CURVE('',#7469,#7470,#798,.T.);
#5920=EDGE_CURVE('',#7471,#7383,#8308,.T.);
#5921=EDGE_CURVE('',#7470,#7471,#8309,.T.);
#5922=EDGE_CURVE('',#7439,#7472,#8310,.T.);
#5923=EDGE_CURVE('',#7471,#7472,#799,.T.);
#5924=EDGE_CURVE('',#7438,#7473,#8311,.T.);
#5925=EDGE_CURVE('',#7472,#7473,#386,.T.);
#5926=EDGE_CURVE('',#7473,#7444,#800,.T.);
#5927=EDGE_CURVE('',#7444,#7474,#801,.T.);
#5928=EDGE_CURVE('',#7475,#7443,#802,.F.);
#5929=EDGE_CURVE('',#7474,#7475,#8312,.T.);
#5930=EDGE_CURVE('',#7464,#7474,#8313,.T.);
#5931=EDGE_CURVE('',#7464,#7475,#8314,.F.);
#5932=EDGE_CURVE('',#7467,#7475,#803,.T.);
#5933=EDGE_CURVE('',#7474,#7465,#804,.T.);
#5934=EDGE_CURVE('',#7476,#7344,#8315,.T.);
#5935=EDGE_CURVE('',#7465,#7476,#805,.F.);
#5936=EDGE_CURVE('',#7343,#7452,#8316,.T.);
#5937=EDGE_CURVE('',#7476,#7452,#8317,.F.);
#5938=EDGE_CURVE('',#7342,#7453,#8318,.T.);
#5939=EDGE_CURVE('',#7458,#7477,#806,.F.);
#5940=EDGE_CURVE('',#7477,#7478,#235,.T.);
#5941=EDGE_CURVE('',#7478,#7457,#807,.T.);
#5942=EDGE_CURVE('',#7479,#7478,#236,.F.);
#5943=EDGE_CURVE('',#7480,#7477,#237,.F.);
#5944=EDGE_CURVE('',#7479,#7480,#238,.T.);
#5945=EDGE_CURVE('',#7481,#7477,#239,.T.);
#5946=EDGE_CURVE('',#7480,#7481,#240,.T.);
#5947=EDGE_CURVE('',#7481,#7459,#808,.T.);
#5948=EDGE_CURVE('',#7468,#7481,#809,.T.);
#5949=EDGE_CURVE('',#7479,#7469,#810,.F.);
#5950=EDGE_CURVE('',#7482,#7457,#8319,.T.);
#5951=EDGE_CURVE('',#7482,#7479,#811,.F.);
#5952=EDGE_CURVE('',#7483,#7454,#8320,.T.);
#5953=EDGE_CURVE('',#7483,#7482,#8321,.F.);
#5954=EDGE_CURVE('',#7484,#7455,#241,.T.);
#5955=EDGE_CURVE('',#7484,#7483,#812,.F.);
#5956=EDGE_CURVE('',#7450,#7484,#242,.T.);
#5957=EDGE_CURVE('',#7476,#7449,#813,.F.);
#5958=EDGE_CURVE('',#7449,#7473,#814,.T.);
#5959=EDGE_CURVE('',#7472,#7484,#815,.F.);
#5960=EDGE_CURVE('',#7409,#7353,#8322,.T.);
#5961=EDGE_CURVE('',#7380,#7352,#8323,.T.);
#5962=EDGE_CURVE('',#7382,#7351,#8324,.T.);
#5963=EDGE_CURVE('',#7350,#7241,#8325,.F.);
#5964=EDGE_CURVE('',#7485,#7360,#8326,.T.);
#5965=EDGE_CURVE('',#7486,#7485,#816,.T.);
#5966=EDGE_CURVE('',#7486,#7440,#817,.T.);
#5967=EDGE_CURVE('',#7442,#7487,#818,.T.);
#5968=EDGE_CURVE('',#7488,#7487,#819,.T.);
#5969=EDGE_CURVE('',#7488,#7489,#8327,.F.);
#5970=EDGE_CURVE('',#7363,#7489,#820,.T.);
#5971=EDGE_CURVE('',#7357,#7487,#821,.T.);
#5972=EDGE_CURVE('',#7441,#7490,#822,.T.);
#5973=EDGE_CURVE('',#7490,#7491,#823,.T.);
#5974=EDGE_CURVE('',#7358,#7491,#824,.T.);
#5975=EDGE_CURVE('',#7336,#7492,#825,.T.);
#5976=EDGE_CURVE('',#7492,#7490,#826,.T.);
#5977=EDGE_CURVE('',#7486,#7337,#827,.T.);
#5978=EDGE_CURVE('',#7492,#7493,#828,.T.);
#5979=EDGE_CURVE('',#7493,#7491,#829,.T.);
#5980=EDGE_CURVE('',#7493,#7494,#830,.T.);
#5981=EDGE_CURVE('',#7495,#7494,#831,.T.);
#5982=EDGE_CURVE('',#7496,#7495,#387,.T.);
#5983=EDGE_CURVE('',#7359,#7496,#832,.T.);
#5984=EDGE_CURVE('',#7335,#7497,#833,.T.);
#5985=EDGE_CURVE('',#7497,#7498,#388,.F.);
#5986=EDGE_CURVE('',#7498,#7494,#834,.T.);
#5987=EDGE_CURVE('',#7488,#7355,#835,.T.);
#5988=EDGE_CURVE('',#7485,#7334,#836,.T.);
#5989=EDGE_CURVE('',#7499,#7489,#837,.T.);
#5990=EDGE_CURVE('',#7500,#7499,#838,.F.);
#5991=EDGE_CURVE('',#7361,#7500,#839,.F.);
#5992=EDGE_CURVE('',#7356,#7501,#840,.F.);
#5993=EDGE_CURVE('',#7501,#7499,#8328,.T.);
#5994=EDGE_CURVE('',#7502,#7501,#8329,.T.);
#5995=EDGE_CURVE('',#7502,#7499,#8330,.T.);
#5996=EDGE_CURVE('',#7495,#7502,#841,.F.);
#5997=EDGE_CURVE('',#7501,#7496,#842,.T.);
#5998=EDGE_CURVE('',#7497,#7503,#843,.T.);
#5999=EDGE_CURVE('',#7503,#7504,#8331,.F.);
#6000=EDGE_CURVE('',#7504,#7498,#844,.F.);
#6001=EDGE_CURVE('',#7500,#7503,#8332,.F.);
#6002=EDGE_CURVE('',#7500,#7504,#8333,.F.);
#6003=EDGE_CURVE('',#7502,#7504,#845,.F.);
#6004=EDGE_CURVE('',#7503,#7333,#846,.T.);
#6005=EDGE_CURVE('',#7379,#7434,#8334,.F.);
#6006=EDGE_CURVE('',#7378,#7435,#8335,.T.);
#6007=EDGE_CURVE('',#7242,#7350,#8336,.T.);
#6008=EDGE_CURVE('',#7371,#7408,#8337,.F.);
#6009=EDGE_CURVE('',#7409,#7370,#8338,.T.);
#6010=EDGE_CURVE('',#7353,#7370,#8339,.T.);
#6011=EDGE_CURVE('',#7366,#7377,#8340,.T.);
#6012=EDGE_CURVE('',#7386,#7330,#8341,.T.);
#6013=EDGE_CURVE('',#7331,#7384,#8342,.T.);
#6014=EDGE_CURVE('',#7332,#7435,#8343,.T.);
#6015=EDGE_CURVE('',#7245,#7329,#8344,.T.);
#6016=EDGE_CURVE('',#7325,#7378,#8345,.T.);
#6017=EDGE_CURVE('',#7246,#7328,#8346,.T.);
#6018=EDGE_CURVE('',#7326,#7377,#8347,.T.);
#6019=EDGE_CURVE('',#7366,#7327,#8348,.T.);
#6020=EDGE_CURVE('',#7505,#7364,#847,.T.);
#6021=EDGE_CURVE('',#7506,#7505,#8349,.T.);
#6022=EDGE_CURVE('',#7507,#7506,#848,.T.);
#6023=EDGE_CURVE('',#7508,#7507,#8350,.T.);
#6024=EDGE_CURVE('',#7509,#7508,#849,.T.);
#6025=EDGE_CURVE('',#7509,#7510,#850,.T.);
#6026=EDGE_CURVE('',#7511,#7510,#851,.T.);
#6027=EDGE_CURVE('',#7512,#7511,#8351,.T.);
#6028=EDGE_CURVE('',#7513,#7512,#852,.T.);
#6029=EDGE_CURVE('',#7514,#7513,#8352,.T.);
#6030=EDGE_CURVE('',#7365,#7514,#853,.T.);
#6031=EDGE_CURVE('',#7515,#7372,#854,.T.);
#6032=EDGE_CURVE('',#7516,#7515,#8353,.T.);
#6033=EDGE_CURVE('',#7517,#7516,#855,.T.);
#6034=EDGE_CURVE('',#7518,#7517,#8354,.T.);
#6035=EDGE_CURVE('',#7519,#7518,#856,.T.);
#6036=EDGE_CURVE('',#7520,#7519,#857,.T.);
#6037=EDGE_CURVE('',#7521,#7520,#858,.T.);
#6038=EDGE_CURVE('',#7522,#7521,#8355,.T.);
#6039=EDGE_CURVE('',#7523,#7522,#859,.T.);
#6040=EDGE_CURVE('',#7524,#7523,#8356,.T.);
#6041=EDGE_CURVE('',#7373,#7524,#860,.T.);
#6042=EDGE_CURVE('',#7524,#7414,#861,.T.);
#6043=EDGE_CURVE('',#7515,#7433,#862,.T.);
#6044=EDGE_CURVE('',#7514,#7388,#863,.T.);
#6045=EDGE_CURVE('',#7505,#7407,#864,.T.);
#6046=EDGE_CURVE('',#7525,#7403,#8357,.T.);
#6047=EDGE_CURVE('',#7525,#7509,#865,.T.);
#6048=EDGE_CURVE('',#7508,#7404,#866,.T.);
#6049=EDGE_CURVE('',#7510,#7526,#867,.T.);
#6050=EDGE_CURVE('',#7392,#7526,#8358,.T.);
#6051=EDGE_CURVE('',#7511,#7391,#868,.T.);
#6052=EDGE_CURVE('',#7507,#7405,#869,.T.);
#6053=EDGE_CURVE('',#7512,#7390,#870,.T.);
#6054=EDGE_CURVE('',#7513,#7389,#871,.T.);
#6055=EDGE_CURVE('',#7506,#7406,#872,.T.);
#6056=EDGE_CURVE('',#7527,#7525,#873,.T.);
#6057=EDGE_CURVE('',#7402,#7527,#8359,.T.);
#6058=EDGE_CURVE('',#7528,#7529,#874,.T.);
#6059=EDGE_CURVE('',#7528,#7530,#875,.T.);
#6060=EDGE_CURVE('',#7531,#7530,#876,.T.);
#6061=EDGE_CURVE('',#7532,#7531,#8360,.T.);
#6062=EDGE_CURVE('',#7533,#7532,#877,.T.);
#6063=EDGE_CURVE('',#7534,#7533,#8361,.T.);
#6064=EDGE_CURVE('',#7535,#7534,#878,.T.);
#6065=EDGE_CURVE('',#7535,#7536,#879,.T.);
#6066=EDGE_CURVE('',#7537,#7536,#880,.T.);
#6067=EDGE_CURVE('',#7538,#7537,#8362,.T.);
#6068=EDGE_CURVE('',#7539,#7538,#881,.T.);
#6069=EDGE_CURVE('',#7529,#7539,#8363,.T.);
#6070=EDGE_CURVE('',#7540,#7541,#8364,.T.);
#6071=EDGE_CURVE('',#7540,#7528,#882,.T.);
#6072=EDGE_CURVE('',#7529,#7542,#883,.T.);
#6073=EDGE_CURVE('',#7541,#7542,#884,.T.);
#6074=EDGE_CURVE('',#7530,#7543,#885,.T.);
#6075=EDGE_CURVE('',#7544,#7543,#8365,.T.);
#6076=EDGE_CURVE('',#7545,#7544,#886,.T.);
#6077=EDGE_CURVE('',#7531,#7545,#887,.T.);
#6078=EDGE_CURVE('',#7546,#7547,#8366,.T.);
#6079=EDGE_CURVE('',#7546,#7535,#888,.T.);
#6080=EDGE_CURVE('',#7534,#7548,#889,.T.);
#6081=EDGE_CURVE('',#7547,#7548,#890,.T.);
#6082=EDGE_CURVE('',#7536,#7549,#891,.T.);
#6083=EDGE_CURVE('',#7550,#7549,#8367,.T.);
#6084=EDGE_CURVE('',#7551,#7550,#892,.T.);
#6085=EDGE_CURVE('',#7537,#7551,#893,.T.);
#6086=EDGE_CURVE('',#7542,#7552,#8368,.T.);
#6087=EDGE_CURVE('',#7539,#7552,#894,.T.);
#6088=EDGE_CURVE('',#7553,#7545,#8369,.T.);
#6089=EDGE_CURVE('',#7532,#7553,#895,.T.);
#6090=EDGE_CURVE('',#7554,#7553,#896,.T.);
#6091=EDGE_CURVE('',#7533,#7554,#897,.T.);
#6092=EDGE_CURVE('',#7548,#7554,#8370,.T.);
#6093=EDGE_CURVE('',#7555,#7551,#8371,.T.);
#6094=EDGE_CURVE('',#7538,#7555,#898,.T.);
#6095=EDGE_CURVE('',#7552,#7555,#899,.T.);
#6096=EDGE_CURVE('',#7556,#7550,#900,.T.);
#6097=EDGE_CURVE('',#7557,#7556,#901,.T.);
#6098=EDGE_CURVE('',#7558,#7557,#902,.F.);
#6099=EDGE_CURVE('',#7559,#7558,#903,.F.);
#6100=EDGE_CURVE('',#7560,#7559,#389,.T.);
#6101=EDGE_CURVE('',#7561,#7560,#904,.F.);
#6102=EDGE_CURVE('',#7562,#7561,#390,.T.);
#6103=EDGE_CURVE('',#7563,#7562,#905,.T.);
#6104=EDGE_CURVE('',#7564,#7563,#906,.F.);
#6105=EDGE_CURVE('',#7565,#7564,#907,.T.);
#6106=EDGE_CURVE('',#7547,#7565,#908,.T.);
#6107=EDGE_CURVE('',#7544,#7566,#909,.T.);
#6108=EDGE_CURVE('',#7566,#7567,#910,.T.);
#6109=EDGE_CURVE('',#7567,#7568,#911,.F.);
#6110=EDGE_CURVE('',#7568,#7569,#912,.T.);
#6111=EDGE_CURVE('',#7569,#7570,#391,.T.);
#6112=EDGE_CURVE('',#7570,#7571,#913,.F.);
#6113=EDGE_CURVE('',#7571,#7572,#392,.T.);
#6114=EDGE_CURVE('',#7572,#7573,#914,.F.);
#6115=EDGE_CURVE('',#7573,#7574,#915,.F.);
#6116=EDGE_CURVE('',#7574,#7575,#916,.T.);
#6117=EDGE_CURVE('',#7575,#7541,#917,.T.);
#6118=EDGE_CURVE('',#7576,#7546,#918,.F.);
#6119=EDGE_CURVE('',#7576,#7565,#8372,.T.);
#6120=EDGE_CURVE('',#7577,#7578,#919,.T.);
#6121=EDGE_CURVE('',#7578,#7579,#8373,.T.);
#6122=EDGE_CURVE('',#7579,#7580,#920,.F.);
#6123=EDGE_CURVE('',#7577,#7580,#8374,.T.);
#6124=EDGE_CURVE('',#7581,#7582,#393,.T.);
#6125=EDGE_CURVE('',#7581,#7583,#921,.T.);
#6126=EDGE_CURVE('',#7584,#7583,#243,.F.);
#6127=EDGE_CURVE('',#7585,#7584,#922,.T.);
#6128=EDGE_CURVE('',#7586,#7585,#923,.T.);
#6129=EDGE_CURVE('',#7582,#7586,#924,.T.);
#6130=EDGE_CURVE('',#7587,#7588,#244,.F.);
#6131=EDGE_CURVE('',#7587,#7589,#925,.T.);
#6132=EDGE_CURVE('',#7590,#7589,#245,.F.);
#6133=EDGE_CURVE('',#7583,#7590,#246,.F.);
#6134=EDGE_CURVE('',#7588,#7581,#247,.F.);
#6135=EDGE_CURVE('',#7591,#7592,#248,.F.);
#6136=EDGE_CURVE('',#7591,#7593,#926,.T.);
#6137=EDGE_CURVE('',#7594,#7593,#249,.F.);
#6138=EDGE_CURVE('',#7589,#7594,#927,.T.);
#6139=EDGE_CURVE('',#7592,#7587,#928,.T.);
#6140=EDGE_CURVE('',#7595,#7596,#929,.T.);
#6141=EDGE_CURVE('',#7593,#7596,#250,.T.);
#6142=EDGE_CURVE('',#7595,#7591,#251,.T.);
#6143=EDGE_CURVE('',#7597,#7598,#930,.T.);
#6144=EDGE_CURVE('',#7599,#7597,#8375,.T.);
#6145=EDGE_CURVE('',#7600,#7599,#931,.F.);
#6146=EDGE_CURVE('',#7601,#7600,#932,.F.);
#6147=EDGE_CURVE('',#7602,#7601,#8376,.F.);
#6148=EDGE_CURVE('',#7603,#7602,#933,.F.);
#6149=EDGE_CURVE('',#7604,#7603,#934,.T.);
#6150=EDGE_CURVE('',#7605,#7604,#8377,.T.);
#6151=EDGE_CURVE('',#7606,#7605,#935,.T.);
#6152=EDGE_CURVE('',#7596,#7606,#8378,.T.);
#6153=EDGE_CURVE('',#7598,#7595,#8379,.T.);
#6154=EDGE_CURVE('',#7607,#7608,#936,.T.);
#6155=EDGE_CURVE('',#7609,#7607,#937,.T.);
#6156=EDGE_CURVE('',#7610,#7609,#394,.T.);
#6157=EDGE_CURVE('',#7611,#7610,#938,.T.);
#6158=EDGE_CURVE('',#7612,#7611,#939,.F.);
#6159=EDGE_CURVE('',#7613,#7612,#940,.F.);
#6160=EDGE_CURVE('',#7614,#7613,#8380,.F.);
#6161=EDGE_CURVE('',#7615,#7614,#941,.T.);
#6162=EDGE_CURVE('',#7616,#7615,#8381,.F.);
#6163=EDGE_CURVE('',#7608,#7616,#942,.T.);
#6164=EDGE_CURVE('',#7617,#7618,#8382,.F.);
#6165=EDGE_CURVE('',#7619,#7617,#943,.F.);
#6166=EDGE_CURVE('',#7620,#7619,#8383,.F.);
#6167=EDGE_CURVE('',#7621,#7620,#944,.F.);
#6168=EDGE_CURVE('',#7622,#7621,#945,.F.);
#6169=EDGE_CURVE('',#7623,#7622,#946,.F.);
#6170=EDGE_CURVE('',#7624,#7623,#395,.T.);
#6171=EDGE_CURVE('',#7625,#7624,#947,.T.);
#6172=EDGE_CURVE('',#7625,#7626,#948,.T.);
#6173=EDGE_CURVE('',#7618,#7626,#949,.F.);
#6174=EDGE_CURVE('',#7627,#7628,#950,.T.);
#6175=EDGE_CURVE('',#7629,#7628,#951,.T.);
#6176=EDGE_CURVE('',#7630,#7629,#952,.T.);
#6177=EDGE_CURVE('',#7627,#7630,#953,.F.);
#6178=EDGE_CURVE('',#7631,#7632,#954,.T.);
#6179=EDGE_CURVE('',#7628,#7632,#8384,.T.);
#6180=EDGE_CURVE('',#7631,#7627,#8385,.T.);
#6181=EDGE_CURVE('',#7633,#7634,#955,.T.);
#6182=EDGE_CURVE('',#7632,#7634,#956,.T.);
#6183=EDGE_CURVE('',#7633,#7631,#957,.F.);
#6184=EDGE_CURVE('',#7634,#7585,#8386,.T.);
#6185=EDGE_CURVE('',#7586,#7633,#8387,.T.);
#6186=EDGE_CURVE('',#7580,#7635,#958,.T.);
#6187=EDGE_CURVE('',#7636,#7579,#959,.T.);
#6188=EDGE_CURVE('',#7635,#7636,#960,.F.);
#6189=EDGE_CURVE('',#7578,#7637,#961,.T.);
#6190=EDGE_CURVE('',#7638,#7577,#962,.T.);
#6191=EDGE_CURVE('',#7637,#7638,#963,.F.);
#6192=EDGE_CURVE('',#7639,#7640,#964,.F.);
#6193=EDGE_CURVE('',#7641,#7639,#965,.T.);
#6194=EDGE_CURVE('',#7642,#7641,#966,.F.);
#6195=EDGE_CURVE('',#7643,#7642,#967,.T.);
#6196=EDGE_CURVE('',#7640,#7643,#396,.T.);
#6197=EDGE_CURVE('',#7644,#7645,#252,.T.);
#6198=EDGE_CURVE('',#7641,#7644,#8388,.F.);
#6199=EDGE_CURVE('',#7645,#7639,#253,.F.);
#6200=EDGE_CURVE('',#7646,#7647,#968,.T.);
#6201=EDGE_CURVE('',#7648,#7646,#969,.F.);
#6202=EDGE_CURVE('',#7648,#7649,#970,.T.);
#6203=EDGE_CURVE('',#7650,#7649,#971,.F.);
#6204=EDGE_CURVE('',#7647,#7650,#254,.F.);
#6205=EDGE_CURVE('',#7651,#7648,#8389,.F.);
#6206=EDGE_CURVE('',#7652,#7651,#255,.T.);
#6207=EDGE_CURVE('',#7649,#7652,#256,.F.);
#6208=EDGE_CURVE('',#7646,#7611,#8390,.F.);
#6209=EDGE_CURVE('',#7653,#7647,#257,.F.);
#6210=EDGE_CURVE('',#7612,#7653,#397,.T.);
#6211=EDGE_CURVE('',#7643,#7654,#258,.F.);
#6212=EDGE_CURVE('',#7622,#7642,#8391,.F.);
#6213=EDGE_CURVE('',#7654,#7621,#259,.F.);
#6214=EDGE_CURVE('',#7602,#7580,#8392,.T.);
#6215=EDGE_CURVE('',#7603,#7635,#398,.T.);
#6216=EDGE_CURVE('',#7601,#7577,#8393,.T.);
#6217=EDGE_CURVE('',#7638,#7600,#399,.T.);
#6218=EDGE_CURVE('',#7607,#7637,#8394,.T.);
#6219=EDGE_CURVE('',#7638,#7609,#8395,.T.);
#6220=EDGE_CURVE('',#7600,#7610,#8396,.T.);
#6221=EDGE_CURVE('',#7599,#7611,#8397,.T.);
#6222=EDGE_CURVE('',#7597,#7646,#8398,.T.);
#6223=EDGE_CURVE('',#7598,#7648,#8399,.T.);
#6224=EDGE_CURVE('',#7595,#7651,#8400,.T.);
#6225=EDGE_CURVE('',#7591,#7652,#260,.F.);
#6226=EDGE_CURVE('',#7592,#7649,#261,.F.);
#6227=EDGE_CURVE('',#7587,#7650,#262,.T.);
#6228=EDGE_CURVE('',#7588,#7647,#263,.T.);
#6229=EDGE_CURVE('',#7581,#7653,#264,.T.);
#6230=EDGE_CURVE('',#7582,#7612,#8401,.T.);
#6231=EDGE_CURVE('',#7586,#7613,#8402,.T.);
#6232=EDGE_CURVE('',#7633,#7614,#8403,.T.);
#6233=EDGE_CURVE('',#7631,#7615,#8404,.T.);
#6234=EDGE_CURVE('',#7627,#7616,#8405,.T.);
#6235=EDGE_CURVE('',#7630,#7608,#400,.T.);
#6236=EDGE_CURVE('',#7636,#7625,#8406,.T.);
#6237=EDGE_CURVE('',#7624,#7635,#8407,.T.);
#6238=EDGE_CURVE('',#7623,#7603,#8408,.T.);
#6239=EDGE_CURVE('',#7622,#7604,#8409,.T.);
#6240=EDGE_CURVE('',#7642,#7605,#8410,.T.);
#6241=EDGE_CURVE('',#7641,#7606,#8411,.T.);
#6242=EDGE_CURVE('',#7644,#7596,#8412,.T.);
#6243=EDGE_CURVE('',#7645,#7593,#265,.F.);
#6244=EDGE_CURVE('',#7639,#7594,#266,.F.);
#6245=EDGE_CURVE('',#7640,#7589,#267,.T.);
#6246=EDGE_CURVE('',#7643,#7590,#268,.T.);
#6247=EDGE_CURVE('',#7654,#7583,#269,.T.);
#6248=EDGE_CURVE('',#7621,#7584,#270,.F.);
#6249=EDGE_CURVE('',#7620,#7585,#8413,.T.);
#6250=EDGE_CURVE('',#7619,#7634,#8414,.T.);
#6251=EDGE_CURVE('',#7617,#7632,#8415,.T.);
#6252=EDGE_CURVE('',#7618,#7628,#8416,.T.);
#6253=EDGE_CURVE('',#7626,#7629,#401,.T.);
#6254=EDGE_CURVE('',#7655,#7656,#972,.T.);
#6255=EDGE_CURVE('',#7657,#7655,#8417,.F.);
#6256=EDGE_CURVE('',#7658,#7657,#973,.F.);
#6257=EDGE_CURVE('',#7659,#7658,#8418,.F.);
#6258=EDGE_CURVE('',#7660,#7659,#974,.F.);
#6259=EDGE_CURVE('',#7661,#7660,#8419,.F.);
#6260=EDGE_CURVE('',#7662,#7661,#975,.T.);
#6261=EDGE_CURVE('',#7656,#7662,#8420,.F.);
#6262=EDGE_CURVE('',#7663,#7664,#8421,.F.);
#6263=EDGE_CURVE('',#7665,#7664,#976,.T.);
#6264=EDGE_CURVE('',#7665,#7666,#977,.T.);
#6265=EDGE_CURVE('',#7666,#7667,#978,.T.);
#6266=EDGE_CURVE('',#7667,#7663,#979,.T.);
#6267=EDGE_CURVE('',#7668,#7669,#980,.T.);
#6268=EDGE_CURVE('',#7670,#7668,#8422,.T.);
#6269=EDGE_CURVE('',#7671,#7670,#981,.F.);
#6270=EDGE_CURVE('',#7672,#7671,#8423,.T.);
#6271=EDGE_CURVE('',#7673,#7672,#982,.T.);
#6272=EDGE_CURVE('',#7674,#7673,#8424,.T.);
#6273=EDGE_CURVE('',#7675,#7674,#983,.T.);
#6274=EDGE_CURVE('',#7676,#7675,#8425,.T.);
#6275=EDGE_CURVE('',#7677,#7676,#984,.T.);
#6276=EDGE_CURVE('',#7669,#7677,#8426,.T.);
#6277=EDGE_CURVE('',#7678,#7679,#985,.T.);
#6278=EDGE_CURVE('',#7679,#7680,#986,.T.);
#6279=EDGE_CURVE('',#7681,#7680,#987,.T.);
#6280=EDGE_CURVE('',#7682,#7681,#988,.F.);
#6281=EDGE_CURVE('',#7683,#7682,#8427,.F.);
#6282=EDGE_CURVE('',#7684,#7683,#989,.F.);
#6283=EDGE_CURVE('',#7678,#7684,#990,.T.);
#6284=EDGE_CURVE('',#7685,#7686,#8428,.F.);
#6285=EDGE_CURVE('',#7687,#7686,#991,.T.);
#6286=EDGE_CURVE('',#7687,#7688,#992,.T.);
#6287=EDGE_CURVE('',#7688,#7689,#993,.T.);
#6288=EDGE_CURVE('',#7685,#7689,#994,.T.);
#6289=EDGE_CURVE('',#7690,#7691,#8429,.T.);
#6290=EDGE_CURVE('',#7691,#7692,#995,.T.);
#6291=EDGE_CURVE('',#7693,#7692,#996,.T.);
#6292=EDGE_CURVE('',#7690,#7693,#997,.T.);
#6293=EDGE_CURVE('',#7694,#7527,#998,.F.);
#6294=EDGE_CURVE('',#7694,#7695,#999,.T.);
#6295=EDGE_CURVE('',#7696,#7695,#1000,.T.);
#6296=EDGE_CURVE('',#7697,#7696,#1001,.F.);
#6297=EDGE_CURVE('',#7698,#7697,#1002,.F.);
#6298=EDGE_CURVE('',#7526,#7698,#1003,.T.);
#6299=EDGE_CURVE('',#7699,#7576,#1004,.F.);
#6300=EDGE_CURVE('',#7700,#7699,#1005,.T.);
#6301=EDGE_CURVE('',#7701,#7700,#1006,.T.);
#6302=EDGE_CURVE('',#7701,#7702,#1007,.T.);
#6303=EDGE_CURVE('',#7703,#7702,#1008,.F.);
#6304=EDGE_CURVE('',#7549,#7703,#1009,.F.);
#6305=EDGE_CURVE('',#7558,#7400,#8430,.F.);
#6306=EDGE_CURVE('',#7401,#7557,#8431,.T.);
#6307=EDGE_CURVE('',#7395,#7563,#8432,.T.);
#6308=EDGE_CURVE('',#7564,#7394,#8433,.T.);
#6309=EDGE_CURVE('',#7704,#7695,#1010,.T.);
#6310=EDGE_CURVE('',#7705,#7704,#1011,.T.);
#6311=EDGE_CURVE('',#7706,#7705,#1012,.T.);
#6312=EDGE_CURVE('',#7701,#7706,#1013,.T.);
#6313=EDGE_CURVE('',#7696,#7700,#8434,.F.);
#6314=EDGE_CURVE('',#7679,#7693,#1014,.T.);
#6315=EDGE_CURVE('',#7692,#7704,#1015,.T.);
#6316=EDGE_CURVE('',#7680,#7694,#8435,.T.);
#6317=EDGE_CURVE('',#7706,#7690,#1016,.T.);
#6318=EDGE_CURVE('',#7702,#7678,#8436,.T.);
#6319=EDGE_CURVE('',#7562,#7707,#8437,.T.);
#6320=EDGE_CURVE('',#7561,#7708,#8438,.T.);
#6321=EDGE_CURVE('',#7708,#7707,#402,.T.);
#6322=EDGE_CURVE('',#7563,#7709,#8439,.T.);
#6323=EDGE_CURVE('',#7707,#7709,#1017,.F.);
#6324=EDGE_CURVE('',#7395,#7710,#8440,.T.);
#6325=EDGE_CURVE('',#7709,#7710,#8441,.F.);
#6326=EDGE_CURVE('',#7710,#7711,#1018,.F.);
#6327=EDGE_CURVE('',#7711,#7396,#8442,.T.);
#6328=EDGE_CURVE('',#7711,#7712,#403,.T.);
#6329=EDGE_CURVE('',#7712,#7397,#8443,.T.);
#6330=EDGE_CURVE('',#7713,#7714,#271,.F.);
#6331=EDGE_CURVE('',#7714,#7715,#272,.T.);
#6332=EDGE_CURVE('',#7715,#7713,#273,.F.);
#6333=EDGE_CURVE('',#7715,#7716,#1019,.T.);
#6334=EDGE_CURVE('',#7717,#7715,#404,.F.);
#6335=EDGE_CURVE('',#7718,#7717,#1020,.T.);
#6336=EDGE_CURVE('',#7718,#7719,#1021,.T.);
#6337=EDGE_CURVE('',#7716,#7719,#1022,.F.);
#6338=EDGE_CURVE('',#7720,#7718,#8444,.T.);
#6339=EDGE_CURVE('',#7720,#7721,#1023,.T.);
#6340=EDGE_CURVE('',#7719,#7721,#8445,.F.);
#6341=EDGE_CURVE('',#7677,#7722,#8446,.T.);
#6342=EDGE_CURVE('',#7676,#7721,#8447,.T.);
#6343=EDGE_CURVE('',#7721,#7722,#1024,.F.);
#6344=EDGE_CURVE('',#7669,#7723,#8448,.T.);
#6345=EDGE_CURVE('',#7722,#7723,#8449,.F.);
#6346=EDGE_CURVE('',#7724,#7668,#8450,.T.);
#6347=EDGE_CURVE('',#7723,#7724,#1025,.F.);
#6348=EDGE_CURVE('',#7724,#7725,#8451,.F.);
#6349=EDGE_CURVE('',#7725,#7670,#8452,.T.);
#6350=EDGE_CURVE('',#7726,#7725,#1026,.T.);
#6351=EDGE_CURVE('',#7727,#7726,#1027,.F.);
#6352=EDGE_CURVE('',#7728,#7727,#1028,.F.);
#6353=EDGE_CURVE('',#7725,#7728,#1029,.T.);
#6354=EDGE_CURVE('',#7728,#7671,#8453,.T.);
#6355=EDGE_CURVE('',#7728,#7729,#8454,.F.);
#6356=EDGE_CURVE('',#7729,#7672,#8455,.T.);
#6357=EDGE_CURVE('',#7724,#7730,#1030,.F.);
#6358=EDGE_CURVE('',#7730,#7726,#8456,.T.);
#6359=EDGE_CURVE('',#7731,#7730,#8457,.T.);
#6360=EDGE_CURVE('',#7731,#7726,#8458,.F.);
#6361=EDGE_CURVE('',#7711,#7731,#1031,.F.);
#6362=EDGE_CURVE('',#7730,#7712,#1032,.T.);
#6363=EDGE_CURVE('',#7712,#7732,#1033,.T.);
#6364=EDGE_CURVE('',#7732,#7398,#8459,.T.);
#6365=EDGE_CURVE('',#7732,#7733,#405,.T.);
#6366=EDGE_CURVE('',#7733,#7399,#8460,.T.);
#6367=EDGE_CURVE('',#7733,#7734,#1034,.T.);
#6368=EDGE_CURVE('',#7734,#7400,#8461,.T.);
#6369=EDGE_CURVE('',#7734,#7735,#8462,.T.);
#6370=EDGE_CURVE('',#7735,#7558,#8463,.T.);
#6371=EDGE_CURVE('',#7735,#7736,#1035,.T.);
#6372=EDGE_CURVE('',#7559,#7736,#8464,.T.);
#6373=EDGE_CURVE('',#7560,#7737,#8465,.T.);
#6374=EDGE_CURVE('',#7736,#7737,#406,.T.);
#6375=EDGE_CURVE('',#7737,#7708,#1036,.T.);
#6376=EDGE_CURVE('',#7708,#7738,#1037,.T.);
#6377=EDGE_CURVE('',#7738,#7739,#8466,.T.);
#6378=EDGE_CURVE('',#7739,#7707,#1038,.F.);
#6379=EDGE_CURVE('',#7727,#7738,#8467,.T.);
#6380=EDGE_CURVE('',#7727,#7739,#8468,.F.);
#6381=EDGE_CURVE('',#7731,#7739,#1039,.T.);
#6382=EDGE_CURVE('',#7738,#7729,#1040,.T.);
#6383=EDGE_CURVE('',#7729,#7740,#1041,.F.);
#6384=EDGE_CURVE('',#7740,#7673,#8469,.T.);
#6385=EDGE_CURVE('',#7674,#7716,#8470,.T.);
#6386=EDGE_CURVE('',#7740,#7716,#8471,.F.);
#6387=EDGE_CURVE('',#7675,#7719,#8472,.T.);
#6388=EDGE_CURVE('',#7741,#7720,#1042,.T.);
#6389=EDGE_CURVE('',#7742,#7741,#274,.F.);
#6390=EDGE_CURVE('',#7722,#7742,#1043,.F.);
#6391=EDGE_CURVE('',#7743,#7741,#275,.T.);
#6392=EDGE_CURVE('',#7743,#7744,#276,.F.);
#6393=EDGE_CURVE('',#7744,#7742,#277,.F.);
#6394=EDGE_CURVE('',#7744,#7745,#278,.T.);
#6395=EDGE_CURVE('',#7745,#7742,#279,.T.);
#6396=EDGE_CURVE('',#7745,#7723,#1044,.T.);
#6397=EDGE_CURVE('',#7732,#7745,#1045,.T.);
#6398=EDGE_CURVE('',#7743,#7733,#1046,.F.);
#6399=EDGE_CURVE('',#7746,#7720,#8473,.T.);
#6400=EDGE_CURVE('',#7746,#7743,#1047,.F.);
#6401=EDGE_CURVE('',#7747,#7718,#8474,.T.);
#6402=EDGE_CURVE('',#7747,#7746,#8475,.F.);
#6403=EDGE_CURVE('',#7748,#7717,#8476,.T.);
#6404=EDGE_CURVE('',#7748,#7747,#1048,.F.);
#6405=EDGE_CURVE('',#7714,#7748,#407,.F.);
#6406=EDGE_CURVE('',#7740,#7713,#1049,.F.);
#6407=EDGE_CURVE('',#7713,#7737,#1050,.T.);
#6408=EDGE_CURVE('',#7736,#7748,#1051,.F.);
#6409=EDGE_CURVE('',#7401,#7682,#8477,.T.);
#6410=EDGE_CURVE('',#7402,#7681,#8478,.T.);
#6411=EDGE_CURVE('',#7557,#7683,#8479,.T.);
#6412=EDGE_CURVE('',#7684,#7556,#8480,.F.);
#6413=EDGE_CURVE('',#7749,#7706,#1052,.T.);
#6414=EDGE_CURVE('',#7749,#7750,#1053,.T.);
#6415=EDGE_CURVE('',#7750,#7690,#8481,.T.);
#6416=EDGE_CURVE('',#7692,#7751,#1054,.T.);
#6417=EDGE_CURVE('',#7752,#7751,#8482,.F.);
#6418=EDGE_CURVE('',#7752,#7753,#1055,.T.);
#6419=EDGE_CURVE('',#7704,#7753,#1056,.T.);
#6420=EDGE_CURVE('',#7688,#7754,#1057,.T.);
#6421=EDGE_CURVE('',#7755,#7754,#1058,.T.);
#6422=EDGE_CURVE('',#7705,#7755,#1059,.T.);
#6423=EDGE_CURVE('',#7689,#7753,#1060,.T.);
#6424=EDGE_CURVE('',#7666,#7756,#1061,.T.);
#6425=EDGE_CURVE('',#7749,#7665,#1062,.T.);
#6426=EDGE_CURVE('',#7756,#7755,#1063,.T.);
#6427=EDGE_CURVE('',#7757,#7754,#1064,.T.);
#6428=EDGE_CURVE('',#7756,#7757,#1065,.T.);
#6429=EDGE_CURVE('',#7687,#7758,#1066,.T.);
#6430=EDGE_CURVE('',#7758,#7759,#408,.T.);
#6431=EDGE_CURVE('',#7759,#7760,#1067,.T.);
#6432=EDGE_CURVE('',#7757,#7760,#1068,.T.);
#6433=EDGE_CURVE('',#7667,#7761,#1069,.T.);
#6434=EDGE_CURVE('',#7762,#7760,#1070,.T.);
#6435=EDGE_CURVE('',#7761,#7762,#409,.F.);
#6436=EDGE_CURVE('',#7752,#7685,#1071,.T.);
#6437=EDGE_CURVE('',#7750,#7664,#1072,.T.);
#6438=EDGE_CURVE('',#7691,#7763,#1073,.F.);
#6439=EDGE_CURVE('',#7763,#7764,#1074,.F.);
#6440=EDGE_CURVE('',#7764,#7751,#1075,.T.);
#6441=EDGE_CURVE('',#7765,#7764,#8483,.T.);
#6442=EDGE_CURVE('',#7686,#7765,#1076,.F.);
#6443=EDGE_CURVE('',#7766,#7765,#8484,.T.);
#6444=EDGE_CURVE('',#7766,#7764,#8485,.T.);
#6445=EDGE_CURVE('',#7759,#7766,#1077,.F.);
#6446=EDGE_CURVE('',#7765,#7758,#1078,.T.);
#6447=EDGE_CURVE('',#7761,#7767,#1079,.T.);
#6448=EDGE_CURVE('',#7768,#7762,#1080,.F.);
#6449=EDGE_CURVE('',#7767,#7768,#8486,.F.);
#6450=EDGE_CURVE('',#7763,#7767,#8487,.F.);
#6451=EDGE_CURVE('',#7763,#7768,#8488,.F.);
#6452=EDGE_CURVE('',#7766,#7768,#1081,.F.);
#6453=EDGE_CURVE('',#7767,#7663,#1082,.T.);
#6454=EDGE_CURVE('',#7703,#7556,#8489,.T.);
#6455=EDGE_CURVE('',#7703,#7684,#8490,.T.);
#6456=EDGE_CURVE('',#7393,#7698,#8491,.T.);
#6457=EDGE_CURVE('',#7681,#7527,#8492,.T.);
#6458=EDGE_CURVE('',#7697,#7699,#8493,.T.);
#6459=EDGE_CURVE('',#7394,#7659,#8494,.T.);
#6460=EDGE_CURVE('',#7658,#7564,#8495,.T.);
#6461=EDGE_CURVE('',#7657,#7565,#8496,.T.);
#6462=EDGE_CURVE('',#7393,#7660,#8497,.T.);
#6463=EDGE_CURVE('',#7655,#7576,#8498,.T.);
#6464=EDGE_CURVE('',#7698,#7661,#8499,.T.);
#6465=EDGE_CURVE('',#7656,#7699,#8500,.T.);
#6466=EDGE_CURVE('',#7697,#7662,#8501,.T.);
#6467=EDGE_CURVE('',#7540,#7769,#1083,.F.);
#6468=EDGE_CURVE('',#7769,#7575,#8502,.T.);
#6469=EDGE_CURVE('',#7770,#7771,#8503,.F.);
#6470=EDGE_CURVE('',#7772,#7770,#1084,.F.);
#6471=EDGE_CURVE('',#7772,#7773,#8504,.T.);
#6472=EDGE_CURVE('',#7771,#7773,#1085,.T.);
#6473=EDGE_CURVE('',#7774,#7775,#1086,.T.);
#6474=EDGE_CURVE('',#7774,#7776,#8505,.T.);
#6475=EDGE_CURVE('',#7777,#7776,#1087,.F.);
#6476=EDGE_CURVE('',#7775,#7777,#8506,.T.);
#6477=EDGE_CURVE('',#7778,#7779,#280,.T.);
#6478=EDGE_CURVE('',#7779,#7780,#1088,.T.);
#6479=EDGE_CURVE('',#7780,#7781,#1089,.T.);
#6480=EDGE_CURVE('',#7781,#7782,#1090,.T.);
#6481=EDGE_CURVE('',#7782,#7783,#281,.T.);
#6482=EDGE_CURVE('',#7778,#7783,#1091,.T.);
#6483=EDGE_CURVE('',#7784,#7785,#282,.T.);
#6484=EDGE_CURVE('',#7785,#7778,#283,.T.);
#6485=EDGE_CURVE('',#7783,#7786,#284,.T.);
#6486=EDGE_CURVE('',#7786,#7787,#285,.T.);
#6487=EDGE_CURVE('',#7784,#7787,#1092,.T.);
#6488=EDGE_CURVE('',#7788,#7789,#286,.T.);
#6489=EDGE_CURVE('',#7789,#7784,#1093,.T.);
#6490=EDGE_CURVE('',#7787,#7790,#1094,.T.);
#6491=EDGE_CURVE('',#7790,#7791,#287,.T.);
#6492=EDGE_CURVE('',#7788,#7791,#1095,.T.);
#6493=EDGE_CURVE('',#7792,#7793,#1096,.T.);
#6494=EDGE_CURVE('',#7792,#7788,#288,.T.);
#6495=EDGE_CURVE('',#7791,#7793,#289,.T.);
#6496=EDGE_CURVE('',#7794,#7795,#1097,.T.);
#6497=EDGE_CURVE('',#7795,#7792,#8507,.T.);
#6498=EDGE_CURVE('',#7793,#7796,#8508,.T.);
#6499=EDGE_CURVE('',#7796,#7797,#1098,.T.);
#6500=EDGE_CURVE('',#7797,#7798,#8509,.T.);
#6501=EDGE_CURVE('',#7798,#7799,#1099,.T.);
#6502=EDGE_CURVE('',#7799,#7800,#1100,.F.);
#6503=EDGE_CURVE('',#7800,#7801,#8510,.F.);
#6504=EDGE_CURVE('',#7801,#7802,#1101,.F.);
#6505=EDGE_CURVE('',#7802,#7803,#1102,.F.);
#6506=EDGE_CURVE('',#7803,#7794,#8511,.T.);
#6507=EDGE_CURVE('',#7804,#7805,#1103,.T.);
#6508=EDGE_CURVE('',#7805,#7806,#1104,.T.);
#6509=EDGE_CURVE('',#7806,#7807,#8512,.F.);
#6510=EDGE_CURVE('',#7807,#7808,#1105,.T.);
#6511=EDGE_CURVE('',#7808,#7809,#8513,.F.);
#6512=EDGE_CURVE('',#7809,#7810,#1106,.F.);
#6513=EDGE_CURVE('',#7810,#7811,#1107,.F.);
#6514=EDGE_CURVE('',#7811,#7812,#1108,.T.);
#6515=EDGE_CURVE('',#7812,#7813,#410,.T.);
#6516=EDGE_CURVE('',#7813,#7804,#1109,.T.);
#6517=EDGE_CURVE('',#7814,#7815,#8514,.F.);
#6518=EDGE_CURVE('',#7815,#7816,#1110,.F.);
#6519=EDGE_CURVE('',#7817,#7816,#1111,.T.);
#6520=EDGE_CURVE('',#7817,#7818,#1112,.T.);
#6521=EDGE_CURVE('',#7818,#7819,#411,.T.);
#6522=EDGE_CURVE('',#7819,#7820,#1113,.F.);
#6523=EDGE_CURVE('',#7820,#7821,#1114,.F.);
#6524=EDGE_CURVE('',#7821,#7822,#1115,.F.);
#6525=EDGE_CURVE('',#7822,#7823,#8515,.F.);
#6526=EDGE_CURVE('',#7823,#7814,#1116,.F.);
#6527=EDGE_CURVE('',#7824,#7825,#1117,.T.);
#6528=EDGE_CURVE('',#7824,#7826,#1118,.F.);
#6529=EDGE_CURVE('',#7826,#7827,#1119,.T.);
#6530=EDGE_CURVE('',#7827,#7825,#1120,.T.);
#6531=EDGE_CURVE('',#7828,#7829,#1121,.T.);
#6532=EDGE_CURVE('',#7828,#7824,#8516,.T.);
#6533=EDGE_CURVE('',#7825,#7829,#8517,.T.);
#6534=EDGE_CURVE('',#7830,#7831,#1122,.T.);
#6535=EDGE_CURVE('',#7830,#7828,#1123,.F.);
#6536=EDGE_CURVE('',#7829,#7831,#1124,.T.);
#6537=EDGE_CURVE('',#7780,#7830,#8518,.T.);
#6538=EDGE_CURVE('',#7831,#7781,#8519,.T.);
#6539=EDGE_CURVE('',#7776,#7832,#1125,.T.);
#6540=EDGE_CURVE('',#7832,#7833,#1126,.F.);
#6541=EDGE_CURVE('',#7833,#7777,#1127,.T.);
#6542=EDGE_CURVE('',#7775,#7834,#1128,.T.);
#6543=EDGE_CURVE('',#7834,#7835,#1129,.F.);
#6544=EDGE_CURVE('',#7835,#7774,#1130,.T.);
#6545=EDGE_CURVE('',#7836,#7837,#1131,.F.);
#6546=EDGE_CURVE('',#7837,#7838,#412,.T.);
#6547=EDGE_CURVE('',#7838,#7839,#1132,.T.);
#6548=EDGE_CURVE('',#7839,#7840,#1133,.F.);
#6549=EDGE_CURVE('',#7840,#7836,#1134,.T.);
#6550=EDGE_CURVE('',#7841,#7842,#290,.T.);
#6551=EDGE_CURVE('',#7842,#7836,#291,.T.);
#6552=EDGE_CURVE('',#7840,#7841,#8520,.F.);
#6553=EDGE_CURVE('',#7843,#7844,#1135,.T.);
#6554=EDGE_CURVE('',#7844,#7845,#292,.T.);
#6555=EDGE_CURVE('',#7845,#7846,#1136,.F.);
#6556=EDGE_CURVE('',#7847,#7846,#1137,.T.);
#6557=EDGE_CURVE('',#7847,#7843,#1138,.F.);
#6558=EDGE_CURVE('',#7846,#7848,#293,.T.);
#6559=EDGE_CURVE('',#7848,#7849,#294,.T.);
#6560=EDGE_CURVE('',#7849,#7847,#8521,.F.);
#6561=EDGE_CURVE('',#7810,#7850,#295,.T.);
#6562=EDGE_CURVE('',#7850,#7844,#296,.T.);
#6563=EDGE_CURVE('',#7843,#7811,#8522,.F.);
#6564=EDGE_CURVE('',#7838,#7851,#297,.T.);
#6565=EDGE_CURVE('',#7851,#7821,#298,.T.);
#6566=EDGE_CURVE('',#7820,#7839,#8523,.F.);
#6567=EDGE_CURVE('',#7799,#7832,#413,.T.);
#6568=EDGE_CURVE('',#7800,#7776,#8524,.T.);
#6569=EDGE_CURVE('',#7801,#7774,#8525,.T.);
#6570=EDGE_CURVE('',#7835,#7802,#414,.T.);
#6571=EDGE_CURVE('',#7804,#7834,#8526,.T.);
#6572=EDGE_CURVE('',#7835,#7813,#8527,.T.);
#6573=EDGE_CURVE('',#7802,#7812,#8528,.T.);
#6574=EDGE_CURVE('',#7803,#7811,#8529,.T.);
#6575=EDGE_CURVE('',#7794,#7843,#8530,.T.);
#6576=EDGE_CURVE('',#7795,#7847,#8531,.T.);
#6577=EDGE_CURVE('',#7792,#7849,#8532,.T.);
#6578=EDGE_CURVE('',#7788,#7848,#299,.T.);
#6579=EDGE_CURVE('',#7789,#7846,#300,.T.);
#6580=EDGE_CURVE('',#7784,#7845,#301,.F.);
#6581=EDGE_CURVE('',#7785,#7844,#302,.F.);
#6582=EDGE_CURVE('',#7778,#7850,#303,.F.);
#6583=EDGE_CURVE('',#7779,#7810,#304,.T.);
#6584=EDGE_CURVE('',#7780,#7809,#8533,.T.);
#6585=EDGE_CURVE('',#7830,#7808,#8534,.T.);
#6586=EDGE_CURVE('',#7828,#7807,#8535,.T.);
#6587=EDGE_CURVE('',#7824,#7806,#8536,.T.);
#6588=EDGE_CURVE('',#7826,#7805,#415,.T.);
#6589=EDGE_CURVE('',#7833,#7817,#8537,.T.);
#6590=EDGE_CURVE('',#7818,#7832,#8538,.T.);
#6591=EDGE_CURVE('',#7819,#7799,#8539,.T.);
#6592=EDGE_CURVE('',#7820,#7798,#8540,.T.);
#6593=EDGE_CURVE('',#7839,#7797,#8541,.T.);
#6594=EDGE_CURVE('',#7840,#7796,#8542,.T.);
#6595=EDGE_CURVE('',#7841,#7793,#8543,.T.);
#6596=EDGE_CURVE('',#7842,#7791,#305,.T.);
#6597=EDGE_CURVE('',#7836,#7790,#306,.T.);
#6598=EDGE_CURVE('',#7837,#7787,#307,.F.);
#6599=EDGE_CURVE('',#7838,#7786,#308,.F.);
#6600=EDGE_CURVE('',#7851,#7783,#309,.T.);
#6601=EDGE_CURVE('',#7821,#7782,#310,.T.);
#6602=EDGE_CURVE('',#7822,#7781,#8544,.T.);
#6603=EDGE_CURVE('',#7823,#7831,#8545,.T.);
#6604=EDGE_CURVE('',#7814,#7829,#8546,.T.);
#6605=EDGE_CURVE('',#7815,#7825,#8547,.T.);
#6606=EDGE_CURVE('',#7816,#7827,#416,.T.);
#6607=EDGE_CURVE('',#7852,#7853,#1139,.T.);
#6608=EDGE_CURVE('',#7853,#7854,#8548,.F.);
#6609=EDGE_CURVE('',#7854,#7855,#1140,.T.);
#6610=EDGE_CURVE('',#7855,#7856,#8549,.F.);
#6611=EDGE_CURVE('',#7856,#7857,#1141,.F.);
#6612=EDGE_CURVE('',#7857,#7858,#8550,.F.);
#6613=EDGE_CURVE('',#7858,#7859,#1142,.F.);
#6614=EDGE_CURVE('',#7859,#7852,#8551,.F.);
#6615=EDGE_CURVE('',#7860,#7861,#8552,.F.);
#6616=EDGE_CURVE('',#7862,#7860,#1143,.T.);
#6617=EDGE_CURVE('',#7863,#7862,#1144,.T.);
#6618=EDGE_CURVE('',#7864,#7863,#1145,.T.);
#6619=EDGE_CURVE('',#7864,#7861,#1146,.T.);
#6620=EDGE_CURVE('',#7865,#7866,#1147,.T.);
#6621=EDGE_CURVE('',#7866,#7867,#8553,.T.);
#6622=EDGE_CURVE('',#7867,#7868,#1148,.T.);
#6623=EDGE_CURVE('',#7868,#7869,#8554,.T.);
#6624=EDGE_CURVE('',#7869,#7870,#1149,.T.);
#6625=EDGE_CURVE('',#7870,#7871,#8555,.T.);
#6626=EDGE_CURVE('',#7871,#7872,#1150,.T.);
#6627=EDGE_CURVE('',#7872,#7873,#8556,.T.);
#6628=EDGE_CURVE('',#7873,#7874,#1151,.F.);
#6629=EDGE_CURVE('',#7874,#7865,#8557,.T.);
#6630=EDGE_CURVE('',#7875,#7876,#1152,.T.);
#6631=EDGE_CURVE('',#7875,#7877,#1153,.T.);
#6632=EDGE_CURVE('',#7877,#7878,#1154,.F.);
#6633=EDGE_CURVE('',#7878,#7879,#8558,.F.);
#6634=EDGE_CURVE('',#7879,#7880,#1155,.F.);
#6635=EDGE_CURVE('',#7880,#7881,#1156,.T.);
#6636=EDGE_CURVE('',#7876,#7881,#1157,.T.);
#6637=EDGE_CURVE('',#7882,#7883,#8559,.F.);
#6638=EDGE_CURVE('',#7882,#7884,#1158,.T.);
#6639=EDGE_CURVE('',#7885,#7884,#1159,.T.);
#6640=EDGE_CURVE('',#7886,#7885,#1160,.T.);
#6641=EDGE_CURVE('',#7886,#7883,#1161,.T.);
#6642=EDGE_CURVE('',#7887,#7888,#8560,.T.);
#6643=EDGE_CURVE('',#7887,#7889,#1162,.T.);
#6644=EDGE_CURVE('',#7889,#7890,#1163,.T.);
#6645=EDGE_CURVE('',#7888,#7890,#1164,.T.);
#6646=EDGE_CURVE('',#7891,#7892,#1165,.T.);
#6647=EDGE_CURVE('',#7892,#7771,#1166,.T.);
#6648=EDGE_CURVE('',#7773,#7893,#1167,.F.);
#6649=EDGE_CURVE('',#7893,#7894,#1168,.F.);
#6650=EDGE_CURVE('',#7894,#7895,#1169,.T.);
#6651=EDGE_CURVE('',#7896,#7895,#1170,.T.);
#6652=EDGE_CURVE('',#7896,#7897,#1171,.F.);
#6653=EDGE_CURVE('',#7897,#7898,#1172,.T.);
#6654=EDGE_CURVE('',#7898,#7891,#1173,.T.);
#6655=EDGE_CURVE('',#7769,#7899,#1174,.F.);
#6656=EDGE_CURVE('',#7900,#7899,#1175,.T.);
#6657=EDGE_CURVE('',#7900,#7901,#1176,.T.);
#6658=EDGE_CURVE('',#7901,#7902,#1177,.T.);
#6659=EDGE_CURVE('',#7902,#7903,#1178,.F.);
#6660=EDGE_CURVE('',#7903,#7543,#1179,.F.);
#6661=EDGE_CURVE('',#7904,#7905,#1180,.T.);
#6662=EDGE_CURVE('',#7904,#7574,#8561,.T.);
#6663=EDGE_CURVE('',#7573,#7905,#8562,.F.);
#6664=EDGE_CURVE('',#7567,#7906,#8563,.T.);
#6665=EDGE_CURVE('',#7907,#7906,#1181,.T.);
#6666=EDGE_CURVE('',#7907,#7568,#8564,.T.);
#6667=EDGE_CURVE('',#7899,#7875,#8565,.T.);
#6668=EDGE_CURVE('',#7876,#7889,#1182,.T.);
#6669=EDGE_CURVE('',#7908,#7887,#1183,.T.);
#6670=EDGE_CURVE('',#7900,#7908,#1184,.T.);
#6671=EDGE_CURVE('',#7881,#7896,#8566,.T.);
#6672=EDGE_CURVE('',#7909,#7895,#1185,.T.);
#6673=EDGE_CURVE('',#7890,#7909,#1186,.T.);
#6674=EDGE_CURVE('',#7894,#7901,#8567,.F.);
#6675=EDGE_CURVE('',#7908,#7910,#1187,.T.);
#6676=EDGE_CURVE('',#7910,#7909,#1188,.T.);
#6677=EDGE_CURVE('',#7906,#7772,#1189,.T.);
#6678=EDGE_CURVE('',#7770,#7911,#1190,.T.);
#6679=EDGE_CURVE('',#7911,#7912,#8568,.T.);
#6680=EDGE_CURVE('',#7912,#7913,#1191,.T.);
#6681=EDGE_CURVE('',#7913,#7914,#8569,.T.);
#6682=EDGE_CURVE('',#7914,#7915,#1192,.T.);
#6683=EDGE_CURVE('',#7916,#7915,#1193,.F.);
#6684=EDGE_CURVE('',#7917,#7916,#1194,.T.);
#6685=EDGE_CURVE('',#7918,#7917,#1195,.T.);
#6686=EDGE_CURVE('',#7919,#7918,#1196,.T.);
#6687=EDGE_CURVE('',#7920,#7919,#417,.T.);
#6688=EDGE_CURVE('',#7921,#7920,#1197,.F.);
#6689=EDGE_CURVE('',#7922,#7921,#418,.T.);
#6690=EDGE_CURVE('',#7923,#7922,#1198,.F.);
#6691=EDGE_CURVE('',#7924,#7923,#1199,.T.);
#6692=EDGE_CURVE('',#7925,#7924,#1200,.T.);
#6693=EDGE_CURVE('',#7926,#7925,#1201,.F.);
#6694=EDGE_CURVE('',#7926,#7927,#1202,.T.);
#6695=EDGE_CURVE('',#7927,#7928,#8570,.T.);
#6696=EDGE_CURVE('',#7928,#7929,#1203,.T.);
#6697=EDGE_CURVE('',#7929,#7930,#8571,.T.);
#6698=EDGE_CURVE('',#7930,#7931,#1204,.T.);
#6699=EDGE_CURVE('',#7931,#7932,#1205,.F.);
#6700=EDGE_CURVE('',#7932,#7904,#1206,.T.);
#6701=EDGE_CURVE('',#7905,#7933,#1207,.F.);
#6702=EDGE_CURVE('',#7933,#7934,#419,.T.);
#6703=EDGE_CURVE('',#7934,#7935,#1208,.F.);
#6704=EDGE_CURVE('',#7935,#7936,#420,.T.);
#6705=EDGE_CURVE('',#7936,#7907,#1209,.T.);
#6706=EDGE_CURVE('',#7569,#7937,#8572,.T.);
#6707=EDGE_CURVE('',#7938,#7937,#421,.T.);
#6708=EDGE_CURVE('',#7570,#7938,#8573,.T.);
#6709=EDGE_CURVE('',#7568,#7939,#8574,.T.);
#6710=EDGE_CURVE('',#7937,#7939,#1210,.F.);
#6711=EDGE_CURVE('',#7907,#7940,#8575,.T.);
#6712=EDGE_CURVE('',#7939,#7940,#8576,.F.);
#6713=EDGE_CURVE('',#7941,#7936,#8577,.T.);
#6714=EDGE_CURVE('',#7940,#7941,#1211,.F.);
#6715=EDGE_CURVE('',#7942,#7935,#8578,.T.);
#6716=EDGE_CURVE('',#7941,#7942,#422,.T.);
#6717=EDGE_CURVE('',#7943,#7944,#311,.T.);
#6718=EDGE_CURVE('',#7945,#7943,#312,.T.);
#6719=EDGE_CURVE('',#7944,#7945,#313,.F.);
#6720=EDGE_CURVE('',#7945,#7946,#1212,.T.);
#6721=EDGE_CURVE('',#7946,#7947,#1213,.F.);
#6722=EDGE_CURVE('',#7948,#7947,#1214,.T.);
#6723=EDGE_CURVE('',#7948,#7949,#1215,.T.);
#6724=EDGE_CURVE('',#7949,#7945,#314,.T.);
#6725=EDGE_CURVE('',#7947,#7950,#8579,.F.);
#6726=EDGE_CURVE('',#7951,#7950,#1216,.T.);
#6727=EDGE_CURVE('',#7951,#7948,#8580,.T.);
#6728=EDGE_CURVE('',#7867,#7952,#8581,.T.);
#6729=EDGE_CURVE('',#7950,#7952,#1217,.F.);
#6730=EDGE_CURVE('',#7868,#7950,#8582,.T.);
#6731=EDGE_CURVE('',#7866,#7953,#8583,.T.);
#6732=EDGE_CURVE('',#7952,#7953,#8584,.F.);
#6733=EDGE_CURVE('',#7954,#7865,#8585,.T.);
#6734=EDGE_CURVE('',#7953,#7954,#1218,.F.);
#6735=EDGE_CURVE('',#7955,#7874,#8586,.T.);
#6736=EDGE_CURVE('',#7954,#7955,#8587,.F.);
#6737=EDGE_CURVE('',#7956,#7955,#1219,.T.);
#6738=EDGE_CURVE('',#7955,#7957,#1220,.T.);
#6739=EDGE_CURVE('',#7957,#7958,#1221,.F.);
#6740=EDGE_CURVE('',#7958,#7956,#1222,.F.);
#6741=EDGE_CURVE('',#7957,#7873,#8588,.T.);
#6742=EDGE_CURVE('',#7959,#7872,#8589,.T.);
#6743=EDGE_CURVE('',#7957,#7959,#8590,.F.);
#6744=EDGE_CURVE('',#7954,#7960,#1223,.F.);
#6745=EDGE_CURVE('',#7960,#7956,#8591,.T.);
#6746=EDGE_CURVE('',#7961,#7960,#8592,.T.);
#6747=EDGE_CURVE('',#7961,#7956,#8593,.F.);
#6748=EDGE_CURVE('',#7941,#7961,#1224,.F.);
#6749=EDGE_CURVE('',#7960,#7942,#1225,.T.);
#6750=EDGE_CURVE('',#7962,#7934,#8594,.T.);
#6751=EDGE_CURVE('',#7942,#7962,#1226,.T.);
#6752=EDGE_CURVE('',#7963,#7933,#8595,.T.);
#6753=EDGE_CURVE('',#7962,#7963,#423,.T.);
#6754=EDGE_CURVE('',#7964,#7905,#8596,.T.);
#6755=EDGE_CURVE('',#7963,#7964,#1227,.T.);
#6756=EDGE_CURVE('',#7965,#7573,#8597,.T.);
#6757=EDGE_CURVE('',#7964,#7965,#8598,.T.);
#6758=EDGE_CURVE('',#7572,#7966,#8599,.T.);
#6759=EDGE_CURVE('',#7965,#7966,#1228,.T.);
#6760=EDGE_CURVE('',#7571,#7967,#8600,.T.);
#6761=EDGE_CURVE('',#7966,#7967,#424,.T.);
#6762=EDGE_CURVE('',#7967,#7938,#1229,.T.);
#6763=EDGE_CURVE('',#7938,#7968,#1230,.T.);
#6764=EDGE_CURVE('',#7969,#7937,#1231,.F.);
#6765=EDGE_CURVE('',#7968,#7969,#8601,.T.);
#6766=EDGE_CURVE('',#7958,#7968,#8602,.T.);
#6767=EDGE_CURVE('',#7958,#7969,#8603,.F.);
#6768=EDGE_CURVE('',#7961,#7969,#1232,.T.);
#6769=EDGE_CURVE('',#7968,#7959,#1233,.T.);
#6770=EDGE_CURVE('',#7970,#7871,#8604,.T.);
#6771=EDGE_CURVE('',#7959,#7970,#1234,.F.);
#6772=EDGE_CURVE('',#7870,#7946,#8605,.T.);
#6773=EDGE_CURVE('',#7970,#7946,#8606,.F.);
#6774=EDGE_CURVE('',#7869,#7947,#8607,.T.);
#6775=EDGE_CURVE('',#7952,#7971,#1235,.F.);
#6776=EDGE_CURVE('',#7971,#7972,#315,.T.);
#6777=EDGE_CURVE('',#7972,#7951,#1236,.T.);
#6778=EDGE_CURVE('',#7973,#7972,#316,.F.);
#6779=EDGE_CURVE('',#7974,#7971,#317,.F.);
#6780=EDGE_CURVE('',#7973,#7974,#318,.T.);
#6781=EDGE_CURVE('',#7975,#7971,#319,.T.);
#6782=EDGE_CURVE('',#7974,#7975,#320,.T.);
#6783=EDGE_CURVE('',#7975,#7953,#1237,.T.);
#6784=EDGE_CURVE('',#7962,#7975,#1238,.T.);
#6785=EDGE_CURVE('',#7973,#7963,#1239,.F.);
#6786=EDGE_CURVE('',#7976,#7951,#8608,.T.);
#6787=EDGE_CURVE('',#7976,#7973,#1240,.F.);
#6788=EDGE_CURVE('',#7977,#7948,#8609,.T.);
#6789=EDGE_CURVE('',#7977,#7976,#8610,.F.);
#6790=EDGE_CURVE('',#7978,#7949,#321,.T.);
#6791=EDGE_CURVE('',#7978,#7977,#1241,.F.);
#6792=EDGE_CURVE('',#7944,#7978,#322,.T.);
#6793=EDGE_CURVE('',#7970,#7943,#1242,.F.);
#6794=EDGE_CURVE('',#7943,#7967,#1243,.T.);
#6795=EDGE_CURVE('',#7966,#7978,#1244,.F.);
#6796=EDGE_CURVE('',#7932,#7880,#8611,.T.);
#6797=EDGE_CURVE('',#7904,#7879,#8612,.T.);
#6798=EDGE_CURVE('',#7574,#7878,#8613,.T.);
#6799=EDGE_CURVE('',#7877,#7575,#8614,.F.);
#6800=EDGE_CURVE('',#7979,#7887,#8615,.T.);
#6801=EDGE_CURVE('',#7980,#7979,#1245,.T.);
#6802=EDGE_CURVE('',#7980,#7908,#1246,.T.);
#6803=EDGE_CURVE('',#7909,#7981,#1247,.T.);
#6804=EDGE_CURVE('',#7982,#7981,#1248,.T.);
#6805=EDGE_CURVE('',#7982,#7983,#8616,.F.);
#6806=EDGE_CURVE('',#7890,#7983,#1249,.T.);
#6807=EDGE_CURVE('',#7884,#7981,#1250,.T.);
#6808=EDGE_CURVE('',#7910,#7984,#1251,.T.);
#6809=EDGE_CURVE('',#7984,#7985,#1252,.T.);
#6810=EDGE_CURVE('',#7885,#7985,#1253,.T.);
#6811=EDGE_CURVE('',#7863,#7986,#1254,.T.);
#6812=EDGE_CURVE('',#7986,#7984,#1255,.T.);
#6813=EDGE_CURVE('',#7980,#7864,#1256,.T.);
#6814=EDGE_CURVE('',#7986,#7987,#1257,.T.);
#6815=EDGE_CURVE('',#7987,#7985,#1258,.T.);
#6816=EDGE_CURVE('',#7979,#7861,#1259,.T.);
#6817=EDGE_CURVE('',#7982,#7882,#1260,.T.);
#6818=EDGE_CURVE('',#7862,#7988,#1261,.T.);
#6819=EDGE_CURVE('',#7988,#7989,#425,.F.);
#6820=EDGE_CURVE('',#7989,#7990,#1262,.T.);
#6821=EDGE_CURVE('',#7987,#7990,#1263,.T.);
#6822=EDGE_CURVE('',#7991,#7990,#1264,.T.);
#6823=EDGE_CURVE('',#7992,#7991,#426,.T.);
#6824=EDGE_CURVE('',#7886,#7992,#1265,.T.);
#6825=EDGE_CURVE('',#7993,#7983,#1266,.T.);
#6826=EDGE_CURVE('',#7994,#7993,#1267,.F.);
#6827=EDGE_CURVE('',#7888,#7994,#1268,.F.);
#6828=EDGE_CURVE('',#7883,#7995,#1269,.F.);
#6829=EDGE_CURVE('',#7995,#7993,#8617,.T.);
#6830=EDGE_CURVE('',#7996,#7995,#8618,.T.);
#6831=EDGE_CURVE('',#7996,#7993,#8619,.T.);
#6832=EDGE_CURVE('',#7991,#7996,#1270,.F.);
#6833=EDGE_CURVE('',#7995,#7992,#1271,.T.);
#6834=EDGE_CURVE('',#7988,#7997,#1272,.T.);
#6835=EDGE_CURVE('',#7997,#7998,#8620,.F.);
#6836=EDGE_CURVE('',#7998,#7989,#1273,.F.);
#6837=EDGE_CURVE('',#7994,#7997,#8621,.F.);
#6838=EDGE_CURVE('',#7994,#7998,#8622,.F.);
#6839=EDGE_CURVE('',#7996,#7998,#1274,.F.);
#6840=EDGE_CURVE('',#7997,#7860,#1275,.T.);
#6841=EDGE_CURVE('',#7903,#7566,#8623,.T.);
#6842=EDGE_CURVE('',#7769,#7877,#8624,.T.);
#6843=EDGE_CURVE('',#7898,#7931,#8625,.F.);
#6844=EDGE_CURVE('',#7932,#7897,#8626,.T.);
#6845=EDGE_CURVE('',#7880,#7897,#8627,.T.);
#6846=EDGE_CURVE('',#7893,#7902,#8628,.T.);
#6847=EDGE_CURVE('',#7906,#7857,#8629,.T.);
#6848=EDGE_CURVE('',#7858,#7567,#8630,.T.);
#6849=EDGE_CURVE('',#7859,#7566,#8631,.T.);
#6850=EDGE_CURVE('',#7772,#7856,#8632,.T.);
#6851=EDGE_CURVE('',#7852,#7903,#8633,.T.);
#6852=EDGE_CURVE('',#7773,#7855,#8634,.T.);
#6853=EDGE_CURVE('',#7853,#7902,#8635,.T.);
#6854=EDGE_CURVE('',#7893,#7854,#8636,.T.);
#6855=EDGE_CURVE('',#7999,#7891,#1276,.T.);
#6856=EDGE_CURVE('',#8000,#7999,#8637,.T.);
#6857=EDGE_CURVE('',#8001,#8000,#1277,.T.);
#6858=EDGE_CURVE('',#8002,#8001,#8638,.T.);
#6859=EDGE_CURVE('',#8003,#8002,#1278,.T.);
#6860=EDGE_CURVE('',#8003,#8004,#1279,.T.);
#6861=EDGE_CURVE('',#8005,#8004,#1280,.T.);
#6862=EDGE_CURVE('',#8006,#8005,#8639,.T.);
#6863=EDGE_CURVE('',#8007,#8006,#1281,.T.);
#6864=EDGE_CURVE('',#8008,#8007,#8640,.T.);
#6865=EDGE_CURVE('',#7892,#8008,#1282,.T.);
#6866=EDGE_CURVE('',#8008,#7911,#1283,.T.);
#6867=EDGE_CURVE('',#7999,#7930,#1284,.T.);
#6868=EDGE_CURVE('',#8009,#7926,#8641,.T.);
#6869=EDGE_CURVE('',#8009,#8003,#1285,.T.);
#6870=EDGE_CURVE('',#8002,#7927,#1286,.T.);
#6871=EDGE_CURVE('',#8004,#8010,#1287,.T.);
#6872=EDGE_CURVE('',#7915,#8010,#8642,.T.);
#6873=EDGE_CURVE('',#8005,#7914,#1288,.T.);
#6874=EDGE_CURVE('',#8001,#7928,#1289,.T.);
#6875=EDGE_CURVE('',#8006,#7913,#1290,.T.);
#6876=EDGE_CURVE('',#8007,#7912,#1291,.T.);
#6877=EDGE_CURVE('',#8000,#7929,#1292,.T.);
#6878=EDGE_CURVE('',#8011,#8009,#1293,.T.);
#6879=EDGE_CURVE('',#7925,#8011,#8643,.T.);
#6880=EDGE_CURVE('',#7429,#8012,#8644,.F.);
#6881=EDGE_CURVE('',#8013,#7428,#8645,.T.);
#6882=EDGE_CURVE('',#8013,#8012,#1294,.F.);
#6883=EDGE_CURVE('',#8014,#8015,#1295,.T.);
#6884=EDGE_CURVE('',#8015,#8016,#8646,.T.);
#6885=EDGE_CURVE('',#8016,#8017,#1296,.F.);
#6886=EDGE_CURVE('',#8014,#8017,#8647,.T.);
#6887=EDGE_CURVE('',#8018,#8019,#323,.F.);
#6888=EDGE_CURVE('',#8018,#8020,#1297,.T.);
#6889=EDGE_CURVE('',#8021,#8020,#324,.F.);
#6890=EDGE_CURVE('',#8022,#8021,#1298,.T.);
#6891=EDGE_CURVE('',#8023,#8022,#1299,.T.);
#6892=EDGE_CURVE('',#8019,#8023,#1300,.T.);
#6893=EDGE_CURVE('',#8024,#8025,#325,.F.);
#6894=EDGE_CURVE('',#8024,#8026,#1301,.T.);
#6895=EDGE_CURVE('',#8027,#8026,#326,.F.);
#6896=EDGE_CURVE('',#8020,#8027,#327,.F.);
#6897=EDGE_CURVE('',#8025,#8018,#328,.F.);
#6898=EDGE_CURVE('',#8028,#8029,#329,.F.);
#6899=EDGE_CURVE('',#8028,#8030,#1302,.T.);
#6900=EDGE_CURVE('',#8031,#8030,#330,.F.);
#6901=EDGE_CURVE('',#8026,#8031,#1303,.T.);
#6902=EDGE_CURVE('',#8029,#8024,#1304,.T.);
#6903=EDGE_CURVE('',#8032,#8033,#1305,.T.);
#6904=EDGE_CURVE('',#8030,#8033,#331,.T.);
#6905=EDGE_CURVE('',#8032,#8028,#332,.T.);
#6906=EDGE_CURVE('',#8034,#8035,#1306,.T.);
#6907=EDGE_CURVE('',#8036,#8034,#8648,.T.);
#6908=EDGE_CURVE('',#8037,#8036,#1307,.F.);
#6909=EDGE_CURVE('',#8038,#8037,#1308,.F.);
#6910=EDGE_CURVE('',#8039,#8038,#8649,.F.);
#6911=EDGE_CURVE('',#8040,#8039,#1309,.F.);
#6912=EDGE_CURVE('',#8041,#8040,#1310,.T.);
#6913=EDGE_CURVE('',#8042,#8041,#8650,.T.);
#6914=EDGE_CURVE('',#8043,#8042,#1311,.T.);
#6915=EDGE_CURVE('',#8033,#8043,#8651,.T.);
#6916=EDGE_CURVE('',#8035,#8032,#8652,.T.);
#6917=EDGE_CURVE('',#8044,#8045,#1312,.T.);
#6918=EDGE_CURVE('',#8046,#8044,#1313,.T.);
#6919=EDGE_CURVE('',#8047,#8046,#427,.T.);
#6920=EDGE_CURVE('',#8048,#8047,#1314,.T.);
#6921=EDGE_CURVE('',#8049,#8048,#1315,.F.);
#6922=EDGE_CURVE('',#8050,#8049,#1316,.F.);
#6923=EDGE_CURVE('',#8051,#8050,#8653,.F.);
#6924=EDGE_CURVE('',#8052,#8051,#1317,.T.);
#6925=EDGE_CURVE('',#8053,#8052,#8654,.F.);
#6926=EDGE_CURVE('',#8045,#8053,#1318,.T.);
#6927=EDGE_CURVE('',#8054,#8055,#8655,.F.);
#6928=EDGE_CURVE('',#8056,#8054,#1319,.F.);
#6929=EDGE_CURVE('',#8057,#8056,#8656,.F.);
#6930=EDGE_CURVE('',#8058,#8057,#1320,.F.);
#6931=EDGE_CURVE('',#8059,#8058,#1321,.F.);
#6932=EDGE_CURVE('',#8060,#8059,#1322,.F.);
#6933=EDGE_CURVE('',#8061,#8060,#428,.T.);
#6934=EDGE_CURVE('',#8062,#8061,#1323,.T.);
#6935=EDGE_CURVE('',#8062,#8063,#1324,.T.);
#6936=EDGE_CURVE('',#8055,#8063,#1325,.F.);
#6937=EDGE_CURVE('',#8064,#8065,#1326,.T.);
#6938=EDGE_CURVE('',#8066,#8065,#1327,.T.);
#6939=EDGE_CURVE('',#8067,#8066,#1328,.T.);
#6940=EDGE_CURVE('',#8064,#8067,#1329,.F.);
#6941=EDGE_CURVE('',#8068,#8069,#1330,.T.);
#6942=EDGE_CURVE('',#8065,#8069,#8657,.T.);
#6943=EDGE_CURVE('',#8068,#8064,#8658,.T.);
#6944=EDGE_CURVE('',#8070,#8071,#1331,.T.);
#6945=EDGE_CURVE('',#8069,#8071,#1332,.T.);
#6946=EDGE_CURVE('',#8070,#8068,#1333,.F.);
#6947=EDGE_CURVE('',#8071,#8022,#8659,.T.);
#6948=EDGE_CURVE('',#8023,#8070,#8660,.T.);
#6949=EDGE_CURVE('',#8017,#8072,#1334,.T.);
#6950=EDGE_CURVE('',#8073,#8016,#1335,.T.);
#6951=EDGE_CURVE('',#8072,#8073,#1336,.F.);
#6952=EDGE_CURVE('',#8015,#8074,#1337,.T.);
#6953=EDGE_CURVE('',#8075,#8014,#1338,.T.);
#6954=EDGE_CURVE('',#8074,#8075,#1339,.F.);
#6955=EDGE_CURVE('',#8076,#8077,#1340,.F.);
#6956=EDGE_CURVE('',#8078,#8076,#1341,.T.);
#6957=EDGE_CURVE('',#8079,#8078,#1342,.F.);
#6958=EDGE_CURVE('',#8080,#8079,#1343,.T.);
#6959=EDGE_CURVE('',#8077,#8080,#333,.F.);
#6960=EDGE_CURVE('',#8081,#8082,#334,.T.);
#6961=EDGE_CURVE('',#8078,#8081,#8661,.F.);
#6962=EDGE_CURVE('',#8082,#8076,#335,.F.);
#6963=EDGE_CURVE('',#8083,#8084,#1344,.T.);
#6964=EDGE_CURVE('',#8085,#8083,#1345,.F.);
#6965=EDGE_CURVE('',#8085,#8086,#1346,.T.);
#6966=EDGE_CURVE('',#8087,#8086,#1347,.F.);
#6967=EDGE_CURVE('',#8084,#8087,#336,.F.);
#6968=EDGE_CURVE('',#8088,#8085,#8662,.F.);
#6969=EDGE_CURVE('',#8089,#8088,#337,.T.);
#6970=EDGE_CURVE('',#8086,#8089,#338,.F.);
#6971=EDGE_CURVE('',#8083,#8048,#8663,.F.);
#6972=EDGE_CURVE('',#8090,#8084,#339,.F.);
#6973=EDGE_CURVE('',#8049,#8090,#340,.F.);
#6974=EDGE_CURVE('',#8080,#8091,#341,.F.);
#6975=EDGE_CURVE('',#8059,#8079,#8664,.F.);
#6976=EDGE_CURVE('',#8091,#8058,#342,.F.);
#6977=EDGE_CURVE('',#8039,#8017,#8665,.T.);
#6978=EDGE_CURVE('',#8040,#8072,#429,.T.);
#6979=EDGE_CURVE('',#8038,#8014,#8666,.T.);
#6980=EDGE_CURVE('',#8075,#8037,#430,.T.);
#6981=EDGE_CURVE('',#8044,#8074,#8667,.T.);
#6982=EDGE_CURVE('',#8075,#8046,#8668,.T.);
#6983=EDGE_CURVE('',#8037,#8047,#8669,.T.);
#6984=EDGE_CURVE('',#8036,#8048,#8670,.T.);
#6985=EDGE_CURVE('',#8034,#8083,#8671,.T.);
#6986=EDGE_CURVE('',#8035,#8085,#8672,.T.);
#6987=EDGE_CURVE('',#8032,#8088,#8673,.T.);
#6988=EDGE_CURVE('',#8028,#8089,#343,.F.);
#6989=EDGE_CURVE('',#8029,#8086,#344,.F.);
#6990=EDGE_CURVE('',#8024,#8087,#345,.T.);
#6991=EDGE_CURVE('',#8025,#8084,#346,.T.);
#6992=EDGE_CURVE('',#8018,#8090,#347,.T.);
#6993=EDGE_CURVE('',#8019,#8049,#348,.F.);
#6994=EDGE_CURVE('',#8023,#8050,#8674,.T.);
#6995=EDGE_CURVE('',#8070,#8051,#8675,.T.);
#6996=EDGE_CURVE('',#8068,#8052,#8676,.T.);
#6997=EDGE_CURVE('',#8064,#8053,#8677,.T.);
#6998=EDGE_CURVE('',#8067,#8045,#431,.T.);
#6999=EDGE_CURVE('',#8073,#8062,#8678,.T.);
#7000=EDGE_CURVE('',#8061,#8072,#8679,.T.);
#7001=EDGE_CURVE('',#8060,#8040,#8680,.T.);
#7002=EDGE_CURVE('',#8059,#8041,#8681,.T.);
#7003=EDGE_CURVE('',#8079,#8042,#8682,.T.);
#7004=EDGE_CURVE('',#8078,#8043,#8683,.T.);
#7005=EDGE_CURVE('',#8081,#8033,#8684,.T.);
#7006=EDGE_CURVE('',#8082,#8030,#349,.F.);
#7007=EDGE_CURVE('',#8076,#8031,#350,.F.);
#7008=EDGE_CURVE('',#8077,#8026,#351,.T.);
#7009=EDGE_CURVE('',#8080,#8027,#352,.T.);
#7010=EDGE_CURVE('',#8091,#8020,#353,.T.);
#7011=EDGE_CURVE('',#8058,#8021,#354,.F.);
#7012=EDGE_CURVE('',#8057,#8022,#8685,.T.);
#7013=EDGE_CURVE('',#8056,#8071,#8686,.T.);
#7014=EDGE_CURVE('',#8054,#8069,#8687,.T.);
#7015=EDGE_CURVE('',#8055,#8065,#8688,.T.);
#7016=EDGE_CURVE('',#8063,#8066,#432,.T.);
#7017=EDGE_CURVE('',#8092,#8093,#1348,.T.);
#7018=EDGE_CURVE('',#8094,#8092,#8689,.F.);
#7019=EDGE_CURVE('',#8095,#8094,#1349,.F.);
#7020=EDGE_CURVE('',#8096,#8095,#8690,.F.);
#7021=EDGE_CURVE('',#8097,#8096,#1350,.F.);
#7022=EDGE_CURVE('',#8098,#8097,#8691,.F.);
#7023=EDGE_CURVE('',#8099,#8098,#1351,.T.);
#7024=EDGE_CURVE('',#8093,#8099,#8692,.F.);
#7025=EDGE_CURVE('',#8100,#8101,#8693,.F.);
#7026=EDGE_CURVE('',#8102,#8101,#1352,.T.);
#7027=EDGE_CURVE('',#8102,#8103,#1353,.T.);
#7028=EDGE_CURVE('',#8103,#8104,#1354,.T.);
#7029=EDGE_CURVE('',#8104,#8100,#1355,.T.);
#7030=EDGE_CURVE('',#8105,#8106,#1356,.T.);
#7031=EDGE_CURVE('',#8107,#8105,#8694,.T.);
#7032=EDGE_CURVE('',#8108,#8107,#1357,.F.);
#7033=EDGE_CURVE('',#8109,#8108,#8695,.T.);
#7034=EDGE_CURVE('',#8110,#8109,#1358,.T.);
#7035=EDGE_CURVE('',#8111,#8110,#8696,.T.);
#7036=EDGE_CURVE('',#8112,#8111,#1359,.T.);
#7037=EDGE_CURVE('',#8113,#8112,#8697,.T.);
#7038=EDGE_CURVE('',#8114,#8113,#1360,.T.);
#7039=EDGE_CURVE('',#8106,#8114,#8698,.T.);
#7040=EDGE_CURVE('',#8115,#8116,#1361,.T.);
#7041=EDGE_CURVE('',#8116,#8117,#1362,.T.);
#7042=EDGE_CURVE('',#8118,#8117,#1363,.T.);
#7043=EDGE_CURVE('',#8119,#8118,#1364,.F.);
#7044=EDGE_CURVE('',#8120,#8119,#8699,.F.);
#7045=EDGE_CURVE('',#8121,#8120,#1365,.F.);
#7046=EDGE_CURVE('',#8115,#8121,#1366,.T.);
#7047=EDGE_CURVE('',#8122,#8123,#8700,.F.);
#7048=EDGE_CURVE('',#8124,#8123,#1367,.T.);
#7049=EDGE_CURVE('',#8124,#8125,#1368,.T.);
#7050=EDGE_CURVE('',#8125,#8126,#1369,.T.);
#7051=EDGE_CURVE('',#8122,#8126,#1370,.T.);
#7052=EDGE_CURVE('',#8127,#8128,#8701,.T.);
#7053=EDGE_CURVE('',#8128,#8129,#1371,.T.);
#7054=EDGE_CURVE('',#8130,#8129,#1372,.T.);
#7055=EDGE_CURVE('',#8127,#8130,#1373,.T.);
#7056=EDGE_CURVE('',#8131,#8011,#1374,.F.);
#7057=EDGE_CURVE('',#8131,#8132,#1375,.T.);
#7058=EDGE_CURVE('',#8133,#8132,#1376,.T.);
#7059=EDGE_CURVE('',#8134,#8133,#1377,.F.);
#7060=EDGE_CURVE('',#8135,#8134,#1378,.F.);
#7061=EDGE_CURVE('',#8010,#8135,#1379,.T.);
#7062=EDGE_CURVE('',#7519,#8012,#1380,.T.);
#7063=EDGE_CURVE('',#8136,#8013,#1381,.F.);
#7064=EDGE_CURVE('',#8137,#8136,#1382,.T.);
#7065=EDGE_CURVE('',#8138,#8137,#1383,.T.);
#7066=EDGE_CURVE('',#8138,#8139,#1384,.T.);
#7067=EDGE_CURVE('',#8140,#8139,#1385,.F.);
#7068=EDGE_CURVE('',#8141,#8140,#1386,.F.);
#7069=EDGE_CURVE('',#8141,#7520,#1387,.T.);
#7070=EDGE_CURVE('',#7421,#7923,#8702,.F.);
#7071=EDGE_CURVE('',#7924,#7420,#8703,.T.);
#7072=EDGE_CURVE('',#7918,#7426,#8704,.T.);
#7073=EDGE_CURVE('',#7427,#7917,#8705,.T.);
#7074=EDGE_CURVE('',#8142,#8132,#1388,.T.);
#7075=EDGE_CURVE('',#8143,#8142,#1389,.T.);
#7076=EDGE_CURVE('',#8144,#8143,#1390,.T.);
#7077=EDGE_CURVE('',#8138,#8144,#1391,.T.);
#7078=EDGE_CURVE('',#8133,#8137,#8706,.F.);
#7079=EDGE_CURVE('',#8116,#8130,#1392,.T.);
#7080=EDGE_CURVE('',#8129,#8142,#1393,.T.);
#7081=EDGE_CURVE('',#8117,#8131,#8707,.T.);
#7082=EDGE_CURVE('',#8144,#8127,#1394,.T.);
#7083=EDGE_CURVE('',#8139,#8115,#8708,.T.);
#7084=EDGE_CURVE('',#7425,#8145,#8709,.T.);
#7085=EDGE_CURVE('',#7424,#8146,#8710,.T.);
#7086=EDGE_CURVE('',#8146,#8145,#433,.T.);
#7087=EDGE_CURVE('',#7426,#8147,#8711,.T.);
#7088=EDGE_CURVE('',#8145,#8147,#1395,.F.);
#7089=EDGE_CURVE('',#7918,#8148,#8712,.T.);
#7090=EDGE_CURVE('',#8147,#8148,#8713,.F.);
#7091=EDGE_CURVE('',#8148,#8149,#1396,.F.);
#7092=EDGE_CURVE('',#8149,#7919,#8714,.T.);
#7093=EDGE_CURVE('',#8149,#8150,#434,.T.);
#7094=EDGE_CURVE('',#8150,#7920,#8715,.T.);
#7095=EDGE_CURVE('',#8151,#8152,#355,.F.);
#7096=EDGE_CURVE('',#8152,#8153,#356,.T.);
#7097=EDGE_CURVE('',#8153,#8151,#357,.F.);
#7098=EDGE_CURVE('',#8153,#8154,#1397,.T.);
#7099=EDGE_CURVE('',#8155,#8153,#358,.F.);
#7100=EDGE_CURVE('',#8156,#8155,#1398,.T.);
#7101=EDGE_CURVE('',#8156,#8157,#1399,.T.);
#7102=EDGE_CURVE('',#8154,#8157,#1400,.F.);
#7103=EDGE_CURVE('',#8158,#8156,#8716,.T.);
#7104=EDGE_CURVE('',#8158,#8159,#1401,.T.);
#7105=EDGE_CURVE('',#8157,#8159,#8717,.F.);
#7106=EDGE_CURVE('',#8114,#8160,#8718,.T.);
#7107=EDGE_CURVE('',#8113,#8159,#8719,.T.);
#7108=EDGE_CURVE('',#8159,#8160,#1402,.F.);
#7109=EDGE_CURVE('',#8106,#8161,#8720,.T.);
#7110=EDGE_CURVE('',#8160,#8161,#8721,.F.);
#7111=EDGE_CURVE('',#8162,#8105,#8722,.T.);
#7112=EDGE_CURVE('',#8161,#8162,#1403,.F.);
#7113=EDGE_CURVE('',#8162,#8163,#8723,.F.);
#7114=EDGE_CURVE('',#8163,#8107,#8724,.T.);
#7115=EDGE_CURVE('',#8164,#8163,#1404,.T.);
#7116=EDGE_CURVE('',#8165,#8164,#1405,.F.);
#7117=EDGE_CURVE('',#8166,#8165,#1406,.F.);
#7118=EDGE_CURVE('',#8163,#8166,#1407,.T.);
#7119=EDGE_CURVE('',#8166,#8108,#8725,.T.);
#7120=EDGE_CURVE('',#8166,#8167,#8726,.F.);
#7121=EDGE_CURVE('',#8167,#8109,#8727,.T.);
#7122=EDGE_CURVE('',#8162,#8168,#1408,.F.);
#7123=EDGE_CURVE('',#8168,#8164,#8728,.T.);
#7124=EDGE_CURVE('',#8169,#8168,#8729,.T.);
#7125=EDGE_CURVE('',#8169,#8164,#8730,.F.);
#7126=EDGE_CURVE('',#8149,#8169,#1409,.F.);
#7127=EDGE_CURVE('',#8168,#8150,#1410,.T.);
#7128=EDGE_CURVE('',#8150,#8170,#1411,.T.);
#7129=EDGE_CURVE('',#8170,#7921,#8731,.T.);
#7130=EDGE_CURVE('',#8170,#8171,#435,.T.);
#7131=EDGE_CURVE('',#8171,#7922,#8732,.T.);
#7132=EDGE_CURVE('',#8171,#8172,#1412,.T.);
#7133=EDGE_CURVE('',#8172,#7923,#8733,.T.);
#7134=EDGE_CURVE('',#8172,#8173,#8734,.T.);
#7135=EDGE_CURVE('',#8173,#7421,#8735,.T.);
#7136=EDGE_CURVE('',#8173,#8174,#1413,.T.);
#7137=EDGE_CURVE('',#7422,#8174,#8736,.T.);
#7138=EDGE_CURVE('',#7423,#8175,#8737,.T.);
#7139=EDGE_CURVE('',#8174,#8175,#436,.T.);
#7140=EDGE_CURVE('',#8175,#8146,#1414,.T.);
#7141=EDGE_CURVE('',#8146,#8176,#1415,.T.);
#7142=EDGE_CURVE('',#8176,#8177,#8738,.T.);
#7143=EDGE_CURVE('',#8177,#8145,#1416,.F.);
#7144=EDGE_CURVE('',#8165,#8176,#8739,.T.);
#7145=EDGE_CURVE('',#8165,#8177,#8740,.F.);
#7146=EDGE_CURVE('',#8169,#8177,#1417,.T.);
#7147=EDGE_CURVE('',#8176,#8167,#1418,.T.);
#7148=EDGE_CURVE('',#8167,#8178,#1419,.F.);
#7149=EDGE_CURVE('',#8178,#8110,#8741,.T.);
#7150=EDGE_CURVE('',#8111,#8154,#8742,.T.);
#7151=EDGE_CURVE('',#8178,#8154,#8743,.F.);
#7152=EDGE_CURVE('',#8112,#8157,#8744,.T.);
#7153=EDGE_CURVE('',#8179,#8158,#1420,.T.);
#7154=EDGE_CURVE('',#8180,#8179,#359,.F.);
#7155=EDGE_CURVE('',#8160,#8180,#1421,.F.);
#7156=EDGE_CURVE('',#8181,#8179,#360,.T.);
#7157=EDGE_CURVE('',#8181,#8182,#361,.F.);
#7158=EDGE_CURVE('',#8182,#8180,#362,.F.);
#7159=EDGE_CURVE('',#8182,#8183,#363,.T.);
#7160=EDGE_CURVE('',#8183,#8180,#364,.T.);
#7161=EDGE_CURVE('',#8183,#8161,#1422,.T.);
#7162=EDGE_CURVE('',#8170,#8183,#1423,.T.);
#7163=EDGE_CURVE('',#8181,#8171,#1424,.F.);
#7164=EDGE_CURVE('',#8184,#8158,#8745,.T.);
#7165=EDGE_CURVE('',#8184,#8181,#1425,.F.);
#7166=EDGE_CURVE('',#8185,#8156,#8746,.T.);
#7167=EDGE_CURVE('',#8185,#8184,#8747,.F.);
#7168=EDGE_CURVE('',#8186,#8155,#365,.F.);
#7169=EDGE_CURVE('',#8186,#8185,#1426,.F.);
#7170=EDGE_CURVE('',#8152,#8186,#366,.F.);
#7171=EDGE_CURVE('',#8178,#8151,#1427,.F.);
#7172=EDGE_CURVE('',#8151,#8175,#1428,.T.);
#7173=EDGE_CURVE('',#8174,#8186,#1429,.F.);
#7174=EDGE_CURVE('',#7924,#8119,#8748,.T.);
#7175=EDGE_CURVE('',#7925,#8118,#8749,.T.);
#7176=EDGE_CURVE('',#7420,#8120,#8750,.T.);
#7177=EDGE_CURVE('',#8121,#7419,#8751,.F.);
#7178=EDGE_CURVE('',#8187,#8144,#1430,.T.);
#7179=EDGE_CURVE('',#8187,#8188,#1431,.T.);
#7180=EDGE_CURVE('',#8188,#8127,#8752,.T.);
#7181=EDGE_CURVE('',#8129,#8189,#1432,.T.);
#7182=EDGE_CURVE('',#8190,#8189,#8753,.F.);
#7183=EDGE_CURVE('',#8190,#8191,#1433,.T.);
#7184=EDGE_CURVE('',#8142,#8191,#1434,.T.);
#7185=EDGE_CURVE('',#8125,#8192,#1435,.T.);
#7186=EDGE_CURVE('',#8193,#8192,#1436,.T.);
#7187=EDGE_CURVE('',#8143,#8193,#1437,.T.);
#7188=EDGE_CURVE('',#8126,#8191,#1438,.T.);
#7189=EDGE_CURVE('',#8103,#8194,#1439,.T.);
#7190=EDGE_CURVE('',#8187,#8102,#1440,.T.);
#7191=EDGE_CURVE('',#8194,#8193,#1441,.T.);
#7192=EDGE_CURVE('',#8195,#8192,#1442,.T.);
#7193=EDGE_CURVE('',#8194,#8195,#1443,.T.);
#7194=EDGE_CURVE('',#8124,#8196,#1444,.T.);
#7195=EDGE_CURVE('',#8196,#8197,#437,.T.);
#7196=EDGE_CURVE('',#8197,#8198,#1445,.T.);
#7197=EDGE_CURVE('',#8195,#8198,#1446,.T.);
#7198=EDGE_CURVE('',#8104,#8199,#1447,.T.);
#7199=EDGE_CURVE('',#8200,#8198,#1448,.T.);
#7200=EDGE_CURVE('',#8199,#8200,#438,.F.);
#7201=EDGE_CURVE('',#8190,#8122,#1449,.T.);
#7202=EDGE_CURVE('',#8188,#8101,#1450,.T.);
#7203=EDGE_CURVE('',#8128,#8201,#1451,.F.);
#7204=EDGE_CURVE('',#8201,#8202,#1452,.F.);
#7205=EDGE_CURVE('',#8202,#8189,#1453,.T.);
#7206=EDGE_CURVE('',#8203,#8202,#8754,.T.);
#7207=EDGE_CURVE('',#8123,#8203,#1454,.F.);
#7208=EDGE_CURVE('',#8204,#8203,#8755,.T.);
#7209=EDGE_CURVE('',#8204,#8202,#8756,.T.);
#7210=EDGE_CURVE('',#8197,#8204,#1455,.F.);
#7211=EDGE_CURVE('',#8203,#8196,#1456,.T.);
#7212=EDGE_CURVE('',#8199,#8205,#1457,.T.);
#7213=EDGE_CURVE('',#8206,#8200,#1458,.F.);
#7214=EDGE_CURVE('',#8205,#8206,#8757,.F.);
#7215=EDGE_CURVE('',#8201,#8205,#8758,.F.);
#7216=EDGE_CURVE('',#8201,#8206,#8759,.F.);
#7217=EDGE_CURVE('',#8204,#8206,#1459,.F.);
#7218=EDGE_CURVE('',#8205,#8100,#1460,.T.);
#7219=EDGE_CURVE('',#8141,#7418,#8760,.F.);
#7220=EDGE_CURVE('',#8140,#7419,#8761,.T.);
#7221=EDGE_CURVE('',#8140,#8121,#8762,.T.);
#7222=EDGE_CURVE('',#7916,#8135,#8763,.T.);
#7223=EDGE_CURVE('',#8118,#8011,#8764,.T.);
#7224=EDGE_CURVE('',#8134,#8136,#8765,.T.);
#7225=EDGE_CURVE('',#7917,#8096,#8766,.T.);
#7226=EDGE_CURVE('',#8095,#7427,#8767,.T.);
#7227=EDGE_CURVE('',#8094,#7428,#8768,.T.);
#7228=EDGE_CURVE('',#7916,#8097,#8769,.T.);
#7229=EDGE_CURVE('',#8092,#8013,#8770,.T.);
#7230=EDGE_CURVE('',#8135,#8098,#8771,.T.);
#7231=EDGE_CURVE('',#8093,#8136,#8772,.T.);
#7232=EDGE_CURVE('',#8134,#8099,#8773,.T.);
#7233=EDGE_CURVE('',#7518,#7430,#1461,.T.);
#7234=EDGE_CURVE('',#7521,#7417,#1462,.T.);
#7235=EDGE_CURVE('',#7523,#7415,#1463,.T.);
#7236=EDGE_CURVE('',#7516,#7432,#1464,.T.);
#7237=EDGE_CURVE('',#7517,#7431,#1465,.T.);
#7238=EDGE_CURVE('',#7522,#7416,#1466,.T.);
#7239=VERTEX_POINT('',#15768);
#7240=VERTEX_POINT('',#15769);
#7241=VERTEX_POINT('',#15771);
#7242=VERTEX_POINT('',#15773);
#7243=VERTEX_POINT('',#15777);
#7244=VERTEX_POINT('',#15778);
#7245=VERTEX_POINT('',#15780);
#7246=VERTEX_POINT('',#15782);
#7247=VERTEX_POINT('',#15786);
#7248=VERTEX_POINT('',#15787);
#7249=VERTEX_POINT('',#15789);
#7250=VERTEX_POINT('',#15791);
#7251=VERTEX_POINT('',#15795);
#7252=VERTEX_POINT('',#15796);
#7253=VERTEX_POINT('',#15798);
#7254=VERTEX_POINT('',#15800);
#7255=VERTEX_POINT('',#15802);
#7256=VERTEX_POINT('',#15807);
#7257=VERTEX_POINT('',#15814);
#7258=VERTEX_POINT('',#15815);
#7259=VERTEX_POINT('',#15825);
#7260=VERTEX_POINT('',#15830);
#7261=VERTEX_POINT('',#15837);
#7262=VERTEX_POINT('',#15838);
#7263=VERTEX_POINT('',#15841);
#7264=VERTEX_POINT('',#15846);
#7265=VERTEX_POINT('',#15850);
#7266=VERTEX_POINT('',#15851);
#7267=VERTEX_POINT('',#15862);
#7268=VERTEX_POINT('',#15863);
#7269=VERTEX_POINT('',#15866);
#7270=VERTEX_POINT('',#15868);
#7271=VERTEX_POINT('',#15870);
#7272=VERTEX_POINT('',#15872);
#7273=VERTEX_POINT('',#15874);
#7274=VERTEX_POINT('',#15876);
#7275=VERTEX_POINT('',#15878);
#7276=VERTEX_POINT('',#15880);
#7277=VERTEX_POINT('',#15884);
#7278=VERTEX_POINT('',#15885);
#7279=VERTEX_POINT('',#15887);
#7280=VERTEX_POINT('',#15889);
#7281=VERTEX_POINT('',#15891);
#7282=VERTEX_POINT('',#15893);
#7283=VERTEX_POINT('',#15895);
#7284=VERTEX_POINT('',#15897);
#7285=VERTEX_POINT('',#15899);
#7286=VERTEX_POINT('',#15901);
#7287=VERTEX_POINT('',#15905);
#7288=VERTEX_POINT('',#15906);
#7289=VERTEX_POINT('',#15908);
#7290=VERTEX_POINT('',#15910);
#7291=VERTEX_POINT('',#15912);
#7292=VERTEX_POINT('',#15914);
#7293=VERTEX_POINT('',#15916);
#7294=VERTEX_POINT('',#15918);
#7295=VERTEX_POINT('',#15920);
#7296=VERTEX_POINT('',#15922);
#7297=VERTEX_POINT('',#15926);
#7298=VERTEX_POINT('',#15927);
#7299=VERTEX_POINT('',#15929);
#7300=VERTEX_POINT('',#15931);
#7301=VERTEX_POINT('',#15935);
#7302=VERTEX_POINT('',#15936);
#7303=VERTEX_POINT('',#15941);
#7304=VERTEX_POINT('',#15942);
#7305=VERTEX_POINT('',#15950);
#7306=VERTEX_POINT('',#15952);
#7307=VERTEX_POINT('',#15956);
#7308=VERTEX_POINT('',#15958);
#7309=VERTEX_POINT('',#15962);
#7310=VERTEX_POINT('',#15963);
#7311=VERTEX_POINT('',#15968);
#7312=VERTEX_POINT('',#15970);
#7313=VERTEX_POINT('',#15972);
#7314=VERTEX_POINT('',#15980);
#7315=VERTEX_POINT('',#15981);
#7316=VERTEX_POINT('',#15989);
#7317=VERTEX_POINT('',#15990);
#7318=VERTEX_POINT('',#15995);
#7319=VERTEX_POINT('',#15997);
#7320=VERTEX_POINT('',#15999);
#7321=VERTEX_POINT('',#16006);
#7322=VERTEX_POINT('',#16012);
#7323=VERTEX_POINT('',#16016);
#7324=VERTEX_POINT('',#16027);
#7325=VERTEX_POINT('',#16206);
#7326=VERTEX_POINT('',#16207);
#7327=VERTEX_POINT('',#16209);
#7328=VERTEX_POINT('',#16211);
#7329=VERTEX_POINT('',#16213);
#7330=VERTEX_POINT('',#16215);
#7331=VERTEX_POINT('',#16217);
#7332=VERTEX_POINT('',#16219);
#7333=VERTEX_POINT('',#16223);
#7334=VERTEX_POINT('',#16224);
#7335=VERTEX_POINT('',#16226);
#7336=VERTEX_POINT('',#16228);
#7337=VERTEX_POINT('',#16230);
#7338=VERTEX_POINT('',#16233);
#7339=VERTEX_POINT('',#16234);
#7340=VERTEX_POINT('',#16236);
#7341=VERTEX_POINT('',#16238);
#7342=VERTEX_POINT('',#16240);
#7343=VERTEX_POINT('',#16242);
#7344=VERTEX_POINT('',#16244);
#7345=VERTEX_POINT('',#16246);
#7346=VERTEX_POINT('',#16248);
#7347=VERTEX_POINT('',#16250);
#7348=VERTEX_POINT('',#16253);
#7349=VERTEX_POINT('',#16254);
#7350=VERTEX_POINT('',#16256);
#7351=VERTEX_POINT('',#16258);
#7352=VERTEX_POINT('',#16260);
#7353=VERTEX_POINT('',#16262);
#7354=VERTEX_POINT('',#16264);
#7355=VERTEX_POINT('',#16267);
#7356=VERTEX_POINT('',#16268);
#7357=VERTEX_POINT('',#16270);
#7358=VERTEX_POINT('',#16272);
#7359=VERTEX_POINT('',#16274);
#7360=VERTEX_POINT('',#16278);
#7361=VERTEX_POINT('',#16279);
#7362=VERTEX_POINT('',#16281);
#7363=VERTEX_POINT('',#16283);
#7364=VERTEX_POINT('',#16287);
#7365=VERTEX_POINT('',#16288);
#7366=VERTEX_POINT('',#16291);
#7367=VERTEX_POINT('',#16293);
#7368=VERTEX_POINT('',#16295);
#7369=VERTEX_POINT('',#16297);
#7370=VERTEX_POINT('',#16299);
#7371=VERTEX_POINT('',#16301);
#7372=VERTEX_POINT('',#16305);
#7373=VERTEX_POINT('',#16306);
#7374=VERTEX_POINT('',#16309);
#7375=VERTEX_POINT('',#16311);
#7376=VERTEX_POINT('',#16313);
#7377=VERTEX_POINT('',#16315);
#7378=VERTEX_POINT('',#16317);
#7379=VERTEX_POINT('',#16319);
#7380=VERTEX_POINT('',#16323);
#7381=VERTEX_POINT('',#16324);
#7382=VERTEX_POINT('',#16326);
#7383=VERTEX_POINT('',#16328);
#7384=VERTEX_POINT('',#16332);
#7385=VERTEX_POINT('',#16333);
#7386=VERTEX_POINT('',#16335);
#7387=VERTEX_POINT('',#16337);
#7388=VERTEX_POINT('',#16342);
#7389=VERTEX_POINT('',#16344);
#7390=VERTEX_POINT('',#16346);
#7391=VERTEX_POINT('',#16348);
#7392=VERTEX_POINT('',#16350);
#7393=VERTEX_POINT('',#16352);
#7394=VERTEX_POINT('',#16354);
#7395=VERTEX_POINT('',#16356);
#7396=VERTEX_POINT('',#16358);
#7397=VERTEX_POINT('',#16360);
#7398=VERTEX_POINT('',#16362);
#7399=VERTEX_POINT('',#16364);
#7400=VERTEX_POINT('',#16366);
#7401=VERTEX_POINT('',#16368);
#7402=VERTEX_POINT('',#16370);
#7403=VERTEX_POINT('',#16372);
#7404=VERTEX_POINT('',#16374);
#7405=VERTEX_POINT('',#16376);
#7406=VERTEX_POINT('',#16378);
#7407=VERTEX_POINT('',#16380);
#7408=VERTEX_POINT('',#16382);
#7409=VERTEX_POINT('',#16384);
#7410=VERTEX_POINT('',#16387);
#7411=VERTEX_POINT('',#16389);
#7412=VERTEX_POINT('',#16391);
#7413=VERTEX_POINT('',#16393);
#7414=VERTEX_POINT('',#16397);
#7415=VERTEX_POINT('',#16399);
#7416=VERTEX_POINT('',#16401);
#7417=VERTEX_POINT('',#16403);
#7418=VERTEX_POINT('',#16405);
#7419=VERTEX_POINT('',#16407);
#7420=VERTEX_POINT('',#16409);
#7421=VERTEX_POINT('',#16411);
#7422=VERTEX_POINT('',#16413);
#7423=VERTEX_POINT('',#16415);
#7424=VERTEX_POINT('',#16417);
#7425=VERTEX_POINT('',#16419);
#7426=VERTEX_POINT('',#16421);
#7427=VERTEX_POINT('',#16423);
#7428=VERTEX_POINT('',#16425);
#7429=VERTEX_POINT('',#16427);
#7430=VERTEX_POINT('',#16429);
#7431=VERTEX_POINT('',#16431);
#7432=VERTEX_POINT('',#16433);
#7433=VERTEX_POINT('',#16435);
#7434=VERTEX_POINT('',#16437);
#7435=VERTEX_POINT('',#16439);
#7436=VERTEX_POINT('',#16442);
#7437=VERTEX_POINT('',#16444);
#7438=VERTEX_POINT('',#16446);
#7439=VERTEX_POINT('',#16448);
#7440=VERTEX_POINT('',#16454);
#7441=VERTEX_POINT('',#16456);
#7442=VERTEX_POINT('',#16458);
#7443=VERTEX_POINT('',#16483);
#7444=VERTEX_POINT('',#16485);
#7445=VERTEX_POINT('',#16489);
#7446=VERTEX_POINT('',#16493);
#7447=VERTEX_POINT('',#16497);
#7448=VERTEX_POINT('',#16515);
#7449=VERTEX_POINT('',#16522);
#7450=VERTEX_POINT('',#16523);
#7451=VERTEX_POINT('',#16528);
#7452=VERTEX_POINT('',#16535);
#7453=VERTEX_POINT('',#16537);
#7454=VERTEX_POINT('',#16539);
#7455=VERTEX_POINT('',#16541);
#7456=VERTEX_POINT('',#16548);
#7457=VERTEX_POINT('',#16550);
#7458=VERTEX_POINT('',#16554);
#7459=VERTEX_POINT('',#16559);
#7460=VERTEX_POINT('',#16563);
#7461=VERTEX_POINT('',#16567);
#7462=VERTEX_POINT('',#16571);
#7463=VERTEX_POINT('',#16573);
#7464=VERTEX_POINT('',#16575);
#7465=VERTEX_POINT('',#16580);
#7466=VERTEX_POINT('',#16585);
#7467=VERTEX_POINT('',#16589);
#7468=VERTEX_POINT('',#16596);
#7469=VERTEX_POINT('',#16614);
#7470=VERTEX_POINT('',#16618);
#7471=VERTEX_POINT('',#16622);
#7472=VERTEX_POINT('',#16626);
#7473=VERTEX_POINT('',#16644);
#7474=VERTEX_POINT('',#16650);
#7475=VERTEX_POINT('',#16652);
#7476=VERTEX_POINT('',#16664);
#7477=VERTEX_POINT('',#16674);
#7478=VERTEX_POINT('',#16679);
#7479=VERTEX_POINT('',#16686);
#7480=VERTEX_POINT('',#16691);
#7481=VERTEX_POINT('',#16701);
#7482=VERTEX_POINT('',#16714);
#7483=VERTEX_POINT('',#16718);
#7484=VERTEX_POINT('',#16725);
#7485=VERTEX_POINT('',#16748);
#7486=VERTEX_POINT('',#16750);
#7487=VERTEX_POINT('',#16754);
#7488=VERTEX_POINT('',#16756);
#7489=VERTEX_POINT('',#16758);
#7490=VERTEX_POINT('',#16763);
#7491=VERTEX_POINT('',#16765);
#7492=VERTEX_POINT('',#16769);
#7493=VERTEX_POINT('',#16774);
#7494=VERTEX_POINT('',#16778);
#7495=VERTEX_POINT('',#16780);
#7496=VERTEX_POINT('',#16782);
#7497=VERTEX_POINT('',#16786);
#7498=VERTEX_POINT('',#16788);
#7499=VERTEX_POINT('',#16796);
#7500=VERTEX_POINT('',#16798);
#7501=VERTEX_POINT('',#16802);
#7502=VERTEX_POINT('',#16806);
#7503=VERTEX_POINT('',#16813);
#7504=VERTEX_POINT('',#16815);
#7505=VERTEX_POINT('',#16859);
#7506=VERTEX_POINT('',#16861);
#7507=VERTEX_POINT('',#16863);
#7508=VERTEX_POINT('',#16865);
#7509=VERTEX_POINT('',#16867);
#7510=VERTEX_POINT('',#16869);
#7511=VERTEX_POINT('',#16871);
#7512=VERTEX_POINT('',#16873);
#7513=VERTEX_POINT('',#16875);
#7514=VERTEX_POINT('',#16877);
#7515=VERTEX_POINT('',#16881);
#7516=VERTEX_POINT('',#16883);
#7517=VERTEX_POINT('',#16885);
#7518=VERTEX_POINT('',#16887);
#7519=VERTEX_POINT('',#16889);
#7520=VERTEX_POINT('',#16891);
#7521=VERTEX_POINT('',#16893);
#7522=VERTEX_POINT('',#16895);
#7523=VERTEX_POINT('',#16897);
#7524=VERTEX_POINT('',#16899);
#7525=VERTEX_POINT('',#16911);
#7526=VERTEX_POINT('',#16916);
#7527=VERTEX_POINT('',#16931);
#7528=VERTEX_POINT('',#16935);
#7529=VERTEX_POINT('',#16936);
#7530=VERTEX_POINT('',#16938);
#7531=VERTEX_POINT('',#16940);
#7532=VERTEX_POINT('',#16942);
#7533=VERTEX_POINT('',#16944);
#7534=VERTEX_POINT('',#16946);
#7535=VERTEX_POINT('',#16948);
#7536=VERTEX_POINT('',#16950);
#7537=VERTEX_POINT('',#16952);
#7538=VERTEX_POINT('',#16954);
#7539=VERTEX_POINT('',#16956);
#7540=VERTEX_POINT('',#16960);
#7541=VERTEX_POINT('',#16961);
#7542=VERTEX_POINT('',#16964);
#7543=VERTEX_POINT('',#16968);
#7544=VERTEX_POINT('',#16970);
#7545=VERTEX_POINT('',#16972);
#7546=VERTEX_POINT('',#16976);
#7547=VERTEX_POINT('',#16977);
#7548=VERTEX_POINT('',#16980);
#7549=VERTEX_POINT('',#16984);
#7550=VERTEX_POINT('',#16986);
#7551=VERTEX_POINT('',#16988);
#7552=VERTEX_POINT('',#16992);
#7553=VERTEX_POINT('',#16996);
#7554=VERTEX_POINT('',#17000);
#7555=VERTEX_POINT('',#17006);
#7556=VERTEX_POINT('',#17012);
#7557=VERTEX_POINT('',#17014);
#7558=VERTEX_POINT('',#17016);
#7559=VERTEX_POINT('',#17018);
#7560=VERTEX_POINT('',#17020);
#7561=VERTEX_POINT('',#17022);
#7562=VERTEX_POINT('',#17024);
#7563=VERTEX_POINT('',#17026);
#7564=VERTEX_POINT('',#17028);
#7565=VERTEX_POINT('',#17030);
#7566=VERTEX_POINT('',#17033);
#7567=VERTEX_POINT('',#17035);
#7568=VERTEX_POINT('',#17037);
#7569=VERTEX_POINT('',#17039);
#7570=VERTEX_POINT('',#17041);
#7571=VERTEX_POINT('',#17043);
#7572=VERTEX_POINT('',#17045);
#7573=VERTEX_POINT('',#17047);
#7574=VERTEX_POINT('',#17049);
#7575=VERTEX_POINT('',#17051);
#7576=VERTEX_POINT('',#17055);
#7577=VERTEX_POINT('',#17059);
#7578=VERTEX_POINT('',#17060);
#7579=VERTEX_POINT('',#17062);
#7580=VERTEX_POINT('',#17064);
#7581=VERTEX_POINT('',#17068);
#7582=VERTEX_POINT('',#17069);
#7583=VERTEX_POINT('',#17071);
#7584=VERTEX_POINT('',#17076);
#7585=VERTEX_POINT('',#17078);
#7586=VERTEX_POINT('',#17080);
#7587=VERTEX_POINT('',#17087);
#7588=VERTEX_POINT('',#17088);
#7589=VERTEX_POINT('',#17090);
#7590=VERTEX_POINT('',#17095);
#7591=VERTEX_POINT('',#17110);
#7592=VERTEX_POINT('',#17111);
#7593=VERTEX_POINT('',#17113);
#7594=VERTEX_POINT('',#17118);
#7595=VERTEX_POINT('',#17123);
#7596=VERTEX_POINT('',#17124);
#7597=VERTEX_POINT('',#17135);
#7598=VERTEX_POINT('',#17136);
#7599=VERTEX_POINT('',#17138);
#7600=VERTEX_POINT('',#17140);
#7601=VERTEX_POINT('',#17142);
#7602=VERTEX_POINT('',#17144);
#7603=VERTEX_POINT('',#17146);
#7604=VERTEX_POINT('',#17148);
#7605=VERTEX_POINT('',#17150);
#7606=VERTEX_POINT('',#17152);
#7607=VERTEX_POINT('',#17157);
#7608=VERTEX_POINT('',#17158);
#7609=VERTEX_POINT('',#17160);
#7610=VERTEX_POINT('',#17162);
#7611=VERTEX_POINT('',#17164);
#7612=VERTEX_POINT('',#17166);
#7613=VERTEX_POINT('',#17168);
#7614=VERTEX_POINT('',#17170);
#7615=VERTEX_POINT('',#17172);
#7616=VERTEX_POINT('',#17174);
#7617=VERTEX_POINT('',#17178);
#7618=VERTEX_POINT('',#17179);
#7619=VERTEX_POINT('',#17181);
#7620=VERTEX_POINT('',#17183);
#7621=VERTEX_POINT('',#17185);
#7622=VERTEX_POINT('',#17187);
#7623=VERTEX_POINT('',#17189);
#7624=VERTEX_POINT('',#17191);
#7625=VERTEX_POINT('',#17193);
#7626=VERTEX_POINT('',#17195);
#7627=VERTEX_POINT('',#17199);
#7628=VERTEX_POINT('',#17200);
#7629=VERTEX_POINT('',#17202);
#7630=VERTEX_POINT('',#17204);
#7631=VERTEX_POINT('',#17208);
#7632=VERTEX_POINT('',#17209);
#7633=VERTEX_POINT('',#17214);
#7634=VERTEX_POINT('',#17215);
#7635=VERTEX_POINT('',#17223);
#7636=VERTEX_POINT('',#17225);
#7637=VERTEX_POINT('',#17229);
#7638=VERTEX_POINT('',#17231);
#7639=VERTEX_POINT('',#17235);
#7640=VERTEX_POINT('',#17236);
#7641=VERTEX_POINT('',#17238);
#7642=VERTEX_POINT('',#17240);
#7643=VERTEX_POINT('',#17242);
#7644=VERTEX_POINT('',#17250);
#7645=VERTEX_POINT('',#17251);
#7646=VERTEX_POINT('',#17259);
#7647=VERTEX_POINT('',#17260);
#7648=VERTEX_POINT('',#17262);
#7649=VERTEX_POINT('',#17264);
#7650=VERTEX_POINT('',#17266);
#7651=VERTEX_POINT('',#17273);
#7652=VERTEX_POINT('',#17279);
#7653=VERTEX_POINT('',#17290);
#7654=VERTEX_POINT('',#17297);
#7655=VERTEX_POINT('',#17476);
#7656=VERTEX_POINT('',#17477);
#7657=VERTEX_POINT('',#17479);
#7658=VERTEX_POINT('',#17481);
#7659=VERTEX_POINT('',#17483);
#7660=VERTEX_POINT('',#17485);
#7661=VERTEX_POINT('',#17487);
#7662=VERTEX_POINT('',#17489);
#7663=VERTEX_POINT('',#17493);
#7664=VERTEX_POINT('',#17494);
#7665=VERTEX_POINT('',#17496);
#7666=VERTEX_POINT('',#17498);
#7667=VERTEX_POINT('',#17500);
#7668=VERTEX_POINT('',#17503);
#7669=VERTEX_POINT('',#17504);
#7670=VERTEX_POINT('',#17506);
#7671=VERTEX_POINT('',#17508);
#7672=VERTEX_POINT('',#17510);
#7673=VERTEX_POINT('',#17512);
#7674=VERTEX_POINT('',#17514);
#7675=VERTEX_POINT('',#17516);
#7676=VERTEX_POINT('',#17518);
#7677=VERTEX_POINT('',#17520);
#7678=VERTEX_POINT('',#17523);
#7679=VERTEX_POINT('',#17524);
#7680=VERTEX_POINT('',#17526);
#7681=VERTEX_POINT('',#17528);
#7682=VERTEX_POINT('',#17530);
#7683=VERTEX_POINT('',#17532);
#7684=VERTEX_POINT('',#17534);
#7685=VERTEX_POINT('',#17537);
#7686=VERTEX_POINT('',#17538);
#7687=VERTEX_POINT('',#17540);
#7688=VERTEX_POINT('',#17542);
#7689=VERTEX_POINT('',#17544);
#7690=VERTEX_POINT('',#17548);
#7691=VERTEX_POINT('',#17549);
#7692=VERTEX_POINT('',#17551);
#7693=VERTEX_POINT('',#17553);
#7694=VERTEX_POINT('',#17557);
#7695=VERTEX_POINT('',#17559);
#7696=VERTEX_POINT('',#17561);
#7697=VERTEX_POINT('',#17563);
#7698=VERTEX_POINT('',#17565);
#7699=VERTEX_POINT('',#17569);
#7700=VERTEX_POINT('',#17571);
#7701=VERTEX_POINT('',#17573);
#7702=VERTEX_POINT('',#17575);
#7703=VERTEX_POINT('',#17577);
#7704=VERTEX_POINT('',#17587);
#7705=VERTEX_POINT('',#17589);
#7706=VERTEX_POINT('',#17591);
#7707=VERTEX_POINT('',#17617);
#7708=VERTEX_POINT('',#17619);
#7709=VERTEX_POINT('',#17623);
#7710=VERTEX_POINT('',#17627);
#7711=VERTEX_POINT('',#17631);
#7712=VERTEX_POINT('',#17649);
#7713=VERTEX_POINT('',#17656);
#7714=VERTEX_POINT('',#17657);
#7715=VERTEX_POINT('',#17662);
#7716=VERTEX_POINT('',#17669);
#7717=VERTEX_POINT('',#17671);
#7718=VERTEX_POINT('',#17673);
#7719=VERTEX_POINT('',#17675);
#7720=VERTEX_POINT('',#17679);
#7721=VERTEX_POINT('',#17681);
#7722=VERTEX_POINT('',#17685);
#7723=VERTEX_POINT('',#17690);
#7724=VERTEX_POINT('',#17694);
#7725=VERTEX_POINT('',#17698);
#7726=VERTEX_POINT('',#17702);
#7727=VERTEX_POINT('',#17704);
#7728=VERTEX_POINT('',#17706);
#7729=VERTEX_POINT('',#17711);
#7730=VERTEX_POINT('',#17716);
#7731=VERTEX_POINT('',#17720);
#7732=VERTEX_POINT('',#17727);
#7733=VERTEX_POINT('',#17745);
#7734=VERTEX_POINT('',#17749);
#7735=VERTEX_POINT('',#17753);
#7736=VERTEX_POINT('',#17757);
#7737=VERTEX_POINT('',#17775);
#7738=VERTEX_POINT('',#17781);
#7739=VERTEX_POINT('',#17783);
#7740=VERTEX_POINT('',#17795);
#7741=VERTEX_POINT('',#17805);
#7742=VERTEX_POINT('',#17810);
#7743=VERTEX_POINT('',#17832);
#7744=VERTEX_POINT('',#17837);
#7745=VERTEX_POINT('',#17847);
#7746=VERTEX_POINT('',#17860);
#7747=VERTEX_POINT('',#17864);
#7748=VERTEX_POINT('',#17868);
#7749=VERTEX_POINT('',#17899);
#7750=VERTEX_POINT('',#17901);
#7751=VERTEX_POINT('',#17905);
#7752=VERTEX_POINT('',#17907);
#7753=VERTEX_POINT('',#17909);
#7754=VERTEX_POINT('',#17913);
#7755=VERTEX_POINT('',#17915);
#7756=VERTEX_POINT('',#17920);
#7757=VERTEX_POINT('',#17925);
#7758=VERTEX_POINT('',#17929);
#7759=VERTEX_POINT('',#17931);
#7760=VERTEX_POINT('',#17933);
#7761=VERTEX_POINT('',#17937);
#7762=VERTEX_POINT('',#17939);
#7763=VERTEX_POINT('',#17947);
#7764=VERTEX_POINT('',#17949);
#7765=VERTEX_POINT('',#17953);
#7766=VERTEX_POINT('',#17957);
#7767=VERTEX_POINT('',#17964);
#7768=VERTEX_POINT('',#17966);
#7769=VERTEX_POINT('',#18008);
#7770=VERTEX_POINT('',#18012);
#7771=VERTEX_POINT('',#18013);
#7772=VERTEX_POINT('',#18015);
#7773=VERTEX_POINT('',#18017);
#7774=VERTEX_POINT('',#18021);
#7775=VERTEX_POINT('',#18022);
#7776=VERTEX_POINT('',#18024);
#7777=VERTEX_POINT('',#18026);
#7778=VERTEX_POINT('',#18033);
#7779=VERTEX_POINT('',#18034);
#7780=VERTEX_POINT('',#18036);
#7781=VERTEX_POINT('',#18038);
#7782=VERTEX_POINT('',#18040);
#7783=VERTEX_POINT('',#18045);
#7784=VERTEX_POINT('',#18052);
#7785=VERTEX_POINT('',#18053);
#7786=VERTEX_POINT('',#18062);
#7787=VERTEX_POINT('',#18067);
#7788=VERTEX_POINT('',#18074);
#7789=VERTEX_POINT('',#18075);
#7790=VERTEX_POINT('',#18078);
#7791=VERTEX_POINT('',#18083);
#7792=VERTEX_POINT('',#18087);
#7793=VERTEX_POINT('',#18088);
#7794=VERTEX_POINT('',#18099);
#7795=VERTEX_POINT('',#18100);
#7796=VERTEX_POINT('',#18103);
#7797=VERTEX_POINT('',#18105);
#7798=VERTEX_POINT('',#18107);
#7799=VERTEX_POINT('',#18109);
#7800=VERTEX_POINT('',#18111);
#7801=VERTEX_POINT('',#18113);
#7802=VERTEX_POINT('',#18115);
#7803=VERTEX_POINT('',#18117);
#7804=VERTEX_POINT('',#18121);
#7805=VERTEX_POINT('',#18122);
#7806=VERTEX_POINT('',#18124);
#7807=VERTEX_POINT('',#18126);
#7808=VERTEX_POINT('',#18128);
#7809=VERTEX_POINT('',#18130);
#7810=VERTEX_POINT('',#18132);
#7811=VERTEX_POINT('',#18134);
#7812=VERTEX_POINT('',#18136);
#7813=VERTEX_POINT('',#18138);
#7814=VERTEX_POINT('',#18142);
#7815=VERTEX_POINT('',#18143);
#7816=VERTEX_POINT('',#18145);
#7817=VERTEX_POINT('',#18147);
#7818=VERTEX_POINT('',#18149);
#7819=VERTEX_POINT('',#18151);
#7820=VERTEX_POINT('',#18153);
#7821=VERTEX_POINT('',#18155);
#7822=VERTEX_POINT('',#18157);
#7823=VERTEX_POINT('',#18159);
#7824=VERTEX_POINT('',#18163);
#7825=VERTEX_POINT('',#18164);
#7826=VERTEX_POINT('',#18166);
#7827=VERTEX_POINT('',#18168);
#7828=VERTEX_POINT('',#18172);
#7829=VERTEX_POINT('',#18173);
#7830=VERTEX_POINT('',#18178);
#7831=VERTEX_POINT('',#18179);
#7832=VERTEX_POINT('',#18187);
#7833=VERTEX_POINT('',#18189);
#7834=VERTEX_POINT('',#18193);
#7835=VERTEX_POINT('',#18195);
#7836=VERTEX_POINT('',#18199);
#7837=VERTEX_POINT('',#18200);
#7838=VERTEX_POINT('',#18202);
#7839=VERTEX_POINT('',#18204);
#7840=VERTEX_POINT('',#18206);
#7841=VERTEX_POINT('',#18214);
#7842=VERTEX_POINT('',#18215);
#7843=VERTEX_POINT('',#18223);
#7844=VERTEX_POINT('',#18224);
#7845=VERTEX_POINT('',#18229);
#7846=VERTEX_POINT('',#18231);
#7847=VERTEX_POINT('',#18233);
#7848=VERTEX_POINT('',#18240);
#7849=VERTEX_POINT('',#18246);
#7850=VERTEX_POINT('',#18253);
#7851=VERTEX_POINT('',#18264);
#7852=VERTEX_POINT('',#18446);
#7853=VERTEX_POINT('',#18447);
#7854=VERTEX_POINT('',#18449);
#7855=VERTEX_POINT('',#18451);
#7856=VERTEX_POINT('',#18453);
#7857=VERTEX_POINT('',#18455);
#7858=VERTEX_POINT('',#18457);
#7859=VERTEX_POINT('',#18459);
#7860=VERTEX_POINT('',#18463);
#7861=VERTEX_POINT('',#18464);
#7862=VERTEX_POINT('',#18466);
#7863=VERTEX_POINT('',#18468);
#7864=VERTEX_POINT('',#18470);
#7865=VERTEX_POINT('',#18473);
#7866=VERTEX_POINT('',#18474);
#7867=VERTEX_POINT('',#18476);
#7868=VERTEX_POINT('',#18478);
#7869=VERTEX_POINT('',#18480);
#7870=VERTEX_POINT('',#18482);
#7871=VERTEX_POINT('',#18484);
#7872=VERTEX_POINT('',#18486);
#7873=VERTEX_POINT('',#18488);
#7874=VERTEX_POINT('',#18490);
#7875=VERTEX_POINT('',#18493);
#7876=VERTEX_POINT('',#18494);
#7877=VERTEX_POINT('',#18496);
#7878=VERTEX_POINT('',#18498);
#7879=VERTEX_POINT('',#18500);
#7880=VERTEX_POINT('',#18502);
#7881=VERTEX_POINT('',#18504);
#7882=VERTEX_POINT('',#18507);
#7883=VERTEX_POINT('',#18508);
#7884=VERTEX_POINT('',#18510);
#7885=VERTEX_POINT('',#18512);
#7886=VERTEX_POINT('',#18514);
#7887=VERTEX_POINT('',#18518);
#7888=VERTEX_POINT('',#18519);
#7889=VERTEX_POINT('',#18521);
#7890=VERTEX_POINT('',#18523);
#7891=VERTEX_POINT('',#18527);
#7892=VERTEX_POINT('',#18528);
#7893=VERTEX_POINT('',#18531);
#7894=VERTEX_POINT('',#18533);
#7895=VERTEX_POINT('',#18535);
#7896=VERTEX_POINT('',#18537);
#7897=VERTEX_POINT('',#18539);
#7898=VERTEX_POINT('',#18541);
#7899=VERTEX_POINT('',#18545);
#7900=VERTEX_POINT('',#18547);
#7901=VERTEX_POINT('',#18549);
#7902=VERTEX_POINT('',#18551);
#7903=VERTEX_POINT('',#18553);
#7904=VERTEX_POINT('',#18557);
#7905=VERTEX_POINT('',#18558);
#7906=VERTEX_POINT('',#18563);
#7907=VERTEX_POINT('',#18565);
#7908=VERTEX_POINT('',#18571);
#7909=VERTEX_POINT('',#18576);
#7910=VERTEX_POINT('',#18581);
#7911=VERTEX_POINT('',#18586);
#7912=VERTEX_POINT('',#18588);
#7913=VERTEX_POINT('',#18590);
#7914=VERTEX_POINT('',#18592);
#7915=VERTEX_POINT('',#18594);
#7916=VERTEX_POINT('',#18596);
#7917=VERTEX_POINT('',#18598);
#7918=VERTEX_POINT('',#18600);
#7919=VERTEX_POINT('',#18602);
#7920=VERTEX_POINT('',#18604);
#7921=VERTEX_POINT('',#18606);
#7922=VERTEX_POINT('',#18608);
#7923=VERTEX_POINT('',#18610);
#7924=VERTEX_POINT('',#18612);
#7925=VERTEX_POINT('',#18614);
#7926=VERTEX_POINT('',#18616);
#7927=VERTEX_POINT('',#18618);
#7928=VERTEX_POINT('',#18620);
#7929=VERTEX_POINT('',#18622);
#7930=VERTEX_POINT('',#18624);
#7931=VERTEX_POINT('',#18626);
#7932=VERTEX_POINT('',#18628);
#7933=VERTEX_POINT('',#18631);
#7934=VERTEX_POINT('',#18633);
#7935=VERTEX_POINT('',#18635);
#7936=VERTEX_POINT('',#18637);
#7937=VERTEX_POINT('',#18655);
#7938=VERTEX_POINT('',#18657);
#7939=VERTEX_POINT('',#18661);
#7940=VERTEX_POINT('',#18665);
#7941=VERTEX_POINT('',#18669);
#7942=VERTEX_POINT('',#18687);
#7943=VERTEX_POINT('',#18694);
#7944=VERTEX_POINT('',#18695);
#7945=VERTEX_POINT('',#18700);
#7946=VERTEX_POINT('',#18707);
#7947=VERTEX_POINT('',#18709);
#7948=VERTEX_POINT('',#18711);
#7949=VERTEX_POINT('',#18713);
#7950=VERTEX_POINT('',#18720);
#7951=VERTEX_POINT('',#18722);
#7952=VERTEX_POINT('',#18726);
#7953=VERTEX_POINT('',#18731);
#7954=VERTEX_POINT('',#18735);
#7955=VERTEX_POINT('',#18739);
#7956=VERTEX_POINT('',#18743);
#7957=VERTEX_POINT('',#18745);
#7958=VERTEX_POINT('',#18747);
#7959=VERTEX_POINT('',#18752);
#7960=VERTEX_POINT('',#18757);
#7961=VERTEX_POINT('',#18761);
#7962=VERTEX_POINT('',#18768);
#7963=VERTEX_POINT('',#18786);
#7964=VERTEX_POINT('',#18790);
#7965=VERTEX_POINT('',#18794);
#7966=VERTEX_POINT('',#18798);
#7967=VERTEX_POINT('',#18816);
#7968=VERTEX_POINT('',#18822);
#7969=VERTEX_POINT('',#18824);
#7970=VERTEX_POINT('',#18836);
#7971=VERTEX_POINT('',#18846);
#7972=VERTEX_POINT('',#18851);
#7973=VERTEX_POINT('',#18858);
#7974=VERTEX_POINT('',#18863);
#7975=VERTEX_POINT('',#18873);
#7976=VERTEX_POINT('',#18886);
#7977=VERTEX_POINT('',#18890);
#7978=VERTEX_POINT('',#18897);
#7979=VERTEX_POINT('',#18920);
#7980=VERTEX_POINT('',#18922);
#7981=VERTEX_POINT('',#18926);
#7982=VERTEX_POINT('',#18928);
#7983=VERTEX_POINT('',#18930);
#7984=VERTEX_POINT('',#18935);
#7985=VERTEX_POINT('',#18937);
#7986=VERTEX_POINT('',#18941);
#7987=VERTEX_POINT('',#18946);
#7988=VERTEX_POINT('',#18954);
#7989=VERTEX_POINT('',#18956);
#7990=VERTEX_POINT('',#18958);
#7991=VERTEX_POINT('',#18962);
#7992=VERTEX_POINT('',#18964);
#7993=VERTEX_POINT('',#18968);
#7994=VERTEX_POINT('',#18970);
#7995=VERTEX_POINT('',#18974);
#7996=VERTEX_POINT('',#18978);
#7997=VERTEX_POINT('',#18985);
#7998=VERTEX_POINT('',#18987);
#7999=VERTEX_POINT('',#19030);
#8000=VERTEX_POINT('',#19032);
#8001=VERTEX_POINT('',#19034);
#8002=VERTEX_POINT('',#19036);
#8003=VERTEX_POINT('',#19038);
#8004=VERTEX_POINT('',#19040);
#8005=VERTEX_POINT('',#19042);
#8006=VERTEX_POINT('',#19044);
#8007=VERTEX_POINT('',#19046);
#8008=VERTEX_POINT('',#19048);
#8009=VERTEX_POINT('',#19056);
#8010=VERTEX_POINT('',#19061);
#8011=VERTEX_POINT('',#19076);
#8012=VERTEX_POINT('',#19080);
#8013=VERTEX_POINT('',#19082);
#8014=VERTEX_POINT('',#19086);
#8015=VERTEX_POINT('',#19087);
#8016=VERTEX_POINT('',#19089);
#8017=VERTEX_POINT('',#19091);
#8018=VERTEX_POINT('',#19098);
#8019=VERTEX_POINT('',#19099);
#8020=VERTEX_POINT('',#19101);
#8021=VERTEX_POINT('',#19106);
#8022=VERTEX_POINT('',#19108);
#8023=VERTEX_POINT('',#19110);
#8024=VERTEX_POINT('',#19117);
#8025=VERTEX_POINT('',#19118);
#8026=VERTEX_POINT('',#19120);
#8027=VERTEX_POINT('',#19125);
#8028=VERTEX_POINT('',#19140);
#8029=VERTEX_POINT('',#19141);
#8030=VERTEX_POINT('',#19143);
#8031=VERTEX_POINT('',#19148);
#8032=VERTEX_POINT('',#19153);
#8033=VERTEX_POINT('',#19154);
#8034=VERTEX_POINT('',#19165);
#8035=VERTEX_POINT('',#19166);
#8036=VERTEX_POINT('',#19168);
#8037=VERTEX_POINT('',#19170);
#8038=VERTEX_POINT('',#19172);
#8039=VERTEX_POINT('',#19174);
#8040=VERTEX_POINT('',#19176);
#8041=VERTEX_POINT('',#19178);
#8042=VERTEX_POINT('',#19180);
#8043=VERTEX_POINT('',#19182);
#8044=VERTEX_POINT('',#19187);
#8045=VERTEX_POINT('',#19188);
#8046=VERTEX_POINT('',#19190);
#8047=VERTEX_POINT('',#19192);
#8048=VERTEX_POINT('',#19194);
#8049=VERTEX_POINT('',#19196);
#8050=VERTEX_POINT('',#19198);
#8051=VERTEX_POINT('',#19200);
#8052=VERTEX_POINT('',#19202);
#8053=VERTEX_POINT('',#19204);
#8054=VERTEX_POINT('',#19208);
#8055=VERTEX_POINT('',#19209);
#8056=VERTEX_POINT('',#19211);
#8057=VERTEX_POINT('',#19213);
#8058=VERTEX_POINT('',#19215);
#8059=VERTEX_POINT('',#19217);
#8060=VERTEX_POINT('',#19219);
#8061=VERTEX_POINT('',#19221);
#8062=VERTEX_POINT('',#19223);
#8063=VERTEX_POINT('',#19225);
#8064=VERTEX_POINT('',#19229);
#8065=VERTEX_POINT('',#19230);
#8066=VERTEX_POINT('',#19232);
#8067=VERTEX_POINT('',#19234);
#8068=VERTEX_POINT('',#19238);
#8069=VERTEX_POINT('',#19239);
#8070=VERTEX_POINT('',#19244);
#8071=VERTEX_POINT('',#19245);
#8072=VERTEX_POINT('',#19253);
#8073=VERTEX_POINT('',#19255);
#8074=VERTEX_POINT('',#19259);
#8075=VERTEX_POINT('',#19261);
#8076=VERTEX_POINT('',#19265);
#8077=VERTEX_POINT('',#19266);
#8078=VERTEX_POINT('',#19268);
#8079=VERTEX_POINT('',#19270);
#8080=VERTEX_POINT('',#19272);
#8081=VERTEX_POINT('',#19283);
#8082=VERTEX_POINT('',#19284);
#8083=VERTEX_POINT('',#19292);
#8084=VERTEX_POINT('',#19293);
#8085=VERTEX_POINT('',#19295);
#8086=VERTEX_POINT('',#19297);
#8087=VERTEX_POINT('',#19299);
#8088=VERTEX_POINT('',#19306);
#8089=VERTEX_POINT('',#19312);
#8090=VERTEX_POINT('',#19323);
#8091=VERTEX_POINT('',#19333);
#8092=VERTEX_POINT('',#19504);
#8093=VERTEX_POINT('',#19505);
#8094=VERTEX_POINT('',#19507);
#8095=VERTEX_POINT('',#19509);
#8096=VERTEX_POINT('',#19511);
#8097=VERTEX_POINT('',#19513);
#8098=VERTEX_POINT('',#19515);
#8099=VERTEX_POINT('',#19517);
#8100=VERTEX_POINT('',#19521);
#8101=VERTEX_POINT('',#19522);
#8102=VERTEX_POINT('',#19524);
#8103=VERTEX_POINT('',#19526);
#8104=VERTEX_POINT('',#19528);
#8105=VERTEX_POINT('',#19531);
#8106=VERTEX_POINT('',#19532);
#8107=VERTEX_POINT('',#19534);
#8108=VERTEX_POINT('',#19536);
#8109=VERTEX_POINT('',#19538);
#8110=VERTEX_POINT('',#19540);
#8111=VERTEX_POINT('',#19542);
#8112=VERTEX_POINT('',#19544);
#8113=VERTEX_POINT('',#19546);
#8114=VERTEX_POINT('',#19548);
#8115=VERTEX_POINT('',#19551);
#8116=VERTEX_POINT('',#19552);
#8117=VERTEX_POINT('',#19554);
#8118=VERTEX_POINT('',#19556);
#8119=VERTEX_POINT('',#19558);
#8120=VERTEX_POINT('',#19560);
#8121=VERTEX_POINT('',#19562);
#8122=VERTEX_POINT('',#19565);
#8123=VERTEX_POINT('',#19566);
#8124=VERTEX_POINT('',#19568);
#8125=VERTEX_POINT('',#19570);
#8126=VERTEX_POINT('',#19572);
#8127=VERTEX_POINT('',#19576);
#8128=VERTEX_POINT('',#19577);
#8129=VERTEX_POINT('',#19579);
#8130=VERTEX_POINT('',#19581);
#8131=VERTEX_POINT('',#19585);
#8132=VERTEX_POINT('',#19587);
#8133=VERTEX_POINT('',#19589);
#8134=VERTEX_POINT('',#19591);
#8135=VERTEX_POINT('',#19593);
#8136=VERTEX_POINT('',#19598);
#8137=VERTEX_POINT('',#19600);
#8138=VERTEX_POINT('',#19602);
#8139=VERTEX_POINT('',#19604);
#8140=VERTEX_POINT('',#19606);
#8141=VERTEX_POINT('',#19608);
#8142=VERTEX_POINT('',#19618);
#8143=VERTEX_POINT('',#19620);
#8144=VERTEX_POINT('',#19622);
#8145=VERTEX_POINT('',#19648);
#8146=VERTEX_POINT('',#19650);
#8147=VERTEX_POINT('',#19654);
#8148=VERTEX_POINT('',#19658);
#8149=VERTEX_POINT('',#19662);
#8150=VERTEX_POINT('',#19680);
#8151=VERTEX_POINT('',#19687);
#8152=VERTEX_POINT('',#19688);
#8153=VERTEX_POINT('',#19693);
#8154=VERTEX_POINT('',#19700);
#8155=VERTEX_POINT('',#19705);
#8156=VERTEX_POINT('',#19707);
#8157=VERTEX_POINT('',#19709);
#8158=VERTEX_POINT('',#19713);
#8159=VERTEX_POINT('',#19715);
#8160=VERTEX_POINT('',#19719);
#8161=VERTEX_POINT('',#19724);
#8162=VERTEX_POINT('',#19728);
#8163=VERTEX_POINT('',#19732);
#8164=VERTEX_POINT('',#19736);
#8165=VERTEX_POINT('',#19738);
#8166=VERTEX_POINT('',#19740);
#8167=VERTEX_POINT('',#19745);
#8168=VERTEX_POINT('',#19750);
#8169=VERTEX_POINT('',#19754);
#8170=VERTEX_POINT('',#19761);
#8171=VERTEX_POINT('',#19779);
#8172=VERTEX_POINT('',#19783);
#8173=VERTEX_POINT('',#19787);
#8174=VERTEX_POINT('',#19791);
#8175=VERTEX_POINT('',#19809);
#8176=VERTEX_POINT('',#19815);
#8177=VERTEX_POINT('',#19817);
#8178=VERTEX_POINT('',#19829);
#8179=VERTEX_POINT('',#19839);
#8180=VERTEX_POINT('',#19844);
#8181=VERTEX_POINT('',#19851);
#8182=VERTEX_POINT('',#19856);
#8183=VERTEX_POINT('',#19866);
#8184=VERTEX_POINT('',#19879);
#8185=VERTEX_POINT('',#19883);
#8186=VERTEX_POINT('',#19890);
#8187=VERTEX_POINT('',#19913);
#8188=VERTEX_POINT('',#19915);
#8189=VERTEX_POINT('',#19919);
#8190=VERTEX_POINT('',#19921);
#8191=VERTEX_POINT('',#19923);
#8192=VERTEX_POINT('',#19927);
#8193=VERTEX_POINT('',#19929);
#8194=VERTEX_POINT('',#19934);
#8195=VERTEX_POINT('',#19939);
#8196=VERTEX_POINT('',#19943);
#8197=VERTEX_POINT('',#19945);
#8198=VERTEX_POINT('',#19947);
#8199=VERTEX_POINT('',#19951);
#8200=VERTEX_POINT('',#19953);
#8201=VERTEX_POINT('',#19961);
#8202=VERTEX_POINT('',#19963);
#8203=VERTEX_POINT('',#19967);
#8204=VERTEX_POINT('',#19971);
#8205=VERTEX_POINT('',#19978);
#8206=VERTEX_POINT('',#19980);
#8207=CIRCLE('',#11114,0.0005);
#8208=CIRCLE('',#11115,0.0005);
#8209=CIRCLE('',#11117,0.0005);
#8210=CIRCLE('',#11118,0.0005);
#8211=CIRCLE('',#11120,0.000512132034356031);
#8212=CIRCLE('',#11121,0.000512132034356031);
#8213=CIRCLE('',#11128,0.0008);
#8214=CIRCLE('',#11129,0.0008);
#8215=CIRCLE('',#11130,0.0009);
#8216=CIRCLE('',#11131,0.000562132034356031);
#8217=CIRCLE('',#11132,0.0009);
#8218=CIRCLE('',#11134,0.0004);
#8219=CIRCLE('',#11135,0.0004);
#8220=CIRCLE('',#11138,0.0004);
#8221=CIRCLE('',#11140,0.0004);
#8222=CIRCLE('',#11143,0.0005);
#8223=CIRCLE('',#11144,0.0005);
#8224=CIRCLE('',#11147,0.0005);
#8225=CIRCLE('',#11148,0.0005);
#8226=CIRCLE('',#11153,0.0009);
#8227=CIRCLE('',#11156,0.0009);
#8228=CIRCLE('',#11159,0.001);
#8229=CIRCLE('',#11161,0.001);
#8230=CIRCLE('',#11164,5.E-5);
#8231=CIRCLE('',#11166,5.E-5);
#8232=CIRCLE('',#11170,0.0001);
#8233=CIRCLE('',#11171,0.0001);
#8234=CIRCLE('',#11172,0.0001);
#8235=CIRCLE('',#11174,0.0001);
#8236=CIRCLE('',#11176,0.0001);
#8237=CIRCLE('',#11178,0.0001);
#8238=CIRCLE('',#11180,0.0001);
#8239=CIRCLE('',#11185,0.0001);
#8240=CIRCLE('',#11187,0.0001);
#8241=CIRCLE('',#11189,0.0001);
#8242=CIRCLE('',#11191,0.0001);
#8243=CIRCLE('',#11193,0.0001);
#8244=CIRCLE('',#11197,0.0001);
#8245=CIRCLE('',#11198,0.0001);
#8246=CIRCLE('',#11199,0.0001);
#8247=CIRCLE('',#11201,0.0001);
#8248=CIRCLE('',#11203,0.0001);
#8249=CIRCLE('',#11205,0.0001);
#8250=CIRCLE('',#11207,0.0001);
#8251=CIRCLE('',#11214,0.0001);
#8252=CIRCLE('',#11216,0.0001);
#8253=CIRCLE('',#11218,0.0001);
#8254=CIRCLE('',#11220,0.0001);
#8255=CIRCLE('',#11224,0.0003);
#8256=CIRCLE('',#11225,0.0003);
#8257=CIRCLE('',#11226,0.0008);
#8258=CIRCLE('',#11227,0.0003);
#8259=CIRCLE('',#11229,0.0011);
#8260=CIRCLE('',#11230,0.0002);
#8261=CIRCLE('',#11231,0.000300000000000005);
#8262=CIRCLE('',#11232,0.0002);
#8263=CIRCLE('',#11233,0.0002);
#8264=CIRCLE('',#11234,0.0002);
#8265=CIRCLE('',#11235,0.0005);
#8266=CIRCLE('',#11236,0.0011);
#8267=CIRCLE('',#11238,0.0011);
#8268=CIRCLE('',#11242,0.001);
#8269=CIRCLE('',#11243,0.001);
#8270=CIRCLE('',#11245,0.001);
#8271=CIRCLE('',#11246,0.001);
#8272=CIRCLE('',#11248,0.02);
#8273=CIRCLE('',#11249,0.02);
#8274=CIRCLE('',#11252,0.02);
#8275=CIRCLE('',#11253,0.02);
#8276=CIRCLE('',#11257,0.02);
#8277=CIRCLE('',#11258,0.02);
#8278=CIRCLE('',#11261,0.02);
#8279=CIRCLE('',#11262,0.02);
#8280=CIRCLE('',#11266,0.0005);
#8281=CIRCLE('',#11268,0.0005);
#8282=CIRCLE('',#11270,0.0005);
#8283=CIRCLE('',#11271,0.0001);
#8284=CIRCLE('',#11273,0.0001);
#8285=CIRCLE('',#11275,0.0001);
#8286=CIRCLE('',#11277,0.0001);
#8287=CIRCLE('',#11278,0.0009);
#8288=CIRCLE('',#11280,0.0001);
#8289=CIRCLE('',#11281,0.0001);
#8290=CIRCLE('',#11286,0.000200000000000006);
#8291=CIRCLE('',#11287,0.000200000000000006);
#8292=CIRCLE('',#11289,0.0001);
#8293=CIRCLE('',#11290,0.0001);
#8294=CIRCLE('',#11292,0.0001);
#8295=CIRCLE('',#11293,0.0001);
#8296=CIRCLE('',#11295,0.0001);
#8297=CIRCLE('',#11297,0.0001);
#8298=CIRCLE('',#11298,0.0001);
#8299=CIRCLE('',#11301,0.0001);
#8300=CIRCLE('',#11302,0.0001);
#8301=CIRCLE('',#11303,0.0001);
#8302=CIRCLE('',#11306,0.0001);
#8303=CIRCLE('',#11308,0.0001);
#8304=CIRCLE('',#11309,0.0001);
#8305=CIRCLE('',#11312,0.0001);
#8306=CIRCLE('',#11313,0.0001);
#8307=CIRCLE('',#11316,0.0001);
#8308=CIRCLE('',#11318,0.0001);
#8309=CIRCLE('',#11319,0.0009);
#8310=CIRCLE('',#11321,0.0001);
#8311=CIRCLE('',#11322,0.0001);
#8312=CIRCLE('',#11326,0.0001);
#8313=CIRCLE('',#11328,0.0001);
#8314=CIRCLE('',#11329,0.0001);
#8315=CIRCLE('',#11334,0.0001);
#8316=CIRCLE('',#11336,0.0001);
#8317=CIRCLE('',#11337,0.0001);
#8318=CIRCLE('',#11339,0.0001);
#8319=CIRCLE('',#11348,0.0001);
#8320=CIRCLE('',#11350,0.0001);
#8321=CIRCLE('',#11351,0.000300000000000005);
#8322=CIRCLE('',#11359,0.0005);
#8323=CIRCLE('',#11360,0.0005);
#8324=CIRCLE('',#11362,0.0005);
#8325=CIRCLE('',#11364,0.0005);
#8326=CIRCLE('',#11366,0.0011);
#8327=CIRCLE('',#11368,0.0011);
#8328=CIRCLE('',#11380,0.0011);
#8329=CIRCLE('',#11382,0.0011);
#8330=CIRCLE('',#11383,0.0011);
#8331=CIRCLE('',#11386,0.0011);
#8332=CIRCLE('',#11388,0.0011);
#8333=CIRCLE('',#11389,0.0011);
#8334=CIRCLE('',#11396,0.0005);
#8335=CIRCLE('',#11397,0.0005);
#8336=CIRCLE('',#11399,0.0005);
#8337=CIRCLE('',#11402,0.0005);
#8338=CIRCLE('',#11403,0.0005);
#8339=CIRCLE('',#11405,0.0005);
#8340=CIRCLE('',#11408,0.0005);
#8341=CIRCLE('',#11410,0.0002);
#8342=CIRCLE('',#11411,0.0002);
#8343=CIRCLE('',#11413,0.0002);
#8344=CIRCLE('',#11415,0.0002);
#8345=CIRCLE('',#11417,0.0002);
#8346=CIRCLE('',#11419,0.0002);
#8347=CIRCLE('',#11421,0.0002);
#8348=CIRCLE('',#11423,0.0002);
#8349=CIRCLE('',#11426,0.02);
#8350=CIRCLE('',#11427,0.02);
#8351=CIRCLE('',#11428,0.02);
#8352=CIRCLE('',#11429,0.02);
#8353=CIRCLE('',#11431,0.02);
#8354=CIRCLE('',#11432,0.02);
#8355=CIRCLE('',#11433,0.02);
#8356=CIRCLE('',#11434,0.02);
#8357=CIRCLE('',#11440,0.0005);
#8358=CIRCLE('',#11442,0.0005);
#8359=CIRCLE('',#11450,0.0005);
#8360=CIRCLE('',#11452,0.02);
#8361=CIRCLE('',#11453,0.02);
#8362=CIRCLE('',#11454,0.02);
#8363=CIRCLE('',#11455,0.02);
#8364=CIRCLE('',#11457,0.0005);
#8365=CIRCLE('',#11459,0.0005);
#8366=CIRCLE('',#11461,0.0005);
#8367=CIRCLE('',#11463,0.0005);
#8368=CIRCLE('',#11465,0.02);
#8369=CIRCLE('',#11467,0.02);
#8370=CIRCLE('',#11470,0.02);
#8371=CIRCLE('',#11472,0.02);
#8372=CIRCLE('',#11480,0.0005);
#8373=CIRCLE('',#11482,0.000512132034356031);
#8374=CIRCLE('',#11483,0.000512132034356031);
#8375=CIRCLE('',#11490,0.0009);
#8376=CIRCLE('',#11491,0.000562132034356031);
#8377=CIRCLE('',#11492,0.0009);
#8378=CIRCLE('',#11493,0.0008);
#8379=CIRCLE('',#11494,0.0008);
#8380=CIRCLE('',#11497,0.0004);
#8381=CIRCLE('',#11498,0.0004);
#8382=CIRCLE('',#11500,0.0004);
#8383=CIRCLE('',#11501,0.0004);
#8384=CIRCLE('',#11505,0.0005);
#8385=CIRCLE('',#11506,0.0005);
#8386=CIRCLE('',#11509,0.0005);
#8387=CIRCLE('',#11510,0.0005);
#8388=CIRCLE('',#11516,0.0009);
#8389=CIRCLE('',#11519,0.0009);
#8390=CIRCLE('',#11521,0.001);
#8391=CIRCLE('',#11524,0.001);
#8392=CIRCLE('',#11526,5.E-5);
#8393=CIRCLE('',#11529,5.E-5);
#8394=CIRCLE('',#11533,0.0001);
#8395=CIRCLE('',#11534,0.0001);
#8396=CIRCLE('',#11535,0.0001);
#8397=CIRCLE('',#11537,0.0001);
#8398=CIRCLE('',#11539,0.0001);
#8399=CIRCLE('',#11541,0.0001);
#8400=CIRCLE('',#11543,0.0001);
#8401=CIRCLE('',#11548,0.0001);
#8402=CIRCLE('',#11550,0.0001);
#8403=CIRCLE('',#11552,0.0001);
#8404=CIRCLE('',#11554,0.0001);
#8405=CIRCLE('',#11556,0.0001);
#8406=CIRCLE('',#11560,0.0001);
#8407=CIRCLE('',#11561,0.0001);
#8408=CIRCLE('',#11562,0.0001);
#8409=CIRCLE('',#11564,0.0001);
#8410=CIRCLE('',#11566,0.0001);
#8411=CIRCLE('',#11568,0.0001);
#8412=CIRCLE('',#11570,0.0001);
#8413=CIRCLE('',#11577,0.0001);
#8414=CIRCLE('',#11579,0.0001);
#8415=CIRCLE('',#11581,0.0001);
#8416=CIRCLE('',#11583,0.0001);
#8417=CIRCLE('',#11587,0.0003);
#8418=CIRCLE('',#11588,0.0008);
#8419=CIRCLE('',#11589,0.0003);
#8420=CIRCLE('',#11590,0.0003);
#8421=CIRCLE('',#11592,0.0011);
#8422=CIRCLE('',#11593,0.0002);
#8423=CIRCLE('',#11594,0.0002);
#8424=CIRCLE('',#11595,0.0002);
#8425=CIRCLE('',#11596,0.000300000000000005);
#8426=CIRCLE('',#11597,0.0002);
#8427=CIRCLE('',#11598,0.0005);
#8428=CIRCLE('',#11599,0.0011);
#8429=CIRCLE('',#11601,0.0011);
#8430=CIRCLE('',#11605,0.001);
#8431=CIRCLE('',#11606,0.001);
#8432=CIRCLE('',#11608,0.001);
#8433=CIRCLE('',#11609,0.001);
#8434=CIRCLE('',#11611,0.0005);
#8435=CIRCLE('',#11613,0.0005);
#8436=CIRCLE('',#11615,0.0005);
#8437=CIRCLE('',#11616,0.0001);
#8438=CIRCLE('',#11617,0.0001);
#8439=CIRCLE('',#11620,0.0001);
#8440=CIRCLE('',#11622,0.0001);
#8441=CIRCLE('',#11623,0.0009);
#8442=CIRCLE('',#11625,0.0001);
#8443=CIRCLE('',#11627,0.0001);
#8444=CIRCLE('',#11632,0.000200000000000006);
#8445=CIRCLE('',#11633,0.000200000000000006);
#8446=CIRCLE('',#11635,0.0001);
#8447=CIRCLE('',#11636,0.0001);
#8448=CIRCLE('',#11638,0.0001);
#8449=CIRCLE('',#11639,0.0001);
#8450=CIRCLE('',#11641,0.0001);
#8451=CIRCLE('',#11643,0.0001);
#8452=CIRCLE('',#11644,0.0001);
#8453=CIRCLE('',#11647,0.0001);
#8454=CIRCLE('',#11648,0.0001);
#8455=CIRCLE('',#11649,0.0001);
#8456=CIRCLE('',#11652,0.0001);
#8457=CIRCLE('',#11654,0.0001);
#8458=CIRCLE('',#11655,0.0001);
#8459=CIRCLE('',#11658,0.0001);
#8460=CIRCLE('',#11660,0.0001);
#8461=CIRCLE('',#11662,0.0001);
#8462=CIRCLE('',#11664,0.0009);
#8463=CIRCLE('',#11665,0.0001);
#8464=CIRCLE('',#11667,0.0001);
#8465=CIRCLE('',#11668,0.0001);
#8466=CIRCLE('',#11672,0.0001);
#8467=CIRCLE('',#11674,0.0001);
#8468=CIRCLE('',#11675,0.0001);
#8469=CIRCLE('',#11680,0.0001);
#8470=CIRCLE('',#11682,0.0001);
#8471=CIRCLE('',#11683,0.0001);
#8472=CIRCLE('',#11685,0.0001);
#8473=CIRCLE('',#11693,0.0001);
#8474=CIRCLE('',#11695,0.0001);
#8475=CIRCLE('',#11696,0.000300000000000005);
#8476=CIRCLE('',#11698,0.0001);
#8477=CIRCLE('',#11705,0.0005);
#8478=CIRCLE('',#11706,0.0005);
#8479=CIRCLE('',#11708,0.0005);
#8480=CIRCLE('',#11710,0.0005);
#8481=CIRCLE('',#11712,0.0011);
#8482=CIRCLE('',#11714,0.0011);
#8483=CIRCLE('',#11726,0.0011);
#8484=CIRCLE('',#11728,0.0011);
#8485=CIRCLE('',#11729,0.0011);
#8486=CIRCLE('',#11732,0.0011);
#8487=CIRCLE('',#11734,0.0011);
#8488=CIRCLE('',#11735,0.0011);
#8489=CIRCLE('',#11742,0.0005);
#8490=CIRCLE('',#11744,0.0005);
#8491=CIRCLE('',#11747,0.0005);
#8492=CIRCLE('',#11749,0.0005);
#8493=CIRCLE('',#11752,0.0005);
#8494=CIRCLE('',#11754,0.0002);
#8495=CIRCLE('',#11755,0.0002);
#8496=CIRCLE('',#11757,0.0002);
#8497=CIRCLE('',#11759,0.0002);
#8498=CIRCLE('',#11761,0.0002);
#8499=CIRCLE('',#11763,0.0002);
#8500=CIRCLE('',#11765,0.0002);
#8501=CIRCLE('',#11767,0.0002);
#8502=CIRCLE('',#11770,0.0005);
#8503=CIRCLE('',#11772,0.0005);
#8504=CIRCLE('',#11773,0.0005);
#8505=CIRCLE('',#11775,0.000512132034356031);
#8506=CIRCLE('',#11776,0.000512132034356031);
#8507=CIRCLE('',#11782,0.0008);
#8508=CIRCLE('',#11783,0.0008);
#8509=CIRCLE('',#11784,0.0009);
#8510=CIRCLE('',#11785,0.000562132034356031);
#8511=CIRCLE('',#11786,0.0009);
#8512=CIRCLE('',#11788,0.0004);
#8513=CIRCLE('',#11789,0.0004);
#8514=CIRCLE('',#11792,0.0004);
#8515=CIRCLE('',#11794,0.0004);
#8516=CIRCLE('',#11797,0.0005);
#8517=CIRCLE('',#11798,0.0005);
#8518=CIRCLE('',#11801,0.0005);
#8519=CIRCLE('',#11802,0.0005);
#8520=CIRCLE('',#11808,0.0009);
#8521=CIRCLE('',#11811,0.0009);
#8522=CIRCLE('',#11813,0.001);
#8523=CIRCLE('',#11815,0.001);
#8524=CIRCLE('',#11818,5.E-5);
#8525=CIRCLE('',#11820,5.E-5);
#8526=CIRCLE('',#11824,0.0001);
#8527=CIRCLE('',#11825,0.0001);
#8528=CIRCLE('',#11826,0.0001);
#8529=CIRCLE('',#11828,0.0001);
#8530=CIRCLE('',#11830,0.0001);
#8531=CIRCLE('',#11832,0.0001);
#8532=CIRCLE('',#11834,0.0001);
#8533=CIRCLE('',#11841,0.0001);
#8534=CIRCLE('',#11843,0.0001);
#8535=CIRCLE('',#11845,0.0001);
#8536=CIRCLE('',#11847,0.0001);
#8537=CIRCLE('',#11851,0.0001);
#8538=CIRCLE('',#11852,0.0001);
#8539=CIRCLE('',#11853,0.0001);
#8540=CIRCLE('',#11855,0.0001);
#8541=CIRCLE('',#11857,0.0001);
#8542=CIRCLE('',#11859,0.0001);
#8543=CIRCLE('',#11861,0.0001);
#8544=CIRCLE('',#11867,0.0001);
#8545=CIRCLE('',#11869,0.0001);
#8546=CIRCLE('',#11871,0.0001);
#8547=CIRCLE('',#11873,0.0001);
#8548=CIRCLE('',#11877,0.0003);
#8549=CIRCLE('',#11878,0.0003);
#8550=CIRCLE('',#11879,0.0008);
#8551=CIRCLE('',#11880,0.0003);
#8552=CIRCLE('',#11882,0.0011);
#8553=CIRCLE('',#11883,0.0002);
#8554=CIRCLE('',#11884,0.000300000000000005);
#8555=CIRCLE('',#11885,0.0002);
#8556=CIRCLE('',#11886,0.0002);
#8557=CIRCLE('',#11887,0.0002);
#8558=CIRCLE('',#11888,0.0005);
#8559=CIRCLE('',#11889,0.0011);
#8560=CIRCLE('',#11891,0.0011);
#8561=CIRCLE('',#11895,0.001);
#8562=CIRCLE('',#11896,0.001);
#8563=CIRCLE('',#11898,0.001);
#8564=CIRCLE('',#11899,0.001);
#8565=CIRCLE('',#11901,0.0005);
#8566=CIRCLE('',#11903,0.0005);
#8567=CIRCLE('',#11905,0.0005);
#8568=CIRCLE('',#11907,0.02);
#8569=CIRCLE('',#11908,0.02);
#8570=CIRCLE('',#11911,0.02);
#8571=CIRCLE('',#11912,0.02);
#8572=CIRCLE('',#11915,0.0001);
#8573=CIRCLE('',#11917,0.0001);
#8574=CIRCLE('',#11919,0.0001);
#8575=CIRCLE('',#11921,0.0001);
#8576=CIRCLE('',#11922,0.0009);
#8577=CIRCLE('',#11924,0.0001);
#8578=CIRCLE('',#11925,0.0001);
#8579=CIRCLE('',#11930,0.000200000000000006);
#8580=CIRCLE('',#11931,0.000200000000000006);
#8581=CIRCLE('',#11933,0.0001);
#8582=CIRCLE('',#11934,0.0001);
#8583=CIRCLE('',#11936,0.0001);
#8584=CIRCLE('',#11937,0.0001);
#8585=CIRCLE('',#11939,0.0001);
#8586=CIRCLE('',#11941,0.0001);
#8587=CIRCLE('',#11942,0.0001);
#8588=CIRCLE('',#11945,0.0001);
#8589=CIRCLE('',#11946,0.0001);
#8590=CIRCLE('',#11947,0.0001);
#8591=CIRCLE('',#11950,0.0001);
#8592=CIRCLE('',#11952,0.0001);
#8593=CIRCLE('',#11953,0.0001);
#8594=CIRCLE('',#11956,0.0001);
#8595=CIRCLE('',#11957,0.0001);
#8596=CIRCLE('',#11960,0.0001);
#8597=CIRCLE('',#11962,0.0001);
#8598=CIRCLE('',#11963,0.0009);
#8599=CIRCLE('',#11965,0.0001);
#8600=CIRCLE('',#11966,0.0001);
#8601=CIRCLE('',#11970,0.0001);
#8602=CIRCLE('',#11972,0.0001);
#8603=CIRCLE('',#11973,0.0001);
#8604=CIRCLE('',#11978,0.0001);
#8605=CIRCLE('',#11980,0.0001);
#8606=CIRCLE('',#11981,0.0001);
#8607=CIRCLE('',#11983,0.0001);
#8608=CIRCLE('',#11992,0.0001);
#8609=CIRCLE('',#11994,0.0001);
#8610=CIRCLE('',#11995,0.000300000000000005);
#8611=CIRCLE('',#12003,0.0005);
#8612=CIRCLE('',#12004,0.0005);
#8613=CIRCLE('',#12006,0.0005);
#8614=CIRCLE('',#12008,0.0005);
#8615=CIRCLE('',#12010,0.0011);
#8616=CIRCLE('',#12012,0.0011);
#8617=CIRCLE('',#12024,0.0011);
#8618=CIRCLE('',#12026,0.0011);
#8619=CIRCLE('',#12027,0.0011);
#8620=CIRCLE('',#12030,0.0011);
#8621=CIRCLE('',#12032,0.0011);
#8622=CIRCLE('',#12033,0.0011);
#8623=CIRCLE('',#12040,0.0005);
#8624=CIRCLE('',#12042,0.0005);
#8625=CIRCLE('',#12045,0.0005);
#8626=CIRCLE('',#12046,0.0005);
#8627=CIRCLE('',#12048,0.0005);
#8628=CIRCLE('',#12051,0.0005);
#8629=CIRCLE('',#12053,0.0002);
#8630=CIRCLE('',#12054,0.0002);
#8631=CIRCLE('',#12056,0.0002);
#8632=CIRCLE('',#12058,0.0002);
#8633=CIRCLE('',#12060,0.0002);
#8634=CIRCLE('',#12062,0.0002);
#8635=CIRCLE('',#12064,0.0002);
#8636=CIRCLE('',#12066,0.0002);
#8637=CIRCLE('',#12069,0.02);
#8638=CIRCLE('',#12070,0.02);
#8639=CIRCLE('',#12071,0.02);
#8640=CIRCLE('',#12072,0.02);
#8641=CIRCLE('',#12076,0.0005);
#8642=CIRCLE('',#12078,0.0005);
#8643=CIRCLE('',#12086,0.0005);
#8644=CIRCLE('',#12088,0.0005);
#8645=CIRCLE('',#12089,0.0005);
#8646=CIRCLE('',#12091,0.000512132034356031);
#8647=CIRCLE('',#12092,0.000512132034356031);
#8648=CIRCLE('',#12098,0.0009);
#8649=CIRCLE('',#12099,0.000562132034356031);
#8650=CIRCLE('',#12100,0.0009);
#8651=CIRCLE('',#12101,0.0008);
#8652=CIRCLE('',#12102,0.0008);
#8653=CIRCLE('',#12105,0.0004);
#8654=CIRCLE('',#12106,0.0004);
#8655=CIRCLE('',#12108,0.0004);
#8656=CIRCLE('',#12109,0.0004);
#8657=CIRCLE('',#12113,0.0005);
#8658=CIRCLE('',#12114,0.0005);
#8659=CIRCLE('',#12117,0.0005);
#8660=CIRCLE('',#12118,0.0005);
#8661=CIRCLE('',#12123,0.0009);
#8662=CIRCLE('',#12126,0.0009);
#8663=CIRCLE('',#12128,0.001);
#8664=CIRCLE('',#12130,0.001);
#8665=CIRCLE('',#12132,5.E-5);
#8666=CIRCLE('',#12135,5.E-5);
#8667=CIRCLE('',#12139,0.0001);
#8668=CIRCLE('',#12140,0.0001);
#8669=CIRCLE('',#12141,0.0001);
#8670=CIRCLE('',#12143,0.0001);
#8671=CIRCLE('',#12145,0.0001);
#8672=CIRCLE('',#12147,0.0001);
#8673=CIRCLE('',#12149,0.0001);
#8674=CIRCLE('',#12156,0.0001);
#8675=CIRCLE('',#12158,0.0001);
#8676=CIRCLE('',#12160,0.0001);
#8677=CIRCLE('',#12162,0.0001);
#8678=CIRCLE('',#12166,0.0001);
#8679=CIRCLE('',#12167,0.0001);
#8680=CIRCLE('',#12168,0.0001);
#8681=CIRCLE('',#12170,0.0001);
#8682=CIRCLE('',#12172,0.0001);
#8683=CIRCLE('',#12174,0.0001);
#8684=CIRCLE('',#12176,0.0001);
#8685=CIRCLE('',#12183,0.0001);
#8686=CIRCLE('',#12185,0.0001);
#8687=CIRCLE('',#12187,0.0001);
#8688=CIRCLE('',#12189,0.0001);
#8689=CIRCLE('',#12193,0.0003);
#8690=CIRCLE('',#12194,0.0008);
#8691=CIRCLE('',#12195,0.0003);
#8692=CIRCLE('',#12196,0.0003);
#8693=CIRCLE('',#12198,0.0011);
#8694=CIRCLE('',#12199,0.0002);
#8695=CIRCLE('',#12200,0.0002);
#8696=CIRCLE('',#12201,0.0002);
#8697=CIRCLE('',#12202,0.000300000000000005);
#8698=CIRCLE('',#12203,0.0002);
#8699=CIRCLE('',#12204,0.0005);
#8700=CIRCLE('',#12205,0.0011);
#8701=CIRCLE('',#12207,0.0011);
#8702=CIRCLE('',#12211,0.001);
#8703=CIRCLE('',#12212,0.001);
#8704=CIRCLE('',#12214,0.001);
#8705=CIRCLE('',#12215,0.001);
#8706=CIRCLE('',#12217,0.0005);
#8707=CIRCLE('',#12219,0.0005);
#8708=CIRCLE('',#12221,0.0005);
#8709=CIRCLE('',#12222,0.0001);
#8710=CIRCLE('',#12223,0.0001);
#8711=CIRCLE('',#12226,0.0001);
#8712=CIRCLE('',#12228,0.0001);
#8713=CIRCLE('',#12229,0.0009);
#8714=CIRCLE('',#12231,0.0001);
#8715=CIRCLE('',#12233,0.0001);
#8716=CIRCLE('',#12237,0.000200000000000006);
#8717=CIRCLE('',#12238,0.000200000000000006);
#8718=CIRCLE('',#12240,0.0001);
#8719=CIRCLE('',#12241,0.0001);
#8720=CIRCLE('',#12243,0.0001);
#8721=CIRCLE('',#12244,0.0001);
#8722=CIRCLE('',#12246,0.0001);
#8723=CIRCLE('',#12248,0.0001);
#8724=CIRCLE('',#12249,0.0001);
#8725=CIRCLE('',#12252,0.0001);
#8726=CIRCLE('',#12253,0.0001);
#8727=CIRCLE('',#12254,0.0001);
#8728=CIRCLE('',#12257,0.0001);
#8729=CIRCLE('',#12259,0.0001);
#8730=CIRCLE('',#12260,0.0001);
#8731=CIRCLE('',#12263,0.0001);
#8732=CIRCLE('',#12265,0.0001);
#8733=CIRCLE('',#12267,0.0001);
#8734=CIRCLE('',#12269,0.0009);
#8735=CIRCLE('',#12270,0.0001);
#8736=CIRCLE('',#12272,0.0001);
#8737=CIRCLE('',#12273,0.0001);
#8738=CIRCLE('',#12277,0.0001);
#8739=CIRCLE('',#12279,0.0001);
#8740=CIRCLE('',#12280,0.0001);
#8741=CIRCLE('',#12285,0.0001);
#8742=CIRCLE('',#12287,0.0001);
#8743=CIRCLE('',#12288,0.0001);
#8744=CIRCLE('',#12290,0.0001);
#8745=CIRCLE('',#12299,0.0001);
#8746=CIRCLE('',#12301,0.0001);
#8747=CIRCLE('',#12302,0.000300000000000005);
#8748=CIRCLE('',#12310,0.0005);
#8749=CIRCLE('',#12311,0.0005);
#8750=CIRCLE('',#12313,0.0005);
#8751=CIRCLE('',#12315,0.0005);
#8752=CIRCLE('',#12317,0.0011);
#8753=CIRCLE('',#12319,0.0011);
#8754=CIRCLE('',#12331,0.0011);
#8755=CIRCLE('',#12333,0.0011);
#8756=CIRCLE('',#12334,0.0011);
#8757=CIRCLE('',#12337,0.0011);
#8758=CIRCLE('',#12339,0.0011);
#8759=CIRCLE('',#12340,0.0011);
#8760=CIRCLE('',#12347,0.0005);
#8761=CIRCLE('',#12348,0.0005);
#8762=CIRCLE('',#12350,0.0005);
#8763=CIRCLE('',#12353,0.0005);
#8764=CIRCLE('',#12355,0.0005);
#8765=CIRCLE('',#12358,0.0005);
#8766=CIRCLE('',#12360,0.0002);
#8767=CIRCLE('',#12361,0.0002);
#8768=CIRCLE('',#12363,0.0002);
#8769=CIRCLE('',#12365,0.0002);
#8770=CIRCLE('',#12367,0.0002);
#8771=CIRCLE('',#12369,0.0002);
#8772=CIRCLE('',#12371,0.0002);
#8773=CIRCLE('',#12373,0.0002);
#8774=EDGE_LOOP('',(#2307,#2308,#2309,#2310));
#8775=EDGE_LOOP('',(#2311,#2312,#2313,#2314));
#8776=EDGE_LOOP('',(#2315,#2316,#2317,#2318));
#8777=EDGE_LOOP('',(#2319,#2320,#2321,#2322,#2323,#2324));
#8778=EDGE_LOOP('',(#2325,#2326,#2327,#2328,#2329,#2330));
#8779=EDGE_LOOP('',(#2331,#2332,#2333,#2334,#2335,#2336));
#8780=EDGE_LOOP('',(#2337,#2338,#2339,#2340));
#8781=EDGE_LOOP('',(#2341,#2342,#2343,#2344,#2345,#2346,#2347,#2348,#2349,
#2350,#2351,#2352));
#8782=EDGE_LOOP('',(#2353,#2354,#2355,#2356,#2357,#2358,#2359,#2360,#2361,
#2362));
#8783=EDGE_LOOP('',(#2363,#2364,#2365,#2366,#2367,#2368,#2369,#2370,#2371,
#2372));
#8784=EDGE_LOOP('',(#2373,#2374,#2375,#2376));
#8785=EDGE_LOOP('',(#2377,#2378,#2379,#2380));
#8786=EDGE_LOOP('',(#2381,#2382,#2383,#2384));
#8787=EDGE_LOOP('',(#2385,#2386,#2387,#2388));
#8788=EDGE_LOOP('',(#2389,#2390,#2391,#2392));
#8789=EDGE_LOOP('',(#2393,#2394,#2395,#2396));
#8790=EDGE_LOOP('',(#2397,#2398,#2399,#2400,#2401));
#8791=EDGE_LOOP('',(#2402,#2403,#2404,#2405));
#8792=EDGE_LOOP('',(#2406,#2407,#2408,#2409,#2410));
#8793=EDGE_LOOP('',(#2411,#2412,#2413,#2414));
#8794=EDGE_LOOP('',(#2415,#2416,#2417,#2418,#2419));
#8795=EDGE_LOOP('',(#2420,#2421,#2422,#2423,#2424));
#8796=EDGE_LOOP('',(#2425,#2426,#2427,#2428));
#8797=EDGE_LOOP('',(#2429,#2430,#2431,#2432));
#8798=EDGE_LOOP('',(#2433,#2434,#2435,#2436));
#8799=EDGE_LOOP('',(#2437,#2438,#2439,#2440));
#8800=EDGE_LOOP('',(#2441,#2442,#2443,#2444));
#8801=EDGE_LOOP('',(#2445,#2446,#2447,#2448));
#8802=EDGE_LOOP('',(#2449,#2450,#2451,#2452));
#8803=EDGE_LOOP('',(#2453,#2454,#2455,#2456));
#8804=EDGE_LOOP('',(#2457,#2458,#2459,#2460));
#8805=EDGE_LOOP('',(#2461,#2462,#2463,#2464));
#8806=EDGE_LOOP('',(#2465,#2466,#2467,#2468));
#8807=EDGE_LOOP('',(#2469,#2470,#2471,#2472));
#8808=EDGE_LOOP('',(#2473,#2474,#2475,#2476));
#8809=EDGE_LOOP('',(#2477,#2478,#2479,#2480));
#8810=EDGE_LOOP('',(#2481,#2482,#2483,#2484));
#8811=EDGE_LOOP('',(#2485,#2486,#2487,#2488));
#8812=EDGE_LOOP('',(#2489,#2490,#2491,#2492));
#8813=EDGE_LOOP('',(#2493,#2494,#2495,#2496));
#8814=EDGE_LOOP('',(#2497,#2498,#2499,#2500));
#8815=EDGE_LOOP('',(#2501,#2502,#2503,#2504));
#8816=EDGE_LOOP('',(#2505,#2506,#2507,#2508));
#8817=EDGE_LOOP('',(#2509,#2510,#2511,#2512));
#8818=EDGE_LOOP('',(#2513,#2514,#2515,#2516));
#8819=EDGE_LOOP('',(#2517,#2518,#2519,#2520));
#8820=EDGE_LOOP('',(#2521,#2522,#2523,#2524));
#8821=EDGE_LOOP('',(#2525,#2526,#2527,#2528));
#8822=EDGE_LOOP('',(#2529,#2530,#2531,#2532));
#8823=EDGE_LOOP('',(#2533,#2534,#2535,#2536));
#8824=EDGE_LOOP('',(#2537,#2538,#2539,#2540));
#8825=EDGE_LOOP('',(#2541,#2542,#2543,#2544));
#8826=EDGE_LOOP('',(#2545,#2546,#2547,#2548));
#8827=EDGE_LOOP('',(#2549,#2550,#2551,#2552));
#8828=EDGE_LOOP('',(#2553,#2554,#2555,#2556));
#8829=EDGE_LOOP('',(#2557,#2558,#2559,#2560));
#8830=EDGE_LOOP('',(#2561,#2562,#2563,#2564));
#8831=EDGE_LOOP('',(#2565,#2566,#2567,#2568));
#8832=EDGE_LOOP('',(#2569,#2570,#2571,#2572));
#8833=EDGE_LOOP('',(#2573,#2574,#2575,#2576,#2577,#2578,#2579,#2580));
#8834=EDGE_LOOP('',(#2581,#2582,#2583,#2584,#2585,#2586,#2587,#2588,#2589,
#2590));
#8835=EDGE_LOOP('',(#2591,#2592,#2593,#2594,#2595));
#8836=EDGE_LOOP('',(#2596,#2597,#2598,#2599,#2600,#2601,#2602,#2603,#2604,
#2605));
#8837=EDGE_LOOP('',(#2606,#2607,#2608,#2609,#2610,#2611,#2612));
#8838=EDGE_LOOP('',(#2613,#2614,#2615,#2616,#2617));
#8839=EDGE_LOOP('',(#2618,#2619,#2620,#2621));
#8840=EDGE_LOOP('',(#2622,#2623,#2624,#2625,#2626,#2627,#2628,#2629,#2630,
#2631));
#8841=EDGE_LOOP('',(#2632,#2633,#2634,#2635,#2636,#2637,#2638,#2639,#2640,
#2641));
#8842=EDGE_LOOP('',(#2642,#2643,#2644,#2645));
#8843=EDGE_LOOP('',(#2646,#2647,#2648,#2649));
#8844=EDGE_LOOP('',(#2650,#2651,#2652,#2653,#2654,#2655,#2656,#2657,#2658,
#2659,#2660,#2661,#2662,#2663,#2664,#2665,#2666,#2667,#2668,#2669,#2670,
#2671,#2672,#2673,#2674,#2675,#2676,#2677,#2678,#2679,#2680,#2681));
#8845=EDGE_LOOP('',(#2682,#2683,#2684,#2685,#2686,#2687,#2688,#2689,#2690,
#2691,#2692,#2693,#2694,#2695,#2696,#2697,#2698,#2699,#2700,#2701,#2702,
#2703,#2704,#2705,#2706,#2707,#2708,#2709,#2710,#2711,#2712,#2713));
#8846=EDGE_LOOP('',(#2714,#2715,#2716,#2717,#2718,#2719,#2720));
#8847=EDGE_LOOP('',(#2721,#2722,#2723,#2724,#2725,#2726,#2727));
#8848=EDGE_LOOP('',(#2728,#2729,#2730,#2731,#2732,#2733,#2734));
#8849=EDGE_LOOP('',(#2735,#2736,#2737,#2738));
#8850=EDGE_LOOP('',(#2739,#2740,#2741,#2742));
#8851=EDGE_LOOP('',(#2743,#2744,#2745,#2746));
#8852=EDGE_LOOP('',(#2747,#2748,#2749,#2750));
#8853=EDGE_LOOP('',(#2751,#2752,#2753,#2754));
#8854=EDGE_LOOP('',(#2755,#2756,#2757));
#8855=EDGE_LOOP('',(#2758,#2759,#2760,#2761,#2762));
#8856=EDGE_LOOP('',(#2763,#2764,#2765,#2766));
#8857=EDGE_LOOP('',(#2767,#2768,#2769,#2770));
#8858=EDGE_LOOP('',(#2771,#2772,#2773,#2774));
#8859=EDGE_LOOP('',(#2775,#2776,#2777,#2778));
#8860=EDGE_LOOP('',(#2779,#2780,#2781,#2782));
#8861=EDGE_LOOP('',(#2783,#2784,#2785,#2786));
#8862=EDGE_LOOP('',(#2787,#2788,#2789,#2790));
#8863=EDGE_LOOP('',(#2791,#2792,#2793,#2794));
#8864=EDGE_LOOP('',(#2795,#2796,#2797,#2798));
#8865=EDGE_LOOP('',(#2799,#2800,#2801));
#8866=EDGE_LOOP('',(#2802,#2803,#2804,#2805));
#8867=EDGE_LOOP('',(#2806,#2807,#2808,#2809));
#8868=EDGE_LOOP('',(#2810,#2811,#2812,#2813));
#8869=EDGE_LOOP('',(#2814,#2815,#2816,#2817));
#8870=EDGE_LOOP('',(#2818,#2819,#2820,#2821));
#8871=EDGE_LOOP('',(#2822,#2823,#2824,#2825));
#8872=EDGE_LOOP('',(#2826,#2827,#2828,#2829));
#8873=EDGE_LOOP('',(#2830,#2831,#2832,#2833));
#8874=EDGE_LOOP('',(#2834,#2835,#2836,#2837));
#8875=EDGE_LOOP('',(#2838,#2839,#2840));
#8876=EDGE_LOOP('',(#2841,#2842,#2843,#2844,#2845,#2846));
#8877=EDGE_LOOP('',(#2847,#2848,#2849,#2850));
#8878=EDGE_LOOP('',(#2851,#2852,#2853,#2854));
#8879=EDGE_LOOP('',(#2855,#2856,#2857,#2858));
#8880=EDGE_LOOP('',(#2859,#2860,#2861,#2862));
#8881=EDGE_LOOP('',(#2863,#2864,#2865,#2866));
#8882=EDGE_LOOP('',(#2867,#2868,#2869,#2870));
#8883=EDGE_LOOP('',(#2871,#2872,#2873,#2874,#2875));
#8884=EDGE_LOOP('',(#2876,#2877,#2878,#2879));
#8885=EDGE_LOOP('',(#2880,#2881,#2882));
#8886=EDGE_LOOP('',(#2883,#2884,#2885,#2886));
#8887=EDGE_LOOP('',(#2887,#2888,#2889,#2890,#2891,#2892));
#8888=EDGE_LOOP('',(#2893,#2894,#2895,#2896,#2897));
#8889=EDGE_LOOP('',(#2898,#2899,#2900,#2901));
#8890=EDGE_LOOP('',(#2902,#2903,#2904,#2905));
#8891=EDGE_LOOP('',(#2906,#2907,#2908,#2909));
#8892=EDGE_LOOP('',(#2910,#2911,#2912,#2913));
#8893=EDGE_LOOP('',(#2914,#2915,#2916,#2917));
#8894=EDGE_LOOP('',(#2918,#2919,#2920,#2921,#2922,#2923));
#8895=EDGE_LOOP('',(#2924,#2925,#2926,#2927,#2928));
#8896=EDGE_LOOP('',(#2929,#2930,#2931,#2932,#2933,#2934,#2935,#2936));
#8897=EDGE_LOOP('',(#2937,#2938,#2939,#2940));
#8898=EDGE_LOOP('',(#2941,#2942,#2943,#2944));
#8899=EDGE_LOOP('',(#2945,#2946,#2947,#2948));
#8900=EDGE_LOOP('',(#2949,#2950,#2951,#2952));
#8901=EDGE_LOOP('',(#2953,#2954,#2955,#2956,#2957));
#8902=EDGE_LOOP('',(#2958,#2959,#2960,#2961,#2962,#2963,#2964));
#8903=EDGE_LOOP('',(#2965,#2966,#2967,#2968,#2969,#2970,#2971));
#8904=EDGE_LOOP('',(#2972,#2973,#2974,#2975));
#8905=EDGE_LOOP('',(#2976,#2977,#2978,#2979,#2980,#2981,#2982));
#8906=EDGE_LOOP('',(#2983,#2984,#2985,#2986,#2987,#2988,#2989));
#8907=EDGE_LOOP('',(#2990,#2991,#2992,#2993));
#8908=EDGE_LOOP('',(#2994,#2995,#2996,#2997));
#8909=EDGE_LOOP('',(#2998,#2999,#3000,#3001,#3002));
#8910=EDGE_LOOP('',(#3003,#3004,#3005,#3006,#3007,#3008));
#8911=EDGE_LOOP('',(#3009,#3010,#3011));
#8912=EDGE_LOOP('',(#3012,#3013,#3014,#3015));
#8913=EDGE_LOOP('',(#3016,#3017,#3018,#3019));
#8914=EDGE_LOOP('',(#3020,#3021,#3022));
#8915=EDGE_LOOP('',(#3023,#3024,#3025,#3026,#3027));
#8916=EDGE_LOOP('',(#3028,#3029,#3030,#3031));
#8917=EDGE_LOOP('',(#3032,#3033,#3034,#3035,#3036,#3037,#3038));
#8918=EDGE_LOOP('',(#3039,#3040,#3041,#3042));
#8919=EDGE_LOOP('',(#3043,#3044,#3045,#3046));
#8920=EDGE_LOOP('',(#3047,#3048,#3049,#3050));
#8921=EDGE_LOOP('',(#3051,#3052,#3053));
#8922=EDGE_LOOP('',(#3054,#3055,#3056,#3057));
#8923=EDGE_LOOP('',(#3058,#3059,#3060,#3061));
#8924=EDGE_LOOP('',(#3062,#3063,#3064));
#8925=EDGE_LOOP('',(#3065,#3066,#3067,#3068));
#8926=EDGE_LOOP('',(#3069,#3070,#3071,#3072));
#8927=EDGE_LOOP('',(#3073,#3074,#3075,#3076));
#8928=EDGE_LOOP('',(#3077,#3078,#3079,#3080));
#8929=EDGE_LOOP('',(#3081,#3082,#3083,#3084));
#8930=EDGE_LOOP('',(#3085,#3086,#3087,#3088));
#8931=EDGE_LOOP('',(#3089,#3090,#3091,#3092));
#8932=EDGE_LOOP('',(#3093,#3094,#3095,#3096));
#8933=EDGE_LOOP('',(#3097,#3098,#3099,#3100));
#8934=EDGE_LOOP('',(#3101,#3102,#3103,#3104));
#8935=EDGE_LOOP('',(#3105,#3106,#3107,#3108,#3109,#3110,#3111,#3112,#3113,
#3114,#3115,#3116));
#8936=EDGE_LOOP('',(#3117,#3118,#3119,#3120,#3121,#3122,#3123,#3124,#3125,
#3126,#3127,#3128));
#8937=EDGE_LOOP('',(#3129,#3130,#3131,#3132,#3133));
#8938=EDGE_LOOP('',(#3134,#3135,#3136,#3137,#3138));
#8939=EDGE_LOOP('',(#3139,#3140,#3141,#3142,#3143));
#8940=EDGE_LOOP('',(#3144,#3145,#3146,#3147,#3148));
#8941=EDGE_LOOP('',(#3149,#3150,#3151,#3152,#3153));
#8942=EDGE_LOOP('',(#3154,#3155,#3156,#3157,#3158));
#8943=EDGE_LOOP('',(#3159,#3160,#3161,#3162));
#8944=EDGE_LOOP('',(#3163,#3164,#3165,#3166));
#8945=EDGE_LOOP('',(#3167,#3168,#3169,#3170));
#8946=EDGE_LOOP('',(#3171,#3172,#3173,#3174));
#8947=EDGE_LOOP('',(#3175,#3176,#3177,#3178));
#8948=EDGE_LOOP('',(#3179,#3180,#3181,#3182));
#8949=EDGE_LOOP('',(#3183,#3184,#3185,#3186));
#8950=EDGE_LOOP('',(#3187,#3188,#3189,#3190,#3191,#3192,#3193,#3194,#3195,
#3196,#3197,#3198));
#8951=EDGE_LOOP('',(#3199,#3200,#3201,#3202,#3203));
#8952=EDGE_LOOP('',(#3204,#3205,#3206,#3207,#3208));
#8953=EDGE_LOOP('',(#3209,#3210,#3211,#3212,#3213));
#8954=EDGE_LOOP('',(#3214,#3215,#3216,#3217,#3218));
#8955=EDGE_LOOP('',(#3219,#3220,#3221,#3222));
#8956=EDGE_LOOP('',(#3223,#3224,#3225,#3226));
#8957=EDGE_LOOP('',(#3227,#3228,#3229,#3230));
#8958=EDGE_LOOP('',(#3231,#3232,#3233,#3234));
#8959=EDGE_LOOP('',(#3235,#3236,#3237,#3238));
#8960=EDGE_LOOP('',(#3239,#3240,#3241,#3242));
#8961=EDGE_LOOP('',(#3243,#3244,#3245,#3246,#3247,#3248,#3249,#3250,#3251,
#3252,#3253,#3254,#3255,#3256,#3257,#3258,#3259,#3260,#3261,#3262,#3263,
#3264,#3265,#3266,#3267,#3268,#3269,#3270,#3271,#3272,#3273,#3274));
#8962=EDGE_LOOP('',(#3275,#3276,#3277,#3278));
#8963=EDGE_LOOP('',(#3279,#3280,#3281,#3282));
#8964=EDGE_LOOP('',(#3283,#3284,#3285,#3286,#3287,#3288));
#8965=EDGE_LOOP('',(#3289,#3290,#3291,#3292,#3293,#3294));
#8966=EDGE_LOOP('',(#3295,#3296,#3297,#3298,#3299,#3300));
#8967=EDGE_LOOP('',(#3301,#3302,#3303,#3304));
#8968=EDGE_LOOP('',(#3305,#3306,#3307,#3308,#3309,#3310,#3311,#3312,#3313,
#3314,#3315,#3316));
#8969=EDGE_LOOP('',(#3317,#3318,#3319,#3320,#3321,#3322,#3323,#3324,#3325,
#3326));
#8970=EDGE_LOOP('',(#3327,#3328,#3329,#3330,#3331,#3332,#3333,#3334,#3335,
#3336));
#8971=EDGE_LOOP('',(#3337,#3338,#3339,#3340));
#8972=EDGE_LOOP('',(#3341,#3342,#3343,#3344));
#8973=EDGE_LOOP('',(#3345,#3346,#3347,#3348));
#8974=EDGE_LOOP('',(#3349,#3350,#3351,#3352));
#8975=EDGE_LOOP('',(#3353,#3354,#3355,#3356));
#8976=EDGE_LOOP('',(#3357,#3358,#3359,#3360));
#8977=EDGE_LOOP('',(#3361,#3362,#3363,#3364,#3365));
#8978=EDGE_LOOP('',(#3366,#3367,#3368,#3369));
#8979=EDGE_LOOP('',(#3370,#3371,#3372,#3373,#3374));
#8980=EDGE_LOOP('',(#3375,#3376,#3377,#3378));
#8981=EDGE_LOOP('',(#3379,#3380,#3381,#3382,#3383));
#8982=EDGE_LOOP('',(#3384,#3385,#3386,#3387,#3388));
#8983=EDGE_LOOP('',(#3389,#3390,#3391,#3392));
#8984=EDGE_LOOP('',(#3393,#3394,#3395,#3396));
#8985=EDGE_LOOP('',(#3397,#3398,#3399,#3400));
#8986=EDGE_LOOP('',(#3401,#3402,#3403,#3404));
#8987=EDGE_LOOP('',(#3405,#3406,#3407,#3408));
#8988=EDGE_LOOP('',(#3409,#3410,#3411,#3412));
#8989=EDGE_LOOP('',(#3413,#3414,#3415,#3416));
#8990=EDGE_LOOP('',(#3417,#3418,#3419,#3420));
#8991=EDGE_LOOP('',(#3421,#3422,#3423,#3424));
#8992=EDGE_LOOP('',(#3425,#3426,#3427,#3428));
#8993=EDGE_LOOP('',(#3429,#3430,#3431,#3432));
#8994=EDGE_LOOP('',(#3433,#3434,#3435,#3436));
#8995=EDGE_LOOP('',(#3437,#3438,#3439,#3440));
#8996=EDGE_LOOP('',(#3441,#3442,#3443,#3444));
#8997=EDGE_LOOP('',(#3445,#3446,#3447,#3448));
#8998=EDGE_LOOP('',(#3449,#3450,#3451,#3452));
#8999=EDGE_LOOP('',(#3453,#3454,#3455,#3456));
#9000=EDGE_LOOP('',(#3457,#3458,#3459,#3460));
#9001=EDGE_LOOP('',(#3461,#3462,#3463,#3464));
#9002=EDGE_LOOP('',(#3465,#3466,#3467,#3468));
#9003=EDGE_LOOP('',(#3469,#3470,#3471,#3472));
#9004=EDGE_LOOP('',(#3473,#3474,#3475,#3476));
#9005=EDGE_LOOP('',(#3477,#3478,#3479,#3480));
#9006=EDGE_LOOP('',(#3481,#3482,#3483,#3484));
#9007=EDGE_LOOP('',(#3485,#3486,#3487,#3488));
#9008=EDGE_LOOP('',(#3489,#3490,#3491,#3492));
#9009=EDGE_LOOP('',(#3493,#3494,#3495,#3496));
#9010=EDGE_LOOP('',(#3497,#3498,#3499,#3500));
#9011=EDGE_LOOP('',(#3501,#3502,#3503,#3504));
#9012=EDGE_LOOP('',(#3505,#3506,#3507,#3508));
#9013=EDGE_LOOP('',(#3509,#3510,#3511,#3512));
#9014=EDGE_LOOP('',(#3513,#3514,#3515,#3516));
#9015=EDGE_LOOP('',(#3517,#3518,#3519,#3520));
#9016=EDGE_LOOP('',(#3521,#3522,#3523,#3524));
#9017=EDGE_LOOP('',(#3525,#3526,#3527,#3528));
#9018=EDGE_LOOP('',(#3529,#3530,#3531,#3532));
#9019=EDGE_LOOP('',(#3533,#3534,#3535,#3536));
#9020=EDGE_LOOP('',(#3537,#3538,#3539,#3540,#3541,#3542,#3543,#3544));
#9021=EDGE_LOOP('',(#3545,#3546,#3547,#3548,#3549,#3550,#3551,#3552,#3553,
#3554));
#9022=EDGE_LOOP('',(#3555,#3556,#3557,#3558,#3559));
#9023=EDGE_LOOP('',(#3560,#3561,#3562,#3563,#3564,#3565,#3566,#3567,#3568,
#3569));
#9024=EDGE_LOOP('',(#3570,#3571,#3572,#3573,#3574,#3575,#3576));
#9025=EDGE_LOOP('',(#3577,#3578,#3579,#3580,#3581));
#9026=EDGE_LOOP('',(#3582,#3583,#3584,#3585));
#9027=EDGE_LOOP('',(#3586,#3587,#3588,#3589,#3590,#3591,#3592,#3593,#3594,
#3595));
#9028=EDGE_LOOP('',(#3596,#3597,#3598,#3599,#3600,#3601,#3602,#3603,#3604,
#3605));
#9029=EDGE_LOOP('',(#3606,#3607,#3608,#3609));
#9030=EDGE_LOOP('',(#3610,#3611,#3612,#3613));
#9031=EDGE_LOOP('',(#3614,#3615,#3616,#3617,#3618,#3619,#3620));
#9032=EDGE_LOOP('',(#3621,#3622,#3623,#3624,#3625,#3626,#3627));
#9033=EDGE_LOOP('',(#3628,#3629,#3630,#3631,#3632,#3633,#3634));
#9034=EDGE_LOOP('',(#3635,#3636,#3637,#3638));
#9035=EDGE_LOOP('',(#3639,#3640,#3641,#3642));
#9036=EDGE_LOOP('',(#3643,#3644,#3645,#3646));
#9037=EDGE_LOOP('',(#3647,#3648,#3649,#3650));
#9038=EDGE_LOOP('',(#3651,#3652,#3653,#3654));
#9039=EDGE_LOOP('',(#3655,#3656,#3657));
#9040=EDGE_LOOP('',(#3658,#3659,#3660,#3661,#3662));
#9041=EDGE_LOOP('',(#3663,#3664,#3665,#3666));
#9042=EDGE_LOOP('',(#3667,#3668,#3669,#3670));
#9043=EDGE_LOOP('',(#3671,#3672,#3673,#3674));
#9044=EDGE_LOOP('',(#3675,#3676,#3677,#3678));
#9045=EDGE_LOOP('',(#3679,#3680,#3681,#3682));
#9046=EDGE_LOOP('',(#3683,#3684,#3685,#3686));
#9047=EDGE_LOOP('',(#3687,#3688,#3689,#3690));
#9048=EDGE_LOOP('',(#3691,#3692,#3693,#3694));
#9049=EDGE_LOOP('',(#3695,#3696,#3697,#3698));
#9050=EDGE_LOOP('',(#3699,#3700,#3701));
#9051=EDGE_LOOP('',(#3702,#3703,#3704,#3705));
#9052=EDGE_LOOP('',(#3706,#3707,#3708,#3709));
#9053=EDGE_LOOP('',(#3710,#3711,#3712,#3713));
#9054=EDGE_LOOP('',(#3714,#3715,#3716,#3717));
#9055=EDGE_LOOP('',(#3718,#3719,#3720,#3721));
#9056=EDGE_LOOP('',(#3722,#3723,#3724,#3725));
#9057=EDGE_LOOP('',(#3726,#3727,#3728,#3729));
#9058=EDGE_LOOP('',(#3730,#3731,#3732,#3733));
#9059=EDGE_LOOP('',(#3734,#3735,#3736,#3737));
#9060=EDGE_LOOP('',(#3738,#3739,#3740));
#9061=EDGE_LOOP('',(#3741,#3742,#3743,#3744,#3745,#3746));
#9062=EDGE_LOOP('',(#3747,#3748,#3749,#3750));
#9063=EDGE_LOOP('',(#3751,#3752,#3753,#3754));
#9064=EDGE_LOOP('',(#3755,#3756,#3757,#3758));
#9065=EDGE_LOOP('',(#3759,#3760,#3761,#3762));
#9066=EDGE_LOOP('',(#3763,#3764,#3765,#3766));
#9067=EDGE_LOOP('',(#3767,#3768,#3769,#3770));
#9068=EDGE_LOOP('',(#3771,#3772,#3773,#3774,#3775));
#9069=EDGE_LOOP('',(#3776,#3777,#3778,#3779));
#9070=EDGE_LOOP('',(#3780,#3781,#3782));
#9071=EDGE_LOOP('',(#3783,#3784,#3785,#3786));
#9072=EDGE_LOOP('',(#3787,#3788,#3789,#3790,#3791,#3792));
#9073=EDGE_LOOP('',(#3793,#3794,#3795,#3796,#3797));
#9074=EDGE_LOOP('',(#3798,#3799,#3800,#3801));
#9075=EDGE_LOOP('',(#3802,#3803,#3804,#3805));
#9076=EDGE_LOOP('',(#3806,#3807,#3808,#3809));
#9077=EDGE_LOOP('',(#3810,#3811,#3812,#3813));
#9078=EDGE_LOOP('',(#3814,#3815,#3816,#3817));
#9079=EDGE_LOOP('',(#3818,#3819,#3820,#3821,#3822,#3823));
#9080=EDGE_LOOP('',(#3824,#3825,#3826,#3827,#3828));
#9081=EDGE_LOOP('',(#3829,#3830,#3831,#3832,#3833,#3834,#3835,#3836));
#9082=EDGE_LOOP('',(#3837,#3838,#3839,#3840));
#9083=EDGE_LOOP('',(#3841,#3842,#3843,#3844));
#9084=EDGE_LOOP('',(#3845,#3846,#3847,#3848));
#9085=EDGE_LOOP('',(#3849,#3850,#3851,#3852));
#9086=EDGE_LOOP('',(#3853,#3854,#3855,#3856,#3857));
#9087=EDGE_LOOP('',(#3858,#3859,#3860,#3861,#3862,#3863,#3864));
#9088=EDGE_LOOP('',(#3865,#3866,#3867,#3868,#3869,#3870,#3871));
#9089=EDGE_LOOP('',(#3872,#3873,#3874,#3875));
#9090=EDGE_LOOP('',(#3876,#3877,#3878,#3879,#3880,#3881,#3882));
#9091=EDGE_LOOP('',(#3883,#3884,#3885,#3886,#3887,#3888,#3889));
#9092=EDGE_LOOP('',(#3890,#3891,#3892,#3893));
#9093=EDGE_LOOP('',(#3894,#3895,#3896,#3897));
#9094=EDGE_LOOP('',(#3898,#3899,#3900,#3901,#3902));
#9095=EDGE_LOOP('',(#3903,#3904,#3905,#3906,#3907,#3908));
#9096=EDGE_LOOP('',(#3909,#3910,#3911));
#9097=EDGE_LOOP('',(#3912,#3913,#3914,#3915));
#9098=EDGE_LOOP('',(#3916,#3917,#3918,#3919));
#9099=EDGE_LOOP('',(#3920,#3921,#3922));
#9100=EDGE_LOOP('',(#3923,#3924,#3925,#3926,#3927));
#9101=EDGE_LOOP('',(#3928,#3929,#3930,#3931));
#9102=EDGE_LOOP('',(#3932,#3933,#3934,#3935,#3936,#3937,#3938));
#9103=EDGE_LOOP('',(#3939,#3940,#3941,#3942));
#9104=EDGE_LOOP('',(#3943,#3944,#3945,#3946));
#9105=EDGE_LOOP('',(#3947,#3948,#3949,#3950));
#9106=EDGE_LOOP('',(#3951,#3952,#3953));
#9107=EDGE_LOOP('',(#3954,#3955,#3956,#3957));
#9108=EDGE_LOOP('',(#3958,#3959,#3960,#3961));
#9109=EDGE_LOOP('',(#3962,#3963,#3964));
#9110=EDGE_LOOP('',(#3965,#3966,#3967,#3968));
#9111=EDGE_LOOP('',(#3969,#3970,#3971,#3972));
#9112=EDGE_LOOP('',(#3973,#3974,#3975,#3976));
#9113=EDGE_LOOP('',(#3977,#3978,#3979,#3980));
#9114=EDGE_LOOP('',(#3981,#3982,#3983,#3984));
#9115=EDGE_LOOP('',(#3985,#3986,#3987,#3988));
#9116=EDGE_LOOP('',(#3989,#3990,#3991,#3992));
#9117=EDGE_LOOP('',(#3993,#3994,#3995,#3996));
#9118=EDGE_LOOP('',(#3997,#3998,#3999,#4000));
#9119=EDGE_LOOP('',(#4001,#4002,#4003,#4004));
#9120=EDGE_LOOP('',(#4005,#4006,#4007,#4008));
#9121=EDGE_LOOP('',(#4009,#4010,#4011,#4012));
#9122=EDGE_LOOP('',(#4013,#4014,#4015,#4016));
#9123=EDGE_LOOP('',(#4017,#4018,#4019,#4020,#4021,#4022));
#9124=EDGE_LOOP('',(#4023,#4024,#4025,#4026,#4027,#4028));
#9125=EDGE_LOOP('',(#4029,#4030,#4031,#4032,#4033,#4034));
#9126=EDGE_LOOP('',(#4035,#4036,#4037,#4038));
#9127=EDGE_LOOP('',(#4039,#4040,#4041,#4042,#4043,#4044,#4045,#4046,#4047,
#4048,#4049,#4050));
#9128=EDGE_LOOP('',(#4051,#4052,#4053,#4054,#4055,#4056,#4057,#4058,#4059,
#4060));
#9129=EDGE_LOOP('',(#4061,#4062,#4063,#4064,#4065,#4066,#4067,#4068,#4069,
#4070));
#9130=EDGE_LOOP('',(#4071,#4072,#4073,#4074));
#9131=EDGE_LOOP('',(#4075,#4076,#4077,#4078));
#9132=EDGE_LOOP('',(#4079,#4080,#4081,#4082));
#9133=EDGE_LOOP('',(#4083,#4084,#4085,#4086));
#9134=EDGE_LOOP('',(#4087,#4088,#4089,#4090));
#9135=EDGE_LOOP('',(#4091,#4092,#4093,#4094));
#9136=EDGE_LOOP('',(#4095,#4096,#4097,#4098,#4099));
#9137=EDGE_LOOP('',(#4100,#4101,#4102,#4103));
#9138=EDGE_LOOP('',(#4104,#4105,#4106,#4107,#4108));
#9139=EDGE_LOOP('',(#4109,#4110,#4111,#4112));
#9140=EDGE_LOOP('',(#4113,#4114,#4115,#4116,#4117));
#9141=EDGE_LOOP('',(#4118,#4119,#4120,#4121,#4122));
#9142=EDGE_LOOP('',(#4123,#4124,#4125,#4126));
#9143=EDGE_LOOP('',(#4127,#4128,#4129,#4130));
#9144=EDGE_LOOP('',(#4131,#4132,#4133,#4134));
#9145=EDGE_LOOP('',(#4135,#4136,#4137,#4138));
#9146=EDGE_LOOP('',(#4139,#4140,#4141,#4142));
#9147=EDGE_LOOP('',(#4143,#4144,#4145,#4146));
#9148=EDGE_LOOP('',(#4147,#4148,#4149,#4150));
#9149=EDGE_LOOP('',(#4151,#4152,#4153,#4154));
#9150=EDGE_LOOP('',(#4155,#4156,#4157,#4158));
#9151=EDGE_LOOP('',(#4159,#4160,#4161,#4162));
#9152=EDGE_LOOP('',(#4163,#4164,#4165,#4166));
#9153=EDGE_LOOP('',(#4167,#4168,#4169,#4170));
#9154=EDGE_LOOP('',(#4171,#4172,#4173,#4174));
#9155=EDGE_LOOP('',(#4175,#4176,#4177,#4178));
#9156=EDGE_LOOP('',(#4179,#4180,#4181,#4182));
#9157=EDGE_LOOP('',(#4183,#4184,#4185,#4186));
#9158=EDGE_LOOP('',(#4187,#4188,#4189,#4190));
#9159=EDGE_LOOP('',(#4191,#4192,#4193,#4194));
#9160=EDGE_LOOP('',(#4195,#4196,#4197,#4198));
#9161=EDGE_LOOP('',(#4199,#4200,#4201,#4202));
#9162=EDGE_LOOP('',(#4203,#4204,#4205,#4206));
#9163=EDGE_LOOP('',(#4207,#4208,#4209,#4210));
#9164=EDGE_LOOP('',(#4211,#4212,#4213,#4214));
#9165=EDGE_LOOP('',(#4215,#4216,#4217,#4218));
#9166=EDGE_LOOP('',(#4219,#4220,#4221,#4222));
#9167=EDGE_LOOP('',(#4223,#4224,#4225,#4226));
#9168=EDGE_LOOP('',(#4227,#4228,#4229,#4230));
#9169=EDGE_LOOP('',(#4231,#4232,#4233,#4234));
#9170=EDGE_LOOP('',(#4235,#4236,#4237,#4238));
#9171=EDGE_LOOP('',(#4239,#4240,#4241,#4242));
#9172=EDGE_LOOP('',(#4243,#4244,#4245,#4246));
#9173=EDGE_LOOP('',(#4247,#4248,#4249,#4250));
#9174=EDGE_LOOP('',(#4251,#4252,#4253,#4254));
#9175=EDGE_LOOP('',(#4255,#4256,#4257,#4258));
#9176=EDGE_LOOP('',(#4259,#4260,#4261,#4262));
#9177=EDGE_LOOP('',(#4263,#4264,#4265,#4266));
#9178=EDGE_LOOP('',(#4267,#4268,#4269,#4270));
#9179=EDGE_LOOP('',(#4271,#4272,#4273,#4274,#4275,#4276,#4277,#4278));
#9180=EDGE_LOOP('',(#4279,#4280,#4281,#4282,#4283,#4284,#4285,#4286,#4287,
#4288));
#9181=EDGE_LOOP('',(#4289,#4290,#4291,#4292,#4293));
#9182=EDGE_LOOP('',(#4294,#4295,#4296,#4297,#4298,#4299,#4300,#4301,#4302,
#4303));
#9183=EDGE_LOOP('',(#4304,#4305,#4306,#4307,#4308,#4309,#4310));
#9184=EDGE_LOOP('',(#4311,#4312,#4313,#4314,#4315));
#9185=EDGE_LOOP('',(#4316,#4317,#4318,#4319));
#9186=EDGE_LOOP('',(#4320,#4321,#4322,#4323,#4324,#4325,#4326,#4327,#4328,
#4329));
#9187=EDGE_LOOP('',(#4330,#4331,#4332,#4333,#4334,#4335,#4336,#4337,#4338,
#4339));
#9188=EDGE_LOOP('',(#4340,#4341,#4342,#4343));
#9189=EDGE_LOOP('',(#4344,#4345,#4346,#4347));
#9190=EDGE_LOOP('',(#4348,#4349,#4350,#4351,#4352,#4353,#4354));
#9191=EDGE_LOOP('',(#4355,#4356,#4357,#4358,#4359,#4360,#4361));
#9192=EDGE_LOOP('',(#4362,#4363,#4364,#4365,#4366,#4367,#4368));
#9193=EDGE_LOOP('',(#4369,#4370,#4371,#4372,#4373,#4374,#4375,#4376,#4377,
#4378,#4379,#4380,#4381,#4382,#4383,#4384,#4385,#4386,#4387,#4388,#4389,
#4390,#4391,#4392,#4393,#4394,#4395,#4396,#4397,#4398,#4399,#4400));
#9194=EDGE_LOOP('',(#4401,#4402,#4403,#4404));
#9195=EDGE_LOOP('',(#4405,#4406,#4407,#4408));
#9196=EDGE_LOOP('',(#4409,#4410,#4411,#4412));
#9197=EDGE_LOOP('',(#4413,#4414,#4415,#4416));
#9198=EDGE_LOOP('',(#4417,#4418,#4419,#4420));
#9199=EDGE_LOOP('',(#4421,#4422,#4423));
#9200=EDGE_LOOP('',(#4424,#4425,#4426,#4427,#4428));
#9201=EDGE_LOOP('',(#4429,#4430,#4431,#4432));
#9202=EDGE_LOOP('',(#4433,#4434,#4435,#4436));
#9203=EDGE_LOOP('',(#4437,#4438,#4439,#4440));
#9204=EDGE_LOOP('',(#4441,#4442,#4443,#4444));
#9205=EDGE_LOOP('',(#4445,#4446,#4447,#4448));
#9206=EDGE_LOOP('',(#4449,#4450,#4451,#4452));
#9207=EDGE_LOOP('',(#4453,#4454,#4455,#4456));
#9208=EDGE_LOOP('',(#4457,#4458,#4459,#4460));
#9209=EDGE_LOOP('',(#4461,#4462,#4463,#4464));
#9210=EDGE_LOOP('',(#4465,#4466,#4467));
#9211=EDGE_LOOP('',(#4468,#4469,#4470,#4471));
#9212=EDGE_LOOP('',(#4472,#4473,#4474,#4475));
#9213=EDGE_LOOP('',(#4476,#4477,#4478,#4479));
#9214=EDGE_LOOP('',(#4480,#4481,#4482,#4483));
#9215=EDGE_LOOP('',(#4484,#4485,#4486,#4487));
#9216=EDGE_LOOP('',(#4488,#4489,#4490,#4491));
#9217=EDGE_LOOP('',(#4492,#4493,#4494,#4495));
#9218=EDGE_LOOP('',(#4496,#4497,#4498,#4499));
#9219=EDGE_LOOP('',(#4500,#4501,#4502,#4503));
#9220=EDGE_LOOP('',(#4504,#4505,#4506));
#9221=EDGE_LOOP('',(#4507,#4508,#4509,#4510,#4511,#4512));
#9222=EDGE_LOOP('',(#4513,#4514,#4515,#4516));
#9223=EDGE_LOOP('',(#4517,#4518,#4519,#4520));
#9224=EDGE_LOOP('',(#4521,#4522,#4523,#4524));
#9225=EDGE_LOOP('',(#4525,#4526,#4527,#4528));
#9226=EDGE_LOOP('',(#4529,#4530,#4531,#4532));
#9227=EDGE_LOOP('',(#4533,#4534,#4535,#4536));
#9228=EDGE_LOOP('',(#4537,#4538,#4539,#4540,#4541));
#9229=EDGE_LOOP('',(#4542,#4543,#4544,#4545));
#9230=EDGE_LOOP('',(#4546,#4547,#4548));
#9231=EDGE_LOOP('',(#4549,#4550,#4551,#4552));
#9232=EDGE_LOOP('',(#4553,#4554,#4555,#4556,#4557,#4558));
#9233=EDGE_LOOP('',(#4559,#4560,#4561,#4562,#4563));
#9234=EDGE_LOOP('',(#4564,#4565,#4566,#4567));
#9235=EDGE_LOOP('',(#4568,#4569,#4570,#4571));
#9236=EDGE_LOOP('',(#4572,#4573,#4574,#4575));
#9237=EDGE_LOOP('',(#4576,#4577,#4578,#4579));
#9238=EDGE_LOOP('',(#4580,#4581,#4582,#4583));
#9239=EDGE_LOOP('',(#4584,#4585,#4586,#4587,#4588,#4589));
#9240=EDGE_LOOP('',(#4590,#4591,#4592,#4593,#4594));
#9241=EDGE_LOOP('',(#4595,#4596,#4597,#4598,#4599,#4600,#4601,#4602));
#9242=EDGE_LOOP('',(#4603,#4604,#4605,#4606));
#9243=EDGE_LOOP('',(#4607,#4608,#4609,#4610));
#9244=EDGE_LOOP('',(#4611,#4612,#4613,#4614));
#9245=EDGE_LOOP('',(#4615,#4616,#4617,#4618));
#9246=EDGE_LOOP('',(#4619,#4620,#4621,#4622,#4623));
#9247=EDGE_LOOP('',(#4624,#4625,#4626,#4627,#4628,#4629,#4630));
#9248=EDGE_LOOP('',(#4631,#4632,#4633,#4634,#4635,#4636,#4637));
#9249=EDGE_LOOP('',(#4638,#4639,#4640,#4641));
#9250=EDGE_LOOP('',(#4642,#4643,#4644,#4645));
#9251=EDGE_LOOP('',(#4646,#4647,#4648,#4649));
#9252=EDGE_LOOP('',(#4650,#4651,#4652,#4653,#4654,#4655,#4656));
#9253=EDGE_LOOP('',(#4657,#4658,#4659,#4660,#4661,#4662,#4663));
#9254=EDGE_LOOP('',(#4664,#4665,#4666,#4667,#4668));
#9255=EDGE_LOOP('',(#4669,#4670,#4671,#4672,#4673,#4674));
#9256=EDGE_LOOP('',(#4675,#4676,#4677));
#9257=EDGE_LOOP('',(#4678,#4679,#4680,#4681));
#9258=EDGE_LOOP('',(#4682,#4683,#4684,#4685));
#9259=EDGE_LOOP('',(#4686,#4687,#4688));
#9260=EDGE_LOOP('',(#4689,#4690,#4691,#4692,#4693));
#9261=EDGE_LOOP('',(#4694,#4695,#4696,#4697));
#9262=EDGE_LOOP('',(#4698,#4699,#4700,#4701,#4702,#4703,#4704));
#9263=EDGE_LOOP('',(#4705,#4706,#4707,#4708));
#9264=EDGE_LOOP('',(#4709,#4710,#4711,#4712));
#9265=EDGE_LOOP('',(#4713,#4714,#4715,#4716));
#9266=EDGE_LOOP('',(#4717,#4718,#4719));
#9267=EDGE_LOOP('',(#4720,#4721,#4722,#4723));
#9268=EDGE_LOOP('',(#4724,#4725,#4726,#4727));
#9269=EDGE_LOOP('',(#4728,#4729,#4730));
#9270=EDGE_LOOP('',(#4731,#4732,#4733,#4734));
#9271=EDGE_LOOP('',(#4735,#4736,#4737,#4738));
#9272=EDGE_LOOP('',(#4739,#4740,#4741,#4742));
#9273=EDGE_LOOP('',(#4743,#4744,#4745,#4746));
#9274=EDGE_LOOP('',(#4747,#4748,#4749,#4750));
#9275=EDGE_LOOP('',(#4751,#4752,#4753,#4754));
#9276=EDGE_LOOP('',(#4755,#4756,#4757,#4758));
#9277=EDGE_LOOP('',(#4759,#4760,#4761,#4762));
#9278=EDGE_LOOP('',(#4763,#4764,#4765,#4766));
#9279=EDGE_LOOP('',(#4767,#4768,#4769,#4770));
#9280=EDGE_LOOP('',(#4771,#4772,#4773,#4774,#4775,#4776,#4777,#4778,#4779,
#4780,#4781,#4782));
#9281=EDGE_LOOP('',(#4783,#4784,#4785,#4786,#4787));
#9282=EDGE_LOOP('',(#4788,#4789,#4790,#4791,#4792));
#9283=EDGE_LOOP('',(#4793,#4794,#4795,#4796,#4797));
#9284=EDGE_LOOP('',(#4798,#4799,#4800,#4801,#4802));
#9285=EDGE_LOOP('',(#4803,#4804,#4805,#4806));
#9286=EDGE_LOOP('',(#4807,#4808,#4809,#4810));
#9287=EDGE_LOOP('',(#4811,#4812,#4813,#4814));
#9288=EDGE_LOOP('',(#4815,#4816,#4817,#4818));
#9289=EDGE_LOOP('',(#4819,#4820,#4821,#4822));
#9290=EDGE_LOOP('',(#4823,#4824,#4825,#4826));
#9291=EDGE_LOOP('',(#4827,#4828,#4829,#4830));
#9292=EDGE_LOOP('',(#4831,#4832,#4833,#4834));
#9293=EDGE_LOOP('',(#4835,#4836,#4837,#4838));
#9294=EDGE_LOOP('',(#4839,#4840,#4841,#4842,#4843,#4844));
#9295=EDGE_LOOP('',(#4845,#4846,#4847,#4848,#4849,#4850));
#9296=EDGE_LOOP('',(#4851,#4852,#4853,#4854,#4855,#4856));
#9297=EDGE_LOOP('',(#4857,#4858,#4859,#4860));
#9298=EDGE_LOOP('',(#4861,#4862,#4863,#4864,#4865,#4866,#4867,#4868,#4869,
#4870,#4871,#4872));
#9299=EDGE_LOOP('',(#4873,#4874,#4875,#4876,#4877,#4878,#4879,#4880,#4881,
#4882));
#9300=EDGE_LOOP('',(#4883,#4884,#4885,#4886,#4887,#4888,#4889,#4890,#4891,
#4892));
#9301=EDGE_LOOP('',(#4893,#4894,#4895,#4896));
#9302=EDGE_LOOP('',(#4897,#4898,#4899,#4900));
#9303=EDGE_LOOP('',(#4901,#4902,#4903,#4904));
#9304=EDGE_LOOP('',(#4905,#4906,#4907,#4908));
#9305=EDGE_LOOP('',(#4909,#4910,#4911,#4912));
#9306=EDGE_LOOP('',(#4913,#4914,#4915,#4916));
#9307=EDGE_LOOP('',(#4917,#4918,#4919,#4920,#4921));
#9308=EDGE_LOOP('',(#4922,#4923,#4924,#4925));
#9309=EDGE_LOOP('',(#4926,#4927,#4928,#4929,#4930));
#9310=EDGE_LOOP('',(#4931,#4932,#4933,#4934));
#9311=EDGE_LOOP('',(#4935,#4936,#4937,#4938,#4939));
#9312=EDGE_LOOP('',(#4940,#4941,#4942,#4943,#4944));
#9313=EDGE_LOOP('',(#4945,#4946,#4947,#4948));
#9314=EDGE_LOOP('',(#4949,#4950,#4951,#4952));
#9315=EDGE_LOOP('',(#4953,#4954,#4955,#4956));
#9316=EDGE_LOOP('',(#4957,#4958,#4959,#4960));
#9317=EDGE_LOOP('',(#4961,#4962,#4963,#4964));
#9318=EDGE_LOOP('',(#4965,#4966,#4967,#4968));
#9319=EDGE_LOOP('',(#4969,#4970,#4971,#4972));
#9320=EDGE_LOOP('',(#4973,#4974,#4975,#4976));
#9321=EDGE_LOOP('',(#4977,#4978,#4979,#4980));
#9322=EDGE_LOOP('',(#4981,#4982,#4983,#4984));
#9323=EDGE_LOOP('',(#4985,#4986,#4987,#4988));
#9324=EDGE_LOOP('',(#4989,#4990,#4991,#4992));
#9325=EDGE_LOOP('',(#4993,#4994,#4995,#4996));
#9326=EDGE_LOOP('',(#4997,#4998,#4999,#5000));
#9327=EDGE_LOOP('',(#5001,#5002,#5003,#5004));
#9328=EDGE_LOOP('',(#5005,#5006,#5007,#5008));
#9329=EDGE_LOOP('',(#5009,#5010,#5011,#5012));
#9330=EDGE_LOOP('',(#5013,#5014,#5015,#5016));
#9331=EDGE_LOOP('',(#5017,#5018,#5019,#5020));
#9332=EDGE_LOOP('',(#5021,#5022,#5023,#5024));
#9333=EDGE_LOOP('',(#5025,#5026,#5027,#5028));
#9334=EDGE_LOOP('',(#5029,#5030,#5031,#5032));
#9335=EDGE_LOOP('',(#5033,#5034,#5035,#5036));
#9336=EDGE_LOOP('',(#5037,#5038,#5039,#5040));
#9337=EDGE_LOOP('',(#5041,#5042,#5043,#5044));
#9338=EDGE_LOOP('',(#5045,#5046,#5047,#5048));
#9339=EDGE_LOOP('',(#5049,#5050,#5051,#5052));
#9340=EDGE_LOOP('',(#5053,#5054,#5055,#5056));
#9341=EDGE_LOOP('',(#5057,#5058,#5059,#5060));
#9342=EDGE_LOOP('',(#5061,#5062,#5063,#5064));
#9343=EDGE_LOOP('',(#5065,#5066,#5067,#5068));
#9344=EDGE_LOOP('',(#5069,#5070,#5071,#5072));
#9345=EDGE_LOOP('',(#5073,#5074,#5075,#5076));
#9346=EDGE_LOOP('',(#5077,#5078,#5079,#5080));
#9347=EDGE_LOOP('',(#5081,#5082,#5083,#5084));
#9348=EDGE_LOOP('',(#5085,#5086,#5087,#5088));
#9349=EDGE_LOOP('',(#5089,#5090,#5091,#5092));
#9350=EDGE_LOOP('',(#5093,#5094,#5095,#5096,#5097,#5098,#5099,#5100));
#9351=EDGE_LOOP('',(#5101,#5102,#5103,#5104,#5105,#5106,#5107,#5108,#5109,
#5110));
#9352=EDGE_LOOP('',(#5111,#5112,#5113,#5114,#5115));
#9353=EDGE_LOOP('',(#5116,#5117,#5118,#5119,#5120,#5121,#5122,#5123,#5124,
#5125));
#9354=EDGE_LOOP('',(#5126,#5127,#5128,#5129,#5130,#5131,#5132));
#9355=EDGE_LOOP('',(#5133,#5134,#5135,#5136,#5137));
#9356=EDGE_LOOP('',(#5138,#5139,#5140,#5141));
#9357=EDGE_LOOP('',(#5142,#5143,#5144,#5145,#5146,#5147,#5148,#5149,#5150,
#5151));
#9358=EDGE_LOOP('',(#5152,#5153,#5154,#5155,#5156,#5157,#5158,#5159,#5160,
#5161));
#9359=EDGE_LOOP('',(#5162,#5163,#5164,#5165));
#9360=EDGE_LOOP('',(#5166,#5167,#5168,#5169));
#9361=EDGE_LOOP('',(#5170,#5171,#5172,#5173,#5174,#5175,#5176));
#9362=EDGE_LOOP('',(#5177,#5178,#5179,#5180,#5181,#5182,#5183));
#9363=EDGE_LOOP('',(#5184,#5185,#5186,#5187,#5188,#5189,#5190));
#9364=EDGE_LOOP('',(#5191,#5192,#5193,#5194));
#9365=EDGE_LOOP('',(#5195,#5196,#5197,#5198));
#9366=EDGE_LOOP('',(#5199,#5200,#5201,#5202));
#9367=EDGE_LOOP('',(#5203,#5204,#5205,#5206));
#9368=EDGE_LOOP('',(#5207,#5208,#5209,#5210));
#9369=EDGE_LOOP('',(#5211,#5212,#5213));
#9370=EDGE_LOOP('',(#5214,#5215,#5216,#5217,#5218));
#9371=EDGE_LOOP('',(#5219,#5220,#5221,#5222));
#9372=EDGE_LOOP('',(#5223,#5224,#5225,#5226));
#9373=EDGE_LOOP('',(#5227,#5228,#5229,#5230));
#9374=EDGE_LOOP('',(#5231,#5232,#5233,#5234));
#9375=EDGE_LOOP('',(#5235,#5236,#5237,#5238));
#9376=EDGE_LOOP('',(#5239,#5240,#5241,#5242));
#9377=EDGE_LOOP('',(#5243,#5244,#5245,#5246));
#9378=EDGE_LOOP('',(#5247,#5248,#5249,#5250));
#9379=EDGE_LOOP('',(#5251,#5252,#5253,#5254));
#9380=EDGE_LOOP('',(#5255,#5256,#5257));
#9381=EDGE_LOOP('',(#5258,#5259,#5260,#5261));
#9382=EDGE_LOOP('',(#5262,#5263,#5264,#5265));
#9383=EDGE_LOOP('',(#5266,#5267,#5268,#5269));
#9384=EDGE_LOOP('',(#5270,#5271,#5272,#5273));
#9385=EDGE_LOOP('',(#5274,#5275,#5276,#5277));
#9386=EDGE_LOOP('',(#5278,#5279,#5280,#5281));
#9387=EDGE_LOOP('',(#5282,#5283,#5284,#5285));
#9388=EDGE_LOOP('',(#5286,#5287,#5288,#5289));
#9389=EDGE_LOOP('',(#5290,#5291,#5292,#5293));
#9390=EDGE_LOOP('',(#5294,#5295,#5296));
#9391=EDGE_LOOP('',(#5297,#5298,#5299,#5300,#5301,#5302));
#9392=EDGE_LOOP('',(#5303,#5304,#5305,#5306));
#9393=EDGE_LOOP('',(#5307,#5308,#5309,#5310));
#9394=EDGE_LOOP('',(#5311,#5312,#5313,#5314));
#9395=EDGE_LOOP('',(#5315,#5316,#5317,#5318));
#9396=EDGE_LOOP('',(#5319,#5320,#5321,#5322));
#9397=EDGE_LOOP('',(#5323,#5324,#5325,#5326));
#9398=EDGE_LOOP('',(#5327,#5328,#5329,#5330,#5331));
#9399=EDGE_LOOP('',(#5332,#5333,#5334,#5335));
#9400=EDGE_LOOP('',(#5336,#5337,#5338));
#9401=EDGE_LOOP('',(#5339,#5340,#5341,#5342));
#9402=EDGE_LOOP('',(#5343,#5344,#5345,#5346,#5347,#5348));
#9403=EDGE_LOOP('',(#5349,#5350,#5351,#5352,#5353));
#9404=EDGE_LOOP('',(#5354,#5355,#5356,#5357));
#9405=EDGE_LOOP('',(#5358,#5359,#5360,#5361));
#9406=EDGE_LOOP('',(#5362,#5363,#5364,#5365));
#9407=EDGE_LOOP('',(#5366,#5367,#5368,#5369));
#9408=EDGE_LOOP('',(#5370,#5371,#5372,#5373));
#9409=EDGE_LOOP('',(#5374,#5375,#5376,#5377,#5378,#5379));
#9410=EDGE_LOOP('',(#5380,#5381,#5382,#5383,#5384));
#9411=EDGE_LOOP('',(#5385,#5386,#5387,#5388,#5389,#5390,#5391,#5392));
#9412=EDGE_LOOP('',(#5393,#5394,#5395,#5396));
#9413=EDGE_LOOP('',(#5397,#5398,#5399,#5400));
#9414=EDGE_LOOP('',(#5401,#5402,#5403,#5404));
#9415=EDGE_LOOP('',(#5405,#5406,#5407,#5408));
#9416=EDGE_LOOP('',(#5409,#5410,#5411,#5412,#5413));
#9417=EDGE_LOOP('',(#5414,#5415,#5416,#5417,#5418,#5419,#5420));
#9418=EDGE_LOOP('',(#5421,#5422,#5423,#5424,#5425,#5426,#5427));
#9419=EDGE_LOOP('',(#5428,#5429,#5430,#5431));
#9420=EDGE_LOOP('',(#5432,#5433,#5434,#5435,#5436,#5437,#5438));
#9421=EDGE_LOOP('',(#5439,#5440,#5441,#5442,#5443,#5444,#5445));
#9422=EDGE_LOOP('',(#5446,#5447,#5448,#5449));
#9423=EDGE_LOOP('',(#5450,#5451,#5452,#5453));
#9424=EDGE_LOOP('',(#5454,#5455,#5456,#5457,#5458));
#9425=EDGE_LOOP('',(#5459,#5460,#5461,#5462,#5463,#5464));
#9426=EDGE_LOOP('',(#5465,#5466,#5467));
#9427=EDGE_LOOP('',(#5468,#5469,#5470,#5471));
#9428=EDGE_LOOP('',(#5472,#5473,#5474,#5475));
#9429=EDGE_LOOP('',(#5476,#5477,#5478));
#9430=EDGE_LOOP('',(#5479,#5480,#5481,#5482,#5483));
#9431=EDGE_LOOP('',(#5484,#5485,#5486,#5487));
#9432=EDGE_LOOP('',(#5488,#5489,#5490,#5491,#5492,#5493,#5494));
#9433=EDGE_LOOP('',(#5495,#5496,#5497,#5498));
#9434=EDGE_LOOP('',(#5499,#5500,#5501,#5502));
#9435=EDGE_LOOP('',(#5503,#5504,#5505,#5506));
#9436=EDGE_LOOP('',(#5507,#5508,#5509));
#9437=EDGE_LOOP('',(#5510,#5511,#5512,#5513));
#9438=EDGE_LOOP('',(#5514,#5515,#5516,#5517));
#9439=EDGE_LOOP('',(#5518,#5519,#5520));
#9440=EDGE_LOOP('',(#5521,#5522,#5523,#5524));
#9441=EDGE_LOOP('',(#5525,#5526,#5527,#5528));
#9442=EDGE_LOOP('',(#5529,#5530,#5531,#5532));
#9443=EDGE_LOOP('',(#5533,#5534,#5535,#5536));
#9444=EDGE_LOOP('',(#5537,#5538,#5539,#5540));
#9445=EDGE_LOOP('',(#5541,#5542,#5543,#5544));
#9446=EDGE_LOOP('',(#5545,#5546,#5547,#5548));
#9447=EDGE_LOOP('',(#5549,#5550,#5551,#5552));
#9448=EDGE_LOOP('',(#5553,#5554,#5555,#5556));
#9449=EDGE_LOOP('',(#5557,#5558,#5559,#5560));
#9450=EDGE_LOOP('',(#5561,#5562,#5563,#5564,#5565));
#9451=EDGE_LOOP('',(#5566,#5567,#5568,#5569,#5570));
#9452=EDGE_LOOP('',(#5571,#5572,#5573,#5574));
#9453=EDGE_LOOP('',(#5575,#5576,#5577,#5578));
#9454=EDGE_LOOP('',(#5579,#5580,#5581,#5582));
#9455=EDGE_LOOP('',(#5583,#5584,#5585,#5586));
#9456=EDGE_LOOP('',(#5587,#5588,#5589,#5590));
#9457=EDGE_LOOP('',(#5591,#5592,#5593,#5594));
#9458=FACE_BOUND('',#8774,.T.);
#9459=FACE_BOUND('',#8775,.T.);
#9460=FACE_BOUND('',#8776,.T.);
#9461=FACE_BOUND('',#8777,.T.);
#9462=FACE_BOUND('',#8778,.T.);
#9463=FACE_BOUND('',#8779,.T.);
#9464=FACE_BOUND('',#8780,.T.);
#9465=FACE_BOUND('',#8781,.T.);
#9466=FACE_BOUND('',#8782,.T.);
#9467=FACE_BOUND('',#8783,.T.);
#9468=FACE_BOUND('',#8784,.T.);
#9469=FACE_BOUND('',#8785,.T.);
#9470=FACE_BOUND('',#8786,.T.);
#9471=FACE_BOUND('',#8787,.T.);
#9472=FACE_BOUND('',#8788,.T.);
#9473=FACE_BOUND('',#8789,.T.);
#9474=FACE_BOUND('',#8790,.T.);
#9475=FACE_BOUND('',#8791,.T.);
#9476=FACE_BOUND('',#8792,.T.);
#9477=FACE_BOUND('',#8793,.T.);
#9478=FACE_BOUND('',#8794,.T.);
#9479=FACE_BOUND('',#8795,.T.);
#9480=FACE_BOUND('',#8796,.T.);
#9481=FACE_BOUND('',#8797,.T.);
#9482=FACE_BOUND('',#8798,.T.);
#9483=FACE_BOUND('',#8799,.T.);
#9484=FACE_BOUND('',#8800,.T.);
#9485=FACE_BOUND('',#8801,.T.);
#9486=FACE_BOUND('',#8802,.T.);
#9487=FACE_BOUND('',#8803,.T.);
#9488=FACE_BOUND('',#8804,.T.);
#9489=FACE_BOUND('',#8805,.T.);
#9490=FACE_BOUND('',#8806,.T.);
#9491=FACE_BOUND('',#8807,.T.);
#9492=FACE_BOUND('',#8808,.T.);
#9493=FACE_BOUND('',#8809,.T.);
#9494=FACE_BOUND('',#8810,.T.);
#9495=FACE_BOUND('',#8811,.T.);
#9496=FACE_BOUND('',#8812,.T.);
#9497=FACE_BOUND('',#8813,.T.);
#9498=FACE_BOUND('',#8814,.T.);
#9499=FACE_BOUND('',#8815,.T.);
#9500=FACE_BOUND('',#8816,.T.);
#9501=FACE_BOUND('',#8817,.T.);
#9502=FACE_BOUND('',#8818,.T.);
#9503=FACE_BOUND('',#8819,.T.);
#9504=FACE_BOUND('',#8820,.T.);
#9505=FACE_BOUND('',#8821,.T.);
#9506=FACE_BOUND('',#8822,.T.);
#9507=FACE_BOUND('',#8823,.T.);
#9508=FACE_BOUND('',#8824,.T.);
#9509=FACE_BOUND('',#8825,.T.);
#9510=FACE_BOUND('',#8826,.T.);
#9511=FACE_BOUND('',#8827,.T.);
#9512=FACE_BOUND('',#8828,.T.);
#9513=FACE_BOUND('',#8829,.T.);
#9514=FACE_BOUND('',#8830,.T.);
#9515=FACE_BOUND('',#8831,.T.);
#9516=FACE_BOUND('',#8832,.T.);
#9517=FACE_BOUND('',#8833,.T.);
#9518=FACE_BOUND('',#8834,.T.);
#9519=FACE_BOUND('',#8835,.T.);
#9520=FACE_BOUND('',#8836,.T.);
#9521=FACE_BOUND('',#8837,.T.);
#9522=FACE_BOUND('',#8838,.T.);
#9523=FACE_BOUND('',#8839,.T.);
#9524=FACE_BOUND('',#8840,.T.);
#9525=FACE_BOUND('',#8841,.T.);
#9526=FACE_BOUND('',#8842,.T.);
#9527=FACE_BOUND('',#8843,.T.);
#9528=FACE_BOUND('',#8844,.T.);
#9529=FACE_BOUND('',#8845,.T.);
#9530=FACE_BOUND('',#8846,.T.);
#9531=FACE_BOUND('',#8847,.T.);
#9532=FACE_BOUND('',#8848,.T.);
#9533=FACE_BOUND('',#8849,.T.);
#9534=FACE_BOUND('',#8850,.T.);
#9535=FACE_BOUND('',#8851,.T.);
#9536=FACE_BOUND('',#8852,.T.);
#9537=FACE_BOUND('',#8853,.T.);
#9538=FACE_BOUND('',#8854,.T.);
#9539=FACE_BOUND('',#8855,.T.);
#9540=FACE_BOUND('',#8856,.T.);
#9541=FACE_BOUND('',#8857,.T.);
#9542=FACE_BOUND('',#8858,.T.);
#9543=FACE_BOUND('',#8859,.T.);
#9544=FACE_BOUND('',#8860,.T.);
#9545=FACE_BOUND('',#8861,.T.);
#9546=FACE_BOUND('',#8862,.T.);
#9547=FACE_BOUND('',#8863,.T.);
#9548=FACE_BOUND('',#8864,.T.);
#9549=FACE_BOUND('',#8865,.T.);
#9550=FACE_BOUND('',#8866,.T.);
#9551=FACE_BOUND('',#8867,.T.);
#9552=FACE_BOUND('',#8868,.T.);
#9553=FACE_BOUND('',#8869,.T.);
#9554=FACE_BOUND('',#8870,.T.);
#9555=FACE_BOUND('',#8871,.T.);
#9556=FACE_BOUND('',#8872,.T.);
#9557=FACE_BOUND('',#8873,.T.);
#9558=FACE_BOUND('',#8874,.T.);
#9559=FACE_BOUND('',#8875,.T.);
#9560=FACE_BOUND('',#8876,.T.);
#9561=FACE_BOUND('',#8877,.T.);
#9562=FACE_BOUND('',#8878,.T.);
#9563=FACE_BOUND('',#8879,.T.);
#9564=FACE_BOUND('',#8880,.T.);
#9565=FACE_BOUND('',#8881,.T.);
#9566=FACE_BOUND('',#8882,.T.);
#9567=FACE_BOUND('',#8883,.T.);
#9568=FACE_BOUND('',#8884,.T.);
#9569=FACE_BOUND('',#8885,.T.);
#9570=FACE_BOUND('',#8886,.T.);
#9571=FACE_BOUND('',#8887,.T.);
#9572=FACE_BOUND('',#8888,.T.);
#9573=FACE_BOUND('',#8889,.T.);
#9574=FACE_BOUND('',#8890,.T.);
#9575=FACE_BOUND('',#8891,.T.);
#9576=FACE_BOUND('',#8892,.T.);
#9577=FACE_BOUND('',#8893,.T.);
#9578=FACE_BOUND('',#8894,.T.);
#9579=FACE_BOUND('',#8895,.T.);
#9580=FACE_BOUND('',#8896,.T.);
#9581=FACE_BOUND('',#8897,.T.);
#9582=FACE_BOUND('',#8898,.T.);
#9583=FACE_BOUND('',#8899,.T.);
#9584=FACE_BOUND('',#8900,.T.);
#9585=FACE_BOUND('',#8901,.T.);
#9586=FACE_BOUND('',#8902,.T.);
#9587=FACE_BOUND('',#8903,.T.);
#9588=FACE_BOUND('',#8904,.T.);
#9589=FACE_BOUND('',#8905,.T.);
#9590=FACE_BOUND('',#8906,.T.);
#9591=FACE_BOUND('',#8907,.T.);
#9592=FACE_BOUND('',#8908,.T.);
#9593=FACE_BOUND('',#8909,.T.);
#9594=FACE_BOUND('',#8910,.T.);
#9595=FACE_BOUND('',#8911,.T.);
#9596=FACE_BOUND('',#8912,.T.);
#9597=FACE_BOUND('',#8913,.T.);
#9598=FACE_BOUND('',#8914,.T.);
#9599=FACE_BOUND('',#8915,.T.);
#9600=FACE_BOUND('',#8916,.T.);
#9601=FACE_BOUND('',#8917,.T.);
#9602=FACE_BOUND('',#8918,.T.);
#9603=FACE_BOUND('',#8919,.T.);
#9604=FACE_BOUND('',#8920,.T.);
#9605=FACE_BOUND('',#8921,.T.);
#9606=FACE_BOUND('',#8922,.T.);
#9607=FACE_BOUND('',#8923,.T.);
#9608=FACE_BOUND('',#8924,.T.);
#9609=FACE_BOUND('',#8925,.T.);
#9610=FACE_BOUND('',#8926,.T.);
#9611=FACE_BOUND('',#8927,.T.);
#9612=FACE_BOUND('',#8928,.T.);
#9613=FACE_BOUND('',#8929,.T.);
#9614=FACE_BOUND('',#8930,.T.);
#9615=FACE_BOUND('',#8931,.T.);
#9616=FACE_BOUND('',#8932,.T.);
#9617=FACE_BOUND('',#8933,.T.);
#9618=FACE_BOUND('',#8934,.T.);
#9619=FACE_BOUND('',#8935,.T.);
#9620=FACE_BOUND('',#8936,.T.);
#9621=FACE_BOUND('',#8937,.T.);
#9622=FACE_BOUND('',#8938,.T.);
#9623=FACE_BOUND('',#8939,.T.);
#9624=FACE_BOUND('',#8940,.T.);
#9625=FACE_BOUND('',#8941,.T.);
#9626=FACE_BOUND('',#8942,.T.);
#9627=FACE_BOUND('',#8943,.T.);
#9628=FACE_BOUND('',#8944,.T.);
#9629=FACE_BOUND('',#8945,.T.);
#9630=FACE_BOUND('',#8946,.T.);
#9631=FACE_BOUND('',#8947,.T.);
#9632=FACE_BOUND('',#8948,.T.);
#9633=FACE_BOUND('',#8949,.T.);
#9634=FACE_BOUND('',#8950,.T.);
#9635=FACE_BOUND('',#8951,.T.);
#9636=FACE_BOUND('',#8952,.T.);
#9637=FACE_BOUND('',#8953,.T.);
#9638=FACE_BOUND('',#8954,.T.);
#9639=FACE_BOUND('',#8955,.T.);
#9640=FACE_BOUND('',#8956,.T.);
#9641=FACE_BOUND('',#8957,.T.);
#9642=FACE_BOUND('',#8958,.T.);
#9643=FACE_BOUND('',#8959,.T.);
#9644=FACE_BOUND('',#8960,.T.);
#9645=FACE_BOUND('',#8961,.T.);
#9646=FACE_BOUND('',#8962,.T.);
#9647=FACE_BOUND('',#8963,.T.);
#9648=FACE_BOUND('',#8964,.T.);
#9649=FACE_BOUND('',#8965,.T.);
#9650=FACE_BOUND('',#8966,.T.);
#9651=FACE_BOUND('',#8967,.T.);
#9652=FACE_BOUND('',#8968,.T.);
#9653=FACE_BOUND('',#8969,.T.);
#9654=FACE_BOUND('',#8970,.T.);
#9655=FACE_BOUND('',#8971,.T.);
#9656=FACE_BOUND('',#8972,.T.);
#9657=FACE_BOUND('',#8973,.T.);
#9658=FACE_BOUND('',#8974,.T.);
#9659=FACE_BOUND('',#8975,.T.);
#9660=FACE_BOUND('',#8976,.T.);
#9661=FACE_BOUND('',#8977,.T.);
#9662=FACE_BOUND('',#8978,.T.);
#9663=FACE_BOUND('',#8979,.T.);
#9664=FACE_BOUND('',#8980,.T.);
#9665=FACE_BOUND('',#8981,.T.);
#9666=FACE_BOUND('',#8982,.T.);
#9667=FACE_BOUND('',#8983,.T.);
#9668=FACE_BOUND('',#8984,.T.);
#9669=FACE_BOUND('',#8985,.T.);
#9670=FACE_BOUND('',#8986,.T.);
#9671=FACE_BOUND('',#8987,.T.);
#9672=FACE_BOUND('',#8988,.T.);
#9673=FACE_BOUND('',#8989,.T.);
#9674=FACE_BOUND('',#8990,.T.);
#9675=FACE_BOUND('',#8991,.T.);
#9676=FACE_BOUND('',#8992,.T.);
#9677=FACE_BOUND('',#8993,.T.);
#9678=FACE_BOUND('',#8994,.T.);
#9679=FACE_BOUND('',#8995,.T.);
#9680=FACE_BOUND('',#8996,.T.);
#9681=FACE_BOUND('',#8997,.T.);
#9682=FACE_BOUND('',#8998,.T.);
#9683=FACE_BOUND('',#8999,.T.);
#9684=FACE_BOUND('',#9000,.T.);
#9685=FACE_BOUND('',#9001,.T.);
#9686=FACE_BOUND('',#9002,.T.);
#9687=FACE_BOUND('',#9003,.T.);
#9688=FACE_BOUND('',#9004,.T.);
#9689=FACE_BOUND('',#9005,.T.);
#9690=FACE_BOUND('',#9006,.T.);
#9691=FACE_BOUND('',#9007,.T.);
#9692=FACE_BOUND('',#9008,.T.);
#9693=FACE_BOUND('',#9009,.T.);
#9694=FACE_BOUND('',#9010,.T.);
#9695=FACE_BOUND('',#9011,.T.);
#9696=FACE_BOUND('',#9012,.T.);
#9697=FACE_BOUND('',#9013,.T.);
#9698=FACE_BOUND('',#9014,.T.);
#9699=FACE_BOUND('',#9015,.T.);
#9700=FACE_BOUND('',#9016,.T.);
#9701=FACE_BOUND('',#9017,.T.);
#9702=FACE_BOUND('',#9018,.T.);
#9703=FACE_BOUND('',#9019,.T.);
#9704=FACE_BOUND('',#9020,.T.);
#9705=FACE_BOUND('',#9021,.T.);
#9706=FACE_BOUND('',#9022,.T.);
#9707=FACE_BOUND('',#9023,.T.);
#9708=FACE_BOUND('',#9024,.T.);
#9709=FACE_BOUND('',#9025,.T.);
#9710=FACE_BOUND('',#9026,.T.);
#9711=FACE_BOUND('',#9027,.T.);
#9712=FACE_BOUND('',#9028,.T.);
#9713=FACE_BOUND('',#9029,.T.);
#9714=FACE_BOUND('',#9030,.T.);
#9715=FACE_BOUND('',#9031,.T.);
#9716=FACE_BOUND('',#9032,.T.);
#9717=FACE_BOUND('',#9033,.T.);
#9718=FACE_BOUND('',#9034,.T.);
#9719=FACE_BOUND('',#9035,.T.);
#9720=FACE_BOUND('',#9036,.T.);
#9721=FACE_BOUND('',#9037,.T.);
#9722=FACE_BOUND('',#9038,.T.);
#9723=FACE_BOUND('',#9039,.T.);
#9724=FACE_BOUND('',#9040,.T.);
#9725=FACE_BOUND('',#9041,.T.);
#9726=FACE_BOUND('',#9042,.T.);
#9727=FACE_BOUND('',#9043,.T.);
#9728=FACE_BOUND('',#9044,.T.);
#9729=FACE_BOUND('',#9045,.T.);
#9730=FACE_BOUND('',#9046,.T.);
#9731=FACE_BOUND('',#9047,.T.);
#9732=FACE_BOUND('',#9048,.T.);
#9733=FACE_BOUND('',#9049,.T.);
#9734=FACE_BOUND('',#9050,.T.);
#9735=FACE_BOUND('',#9051,.T.);
#9736=FACE_BOUND('',#9052,.T.);
#9737=FACE_BOUND('',#9053,.T.);
#9738=FACE_BOUND('',#9054,.T.);
#9739=FACE_BOUND('',#9055,.T.);
#9740=FACE_BOUND('',#9056,.T.);
#9741=FACE_BOUND('',#9057,.T.);
#9742=FACE_BOUND('',#9058,.T.);
#9743=FACE_BOUND('',#9059,.T.);
#9744=FACE_BOUND('',#9060,.T.);
#9745=FACE_BOUND('',#9061,.T.);
#9746=FACE_BOUND('',#9062,.T.);
#9747=FACE_BOUND('',#9063,.T.);
#9748=FACE_BOUND('',#9064,.T.);
#9749=FACE_BOUND('',#9065,.T.);
#9750=FACE_BOUND('',#9066,.T.);
#9751=FACE_BOUND('',#9067,.T.);
#9752=FACE_BOUND('',#9068,.T.);
#9753=FACE_BOUND('',#9069,.T.);
#9754=FACE_BOUND('',#9070,.T.);
#9755=FACE_BOUND('',#9071,.T.);
#9756=FACE_BOUND('',#9072,.T.);
#9757=FACE_BOUND('',#9073,.T.);
#9758=FACE_BOUND('',#9074,.T.);
#9759=FACE_BOUND('',#9075,.T.);
#9760=FACE_BOUND('',#9076,.T.);
#9761=FACE_BOUND('',#9077,.T.);
#9762=FACE_BOUND('',#9078,.T.);
#9763=FACE_BOUND('',#9079,.T.);
#9764=FACE_BOUND('',#9080,.T.);
#9765=FACE_BOUND('',#9081,.T.);
#9766=FACE_BOUND('',#9082,.T.);
#9767=FACE_BOUND('',#9083,.T.);
#9768=FACE_BOUND('',#9084,.T.);
#9769=FACE_BOUND('',#9085,.T.);
#9770=FACE_BOUND('',#9086,.T.);
#9771=FACE_BOUND('',#9087,.T.);
#9772=FACE_BOUND('',#9088,.T.);
#9773=FACE_BOUND('',#9089,.T.);
#9774=FACE_BOUND('',#9090,.T.);
#9775=FACE_BOUND('',#9091,.T.);
#9776=FACE_BOUND('',#9092,.T.);
#9777=FACE_BOUND('',#9093,.T.);
#9778=FACE_BOUND('',#9094,.T.);
#9779=FACE_BOUND('',#9095,.T.);
#9780=FACE_BOUND('',#9096,.T.);
#9781=FACE_BOUND('',#9097,.T.);
#9782=FACE_BOUND('',#9098,.T.);
#9783=FACE_BOUND('',#9099,.T.);
#9784=FACE_BOUND('',#9100,.T.);
#9785=FACE_BOUND('',#9101,.T.);
#9786=FACE_BOUND('',#9102,.T.);
#9787=FACE_BOUND('',#9103,.T.);
#9788=FACE_BOUND('',#9104,.T.);
#9789=FACE_BOUND('',#9105,.T.);
#9790=FACE_BOUND('',#9106,.T.);
#9791=FACE_BOUND('',#9107,.T.);
#9792=FACE_BOUND('',#9108,.T.);
#9793=FACE_BOUND('',#9109,.T.);
#9794=FACE_BOUND('',#9110,.T.);
#9795=FACE_BOUND('',#9111,.T.);
#9796=FACE_BOUND('',#9112,.T.);
#9797=FACE_BOUND('',#9113,.T.);
#9798=FACE_BOUND('',#9114,.T.);
#9799=FACE_BOUND('',#9115,.T.);
#9800=FACE_BOUND('',#9116,.T.);
#9801=FACE_BOUND('',#9117,.T.);
#9802=FACE_BOUND('',#9118,.T.);
#9803=FACE_BOUND('',#9119,.T.);
#9804=FACE_BOUND('',#9120,.T.);
#9805=FACE_BOUND('',#9121,.T.);
#9806=FACE_BOUND('',#9122,.T.);
#9807=FACE_BOUND('',#9123,.T.);
#9808=FACE_BOUND('',#9124,.T.);
#9809=FACE_BOUND('',#9125,.T.);
#9810=FACE_BOUND('',#9126,.T.);
#9811=FACE_BOUND('',#9127,.T.);
#9812=FACE_BOUND('',#9128,.T.);
#9813=FACE_BOUND('',#9129,.T.);
#9814=FACE_BOUND('',#9130,.T.);
#9815=FACE_BOUND('',#9131,.T.);
#9816=FACE_BOUND('',#9132,.T.);
#9817=FACE_BOUND('',#9133,.T.);
#9818=FACE_BOUND('',#9134,.T.);
#9819=FACE_BOUND('',#9135,.T.);
#9820=FACE_BOUND('',#9136,.T.);
#9821=FACE_BOUND('',#9137,.T.);
#9822=FACE_BOUND('',#9138,.T.);
#9823=FACE_BOUND('',#9139,.T.);
#9824=FACE_BOUND('',#9140,.T.);
#9825=FACE_BOUND('',#9141,.T.);
#9826=FACE_BOUND('',#9142,.T.);
#9827=FACE_BOUND('',#9143,.T.);
#9828=FACE_BOUND('',#9144,.T.);
#9829=FACE_BOUND('',#9145,.T.);
#9830=FACE_BOUND('',#9146,.T.);
#9831=FACE_BOUND('',#9147,.T.);
#9832=FACE_BOUND('',#9148,.T.);
#9833=FACE_BOUND('',#9149,.T.);
#9834=FACE_BOUND('',#9150,.T.);
#9835=FACE_BOUND('',#9151,.T.);
#9836=FACE_BOUND('',#9152,.T.);
#9837=FACE_BOUND('',#9153,.T.);
#9838=FACE_BOUND('',#9154,.T.);
#9839=FACE_BOUND('',#9155,.T.);
#9840=FACE_BOUND('',#9156,.T.);
#9841=FACE_BOUND('',#9157,.T.);
#9842=FACE_BOUND('',#9158,.T.);
#9843=FACE_BOUND('',#9159,.T.);
#9844=FACE_BOUND('',#9160,.T.);
#9845=FACE_BOUND('',#9161,.T.);
#9846=FACE_BOUND('',#9162,.T.);
#9847=FACE_BOUND('',#9163,.T.);
#9848=FACE_BOUND('',#9164,.T.);
#9849=FACE_BOUND('',#9165,.T.);
#9850=FACE_BOUND('',#9166,.T.);
#9851=FACE_BOUND('',#9167,.T.);
#9852=FACE_BOUND('',#9168,.T.);
#9853=FACE_BOUND('',#9169,.T.);
#9854=FACE_BOUND('',#9170,.T.);
#9855=FACE_BOUND('',#9171,.T.);
#9856=FACE_BOUND('',#9172,.T.);
#9857=FACE_BOUND('',#9173,.T.);
#9858=FACE_BOUND('',#9174,.T.);
#9859=FACE_BOUND('',#9175,.T.);
#9860=FACE_BOUND('',#9176,.T.);
#9861=FACE_BOUND('',#9177,.T.);
#9862=FACE_BOUND('',#9178,.T.);
#9863=FACE_BOUND('',#9179,.T.);
#9864=FACE_BOUND('',#9180,.T.);
#9865=FACE_BOUND('',#9181,.T.);
#9866=FACE_BOUND('',#9182,.T.);
#9867=FACE_BOUND('',#9183,.T.);
#9868=FACE_BOUND('',#9184,.T.);
#9869=FACE_BOUND('',#9185,.T.);
#9870=FACE_BOUND('',#9186,.T.);
#9871=FACE_BOUND('',#9187,.T.);
#9872=FACE_BOUND('',#9188,.T.);
#9873=FACE_BOUND('',#9189,.T.);
#9874=FACE_BOUND('',#9190,.T.);
#9875=FACE_BOUND('',#9191,.T.);
#9876=FACE_BOUND('',#9192,.T.);
#9877=FACE_BOUND('',#9193,.T.);
#9878=FACE_BOUND('',#9194,.T.);
#9879=FACE_BOUND('',#9195,.T.);
#9880=FACE_BOUND('',#9196,.T.);
#9881=FACE_BOUND('',#9197,.T.);
#9882=FACE_BOUND('',#9198,.T.);
#9883=FACE_BOUND('',#9199,.T.);
#9884=FACE_BOUND('',#9200,.T.);
#9885=FACE_BOUND('',#9201,.T.);
#9886=FACE_BOUND('',#9202,.T.);
#9887=FACE_BOUND('',#9203,.T.);
#9888=FACE_BOUND('',#9204,.T.);
#9889=FACE_BOUND('',#9205,.T.);
#9890=FACE_BOUND('',#9206,.T.);
#9891=FACE_BOUND('',#9207,.T.);
#9892=FACE_BOUND('',#9208,.T.);
#9893=FACE_BOUND('',#9209,.T.);
#9894=FACE_BOUND('',#9210,.T.);
#9895=FACE_BOUND('',#9211,.T.);
#9896=FACE_BOUND('',#9212,.T.);
#9897=FACE_BOUND('',#9213,.T.);
#9898=FACE_BOUND('',#9214,.T.);
#9899=FACE_BOUND('',#9215,.T.);
#9900=FACE_BOUND('',#9216,.T.);
#9901=FACE_BOUND('',#9217,.T.);
#9902=FACE_BOUND('',#9218,.T.);
#9903=FACE_BOUND('',#9219,.T.);
#9904=FACE_BOUND('',#9220,.T.);
#9905=FACE_BOUND('',#9221,.T.);
#9906=FACE_BOUND('',#9222,.T.);
#9907=FACE_BOUND('',#9223,.T.);
#9908=FACE_BOUND('',#9224,.T.);
#9909=FACE_BOUND('',#9225,.T.);
#9910=FACE_BOUND('',#9226,.T.);
#9911=FACE_BOUND('',#9227,.T.);
#9912=FACE_BOUND('',#9228,.T.);
#9913=FACE_BOUND('',#9229,.T.);
#9914=FACE_BOUND('',#9230,.T.);
#9915=FACE_BOUND('',#9231,.T.);
#9916=FACE_BOUND('',#9232,.T.);
#9917=FACE_BOUND('',#9233,.T.);
#9918=FACE_BOUND('',#9234,.T.);
#9919=FACE_BOUND('',#9235,.T.);
#9920=FACE_BOUND('',#9236,.T.);
#9921=FACE_BOUND('',#9237,.T.);
#9922=FACE_BOUND('',#9238,.T.);
#9923=FACE_BOUND('',#9239,.T.);
#9924=FACE_BOUND('',#9240,.T.);
#9925=FACE_BOUND('',#9241,.T.);
#9926=FACE_BOUND('',#9242,.T.);
#9927=FACE_BOUND('',#9243,.T.);
#9928=FACE_BOUND('',#9244,.T.);
#9929=FACE_BOUND('',#9245,.T.);
#9930=FACE_BOUND('',#9246,.T.);
#9931=FACE_BOUND('',#9247,.T.);
#9932=FACE_BOUND('',#9248,.T.);
#9933=FACE_BOUND('',#9249,.T.);
#9934=FACE_BOUND('',#9250,.T.);
#9935=FACE_BOUND('',#9251,.T.);
#9936=FACE_BOUND('',#9252,.T.);
#9937=FACE_BOUND('',#9253,.T.);
#9938=FACE_BOUND('',#9254,.T.);
#9939=FACE_BOUND('',#9255,.T.);
#9940=FACE_BOUND('',#9256,.T.);
#9941=FACE_BOUND('',#9257,.T.);
#9942=FACE_BOUND('',#9258,.T.);
#9943=FACE_BOUND('',#9259,.T.);
#9944=FACE_BOUND('',#9260,.T.);
#9945=FACE_BOUND('',#9261,.T.);
#9946=FACE_BOUND('',#9262,.T.);
#9947=FACE_BOUND('',#9263,.T.);
#9948=FACE_BOUND('',#9264,.T.);
#9949=FACE_BOUND('',#9265,.T.);
#9950=FACE_BOUND('',#9266,.T.);
#9951=FACE_BOUND('',#9267,.T.);
#9952=FACE_BOUND('',#9268,.T.);
#9953=FACE_BOUND('',#9269,.T.);
#9954=FACE_BOUND('',#9270,.T.);
#9955=FACE_BOUND('',#9271,.T.);
#9956=FACE_BOUND('',#9272,.T.);
#9957=FACE_BOUND('',#9273,.T.);
#9958=FACE_BOUND('',#9274,.T.);
#9959=FACE_BOUND('',#9275,.T.);
#9960=FACE_BOUND('',#9276,.T.);
#9961=FACE_BOUND('',#9277,.T.);
#9962=FACE_BOUND('',#9278,.T.);
#9963=FACE_BOUND('',#9279,.T.);
#9964=FACE_BOUND('',#9280,.T.);
#9965=FACE_BOUND('',#9281,.T.);
#9966=FACE_BOUND('',#9282,.T.);
#9967=FACE_BOUND('',#9283,.T.);
#9968=FACE_BOUND('',#9284,.T.);
#9969=FACE_BOUND('',#9285,.T.);
#9970=FACE_BOUND('',#9286,.T.);
#9971=FACE_BOUND('',#9287,.T.);
#9972=FACE_BOUND('',#9288,.T.);
#9973=FACE_BOUND('',#9289,.T.);
#9974=FACE_BOUND('',#9290,.T.);
#9975=FACE_BOUND('',#9291,.T.);
#9976=FACE_BOUND('',#9292,.T.);
#9977=FACE_BOUND('',#9293,.T.);
#9978=FACE_BOUND('',#9294,.T.);
#9979=FACE_BOUND('',#9295,.T.);
#9980=FACE_BOUND('',#9296,.T.);
#9981=FACE_BOUND('',#9297,.T.);
#9982=FACE_BOUND('',#9298,.T.);
#9983=FACE_BOUND('',#9299,.T.);
#9984=FACE_BOUND('',#9300,.T.);
#9985=FACE_BOUND('',#9301,.T.);
#9986=FACE_BOUND('',#9302,.T.);
#9987=FACE_BOUND('',#9303,.T.);
#9988=FACE_BOUND('',#9304,.T.);
#9989=FACE_BOUND('',#9305,.T.);
#9990=FACE_BOUND('',#9306,.T.);
#9991=FACE_BOUND('',#9307,.T.);
#9992=FACE_BOUND('',#9308,.T.);
#9993=FACE_BOUND('',#9309,.T.);
#9994=FACE_BOUND('',#9310,.T.);
#9995=FACE_BOUND('',#9311,.T.);
#9996=FACE_BOUND('',#9312,.T.);
#9997=FACE_BOUND('',#9313,.T.);
#9998=FACE_BOUND('',#9314,.T.);
#9999=FACE_BOUND('',#9315,.T.);
#10000=FACE_BOUND('',#9316,.T.);
#10001=FACE_BOUND('',#9317,.T.);
#10002=FACE_BOUND('',#9318,.T.);
#10003=FACE_BOUND('',#9319,.T.);
#10004=FACE_BOUND('',#9320,.T.);
#10005=FACE_BOUND('',#9321,.T.);
#10006=FACE_BOUND('',#9322,.T.);
#10007=FACE_BOUND('',#9323,.T.);
#10008=FACE_BOUND('',#9324,.T.);
#10009=FACE_BOUND('',#9325,.T.);
#10010=FACE_BOUND('',#9326,.T.);
#10011=FACE_BOUND('',#9327,.T.);
#10012=FACE_BOUND('',#9328,.T.);
#10013=FACE_BOUND('',#9329,.T.);
#10014=FACE_BOUND('',#9330,.T.);
#10015=FACE_BOUND('',#9331,.T.);
#10016=FACE_BOUND('',#9332,.T.);
#10017=FACE_BOUND('',#9333,.T.);
#10018=FACE_BOUND('',#9334,.T.);
#10019=FACE_BOUND('',#9335,.T.);
#10020=FACE_BOUND('',#9336,.T.);
#10021=FACE_BOUND('',#9337,.T.);
#10022=FACE_BOUND('',#9338,.T.);
#10023=FACE_BOUND('',#9339,.T.);
#10024=FACE_BOUND('',#9340,.T.);
#10025=FACE_BOUND('',#9341,.T.);
#10026=FACE_BOUND('',#9342,.T.);
#10027=FACE_BOUND('',#9343,.T.);
#10028=FACE_BOUND('',#9344,.T.);
#10029=FACE_BOUND('',#9345,.T.);
#10030=FACE_BOUND('',#9346,.T.);
#10031=FACE_BOUND('',#9347,.T.);
#10032=FACE_BOUND('',#9348,.T.);
#10033=FACE_BOUND('',#9349,.T.);
#10034=FACE_BOUND('',#9350,.T.);
#10035=FACE_BOUND('',#9351,.T.);
#10036=FACE_BOUND('',#9352,.T.);
#10037=FACE_BOUND('',#9353,.T.);
#10038=FACE_BOUND('',#9354,.T.);
#10039=FACE_BOUND('',#9355,.T.);
#10040=FACE_BOUND('',#9356,.T.);
#10041=FACE_BOUND('',#9357,.T.);
#10042=FACE_BOUND('',#9358,.T.);
#10043=FACE_BOUND('',#9359,.T.);
#10044=FACE_BOUND('',#9360,.T.);
#10045=FACE_BOUND('',#9361,.T.);
#10046=FACE_BOUND('',#9362,.T.);
#10047=FACE_BOUND('',#9363,.T.);
#10048=FACE_BOUND('',#9364,.T.);
#10049=FACE_BOUND('',#9365,.T.);
#10050=FACE_BOUND('',#9366,.T.);
#10051=FACE_BOUND('',#9367,.T.);
#10052=FACE_BOUND('',#9368,.T.);
#10053=FACE_BOUND('',#9369,.T.);
#10054=FACE_BOUND('',#9370,.T.);
#10055=FACE_BOUND('',#9371,.T.);
#10056=FACE_BOUND('',#9372,.T.);
#10057=FACE_BOUND('',#9373,.T.);
#10058=FACE_BOUND('',#9374,.T.);
#10059=FACE_BOUND('',#9375,.T.);
#10060=FACE_BOUND('',#9376,.T.);
#10061=FACE_BOUND('',#9377,.T.);
#10062=FACE_BOUND('',#9378,.T.);
#10063=FACE_BOUND('',#9379,.T.);
#10064=FACE_BOUND('',#9380,.T.);
#10065=FACE_BOUND('',#9381,.T.);
#10066=FACE_BOUND('',#9382,.T.);
#10067=FACE_BOUND('',#9383,.T.);
#10068=FACE_BOUND('',#9384,.T.);
#10069=FACE_BOUND('',#9385,.T.);
#10070=FACE_BOUND('',#9386,.T.);
#10071=FACE_BOUND('',#9387,.T.);
#10072=FACE_BOUND('',#9388,.T.);
#10073=FACE_BOUND('',#9389,.T.);
#10074=FACE_BOUND('',#9390,.T.);
#10075=FACE_BOUND('',#9391,.T.);
#10076=FACE_BOUND('',#9392,.T.);
#10077=FACE_BOUND('',#9393,.T.);
#10078=FACE_BOUND('',#9394,.T.);
#10079=FACE_BOUND('',#9395,.T.);
#10080=FACE_BOUND('',#9396,.T.);
#10081=FACE_BOUND('',#9397,.T.);
#10082=FACE_BOUND('',#9398,.T.);
#10083=FACE_BOUND('',#9399,.T.);
#10084=FACE_BOUND('',#9400,.T.);
#10085=FACE_BOUND('',#9401,.T.);
#10086=FACE_BOUND('',#9402,.T.);
#10087=FACE_BOUND('',#9403,.T.);
#10088=FACE_BOUND('',#9404,.T.);
#10089=FACE_BOUND('',#9405,.T.);
#10090=FACE_BOUND('',#9406,.T.);
#10091=FACE_BOUND('',#9407,.T.);
#10092=FACE_BOUND('',#9408,.T.);
#10093=FACE_BOUND('',#9409,.T.);
#10094=FACE_BOUND('',#9410,.T.);
#10095=FACE_BOUND('',#9411,.T.);
#10096=FACE_BOUND('',#9412,.T.);
#10097=FACE_BOUND('',#9413,.T.);
#10098=FACE_BOUND('',#9414,.T.);
#10099=FACE_BOUND('',#9415,.T.);
#10100=FACE_BOUND('',#9416,.T.);
#10101=FACE_BOUND('',#9417,.T.);
#10102=FACE_BOUND('',#9418,.T.);
#10103=FACE_BOUND('',#9419,.T.);
#10104=FACE_BOUND('',#9420,.T.);
#10105=FACE_BOUND('',#9421,.T.);
#10106=FACE_BOUND('',#9422,.T.);
#10107=FACE_BOUND('',#9423,.T.);
#10108=FACE_BOUND('',#9424,.T.);
#10109=FACE_BOUND('',#9425,.T.);
#10110=FACE_BOUND('',#9426,.T.);
#10111=FACE_BOUND('',#9427,.T.);
#10112=FACE_BOUND('',#9428,.T.);
#10113=FACE_BOUND('',#9429,.T.);
#10114=FACE_BOUND('',#9430,.T.);
#10115=FACE_BOUND('',#9431,.T.);
#10116=FACE_BOUND('',#9432,.T.);
#10117=FACE_BOUND('',#9433,.T.);
#10118=FACE_BOUND('',#9434,.T.);
#10119=FACE_BOUND('',#9435,.T.);
#10120=FACE_BOUND('',#9436,.T.);
#10121=FACE_BOUND('',#9437,.T.);
#10122=FACE_BOUND('',#9438,.T.);
#10123=FACE_BOUND('',#9439,.T.);
#10124=FACE_BOUND('',#9440,.T.);
#10125=FACE_BOUND('',#9441,.T.);
#10126=FACE_BOUND('',#9442,.T.);
#10127=FACE_BOUND('',#9443,.T.);
#10128=FACE_BOUND('',#9444,.T.);
#10129=FACE_BOUND('',#9445,.T.);
#10130=FACE_BOUND('',#9446,.T.);
#10131=FACE_BOUND('',#9447,.T.);
#10132=FACE_BOUND('',#9448,.T.);
#10133=FACE_BOUND('',#9449,.T.);
#10134=FACE_BOUND('',#9450,.T.);
#10135=FACE_BOUND('',#9451,.T.);
#10136=FACE_BOUND('',#9452,.T.);
#10137=FACE_BOUND('',#9453,.T.);
#10138=FACE_BOUND('',#9454,.T.);
#10139=FACE_BOUND('',#9455,.T.);
#10140=FACE_BOUND('',#9456,.T.);
#10141=FACE_BOUND('',#9457,.T.);
#10142=CYLINDRICAL_SURFACE('',#11113,0.0005);
#10143=CYLINDRICAL_SURFACE('',#11116,0.0005);
#10144=CYLINDRICAL_SURFACE('',#11119,0.000512132034356031);
#10145=CYLINDRICAL_SURFACE('',#11124,0.001);
#10146=CYLINDRICAL_SURFACE('',#11126,0.0002);
#10147=CYLINDRICAL_SURFACE('',#11142,0.0005);
#10148=CYLINDRICAL_SURFACE('',#11146,0.0005);
#10149=CYLINDRICAL_SURFACE('',#11152,0.0009);
#10150=CYLINDRICAL_SURFACE('',#11155,0.0009);
#10151=CYLINDRICAL_SURFACE('',#11157,0.001);
#10152=CYLINDRICAL_SURFACE('',#11160,0.001);
#10153=CYLINDRICAL_SURFACE('',#11162,5.E-5);
#10154=CYLINDRICAL_SURFACE('',#11167,5.E-5);
#10155=CYLINDRICAL_SURFACE('',#11169,0.0001);
#10156=CYLINDRICAL_SURFACE('',#11173,0.0001);
#10157=CYLINDRICAL_SURFACE('',#11177,0.0001);
#10158=CYLINDRICAL_SURFACE('',#11182,0.0001);
#10159=CYLINDRICAL_SURFACE('',#11186,0.0001);
#10160=CYLINDRICAL_SURFACE('',#11190,0.0001);
#10161=CYLINDRICAL_SURFACE('',#11194,0.0001);
#10162=CYLINDRICAL_SURFACE('',#11196,0.0001);
#10163=CYLINDRICAL_SURFACE('',#11200,0.0001);
#10164=CYLINDRICAL_SURFACE('',#11204,0.0001);
#10165=CYLINDRICAL_SURFACE('',#11209,0.0001);
#10166=CYLINDRICAL_SURFACE('',#11213,0.0001);
#10167=CYLINDRICAL_SURFACE('',#11217,0.0001);
#10168=CYLINDRICAL_SURFACE('',#11221,0.0001);
#10169=CYLINDRICAL_SURFACE('',#11241,0.001);
#10170=CYLINDRICAL_SURFACE('',#11244,0.001);
#10171=CYLINDRICAL_SURFACE('',#11274,0.0001);
#10172=CYLINDRICAL_SURFACE('',#11279,0.0001);
#10173=CYLINDRICAL_SURFACE('',#11285,0.000200000000000006);
#10174=CYLINDRICAL_SURFACE('',#11288,0.0001);
#10175=CYLINDRICAL_SURFACE('',#11294,0.0001);
#10176=CYLINDRICAL_SURFACE('',#11304,0.0001);
#10177=CYLINDRICAL_SURFACE('',#11305,0.0001);
#10178=CYLINDRICAL_SURFACE('',#11310,0.0001);
#10179=CYLINDRICAL_SURFACE('',#11311,0.0001);
#10180=CYLINDRICAL_SURFACE('',#11315,0.0001);
#10181=CYLINDRICAL_SURFACE('',#11320,0.0001);
#10182=CYLINDRICAL_SURFACE('',#11324,0.0001);
#10183=CYLINDRICAL_SURFACE('',#11325,0.0001);
#10184=CYLINDRICAL_SURFACE('',#11331,0.0001);
#10185=CYLINDRICAL_SURFACE('',#11332,0.0001);
#10186=CYLINDRICAL_SURFACE('',#11333,0.0001);
#10187=CYLINDRICAL_SURFACE('',#11338,0.0001);
#10188=CYLINDRICAL_SURFACE('',#11344,0.0001);
#10189=CYLINDRICAL_SURFACE('',#11346,0.0001);
#10190=CYLINDRICAL_SURFACE('',#11347,0.0001);
#10191=CYLINDRICAL_SURFACE('',#11352,0.0001);
#10192=CYLINDRICAL_SURFACE('',#11354,0.0001);
#10193=CYLINDRICAL_SURFACE('',#11356,0.0001);
#10194=CYLINDRICAL_SURFACE('',#11358,0.0005);
#10195=CYLINDRICAL_SURFACE('',#11363,0.0005);
#10196=CYLINDRICAL_SURFACE('',#11379,0.0011);
#10197=CYLINDRICAL_SURFACE('',#11384,0.0011);
#10198=CYLINDRICAL_SURFACE('',#11385,0.0011);
#10199=CYLINDRICAL_SURFACE('',#11391,0.0011);
#10200=CYLINDRICAL_SURFACE('',#11392,0.0011);
#10201=CYLINDRICAL_SURFACE('',#11395,0.0005);
#10202=CYLINDRICAL_SURFACE('',#11400,0.0005);
#10203=CYLINDRICAL_SURFACE('',#11401,0.0005);
#10204=CYLINDRICAL_SURFACE('',#11406,0.0005);
#10205=CYLINDRICAL_SURFACE('',#11407,0.0005);
#10206=CYLINDRICAL_SURFACE('',#11412,0.0002);
#10207=CYLINDRICAL_SURFACE('',#11414,0.0002);
#10208=CYLINDRICAL_SURFACE('',#11420,0.0002);
#10209=CYLINDRICAL_SURFACE('',#11422,0.0002);
#10210=CYLINDRICAL_SURFACE('',#11443,0.02);
#10211=CYLINDRICAL_SURFACE('',#11444,0.02);
#10212=CYLINDRICAL_SURFACE('',#11446,0.02);
#10213=CYLINDRICAL_SURFACE('',#11447,0.02);
#10214=CYLINDRICAL_SURFACE('',#11449,0.0005);
#10215=CYLINDRICAL_SURFACE('',#11464,0.02);
#10216=CYLINDRICAL_SURFACE('',#11466,0.02);
#10217=CYLINDRICAL_SURFACE('',#11469,0.02);
#10218=CYLINDRICAL_SURFACE('',#11471,0.02);
#10219=CYLINDRICAL_SURFACE('',#11479,0.0005);
#10220=CYLINDRICAL_SURFACE('',#11481,0.000512132034356031);
#10221=CYLINDRICAL_SURFACE('',#11486,0.001);
#10222=CYLINDRICAL_SURFACE('',#11488,0.0002);
#10223=CYLINDRICAL_SURFACE('',#11504,0.0005);
#10224=CYLINDRICAL_SURFACE('',#11508,0.0005);
#10225=CYLINDRICAL_SURFACE('',#11515,0.0009);
#10226=CYLINDRICAL_SURFACE('',#11518,0.0009);
#10227=CYLINDRICAL_SURFACE('',#11520,0.001);
#10228=CYLINDRICAL_SURFACE('',#11523,0.001);
#10229=CYLINDRICAL_SURFACE('',#11525,5.E-5);
#10230=CYLINDRICAL_SURFACE('',#11530,5.E-5);
#10231=CYLINDRICAL_SURFACE('',#11532,0.0001);
#10232=CYLINDRICAL_SURFACE('',#11536,0.0001);
#10233=CYLINDRICAL_SURFACE('',#11540,0.0001);
#10234=CYLINDRICAL_SURFACE('',#11545,0.0001);
#10235=CYLINDRICAL_SURFACE('',#11549,0.0001);
#10236=CYLINDRICAL_SURFACE('',#11553,0.0001);
#10237=CYLINDRICAL_SURFACE('',#11557,0.0001);
#10238=CYLINDRICAL_SURFACE('',#11559,0.0001);
#10239=CYLINDRICAL_SURFACE('',#11563,0.0001);
#10240=CYLINDRICAL_SURFACE('',#11567,0.0001);
#10241=CYLINDRICAL_SURFACE('',#11572,0.0001);
#10242=CYLINDRICAL_SURFACE('',#11576,0.0001);
#10243=CYLINDRICAL_SURFACE('',#11580,0.0001);
#10244=CYLINDRICAL_SURFACE('',#11584,0.0001);
#10245=CYLINDRICAL_SURFACE('',#11604,0.001);
#10246=CYLINDRICAL_SURFACE('',#11607,0.001);
#10247=CYLINDRICAL_SURFACE('',#11619,0.0001);
#10248=CYLINDRICAL_SURFACE('',#11624,0.0001);
#10249=CYLINDRICAL_SURFACE('',#11631,0.000200000000000006);
#10250=CYLINDRICAL_SURFACE('',#11634,0.0001);
#10251=CYLINDRICAL_SURFACE('',#11640,0.0001);
#10252=CYLINDRICAL_SURFACE('',#11650,0.0001);
#10253=CYLINDRICAL_SURFACE('',#11651,0.0001);
#10254=CYLINDRICAL_SURFACE('',#11656,0.0001);
#10255=CYLINDRICAL_SURFACE('',#11657,0.0001);
#10256=CYLINDRICAL_SURFACE('',#11661,0.0001);
#10257=CYLINDRICAL_SURFACE('',#11666,0.0001);
#10258=CYLINDRICAL_SURFACE('',#11670,0.0001);
#10259=CYLINDRICAL_SURFACE('',#11671,0.0001);
#10260=CYLINDRICAL_SURFACE('',#11677,0.0001);
#10261=CYLINDRICAL_SURFACE('',#11678,0.0001);
#10262=CYLINDRICAL_SURFACE('',#11679,0.0001);
#10263=CYLINDRICAL_SURFACE('',#11684,0.0001);
#10264=CYLINDRICAL_SURFACE('',#11688,0.000290364087786759);
#10265=CYLINDRICAL_SURFACE('',#11689,0.0001);
#10266=CYLINDRICAL_SURFACE('',#11691,0.0001);
#10267=CYLINDRICAL_SURFACE('',#11692,0.0001);
#10268=CYLINDRICAL_SURFACE('',#11697,0.0001);
#10269=CYLINDRICAL_SURFACE('',#11700,0.0001);
#10270=CYLINDRICAL_SURFACE('',#11702,0.0001);
#10271=CYLINDRICAL_SURFACE('',#11704,0.0005);
#10272=CYLINDRICAL_SURFACE('',#11709,0.0005);
#10273=CYLINDRICAL_SURFACE('',#11725,0.0011);
#10274=CYLINDRICAL_SURFACE('',#11730,0.0011);
#10275=CYLINDRICAL_SURFACE('',#11731,0.0011);
#10276=CYLINDRICAL_SURFACE('',#11737,0.0011);
#10277=CYLINDRICAL_SURFACE('',#11738,0.0011);
#10278=CYLINDRICAL_SURFACE('',#11741,0.0005);
#10279=CYLINDRICAL_SURFACE('',#11745,0.0005);
#10280=CYLINDRICAL_SURFACE('',#11746,0.0005);
#10281=CYLINDRICAL_SURFACE('',#11750,0.0005);
#10282=CYLINDRICAL_SURFACE('',#11751,0.0005);
#10283=CYLINDRICAL_SURFACE('',#11756,0.0002);
#10284=CYLINDRICAL_SURFACE('',#11758,0.0002);
#10285=CYLINDRICAL_SURFACE('',#11764,0.0002);
#10286=CYLINDRICAL_SURFACE('',#11766,0.0002);
#10287=CYLINDRICAL_SURFACE('',#11769,0.0005);
#10288=CYLINDRICAL_SURFACE('',#11771,0.0005);
#10289=CYLINDRICAL_SURFACE('',#11774,0.000512132034356031);
#10290=CYLINDRICAL_SURFACE('',#11778,0.001);
#10291=CYLINDRICAL_SURFACE('',#11780,0.0002);
#10292=CYLINDRICAL_SURFACE('',#11796,0.0005);
#10293=CYLINDRICAL_SURFACE('',#11800,0.0005);
#10294=CYLINDRICAL_SURFACE('',#11807,0.0009);
#10295=CYLINDRICAL_SURFACE('',#11810,0.0009);
#10296=CYLINDRICAL_SURFACE('',#11812,0.001);
#10297=CYLINDRICAL_SURFACE('',#11814,0.001);
#10298=CYLINDRICAL_SURFACE('',#11816,5.E-5);
#10299=CYLINDRICAL_SURFACE('',#11821,5.E-5);
#10300=CYLINDRICAL_SURFACE('',#11823,0.0001);
#10301=CYLINDRICAL_SURFACE('',#11827,0.0001);
#10302=CYLINDRICAL_SURFACE('',#11831,0.0001);
#10303=CYLINDRICAL_SURFACE('',#11836,0.0001);
#10304=CYLINDRICAL_SURFACE('',#11840,0.0001);
#10305=CYLINDRICAL_SURFACE('',#11844,0.0001);
#10306=CYLINDRICAL_SURFACE('',#11848,0.0001);
#10307=CYLINDRICAL_SURFACE('',#11850,0.0001);
#10308=CYLINDRICAL_SURFACE('',#11854,0.0001);
#10309=CYLINDRICAL_SURFACE('',#11858,0.0001);
#10310=CYLINDRICAL_SURFACE('',#11863,0.0001);
#10311=CYLINDRICAL_SURFACE('',#11866,0.0001);
#10312=CYLINDRICAL_SURFACE('',#11870,0.0001);
#10313=CYLINDRICAL_SURFACE('',#11874,0.0001);
#10314=CYLINDRICAL_SURFACE('',#11894,0.001);
#10315=CYLINDRICAL_SURFACE('',#11897,0.001);
#10316=CYLINDRICAL_SURFACE('',#11918,0.0001);
#10317=CYLINDRICAL_SURFACE('',#11923,0.0001);
#10318=CYLINDRICAL_SURFACE('',#11929,0.000200000000000006);
#10319=CYLINDRICAL_SURFACE('',#11932,0.0001);
#10320=CYLINDRICAL_SURFACE('',#11938,0.0001);
#10321=CYLINDRICAL_SURFACE('',#11948,0.0001);
#10322=CYLINDRICAL_SURFACE('',#11949,0.0001);
#10323=CYLINDRICAL_SURFACE('',#11954,0.0001);
#10324=CYLINDRICAL_SURFACE('',#11955,0.0001);
#10325=CYLINDRICAL_SURFACE('',#11959,0.0001);
#10326=CYLINDRICAL_SURFACE('',#11964,0.0001);
#10327=CYLINDRICAL_SURFACE('',#11968,0.0001);
#10328=CYLINDRICAL_SURFACE('',#11969,0.0001);
#10329=CYLINDRICAL_SURFACE('',#11975,0.0001);
#10330=CYLINDRICAL_SURFACE('',#11976,0.0001);
#10331=CYLINDRICAL_SURFACE('',#11977,0.0001);
#10332=CYLINDRICAL_SURFACE('',#11982,0.0001);
#10333=CYLINDRICAL_SURFACE('',#11988,0.0001);
#10334=CYLINDRICAL_SURFACE('',#11990,0.0001);
#10335=CYLINDRICAL_SURFACE('',#11991,0.0001);
#10336=CYLINDRICAL_SURFACE('',#11996,0.0001);
#10337=CYLINDRICAL_SURFACE('',#11998,0.0001);
#10338=CYLINDRICAL_SURFACE('',#12000,0.0001);
#10339=CYLINDRICAL_SURFACE('',#12002,0.0005);
#10340=CYLINDRICAL_SURFACE('',#12007,0.0005);
#10341=CYLINDRICAL_SURFACE('',#12023,0.0011);
#10342=CYLINDRICAL_SURFACE('',#12028,0.0011);
#10343=CYLINDRICAL_SURFACE('',#12029,0.0011);
#10344=CYLINDRICAL_SURFACE('',#12035,0.0011);
#10345=CYLINDRICAL_SURFACE('',#12036,0.0011);
#10346=CYLINDRICAL_SURFACE('',#12039,0.0005);
#10347=CYLINDRICAL_SURFACE('',#12043,0.0005);
#10348=CYLINDRICAL_SURFACE('',#12044,0.0005);
#10349=CYLINDRICAL_SURFACE('',#12049,0.0005);
#10350=CYLINDRICAL_SURFACE('',#12050,0.0005);
#10351=CYLINDRICAL_SURFACE('',#12055,0.0002);
#10352=CYLINDRICAL_SURFACE('',#12057,0.0002);
#10353=CYLINDRICAL_SURFACE('',#12063,0.0002);
#10354=CYLINDRICAL_SURFACE('',#12065,0.0002);
#10355=CYLINDRICAL_SURFACE('',#12079,0.02);
#10356=CYLINDRICAL_SURFACE('',#12080,0.02);
#10357=CYLINDRICAL_SURFACE('',#12082,0.02);
#10358=CYLINDRICAL_SURFACE('',#12083,0.02);
#10359=CYLINDRICAL_SURFACE('',#12085,0.0005);
#10360=CYLINDRICAL_SURFACE('',#12087,0.0005);
#10361=CYLINDRICAL_SURFACE('',#12090,0.000512132034356031);
#10362=CYLINDRICAL_SURFACE('',#12094,0.001);
#10363=CYLINDRICAL_SURFACE('',#12096,0.0002);
#10364=CYLINDRICAL_SURFACE('',#12112,0.0005);
#10365=CYLINDRICAL_SURFACE('',#12116,0.0005);
#10366=CYLINDRICAL_SURFACE('',#12122,0.0009);
#10367=CYLINDRICAL_SURFACE('',#12125,0.0009);
#10368=CYLINDRICAL_SURFACE('',#12127,0.001);
#10369=CYLINDRICAL_SURFACE('',#12129,0.001);
#10370=CYLINDRICAL_SURFACE('',#12131,5.E-5);
#10371=CYLINDRICAL_SURFACE('',#12136,5.E-5);
#10372=CYLINDRICAL_SURFACE('',#12138,0.0001);
#10373=CYLINDRICAL_SURFACE('',#12142,0.0001);
#10374=CYLINDRICAL_SURFACE('',#12146,0.0001);
#10375=CYLINDRICAL_SURFACE('',#12151,0.0001);
#10376=CYLINDRICAL_SURFACE('',#12155,0.0001);
#10377=CYLINDRICAL_SURFACE('',#12159,0.0001);
#10378=CYLINDRICAL_SURFACE('',#12163,0.0001);
#10379=CYLINDRICAL_SURFACE('',#12165,0.0001);
#10380=CYLINDRICAL_SURFACE('',#12169,0.0001);
#10381=CYLINDRICAL_SURFACE('',#12173,0.0001);
#10382=CYLINDRICAL_SURFACE('',#12178,0.0001);
#10383=CYLINDRICAL_SURFACE('',#12182,0.0001);
#10384=CYLINDRICAL_SURFACE('',#12186,0.0001);
#10385=CYLINDRICAL_SURFACE('',#12190,0.0001);
#10386=CYLINDRICAL_SURFACE('',#12210,0.001);
#10387=CYLINDRICAL_SURFACE('',#12213,0.001);
#10388=CYLINDRICAL_SURFACE('',#12225,0.0001);
#10389=CYLINDRICAL_SURFACE('',#12230,0.0001);
#10390=CYLINDRICAL_SURFACE('',#12236,0.000200000000000006);
#10391=CYLINDRICAL_SURFACE('',#12239,0.0001);
#10392=CYLINDRICAL_SURFACE('',#12245,0.0001);
#10393=CYLINDRICAL_SURFACE('',#12255,0.0001);
#10394=CYLINDRICAL_SURFACE('',#12256,0.0001);
#10395=CYLINDRICAL_SURFACE('',#12261,0.0001);
#10396=CYLINDRICAL_SURFACE('',#12262,0.0001);
#10397=CYLINDRICAL_SURFACE('',#12266,0.0001);
#10398=CYLINDRICAL_SURFACE('',#12271,0.0001);
#10399=CYLINDRICAL_SURFACE('',#12275,0.0001);
#10400=CYLINDRICAL_SURFACE('',#12276,0.0001);
#10401=CYLINDRICAL_SURFACE('',#12282,0.0001);
#10402=CYLINDRICAL_SURFACE('',#12283,0.0001);
#10403=CYLINDRICAL_SURFACE('',#12284,0.0001);
#10404=CYLINDRICAL_SURFACE('',#12289,0.0001);
#10405=CYLINDRICAL_SURFACE('',#12294,0.000290364087786759);
#10406=CYLINDRICAL_SURFACE('',#12295,0.0001);
#10407=CYLINDRICAL_SURFACE('',#12297,0.0001);
#10408=CYLINDRICAL_SURFACE('',#12298,0.0001);
#10409=CYLINDRICAL_SURFACE('',#12303,0.0001);
#10410=CYLINDRICAL_SURFACE('',#12305,0.0001);
#10411=CYLINDRICAL_SURFACE('',#12307,0.0001);
#10412=CYLINDRICAL_SURFACE('',#12309,0.0005);
#10413=CYLINDRICAL_SURFACE('',#12314,0.0005);
#10414=CYLINDRICAL_SURFACE('',#12330,0.0011);
#10415=CYLINDRICAL_SURFACE('',#12335,0.0011);
#10416=CYLINDRICAL_SURFACE('',#12336,0.0011);
#10417=CYLINDRICAL_SURFACE('',#12342,0.0011);
#10418=CYLINDRICAL_SURFACE('',#12343,0.0011);
#10419=CYLINDRICAL_SURFACE('',#12346,0.0005);
#10420=CYLINDRICAL_SURFACE('',#12351,0.0005);
#10421=CYLINDRICAL_SURFACE('',#12352,0.0005);
#10422=CYLINDRICAL_SURFACE('',#12356,0.0005);
#10423=CYLINDRICAL_SURFACE('',#12357,0.0005);
#10424=CYLINDRICAL_SURFACE('',#12362,0.0002);
#10425=CYLINDRICAL_SURFACE('',#12364,0.0002);
#10426=CYLINDRICAL_SURFACE('',#12370,0.0002);
#10427=CYLINDRICAL_SURFACE('',#12372,0.0002);
#10428=CYLINDRICAL_SURFACE('',#12377,0.02);
#10429=CYLINDRICAL_SURFACE('',#12378,0.02);
#10430=CYLINDRICAL_SURFACE('',#12380,0.02);
#10431=CYLINDRICAL_SURFACE('',#12381,0.02);
#10432=ADVANCED_FACE('',(#9458),#10142,.T.);
#10433=ADVANCED_FACE('',(#9459),#10143,.T.);
#10434=ADVANCED_FACE('',(#9460),#10144,.T.);
#10435=ADVANCED_FACE('',(#9461),#439,.T.);
#10436=ADVANCED_FACE('',(#9462),#10145,.T.);
#10437=ADVANCED_FACE('',(#9463),#440,.T.);
#10438=ADVANCED_FACE('',(#9464),#10146,.T.);
#10439=ADVANCED_FACE('',(#9465),#441,.T.);
#10440=ADVANCED_FACE('',(#9466),#442,.F.);
#10441=ADVANCED_FACE('',(#9467),#443,.F.);
#10442=ADVANCED_FACE('',(#9468),#444,.T.);
#10443=ADVANCED_FACE('',(#9469),#10147,.T.);
#10444=ADVANCED_FACE('',(#9470),#445,.T.);
#10445=ADVANCED_FACE('',(#9471),#10148,.T.);
#10446=ADVANCED_FACE('',(#9472),#446,.F.);
#10447=ADVANCED_FACE('',(#9473),#447,.F.);
#10448=ADVANCED_FACE('',(#9474),#448,.T.);
#10449=ADVANCED_FACE('',(#9475),#10149,.T.);
#10450=ADVANCED_FACE('',(#9476),#449,.T.);
#10451=ADVANCED_FACE('',(#9477),#10150,.T.);
#10452=ADVANCED_FACE('',(#9478),#10151,.T.);
#10453=ADVANCED_FACE('',(#9479),#10152,.T.);
#10454=ADVANCED_FACE('',(#9480),#10153,.F.);
#10455=ADVANCED_FACE('',(#9481),#81,.F.);
#10456=ADVANCED_FACE('',(#9482),#10154,.F.);
#10457=ADVANCED_FACE('',(#9483),#10155,.T.);
#10458=ADVANCED_FACE('',(#9484),#44,.T.);
#10459=ADVANCED_FACE('',(#9485),#10156,.T.);
#10460=ADVANCED_FACE('',(#9486),#82,.T.);
#10461=ADVANCED_FACE('',(#9487),#10157,.T.);
#10462=ADVANCED_FACE('',(#9488),#83,.T.);
#10463=ADVANCED_FACE('',(#9489),#45,.T.);
#10464=ADVANCED_FACE('',(#9490),#36,.T.);
#10465=ADVANCED_FACE('',(#9491),#10158,.T.);
#10466=ADVANCED_FACE('',(#9492),#84,.T.);
#10467=ADVANCED_FACE('',(#9493),#85,.T.);
#10468=ADVANCED_FACE('',(#9494),#46,.T.);
#10469=ADVANCED_FACE('',(#9495),#10159,.T.);
#10470=ADVANCED_FACE('',(#9496),#86,.T.);
#10471=ADVANCED_FACE('',(#9497),#10160,.T.);
#10472=ADVANCED_FACE('',(#9498),#87,.T.);
#10473=ADVANCED_FACE('',(#9499),#10161,.T.);
#10474=ADVANCED_FACE('',(#9500),#10162,.T.);
#10475=ADVANCED_FACE('',(#9501),#47,.T.);
#10476=ADVANCED_FACE('',(#9502),#10163,.T.);
#10477=ADVANCED_FACE('',(#9503),#88,.T.);
#10478=ADVANCED_FACE('',(#9504),#10164,.T.);
#10479=ADVANCED_FACE('',(#9505),#89,.T.);
#10480=ADVANCED_FACE('',(#9506),#48,.T.);
#10481=ADVANCED_FACE('',(#9507),#37,.T.);
#10482=ADVANCED_FACE('',(#9508),#10165,.T.);
#10483=ADVANCED_FACE('',(#9509),#90,.T.);
#10484=ADVANCED_FACE('',(#9510),#91,.T.);
#10485=ADVANCED_FACE('',(#9511),#92,.T.);
#10486=ADVANCED_FACE('',(#9512),#10166,.T.);
#10487=ADVANCED_FACE('',(#9513),#93,.T.);
#10488=ADVANCED_FACE('',(#9514),#10167,.T.);
#10489=ADVANCED_FACE('',(#9515),#94,.T.);
#10490=ADVANCED_FACE('',(#9516),#10168,.T.);
#10491=ADVANCED_FACE('',(#9517,#9518),#450,.F.);
#10492=ADVANCED_FACE('',(#9519,#9520,#9521,#9522),#451,.T.);
#10493=ADVANCED_FACE('',(#9523),#452,.F.);
#10494=ADVANCED_FACE('',(#9524),#453,.F.);
#10495=ADVANCED_FACE('',(#9525),#454,.F.);
#10496=ADVANCED_FACE('',(#9526),#10169,.T.);
#10497=ADVANCED_FACE('',(#9527),#10170,.T.);
#10498=ADVANCED_FACE('',(#9528),#455,.F.);
#10499=ADVANCED_FACE('',(#9529),#456,.F.);
#10500=ADVANCED_FACE('',(#9530),#457,.F.);
#10501=ADVANCED_FACE('',(#9531),#458,.T.);
#10502=ADVANCED_FACE('',(#9532),#459,.T.);
#10503=ADVANCED_FACE('',(#9533),#49,.T.);
#10504=ADVANCED_FACE('',(#9534),#10171,.T.);
#10505=ADVANCED_FACE('',(#9535),#95,.T.);
#10506=ADVANCED_FACE('',(#9536),#10172,.T.);
#10507=ADVANCED_FACE('',(#9537),#50,.T.);
#10508=ADVANCED_FACE('',(#9538),#96,.F.);
#10509=ADVANCED_FACE('',(#9539),#460,.T.);
#10510=ADVANCED_FACE('',(#9540),#10173,.F.);
#10511=ADVANCED_FACE('',(#9541),#10174,.T.);
#10512=ADVANCED_FACE('',(#9542),#97,.T.);
#10513=ADVANCED_FACE('',(#9543),#10175,.T.);
#10514=ADVANCED_FACE('',(#9544),#98,.T.);
#10515=ADVANCED_FACE('',(#9545),#461,.F.);
#10516=ADVANCED_FACE('',(#9546),#99,.T.);
#10517=ADVANCED_FACE('',(#9547),#10176,.T.);
#10518=ADVANCED_FACE('',(#9548),#10177,.F.);
#10519=ADVANCED_FACE('',(#9549),#12,.F.);
#10520=ADVANCED_FACE('',(#9550),#10178,.F.);
#10521=ADVANCED_FACE('',(#9551),#10179,.T.);
#10522=ADVANCED_FACE('',(#9552),#51,.T.);
#10523=ADVANCED_FACE('',(#9553),#10180,.T.);
#10524=ADVANCED_FACE('',(#9554),#100,.T.);
#10525=ADVANCED_FACE('',(#9555),#10181,.T.);
#10526=ADVANCED_FACE('',(#9556),#52,.T.);
#10527=ADVANCED_FACE('',(#9557),#10182,.T.);
#10528=ADVANCED_FACE('',(#9558),#10183,.F.);
#10529=ADVANCED_FACE('',(#9559),#13,.F.);
#10530=ADVANCED_FACE('',(#9560),#462,.F.);
#10531=ADVANCED_FACE('',(#9561),#10184,.F.);
#10532=ADVANCED_FACE('',(#9562),#10185,.F.);
#10533=ADVANCED_FACE('',(#9563),#10186,.T.);
#10534=ADVANCED_FACE('',(#9564),#101,.T.);
#10535=ADVANCED_FACE('',(#9565),#10187,.T.);
#10536=ADVANCED_FACE('',(#9566),#102,.T.);
#10537=ADVANCED_FACE('',(#9567),#463,.T.);
#10538=ADVANCED_FACE('',(#9568),#103,.T.);
#10539=ADVANCED_FACE('',(#9569),#104,.F.);
#10540=ADVANCED_FACE('',(#9570),#10188,.F.);
#10541=ADVANCED_FACE('',(#9571),#464,.T.);
#10542=ADVANCED_FACE('',(#9572),#10189,.F.);
#10543=ADVANCED_FACE('',(#9573),#10190,.T.);
#10544=ADVANCED_FACE('',(#9574),#105,.T.);
#10545=ADVANCED_FACE('',(#9575),#10191,.T.);
#10546=ADVANCED_FACE('',(#9576),#106,.T.);
#10547=ADVANCED_FACE('',(#9577),#10192,.F.);
#10548=ADVANCED_FACE('',(#9578),#465,.T.);
#10549=ADVANCED_FACE('',(#9579),#10193,.F.);
#10550=ADVANCED_FACE('',(#9580),#466,.T.);
#10551=ADVANCED_FACE('',(#9581),#10194,.T.);
#10552=ADVANCED_FACE('',(#9582),#107,.T.);
#10553=ADVANCED_FACE('',(#9583),#10195,.T.);
#10554=ADVANCED_FACE('',(#9584),#467,.T.);
#10555=ADVANCED_FACE('',(#9585),#468,.T.);
#10556=ADVANCED_FACE('',(#9586),#469,.T.);
#10557=ADVANCED_FACE('',(#9587),#470,.T.);
#10558=ADVANCED_FACE('',(#9588),#471,.T.);
#10559=ADVANCED_FACE('',(#9589),#472,.T.);
#10560=ADVANCED_FACE('',(#9590),#473,.T.);
#10561=ADVANCED_FACE('',(#9591),#474,.F.);
#10562=ADVANCED_FACE('',(#9592),#475,.F.);
#10563=ADVANCED_FACE('',(#9593),#476,.T.);
#10564=ADVANCED_FACE('',(#9594),#10196,.T.);
#10565=ADVANCED_FACE('',(#9595),#14,.T.);
#10566=ADVANCED_FACE('',(#9596),#10197,.T.);
#10567=ADVANCED_FACE('',(#9597),#10198,.T.);
#10568=ADVANCED_FACE('',(#9598),#15,.T.);
#10569=ADVANCED_FACE('',(#9599),#477,.T.);
#10570=ADVANCED_FACE('',(#9600),#10199,.T.);
#10571=ADVANCED_FACE('',(#9601),#10200,.T.);
#10572=ADVANCED_FACE('',(#9602),#478,.F.);
#10573=ADVANCED_FACE('',(#9603),#479,.F.);
#10574=ADVANCED_FACE('',(#9604),#10201,.T.);
#10575=ADVANCED_FACE('',(#9605),#16,.T.);
#10576=ADVANCED_FACE('',(#9606),#10202,.T.);
#10577=ADVANCED_FACE('',(#9607),#10203,.T.);
#10578=ADVANCED_FACE('',(#9608),#17,.T.);
#10579=ADVANCED_FACE('',(#9609),#10204,.T.);
#10580=ADVANCED_FACE('',(#9610),#10205,.T.);
#10581=ADVANCED_FACE('',(#9611),#108,.T.);
#10582=ADVANCED_FACE('',(#9612),#10206,.T.);
#10583=ADVANCED_FACE('',(#9613),#10207,.T.);
#10584=ADVANCED_FACE('',(#9614),#109,.T.);
#10585=ADVANCED_FACE('',(#9615),#110,.T.);
#10586=ADVANCED_FACE('',(#9616),#10208,.T.);
#10587=ADVANCED_FACE('',(#9617),#10209,.T.);
#10588=ADVANCED_FACE('',(#9618),#111,.T.);
#10589=ADVANCED_FACE('',(#9619),#480,.T.);
#10590=ADVANCED_FACE('',(#9620),#481,.T.);
#10591=ADVANCED_FACE('',(#9621),#482,.T.);
#10592=ADVANCED_FACE('',(#9622),#483,.T.);
#10593=ADVANCED_FACE('',(#9623),#484,.T.);
#10594=ADVANCED_FACE('',(#9624),#485,.T.);
#10595=ADVANCED_FACE('',(#9625),#486,.T.);
#10596=ADVANCED_FACE('',(#9626),#487,.T.);
#10597=ADVANCED_FACE('',(#9627),#10210,.F.);
#10598=ADVANCED_FACE('',(#9628),#10211,.F.);
#10599=ADVANCED_FACE('',(#9629),#488,.T.);
#10600=ADVANCED_FACE('',(#9630),#10212,.F.);
#10601=ADVANCED_FACE('',(#9631),#10213,.F.);
#10602=ADVANCED_FACE('',(#9632),#489,.T.);
#10603=ADVANCED_FACE('',(#9633),#10214,.T.);
#10604=ADVANCED_FACE('',(#9634),#490,.T.);
#10605=ADVANCED_FACE('',(#9635),#491,.T.);
#10606=ADVANCED_FACE('',(#9636),#492,.T.);
#10607=ADVANCED_FACE('',(#9637),#493,.T.);
#10608=ADVANCED_FACE('',(#9638),#494,.T.);
#10609=ADVANCED_FACE('',(#9639),#10215,.F.);
#10610=ADVANCED_FACE('',(#9640),#10216,.F.);
#10611=ADVANCED_FACE('',(#9641),#495,.T.);
#10612=ADVANCED_FACE('',(#9642),#10217,.F.);
#10613=ADVANCED_FACE('',(#9643),#10218,.F.);
#10614=ADVANCED_FACE('',(#9644),#496,.T.);
#10615=ADVANCED_FACE('',(#9645),#497,.F.);
#10616=ADVANCED_FACE('',(#9646),#10219,.T.);
#10617=ADVANCED_FACE('',(#9647),#10220,.T.);
#10618=ADVANCED_FACE('',(#9648),#498,.T.);
#10619=ADVANCED_FACE('',(#9649),#10221,.T.);
#10620=ADVANCED_FACE('',(#9650),#499,.T.);
#10621=ADVANCED_FACE('',(#9651),#10222,.T.);
#10622=ADVANCED_FACE('',(#9652),#500,.T.);
#10623=ADVANCED_FACE('',(#9653),#501,.F.);
#10624=ADVANCED_FACE('',(#9654),#502,.F.);
#10625=ADVANCED_FACE('',(#9655),#503,.T.);
#10626=ADVANCED_FACE('',(#9656),#10223,.T.);
#10627=ADVANCED_FACE('',(#9657),#504,.T.);
#10628=ADVANCED_FACE('',(#9658),#10224,.T.);
#10629=ADVANCED_FACE('',(#9659),#505,.F.);
#10630=ADVANCED_FACE('',(#9660),#506,.F.);
#10631=ADVANCED_FACE('',(#9661),#507,.T.);
#10632=ADVANCED_FACE('',(#9662),#10225,.T.);
#10633=ADVANCED_FACE('',(#9663),#508,.T.);
#10634=ADVANCED_FACE('',(#9664),#10226,.T.);
#10635=ADVANCED_FACE('',(#9665),#10227,.T.);
#10636=ADVANCED_FACE('',(#9666),#10228,.T.);
#10637=ADVANCED_FACE('',(#9667),#10229,.F.);
#10638=ADVANCED_FACE('',(#9668),#112,.F.);
#10639=ADVANCED_FACE('',(#9669),#10230,.F.);
#10640=ADVANCED_FACE('',(#9670),#10231,.T.);
#10641=ADVANCED_FACE('',(#9671),#53,.T.);
#10642=ADVANCED_FACE('',(#9672),#10232,.T.);
#10643=ADVANCED_FACE('',(#9673),#113,.T.);
#10644=ADVANCED_FACE('',(#9674),#10233,.T.);
#10645=ADVANCED_FACE('',(#9675),#114,.T.);
#10646=ADVANCED_FACE('',(#9676),#54,.T.);
#10647=ADVANCED_FACE('',(#9677),#38,.T.);
#10648=ADVANCED_FACE('',(#9678),#10234,.T.);
#10649=ADVANCED_FACE('',(#9679),#115,.T.);
#10650=ADVANCED_FACE('',(#9680),#116,.T.);
#10651=ADVANCED_FACE('',(#9681),#55,.T.);
#10652=ADVANCED_FACE('',(#9682),#10235,.T.);
#10653=ADVANCED_FACE('',(#9683),#117,.T.);
#10654=ADVANCED_FACE('',(#9684),#10236,.T.);
#10655=ADVANCED_FACE('',(#9685),#118,.T.);
#10656=ADVANCED_FACE('',(#9686),#10237,.T.);
#10657=ADVANCED_FACE('',(#9687),#10238,.T.);
#10658=ADVANCED_FACE('',(#9688),#56,.T.);
#10659=ADVANCED_FACE('',(#9689),#10239,.T.);
#10660=ADVANCED_FACE('',(#9690),#119,.T.);
#10661=ADVANCED_FACE('',(#9691),#10240,.T.);
#10662=ADVANCED_FACE('',(#9692),#120,.T.);
#10663=ADVANCED_FACE('',(#9693),#57,.T.);
#10664=ADVANCED_FACE('',(#9694),#39,.T.);
#10665=ADVANCED_FACE('',(#9695),#10241,.T.);
#10666=ADVANCED_FACE('',(#9696),#121,.T.);
#10667=ADVANCED_FACE('',(#9697),#122,.T.);
#10668=ADVANCED_FACE('',(#9698),#123,.T.);
#10669=ADVANCED_FACE('',(#9699),#10242,.T.);
#10670=ADVANCED_FACE('',(#9700),#124,.T.);
#10671=ADVANCED_FACE('',(#9701),#10243,.T.);
#10672=ADVANCED_FACE('',(#9702),#125,.T.);
#10673=ADVANCED_FACE('',(#9703),#10244,.T.);
#10674=ADVANCED_FACE('',(#9704,#9705),#509,.F.);
#10675=ADVANCED_FACE('',(#9706,#9707,#9708,#9709),#510,.T.);
#10676=ADVANCED_FACE('',(#9710),#511,.F.);
#10677=ADVANCED_FACE('',(#9711),#512,.F.);
#10678=ADVANCED_FACE('',(#9712),#513,.F.);
#10679=ADVANCED_FACE('',(#9713),#10245,.T.);
#10680=ADVANCED_FACE('',(#9714),#10246,.T.);
#10681=ADVANCED_FACE('',(#9715),#514,.F.);
#10682=ADVANCED_FACE('',(#9716),#515,.T.);
#10683=ADVANCED_FACE('',(#9717),#516,.T.);
#10684=ADVANCED_FACE('',(#9718),#58,.T.);
#10685=ADVANCED_FACE('',(#9719),#10247,.T.);
#10686=ADVANCED_FACE('',(#9720),#126,.T.);
#10687=ADVANCED_FACE('',(#9721),#10248,.T.);
#10688=ADVANCED_FACE('',(#9722),#59,.T.);
#10689=ADVANCED_FACE('',(#9723),#127,.F.);
#10690=ADVANCED_FACE('',(#9724),#517,.T.);
#10691=ADVANCED_FACE('',(#9725),#10249,.F.);
#10692=ADVANCED_FACE('',(#9726),#10250,.T.);
#10693=ADVANCED_FACE('',(#9727),#128,.T.);
#10694=ADVANCED_FACE('',(#9728),#10251,.T.);
#10695=ADVANCED_FACE('',(#9729),#129,.T.);
#10696=ADVANCED_FACE('',(#9730),#518,.F.);
#10697=ADVANCED_FACE('',(#9731),#130,.T.);
#10698=ADVANCED_FACE('',(#9732),#10252,.T.);
#10699=ADVANCED_FACE('',(#9733),#10253,.F.);
#10700=ADVANCED_FACE('',(#9734),#18,.F.);
#10701=ADVANCED_FACE('',(#9735),#10254,.F.);
#10702=ADVANCED_FACE('',(#9736),#10255,.T.);
#10703=ADVANCED_FACE('',(#9737),#60,.T.);
#10704=ADVANCED_FACE('',(#9738),#10256,.T.);
#10705=ADVANCED_FACE('',(#9739),#131,.T.);
#10706=ADVANCED_FACE('',(#9740),#10257,.T.);
#10707=ADVANCED_FACE('',(#9741),#61,.T.);
#10708=ADVANCED_FACE('',(#9742),#10258,.T.);
#10709=ADVANCED_FACE('',(#9743),#10259,.F.);
#10710=ADVANCED_FACE('',(#9744),#19,.F.);
#10711=ADVANCED_FACE('',(#9745),#519,.F.);
#10712=ADVANCED_FACE('',(#9746),#10260,.F.);
#10713=ADVANCED_FACE('',(#9747),#10261,.F.);
#10714=ADVANCED_FACE('',(#9748),#10262,.T.);
#10715=ADVANCED_FACE('',(#9749),#132,.T.);
#10716=ADVANCED_FACE('',(#9750),#10263,.T.);
#10717=ADVANCED_FACE('',(#9751),#133,.T.);
#10718=ADVANCED_FACE('',(#9752),#520,.T.);
#10719=ADVANCED_FACE('',(#9753),#62,.T.);
#10720=ADVANCED_FACE('',(#9754),#10264,.F.);
#10721=ADVANCED_FACE('',(#9755),#10265,.F.);
#10722=ADVANCED_FACE('',(#9756),#521,.T.);
#10723=ADVANCED_FACE('',(#9757),#10266,.F.);
#10724=ADVANCED_FACE('',(#9758),#10267,.T.);
#10725=ADVANCED_FACE('',(#9759),#134,.T.);
#10726=ADVANCED_FACE('',(#9760),#10268,.T.);
#10727=ADVANCED_FACE('',(#9761),#63,.T.);
#10728=ADVANCED_FACE('',(#9762),#10269,.F.);
#10729=ADVANCED_FACE('',(#9763),#522,.T.);
#10730=ADVANCED_FACE('',(#9764),#10270,.F.);
#10731=ADVANCED_FACE('',(#9765),#523,.T.);
#10732=ADVANCED_FACE('',(#9766),#10271,.T.);
#10733=ADVANCED_FACE('',(#9767),#135,.T.);
#10734=ADVANCED_FACE('',(#9768),#10272,.T.);
#10735=ADVANCED_FACE('',(#9769),#524,.T.);
#10736=ADVANCED_FACE('',(#9770),#525,.T.);
#10737=ADVANCED_FACE('',(#9771),#526,.T.);
#10738=ADVANCED_FACE('',(#9772),#527,.T.);
#10739=ADVANCED_FACE('',(#9773),#528,.T.);
#10740=ADVANCED_FACE('',(#9774),#529,.T.);
#10741=ADVANCED_FACE('',(#9775),#530,.T.);
#10742=ADVANCED_FACE('',(#9776),#531,.F.);
#10743=ADVANCED_FACE('',(#9777),#532,.F.);
#10744=ADVANCED_FACE('',(#9778),#533,.T.);
#10745=ADVANCED_FACE('',(#9779),#10273,.T.);
#10746=ADVANCED_FACE('',(#9780),#20,.T.);
#10747=ADVANCED_FACE('',(#9781),#10274,.T.);
#10748=ADVANCED_FACE('',(#9782),#10275,.T.);
#10749=ADVANCED_FACE('',(#9783),#21,.T.);
#10750=ADVANCED_FACE('',(#9784),#534,.T.);
#10751=ADVANCED_FACE('',(#9785),#10276,.T.);
#10752=ADVANCED_FACE('',(#9786),#10277,.T.);
#10753=ADVANCED_FACE('',(#9787),#535,.F.);
#10754=ADVANCED_FACE('',(#9788),#536,.F.);
#10755=ADVANCED_FACE('',(#9789),#10278,.T.);
#10756=ADVANCED_FACE('',(#9790),#22,.T.);
#10757=ADVANCED_FACE('',(#9791),#10279,.T.);
#10758=ADVANCED_FACE('',(#9792),#10280,.T.);
#10759=ADVANCED_FACE('',(#9793),#23,.T.);
#10760=ADVANCED_FACE('',(#9794),#10281,.T.);
#10761=ADVANCED_FACE('',(#9795),#10282,.T.);
#10762=ADVANCED_FACE('',(#9796),#136,.T.);
#10763=ADVANCED_FACE('',(#9797),#10283,.T.);
#10764=ADVANCED_FACE('',(#9798),#10284,.T.);
#10765=ADVANCED_FACE('',(#9799),#137,.T.);
#10766=ADVANCED_FACE('',(#9800),#138,.T.);
#10767=ADVANCED_FACE('',(#9801),#10285,.T.);
#10768=ADVANCED_FACE('',(#9802),#10286,.T.);
#10769=ADVANCED_FACE('',(#9803),#139,.T.);
#10770=ADVANCED_FACE('',(#9804),#10287,.T.);
#10771=ADVANCED_FACE('',(#9805),#10288,.T.);
#10772=ADVANCED_FACE('',(#9806),#10289,.T.);
#10773=ADVANCED_FACE('',(#9807),#537,.T.);
#10774=ADVANCED_FACE('',(#9808),#10290,.T.);
#10775=ADVANCED_FACE('',(#9809),#538,.T.);
#10776=ADVANCED_FACE('',(#9810),#10291,.T.);
#10777=ADVANCED_FACE('',(#9811),#539,.T.);
#10778=ADVANCED_FACE('',(#9812),#540,.F.);
#10779=ADVANCED_FACE('',(#9813),#541,.F.);
#10780=ADVANCED_FACE('',(#9814),#542,.T.);
#10781=ADVANCED_FACE('',(#9815),#10292,.T.);
#10782=ADVANCED_FACE('',(#9816),#543,.T.);
#10783=ADVANCED_FACE('',(#9817),#10293,.T.);
#10784=ADVANCED_FACE('',(#9818),#544,.F.);
#10785=ADVANCED_FACE('',(#9819),#545,.F.);
#10786=ADVANCED_FACE('',(#9820),#546,.T.);
#10787=ADVANCED_FACE('',(#9821),#10294,.T.);
#10788=ADVANCED_FACE('',(#9822),#547,.T.);
#10789=ADVANCED_FACE('',(#9823),#10295,.T.);
#10790=ADVANCED_FACE('',(#9824),#10296,.T.);
#10791=ADVANCED_FACE('',(#9825),#10297,.T.);
#10792=ADVANCED_FACE('',(#9826),#10298,.F.);
#10793=ADVANCED_FACE('',(#9827),#140,.F.);
#10794=ADVANCED_FACE('',(#9828),#10299,.F.);
#10795=ADVANCED_FACE('',(#9829),#10300,.T.);
#10796=ADVANCED_FACE('',(#9830),#64,.T.);
#10797=ADVANCED_FACE('',(#9831),#10301,.T.);
#10798=ADVANCED_FACE('',(#9832),#141,.T.);
#10799=ADVANCED_FACE('',(#9833),#10302,.T.);
#10800=ADVANCED_FACE('',(#9834),#142,.T.);
#10801=ADVANCED_FACE('',(#9835),#65,.T.);
#10802=ADVANCED_FACE('',(#9836),#40,.T.);
#10803=ADVANCED_FACE('',(#9837),#10303,.T.);
#10804=ADVANCED_FACE('',(#9838),#143,.T.);
#10805=ADVANCED_FACE('',(#9839),#144,.T.);
#10806=ADVANCED_FACE('',(#9840),#145,.T.);
#10807=ADVANCED_FACE('',(#9841),#10304,.T.);
#10808=ADVANCED_FACE('',(#9842),#146,.T.);
#10809=ADVANCED_FACE('',(#9843),#10305,.T.);
#10810=ADVANCED_FACE('',(#9844),#147,.T.);
#10811=ADVANCED_FACE('',(#9845),#10306,.T.);
#10812=ADVANCED_FACE('',(#9846),#10307,.T.);
#10813=ADVANCED_FACE('',(#9847),#66,.T.);
#10814=ADVANCED_FACE('',(#9848),#10308,.T.);
#10815=ADVANCED_FACE('',(#9849),#148,.T.);
#10816=ADVANCED_FACE('',(#9850),#10309,.T.);
#10817=ADVANCED_FACE('',(#9851),#149,.T.);
#10818=ADVANCED_FACE('',(#9852),#67,.T.);
#10819=ADVANCED_FACE('',(#9853),#41,.T.);
#10820=ADVANCED_FACE('',(#9854),#10310,.T.);
#10821=ADVANCED_FACE('',(#9855),#150,.T.);
#10822=ADVANCED_FACE('',(#9856),#68,.T.);
#10823=ADVANCED_FACE('',(#9857),#151,.T.);
#10824=ADVANCED_FACE('',(#9858),#10311,.T.);
#10825=ADVANCED_FACE('',(#9859),#152,.T.);
#10826=ADVANCED_FACE('',(#9860),#10312,.T.);
#10827=ADVANCED_FACE('',(#9861),#153,.T.);
#10828=ADVANCED_FACE('',(#9862),#10313,.T.);
#10829=ADVANCED_FACE('',(#9863,#9864),#548,.F.);
#10830=ADVANCED_FACE('',(#9865,#9866,#9867,#9868),#549,.T.);
#10831=ADVANCED_FACE('',(#9869),#550,.F.);
#10832=ADVANCED_FACE('',(#9870),#551,.F.);
#10833=ADVANCED_FACE('',(#9871),#552,.F.);
#10834=ADVANCED_FACE('',(#9872),#10314,.T.);
#10835=ADVANCED_FACE('',(#9873),#10315,.T.);
#10836=ADVANCED_FACE('',(#9874),#553,.T.);
#10837=ADVANCED_FACE('',(#9875),#554,.T.);
#10838=ADVANCED_FACE('',(#9876),#555,.F.);
#10839=ADVANCED_FACE('',(#9877),#556,.F.);
#10840=ADVANCED_FACE('',(#9878),#69,.T.);
#10841=ADVANCED_FACE('',(#9879),#10316,.T.);
#10842=ADVANCED_FACE('',(#9880),#154,.T.);
#10843=ADVANCED_FACE('',(#9881),#10317,.T.);
#10844=ADVANCED_FACE('',(#9882),#70,.T.);
#10845=ADVANCED_FACE('',(#9883),#155,.F.);
#10846=ADVANCED_FACE('',(#9884),#557,.T.);
#10847=ADVANCED_FACE('',(#9885),#10318,.F.);
#10848=ADVANCED_FACE('',(#9886),#10319,.T.);
#10849=ADVANCED_FACE('',(#9887),#156,.T.);
#10850=ADVANCED_FACE('',(#9888),#10320,.T.);
#10851=ADVANCED_FACE('',(#9889),#157,.T.);
#10852=ADVANCED_FACE('',(#9890),#558,.F.);
#10853=ADVANCED_FACE('',(#9891),#158,.T.);
#10854=ADVANCED_FACE('',(#9892),#10321,.T.);
#10855=ADVANCED_FACE('',(#9893),#10322,.F.);
#10856=ADVANCED_FACE('',(#9894),#24,.F.);
#10857=ADVANCED_FACE('',(#9895),#10323,.F.);
#10858=ADVANCED_FACE('',(#9896),#10324,.T.);
#10859=ADVANCED_FACE('',(#9897),#71,.T.);
#10860=ADVANCED_FACE('',(#9898),#10325,.T.);
#10861=ADVANCED_FACE('',(#9899),#159,.T.);
#10862=ADVANCED_FACE('',(#9900),#10326,.T.);
#10863=ADVANCED_FACE('',(#9901),#72,.T.);
#10864=ADVANCED_FACE('',(#9902),#10327,.T.);
#10865=ADVANCED_FACE('',(#9903),#10328,.F.);
#10866=ADVANCED_FACE('',(#9904),#25,.F.);
#10867=ADVANCED_FACE('',(#9905),#559,.F.);
#10868=ADVANCED_FACE('',(#9906),#10329,.F.);
#10869=ADVANCED_FACE('',(#9907),#10330,.F.);
#10870=ADVANCED_FACE('',(#9908),#10331,.T.);
#10871=ADVANCED_FACE('',(#9909),#160,.T.);
#10872=ADVANCED_FACE('',(#9910),#10332,.T.);
#10873=ADVANCED_FACE('',(#9911),#161,.T.);
#10874=ADVANCED_FACE('',(#9912),#560,.T.);
#10875=ADVANCED_FACE('',(#9913),#162,.F.);
#10876=ADVANCED_FACE('',(#9914),#163,.F.);
#10877=ADVANCED_FACE('',(#9915),#10333,.F.);
#10878=ADVANCED_FACE('',(#9916),#561,.T.);
#10879=ADVANCED_FACE('',(#9917),#10334,.F.);
#10880=ADVANCED_FACE('',(#9918),#10335,.T.);
#10881=ADVANCED_FACE('',(#9919),#164,.T.);
#10882=ADVANCED_FACE('',(#9920),#10336,.T.);
#10883=ADVANCED_FACE('',(#9921),#165,.T.);
#10884=ADVANCED_FACE('',(#9922),#10337,.F.);
#10885=ADVANCED_FACE('',(#9923),#562,.T.);
#10886=ADVANCED_FACE('',(#9924),#10338,.F.);
#10887=ADVANCED_FACE('',(#9925),#563,.T.);
#10888=ADVANCED_FACE('',(#9926),#10339,.T.);
#10889=ADVANCED_FACE('',(#9927),#166,.T.);
#10890=ADVANCED_FACE('',(#9928),#10340,.T.);
#10891=ADVANCED_FACE('',(#9929),#564,.T.);
#10892=ADVANCED_FACE('',(#9930),#565,.T.);
#10893=ADVANCED_FACE('',(#9931),#566,.T.);
#10894=ADVANCED_FACE('',(#9932),#567,.T.);
#10895=ADVANCED_FACE('',(#9933),#568,.T.);
#10896=ADVANCED_FACE('',(#9934),#569,.F.);
#10897=ADVANCED_FACE('',(#9935),#570,.F.);
#10898=ADVANCED_FACE('',(#9936),#571,.T.);
#10899=ADVANCED_FACE('',(#9937),#572,.T.);
#10900=ADVANCED_FACE('',(#9938),#573,.T.);
#10901=ADVANCED_FACE('',(#9939),#10341,.T.);
#10902=ADVANCED_FACE('',(#9940),#26,.T.);
#10903=ADVANCED_FACE('',(#9941),#10342,.T.);
#10904=ADVANCED_FACE('',(#9942),#10343,.T.);
#10905=ADVANCED_FACE('',(#9943),#27,.T.);
#10906=ADVANCED_FACE('',(#9944),#574,.T.);
#10907=ADVANCED_FACE('',(#9945),#10344,.T.);
#10908=ADVANCED_FACE('',(#9946),#10345,.T.);
#10909=ADVANCED_FACE('',(#9947),#575,.F.);
#10910=ADVANCED_FACE('',(#9948),#576,.F.);
#10911=ADVANCED_FACE('',(#9949),#10346,.T.);
#10912=ADVANCED_FACE('',(#9950),#28,.T.);
#10913=ADVANCED_FACE('',(#9951),#10347,.T.);
#10914=ADVANCED_FACE('',(#9952),#10348,.T.);
#10915=ADVANCED_FACE('',(#9953),#29,.T.);
#10916=ADVANCED_FACE('',(#9954),#10349,.T.);
#10917=ADVANCED_FACE('',(#9955),#10350,.T.);
#10918=ADVANCED_FACE('',(#9956),#167,.T.);
#10919=ADVANCED_FACE('',(#9957),#10351,.T.);
#10920=ADVANCED_FACE('',(#9958),#10352,.T.);
#10921=ADVANCED_FACE('',(#9959),#168,.T.);
#10922=ADVANCED_FACE('',(#9960),#169,.T.);
#10923=ADVANCED_FACE('',(#9961),#10353,.T.);
#10924=ADVANCED_FACE('',(#9962),#10354,.T.);
#10925=ADVANCED_FACE('',(#9963),#170,.T.);
#10926=ADVANCED_FACE('',(#9964),#577,.T.);
#10927=ADVANCED_FACE('',(#9965),#578,.T.);
#10928=ADVANCED_FACE('',(#9966),#579,.T.);
#10929=ADVANCED_FACE('',(#9967),#580,.T.);
#10930=ADVANCED_FACE('',(#9968),#581,.T.);
#10931=ADVANCED_FACE('',(#9969),#10355,.F.);
#10932=ADVANCED_FACE('',(#9970),#10356,.F.);
#10933=ADVANCED_FACE('',(#9971),#582,.T.);
#10934=ADVANCED_FACE('',(#9972),#10357,.F.);
#10935=ADVANCED_FACE('',(#9973),#10358,.F.);
#10936=ADVANCED_FACE('',(#9974),#583,.T.);
#10937=ADVANCED_FACE('',(#9975),#10359,.T.);
#10938=ADVANCED_FACE('',(#9976),#10360,.T.);
#10939=ADVANCED_FACE('',(#9977),#10361,.T.);
#10940=ADVANCED_FACE('',(#9978),#584,.T.);
#10941=ADVANCED_FACE('',(#9979),#10362,.T.);
#10942=ADVANCED_FACE('',(#9980),#585,.T.);
#10943=ADVANCED_FACE('',(#9981),#10363,.T.);
#10944=ADVANCED_FACE('',(#9982),#586,.T.);
#10945=ADVANCED_FACE('',(#9983),#587,.F.);
#10946=ADVANCED_FACE('',(#9984),#588,.F.);
#10947=ADVANCED_FACE('',(#9985),#589,.T.);
#10948=ADVANCED_FACE('',(#9986),#10364,.T.);
#10949=ADVANCED_FACE('',(#9987),#590,.T.);
#10950=ADVANCED_FACE('',(#9988),#10365,.T.);
#10951=ADVANCED_FACE('',(#9989),#591,.F.);
#10952=ADVANCED_FACE('',(#9990),#592,.F.);
#10953=ADVANCED_FACE('',(#9991),#593,.T.);
#10954=ADVANCED_FACE('',(#9992),#10366,.T.);
#10955=ADVANCED_FACE('',(#9993),#594,.T.);
#10956=ADVANCED_FACE('',(#9994),#10367,.T.);
#10957=ADVANCED_FACE('',(#9995),#10368,.T.);
#10958=ADVANCED_FACE('',(#9996),#10369,.T.);
#10959=ADVANCED_FACE('',(#9997),#10370,.F.);
#10960=ADVANCED_FACE('',(#9998),#171,.F.);
#10961=ADVANCED_FACE('',(#9999),#10371,.F.);
#10962=ADVANCED_FACE('',(#10000),#10372,.T.);
#10963=ADVANCED_FACE('',(#10001),#73,.T.);
#10964=ADVANCED_FACE('',(#10002),#10373,.T.);
#10965=ADVANCED_FACE('',(#10003),#172,.T.);
#10966=ADVANCED_FACE('',(#10004),#10374,.T.);
#10967=ADVANCED_FACE('',(#10005),#173,.T.);
#10968=ADVANCED_FACE('',(#10006),#74,.T.);
#10969=ADVANCED_FACE('',(#10007),#42,.T.);
#10970=ADVANCED_FACE('',(#10008),#10375,.T.);
#10971=ADVANCED_FACE('',(#10009),#174,.T.);
#10972=ADVANCED_FACE('',(#10010),#175,.T.);
#10973=ADVANCED_FACE('',(#10011),#176,.T.);
#10974=ADVANCED_FACE('',(#10012),#10376,.T.);
#10975=ADVANCED_FACE('',(#10013),#177,.T.);
#10976=ADVANCED_FACE('',(#10014),#10377,.T.);
#10977=ADVANCED_FACE('',(#10015),#178,.T.);
#10978=ADVANCED_FACE('',(#10016),#10378,.T.);
#10979=ADVANCED_FACE('',(#10017),#10379,.T.);
#10980=ADVANCED_FACE('',(#10018),#75,.T.);
#10981=ADVANCED_FACE('',(#10019),#10380,.T.);
#10982=ADVANCED_FACE('',(#10020),#179,.T.);
#10983=ADVANCED_FACE('',(#10021),#10381,.T.);
#10984=ADVANCED_FACE('',(#10022),#180,.T.);
#10985=ADVANCED_FACE('',(#10023),#76,.T.);
#10986=ADVANCED_FACE('',(#10024),#43,.T.);
#10987=ADVANCED_FACE('',(#10025),#10382,.T.);
#10988=ADVANCED_FACE('',(#10026),#181,.T.);
#10989=ADVANCED_FACE('',(#10027),#182,.T.);
#10990=ADVANCED_FACE('',(#10028),#183,.T.);
#10991=ADVANCED_FACE('',(#10029),#10383,.T.);
#10992=ADVANCED_FACE('',(#10030),#184,.T.);
#10993=ADVANCED_FACE('',(#10031),#10384,.T.);
#10994=ADVANCED_FACE('',(#10032),#185,.T.);
#10995=ADVANCED_FACE('',(#10033),#10385,.T.);
#10996=ADVANCED_FACE('',(#10034,#10035),#595,.F.);
#10997=ADVANCED_FACE('',(#10036,#10037,#10038,#10039),#596,.T.);
#10998=ADVANCED_FACE('',(#10040),#597,.F.);
#10999=ADVANCED_FACE('',(#10041),#598,.F.);
#11000=ADVANCED_FACE('',(#10042),#599,.F.);
#11001=ADVANCED_FACE('',(#10043),#10386,.T.);
#11002=ADVANCED_FACE('',(#10044),#10387,.T.);
#11003=ADVANCED_FACE('',(#10045),#600,.F.);
#11004=ADVANCED_FACE('',(#10046),#601,.T.);
#11005=ADVANCED_FACE('',(#10047),#602,.T.);
#11006=ADVANCED_FACE('',(#10048),#77,.T.);
#11007=ADVANCED_FACE('',(#10049),#10388,.T.);
#11008=ADVANCED_FACE('',(#10050),#186,.T.);
#11009=ADVANCED_FACE('',(#10051),#10389,.T.);
#11010=ADVANCED_FACE('',(#10052),#78,.T.);
#11011=ADVANCED_FACE('',(#10053),#187,.F.);
#11012=ADVANCED_FACE('',(#10054),#603,.T.);
#11013=ADVANCED_FACE('',(#10055),#10390,.F.);
#11014=ADVANCED_FACE('',(#10056),#10391,.T.);
#11015=ADVANCED_FACE('',(#10057),#188,.T.);
#11016=ADVANCED_FACE('',(#10058),#10392,.T.);
#11017=ADVANCED_FACE('',(#10059),#189,.T.);
#11018=ADVANCED_FACE('',(#10060),#604,.F.);
#11019=ADVANCED_FACE('',(#10061),#190,.T.);
#11020=ADVANCED_FACE('',(#10062),#10393,.T.);
#11021=ADVANCED_FACE('',(#10063),#10394,.F.);
#11022=ADVANCED_FACE('',(#10064),#30,.F.);
#11023=ADVANCED_FACE('',(#10065),#10395,.F.);
#11024=ADVANCED_FACE('',(#10066),#10396,.T.);
#11025=ADVANCED_FACE('',(#10067),#79,.T.);
#11026=ADVANCED_FACE('',(#10068),#10397,.T.);
#11027=ADVANCED_FACE('',(#10069),#191,.T.);
#11028=ADVANCED_FACE('',(#10070),#10398,.T.);
#11029=ADVANCED_FACE('',(#10071),#80,.T.);
#11030=ADVANCED_FACE('',(#10072),#10399,.T.);
#11031=ADVANCED_FACE('',(#10073),#10400,.F.);
#11032=ADVANCED_FACE('',(#10074),#31,.F.);
#11033=ADVANCED_FACE('',(#10075),#605,.F.);
#11034=ADVANCED_FACE('',(#10076),#10401,.F.);
#11035=ADVANCED_FACE('',(#10077),#10402,.F.);
#11036=ADVANCED_FACE('',(#10078),#10403,.T.);
#11037=ADVANCED_FACE('',(#10079),#192,.T.);
#11038=ADVANCED_FACE('',(#10080),#10404,.T.);
#11039=ADVANCED_FACE('',(#10081),#193,.T.);
#11040=ADVANCED_FACE('',(#10082),#606,.T.);
#11041=ADVANCED_FACE('',(#10083),#194,.F.);
#11042=ADVANCED_FACE('',(#10084),#10405,.F.);
#11043=ADVANCED_FACE('',(#10085),#10406,.F.);
#11044=ADVANCED_FACE('',(#10086),#607,.T.);
#11045=ADVANCED_FACE('',(#10087),#10407,.F.);
#11046=ADVANCED_FACE('',(#10088),#10408,.T.);
#11047=ADVANCED_FACE('',(#10089),#195,.T.);
#11048=ADVANCED_FACE('',(#10090),#10409,.T.);
#11049=ADVANCED_FACE('',(#10091),#196,.F.);
#11050=ADVANCED_FACE('',(#10092),#10410,.F.);
#11051=ADVANCED_FACE('',(#10093),#608,.T.);
#11052=ADVANCED_FACE('',(#10094),#10411,.F.);
#11053=ADVANCED_FACE('',(#10095),#609,.T.);
#11054=ADVANCED_FACE('',(#10096),#10412,.T.);
#11055=ADVANCED_FACE('',(#10097),#197,.T.);
#11056=ADVANCED_FACE('',(#10098),#10413,.T.);
#11057=ADVANCED_FACE('',(#10099),#610,.T.);
#11058=ADVANCED_FACE('',(#10100),#611,.T.);
#11059=ADVANCED_FACE('',(#10101),#612,.T.);
#11060=ADVANCED_FACE('',(#10102),#613,.T.);
#11061=ADVANCED_FACE('',(#10103),#614,.T.);
#11062=ADVANCED_FACE('',(#10104),#615,.T.);
#11063=ADVANCED_FACE('',(#10105),#616,.T.);
#11064=ADVANCED_FACE('',(#10106),#617,.F.);
#11065=ADVANCED_FACE('',(#10107),#618,.F.);
#11066=ADVANCED_FACE('',(#10108),#619,.T.);
#11067=ADVANCED_FACE('',(#10109),#10414,.T.);
#11068=ADVANCED_FACE('',(#10110),#32,.T.);
#11069=ADVANCED_FACE('',(#10111),#10415,.T.);
#11070=ADVANCED_FACE('',(#10112),#10416,.T.);
#11071=ADVANCED_FACE('',(#10113),#33,.T.);
#11072=ADVANCED_FACE('',(#10114),#620,.T.);
#11073=ADVANCED_FACE('',(#10115),#10417,.T.);
#11074=ADVANCED_FACE('',(#10116),#10418,.T.);
#11075=ADVANCED_FACE('',(#10117),#621,.F.);
#11076=ADVANCED_FACE('',(#10118),#622,.F.);
#11077=ADVANCED_FACE('',(#10119),#10419,.T.);
#11078=ADVANCED_FACE('',(#10120),#34,.T.);
#11079=ADVANCED_FACE('',(#10121),#10420,.T.);
#11080=ADVANCED_FACE('',(#10122),#10421,.T.);
#11081=ADVANCED_FACE('',(#10123),#35,.T.);
#11082=ADVANCED_FACE('',(#10124),#10422,.T.);
#11083=ADVANCED_FACE('',(#10125),#10423,.T.);
#11084=ADVANCED_FACE('',(#10126),#198,.T.);
#11085=ADVANCED_FACE('',(#10127),#10424,.T.);
#11086=ADVANCED_FACE('',(#10128),#10425,.T.);
#11087=ADVANCED_FACE('',(#10129),#199,.T.);
#11088=ADVANCED_FACE('',(#10130),#200,.T.);
#11089=ADVANCED_FACE('',(#10131),#10426,.T.);
#11090=ADVANCED_FACE('',(#10132),#10427,.T.);
#11091=ADVANCED_FACE('',(#10133),#201,.T.);
#11092=ADVANCED_FACE('',(#10134),#623,.T.);
#11093=ADVANCED_FACE('',(#10135),#624,.T.);
#11094=ADVANCED_FACE('',(#10136),#10428,.F.);
#11095=ADVANCED_FACE('',(#10137),#10429,.F.);
#11096=ADVANCED_FACE('',(#10138),#625,.T.);
#11097=ADVANCED_FACE('',(#10139),#10430,.F.);
#11098=ADVANCED_FACE('',(#10140),#10431,.F.);
#11099=ADVANCED_FACE('',(#10141),#626,.T.);
#11100=CLOSED_SHELL('',(#10432,#10433,#10434,#10435,#10436,#10437,#10438,
#10439,#10440,#10441,#10442,#10443,#10444,#10445,#10446,#10447,#10448,#10449,
#10450,#10451,#10452,#10453,#10454,#10455,#10456,#10457,#10458,#10459,#10460,
#10461,#10462,#10463,#10464,#10465,#10466,#10467,#10468,#10469,#10470,#10471,
#10472,#10473,#10474,#10475,#10476,#10477,#10478,#10479,#10480,#10481,#10482,
#10483,#10484,#10485,#10486,#10487,#10488,#10489,#10490,#10491,#10492,#10493,
#10494,#10495,#10496,#10497,#10498,#10499,#10500,#10501,#10502,#10503,#10504,
#10505,#10506,#10507,#10508,#10509,#10510,#10511,#10512,#10513,#10514,#10515,
#10516,#10517,#10518,#10519,#10520,#10521,#10522,#10523,#10524,#10525,#10526,
#10527,#10528,#10529,#10530,#10531,#10532,#10533,#10534,#10535,#10536,#10537,
#10538,#10539,#10540,#10541,#10542,#10543,#10544,#10545,#10546,#10547,#10548,
#10549,#10550,#10551,#10552,#10553,#10554,#10555,#10556,#10557,#10558,#10559,
#10560,#10561,#10562,#10563,#10564,#10565,#10566,#10567,#10568,#10569,#10570,
#10571,#10572,#10573,#10574,#10575,#10576,#10577,#10578,#10579,#10580,#10581,
#10582,#10583,#10584,#10585,#10586,#10587,#10588,#10589,#10590,#10591,#10592,
#10593,#10594,#10595,#10596,#10597,#10598,#10599,#10600,#10601,#10602,#10603,
#10604,#10605,#10606,#10607,#10608,#10609,#10610,#10611,#10612,#10613,#10614,
#10615,#10616,#10617,#10618,#10619,#10620,#10621,#10622,#10623,#10624,#10625,
#10626,#10627,#10628,#10629,#10630,#10631,#10632,#10633,#10634,#10635,#10636,
#10637,#10638,#10639,#10640,#10641,#10642,#10643,#10644,#10645,#10646,#10647,
#10648,#10649,#10650,#10651,#10652,#10653,#10654,#10655,#10656,#10657,#10658,
#10659,#10660,#10661,#10662,#10663,#10664,#10665,#10666,#10667,#10668,#10669,
#10670,#10671,#10672,#10673,#10674,#10675,#10676,#10677,#10678,#10679,#10680,
#10681,#10682,#10683,#10684,#10685,#10686,#10687,#10688,#10689,#10690,#10691,
#10692,#10693,#10694,#10695,#10696,#10697,#10698,#10699,#10700,#10701,#10702,
#10703,#10704,#10705,#10706,#10707,#10708,#10709,#10710,#10711,#10712,#10713,
#10714,#10715,#10716,#10717,#10718,#10719,#10720,#10721,#10722,#10723,#10724,
#10725,#10726,#10727,#10728,#10729,#10730,#10731,#10732,#10733,#10734,#10735,
#10736,#10737,#10738,#10739,#10740,#10741,#10742,#10743,#10744,#10745,#10746,
#10747,#10748,#10749,#10750,#10751,#10752,#10753,#10754,#10755,#10756,#10757,
#10758,#10759,#10760,#10761,#10762,#10763,#10764,#10765,#10766,#10767,#10768,
#10769,#10770,#10771,#10772,#10773,#10774,#10775,#10776,#10777,#10778,#10779,
#10780,#10781,#10782,#10783,#10784,#10785,#10786,#10787,#10788,#10789,#10790,
#10791,#10792,#10793,#10794,#10795,#10796,#10797,#10798,#10799,#10800,#10801,
#10802,#10803,#10804,#10805,#10806,#10807,#10808,#10809,#10810,#10811,#10812,
#10813,#10814,#10815,#10816,#10817,#10818,#10819,#10820,#10821,#10822,#10823,
#10824,#10825,#10826,#10827,#10828,#10829,#10830,#10831,#10832,#10833,#10834,
#10835,#10836,#10837,#10838,#10839,#10840,#10841,#10842,#10843,#10844,#10845,
#10846,#10847,#10848,#10849,#10850,#10851,#10852,#10853,#10854,#10855,#10856,
#10857,#10858,#10859,#10860,#10861,#10862,#10863,#10864,#10865,#10866,#10867,
#10868,#10869,#10870,#10871,#10872,#10873,#10874,#10875,#10876,#10877,#10878,
#10879,#10880,#10881,#10882,#10883,#10884,#10885,#10886,#10887,#10888,#10889,
#10890,#10891,#10892,#10893,#10894,#10895,#10896,#10897,#10898,#10899,#10900,
#10901,#10902,#10903,#10904,#10905,#10906,#10907,#10908,#10909,#10910,#10911,
#10912,#10913,#10914,#10915,#10916,#10917,#10918,#10919,#10920,#10921,#10922,
#10923,#10924,#10925,#10926,#10927,#10928,#10929,#10930,#10931,#10932,#10933,
#10934,#10935,#10936,#10937,#10938,#10939,#10940,#10941,#10942,#10943,#10944,
#10945,#10946,#10947,#10948,#10949,#10950,#10951,#10952,#10953,#10954,#10955,
#10956,#10957,#10958,#10959,#10960,#10961,#10962,#10963,#10964,#10965,#10966,
#10967,#10968,#10969,#10970,#10971,#10972,#10973,#10974,#10975,#10976,#10977,
#10978,#10979,#10980,#10981,#10982,#10983,#10984,#10985,#10986,#10987,#10988,
#10989,#10990,#10991,#10992,#10993,#10994,#10995,#10996,#10997,#10998,#10999,
#11000,#11001,#11002,#11003,#11004,#11005,#11006,#11007,#11008,#11009,#11010,
#11011,#11012,#11013,#11014,#11015,#11016,#11017,#11018,#11019,#11020,#11021,
#11022,#11023,#11024,#11025,#11026,#11027,#11028,#11029,#11030,#11031,#11032,
#11033,#11034,#11035,#11036,#11037,#11038,#11039,#11040,#11041,#11042,#11043,
#11044,#11045,#11046,#11047,#11048,#11049,#11050,#11051,#11052,#11053,#11054,
#11055,#11056,#11057,#11058,#11059,#11060,#11061,#11062,#11063,#11064,#11065,
#11066,#11067,#11068,#11069,#11070,#11071,#11072,#11073,#11074,#11075,#11076,
#11077,#11078,#11079,#11080,#11081,#11082,#11083,#11084,#11085,#11086,#11087,
#11088,#11089,#11090,#11091,#11092,#11093,#11094,#11095,#11096,#11097,#11098,
#11099));
#11101=STYLED_ITEM('',(#11102),#11109);
#11102=PRESENTATION_STYLE_ASSIGNMENT((#11103));
#11103=SURFACE_STYLE_USAGE(.BOTH.,#11104);
#11104=SURFACE_SIDE_STYLE('',(#11105));
#11105=SURFACE_STYLE_FILL_AREA(#11106);
#11106=FILL_AREA_STYLE('',(#11107));
#11107=FILL_AREA_STYLE_COLOUR('',#11108);
#11108=COLOUR_RGB('',0.796078431372549,0.823529411764706,0.937254901960784);
#11109=MANIFOLD_SOLID_BREP('Part 2',#11100);
#11110=SHAPE_DEFINITION_REPRESENTATION(#20041,#11111);
#11111=SHAPE_REPRESENTATION('Part 2',(#11112),#20036);
#11112=AXIS2_PLACEMENT_3D('',#15765,#12383,#12384);
#11113=AXIS2_PLACEMENT_3D('',#15766,#12385,#12386);
#11114=AXIS2_PLACEMENT_3D('',#15767,#12387,#12388);
#11115=AXIS2_PLACEMENT_3D('',#15772,#12390,#12391);
#11116=AXIS2_PLACEMENT_3D('',#15775,#12393,#12394);
#11117=AXIS2_PLACEMENT_3D('',#15776,#12395,#12396);
#11118=AXIS2_PLACEMENT_3D('',#15781,#12398,#12399);
#11119=AXIS2_PLACEMENT_3D('',#15784,#12401,#12402);
#11120=AXIS2_PLACEMENT_3D('',#15788,#12404,#12405);
#11121=AXIS2_PLACEMENT_3D('',#15792,#12407,#12408);
#11122=AXIS2_PLACEMENT_3D('',#15793,#12409,#12410);
#11123=AXIS2_PLACEMENT_3D('',#15794,#12411,#12412);
#11124=AXIS2_PLACEMENT_3D('',#15809,#12417,#12418);
#11125=AXIS2_PLACEMENT_3D('',#15832,#12420,#12421);
#11126=AXIS2_PLACEMENT_3D('',#15848,#12425,#12426);
#11127=AXIS2_PLACEMENT_3D('',#15860,#12428,#12429);
#11128=AXIS2_PLACEMENT_3D('',#15864,#12431,#12432);
#11129=AXIS2_PLACEMENT_3D('',#15865,#12433,#12434);
#11130=AXIS2_PLACEMENT_3D('',#15869,#12436,#12437);
#11131=AXIS2_PLACEMENT_3D('',#15875,#12440,#12441);
#11132=AXIS2_PLACEMENT_3D('',#15881,#12444,#12445);
#11133=AXIS2_PLACEMENT_3D('',#15882,#12446,#12447);
#11134=AXIS2_PLACEMENT_3D('',#15888,#12450,#12451);
#11135=AXIS2_PLACEMENT_3D('',#15892,#12453,#12454);
#11136=AXIS2_PLACEMENT_3D('',#15900,#12458,#12459);
#11137=AXIS2_PLACEMENT_3D('',#15903,#12461,#12462);
#11138=AXIS2_PLACEMENT_3D('',#15904,#12463,#12464);
#11139=AXIS2_PLACEMENT_3D('',#15913,#12468,#12469);
#11140=AXIS2_PLACEMENT_3D('',#15921,#12473,#12474);
#11141=AXIS2_PLACEMENT_3D('',#15924,#12476,#12477);
#11142=AXIS2_PLACEMENT_3D('',#15933,#12482,#12483);
#11143=AXIS2_PLACEMENT_3D('',#15937,#12485,#12486);
#11144=AXIS2_PLACEMENT_3D('',#15938,#12487,#12488);
#11145=AXIS2_PLACEMENT_3D('',#15939,#12489,#12490);
#11146=AXIS2_PLACEMENT_3D('',#15945,#12494,#12495);
#11147=AXIS2_PLACEMENT_3D('',#15946,#12496,#12497);
#11148=AXIS2_PLACEMENT_3D('',#15947,#12498,#12499);
#11149=AXIS2_PLACEMENT_3D('',#15948,#12500,#12501);
#11150=AXIS2_PLACEMENT_3D('',#15954,#12505,#12506);
#11151=AXIS2_PLACEMENT_3D('',#15960,#12510,#12511);
#11152=AXIS2_PLACEMENT_3D('',#15974,#12516,#12517);
#11153=AXIS2_PLACEMENT_3D('',#15986,#12518,#12519);
#11154=AXIS2_PLACEMENT_3D('',#15987,#12520,#12521);
#11155=AXIS2_PLACEMENT_3D('',#16001,#12526,#12527);
#11156=AXIS2_PLACEMENT_3D('',#16013,#12528,#12529);
#11157=AXIS2_PLACEMENT_3D('',#16014,#12530,#12531);
#11158=AXIS2_PLACEMENT_3D('',#16015,#12532,#12533);
#11159=AXIS2_PLACEMENT_3D('',#16021,#12534,#12535);
#11160=AXIS2_PLACEMENT_3D('',#16022,#12536,#12537);
#11161=AXIS2_PLACEMENT_3D('',#16032,#12538,#12539);
#11162=AXIS2_PLACEMENT_3D('',#16033,#12540,#12541);
#11163=AXIS2_PLACEMENT_3D('',#16034,#12542,#12543);
#11164=AXIS2_PLACEMENT_3D('',#16035,#12544,#12545);
#11165=AXIS2_PLACEMENT_3D('',#16036,#12546,#12547);
#11166=AXIS2_PLACEMENT_3D('',#16037,#12548,#12549);
#11167=AXIS2_PLACEMENT_3D('',#16038,#12550,#12551);
#11168=AXIS2_PLACEMENT_3D('',#16039,#12552,#12553);
#11169=AXIS2_PLACEMENT_3D('',#16040,#12554,#12555);
#11170=AXIS2_PLACEMENT_3D('',#16041,#12556,#12557);
#11171=AXIS2_PLACEMENT_3D('',#16042,#12558,#12559);
#11172=AXIS2_PLACEMENT_3D('',#16055,#12560,#12561);
#11173=AXIS2_PLACEMENT_3D('',#16056,#12562,#12563);
#11174=AXIS2_PLACEMENT_3D('',#16057,#12564,#12565);
#11175=AXIS2_PLACEMENT_3D('',#16058,#12566,#12567);
#11176=AXIS2_PLACEMENT_3D('',#16059,#12568,#12569);
#11177=AXIS2_PLACEMENT_3D('',#16060,#12570,#12571);
#11178=AXIS2_PLACEMENT_3D('',#16061,#12572,#12573);
#11179=AXIS2_PLACEMENT_3D('',#16062,#12574,#12575);
#11180=AXIS2_PLACEMENT_3D('',#16063,#12576,#12577);
#11181=AXIS2_PLACEMENT_3D('',#16083,#12578,#12579);
#11182=AXIS2_PLACEMENT_3D('',#16088,#12580,#12581);
#11183=AXIS2_PLACEMENT_3D('',#16093,#12582,#12583);
#11184=AXIS2_PLACEMENT_3D('',#16098,#12584,#12585);
#11185=AXIS2_PLACEMENT_3D('',#16115,#12586,#12587);
#11186=AXIS2_PLACEMENT_3D('',#16116,#12588,#12589);
#11187=AXIS2_PLACEMENT_3D('',#16117,#12590,#12591);
#11188=AXIS2_PLACEMENT_3D('',#16118,#12592,#12593);
#11189=AXIS2_PLACEMENT_3D('',#16119,#12594,#12595);
#11190=AXIS2_PLACEMENT_3D('',#16120,#12596,#12597);
#11191=AXIS2_PLACEMENT_3D('',#16121,#12598,#12599);
#11192=AXIS2_PLACEMENT_3D('',#16122,#12600,#12601);
#11193=AXIS2_PLACEMENT_3D('',#16123,#12602,#12603);
#11194=AXIS2_PLACEMENT_3D('',#16124,#12604,#12605);
#11195=AXIS2_PLACEMENT_3D('',#16125,#12606,#12607);
#11196=AXIS2_PLACEMENT_3D('',#16126,#12608,#12609);
#11197=AXIS2_PLACEMENT_3D('',#16127,#12610,#12611);
#11198=AXIS2_PLACEMENT_3D('',#16128,#12612,#12613);
#11199=AXIS2_PLACEMENT_3D('',#16141,#12614,#12615);
#11200=AXIS2_PLACEMENT_3D('',#16142,#12616,#12617);
#11201=AXIS2_PLACEMENT_3D('',#16143,#12618,#12619);
#11202=AXIS2_PLACEMENT_3D('',#16144,#12620,#12621);
#11203=AXIS2_PLACEMENT_3D('',#16145,#12622,#12623);
#11204=AXIS2_PLACEMENT_3D('',#16146,#12624,#12625);
#11205=AXIS2_PLACEMENT_3D('',#16147,#12626,#12627);
#11206=AXIS2_PLACEMENT_3D('',#16148,#12628,#12629);
#11207=AXIS2_PLACEMENT_3D('',#16149,#12630,#12631);
#11208=AXIS2_PLACEMENT_3D('',#16169,#12632,#12633);
#11209=AXIS2_PLACEMENT_3D('',#16174,#12634,#12635);
#11210=AXIS2_PLACEMENT_3D('',#16179,#12636,#12637);
#11211=AXIS2_PLACEMENT_3D('',#16184,#12638,#12639);
#11212=AXIS2_PLACEMENT_3D('',#16189,#12640,#12641);
#11213=AXIS2_PLACEMENT_3D('',#16194,#12642,#12643);
#11214=AXIS2_PLACEMENT_3D('',#16195,#12644,#12645);
#11215=AXIS2_PLACEMENT_3D('',#16196,#12646,#12647);
#11216=AXIS2_PLACEMENT_3D('',#16197,#12648,#12649);
#11217=AXIS2_PLACEMENT_3D('',#16198,#12650,#12651);
#11218=AXIS2_PLACEMENT_3D('',#16199,#12652,#12653);
#11219=AXIS2_PLACEMENT_3D('',#16200,#12654,#12655);
#11220=AXIS2_PLACEMENT_3D('',#16201,#12656,#12657);
#11221=AXIS2_PLACEMENT_3D('',#16202,#12658,#12659);
#11222=AXIS2_PLACEMENT_3D('',#16203,#12660,#12661);
#11223=AXIS2_PLACEMENT_3D('',#16204,#12662,#12663);
#11224=AXIS2_PLACEMENT_3D('',#16208,#12665,#12666);
#11225=AXIS2_PLACEMENT_3D('',#16212,#12668,#12669);
#11226=AXIS2_PLACEMENT_3D('',#16216,#12671,#12672);
#11227=AXIS2_PLACEMENT_3D('',#16220,#12674,#12675);
#11228=AXIS2_PLACEMENT_3D('',#16221,#12676,#12677);
#11229=AXIS2_PLACEMENT_3D('',#16222,#12678,#12679);
#11230=AXIS2_PLACEMENT_3D('',#16235,#12685,#12686);
#11231=AXIS2_PLACEMENT_3D('',#16239,#12688,#12689);
#11232=AXIS2_PLACEMENT_3D('',#16243,#12691,#12692);
#11233=AXIS2_PLACEMENT_3D('',#16247,#12694,#12695);
#11234=AXIS2_PLACEMENT_3D('',#16251,#12697,#12698);
#11235=AXIS2_PLACEMENT_3D('',#16259,#12702,#12703);
#11236=AXIS2_PLACEMENT_3D('',#16266,#12707,#12708);
#11237=AXIS2_PLACEMENT_3D('',#16276,#12713,#12714);
#11238=AXIS2_PLACEMENT_3D('',#16277,#12715,#12716);
#11239=AXIS2_PLACEMENT_3D('',#16285,#12720,#12721);
#11240=AXIS2_PLACEMENT_3D('',#16303,#12731,#12732);
#11241=AXIS2_PLACEMENT_3D('',#16321,#12742,#12743);
#11242=AXIS2_PLACEMENT_3D('',#16325,#12745,#12746);
#11243=AXIS2_PLACEMENT_3D('',#16329,#12748,#12749);
#11244=AXIS2_PLACEMENT_3D('',#16330,#12750,#12751);
#11245=AXIS2_PLACEMENT_3D('',#16334,#12753,#12754);
#11246=AXIS2_PLACEMENT_3D('',#16338,#12756,#12757);
#11247=AXIS2_PLACEMENT_3D('',#16339,#12758,#12759);
#11248=AXIS2_PLACEMENT_3D('',#16343,#12762,#12763);
#11249=AXIS2_PLACEMENT_3D('',#16347,#12765,#12766);
#11250=AXIS2_PLACEMENT_3D('',#16359,#12772,#12773);
#11251=AXIS2_PLACEMENT_3D('',#16363,#12775,#12776);
#11252=AXIS2_PLACEMENT_3D('',#16375,#12782,#12783);
#11253=AXIS2_PLACEMENT_3D('',#16379,#12785,#12786);
#11254=AXIS2_PLACEMENT_3D('',#16388,#12791,#12792);
#11255=AXIS2_PLACEMENT_3D('',#16392,#12794,#12795);
#11256=AXIS2_PLACEMENT_3D('',#16395,#12797,#12798);
#11257=AXIS2_PLACEMENT_3D('',#16398,#12800,#12801);
#11258=AXIS2_PLACEMENT_3D('',#16402,#12803,#12804);
#11259=AXIS2_PLACEMENT_3D('',#16414,#12810,#12811);
#11260=AXIS2_PLACEMENT_3D('',#16418,#12813,#12814);
#11261=AXIS2_PLACEMENT_3D('',#16430,#12820,#12821);
#11262=AXIS2_PLACEMENT_3D('',#16434,#12823,#12824);
#11263=AXIS2_PLACEMENT_3D('',#16443,#12829,#12830);
#11264=AXIS2_PLACEMENT_3D('',#16447,#12832,#12833);
#11265=AXIS2_PLACEMENT_3D('',#16451,#12836,#12837);
#11266=AXIS2_PLACEMENT_3D('',#16452,#12838,#12839);
#11267=AXIS2_PLACEMENT_3D('',#16460,#12844,#12845);
#11268=AXIS2_PLACEMENT_3D('',#16461,#12846,#12847);
#11269=AXIS2_PLACEMENT_3D('',#16464,#12850,#12851);
#11270=AXIS2_PLACEMENT_3D('',#16465,#12852,#12853);
#11271=AXIS2_PLACEMENT_3D('',#16482,#12855,#12856);
#11272=AXIS2_PLACEMENT_3D('',#16484,#12857,#12858);
#11273=AXIS2_PLACEMENT_3D('',#16486,#12859,#12860);
#11274=AXIS2_PLACEMENT_3D('',#16487,#12861,#12862);
#11275=AXIS2_PLACEMENT_3D('',#16488,#12863,#12864);
#11276=AXIS2_PLACEMENT_3D('',#16491,#12866,#12867);
#11277=AXIS2_PLACEMENT_3D('',#16492,#12868,#12869);
#11278=AXIS2_PLACEMENT_3D('',#16494,#12870,#12871);
#11279=AXIS2_PLACEMENT_3D('',#16495,#12872,#12873);
#11280=AXIS2_PLACEMENT_3D('',#16496,#12874,#12875);
#11281=AXIS2_PLACEMENT_3D('',#16514,#12877,#12878);
#11282=AXIS2_PLACEMENT_3D('',#16516,#12879,#12880);
#11283=AXIS2_PLACEMENT_3D('',#16517,#12881,#12882);
#11284=AXIS2_PLACEMENT_3D('',#16533,#12883,#12884);
#11285=AXIS2_PLACEMENT_3D('',#16546,#12889,#12890);
#11286=AXIS2_PLACEMENT_3D('',#16547,#12891,#12892);
#11287=AXIS2_PLACEMENT_3D('',#16551,#12894,#12895);
#11288=AXIS2_PLACEMENT_3D('',#16552,#12896,#12897);
#11289=AXIS2_PLACEMENT_3D('',#16553,#12898,#12899);
#11290=AXIS2_PLACEMENT_3D('',#16556,#12901,#12902);
#11291=AXIS2_PLACEMENT_3D('',#16557,#12903,#12904);
#11292=AXIS2_PLACEMENT_3D('',#16558,#12905,#12906);
#11293=AXIS2_PLACEMENT_3D('',#16560,#12907,#12908);
#11294=AXIS2_PLACEMENT_3D('',#16561,#12909,#12910);
#11295=AXIS2_PLACEMENT_3D('',#16562,#12911,#12912);
#11296=AXIS2_PLACEMENT_3D('',#16565,#12914,#12915);
#11297=AXIS2_PLACEMENT_3D('',#16566,#12916,#12917);
#11298=AXIS2_PLACEMENT_3D('',#16568,#12918,#12919);
#11299=AXIS2_PLACEMENT_3D('',#16569,#12920,#12921);
#11300=AXIS2_PLACEMENT_3D('',#16577,#12926,#12927);
#11301=AXIS2_PLACEMENT_3D('',#16578,#12928,#12929);
#11302=AXIS2_PLACEMENT_3D('',#16579,#12930,#12931);
#11303=AXIS2_PLACEMENT_3D('',#16581,#12932,#12933);
#11304=AXIS2_PLACEMENT_3D('',#16582,#12934,#12935);
#11305=AXIS2_PLACEMENT_3D('',#16583,#12936,#12937);
#11306=AXIS2_PLACEMENT_3D('',#16586,#12939,#12940);
#11307=AXIS2_PLACEMENT_3D('',#16587,#12941,#12942);
#11308=AXIS2_PLACEMENT_3D('',#16588,#12943,#12944);
#11309=AXIS2_PLACEMENT_3D('',#16590,#12945,#12946);
#11310=AXIS2_PLACEMENT_3D('',#16591,#12947,#12948);
#11311=AXIS2_PLACEMENT_3D('',#16594,#12951,#12952);
#11312=AXIS2_PLACEMENT_3D('',#16595,#12953,#12954);
#11313=AXIS2_PLACEMENT_3D('',#16613,#12956,#12957);
#11314=AXIS2_PLACEMENT_3D('',#16615,#12958,#12959);
#11315=AXIS2_PLACEMENT_3D('',#16616,#12960,#12961);
#11316=AXIS2_PLACEMENT_3D('',#16617,#12962,#12963);
#11317=AXIS2_PLACEMENT_3D('',#16620,#12965,#12966);
#11318=AXIS2_PLACEMENT_3D('',#16621,#12967,#12968);
#11319=AXIS2_PLACEMENT_3D('',#16623,#12969,#12970);
#11320=AXIS2_PLACEMENT_3D('',#16624,#12971,#12972);
#11321=AXIS2_PLACEMENT_3D('',#16625,#12973,#12974);
#11322=AXIS2_PLACEMENT_3D('',#16643,#12976,#12977);
#11323=AXIS2_PLACEMENT_3D('',#16645,#12978,#12979);
#11324=AXIS2_PLACEMENT_3D('',#16646,#12980,#12981);
#11325=AXIS2_PLACEMENT_3D('',#16648,#12983,#12984);
#11326=AXIS2_PLACEMENT_3D('',#16653,#12987,#12988);
#11327=AXIS2_PLACEMENT_3D('',#16654,#12989,#12990);
#11328=AXIS2_PLACEMENT_3D('',#16655,#12991,#12992);
#11329=AXIS2_PLACEMENT_3D('',#16656,#12993,#12994);
#11330=AXIS2_PLACEMENT_3D('',#16657,#12995,#12996);
#11331=AXIS2_PLACEMENT_3D('',#16659,#12998,#12999);
#11332=AXIS2_PLACEMENT_3D('',#16660,#13000,#13001);
#11333=AXIS2_PLACEMENT_3D('',#16662,#13003,#13004);
#11334=AXIS2_PLACEMENT_3D('',#16663,#13005,#13006);
#11335=AXIS2_PLACEMENT_3D('',#16666,#13008,#13009);
#11336=AXIS2_PLACEMENT_3D('',#16667,#13010,#13011);
#11337=AXIS2_PLACEMENT_3D('',#16668,#13012,#13013);
#11338=AXIS2_PLACEMENT_3D('',#16669,#13014,#13015);
#11339=AXIS2_PLACEMENT_3D('',#16670,#13016,#13017);
#11340=AXIS2_PLACEMENT_3D('',#16671,#13018,#13019);
#11341=AXIS2_PLACEMENT_3D('',#16672,#13020,#13021);
#11342=AXIS2_PLACEMENT_3D('',#16681,#13024,#13025);
#11343=AXIS2_PLACEMENT_3D('',#16696,#13026,#13027);
#11344=AXIS2_PLACEMENT_3D('',#16706,#13028,#13029);
#11345=AXIS2_PLACEMENT_3D('',#16708,#13031,#13032);
#11346=AXIS2_PLACEMENT_3D('',#16710,#13034,#13035);
#11347=AXIS2_PLACEMENT_3D('',#16712,#13037,#13038);
#11348=AXIS2_PLACEMENT_3D('',#16713,#13039,#13040);
#11349=AXIS2_PLACEMENT_3D('',#16716,#13042,#13043);
#11350=AXIS2_PLACEMENT_3D('',#16717,#13044,#13045);
#11351=AXIS2_PLACEMENT_3D('',#16719,#13046,#13047);
#11352=AXIS2_PLACEMENT_3D('',#16720,#13048,#13049);
#11353=AXIS2_PLACEMENT_3D('',#16727,#13051,#13052);
#11354=AXIS2_PLACEMENT_3D('',#16732,#13053,#13054);
#11355=AXIS2_PLACEMENT_3D('',#16734,#13056,#13057);
#11356=AXIS2_PLACEMENT_3D('',#16736,#13059,#13060);
#11357=AXIS2_PLACEMENT_3D('',#16738,#13062,#13063);
#11358=AXIS2_PLACEMENT_3D('',#16739,#13064,#13065);
#11359=AXIS2_PLACEMENT_3D('',#16740,#13066,#13067);
#11360=AXIS2_PLACEMENT_3D('',#16741,#13068,#13069);
#11361=AXIS2_PLACEMENT_3D('',#16742,#13070,#13071);
#11362=AXIS2_PLACEMENT_3D('',#16743,#13072,#13073);
#11363=AXIS2_PLACEMENT_3D('',#16744,#13074,#13075);
#11364=AXIS2_PLACEMENT_3D('',#16745,#13076,#13077);
#11365=AXIS2_PLACEMENT_3D('',#16746,#13078,#13079);
#11366=AXIS2_PLACEMENT_3D('',#16747,#13080,#13081);
#11367=AXIS2_PLACEMENT_3D('',#16752,#13084,#13085);
#11368=AXIS2_PLACEMENT_3D('',#16757,#13088,#13089);
#11369=AXIS2_PLACEMENT_3D('',#16760,#13091,#13092);
#11370=AXIS2_PLACEMENT_3D('',#16767,#13097,#13098);
#11371=AXIS2_PLACEMENT_3D('',#16772,#13102,#13103);
#11372=AXIS2_PLACEMENT_3D('',#16776,#13106,#13107);
#11373=AXIS2_PLACEMENT_3D('',#16781,#13110,#13111);
#11374=AXIS2_PLACEMENT_3D('',#16784,#13113,#13114);
#11375=AXIS2_PLACEMENT_3D('',#16787,#13116,#13117);
#11376=AXIS2_PLACEMENT_3D('',#16790,#13119,#13120);
#11377=AXIS2_PLACEMENT_3D('',#16792,#13122,#13123);
#11378=AXIS2_PLACEMENT_3D('',#16794,#13125,#13126);
#11379=AXIS2_PLACEMENT_3D('',#16800,#13130,#13131);
#11380=AXIS2_PLACEMENT_3D('',#16803,#13133,#13134);
#11381=AXIS2_PLACEMENT_3D('',#16804,#13135,#13136);
#11382=AXIS2_PLACEMENT_3D('',#16805,#13137,#13138);
#11383=AXIS2_PLACEMENT_3D('',#16807,#13139,#13140);
#11384=AXIS2_PLACEMENT_3D('',#16808,#13141,#13142);
#11385=AXIS2_PLACEMENT_3D('',#16811,#13145,#13146);
#11386=AXIS2_PLACEMENT_3D('',#16814,#13148,#13149);
#11387=AXIS2_PLACEMENT_3D('',#16817,#13151,#13152);
#11388=AXIS2_PLACEMENT_3D('',#16818,#13153,#13154);
#11389=AXIS2_PLACEMENT_3D('',#16819,#13155,#13156);
#11390=AXIS2_PLACEMENT_3D('',#16820,#13157,#13158);
#11391=AXIS2_PLACEMENT_3D('',#16822,#13160,#13161);
#11392=AXIS2_PLACEMENT_3D('',#16823,#13162,#13163);
#11393=AXIS2_PLACEMENT_3D('',#16825,#13165,#13166);
#11394=AXIS2_PLACEMENT_3D('',#16826,#13167,#13168);
#11395=AXIS2_PLACEMENT_3D('',#16827,#13169,#13170);
#11396=AXIS2_PLACEMENT_3D('',#16828,#13171,#13172);
#11397=AXIS2_PLACEMENT_3D('',#16829,#13173,#13174);
#11398=AXIS2_PLACEMENT_3D('',#16830,#13175,#13176);
#11399=AXIS2_PLACEMENT_3D('',#16831,#13177,#13178);
#11400=AXIS2_PLACEMENT_3D('',#16832,#13179,#13180);
#11401=AXIS2_PLACEMENT_3D('',#16833,#13181,#13182);
#11402=AXIS2_PLACEMENT_3D('',#16834,#13183,#13184);
#11403=AXIS2_PLACEMENT_3D('',#16835,#13185,#13186);
#11404=AXIS2_PLACEMENT_3D('',#16836,#13187,#13188);
#11405=AXIS2_PLACEMENT_3D('',#16837,#13189,#13190);
#11406=AXIS2_PLACEMENT_3D('',#16838,#13191,#13192);
#11407=AXIS2_PLACEMENT_3D('',#16839,#13193,#13194);
#11408=AXIS2_PLACEMENT_3D('',#16840,#13195,#13196);
#11409=AXIS2_PLACEMENT_3D('',#16841,#13197,#13198);
#11410=AXIS2_PLACEMENT_3D('',#16842,#13199,#13200);
#11411=AXIS2_PLACEMENT_3D('',#16843,#13201,#13202);
#11412=AXIS2_PLACEMENT_3D('',#16844,#13203,#13204);
#11413=AXIS2_PLACEMENT_3D('',#16845,#13205,#13206);
#11414=AXIS2_PLACEMENT_3D('',#16846,#13207,#13208);
#11415=AXIS2_PLACEMENT_3D('',#16847,#13209,#13210);
#11416=AXIS2_PLACEMENT_3D('',#16848,#13211,#13212);
#11417=AXIS2_PLACEMENT_3D('',#16849,#13213,#13214);
#11418=AXIS2_PLACEMENT_3D('',#16850,#13215,#13216);
#11419=AXIS2_PLACEMENT_3D('',#16851,#13217,#13218);
#11420=AXIS2_PLACEMENT_3D('',#16852,#13219,#13220);
#11421=AXIS2_PLACEMENT_3D('',#16853,#13221,#13222);
#11422=AXIS2_PLACEMENT_3D('',#16854,#13223,#13224);
#11423=AXIS2_PLACEMENT_3D('',#16855,#13225,#13226);
#11424=AXIS2_PLACEMENT_3D('',#16856,#13227,#13228);
#11425=AXIS2_PLACEMENT_3D('',#16857,#13229,#13230);
#11426=AXIS2_PLACEMENT_3D('',#16860,#13232,#13233);
#11427=AXIS2_PLACEMENT_3D('',#16864,#13235,#13236);
#11428=AXIS2_PLACEMENT_3D('',#16872,#13240,#13241);
#11429=AXIS2_PLACEMENT_3D('',#16876,#13243,#13244);
#11430=AXIS2_PLACEMENT_3D('',#16879,#13246,#13247);
#11431=AXIS2_PLACEMENT_3D('',#16882,#13249,#13250);
#11432=AXIS2_PLACEMENT_3D('',#16886,#13252,#13253);
#11433=AXIS2_PLACEMENT_3D('',#16894,#13257,#13258);
#11434=AXIS2_PLACEMENT_3D('',#16898,#13260,#13261);
#11435=AXIS2_PLACEMENT_3D('',#16901,#13263,#13264);
#11436=AXIS2_PLACEMENT_3D('',#16903,#13266,#13267);
#11437=AXIS2_PLACEMENT_3D('',#16905,#13269,#13270);
#11438=AXIS2_PLACEMENT_3D('',#16907,#13272,#13273);
#11439=AXIS2_PLACEMENT_3D('',#16909,#13275,#13276);
#11440=AXIS2_PLACEMENT_3D('',#16910,#13277,#13278);
#11441=AXIS2_PLACEMENT_3D('',#16914,#13281,#13282);
#11442=AXIS2_PLACEMENT_3D('',#16917,#13284,#13285);
#11443=AXIS2_PLACEMENT_3D('',#16919,#13287,#13288);
#11444=AXIS2_PLACEMENT_3D('',#16921,#13290,#13291);
#11445=AXIS2_PLACEMENT_3D('',#16923,#13293,#13294);
#11446=AXIS2_PLACEMENT_3D('',#16925,#13296,#13297);
#11447=AXIS2_PLACEMENT_3D('',#16926,#13298,#13299);
#11448=AXIS2_PLACEMENT_3D('',#16928,#13301,#13302);
#11449=AXIS2_PLACEMENT_3D('',#16929,#13303,#13304);
#11450=AXIS2_PLACEMENT_3D('',#16932,#13306,#13307);
#11451=AXIS2_PLACEMENT_3D('',#16933,#13308,#13309);
#11452=AXIS2_PLACEMENT_3D('',#16941,#13313,#13314);
#11453=AXIS2_PLACEMENT_3D('',#16945,#13316,#13317);
#11454=AXIS2_PLACEMENT_3D('',#16953,#13321,#13322);
#11455=AXIS2_PLACEMENT_3D('',#16957,#13324,#13325);
#11456=AXIS2_PLACEMENT_3D('',#16958,#13326,#13327);
#11457=AXIS2_PLACEMENT_3D('',#16959,#13328,#13329);
#11458=AXIS2_PLACEMENT_3D('',#16966,#13333,#13334);
#11459=AXIS2_PLACEMENT_3D('',#16969,#13336,#13337);
#11460=AXIS2_PLACEMENT_3D('',#16974,#13340,#13341);
#11461=AXIS2_PLACEMENT_3D('',#16975,#13342,#13343);
#11462=AXIS2_PLACEMENT_3D('',#16982,#13347,#13348);
#11463=AXIS2_PLACEMENT_3D('',#16985,#13350,#13351);
#11464=AXIS2_PLACEMENT_3D('',#16990,#13354,#13355);
#11465=AXIS2_PLACEMENT_3D('',#16991,#13356,#13357);
#11466=AXIS2_PLACEMENT_3D('',#16994,#13359,#13360);
#11467=AXIS2_PLACEMENT_3D('',#16995,#13361,#13362);
#11468=AXIS2_PLACEMENT_3D('',#16998,#13364,#13365);
#11469=AXIS2_PLACEMENT_3D('',#17002,#13368,#13369);
#11470=AXIS2_PLACEMENT_3D('',#17003,#13370,#13371);
#11471=AXIS2_PLACEMENT_3D('',#17004,#13372,#13373);
#11472=AXIS2_PLACEMENT_3D('',#17005,#13374,#13375);
#11473=AXIS2_PLACEMENT_3D('',#17008,#13377,#13378);
#11474=AXIS2_PLACEMENT_3D('',#17010,#13380,#13381);
#11475=AXIS2_PLACEMENT_3D('',#17019,#13386,#13387);
#11476=AXIS2_PLACEMENT_3D('',#17023,#13389,#13390);
#11477=AXIS2_PLACEMENT_3D('',#17040,#13399,#13400);
#11478=AXIS2_PLACEMENT_3D('',#17044,#13402,#13403);
#11479=AXIS2_PLACEMENT_3D('',#17053,#13408,#13409);
#11480=AXIS2_PLACEMENT_3D('',#17056,#13411,#13412);
#11481=AXIS2_PLACEMENT_3D('',#17057,#13413,#13414);
#11482=AXIS2_PLACEMENT_3D('',#17061,#13416,#13417);
#11483=AXIS2_PLACEMENT_3D('',#17065,#13419,#13420);
#11484=AXIS2_PLACEMENT_3D('',#17066,#13421,#13422);
#11485=AXIS2_PLACEMENT_3D('',#17067,#13423,#13424);
#11486=AXIS2_PLACEMENT_3D('',#17082,#13429,#13430);
#11487=AXIS2_PLACEMENT_3D('',#17105,#13432,#13433);
#11488=AXIS2_PLACEMENT_3D('',#17121,#13437,#13438);
#11489=AXIS2_PLACEMENT_3D('',#17133,#13440,#13441);
#11490=AXIS2_PLACEMENT_3D('',#17137,#13443,#13444);
#11491=AXIS2_PLACEMENT_3D('',#17143,#13447,#13448);
#11492=AXIS2_PLACEMENT_3D('',#17149,#13451,#13452);
#11493=AXIS2_PLACEMENT_3D('',#17153,#13454,#13455);
#11494=AXIS2_PLACEMENT_3D('',#17154,#13456,#13457);
#11495=AXIS2_PLACEMENT_3D('',#17155,#13458,#13459);
#11496=AXIS2_PLACEMENT_3D('',#17161,#13462,#13463);
#11497=AXIS2_PLACEMENT_3D('',#17169,#13467,#13468);
#11498=AXIS2_PLACEMENT_3D('',#17173,#13470,#13471);
#11499=AXIS2_PLACEMENT_3D('',#17176,#13473,#13474);
#11500=AXIS2_PLACEMENT_3D('',#17177,#13475,#13476);
#11501=AXIS2_PLACEMENT_3D('',#17182,#13478,#13479);
#11502=AXIS2_PLACEMENT_3D('',#17190,#13483,#13484);
#11503=AXIS2_PLACEMENT_3D('',#17197,#13488,#13489);
#11504=AXIS2_PLACEMENT_3D('',#17206,#13494,#13495);
#11505=AXIS2_PLACEMENT_3D('',#17210,#13497,#13498);
#11506=AXIS2_PLACEMENT_3D('',#17211,#13499,#13500);
#11507=AXIS2_PLACEMENT_3D('',#17212,#13501,#13502);
#11508=AXIS2_PLACEMENT_3D('',#17218,#13506,#13507);
#11509=AXIS2_PLACEMENT_3D('',#17219,#13508,#13509);
#11510=AXIS2_PLACEMENT_3D('',#17220,#13510,#13511);
#11511=AXIS2_PLACEMENT_3D('',#17221,#13512,#13513);
#11512=AXIS2_PLACEMENT_3D('',#17227,#13517,#13518);
#11513=AXIS2_PLACEMENT_3D('',#17233,#13522,#13523);
#11514=AXIS2_PLACEMENT_3D('',#17243,#13528,#13529);
#11515=AXIS2_PLACEMENT_3D('',#17244,#13530,#13531);
#11516=AXIS2_PLACEMENT_3D('',#17252,#13532,#13533);
#11517=AXIS2_PLACEMENT_3D('',#17257,#13534,#13535);
#11518=AXIS2_PLACEMENT_3D('',#17271,#13540,#13541);
#11519=AXIS2_PLACEMENT_3D('',#17272,#13542,#13543);
#11520=AXIS2_PLACEMENT_3D('',#17284,#13544,#13545);
#11521=AXIS2_PLACEMENT_3D('',#17285,#13546,#13547);
#11522=AXIS2_PLACEMENT_3D('',#17291,#13548,#13549);
#11523=AXIS2_PLACEMENT_3D('',#17292,#13550,#13551);
#11524=AXIS2_PLACEMENT_3D('',#17298,#13552,#13553);
#11525=AXIS2_PLACEMENT_3D('',#17303,#13554,#13555);
#11526=AXIS2_PLACEMENT_3D('',#17304,#13556,#13557);
#11527=AXIS2_PLACEMENT_3D('',#17305,#13558,#13559);
#11528=AXIS2_PLACEMENT_3D('',#17306,#13560,#13561);
#11529=AXIS2_PLACEMENT_3D('',#17307,#13562,#13563);
#11530=AXIS2_PLACEMENT_3D('',#17308,#13564,#13565);
#11531=AXIS2_PLACEMENT_3D('',#17309,#13566,#13567);
#11532=AXIS2_PLACEMENT_3D('',#17310,#13568,#13569);
#11533=AXIS2_PLACEMENT_3D('',#17311,#13570,#13571);
#11534=AXIS2_PLACEMENT_3D('',#17312,#13572,#13573);
#11535=AXIS2_PLACEMENT_3D('',#17325,#13574,#13575);
#11536=AXIS2_PLACEMENT_3D('',#17326,#13576,#13577);
#11537=AXIS2_PLACEMENT_3D('',#17327,#13578,#13579);
#11538=AXIS2_PLACEMENT_3D('',#17328,#13580,#13581);
#11539=AXIS2_PLACEMENT_3D('',#17329,#13582,#13583);
#11540=AXIS2_PLACEMENT_3D('',#17330,#13584,#13585);
#11541=AXIS2_PLACEMENT_3D('',#17331,#13586,#13587);
#11542=AXIS2_PLACEMENT_3D('',#17332,#13588,#13589);
#11543=AXIS2_PLACEMENT_3D('',#17333,#13590,#13591);
#11544=AXIS2_PLACEMENT_3D('',#17353,#13592,#13593);
#11545=AXIS2_PLACEMENT_3D('',#17358,#13594,#13595);
#11546=AXIS2_PLACEMENT_3D('',#17363,#13596,#13597);
#11547=AXIS2_PLACEMENT_3D('',#17368,#13598,#13599);
#11548=AXIS2_PLACEMENT_3D('',#17385,#13600,#13601);
#11549=AXIS2_PLACEMENT_3D('',#17386,#13602,#13603);
#11550=AXIS2_PLACEMENT_3D('',#17387,#13604,#13605);
#11551=AXIS2_PLACEMENT_3D('',#17388,#13606,#13607);
#11552=AXIS2_PLACEMENT_3D('',#17389,#13608,#13609);
#11553=AXIS2_PLACEMENT_3D('',#17390,#13610,#13611);
#11554=AXIS2_PLACEMENT_3D('',#17391,#13612,#13613);
#11555=AXIS2_PLACEMENT_3D('',#17392,#13614,#13615);
#11556=AXIS2_PLACEMENT_3D('',#17393,#13616,#13617);
#11557=AXIS2_PLACEMENT_3D('',#17394,#13618,#13619);
#11558=AXIS2_PLACEMENT_3D('',#17395,#13620,#13621);
#11559=AXIS2_PLACEMENT_3D('',#17396,#13622,#13623);
#11560=AXIS2_PLACEMENT_3D('',#17397,#13624,#13625);
#11561=AXIS2_PLACEMENT_3D('',#17398,#13626,#13627);
#11562=AXIS2_PLACEMENT_3D('',#17411,#13628,#13629);
#11563=AXIS2_PLACEMENT_3D('',#17412,#13630,#13631);
#11564=AXIS2_PLACEMENT_3D('',#17413,#13632,#13633);
#11565=AXIS2_PLACEMENT_3D('',#17414,#13634,#13635);
#11566=AXIS2_PLACEMENT_3D('',#17415,#13636,#13637);
#11567=AXIS2_PLACEMENT_3D('',#17416,#13638,#13639);
#11568=AXIS2_PLACEMENT_3D('',#17417,#13640,#13641);
#11569=AXIS2_PLACEMENT_3D('',#17418,#13642,#13643);
#11570=AXIS2_PLACEMENT_3D('',#17419,#13644,#13645);
#11571=AXIS2_PLACEMENT_3D('',#17439,#13646,#13647);
#11572=AXIS2_PLACEMENT_3D('',#17444,#13648,#13649);
#11573=AXIS2_PLACEMENT_3D('',#17449,#13650,#13651);
#11574=AXIS2_PLACEMENT_3D('',#17454,#13652,#13653);
#11575=AXIS2_PLACEMENT_3D('',#17459,#13654,#13655);
#11576=AXIS2_PLACEMENT_3D('',#17464,#13656,#13657);
#11577=AXIS2_PLACEMENT_3D('',#17465,#13658,#13659);
#11578=AXIS2_PLACEMENT_3D('',#17466,#13660,#13661);
#11579=AXIS2_PLACEMENT_3D('',#17467,#13662,#13663);
#11580=AXIS2_PLACEMENT_3D('',#17468,#13664,#13665);
#11581=AXIS2_PLACEMENT_3D('',#17469,#13666,#13667);
#11582=AXIS2_PLACEMENT_3D('',#17470,#13668,#13669);
#11583=AXIS2_PLACEMENT_3D('',#17471,#13670,#13671);
#11584=AXIS2_PLACEMENT_3D('',#17472,#13672,#13673);
#11585=AXIS2_PLACEMENT_3D('',#17473,#13674,#13675);
#11586=AXIS2_PLACEMENT_3D('',#17474,#13676,#13677);
#11587=AXIS2_PLACEMENT_3D('',#17478,#13679,#13680);
#11588=AXIS2_PLACEMENT_3D('',#17482,#13682,#13683);
#11589=AXIS2_PLACEMENT_3D('',#17486,#13685,#13686);
#11590=AXIS2_PLACEMENT_3D('',#17490,#13688,#13689);
#11591=AXIS2_PLACEMENT_3D('',#17491,#13690,#13691);
#11592=AXIS2_PLACEMENT_3D('',#17492,#13692,#13693);
#11593=AXIS2_PLACEMENT_3D('',#17505,#13699,#13700);
#11594=AXIS2_PLACEMENT_3D('',#17509,#13702,#13703);
#11595=AXIS2_PLACEMENT_3D('',#17513,#13705,#13706);
#11596=AXIS2_PLACEMENT_3D('',#17517,#13708,#13709);
#11597=AXIS2_PLACEMENT_3D('',#17521,#13711,#13712);
#11598=AXIS2_PLACEMENT_3D('',#17531,#13717,#13718);
#11599=AXIS2_PLACEMENT_3D('',#17536,#13721,#13722);
#11600=AXIS2_PLACEMENT_3D('',#17546,#13727,#13728);
#11601=AXIS2_PLACEMENT_3D('',#17547,#13729,#13730);
#11602=AXIS2_PLACEMENT_3D('',#17555,#13734,#13735);
#11603=AXIS2_PLACEMENT_3D('',#17567,#13742,#13743);
#11604=AXIS2_PLACEMENT_3D('',#17579,#13750,#13751);
#11605=AXIS2_PLACEMENT_3D('',#17580,#13752,#13753);
#11606=AXIS2_PLACEMENT_3D('',#17581,#13754,#13755);
#11607=AXIS2_PLACEMENT_3D('',#17582,#13756,#13757);
#11608=AXIS2_PLACEMENT_3D('',#17583,#13758,#13759);
#11609=AXIS2_PLACEMENT_3D('',#17584,#13760,#13761);
#11610=AXIS2_PLACEMENT_3D('',#17585,#13762,#13763);
#11611=AXIS2_PLACEMENT_3D('',#17593,#13768,#13769);
#11612=AXIS2_PLACEMENT_3D('',#17594,#13770,#13771);
#11613=AXIS2_PLACEMENT_3D('',#17597,#13774,#13775);
#11614=AXIS2_PLACEMENT_3D('',#17598,#13776,#13777);
#11615=AXIS2_PLACEMENT_3D('',#17600,#13779,#13780);
#11616=AXIS2_PLACEMENT_3D('',#17616,#13781,#13782);
#11617=AXIS2_PLACEMENT_3D('',#17618,#13783,#13784);
#11618=AXIS2_PLACEMENT_3D('',#17620,#13785,#13786);
#11619=AXIS2_PLACEMENT_3D('',#17621,#13787,#13788);
#11620=AXIS2_PLACEMENT_3D('',#17622,#13789,#13790);
#11621=AXIS2_PLACEMENT_3D('',#17625,#13792,#13793);
#11622=AXIS2_PLACEMENT_3D('',#17626,#13794,#13795);
#11623=AXIS2_PLACEMENT_3D('',#17628,#13796,#13797);
#11624=AXIS2_PLACEMENT_3D('',#17629,#13798,#13799);
#11625=AXIS2_PLACEMENT_3D('',#17632,#13801,#13802);
#11626=AXIS2_PLACEMENT_3D('',#17648,#13803,#13804);
#11627=AXIS2_PLACEMENT_3D('',#17650,#13805,#13806);
#11628=AXIS2_PLACEMENT_3D('',#17651,#13807,#13808);
#11629=AXIS2_PLACEMENT_3D('',#17667,#13809,#13810);
#11630=AXIS2_PLACEMENT_3D('',#17670,#13812,#13813);
#11631=AXIS2_PLACEMENT_3D('',#17677,#13817,#13818);
#11632=AXIS2_PLACEMENT_3D('',#17678,#13819,#13820);
#11633=AXIS2_PLACEMENT_3D('',#17682,#13822,#13823);
#11634=AXIS2_PLACEMENT_3D('',#17683,#13824,#13825);
#11635=AXIS2_PLACEMENT_3D('',#17684,#13826,#13827);
#11636=AXIS2_PLACEMENT_3D('',#17686,#13828,#13829);
#11637=AXIS2_PLACEMENT_3D('',#17688,#13831,#13832);
#11638=AXIS2_PLACEMENT_3D('',#17689,#13833,#13834);
#11639=AXIS2_PLACEMENT_3D('',#17691,#13835,#13836);
#11640=AXIS2_PLACEMENT_3D('',#17692,#13837,#13838);
#11641=AXIS2_PLACEMENT_3D('',#17693,#13839,#13840);
#11642=AXIS2_PLACEMENT_3D('',#17696,#13842,#13843);
#11643=AXIS2_PLACEMENT_3D('',#17697,#13844,#13845);
#11644=AXIS2_PLACEMENT_3D('',#17699,#13846,#13847);
#11645=AXIS2_PLACEMENT_3D('',#17700,#13848,#13849);
#11646=AXIS2_PLACEMENT_3D('',#17708,#13854,#13855);
#11647=AXIS2_PLACEMENT_3D('',#17709,#13856,#13857);
#11648=AXIS2_PLACEMENT_3D('',#17710,#13858,#13859);
#11649=AXIS2_PLACEMENT_3D('',#17712,#13860,#13861);
#11650=AXIS2_PLACEMENT_3D('',#17713,#13862,#13863);
#11651=AXIS2_PLACEMENT_3D('',#17714,#13864,#13865);
#11652=AXIS2_PLACEMENT_3D('',#17717,#13867,#13868);
#11653=AXIS2_PLACEMENT_3D('',#17718,#13869,#13870);
#11654=AXIS2_PLACEMENT_3D('',#17719,#13871,#13872);
#11655=AXIS2_PLACEMENT_3D('',#17721,#13873,#13874);
#11656=AXIS2_PLACEMENT_3D('',#17722,#13875,#13876);
#11657=AXIS2_PLACEMENT_3D('',#17725,#13879,#13880);
#11658=AXIS2_PLACEMENT_3D('',#17728,#13882,#13883);
#11659=AXIS2_PLACEMENT_3D('',#17744,#13884,#13885);
#11660=AXIS2_PLACEMENT_3D('',#17746,#13886,#13887);
#11661=AXIS2_PLACEMENT_3D('',#17747,#13888,#13889);
#11662=AXIS2_PLACEMENT_3D('',#17750,#13891,#13892);
#11663=AXIS2_PLACEMENT_3D('',#17751,#13893,#13894);
#11664=AXIS2_PLACEMENT_3D('',#17752,#13895,#13896);
#11665=AXIS2_PLACEMENT_3D('',#17754,#13897,#13898);
#11666=AXIS2_PLACEMENT_3D('',#17755,#13899,#13900);
#11667=AXIS2_PLACEMENT_3D('',#17758,#13902,#13903);
#11668=AXIS2_PLACEMENT_3D('',#17774,#13904,#13905);
#11669=AXIS2_PLACEMENT_3D('',#17776,#13906,#13907);
#11670=AXIS2_PLACEMENT_3D('',#17777,#13908,#13909);
#11671=AXIS2_PLACEMENT_3D('',#17779,#13911,#13912);
#11672=AXIS2_PLACEMENT_3D('',#17782,#13914,#13915);
#11673=AXIS2_PLACEMENT_3D('',#17785,#13917,#13918);
#11674=AXIS2_PLACEMENT_3D('',#17786,#13919,#13920);
#11675=AXIS2_PLACEMENT_3D('',#17787,#13921,#13922);
#11676=AXIS2_PLACEMENT_3D('',#17788,#13923,#13924);
#11677=AXIS2_PLACEMENT_3D('',#17790,#13926,#13927);
#11678=AXIS2_PLACEMENT_3D('',#17791,#13928,#13929);
#11679=AXIS2_PLACEMENT_3D('',#17793,#13931,#13932);
#11680=AXIS2_PLACEMENT_3D('',#17796,#13934,#13935);
#11681=AXIS2_PLACEMENT_3D('',#17797,#13936,#13937);
#11682=AXIS2_PLACEMENT_3D('',#17798,#13938,#13939);
#11683=AXIS2_PLACEMENT_3D('',#17799,#13940,#13941);
#11684=AXIS2_PLACEMENT_3D('',#17800,#13942,#13943);
#11685=AXIS2_PLACEMENT_3D('',#17801,#13944,#13945);
#11686=AXIS2_PLACEMENT_3D('',#17802,#13946,#13947);
#11687=AXIS2_PLACEMENT_3D('',#17803,#13948,#13949);
#11688=AXIS2_PLACEMENT_3D('',#17842,#13952,#13953);
#11689=AXIS2_PLACEMENT_3D('',#17852,#13954,#13955);
#11690=AXIS2_PLACEMENT_3D('',#17854,#13957,#13958);
#11691=AXIS2_PLACEMENT_3D('',#17856,#13960,#13961);
#11692=AXIS2_PLACEMENT_3D('',#17858,#13963,#13964);
#11693=AXIS2_PLACEMENT_3D('',#17859,#13965,#13966);
#11694=AXIS2_PLACEMENT_3D('',#17862,#13968,#13969);
#11695=AXIS2_PLACEMENT_3D('',#17863,#13970,#13971);
#11696=AXIS2_PLACEMENT_3D('',#17865,#13972,#13973);
#11697=AXIS2_PLACEMENT_3D('',#17866,#13974,#13975);
#11698=AXIS2_PLACEMENT_3D('',#17867,#13976,#13977);
#11699=AXIS2_PLACEMENT_3D('',#17882,#13979,#13980);
#11700=AXIS2_PLACEMENT_3D('',#17883,#13981,#13982);
#11701=AXIS2_PLACEMENT_3D('',#17885,#13984,#13985);
#11702=AXIS2_PLACEMENT_3D('',#17887,#13987,#13988);
#11703=AXIS2_PLACEMENT_3D('',#17889,#13990,#13991);
#11704=AXIS2_PLACEMENT_3D('',#17890,#13992,#13993);
#11705=AXIS2_PLACEMENT_3D('',#17891,#13994,#13995);
#11706=AXIS2_PLACEMENT_3D('',#17892,#13996,#13997);
#11707=AXIS2_PLACEMENT_3D('',#17893,#13998,#13999);
#11708=AXIS2_PLACEMENT_3D('',#17894,#14000,#14001);
#11709=AXIS2_PLACEMENT_3D('',#17895,#14002,#14003);
#11710=AXIS2_PLACEMENT_3D('',#17896,#14004,#14005);
#11711=AXIS2_PLACEMENT_3D('',#17897,#14006,#14007);
#11712=AXIS2_PLACEMENT_3D('',#17902,#14010,#14011);
#11713=AXIS2_PLACEMENT_3D('',#17903,#14012,#14013);
#11714=AXIS2_PLACEMENT_3D('',#17906,#14015,#14016);
#11715=AXIS2_PLACEMENT_3D('',#17911,#14019,#14020);
#11716=AXIS2_PLACEMENT_3D('',#17918,#14025,#14026);
#11717=AXIS2_PLACEMENT_3D('',#17923,#14030,#14031);
#11718=AXIS2_PLACEMENT_3D('',#17927,#14034,#14035);
#11719=AXIS2_PLACEMENT_3D('',#17930,#14037,#14038);
#11720=AXIS2_PLACEMENT_3D('',#17935,#14041,#14042);
#11721=AXIS2_PLACEMENT_3D('',#17940,#14045,#14046);
#11722=AXIS2_PLACEMENT_3D('',#17941,#14047,#14048);
#11723=AXIS2_PLACEMENT_3D('',#17943,#14050,#14051);
#11724=AXIS2_PLACEMENT_3D('',#17945,#14053,#14054);
#11725=AXIS2_PLACEMENT_3D('',#17951,#14058,#14059);
#11726=AXIS2_PLACEMENT_3D('',#17952,#14060,#14061);
#11727=AXIS2_PLACEMENT_3D('',#17955,#14063,#14064);
#11728=AXIS2_PLACEMENT_3D('',#17956,#14065,#14066);
#11729=AXIS2_PLACEMENT_3D('',#17958,#14067,#14068);
#11730=AXIS2_PLACEMENT_3D('',#17959,#14069,#14070);
#11731=AXIS2_PLACEMENT_3D('',#17962,#14073,#14074);
#11732=AXIS2_PLACEMENT_3D('',#17967,#14077,#14078);
#11733=AXIS2_PLACEMENT_3D('',#17968,#14079,#14080);
#11734=AXIS2_PLACEMENT_3D('',#17969,#14081,#14082);
#11735=AXIS2_PLACEMENT_3D('',#17970,#14083,#14084);
#11736=AXIS2_PLACEMENT_3D('',#17971,#14085,#14086);
#11737=AXIS2_PLACEMENT_3D('',#17973,#14088,#14089);
#11738=AXIS2_PLACEMENT_3D('',#17974,#14090,#14091);
#11739=AXIS2_PLACEMENT_3D('',#17976,#14093,#14094);
#11740=AXIS2_PLACEMENT_3D('',#17977,#14095,#14096);
#11741=AXIS2_PLACEMENT_3D('',#17978,#14097,#14098);
#11742=AXIS2_PLACEMENT_3D('',#17979,#14099,#14100);
#11743=AXIS2_PLACEMENT_3D('',#17980,#14101,#14102);
#11744=AXIS2_PLACEMENT_3D('',#17981,#14103,#14104);
#11745=AXIS2_PLACEMENT_3D('',#17982,#14105,#14106);
#11746=AXIS2_PLACEMENT_3D('',#17983,#14107,#14108);
#11747=AXIS2_PLACEMENT_3D('',#17984,#14109,#14110);
#11748=AXIS2_PLACEMENT_3D('',#17985,#14111,#14112);
#11749=AXIS2_PLACEMENT_3D('',#17986,#14113,#14114);
#11750=AXIS2_PLACEMENT_3D('',#17987,#14115,#14116);
#11751=AXIS2_PLACEMENT_3D('',#17988,#14117,#14118);
#11752=AXIS2_PLACEMENT_3D('',#17989,#14119,#14120);
#11753=AXIS2_PLACEMENT_3D('',#17990,#14121,#14122);
#11754=AXIS2_PLACEMENT_3D('',#17991,#14123,#14124);
#11755=AXIS2_PLACEMENT_3D('',#17992,#14125,#14126);
#11756=AXIS2_PLACEMENT_3D('',#17993,#14127,#14128);
#11757=AXIS2_PLACEMENT_3D('',#17994,#14129,#14130);
#11758=AXIS2_PLACEMENT_3D('',#17995,#14131,#14132);
#11759=AXIS2_PLACEMENT_3D('',#17996,#14133,#14134);
#11760=AXIS2_PLACEMENT_3D('',#17997,#14135,#14136);
#11761=AXIS2_PLACEMENT_3D('',#17998,#14137,#14138);
#11762=AXIS2_PLACEMENT_3D('',#17999,#14139,#14140);
#11763=AXIS2_PLACEMENT_3D('',#18000,#14141,#14142);
#11764=AXIS2_PLACEMENT_3D('',#18001,#14143,#14144);
#11765=AXIS2_PLACEMENT_3D('',#18002,#14145,#14146);
#11766=AXIS2_PLACEMENT_3D('',#18003,#14147,#14148);
#11767=AXIS2_PLACEMENT_3D('',#18004,#14149,#14150);
#11768=AXIS2_PLACEMENT_3D('',#18005,#14151,#14152);
#11769=AXIS2_PLACEMENT_3D('',#18006,#14153,#14154);
#11770=AXIS2_PLACEMENT_3D('',#18009,#14156,#14157);
#11771=AXIS2_PLACEMENT_3D('',#18010,#14158,#14159);
#11772=AXIS2_PLACEMENT_3D('',#18011,#14160,#14161);
#11773=AXIS2_PLACEMENT_3D('',#18016,#14163,#14164);
#11774=AXIS2_PLACEMENT_3D('',#18019,#14166,#14167);
#11775=AXIS2_PLACEMENT_3D('',#18023,#14169,#14170);
#11776=AXIS2_PLACEMENT_3D('',#18027,#14172,#14173);
#11777=AXIS2_PLACEMENT_3D('',#18028,#14174,#14175);
#11778=AXIS2_PLACEMENT_3D('',#18047,#14180,#14181);
#11779=AXIS2_PLACEMENT_3D('',#18069,#14183,#14184);
#11780=AXIS2_PLACEMENT_3D('',#18085,#14188,#14189);
#11781=AXIS2_PLACEMENT_3D('',#18097,#14191,#14192);
#11782=AXIS2_PLACEMENT_3D('',#18101,#14194,#14195);
#11783=AXIS2_PLACEMENT_3D('',#18102,#14196,#14197);
#11784=AXIS2_PLACEMENT_3D('',#18106,#14199,#14200);
#11785=AXIS2_PLACEMENT_3D('',#18112,#14203,#14204);
#11786=AXIS2_PLACEMENT_3D('',#18118,#14207,#14208);
#11787=AXIS2_PLACEMENT_3D('',#18119,#14209,#14210);
#11788=AXIS2_PLACEMENT_3D('',#18125,#14213,#14214);
#11789=AXIS2_PLACEMENT_3D('',#18129,#14216,#14217);
#11790=AXIS2_PLACEMENT_3D('',#18137,#14221,#14222);
#11791=AXIS2_PLACEMENT_3D('',#18140,#14224,#14225);
#11792=AXIS2_PLACEMENT_3D('',#18141,#14226,#14227);
#11793=AXIS2_PLACEMENT_3D('',#18150,#14231,#14232);
#11794=AXIS2_PLACEMENT_3D('',#18158,#14236,#14237);
#11795=AXIS2_PLACEMENT_3D('',#18161,#14239,#14240);
#11796=AXIS2_PLACEMENT_3D('',#18170,#14245,#14246);
#11797=AXIS2_PLACEMENT_3D('',#18174,#14248,#14249);
#11798=AXIS2_PLACEMENT_3D('',#18175,#14250,#14251);
#11799=AXIS2_PLACEMENT_3D('',#18176,#14252,#14253);
#11800=AXIS2_PLACEMENT_3D('',#18182,#14257,#14258);
#11801=AXIS2_PLACEMENT_3D('',#18183,#14259,#14260);
#11802=AXIS2_PLACEMENT_3D('',#18184,#14261,#14262);
#11803=AXIS2_PLACEMENT_3D('',#18185,#14263,#14264);
#11804=AXIS2_PLACEMENT_3D('',#18191,#14268,#14269);
#11805=AXIS2_PLACEMENT_3D('',#18197,#14273,#14274);
#11806=AXIS2_PLACEMENT_3D('',#18201,#14276,#14277);
#11807=AXIS2_PLACEMENT_3D('',#18208,#14281,#14282);
#11808=AXIS2_PLACEMENT_3D('',#18220,#14283,#14284);
#11809=AXIS2_PLACEMENT_3D('',#18221,#14285,#14286);
#11810=AXIS2_PLACEMENT_3D('',#18235,#14291,#14292);
#11811=AXIS2_PLACEMENT_3D('',#18247,#14293,#14294);
#11812=AXIS2_PLACEMENT_3D('',#18248,#14295,#14296);
#11813=AXIS2_PLACEMENT_3D('',#18258,#14297,#14298);
#11814=AXIS2_PLACEMENT_3D('',#18259,#14299,#14300);
#11815=AXIS2_PLACEMENT_3D('',#18269,#14301,#14302);
#11816=AXIS2_PLACEMENT_3D('',#18270,#14303,#14304);
#11817=AXIS2_PLACEMENT_3D('',#18271,#14305,#14306);
#11818=AXIS2_PLACEMENT_3D('',#18272,#14307,#14308);
#11819=AXIS2_PLACEMENT_3D('',#18273,#14309,#14310);
#11820=AXIS2_PLACEMENT_3D('',#18274,#14311,#14312);
#11821=AXIS2_PLACEMENT_3D('',#18275,#14313,#14314);
#11822=AXIS2_PLACEMENT_3D('',#18276,#14315,#14316);
#11823=AXIS2_PLACEMENT_3D('',#18277,#14317,#14318);
#11824=AXIS2_PLACEMENT_3D('',#18278,#14319,#14320);
#11825=AXIS2_PLACEMENT_3D('',#18279,#14321,#14322);
#11826=AXIS2_PLACEMENT_3D('',#18292,#14323,#14324);
#11827=AXIS2_PLACEMENT_3D('',#18293,#14325,#14326);
#11828=AXIS2_PLACEMENT_3D('',#18294,#14327,#14328);
#11829=AXIS2_PLACEMENT_3D('',#18295,#14329,#14330);
#11830=AXIS2_PLACEMENT_3D('',#18296,#14331,#14332);
#11831=AXIS2_PLACEMENT_3D('',#18297,#14333,#14334);
#11832=AXIS2_PLACEMENT_3D('',#18298,#14335,#14336);
#11833=AXIS2_PLACEMENT_3D('',#18299,#14337,#14338);
#11834=AXIS2_PLACEMENT_3D('',#18300,#14339,#14340);
#11835=AXIS2_PLACEMENT_3D('',#18320,#14341,#14342);
#11836=AXIS2_PLACEMENT_3D('',#18325,#14343,#14344);
#11837=AXIS2_PLACEMENT_3D('',#18330,#14345,#14346);
#11838=AXIS2_PLACEMENT_3D('',#18335,#14347,#14348);
#11839=AXIS2_PLACEMENT_3D('',#18340,#14349,#14350);
#11840=AXIS2_PLACEMENT_3D('',#18345,#14351,#14352);
#11841=AXIS2_PLACEMENT_3D('',#18346,#14353,#14354);
#11842=AXIS2_PLACEMENT_3D('',#18347,#14355,#14356);
#11843=AXIS2_PLACEMENT_3D('',#18348,#14357,#14358);
#11844=AXIS2_PLACEMENT_3D('',#18349,#14359,#14360);
#11845=AXIS2_PLACEMENT_3D('',#18350,#14361,#14362);
#11846=AXIS2_PLACEMENT_3D('',#18351,#14363,#14364);
#11847=AXIS2_PLACEMENT_3D('',#18352,#14365,#14366);
#11848=AXIS2_PLACEMENT_3D('',#18353,#14367,#14368);
#11849=AXIS2_PLACEMENT_3D('',#18354,#14369,#14370);
#11850=AXIS2_PLACEMENT_3D('',#18355,#14371,#14372);
#11851=AXIS2_PLACEMENT_3D('',#18356,#14373,#14374);
#11852=AXIS2_PLACEMENT_3D('',#18357,#14375,#14376);
#11853=AXIS2_PLACEMENT_3D('',#18370,#14377,#14378);
#11854=AXIS2_PLACEMENT_3D('',#18371,#14379,#14380);
#11855=AXIS2_PLACEMENT_3D('',#18372,#14381,#14382);
#11856=AXIS2_PLACEMENT_3D('',#18373,#14383,#14384);
#11857=AXIS2_PLACEMENT_3D('',#18374,#14385,#14386);
#11858=AXIS2_PLACEMENT_3D('',#18375,#14387,#14388);
#11859=AXIS2_PLACEMENT_3D('',#18376,#14389,#14390);
#11860=AXIS2_PLACEMENT_3D('',#18377,#14391,#14392);
#11861=AXIS2_PLACEMENT_3D('',#18378,#14393,#14394);
#11862=AXIS2_PLACEMENT_3D('',#18398,#14395,#14396);
#11863=AXIS2_PLACEMENT_3D('',#18403,#14397,#14398);
#11864=AXIS2_PLACEMENT_3D('',#18408,#14399,#14400);
#11865=AXIS2_PLACEMENT_3D('',#18429,#14401,#14402);
#11866=AXIS2_PLACEMENT_3D('',#18434,#14403,#14404);
#11867=AXIS2_PLACEMENT_3D('',#18435,#14405,#14406);
#11868=AXIS2_PLACEMENT_3D('',#18436,#14407,#14408);
#11869=AXIS2_PLACEMENT_3D('',#18437,#14409,#14410);
#11870=AXIS2_PLACEMENT_3D('',#18438,#14411,#14412);
#11871=AXIS2_PLACEMENT_3D('',#18439,#14413,#14414);
#11872=AXIS2_PLACEMENT_3D('',#18440,#14415,#14416);
#11873=AXIS2_PLACEMENT_3D('',#18441,#14417,#14418);
#11874=AXIS2_PLACEMENT_3D('',#18442,#14419,#14420);
#11875=AXIS2_PLACEMENT_3D('',#18443,#14421,#14422);
#11876=AXIS2_PLACEMENT_3D('',#18444,#14423,#14424);
#11877=AXIS2_PLACEMENT_3D('',#18448,#14426,#14427);
#11878=AXIS2_PLACEMENT_3D('',#18452,#14429,#14430);
#11879=AXIS2_PLACEMENT_3D('',#18456,#14432,#14433);
#11880=AXIS2_PLACEMENT_3D('',#18460,#14435,#14436);
#11881=AXIS2_PLACEMENT_3D('',#18461,#14437,#14438);
#11882=AXIS2_PLACEMENT_3D('',#18462,#14439,#14440);
#11883=AXIS2_PLACEMENT_3D('',#18475,#14446,#14447);
#11884=AXIS2_PLACEMENT_3D('',#18479,#14449,#14450);
#11885=AXIS2_PLACEMENT_3D('',#18483,#14452,#14453);
#11886=AXIS2_PLACEMENT_3D('',#18487,#14455,#14456);
#11887=AXIS2_PLACEMENT_3D('',#18491,#14458,#14459);
#11888=AXIS2_PLACEMENT_3D('',#18499,#14463,#14464);
#11889=AXIS2_PLACEMENT_3D('',#18506,#14468,#14469);
#11890=AXIS2_PLACEMENT_3D('',#18516,#14474,#14475);
#11891=AXIS2_PLACEMENT_3D('',#18517,#14476,#14477);
#11892=AXIS2_PLACEMENT_3D('',#18525,#14481,#14482);
#11893=AXIS2_PLACEMENT_3D('',#18543,#14492,#14493);
#11894=AXIS2_PLACEMENT_3D('',#18555,#14500,#14501);
#11895=AXIS2_PLACEMENT_3D('',#18559,#14503,#14504);
#11896=AXIS2_PLACEMENT_3D('',#18560,#14505,#14506);
#11897=AXIS2_PLACEMENT_3D('',#18561,#14507,#14508);
#11898=AXIS2_PLACEMENT_3D('',#18562,#14509,#14510);
#11899=AXIS2_PLACEMENT_3D('',#18566,#14512,#14513);
#11900=AXIS2_PLACEMENT_3D('',#18567,#14514,#14515);
#11901=AXIS2_PLACEMENT_3D('',#18568,#14516,#14517);
#11902=AXIS2_PLACEMENT_3D('',#18573,#14521,#14522);
#11903=AXIS2_PLACEMENT_3D('',#18574,#14523,#14524);
#11904=AXIS2_PLACEMENT_3D('',#18578,#14527,#14528);
#11905=AXIS2_PLACEMENT_3D('',#18579,#14529,#14530);
#11906=AXIS2_PLACEMENT_3D('',#18583,#14533,#14534);
#11907=AXIS2_PLACEMENT_3D('',#18587,#14537,#14538);
#11908=AXIS2_PLACEMENT_3D('',#18591,#14540,#14541);
#11909=AXIS2_PLACEMENT_3D('',#18603,#14547,#14548);
#11910=AXIS2_PLACEMENT_3D('',#18607,#14550,#14551);
#11911=AXIS2_PLACEMENT_3D('',#18619,#14557,#14558);
#11912=AXIS2_PLACEMENT_3D('',#18623,#14560,#14561);
#11913=AXIS2_PLACEMENT_3D('',#18632,#14566,#14567);
#11914=AXIS2_PLACEMENT_3D('',#18636,#14569,#14570);
#11915=AXIS2_PLACEMENT_3D('',#18654,#14572,#14573);
#11916=AXIS2_PLACEMENT_3D('',#18656,#14574,#14575);
#11917=AXIS2_PLACEMENT_3D('',#18658,#14576,#14577);
#11918=AXIS2_PLACEMENT_3D('',#18659,#14578,#14579);
#11919=AXIS2_PLACEMENT_3D('',#18660,#14580,#14581);
#11920=AXIS2_PLACEMENT_3D('',#18663,#14583,#14584);
#11921=AXIS2_PLACEMENT_3D('',#18664,#14585,#14586);
#11922=AXIS2_PLACEMENT_3D('',#18666,#14587,#14588);
#11923=AXIS2_PLACEMENT_3D('',#18667,#14589,#14590);
#11924=AXIS2_PLACEMENT_3D('',#18668,#14591,#14592);
#11925=AXIS2_PLACEMENT_3D('',#18686,#14594,#14595);
#11926=AXIS2_PLACEMENT_3D('',#18688,#14596,#14597);
#11927=AXIS2_PLACEMENT_3D('',#18689,#14598,#14599);
#11928=AXIS2_PLACEMENT_3D('',#18705,#14600,#14601);
#11929=AXIS2_PLACEMENT_3D('',#18718,#14606,#14607);
#11930=AXIS2_PLACEMENT_3D('',#18719,#14608,#14609);
#11931=AXIS2_PLACEMENT_3D('',#18723,#14611,#14612);
#11932=AXIS2_PLACEMENT_3D('',#18724,#14613,#14614);
#11933=AXIS2_PLACEMENT_3D('',#18725,#14615,#14616);
#11934=AXIS2_PLACEMENT_3D('',#18728,#14618,#14619);
#11935=AXIS2_PLACEMENT_3D('',#18729,#14620,#14621);
#11936=AXIS2_PLACEMENT_3D('',#18730,#14622,#14623);
#11937=AXIS2_PLACEMENT_3D('',#18732,#14624,#14625);
#11938=AXIS2_PLACEMENT_3D('',#18733,#14626,#14627);
#11939=AXIS2_PLACEMENT_3D('',#18734,#14628,#14629);
#11940=AXIS2_PLACEMENT_3D('',#18737,#14631,#14632);
#11941=AXIS2_PLACEMENT_3D('',#18738,#14633,#14634);
#11942=AXIS2_PLACEMENT_3D('',#18740,#14635,#14636);
#11943=AXIS2_PLACEMENT_3D('',#18741,#14637,#14638);
#11944=AXIS2_PLACEMENT_3D('',#18749,#14643,#14644);
#11945=AXIS2_PLACEMENT_3D('',#18750,#14645,#14646);
#11946=AXIS2_PLACEMENT_3D('',#18751,#14647,#14648);
#11947=AXIS2_PLACEMENT_3D('',#18753,#14649,#14650);
#11948=AXIS2_PLACEMENT_3D('',#18754,#14651,#14652);
#11949=AXIS2_PLACEMENT_3D('',#18755,#14653,#14654);
#11950=AXIS2_PLACEMENT_3D('',#18758,#14656,#14657);
#11951=AXIS2_PLACEMENT_3D('',#18759,#14658,#14659);
#11952=AXIS2_PLACEMENT_3D('',#18760,#14660,#14661);
#11953=AXIS2_PLACEMENT_3D('',#18762,#14662,#14663);
#11954=AXIS2_PLACEMENT_3D('',#18763,#14664,#14665);
#11955=AXIS2_PLACEMENT_3D('',#18766,#14668,#14669);
#11956=AXIS2_PLACEMENT_3D('',#18767,#14670,#14671);
#11957=AXIS2_PLACEMENT_3D('',#18785,#14673,#14674);
#11958=AXIS2_PLACEMENT_3D('',#18787,#14675,#14676);
#11959=AXIS2_PLACEMENT_3D('',#18788,#14677,#14678);
#11960=AXIS2_PLACEMENT_3D('',#18789,#14679,#14680);
#11961=AXIS2_PLACEMENT_3D('',#18792,#14682,#14683);
#11962=AXIS2_PLACEMENT_3D('',#18793,#14684,#14685);
#11963=AXIS2_PLACEMENT_3D('',#18795,#14686,#14687);
#11964=AXIS2_PLACEMENT_3D('',#18796,#14688,#14689);
#11965=AXIS2_PLACEMENT_3D('',#18797,#14690,#14691);
#11966=AXIS2_PLACEMENT_3D('',#18815,#14693,#14694);
#11967=AXIS2_PLACEMENT_3D('',#18817,#14695,#14696);
#11968=AXIS2_PLACEMENT_3D('',#18818,#14697,#14698);
#11969=AXIS2_PLACEMENT_3D('',#18820,#14700,#14701);
#11970=AXIS2_PLACEMENT_3D('',#18825,#14704,#14705);
#11971=AXIS2_PLACEMENT_3D('',#18826,#14706,#14707);
#11972=AXIS2_PLACEMENT_3D('',#18827,#14708,#14709);
#11973=AXIS2_PLACEMENT_3D('',#18828,#14710,#14711);
#11974=AXIS2_PLACEMENT_3D('',#18829,#14712,#14713);
#11975=AXIS2_PLACEMENT_3D('',#18831,#14715,#14716);
#11976=AXIS2_PLACEMENT_3D('',#18832,#14717,#14718);
#11977=AXIS2_PLACEMENT_3D('',#18834,#14720,#14721);
#11978=AXIS2_PLACEMENT_3D('',#18835,#14722,#14723);
#11979=AXIS2_PLACEMENT_3D('',#18838,#14725,#14726);
#11980=AXIS2_PLACEMENT_3D('',#18839,#14727,#14728);
#11981=AXIS2_PLACEMENT_3D('',#18840,#14729,#14730);
#11982=AXIS2_PLACEMENT_3D('',#18841,#14731,#14732);
#11983=AXIS2_PLACEMENT_3D('',#18842,#14733,#14734);
#11984=AXIS2_PLACEMENT_3D('',#18843,#14735,#14736);
#11985=AXIS2_PLACEMENT_3D('',#18844,#14737,#14738);
#11986=AXIS2_PLACEMENT_3D('',#18853,#14741,#14742);
#11987=AXIS2_PLACEMENT_3D('',#18868,#14743,#14744);
#11988=AXIS2_PLACEMENT_3D('',#18878,#14745,#14746);
#11989=AXIS2_PLACEMENT_3D('',#18880,#14748,#14749);
#11990=AXIS2_PLACEMENT_3D('',#18882,#14751,#14752);
#11991=AXIS2_PLACEMENT_3D('',#18884,#14754,#14755);
#11992=AXIS2_PLACEMENT_3D('',#18885,#14756,#14757);
#11993=AXIS2_PLACEMENT_3D('',#18888,#14759,#14760);
#11994=AXIS2_PLACEMENT_3D('',#18889,#14761,#14762);
#11995=AXIS2_PLACEMENT_3D('',#18891,#14763,#14764);
#11996=AXIS2_PLACEMENT_3D('',#18892,#14765,#14766);
#11997=AXIS2_PLACEMENT_3D('',#18899,#14768,#14769);
#11998=AXIS2_PLACEMENT_3D('',#18904,#14770,#14771);
#11999=AXIS2_PLACEMENT_3D('',#18906,#14773,#14774);
#12000=AXIS2_PLACEMENT_3D('',#18908,#14776,#14777);
#12001=AXIS2_PLACEMENT_3D('',#18910,#14779,#14780);
#12002=AXIS2_PLACEMENT_3D('',#18911,#14781,#14782);
#12003=AXIS2_PLACEMENT_3D('',#18912,#14783,#14784);
#12004=AXIS2_PLACEMENT_3D('',#18913,#14785,#14786);
#12005=AXIS2_PLACEMENT_3D('',#18914,#14787,#14788);
#12006=AXIS2_PLACEMENT_3D('',#18915,#14789,#14790);
#12007=AXIS2_PLACEMENT_3D('',#18916,#14791,#14792);
#12008=AXIS2_PLACEMENT_3D('',#18917,#14793,#14794);
#12009=AXIS2_PLACEMENT_3D('',#18918,#14795,#14796);
#12010=AXIS2_PLACEMENT_3D('',#18919,#14797,#14798);
#12011=AXIS2_PLACEMENT_3D('',#18924,#14801,#14802);
#12012=AXIS2_PLACEMENT_3D('',#18929,#14805,#14806);
#12013=AXIS2_PLACEMENT_3D('',#18932,#14808,#14809);
#12014=AXIS2_PLACEMENT_3D('',#18939,#14814,#14815);
#12015=AXIS2_PLACEMENT_3D('',#18944,#14819,#14820);
#12016=AXIS2_PLACEMENT_3D('',#18948,#14823,#14824);
#12017=AXIS2_PLACEMENT_3D('',#18950,#14826,#14827);
#12018=AXIS2_PLACEMENT_3D('',#18952,#14829,#14830);
#12019=AXIS2_PLACEMENT_3D('',#18955,#14832,#14833);
#12020=AXIS2_PLACEMENT_3D('',#18960,#14836,#14837);
#12021=AXIS2_PLACEMENT_3D('',#18963,#14839,#14840);
#12022=AXIS2_PLACEMENT_3D('',#18966,#14842,#14843);
#12023=AXIS2_PLACEMENT_3D('',#18972,#14847,#14848);
#12024=AXIS2_PLACEMENT_3D('',#18975,#14850,#14851);
#12025=AXIS2_PLACEMENT_3D('',#18976,#14852,#14853);
#12026=AXIS2_PLACEMENT_3D('',#18977,#14854,#14855);
#12027=AXIS2_PLACEMENT_3D('',#18979,#14856,#14857);
#12028=AXIS2_PLACEMENT_3D('',#18980,#14858,#14859);
#12029=AXIS2_PLACEMENT_3D('',#18983,#14862,#14863);
#12030=AXIS2_PLACEMENT_3D('',#18986,#14865,#14866);
#12031=AXIS2_PLACEMENT_3D('',#18989,#14868,#14869);
#12032=AXIS2_PLACEMENT_3D('',#18990,#14870,#14871);
#12033=AXIS2_PLACEMENT_3D('',#18991,#14872,#14873);
#12034=AXIS2_PLACEMENT_3D('',#18992,#14874,#14875);
#12035=AXIS2_PLACEMENT_3D('',#18994,#14877,#14878);
#12036=AXIS2_PLACEMENT_3D('',#18995,#14879,#14880);
#12037=AXIS2_PLACEMENT_3D('',#18997,#14882,#14883);
#12038=AXIS2_PLACEMENT_3D('',#18998,#14884,#14885);
#12039=AXIS2_PLACEMENT_3D('',#18999,#14886,#14887);
#12040=AXIS2_PLACEMENT_3D('',#19000,#14888,#14889);
#12041=AXIS2_PLACEMENT_3D('',#19001,#14890,#14891);
#12042=AXIS2_PLACEMENT_3D('',#19002,#14892,#14893);
#12043=AXIS2_PLACEMENT_3D('',#19003,#14894,#14895);
#12044=AXIS2_PLACEMENT_3D('',#19004,#14896,#14897);
#12045=AXIS2_PLACEMENT_3D('',#19005,#14898,#14899);
#12046=AXIS2_PLACEMENT_3D('',#19006,#14900,#14901);
#12047=AXIS2_PLACEMENT_3D('',#19007,#14902,#14903);
#12048=AXIS2_PLACEMENT_3D('',#19008,#14904,#14905);
#12049=AXIS2_PLACEMENT_3D('',#19009,#14906,#14907);
#12050=AXIS2_PLACEMENT_3D('',#19010,#14908,#14909);
#12051=AXIS2_PLACEMENT_3D('',#19011,#14910,#14911);
#12052=AXIS2_PLACEMENT_3D('',#19012,#14912,#14913);
#12053=AXIS2_PLACEMENT_3D('',#19013,#14914,#14915);
#12054=AXIS2_PLACEMENT_3D('',#19014,#14916,#14917);
#12055=AXIS2_PLACEMENT_3D('',#19015,#14918,#14919);
#12056=AXIS2_PLACEMENT_3D('',#19016,#14920,#14921);
#12057=AXIS2_PLACEMENT_3D('',#19017,#14922,#14923);
#12058=AXIS2_PLACEMENT_3D('',#19018,#14924,#14925);
#12059=AXIS2_PLACEMENT_3D('',#19019,#14926,#14927);
#12060=AXIS2_PLACEMENT_3D('',#19020,#14928,#14929);
#12061=AXIS2_PLACEMENT_3D('',#19021,#14930,#14931);
#12062=AXIS2_PLACEMENT_3D('',#19022,#14932,#14933);
#12063=AXIS2_PLACEMENT_3D('',#19023,#14934,#14935);
#12064=AXIS2_PLACEMENT_3D('',#19024,#14936,#14937);
#12065=AXIS2_PLACEMENT_3D('',#19025,#14938,#14939);
#12066=AXIS2_PLACEMENT_3D('',#19026,#14940,#14941);
#12067=AXIS2_PLACEMENT_3D('',#19027,#14942,#14943);
#12068=AXIS2_PLACEMENT_3D('',#19028,#14944,#14945);
#12069=AXIS2_PLACEMENT_3D('',#19031,#14947,#14948);
#12070=AXIS2_PLACEMENT_3D('',#19035,#14950,#14951);
#12071=AXIS2_PLACEMENT_3D('',#19043,#14955,#14956);
#12072=AXIS2_PLACEMENT_3D('',#19047,#14958,#14959);
#12073=AXIS2_PLACEMENT_3D('',#19050,#14961,#14962);
#12074=AXIS2_PLACEMENT_3D('',#19052,#14964,#14965);
#12075=AXIS2_PLACEMENT_3D('',#19054,#14967,#14968);
#12076=AXIS2_PLACEMENT_3D('',#19055,#14969,#14970);
#12077=AXIS2_PLACEMENT_3D('',#19059,#14973,#14974);
#12078=AXIS2_PLACEMENT_3D('',#19062,#14976,#14977);
#12079=AXIS2_PLACEMENT_3D('',#19064,#14979,#14980);
#12080=AXIS2_PLACEMENT_3D('',#19066,#14982,#14983);
#12081=AXIS2_PLACEMENT_3D('',#19068,#14985,#14986);
#12082=AXIS2_PLACEMENT_3D('',#19070,#14988,#14989);
#12083=AXIS2_PLACEMENT_3D('',#19071,#14990,#14991);
#12084=AXIS2_PLACEMENT_3D('',#19073,#14993,#14994);
#12085=AXIS2_PLACEMENT_3D('',#19074,#14995,#14996);
#12086=AXIS2_PLACEMENT_3D('',#19077,#14998,#14999);
#12087=AXIS2_PLACEMENT_3D('',#19078,#15000,#15001);
#12088=AXIS2_PLACEMENT_3D('',#19079,#15002,#15003);
#12089=AXIS2_PLACEMENT_3D('',#19081,#15004,#15005);
#12090=AXIS2_PLACEMENT_3D('',#19084,#15007,#15008);
#12091=AXIS2_PLACEMENT_3D('',#19088,#15010,#15011);
#12092=AXIS2_PLACEMENT_3D('',#19092,#15013,#15014);
#12093=AXIS2_PLACEMENT_3D('',#19093,#15015,#15016);
#12094=AXIS2_PLACEMENT_3D('',#19112,#15021,#15022);
#12095=AXIS2_PLACEMENT_3D('',#19135,#15024,#15025);
#12096=AXIS2_PLACEMENT_3D('',#19151,#15029,#15030);
#12097=AXIS2_PLACEMENT_3D('',#19163,#15032,#15033);
#12098=AXIS2_PLACEMENT_3D('',#19167,#15035,#15036);
#12099=AXIS2_PLACEMENT_3D('',#19173,#15039,#15040);
#12100=AXIS2_PLACEMENT_3D('',#19179,#15043,#15044);
#12101=AXIS2_PLACEMENT_3D('',#19183,#15046,#15047);
#12102=AXIS2_PLACEMENT_3D('',#19184,#15048,#15049);
#12103=AXIS2_PLACEMENT_3D('',#19185,#15050,#15051);
#12104=AXIS2_PLACEMENT_3D('',#19191,#15054,#15055);
#12105=AXIS2_PLACEMENT_3D('',#19199,#15059,#15060);
#12106=AXIS2_PLACEMENT_3D('',#19203,#15062,#15063);
#12107=AXIS2_PLACEMENT_3D('',#19206,#15065,#15066);
#12108=AXIS2_PLACEMENT_3D('',#19207,#15067,#15068);
#12109=AXIS2_PLACEMENT_3D('',#19212,#15070,#15071);
#12110=AXIS2_PLACEMENT_3D('',#19220,#15075,#15076);
#12111=AXIS2_PLACEMENT_3D('',#19227,#15080,#15081);
#12112=AXIS2_PLACEMENT_3D('',#19236,#15086,#15087);
#12113=AXIS2_PLACEMENT_3D('',#19240,#15089,#15090);
#12114=AXIS2_PLACEMENT_3D('',#19241,#15091,#15092);
#12115=AXIS2_PLACEMENT_3D('',#19242,#15093,#15094);
#12116=AXIS2_PLACEMENT_3D('',#19248,#15098,#15099);
#12117=AXIS2_PLACEMENT_3D('',#19249,#15100,#15101);
#12118=AXIS2_PLACEMENT_3D('',#19250,#15102,#15103);
#12119=AXIS2_PLACEMENT_3D('',#19251,#15104,#15105);
#12120=AXIS2_PLACEMENT_3D('',#19257,#15109,#15110);
#12121=AXIS2_PLACEMENT_3D('',#19263,#15114,#15115);
#12122=AXIS2_PLACEMENT_3D('',#19277,#15120,#15121);
#12123=AXIS2_PLACEMENT_3D('',#19285,#15122,#15123);
#12124=AXIS2_PLACEMENT_3D('',#19290,#15124,#15125);
#12125=AXIS2_PLACEMENT_3D('',#19304,#15130,#15131);
#12126=AXIS2_PLACEMENT_3D('',#19305,#15132,#15133);
#12127=AXIS2_PLACEMENT_3D('',#19317,#15134,#15135);
#12128=AXIS2_PLACEMENT_3D('',#19318,#15136,#15137);
#12129=AXIS2_PLACEMENT_3D('',#19328,#15138,#15139);
#12130=AXIS2_PLACEMENT_3D('',#19334,#15140,#15141);
#12131=AXIS2_PLACEMENT_3D('',#19339,#15142,#15143);
#12132=AXIS2_PLACEMENT_3D('',#19340,#15144,#15145);
#12133=AXIS2_PLACEMENT_3D('',#19341,#15146,#15147);
#12134=AXIS2_PLACEMENT_3D('',#19342,#15148,#15149);
#12135=AXIS2_PLACEMENT_3D('',#19343,#15150,#15151);
#12136=AXIS2_PLACEMENT_3D('',#19344,#15152,#15153);
#12137=AXIS2_PLACEMENT_3D('',#19345,#15154,#15155);
#12138=AXIS2_PLACEMENT_3D('',#19346,#15156,#15157);
#12139=AXIS2_PLACEMENT_3D('',#19347,#15158,#15159);
#12140=AXIS2_PLACEMENT_3D('',#19348,#15160,#15161);
#12141=AXIS2_PLACEMENT_3D('',#19361,#15162,#15163);
#12142=AXIS2_PLACEMENT_3D('',#19362,#15164,#15165);
#12143=AXIS2_PLACEMENT_3D('',#19363,#15166,#15167);
#12144=AXIS2_PLACEMENT_3D('',#19364,#15168,#15169);
#12145=AXIS2_PLACEMENT_3D('',#19365,#15170,#15171);
#12146=AXIS2_PLACEMENT_3D('',#19366,#15172,#15173);
#12147=AXIS2_PLACEMENT_3D('',#19367,#15174,#15175);
#12148=AXIS2_PLACEMENT_3D('',#19368,#15176,#15177);
#12149=AXIS2_PLACEMENT_3D('',#19369,#15178,#15179);
#12150=AXIS2_PLACEMENT_3D('',#19389,#15180,#15181);
#12151=AXIS2_PLACEMENT_3D('',#19394,#15182,#15183);
#12152=AXIS2_PLACEMENT_3D('',#19399,#15184,#15185);
#12153=AXIS2_PLACEMENT_3D('',#19404,#15186,#15187);
#12154=AXIS2_PLACEMENT_3D('',#19409,#15188,#15189);
#12155=AXIS2_PLACEMENT_3D('',#19414,#15190,#15191);
#12156=AXIS2_PLACEMENT_3D('',#19415,#15192,#15193);
#12157=AXIS2_PLACEMENT_3D('',#19416,#15194,#15195);
#12158=AXIS2_PLACEMENT_3D('',#19417,#15196,#15197);
#12159=AXIS2_PLACEMENT_3D('',#19418,#15198,#15199);
#12160=AXIS2_PLACEMENT_3D('',#19419,#15200,#15201);
#12161=AXIS2_PLACEMENT_3D('',#19420,#15202,#15203);
#12162=AXIS2_PLACEMENT_3D('',#19421,#15204,#15205);
#12163=AXIS2_PLACEMENT_3D('',#19422,#15206,#15207);
#12164=AXIS2_PLACEMENT_3D('',#19423,#15208,#15209);
#12165=AXIS2_PLACEMENT_3D('',#19424,#15210,#15211);
#12166=AXIS2_PLACEMENT_3D('',#19425,#15212,#15213);
#12167=AXIS2_PLACEMENT_3D('',#19426,#15214,#15215);
#12168=AXIS2_PLACEMENT_3D('',#19439,#15216,#15217);
#12169=AXIS2_PLACEMENT_3D('',#19440,#15218,#15219);
#12170=AXIS2_PLACEMENT_3D('',#19441,#15220,#15221);
#12171=AXIS2_PLACEMENT_3D('',#19442,#15222,#15223);
#12172=AXIS2_PLACEMENT_3D('',#19443,#15224,#15225);
#12173=AXIS2_PLACEMENT_3D('',#19444,#15226,#15227);
#12174=AXIS2_PLACEMENT_3D('',#19445,#15228,#15229);
#12175=AXIS2_PLACEMENT_3D('',#19446,#15230,#15231);
#12176=AXIS2_PLACEMENT_3D('',#19447,#15232,#15233);
#12177=AXIS2_PLACEMENT_3D('',#19467,#15234,#15235);
#12178=AXIS2_PLACEMENT_3D('',#19472,#15236,#15237);
#12179=AXIS2_PLACEMENT_3D('',#19477,#15238,#15239);
#12180=AXIS2_PLACEMENT_3D('',#19482,#15240,#15241);
#12181=AXIS2_PLACEMENT_3D('',#19487,#15242,#15243);
#12182=AXIS2_PLACEMENT_3D('',#19492,#15244,#15245);
#12183=AXIS2_PLACEMENT_3D('',#19493,#15246,#15247);
#12184=AXIS2_PLACEMENT_3D('',#19494,#15248,#15249);
#12185=AXIS2_PLACEMENT_3D('',#19495,#15250,#15251);
#12186=AXIS2_PLACEMENT_3D('',#19496,#15252,#15253);
#12187=AXIS2_PLACEMENT_3D('',#19497,#15254,#15255);
#12188=AXIS2_PLACEMENT_3D('',#19498,#15256,#15257);
#12189=AXIS2_PLACEMENT_3D('',#19499,#15258,#15259);
#12190=AXIS2_PLACEMENT_3D('',#19500,#15260,#15261);
#12191=AXIS2_PLACEMENT_3D('',#19501,#15262,#15263);
#12192=AXIS2_PLACEMENT_3D('',#19502,#15264,#15265);
#12193=AXIS2_PLACEMENT_3D('',#19506,#15267,#15268);
#12194=AXIS2_PLACEMENT_3D('',#19510,#15270,#15271);
#12195=AXIS2_PLACEMENT_3D('',#19514,#15273,#15274);
#12196=AXIS2_PLACEMENT_3D('',#19518,#15276,#15277);
#12197=AXIS2_PLACEMENT_3D('',#19519,#15278,#15279);
#12198=AXIS2_PLACEMENT_3D('',#19520,#15280,#15281);
#12199=AXIS2_PLACEMENT_3D('',#19533,#15287,#15288);
#12200=AXIS2_PLACEMENT_3D('',#19537,#15290,#15291);
#12201=AXIS2_PLACEMENT_3D('',#19541,#15293,#15294);
#12202=AXIS2_PLACEMENT_3D('',#19545,#15296,#15297);
#12203=AXIS2_PLACEMENT_3D('',#19549,#15299,#15300);
#12204=AXIS2_PLACEMENT_3D('',#19559,#15305,#15306);
#12205=AXIS2_PLACEMENT_3D('',#19564,#15309,#15310);
#12206=AXIS2_PLACEMENT_3D('',#19574,#15315,#15316);
#12207=AXIS2_PLACEMENT_3D('',#19575,#15317,#15318);
#12208=AXIS2_PLACEMENT_3D('',#19583,#15322,#15323);
#12209=AXIS2_PLACEMENT_3D('',#19595,#15330,#15331);
#12210=AXIS2_PLACEMENT_3D('',#19610,#15340,#15341);
#12211=AXIS2_PLACEMENT_3D('',#19611,#15342,#15343);
#12212=AXIS2_PLACEMENT_3D('',#19612,#15344,#15345);
#12213=AXIS2_PLACEMENT_3D('',#19613,#15346,#15347);
#12214=AXIS2_PLACEMENT_3D('',#19614,#15348,#15349);
#12215=AXIS2_PLACEMENT_3D('',#19615,#15350,#15351);
#12216=AXIS2_PLACEMENT_3D('',#19616,#15352,#15353);
#12217=AXIS2_PLACEMENT_3D('',#19624,#15358,#15359);
#12218=AXIS2_PLACEMENT_3D('',#19625,#15360,#15361);
#12219=AXIS2_PLACEMENT_3D('',#19628,#15364,#15365);
#12220=AXIS2_PLACEMENT_3D('',#19629,#15366,#15367);
#12221=AXIS2_PLACEMENT_3D('',#19631,#15369,#15370);
#12222=AXIS2_PLACEMENT_3D('',#19647,#15371,#15372);
#12223=AXIS2_PLACEMENT_3D('',#19649,#15373,#15374);
#12224=AXIS2_PLACEMENT_3D('',#19651,#15375,#15376);
#12225=AXIS2_PLACEMENT_3D('',#19652,#15377,#15378);
#12226=AXIS2_PLACEMENT_3D('',#19653,#15379,#15380);
#12227=AXIS2_PLACEMENT_3D('',#19656,#15382,#15383);
#12228=AXIS2_PLACEMENT_3D('',#19657,#15384,#15385);
#12229=AXIS2_PLACEMENT_3D('',#19659,#15386,#15387);
#12230=AXIS2_PLACEMENT_3D('',#19660,#15388,#15389);
#12231=AXIS2_PLACEMENT_3D('',#19663,#15391,#15392);
#12232=AXIS2_PLACEMENT_3D('',#19679,#15393,#15394);
#12233=AXIS2_PLACEMENT_3D('',#19681,#15395,#15396);
#12234=AXIS2_PLACEMENT_3D('',#19682,#15397,#15398);
#12235=AXIS2_PLACEMENT_3D('',#19698,#15399,#15400);
#12236=AXIS2_PLACEMENT_3D('',#19711,#15405,#15406);
#12237=AXIS2_PLACEMENT_3D('',#19712,#15407,#15408);
#12238=AXIS2_PLACEMENT_3D('',#19716,#15410,#15411);
#12239=AXIS2_PLACEMENT_3D('',#19717,#15412,#15413);
#12240=AXIS2_PLACEMENT_3D('',#19718,#15414,#15415);
#12241=AXIS2_PLACEMENT_3D('',#19720,#15416,#15417);
#12242=AXIS2_PLACEMENT_3D('',#19722,#15419,#15420);
#12243=AXIS2_PLACEMENT_3D('',#19723,#15421,#15422);
#12244=AXIS2_PLACEMENT_3D('',#19725,#15423,#15424);
#12245=AXIS2_PLACEMENT_3D('',#19726,#15425,#15426);
#12246=AXIS2_PLACEMENT_3D('',#19727,#15427,#15428);
#12247=AXIS2_PLACEMENT_3D('',#19730,#15430,#15431);
#12248=AXIS2_PLACEMENT_3D('',#19731,#15432,#15433);
#12249=AXIS2_PLACEMENT_3D('',#19733,#15434,#15435);
#12250=AXIS2_PLACEMENT_3D('',#19734,#15436,#15437);
#12251=AXIS2_PLACEMENT_3D('',#19742,#15442,#15443);
#12252=AXIS2_PLACEMENT_3D('',#19743,#15444,#15445);
#12253=AXIS2_PLACEMENT_3D('',#19744,#15446,#15447);
#12254=AXIS2_PLACEMENT_3D('',#19746,#15448,#15449);
#12255=AXIS2_PLACEMENT_3D('',#19747,#15450,#15451);
#12256=AXIS2_PLACEMENT_3D('',#19748,#15452,#15453);
#12257=AXIS2_PLACEMENT_3D('',#19751,#15455,#15456);
#12258=AXIS2_PLACEMENT_3D('',#19752,#15457,#15458);
#12259=AXIS2_PLACEMENT_3D('',#19753,#15459,#15460);
#12260=AXIS2_PLACEMENT_3D('',#19755,#15461,#15462);
#12261=AXIS2_PLACEMENT_3D('',#19756,#15463,#15464);
#12262=AXIS2_PLACEMENT_3D('',#19759,#15467,#15468);
#12263=AXIS2_PLACEMENT_3D('',#19762,#15470,#15471);
#12264=AXIS2_PLACEMENT_3D('',#19778,#15472,#15473);
#12265=AXIS2_PLACEMENT_3D('',#19780,#15474,#15475);
#12266=AXIS2_PLACEMENT_3D('',#19781,#15476,#15477);
#12267=AXIS2_PLACEMENT_3D('',#19784,#15479,#15480);
#12268=AXIS2_PLACEMENT_3D('',#19785,#15481,#15482);
#12269=AXIS2_PLACEMENT_3D('',#19786,#15483,#15484);
#12270=AXIS2_PLACEMENT_3D('',#19788,#15485,#15486);
#12271=AXIS2_PLACEMENT_3D('',#19789,#15487,#15488);
#12272=AXIS2_PLACEMENT_3D('',#19792,#15490,#15491);
#12273=AXIS2_PLACEMENT_3D('',#19808,#15492,#15493);
#12274=AXIS2_PLACEMENT_3D('',#19810,#15494,#15495);
#12275=AXIS2_PLACEMENT_3D('',#19811,#15496,#15497);
#12276=AXIS2_PLACEMENT_3D('',#19813,#15499,#15500);
#12277=AXIS2_PLACEMENT_3D('',#19816,#15502,#15503);
#12278=AXIS2_PLACEMENT_3D('',#19819,#15505,#15506);
#12279=AXIS2_PLACEMENT_3D('',#19820,#15507,#15508);
#12280=AXIS2_PLACEMENT_3D('',#19821,#15509,#15510);
#12281=AXIS2_PLACEMENT_3D('',#19822,#15511,#15512);
#12282=AXIS2_PLACEMENT_3D('',#19824,#15514,#15515);
#12283=AXIS2_PLACEMENT_3D('',#19825,#15516,#15517);
#12284=AXIS2_PLACEMENT_3D('',#19827,#15519,#15520);
#12285=AXIS2_PLACEMENT_3D('',#19830,#15522,#15523);
#12286=AXIS2_PLACEMENT_3D('',#19831,#15524,#15525);
#12287=AXIS2_PLACEMENT_3D('',#19832,#15526,#15527);
#12288=AXIS2_PLACEMENT_3D('',#19833,#15528,#15529);
#12289=AXIS2_PLACEMENT_3D('',#19834,#15530,#15531);
#12290=AXIS2_PLACEMENT_3D('',#19835,#15532,#15533);
#12291=AXIS2_PLACEMENT_3D('',#19836,#15534,#15535);
#12292=AXIS2_PLACEMENT_3D('',#19837,#15536,#15537);
#12293=AXIS2_PLACEMENT_3D('',#19846,#15540,#15541);
#12294=AXIS2_PLACEMENT_3D('',#19861,#15542,#15543);
#12295=AXIS2_PLACEMENT_3D('',#19871,#15544,#15545);
#12296=AXIS2_PLACEMENT_3D('',#19873,#15547,#15548);
#12297=AXIS2_PLACEMENT_3D('',#19875,#15550,#15551);
#12298=AXIS2_PLACEMENT_3D('',#19877,#15553,#15554);
#12299=AXIS2_PLACEMENT_3D('',#19878,#15555,#15556);
#12300=AXIS2_PLACEMENT_3D('',#19881,#15558,#15559);
#12301=AXIS2_PLACEMENT_3D('',#19882,#15560,#15561);
#12302=AXIS2_PLACEMENT_3D('',#19884,#15562,#15563);
#12303=AXIS2_PLACEMENT_3D('',#19885,#15564,#15565);
#12304=AXIS2_PLACEMENT_3D('',#19892,#15567,#15568);
#12305=AXIS2_PLACEMENT_3D('',#19897,#15569,#15570);
#12306=AXIS2_PLACEMENT_3D('',#19899,#15572,#15573);
#12307=AXIS2_PLACEMENT_3D('',#19901,#15575,#15576);
#12308=AXIS2_PLACEMENT_3D('',#19903,#15578,#15579);
#12309=AXIS2_PLACEMENT_3D('',#19904,#15580,#15581);
#12310=AXIS2_PLACEMENT_3D('',#19905,#15582,#15583);
#12311=AXIS2_PLACEMENT_3D('',#19906,#15584,#15585);
#12312=AXIS2_PLACEMENT_3D('',#19907,#15586,#15587);
#12313=AXIS2_PLACEMENT_3D('',#19908,#15588,#15589);
#12314=AXIS2_PLACEMENT_3D('',#19909,#15590,#15591);
#12315=AXIS2_PLACEMENT_3D('',#19910,#15592,#15593);
#12316=AXIS2_PLACEMENT_3D('',#19911,#15594,#15595);
#12317=AXIS2_PLACEMENT_3D('',#19916,#15598,#15599);
#12318=AXIS2_PLACEMENT_3D('',#19917,#15600,#15601);
#12319=AXIS2_PLACEMENT_3D('',#19920,#15603,#15604);
#12320=AXIS2_PLACEMENT_3D('',#19925,#15607,#15608);
#12321=AXIS2_PLACEMENT_3D('',#19932,#15613,#15614);
#12322=AXIS2_PLACEMENT_3D('',#19937,#15618,#15619);
#12323=AXIS2_PLACEMENT_3D('',#19941,#15622,#15623);
#12324=AXIS2_PLACEMENT_3D('',#19944,#15625,#15626);
#12325=AXIS2_PLACEMENT_3D('',#19949,#15629,#15630);
#12326=AXIS2_PLACEMENT_3D('',#19954,#15633,#15634);
#12327=AXIS2_PLACEMENT_3D('',#19955,#15635,#15636);
#12328=AXIS2_PLACEMENT_3D('',#19957,#15638,#15639);
#12329=AXIS2_PLACEMENT_3D('',#19959,#15641,#15642);
#12330=AXIS2_PLACEMENT_3D('',#19965,#15646,#15647);
#12331=AXIS2_PLACEMENT_3D('',#19966,#15648,#15649);
#12332=AXIS2_PLACEMENT_3D('',#19969,#15651,#15652);
#12333=AXIS2_PLACEMENT_3D('',#19970,#15653,#15654);
#12334=AXIS2_PLACEMENT_3D('',#19972,#15655,#15656);
#12335=AXIS2_PLACEMENT_3D('',#19973,#15657,#15658);
#12336=AXIS2_PLACEMENT_3D('',#19976,#15661,#15662);
#12337=AXIS2_PLACEMENT_3D('',#19981,#15665,#15666);
#12338=AXIS2_PLACEMENT_3D('',#19982,#15667,#15668);
#12339=AXIS2_PLACEMENT_3D('',#19983,#15669,#15670);
#12340=AXIS2_PLACEMENT_3D('',#19984,#15671,#15672);
#12341=AXIS2_PLACEMENT_3D('',#19985,#15673,#15674);
#12342=AXIS2_PLACEMENT_3D('',#19987,#15676,#15677);
#12343=AXIS2_PLACEMENT_3D('',#19988,#15678,#15679);
#12344=AXIS2_PLACEMENT_3D('',#19990,#15681,#15682);
#12345=AXIS2_PLACEMENT_3D('',#19991,#15683,#15684);
#12346=AXIS2_PLACEMENT_3D('',#19992,#15685,#15686);
#12347=AXIS2_PLACEMENT_3D('',#19993,#15687,#15688);
#12348=AXIS2_PLACEMENT_3D('',#19994,#15689,#15690);
#12349=AXIS2_PLACEMENT_3D('',#19995,#15691,#15692);
#12350=AXIS2_PLACEMENT_3D('',#19996,#15693,#15694);
#12351=AXIS2_PLACEMENT_3D('',#19997,#15695,#15696);
#12352=AXIS2_PLACEMENT_3D('',#19998,#15697,#15698);
#12353=AXIS2_PLACEMENT_3D('',#19999,#15699,#15700);
#12354=AXIS2_PLACEMENT_3D('',#20000,#15701,#15702);
#12355=AXIS2_PLACEMENT_3D('',#20001,#15703,#15704);
#12356=AXIS2_PLACEMENT_3D('',#20002,#15705,#15706);
#12357=AXIS2_PLACEMENT_3D('',#20003,#15707,#15708);
#12358=AXIS2_PLACEMENT_3D('',#20004,#15709,#15710);
#12359=AXIS2_PLACEMENT_3D('',#20005,#15711,#15712);
#12360=AXIS2_PLACEMENT_3D('',#20006,#15713,#15714);
#12361=AXIS2_PLACEMENT_3D('',#20007,#15715,#15716);
#12362=AXIS2_PLACEMENT_3D('',#20008,#15717,#15718);
#12363=AXIS2_PLACEMENT_3D('',#20009,#15719,#15720);
#12364=AXIS2_PLACEMENT_3D('',#20010,#15721,#15722);
#12365=AXIS2_PLACEMENT_3D('',#20011,#15723,#15724);
#12366=AXIS2_PLACEMENT_3D('',#20012,#15725,#15726);
#12367=AXIS2_PLACEMENT_3D('',#20013,#15727,#15728);
#12368=AXIS2_PLACEMENT_3D('',#20014,#15729,#15730);
#12369=AXIS2_PLACEMENT_3D('',#20015,#15731,#15732);
#12370=AXIS2_PLACEMENT_3D('',#20016,#15733,#15734);
#12371=AXIS2_PLACEMENT_3D('',#20017,#15735,#15736);
#12372=AXIS2_PLACEMENT_3D('',#20018,#15737,#15738);
#12373=AXIS2_PLACEMENT_3D('',#20019,#15739,#15740);
#12374=AXIS2_PLACEMENT_3D('',#20020,#15741,#15742);
#12375=AXIS2_PLACEMENT_3D('',#20021,#15743,#15744);
#12376=AXIS2_PLACEMENT_3D('',#20023,#15746,#15747);
#12377=AXIS2_PLACEMENT_3D('',#20025,#15749,#15750);
#12378=AXIS2_PLACEMENT_3D('',#20027,#15752,#15753);
#12379=AXIS2_PLACEMENT_3D('',#20029,#15755,#15756);
#12380=AXIS2_PLACEMENT_3D('',#20031,#15758,#15759);
#12381=AXIS2_PLACEMENT_3D('',#20032,#15760,#15761);
#12382=AXIS2_PLACEMENT_3D('',#20034,#15763,#15764);
#12383=DIRECTION('',(0.,0.,1.));
#12384=DIRECTION('',(1.,0.,0.));
#12385=DIRECTION('',(0.,-1.,0.));
#12386=DIRECTION('',(0.,0.,1.));
#12387=DIRECTION('',(0.,1.,0.));
#12388=DIRECTION('',(0.,0.,1.));
#12389=DIRECTION('',(0.,-1.,0.));
#12390=DIRECTION('',(0.,1.,0.));
#12391=DIRECTION('',(0.,0.,-1.));
#12392=DIRECTION('',(0.,-1.,0.));
#12393=DIRECTION('',(0.,-1.,0.));
#12394=DIRECTION('',(0.,0.,1.));
#12395=DIRECTION('',(0.,-1.,0.));
#12396=DIRECTION('',(0.,0.,-1.));
#12397=DIRECTION('',(0.,-1.,0.));
#12398=DIRECTION('',(0.,1.,0.));
#12399=DIRECTION('',(0.,0.,-1.));
#12400=DIRECTION('',(0.,-1.,0.));
#12401=DIRECTION('',(8.163404592832E-16,-1.,-8.16340459283199E-16));
#12402=DIRECTION('',(-1.,-8.163404592832E-16,0.));
#12403=DIRECTION('',(-8.16340459283196E-16,1.,3.50324616081205E-44));
#12404=DIRECTION('',(0.,1.,0.));
#12405=DIRECTION('',(0.,0.,-1.));
#12406=DIRECTION('',(-8.163404592832E-16,1.,8.16340459283199E-16));
#12407=DIRECTION('',(0.,1.,0.));
#12408=DIRECTION('',(0.,0.,-1.));
#12409=DIRECTION('',(0.5,-0.707106781186541,0.5));
#12410=DIRECTION('',(0.,0.577350269189634,0.816496580927721));
#12411=DIRECTION('',(0.5,-0.707106781186541,0.5));
#12412=DIRECTION('',(0.499999999999994,0.707106781186555,0.5));
#12413=DIRECTION('',(-0.5,-0.707106781186555,-0.5));
#12414=DIRECTION('',(0.707106781186548,0.,-0.707106781186547));
#12415=DIRECTION('',(0.5,0.707106781186555,0.5));
#12416=DIRECTION('',(0.707106781186548,0.,-0.707106781186547));
#12417=DIRECTION('',(0.707106781186548,0.,-0.707106781186547));
#12418=DIRECTION('',(-0.707106781186547,0.,-0.707106781186548));
#12419=DIRECTION('',(0.707106781186548,0.,-0.707106781186547));
#12420=DIRECTION('',(0.696364240320019,-0.173648177666926,0.69636424032002));
#12421=DIRECTION('',(0.707106781186548,0.,-0.707106781186547));
#12422=DIRECTION('',(-0.24195478575236,-0.970287525247815,-5.90629767889809E-18));
#12423=DIRECTION('',(-7.91033905045424E-16,0.970287525247815,0.24195478575236));
#12424=DIRECTION('',(0.707106781186548,0.,-0.707106781186547));
#12425=DIRECTION('',(0.707106781186548,0.,-0.707106781186547));
#12426=DIRECTION('',(-0.707106781186547,0.,-0.707106781186548));
#12427=DIRECTION('',(0.707106781186548,0.,-0.707106781186547));
#12428=DIRECTION('',(0.,1.,0.));
#12429=DIRECTION('',(0.,0.,-1.));
#12430=DIRECTION('',(1.,0.,0.));
#12431=DIRECTION('',(0.,1.,0.));
#12432=DIRECTION('',(0.,0.,-1.));
#12433=DIRECTION('',(0.,1.,0.));
#12434=DIRECTION('',(0.,0.,-1.));
#12435=DIRECTION('',(0.,0.,-1.));
#12436=DIRECTION('',(0.,1.,0.));
#12437=DIRECTION('',(0.,0.,-1.));
#12438=DIRECTION('',(-0.707106781186548,0.,-0.707106781186548));
#12439=DIRECTION('',(-4.63502542989784E-15,0.,-1.));
#12440=DIRECTION('',(0.,1.,0.));
#12441=DIRECTION('',(0.,0.,-1.));
#12442=DIRECTION('',(1.,0.,4.63502542989784E-15));
#12443=DIRECTION('',(-0.707106781186548,0.,-0.707106781186548));
#12444=DIRECTION('',(0.,1.,0.));
#12445=DIRECTION('',(0.,0.,-1.));
#12446=DIRECTION('',(0.707106781186548,5.77239874516094E-16,-0.707106781186548));
#12447=DIRECTION('',(-0.707106781186548,0.,-0.707106781186548));
#12448=DIRECTION('',(-0.707106781186548,0.,-0.707106781186548));
#12449=DIRECTION('',(0.0123407149398269,-0.999847695156391,0.0123407149398261));
#12450=DIRECTION('',(0.707106781186548,5.77239874516094E-16,-0.707106781186548));
#12451=DIRECTION('',(-0.707106781186548,0.,-0.707106781186548));
#12452=DIRECTION('',(0.707106781186548,-4.31464180567002E-15,0.707106781186548));
#12453=DIRECTION('',(0.707106781186548,5.77239874516094E-16,-0.707106781186548));
#12454=DIRECTION('',(-0.707106781186548,0.,-0.707106781186548));
#12455=DIRECTION('',(-0.5,-0.707106781186555,-0.5));
#12456=DIRECTION('',(8.16340459283203E-16,-1.,0.));
#12457=DIRECTION('',(-0.707106781186548,0.,-0.707106781186548));
#12458=DIRECTION('',(0.707106781186548,5.77239874516094E-16,-0.707106781186548));
#12459=DIRECTION('',(0.707106781186548,-5.77239874516088E-16,0.707106781186548));
#12460=DIRECTION('',(-8.16340459283203E-16,1.,0.));
#12461=DIRECTION('',(-0.707106781186548,-5.77239874516094E-16,0.707106781186548));
#12462=DIRECTION('',(0.707106781186548,0.,0.707106781186548));
#12463=DIRECTION('',(-0.707106781186548,-5.77239874516094E-16,0.707106781186548));
#12464=DIRECTION('',(0.707106781186548,0.,0.707106781186548));
#12465=DIRECTION('',(0.0123407149398269,-0.999847695156391,0.0123407149398261));
#12466=DIRECTION('',(-0.707106781186548,0.,-0.707106781186548));
#12467=DIRECTION('',(8.16340459283203E-16,-1.,2.70808094030918E-31));
#12468=DIRECTION('',(-0.707106781186548,-5.77239874516094E-16,0.707106781186548));
#12469=DIRECTION('',(-0.707106781186548,-5.77239874516088E-16,-0.707106781186548));
#12470=DIRECTION('',(-0.707106781186548,0.,-0.707106781186548));
#12471=DIRECTION('',(-8.16340459283203E-16,1.,-1.2924107119342E-31));
#12472=DIRECTION('',(0.5,0.707106781186555,0.5));
#12473=DIRECTION('',(-0.707106781186548,-5.77239874516094E-16,0.707106781186548));
#12474=DIRECTION('',(0.707106781186548,0.,0.707106781186548));
#12475=DIRECTION('',(0.707106781186548,-4.31464180567002E-15,0.707106781186548));
#12476=DIRECTION('',(-0.706999085398824,-0.0174524064372829,-0.706999085398825));
#12477=DIRECTION('',(-0.707106781186548,0.,0.707106781186547));
#12478=DIRECTION('',(0.707106781186548,0.,-0.707106781186547));
#12479=DIRECTION('',(0.0123407149398269,-0.999847695156391,0.0123407149398261));
#12480=DIRECTION('',(0.707106781186548,0.,-0.707106781186547));
#12481=DIRECTION('',(0.0123407149398269,-0.999847695156391,0.0123407149398261));
#12482=DIRECTION('',(0.707106781186548,0.,-0.707106781186547));
#12483=DIRECTION('',(-0.707106781186547,0.,-0.707106781186548));
#12484=DIRECTION('',(0.707106781186548,0.,-0.707106781186547));
#12485=DIRECTION('',(0.707106781186548,5.77239874516094E-16,-0.707106781186548));
#12486=DIRECTION('',(-0.707106781186548,0.,-0.707106781186548));
#12487=DIRECTION('',(-0.707106781186548,-5.77239874516094E-16,0.707106781186548));
#12488=DIRECTION('',(0.707106781186548,0.,0.707106781186548));
#12489=DIRECTION('',(-3.05091247918024E-15,-1.,-3.05091247918024E-15));
#12490=DIRECTION('',(0.,-3.05091247918024E-15,1.));
#12491=DIRECTION('',(0.707106781186548,0.,-0.707106781186547));
#12492=DIRECTION('',(0.707106781186548,-4.31464180567002E-15,0.707106781186548));
#12493=DIRECTION('',(0.707106781186548,-4.31464180567002E-15,0.707106781186548));
#12494=DIRECTION('',(0.707106781186548,0.,-0.707106781186547));
#12495=DIRECTION('',(-0.707106781186547,0.,-0.707106781186548));
#12496=DIRECTION('',(0.707106781186548,5.77239874516094E-16,-0.707106781186548));
#12497=DIRECTION('',(-0.707106781186548,0.,-0.707106781186548));
#12498=DIRECTION('',(-0.707106781186548,-5.77239874516094E-16,0.707106781186548));
#12499=DIRECTION('',(0.707106781186548,0.,0.707106781186548));
#12500=DIRECTION('',(-1.,-8.16340459283203E-16,4.63502542989784E-15));
#12501=DIRECTION('',(4.63502542989784E-15,0.,1.));
#12502=DIRECTION('',(-4.63502542989784E-15,0.,-1.));
#12503=DIRECTION('',(8.16340459283203E-16,-1.,3.3666745017894E-31));
#12504=DIRECTION('',(4.63502542989784E-15,0.,1.));
#12505=DIRECTION('',(4.63502542989784E-15,3.78375878823212E-30,-1.));
#12506=DIRECTION('',(-1.,0.,-4.63502542989784E-15));
#12507=DIRECTION('',(-1.,0.,-4.63502542989784E-15));
#12508=DIRECTION('',(-8.16340459283203E-16,1.,7.00649232162408E-46));
#12509=DIRECTION('',(1.,0.,4.63502542989784E-15));
#12510=DIRECTION('',(1.,8.16340459283203E-16,0.));
#12511=DIRECTION('',(8.16340459283203E-16,-1.,0.));
#12512=DIRECTION('',(-7.92084963997564E-16,0.970287525247815,0.24195478575236));
#12513=DIRECTION('',(-8.16340459283203E-16,1.,-1.68333725089469E-31));
#12514=DIRECTION('',(0.,0.,-1.));
#12515=DIRECTION('',(8.16340459283203E-16,-1.,0.));
#12516=DIRECTION('',(8.16340459283203E-16,-1.,0.));
#12517=DIRECTION('',(-1.,-8.16340459283203E-16,0.));
#12518=DIRECTION('',(0.,1.,0.));
#12519=DIRECTION('',(0.,0.,-1.));
#12520=DIRECTION('',(0.,0.,1.));
#12521=DIRECTION('',(1.,0.,0.));
#12522=DIRECTION('',(8.16340459283203E-16,-1.,0.));
#12523=DIRECTION('',(-0.24195478575236,-0.970287525247815,0.));
#12524=DIRECTION('',(8.16340459283203E-16,-1.,0.));
#12525=DIRECTION('',(1.,0.,0.));
#12526=DIRECTION('',(8.16340459283203E-16,-1.,0.));
#12527=DIRECTION('',(-1.,-8.16340459283203E-16,0.));
#12528=DIRECTION('',(0.,1.,0.));
#12529=DIRECTION('',(0.,0.,-1.));
#12530=DIRECTION('',(-8.16340459283203E-16,1.,0.));
#12531=DIRECTION('',(1.,8.16340459283203E-16,0.));
#12532=DIRECTION('',(-0.473029498104879,0.743294146247158,-0.47302949810488));
#12533=DIRECTION('',(0.525588331227631,0.668964731622459,0.525588331227631));
#12534=DIRECTION('',(0.,1.,0.));
#12535=DIRECTION('',(0.,0.,-1.));
#12536=DIRECTION('',(8.16340459283203E-16,-1.,1.68333725089469E-31));
#12537=DIRECTION('',(-1.,-8.16340459283203E-16,0.));
#12538=DIRECTION('',(0.,1.,0.));
#12539=DIRECTION('',(0.,0.,-1.));
#12540=DIRECTION('',(-4.63502542989784E-15,0.,-1.));
#12541=DIRECTION('',(-1.,0.,4.63502542989784E-15));
#12542=DIRECTION('',(0.948683298050509,7.74448559244855E-16,-0.316227766016851));
#12543=DIRECTION('',(-0.316227766016851,0.,-0.948683298050509));
#12544=DIRECTION('',(0.,0.,-1.));
#12545=DIRECTION('',(-1.,0.,0.));
#12546=DIRECTION('',(0.,1.,0.));
#12547=DIRECTION('',(0.,0.,-1.));
#12548=DIRECTION('',(1.,0.,0.));
#12549=DIRECTION('',(0.,0.,-1.));
#12550=DIRECTION('',(1.,0.,4.63502542989784E-15));
#12551=DIRECTION('',(4.63502542989784E-15,0.,-1.));
#12552=DIRECTION('',(-0.316227766016851,-7.74448559244855E-16,0.948683298050509));
#12553=DIRECTION('',(0.948683298050509,0.,0.316227766016851));
#12554=DIRECTION('',(-8.16340459283203E-16,1.,9.90867646590378E-46));
#12555=DIRECTION('',(1.,8.16340459283203E-16,0.));
#12556=DIRECTION('',(0.,1.,0.));
#12557=DIRECTION('',(0.,0.,-1.));
#12558=DIRECTION('',(0.,-1.,0.));
#12559=DIRECTION('',(0.,0.,1.));
#12560=DIRECTION('',(0.707106781186548,0.,0.707106781186548));
#12561=DIRECTION('',(0.707106781186548,0.,-0.707106781186548));
#12562=DIRECTION('',(0.707106781186548,0.,0.707106781186548));
#12563=DIRECTION('',(0.707106781186548,0.,-0.707106781186548));
#12564=DIRECTION('',(0.707106781186548,0.,0.707106781186548));
#12565=DIRECTION('',(0.707106781186548,0.,-0.707106781186548));
#12566=DIRECTION('',(0.,1.,0.));
#12567=DIRECTION('',(0.,0.,-1.));
#12568=DIRECTION('',(1.,0.,0.));
#12569=DIRECTION('',(0.,0.,-1.));
#12570=DIRECTION('',(1.,0.,0.));
#12571=DIRECTION('',(0.,0.,-1.));
#12572=DIRECTION('',(1.,0.,0.));
#12573=DIRECTION('',(0.,0.,-1.));
#12574=DIRECTION('',(0.,1.,0.));
#12575=DIRECTION('',(0.,0.,-1.));
#12576=DIRECTION('',(0.998037259236656,0.,-0.0626229125431237));
#12577=DIRECTION('',(-0.0626229125431237,0.,-0.998037259236656));
#12578=DIRECTION('',(0.167194949694737,0.965073547458825,-0.201690100877097));
#12579=DIRECTION('',(0.,0.204569652876216,0.978852009816655));
#12580=DIRECTION('',(-0.24195478575236,-0.970287525247815,0.));
#12581=DIRECTION('',(-0.970287525247815,0.24195478575236,0.));
#12582=DIRECTION('',(-0.000712441803448797,0.000331575555070531,0.999999691242116));
#12583=DIRECTION('',(0.999999746213278,0.,0.000712441842612563));
#12584=DIRECTION('',(-0.533537847350265,0.375326108203337,0.757936460361806));
#12585=DIRECTION('',(0.817717473251139,0.,0.575619782443041));
#12586=DIRECTION('',(-0.5,-0.707106781186566,-0.49999999999997));
#12587=DIRECTION('',(-0.816496580927731,0.577350269189619,0.));
#12588=DIRECTION('',(0.5,0.707106781186555,0.5));
#12589=DIRECTION('',(0.,0.577350269189618,-0.816496580927731));
#12590=DIRECTION('',(-0.5,-0.707106781186566,-0.49999999999997));
#12591=DIRECTION('',(-0.816496580927731,0.577350269189619,0.));
#12592=DIRECTION('',(0.707106781186548,5.77239874516094E-16,-0.707106781186548));
#12593=DIRECTION('',(-0.707106781186548,0.,-0.707106781186548));
#12594=DIRECTION('',(-0.707106781186548,0.,-0.707106781186548));
#12595=DIRECTION('',(-0.707106781186548,0.,0.707106781186548));
#12596=DIRECTION('',(-0.707106781186548,4.31464180567002E-15,-0.707106781186548));
#12597=DIRECTION('',(-0.707106781186548,0.,0.707106781186548));
#12598=DIRECTION('',(-0.707106781186548,0.,-0.707106781186548));
#12599=DIRECTION('',(-0.707106781186548,0.,0.707106781186548));
#12600=DIRECTION('',(0.707106781186548,5.77239874516094E-16,-0.707106781186548));
#12601=DIRECTION('',(-0.707106781186548,0.,-0.707106781186548));
#12602=DIRECTION('',(-0.012340714939825,0.999847695156391,-0.012340714939825));
#12603=DIRECTION('',(0.,-0.0123416547509348,-0.999923838878746));
#12604=DIRECTION('',(-0.0123407149398269,0.999847695156391,-0.0123407149398261));
#12605=DIRECTION('',(0.999923838878746,0.0123416547509367,0.));
#12606=DIRECTION('',(0.,1.,0.));
#12607=DIRECTION('',(-0.707106781186571,0.,-0.707106781186524));
#12608=DIRECTION('',(8.16340459283203E-16,-1.,3.36667450178939E-31));
#12609=DIRECTION('',(-1.,-8.16340459283203E-16,0.));
#12610=DIRECTION('',(0.,1.,0.));
#12611=DIRECTION('',(0.,0.,-1.));
#12612=DIRECTION('',(0.,-1.,0.));
#12613=DIRECTION('',(0.,0.,1.));
#12614=DIRECTION('',(0.707106781186548,0.,0.707106781186548));
#12615=DIRECTION('',(0.707106781186548,0.,-0.707106781186548));
#12616=DIRECTION('',(0.707106781186548,0.,0.707106781186548));
#12617=DIRECTION('',(0.707106781186548,0.,-0.707106781186548));
#12618=DIRECTION('',(0.707106781186548,0.,0.707106781186548));
#12619=DIRECTION('',(0.707106781186548,0.,-0.707106781186548));
#12620=DIRECTION('',(0.,1.,0.));
#12621=DIRECTION('',(0.,0.,-1.));
#12622=DIRECTION('',(0.,0.,1.));
#12623=DIRECTION('',(1.,0.,0.));
#12624=DIRECTION('',(0.,0.,-1.));
#12625=DIRECTION('',(-1.,0.,0.));
#12626=DIRECTION('',(0.,0.,1.));
#12627=DIRECTION('',(1.,0.,0.));
#12628=DIRECTION('',(0.,1.,0.));
#12629=DIRECTION('',(0.,0.,-1.));
#12630=DIRECTION('',(-0.0626229125431238,0.,0.998037259236656));
#12631=DIRECTION('',(0.998037259236656,0.,0.0626229125431238));
#12632=DIRECTION('',(-0.201690098516406,0.965073547552123,0.167194952003948));
#12633=DIRECTION('',(-0.978852010300077,-0.204569650563075,0.));
#12634=DIRECTION('',(-7.92084963997564E-16,0.970287525247815,0.24195478575236));
#12635=DIRECTION('',(0.,0.24195478575236,-0.970287525247815));
#12636=DIRECTION('',(0.999999691242155,0.000331575523668869,-0.00071244176377299));
#12637=DIRECTION('',(-0.000712441802936746,0.,-0.999999746213306));
#12638=DIRECTION('',(0.776834309847162,0.377927938104002,-0.503685346863239));
#12639=DIRECTION('',(-0.544033590341633,0.,-0.839063437756641));
#12640=DIRECTION('',(0.497913747463556,-0.707458935384135,0.501581254466258));
#12641=DIRECTION('',(0.,-0.578373956352625,-0.815771761348119));
#12642=DIRECTION('',(-0.5,-0.707106781186555,-0.5));
#12643=DIRECTION('',(0.,-0.577350269189618,0.816496580927731));
#12644=DIRECTION('',(-0.499999999999987,-0.707106781186566,-0.499999999999987));
#12645=DIRECTION('',(0.,-0.577350269189606,0.81649658092774));
#12646=DIRECTION('',(-0.707106781186548,-5.77239874516094E-16,0.707106781186548));
#12647=DIRECTION('',(0.707106781186548,0.,0.707106781186548));
#12648=DIRECTION('',(-0.707106781186548,0.,-0.707106781186548));
#12649=DIRECTION('',(-0.707106781186548,0.,0.707106781186548));
#12650=DIRECTION('',(-0.707106781186548,4.31464180567002E-15,-0.707106781186548));
#12651=DIRECTION('',(-0.707106781186548,0.,0.707106781186548));
#12652=DIRECTION('',(-0.707106781186548,0.,-0.707106781186548));
#12653=DIRECTION('',(-0.707106781186548,0.,0.707106781186548));
#12654=DIRECTION('',(-0.707106781186548,-5.77239874516094E-16,0.707106781186548));
#12655=DIRECTION('',(0.707106781186548,0.,0.707106781186548));
#12656=DIRECTION('',(-0.012340714939825,0.999847695156391,-0.012340714939825));
#12657=DIRECTION('',(0.,-0.0123416547509348,-0.999923838878746));
#12658=DIRECTION('',(-0.0123407149398269,0.999847695156391,-0.0123407149398261));
#12659=DIRECTION('',(0.999923838878746,0.0123416547509367,0.));
#12660=DIRECTION('',(0.,1.,0.));
#12661=DIRECTION('',(-0.707106781186571,0.,-0.707106781186524));
#12662=DIRECTION('',(0.,1.,0.));
#12663=DIRECTION('',(0.,0.,-1.));
#12664=DIRECTION('',(0.,0.,-1.));
#12665=DIRECTION('',(0.,1.,0.));
#12666=DIRECTION('',(0.,0.,-1.));
#12667=DIRECTION('',(1.,0.,0.));
#12668=DIRECTION('',(0.,1.,0.));
#12669=DIRECTION('',(0.,0.,-1.));
#12670=DIRECTION('',(0.,0.,-1.));
#12671=DIRECTION('',(0.,1.,0.));
#12672=DIRECTION('',(0.,0.,-1.));
#12673=DIRECTION('',(1.,0.,0.));
#12674=DIRECTION('',(0.,1.,0.));
#12675=DIRECTION('',(0.,0.,-1.));
#12676=DIRECTION('',(0.,1.,0.));
#12677=DIRECTION('',(0.,0.,-1.));
#12678=DIRECTION('',(0.,1.,0.));
#12679=DIRECTION('',(0.,0.,-1.));
#12680=DIRECTION('',(-0.707106781186548,0.,-0.707106781186548));
#12681=DIRECTION('',(1.,0.,0.));
#12682=DIRECTION('',(0.,0.,1.));
#12683=DIRECTION('',(1.,0.,0.));
#12684=DIRECTION('',(0.707106781186548,5.77239874516094E-16,0.707106781186548));
#12685=DIRECTION('',(8.16340459283203E-16,-1.,0.));
#12686=DIRECTION('',(-1.,-8.16340459283203E-16,0.));
#12687=DIRECTION('',(4.63502542989784E-15,3.78375878823212E-30,1.));
#12688=DIRECTION('',(8.16340459283203E-16,-1.,0.));
#12689=DIRECTION('',(-1.,-8.16340459283203E-16,0.));
#12690=DIRECTION('',(-1.,-8.16340459283203E-16,-4.63502542989784E-15));
#12691=DIRECTION('',(8.16340459283203E-16,-1.,0.));
#12692=DIRECTION('',(-1.,-8.16340459283203E-16,0.));
#12693=DIRECTION('',(-0.707106781186548,-5.77239874516094E-16,-0.707106781186548));
#12694=DIRECTION('',(8.16340459283203E-16,-1.,0.));
#12695=DIRECTION('',(-1.,-8.16340459283203E-16,0.));
#12696=DIRECTION('',(-0.707106781186548,-5.77239874516094E-16,0.707106781186548));
#12697=DIRECTION('',(8.16340459283203E-16,-1.,0.));
#12698=DIRECTION('',(-1.,-8.16340459283203E-16,0.));
#12699=DIRECTION('',(1.,0.,0.));
#12700=DIRECTION('',(0.,0.,1.));
#12701=DIRECTION('',(-1.,-8.16340459283203E-16,0.));
#12702=DIRECTION('',(8.16340459283203E-16,-1.,0.));
#12703=DIRECTION('',(-1.,-8.16340459283203E-16,0.));
#12704=DIRECTION('',(0.,0.,1.));
#12705=DIRECTION('',(-1.,0.,0.));
#12706=DIRECTION('',(0.,0.,-1.));
#12707=DIRECTION('',(0.,1.,0.));
#12708=DIRECTION('',(0.,0.,-1.));
#12709=DIRECTION('',(0.,0.,-1.));
#12710=DIRECTION('',(-1.,0.,0.));
#12711=DIRECTION('',(0.,0.,-1.));
#12712=DIRECTION('',(-0.707106781186548,0.,-0.707106781186548));
#12713=DIRECTION('',(0.,-1.,0.));
#12714=DIRECTION('',(0.,0.,1.));
#12715=DIRECTION('',(0.,-1.,0.));
#12716=DIRECTION('',(0.,0.,1.));
#12717=DIRECTION('',(1.,0.,0.));
#12718=DIRECTION('',(0.,0.,-1.));
#12719=DIRECTION('',(0.707106781186548,0.,-0.707106781186548));
#12720=DIRECTION('',(0.,0.,1.));
#12721=DIRECTION('',(1.,0.,0.));
#12722=DIRECTION('',(0.,-1.,0.));
#12723=DIRECTION('',(1.,0.,0.));
#12724=DIRECTION('',(1.,0.,0.));
#12725=DIRECTION('',(0.,-1.,0.));
#12726=DIRECTION('',(1.,0.,0.));
#12727=DIRECTION('',(0.,-1.,0.));
#12728=DIRECTION('',(-1.,0.,0.));
#12729=DIRECTION('',(0.,-1.,0.));
#12730=DIRECTION('',(-1.,0.,0.));
#12731=DIRECTION('',(1.,0.,0.));
#12732=DIRECTION('',(0.,0.,-1.));
#12733=DIRECTION('',(0.,1.,0.));
#12734=DIRECTION('',(0.,0.,1.));
#12735=DIRECTION('',(0.,0.,1.));
#12736=DIRECTION('',(0.,1.,0.));
#12737=DIRECTION('',(0.,0.,-1.));
#12738=DIRECTION('',(0.,-1.,0.));
#12739=DIRECTION('',(0.,0.,-1.));
#12740=DIRECTION('',(0.,-1.,0.));
#12741=DIRECTION('',(0.,0.,-1.));
#12742=DIRECTION('',(0.,-1.,0.));
#12743=DIRECTION('',(0.,0.,1.));
#12744=DIRECTION('',(0.,-1.,0.));
#12745=DIRECTION('',(8.16340459283203E-16,-1.,0.));
#12746=DIRECTION('',(-1.,-8.16340459283203E-16,0.));
#12747=DIRECTION('',(0.,-1.,0.));
#12748=DIRECTION('',(5.55765921160943E-16,-1.,5.55765921160943E-16));
#12749=DIRECTION('',(0.,5.55765921160943E-16,1.));
#12750=DIRECTION('',(0.,-1.,0.));
#12751=DIRECTION('',(0.,0.,1.));
#12752=DIRECTION('',(0.,-1.,0.));
#12753=DIRECTION('',(0.,1.,0.));
#12754=DIRECTION('',(0.,0.,-1.));
#12755=DIRECTION('',(0.,-1.,0.));
#12756=DIRECTION('',(8.16340459283203E-16,-1.,0.));
#12757=DIRECTION('',(-1.,-8.16340459283203E-16,0.));
#12758=DIRECTION('',(-1.,0.,0.));
#12759=DIRECTION('',(0.,0.,1.));
#12760=DIRECTION('',(0.,0.,-1.));
#12761=DIRECTION('',(3.49148133884314E-15,0.,-1.));
#12762=DIRECTION('',(-1.,0.,-3.49148133884314E-15));
#12763=DIRECTION('',(-3.49148133884314E-15,0.,1.));
#12764=DIRECTION('',(3.49148133884314E-15,0.,-1.));
#12765=DIRECTION('',(-1.,0.,-3.49148133884314E-15));
#12766=DIRECTION('',(3.49148133884314E-15,0.,-1.));
#12767=DIRECTION('',(3.49148133884314E-15,0.,-1.));
#12768=DIRECTION('',(0.,-1.,0.));
#12769=DIRECTION('',(0.,0.,1.));
#12770=DIRECTION('',(0.,-1.,0.));
#12771=DIRECTION('',(0.,0.,-1.));
#12772=DIRECTION('',(1.,0.,0.));
#12773=DIRECTION('',(0.,8.16340459283203E-16,-1.));
#12774=DIRECTION('',(0.,1.,-8.16340459283203E-16));
#12775=DIRECTION('',(1.,0.,0.));
#12776=DIRECTION('',(0.,1.11153184232188E-15,-1.));
#12777=DIRECTION('',(0.,5.55765921160943E-16,-1.));
#12778=DIRECTION('',(0.,-1.,0.));
#12779=DIRECTION('',(0.,0.,-1.));
#12780=DIRECTION('',(0.,-1.,0.));
#12781=DIRECTION('',(-3.49148133884314E-15,0.,1.));
#12782=DIRECTION('',(-1.,0.,-3.49148133884314E-15));
#12783=DIRECTION('',(-3.49148133884314E-15,0.,1.));
#12784=DIRECTION('',(-3.49148133884314E-15,0.,1.));
#12785=DIRECTION('',(-1.,0.,-3.49148133884314E-15));
#12786=DIRECTION('',(3.49148133884314E-15,0.,-1.));
#12787=DIRECTION('',(-3.49148133884314E-15,0.,1.));
#12788=DIRECTION('',(0.,-1.,0.));
#12789=DIRECTION('',(0.,0.,1.));
#12790=DIRECTION('',(0.,5.55765921160943E-16,1.));
#12791=DIRECTION('',(-1.,0.,0.));
#12792=DIRECTION('',(0.,1.11153184232188E-15,1.));
#12793=DIRECTION('',(0.,1.,8.16340459283203E-16));
#12794=DIRECTION('',(-1.,0.,0.));
#12795=DIRECTION('',(0.,8.16340459283203E-16,1.));
#12796=DIRECTION('',(0.,0.,1.));
#12797=DIRECTION('',(0.,0.,-1.));
#12798=DIRECTION('',(-1.,0.,0.));
#12799=DIRECTION('',(-1.,0.,0.));
#12800=DIRECTION('',(0.,0.,-1.));
#12801=DIRECTION('',(-1.,0.,0.));
#12802=DIRECTION('',(-1.,0.,0.));
#12803=DIRECTION('',(0.,0.,-1.));
#12804=DIRECTION('',(1.,0.,0.));
#12805=DIRECTION('',(-1.,0.,0.));
#12806=DIRECTION('',(0.,-1.,0.));
#12807=DIRECTION('',(1.,-8.16340459283204E-16,0.));
#12808=DIRECTION('',(0.,-1.,0.));
#12809=DIRECTION('',(1.,-5.55765921160943E-16,0.));
#12810=DIRECTION('',(0.,0.,1.));
#12811=DIRECTION('',(1.,-1.11153184232188E-15,0.));
#12812=DIRECTION('',(-8.16340459283203E-16,-1.,0.));
#12813=DIRECTION('',(0.,0.,1.));
#12814=DIRECTION('',(1.,-8.16340459283203E-16,0.));
#12815=DIRECTION('',(1.,-8.16340459283204E-16,0.));
#12816=DIRECTION('',(0.,-1.,0.));
#12817=DIRECTION('',(-1.,0.,0.));
#12818=DIRECTION('',(0.,-1.,0.));
#12819=DIRECTION('',(1.,0.,0.));
#12820=DIRECTION('',(0.,0.,-1.));
#12821=DIRECTION('',(-1.,0.,0.));
#12822=DIRECTION('',(1.,0.,0.));
#12823=DIRECTION('',(0.,0.,-1.));
#12824=DIRECTION('',(1.,0.,0.));
#12825=DIRECTION('',(1.,0.,0.));
#12826=DIRECTION('',(0.,-1.,0.));
#12827=DIRECTION('',(1.,0.,0.));
#12828=DIRECTION('',(-1.,-8.16340459283204E-16,0.));
#12829=DIRECTION('',(0.,0.,-1.));
#12830=DIRECTION('',(-1.,-8.16340459283203E-16,0.));
#12831=DIRECTION('',(8.16340459283203E-16,-1.,0.));
#12832=DIRECTION('',(0.,0.,-1.));
#12833=DIRECTION('',(-1.,-1.11153184232188E-15,0.));
#12834=DIRECTION('',(-1.,-5.55765921160943E-16,0.));
#12835=DIRECTION('',(-1.,-8.16340459283204E-16,0.));
#12836=DIRECTION('',(0.,-1.,0.));
#12837=DIRECTION('',(0.,0.,1.));
#12838=DIRECTION('',(0.,-1.,0.));
#12839=DIRECTION('',(0.,0.,1.));
#12840=DIRECTION('',(1.,0.,0.));
#12841=DIRECTION('',(0.,0.,-1.));
#12842=DIRECTION('',(1.,0.,0.));
#12843=DIRECTION('',(0.,0.,-1.));
#12844=DIRECTION('',(-1.,0.,0.));
#12845=DIRECTION('',(0.,0.,1.));
#12846=DIRECTION('',(-1.,0.,0.));
#12847=DIRECTION('',(0.,0.,1.));
#12848=DIRECTION('',(0.,0.,-1.));
#12849=DIRECTION('',(0.,-1.,0.));
#12850=DIRECTION('',(0.,0.,-1.));
#12851=DIRECTION('',(-1.,0.,0.));
#12852=DIRECTION('',(0.,0.,-1.));
#12853=DIRECTION('',(-1.,0.,0.));
#12854=DIRECTION('',(1.,0.,0.));
#12855=DIRECTION('',(-1.,0.,0.));
#12856=DIRECTION('',(0.,0.,1.));
#12857=DIRECTION('',(-0.316227766016833,-2.58149519748283E-16,0.948683298050515));
#12858=DIRECTION('',(-0.948683298050515,0.,-0.316227766016834));
#12859=DIRECTION('',(0.,1.,0.));
#12860=DIRECTION('',(0.,0.,-1.));
#12861=DIRECTION('',(-1.,-8.16340459283203E-16,0.));
#12862=DIRECTION('',(-8.16340459283203E-16,1.,0.));
#12863=DIRECTION('',(-1.,0.,0.));
#12864=DIRECTION('',(0.,0.,1.));
#12865=DIRECTION('',(-1.,-8.16340459283203E-16,0.));
#12866=DIRECTION('',(8.16340459283203E-16,-1.,0.));
#12867=DIRECTION('',(-1.,-8.16340459283203E-16,0.));
#12868=DIRECTION('',(0.,0.,1.));
#12869=DIRECTION('',(1.,0.,0.));
#12870=DIRECTION('',(8.16340459283203E-16,-1.,0.));
#12871=DIRECTION('',(-1.,-8.16340459283203E-16,0.));
#12872=DIRECTION('',(0.,0.,1.));
#12873=DIRECTION('',(1.,0.,0.));
#12874=DIRECTION('',(0.,0.,-1.));
#12875=DIRECTION('',(-1.,0.,0.));
#12876=DIRECTION('',(0.,0.,1.));
#12877=DIRECTION('',(0.,1.,0.));
#12878=DIRECTION('',(0.,0.,-1.));
#12879=DIRECTION('',(0.948683298050512,-2.5814951974829E-16,-0.316227766016843));
#12880=DIRECTION('',(0.316227766016843,0.,0.948683298050512));
#12881=DIRECTION('',(0.714337658705912,0.663151226333326,0.223499799479017));
#12882=DIRECTION('',(-0.68036167193312,0.732876521226032,0.));
#12883=DIRECTION('',(4.63502542989784E-15,3.78375878823212E-30,-1.));
#12884=DIRECTION('',(-1.,0.,-4.63502542989784E-15));
#12885=DIRECTION('',(-8.16340459283203E-16,1.,0.));
#12886=DIRECTION('',(-1.,-8.16340459283203E-16,-4.63502542989784E-15));
#12887=DIRECTION('',(-8.16340459283203E-16,1.,0.));
#12888=DIRECTION('',(-1.,-5.55765921160945E-16,-4.63502542989784E-15));
#12889=DIRECTION('',(-8.16340459283203E-16,1.,0.));
#12890=DIRECTION('',(1.,8.16340459283203E-16,0.));
#12891=DIRECTION('',(8.16340459283203E-16,-1.,0.));
#12892=DIRECTION('',(-1.,-8.16340459283203E-16,0.));
#12893=DIRECTION('',(-8.16340459283203E-16,1.,0.));
#12894=DIRECTION('',(5.55765921160943E-16,-1.,5.55765921160943E-16));
#12895=DIRECTION('',(0.,5.55765921160943E-16,1.));
#12896=DIRECTION('',(-4.63502542989784E-15,-3.78375878823212E-30,-1.));
#12897=DIRECTION('',(-1.,0.,4.63502542989784E-15));
#12898=DIRECTION('',(0.,0.,1.));
#12899=DIRECTION('',(1.,0.,0.));
#12900=DIRECTION('',(4.63502542989784E-15,3.78375878823212E-30,1.));
#12901=DIRECTION('',(0.,0.,1.));
#12902=DIRECTION('',(1.,0.,0.));
#12903=DIRECTION('',(8.16340459283203E-16,-1.,0.));
#12904=DIRECTION('',(-1.,-8.16340459283203E-16,0.));
#12905=DIRECTION('',(0.707106781186513,0.,0.707106781186582));
#12906=DIRECTION('',(0.707106781186582,0.,-0.707106781186513));
#12907=DIRECTION('',(8.16340459283203E-16,-1.,0.));
#12908=DIRECTION('',(-1.,-8.16340459283203E-16,0.));
#12909=DIRECTION('',(-0.707106781186548,-5.77239874516094E-16,-0.707106781186548));
#12910=DIRECTION('',(-0.707106781186548,0.,0.707106781186548));
#12911=DIRECTION('',(-0.707106781186548,0.,-0.707106781186548));
#12912=DIRECTION('',(-0.707106781186548,0.,0.707106781186548));
#12913=DIRECTION('',(0.707106781186548,5.77239874516094E-16,0.707106781186548));
#12914=DIRECTION('',(8.16340459283203E-16,-1.,0.));
#12915=DIRECTION('',(-1.,-8.16340459283203E-16,0.));
#12916=DIRECTION('',(-0.707106781186548,0.,0.707106781186548));
#12917=DIRECTION('',(0.707106781186548,0.,0.707106781186548));
#12918=DIRECTION('',(8.16340459283203E-16,-1.,0.));
#12919=DIRECTION('',(-1.,-8.16340459283203E-16,0.));
#12920=DIRECTION('',(-0.707106781186548,-5.77239874516094E-16,-0.707106781186548));
#12921=DIRECTION('',(-0.707106781186548,0.,0.707106781186548));
#12922=DIRECTION('',(-8.16340459283203E-16,1.,0.));
#12923=DIRECTION('',(-0.707106781186548,-5.77239874516094E-16,0.707106781186548));
#12924=DIRECTION('',(-8.16340459283203E-16,1.,0.));
#12925=DIRECTION('',(-0.707106781186548,-5.77239874516094E-16,0.707106781186548));
#12926=DIRECTION('',(8.16340459283203E-16,-1.,0.));
#12927=DIRECTION('',(-1.,-8.16340459283203E-16,0.));
#12928=DIRECTION('',(-0.707106781186548,0.,0.707106781186548));
#12929=DIRECTION('',(0.707106781186548,0.,0.707106781186548));
#12930=DIRECTION('',(0.707106781186548,0.,0.707106781186548));
#12931=DIRECTION('',(0.707106781186548,0.,-0.707106781186548));
#12932=DIRECTION('',(8.16340459283203E-16,-1.,0.));
#12933=DIRECTION('',(-1.,-8.16340459283203E-16,0.));
#12934=DIRECTION('',(-0.707106781186548,-5.77239874516094E-16,0.707106781186548));
#12935=DIRECTION('',(0.707106781186548,0.,0.707106781186548));
#12936=DIRECTION('',(-8.16340459283203E-16,1.,0.));
#12937=DIRECTION('',(1.,8.16340459283203E-16,0.));
#12938=DIRECTION('',(-8.16340459283203E-16,1.,0.));
#12939=DIRECTION('',(0.,1.,0.));
#12940=DIRECTION('',(0.,0.,-1.));
#12941=DIRECTION('',(0.,0.,-1.));
#12942=DIRECTION('',(-1.,0.,0.));
#12943=DIRECTION('',(0.707106781186548,0.,0.707106781186548));
#12944=DIRECTION('',(0.707106781186548,0.,-0.707106781186548));
#12945=DIRECTION('',(-0.707106781186548,0.,0.707106781186548));
#12946=DIRECTION('',(0.707106781186548,0.,0.707106781186548));
#12947=DIRECTION('',(0.707106781186548,5.77239874516094E-16,0.707106781186548));
#12948=DIRECTION('',(0.707106781186548,0.,-0.707106781186548));
#12949=DIRECTION('',(0.707106781186548,5.77239874516094E-16,0.707106781186548));
#12950=DIRECTION('',(0.707106781186548,5.77239874516094E-16,0.707106781186548));
#12951=DIRECTION('',(0.,-1.,-8.16340459283203E-16));
#12952=DIRECTION('',(0.,-8.16340459283203E-16,1.));
#12953=DIRECTION('',(0.,1.,0.));
#12954=DIRECTION('',(0.,0.,-1.));
#12955=DIRECTION('',(0.,1.,8.16340459283203E-16));
#12956=DIRECTION('',(0.,0.,1.));
#12957=DIRECTION('',(1.,0.,0.));
#12958=DIRECTION('',(0.948683298050512,-3.51497231354035E-16,-0.316227766016843));
#12959=DIRECTION('',(0.316227766016843,0.,0.948683298050512));
#12960=DIRECTION('',(0.,-5.55765921160943E-16,-1.));
#12961=DIRECTION('',(0.,-1.,5.55765921160943E-16));
#12962=DIRECTION('',(0.,0.,1.));
#12963=DIRECTION('',(1.,0.,0.));
#12964=DIRECTION('',(0.,5.55765921160943E-16,1.));
#12965=DIRECTION('',(5.55765921160943E-16,-1.,5.55765921160943E-16));
#12966=DIRECTION('',(0.,5.55765921160943E-16,1.));
#12967=DIRECTION('',(-1.,0.,0.));
#12968=DIRECTION('',(0.,0.,1.));
#12969=DIRECTION('',(5.55765921160943E-16,-1.,5.55765921160943E-16));
#12970=DIRECTION('',(0.,5.55765921160943E-16,1.));
#12971=DIRECTION('',(1.,5.55765921160943E-16,0.));
#12972=DIRECTION('',(5.55765921160943E-16,-1.,0.));
#12973=DIRECTION('',(1.,0.,0.));
#12974=DIRECTION('',(0.,0.,-1.));
#12975=DIRECTION('',(-1.,-5.55765921160943E-16,0.));
#12976=DIRECTION('',(0.,1.,0.));
#12977=DIRECTION('',(0.,0.,-1.));
#12978=DIRECTION('',(-0.316227766016833,-3.51497231354025E-16,0.948683298050515));
#12979=DIRECTION('',(-0.948683298050515,0.,-0.316227766016834));
#12980=DIRECTION('',(-8.16340459283203E-16,1.,0.));
#12981=DIRECTION('',(1.,8.16340459283203E-16,0.));
#12982=DIRECTION('',(8.16340459283203E-16,-1.,0.));
#12983=DIRECTION('',(-0.707106781186548,-5.77239874516094E-16,-0.707106781186548));
#12984=DIRECTION('',(-0.707106781186548,0.,0.707106781186548));
#12985=DIRECTION('',(-0.707106781186548,-5.77239874516094E-16,-0.707106781186548));
#12986=DIRECTION('',(-0.707106781186548,-5.77239874516094E-16,-0.707106781186548));
#12987=DIRECTION('',(0.707106781186548,0.,0.707106781186548));
#12988=DIRECTION('',(0.707106781186548,0.,-0.707106781186548));
#12989=DIRECTION('',(0.,0.,-1.));
#12990=DIRECTION('',(-1.,0.,0.));
#12991=DIRECTION('',(0.,1.,0.));
#12992=DIRECTION('',(0.,0.,-1.));
#12993=DIRECTION('',(0.707106781186548,0.,-0.707106781186548));
#12994=DIRECTION('',(-0.707106781186548,0.,-0.707106781186548));
#12995=DIRECTION('',(8.16340459283203E-16,-1.,0.));
#12996=DIRECTION('',(-1.,-8.16340459283203E-16,0.));
#12997=DIRECTION('',(-0.707106781186548,-5.77239874516094E-16,0.707106781186548));
#12998=DIRECTION('',(0.707106781186548,5.77239874516094E-16,-0.707106781186548));
#12999=DIRECTION('',(-0.707106781186548,0.,-0.707106781186548));
#13000=DIRECTION('',(-8.16340459283203E-16,1.,0.));
#13001=DIRECTION('',(1.,8.16340459283203E-16,0.));
#13002=DIRECTION('',(-8.16340459283203E-16,1.,0.));
#13003=DIRECTION('',(0.707106781186548,5.77239874516094E-16,0.707106781186548));
#13004=DIRECTION('',(0.707106781186548,0.,-0.707106781186548));
#13005=DIRECTION('',(0.707106781186548,-4.906538933387E-14,0.707106781186548));
#13006=DIRECTION('',(0.707106781186548,0.,-0.707106781186548));
#13007=DIRECTION('',(-0.707106781186548,-5.77239874516094E-16,-0.707106781186548));
#13008=DIRECTION('',(8.16340459283203E-16,-1.,0.));
#13009=DIRECTION('',(-1.,-8.16340459283203E-16,0.));
#13010=DIRECTION('',(-1.,0.,0.));
#13011=DIRECTION('',(0.,0.,1.));
#13012=DIRECTION('',(8.16340459283203E-16,-1.,0.));
#13013=DIRECTION('',(-1.,-8.16340459283203E-16,0.));
#13014=DIRECTION('',(1.,8.16340459283203E-16,4.63502542989784E-15));
#13015=DIRECTION('',(4.63502542989784E-15,0.,-1.));
#13016=DIRECTION('',(-1.,0.,0.));
#13017=DIRECTION('',(0.,0.,1.));
#13018=DIRECTION('',(8.16340459283203E-16,-1.,0.));
#13019=DIRECTION('',(-1.,-8.16340459283203E-16,0.));
#13020=DIRECTION('',(-1.,-8.16340459283203E-16,4.63502542989784E-15));
#13021=DIRECTION('',(4.63502542989784E-15,0.,1.));
#13022=DIRECTION('',(-8.16340459283203E-16,1.,-4.93038065763132E-32));
#13023=DIRECTION('',(4.63502542989784E-15,5.55765921160945E-16,1.));
#13024=DIRECTION('',(0.999969626270657,-0.00751277025718691,0.00207480581850583));
#13025=DIRECTION('',(0.00751278642779788,0.999971778621822,0.));
#13026=DIRECTION('',(0.223499822828284,0.663151233182045,0.714337645042495));
#13027=DIRECTION('',(0.,-0.732876511233662,0.680361682696767));
#13028=DIRECTION('',(8.16340459283203E-16,-1.,4.93038065763135E-32));
#13029=DIRECTION('',(-1.,-8.16340459283203E-16,0.));
#13030=DIRECTION('',(-8.16340459283203E-16,1.,0.));
#13031=DIRECTION('',(-0.707106781186548,-5.77239874516094E-16,0.707106781186548));
#13032=DIRECTION('',(0.707106781186548,0.,0.707106781186548));
#13033=DIRECTION('',(-0.707106781186548,-7.85971703210581E-16,-0.707106781186548));
#13034=DIRECTION('',(0.707106781186548,7.85971703210581E-16,0.707106781186548));
#13035=DIRECTION('',(0.707106781186548,0.,-0.707106781186548));
#13036=DIRECTION('',(-0.707106781186548,-7.85971703210581E-16,-0.707106781186548));
#13037=DIRECTION('',(4.63502542989784E-15,5.55765921160945E-16,1.));
#13038=DIRECTION('',(1.,0.,-4.63502542989784E-15));
#13039=DIRECTION('',(0.,0.,-1.));
#13040=DIRECTION('',(-1.,0.,0.));
#13041=DIRECTION('',(4.63502542989784E-15,5.55765921160945E-16,1.));
#13042=DIRECTION('',(5.55765921160943E-16,-1.,5.55765921160943E-16));
#13043=DIRECTION('',(0.,5.55765921160943E-16,1.));
#13044=DIRECTION('',(1.,0.,0.));
#13045=DIRECTION('',(0.,0.,-1.));
#13046=DIRECTION('',(5.55765921160943E-16,-1.,5.55765921160943E-16));
#13047=DIRECTION('',(0.,5.55765921160943E-16,1.));
#13048=DIRECTION('',(-1.,-5.55765921160945E-16,-4.63502542989784E-15));
#13049=DIRECTION('',(-4.63502542989784E-15,0.,1.));
#13050=DIRECTION('',(-1.,-5.55765921160945E-16,-4.63502542989784E-15));
#13051=DIRECTION('',(0.00207480581853197,-0.00751277025731444,0.999969626270656));
#13052=DIRECTION('',(0.,-0.999971778621821,-0.00751278642792541));
#13053=DIRECTION('',(8.16340459283203E-16,-1.,4.93038065763135E-32));
#13054=DIRECTION('',(-1.,-8.16340459283203E-16,0.));
#13055=DIRECTION('',(-8.16340459283203E-16,1.,0.));
#13056=DIRECTION('',(0.707106781186548,5.77239874516094E-16,-0.707106781186548));
#13057=DIRECTION('',(-0.707106781186548,0.,-0.707106781186548));
#13058=DIRECTION('',(0.707106781186548,7.85971703210581E-16,0.707106781186548));
#13059=DIRECTION('',(-0.707106781186548,-7.85971703210581E-16,-0.707106781186548));
#13060=DIRECTION('',(-0.707106781186548,0.,0.707106781186548));
#13061=DIRECTION('',(0.707106781186548,7.85971703210581E-16,0.707106781186548));
#13062=DIRECTION('',(5.55765921160943E-16,-1.,5.55765921160943E-16));
#13063=DIRECTION('',(0.,5.55765921160943E-16,1.));
#13064=DIRECTION('',(0.,0.,1.));
#13065=DIRECTION('',(1.,0.,0.));
#13066=DIRECTION('',(0.,0.,1.));
#13067=DIRECTION('',(1.,0.,0.));
#13068=DIRECTION('',(0.,0.,1.));
#13069=DIRECTION('',(1.,0.,0.));
#13070=DIRECTION('',(8.16340459283203E-16,-1.,0.));
#13071=DIRECTION('',(-1.,-8.16340459283203E-16,0.));
#13072=DIRECTION('',(-1.,0.,0.));
#13073=DIRECTION('',(0.,0.,1.));
#13074=DIRECTION('',(-1.,-8.16340459283203E-16,0.));
#13075=DIRECTION('',(-8.16340459283203E-16,1.,0.));
#13076=DIRECTION('',(-1.,-8.16340459283203E-16,0.));
#13077=DIRECTION('',(-8.16340459283203E-16,1.,0.));
#13078=DIRECTION('',(0.,-1.,0.));
#13079=DIRECTION('',(0.,0.,1.));
#13080=DIRECTION('',(0.,-1.,0.));
#13081=DIRECTION('',(0.,0.,1.));
#13082=DIRECTION('',(1.,0.,0.));
#13083=DIRECTION('',(0.,0.,-1.));
#13084=DIRECTION('',(0.,-1.,0.));
#13085=DIRECTION('',(0.,0.,1.));
#13086=DIRECTION('',(1.,0.,0.));
#13087=DIRECTION('',(0.,0.,-1.));
#13088=DIRECTION('',(0.,-1.,0.));
#13089=DIRECTION('',(0.,0.,1.));
#13090=DIRECTION('',(0.707106781186548,0.,-0.707106781186548));
#13091=DIRECTION('',(0.,0.,1.));
#13092=DIRECTION('',(1.,0.,0.));
#13093=DIRECTION('',(0.,-1.,0.));
#13094=DIRECTION('',(0.,-1.,0.));
#13095=DIRECTION('',(1.,0.,0.));
#13096=DIRECTION('',(0.,-1.,0.));
#13097=DIRECTION('',(1.,0.,0.));
#13098=DIRECTION('',(0.,0.,-1.));
#13099=DIRECTION('',(0.,-1.,0.));
#13100=DIRECTION('',(0.,0.,-1.));
#13101=DIRECTION('',(0.,1.,0.));
#13102=DIRECTION('',(0.,1.,0.));
#13103=DIRECTION('',(0.,0.,-1.));
#13104=DIRECTION('',(1.,0.,0.));
#13105=DIRECTION('',(0.,0.,-1.));
#13106=DIRECTION('',(-1.,0.,0.));
#13107=DIRECTION('',(0.,0.,1.));
#13108=DIRECTION('',(0.,1.,0.));
#13109=DIRECTION('',(0.,0.,1.));
#13110=DIRECTION('',(-1.,0.,0.));
#13111=DIRECTION('',(0.,8.16340459283203E-16,1.));
#13112=DIRECTION('',(0.,-1.,-8.16340459283203E-16));
#13113=DIRECTION('',(0.,0.,-1.));
#13114=DIRECTION('',(-1.,0.,0.));
#13115=DIRECTION('',(8.16340459283203E-16,-1.,0.));
#13116=DIRECTION('',(0.,0.,-1.));
#13117=DIRECTION('',(-1.,-8.16340459283203E-16,0.));
#13118=DIRECTION('',(1.,8.16340459283203E-16,0.));
#13119=DIRECTION('',(-1.,0.,0.));
#13120=DIRECTION('',(0.,0.,1.));
#13121=DIRECTION('',(-8.16340459283203E-16,1.,0.));
#13122=DIRECTION('',(0.,0.,-1.));
#13123=DIRECTION('',(-1.,0.,0.));
#13124=DIRECTION('',(-8.16340459283203E-16,1.,0.));
#13125=DIRECTION('',(-0.707106781186548,-5.77239874516094E-16,-0.707106781186548));
#13126=DIRECTION('',(-0.707106781186548,0.,0.707106781186548));
#13127=DIRECTION('',(-4.08170229641602E-16,1.,-4.08170229641602E-16));
#13128=DIRECTION('',(-0.707106781186548,0.,0.707106781186548));
#13129=DIRECTION('',(-4.08170229641602E-16,1.,-4.08170229641602E-16));
#13130=DIRECTION('',(-8.16340459283203E-16,1.,0.));
#13131=DIRECTION('',(1.,8.16340459283203E-16,0.));
#13132=DIRECTION('',(-4.08170229641602E-16,1.,4.08170229641602E-16));
#13133=DIRECTION('',(-8.16340459283203E-16,1.,0.));
#13134=DIRECTION('',(1.,8.16340459283203E-16,0.));
#13135=DIRECTION('',(0.,0.,-1.));
#13136=DIRECTION('',(-1.,0.,0.));
#13137=DIRECTION('',(0.707106781186548,5.77239874516094E-16,0.707106781186548));
#13138=DIRECTION('',(0.707106781186548,0.,-0.707106781186548));
#13139=DIRECTION('',(0.707106781186548,5.77239874516094E-16,-0.707106781186548));
#13140=DIRECTION('',(-0.707106781186548,0.,-0.707106781186548));
#13141=DIRECTION('',(0.707106781186548,5.77239874516094E-16,0.707106781186548));
#13142=DIRECTION('',(0.707106781186548,0.,-0.707106781186548));
#13143=DIRECTION('',(0.707106781186548,5.77239874516094E-16,0.707106781186548));
#13144=DIRECTION('',(0.707106781186548,0.,0.707106781186548));
#13145=DIRECTION('',(-0.707106781186548,-5.77239874516094E-16,-0.707106781186548));
#13146=DIRECTION('',(-0.707106781186548,0.,0.707106781186548));
#13147=DIRECTION('',(-0.707106781186548,0.,-0.707106781186548));
#13148=DIRECTION('',(-0.707106781186548,-5.77239874516094E-16,-0.707106781186548));
#13149=DIRECTION('',(-0.707106781186548,0.,0.707106781186548));
#13150=DIRECTION('',(-0.707106781186548,-5.77239874516094E-16,-0.707106781186548));
#13151=DIRECTION('',(0.,0.,-1.));
#13152=DIRECTION('',(-1.,0.,0.));
#13153=DIRECTION('',(-1.38777878078141E-13,-1.,0.));
#13154=DIRECTION('',(-1.,1.38777878078141E-13,0.));
#13155=DIRECTION('',(0.707106781186548,5.77239874516094E-16,-0.707106781186548));
#13156=DIRECTION('',(-0.707106781186548,0.,-0.707106781186548));
#13157=DIRECTION('',(8.16340459283203E-16,-1.,0.));
#13158=DIRECTION('',(-1.,-8.16340459283203E-16,0.));
#13159=DIRECTION('',(0.707106781186548,5.77239874516094E-16,-0.707106781186548));
#13160=DIRECTION('',(0.707106781186548,5.77239874516094E-16,-0.707106781186548));
#13161=DIRECTION('',(-0.707106781186548,0.,-0.707106781186548));
#13162=DIRECTION('',(-8.16340459283203E-16,1.,0.));
#13163=DIRECTION('',(1.,8.16340459283203E-16,0.));
#13164=DIRECTION('',(-4.08170229641602E-16,1.,4.08170229641602E-16));
#13165=DIRECTION('',(-0.707106781186548,-5.77239874516094E-16,0.707106781186548));
#13166=DIRECTION('',(0.707106781186548,0.,0.707106781186548));
#13167=DIRECTION('',(0.707106781186548,5.77239874516094E-16,-0.707106781186548));
#13168=DIRECTION('',(-0.707106781186548,0.,-0.707106781186548));
#13169=DIRECTION('',(0.,-1.,0.));
#13170=DIRECTION('',(0.,0.,1.));
#13171=DIRECTION('',(0.,-1.,0.));
#13172=DIRECTION('',(0.,0.,-1.));
#13173=DIRECTION('',(0.,1.,0.));
#13174=DIRECTION('',(0.,0.,-1.));
#13175=DIRECTION('',(0.,0.,-1.));
#13176=DIRECTION('',(-1.,0.,0.));
#13177=DIRECTION('',(0.,0.,-1.));
#13178=DIRECTION('',(-1.,0.,0.));
#13179=DIRECTION('',(0.,0.,-1.));
#13180=DIRECTION('',(-1.,0.,0.));
#13181=DIRECTION('',(0.,-1.,0.));
#13182=DIRECTION('',(0.,0.,1.));
#13183=DIRECTION('',(0.,1.,0.));
#13184=DIRECTION('',(0.,0.,1.));
#13185=DIRECTION('',(0.,1.,0.));
#13186=DIRECTION('',(0.,0.,-1.));
#13187=DIRECTION('',(0.,0.,-1.));
#13188=DIRECTION('',(-1.,0.,0.));
#13189=DIRECTION('',(-1.,0.,0.));
#13190=DIRECTION('',(0.,0.,1.));
#13191=DIRECTION('',(1.,0.,0.));
#13192=DIRECTION('',(0.,0.,-1.));
#13193=DIRECTION('',(0.,-1.,0.));
#13194=DIRECTION('',(0.,0.,1.));
#13195=DIRECTION('',(0.,1.,0.));
#13196=DIRECTION('',(0.,0.,-1.));
#13197=DIRECTION('',(0.,1.,0.));
#13198=DIRECTION('',(0.,0.,-1.));
#13199=DIRECTION('',(0.,0.,-1.));
#13200=DIRECTION('',(-1.,0.,0.));
#13201=DIRECTION('',(-1.,0.,0.));
#13202=DIRECTION('',(0.,0.,1.));
#13203=DIRECTION('',(1.,0.,0.));
#13204=DIRECTION('',(0.,0.,-1.));
#13205=DIRECTION('',(-1.,0.,0.));
#13206=DIRECTION('',(0.,0.,1.));
#13207=DIRECTION('',(0.,0.,-1.));
#13208=DIRECTION('',(-1.,0.,0.));
#13209=DIRECTION('',(0.,0.,-1.));
#13210=DIRECTION('',(-1.,0.,0.));
#13211=DIRECTION('',(0.,1.,0.));
#13212=DIRECTION('',(0.,0.,-1.));
#13213=DIRECTION('',(0.,0.,-1.));
#13214=DIRECTION('',(-1.,0.,0.));
#13215=DIRECTION('',(0.,1.,0.));
#13216=DIRECTION('',(0.,0.,-1.));
#13217=DIRECTION('',(-1.,0.,0.));
#13218=DIRECTION('',(0.,0.,1.));
#13219=DIRECTION('',(0.,0.,-1.));
#13220=DIRECTION('',(-1.,0.,0.));
#13221=DIRECTION('',(0.,0.,-1.));
#13222=DIRECTION('',(-1.,0.,0.));
#13223=DIRECTION('',(1.,0.,0.));
#13224=DIRECTION('',(0.,0.,-1.));
#13225=DIRECTION('',(-1.,0.,0.));
#13226=DIRECTION('',(0.,0.,1.));
#13227=DIRECTION('',(0.,1.,0.));
#13228=DIRECTION('',(0.,0.,-1.));
#13229=DIRECTION('',(-1.,0.,-3.49148133884314E-15));
#13230=DIRECTION('',(-3.49148133884314E-15,0.,1.));
#13231=DIRECTION('',(-3.49148133884314E-15,0.,1.));
#13232=DIRECTION('',(-1.,0.,-3.49148133884314E-15));
#13233=DIRECTION('',(3.49148133884314E-15,0.,-1.));
#13234=DIRECTION('',(-3.49148133884314E-15,0.,1.));
#13235=DIRECTION('',(-1.,0.,-3.49148133884314E-15));
#13236=DIRECTION('',(-3.49148133884314E-15,0.,1.));
#13237=DIRECTION('',(-3.49148133884314E-15,0.,1.));
#13238=DIRECTION('',(0.,-1.,0.));
#13239=DIRECTION('',(3.49148133884314E-15,0.,-1.));
#13240=DIRECTION('',(-1.,0.,-3.49148133884314E-15));
#13241=DIRECTION('',(3.49148133884314E-15,0.,-1.));
#13242=DIRECTION('',(3.49148133884314E-15,0.,-1.));
#13243=DIRECTION('',(-1.,0.,-3.49148133884314E-15));
#13244=DIRECTION('',(-3.49148133884314E-15,0.,1.));
#13245=DIRECTION('',(3.49148133884314E-15,0.,-1.));
#13246=DIRECTION('',(0.,0.,-1.));
#13247=DIRECTION('',(-1.,0.,0.));
#13248=DIRECTION('',(1.,0.,0.));
#13249=DIRECTION('',(0.,0.,-1.));
#13250=DIRECTION('',(1.,0.,0.));
#13251=DIRECTION('',(1.,0.,0.));
#13252=DIRECTION('',(0.,0.,-1.));
#13253=DIRECTION('',(-1.,0.,0.));
#13254=DIRECTION('',(1.,0.,0.));
#13255=DIRECTION('',(0.,-1.,0.));
#13256=DIRECTION('',(-1.,0.,0.));
#13257=DIRECTION('',(0.,0.,-1.));
#13258=DIRECTION('',(1.,0.,0.));
#13259=DIRECTION('',(-1.,0.,0.));
#13260=DIRECTION('',(0.,0.,-1.));
#13261=DIRECTION('',(-1.,0.,0.));
#13262=DIRECTION('',(-1.,0.,0.));
#13263=DIRECTION('',(0.,1.,0.));
#13264=DIRECTION('',(0.,0.,-1.));
#13265=DIRECTION('',(0.,0.,1.));
#13266=DIRECTION('',(0.,-1.,0.));
#13267=DIRECTION('',(0.,0.,1.));
#13268=DIRECTION('',(0.,0.,1.));
#13269=DIRECTION('',(0.,-1.,0.));
#13270=DIRECTION('',(1.,0.,3.49148133884314E-15));
#13271=DIRECTION('',(1.,0.,3.49148133884314E-15));
#13272=DIRECTION('',(0.,1.,0.));
#13273=DIRECTION('',(-1.,0.,-3.49148133884314E-15));
#13274=DIRECTION('',(1.,0.,3.49148133884314E-15));
#13275=DIRECTION('',(0.,1.,0.));
#13276=DIRECTION('',(-1.,0.,-3.49148133884314E-15));
#13277=DIRECTION('',(0.,1.,0.));
#13278=DIRECTION('',(0.,0.,1.));
#13279=DIRECTION('',(-1.,0.,0.));
#13280=DIRECTION('',(1.,0.,3.49148133884314E-15));
#13281=DIRECTION('',(0.,-1.,0.));
#13282=DIRECTION('',(1.,0.,3.49148133884314E-15));
#13283=DIRECTION('',(1.,0.,0.));
#13284=DIRECTION('',(0.,-1.,0.));
#13285=DIRECTION('',(0.,0.,-1.));
#13286=DIRECTION('',(1.,0.,3.49148133884314E-15));
#13287=DIRECTION('',(1.,0.,3.49148133884314E-15));
#13288=DIRECTION('',(3.49148133884314E-15,0.,-1.));
#13289=DIRECTION('',(1.,0.,3.49148133884314E-15));
#13290=DIRECTION('',(1.,0.,3.49148133884314E-15));
#13291=DIRECTION('',(3.49148133884314E-15,0.,-1.));
#13292=DIRECTION('',(1.,0.,3.49148133884314E-15));
#13293=DIRECTION('',(0.,-1.,0.));
#13294=DIRECTION('',(1.,0.,3.49148133884314E-15));
#13295=DIRECTION('',(1.,0.,3.49148133884314E-15));
#13296=DIRECTION('',(1.,0.,3.49148133884314E-15));
#13297=DIRECTION('',(3.49148133884314E-15,0.,-1.));
#13298=DIRECTION('',(1.,0.,3.49148133884314E-15));
#13299=DIRECTION('',(3.49148133884314E-15,0.,-1.));
#13300=DIRECTION('',(1.,0.,3.49148133884314E-15));
#13301=DIRECTION('',(0.,1.,0.));
#13302=DIRECTION('',(-1.,0.,-3.49148133884314E-15));
#13303=DIRECTION('',(0.,-1.,0.));
#13304=DIRECTION('',(0.,0.,-1.));
#13305=DIRECTION('',(0.,-1.,0.));
#13306=DIRECTION('',(0.,-1.,0.));
#13307=DIRECTION('',(0.,0.,1.));
#13308=DIRECTION('',(0.,0.,1.));
#13309=DIRECTION('',(1.,0.,0.));
#13310=DIRECTION('',(1.,0.,0.));
#13311=DIRECTION('',(0.,-1.,0.));
#13312=DIRECTION('',(-1.,0.,0.));
#13313=DIRECTION('',(0.,0.,1.));
#13314=DIRECTION('',(-1.,0.,0.));
#13315=DIRECTION('',(-1.,0.,0.));
#13316=DIRECTION('',(0.,0.,1.));
#13317=DIRECTION('',(1.,0.,0.));
#13318=DIRECTION('',(-1.,0.,0.));
#13319=DIRECTION('',(0.,1.,0.));
#13320=DIRECTION('',(1.,0.,0.));
#13321=DIRECTION('',(0.,0.,1.));
#13322=DIRECTION('',(-1.,0.,0.));
#13323=DIRECTION('',(1.,0.,0.));
#13324=DIRECTION('',(0.,0.,1.));
#13325=DIRECTION('',(1.,0.,0.));
#13326=DIRECTION('',(0.,1.,0.));
#13327=DIRECTION('',(0.,0.,1.));
#13328=DIRECTION('',(0.,1.,0.));
#13329=DIRECTION('',(0.,0.,1.));
#13330=DIRECTION('',(0.,0.,1.));
#13331=DIRECTION('',(0.,0.,-1.));
#13332=DIRECTION('',(1.,0.,0.));
#13333=DIRECTION('',(0.,-1.,0.));
#13334=DIRECTION('',(0.,0.,-1.));
#13335=DIRECTION('',(0.,0.,-1.));
#13336=DIRECTION('',(0.,-1.,0.));
#13337=DIRECTION('',(0.,0.,-1.));
#13338=DIRECTION('',(-1.,0.,0.));
#13339=DIRECTION('',(0.,0.,-1.));
#13340=DIRECTION('',(0.,-1.,0.));
#13341=DIRECTION('',(0.,0.,-1.));
#13342=DIRECTION('',(0.,-1.,0.));
#13343=DIRECTION('',(0.,0.,-1.));
#13344=DIRECTION('',(0.,0.,1.));
#13345=DIRECTION('',(0.,0.,-1.));
#13346=DIRECTION('',(-1.,0.,0.));
#13347=DIRECTION('',(0.,1.,0.));
#13348=DIRECTION('',(0.,0.,1.));
#13349=DIRECTION('',(0.,0.,-1.));
#13350=DIRECTION('',(0.,1.,0.));
#13351=DIRECTION('',(0.,0.,1.));
#13352=DIRECTION('',(1.,0.,0.));
#13353=DIRECTION('',(0.,0.,-1.));
#13354=DIRECTION('',(0.,0.,-1.));
#13355=DIRECTION('',(-1.,0.,0.));
#13356=DIRECTION('',(0.,0.,1.));
#13357=DIRECTION('',(1.,0.,0.));
#13358=DIRECTION('',(0.,0.,-1.));
#13359=DIRECTION('',(0.,0.,-1.));
#13360=DIRECTION('',(-1.,0.,0.));
#13361=DIRECTION('',(0.,0.,1.));
#13362=DIRECTION('',(-1.,0.,0.));
#13363=DIRECTION('',(0.,0.,-1.));
#13364=DIRECTION('',(0.,-1.,0.));
#13365=DIRECTION('',(0.,0.,-1.));
#13366=DIRECTION('',(-1.,0.,0.));
#13367=DIRECTION('',(0.,0.,-1.));
#13368=DIRECTION('',(0.,0.,-1.));
#13369=DIRECTION('',(-1.,0.,0.));
#13370=DIRECTION('',(0.,0.,1.));
#13371=DIRECTION('',(1.,0.,0.));
#13372=DIRECTION('',(0.,0.,-1.));
#13373=DIRECTION('',(-1.,0.,0.));
#13374=DIRECTION('',(0.,0.,1.));
#13375=DIRECTION('',(-1.,0.,0.));
#13376=DIRECTION('',(0.,0.,-1.));
#13377=DIRECTION('',(0.,1.,0.));
#13378=DIRECTION('',(0.,0.,1.));
#13379=DIRECTION('',(1.,0.,0.));
#13380=DIRECTION('',(0.,0.,1.));
#13381=DIRECTION('',(1.,0.,0.));
#13382=DIRECTION('',(0.,-1.,0.));
#13383=DIRECTION('',(-1.,-8.16340459283204E-16,0.));
#13384=DIRECTION('',(0.,-1.,0.));
#13385=DIRECTION('',(-1.,-5.55765921160943E-16,0.));
#13386=DIRECTION('',(0.,0.,-1.));
#13387=DIRECTION('',(-1.,-1.11153184232188E-15,0.));
#13388=DIRECTION('',(8.16340459283203E-16,-1.,0.));
#13389=DIRECTION('',(0.,0.,-1.));
#13390=DIRECTION('',(-1.,-8.16340459283203E-16,0.));
#13391=DIRECTION('',(-1.,-8.16340459283204E-16,0.));
#13392=DIRECTION('',(0.,-1.,0.));
#13393=DIRECTION('',(1.,0.,0.));
#13394=DIRECTION('',(0.,-1.,0.));
#13395=DIRECTION('',(0.,-1.,0.));
#13396=DIRECTION('',(-1.,0.,0.));
#13397=DIRECTION('',(0.,-1.,0.));
#13398=DIRECTION('',(1.,-8.16340459283204E-16,0.));
#13399=DIRECTION('',(0.,0.,1.));
#13400=DIRECTION('',(1.,-8.16340459283203E-16,0.));
#13401=DIRECTION('',(-8.16340459283203E-16,-1.,0.));
#13402=DIRECTION('',(0.,0.,1.));
#13403=DIRECTION('',(1.,-1.11153184232188E-15,0.));
#13404=DIRECTION('',(1.,-5.55765921160943E-16,0.));
#13405=DIRECTION('',(0.,-1.,0.));
#13406=DIRECTION('',(1.,-8.16340459283204E-16,0.));
#13407=DIRECTION('',(0.,-1.,0.));
#13408=DIRECTION('',(0.,-1.,0.));
#13409=DIRECTION('',(0.,0.,-1.));
#13410=DIRECTION('',(0.,-1.,0.));
#13411=DIRECTION('',(0.,-1.,0.));
#13412=DIRECTION('',(0.,0.,1.));
#13413=DIRECTION('',(8.163404592832E-16,-1.,8.16340459283199E-16));
#13414=DIRECTION('',(-1.,-8.163404592832E-16,0.));
#13415=DIRECTION('',(-8.16340459283196E-16,1.,-3.50324616081205E-44));
#13416=DIRECTION('',(0.,-1.,0.));
#13417=DIRECTION('',(0.,0.,1.));
#13418=DIRECTION('',(-8.163404592832E-16,1.,-8.16340459283199E-16));
#13419=DIRECTION('',(0.,-1.,0.));
#13420=DIRECTION('',(0.,0.,1.));
#13421=DIRECTION('',(0.5,-0.707106781186541,-0.5));
#13422=DIRECTION('',(0.,0.577350269189634,-0.816496580927721));
#13423=DIRECTION('',(-0.5,0.707106781186541,0.5));
#13424=DIRECTION('',(0.499999999999994,0.707106781186555,-0.5));
#13425=DIRECTION('',(0.707106781186548,0.,0.707106781186547));
#13426=DIRECTION('',(0.5,0.707106781186555,-0.5));
#13427=DIRECTION('',(0.707106781186548,0.,0.707106781186547));
#13428=DIRECTION('',(-0.5,-0.707106781186555,0.5));
#13429=DIRECTION('',(0.707106781186548,0.,0.707106781186547));
#13430=DIRECTION('',(-0.707106781186547,0.,0.707106781186548));
#13431=DIRECTION('',(0.707106781186548,0.,0.707106781186547));
#13432=DIRECTION('',(0.696364240320019,-0.173648177666926,-0.69636424032002));
#13433=DIRECTION('',(0.707106781186548,0.,0.707106781186547));
#13434=DIRECTION('',(0.707106781186548,0.,0.707106781186547));
#13435=DIRECTION('',(-7.91033905045424E-16,0.970287525247815,-0.24195478575236));
#13436=DIRECTION('',(-0.24195478575236,-0.970287525247815,5.90629767889809E-18));
#13437=DIRECTION('',(0.707106781186548,0.,0.707106781186547));
#13438=DIRECTION('',(-0.707106781186547,0.,0.707106781186548));
#13439=DIRECTION('',(0.707106781186548,0.,0.707106781186547));
#13440=DIRECTION('',(0.,1.,0.));
#13441=DIRECTION('',(0.,0.,1.));
#13442=DIRECTION('',(1.,0.,0.));
#13443=DIRECTION('',(0.,-1.,0.));
#13444=DIRECTION('',(0.,0.,1.));
#13445=DIRECTION('',(-0.707106781186548,0.,0.707106781186548));
#13446=DIRECTION('',(1.,0.,-4.63502542989784E-15));
#13447=DIRECTION('',(0.,-1.,0.));
#13448=DIRECTION('',(0.,0.,1.));
#13449=DIRECTION('',(-4.63502542989784E-15,0.,1.));
#13450=DIRECTION('',(-0.707106781186548,0.,0.707106781186548));
#13451=DIRECTION('',(0.,-1.,0.));
#13452=DIRECTION('',(0.,0.,1.));
#13453=DIRECTION('',(0.,0.,1.));
#13454=DIRECTION('',(0.,-1.,0.));
#13455=DIRECTION('',(0.,0.,1.));
#13456=DIRECTION('',(0.,-1.,0.));
#13457=DIRECTION('',(0.,0.,1.));
#13458=DIRECTION('',(0.707106781186548,5.77239874516094E-16,0.707106781186548));
#13459=DIRECTION('',(-0.707106781186548,0.,0.707106781186548));
#13460=DIRECTION('',(-0.707106781186548,0.,0.707106781186548));
#13461=DIRECTION('',(-8.16340459283203E-16,1.,0.));
#13462=DIRECTION('',(-0.707106781186548,-5.77239874516094E-16,-0.707106781186548));
#13463=DIRECTION('',(0.707106781186548,-5.77239874516088E-16,-0.707106781186548));
#13464=DIRECTION('',(-0.707106781186548,0.,0.707106781186548));
#13465=DIRECTION('',(8.16340459283203E-16,-1.,0.));
#13466=DIRECTION('',(-0.5,-0.707106781186555,0.5));
#13467=DIRECTION('',(-0.707106781186548,-5.77239874516094E-16,-0.707106781186548));
#13468=DIRECTION('',(-0.707106781186548,0.,0.707106781186548));
#13469=DIRECTION('',(0.707106781186548,-4.31464180567002E-15,-0.707106781186548));
#13470=DIRECTION('',(-0.707106781186548,-5.77239874516094E-16,-0.707106781186548));
#13471=DIRECTION('',(-0.707106781186548,0.,0.707106781186548));
#13472=DIRECTION('',(0.0123407149398269,-0.999847695156391,-0.0123407149398261));
#13473=DIRECTION('',(-0.707106781186548,-5.77239874516094E-16,-0.707106781186548));
#13474=DIRECTION('',(0.707106781186548,0.,-0.707106781186548));
#13475=DIRECTION('',(0.707106781186548,5.77239874516094E-16,0.707106781186548));
#13476=DIRECTION('',(0.707106781186548,0.,-0.707106781186548));
#13477=DIRECTION('',(0.707106781186548,-4.31464180567002E-15,-0.707106781186548));
#13478=DIRECTION('',(0.707106781186548,5.77239874516094E-16,0.707106781186548));
#13479=DIRECTION('',(0.707106781186548,0.,-0.707106781186548));
#13480=DIRECTION('',(0.5,0.707106781186555,-0.5));
#13481=DIRECTION('',(-8.16340459283203E-16,1.,1.2924107119342E-31));
#13482=DIRECTION('',(-0.707106781186548,0.,0.707106781186548));
#13483=DIRECTION('',(0.707106781186548,5.77239874516094E-16,0.707106781186548));
#13484=DIRECTION('',(-0.707106781186548,-5.77239874516088E-16,0.707106781186548));
#13485=DIRECTION('',(8.16340459283203E-16,-1.,-2.70808094030918E-31));
#13486=DIRECTION('',(-0.707106781186548,0.,0.707106781186548));
#13487=DIRECTION('',(0.0123407149398269,-0.999847695156391,-0.0123407149398261));
#13488=DIRECTION('',(-0.706999085398824,-0.0174524064372829,0.706999085398825));
#13489=DIRECTION('',(-0.707106781186548,0.,-0.707106781186547));
#13490=DIRECTION('',(0.707106781186548,0.,0.707106781186547));
#13491=DIRECTION('',(0.0123407149398269,-0.999847695156391,-0.0123407149398261));
#13492=DIRECTION('',(0.707106781186548,0.,0.707106781186547));
#13493=DIRECTION('',(0.0123407149398269,-0.999847695156391,-0.0123407149398261));
#13494=DIRECTION('',(0.707106781186548,0.,0.707106781186547));
#13495=DIRECTION('',(-0.707106781186547,0.,0.707106781186548));
#13496=DIRECTION('',(0.707106781186548,0.,0.707106781186547));
#13497=DIRECTION('',(0.707106781186548,5.77239874516094E-16,0.707106781186548));
#13498=DIRECTION('',(0.707106781186548,0.,-0.707106781186548));
#13499=DIRECTION('',(-0.707106781186548,-5.77239874516094E-16,-0.707106781186548));
#13500=DIRECTION('',(-0.707106781186548,0.,0.707106781186548));
#13501=DIRECTION('',(-3.05091247918024E-15,-1.,3.05091247918024E-15));
#13502=DIRECTION('',(0.,-3.05091247918024E-15,-1.));
#13503=DIRECTION('',(0.707106781186548,0.,0.707106781186547));
#13504=DIRECTION('',(0.707106781186548,-4.31464180567002E-15,-0.707106781186548));
#13505=DIRECTION('',(0.707106781186548,-4.31464180567002E-15,-0.707106781186548));
#13506=DIRECTION('',(0.707106781186548,0.,0.707106781186547));
#13507=DIRECTION('',(-0.707106781186547,0.,0.707106781186548));
#13508=DIRECTION('',(0.707106781186548,5.77239874516094E-16,0.707106781186548));
#13509=DIRECTION('',(0.707106781186548,0.,-0.707106781186548));
#13510=DIRECTION('',(-0.707106781186548,-5.77239874516094E-16,-0.707106781186548));
#13511=DIRECTION('',(-0.707106781186548,0.,0.707106781186548));
#13512=DIRECTION('',(-1.,-8.16340459283203E-16,-4.63502542989784E-15));
#13513=DIRECTION('',(4.63502542989784E-15,0.,-1.));
#13514=DIRECTION('',(-4.63502542989784E-15,0.,1.));
#13515=DIRECTION('',(4.63502542989784E-15,0.,-1.));
#13516=DIRECTION('',(8.16340459283203E-16,-1.,-3.3666745017894E-31));
#13517=DIRECTION('',(4.63502542989784E-15,3.78375878823212E-30,1.));
#13518=DIRECTION('',(-1.,0.,4.63502542989784E-15));
#13519=DIRECTION('',(-1.,0.,4.63502542989784E-15));
#13520=DIRECTION('',(1.,0.,-4.63502542989784E-15));
#13521=DIRECTION('',(-8.16340459283203E-16,1.,-7.00649232162408E-46));
#13522=DIRECTION('',(1.,8.16340459283203E-16,0.));
#13523=DIRECTION('',(8.16340459283203E-16,-1.,0.));
#13524=DIRECTION('',(-7.92084963997564E-16,0.970287525247815,-0.24195478575236));
#13525=DIRECTION('',(8.16340459283203E-16,-1.,0.));
#13526=DIRECTION('',(0.,0.,1.));
#13527=DIRECTION('',(-8.16340459283203E-16,1.,1.68333725089469E-31));
#13528=DIRECTION('',(-1.,-8.16340459283203E-16,0.));
#13529=DIRECTION('',(6.66411745462712E-31,-8.16340459283204E-16,1.));
#13530=DIRECTION('',(8.16340459283203E-16,-1.,0.));
#13531=DIRECTION('',(-1.,-8.16340459283203E-16,0.));
#13532=DIRECTION('',(0.,-1.,0.));
#13533=DIRECTION('',(0.,0.,1.));
#13534=DIRECTION('',(0.,0.,-1.));
#13535=DIRECTION('',(1.,0.,0.));
#13536=DIRECTION('',(8.16340459283203E-16,-1.,0.));
#13537=DIRECTION('',(1.,0.,0.));
#13538=DIRECTION('',(8.16340459283203E-16,-1.,0.));
#13539=DIRECTION('',(-0.24195478575236,-0.970287525247815,0.));
#13540=DIRECTION('',(8.16340459283203E-16,-1.,0.));
#13541=DIRECTION('',(-1.,-8.16340459283203E-16,0.));
#13542=DIRECTION('',(0.,-1.,0.));
#13543=DIRECTION('',(0.,0.,1.));
#13544=DIRECTION('',(-8.16340459283203E-16,1.,0.));
#13545=DIRECTION('',(1.,8.16340459283203E-16,0.));
#13546=DIRECTION('',(0.,-1.,0.));
#13547=DIRECTION('',(0.,0.,1.));
#13548=DIRECTION('',(0.473029498104879,-0.743294146247158,-0.47302949810488));
#13549=DIRECTION('',(0.525588331227631,0.668964731622459,-0.525588331227631));
#13550=DIRECTION('',(8.16340459283203E-16,-1.,-1.68333725089469E-31));
#13551=DIRECTION('',(-1.,-8.16340459283203E-16,0.));
#13552=DIRECTION('',(0.,-1.,0.));
#13553=DIRECTION('',(0.,0.,1.));
#13554=DIRECTION('',(-4.63502542989784E-15,0.,1.));
#13555=DIRECTION('',(-1.,0.,-4.63502542989784E-15));
#13556=DIRECTION('',(0.,0.,-1.));
#13557=DIRECTION('',(-1.,0.,0.));
#13558=DIRECTION('',(-0.948683298050509,-7.74448559244855E-16,-0.316227766016851));
#13559=DIRECTION('',(-0.316227766016851,0.,0.948683298050509));
#13560=DIRECTION('',(0.,1.,0.));
#13561=DIRECTION('',(0.,0.,1.));
#13562=DIRECTION('',(-1.,0.,0.));
#13563=DIRECTION('',(0.,0.,1.));
#13564=DIRECTION('',(1.,0.,-4.63502542989784E-15));
#13565=DIRECTION('',(4.63502542989784E-15,0.,1.));
#13566=DIRECTION('',(0.316227766016851,7.74448559244855E-16,0.948683298050509));
#13567=DIRECTION('',(0.948683298050509,0.,-0.316227766016851));
#13568=DIRECTION('',(-8.16340459283203E-16,1.,-9.90867646590378E-46));
#13569=DIRECTION('',(1.,8.16340459283203E-16,0.));
#13570=DIRECTION('',(0.,-1.,0.));
#13571=DIRECTION('',(0.,0.,1.));
#13572=DIRECTION('',(0.,1.,0.));
#13573=DIRECTION('',(0.,0.,-1.));
#13574=DIRECTION('',(-0.707106781186548,0.,0.707106781186548));
#13575=DIRECTION('',(0.707106781186548,0.,0.707106781186548));
#13576=DIRECTION('',(0.707106781186548,0.,-0.707106781186548));
#13577=DIRECTION('',(0.707106781186548,0.,0.707106781186548));
#13578=DIRECTION('',(-0.707106781186548,0.,0.707106781186548));
#13579=DIRECTION('',(0.707106781186548,0.,0.707106781186548));
#13580=DIRECTION('',(0.,1.,0.));
#13581=DIRECTION('',(0.,0.,1.));
#13582=DIRECTION('',(-1.,0.,0.));
#13583=DIRECTION('',(0.,0.,1.));
#13584=DIRECTION('',(1.,0.,0.));
#13585=DIRECTION('',(0.,0.,1.));
#13586=DIRECTION('',(-1.,0.,0.));
#13587=DIRECTION('',(0.,0.,1.));
#13588=DIRECTION('',(0.,1.,0.));
#13589=DIRECTION('',(0.,0.,1.));
#13590=DIRECTION('',(-0.998037259236656,0.,-0.0626229125431237));
#13591=DIRECTION('',(-0.0626229125431237,0.,0.998037259236656));
#13592=DIRECTION('',(0.167194949694743,0.965073547458826,0.201690100877087));
#13593=DIRECTION('',(0.,-0.204569652876207,0.978852009816657));
#13594=DIRECTION('',(-0.24195478575236,-0.970287525247815,0.));
#13595=DIRECTION('',(-0.970287525247815,0.24195478575236,0.));
#13596=DIRECTION('',(0.000712442313223551,-0.000331575794784564,0.999999691241674));
#13597=DIRECTION('',(0.999999746212915,0.,-0.000712442352387401));
#13598=DIRECTION('',(0.503685346867533,-0.377927938115747,0.776834309838664));
#13599=DIRECTION('',(0.839063437751808,0.,-0.544033590349087));
#13600=DIRECTION('',(0.5,0.707106781186566,-0.49999999999997));
#13601=DIRECTION('',(-0.816496580927731,0.577350269189619,0.));
#13602=DIRECTION('',(0.5,0.707106781186555,-0.5));
#13603=DIRECTION('',(0.,0.577350269189618,0.816496580927731));
#13604=DIRECTION('',(0.5,0.707106781186566,-0.49999999999997));
#13605=DIRECTION('',(-0.816496580927731,0.577350269189619,0.));
#13606=DIRECTION('',(0.707106781186548,5.77239874516094E-16,0.707106781186548));
#13607=DIRECTION('',(-0.707106781186548,0.,0.707106781186548));
#13608=DIRECTION('',(0.707106781186548,0.,-0.707106781186548));
#13609=DIRECTION('',(-0.707106781186548,0.,-0.707106781186548));
#13610=DIRECTION('',(-0.707106781186548,4.31464180567002E-15,0.707106781186548));
#13611=DIRECTION('',(-0.707106781186548,0.,-0.707106781186548));
#13612=DIRECTION('',(0.707106781186548,0.,-0.707106781186548));
#13613=DIRECTION('',(-0.707106781186548,0.,-0.707106781186548));
#13614=DIRECTION('',(0.707106781186548,5.77239874516094E-16,0.707106781186548));
#13615=DIRECTION('',(-0.707106781186548,0.,0.707106781186548));
#13616=DIRECTION('',(0.012340714939825,-0.999847695156391,-0.012340714939825));
#13617=DIRECTION('',(0.,-0.0123416547509348,0.999923838878746));
#13618=DIRECTION('',(-0.0123407149398269,0.999847695156391,0.0123407149398261));
#13619=DIRECTION('',(0.999923838878746,0.0123416547509367,0.));
#13620=DIRECTION('',(0.,-1.,0.));
#13621=DIRECTION('',(-0.707106781186571,0.,0.707106781186524));
#13622=DIRECTION('',(8.16340459283203E-16,-1.,-3.36667450178939E-31));
#13623=DIRECTION('',(-1.,-8.16340459283203E-16,0.));
#13624=DIRECTION('',(0.,-1.,0.));
#13625=DIRECTION('',(0.,0.,1.));
#13626=DIRECTION('',(0.,1.,0.));
#13627=DIRECTION('',(0.,0.,-1.));
#13628=DIRECTION('',(-0.707106781186548,0.,0.707106781186548));
#13629=DIRECTION('',(0.707106781186548,0.,0.707106781186548));
#13630=DIRECTION('',(0.707106781186548,0.,-0.707106781186548));
#13631=DIRECTION('',(0.707106781186548,0.,0.707106781186548));
#13632=DIRECTION('',(-0.707106781186548,0.,0.707106781186548));
#13633=DIRECTION('',(0.707106781186548,0.,0.707106781186548));
#13634=DIRECTION('',(0.,1.,0.));
#13635=DIRECTION('',(0.,0.,1.));
#13636=DIRECTION('',(0.,0.,1.));
#13637=DIRECTION('',(1.,0.,0.));
#13638=DIRECTION('',(0.,0.,1.));
#13639=DIRECTION('',(-1.,0.,0.));
#13640=DIRECTION('',(0.,0.,1.));
#13641=DIRECTION('',(1.,0.,0.));
#13642=DIRECTION('',(0.,1.,0.));
#13643=DIRECTION('',(0.,0.,1.));
#13644=DIRECTION('',(0.0626229125431238,0.,0.998037259236656));
#13645=DIRECTION('',(0.998037259236656,0.,-0.0626229125431238));
#13646=DIRECTION('',(-0.201690100877064,0.965073547458832,-0.167194949694738));
#13647=DIRECTION('',(-0.978852009816662,-0.204569652876183,0.));
#13648=DIRECTION('',(-7.92084963997564E-16,0.970287525247815,-0.24195478575236));
#13649=DIRECTION('',(0.,0.24195478575236,0.970287525247815));
#13650=DIRECTION('',(0.999999691242155,0.000331575523659884,0.000712441763768513));
#13651=DIRECTION('',(0.00071244180293227,0.,-0.999999746213307));
#13652=DIRECTION('',(0.757936460361837,0.375326108203289,0.533537847350254));
#13653=DIRECTION('',(0.575619782443016,0.,-0.817717473251156));
#13654=DIRECTION('',(0.497913747445436,-0.70745893538651,-0.501581254480895));
#13655=DIRECTION('',(0.,0.578373956362565,-0.815771761341072));
#13656=DIRECTION('',(-0.5,-0.707106781186555,0.5));
#13657=DIRECTION('',(0.,-0.577350269189618,-0.816496580927731));
#13658=DIRECTION('',(0.499999999999987,0.707106781186566,-0.499999999999987));
#13659=DIRECTION('',(0.,-0.577350269189606,-0.81649658092774));
#13660=DIRECTION('',(-0.707106781186548,-5.77239874516094E-16,-0.707106781186548));
#13661=DIRECTION('',(0.707106781186548,0.,-0.707106781186548));
#13662=DIRECTION('',(0.707106781186548,0.,-0.707106781186548));
#13663=DIRECTION('',(-0.707106781186548,0.,-0.707106781186548));
#13664=DIRECTION('',(-0.707106781186548,4.31464180567002E-15,0.707106781186548));
#13665=DIRECTION('',(-0.707106781186548,0.,-0.707106781186548));
#13666=DIRECTION('',(0.707106781186548,0.,-0.707106781186548));
#13667=DIRECTION('',(-0.707106781186548,0.,-0.707106781186548));
#13668=DIRECTION('',(-0.707106781186548,-5.77239874516094E-16,-0.707106781186548));
#13669=DIRECTION('',(0.707106781186548,0.,-0.707106781186548));
#13670=DIRECTION('',(0.012340714939825,-0.999847695156391,-0.012340714939825));
#13671=DIRECTION('',(0.,-0.0123416547509348,0.999923838878746));
#13672=DIRECTION('',(-0.0123407149398269,0.999847695156391,0.0123407149398261));
#13673=DIRECTION('',(0.999923838878746,0.0123416547509367,0.));
#13674=DIRECTION('',(0.,-1.,0.));
#13675=DIRECTION('',(-0.707106781186571,0.,0.707106781186524));
#13676=DIRECTION('',(0.,1.,0.));
#13677=DIRECTION('',(0.,0.,1.));
#13678=DIRECTION('',(0.,0.,1.));
#13679=DIRECTION('',(0.,-1.,0.));
#13680=DIRECTION('',(0.,0.,1.));
#13681=DIRECTION('',(1.,0.,0.));
#13682=DIRECTION('',(0.,-1.,0.));
#13683=DIRECTION('',(0.,0.,1.));
#13684=DIRECTION('',(0.,0.,1.));
#13685=DIRECTION('',(0.,-1.,0.));
#13686=DIRECTION('',(0.,0.,1.));
#13687=DIRECTION('',(1.,0.,0.));
#13688=DIRECTION('',(0.,-1.,0.));
#13689=DIRECTION('',(0.,0.,1.));
#13690=DIRECTION('',(0.,1.,0.));
#13691=DIRECTION('',(0.,0.,1.));
#13692=DIRECTION('',(0.,-1.,0.));
#13693=DIRECTION('',(0.,0.,1.));
#13694=DIRECTION('',(1.,0.,0.));
#13695=DIRECTION('',(0.,0.,-1.));
#13696=DIRECTION('',(1.,0.,0.));
#13697=DIRECTION('',(-0.707106781186548,0.,0.707106781186548));
#13698=DIRECTION('',(0.707106781186548,5.77239874516094E-16,-0.707106781186548));
#13699=DIRECTION('',(-8.16340459283203E-16,1.,0.));
#13700=DIRECTION('',(-1.,-8.16340459283203E-16,0.));
#13701=DIRECTION('',(-0.707106781186548,-5.77239874516094E-16,-0.707106781186548));
#13702=DIRECTION('',(-8.16340459283203E-16,1.,0.));
#13703=DIRECTION('',(-1.,-8.16340459283203E-16,0.));
#13704=DIRECTION('',(-0.707106781186548,-5.77239874516094E-16,0.707106781186548));
#13705=DIRECTION('',(-8.16340459283203E-16,1.,0.));
#13706=DIRECTION('',(-1.,-8.16340459283203E-16,0.));
#13707=DIRECTION('',(-1.,-8.16340459283203E-16,4.63502542989784E-15));
#13708=DIRECTION('',(-8.16340459283203E-16,1.,0.));
#13709=DIRECTION('',(-1.,-8.16340459283203E-16,0.));
#13710=DIRECTION('',(4.63502542989784E-15,3.78375878823212E-30,-1.));
#13711=DIRECTION('',(-8.16340459283203E-16,1.,0.));
#13712=DIRECTION('',(-1.,-8.16340459283203E-16,0.));
#13713=DIRECTION('',(1.,0.,0.));
#13714=DIRECTION('',(0.,0.,1.));
#13715=DIRECTION('',(-1.,0.,0.));
#13716=DIRECTION('',(0.,0.,-1.));
#13717=DIRECTION('',(-8.16340459283203E-16,1.,0.));
#13718=DIRECTION('',(-1.,-8.16340459283203E-16,0.));
#13719=DIRECTION('',(-1.,-8.16340459283203E-16,0.));
#13720=DIRECTION('',(0.,0.,-1.));
#13721=DIRECTION('',(0.,-1.,0.));
#13722=DIRECTION('',(0.,0.,1.));
#13723=DIRECTION('',(-0.707106781186548,0.,0.707106781186548));
#13724=DIRECTION('',(0.,0.,1.));
#13725=DIRECTION('',(-1.,0.,0.));
#13726=DIRECTION('',(0.,0.,1.));
#13727=DIRECTION('',(0.,-1.,0.));
#13728=DIRECTION('',(0.,0.,-1.));
#13729=DIRECTION('',(0.,1.,0.));
#13730=DIRECTION('',(0.,0.,-1.));
#13731=DIRECTION('',(0.707106781186548,0.,0.707106781186548));
#13732=DIRECTION('',(0.,0.,1.));
#13733=DIRECTION('',(1.,0.,0.));
#13734=DIRECTION('',(0.,0.,-1.));
#13735=DIRECTION('',(1.,0.,0.));
#13736=DIRECTION('',(-1.,0.,0.));
#13737=DIRECTION('',(0.,-1.,0.));
#13738=DIRECTION('',(1.,0.,0.));
#13739=DIRECTION('',(0.,-1.,0.));
#13740=DIRECTION('',(1.,0.,0.));
#13741=DIRECTION('',(0.,-1.,0.));
#13742=DIRECTION('',(1.,0.,0.));
#13743=DIRECTION('',(0.,0.,1.));
#13744=DIRECTION('',(0.,0.,1.));
#13745=DIRECTION('',(0.,-1.,0.));
#13746=DIRECTION('',(0.,0.,1.));
#13747=DIRECTION('',(0.,1.,0.));
#13748=DIRECTION('',(0.,0.,-1.));
#13749=DIRECTION('',(0.,-1.,0.));
#13750=DIRECTION('',(0.,-1.,0.));
#13751=DIRECTION('',(0.,0.,-1.));
#13752=DIRECTION('',(-5.55765921160943E-16,1.,5.55765921160943E-16));
#13753=DIRECTION('',(0.,5.55765921160943E-16,-1.));
#13754=DIRECTION('',(-8.16340459283203E-16,1.,0.));
#13755=DIRECTION('',(-1.,-8.16340459283203E-16,0.));
#13756=DIRECTION('',(0.,-1.,0.));
#13757=DIRECTION('',(0.,0.,-1.));
#13758=DIRECTION('',(-8.16340459283203E-16,1.,0.));
#13759=DIRECTION('',(-1.,-8.16340459283203E-16,0.));
#13760=DIRECTION('',(0.,-1.,0.));
#13761=DIRECTION('',(0.,0.,1.));
#13762=DIRECTION('',(0.,-1.,0.));
#13763=DIRECTION('',(0.,0.,-1.));
#13764=DIRECTION('',(0.,0.,1.));
#13765=DIRECTION('',(1.,0.,0.));
#13766=DIRECTION('',(0.,0.,1.));
#13767=DIRECTION('',(1.,0.,0.));
#13768=DIRECTION('',(0.,1.,0.));
#13769=DIRECTION('',(0.,0.,-1.));
#13770=DIRECTION('',(-1.,0.,0.));
#13771=DIRECTION('',(0.,0.,-1.));
#13772=DIRECTION('',(0.,-1.,0.));
#13773=DIRECTION('',(0.,0.,1.));
#13774=DIRECTION('',(1.,0.,0.));
#13775=DIRECTION('',(0.,0.,-1.));
#13776=DIRECTION('',(0.,0.,1.));
#13777=DIRECTION('',(-1.,0.,0.));
#13778=DIRECTION('',(1.,0.,0.));
#13779=DIRECTION('',(0.,0.,-1.));
#13780=DIRECTION('',(-1.,0.,0.));
#13781=DIRECTION('',(1.,0.,0.));
#13782=DIRECTION('',(0.,0.,-1.));
#13783=DIRECTION('',(0.,-1.,0.));
#13784=DIRECTION('',(0.,0.,1.));
#13785=DIRECTION('',(0.316227766016833,2.58149519748283E-16,0.948683298050515));
#13786=DIRECTION('',(-0.948683298050515,0.,0.316227766016834));
#13787=DIRECTION('',(-1.,-8.16340459283203E-16,0.));
#13788=DIRECTION('',(-8.16340459283203E-16,1.,0.));
#13789=DIRECTION('',(1.,0.,0.));
#13790=DIRECTION('',(0.,0.,-1.));
#13791=DIRECTION('',(-1.,-8.16340459283203E-16,0.));
#13792=DIRECTION('',(8.16340459283203E-16,-1.,0.));
#13793=DIRECTION('',(-1.,-8.16340459283203E-16,0.));
#13794=DIRECTION('',(0.,0.,1.));
#13795=DIRECTION('',(1.,0.,0.));
#13796=DIRECTION('',(-8.16340459283203E-16,1.,0.));
#13797=DIRECTION('',(-1.,-8.16340459283203E-16,0.));
#13798=DIRECTION('',(0.,0.,-1.));
#13799=DIRECTION('',(1.,0.,0.));
#13800=DIRECTION('',(0.,0.,-1.));
#13801=DIRECTION('',(0.,0.,-1.));
#13802=DIRECTION('',(-1.,0.,0.));
#13803=DIRECTION('',(-0.948683298050512,2.5814951974829E-16,-0.316227766016843));
#13804=DIRECTION('',(0.316227766016843,0.,-0.948683298050512));
#13805=DIRECTION('',(0.,-1.,0.));
#13806=DIRECTION('',(0.,0.,1.));
#13807=DIRECTION('',(0.714337658705907,0.663151226333357,-0.223499799478944));
#13808=DIRECTION('',(-0.68036167193314,0.732876521226013,0.));
#13809=DIRECTION('',(4.63502542989784E-15,3.78375878823212E-30,1.));
#13810=DIRECTION('',(-1.,0.,4.63502542989784E-15));
#13811=DIRECTION('',(-8.16340459283203E-16,1.,0.));
#13812=DIRECTION('',(-4.63502542989784E-15,-3.78375878823212E-30,-1.));
#13813=DIRECTION('',(-1.,-1.11153184232188E-15,4.63502542989784E-15));
#13814=DIRECTION('',(-1.,-5.55765921160945E-16,4.63502542989784E-15));
#13815=DIRECTION('',(-8.16340459283203E-16,1.,0.));
#13816=DIRECTION('',(-1.,-8.16340459283203E-16,4.63502542989784E-15));
#13817=DIRECTION('',(-8.16340459283203E-16,1.,0.));
#13818=DIRECTION('',(1.,8.16340459283203E-16,0.));
#13819=DIRECTION('',(-5.55765921160943E-16,1.,5.55765921160943E-16));
#13820=DIRECTION('',(0.,5.55765921160943E-16,-1.));
#13821=DIRECTION('',(-8.16340459283203E-16,1.,0.));
#13822=DIRECTION('',(-8.16340459283203E-16,1.,0.));
#13823=DIRECTION('',(-1.,-8.16340459283203E-16,0.));
#13824=DIRECTION('',(-4.63502542989784E-15,-3.78375878823212E-30,1.));
#13825=DIRECTION('',(-1.,0.,-4.63502542989784E-15));
#13826=DIRECTION('',(0.,0.,1.));
#13827=DIRECTION('',(1.,0.,0.));
#13828=DIRECTION('',(0.,0.,1.));
#13829=DIRECTION('',(1.,0.,0.));
#13830=DIRECTION('',(4.63502542989784E-15,3.78375878823212E-30,-1.));
#13831=DIRECTION('',(8.16340459283203E-16,-1.,0.));
#13832=DIRECTION('',(-1.,-8.16340459283203E-16,0.));
#13833=DIRECTION('',(-0.707106781186513,0.,0.707106781186582));
#13834=DIRECTION('',(0.707106781186582,0.,0.707106781186513));
#13835=DIRECTION('',(-8.16340459283203E-16,1.,0.));
#13836=DIRECTION('',(-1.,-8.16340459283203E-16,0.));
#13837=DIRECTION('',(-0.707106781186548,-5.77239874516094E-16,0.707106781186548));
#13838=DIRECTION('',(-0.707106781186548,0.,-0.707106781186548));
#13839=DIRECTION('',(0.707106781186548,0.,-0.707106781186548));
#13840=DIRECTION('',(-0.707106781186548,0.,-0.707106781186548));
#13841=DIRECTION('',(0.707106781186548,5.77239874516094E-16,-0.707106781186548));
#13842=DIRECTION('',(8.16340459283203E-16,-1.,0.));
#13843=DIRECTION('',(-1.,-8.16340459283203E-16,0.));
#13844=DIRECTION('',(-8.16340459283203E-16,1.,0.));
#13845=DIRECTION('',(-1.,-8.16340459283203E-16,0.));
#13846=DIRECTION('',(0.707106781186548,0.,0.707106781186548));
#13847=DIRECTION('',(0.707106781186548,0.,-0.707106781186548));
#13848=DIRECTION('',(-0.707106781186548,-5.77239874516094E-16,0.707106781186548));
#13849=DIRECTION('',(-0.707106781186548,0.,-0.707106781186548));
#13850=DIRECTION('',(-8.16340459283203E-16,1.,0.));
#13851=DIRECTION('',(-0.707106781186548,-5.77239874516094E-16,-0.707106781186548));
#13852=DIRECTION('',(-8.16340459283203E-16,1.,0.));
#13853=DIRECTION('',(-0.707106781186548,-5.77239874516094E-16,-0.707106781186548));
#13854=DIRECTION('',(8.16340459283203E-16,-1.,0.));
#13855=DIRECTION('',(-1.,-8.16340459283203E-16,0.));
#13856=DIRECTION('',(0.707106781186548,0.,0.707106781186548));
#13857=DIRECTION('',(0.707106781186548,0.,-0.707106781186548));
#13858=DIRECTION('',(-8.16340459283203E-16,1.,0.));
#13859=DIRECTION('',(-1.,-8.16340459283203E-16,0.));
#13860=DIRECTION('',(-0.707106781186548,0.,0.707106781186548));
#13861=DIRECTION('',(0.707106781186548,0.,0.707106781186548));
#13862=DIRECTION('',(-0.707106781186548,-5.77239874516094E-16,-0.707106781186548));
#13863=DIRECTION('',(0.707106781186548,0.,-0.707106781186548));
#13864=DIRECTION('',(-8.16340459283203E-16,1.,0.));
#13865=DIRECTION('',(1.,8.16340459283203E-16,0.));
#13866=DIRECTION('',(-8.16340459283203E-16,1.,0.));
#13867=DIRECTION('',(0.,-1.,0.));
#13868=DIRECTION('',(0.,0.,1.));
#13869=DIRECTION('',(0.,0.,1.));
#13870=DIRECTION('',(-1.,0.,0.));
#13871=DIRECTION('',(-0.707106781186548,0.,0.707106781186548));
#13872=DIRECTION('',(0.707106781186548,0.,0.707106781186548));
#13873=DIRECTION('',(0.707106781186548,0.,0.707106781186548));
#13874=DIRECTION('',(0.707106781186548,0.,-0.707106781186548));
#13875=DIRECTION('',(0.707106781186548,5.77239874516094E-16,-0.707106781186548));
#13876=DIRECTION('',(0.707106781186548,0.,0.707106781186548));
#13877=DIRECTION('',(0.707106781186548,5.77239874516094E-16,-0.707106781186548));
#13878=DIRECTION('',(0.707106781186548,5.77239874516094E-16,-0.707106781186548));
#13879=DIRECTION('',(0.,-1.,8.16340459283203E-16));
#13880=DIRECTION('',(0.,-8.16340459283203E-16,-1.));
#13881=DIRECTION('',(0.,1.,-8.16340459283203E-16));
#13882=DIRECTION('',(0.,-1.,0.));
#13883=DIRECTION('',(0.,0.,1.));
#13884=DIRECTION('',(-0.948683298050512,3.51497231354035E-16,-0.316227766016843));
#13885=DIRECTION('',(0.316227766016843,0.,-0.948683298050512));
#13886=DIRECTION('',(0.,0.,1.));
#13887=DIRECTION('',(1.,0.,0.));
#13888=DIRECTION('',(0.,-5.55765921160943E-16,1.));
#13889=DIRECTION('',(0.,-1.,-5.55765921160943E-16));
#13890=DIRECTION('',(0.,5.55765921160943E-16,-1.));
#13891=DIRECTION('',(0.,0.,1.));
#13892=DIRECTION('',(1.,0.,0.));
#13893=DIRECTION('',(5.55765921160943E-16,-1.,-5.55765921160943E-16));
#13894=DIRECTION('',(0.,5.55765921160943E-16,-1.));
#13895=DIRECTION('',(-5.55765921160943E-16,1.,5.55765921160943E-16));
#13896=DIRECTION('',(0.,5.55765921160943E-16,-1.));
#13897=DIRECTION('',(1.,0.,0.));
#13898=DIRECTION('',(0.,0.,-1.));
#13899=DIRECTION('',(1.,5.55765921160943E-16,0.));
#13900=DIRECTION('',(5.55765921160943E-16,-1.,0.));
#13901=DIRECTION('',(-1.,-5.55765921160943E-16,0.));
#13902=DIRECTION('',(-1.,0.,0.));
#13903=DIRECTION('',(0.,0.,1.));
#13904=DIRECTION('',(0.,-1.,0.));
#13905=DIRECTION('',(0.,0.,1.));
#13906=DIRECTION('',(0.316227766016833,3.51497231354025E-16,0.948683298050515));
#13907=DIRECTION('',(-0.948683298050515,0.,0.316227766016834));
#13908=DIRECTION('',(-8.16340459283203E-16,1.,0.));
#13909=DIRECTION('',(1.,8.16340459283203E-16,0.));
#13910=DIRECTION('',(8.16340459283203E-16,-1.,0.));
#13911=DIRECTION('',(-0.707106781186548,-5.77239874516094E-16,0.707106781186548));
#13912=DIRECTION('',(-0.707106781186548,0.,-0.707106781186548));
#13913=DIRECTION('',(-0.707106781186548,-5.77239874516094E-16,0.707106781186548));
#13914=DIRECTION('',(-0.707106781186548,0.,0.707106781186548));
#13915=DIRECTION('',(0.707106781186548,0.,0.707106781186548));
#13916=DIRECTION('',(-0.707106781186548,-5.77239874516094E-16,0.707106781186548));
#13917=DIRECTION('',(0.,0.,1.));
#13918=DIRECTION('',(-1.,0.,0.));
#13919=DIRECTION('',(0.,-1.,0.));
#13920=DIRECTION('',(0.,0.,1.));
#13921=DIRECTION('',(-0.707106781186548,0.,-0.707106781186548));
#13922=DIRECTION('',(-0.707106781186548,0.,0.707106781186548));
#13923=DIRECTION('',(8.16340459283203E-16,-1.,0.));
#13924=DIRECTION('',(-1.,-8.16340459283203E-16,0.));
#13925=DIRECTION('',(-0.707106781186548,-5.77239874516094E-16,-0.707106781186548));
#13926=DIRECTION('',(0.707106781186548,5.77239874516094E-16,0.707106781186548));
#13927=DIRECTION('',(-0.707106781186548,0.,0.707106781186548));
#13928=DIRECTION('',(-8.16340459283203E-16,1.,0.));
#13929=DIRECTION('',(1.,8.16340459283203E-16,0.));
#13930=DIRECTION('',(-8.16340459283203E-16,1.,0.));
#13931=DIRECTION('',(0.707106781186548,5.77239874516094E-16,-0.707106781186548));
#13932=DIRECTION('',(0.707106781186548,0.,0.707106781186548));
#13933=DIRECTION('',(-0.707106781186548,-5.77239874516094E-16,0.707106781186548));
#13934=DIRECTION('',(-0.707106781186548,4.906538933387E-14,0.707106781186548));
#13935=DIRECTION('',(0.707106781186548,0.,0.707106781186548));
#13936=DIRECTION('',(8.16340459283203E-16,-1.,0.));
#13937=DIRECTION('',(-1.,-8.16340459283203E-16,0.));
#13938=DIRECTION('',(1.,0.,0.));
#13939=DIRECTION('',(0.,0.,-1.));
#13940=DIRECTION('',(-8.16340459283203E-16,1.,0.));
#13941=DIRECTION('',(-1.,-8.16340459283203E-16,0.));
#13942=DIRECTION('',(1.,8.16340459283203E-16,-4.63502542989784E-15));
#13943=DIRECTION('',(4.63502542989784E-15,0.,1.));
#13944=DIRECTION('',(1.,0.,0.));
#13945=DIRECTION('',(0.,0.,-1.));
#13946=DIRECTION('',(8.16340459283203E-16,-1.,0.));
#13947=DIRECTION('',(-1.,-8.16340459283203E-16,0.));
#13948=DIRECTION('',(-1.,-8.16340459283203E-16,-4.63502542989784E-15));
#13949=DIRECTION('',(4.63502542989784E-15,0.,-1.));
#13950=DIRECTION('',(4.63502542989784E-15,5.55765921160945E-16,-1.));
#13951=DIRECTION('',(-8.16340459283203E-16,1.,4.93038065763132E-32));
#13952=DIRECTION('',(-0.500000000149557,0.707106780682646,0.500000000563067));
#13953=DIRECTION('',(0.,-0.577350269897364,0.816496580427279));
#13954=DIRECTION('',(8.16340459283203E-16,-1.,-4.93038065763135E-32));
#13955=DIRECTION('',(-1.,-8.16340459283203E-16,0.));
#13956=DIRECTION('',(-8.16340459283203E-16,1.,0.));
#13957=DIRECTION('',(-0.707106781186548,-5.77239874516094E-16,-0.707106781186548));
#13958=DIRECTION('',(0.707106781186548,0.,-0.707106781186548));
#13959=DIRECTION('',(-0.707106781186548,-7.85971703210581E-16,0.707106781186548));
#13960=DIRECTION('',(0.707106781186548,7.85971703210581E-16,-0.707106781186548));
#13961=DIRECTION('',(0.707106781186548,0.,0.707106781186548));
#13962=DIRECTION('',(-0.707106781186548,-7.85971703210581E-16,0.707106781186548));
#13963=DIRECTION('',(4.63502542989784E-15,5.55765921160945E-16,-1.));
#13964=DIRECTION('',(1.,0.,4.63502542989784E-15));
#13965=DIRECTION('',(0.,0.,-1.));
#13966=DIRECTION('',(-1.,0.,0.));
#13967=DIRECTION('',(4.63502542989784E-15,5.55765921160945E-16,-1.));
#13968=DIRECTION('',(5.55765921160943E-16,-1.,-5.55765921160943E-16));
#13969=DIRECTION('',(0.,5.55765921160943E-16,-1.));
#13970=DIRECTION('',(-1.,0.,0.));
#13971=DIRECTION('',(0.,0.,1.));
#13972=DIRECTION('',(-5.55765921160943E-16,1.,5.55765921160943E-16));
#13973=DIRECTION('',(0.,5.55765921160943E-16,-1.));
#13974=DIRECTION('',(-1.,-5.55765921160945E-16,4.63502542989784E-15));
#13975=DIRECTION('',(-4.63502542989784E-15,0.,-1.));
#13976=DIRECTION('',(-1.,0.,0.));
#13977=DIRECTION('',(0.,0.,1.));
#13978=DIRECTION('',(-1.,-5.55765921160945E-16,4.63502542989784E-15));
#13979=DIRECTION('',(0.316227766016848,3.51497231354039E-16,0.948683298050511));
#13980=DIRECTION('',(-0.948683298050511,0.,0.316227766016848));
#13981=DIRECTION('',(8.16340459283203E-16,-1.,-4.93038065763135E-32));
#13982=DIRECTION('',(-1.,-8.16340459283203E-16,0.));
#13983=DIRECTION('',(-8.16340459283203E-16,1.,0.));
#13984=DIRECTION('',(0.707106781186548,5.77239874516094E-16,0.707106781186548));
#13985=DIRECTION('',(-0.707106781186548,0.,0.707106781186548));
#13986=DIRECTION('',(0.707106781186548,7.85971703210581E-16,-0.707106781186548));
#13987=DIRECTION('',(-0.707106781186548,-7.85971703210581E-16,0.707106781186548));
#13988=DIRECTION('',(-0.707106781186548,0.,-0.707106781186548));
#13989=DIRECTION('',(0.707106781186548,7.85971703210581E-16,-0.707106781186548));
#13990=DIRECTION('',(5.55765921160943E-16,-1.,-5.55765921160943E-16));
#13991=DIRECTION('',(0.,5.55765921160943E-16,-1.));
#13992=DIRECTION('',(0.,0.,-1.));
#13993=DIRECTION('',(1.,0.,0.));
#13994=DIRECTION('',(0.,0.,1.));
#13995=DIRECTION('',(1.,0.,0.));
#13996=DIRECTION('',(0.,0.,1.));
#13997=DIRECTION('',(1.,0.,0.));
#13998=DIRECTION('',(8.16340459283203E-16,-1.,0.));
#13999=DIRECTION('',(-1.,-8.16340459283203E-16,0.));
#14000=DIRECTION('',(1.,0.,0.));
#14001=DIRECTION('',(0.,0.,-1.));
#14002=DIRECTION('',(-1.,-8.16340459283203E-16,0.));
#14003=DIRECTION('',(-8.16340459283203E-16,1.,0.));
#14004=DIRECTION('',(1.,8.16340459283203E-16,0.));
#14005=DIRECTION('',(-8.16340459283203E-16,1.,0.));
#14006=DIRECTION('',(0.,-1.,0.));
#14007=DIRECTION('',(0.,0.,-1.));
#14008=DIRECTION('',(0.,0.,1.));
#14009=DIRECTION('',(1.,0.,0.));
#14010=DIRECTION('',(0.,1.,0.));
#14011=DIRECTION('',(0.,0.,-1.));
#14012=DIRECTION('',(0.,-1.,0.));
#14013=DIRECTION('',(0.,0.,-1.));
#14014=DIRECTION('',(0.707106781186548,0.,0.707106781186548));
#14015=DIRECTION('',(0.,1.,0.));
#14016=DIRECTION('',(0.,0.,-1.));
#14017=DIRECTION('',(0.,0.,1.));
#14018=DIRECTION('',(1.,0.,0.));
#14019=DIRECTION('',(0.,0.,-1.));
#14020=DIRECTION('',(1.,0.,0.));
#14021=DIRECTION('',(0.,-1.,0.));
#14022=DIRECTION('',(1.,0.,0.));
#14023=DIRECTION('',(0.,-1.,0.));
#14024=DIRECTION('',(0.,-1.,0.));
#14025=DIRECTION('',(1.,0.,0.));
#14026=DIRECTION('',(0.,0.,1.));
#14027=DIRECTION('',(0.,-1.,0.));
#14028=DIRECTION('',(0.,1.,0.));
#14029=DIRECTION('',(0.,0.,1.));
#14030=DIRECTION('',(0.,1.,0.));
#14031=DIRECTION('',(0.,0.,1.));
#14032=DIRECTION('',(0.,0.,1.));
#14033=DIRECTION('',(1.,0.,0.));
#14034=DIRECTION('',(-1.,0.,0.));
#14035=DIRECTION('',(0.,0.,-1.));
#14036=DIRECTION('',(0.,-1.,8.16340459283203E-16));
#14037=DIRECTION('',(1.,0.,0.));
#14038=DIRECTION('',(0.,8.16340459283203E-16,-1.));
#14039=DIRECTION('',(0.,0.,-1.));
#14040=DIRECTION('',(0.,1.,0.));
#14041=DIRECTION('',(0.,0.,1.));
#14042=DIRECTION('',(-1.,0.,0.));
#14043=DIRECTION('',(8.16340459283203E-16,-1.,0.));
#14044=DIRECTION('',(1.,8.16340459283203E-16,0.));
#14045=DIRECTION('',(0.,0.,-1.));
#14046=DIRECTION('',(-1.,-8.16340459283203E-16,0.));
#14047=DIRECTION('',(-1.,0.,0.));
#14048=DIRECTION('',(0.,0.,-1.));
#14049=DIRECTION('',(-8.16340459283203E-16,1.,0.));
#14050=DIRECTION('',(0.,0.,1.));
#14051=DIRECTION('',(-1.,0.,0.));
#14052=DIRECTION('',(-8.16340459283203E-16,1.,0.));
#14053=DIRECTION('',(-0.707106781186548,-5.77239874516094E-16,0.707106781186548));
#14054=DIRECTION('',(-0.707106781186548,0.,-0.707106781186548));
#14055=DIRECTION('',(-4.08170229641602E-16,1.,4.08170229641602E-16));
#14056=DIRECTION('',(-0.707106781186548,0.,-0.707106781186548));
#14057=DIRECTION('',(-4.08170229641602E-16,1.,4.08170229641602E-16));
#14058=DIRECTION('',(-8.16340459283203E-16,1.,0.));
#14059=DIRECTION('',(1.,8.16340459283203E-16,0.));
#14060=DIRECTION('',(8.16340459283203E-16,-1.,0.));
#14061=DIRECTION('',(1.,8.16340459283203E-16,0.));
#14062=DIRECTION('',(-4.08170229641602E-16,1.,-4.08170229641602E-16));
#14063=DIRECTION('',(0.,0.,1.));
#14064=DIRECTION('',(-1.,0.,0.));
#14065=DIRECTION('',(-0.707106781186548,-5.77239874516094E-16,0.707106781186548));
#14066=DIRECTION('',(0.707106781186548,0.,0.707106781186548));
#14067=DIRECTION('',(-0.707106781186548,-5.77239874516094E-16,-0.707106781186548));
#14068=DIRECTION('',(-0.707106781186548,0.,0.707106781186548));
#14069=DIRECTION('',(0.707106781186548,5.77239874516094E-16,-0.707106781186548));
#14070=DIRECTION('',(0.707106781186548,0.,0.707106781186548));
#14071=DIRECTION('',(0.707106781186548,5.77239874516094E-16,-0.707106781186548));
#14072=DIRECTION('',(0.707106781186548,0.,-0.707106781186548));
#14073=DIRECTION('',(-0.707106781186548,-5.77239874516094E-16,0.707106781186548));
#14074=DIRECTION('',(-0.707106781186548,0.,-0.707106781186548));
#14075=DIRECTION('',(-0.707106781186548,0.,0.707106781186548));
#14076=DIRECTION('',(-0.707106781186548,-5.77239874516094E-16,0.707106781186548));
#14077=DIRECTION('',(0.707106781186548,5.77239874516094E-16,-0.707106781186548));
#14078=DIRECTION('',(-0.707106781186548,0.,-0.707106781186548));
#14079=DIRECTION('',(0.,0.,1.));
#14080=DIRECTION('',(-1.,0.,0.));
#14081=DIRECTION('',(1.38777878078141E-13,1.,0.));
#14082=DIRECTION('',(-1.,1.38777878078141E-13,0.));
#14083=DIRECTION('',(-0.707106781186548,-5.77239874516094E-16,-0.707106781186548));
#14084=DIRECTION('',(-0.707106781186548,0.,0.707106781186548));
#14085=DIRECTION('',(8.16340459283203E-16,-1.,0.));
#14086=DIRECTION('',(-1.,-8.16340459283203E-16,0.));
#14087=DIRECTION('',(0.707106781186548,5.77239874516094E-16,0.707106781186548));
#14088=DIRECTION('',(0.707106781186548,5.77239874516094E-16,0.707106781186548));
#14089=DIRECTION('',(-0.707106781186548,0.,0.707106781186548));
#14090=DIRECTION('',(-8.16340459283203E-16,1.,0.));
#14091=DIRECTION('',(1.,8.16340459283203E-16,0.));
#14092=DIRECTION('',(-4.08170229641602E-16,1.,-4.08170229641602E-16));
#14093=DIRECTION('',(-0.707106781186548,-5.77239874516094E-16,-0.707106781186548));
#14094=DIRECTION('',(0.707106781186548,0.,-0.707106781186548));
#14095=DIRECTION('',(0.707106781186548,5.77239874516094E-16,0.707106781186548));
#14096=DIRECTION('',(-0.707106781186548,0.,0.707106781186548));
#14097=DIRECTION('',(0.,-1.,0.));
#14098=DIRECTION('',(0.,0.,-1.));
#14099=DIRECTION('',(0.,-1.,0.));
#14100=DIRECTION('',(0.,0.,1.));
#14101=DIRECTION('',(0.,0.,1.));
#14102=DIRECTION('',(-1.,0.,0.));
#14103=DIRECTION('',(0.,0.,-1.));
#14104=DIRECTION('',(-1.,0.,0.));
#14105=DIRECTION('',(0.,0.,1.));
#14106=DIRECTION('',(-1.,0.,0.));
#14107=DIRECTION('',(0.,-1.,0.));
#14108=DIRECTION('',(0.,0.,-1.));
#14109=DIRECTION('',(0.,-1.,0.));
#14110=DIRECTION('',(0.,0.,1.));
#14111=DIRECTION('',(0.,0.,1.));
#14112=DIRECTION('',(-1.,0.,0.));
#14113=DIRECTION('',(1.,0.,0.));
#14114=DIRECTION('',(0.,0.,-1.));
#14115=DIRECTION('',(1.,0.,0.));
#14116=DIRECTION('',(0.,0.,1.));
#14117=DIRECTION('',(0.,-1.,0.));
#14118=DIRECTION('',(0.,0.,-1.));
#14119=DIRECTION('',(0.,-1.,0.));
#14120=DIRECTION('',(0.,0.,1.));
#14121=DIRECTION('',(0.,1.,0.));
#14122=DIRECTION('',(0.,0.,1.));
#14123=DIRECTION('',(0.,0.,-1.));
#14124=DIRECTION('',(-1.,0.,0.));
#14125=DIRECTION('',(1.,0.,0.));
#14126=DIRECTION('',(0.,0.,-1.));
#14127=DIRECTION('',(1.,0.,0.));
#14128=DIRECTION('',(0.,0.,1.));
#14129=DIRECTION('',(1.,0.,0.));
#14130=DIRECTION('',(0.,0.,-1.));
#14131=DIRECTION('',(0.,0.,1.));
#14132=DIRECTION('',(-1.,0.,0.));
#14133=DIRECTION('',(0.,0.,-1.));
#14134=DIRECTION('',(-1.,0.,0.));
#14135=DIRECTION('',(0.,1.,0.));
#14136=DIRECTION('',(0.,0.,1.));
#14137=DIRECTION('',(0.,0.,-1.));
#14138=DIRECTION('',(-1.,0.,0.));
#14139=DIRECTION('',(0.,1.,0.));
#14140=DIRECTION('',(0.,0.,1.));
#14141=DIRECTION('',(1.,0.,0.));
#14142=DIRECTION('',(0.,0.,-1.));
#14143=DIRECTION('',(0.,0.,1.));
#14144=DIRECTION('',(-1.,0.,0.));
#14145=DIRECTION('',(0.,0.,-1.));
#14146=DIRECTION('',(-1.,0.,0.));
#14147=DIRECTION('',(1.,0.,0.));
#14148=DIRECTION('',(0.,0.,1.));
#14149=DIRECTION('',(1.,0.,0.));
#14150=DIRECTION('',(0.,0.,-1.));
#14151=DIRECTION('',(0.,1.,0.));
#14152=DIRECTION('',(0.,0.,1.));
#14153=DIRECTION('',(0.,-1.,0.));
#14154=DIRECTION('',(0.,0.,-1.));
#14155=DIRECTION('',(0.,-1.,0.));
#14156=DIRECTION('',(0.,1.,0.));
#14157=DIRECTION('',(0.,0.,1.));
#14158=DIRECTION('',(0.,-1.,0.));
#14159=DIRECTION('',(0.,0.,-1.));
#14160=DIRECTION('',(0.,-1.,0.));
#14161=DIRECTION('',(0.,0.,-1.));
#14162=DIRECTION('',(0.,-1.,0.));
#14163=DIRECTION('',(0.,1.,0.));
#14164=DIRECTION('',(0.,0.,1.));
#14165=DIRECTION('',(0.,-1.,0.));
#14166=DIRECTION('',(-8.163404592832E-16,-1.,8.16340459283199E-16));
#14167=DIRECTION('',(1.,-8.163404592832E-16,0.));
#14168=DIRECTION('',(8.16340459283196E-16,1.,-3.50324616081205E-44));
#14169=DIRECTION('',(0.,1.,0.));
#14170=DIRECTION('',(0.,0.,1.));
#14171=DIRECTION('',(8.163404592832E-16,1.,-8.16340459283199E-16));
#14172=DIRECTION('',(0.,1.,0.));
#14173=DIRECTION('',(0.,0.,1.));
#14174=DIRECTION('',(-0.5,-0.707106781186541,-0.5));
#14175=DIRECTION('',(0.,0.577350269189634,-0.816496580927721));
#14176=DIRECTION('',(0.5,-0.707106781186555,0.5));
#14177=DIRECTION('',(-0.707106781186548,0.,0.707106781186547));
#14178=DIRECTION('',(-0.5,0.707106781186555,-0.5));
#14179=DIRECTION('',(-0.707106781186548,0.,0.707106781186547));
#14180=DIRECTION('',(-0.707106781186548,0.,0.707106781186547));
#14181=DIRECTION('',(0.707106781186547,0.,0.707106781186548));
#14182=DIRECTION('',(-0.707106781186548,0.,0.707106781186547));
#14183=DIRECTION('',(-0.696364240320019,-0.173648177666926,-0.69636424032002));
#14184=DIRECTION('',(-0.707106781186548,0.,0.707106781186547));
#14185=DIRECTION('',(0.24195478575236,-0.970287525247815,5.90629767889809E-18));
#14186=DIRECTION('',(7.91033905045424E-16,0.970287525247815,-0.24195478575236));
#14187=DIRECTION('',(-0.707106781186548,0.,0.707106781186547));
#14188=DIRECTION('',(-0.707106781186548,0.,0.707106781186547));
#14189=DIRECTION('',(0.707106781186547,0.,0.707106781186548));
#14190=DIRECTION('',(-0.707106781186548,0.,0.707106781186547));
#14191=DIRECTION('',(0.,1.,0.));
#14192=DIRECTION('',(0.,0.,1.));
#14193=DIRECTION('',(-1.,0.,0.));
#14194=DIRECTION('',(0.,1.,0.));
#14195=DIRECTION('',(0.,0.,1.));
#14196=DIRECTION('',(0.,1.,0.));
#14197=DIRECTION('',(0.,0.,1.));
#14198=DIRECTION('',(0.,0.,1.));
#14199=DIRECTION('',(0.,1.,0.));
#14200=DIRECTION('',(0.,0.,1.));
#14201=DIRECTION('',(0.707106781186548,0.,0.707106781186548));
#14202=DIRECTION('',(4.63502542989784E-15,0.,1.));
#14203=DIRECTION('',(0.,1.,0.));
#14204=DIRECTION('',(0.,0.,1.));
#14205=DIRECTION('',(-1.,0.,-4.63502542989784E-15));
#14206=DIRECTION('',(0.707106781186548,0.,0.707106781186548));
#14207=DIRECTION('',(0.,1.,0.));
#14208=DIRECTION('',(0.,0.,1.));
#14209=DIRECTION('',(-0.707106781186548,5.77239874516094E-16,0.707106781186548));
#14210=DIRECTION('',(0.707106781186548,0.,0.707106781186548));
#14211=DIRECTION('',(0.707106781186548,0.,0.707106781186548));
#14212=DIRECTION('',(-0.0123407149398269,-0.999847695156391,-0.0123407149398261));
#14213=DIRECTION('',(-0.707106781186548,5.77239874516094E-16,0.707106781186548));
#14214=DIRECTION('',(0.707106781186548,0.,0.707106781186548));
#14215=DIRECTION('',(-0.707106781186548,-4.31464180567002E-15,-0.707106781186548));
#14216=DIRECTION('',(-0.707106781186548,5.77239874516094E-16,0.707106781186548));
#14217=DIRECTION('',(0.707106781186548,0.,0.707106781186548));
#14218=DIRECTION('',(0.5,-0.707106781186555,0.5));
#14219=DIRECTION('',(-8.16340459283203E-16,-1.,0.));
#14220=DIRECTION('',(0.707106781186548,0.,0.707106781186548));
#14221=DIRECTION('',(-0.707106781186548,5.77239874516094E-16,0.707106781186548));
#14222=DIRECTION('',(-0.707106781186548,-5.77239874516088E-16,-0.707106781186548));
#14223=DIRECTION('',(8.16340459283203E-16,1.,0.));
#14224=DIRECTION('',(0.707106781186548,-5.77239874516094E-16,-0.707106781186548));
#14225=DIRECTION('',(-0.707106781186548,0.,-0.707106781186548));
#14226=DIRECTION('',(0.707106781186548,-5.77239874516094E-16,-0.707106781186548));
#14227=DIRECTION('',(-0.707106781186548,0.,-0.707106781186548));
#14228=DIRECTION('',(-0.0123407149398269,-0.999847695156391,-0.0123407149398261));
#14229=DIRECTION('',(0.707106781186548,0.,0.707106781186548));
#14230=DIRECTION('',(-8.16340459283203E-16,-1.,-2.70808094030918E-31));
#14231=DIRECTION('',(0.707106781186548,-5.77239874516094E-16,-0.707106781186548));
#14232=DIRECTION('',(0.707106781186548,-5.77239874516088E-16,0.707106781186548));
#14233=DIRECTION('',(0.707106781186548,0.,0.707106781186548));
#14234=DIRECTION('',(8.16340459283203E-16,1.,1.2924107119342E-31));
#14235=DIRECTION('',(-0.5,0.707106781186555,-0.5));
#14236=DIRECTION('',(0.707106781186548,-5.77239874516094E-16,-0.707106781186548));
#14237=DIRECTION('',(-0.707106781186548,0.,-0.707106781186548));
#14238=DIRECTION('',(-0.707106781186548,-4.31464180567002E-15,-0.707106781186548));
#14239=DIRECTION('',(0.706999085398824,-0.0174524064372829,0.706999085398825));
#14240=DIRECTION('',(0.707106781186548,0.,-0.707106781186547));
#14241=DIRECTION('',(-0.707106781186548,0.,0.707106781186547));
#14242=DIRECTION('',(-0.0123407149398269,-0.999847695156391,-0.0123407149398261));
#14243=DIRECTION('',(-0.707106781186548,0.,0.707106781186547));
#14244=DIRECTION('',(-0.0123407149398269,-0.999847695156391,-0.0123407149398261));
#14245=DIRECTION('',(-0.707106781186548,0.,0.707106781186547));
#14246=DIRECTION('',(0.707106781186547,0.,0.707106781186548));
#14247=DIRECTION('',(-0.707106781186548,0.,0.707106781186547));
#14248=DIRECTION('',(-0.707106781186548,5.77239874516094E-16,0.707106781186548));
#14249=DIRECTION('',(0.707106781186548,0.,0.707106781186548));
#14250=DIRECTION('',(0.707106781186548,-5.77239874516094E-16,-0.707106781186548));
#14251=DIRECTION('',(-0.707106781186548,0.,-0.707106781186548));
#14252=DIRECTION('',(3.05091247918024E-15,-1.,3.05091247918024E-15));
#14253=DIRECTION('',(0.,-3.05091247918024E-15,-1.));
#14254=DIRECTION('',(-0.707106781186548,0.,0.707106781186547));
#14255=DIRECTION('',(-0.707106781186548,-4.31464180567002E-15,-0.707106781186548));
#14256=DIRECTION('',(-0.707106781186548,-4.31464180567002E-15,-0.707106781186548));
#14257=DIRECTION('',(-0.707106781186548,0.,0.707106781186547));
#14258=DIRECTION('',(0.707106781186547,0.,0.707106781186548));
#14259=DIRECTION('',(-0.707106781186548,5.77239874516094E-16,0.707106781186548));
#14260=DIRECTION('',(0.707106781186548,0.,0.707106781186548));
#14261=DIRECTION('',(0.707106781186548,-5.77239874516094E-16,-0.707106781186548));
#14262=DIRECTION('',(-0.707106781186548,0.,-0.707106781186548));
#14263=DIRECTION('',(1.,-8.16340459283203E-16,-4.63502542989784E-15));
#14264=DIRECTION('',(-4.63502542989784E-15,0.,-1.));
#14265=DIRECTION('',(4.63502542989784E-15,0.,1.));
#14266=DIRECTION('',(-8.16340459283203E-16,-1.,-3.3666745017894E-31));
#14267=DIRECTION('',(-4.63502542989784E-15,0.,-1.));
#14268=DIRECTION('',(-4.63502542989784E-15,3.78375878823212E-30,1.));
#14269=DIRECTION('',(1.,0.,4.63502542989784E-15));
#14270=DIRECTION('',(1.,0.,4.63502542989784E-15));
#14271=DIRECTION('',(8.16340459283203E-16,1.,-7.00649232162408E-46));
#14272=DIRECTION('',(-1.,0.,-4.63502542989784E-15));
#14273=DIRECTION('',(-1.,8.16340459283203E-16,0.));
#14274=DIRECTION('',(-8.16340459283203E-16,-1.,0.));
#14275=DIRECTION('',(7.92084963997564E-16,0.970287525247815,-0.24195478575236));
#14276=DIRECTION('',(-1.,8.16340459283203E-16,0.));
#14277=DIRECTION('',(-6.66411745462712E-31,-8.16340459283204E-16,1.));
#14278=DIRECTION('',(8.16340459283203E-16,1.,1.68333725089469E-31));
#14279=DIRECTION('',(0.,0.,1.));
#14280=DIRECTION('',(-8.16340459283203E-16,-1.,0.));
#14281=DIRECTION('',(-8.16340459283203E-16,-1.,0.));
#14282=DIRECTION('',(1.,-8.16340459283203E-16,0.));
#14283=DIRECTION('',(0.,1.,0.));
#14284=DIRECTION('',(0.,0.,1.));
#14285=DIRECTION('',(0.,0.,-1.));
#14286=DIRECTION('',(-1.,0.,0.));
#14287=DIRECTION('',(-8.16340459283203E-16,-1.,0.));
#14288=DIRECTION('',(0.24195478575236,-0.970287525247815,0.));
#14289=DIRECTION('',(-8.16340459283203E-16,-1.,0.));
#14290=DIRECTION('',(-1.,0.,0.));
#14291=DIRECTION('',(-8.16340459283203E-16,-1.,0.));
#14292=DIRECTION('',(1.,-8.16340459283203E-16,0.));
#14293=DIRECTION('',(0.,1.,0.));
#14294=DIRECTION('',(0.,0.,1.));
#14295=DIRECTION('',(8.16340459283203E-16,1.,0.));
#14296=DIRECTION('',(-1.,8.16340459283203E-16,0.));
#14297=DIRECTION('',(0.,1.,0.));
#14298=DIRECTION('',(0.,0.,1.));
#14299=DIRECTION('',(-8.16340459283203E-16,-1.,-1.68333725089469E-31));
#14300=DIRECTION('',(1.,-8.16340459283203E-16,0.));
#14301=DIRECTION('',(0.,1.,0.));
#14302=DIRECTION('',(0.,0.,1.));
#14303=DIRECTION('',(4.63502542989784E-15,0.,1.));
#14304=DIRECTION('',(1.,0.,-4.63502542989784E-15));
#14305=DIRECTION('',(-0.948683298050509,7.74448559244855E-16,0.316227766016851));
#14306=DIRECTION('',(0.316227766016851,0.,0.948683298050509));
#14307=DIRECTION('',(0.,0.,1.));
#14308=DIRECTION('',(1.,0.,0.));
#14309=DIRECTION('',(0.,1.,0.));
#14310=DIRECTION('',(0.,0.,1.));
#14311=DIRECTION('',(-1.,0.,0.));
#14312=DIRECTION('',(0.,0.,1.));
#14313=DIRECTION('',(-1.,0.,-4.63502542989784E-15));
#14314=DIRECTION('',(-4.63502542989784E-15,0.,1.));
#14315=DIRECTION('',(0.316227766016851,-7.74448559244855E-16,-0.948683298050509));
#14316=DIRECTION('',(-0.948683298050509,0.,-0.316227766016851));
#14317=DIRECTION('',(8.16340459283203E-16,1.,-9.90867646590378E-46));
#14318=DIRECTION('',(-1.,8.16340459283203E-16,0.));
#14319=DIRECTION('',(0.,1.,0.));
#14320=DIRECTION('',(0.,0.,1.));
#14321=DIRECTION('',(0.,-1.,0.));
#14322=DIRECTION('',(0.,0.,-1.));
#14323=DIRECTION('',(-0.707106781186548,0.,-0.707106781186548));
#14324=DIRECTION('',(-0.707106781186548,0.,0.707106781186548));
#14325=DIRECTION('',(-0.707106781186548,0.,-0.707106781186548));
#14326=DIRECTION('',(-0.707106781186548,0.,0.707106781186548));
#14327=DIRECTION('',(-0.707106781186548,0.,-0.707106781186548));
#14328=DIRECTION('',(-0.707106781186548,0.,0.707106781186548));
#14329=DIRECTION('',(0.,1.,0.));
#14330=DIRECTION('',(0.,0.,1.));
#14331=DIRECTION('',(-1.,0.,0.));
#14332=DIRECTION('',(0.,0.,1.));
#14333=DIRECTION('',(-1.,0.,0.));
#14334=DIRECTION('',(0.,0.,1.));
#14335=DIRECTION('',(-1.,0.,0.));
#14336=DIRECTION('',(0.,0.,1.));
#14337=DIRECTION('',(0.,1.,0.));
#14338=DIRECTION('',(0.,0.,1.));
#14339=DIRECTION('',(-0.998037259236656,0.,0.0626229125431237));
#14340=DIRECTION('',(0.0626229125431237,0.,0.998037259236656));
#14341=DIRECTION('',(-0.167194952003943,0.965073547552116,0.201690098516445));
#14342=DIRECTION('',(0.,-0.204569650563114,0.978852010300068));
#14343=DIRECTION('',(0.24195478575236,-0.970287525247815,0.));
#14344=DIRECTION('',(0.970287525247815,0.24195478575236,0.));
#14345=DIRECTION('',(-0.000712441763805855,-0.000331575523669753,0.999999691242155));
#14346=DIRECTION('',(0.999999746213306,0.,0.000712441802969611));
#14347=DIRECTION('',(-0.533537843976038,-0.375326103083501,0.757936465272357));
#14348=DIRECTION('',(0.817717476720021,0.,0.575619777515194));
#14349=DIRECTION('',(0.501581254480909,0.707458935386517,0.497913747445413));
#14350=DIRECTION('',(-0.815771761341067,0.578373956362572,0.));
#14351=DIRECTION('',(-0.5,0.707106781186555,-0.5));
#14352=DIRECTION('',(0.,0.577350269189618,0.816496580927731));
#14353=DIRECTION('',(0.5,-0.707106781186566,0.49999999999997));
#14354=DIRECTION('',(0.816496580927731,0.577350269189619,0.));
#14355=DIRECTION('',(-0.707106781186548,5.77239874516094E-16,0.707106781186548));
#14356=DIRECTION('',(0.707106781186548,0.,0.707106781186548));
#14357=DIRECTION('',(0.707106781186548,0.,0.707106781186548));
#14358=DIRECTION('',(0.707106781186548,0.,-0.707106781186548));
#14359=DIRECTION('',(0.707106781186548,4.31464180567002E-15,0.707106781186548));
#14360=DIRECTION('',(0.707106781186548,0.,-0.707106781186548));
#14361=DIRECTION('',(0.707106781186548,0.,0.707106781186548));
#14362=DIRECTION('',(0.707106781186548,0.,-0.707106781186548));
#14363=DIRECTION('',(-0.707106781186548,5.77239874516094E-16,0.707106781186548));
#14364=DIRECTION('',(0.707106781186548,0.,0.707106781186548));
#14365=DIRECTION('',(0.012340714939825,0.999847695156391,0.012340714939825));
#14366=DIRECTION('',(0.,-0.0123416547509348,0.999923838878746));
#14367=DIRECTION('',(0.0123407149398269,0.999847695156391,0.0123407149398261));
#14368=DIRECTION('',(-0.999923838878746,0.0123416547509367,0.));
#14369=DIRECTION('',(0.,1.,0.));
#14370=DIRECTION('',(0.707106781186571,0.,0.707106781186524));
#14371=DIRECTION('',(-8.16340459283203E-16,-1.,-3.36667450178939E-31));
#14372=DIRECTION('',(1.,-8.16340459283203E-16,0.));
#14373=DIRECTION('',(0.,1.,0.));
#14374=DIRECTION('',(0.,0.,1.));
#14375=DIRECTION('',(0.,-1.,0.));
#14376=DIRECTION('',(0.,0.,-1.));
#14377=DIRECTION('',(-0.707106781186548,0.,-0.707106781186548));
#14378=DIRECTION('',(-0.707106781186548,0.,0.707106781186548));
#14379=DIRECTION('',(-0.707106781186548,0.,-0.707106781186548));
#14380=DIRECTION('',(-0.707106781186548,0.,0.707106781186548));
#14381=DIRECTION('',(-0.707106781186548,0.,-0.707106781186548));
#14382=DIRECTION('',(-0.707106781186548,0.,0.707106781186548));
#14383=DIRECTION('',(0.,1.,0.));
#14384=DIRECTION('',(0.,0.,1.));
#14385=DIRECTION('',(0.,0.,-1.));
#14386=DIRECTION('',(-1.,0.,0.));
#14387=DIRECTION('',(0.,0.,1.));
#14388=DIRECTION('',(1.,0.,0.));
#14389=DIRECTION('',(0.,0.,-1.));
#14390=DIRECTION('',(-1.,0.,0.));
#14391=DIRECTION('',(0.,1.,0.));
#14392=DIRECTION('',(0.,0.,1.));
#14393=DIRECTION('',(0.0626229125431238,0.,-0.998037259236656));
#14394=DIRECTION('',(-0.998037259236656,0.,-0.0626229125431238));
#14395=DIRECTION('',(0.201690100877062,0.965073547458832,-0.167194949694739));
#14396=DIRECTION('',(-0.978852009816662,0.204569652876181,0.));
#14397=DIRECTION('',(7.92084963997564E-16,0.970287525247815,-0.24195478575236));
#14398=DIRECTION('',(0.,0.24195478575236,0.970287525247815));
#14399=DIRECTION('',(0.999999691241673,-0.000331575795385118,-0.000712442314122862));
#14400=DIRECTION('',(-0.000712442353286713,0.,-0.999999746212914));
#14401=DIRECTION('',(0.497913748252434,0.707458935250859,0.501581253871128));
#14402=DIRECTION('',(0.,-0.57837395596845,0.815771761620495));
#14403=DIRECTION('',(0.5,-0.707106781186555,0.5));
#14404=DIRECTION('',(0.,-0.577350269189618,-0.816496580927731));
#14405=DIRECTION('',(0.499999999999987,-0.707106781186566,0.499999999999987));
#14406=DIRECTION('',(0.,-0.577350269189606,-0.81649658092774));
#14407=DIRECTION('',(0.707106781186548,-5.77239874516094E-16,-0.707106781186548));
#14408=DIRECTION('',(-0.707106781186548,0.,-0.707106781186548));
#14409=DIRECTION('',(0.707106781186548,0.,0.707106781186548));
#14410=DIRECTION('',(0.707106781186548,0.,-0.707106781186548));
#14411=DIRECTION('',(0.707106781186548,4.31464180567002E-15,0.707106781186548));
#14412=DIRECTION('',(0.707106781186548,0.,-0.707106781186548));
#14413=DIRECTION('',(0.707106781186548,0.,0.707106781186548));
#14414=DIRECTION('',(0.707106781186548,0.,-0.707106781186548));
#14415=DIRECTION('',(0.707106781186548,-5.77239874516094E-16,-0.707106781186548));
#14416=DIRECTION('',(-0.707106781186548,0.,-0.707106781186548));
#14417=DIRECTION('',(0.012340714939825,0.999847695156391,0.012340714939825));
#14418=DIRECTION('',(0.,-0.0123416547509348,0.999923838878746));
#14419=DIRECTION('',(0.0123407149398269,0.999847695156391,0.0123407149398261));
#14420=DIRECTION('',(-0.999923838878746,0.0123416547509367,0.));
#14421=DIRECTION('',(0.,1.,0.));
#14422=DIRECTION('',(0.707106781186571,0.,0.707106781186524));
#14423=DIRECTION('',(0.,1.,0.));
#14424=DIRECTION('',(0.,0.,1.));
#14425=DIRECTION('',(0.,0.,1.));
#14426=DIRECTION('',(0.,1.,0.));
#14427=DIRECTION('',(0.,0.,1.));
#14428=DIRECTION('',(-1.,0.,0.));
#14429=DIRECTION('',(0.,1.,0.));
#14430=DIRECTION('',(0.,0.,1.));
#14431=DIRECTION('',(0.,0.,1.));
#14432=DIRECTION('',(0.,1.,0.));
#14433=DIRECTION('',(0.,0.,1.));
#14434=DIRECTION('',(-1.,0.,0.));
#14435=DIRECTION('',(0.,1.,0.));
#14436=DIRECTION('',(0.,0.,1.));
#14437=DIRECTION('',(0.,1.,0.));
#14438=DIRECTION('',(0.,0.,1.));
#14439=DIRECTION('',(0.,1.,0.));
#14440=DIRECTION('',(0.,0.,1.));
#14441=DIRECTION('',(0.707106781186548,0.,0.707106781186548));
#14442=DIRECTION('',(-1.,0.,0.));
#14443=DIRECTION('',(0.,0.,-1.));
#14444=DIRECTION('',(-1.,0.,0.));
#14445=DIRECTION('',(-0.707106781186548,5.77239874516094E-16,-0.707106781186548));
#14446=DIRECTION('',(-8.16340459283203E-16,-1.,0.));
#14447=DIRECTION('',(1.,-8.16340459283203E-16,0.));
#14448=DIRECTION('',(-4.63502542989784E-15,3.78375878823212E-30,-1.));
#14449=DIRECTION('',(-8.16340459283203E-16,-1.,0.));
#14450=DIRECTION('',(1.,-8.16340459283203E-16,0.));
#14451=DIRECTION('',(1.,-8.16340459283203E-16,4.63502542989784E-15));
#14452=DIRECTION('',(-8.16340459283203E-16,-1.,0.));
#14453=DIRECTION('',(1.,-8.16340459283203E-16,0.));
#14454=DIRECTION('',(0.707106781186548,-5.77239874516094E-16,0.707106781186548));
#14455=DIRECTION('',(-8.16340459283203E-16,-1.,0.));
#14456=DIRECTION('',(1.,-8.16340459283203E-16,0.));
#14457=DIRECTION('',(0.707106781186548,-5.77239874516094E-16,-0.707106781186548));
#14458=DIRECTION('',(-8.16340459283203E-16,-1.,0.));
#14459=DIRECTION('',(1.,-8.16340459283203E-16,0.));
#14460=DIRECTION('',(-1.,0.,0.));
#14461=DIRECTION('',(0.,0.,-1.));
#14462=DIRECTION('',(1.,-8.16340459283203E-16,0.));
#14463=DIRECTION('',(-8.16340459283203E-16,-1.,0.));
#14464=DIRECTION('',(1.,-8.16340459283203E-16,0.));
#14465=DIRECTION('',(0.,0.,-1.));
#14466=DIRECTION('',(1.,0.,0.));
#14467=DIRECTION('',(0.,0.,1.));
#14468=DIRECTION('',(0.,1.,0.));
#14469=DIRECTION('',(0.,0.,1.));
#14470=DIRECTION('',(0.,0.,1.));
#14471=DIRECTION('',(1.,0.,0.));
#14472=DIRECTION('',(0.,0.,1.));
#14473=DIRECTION('',(0.707106781186548,0.,0.707106781186548));
#14474=DIRECTION('',(0.,-1.,0.));
#14475=DIRECTION('',(0.,0.,-1.));
#14476=DIRECTION('',(0.,-1.,0.));
#14477=DIRECTION('',(0.,0.,-1.));
#14478=DIRECTION('',(-1.,0.,0.));
#14479=DIRECTION('',(0.,0.,1.));
#14480=DIRECTION('',(-0.707106781186548,0.,0.707106781186548));
#14481=DIRECTION('',(0.,0.,-1.));
#14482=DIRECTION('',(-1.,0.,0.));
#14483=DIRECTION('',(0.,-1.,0.));
#14484=DIRECTION('',(-1.,0.,0.));
#14485=DIRECTION('',(-1.,0.,0.));
#14486=DIRECTION('',(0.,-1.,0.));
#14487=DIRECTION('',(-1.,0.,0.));
#14488=DIRECTION('',(0.,-1.,0.));
#14489=DIRECTION('',(1.,0.,0.));
#14490=DIRECTION('',(0.,-1.,0.));
#14491=DIRECTION('',(1.,0.,0.));
#14492=DIRECTION('',(-1.,0.,0.));
#14493=DIRECTION('',(0.,0.,1.));
#14494=DIRECTION('',(0.,0.,-1.));
#14495=DIRECTION('',(0.,1.,0.));
#14496=DIRECTION('',(0.,0.,1.));
#14497=DIRECTION('',(0.,-1.,0.));
#14498=DIRECTION('',(0.,0.,1.));
#14499=DIRECTION('',(0.,-1.,0.));
#14500=DIRECTION('',(0.,-1.,0.));
#14501=DIRECTION('',(0.,0.,-1.));
#14502=DIRECTION('',(0.,-1.,0.));
#14503=DIRECTION('',(-8.16340459283203E-16,-1.,0.));
#14504=DIRECTION('',(1.,-8.16340459283203E-16,0.));
#14505=DIRECTION('',(-5.55765921160943E-16,-1.,-5.55765921160943E-16));
#14506=DIRECTION('',(0.,5.55765921160943E-16,-1.));
#14507=DIRECTION('',(0.,-1.,0.));
#14508=DIRECTION('',(0.,0.,-1.));
#14509=DIRECTION('',(0.,1.,0.));
#14510=DIRECTION('',(0.,0.,1.));
#14511=DIRECTION('',(0.,-1.,0.));
#14512=DIRECTION('',(-8.16340459283203E-16,-1.,0.));
#14513=DIRECTION('',(1.,-8.16340459283203E-16,0.));
#14514=DIRECTION('',(0.,0.,1.));
#14515=DIRECTION('',(1.,0.,0.));
#14516=DIRECTION('',(0.,0.,1.));
#14517=DIRECTION('',(1.,0.,0.));
#14518=DIRECTION('',(0.,-1.,0.));
#14519=DIRECTION('',(-1.,0.,0.));
#14520=DIRECTION('',(-1.,0.,0.));
#14521=DIRECTION('',(1.,0.,0.));
#14522=DIRECTION('',(0.,0.,-1.));
#14523=DIRECTION('',(1.,0.,0.));
#14524=DIRECTION('',(0.,0.,-1.));
#14525=DIRECTION('',(0.,0.,1.));
#14526=DIRECTION('',(0.,0.,1.));
#14527=DIRECTION('',(0.,-1.,0.));
#14528=DIRECTION('',(0.,0.,-1.));
#14529=DIRECTION('',(0.,-1.,0.));
#14530=DIRECTION('',(0.,0.,-1.));
#14531=DIRECTION('',(0.,0.,1.));
#14532=DIRECTION('',(-1.,0.,0.));
#14533=DIRECTION('',(1.,0.,0.));
#14534=DIRECTION('',(0.,0.,-1.));
#14535=DIRECTION('',(0.,0.,1.));
#14536=DIRECTION('',(-1.04744440165294E-14,0.,1.));
#14537=DIRECTION('',(1.,0.,1.04744440165294E-14));
#14538=DIRECTION('',(1.04744440165294E-14,0.,-1.));
#14539=DIRECTION('',(-1.04744440165294E-14,0.,1.));
#14540=DIRECTION('',(1.,0.,1.04744440165294E-14));
#14541=DIRECTION('',(-1.04744440165294E-14,0.,1.));
#14542=DIRECTION('',(-1.04744440165294E-14,0.,1.));
#14543=DIRECTION('',(0.,-1.,0.));
#14544=DIRECTION('',(0.,0.,-1.));
#14545=DIRECTION('',(0.,-1.,0.));
#14546=DIRECTION('',(0.,0.,1.));
#14547=DIRECTION('',(-1.,0.,0.));
#14548=DIRECTION('',(0.,8.16340459283203E-16,1.));
#14549=DIRECTION('',(0.,1.,8.16340459283203E-16));
#14550=DIRECTION('',(-1.,0.,0.));
#14551=DIRECTION('',(0.,1.11153184232188E-15,1.));
#14552=DIRECTION('',(0.,5.55765921160943E-16,1.));
#14553=DIRECTION('',(0.,-1.,0.));
#14554=DIRECTION('',(0.,0.,1.));
#14555=DIRECTION('',(0.,-1.,0.));
#14556=DIRECTION('',(1.04744440165294E-14,0.,-1.));
#14557=DIRECTION('',(1.,0.,1.04744440165294E-14));
#14558=DIRECTION('',(1.04744440165294E-14,0.,-1.));
#14559=DIRECTION('',(1.04744440165294E-14,0.,-1.));
#14560=DIRECTION('',(1.,0.,1.04744440165294E-14));
#14561=DIRECTION('',(-1.04744440165294E-14,0.,1.));
#14562=DIRECTION('',(1.04744440165294E-14,0.,-1.));
#14563=DIRECTION('',(0.,-1.,0.));
#14564=DIRECTION('',(0.,0.,-1.));
#14565=DIRECTION('',(0.,5.55765921160943E-16,-1.));
#14566=DIRECTION('',(1.,0.,0.));
#14567=DIRECTION('',(0.,1.11153184232188E-15,-1.));
#14568=DIRECTION('',(0.,1.,-8.16340459283203E-16));
#14569=DIRECTION('',(1.,0.,0.));
#14570=DIRECTION('',(0.,8.16340459283203E-16,-1.));
#14571=DIRECTION('',(0.,0.,-1.));
#14572=DIRECTION('',(1.,0.,0.));
#14573=DIRECTION('',(0.,0.,-1.));
#14574=DIRECTION('',(0.316227766016833,-2.58149519748283E-16,-0.948683298050515));
#14575=DIRECTION('',(0.948683298050515,0.,0.316227766016834));
#14576=DIRECTION('',(0.,1.,0.));
#14577=DIRECTION('',(0.,0.,1.));
#14578=DIRECTION('',(1.,-8.16340459283203E-16,0.));
#14579=DIRECTION('',(8.16340459283203E-16,1.,0.));
#14580=DIRECTION('',(1.,0.,0.));
#14581=DIRECTION('',(0.,0.,-1.));
#14582=DIRECTION('',(1.,-8.16340459283203E-16,0.));
#14583=DIRECTION('',(-8.16340459283203E-16,-1.,0.));
#14584=DIRECTION('',(1.,-8.16340459283203E-16,0.));
#14585=DIRECTION('',(0.,0.,-1.));
#14586=DIRECTION('',(-1.,0.,0.));
#14587=DIRECTION('',(-8.16340459283203E-16,-1.,0.));
#14588=DIRECTION('',(1.,-8.16340459283203E-16,0.));
#14589=DIRECTION('',(0.,0.,-1.));
#14590=DIRECTION('',(-1.,0.,0.));
#14591=DIRECTION('',(0.,0.,1.));
#14592=DIRECTION('',(1.,0.,0.));
#14593=DIRECTION('',(0.,0.,-1.));
#14594=DIRECTION('',(0.,1.,0.));
#14595=DIRECTION('',(0.,0.,1.));
#14596=DIRECTION('',(-0.948683298050512,-2.5814951974829E-16,0.316227766016843));
#14597=DIRECTION('',(-0.316227766016843,0.,-0.948683298050512));
#14598=DIRECTION('',(0.714337645345475,-0.663151233030206,0.223499822310443));
#14599=DIRECTION('',(0.680361682458103,0.732876511455224,0.));
#14600=DIRECTION('',(-4.63502542989784E-15,3.78375878823212E-30,1.));
#14601=DIRECTION('',(1.,0.,4.63502542989784E-15));
#14602=DIRECTION('',(8.16340459283203E-16,1.,0.));
#14603=DIRECTION('',(1.,-8.16340459283203E-16,4.63502542989784E-15));
#14604=DIRECTION('',(8.16340459283203E-16,1.,0.));
#14605=DIRECTION('',(1.,-5.55765921160945E-16,4.63502542989784E-15));
#14606=DIRECTION('',(8.16340459283203E-16,1.,0.));
#14607=DIRECTION('',(-1.,8.16340459283203E-16,0.));
#14608=DIRECTION('',(-8.16340459283203E-16,-1.,0.));
#14609=DIRECTION('',(1.,-8.16340459283203E-16,0.));
#14610=DIRECTION('',(8.16340459283203E-16,1.,0.));
#14611=DIRECTION('',(-5.55765921160943E-16,-1.,-5.55765921160943E-16));
#14612=DIRECTION('',(0.,5.55765921160943E-16,-1.));
#14613=DIRECTION('',(4.63502542989784E-15,-3.78375878823212E-30,1.));
#14614=DIRECTION('',(1.,0.,-4.63502542989784E-15));
#14615=DIRECTION('',(0.,0.,-1.));
#14616=DIRECTION('',(-1.,0.,0.));
#14617=DIRECTION('',(-4.63502542989784E-15,3.78375878823212E-30,-1.));
#14618=DIRECTION('',(0.,0.,-1.));
#14619=DIRECTION('',(-1.,0.,0.));
#14620=DIRECTION('',(-8.16340459283203E-16,-1.,0.));
#14621=DIRECTION('',(1.,-8.16340459283203E-16,0.));
#14622=DIRECTION('',(-0.707106781186513,0.,-0.707106781186582));
#14623=DIRECTION('',(-0.707106781186582,0.,0.707106781186513));
#14624=DIRECTION('',(-8.16340459283203E-16,-1.,0.));
#14625=DIRECTION('',(1.,-8.16340459283203E-16,0.));
#14626=DIRECTION('',(0.707106781186548,-5.77239874516094E-16,0.707106781186548));
#14627=DIRECTION('',(0.707106781186548,0.,-0.707106781186548));
#14628=DIRECTION('',(0.707106781186548,0.,0.707106781186548));
#14629=DIRECTION('',(0.707106781186548,0.,-0.707106781186548));
#14630=DIRECTION('',(-0.707106781186548,5.77239874516094E-16,-0.707106781186548));
#14631=DIRECTION('',(-8.16340459283203E-16,-1.,0.));
#14632=DIRECTION('',(1.,-8.16340459283203E-16,0.));
#14633=DIRECTION('',(0.707106781186548,0.,-0.707106781186548));
#14634=DIRECTION('',(-0.707106781186548,0.,-0.707106781186548));
#14635=DIRECTION('',(-8.16340459283203E-16,-1.,0.));
#14636=DIRECTION('',(1.,-8.16340459283203E-16,0.));
#14637=DIRECTION('',(0.707106781186548,-5.77239874516094E-16,0.707106781186548));
#14638=DIRECTION('',(0.707106781186548,0.,-0.707106781186548));
#14639=DIRECTION('',(8.16340459283203E-16,1.,0.));
#14640=DIRECTION('',(0.707106781186548,-5.77239874516094E-16,-0.707106781186548));
#14641=DIRECTION('',(8.16340459283203E-16,1.,0.));
#14642=DIRECTION('',(0.707106781186548,-5.77239874516094E-16,-0.707106781186548));
#14643=DIRECTION('',(-8.16340459283203E-16,-1.,0.));
#14644=DIRECTION('',(1.,-8.16340459283203E-16,0.));
#14645=DIRECTION('',(0.707106781186548,0.,-0.707106781186548));
#14646=DIRECTION('',(-0.707106781186548,0.,-0.707106781186548));
#14647=DIRECTION('',(-0.707106781186548,0.,-0.707106781186548));
#14648=DIRECTION('',(-0.707106781186548,0.,0.707106781186548));
#14649=DIRECTION('',(-8.16340459283203E-16,-1.,0.));
#14650=DIRECTION('',(1.,-8.16340459283203E-16,0.));
#14651=DIRECTION('',(0.707106781186548,-5.77239874516094E-16,-0.707106781186548));
#14652=DIRECTION('',(-0.707106781186548,0.,-0.707106781186548));
#14653=DIRECTION('',(8.16340459283203E-16,1.,0.));
#14654=DIRECTION('',(-1.,8.16340459283203E-16,0.));
#14655=DIRECTION('',(8.16340459283203E-16,1.,0.));
#14656=DIRECTION('',(0.,1.,0.));
#14657=DIRECTION('',(0.,0.,1.));
#14658=DIRECTION('',(0.,0.,1.));
#14659=DIRECTION('',(1.,0.,0.));
#14660=DIRECTION('',(-0.707106781186548,0.,-0.707106781186548));
#14661=DIRECTION('',(-0.707106781186548,0.,0.707106781186548));
#14662=DIRECTION('',(0.707106781186548,0.,-0.707106781186548));
#14663=DIRECTION('',(-0.707106781186548,0.,-0.707106781186548));
#14664=DIRECTION('',(-0.707106781186548,5.77239874516094E-16,-0.707106781186548));
#14665=DIRECTION('',(-0.707106781186548,0.,0.707106781186548));
#14666=DIRECTION('',(-0.707106781186548,5.77239874516094E-16,-0.707106781186548));
#14667=DIRECTION('',(-0.707106781186548,5.77239874516094E-16,-0.707106781186548));
#14668=DIRECTION('',(0.,-1.,8.16340459283203E-16));
#14669=DIRECTION('',(0.,-8.16340459283203E-16,-1.));
#14670=DIRECTION('',(0.,1.,0.));
#14671=DIRECTION('',(0.,0.,1.));
#14672=DIRECTION('',(0.,1.,-8.16340459283203E-16));
#14673=DIRECTION('',(0.,0.,-1.));
#14674=DIRECTION('',(-1.,0.,0.));
#14675=DIRECTION('',(-0.948683298050512,-3.51497231354035E-16,0.316227766016843));
#14676=DIRECTION('',(-0.316227766016843,0.,-0.948683298050512));
#14677=DIRECTION('',(0.,-5.55765921160943E-16,1.));
#14678=DIRECTION('',(0.,-1.,-5.55765921160943E-16));
#14679=DIRECTION('',(0.,0.,-1.));
#14680=DIRECTION('',(-1.,0.,0.));
#14681=DIRECTION('',(0.,5.55765921160943E-16,-1.));
#14682=DIRECTION('',(-5.55765921160943E-16,-1.,-5.55765921160943E-16));
#14683=DIRECTION('',(0.,5.55765921160943E-16,-1.));
#14684=DIRECTION('',(1.,0.,0.));
#14685=DIRECTION('',(0.,0.,-1.));
#14686=DIRECTION('',(-5.55765921160943E-16,-1.,-5.55765921160943E-16));
#14687=DIRECTION('',(0.,5.55765921160943E-16,-1.));
#14688=DIRECTION('',(-1.,5.55765921160943E-16,0.));
#14689=DIRECTION('',(-5.55765921160943E-16,-1.,0.));
#14690=DIRECTION('',(-1.,0.,0.));
#14691=DIRECTION('',(0.,0.,1.));
#14692=DIRECTION('',(1.,-5.55765921160943E-16,0.));
#14693=DIRECTION('',(0.,1.,0.));
#14694=DIRECTION('',(0.,0.,1.));
#14695=DIRECTION('',(0.316227766016833,-3.51497231354025E-16,-0.948683298050515));
#14696=DIRECTION('',(0.948683298050515,0.,0.316227766016834));
#14697=DIRECTION('',(8.16340459283203E-16,1.,0.));
#14698=DIRECTION('',(-1.,8.16340459283203E-16,0.));
#14699=DIRECTION('',(-8.16340459283203E-16,-1.,0.));
#14700=DIRECTION('',(0.707106781186548,-5.77239874516094E-16,0.707106781186548));
#14701=DIRECTION('',(0.707106781186548,0.,-0.707106781186548));
#14702=DIRECTION('',(0.707106781186548,-5.77239874516094E-16,0.707106781186548));
#14703=DIRECTION('',(0.707106781186548,-5.77239874516094E-16,0.707106781186548));
#14704=DIRECTION('',(-0.707106781186548,0.,-0.707106781186548));
#14705=DIRECTION('',(-0.707106781186548,0.,0.707106781186548));
#14706=DIRECTION('',(0.,0.,1.));
#14707=DIRECTION('',(1.,0.,0.));
#14708=DIRECTION('',(0.,1.,0.));
#14709=DIRECTION('',(0.,0.,1.));
#14710=DIRECTION('',(-0.707106781186548,0.,0.707106781186548));
#14711=DIRECTION('',(0.707106781186548,0.,0.707106781186548));
#14712=DIRECTION('',(-8.16340459283203E-16,-1.,0.));
#14713=DIRECTION('',(1.,-8.16340459283203E-16,0.));
#14714=DIRECTION('',(0.707106781186548,-5.77239874516094E-16,-0.707106781186548));
#14715=DIRECTION('',(-0.707106781186548,5.77239874516094E-16,0.707106781186548));
#14716=DIRECTION('',(0.707106781186548,0.,0.707106781186548));
#14717=DIRECTION('',(8.16340459283203E-16,1.,0.));
#14718=DIRECTION('',(-1.,8.16340459283203E-16,0.));
#14719=DIRECTION('',(8.16340459283203E-16,1.,0.));
#14720=DIRECTION('',(-0.707106781186548,5.77239874516094E-16,-0.707106781186548));
#14721=DIRECTION('',(-0.707106781186548,0.,0.707106781186548));
#14722=DIRECTION('',(-0.707106781186548,-4.906538933387E-14,-0.707106781186548));
#14723=DIRECTION('',(-0.707106781186548,0.,0.707106781186548));
#14724=DIRECTION('',(0.707106781186548,-5.77239874516094E-16,0.707106781186548));
#14725=DIRECTION('',(-8.16340459283203E-16,-1.,0.));
#14726=DIRECTION('',(1.,-8.16340459283203E-16,0.));
#14727=DIRECTION('',(1.,0.,0.));
#14728=DIRECTION('',(0.,0.,-1.));
#14729=DIRECTION('',(-8.16340459283203E-16,-1.,0.));
#14730=DIRECTION('',(1.,-8.16340459283203E-16,0.));
#14731=DIRECTION('',(-1.,8.16340459283203E-16,-4.63502542989784E-15));
#14732=DIRECTION('',(-4.63502542989784E-15,0.,1.));
#14733=DIRECTION('',(1.,0.,0.));
#14734=DIRECTION('',(0.,0.,-1.));
#14735=DIRECTION('',(-8.16340459283203E-16,-1.,0.));
#14736=DIRECTION('',(1.,-8.16340459283203E-16,0.));
#14737=DIRECTION('',(1.,-8.16340459283203E-16,-4.63502542989784E-15));
#14738=DIRECTION('',(-4.63502542989784E-15,0.,-1.));
#14739=DIRECTION('',(8.16340459283203E-16,1.,4.93038065763132E-32));
#14740=DIRECTION('',(-4.63502542989784E-15,5.55765921160945E-16,-1.));
#14741=DIRECTION('',(0.0860652868022285,-0.330240959762296,0.939964720030985));
#14742=DIRECTION('',(0.,-0.943465449244523,-0.331470882705902));
#14743=DIRECTION('',(0.22349981142798,-0.663151229849408,0.714337651703224));
#14744=DIRECTION('',(0.,-0.732876516101726,-0.680361677452954));
#14745=DIRECTION('',(-8.16340459283203E-16,-1.,-4.93038065763135E-32));
#14746=DIRECTION('',(1.,-8.16340459283203E-16,0.));
#14747=DIRECTION('',(8.16340459283203E-16,1.,0.));
#14748=DIRECTION('',(0.707106781186548,-5.77239874516094E-16,-0.707106781186548));
#14749=DIRECTION('',(-0.707106781186548,0.,-0.707106781186548));
#14750=DIRECTION('',(0.707106781186548,-7.85971703210581E-16,0.707106781186548));
#14751=DIRECTION('',(-0.707106781186548,7.85971703210581E-16,-0.707106781186548));
#14752=DIRECTION('',(-0.707106781186548,0.,0.707106781186548));
#14753=DIRECTION('',(0.707106781186548,-7.85971703210581E-16,0.707106781186548));
#14754=DIRECTION('',(-4.63502542989784E-15,5.55765921160945E-16,-1.));
#14755=DIRECTION('',(-1.,0.,4.63502542989784E-15));
#14756=DIRECTION('',(0.,0.,1.));
#14757=DIRECTION('',(1.,0.,0.));
#14758=DIRECTION('',(-4.63502542989784E-15,5.55765921160945E-16,-1.));
#14759=DIRECTION('',(-5.55765921160943E-16,-1.,-5.55765921160943E-16));
#14760=DIRECTION('',(0.,5.55765921160943E-16,-1.));
#14761=DIRECTION('',(-1.,0.,0.));
#14762=DIRECTION('',(0.,0.,1.));
#14763=DIRECTION('',(-5.55765921160943E-16,-1.,-5.55765921160943E-16));
#14764=DIRECTION('',(0.,5.55765921160943E-16,-1.));
#14765=DIRECTION('',(1.,-5.55765921160945E-16,4.63502542989784E-15));
#14766=DIRECTION('',(4.63502542989784E-15,0.,-1.));
#14767=DIRECTION('',(1.,-5.55765921160945E-16,4.63502542989784E-15));
#14768=DIRECTION('',(0.00207480581853253,0.00751277025735761,0.999969626270656));
#14769=DIRECTION('',(0.,-0.999971778621821,0.00751278642796858));
#14770=DIRECTION('',(-8.16340459283203E-16,-1.,-4.93038065763135E-32));
#14771=DIRECTION('',(1.,-8.16340459283203E-16,0.));
#14772=DIRECTION('',(8.16340459283203E-16,1.,0.));
#14773=DIRECTION('',(-0.707106781186548,5.77239874516094E-16,0.707106781186548));
#14774=DIRECTION('',(0.707106781186548,0.,0.707106781186548));
#14775=DIRECTION('',(-0.707106781186548,7.85971703210581E-16,-0.707106781186548));
#14776=DIRECTION('',(0.707106781186548,-7.85971703210581E-16,0.707106781186548));
#14777=DIRECTION('',(0.707106781186548,0.,-0.707106781186548));
#14778=DIRECTION('',(-0.707106781186548,7.85971703210581E-16,-0.707106781186548));
#14779=DIRECTION('',(-5.55765921160943E-16,-1.,-5.55765921160943E-16));
#14780=DIRECTION('',(0.,5.55765921160943E-16,-1.));
#14781=DIRECTION('',(0.,0.,-1.));
#14782=DIRECTION('',(-1.,0.,0.));
#14783=DIRECTION('',(0.,0.,-1.));
#14784=DIRECTION('',(-1.,0.,0.));
#14785=DIRECTION('',(0.,0.,-1.));
#14786=DIRECTION('',(-1.,0.,0.));
#14787=DIRECTION('',(-8.16340459283203E-16,-1.,0.));
#14788=DIRECTION('',(1.,-8.16340459283203E-16,0.));
#14789=DIRECTION('',(1.,0.,0.));
#14790=DIRECTION('',(0.,0.,-1.));
#14791=DIRECTION('',(1.,-8.16340459283203E-16,0.));
#14792=DIRECTION('',(8.16340459283203E-16,1.,0.));
#14793=DIRECTION('',(1.,-8.16340459283203E-16,0.));
#14794=DIRECTION('',(8.16340459283203E-16,1.,0.));
#14795=DIRECTION('',(0.,-1.,0.));
#14796=DIRECTION('',(0.,0.,-1.));
#14797=DIRECTION('',(0.,-1.,0.));
#14798=DIRECTION('',(0.,0.,-1.));
#14799=DIRECTION('',(-1.,0.,0.));
#14800=DIRECTION('',(0.,0.,1.));
#14801=DIRECTION('',(0.,-1.,0.));
#14802=DIRECTION('',(0.,0.,-1.));
#14803=DIRECTION('',(-1.,0.,0.));
#14804=DIRECTION('',(0.,0.,1.));
#14805=DIRECTION('',(0.,-1.,0.));
#14806=DIRECTION('',(0.,0.,-1.));
#14807=DIRECTION('',(-0.707106781186548,0.,0.707106781186548));
#14808=DIRECTION('',(0.,0.,-1.));
#14809=DIRECTION('',(-1.,0.,0.));
#14810=DIRECTION('',(0.,-1.,0.));
#14811=DIRECTION('',(0.,-1.,0.));
#14812=DIRECTION('',(-1.,0.,0.));
#14813=DIRECTION('',(0.,-1.,0.));
#14814=DIRECTION('',(-1.,0.,0.));
#14815=DIRECTION('',(0.,0.,1.));
#14816=DIRECTION('',(0.,-1.,0.));
#14817=DIRECTION('',(0.,0.,1.));
#14818=DIRECTION('',(0.,1.,0.));
#14819=DIRECTION('',(0.,1.,0.));
#14820=DIRECTION('',(0.,0.,1.));
#14821=DIRECTION('',(-1.,0.,0.));
#14822=DIRECTION('',(0.,0.,1.));
#14823=DIRECTION('',(0.,0.,1.));
#14824=DIRECTION('',(1.,0.,0.));
#14825=DIRECTION('',(8.16340459283203E-16,1.,0.));
#14826=DIRECTION('',(1.,0.,0.));
#14827=DIRECTION('',(0.,0.,-1.));
#14828=DIRECTION('',(8.16340459283203E-16,1.,0.));
#14829=DIRECTION('',(0.,0.,1.));
#14830=DIRECTION('',(1.,0.,0.));
#14831=DIRECTION('',(-8.16340459283203E-16,-1.,0.));
#14832=DIRECTION('',(0.,0.,1.));
#14833=DIRECTION('',(1.,-8.16340459283203E-16,0.));
#14834=DIRECTION('',(-1.,8.16340459283203E-16,0.));
#14835=DIRECTION('',(0.,1.,0.));
#14836=DIRECTION('',(1.,0.,0.));
#14837=DIRECTION('',(0.,0.,-1.));
#14838=DIRECTION('',(0.,0.,-1.));
#14839=DIRECTION('',(1.,0.,0.));
#14840=DIRECTION('',(0.,8.16340459283203E-16,-1.));
#14841=DIRECTION('',(0.,-1.,8.16340459283203E-16));
#14842=DIRECTION('',(0.707106781186548,-5.77239874516094E-16,0.707106781186548));
#14843=DIRECTION('',(0.707106781186548,0.,-0.707106781186548));
#14844=DIRECTION('',(4.08170229641602E-16,1.,4.08170229641602E-16));
#14845=DIRECTION('',(0.707106781186548,0.,-0.707106781186548));
#14846=DIRECTION('',(4.08170229641602E-16,1.,4.08170229641602E-16));
#14847=DIRECTION('',(8.16340459283203E-16,1.,0.));
#14848=DIRECTION('',(-1.,8.16340459283203E-16,0.));
#14849=DIRECTION('',(4.08170229641602E-16,1.,-4.08170229641602E-16));
#14850=DIRECTION('',(8.16340459283203E-16,1.,0.));
#14851=DIRECTION('',(-1.,8.16340459283203E-16,0.));
#14852=DIRECTION('',(0.,0.,1.));
#14853=DIRECTION('',(1.,0.,0.));
#14854=DIRECTION('',(-0.707106781186548,5.77239874516094E-16,-0.707106781186548));
#14855=DIRECTION('',(-0.707106781186548,0.,0.707106781186548));
#14856=DIRECTION('',(-0.707106781186548,5.77239874516094E-16,0.707106781186548));
#14857=DIRECTION('',(0.707106781186548,0.,0.707106781186548));
#14858=DIRECTION('',(-0.707106781186548,5.77239874516094E-16,-0.707106781186548));
#14859=DIRECTION('',(-0.707106781186548,0.,0.707106781186548));
#14860=DIRECTION('',(-0.707106781186548,5.77239874516094E-16,-0.707106781186548));
#14861=DIRECTION('',(-0.707106781186548,0.,-0.707106781186548));
#14862=DIRECTION('',(0.707106781186548,-5.77239874516094E-16,0.707106781186548));
#14863=DIRECTION('',(0.707106781186548,0.,-0.707106781186548));
#14864=DIRECTION('',(0.707106781186548,0.,0.707106781186548));
#14865=DIRECTION('',(0.707106781186548,-5.77239874516094E-16,0.707106781186548));
#14866=DIRECTION('',(0.707106781186548,0.,-0.707106781186548));
#14867=DIRECTION('',(0.707106781186548,-5.77239874516094E-16,0.707106781186548));
#14868=DIRECTION('',(0.,0.,1.));
#14869=DIRECTION('',(1.,0.,0.));
#14870=DIRECTION('',(1.38777878078141E-13,-1.,0.));
#14871=DIRECTION('',(1.,1.38777878078141E-13,0.));
#14872=DIRECTION('',(-0.707106781186548,5.77239874516094E-16,0.707106781186548));
#14873=DIRECTION('',(0.707106781186548,0.,0.707106781186548));
#14874=DIRECTION('',(-8.16340459283203E-16,-1.,0.));
#14875=DIRECTION('',(1.,-8.16340459283203E-16,0.));
#14876=DIRECTION('',(-0.707106781186548,5.77239874516094E-16,0.707106781186548));
#14877=DIRECTION('',(-0.707106781186548,5.77239874516094E-16,0.707106781186548));
#14878=DIRECTION('',(0.707106781186548,0.,0.707106781186548));
#14879=DIRECTION('',(8.16340459283203E-16,1.,0.));
#14880=DIRECTION('',(-1.,8.16340459283203E-16,0.));
#14881=DIRECTION('',(4.08170229641602E-16,1.,-4.08170229641602E-16));
#14882=DIRECTION('',(0.707106781186548,-5.77239874516094E-16,-0.707106781186548));
#14883=DIRECTION('',(-0.707106781186548,0.,-0.707106781186548));
#14884=DIRECTION('',(-0.707106781186548,5.77239874516094E-16,0.707106781186548));
#14885=DIRECTION('',(0.707106781186548,0.,0.707106781186548));
#14886=DIRECTION('',(0.,-1.,0.));
#14887=DIRECTION('',(0.,0.,-1.));
#14888=DIRECTION('',(0.,1.,0.));
#14889=DIRECTION('',(0.,0.,1.));
#14890=DIRECTION('',(0.,0.,1.));
#14891=DIRECTION('',(1.,0.,0.));
#14892=DIRECTION('',(0.,0.,1.));
#14893=DIRECTION('',(1.,0.,0.));
#14894=DIRECTION('',(0.,0.,1.));
#14895=DIRECTION('',(1.,0.,0.));
#14896=DIRECTION('',(0.,-1.,0.));
#14897=DIRECTION('',(0.,0.,-1.));
#14898=DIRECTION('',(0.,1.,0.));
#14899=DIRECTION('',(0.,0.,1.));
#14900=DIRECTION('',(0.,1.,0.));
#14901=DIRECTION('',(0.,0.,1.));
#14902=DIRECTION('',(0.,0.,1.));
#14903=DIRECTION('',(1.,0.,0.));
#14904=DIRECTION('',(1.,0.,0.));
#14905=DIRECTION('',(0.,0.,-1.));
#14906=DIRECTION('',(-1.,0.,0.));
#14907=DIRECTION('',(0.,0.,1.));
#14908=DIRECTION('',(0.,-1.,0.));
#14909=DIRECTION('',(0.,0.,-1.));
#14910=DIRECTION('',(0.,1.,0.));
#14911=DIRECTION('',(0.,0.,1.));
#14912=DIRECTION('',(0.,1.,0.));
#14913=DIRECTION('',(0.,0.,1.));
#14914=DIRECTION('',(0.,0.,1.));
#14915=DIRECTION('',(1.,0.,0.));
#14916=DIRECTION('',(1.,0.,0.));
#14917=DIRECTION('',(0.,0.,-1.));
#14918=DIRECTION('',(-1.,0.,0.));
#14919=DIRECTION('',(0.,0.,1.));
#14920=DIRECTION('',(1.,0.,0.));
#14921=DIRECTION('',(0.,0.,-1.));
#14922=DIRECTION('',(0.,0.,1.));
#14923=DIRECTION('',(1.,0.,0.));
#14924=DIRECTION('',(0.,0.,1.));
#14925=DIRECTION('',(1.,0.,0.));
#14926=DIRECTION('',(0.,1.,0.));
#14927=DIRECTION('',(0.,0.,1.));
#14928=DIRECTION('',(0.,0.,1.));
#14929=DIRECTION('',(1.,0.,0.));
#14930=DIRECTION('',(0.,1.,0.));
#14931=DIRECTION('',(0.,0.,1.));
#14932=DIRECTION('',(1.,0.,0.));
#14933=DIRECTION('',(0.,0.,-1.));
#14934=DIRECTION('',(0.,0.,1.));
#14935=DIRECTION('',(1.,0.,0.));
#14936=DIRECTION('',(0.,0.,1.));
#14937=DIRECTION('',(1.,0.,0.));
#14938=DIRECTION('',(-1.,0.,0.));
#14939=DIRECTION('',(0.,0.,1.));
#14940=DIRECTION('',(1.,0.,0.));
#14941=DIRECTION('',(0.,0.,-1.));
#14942=DIRECTION('',(0.,1.,0.));
#14943=DIRECTION('',(0.,0.,1.));
#14944=DIRECTION('',(1.,0.,1.04744440165294E-14));
#14945=DIRECTION('',(1.04744440165294E-14,0.,-1.));
#14946=DIRECTION('',(1.04744440165294E-14,0.,-1.));
#14947=DIRECTION('',(1.,0.,1.04744440165294E-14));
#14948=DIRECTION('',(-1.04744440165294E-14,0.,1.));
#14949=DIRECTION('',(1.04744440165294E-14,0.,-1.));
#14950=DIRECTION('',(1.,0.,1.04744440165294E-14));
#14951=DIRECTION('',(1.04744440165294E-14,0.,-1.));
#14952=DIRECTION('',(1.04744440165294E-14,0.,-1.));
#14953=DIRECTION('',(0.,-1.,0.));
#14954=DIRECTION('',(-1.04744440165294E-14,0.,1.));
#14955=DIRECTION('',(1.,0.,1.04744440165294E-14));
#14956=DIRECTION('',(-1.04744440165294E-14,0.,1.));
#14957=DIRECTION('',(-1.04744440165294E-14,0.,1.));
#14958=DIRECTION('',(1.,0.,1.04744440165294E-14));
#14959=DIRECTION('',(1.04744440165294E-14,0.,-1.));
#14960=DIRECTION('',(-1.04744440165294E-14,0.,1.));
#14961=DIRECTION('',(0.,-1.,0.));
#14962=DIRECTION('',(-1.,0.,-1.04744440165294E-14));
#14963=DIRECTION('',(-1.,0.,-1.04744440165294E-14));
#14964=DIRECTION('',(0.,1.,0.));
#14965=DIRECTION('',(1.,0.,1.04744440165294E-14));
#14966=DIRECTION('',(-1.,0.,-1.04744440165294E-14));
#14967=DIRECTION('',(0.,1.,0.));
#14968=DIRECTION('',(1.,0.,1.04744440165294E-14));
#14969=DIRECTION('',(0.,1.,0.));
#14970=DIRECTION('',(0.,0.,1.));
#14971=DIRECTION('',(1.,0.,0.));
#14972=DIRECTION('',(-1.,0.,-1.04744440165294E-14));
#14973=DIRECTION('',(0.,-1.,0.));
#14974=DIRECTION('',(-1.,0.,-1.04744440165294E-14));
#14975=DIRECTION('',(-1.,0.,0.));
#14976=DIRECTION('',(0.,-1.,0.));
#14977=DIRECTION('',(0.,0.,-1.));
#14978=DIRECTION('',(-1.,0.,-1.04744440165294E-14));
#14979=DIRECTION('',(-1.,0.,-1.04744440165294E-14));
#14980=DIRECTION('',(-1.04744440165294E-14,0.,1.));
#14981=DIRECTION('',(-1.,0.,-1.04744440165294E-14));
#14982=DIRECTION('',(-1.,0.,-1.04744440165294E-14));
#14983=DIRECTION('',(-1.04744440165294E-14,0.,1.));
#14984=DIRECTION('',(-1.,0.,-1.04744440165294E-14));
#14985=DIRECTION('',(0.,-1.,0.));
#14986=DIRECTION('',(-1.,0.,-1.04744440165294E-14));
#14987=DIRECTION('',(-1.,0.,-1.04744440165294E-14));
#14988=DIRECTION('',(-1.,0.,-1.04744440165294E-14));
#14989=DIRECTION('',(-1.04744440165294E-14,0.,1.));
#14990=DIRECTION('',(-1.,0.,-1.04744440165294E-14));
#14991=DIRECTION('',(-1.04744440165294E-14,0.,1.));
#14992=DIRECTION('',(-1.,0.,-1.04744440165294E-14));
#14993=DIRECTION('',(0.,1.,0.));
#14994=DIRECTION('',(1.,0.,1.04744440165294E-14));
#14995=DIRECTION('',(0.,-1.,0.));
#14996=DIRECTION('',(0.,0.,1.));
#14997=DIRECTION('',(0.,-1.,0.));
#14998=DIRECTION('',(0.,-1.,0.));
#14999=DIRECTION('',(0.,0.,-1.));
#15000=DIRECTION('',(0.,-1.,0.));
#15001=DIRECTION('',(0.,0.,1.));
#15002=DIRECTION('',(0.,-1.,0.));
#15003=DIRECTION('',(0.,0.,-1.));
#15004=DIRECTION('',(0.,-1.,0.));
#15005=DIRECTION('',(0.,0.,-1.));
#15006=DIRECTION('',(0.,-1.,0.));
#15007=DIRECTION('',(-8.163404592832E-16,-1.,-8.16340459283199E-16));
#15008=DIRECTION('',(1.,-8.163404592832E-16,0.));
#15009=DIRECTION('',(8.16340459283196E-16,1.,3.50324616081205E-44));
#15010=DIRECTION('',(0.,-1.,0.));
#15011=DIRECTION('',(0.,0.,-1.));
#15012=DIRECTION('',(8.163404592832E-16,1.,8.16340459283199E-16));
#15013=DIRECTION('',(0.,-1.,0.));
#15014=DIRECTION('',(0.,0.,-1.));
#15015=DIRECTION('',(-0.5,-0.707106781186541,0.5));
#15016=DIRECTION('',(0.,0.577350269189634,0.816496580927721));
#15017=DIRECTION('',(-0.707106781186548,0.,-0.707106781186547));
#15018=DIRECTION('',(-0.5,0.707106781186555,0.5));
#15019=DIRECTION('',(-0.707106781186548,0.,-0.707106781186547));
#15020=DIRECTION('',(0.5,-0.707106781186555,-0.5));
#15021=DIRECTION('',(-0.707106781186548,0.,-0.707106781186547));
#15022=DIRECTION('',(0.707106781186547,0.,-0.707106781186548));
#15023=DIRECTION('',(-0.707106781186548,0.,-0.707106781186547));
#15024=DIRECTION('',(-0.696364240320019,-0.173648177666926,0.69636424032002));
#15025=DIRECTION('',(-0.707106781186548,0.,-0.707106781186547));
#15026=DIRECTION('',(-0.707106781186548,0.,-0.707106781186547));
#15027=DIRECTION('',(7.91033905045424E-16,0.970287525247815,0.24195478575236));
#15028=DIRECTION('',(0.24195478575236,-0.970287525247815,-5.90629767889809E-18));
#15029=DIRECTION('',(-0.707106781186548,0.,-0.707106781186547));
#15030=DIRECTION('',(0.707106781186547,0.,-0.707106781186548));
#15031=DIRECTION('',(-0.707106781186548,0.,-0.707106781186547));
#15032=DIRECTION('',(0.,1.,0.));
#15033=DIRECTION('',(0.,0.,-1.));
#15034=DIRECTION('',(-1.,0.,0.));
#15035=DIRECTION('',(0.,-1.,0.));
#15036=DIRECTION('',(0.,0.,-1.));
#15037=DIRECTION('',(0.707106781186548,0.,-0.707106781186548));
#15038=DIRECTION('',(-1.,0.,4.63502542989784E-15));
#15039=DIRECTION('',(0.,-1.,0.));
#15040=DIRECTION('',(0.,0.,-1.));
#15041=DIRECTION('',(4.63502542989784E-15,0.,-1.));
#15042=DIRECTION('',(0.707106781186548,0.,-0.707106781186548));
#15043=DIRECTION('',(0.,-1.,0.));
#15044=DIRECTION('',(0.,0.,-1.));
#15045=DIRECTION('',(0.,0.,-1.));
#15046=DIRECTION('',(0.,-1.,0.));
#15047=DIRECTION('',(0.,0.,-1.));
#15048=DIRECTION('',(0.,-1.,0.));
#15049=DIRECTION('',(0.,0.,-1.));
#15050=DIRECTION('',(-0.707106781186548,5.77239874516094E-16,-0.707106781186548));
#15051=DIRECTION('',(0.707106781186548,0.,-0.707106781186548));
#15052=DIRECTION('',(0.707106781186548,0.,-0.707106781186548));
#15053=DIRECTION('',(8.16340459283203E-16,1.,0.));
#15054=DIRECTION('',(0.707106781186548,-5.77239874516094E-16,0.707106781186548));
#15055=DIRECTION('',(-0.707106781186548,-5.77239874516088E-16,0.707106781186548));
#15056=DIRECTION('',(0.707106781186548,0.,-0.707106781186548));
#15057=DIRECTION('',(-8.16340459283203E-16,-1.,0.));
#15058=DIRECTION('',(0.5,-0.707106781186555,-0.5));
#15059=DIRECTION('',(0.707106781186548,-5.77239874516094E-16,0.707106781186548));
#15060=DIRECTION('',(0.707106781186548,0.,-0.707106781186548));
#15061=DIRECTION('',(-0.707106781186548,-4.31464180567002E-15,0.707106781186548));
#15062=DIRECTION('',(0.707106781186548,-5.77239874516094E-16,0.707106781186548));
#15063=DIRECTION('',(0.707106781186548,0.,-0.707106781186548));
#15064=DIRECTION('',(-0.0123407149398269,-0.999847695156391,0.0123407149398261));
#15065=DIRECTION('',(0.707106781186548,-5.77239874516094E-16,0.707106781186548));
#15066=DIRECTION('',(-0.707106781186548,0.,0.707106781186548));
#15067=DIRECTION('',(-0.707106781186548,5.77239874516094E-16,-0.707106781186548));
#15068=DIRECTION('',(-0.707106781186548,0.,0.707106781186548));
#15069=DIRECTION('',(-0.707106781186548,-4.31464180567002E-15,0.707106781186548));
#15070=DIRECTION('',(-0.707106781186548,5.77239874516094E-16,-0.707106781186548));
#15071=DIRECTION('',(-0.707106781186548,0.,0.707106781186548));
#15072=DIRECTION('',(-0.5,0.707106781186555,0.5));
#15073=DIRECTION('',(8.16340459283203E-16,1.,-1.2924107119342E-31));
#15074=DIRECTION('',(0.707106781186548,0.,-0.707106781186548));
#15075=DIRECTION('',(-0.707106781186548,5.77239874516094E-16,-0.707106781186548));
#15076=DIRECTION('',(0.707106781186548,-5.77239874516088E-16,-0.707106781186548));
#15077=DIRECTION('',(-8.16340459283203E-16,-1.,2.70808094030918E-31));
#15078=DIRECTION('',(0.707106781186548,0.,-0.707106781186548));
#15079=DIRECTION('',(-0.0123407149398269,-0.999847695156391,0.0123407149398261));
#15080=DIRECTION('',(0.706999085398824,-0.0174524064372829,-0.706999085398825));
#15081=DIRECTION('',(0.707106781186548,0.,0.707106781186547));
#15082=DIRECTION('',(-0.707106781186548,0.,-0.707106781186547));
#15083=DIRECTION('',(-0.0123407149398269,-0.999847695156391,0.0123407149398261));
#15084=DIRECTION('',(-0.707106781186548,0.,-0.707106781186547));
#15085=DIRECTION('',(-0.0123407149398269,-0.999847695156391,0.0123407149398261));
#15086=DIRECTION('',(-0.707106781186548,0.,-0.707106781186547));
#15087=DIRECTION('',(0.707106781186547,0.,-0.707106781186548));
#15088=DIRECTION('',(-0.707106781186548,0.,-0.707106781186547));
#15089=DIRECTION('',(-0.707106781186548,5.77239874516094E-16,-0.707106781186548));
#15090=DIRECTION('',(-0.707106781186548,0.,0.707106781186548));
#15091=DIRECTION('',(0.707106781186548,-5.77239874516094E-16,0.707106781186548));
#15092=DIRECTION('',(0.707106781186548,0.,-0.707106781186548));
#15093=DIRECTION('',(3.05091247918024E-15,-1.,-3.05091247918024E-15));
#15094=DIRECTION('',(0.,-3.05091247918024E-15,1.));
#15095=DIRECTION('',(-0.707106781186548,0.,-0.707106781186547));
#15096=DIRECTION('',(-0.707106781186548,-4.31464180567002E-15,0.707106781186548));
#15097=DIRECTION('',(-0.707106781186548,-4.31464180567002E-15,0.707106781186548));
#15098=DIRECTION('',(-0.707106781186548,0.,-0.707106781186547));
#15099=DIRECTION('',(0.707106781186547,0.,-0.707106781186548));
#15100=DIRECTION('',(-0.707106781186548,5.77239874516094E-16,-0.707106781186548));
#15101=DIRECTION('',(-0.707106781186548,0.,0.707106781186548));
#15102=DIRECTION('',(0.707106781186548,-5.77239874516094E-16,0.707106781186548));
#15103=DIRECTION('',(0.707106781186548,0.,-0.707106781186548));
#15104=DIRECTION('',(1.,-8.16340459283203E-16,4.63502542989784E-15));
#15105=DIRECTION('',(-4.63502542989784E-15,0.,1.));
#15106=DIRECTION('',(4.63502542989784E-15,0.,-1.));
#15107=DIRECTION('',(-4.63502542989784E-15,0.,1.));
#15108=DIRECTION('',(-8.16340459283203E-16,-1.,3.3666745017894E-31));
#15109=DIRECTION('',(-4.63502542989784E-15,3.78375878823212E-30,-1.));
#15110=DIRECTION('',(1.,0.,-4.63502542989784E-15));
#15111=DIRECTION('',(1.,0.,-4.63502542989784E-15));
#15112=DIRECTION('',(-1.,0.,4.63502542989784E-15));
#15113=DIRECTION('',(8.16340459283203E-16,1.,7.00649232162408E-46));
#15114=DIRECTION('',(-1.,8.16340459283203E-16,0.));
#15115=DIRECTION('',(-8.16340459283203E-16,-1.,0.));
#15116=DIRECTION('',(7.92084963997564E-16,0.970287525247815,0.24195478575236));
#15117=DIRECTION('',(-8.16340459283203E-16,-1.,0.));
#15118=DIRECTION('',(0.,0.,-1.));
#15119=DIRECTION('',(8.16340459283203E-16,1.,-1.68333725089469E-31));
#15120=DIRECTION('',(-8.16340459283203E-16,-1.,0.));
#15121=DIRECTION('',(1.,-8.16340459283203E-16,0.));
#15122=DIRECTION('',(0.,-1.,0.));
#15123=DIRECTION('',(0.,0.,-1.));
#15124=DIRECTION('',(0.,0.,1.));
#15125=DIRECTION('',(-1.,0.,0.));
#15126=DIRECTION('',(-8.16340459283203E-16,-1.,0.));
#15127=DIRECTION('',(-1.,0.,0.));
#15128=DIRECTION('',(-8.16340459283203E-16,-1.,0.));
#15129=DIRECTION('',(0.24195478575236,-0.970287525247815,0.));
#15130=DIRECTION('',(-8.16340459283203E-16,-1.,0.));
#15131=DIRECTION('',(1.,-8.16340459283203E-16,0.));
#15132=DIRECTION('',(0.,-1.,0.));
#15133=DIRECTION('',(0.,0.,-1.));
#15134=DIRECTION('',(8.16340459283203E-16,1.,0.));
#15135=DIRECTION('',(-1.,8.16340459283203E-16,0.));
#15136=DIRECTION('',(0.,-1.,0.));
#15137=DIRECTION('',(0.,0.,-1.));
#15138=DIRECTION('',(-8.16340459283203E-16,-1.,1.68333725089469E-31));
#15139=DIRECTION('',(1.,-8.16340459283203E-16,0.));
#15140=DIRECTION('',(0.,-1.,0.));
#15141=DIRECTION('',(0.,0.,-1.));
#15142=DIRECTION('',(4.63502542989784E-15,0.,-1.));
#15143=DIRECTION('',(1.,0.,4.63502542989784E-15));
#15144=DIRECTION('',(0.,0.,1.));
#15145=DIRECTION('',(1.,0.,0.));
#15146=DIRECTION('',(0.948683298050509,-7.74448559244855E-16,0.316227766016851));
#15147=DIRECTION('',(0.316227766016851,0.,-0.948683298050509));
#15148=DIRECTION('',(0.,1.,0.));
#15149=DIRECTION('',(0.,0.,-1.));
#15150=DIRECTION('',(1.,0.,0.));
#15151=DIRECTION('',(0.,0.,-1.));
#15152=DIRECTION('',(-1.,0.,4.63502542989784E-15));
#15153=DIRECTION('',(-4.63502542989784E-15,0.,-1.));
#15154=DIRECTION('',(-0.316227766016851,7.74448559244855E-16,-0.948683298050509));
#15155=DIRECTION('',(-0.948683298050509,0.,0.316227766016851));
#15156=DIRECTION('',(8.16340459283203E-16,1.,9.90867646590378E-46));
#15157=DIRECTION('',(-1.,8.16340459283203E-16,0.));
#15158=DIRECTION('',(0.,-1.,0.));
#15159=DIRECTION('',(0.,0.,-1.));
#15160=DIRECTION('',(0.,1.,0.));
#15161=DIRECTION('',(0.,0.,1.));
#15162=DIRECTION('',(0.707106781186548,0.,-0.707106781186548));
#15163=DIRECTION('',(-0.707106781186548,0.,-0.707106781186548));
#15164=DIRECTION('',(-0.707106781186548,0.,0.707106781186548));
#15165=DIRECTION('',(-0.707106781186548,0.,-0.707106781186548));
#15166=DIRECTION('',(0.707106781186548,0.,-0.707106781186548));
#15167=DIRECTION('',(-0.707106781186548,0.,-0.707106781186548));
#15168=DIRECTION('',(0.,1.,0.));
#15169=DIRECTION('',(0.,0.,-1.));
#15170=DIRECTION('',(1.,0.,0.));
#15171=DIRECTION('',(0.,0.,-1.));
#15172=DIRECTION('',(-1.,0.,0.));
#15173=DIRECTION('',(0.,0.,-1.));
#15174=DIRECTION('',(1.,0.,0.));
#15175=DIRECTION('',(0.,0.,-1.));
#15176=DIRECTION('',(0.,1.,0.));
#15177=DIRECTION('',(0.,0.,-1.));
#15178=DIRECTION('',(0.998037259236656,0.,0.0626229125431237));
#15179=DIRECTION('',(0.0626229125431237,0.,-0.998037259236656));
#15180=DIRECTION('',(-0.167194952003947,0.965073547552117,-0.201690098516437));
#15181=DIRECTION('',(0.,0.204569650563106,0.97885201030007));
#15182=DIRECTION('',(0.24195478575236,-0.970287525247815,0.));
#15183=DIRECTION('',(0.970287525247815,0.24195478575236,0.));
#15184=DIRECTION('',(0.000712441802657679,0.000331575554647247,0.999999691242117));
#15185=DIRECTION('',(0.999999746213279,0.,-0.000712441841821444));
#15186=DIRECTION('',(0.533537843976051,0.37532610308352,0.757936465272339));
#15187=DIRECTION('',(0.817717476720009,0.,-0.575619777515212));
#15188=DIRECTION('',(0.501581254466274,0.707458935384139,-0.497913747463534));
#15189=DIRECTION('',(-0.815771761348112,0.578373956352635,0.));
#15190=DIRECTION('',(-0.5,0.707106781186555,0.5));
#15191=DIRECTION('',(0.,0.577350269189618,-0.816496580927731));
#15192=DIRECTION('',(-0.5,0.707106781186566,0.49999999999997));
#15193=DIRECTION('',(0.816496580927731,0.577350269189619,0.));
#15194=DIRECTION('',(-0.707106781186548,5.77239874516094E-16,-0.707106781186548));
#15195=DIRECTION('',(0.707106781186548,0.,-0.707106781186548));
#15196=DIRECTION('',(-0.707106781186548,0.,0.707106781186548));
#15197=DIRECTION('',(0.707106781186548,0.,0.707106781186548));
#15198=DIRECTION('',(0.707106781186548,4.31464180567002E-15,-0.707106781186548));
#15199=DIRECTION('',(0.707106781186548,0.,0.707106781186548));
#15200=DIRECTION('',(-0.707106781186548,0.,0.707106781186548));
#15201=DIRECTION('',(0.707106781186548,0.,0.707106781186548));
#15202=DIRECTION('',(-0.707106781186548,5.77239874516094E-16,-0.707106781186548));
#15203=DIRECTION('',(0.707106781186548,0.,-0.707106781186548));
#15204=DIRECTION('',(-0.012340714939825,-0.999847695156391,0.012340714939825));
#15205=DIRECTION('',(0.,-0.0123416547509348,-0.999923838878746));
#15206=DIRECTION('',(0.0123407149398269,0.999847695156391,-0.0123407149398261));
#15207=DIRECTION('',(-0.999923838878746,0.0123416547509367,0.));
#15208=DIRECTION('',(0.,-1.,0.));
#15209=DIRECTION('',(0.707106781186571,0.,-0.707106781186524));
#15210=DIRECTION('',(-8.16340459283203E-16,-1.,3.36667450178939E-31));
#15211=DIRECTION('',(1.,-8.16340459283203E-16,0.));
#15212=DIRECTION('',(0.,-1.,0.));
#15213=DIRECTION('',(0.,0.,-1.));
#15214=DIRECTION('',(0.,1.,0.));
#15215=DIRECTION('',(0.,0.,1.));
#15216=DIRECTION('',(0.707106781186548,0.,-0.707106781186548));
#15217=DIRECTION('',(-0.707106781186548,0.,-0.707106781186548));
#15218=DIRECTION('',(-0.707106781186548,0.,0.707106781186548));
#15219=DIRECTION('',(-0.707106781186548,0.,-0.707106781186548));
#15220=DIRECTION('',(0.707106781186548,0.,-0.707106781186548));
#15221=DIRECTION('',(-0.707106781186548,0.,-0.707106781186548));
#15222=DIRECTION('',(0.,1.,0.));
#15223=DIRECTION('',(0.,0.,-1.));
#15224=DIRECTION('',(0.,0.,-1.));
#15225=DIRECTION('',(-1.,0.,0.));
#15226=DIRECTION('',(0.,0.,-1.));
#15227=DIRECTION('',(1.,0.,0.));
#15228=DIRECTION('',(0.,0.,-1.));
#15229=DIRECTION('',(-1.,0.,0.));
#15230=DIRECTION('',(0.,1.,0.));
#15231=DIRECTION('',(0.,0.,-1.));
#15232=DIRECTION('',(-0.0626229125431238,0.,-0.998037259236656));
#15233=DIRECTION('',(-0.998037259236656,0.,0.0626229125431238));
#15234=DIRECTION('',(0.201690100877062,0.965073547458832,0.167194949694739));
#15235=DIRECTION('',(-0.978852009816662,0.204569652876181,0.));
#15236=DIRECTION('',(7.92084963997564E-16,0.970287525247815,0.24195478575236));
#15237=DIRECTION('',(0.,0.24195478575236,-0.970287525247815));
#15238=DIRECTION('',(0.999999691242117,-0.000331575554606013,0.000712441802560136));
#15239=DIRECTION('',(0.000712441841723902,0.,-0.999999746213279));
#15240=DIRECTION('',(0.776834309847325,-0.377927938103869,0.503685346863088));
#15241=DIRECTION('',(0.544033590341438,0.,-0.839063437756767));
#15242=DIRECTION('',(0.497913747445468,0.707458935386505,-0.501581254480871));
#15243=DIRECTION('',(0.,0.578373956362549,0.815771761341082));
#15244=DIRECTION('',(0.5,-0.707106781186555,-0.5));
#15245=DIRECTION('',(0.,-0.577350269189618,0.816496580927731));
#15246=DIRECTION('',(-0.499999999999987,0.707106781186566,0.499999999999987));
#15247=DIRECTION('',(0.,-0.577350269189606,0.81649658092774));
#15248=DIRECTION('',(0.707106781186548,-5.77239874516094E-16,0.707106781186548));
#15249=DIRECTION('',(-0.707106781186548,0.,0.707106781186548));
#15250=DIRECTION('',(-0.707106781186548,0.,0.707106781186548));
#15251=DIRECTION('',(0.707106781186548,0.,0.707106781186548));
#15252=DIRECTION('',(0.707106781186548,4.31464180567002E-15,-0.707106781186548));
#15253=DIRECTION('',(0.707106781186548,0.,0.707106781186548));
#15254=DIRECTION('',(-0.707106781186548,0.,0.707106781186548));
#15255=DIRECTION('',(0.707106781186548,0.,0.707106781186548));
#15256=DIRECTION('',(0.707106781186548,-5.77239874516094E-16,0.707106781186548));
#15257=DIRECTION('',(-0.707106781186548,0.,0.707106781186548));
#15258=DIRECTION('',(-0.012340714939825,-0.999847695156391,0.012340714939825));
#15259=DIRECTION('',(0.,-0.0123416547509348,-0.999923838878746));
#15260=DIRECTION('',(0.0123407149398269,0.999847695156391,-0.0123407149398261));
#15261=DIRECTION('',(-0.999923838878746,0.0123416547509367,0.));
#15262=DIRECTION('',(0.,-1.,0.));
#15263=DIRECTION('',(0.707106781186571,0.,-0.707106781186524));
#15264=DIRECTION('',(0.,1.,0.));
#15265=DIRECTION('',(0.,0.,-1.));
#15266=DIRECTION('',(0.,0.,-1.));
#15267=DIRECTION('',(0.,-1.,0.));
#15268=DIRECTION('',(0.,0.,-1.));
#15269=DIRECTION('',(-1.,0.,0.));
#15270=DIRECTION('',(0.,-1.,0.));
#15271=DIRECTION('',(0.,0.,-1.));
#15272=DIRECTION('',(0.,0.,-1.));
#15273=DIRECTION('',(0.,-1.,0.));
#15274=DIRECTION('',(0.,0.,-1.));
#15275=DIRECTION('',(-1.,0.,0.));
#15276=DIRECTION('',(0.,-1.,0.));
#15277=DIRECTION('',(0.,0.,-1.));
#15278=DIRECTION('',(0.,1.,0.));
#15279=DIRECTION('',(0.,0.,-1.));
#15280=DIRECTION('',(0.,-1.,0.));
#15281=DIRECTION('',(0.,0.,-1.));
#15282=DIRECTION('',(-1.,0.,0.));
#15283=DIRECTION('',(0.,0.,1.));
#15284=DIRECTION('',(-1.,0.,0.));
#15285=DIRECTION('',(0.707106781186548,0.,-0.707106781186548));
#15286=DIRECTION('',(-0.707106781186548,5.77239874516094E-16,0.707106781186548));
#15287=DIRECTION('',(8.16340459283203E-16,1.,0.));
#15288=DIRECTION('',(1.,-8.16340459283203E-16,0.));
#15289=DIRECTION('',(0.707106781186548,-5.77239874516094E-16,0.707106781186548));
#15290=DIRECTION('',(8.16340459283203E-16,1.,0.));
#15291=DIRECTION('',(1.,-8.16340459283203E-16,0.));
#15292=DIRECTION('',(0.707106781186548,-5.77239874516094E-16,-0.707106781186548));
#15293=DIRECTION('',(8.16340459283203E-16,1.,0.));
#15294=DIRECTION('',(1.,-8.16340459283203E-16,0.));
#15295=DIRECTION('',(1.,-8.16340459283203E-16,-4.63502542989784E-15));
#15296=DIRECTION('',(8.16340459283203E-16,1.,0.));
#15297=DIRECTION('',(1.,-8.16340459283203E-16,0.));
#15298=DIRECTION('',(-4.63502542989784E-15,3.78375878823212E-30,1.));
#15299=DIRECTION('',(8.16340459283203E-16,1.,0.));
#15300=DIRECTION('',(1.,-8.16340459283203E-16,0.));
#15301=DIRECTION('',(-1.,0.,0.));
#15302=DIRECTION('',(0.,0.,-1.));
#15303=DIRECTION('',(1.,0.,0.));
#15304=DIRECTION('',(0.,0.,1.));
#15305=DIRECTION('',(8.16340459283203E-16,1.,0.));
#15306=DIRECTION('',(1.,-8.16340459283203E-16,0.));
#15307=DIRECTION('',(1.,-8.16340459283203E-16,0.));
#15308=DIRECTION('',(0.,0.,1.));
#15309=DIRECTION('',(0.,-1.,0.));
#15310=DIRECTION('',(0.,0.,-1.));
#15311=DIRECTION('',(0.707106781186548,0.,-0.707106781186548));
#15312=DIRECTION('',(0.,0.,-1.));
#15313=DIRECTION('',(1.,0.,0.));
#15314=DIRECTION('',(0.,0.,-1.));
#15315=DIRECTION('',(0.,-1.,0.));
#15316=DIRECTION('',(0.,0.,1.));
#15317=DIRECTION('',(0.,1.,0.));
#15318=DIRECTION('',(0.,0.,1.));
#15319=DIRECTION('',(-0.707106781186548,0.,-0.707106781186548));
#15320=DIRECTION('',(0.,0.,-1.));
#15321=DIRECTION('',(-1.,0.,0.));
#15322=DIRECTION('',(0.,0.,1.));
#15323=DIRECTION('',(-1.,0.,0.));
#15324=DIRECTION('',(1.,0.,0.));
#15325=DIRECTION('',(0.,-1.,0.));
#15326=DIRECTION('',(-1.,0.,0.));
#15327=DIRECTION('',(0.,-1.,0.));
#15328=DIRECTION('',(-1.,0.,0.));
#15329=DIRECTION('',(0.,-1.,0.));
#15330=DIRECTION('',(-1.,0.,0.));
#15331=DIRECTION('',(0.,0.,-1.));
#15332=DIRECTION('',(0.,0.,1.));
#15333=DIRECTION('',(0.,0.,-1.));
#15334=DIRECTION('',(0.,-1.,0.));
#15335=DIRECTION('',(0.,0.,-1.));
#15336=DIRECTION('',(0.,1.,0.));
#15337=DIRECTION('',(0.,0.,1.));
#15338=DIRECTION('',(0.,-1.,0.));
#15339=DIRECTION('',(0.,0.,-1.));
#15340=DIRECTION('',(0.,-1.,0.));
#15341=DIRECTION('',(0.,0.,1.));
#15342=DIRECTION('',(5.55765921160943E-16,1.,-5.55765921160943E-16));
#15343=DIRECTION('',(0.,5.55765921160943E-16,1.));
#15344=DIRECTION('',(8.16340459283203E-16,1.,0.));
#15345=DIRECTION('',(1.,-8.16340459283203E-16,0.));
#15346=DIRECTION('',(0.,-1.,0.));
#15347=DIRECTION('',(0.,0.,1.));
#15348=DIRECTION('',(8.16340459283203E-16,1.,0.));
#15349=DIRECTION('',(1.,-8.16340459283203E-16,0.));
#15350=DIRECTION('',(0.,-1.,0.));
#15351=DIRECTION('',(0.,0.,-1.));
#15352=DIRECTION('',(0.,-1.,0.));
#15353=DIRECTION('',(0.,0.,1.));
#15354=DIRECTION('',(0.,0.,-1.));
#15355=DIRECTION('',(-1.,0.,0.));
#15356=DIRECTION('',(0.,0.,-1.));
#15357=DIRECTION('',(-1.,0.,0.));
#15358=DIRECTION('',(0.,1.,0.));
#15359=DIRECTION('',(0.,0.,1.));
#15360=DIRECTION('',(1.,0.,0.));
#15361=DIRECTION('',(0.,0.,1.));
#15362=DIRECTION('',(0.,-1.,0.));
#15363=DIRECTION('',(0.,0.,-1.));
#15364=DIRECTION('',(-1.,0.,0.));
#15365=DIRECTION('',(0.,0.,1.));
#15366=DIRECTION('',(0.,0.,-1.));
#15367=DIRECTION('',(1.,0.,0.));
#15368=DIRECTION('',(-1.,0.,0.));
#15369=DIRECTION('',(0.,0.,1.));
#15370=DIRECTION('',(1.,0.,0.));
#15371=DIRECTION('',(-1.,0.,0.));
#15372=DIRECTION('',(0.,0.,1.));
#15373=DIRECTION('',(0.,-1.,0.));
#15374=DIRECTION('',(0.,0.,-1.));
#15375=DIRECTION('',(-0.316227766016833,2.58149519748283E-16,-0.948683298050515));
#15376=DIRECTION('',(0.948683298050515,0.,-0.316227766016834));
#15377=DIRECTION('',(1.,-8.16340459283203E-16,0.));
#15378=DIRECTION('',(8.16340459283203E-16,1.,0.));
#15379=DIRECTION('',(-1.,0.,0.));
#15380=DIRECTION('',(0.,0.,1.));
#15381=DIRECTION('',(1.,-8.16340459283203E-16,0.));
#15382=DIRECTION('',(-8.16340459283203E-16,-1.,0.));
#15383=DIRECTION('',(1.,-8.16340459283203E-16,0.));
#15384=DIRECTION('',(0.,0.,-1.));
#15385=DIRECTION('',(-1.,0.,0.));
#15386=DIRECTION('',(8.16340459283203E-16,1.,0.));
#15387=DIRECTION('',(1.,-8.16340459283203E-16,0.));
#15388=DIRECTION('',(0.,0.,1.));
#15389=DIRECTION('',(-1.,0.,0.));
#15390=DIRECTION('',(0.,0.,1.));
#15391=DIRECTION('',(0.,0.,1.));
#15392=DIRECTION('',(1.,0.,0.));
#15393=DIRECTION('',(0.948683298050512,2.5814951974829E-16,0.316227766016843));
#15394=DIRECTION('',(-0.316227766016843,0.,0.948683298050512));
#15395=DIRECTION('',(0.,-1.,0.));
#15396=DIRECTION('',(0.,0.,-1.));
#15397=DIRECTION('',(0.714337658706356,-0.663151226333089,-0.223499799478303));
#15398=DIRECTION('',(0.680361671932762,0.732876521226364,0.));
#15399=DIRECTION('',(-4.63502542989784E-15,3.78375878823212E-30,-1.));
#15400=DIRECTION('',(1.,0.,-4.63502542989784E-15));
#15401=DIRECTION('',(8.16340459283203E-16,1.,0.));
#15402=DIRECTION('',(1.,-5.55765921160945E-16,-4.63502542989784E-15));
#15403=DIRECTION('',(8.16340459283203E-16,1.,0.));
#15404=DIRECTION('',(1.,-8.16340459283203E-16,-4.63502542989784E-15));
#15405=DIRECTION('',(8.16340459283203E-16,1.,0.));
#15406=DIRECTION('',(-1.,8.16340459283203E-16,0.));
#15407=DIRECTION('',(5.55765921160943E-16,1.,-5.55765921160943E-16));
#15408=DIRECTION('',(0.,5.55765921160943E-16,1.));
#15409=DIRECTION('',(8.16340459283203E-16,1.,0.));
#15410=DIRECTION('',(8.16340459283203E-16,1.,0.));
#15411=DIRECTION('',(1.,-8.16340459283203E-16,0.));
#15412=DIRECTION('',(4.63502542989784E-15,-3.78375878823212E-30,-1.));
#15413=DIRECTION('',(1.,0.,4.63502542989784E-15));
#15414=DIRECTION('',(0.,0.,-1.));
#15415=DIRECTION('',(-1.,0.,0.));
#15416=DIRECTION('',(0.,0.,-1.));
#15417=DIRECTION('',(-1.,0.,0.));
#15418=DIRECTION('',(-4.63502542989784E-15,3.78375878823212E-30,1.));
#15419=DIRECTION('',(-8.16340459283203E-16,-1.,0.));
#15420=DIRECTION('',(1.,-8.16340459283203E-16,0.));
#15421=DIRECTION('',(0.707106781186513,0.,-0.707106781186582));
#15422=DIRECTION('',(-0.707106781186582,0.,-0.707106781186513));
#15423=DIRECTION('',(8.16340459283203E-16,1.,0.));
#15424=DIRECTION('',(1.,-8.16340459283203E-16,0.));
#15425=DIRECTION('',(0.707106781186548,-5.77239874516094E-16,-0.707106781186548));
#15426=DIRECTION('',(0.707106781186548,0.,0.707106781186548));
#15427=DIRECTION('',(-0.707106781186548,0.,0.707106781186548));
#15428=DIRECTION('',(0.707106781186548,0.,0.707106781186548));
#15429=DIRECTION('',(-0.707106781186548,5.77239874516094E-16,0.707106781186548));
#15430=DIRECTION('',(-8.16340459283203E-16,-1.,0.));
#15431=DIRECTION('',(1.,-8.16340459283203E-16,0.));
#15432=DIRECTION('',(8.16340459283203E-16,1.,0.));
#15433=DIRECTION('',(1.,-8.16340459283203E-16,0.));
#15434=DIRECTION('',(-0.707106781186548,0.,-0.707106781186548));
#15435=DIRECTION('',(-0.707106781186548,0.,0.707106781186548));
#15436=DIRECTION('',(0.707106781186548,-5.77239874516094E-16,-0.707106781186548));
#15437=DIRECTION('',(0.707106781186548,0.,0.707106781186548));
#15438=DIRECTION('',(8.16340459283203E-16,1.,0.));
#15439=DIRECTION('',(0.707106781186548,-5.77239874516094E-16,0.707106781186548));
#15440=DIRECTION('',(8.16340459283203E-16,1.,0.));
#15441=DIRECTION('',(0.707106781186548,-5.77239874516094E-16,0.707106781186548));
#15442=DIRECTION('',(-8.16340459283203E-16,-1.,0.));
#15443=DIRECTION('',(1.,-8.16340459283203E-16,0.));
#15444=DIRECTION('',(-0.707106781186548,0.,-0.707106781186548));
#15445=DIRECTION('',(-0.707106781186548,0.,0.707106781186548));
#15446=DIRECTION('',(8.16340459283203E-16,1.,0.));
#15447=DIRECTION('',(1.,-8.16340459283203E-16,0.));
#15448=DIRECTION('',(0.707106781186548,0.,-0.707106781186548));
#15449=DIRECTION('',(-0.707106781186548,0.,-0.707106781186548));
#15450=DIRECTION('',(0.707106781186548,-5.77239874516094E-16,0.707106781186548));
#15451=DIRECTION('',(-0.707106781186548,0.,0.707106781186548));
#15452=DIRECTION('',(8.16340459283203E-16,1.,0.));
#15453=DIRECTION('',(-1.,8.16340459283203E-16,0.));
#15454=DIRECTION('',(8.16340459283203E-16,1.,0.));
#15455=DIRECTION('',(0.,-1.,0.));
#15456=DIRECTION('',(0.,0.,-1.));
#15457=DIRECTION('',(0.,0.,-1.));
#15458=DIRECTION('',(1.,0.,0.));
#15459=DIRECTION('',(0.707106781186548,0.,-0.707106781186548));
#15460=DIRECTION('',(-0.707106781186548,0.,-0.707106781186548));
#15461=DIRECTION('',(-0.707106781186548,0.,-0.707106781186548));
#15462=DIRECTION('',(-0.707106781186548,0.,0.707106781186548));
#15463=DIRECTION('',(-0.707106781186548,5.77239874516094E-16,0.707106781186548));
#15464=DIRECTION('',(-0.707106781186548,0.,-0.707106781186548));
#15465=DIRECTION('',(-0.707106781186548,5.77239874516094E-16,0.707106781186548));
#15466=DIRECTION('',(-0.707106781186548,5.77239874516094E-16,0.707106781186548));
#15467=DIRECTION('',(0.,-1.,-8.16340459283203E-16));
#15468=DIRECTION('',(0.,-8.16340459283203E-16,1.));
#15469=DIRECTION('',(0.,1.,8.16340459283203E-16));
#15470=DIRECTION('',(0.,-1.,0.));
#15471=DIRECTION('',(0.,0.,-1.));
#15472=DIRECTION('',(0.948683298050512,3.51497231354035E-16,0.316227766016843));
#15473=DIRECTION('',(-0.316227766016843,0.,0.948683298050512));
#15474=DIRECTION('',(0.,0.,-1.));
#15475=DIRECTION('',(-1.,0.,0.));
#15476=DIRECTION('',(0.,-5.55765921160943E-16,-1.));
#15477=DIRECTION('',(0.,-1.,5.55765921160943E-16));
#15478=DIRECTION('',(0.,5.55765921160943E-16,1.));
#15479=DIRECTION('',(0.,0.,-1.));
#15480=DIRECTION('',(-1.,0.,0.));
#15481=DIRECTION('',(-5.55765921160943E-16,-1.,5.55765921160943E-16));
#15482=DIRECTION('',(0.,5.55765921160943E-16,1.));
#15483=DIRECTION('',(5.55765921160943E-16,1.,-5.55765921160943E-16));
#15484=DIRECTION('',(0.,5.55765921160943E-16,1.));
#15485=DIRECTION('',(-1.,0.,0.));
#15486=DIRECTION('',(0.,0.,1.));
#15487=DIRECTION('',(-1.,5.55765921160943E-16,0.));
#15488=DIRECTION('',(-5.55765921160943E-16,-1.,0.));
#15489=DIRECTION('',(1.,-5.55765921160943E-16,0.));
#15490=DIRECTION('',(1.,0.,0.));
#15491=DIRECTION('',(0.,0.,-1.));
#15492=DIRECTION('',(0.,-1.,0.));
#15493=DIRECTION('',(0.,0.,-1.));
#15494=DIRECTION('',(-0.316227766016833,3.51497231354025E-16,-0.948683298050515));
#15495=DIRECTION('',(0.948683298050515,0.,-0.316227766016834));
#15496=DIRECTION('',(8.16340459283203E-16,1.,0.));
#15497=DIRECTION('',(-1.,8.16340459283203E-16,0.));
#15498=DIRECTION('',(-8.16340459283203E-16,-1.,0.));
#15499=DIRECTION('',(0.707106781186548,-5.77239874516094E-16,-0.707106781186548));
#15500=DIRECTION('',(0.707106781186548,0.,0.707106781186548));
#15501=DIRECTION('',(0.707106781186548,-5.77239874516094E-16,-0.707106781186548));
#15502=DIRECTION('',(0.707106781186548,0.,-0.707106781186548));
#15503=DIRECTION('',(-0.707106781186548,0.,-0.707106781186548));
#15504=DIRECTION('',(0.707106781186548,-5.77239874516094E-16,-0.707106781186548));
#15505=DIRECTION('',(0.,0.,-1.));
#15506=DIRECTION('',(1.,0.,0.));
#15507=DIRECTION('',(0.,-1.,0.));
#15508=DIRECTION('',(0.,0.,-1.));
#15509=DIRECTION('',(0.707106781186548,0.,0.707106781186548));
#15510=DIRECTION('',(0.707106781186548,0.,-0.707106781186548));
#15511=DIRECTION('',(-8.16340459283203E-16,-1.,0.));
#15512=DIRECTION('',(1.,-8.16340459283203E-16,0.));
#15513=DIRECTION('',(0.707106781186548,-5.77239874516094E-16,0.707106781186548));
#15514=DIRECTION('',(-0.707106781186548,5.77239874516094E-16,-0.707106781186548));
#15515=DIRECTION('',(0.707106781186548,0.,-0.707106781186548));
#15516=DIRECTION('',(8.16340459283203E-16,1.,0.));
#15517=DIRECTION('',(-1.,8.16340459283203E-16,0.));
#15518=DIRECTION('',(8.16340459283203E-16,1.,0.));
#15519=DIRECTION('',(-0.707106781186548,5.77239874516094E-16,0.707106781186548));
#15520=DIRECTION('',(-0.707106781186548,0.,-0.707106781186548));
#15521=DIRECTION('',(0.707106781186548,-5.77239874516094E-16,-0.707106781186548));
#15522=DIRECTION('',(0.707106781186548,4.906538933387E-14,-0.707106781186548));
#15523=DIRECTION('',(-0.707106781186548,0.,-0.707106781186548));
#15524=DIRECTION('',(-8.16340459283203E-16,-1.,0.));
#15525=DIRECTION('',(1.,-8.16340459283203E-16,0.));
#15526=DIRECTION('',(-1.,0.,0.));
#15527=DIRECTION('',(0.,0.,1.));
#15528=DIRECTION('',(8.16340459283203E-16,1.,0.));
#15529=DIRECTION('',(1.,-8.16340459283203E-16,0.));
#15530=DIRECTION('',(-1.,8.16340459283203E-16,4.63502542989784E-15));
#15531=DIRECTION('',(-4.63502542989784E-15,0.,-1.));
#15532=DIRECTION('',(-1.,0.,0.));
#15533=DIRECTION('',(0.,0.,1.));
#15534=DIRECTION('',(-8.16340459283203E-16,-1.,0.));
#15535=DIRECTION('',(1.,-8.16340459283203E-16,0.));
#15536=DIRECTION('',(1.,-8.16340459283203E-16,4.63502542989784E-15));
#15537=DIRECTION('',(-4.63502542989784E-15,0.,1.));
#15538=DIRECTION('',(-4.63502542989784E-15,5.55765921160945E-16,1.));
#15539=DIRECTION('',(8.16340459283203E-16,1.,-4.93038065763132E-32));
#15540=DIRECTION('',(-0.0860652868021765,0.330240959762256,0.939964720031003));
#15541=DIRECTION('',(0.,-0.943465449244537,0.331470882705862));
#15542=DIRECTION('',(-0.500000000149558,-0.707106780682645,0.500000000563068));
#15543=DIRECTION('',(0.,-0.577350269897365,-0.816496580427279));
#15544=DIRECTION('',(-8.16340459283203E-16,-1.,4.93038065763135E-32));
#15545=DIRECTION('',(1.,-8.16340459283203E-16,0.));
#15546=DIRECTION('',(8.16340459283203E-16,1.,0.));
#15547=DIRECTION('',(0.707106781186548,-5.77239874516094E-16,0.707106781186548));
#15548=DIRECTION('',(-0.707106781186548,0.,0.707106781186548));
#15549=DIRECTION('',(0.707106781186548,-7.85971703210581E-16,-0.707106781186548));
#15550=DIRECTION('',(-0.707106781186548,7.85971703210581E-16,0.707106781186548));
#15551=DIRECTION('',(-0.707106781186548,0.,-0.707106781186548));
#15552=DIRECTION('',(0.707106781186548,-7.85971703210581E-16,-0.707106781186548));
#15553=DIRECTION('',(-4.63502542989784E-15,5.55765921160945E-16,1.));
#15554=DIRECTION('',(-1.,0.,-4.63502542989784E-15));
#15555=DIRECTION('',(0.,0.,1.));
#15556=DIRECTION('',(1.,0.,0.));
#15557=DIRECTION('',(-4.63502542989784E-15,5.55765921160945E-16,1.));
#15558=DIRECTION('',(-5.55765921160943E-16,-1.,5.55765921160943E-16));
#15559=DIRECTION('',(0.,5.55765921160943E-16,1.));
#15560=DIRECTION('',(1.,0.,0.));
#15561=DIRECTION('',(0.,0.,-1.));
#15562=DIRECTION('',(5.55765921160943E-16,1.,-5.55765921160943E-16));
#15563=DIRECTION('',(0.,5.55765921160943E-16,1.));
#15564=DIRECTION('',(1.,-5.55765921160945E-16,-4.63502542989784E-15));
#15565=DIRECTION('',(4.63502542989784E-15,0.,1.));
#15566=DIRECTION('',(1.,-5.55765921160945E-16,-4.63502542989784E-15));
#15567=DIRECTION('',(0.939964720030979,-0.33024095976231,-0.0860652868022352));
#15568=DIRECTION('',(0.331470882705918,0.943465449244518,0.));
#15569=DIRECTION('',(-8.16340459283203E-16,-1.,4.93038065763135E-32));
#15570=DIRECTION('',(1.,-8.16340459283203E-16,0.));
#15571=DIRECTION('',(8.16340459283203E-16,1.,0.));
#15572=DIRECTION('',(-0.707106781186548,5.77239874516094E-16,-0.707106781186548));
#15573=DIRECTION('',(0.707106781186548,0.,-0.707106781186548));
#15574=DIRECTION('',(-0.707106781186548,7.85971703210581E-16,0.707106781186548));
#15575=DIRECTION('',(0.707106781186548,-7.85971703210581E-16,-0.707106781186548));
#15576=DIRECTION('',(0.707106781186548,0.,0.707106781186548));
#15577=DIRECTION('',(-0.707106781186548,7.85971703210581E-16,0.707106781186548));
#15578=DIRECTION('',(-5.55765921160943E-16,-1.,5.55765921160943E-16));
#15579=DIRECTION('',(0.,5.55765921160943E-16,1.));
#15580=DIRECTION('',(0.,0.,1.));
#15581=DIRECTION('',(-1.,0.,0.));
#15582=DIRECTION('',(0.,0.,-1.));
#15583=DIRECTION('',(-1.,0.,0.));
#15584=DIRECTION('',(0.,0.,-1.));
#15585=DIRECTION('',(-1.,0.,0.));
#15586=DIRECTION('',(-8.16340459283203E-16,-1.,0.));
#15587=DIRECTION('',(1.,-8.16340459283203E-16,0.));
#15588=DIRECTION('',(-1.,0.,0.));
#15589=DIRECTION('',(0.,0.,1.));
#15590=DIRECTION('',(1.,-8.16340459283203E-16,0.));
#15591=DIRECTION('',(8.16340459283203E-16,1.,0.));
#15592=DIRECTION('',(-1.,8.16340459283203E-16,0.));
#15593=DIRECTION('',(8.16340459283203E-16,1.,0.));
#15594=DIRECTION('',(0.,-1.,0.));
#15595=DIRECTION('',(0.,0.,1.));
#15596=DIRECTION('',(0.,0.,-1.));
#15597=DIRECTION('',(-1.,0.,0.));
#15598=DIRECTION('',(0.,1.,0.));
#15599=DIRECTION('',(0.,0.,1.));
#15600=DIRECTION('',(0.,-1.,0.));
#15601=DIRECTION('',(0.,0.,1.));
#15602=DIRECTION('',(-0.707106781186548,0.,-0.707106781186548));
#15603=DIRECTION('',(0.,1.,0.));
#15604=DIRECTION('',(0.,0.,1.));
#15605=DIRECTION('',(0.,0.,-1.));
#15606=DIRECTION('',(-1.,0.,0.));
#15607=DIRECTION('',(0.,0.,1.));
#15608=DIRECTION('',(-1.,0.,0.));
#15609=DIRECTION('',(0.,-1.,0.));
#15610=DIRECTION('',(-1.,0.,0.));
#15611=DIRECTION('',(0.,-1.,0.));
#15612=DIRECTION('',(0.,-1.,0.));
#15613=DIRECTION('',(-1.,0.,0.));
#15614=DIRECTION('',(0.,0.,-1.));
#15615=DIRECTION('',(0.,-1.,0.));
#15616=DIRECTION('',(0.,1.,0.));
#15617=DIRECTION('',(0.,0.,-1.));
#15618=DIRECTION('',(0.,1.,0.));
#15619=DIRECTION('',(0.,0.,-1.));
#15620=DIRECTION('',(0.,0.,-1.));
#15621=DIRECTION('',(-1.,0.,0.));
#15622=DIRECTION('',(1.,0.,0.));
#15623=DIRECTION('',(0.,0.,1.));
#15624=DIRECTION('',(0.,-1.,-8.16340459283203E-16));
#15625=DIRECTION('',(-1.,0.,0.));
#15626=DIRECTION('',(0.,8.16340459283203E-16,1.));
#15627=DIRECTION('',(0.,0.,1.));
#15628=DIRECTION('',(0.,1.,0.));
#15629=DIRECTION('',(0.,0.,-1.));
#15630=DIRECTION('',(1.,0.,0.));
#15631=DIRECTION('',(-8.16340459283203E-16,-1.,0.));
#15632=DIRECTION('',(-1.,8.16340459283203E-16,0.));
#15633=DIRECTION('',(0.,0.,1.));
#15634=DIRECTION('',(1.,-8.16340459283203E-16,0.));
#15635=DIRECTION('',(1.,0.,0.));
#15636=DIRECTION('',(0.,0.,1.));
#15637=DIRECTION('',(8.16340459283203E-16,1.,0.));
#15638=DIRECTION('',(0.,0.,-1.));
#15639=DIRECTION('',(1.,0.,0.));
#15640=DIRECTION('',(8.16340459283203E-16,1.,0.));
#15641=DIRECTION('',(0.707106781186548,-5.77239874516094E-16,-0.707106781186548));
#15642=DIRECTION('',(0.707106781186548,0.,0.707106781186548));
#15643=DIRECTION('',(4.08170229641602E-16,1.,-4.08170229641602E-16));
#15644=DIRECTION('',(0.707106781186548,0.,0.707106781186548));
#15645=DIRECTION('',(4.08170229641602E-16,1.,-4.08170229641602E-16));
#15646=DIRECTION('',(8.16340459283203E-16,1.,0.));
#15647=DIRECTION('',(-1.,8.16340459283203E-16,0.));
#15648=DIRECTION('',(-8.16340459283203E-16,-1.,0.));
#15649=DIRECTION('',(-1.,8.16340459283203E-16,0.));
#15650=DIRECTION('',(4.08170229641602E-16,1.,4.08170229641602E-16));
#15651=DIRECTION('',(0.,0.,-1.));
#15652=DIRECTION('',(1.,0.,0.));
#15653=DIRECTION('',(0.707106781186548,-5.77239874516094E-16,-0.707106781186548));
#15654=DIRECTION('',(-0.707106781186548,0.,-0.707106781186548));
#15655=DIRECTION('',(0.707106781186548,-5.77239874516094E-16,0.707106781186548));
#15656=DIRECTION('',(0.707106781186548,0.,-0.707106781186548));
#15657=DIRECTION('',(-0.707106781186548,5.77239874516094E-16,0.707106781186548));
#15658=DIRECTION('',(-0.707106781186548,0.,-0.707106781186548));
#15659=DIRECTION('',(-0.707106781186548,5.77239874516094E-16,0.707106781186548));
#15660=DIRECTION('',(-0.707106781186548,0.,0.707106781186548));
#15661=DIRECTION('',(0.707106781186548,-5.77239874516094E-16,-0.707106781186548));
#15662=DIRECTION('',(0.707106781186548,0.,0.707106781186548));
#15663=DIRECTION('',(0.707106781186548,0.,-0.707106781186548));
#15664=DIRECTION('',(0.707106781186548,-5.77239874516094E-16,-0.707106781186548));
#15665=DIRECTION('',(-0.707106781186548,5.77239874516094E-16,0.707106781186548));
#15666=DIRECTION('',(0.707106781186548,0.,0.707106781186548));
#15667=DIRECTION('',(0.,0.,-1.));
#15668=DIRECTION('',(1.,0.,0.));
#15669=DIRECTION('',(-1.38777878078141E-13,1.,0.));
#15670=DIRECTION('',(1.,1.38777878078141E-13,0.));
#15671=DIRECTION('',(0.707106781186548,-5.77239874516094E-16,0.707106781186548));
#15672=DIRECTION('',(0.707106781186548,0.,-0.707106781186548));
#15673=DIRECTION('',(-8.16340459283203E-16,-1.,0.));
#15674=DIRECTION('',(1.,-8.16340459283203E-16,0.));
#15675=DIRECTION('',(-0.707106781186548,5.77239874516094E-16,-0.707106781186548));
#15676=DIRECTION('',(-0.707106781186548,5.77239874516094E-16,-0.707106781186548));
#15677=DIRECTION('',(0.707106781186548,0.,-0.707106781186548));
#15678=DIRECTION('',(8.16340459283203E-16,1.,0.));
#15679=DIRECTION('',(-1.,8.16340459283203E-16,0.));
#15680=DIRECTION('',(4.08170229641602E-16,1.,4.08170229641602E-16));
#15681=DIRECTION('',(0.707106781186548,-5.77239874516094E-16,0.707106781186548));
#15682=DIRECTION('',(-0.707106781186548,0.,0.707106781186548));
#15683=DIRECTION('',(-0.707106781186548,5.77239874516094E-16,-0.707106781186548));
#15684=DIRECTION('',(0.707106781186548,0.,-0.707106781186548));
#15685=DIRECTION('',(0.,-1.,0.));
#15686=DIRECTION('',(0.,0.,1.));
#15687=DIRECTION('',(0.,1.,0.));
#15688=DIRECTION('',(0.,0.,1.));
#15689=DIRECTION('',(0.,-1.,0.));
#15690=DIRECTION('',(0.,0.,-1.));
#15691=DIRECTION('',(0.,0.,-1.));
#15692=DIRECTION('',(1.,0.,0.));
#15693=DIRECTION('',(0.,0.,1.));
#15694=DIRECTION('',(1.,0.,0.));
#15695=DIRECTION('',(0.,0.,-1.));
#15696=DIRECTION('',(1.,0.,0.));
#15697=DIRECTION('',(0.,-1.,0.));
#15698=DIRECTION('',(0.,0.,1.));
#15699=DIRECTION('',(0.,-1.,0.));
#15700=DIRECTION('',(0.,0.,-1.));
#15701=DIRECTION('',(0.,0.,-1.));
#15702=DIRECTION('',(1.,0.,0.));
#15703=DIRECTION('',(-1.,0.,0.));
#15704=DIRECTION('',(0.,0.,1.));
#15705=DIRECTION('',(-1.,0.,0.));
#15706=DIRECTION('',(0.,0.,-1.));
#15707=DIRECTION('',(0.,-1.,0.));
#15708=DIRECTION('',(0.,0.,1.));
#15709=DIRECTION('',(0.,-1.,0.));
#15710=DIRECTION('',(0.,0.,-1.));
#15711=DIRECTION('',(0.,1.,0.));
#15712=DIRECTION('',(0.,0.,-1.));
#15713=DIRECTION('',(0.,0.,1.));
#15714=DIRECTION('',(1.,0.,0.));
#15715=DIRECTION('',(-1.,0.,0.));
#15716=DIRECTION('',(0.,0.,1.));
#15717=DIRECTION('',(-1.,0.,0.));
#15718=DIRECTION('',(0.,0.,-1.));
#15719=DIRECTION('',(-1.,0.,0.));
#15720=DIRECTION('',(0.,0.,1.));
#15721=DIRECTION('',(0.,0.,-1.));
#15722=DIRECTION('',(1.,0.,0.));
#15723=DIRECTION('',(0.,0.,1.));
#15724=DIRECTION('',(1.,0.,0.));
#15725=DIRECTION('',(0.,1.,0.));
#15726=DIRECTION('',(0.,0.,-1.));
#15727=DIRECTION('',(0.,0.,1.));
#15728=DIRECTION('',(1.,0.,0.));
#15729=DIRECTION('',(0.,1.,0.));
#15730=DIRECTION('',(0.,0.,-1.));
#15731=DIRECTION('',(-1.,0.,0.));
#15732=DIRECTION('',(0.,0.,1.));
#15733=DIRECTION('',(0.,0.,-1.));
#15734=DIRECTION('',(1.,0.,0.));
#15735=DIRECTION('',(0.,0.,1.));
#15736=DIRECTION('',(1.,0.,0.));
#15737=DIRECTION('',(-1.,0.,0.));
#15738=DIRECTION('',(0.,0.,-1.));
#15739=DIRECTION('',(-1.,0.,0.));
#15740=DIRECTION('',(0.,0.,1.));
#15741=DIRECTION('',(0.,1.,0.));
#15742=DIRECTION('',(0.,0.,-1.));
#15743=DIRECTION('',(0.,-1.,0.));
#15744=DIRECTION('',(0.,0.,1.));
#15745=DIRECTION('',(0.,0.,1.));
#15746=DIRECTION('',(0.,1.,0.));
#15747=DIRECTION('',(0.,0.,-1.));
#15748=DIRECTION('',(0.,0.,1.));
#15749=DIRECTION('',(0.,0.,1.));
#15750=DIRECTION('',(1.,0.,0.));
#15751=DIRECTION('',(0.,0.,1.));
#15752=DIRECTION('',(0.,0.,1.));
#15753=DIRECTION('',(1.,0.,0.));
#15754=DIRECTION('',(0.,0.,1.));
#15755=DIRECTION('',(0.,-1.,0.));
#15756=DIRECTION('',(0.,0.,1.));
#15757=DIRECTION('',(0.,0.,1.));
#15758=DIRECTION('',(0.,0.,1.));
#15759=DIRECTION('',(1.,0.,0.));
#15760=DIRECTION('',(0.,0.,1.));
#15761=DIRECTION('',(1.,0.,0.));
#15762=DIRECTION('',(0.,0.,1.));
#15763=DIRECTION('',(0.,1.,0.));
#15764=DIRECTION('',(0.,0.,-1.));
#15765=CARTESIAN_POINT('',(0.,0.,0.));
#15766=CARTESIAN_POINT('',(0.042,0.1135,0.0495));
#15767=CARTESIAN_POINT('',(0.042,0.08826,0.0495));
#15768=CARTESIAN_POINT('',(0.042,0.08826,0.05));
#15769=CARTESIAN_POINT('',(0.0415,0.08826,0.0495));
#15770=CARTESIAN_POINT('',(0.042,0.1135,0.05));
#15771=CARTESIAN_POINT('',(0.042,0.0916,0.05));
#15772=CARTESIAN_POINT('',(0.042,0.0916,0.0495));
#15773=CARTESIAN_POINT('',(0.0415,0.0916,0.0495));
#15774=CARTESIAN_POINT('',(0.0415,0.1135,0.0495));
#15775=CARTESIAN_POINT('',(0.0495,0.1135,0.042));
#15776=CARTESIAN_POINT('',(0.0495,0.07626,0.042));
#15777=CARTESIAN_POINT('',(0.05,0.07626,0.042));
#15778=CARTESIAN_POINT('',(0.0495,0.07626,0.0415));
#15779=CARTESIAN_POINT('',(0.05,0.1135,0.042));
#15780=CARTESIAN_POINT('',(0.05,0.0748,0.042));
#15781=CARTESIAN_POINT('',(0.0495,0.0748,0.042));
#15782=CARTESIAN_POINT('',(0.0495,0.0748,0.0415));
#15783=CARTESIAN_POINT('',(0.0495,0.1135,0.0415));
#15784=CARTESIAN_POINT('',(0.048437867965644,0.0746,0.048437867965644));
#15785=CARTESIAN_POINT('',(0.048437867965644,0.0746,0.04895));
#15786=CARTESIAN_POINT('',(0.048437867965644,0.07155,0.04895));
#15787=CARTESIAN_POINT('',(0.048437867965644,0.0746,0.04895));
#15788=CARTESIAN_POINT('',(0.048437867965644,0.07155,0.048437867965644));
#15789=CARTESIAN_POINT('',(0.04895,0.07155,0.048437867965644));
#15790=CARTESIAN_POINT('',(0.04895,0.0746,0.048437867965644));
#15791=CARTESIAN_POINT('',(0.04895,0.0746,0.048437867965644));
#15792=CARTESIAN_POINT('',(0.048437867965644,0.0746,0.048437867965644));
#15793=CARTESIAN_POINT('',(0.043813340594773,0.0694770500882838,0.0546081123589482));
#15794=CARTESIAN_POINT('',(0.0488085786437627,0.0690083271686377,0.04895));
#15795=CARTESIAN_POINT('',(0.0485967392464233,0.0694770500882838,0.0498247137072979));
#15796=CARTESIAN_POINT('',(0.0481721825406948,0.0690083271686378,0.0495863961030679));
#15797=CARTESIAN_POINT('',(0.0481222586343889,0.0689377241032533,0.049536472196762));
#15798=CARTESIAN_POINT('',(0.0481284263776389,0.0689464466094067,0.049542639940012));
#15799=CARTESIAN_POINT('',(0.0434381472767379,0.0689464466094067,0.054232919040913));
#15800=CARTESIAN_POINT('',(0.049542639940012,0.0689464466094067,0.0481284263776389));
#15801=CARTESIAN_POINT('',(0.049542639940012,0.0689464466094067,0.0481284263776389));
#15802=CARTESIAN_POINT('',(0.0495863961030679,0.0690083271686378,0.0481721825406948));
#15803=CARTESIAN_POINT('',(0.0495863961030679,0.0690083271686378,0.0481721825406949));
#15804=CARTESIAN_POINT('',(0.0497031450980206,0.0691734351806933,0.0482889315356476));
#15805=CARTESIAN_POINT('',(0.0497857266889606,0.0693356501404227,0.0484357565407766));
#15806=CARTESIAN_POINT('',(0.0498247137072979,0.0694770500882838,0.0485967392464233));
#15807=CARTESIAN_POINT('',(0.0498247137072979,0.0694770500882838,0.0485967392464233));
#15808=CARTESIAN_POINT('',(0.043813340594773,0.0694770500882838,0.0546081123589482));
#15809=CARTESIAN_POINT('',(0.043313340594773,0.0701841568694703,0.0541081123589482));
#15810=CARTESIAN_POINT('',(0.0489445450103292,0.0700105086918033,0.049869636424032));
#15811=CARTESIAN_POINT('',(0.0489222508731698,0.0699163992289668,0.0498684630483921));
#15812=CARTESIAN_POINT('',(0.0488813199674632,0.0698230897923867,0.049866308790197));
#15813=CARTESIAN_POINT('',(0.0488217522932094,0.069734915282887,0.0498631736494468));
#15814=CARTESIAN_POINT('',(0.0489445450103293,0.0700105086918034,0.049869636424032));
#15815=CARTESIAN_POINT('',(0.0488217522932095,0.0697349152828871,0.0498631736494467));
#15816=CARTESIAN_POINT('',(0.0488217522932094,0.069734915282887,0.0498631736494468));
#15817=CARTESIAN_POINT('',(0.0487568310466204,0.0696397724733953,0.0498604367710702));
#15818=CARTESIAN_POINT('',(0.0486810784143289,0.0695523526949283,0.0498468685069911));
#15819=CARTESIAN_POINT('',(0.0485967392464233,0.0694770500882838,0.049824713707298));
#15820=CARTESIAN_POINT('',(0.0498247137072979,0.0694770500882838,0.0485967392464233));
#15821=CARTESIAN_POINT('',(0.0498341039109788,0.0695064993779049,0.0486289966275269));
#15822=CARTESIAN_POINT('',(0.0498553112952695,0.0695872673058772,0.0487141395629952));
#15823=CARTESIAN_POINT('',(0.0498624268033051,0.0697139105505754,0.0488075622165169));
#15824=CARTESIAN_POINT('',(0.0498631736494468,0.0697349152828871,0.0488217522932095));
#15825=CARTESIAN_POINT('',(0.0498631736494468,0.0697349152828871,0.0488217522932095));
#15826=CARTESIAN_POINT('',(0.0498631736494468,0.0697349152828871,0.0488217522932095));
#15827=CARTESIAN_POINT('',(0.049866308790197,0.0698230897923867,0.0488813199674632));
#15828=CARTESIAN_POINT('',(0.049868463048392,0.0699163992289668,0.0489222508731698));
#15829=CARTESIAN_POINT('',(0.049869636424032,0.0700105086918033,0.0489445450103293));
#15830=CARTESIAN_POINT('',(0.049869636424032,0.0700105086918034,0.0489445450103292));
#15831=CARTESIAN_POINT('',(0.0440097048350931,0.0700105086918034,0.0548044765992682));
#15832=CARTESIAN_POINT('',(0.0441661510346884,0.0712652703644666,0.0549609227988635));
#15833=CARTESIAN_POINT('',(0.0492877429660314,0.0712652703644666,0.0498393308675206));
#15834=CARTESIAN_POINT('',(0.0492164444216292,0.0710603697432132,0.0498595345718615));
#15835=CARTESIAN_POINT('',(0.0491437422409628,0.0708093297911529,0.049869636424032));
#15836=CARTESIAN_POINT('',(0.0490696364240321,0.0705121505082858,0.049869636424032));
#15837=CARTESIAN_POINT('',(0.0492877429660313,0.0712652703644666,0.0498393308675205));
#15838=CARTESIAN_POINT('',(0.049069636424032,0.0705121505082858,0.049869636424032));
#15839=CARTESIAN_POINT('',(0.0489593827200185,0.0700700109023919,0.049869636424032));
#15840=CARTESIAN_POINT('',(0.049869636424032,0.0726042531630218,0.0495913315261816));
#15841=CARTESIAN_POINT('',(0.049869636424032,0.0705121505082857,0.049069636424032));
#15842=CARTESIAN_POINT('',(0.049869636424032,0.0705121505082857,0.049069636424032));
#15843=CARTESIAN_POINT('',(0.049869636424032,0.0708093297911529,0.0491437422409627));
#15844=CARTESIAN_POINT('',(0.0498595345718615,0.0710603697432132,0.0492164444216292));
#15845=CARTESIAN_POINT('',(0.0498393308675206,0.0712652703644666,0.0492877429660313));
#15846=CARTESIAN_POINT('',(0.0498393308675205,0.0712652703644666,0.0492877429660313));
#15847=CARTESIAN_POINT('',(0.0441661510346884,0.0712652703644666,0.0549609227988635));
#15848=CARTESIAN_POINT('',(0.0440268781866244,0.0713,0.0548216499507995));
#15849=CARTESIAN_POINT('',(0.0440268781866244,0.0715,0.0548216499507995));
#15850=CARTESIAN_POINT('',(0.0490500983300345,0.0715,0.0497984298073893));
#15851=CARTESIAN_POINT('',(0.0497984298073893,0.0715,0.0490500983300345));
#15852=CARTESIAN_POINT('',(0.0490500983300345,0.0715,0.0497984298073893));
#15853=CARTESIAN_POINT('',(0.0491743073525593,0.0715,0.0498327571559749));
#15854=CARTESIAN_POINT('',(0.0493174814159383,0.0713911078610881,0.0498409717600686));
#15855=CARTESIAN_POINT('',(0.0492877429660313,0.0712652703644666,0.0498393308675205));
#15856=CARTESIAN_POINT('',(0.0498393308675205,0.0712652703644666,0.0492877429660313));
#15857=CARTESIAN_POINT('',(0.0498409712637598,0.0713910697999345,0.0493174724211654));
#15858=CARTESIAN_POINT('',(0.0498327337378256,0.0715,0.0491742226170477));
#15859=CARTESIAN_POINT('',(0.0497984298073894,0.0715,0.0490500983300345));
#15860=CARTESIAN_POINT('',(0.0440268781866244,0.0715,0.0548216499507995));
#15861=CARTESIAN_POINT('',(0.0440268781866244,0.0715,0.0498));
#15862=CARTESIAN_POINT('',(0.0487585786437627,0.0715,0.0498));
#15863=CARTESIAN_POINT('',(0.049,0.0715,0.0498));
#15864=CARTESIAN_POINT('',(0.049,0.0715,0.049));
#15865=CARTESIAN_POINT('',(0.049,0.0715,0.049));
#15866=CARTESIAN_POINT('',(0.0498,0.0715,0.049));
#15867=CARTESIAN_POINT('',(0.0498,0.0715,0.0548216499507995));
#15868=CARTESIAN_POINT('',(0.0498,0.0715,0.0487585786437627));
#15869=CARTESIAN_POINT('',(0.0489,0.0715,0.0487585786437627));
#15870=CARTESIAN_POINT('',(0.0495363961030679,0.0715,0.0481221825406948));
#15871=CARTESIAN_POINT('',(0.0489292893218814,0.0715,0.0475150757595083));
#15872=CARTESIAN_POINT('',(0.049,0.0715,0.0475857864376269));
#15873=CARTESIAN_POINT('',(0.049,0.0715,0.0548216499507995));
#15874=CARTESIAN_POINT('',(0.049,0.0715,0.048437867965644));
#15875=CARTESIAN_POINT('',(0.048437867965644,0.0715,0.048437867965644));
#15876=CARTESIAN_POINT('',(0.048437867965644,0.0715,0.049));
#15877=CARTESIAN_POINT('',(0.0440268781866244,0.0715,0.049));
#15878=CARTESIAN_POINT('',(0.0475857864376269,0.0715,0.049));
#15879=CARTESIAN_POINT('',(0.0481221825406948,0.0715,0.0495363961030679));
#15880=CARTESIAN_POINT('',(0.0481221825406948,0.0715,0.0495363961030679));
#15881=CARTESIAN_POINT('',(0.0487585786437627,0.0715,0.0489));
#15882=CARTESIAN_POINT('',(0.047373654403271,0.0686,0.0489292893218814));
#15883=CARTESIAN_POINT('',(0.0480221825406948,0.0746,0.0495778174593052));
#15884=CARTESIAN_POINT('',(0.0473650757595083,0.0746,0.0489207106781187));
#15885=CARTESIAN_POINT('',(0.0468908224620156,0.0746,0.048446457380626));
#15886=CARTESIAN_POINT('',(0.0469563243775248,0.0692930190374251,0.0485119592961352));
#15887=CARTESIAN_POINT('',(0.0469563243775248,0.0692930190374251,0.0485119592961352));
#15888=CARTESIAN_POINT('',(0.0472391240116844,0.0693,0.0487947589302947));
#15889=CARTESIAN_POINT('',(0.0472391240116843,0.0689,0.0487947589302947));
#15890=CARTESIAN_POINT('',(0.0478077156995203,0.0689,0.0493633506181307));
#15891=CARTESIAN_POINT('',(0.0478077156995203,0.0689,0.0493633506181307));
#15892=CARTESIAN_POINT('',(0.0478077156995203,0.0693,0.0493633506181307));
#15893=CARTESIAN_POINT('',(0.0480077156995203,0.0690171572875254,0.0495633506181307));
#15894=CARTESIAN_POINT('',(0.0480077156995203,0.0690171572875254,0.0495633506181307));
#15895=CARTESIAN_POINT('',(0.0480514718625762,0.0690790378467564,0.0496071067811865));
#15896=CARTESIAN_POINT('',(0.0480514718625762,0.0715,0.0496071067811865));
#15897=CARTESIAN_POINT('',(0.0480514718625762,0.0714,0.0496071067811865));
#15898=CARTESIAN_POINT('',(0.0474443650813896,0.0714,0.049));
#15899=CARTESIAN_POINT('',(0.0475150757595083,0.0714,0.0490707106781187));
#15900=CARTESIAN_POINT('',(0.0475150757595083,0.07155,0.0490707106781187));
#15901=CARTESIAN_POINT('',(0.0473650757595083,0.07155,0.0489207106781187));
#15902=CARTESIAN_POINT('',(0.0473650757595083,0.0686,0.0489207106781187));
#15903=CARTESIAN_POINT('',(0.0476564971157456,0.0686,0.0461008621971352));
#15904=CARTESIAN_POINT('',(0.0487947589302947,0.0693,0.0472391240116843));
#15905=CARTESIAN_POINT('',(0.0487947589302947,0.0689,0.0472391240116843));
#15906=CARTESIAN_POINT('',(0.0485119592961352,0.0692930190374251,0.0469563243775248));
#15907=CARTESIAN_POINT('',(0.0484464358398279,0.0746017452406438,0.0468908009212175));
#15908=CARTESIAN_POINT('',(0.048446457380626,0.0746,0.0468908224620156));
#15909=CARTESIAN_POINT('',(0.0495778174593052,0.0746,0.0480221825406948));
#15910=CARTESIAN_POINT('',(0.0489207106781187,0.0746,0.0473650757595083));
#15911=CARTESIAN_POINT('',(0.0489207106781187,0.0686,0.0473650757595083));
#15912=CARTESIAN_POINT('',(0.0489207106781187,0.07155,0.0473650757595083));
#15913=CARTESIAN_POINT('',(0.0490707106781187,0.07155,0.0475150757595083));
#15914=CARTESIAN_POINT('',(0.0490707106781187,0.0714,0.0475150757595083));
#15915=CARTESIAN_POINT('',(0.0496071067811866,0.0714,0.0480514718625762));
#15916=CARTESIAN_POINT('',(0.0496071067811866,0.0714,0.0480514718625762));
#15917=CARTESIAN_POINT('',(0.0496071067811866,0.0693518300528922,0.0480514718625762));
#15918=CARTESIAN_POINT('',(0.0496071067811866,0.0690790378467564,0.0480514718625762));
#15919=CARTESIAN_POINT('',(0.0495571828748807,0.069008434781372,0.0480015479562703));
#15920=CARTESIAN_POINT('',(0.0495633506181307,0.0690171572875254,0.0480077156995203));
#15921=CARTESIAN_POINT('',(0.0493633506181307,0.0693,0.0478077156995203));
#15922=CARTESIAN_POINT('',(0.0493633506181307,0.0689,0.0478077156995203));
#15923=CARTESIAN_POINT('',(0.0487947589302947,0.0689,0.0472391240116844));
#15924=CARTESIAN_POINT('',(0.0422660560462026,0.0692912737967814,0.0530608278103777));
#15925=CARTESIAN_POINT('',(0.0422660560462026,0.0692912737967814,0.0530608278103777));
#15926=CARTESIAN_POINT('',(0.0469563351471036,0.0692912737967814,0.0483705487094767));
#15927=CARTESIAN_POINT('',(0.0483705487094767,0.0692912737967814,0.0469563351471036));
#15928=CARTESIAN_POINT('',(0.0468908116907963,0.0746,0.0483050252531694));
#15929=CARTESIAN_POINT('',(0.0468908116907963,0.0746,0.0483050252531694));
#15930=CARTESIAN_POINT('',(0.0422005325898953,0.0746,0.0529953043540704));
#15931=CARTESIAN_POINT('',(0.0483050252531694,0.0746,0.0468908116907963));
#15932=CARTESIAN_POINT('',(0.0483705487094767,0.0692912737967814,0.0469563351471036));
#15933=CARTESIAN_POINT('',(0.042619555588902,0.0693,0.0534143273530771));
#15934=CARTESIAN_POINT('',(0.042619555588902,0.0688,0.0534143273530771));
#15935=CARTESIAN_POINT('',(0.047309834689803,0.0688,0.0487240482521761));
#15936=CARTESIAN_POINT('',(0.0487240482521761,0.0688,0.047309834689803));
#15937=CARTESIAN_POINT('',(0.047309834689803,0.0693,0.0487240482521761));
#15938=CARTESIAN_POINT('',(0.0487240482521761,0.0693,0.047309834689803));
#15939=CARTESIAN_POINT('',(0.0431881472767379,0.0688,0.053982919040913));
#15940=CARTESIAN_POINT('',(0.0431881472767379,0.0688,0.053982919040913));
#15941=CARTESIAN_POINT('',(0.0478784263776389,0.0688,0.049292639940012));
#15942=CARTESIAN_POINT('',(0.049292639940012,0.0688,0.0478784263776389));
#15943=CARTESIAN_POINT('',(0.047309834689803,0.0688,0.0487240482521761));
#15944=CARTESIAN_POINT('',(0.049292639940012,0.0688,0.0478784263776389));
#15945=CARTESIAN_POINT('',(0.0431881472767379,0.0693,0.053982919040913));
#15946=CARTESIAN_POINT('',(0.0478784263776389,0.0693,0.049292639940012));
#15947=CARTESIAN_POINT('',(0.049292639940012,0.0693,0.0478784263776389));
#15948=CARTESIAN_POINT('',(0.04895,0.0676857864376269,0.0473029437251523));
#15949=CARTESIAN_POINT('',(0.04895,0.07155,0.0473029437251523));
#15950=CARTESIAN_POINT('',(0.04895,0.07155,0.0474357864376269));
#15951=CARTESIAN_POINT('',(0.04895,0.0676857864376269,0.0474357864376269));
#15952=CARTESIAN_POINT('',(0.04895,0.0746,0.0474357864376269));
#15953=CARTESIAN_POINT('',(0.04895,0.0746,0.0473029437251523));
#15954=CARTESIAN_POINT('',(0.0488,0.0676857864376269,0.04895));
#15955=CARTESIAN_POINT('',(0.0488,0.0746,0.04895));
#15956=CARTESIAN_POINT('',(0.0474357864376269,0.0746,0.04895));
#15957=CARTESIAN_POINT('',(0.0474357864376269,0.0676857864376269,0.04895));
#15958=CARTESIAN_POINT('',(0.0474357864376269,0.07155,0.04895));
#15959=CARTESIAN_POINT('',(0.0488,0.07155,0.04895));
#15960=CARTESIAN_POINT('',(0.0499,0.415992188198565,0.0415));
#15961=CARTESIAN_POINT('',(0.0499,0.394007328691112,0.129663723887819));
#15962=CARTESIAN_POINT('',(0.0499,0.0705295153260524,0.049));
#15963=CARTESIAN_POINT('',(0.0499,0.0700278735095701,0.0488749085862972));
#15964=CARTESIAN_POINT('',(0.0499000000000003,0.07002787350957,0.0488749085862972));
#15965=CARTESIAN_POINT('',(0.0499000000000003,0.06994117222714,0.0488532884070525));
#15966=CARTESIAN_POINT('',(0.0499000000000003,0.069858494204465,0.048814511759541));
#15967=CARTESIAN_POINT('',(0.0499000000000003,0.069779839441545,0.0487585786437627));
#15968=CARTESIAN_POINT('',(0.0499,0.0697798394415454,0.0487585786437627));
#15969=CARTESIAN_POINT('',(0.0499,0.0715,0.0487585786437627));
#15970=CARTESIAN_POINT('',(0.0499,0.0714,0.0487585786437627));
#15971=CARTESIAN_POINT('',(0.0499,0.0714,0.0415));
#15972=CARTESIAN_POINT('',(0.0499,0.0714,0.049));
#15973=CARTESIAN_POINT('',(0.0499,0.415992188198565,0.049));
#15974=CARTESIAN_POINT('',(0.049,0.415992188198565,0.049));
#15975=CARTESIAN_POINT('',(0.049898233533313,0.0714,0.0490563606212888));
#15976=CARTESIAN_POINT('',(0.0498955763998217,0.0714,0.0490987080324734));
#15977=CARTESIAN_POINT('',(0.0498857916962506,0.0713880474662671,0.0491767637271376));
#15978=CARTESIAN_POINT('',(0.0498614852347518,0.07132249007596,0.0492609715469438));
#15979=CARTESIAN_POINT('',(0.0498659062489246,0.0712826351822333,0.0492453698597492));
#15980=CARTESIAN_POINT('',(0.049898233533313,0.0714,0.0490563606212888));
#15981=CARTESIAN_POINT('',(0.0498659062489246,0.0712826351822333,0.0492453698597492));
#15982=CARTESIAN_POINT('',(0.0498659062489249,0.071282635182233,0.0492453698597492));
#15983=CARTESIAN_POINT('',(0.0498877040391765,0.0710861308101576,0.0491684458120649));
#15984=CARTESIAN_POINT('',(0.0499000000000003,0.0708350908580973,0.0490857244816832));
#15985=CARTESIAN_POINT('',(0.0499000000000003,0.070529515326052,0.049));
#15986=CARTESIAN_POINT('',(0.049,0.0714,0.049));
#15987=CARTESIAN_POINT('',(0.049,0.415992188198565,0.0499));
#15988=CARTESIAN_POINT('',(0.0487585786437627,0.0693518300528922,0.0499));
#15989=CARTESIAN_POINT('',(0.0487585786437627,0.0714,0.0499));
#15990=CARTESIAN_POINT('',(0.0487585786437627,0.0697798394415454,0.0499));
#15991=CARTESIAN_POINT('',(0.048758578643763,0.069779839441545,0.0499));
#15992=CARTESIAN_POINT('',(0.0488145117595412,0.069858494204465,0.0499));
#15993=CARTESIAN_POINT('',(0.0488532884070528,0.06994117222714,0.0499));
#15994=CARTESIAN_POINT('',(0.0488749085862975,0.07002787350957,0.0499));
#15995=CARTESIAN_POINT('',(0.0488749085862973,0.0700278735095701,0.0499));
#15996=CARTESIAN_POINT('',(0.130102789775432,0.395768071518284,0.0499));
#15997=CARTESIAN_POINT('',(0.049,0.0705295153260525,0.0499));
#15998=CARTESIAN_POINT('',(0.049,0.415992188198565,0.0499));
#15999=CARTESIAN_POINT('',(0.049,0.0714,0.0499));
#16000=CARTESIAN_POINT('',(0.049,0.0714,0.0499));
#16001=CARTESIAN_POINT('',(0.049,0.415992188198565,0.049));
#16002=CARTESIAN_POINT('',(0.0490000000000003,0.070529515326052,0.0499));
#16003=CARTESIAN_POINT('',(0.0490857244816835,0.0708350908580976,0.0499));
#16004=CARTESIAN_POINT('',(0.0491684458120653,0.071086130810158,0.0498877040391762));
#16005=CARTESIAN_POINT('',(0.0492453698597495,0.071282635182233,0.0498659062489246));
#16006=CARTESIAN_POINT('',(0.0492453698597493,0.0712826351822333,0.0498659062489246));
#16007=CARTESIAN_POINT('',(0.0492453698597493,0.0712826351822333,0.0498659062489246));
#16008=CARTESIAN_POINT('',(0.0492609701513346,0.0713224865108418,0.0498614856302224));
#16009=CARTESIAN_POINT('',(0.0491767975795087,0.0713880181918793,0.0498857797365807));
#16010=CARTESIAN_POINT('',(0.0490987806337588,0.0714,0.0498955718443767));
#16011=CARTESIAN_POINT('',(0.0490563606212889,0.0714,0.049898233533313));
#16012=CARTESIAN_POINT('',(0.0490563606212888,0.0714,0.049898233533313));
#16013=CARTESIAN_POINT('',(0.049,0.0714,0.049));
#16014=CARTESIAN_POINT('',(0.0487585786437624,0.415992188198565,0.0489));
#16015=CARTESIAN_POINT('',(0.0487585786437627,0.0690790378467564,0.0489));
#16016=CARTESIAN_POINT('',(0.0485232015356078,0.0695477607664024,0.0498719041192199));
#16017=CARTESIAN_POINT('',(0.0485232015356078,0.069547760766402,0.0498719041192199));
#16018=CARTESIAN_POINT('',(0.0486126305712292,0.069618456154649,0.0498935621689939));
#16019=CARTESIAN_POINT('',(0.0486921885279833,0.06969581571303,0.0499));
#16020=CARTESIAN_POINT('',(0.0487585786437627,0.069779839441545,0.0499));
#16021=CARTESIAN_POINT('',(0.0487585786437627,0.0714,0.0489));
#16022=CARTESIAN_POINT('',(0.0489,0.415992188198565,0.0487585786437627));
#16023=CARTESIAN_POINT('',(0.0499000000000003,0.069779839441545,0.0487585786437627));
#16024=CARTESIAN_POINT('',(0.0499000000000003,0.06969581571303,0.0486921885279833));
#16025=CARTESIAN_POINT('',(0.0498935621689942,0.069618456154649,0.0486126305712291));
#16026=CARTESIAN_POINT('',(0.0498719041192202,0.069547760766402,0.0485232015356078));
#16027=CARTESIAN_POINT('',(0.0498719041192199,0.0695477607664024,0.0485232015356078));
#16028=CARTESIAN_POINT('',(0.0498719041192202,0.069547760766402,0.0485232015356078));
#16029=CARTESIAN_POINT('',(0.049842961615661,0.0694532877391766,0.048403693998744));
#16030=CARTESIAN_POINT('',(0.0497783907646637,0.0692970467659613,0.048222755846053));
#16031=CARTESIAN_POINT('',(0.0496071067811868,0.069079037846756,0.0480514718625762));
#16032=CARTESIAN_POINT('',(0.0489,0.0714,0.0487585786437627));
#16033=CARTESIAN_POINT('',(0.049,0.07155,0.0473029437251523));
#16034=CARTESIAN_POINT('',(0.049,0.07155,0.0475857864376269));
#16035=CARTESIAN_POINT('',(0.049,0.07155,0.048437867965644));
#16036=CARTESIAN_POINT('',(0.048437867965644,0.07155,0.048437867965644));
#16037=CARTESIAN_POINT('',(0.048437867965644,0.07155,0.049));
#16038=CARTESIAN_POINT('',(0.0488,0.07155,0.049));
#16039=CARTESIAN_POINT('',(0.0475857864376269,0.07155,0.049));
#16040=CARTESIAN_POINT('',(0.0474357864376269,0.0686,0.04885));
#16041=CARTESIAN_POINT('',(0.0474357864376269,0.0746,0.04885));
#16042=CARTESIAN_POINT('',(0.0474357864376269,0.07155,0.04885));
#16043=CARTESIAN_POINT('',(0.0475857864376269,0.0715,0.049));
#16044=CARTESIAN_POINT('',(0.0475150757595083,0.0715,0.0490707106781186));
#16045=CARTESIAN_POINT('',(0.0475150757595083,0.0714,0.0490707106781187));
#16046=CARTESIAN_POINT('',(0.0475072460395146,0.0715,0.0489738198672967));
#16047=CARTESIAN_POINT('',(0.0474708940197198,0.0714687584525869,0.0490265289383294));
#16048=CARTESIAN_POINT('',(0.0474365353613959,0.0714000000020548,0.0489921702800063));
#16049=CARTESIAN_POINT('',(0.0474357864434456,0.0715238196733753,0.04895));
#16050=CARTESIAN_POINT('',(0.0473943650945975,0.071502130175306,0.0489500000132094));
#16051=CARTESIAN_POINT('',(0.047365075765327,0.0714714590201258,0.0489207106839374));
#16052=CARTESIAN_POINT('',(0.0474357864376269,0.07155,0.04895));
#16053=CARTESIAN_POINT('',(0.0473943650813896,0.07155,0.04895));
#16054=CARTESIAN_POINT('',(0.0473650757595083,0.07155,0.0489207106781187));
#16055=CARTESIAN_POINT('',(0.0475857864376269,0.0714,0.049));
#16056=CARTESIAN_POINT('',(0.0474443650813896,0.0714,0.0488585786437627));
#16057=CARTESIAN_POINT('',(0.0481221825406948,0.0714,0.0495363961030679));
#16058=CARTESIAN_POINT('',(0.0487585786437627,0.0714,0.0489));
#16059=CARTESIAN_POINT('',(0.0487585786437627,0.0714,0.0498));
#16060=CARTESIAN_POINT('',(0.0440268781866244,0.0714,0.0498));
#16061=CARTESIAN_POINT('',(0.049,0.0714,0.0498));
#16062=CARTESIAN_POINT('',(0.049,0.0714,0.049));
#16063=CARTESIAN_POINT('',(0.0490500983300345,0.0714,0.0497984298073893));
#16064=CARTESIAN_POINT('',(0.0490563606212888,0.0714,0.049898233533313));
#16065=CARTESIAN_POINT('',(0.0490563606212887,0.0715000000000001,0.049898233533313));
#16066=CARTESIAN_POINT('',(0.0490500983300345,0.0715,0.0497984298073893));
#16067=CARTESIAN_POINT('',(0.0491005018150483,0.0713999996303628,0.0498954638470204));
#16068=CARTESIAN_POINT('',(0.0491122205313422,0.0714822296746274,0.0498947284204182));
#16069=CARTESIAN_POINT('',(0.0491077222609418,0.0715,0.0498143551428828));
#16070=CARTESIAN_POINT('',(0.0491834502939658,0.0713860736310841,0.0498842603036561));
#16071=CARTESIAN_POINT('',(0.0492021592701497,0.0714414280676491,0.0498809439671198));
#16072=CARTESIAN_POINT('',(0.0492133420870661,0.0714721466306796,0.0498362844309927));
#16073=CARTESIAN_POINT('',(0.0492599853127191,0.0713199606622769,0.049861764701673));
#16074=CARTESIAN_POINT('',(0.049284486757389,0.0713300226212549,0.0498543763955646));
#16075=CARTESIAN_POINT('',(0.0493053872025629,0.0713399218482478,0.0498403020241527));
#16076=CARTESIAN_POINT('',(0.0492453698597492,0.0712826351822333,0.0498659062489246));
#16077=CARTESIAN_POINT('',(0.0492702077543297,0.0712732984384928,0.049858867991934));
#16078=CARTESIAN_POINT('',(0.0492877429660313,0.0712652703644666,0.0498393308675205));
#16079=CARTESIAN_POINT('',(0.0492884815757643,0.0712650925913108,0.0498402143323452));
#16080=CARTESIAN_POINT('',(0.0492761330922573,0.0712709187603954,0.0498517104850913));
#16081=CARTESIAN_POINT('',(0.0492622513839121,0.07127668251637,0.0498616369986244));
#16082=CARTESIAN_POINT('',(0.0492472478285359,0.0712822467342211,0.0498696787586621));
#16083=CARTESIAN_POINT('',(0.0490115687582093,0.0705129030338272,0.0498361619315206));
#16084=CARTESIAN_POINT('',(0.049069636424032,0.0705121505082858,0.049869636424032));
#16085=CARTESIAN_POINT('',(0.0490516077132593,0.0705166462198547,0.0498887862034582));
#16086=CARTESIAN_POINT('',(0.0490258897710837,0.0705230593489811,0.0499));
#16087=CARTESIAN_POINT('',(0.049,0.0705295153260525,0.0499));
#16088=CARTESIAN_POINT('',(0.0488897462959865,0.0700873757201587,0.0498));
#16089=CARTESIAN_POINT('',(0.0488749085862972,0.0700278735095701,0.0499));
#16090=CARTESIAN_POINT('',(0.0489007983573809,0.0700214175324987,0.0499));
#16091=CARTESIAN_POINT('',(0.0489265162995565,0.0700150044033723,0.0498887862034582));
#16092=CARTESIAN_POINT('',(0.0489445450103292,0.0700105086918034,0.049869636424032));
#16093=CARTESIAN_POINT('',(0.0481612017668561,0.0702123270613664,0.0497994226589251));
#16094=CARTESIAN_POINT('',(0.0487585786354246,0.0697798394488496,0.0498999931171275));
#16095=CARTESIAN_POINT('',(0.0487826255763301,0.0697626730979185,0.0498999457688384));
#16096=CARTESIAN_POINT('',(0.048806433969941,0.0697457144965022,0.0498860142175975));
#16097=CARTESIAN_POINT('',(0.0488216730876769,0.0697349725417249,0.04986309415167));
#16098=CARTESIAN_POINT('',(0.0480978659870473,0.0702484642927644,0.0491080813569821));
#16099=CARTESIAN_POINT('',(0.0485237248152229,0.0695477875034021,0.049869815357058));
#16100=CARTESIAN_POINT('',(0.0485483017881056,0.0695178646882094,0.0498755893905165));
#16101=CARTESIAN_POINT('',(0.0485781931711196,0.0694890573113167,0.0498570371486718));
#16102=CARTESIAN_POINT('',(0.0485965364194805,0.0694773425545283,0.0498244941004601));
#16103=CARTESIAN_POINT('',(0.0485232015356078,0.0695477607664025,0.0498719041192199));
#16104=CARTESIAN_POINT('',(0.0485660792997665,0.0694960816286978,0.0498822883165211));
#16105=CARTESIAN_POINT('',(0.0485967392464233,0.0694770500882838,0.0498247137072979));
#16106=CARTESIAN_POINT('',(0.0483457345212627,0.0694074696473722,0.0498289249077901));
#16107=CARTESIAN_POINT('',(0.0483877644652694,0.069345564779025,0.0498477401808305));
#16108=CARTESIAN_POINT('',(0.0484370189335197,0.0693367589692524,0.0497860324169868));
#16109=CARTESIAN_POINT('',(0.0481805876084084,0.0692433753617384,0.0497362225270188));
#16110=CARTESIAN_POINT('',(0.0482252695511009,0.0691712749921078,0.049763752114574));
#16111=CARTESIAN_POINT('',(0.0482883867119574,0.0691726646836212,0.0497026002743015));
#16112=CARTESIAN_POINT('',(0.0480514718625762,0.0690790378467564,0.0496071067811865));
#16113=CARTESIAN_POINT('',(0.0481014718625762,0.0690083271686378,0.0496571067811865));
#16114=CARTESIAN_POINT('',(0.0481721825406948,0.0690083271686378,0.0495863961030679));
#16115=CARTESIAN_POINT('',(0.0481221825406948,0.0690790378467564,0.0495363961030679));
#16116=CARTESIAN_POINT('',(0.0484536196956741,0.0695477607664024,0.0498678332580472));
#16117=CARTESIAN_POINT('',(0.0480784263776389,0.0690171572875254,0.049492639940012));
#16118=CARTESIAN_POINT('',(0.0478784263776389,0.0693,0.049292639940012));
#16119=CARTESIAN_POINT('',(0.0478784263776389,0.0689,0.049292639940012));
#16120=CARTESIAN_POINT('',(0.0474443650813896,0.0689,0.0488585786437627));
#16121=CARTESIAN_POINT('',(0.047309834689803,0.0689,0.0487240482521761));
#16122=CARTESIAN_POINT('',(0.047309834689803,0.0693,0.0487240482521761));
#16123=CARTESIAN_POINT('',(0.0470270350556435,0.0692930190374251,0.0484412486180166));
#16124=CARTESIAN_POINT('',(0.0470357132165557,0.0685899123512552,0.0484499267789288));
#16125=CARTESIAN_POINT('',(0.0469615331401343,0.0746,0.0483757467025073));
#16126=CARTESIAN_POINT('',(0.04885,0.0686,0.0474357864376269));
#16127=CARTESIAN_POINT('',(0.04885,0.0746,0.0474357864376269));
#16128=CARTESIAN_POINT('',(0.04885,0.07155,0.0474357864376269));
#16129=CARTESIAN_POINT('',(0.04895,0.07155,0.0474357864376269));
#16130=CARTESIAN_POINT('',(0.04895,0.07155,0.0473943650813896));
#16131=CARTESIAN_POINT('',(0.0489207106781187,0.07155,0.0473650757595082));
#16132=CARTESIAN_POINT('',(0.04895,0.0715238196733753,0.0474357864434456));
#16133=CARTESIAN_POINT('',(0.0489500000132094,0.071502130175306,0.0473943650945975));
#16134=CARTESIAN_POINT('',(0.0489207106839374,0.0714714590201258,0.047365075765327));
#16135=CARTESIAN_POINT('',(0.0489738198672955,0.0715,0.0475072460395146));
#16136=CARTESIAN_POINT('',(0.0490265289383285,0.0714687584525874,0.0474708940197191));
#16137=CARTESIAN_POINT('',(0.0489921702800063,0.0714000000020547,0.0474365353613959));
#16138=CARTESIAN_POINT('',(0.049,0.0715,0.0475857864376269));
#16139=CARTESIAN_POINT('',(0.0490707106781186,0.0715,0.0475150757595083));
#16140=CARTESIAN_POINT('',(0.0490707106781187,0.0714,0.0475150757595083));
#16141=CARTESIAN_POINT('',(0.049,0.0714,0.0475857864376269));
#16142=CARTESIAN_POINT('',(0.0501313708498985,0.0714,0.0487171572875254));
#16143=CARTESIAN_POINT('',(0.0495363961030679,0.0714,0.0481221825406948));
#16144=CARTESIAN_POINT('',(0.0489,0.0714,0.0487585786437627));
#16145=CARTESIAN_POINT('',(0.0498,0.0714,0.0487585786437627));
#16146=CARTESIAN_POINT('',(0.0498,0.0714,0.0548216499507995));
#16147=CARTESIAN_POINT('',(0.0498,0.0714,0.049));
#16148=CARTESIAN_POINT('',(0.049,0.0714,0.049));
#16149=CARTESIAN_POINT('',(0.0497984298073894,0.0714,0.0490500983300345));
#16150=CARTESIAN_POINT('',(0.0498659062489246,0.0712826351822333,0.0492453698597492));
#16151=CARTESIAN_POINT('',(0.049858867991934,0.0712732984384928,0.0492702077543297));
#16152=CARTESIAN_POINT('',(0.0498393308675205,0.0712652703644666,0.0492877429660313));
#16153=CARTESIAN_POINT('',(0.0498617577273088,0.0713200290361626,0.0492600099251368));
#16154=CARTESIAN_POINT('',(0.0498543689442086,0.0713301248608543,0.0492845104009875));
#16155=CARTESIAN_POINT('',(0.0498403049895065,0.0713400582606025,0.0493054182535405));
#16156=CARTESIAN_POINT('',(0.0498842668467283,0.0713860712779539,0.0491835455040998));
#16157=CARTESIAN_POINT('',(0.0498809587217059,0.07144139331613,0.0492022215025803));
#16158=CARTESIAN_POINT('',(0.0498363347957518,0.0714721421492135,0.049213471270169));
#16159=CARTESIAN_POINT('',(0.0498954859090731,0.071399999687451,0.0491001502065173));
#16160=CARTESIAN_POINT('',(0.0498947539074154,0.0714823588159526,0.0491118148049012));
#16161=CARTESIAN_POINT('',(0.0498142283127426,0.0715000000000001,0.0491072632643317));
#16162=CARTESIAN_POINT('',(0.0498982335333133,0.0714000000000001,0.0490563606212886));
#16163=CARTESIAN_POINT('',(0.0498982335333133,0.0715000000000001,0.0490563606212885));
#16164=CARTESIAN_POINT('',(0.0497984298073896,0.0715000000000001,0.0490500983300343));
#16165=CARTESIAN_POINT('',(0.0498696787586553,0.0712822467342247,0.0492472478285228));
#16166=CARTESIAN_POINT('',(0.0498616369986499,0.0712766825163676,0.0492622513839192));
#16167=CARTESIAN_POINT('',(0.0498517104851195,0.0712709187603898,0.0492761330922757));
#16168=CARTESIAN_POINT('',(0.0498402143323546,0.0712650925913084,0.0492884815757738));
#16169=CARTESIAN_POINT('',(0.0498361619318652,0.0705129030340996,0.0490115687581627));
#16170=CARTESIAN_POINT('',(0.0499,0.0705295153260524,0.049));
#16171=CARTESIAN_POINT('',(0.0499,0.070523059348981,0.0490258897710837));
#16172=CARTESIAN_POINT('',(0.0498887862034582,0.0705166462198546,0.0490516077132593));
#16173=CARTESIAN_POINT('',(0.049869636424032,0.0705121505082857,0.049069636424032));
#16174=CARTESIAN_POINT('',(0.0498,0.0726216179807885,0.0495216951021496));
#16175=CARTESIAN_POINT('',(0.049869636424032,0.0700105086918034,0.0489445450103293));
#16176=CARTESIAN_POINT('',(0.0498887862034582,0.0700150044033723,0.0489265162995565));
#16177=CARTESIAN_POINT('',(0.0499,0.0700214175324986,0.0489007983573809));
#16178=CARTESIAN_POINT('',(0.0499,0.0700278735095701,0.0488749085862973));
#16179=CARTESIAN_POINT('',(0.0497994226589628,0.070212327061298,0.0481612017669583));
#16180=CARTESIAN_POINT('',(0.0498630941516705,0.0697349725417246,0.0488216730876772));
#16181=CARTESIAN_POINT('',(0.0498860142175977,0.069745714496502,0.0488064339699411));
#16182=CARTESIAN_POINT('',(0.049899945768838,0.0697626730979185,0.0487826255763299));
#16183=CARTESIAN_POINT('',(0.0498999931171264,0.0697798394488495,0.0487585786354245));
#16184=CARTESIAN_POINT('',(0.049112335967662,0.0702712076371933,0.0480674530805765));
#16185=CARTESIAN_POINT('',(0.0498247295004815,0.0694770276593624,0.048596755170979));
#16186=CARTESIAN_POINT('',(0.0498585753995605,0.0694881918849685,0.0485789127290644));
#16187=CARTESIAN_POINT('',(0.049878260243498,0.0695175717158525,0.0485484368317295));
#16188=CARTESIAN_POINT('',(0.049872167931905,0.0695477626258001,0.0485231402194066));
#16189=CARTESIAN_POINT('',(0.0483404415568993,0.0690892363645736,0.0493236684555933));
#16190=CARTESIAN_POINT('',(0.0496071067811866,0.0690790378467564,0.0480514718625762));
#16191=CARTESIAN_POINT('',(0.0496332867199665,0.0690420138222717,0.0480776518013561));
#16192=CARTESIAN_POINT('',(0.0496234201275526,0.0690083271686377,0.0481351585162102));
#16193=CARTESIAN_POINT('',(0.0495863961030679,0.0690083271686377,0.0481721825406949));
#16194=CARTESIAN_POINT('',(0.0498678332580472,0.0695477607664024,0.0484536196956741));
#16195=CARTESIAN_POINT('',(0.049492639940012,0.0690171572875254,0.0480784263776389));
#16196=CARTESIAN_POINT('',(0.049292639940012,0.0693,0.0478784263776389));
#16197=CARTESIAN_POINT('',(0.049292639940012,0.0689,0.0478784263776389));
#16198=CARTESIAN_POINT('',(0.049292639940012,0.0689,0.0478784263776389));
#16199=CARTESIAN_POINT('',(0.0487240482521761,0.0689,0.047309834689803));
#16200=CARTESIAN_POINT('',(0.0487240482521761,0.0693,0.047309834689803));
#16201=CARTESIAN_POINT('',(0.0484412486180166,0.0692930190374251,0.0470270350556435));
#16202=CARTESIAN_POINT('',(0.0484412486180166,0.0692930190374251,0.0470270350556435));
#16203=CARTESIAN_POINT('',(0.0483757467025073,0.0746,0.0469615331401343));
#16204=CARTESIAN_POINT('',(0.0415,0.0746,0.05001));
#16205=CARTESIAN_POINT('',(0.0417,0.0746,0.05001));
#16206=CARTESIAN_POINT('',(0.0417,0.0746,0.0495));
#16207=CARTESIAN_POINT('',(0.0417,0.0746,0.042));
#16208=CARTESIAN_POINT('',(0.042,0.0746,0.042));
#16209=CARTESIAN_POINT('',(0.042,0.0746,0.0417));
#16210=CARTESIAN_POINT('',(0.0415,0.0746,0.0417));
#16211=CARTESIAN_POINT('',(0.0495,0.0746,0.0417));
#16212=CARTESIAN_POINT('',(0.0495,0.0746,0.042));
#16213=CARTESIAN_POINT('',(0.0498,0.0746,0.042));
#16214=CARTESIAN_POINT('',(0.0498,0.0746,0.05001));
#16215=CARTESIAN_POINT('',(0.0498,0.0746,0.049));
#16216=CARTESIAN_POINT('',(0.049,0.0746,0.049));
#16217=CARTESIAN_POINT('',(0.049,0.0746,0.0498));
#16218=CARTESIAN_POINT('',(0.0415,0.0746,0.0498));
#16219=CARTESIAN_POINT('',(0.042,0.0746,0.0498));
#16220=CARTESIAN_POINT('',(0.042,0.0746,0.0495));
#16221=CARTESIAN_POINT('',(0.0415,0.0921,0.05001));
#16222=CARTESIAN_POINT('',(0.0461715728752538,0.0921,0.0477272077938642));
#16223=CARTESIAN_POINT('',(0.0453937554159486,0.0921,0.0485050252531694));
#16224=CARTESIAN_POINT('',(0.0451059348446489,0.0921,0.048));
#16225=CARTESIAN_POINT('',(0.0441993650813896,0.0921,0.0473106349186104));
#16226=CARTESIAN_POINT('',(0.0458887301627792,0.0921,0.049));
#16227=CARTESIAN_POINT('',(0.05,0.0921,0.049));
#16228=CARTESIAN_POINT('',(0.0425,0.0921,0.049));
#16229=CARTESIAN_POINT('',(0.0425,0.0921,0.05));
#16230=CARTESIAN_POINT('',(0.0425,0.0921,0.048));
#16231=CARTESIAN_POINT('',(0.0465,0.0921,0.048));
#16232=CARTESIAN_POINT('',(0.0490414213562373,0.0921,0.0472029437251523));
#16233=CARTESIAN_POINT('',(0.0478686291501015,0.0921,0.0460301515190165));
#16234=CARTESIAN_POINT('',(0.0490414213562373,0.0921,0.0472029437251523));
#16235=CARTESIAN_POINT('',(0.0489,0.0921,0.0473443650813896));
#16236=CARTESIAN_POINT('',(0.0491,0.0921,0.0473443650813896));
#16237=CARTESIAN_POINT('',(0.0491,0.0921,0.0488));
#16238=CARTESIAN_POINT('',(0.0491,0.0921,0.0488));
#16239=CARTESIAN_POINT('',(0.0488,0.0921,0.0488));
#16240=CARTESIAN_POINT('',(0.0488,0.0921,0.0491));
#16241=CARTESIAN_POINT('',(0.0473443650813896,0.0921,0.0491));
#16242=CARTESIAN_POINT('',(0.0473443650813896,0.0921,0.0491));
#16243=CARTESIAN_POINT('',(0.0473443650813896,0.0921,0.0489));
#16244=CARTESIAN_POINT('',(0.0472029437251523,0.0921,0.0490414213562373));
#16245=CARTESIAN_POINT('',(0.0460301515190165,0.0921,0.0478686291501015));
#16246=CARTESIAN_POINT('',(0.0460301515190165,0.0921,0.0478686291501015));
#16247=CARTESIAN_POINT('',(0.0461715728752538,0.0921,0.0477272077938642));
#16248=CARTESIAN_POINT('',(0.0460301515190165,0.0921,0.0475857864376269));
#16249=CARTESIAN_POINT('',(0.0468029689783217,0.0921,0.0468129689783217));
#16250=CARTESIAN_POINT('',(0.0475857864376269,0.0921,0.0460301515190165));
#16251=CARTESIAN_POINT('',(0.0477272077938642,0.0921,0.0461715728752538));
#16252=CARTESIAN_POINT('',(0.0465,0.0921,0.047));
#16253=CARTESIAN_POINT('',(0.042,0.0921,0.047));
#16254=CARTESIAN_POINT('',(0.0465,0.0921,0.047));
#16255=CARTESIAN_POINT('',(0.042,0.0921,0.0495));
#16256=CARTESIAN_POINT('',(0.042,0.0921,0.0495));
#16257=CARTESIAN_POINT('',(0.05,0.0921,0.0495));
#16258=CARTESIAN_POINT('',(0.049,0.0921,0.0495));
#16259=CARTESIAN_POINT('',(0.049,0.0921,0.049));
#16260=CARTESIAN_POINT('',(0.0495,0.0921,0.049));
#16261=CARTESIAN_POINT('',(0.0495,0.0921,0.05001));
#16262=CARTESIAN_POINT('',(0.0495,0.0921,0.042));
#16263=CARTESIAN_POINT('',(0.0465,0.0921,0.042));
#16264=CARTESIAN_POINT('',(0.0465,0.0921,0.042));
#16265=CARTESIAN_POINT('',(0.0465,0.0921,-0.047));
#16266=CARTESIAN_POINT('',(0.0477272077938642,0.0921,0.0461715728752538));
#16267=CARTESIAN_POINT('',(0.0475,0.0921,0.0450952938136683));
#16268=CARTESIAN_POINT('',(0.0485050252531694,0.0921,0.0453937554159486));
#16269=CARTESIAN_POINT('',(0.0475,0.0921,-0.047));
#16270=CARTESIAN_POINT('',(0.0475,0.0921,0.0425));
#16271=CARTESIAN_POINT('',(0.05,0.0921,0.0425));
#16272=CARTESIAN_POINT('',(0.049,0.0921,0.0425));
#16273=CARTESIAN_POINT('',(0.049,0.0921,0.05));
#16274=CARTESIAN_POINT('',(0.049,0.0921,0.0458887301627792));
#16275=CARTESIAN_POINT('',(0.0484343145750508,0.0921,0.04532304473783));
#16276=CARTESIAN_POINT('',(0.,0.09,0.));
#16277=CARTESIAN_POINT('',(0.0461715728752538,0.09,0.0477272077938642));
#16278=CARTESIAN_POINT('',(0.0453462433504317,0.09,0.047));
#16279=CARTESIAN_POINT('',(0.0453937554159486,0.09,0.046949390334559));
#16280=CARTESIAN_POINT('',(0.0465,0.09,0.047));
#16281=CARTESIAN_POINT('',(0.0465,0.09,0.047));
#16282=CARTESIAN_POINT('',(0.0465,0.09,-0.047));
#16283=CARTESIAN_POINT('',(0.0465,0.09,0.0458431457505076));
#16284=CARTESIAN_POINT('',(0.0461715728752538,0.09,0.0461715728752538));
#16285=CARTESIAN_POINT('',(0.05,0.1135,0.0415));
#16286=CARTESIAN_POINT('',(0.048,0.1135,0.0415));
#16287=CARTESIAN_POINT('',(0.048,0.08826,0.0415));
#16288=CARTESIAN_POINT('',(0.048,0.07626,0.0415));
#16289=CARTESIAN_POINT('',(0.05,0.07626,0.0415));
#16290=CARTESIAN_POINT('',(0.05,0.0748,0.0415));
#16291=CARTESIAN_POINT('',(0.042,0.0748,0.0415));
#16292=CARTESIAN_POINT('',(0.042,0.1135,0.0415));
#16293=CARTESIAN_POINT('',(0.042,0.09,0.0415));
#16294=CARTESIAN_POINT('',(0.05,0.09,0.0415));
#16295=CARTESIAN_POINT('',(0.0465,0.09,0.0415));
#16296=CARTESIAN_POINT('',(0.0465,0.1135,0.0415));
#16297=CARTESIAN_POINT('',(0.0465,0.0916,0.0415));
#16298=CARTESIAN_POINT('',(0.0495,0.0916,0.0415));
#16299=CARTESIAN_POINT('',(0.0495,0.0916,0.0415));
#16300=CARTESIAN_POINT('',(0.0495,0.1135,0.0415));
#16301=CARTESIAN_POINT('',(0.0495,0.08826,0.0415));
#16302=CARTESIAN_POINT('',(0.05,0.08826,0.0415));
#16303=CARTESIAN_POINT('',(0.0415,0.1135,0.05));
#16304=CARTESIAN_POINT('',(0.0415,0.1135,0.048));
#16305=CARTESIAN_POINT('',(0.0415,0.07626,0.048));
#16306=CARTESIAN_POINT('',(0.0415,0.08826,0.048));
#16307=CARTESIAN_POINT('',(0.0415,0.08826,0.05));
#16308=CARTESIAN_POINT('',(0.0415,0.0916,0.047));
#16309=CARTESIAN_POINT('',(0.0415,0.0916,0.047));
#16310=CARTESIAN_POINT('',(0.0415,0.1135,0.047));
#16311=CARTESIAN_POINT('',(0.0415,0.09,0.047));
#16312=CARTESIAN_POINT('',(0.0415,0.09,0.05));
#16313=CARTESIAN_POINT('',(0.0415,0.09,0.042));
#16314=CARTESIAN_POINT('',(0.0415,0.1135,0.042));
#16315=CARTESIAN_POINT('',(0.0415,0.0748,0.042));
#16316=CARTESIAN_POINT('',(0.0415,0.0748,0.05));
#16317=CARTESIAN_POINT('',(0.0415,0.0748,0.0495));
#16318=CARTESIAN_POINT('',(0.0415,0.1135,0.0495));
#16319=CARTESIAN_POINT('',(0.0415,0.07626,0.0495));
#16320=CARTESIAN_POINT('',(0.0415,0.07626,0.05));
#16321=CARTESIAN_POINT('',(0.049,0.1135,0.049));
#16322=CARTESIAN_POINT('',(0.05,0.1135,0.049));
#16323=CARTESIAN_POINT('',(0.05,0.0916,0.049));
#16324=CARTESIAN_POINT('',(0.05,0.0892,0.049));
#16325=CARTESIAN_POINT('',(0.049,0.0916,0.049));
#16326=CARTESIAN_POINT('',(0.049,0.0916,0.05));
#16327=CARTESIAN_POINT('',(0.049,0.1135,0.05));
#16328=CARTESIAN_POINT('',(0.049,0.0892,0.05));
#16329=CARTESIAN_POINT('',(0.049,0.0892,0.049));
#16330=CARTESIAN_POINT('',(0.049,0.1135,0.049));
#16331=CARTESIAN_POINT('',(0.049,0.1135,0.05));
#16332=CARTESIAN_POINT('',(0.049,0.0748,0.05));
#16333=CARTESIAN_POINT('',(0.049,0.086,0.05));
#16334=CARTESIAN_POINT('',(0.049,0.0748,0.049));
#16335=CARTESIAN_POINT('',(0.05,0.0748,0.049));
#16336=CARTESIAN_POINT('',(0.05,0.1135,0.049));
#16337=CARTESIAN_POINT('',(0.05,0.086,0.049));
#16338=CARTESIAN_POINT('',(0.049,0.086,0.049));
#16339=CARTESIAN_POINT('',(0.05,0.1135,0.05));
#16340=CARTESIAN_POINT('',(0.05,0.0748,0.05));
#16341=CARTESIAN_POINT('',(0.05,0.07626,0.027));
#16342=CARTESIAN_POINT('',(0.05,0.07626,0.027));
#16343=CARTESIAN_POINT('',(0.05,0.05976,0.0156973454445428));
#16344=CARTESIAN_POINT('',(0.05,0.07976,0.0156973454445428));
#16345=CARTESIAN_POINT('',(0.05,0.07976,-0.0156973454445425));
#16346=CARTESIAN_POINT('',(0.05,0.07976,-0.0156973454445425));
#16347=CARTESIAN_POINT('',(0.05,0.05976,-0.0156973454445425));
#16348=CARTESIAN_POINT('',(0.05,0.07626,-0.027));
#16349=CARTESIAN_POINT('',(0.05,0.07626,-0.027));
#16350=CARTESIAN_POINT('',(0.05,0.07626,-0.042));
#16351=CARTESIAN_POINT('',(0.05,0.1135,-0.042));
#16352=CARTESIAN_POINT('',(0.05,0.0748,-0.042));
#16353=CARTESIAN_POINT('',(0.05,0.0748,-0.05));
#16354=CARTESIAN_POINT('',(0.05,0.0748,-0.049));
#16355=CARTESIAN_POINT('',(0.05,0.1135,-0.049));
#16356=CARTESIAN_POINT('',(0.05,0.086,-0.049));
#16357=CARTESIAN_POINT('',(0.05,0.086,-0.05));
#16358=CARTESIAN_POINT('',(0.05,0.086,-0.0483443650813896));
#16359=CARTESIAN_POINT('',(0.05,0.0862,-0.0483443650813896));
#16360=CARTESIAN_POINT('',(0.05,0.0862,-0.048061522368915));
#16361=CARTESIAN_POINT('',(0.05,0.0862,-0.048061522368915));
#16362=CARTESIAN_POINT('',(0.05,0.089,-0.048061522368915));
#16363=CARTESIAN_POINT('',(0.05,0.089,-0.0483443650813896));
#16364=CARTESIAN_POINT('',(0.05,0.0892,-0.0483443650813896));
#16365=CARTESIAN_POINT('',(0.05,0.0892,-0.0484443650813896));
#16366=CARTESIAN_POINT('',(0.05,0.0892,-0.049));
#16367=CARTESIAN_POINT('',(0.05,0.1135,-0.049));
#16368=CARTESIAN_POINT('',(0.05,0.0916,-0.049));
#16369=CARTESIAN_POINT('',(0.05,0.0916,-0.05));
#16370=CARTESIAN_POINT('',(0.05,0.0916,-0.042));
#16371=CARTESIAN_POINT('',(0.05,0.1135,-0.042));
#16372=CARTESIAN_POINT('',(0.05,0.08826,-0.042));
#16373=CARTESIAN_POINT('',(0.05,0.08826,-0.027));
#16374=CARTESIAN_POINT('',(0.05,0.08826,-0.027));
#16375=CARTESIAN_POINT('',(0.05,0.10476,-0.0156973454445425));
#16376=CARTESIAN_POINT('',(0.05,0.08476,-0.0156973454445425));
#16377=CARTESIAN_POINT('',(0.05,0.08476,-0.0156973454445425));
#16378=CARTESIAN_POINT('',(0.05,0.08476,0.0156973454445428));
#16379=CARTESIAN_POINT('',(0.05,0.10476,0.0156973454445428));
#16380=CARTESIAN_POINT('',(0.05,0.08826,0.027));
#16381=CARTESIAN_POINT('',(0.05,0.08826,0.027));
#16382=CARTESIAN_POINT('',(0.05,0.08826,0.042));
#16383=CARTESIAN_POINT('',(0.05,0.1135,0.042));
#16384=CARTESIAN_POINT('',(0.05,0.0916,0.042));
#16385=CARTESIAN_POINT('',(0.05,0.0916,0.05));
#16386=CARTESIAN_POINT('',(0.05,0.0892,0.0484443650813896));
#16387=CARTESIAN_POINT('',(0.05,0.0892,0.0483443650813896));
#16388=CARTESIAN_POINT('',(0.05,0.089,0.0483443650813896));
#16389=CARTESIAN_POINT('',(0.05,0.089,0.048061522368915));
#16390=CARTESIAN_POINT('',(0.05,0.0862,0.048061522368915));
#16391=CARTESIAN_POINT('',(0.05,0.0862,0.048061522368915));
#16392=CARTESIAN_POINT('',(0.05,0.0862,0.0483443650813896));
#16393=CARTESIAN_POINT('',(0.05,0.086,0.0483443650813896));
#16394=CARTESIAN_POINT('',(0.05,0.086,0.05));
#16395=CARTESIAN_POINT('',(0.05,0.1135,0.05));
#16396=CARTESIAN_POINT('',(0.027,0.08826,0.05));
#16397=CARTESIAN_POINT('',(0.027,0.08826,0.05));
#16398=CARTESIAN_POINT('',(0.0156973454445427,0.10476,0.05));
#16399=CARTESIAN_POINT('',(0.0156973454445427,0.08476,0.05));
#16400=CARTESIAN_POINT('',(0.0156973454445427,0.08476,0.05));
#16401=CARTESIAN_POINT('',(-0.0156973454445427,0.08476,0.05));
#16402=CARTESIAN_POINT('',(-0.0156973454445427,0.10476,0.05));
#16403=CARTESIAN_POINT('',(-0.027,0.08826,0.05));
#16404=CARTESIAN_POINT('',(-0.027,0.08826,0.05));
#16405=CARTESIAN_POINT('',(-0.042,0.08826,0.05));
#16406=CARTESIAN_POINT('',(-0.042,0.1135,0.05));
#16407=CARTESIAN_POINT('',(-0.042,0.0916,0.05));
#16408=CARTESIAN_POINT('',(-0.05,0.0916,0.05));
#16409=CARTESIAN_POINT('',(-0.049,0.0916,0.05));
#16410=CARTESIAN_POINT('',(-0.049,0.1135,0.05));
#16411=CARTESIAN_POINT('',(-0.049,0.0892,0.05));
#16412=CARTESIAN_POINT('',(-0.049,0.0892,0.05));
#16413=CARTESIAN_POINT('',(-0.0483443650813896,0.0892,0.05));
#16414=CARTESIAN_POINT('',(-0.0483443650813896,0.089,0.05));
#16415=CARTESIAN_POINT('',(-0.048061522368915,0.089,0.05));
#16416=CARTESIAN_POINT('',(-0.048061522368915,0.089,0.05));
#16417=CARTESIAN_POINT('',(-0.048061522368915,0.0862,0.05));
#16418=CARTESIAN_POINT('',(-0.0483443650813896,0.0862,0.05));
#16419=CARTESIAN_POINT('',(-0.0483443650813896,0.086,0.05));
#16420=CARTESIAN_POINT('',(-0.05,0.086,0.05));
#16421=CARTESIAN_POINT('',(-0.049,0.086,0.05));
#16422=CARTESIAN_POINT('',(-0.049,0.1135,0.05));
#16423=CARTESIAN_POINT('',(-0.049,0.0748,0.05));
#16424=CARTESIAN_POINT('',(-0.05,0.0748,0.05));
#16425=CARTESIAN_POINT('',(-0.042,0.0748,0.05));
#16426=CARTESIAN_POINT('',(-0.042,0.1135,0.05));
#16427=CARTESIAN_POINT('',(-0.042,0.07626,0.05));
#16428=CARTESIAN_POINT('',(-0.027,0.07626,0.05));
#16429=CARTESIAN_POINT('',(-0.027,0.07626,0.05));
#16430=CARTESIAN_POINT('',(-0.0156973454445427,0.05976,0.05));
#16431=CARTESIAN_POINT('',(-0.0156973454445427,0.07976,0.05));
#16432=CARTESIAN_POINT('',(0.0156973454445427,0.07976,0.05));
#16433=CARTESIAN_POINT('',(0.0156973454445427,0.07976,0.05));
#16434=CARTESIAN_POINT('',(0.0156973454445427,0.05976,0.05));
#16435=CARTESIAN_POINT('',(0.027,0.07626,0.05));
#16436=CARTESIAN_POINT('',(0.027,0.07626,0.05));
#16437=CARTESIAN_POINT('',(0.042,0.07626,0.05));
#16438=CARTESIAN_POINT('',(0.042,0.1135,0.05));
#16439=CARTESIAN_POINT('',(0.042,0.0748,0.05));
#16440=CARTESIAN_POINT('',(0.05,0.0748,0.05));
#16441=CARTESIAN_POINT('',(0.05,0.086,0.05));
#16442=CARTESIAN_POINT('',(0.0483443650813896,0.086,0.05));
#16443=CARTESIAN_POINT('',(0.0483443650813896,0.0862,0.05));
#16444=CARTESIAN_POINT('',(0.048061522368915,0.0862,0.05));
#16445=CARTESIAN_POINT('',(0.048061522368915,0.089,0.05));
#16446=CARTESIAN_POINT('',(0.048061522368915,0.089,0.05));
#16447=CARTESIAN_POINT('',(0.0483443650813896,0.089,0.05));
#16448=CARTESIAN_POINT('',(0.0483443650813896,0.0892,0.05));
#16449=CARTESIAN_POINT('',(0.049,0.0892,0.05));
#16450=CARTESIAN_POINT('',(0.05,0.0916,0.05));
#16451=CARTESIAN_POINT('',(0.,0.09,0.));
#16452=CARTESIAN_POINT('',(0.042,0.09,0.042));
#16453=CARTESIAN_POINT('',(0.0465,0.09,0.047));
#16454=CARTESIAN_POINT('',(0.0425,0.09,0.047));
#16455=CARTESIAN_POINT('',(0.0425,0.09,0.05));
#16456=CARTESIAN_POINT('',(0.0425,0.09,0.0425));
#16457=CARTESIAN_POINT('',(0.05,0.09,0.0425));
#16458=CARTESIAN_POINT('',(0.0465,0.09,0.0425));
#16459=CARTESIAN_POINT('',(0.0465,0.09,-0.047));
#16460=CARTESIAN_POINT('',(0.0465,0.0921,-0.047));
#16461=CARTESIAN_POINT('',(0.0465,0.0916,0.042));
#16462=CARTESIAN_POINT('',(0.0465,0.09,-0.047));
#16463=CARTESIAN_POINT('',(0.0465,0.0921,0.047));
#16464=CARTESIAN_POINT('',(0.0465,0.0921,0.047));
#16465=CARTESIAN_POINT('',(0.042,0.0916,0.047));
#16466=CARTESIAN_POINT('',(0.0465,0.09,0.047));
#16467=CARTESIAN_POINT('',(0.0483443650813896,0.0861,0.0499));
#16468=CARTESIAN_POINT('',(0.0483443650813896,0.0861,0.05));
#16469=CARTESIAN_POINT('',(0.0483443650813896,0.086,0.05));
#16470=CARTESIAN_POINT('',(0.0482888288132634,0.0861,0.0498814879106245));
#16471=CARTESIAN_POINT('',(0.0482831638039201,0.0861204006405822,0.0499999999999983));
#16472=CARTESIAN_POINT('',(0.0482703167238882,0.0860000000005791,0.05));
#16473=CARTESIAN_POINT('',(0.0481781992320523,0.0861216687222347,0.0498446113831687));
#16474=CARTESIAN_POINT('',(0.048195872241942,0.0862378259228405,0.0500000000000012));
#16475=CARTESIAN_POINT('',(0.0481228106152207,0.0860433374441798,0.05));
#16476=CARTESIAN_POINT('',(0.0481322330481904,0.0861738198430561,0.0498292893230382));
#16477=CARTESIAN_POINT('',(0.0483029436551304,0.0862370286081331,0.0499999999999997));
#16478=CARTESIAN_POINT('',(0.0480615223712288,0.0861476396861121,0.05));
#16479=CARTESIAN_POINT('',(0.0481322330470336,0.0862,0.0498292893218813));
#16480=CARTESIAN_POINT('',(0.0483029437251523,0.0862,0.05));
#16481=CARTESIAN_POINT('',(0.048061522368915,0.0862,0.05));
#16482=CARTESIAN_POINT('',(0.0483443650813896,0.086,0.0499));
#16483=CARTESIAN_POINT('',(0.0483443650813896,0.0861,0.0499));
#16484=CARTESIAN_POINT('',(0.0483443650813896,0.0862,0.0499));
#16485=CARTESIAN_POINT('',(0.0481322330470337,0.0862,0.0498292893218814));
#16486=CARTESIAN_POINT('',(0.048061522368915,0.0862,0.0499));
#16487=CARTESIAN_POINT('',(0.05,0.086,0.0499));
#16488=CARTESIAN_POINT('',(0.049,0.086,0.0499));
#16489=CARTESIAN_POINT('',(0.049,0.0861,0.0499));
#16490=CARTESIAN_POINT('',(0.0488,0.0861,0.0499));
#16491=CARTESIAN_POINT('',(0.049,0.086,0.049));
#16492=CARTESIAN_POINT('',(0.0499,0.086,0.049));
#16493=CARTESIAN_POINT('',(0.0499,0.0861,0.049));
#16494=CARTESIAN_POINT('',(0.049,0.0861,0.049));
#16495=CARTESIAN_POINT('',(0.0499,0.086,0.05));
#16496=CARTESIAN_POINT('',(0.0499,0.086,0.0483443650813896));
#16497=CARTESIAN_POINT('',(0.0499,0.0861,0.0483443650813896));
#16498=CARTESIAN_POINT('',(0.0499,0.0861,0.0488));
#16499=CARTESIAN_POINT('',(0.0498292893218813,0.0862,0.0481322330470336));
#16500=CARTESIAN_POINT('',(0.05,0.0862,0.0483029437251523));
#16501=CARTESIAN_POINT('',(0.05,0.0862,0.048061522368915));
#16502=CARTESIAN_POINT('',(0.0498292893230382,0.0861738198430561,0.0481322330481904));
#16503=CARTESIAN_POINT('',(0.0499999999999997,0.0862370286081331,0.0483029436551304));
#16504=CARTESIAN_POINT('',(0.05,0.0861476396861121,0.0480615223712288));
#16505=CARTESIAN_POINT('',(0.0498446113831687,0.0861216687222347,0.0481781992320523));
#16506=CARTESIAN_POINT('',(0.0500000000000012,0.0862378259228405,0.048195872241942));
#16507=CARTESIAN_POINT('',(0.05,0.0860433374441798,0.0481228106152207));
#16508=CARTESIAN_POINT('',(0.0498814879106245,0.0861,0.0482888288132634));
#16509=CARTESIAN_POINT('',(0.0499999999999983,0.0861204006405822,0.0482831638039201));
#16510=CARTESIAN_POINT('',(0.05,0.086000000000579,0.0482703167238882));
#16511=CARTESIAN_POINT('',(0.0499,0.0861,0.0483443650813896));
#16512=CARTESIAN_POINT('',(0.05,0.0861,0.0483443650813896));
#16513=CARTESIAN_POINT('',(0.05,0.086,0.0483443650813896));
#16514=CARTESIAN_POINT('',(0.0499,0.0862,0.048061522368915));
#16515=CARTESIAN_POINT('',(0.0498292893218814,0.0862,0.0481322330470337));
#16516=CARTESIAN_POINT('',(0.0499,0.0862,0.0483443650813896));
#16517=CARTESIAN_POINT('',(0.0472855642219063,0.0890903841333297,0.0490866233266614));
#16518=CARTESIAN_POINT('',(0.047273654403271,0.089,0.0489707106781187));
#16519=CARTESIAN_POINT('',(0.0473225008366736,0.0890345396442957,0.0490195571115213));
#16520=CARTESIAN_POINT('',(0.0473676347314935,0.0890581098703353,0.049041089883368));
#16521=CARTESIAN_POINT('',(0.0473943650813896,0.0890707106781187,0.04905));
#16522=CARTESIAN_POINT('',(0.047273654403271,0.089,0.0489707106781187));
#16523=CARTESIAN_POINT('',(0.0473943650813896,0.0890707106781187,0.04905));
#16524=CARTESIAN_POINT('',(0.0473443650813896,0.0891414213562373,0.049));
#16525=CARTESIAN_POINT('',(0.0473265448481255,0.0891162197406706,0.049));
#16526=CARTESIAN_POINT('',(0.0472980776199722,0.0890690792885915,0.0489951338948199));
#16527=CARTESIAN_POINT('',(0.0472736544032709,0.089,0.0489707106781187));
#16528=CARTESIAN_POINT('',(0.0473443650813896,0.0891414213562373,0.049));
#16529=CARTESIAN_POINT('',(0.0473443664039622,0.0891414202699799,0.0489999319603701));
#16530=CARTESIAN_POINT('',(0.0473646489754651,0.0891127265590641,0.049000784315562));
#16531=CARTESIAN_POINT('',(0.0473838245849803,0.0890856081520209,0.0490199599250772));
#16532=CARTESIAN_POINT('',(0.0473943989943908,0.0890706635020351,0.0490499645507987));
#16533=CARTESIAN_POINT('',(0.0488,0.0861,0.049));
#16534=CARTESIAN_POINT('',(0.0473443650813896,0.0921,0.049));
#16535=CARTESIAN_POINT('',(0.0473443650813896,0.092,0.049));
#16536=CARTESIAN_POINT('',(0.0488,0.092,0.049));
#16537=CARTESIAN_POINT('',(0.0488,0.092,0.049));
#16538=CARTESIAN_POINT('',(0.0488,0.0861,0.049));
#16539=CARTESIAN_POINT('',(0.0488,0.0892,0.049));
#16540=CARTESIAN_POINT('',(0.0488,0.0892,0.049));
#16541=CARTESIAN_POINT('',(0.0475443650813896,0.0892,0.049));
#16542=CARTESIAN_POINT('',(0.0475443650813896,0.0892,0.049));
#16543=CARTESIAN_POINT('',(0.0474697335026232,0.0892,0.049));
#16544=CARTESIAN_POINT('',(0.0473976766511778,0.0891791183287502,0.049));
#16545=CARTESIAN_POINT('',(0.0473443650813896,0.0891414213562373,0.049));
#16546=CARTESIAN_POINT('',(0.0488,0.0861,0.0488));
#16547=CARTESIAN_POINT('',(0.0488,0.092,0.0488));
#16548=CARTESIAN_POINT('',(0.049,0.092,0.0488));
#16549=CARTESIAN_POINT('',(0.049,0.0861,0.0488));
#16550=CARTESIAN_POINT('',(0.049,0.0892,0.0488));
#16551=CARTESIAN_POINT('',(0.0488,0.0892,0.0488));
#16552=CARTESIAN_POINT('',(0.0491,0.092,0.05001));
#16553=CARTESIAN_POINT('',(0.0491,0.092,0.0473443650813896));
#16554=CARTESIAN_POINT('',(0.049,0.092,0.0473443650813896));
#16555=CARTESIAN_POINT('',(0.049,0.092,0.0473443650813896));
#16556=CARTESIAN_POINT('',(0.0491,0.092,0.0488));
#16557=CARTESIAN_POINT('',(0.0489,0.092,0.0473443650813896));
#16558=CARTESIAN_POINT('',(0.0490414213562373,0.092,0.0472029437251523));
#16559=CARTESIAN_POINT('',(0.0489707106781187,0.092,0.047273654403271));
#16560=CARTESIAN_POINT('',(0.0489,0.092,0.0473443650813896));
#16561=CARTESIAN_POINT('',(0.0509242388155425,0.092,0.0490857611844575));
#16562=CARTESIAN_POINT('',(0.0478686291501015,0.092,0.0460301515190165));
#16563=CARTESIAN_POINT('',(0.0477979184719829,0.092,0.0461008621971352));
#16564=CARTESIAN_POINT('',(0.0477979184719829,0.092,0.0461008621971352));
#16565=CARTESIAN_POINT('',(0.0477272077938642,0.092,0.0461715728752538));
#16566=CARTESIAN_POINT('',(0.0475857864376269,0.092,0.0460301515190165));
#16567=CARTESIAN_POINT('',(0.0476564971157456,0.092,0.0461008621971352));
#16568=CARTESIAN_POINT('',(0.0477272077938642,0.092,0.0461715728752538));
#16569=CARTESIAN_POINT('',(0.0477272077938642,0.0861,0.0460301515190165));
#16570=CARTESIAN_POINT('',(0.0476564971157456,0.0861,0.0461008621971352));
#16571=CARTESIAN_POINT('',(0.0476564971157456,0.0862,0.0461008621971352));
#16572=CARTESIAN_POINT('',(0.0477272077938642,0.092,0.0460301515190165));
#16573=CARTESIAN_POINT('',(0.0461008621971352,0.092,0.0476564971157456));
#16574=CARTESIAN_POINT('',(0.0461008621971352,0.0861,0.0476564971157456));
#16575=CARTESIAN_POINT('',(0.0461008621971352,0.0862,0.0476564971157456));
#16576=CARTESIAN_POINT('',(0.0477272077938642,0.0862,0.0460301515190165));
#16577=CARTESIAN_POINT('',(0.0461715728752538,0.092,0.0477272077938642));
#16578=CARTESIAN_POINT('',(0.0460301515190165,0.092,0.0475857864376269));
#16579=CARTESIAN_POINT('',(0.0460301515190165,0.092,0.0478686291501015));
#16580=CARTESIAN_POINT('',(0.0461008621971352,0.092,0.0477979184719829));
#16581=CARTESIAN_POINT('',(0.0461715728752538,0.092,0.0477272077938642));
#16582=CARTESIAN_POINT('',(0.0476564971157456,0.092,0.0459594408408979));
#16583=CARTESIAN_POINT('',(0.0477272077938642,0.0861,0.0461715728752538));
#16584=CARTESIAN_POINT('',(0.0477979184719829,0.0861,0.0461008621971352));
#16585=CARTESIAN_POINT('',(0.0477979184719829,0.0862,0.0461008621971352));
#16586=CARTESIAN_POINT('',(0.0477272077938642,0.0862,0.0461715728752538));
#16587=CARTESIAN_POINT('',(0.0477272077938642,0.0862,0.0461715728752538));
#16588=CARTESIAN_POINT('',(0.0477272077938642,0.0862,0.0461715728752538));
#16589=CARTESIAN_POINT('',(0.0477272077938642,0.0861,0.0461715728752538));
#16590=CARTESIAN_POINT('',(0.0477272077938642,0.0862,0.0461715728752538));
#16591=CARTESIAN_POINT('',(0.0476564971157456,0.0862,0.0461008621971352));
#16592=CARTESIAN_POINT('',(0.0495778174593052,0.0861,0.0480221825406948));
#16593=CARTESIAN_POINT('',(0.0477272077938642,0.0862,0.0460301515190165));
#16594=CARTESIAN_POINT('',(0.0499,0.0861,0.048061522368915));
#16595=CARTESIAN_POINT('',(0.0499,0.089,0.048061522368915));
#16596=CARTESIAN_POINT('',(0.0498292893218814,0.089,0.0481322330470337));
#16597=CARTESIAN_POINT('',(0.0498292893218814,0.089,0.0481322330470337));
#16598=CARTESIAN_POINT('',(0.0499,0.0891,0.0483443650813896));
#16599=CARTESIAN_POINT('',(0.05,0.0891,0.0483443650813896));
#16600=CARTESIAN_POINT('',(0.05,0.0892,0.0483443650813896));
#16601=CARTESIAN_POINT('',(0.0498814879106245,0.0891,0.0482888288132634));
#16602=CARTESIAN_POINT('',(0.049999999999999,0.0890795993594172,0.0482831638039195));
#16603=CARTESIAN_POINT('',(0.05,0.089199999999421,0.0482703167238882));
#16604=CARTESIAN_POINT('',(0.0498446113831687,0.0890783312777653,0.0481781992320523));
#16605=CARTESIAN_POINT('',(0.0500000000000008,0.0889621740771539,0.0481958722419427));
#16606=CARTESIAN_POINT('',(0.05,0.0891566625558202,0.0481228106152207));
#16607=CARTESIAN_POINT('',(0.0498292893230382,0.0890261801569439,0.0481322330481904));
#16608=CARTESIAN_POINT('',(0.0499999999999997,0.0889629713918837,0.0483029436551307));
#16609=CARTESIAN_POINT('',(0.05,0.0890523603138879,0.0480615223712288));
#16610=CARTESIAN_POINT('',(0.0498292893218813,0.089,0.0481322330470336));
#16611=CARTESIAN_POINT('',(0.05,0.0889999999999999,0.0483029437251523));
#16612=CARTESIAN_POINT('',(0.05,0.089,0.048061522368915));
#16613=CARTESIAN_POINT('',(0.0499,0.0892,0.0483443650813896));
#16614=CARTESIAN_POINT('',(0.0499,0.0891,0.0483443650813896));
#16615=CARTESIAN_POINT('',(0.0499,0.089,0.0483443650813896));
#16616=CARTESIAN_POINT('',(0.0499,0.0892,-9.00340792280726E-18));
#16617=CARTESIAN_POINT('',(0.0499,0.0892,0.049));
#16618=CARTESIAN_POINT('',(0.0499,0.0891,0.049));
#16619=CARTESIAN_POINT('',(0.0499,0.0891,0.049));
#16620=CARTESIAN_POINT('',(0.049,0.0892,0.049));
#16621=CARTESIAN_POINT('',(0.049,0.0892,0.0499));
#16622=CARTESIAN_POINT('',(0.049,0.0891,0.0499));
#16623=CARTESIAN_POINT('',(0.049,0.0891,0.049));
#16624=CARTESIAN_POINT('',(-1.14524293006569E-17,0.0892,0.0499));
#16625=CARTESIAN_POINT('',(0.0483443650813896,0.0892,0.0499));
#16626=CARTESIAN_POINT('',(0.0483443650813896,0.0891,0.0499));
#16627=CARTESIAN_POINT('',(0.0484443650813896,0.0891,0.0499));
#16628=CARTESIAN_POINT('',(0.0481322330470336,0.089,0.0498292893218813));
#16629=CARTESIAN_POINT('',(0.0483029437251523,0.0889999999999999,0.05));
#16630=CARTESIAN_POINT('',(0.048061522368915,0.089,0.05));
#16631=CARTESIAN_POINT('',(0.0481322330481904,0.0890261801569439,0.0498292893230382));
#16632=CARTESIAN_POINT('',(0.0483029436551307,0.0889629713918837,0.0499999999999997));
#16633=CARTESIAN_POINT('',(0.0480615223712288,0.0890523603138879,0.05));
#16634=CARTESIAN_POINT('',(0.0481781992320523,0.0890783312777653,0.0498446113831687));
#16635=CARTESIAN_POINT('',(0.0481958722419427,0.0889621740771539,0.0500000000000008));
#16636=CARTESIAN_POINT('',(0.0481228106152207,0.0891566625558202,0.05));
#16637=CARTESIAN_POINT('',(0.0482888288132634,0.0891,0.0498814879106245));
#16638=CARTESIAN_POINT('',(0.0482831638039195,0.0890795993594172,0.049999999999999));
#16639=CARTESIAN_POINT('',(0.0482703167238882,0.089199999999421,0.05));
#16640=CARTESIAN_POINT('',(0.0483443650813896,0.0891,0.0499));
#16641=CARTESIAN_POINT('',(0.0483443650813896,0.0891,0.05));
#16642=CARTESIAN_POINT('',(0.0483443650813896,0.0892,0.05));
#16643=CARTESIAN_POINT('',(0.048061522368915,0.089,0.0499));
#16644=CARTESIAN_POINT('',(0.0481322330470337,0.089,0.0498292893218814));
#16645=CARTESIAN_POINT('',(0.0483443650813896,0.089,0.0499));
#16646=CARTESIAN_POINT('',(0.048061522368915,0.0861,0.0499));
#16647=CARTESIAN_POINT('',(0.0481322330470337,0.0862,0.0498292893218814));
#16648=CARTESIAN_POINT('',(0.047373654403271,0.0862,0.0489292893218814));
#16649=CARTESIAN_POINT('',(0.0473029437251523,0.0862,0.049));
#16650=CARTESIAN_POINT('',(0.0461008621971352,0.0862,0.0477979184719829));
#16651=CARTESIAN_POINT('',(0.0480221825406948,0.0861,0.0495778174593052));
#16652=CARTESIAN_POINT('',(0.0461715728752538,0.0861,0.0477272077938642));
#16653=CARTESIAN_POINT('',(0.0461715728752538,0.0862,0.0477272077938642));
#16654=CARTESIAN_POINT('',(0.0461715728752538,0.0862,0.0477272077938642));
#16655=CARTESIAN_POINT('',(0.0461715728752538,0.0862,0.0477272077938642));
#16656=CARTESIAN_POINT('',(0.0461715728752538,0.0862,0.0477272077938642));
#16657=CARTESIAN_POINT('',(0.0488,0.0861,0.0488));
#16658=CARTESIAN_POINT('',(0.0461008621971352,0.0861,0.0477979184719829));
#16659=CARTESIAN_POINT('',(0.046949390334559,0.0862,0.046949390334559));
#16660=CARTESIAN_POINT('',(0.0461715728752538,0.0861,0.0477272077938642));
#16661=CARTESIAN_POINT('',(0.0461008621971352,0.0861,0.0477979184719829));
#16662=CARTESIAN_POINT('',(0.0490857611844575,0.092,0.0509242388155425));
#16663=CARTESIAN_POINT('',(0.0472029437251523,0.092,0.0490414213562373));
#16664=CARTESIAN_POINT('',(0.047273654403271,0.092,0.0489707106781187));
#16665=CARTESIAN_POINT('',(0.047273654403271,0.092,0.0489707106781187));
#16666=CARTESIAN_POINT('',(0.0473443650813896,0.092,0.0489));
#16667=CARTESIAN_POINT('',(0.0473443650813896,0.092,0.0491));
#16668=CARTESIAN_POINT('',(0.0473443650813896,0.092,0.0489));
#16669=CARTESIAN_POINT('',(0.05,0.092,0.0491));
#16670=CARTESIAN_POINT('',(0.0488,0.092,0.0491));
#16671=CARTESIAN_POINT('',(0.0488,0.092,0.0488));
#16672=CARTESIAN_POINT('',(0.049,0.0861,0.0473029437251523));
#16673=CARTESIAN_POINT('',(0.049,0.0891,0.0473443650813896));
#16674=CARTESIAN_POINT('',(0.049,0.0891414213562373,0.0473443650813896));
#16675=CARTESIAN_POINT('',(0.049,0.0891414213562373,0.0473443650813896));
#16676=CARTESIAN_POINT('',(0.049,0.0891787371456205,0.047397137576826));
#16677=CARTESIAN_POINT('',(0.049,0.0892,0.0474689711363638));
#16678=CARTESIAN_POINT('',(0.049,0.0892,0.0475443650813896));
#16679=CARTESIAN_POINT('',(0.049,0.0892,0.0475443650813896));
#16680=CARTESIAN_POINT('',(0.049,0.0892,0.0473029437251523));
#16681=CARTESIAN_POINT('',(0.0490972541507426,0.0888426372246103,0.0475388986226517));
#16682=CARTESIAN_POINT('',(0.049,0.0892,0.0475443650813896));
#16683=CARTESIAN_POINT('',(0.049,0.0891476401224402,0.0475443650813896));
#16684=CARTESIAN_POINT('',(0.0490476401224402,0.0891,0.0475443650813896));
#16685=CARTESIAN_POINT('',(0.0491,0.0891,0.0475443650813896));
#16686=CARTESIAN_POINT('',(0.0491,0.0891,0.0475443650813896));
#16687=CARTESIAN_POINT('',(0.0489999155080557,0.0891414210084878,0.0473443655466972));
#16688=CARTESIAN_POINT('',(0.0490001437169324,0.0891130768337308,0.0473646212628444));
#16689=CARTESIAN_POINT('',(0.0490200172437406,0.0890850803541135,0.0473839944219535));
#16690=CARTESIAN_POINT('',(0.049050224258486,0.0890710410882687,0.0473941549080336));
#16691=CARTESIAN_POINT('',(0.04905,0.0890707106781187,0.0473943650813896));
#16692=CARTESIAN_POINT('',(0.0491,0.0891,0.0475443650813896));
#16693=CARTESIAN_POINT('',(0.0490755767832987,0.0891,0.0474710954312858));
#16694=CARTESIAN_POINT('',(0.0490589101166321,0.089083311485902,0.0474210954312858));
#16695=CARTESIAN_POINT('',(0.04905,0.0890707106781187,0.0473943650813897));
#16696=CARTESIAN_POINT('',(0.0490866233234482,0.0890903841265889,0.0472855642155867));
#16697=CARTESIAN_POINT('',(0.0489707106781187,0.089,0.0472736544032709));
#16698=CARTESIAN_POINT('',(0.0489951338948199,0.0890690792885915,0.0472980776199722));
#16699=CARTESIAN_POINT('',(0.049,0.0891162197406706,0.0473265448481255));
#16700=CARTESIAN_POINT('',(0.049,0.0891414213562373,0.0473443650813896));
#16701=CARTESIAN_POINT('',(0.0489707106781187,0.089,0.047273654403271));
#16702=CARTESIAN_POINT('',(0.04905,0.0890707106781187,0.0473943650813897));
#16703=CARTESIAN_POINT('',(0.049041089883368,0.0890581098703353,0.0473676347314935));
#16704=CARTESIAN_POINT('',(0.0490195571115212,0.0890345396442957,0.0473225008366735));
#16705=CARTESIAN_POINT('',(0.0489707106781187,0.089,0.047273654403271));
#16706=CARTESIAN_POINT('',(0.0489,0.0861,0.0473443650813896));
#16707=CARTESIAN_POINT('',(0.0489707106781187,0.0921,0.047273654403271));
#16708=CARTESIAN_POINT('',(0.0477272077938642,0.0861,0.0460301515190165));
#16709=CARTESIAN_POINT('',(0.049,0.089,0.0473029437251523));
#16710=CARTESIAN_POINT('',(0.0476564971157456,0.089,0.0461008621971352));
#16711=CARTESIAN_POINT('',(0.0499292893218814,0.0891,0.048373654403271));
#16712=CARTESIAN_POINT('',(0.0491,0.0892,0.0473029437251523));
#16713=CARTESIAN_POINT('',(0.0491,0.0892,0.0488));
#16714=CARTESIAN_POINT('',(0.0491,0.0891,0.0488));
#16715=CARTESIAN_POINT('',(0.0491,0.0891,-2.36527579938674E-16));
#16716=CARTESIAN_POINT('',(0.0488,0.0892,0.0488));
#16717=CARTESIAN_POINT('',(0.0488,0.0892,0.0491));
#16718=CARTESIAN_POINT('',(0.0488,0.0891,0.0491));
#16719=CARTESIAN_POINT('',(0.0488,0.0891,0.0488));
#16720=CARTESIAN_POINT('',(0.0488,0.0892,0.0491));
#16721=CARTESIAN_POINT('',(0.0475443650813896,0.0891,0.0491));
#16722=CARTESIAN_POINT('',(0.0475443650813896,0.0891,0.0490476401224402));
#16723=CARTESIAN_POINT('',(0.0475443650813896,0.0891476401224402,0.049));
#16724=CARTESIAN_POINT('',(0.0475443650813896,0.0892,0.049));
#16725=CARTESIAN_POINT('',(0.0475443650813896,0.0891,0.0491));
#16726=CARTESIAN_POINT('',(-2.38976601316523E-16,0.0891,0.0491));
#16727=CARTESIAN_POINT('',(0.0475388986226517,0.0888426372246102,0.0490972541507425));
#16728=CARTESIAN_POINT('',(0.0473943650813897,0.0890707106781187,0.0490500000000001));
#16729=CARTESIAN_POINT('',(0.0474210954312858,0.089083311485902,0.0490589101166321));
#16730=CARTESIAN_POINT('',(0.0474710954312858,0.0891,0.0490755767832988));
#16731=CARTESIAN_POINT('',(0.0475443650813897,0.0891,0.0491));
#16732=CARTESIAN_POINT('',(0.0473443650813896,0.0861,0.0489));
#16733=CARTESIAN_POINT('',(0.047273654403271,0.0891,0.0489707106781187));
#16734=CARTESIAN_POINT('',(0.0473029437251523,0.0861,0.049));
#16735=CARTESIAN_POINT('',(0.0483029437251523,0.089,0.05));
#16736=CARTESIAN_POINT('',(0.047373654403271,0.089,0.0489292893218814));
#16737=CARTESIAN_POINT('',(0.047373654403271,0.0891,0.0489292893218814));
#16738=CARTESIAN_POINT('',(-1.13968527085408E-17,0.0891,-8.94783133069115E-18));
#16739=CARTESIAN_POINT('',(0.0495,0.0916,0.05));
#16740=CARTESIAN_POINT('',(0.0495,0.0916,0.042));
#16741=CARTESIAN_POINT('',(0.0495,0.0916,0.049));
#16742=CARTESIAN_POINT('',(0.049,0.0916,0.049));
#16743=CARTESIAN_POINT('',(0.049,0.0916,0.0495));
#16744=CARTESIAN_POINT('',(0.05,0.0916,0.0495));
#16745=CARTESIAN_POINT('',(0.042,0.0916,0.0495));
#16746=CARTESIAN_POINT('',(0.,0.09,0.));
#16747=CARTESIAN_POINT('',(0.0461715728752538,0.09,0.0477272077938642));
#16748=CARTESIAN_POINT('',(0.0451059348446489,0.09,0.048));
#16749=CARTESIAN_POINT('',(0.,0.09,0.048));
#16750=CARTESIAN_POINT('',(0.0425,0.09,0.048));
#16751=CARTESIAN_POINT('',(0.0425,0.09,0.05));
#16752=CARTESIAN_POINT('',(0.,0.09,0.));
#16753=CARTESIAN_POINT('',(0.05,0.09,0.0425));
#16754=CARTESIAN_POINT('',(0.0475,0.09,0.0425));
#16755=CARTESIAN_POINT('',(0.0475,0.09,0.));
#16756=CARTESIAN_POINT('',(0.0475,0.09,0.0450952938136683));
#16757=CARTESIAN_POINT('',(0.0477272077938642,0.09,0.0461715728752538));
#16758=CARTESIAN_POINT('',(0.046949390334559,0.09,0.0453937554159486));
#16759=CARTESIAN_POINT('',(0.0461715728752538,0.09,0.0461715728752538));
#16760=CARTESIAN_POINT('',(0.05,0.1135,0.0425));
#16761=CARTESIAN_POINT('',(0.0475,0.1135,0.0425));
#16762=CARTESIAN_POINT('',(0.0425,0.1135,0.0425));
#16763=CARTESIAN_POINT('',(0.0425,0.0756,0.0425));
#16764=CARTESIAN_POINT('',(0.0415,0.0756,0.0425));
#16765=CARTESIAN_POINT('',(0.049,0.0756,0.0425));
#16766=CARTESIAN_POINT('',(0.049,0.1135,0.0425));
#16767=CARTESIAN_POINT('',(0.0425,0.1135,0.05));
#16768=CARTESIAN_POINT('',(0.0425,0.1135,0.049));
#16769=CARTESIAN_POINT('',(0.0425,0.0756,0.049));
#16770=CARTESIAN_POINT('',(0.0425,0.0756,0.05001));
#16771=CARTESIAN_POINT('',(0.0425,0.1135,0.048));
#16772=CARTESIAN_POINT('',(0.0415,0.0756,0.05001));
#16773=CARTESIAN_POINT('',(0.05,0.0756,0.049));
#16774=CARTESIAN_POINT('',(0.049,0.0756,0.049));
#16775=CARTESIAN_POINT('',(0.049,0.0756,0.05));
#16776=CARTESIAN_POINT('',(0.049,0.1135,0.05));
#16777=CARTESIAN_POINT('',(0.049,0.1135,0.049));
#16778=CARTESIAN_POINT('',(0.049,0.0851,0.049));
#16779=CARTESIAN_POINT('',(0.049,0.0851,0.05));
#16780=CARTESIAN_POINT('',(0.049,0.0851,0.0474443650813896));
#16781=CARTESIAN_POINT('',(0.049,0.0862,0.0474443650813896));
#16782=CARTESIAN_POINT('',(0.049,0.0862,0.0458887301627792));
#16783=CARTESIAN_POINT('',(0.049,0.0861,0.0458887301627792));
#16784=CARTESIAN_POINT('',(0.05,0.1135,0.049));
#16785=CARTESIAN_POINT('',(0.0458887301627792,0.1135,0.049));
#16786=CARTESIAN_POINT('',(0.0458887301627792,0.0862,0.049));
#16787=CARTESIAN_POINT('',(0.0474443650813896,0.0862,0.049));
#16788=CARTESIAN_POINT('',(0.0474443650813896,0.0851,0.049));
#16789=CARTESIAN_POINT('',(0.0488,0.0851,0.049));
#16790=CARTESIAN_POINT('',(0.0475,0.0921,-0.047));
#16791=CARTESIAN_POINT('',(0.0475,0.0861,0.0450952938136683));
#16792=CARTESIAN_POINT('',(0.0465,0.0921,0.048));
#16793=CARTESIAN_POINT('',(0.0451059348446489,0.0861,0.048));
#16794=CARTESIAN_POINT('',(0.0470201010126777,0.0861,0.04532304473783));
#16795=CARTESIAN_POINT('',(0.046949390334559,0.0861,0.0453937554159486));
#16796=CARTESIAN_POINT('',(0.046949390334559,0.0862,0.0453937554159486));
#16797=CARTESIAN_POINT('',(0.0470201010126777,0.0862,0.04532304473783));
#16798=CARTESIAN_POINT('',(0.0453937554159486,0.0862,0.046949390334559));
#16799=CARTESIAN_POINT('',(0.0453937554159486,0.0861,0.046949390334559));
#16800=CARTESIAN_POINT('',(0.0477272077938642,0.0861,0.0461715728752538));
#16801=CARTESIAN_POINT('',(0.0485050252531694,0.0861,0.0453937554159486));
#16802=CARTESIAN_POINT('',(0.0485050252531694,0.0862,0.0453937554159486));
#16803=CARTESIAN_POINT('',(0.0477272077938642,0.0862,0.0461715728752538));
#16804=CARTESIAN_POINT('',(0.0477272077938642,0.0862,0.0461715728752538));
#16805=CARTESIAN_POINT('',(0.0477272077938642,0.0862,0.0461715728752538));
#16806=CARTESIAN_POINT('',(0.0477272077938642,0.0851,0.0461715728752538));
#16807=CARTESIAN_POINT('',(0.0477272077938642,0.0862,0.0461715728752538));
#16808=CARTESIAN_POINT('',(0.0476564971157456,0.0862,0.0461008621971352));
#16809=CARTESIAN_POINT('',(0.0476564971157456,0.0851,0.0461008621971352));
#16810=CARTESIAN_POINT('',(0.0484343145750508,0.0862,0.04532304473783));
#16811=CARTESIAN_POINT('',(0.047373654403271,0.0862,0.0489292893218814));
#16812=CARTESIAN_POINT('',(0.0465958369439658,0.0862,0.0497071067811866));
#16813=CARTESIAN_POINT('',(0.0453937554159486,0.0862,0.0485050252531694));
#16814=CARTESIAN_POINT('',(0.0461715728752538,0.0862,0.0477272077938642));
#16815=CARTESIAN_POINT('',(0.0461715728752538,0.0851,0.0477272077938642));
#16816=CARTESIAN_POINT('',(0.047373654403271,0.0851,0.0489292893218814));
#16817=CARTESIAN_POINT('',(0.0461715728752538,0.0862,0.0477272077938642));
#16818=CARTESIAN_POINT('',(0.0461715728752538,0.0862,0.0477272077938642));
#16819=CARTESIAN_POINT('',(0.0461715728752538,0.0862,0.0477272077938642));
#16820=CARTESIAN_POINT('',(0.0488,0.0851,0.0488));
#16821=CARTESIAN_POINT('',(0.046949390334559,0.0851,0.046949390334559));
#16822=CARTESIAN_POINT('',(0.046949390334559,0.0862,0.046949390334559));
#16823=CARTESIAN_POINT('',(0.0461715728752538,0.0861,0.0477272077938642));
#16824=CARTESIAN_POINT('',(0.0453937554159486,0.0861,0.0485050252531694));
#16825=CARTESIAN_POINT('',(0.0484343145750508,0.0861,0.04532304473783));
#16826=CARTESIAN_POINT('',(0.0465958369439658,0.0861,0.0497071067811866));
#16827=CARTESIAN_POINT('',(0.042,0.1135,0.0495));
#16828=CARTESIAN_POINT('',(0.042,0.07626,0.0495));
#16829=CARTESIAN_POINT('',(0.042,0.0748,0.0495));
#16830=CARTESIAN_POINT('',(0.042,0.0916,0.0495));
#16831=CARTESIAN_POINT('',(0.042,0.0916,0.0495));
#16832=CARTESIAN_POINT('',(0.042,0.0916,0.05001));
#16833=CARTESIAN_POINT('',(0.0495,0.1135,0.042));
#16834=CARTESIAN_POINT('',(0.0495,0.08826,0.042));
#16835=CARTESIAN_POINT('',(0.0495,0.0916,0.042));
#16836=CARTESIAN_POINT('',(0.0495,0.0916,0.042));
#16837=CARTESIAN_POINT('',(0.0495,0.0916,0.042));
#16838=CARTESIAN_POINT('',(0.0415,0.0916,0.042));
#16839=CARTESIAN_POINT('',(0.042,0.1135,0.042));
#16840=CARTESIAN_POINT('',(0.042,0.0748,0.042));
#16841=CARTESIAN_POINT('',(0.049,0.0748,0.049));
#16842=CARTESIAN_POINT('',(0.0498,0.0748,0.049));
#16843=CARTESIAN_POINT('',(0.049,0.0748,0.0498));
#16844=CARTESIAN_POINT('',(0.05,0.0748,0.0498));
#16845=CARTESIAN_POINT('',(0.042,0.0748,0.0498));
#16846=CARTESIAN_POINT('',(0.0498,0.0748,0.05));
#16847=CARTESIAN_POINT('',(0.0498,0.0748,0.042));
#16848=CARTESIAN_POINT('',(0.042,0.0748,0.0495));
#16849=CARTESIAN_POINT('',(0.0417,0.0748,0.0495));
#16850=CARTESIAN_POINT('',(0.0495,0.0748,0.042));
#16851=CARTESIAN_POINT('',(0.0495,0.0748,0.0417));
#16852=CARTESIAN_POINT('',(0.0417,0.0748,0.05001));
#16853=CARTESIAN_POINT('',(0.0417,0.0748,0.042));
#16854=CARTESIAN_POINT('',(0.0415,0.0748,0.0417));
#16855=CARTESIAN_POINT('',(0.042,0.0748,0.0417));
#16856=CARTESIAN_POINT('',(0.042,0.0748,0.042));
#16857=CARTESIAN_POINT('',(0.048,0.10476,-0.0156973454445426));
#16858=CARTESIAN_POINT('',(0.048,0.08826,0.027));
#16859=CARTESIAN_POINT('',(0.048,0.08826,0.027));
#16860=CARTESIAN_POINT('',(0.048,0.10476,0.0156973454445428));
#16861=CARTESIAN_POINT('',(0.048,0.08476,0.0156973454445428));
#16862=CARTESIAN_POINT('',(0.048,0.08476,-0.0156973454445426));
#16863=CARTESIAN_POINT('',(0.048,0.08476,-0.0156973454445426));
#16864=CARTESIAN_POINT('',(0.048,0.10476,-0.0156973454445426));
#16865=CARTESIAN_POINT('',(0.048,0.08826,-0.027));
#16866=CARTESIAN_POINT('',(0.048,0.08826,-0.027));
#16867=CARTESIAN_POINT('',(0.048,0.08826,-0.0415));
#16868=CARTESIAN_POINT('',(0.048,0.10476,-0.0415));
#16869=CARTESIAN_POINT('',(0.048,0.07626,-0.0415));
#16870=CARTESIAN_POINT('',(0.048,0.07626,-0.027));
#16871=CARTESIAN_POINT('',(0.048,0.07626,-0.027));
#16872=CARTESIAN_POINT('',(0.048,0.05976,-0.0156973454445426));
#16873=CARTESIAN_POINT('',(0.048,0.07976,-0.0156973454445426));
#16874=CARTESIAN_POINT('',(0.048,0.07976,-0.0156973454445426));
#16875=CARTESIAN_POINT('',(0.048,0.07976,0.0156973454445428));
#16876=CARTESIAN_POINT('',(0.048,0.05976,0.0156973454445428));
#16877=CARTESIAN_POINT('',(0.048,0.07626,0.027));
#16878=CARTESIAN_POINT('',(0.048,0.07626,0.027));
#16879=CARTESIAN_POINT('',(0.0156973454445427,0.10476,0.048));
#16880=CARTESIAN_POINT('',(0.027,0.07626,0.048));
#16881=CARTESIAN_POINT('',(0.027,0.07626,0.048));
#16882=CARTESIAN_POINT('',(0.0156973454445427,0.05976,0.048));
#16883=CARTESIAN_POINT('',(0.0156973454445427,0.07976,0.048));
#16884=CARTESIAN_POINT('',(0.0156973454445427,0.07976,0.048));
#16885=CARTESIAN_POINT('',(-0.0156973454445427,0.07976,0.048));
#16886=CARTESIAN_POINT('',(-0.0156973454445427,0.05976,0.048));
#16887=CARTESIAN_POINT('',(-0.027,0.07626,0.048));
#16888=CARTESIAN_POINT('',(-0.027,0.07626,0.048));
#16889=CARTESIAN_POINT('',(-0.0415,0.07626,0.048));
#16890=CARTESIAN_POINT('',(-0.0415,0.1135,0.048));
#16891=CARTESIAN_POINT('',(-0.0415,0.08826,0.048));
#16892=CARTESIAN_POINT('',(-0.027,0.08826,0.048));
#16893=CARTESIAN_POINT('',(-0.027,0.08826,0.048));
#16894=CARTESIAN_POINT('',(-0.0156973454445427,0.10476,0.048));
#16895=CARTESIAN_POINT('',(-0.0156973454445427,0.08476,0.048));
#16896=CARTESIAN_POINT('',(0.0156973454445427,0.08476,0.048));
#16897=CARTESIAN_POINT('',(0.0156973454445427,0.08476,0.048));
#16898=CARTESIAN_POINT('',(0.0156973454445427,0.10476,0.048));
#16899=CARTESIAN_POINT('',(0.027,0.08826,0.048));
#16900=CARTESIAN_POINT('',(0.027,0.08826,0.048));
#16901=CARTESIAN_POINT('',(0.027,0.08826,0.048));
#16902=CARTESIAN_POINT('',(0.027,0.08826,0.048));
#16903=CARTESIAN_POINT('',(0.027,0.07626,0.048));
#16904=CARTESIAN_POINT('',(0.027,0.07626,0.048));
#16905=CARTESIAN_POINT('',(0.048,0.07626,0.027));
#16906=CARTESIAN_POINT('',(0.048,0.07626,0.027));
#16907=CARTESIAN_POINT('',(0.048,0.08826,0.027));
#16908=CARTESIAN_POINT('',(0.048,0.08826,0.027));
#16909=CARTESIAN_POINT('',(0.048,0.08826,-0.027));
#16910=CARTESIAN_POINT('',(0.0495,0.08826,-0.042));
#16911=CARTESIAN_POINT('',(0.0495,0.08826,-0.0415));
#16912=CARTESIAN_POINT('',(0.048,0.08826,-0.0415));
#16913=CARTESIAN_POINT('',(0.048,0.08826,-0.027));
#16914=CARTESIAN_POINT('',(0.048,0.07626,-0.027));
#16915=CARTESIAN_POINT('',(0.048,0.07626,-0.0415));
#16916=CARTESIAN_POINT('',(0.0495,0.07626,-0.0415));
#16917=CARTESIAN_POINT('',(0.0495,0.07626,-0.042));
#16918=CARTESIAN_POINT('',(0.048,0.07626,-0.027));
#16919=CARTESIAN_POINT('',(0.048,0.10476,-0.0156973454445426));
#16920=CARTESIAN_POINT('',(0.048,0.08476,-0.0156973454445426));
#16921=CARTESIAN_POINT('',(0.048,0.05976,-0.0156973454445426));
#16922=CARTESIAN_POINT('',(0.048,0.07976,-0.0156973454445426));
#16923=CARTESIAN_POINT('',(0.048,0.07976,-0.0156973454445426));
#16924=CARTESIAN_POINT('',(0.048,0.07976,0.0156973454445428));
#16925=CARTESIAN_POINT('',(0.048,0.05976,0.0156973454445428));
#16926=CARTESIAN_POINT('',(0.048,0.10476,0.0156973454445428));
#16927=CARTESIAN_POINT('',(0.048,0.08476,0.0156973454445428));
#16928=CARTESIAN_POINT('',(0.048,0.08476,-0.0156973454445426));
#16929=CARTESIAN_POINT('',(0.0495,0.1135,-0.042));
#16930=CARTESIAN_POINT('',(0.0495,0.1135,-0.0415));
#16931=CARTESIAN_POINT('',(0.0495,0.0916,-0.0415));
#16932=CARTESIAN_POINT('',(0.0495,0.0916,-0.042));
#16933=CARTESIAN_POINT('',(-0.0156973454445427,0.10476,-0.048));
#16934=CARTESIAN_POINT('',(-0.027,0.08826,-0.048));
#16935=CARTESIAN_POINT('',(-0.0415,0.08826,-0.048));
#16936=CARTESIAN_POINT('',(-0.027,0.08826,-0.048));
#16937=CARTESIAN_POINT('',(-0.0415,0.10476,-0.048));
#16938=CARTESIAN_POINT('',(-0.0415,0.07626,-0.048));
#16939=CARTESIAN_POINT('',(-0.027,0.07626,-0.048));
#16940=CARTESIAN_POINT('',(-0.027,0.07626,-0.048));
#16941=CARTESIAN_POINT('',(-0.0156973454445427,0.05976,-0.048));
#16942=CARTESIAN_POINT('',(-0.0156973454445427,0.07976,-0.048));
#16943=CARTESIAN_POINT('',(-0.0156973454445427,0.07976,-0.048));
#16944=CARTESIAN_POINT('',(0.0156973454445427,0.07976,-0.048));
#16945=CARTESIAN_POINT('',(0.0156973454445427,0.05976,-0.048));
#16946=CARTESIAN_POINT('',(0.027,0.07626,-0.048));
#16947=CARTESIAN_POINT('',(0.027,0.07626,-0.048));
#16948=CARTESIAN_POINT('',(0.0415,0.07626,-0.048));
#16949=CARTESIAN_POINT('',(0.0415,0.10476,-0.048));
#16950=CARTESIAN_POINT('',(0.0415,0.08826,-0.048));
#16951=CARTESIAN_POINT('',(0.027,0.08826,-0.048));
#16952=CARTESIAN_POINT('',(0.027,0.08826,-0.048));
#16953=CARTESIAN_POINT('',(0.0156973454445427,0.10476,-0.048));
#16954=CARTESIAN_POINT('',(0.0156973454445427,0.08476,-0.048));
#16955=CARTESIAN_POINT('',(-0.0156973454445427,0.08476,-0.048));
#16956=CARTESIAN_POINT('',(-0.0156973454445427,0.08476,-0.048));
#16957=CARTESIAN_POINT('',(-0.0156973454445427,0.10476,-0.048));
#16958=CARTESIAN_POINT('',(-0.027,0.08826,-0.048));
#16959=CARTESIAN_POINT('',(-0.042,0.08826,-0.0495));
#16960=CARTESIAN_POINT('',(-0.0415,0.08826,-0.0495));
#16961=CARTESIAN_POINT('',(-0.042,0.08826,-0.05));
#16962=CARTESIAN_POINT('',(-0.0415,0.08826,-0.048));
#16963=CARTESIAN_POINT('',(-0.027,0.08826,-0.048));
#16964=CARTESIAN_POINT('',(-0.027,0.08826,-0.05));
#16965=CARTESIAN_POINT('',(-0.027,0.08826,-0.05));
#16966=CARTESIAN_POINT('',(-0.027,0.07626,-0.048));
#16967=CARTESIAN_POINT('',(-0.0415,0.07626,-0.048));
#16968=CARTESIAN_POINT('',(-0.0415,0.07626,-0.0495));
#16969=CARTESIAN_POINT('',(-0.042,0.07626,-0.0495));
#16970=CARTESIAN_POINT('',(-0.042,0.07626,-0.05));
#16971=CARTESIAN_POINT('',(-0.027,0.07626,-0.05));
#16972=CARTESIAN_POINT('',(-0.027,0.07626,-0.05));
#16973=CARTESIAN_POINT('',(-0.027,0.07626,-0.048));
#16974=CARTESIAN_POINT('',(0.027,0.07626,-0.048));
#16975=CARTESIAN_POINT('',(0.042,0.07626,-0.0495));
#16976=CARTESIAN_POINT('',(0.0415,0.07626,-0.0495));
#16977=CARTESIAN_POINT('',(0.042,0.07626,-0.05));
#16978=CARTESIAN_POINT('',(0.0415,0.07626,-0.048));
#16979=CARTESIAN_POINT('',(0.027,0.07626,-0.048));
#16980=CARTESIAN_POINT('',(0.027,0.07626,-0.05));
#16981=CARTESIAN_POINT('',(0.027,0.07626,-0.05));
#16982=CARTESIAN_POINT('',(0.027,0.08826,-0.048));
#16983=CARTESIAN_POINT('',(0.0415,0.08826,-0.048));
#16984=CARTESIAN_POINT('',(0.0415,0.08826,-0.0495));
#16985=CARTESIAN_POINT('',(0.042,0.08826,-0.0495));
#16986=CARTESIAN_POINT('',(0.042,0.08826,-0.05));
#16987=CARTESIAN_POINT('',(0.027,0.08826,-0.05));
#16988=CARTESIAN_POINT('',(0.027,0.08826,-0.05));
#16989=CARTESIAN_POINT('',(0.027,0.08826,-0.048));
#16990=CARTESIAN_POINT('',(-0.0156973454445427,0.10476,-0.048));
#16991=CARTESIAN_POINT('',(-0.0156973454445427,0.10476,-0.05));
#16992=CARTESIAN_POINT('',(-0.0156973454445427,0.08476,-0.05));
#16993=CARTESIAN_POINT('',(-0.0156973454445427,0.08476,-0.048));
#16994=CARTESIAN_POINT('',(-0.0156973454445427,0.05976,-0.048));
#16995=CARTESIAN_POINT('',(-0.0156973454445427,0.05976,-0.05));
#16996=CARTESIAN_POINT('',(-0.0156973454445427,0.07976,-0.05));
#16997=CARTESIAN_POINT('',(-0.0156973454445427,0.07976,-0.048));
#16998=CARTESIAN_POINT('',(-0.0156973454445427,0.07976,-0.048));
#16999=CARTESIAN_POINT('',(-0.0156973454445427,0.07976,-0.05));
#17000=CARTESIAN_POINT('',(0.0156973454445427,0.07976,-0.05));
#17001=CARTESIAN_POINT('',(0.0156973454445427,0.07976,-0.048));
#17002=CARTESIAN_POINT('',(0.0156973454445427,0.05976,-0.048));
#17003=CARTESIAN_POINT('',(0.0156973454445427,0.05976,-0.05));
#17004=CARTESIAN_POINT('',(0.0156973454445427,0.10476,-0.048));
#17005=CARTESIAN_POINT('',(0.0156973454445427,0.10476,-0.05));
#17006=CARTESIAN_POINT('',(0.0156973454445427,0.08476,-0.05));
#17007=CARTESIAN_POINT('',(0.0156973454445427,0.08476,-0.048));
#17008=CARTESIAN_POINT('',(-0.0156973454445427,0.08476,-0.048));
#17009=CARTESIAN_POINT('',(-0.0156973454445427,0.08476,-0.05));
#17010=CARTESIAN_POINT('',(-0.0156973454445427,0.10476,-0.05));
#17011=CARTESIAN_POINT('',(0.042,0.1135,-0.05));
#17012=CARTESIAN_POINT('',(0.042,0.0916,-0.05));
#17013=CARTESIAN_POINT('',(0.05,0.0916,-0.05));
#17014=CARTESIAN_POINT('',(0.049,0.0916,-0.05));
#17015=CARTESIAN_POINT('',(0.049,0.1135,-0.05));
#17016=CARTESIAN_POINT('',(0.049,0.0892,-0.05));
#17017=CARTESIAN_POINT('',(0.049,0.0892,-0.05));
#17018=CARTESIAN_POINT('',(0.0483443650813896,0.0892,-0.05));
#17019=CARTESIAN_POINT('',(0.0483443650813896,0.089,-0.05));
#17020=CARTESIAN_POINT('',(0.048061522368915,0.089,-0.05));
#17021=CARTESIAN_POINT('',(0.048061522368915,0.089,-0.05));
#17022=CARTESIAN_POINT('',(0.048061522368915,0.0862,-0.05));
#17023=CARTESIAN_POINT('',(0.0483443650813896,0.0862,-0.05));
#17024=CARTESIAN_POINT('',(0.0483443650813896,0.086,-0.05));
#17025=CARTESIAN_POINT('',(0.05,0.086,-0.05));
#17026=CARTESIAN_POINT('',(0.049,0.086,-0.05));
#17027=CARTESIAN_POINT('',(0.049,0.1135,-0.05));
#17028=CARTESIAN_POINT('',(0.049,0.0748,-0.05));
#17029=CARTESIAN_POINT('',(0.05,0.0748,-0.05));
#17030=CARTESIAN_POINT('',(0.042,0.0748,-0.05));
#17031=CARTESIAN_POINT('',(0.042,0.1135,-0.05));
#17032=CARTESIAN_POINT('',(-0.042,0.1135,-0.05));
#17033=CARTESIAN_POINT('',(-0.042,0.0748,-0.05));
#17034=CARTESIAN_POINT('',(-0.05,0.0748,-0.05));
#17035=CARTESIAN_POINT('',(-0.049,0.0748,-0.05));
#17036=CARTESIAN_POINT('',(-0.049,0.1135,-0.05));
#17037=CARTESIAN_POINT('',(-0.049,0.086,-0.05));
#17038=CARTESIAN_POINT('',(-0.05,0.086,-0.05));
#17039=CARTESIAN_POINT('',(-0.0483443650813896,0.086,-0.05));
#17040=CARTESIAN_POINT('',(-0.0483443650813896,0.0862,-0.05));
#17041=CARTESIAN_POINT('',(-0.048061522368915,0.0862,-0.05));
#17042=CARTESIAN_POINT('',(-0.048061522368915,0.089,-0.05));
#17043=CARTESIAN_POINT('',(-0.048061522368915,0.089,-0.05));
#17044=CARTESIAN_POINT('',(-0.0483443650813896,0.089,-0.05));
#17045=CARTESIAN_POINT('',(-0.0483443650813896,0.0892,-0.05));
#17046=CARTESIAN_POINT('',(-0.049,0.0892,-0.05));
#17047=CARTESIAN_POINT('',(-0.049,0.0892,-0.05));
#17048=CARTESIAN_POINT('',(-0.049,0.1135,-0.05));
#17049=CARTESIAN_POINT('',(-0.049,0.0916,-0.05));
#17050=CARTESIAN_POINT('',(-0.05,0.0916,-0.05));
#17051=CARTESIAN_POINT('',(-0.042,0.0916,-0.05));
#17052=CARTESIAN_POINT('',(-0.042,0.1135,-0.05));
#17053=CARTESIAN_POINT('',(0.042,0.1135,-0.0495));
#17054=CARTESIAN_POINT('',(0.0415,0.1135,-0.0495));
#17055=CARTESIAN_POINT('',(0.0415,0.0748,-0.0495));
#17056=CARTESIAN_POINT('',(0.042,0.0748,-0.0495));
#17057=CARTESIAN_POINT('',(0.048437867965644,0.0746,-0.048437867965644));
#17058=CARTESIAN_POINT('',(0.048437867965644,0.0746,-0.04895));
#17059=CARTESIAN_POINT('',(0.048437867965644,0.07155,-0.04895));
#17060=CARTESIAN_POINT('',(0.048437867965644,0.0746,-0.04895));
#17061=CARTESIAN_POINT('',(0.048437867965644,0.0746,-0.048437867965644));
#17062=CARTESIAN_POINT('',(0.04895,0.0746,-0.048437867965644));
#17063=CARTESIAN_POINT('',(0.04895,0.0746,-0.048437867965644));
#17064=CARTESIAN_POINT('',(0.04895,0.07155,-0.048437867965644));
#17065=CARTESIAN_POINT('',(0.048437867965644,0.07155,-0.048437867965644));
#17066=CARTESIAN_POINT('',(0.043813340594773,0.0694770500882838,-0.0546081123589482));
#17067=CARTESIAN_POINT('',(0.0488085786437627,0.0690083271686377,-0.04895));
#17068=CARTESIAN_POINT('',(0.0485967392464233,0.0694770500882838,-0.0498247137072979));
#17069=CARTESIAN_POINT('',(0.0481721825406948,0.0690083271686378,-0.0495863961030679));
#17070=CARTESIAN_POINT('',(0.043813340594773,0.0694770500882838,-0.0546081123589482));
#17071=CARTESIAN_POINT('',(0.0498246039039007,0.0694771963214138,-0.0485966378329396));
#17072=CARTESIAN_POINT('',(0.0498247137653585,0.0694770502988608,-0.0485967394861636));
#17073=CARTESIAN_POINT('',(0.049785851143209,0.0693361013809865,-0.0484362702370534));
#17074=CARTESIAN_POINT('',(0.0497035187884749,0.0691739636588019,-0.0482893052261019));
#17075=CARTESIAN_POINT('',(0.0495863961030679,0.0690083271686378,-0.0481721825406949));
#17076=CARTESIAN_POINT('',(0.0495863961030679,0.0690083271686378,-0.0481721825406948));
#17077=CARTESIAN_POINT('',(0.049542639940012,0.0689464466094067,-0.0481284263776389));
#17078=CARTESIAN_POINT('',(0.049542639940012,0.0689464466094067,-0.0481284263776389));
#17079=CARTESIAN_POINT('',(0.0434381472767379,0.0689464466094067,-0.054232919040913));
#17080=CARTESIAN_POINT('',(0.0481284263776389,0.0689464466094067,-0.049542639940012));
#17081=CARTESIAN_POINT('',(0.0481222586343889,0.0689377241032533,-0.049536472196762));
#17082=CARTESIAN_POINT('',(0.043313340594773,0.0701841568694703,-0.0541081123589482));
#17083=CARTESIAN_POINT('',(0.0488217522930711,0.0697349152826822,-0.0498631736494395));
#17084=CARTESIAN_POINT('',(0.0488813199673999,0.0698230897922427,-0.0498663087901937));
#17085=CARTESIAN_POINT('',(0.0489222508731527,0.0699163992288945,-0.0498684630483912));
#17086=CARTESIAN_POINT('',(0.0489445450103292,0.0700105086918033,-0.049869636424032));
#17087=CARTESIAN_POINT('',(0.0489445450103293,0.0700105086918034,-0.049869636424032));
#17088=CARTESIAN_POINT('',(0.0488217520392361,0.0697349154632622,-0.0498631733935681));
#17089=CARTESIAN_POINT('',(0.0440097048350931,0.0700105086918034,-0.0548044765992682));
#17090=CARTESIAN_POINT('',(0.049869636424032,0.0700105086918034,-0.0489445450103292));
#17091=CARTESIAN_POINT('',(0.049869636424032,0.0700105086918033,-0.0489445450103293));
#17092=CARTESIAN_POINT('',(0.0498684630497975,0.0699163993416929,-0.0489222508998742));
#17093=CARTESIAN_POINT('',(0.0498663087955518,0.0698230900159926,-0.0488813200657129));
#17094=CARTESIAN_POINT('',(0.0498631736607128,0.0697349155997385,-0.0488217525072633));
#17095=CARTESIAN_POINT('',(0.0498631339005792,0.0697349439123155,-0.0488217126904297));
#17096=CARTESIAN_POINT('',(0.0498631736494468,0.0697349152828871,-0.0488217522932095));
#17097=CARTESIAN_POINT('',(0.0498604367728529,0.0696397725353679,-0.0487568310889078));
#17098=CARTESIAN_POINT('',(0.0498468685247721,0.0695523528086974,-0.0486810785131192));
#17099=CARTESIAN_POINT('',(0.0498247137505904,0.0694770502354319,-0.0485967394112297));
#17100=CARTESIAN_POINT('',(0.0485967392464233,0.0694770500882838,-0.049824713707298));
#17101=CARTESIAN_POINT('',(0.0486289966275266,0.0695064993779047,-0.0498341039109788));
#17102=CARTESIAN_POINT('',(0.0487141395629951,0.0695872673058771,-0.0498553112952696));
#17103=CARTESIAN_POINT('',(0.0488075622165172,0.0697139105505758,-0.0498624268033051));
#17104=CARTESIAN_POINT('',(0.0488217522932094,0.069734915282887,-0.0498631736494468));
#17105=CARTESIAN_POINT('',(0.0441661510346884,0.0712652703644666,-0.0549609227988635));
#17106=CARTESIAN_POINT('',(0.0490696364240321,0.0705121505082858,-0.049869636424032));
#17107=CARTESIAN_POINT('',(0.0491437422409628,0.0708093297911529,-0.049869636424032));
#17108=CARTESIAN_POINT('',(0.0492164444216292,0.0710603697432132,-0.0498595345718615));
#17109=CARTESIAN_POINT('',(0.0492877429660314,0.0712652703644666,-0.0498393308675206));
#17110=CARTESIAN_POINT('',(0.0492877429660313,0.0712652703644666,-0.0498393308675205));
#17111=CARTESIAN_POINT('',(0.049069636424032,0.0705121505082858,-0.049869636424032));
#17112=CARTESIAN_POINT('',(0.0441661510346884,0.0712652703644666,-0.0549609227988635));
#17113=CARTESIAN_POINT('',(0.0498393308675205,0.0712652703644666,-0.0492877429660313));
#17114=CARTESIAN_POINT('',(0.0498393308675206,0.0712652703644666,-0.0492877429660313));
#17115=CARTESIAN_POINT('',(0.0498595345718615,0.0710603697432132,-0.0492164444216292));
#17116=CARTESIAN_POINT('',(0.049869636424032,0.0708093297911529,-0.0491437422409627));
#17117=CARTESIAN_POINT('',(0.049869636424032,0.0705121505082857,-0.049069636424032));
#17118=CARTESIAN_POINT('',(0.049869636424032,0.0705121505082857,-0.049069636424032));
#17119=CARTESIAN_POINT('',(0.049869636424032,0.0726042531630218,-0.0495913315261816));
#17120=CARTESIAN_POINT('',(0.0489593827200185,0.0700700109023919,-0.049869636424032));
#17121=CARTESIAN_POINT('',(0.0440268781866244,0.0713,-0.0548216499507995));
#17122=CARTESIAN_POINT('',(0.0440268781866244,0.0715,-0.0548216499507995));
#17123=CARTESIAN_POINT('',(0.0490500983300345,0.0715,-0.0497984298073893));
#17124=CARTESIAN_POINT('',(0.0497984298073893,0.0715,-0.0490500983300345));
#17125=CARTESIAN_POINT('',(0.0498393308675205,0.0712652703644666,-0.0492877429660313));
#17126=CARTESIAN_POINT('',(0.0498409712637598,0.0713910697999345,-0.0493174724211654));
#17127=CARTESIAN_POINT('',(0.0498327337378256,0.0715,-0.0491742226170477));
#17128=CARTESIAN_POINT('',(0.0497984298073894,0.0715,-0.0490500983300345));
#17129=CARTESIAN_POINT('',(0.0490500983300345,0.0715,-0.0497984298073893));
#17130=CARTESIAN_POINT('',(0.0491743073525593,0.0715,-0.0498327571559749));
#17131=CARTESIAN_POINT('',(0.0493174814159383,0.0713911078610881,-0.0498409717600686));
#17132=CARTESIAN_POINT('',(0.0492877429660313,0.0712652703644666,-0.0498393308675205));
#17133=CARTESIAN_POINT('',(0.0440268781866244,0.0715,-0.0548216499507995));
#17134=CARTESIAN_POINT('',(0.0440268781866244,0.0715,-0.0498));
#17135=CARTESIAN_POINT('',(0.0487585786437627,0.0715,-0.0498));
#17136=CARTESIAN_POINT('',(0.049,0.0715,-0.0498));
#17137=CARTESIAN_POINT('',(0.0487585786437627,0.0715,-0.0489));
#17138=CARTESIAN_POINT('',(0.0481221825406948,0.0715,-0.0495363961030679));
#17139=CARTESIAN_POINT('',(0.0481221825406948,0.0715,-0.0495363961030679));
#17140=CARTESIAN_POINT('',(0.0475857864376269,0.0715,-0.049));
#17141=CARTESIAN_POINT('',(0.0440268781866244,0.0715,-0.049));
#17142=CARTESIAN_POINT('',(0.048437867965644,0.0715,-0.049));
#17143=CARTESIAN_POINT('',(0.048437867965644,0.0715,-0.048437867965644));
#17144=CARTESIAN_POINT('',(0.049,0.0715,-0.048437867965644));
#17145=CARTESIAN_POINT('',(0.049,0.0715,-0.0548216499507995));
#17146=CARTESIAN_POINT('',(0.049,0.0715,-0.0475857864376269));
#17147=CARTESIAN_POINT('',(0.0489292893218814,0.0715,-0.0475150757595083));
#17148=CARTESIAN_POINT('',(0.0495363961030679,0.0715,-0.0481221825406948));
#17149=CARTESIAN_POINT('',(0.0489,0.0715,-0.0487585786437627));
#17150=CARTESIAN_POINT('',(0.0498,0.0715,-0.0487585786437627));
#17151=CARTESIAN_POINT('',(0.0498,0.0715,-0.0548216499507995));
#17152=CARTESIAN_POINT('',(0.0498,0.0715,-0.049));
#17153=CARTESIAN_POINT('',(0.049,0.0715,-0.049));
#17154=CARTESIAN_POINT('',(0.049,0.0715,-0.049));
#17155=CARTESIAN_POINT('',(0.047373654403271,0.0686,-0.0489292893218814));
#17156=CARTESIAN_POINT('',(0.0480221825406948,0.0746,-0.0495778174593052));
#17157=CARTESIAN_POINT('',(0.0473650757595083,0.0746,-0.0489207106781187));
#17158=CARTESIAN_POINT('',(0.0468908224620156,0.0746,-0.048446457380626));
#17159=CARTESIAN_POINT('',(0.0473650757595083,0.0686,-0.0489207106781187));
#17160=CARTESIAN_POINT('',(0.0473650757595083,0.07155,-0.0489207106781187));
#17161=CARTESIAN_POINT('',(0.0475150757595083,0.07155,-0.0490707106781187));
#17162=CARTESIAN_POINT('',(0.0475150757595083,0.0714,-0.0490707106781187));
#17163=CARTESIAN_POINT('',(0.0474443650813896,0.0714,-0.049));
#17164=CARTESIAN_POINT('',(0.0480514718625762,0.0714,-0.0496071067811865));
#17165=CARTESIAN_POINT('',(0.0480514718625762,0.0715,-0.0496071067811865));
#17166=CARTESIAN_POINT('',(0.0480514718625762,0.0690790378467564,-0.0496071067811865));
#17167=CARTESIAN_POINT('',(0.0480077156995203,0.0690171572875254,-0.0495633506181307));
#17168=CARTESIAN_POINT('',(0.0480077156995203,0.0690171572875254,-0.0495633506181307));
#17169=CARTESIAN_POINT('',(0.0478077156995203,0.0693,-0.0493633506181307));
#17170=CARTESIAN_POINT('',(0.0478077156995203,0.0689,-0.0493633506181307));
#17171=CARTESIAN_POINT('',(0.0478077156995203,0.0689,-0.0493633506181307));
#17172=CARTESIAN_POINT('',(0.0472391240116843,0.0689,-0.0487947589302947));
#17173=CARTESIAN_POINT('',(0.0472391240116844,0.0693,-0.0487947589302947));
#17174=CARTESIAN_POINT('',(0.0469563243775248,0.0692930190374251,-0.0485119592961352));
#17175=CARTESIAN_POINT('',(0.0469563243775248,0.0692930190374251,-0.0485119592961352));
#17176=CARTESIAN_POINT('',(0.0476564971157456,0.0686,-0.0461008621971352));
#17177=CARTESIAN_POINT('',(0.0487947589302947,0.0693,-0.0472391240116843));
#17178=CARTESIAN_POINT('',(0.0487947589302947,0.0689,-0.0472391240116843));
#17179=CARTESIAN_POINT('',(0.0485119592961352,0.0692930190374251,-0.0469563243775248));
#17180=CARTESIAN_POINT('',(0.0487947589302947,0.0689,-0.0472391240116844));
#17181=CARTESIAN_POINT('',(0.0493633506181307,0.0689,-0.0478077156995203));
#17182=CARTESIAN_POINT('',(0.0493633506181307,0.0693,-0.0478077156995203));
#17183=CARTESIAN_POINT('',(0.0495633506181307,0.0690171572875254,-0.0480077156995203));
#17184=CARTESIAN_POINT('',(0.0495571828748807,0.069008434781372,-0.0480015479562703));
#17185=CARTESIAN_POINT('',(0.0496071067811866,0.0690790378467564,-0.0480514718625762));
#17186=CARTESIAN_POINT('',(0.0496071067811866,0.0693518300528922,-0.0480514718625762));
#17187=CARTESIAN_POINT('',(0.0496071067811866,0.0714,-0.0480514718625762));
#17188=CARTESIAN_POINT('',(0.0496071067811866,0.0714,-0.0480514718625762));
#17189=CARTESIAN_POINT('',(0.0490707106781187,0.0714,-0.0475150757595083));
#17190=CARTESIAN_POINT('',(0.0490707106781187,0.07155,-0.0475150757595083));
#17191=CARTESIAN_POINT('',(0.0489207106781187,0.07155,-0.0473650757595083));
#17192=CARTESIAN_POINT('',(0.0489207106781187,0.0686,-0.0473650757595083));
#17193=CARTESIAN_POINT('',(0.0489207106781187,0.0746,-0.0473650757595083));
#17194=CARTESIAN_POINT('',(0.0495778174593052,0.0746,-0.0480221825406948));
#17195=CARTESIAN_POINT('',(0.048446457380626,0.0746,-0.0468908224620156));
#17196=CARTESIAN_POINT('',(0.0484464358398279,0.0746017452406438,-0.0468908009212175));
#17197=CARTESIAN_POINT('',(0.0422660560462026,0.0692912737967814,-0.0530608278103777));
#17198=CARTESIAN_POINT('',(0.0422660560462026,0.0692912737967814,-0.0530608278103777));
#17199=CARTESIAN_POINT('',(0.0469563351471036,0.0692912737967814,-0.0483705487094767));
#17200=CARTESIAN_POINT('',(0.0483705487094767,0.0692912737967814,-0.0469563351471036));
#17201=CARTESIAN_POINT('',(0.0483705487094767,0.0692912737967814,-0.0469563351471036));
#17202=CARTESIAN_POINT('',(0.0483050252531694,0.0746,-0.0468908116907963));
#17203=CARTESIAN_POINT('',(0.0422005325898953,0.0746,-0.0529953043540704));
#17204=CARTESIAN_POINT('',(0.0468908116907963,0.0746,-0.0483050252531694));
#17205=CARTESIAN_POINT('',(0.0468908116907963,0.0746,-0.0483050252531694));
#17206=CARTESIAN_POINT('',(0.042619555588902,0.0693,-0.0534143273530771));
#17207=CARTESIAN_POINT('',(0.042619555588902,0.0688,-0.0534143273530771));
#17208=CARTESIAN_POINT('',(0.047309834689803,0.0688,-0.0487240482521761));
#17209=CARTESIAN_POINT('',(0.0487240482521761,0.0688,-0.047309834689803));
#17210=CARTESIAN_POINT('',(0.0487240482521761,0.0693,-0.047309834689803));
#17211=CARTESIAN_POINT('',(0.047309834689803,0.0693,-0.0487240482521761));
#17212=CARTESIAN_POINT('',(0.0431881472767379,0.0688,-0.053982919040913));
#17213=CARTESIAN_POINT('',(0.0431881472767379,0.0688,-0.053982919040913));
#17214=CARTESIAN_POINT('',(0.0478784263776389,0.0688,-0.049292639940012));
#17215=CARTESIAN_POINT('',(0.049292639940012,0.0688,-0.0478784263776389));
#17216=CARTESIAN_POINT('',(0.049292639940012,0.0688,-0.0478784263776389));
#17217=CARTESIAN_POINT('',(0.047309834689803,0.0688,-0.0487240482521761));
#17218=CARTESIAN_POINT('',(0.0431881472767379,0.0693,-0.053982919040913));
#17219=CARTESIAN_POINT('',(0.049292639940012,0.0693,-0.0478784263776389));
#17220=CARTESIAN_POINT('',(0.0478784263776389,0.0693,-0.049292639940012));
#17221=CARTESIAN_POINT('',(0.04895,0.0676857864376269,-0.0473029437251523));
#17222=CARTESIAN_POINT('',(0.04895,0.07155,-0.0473029437251523));
#17223=CARTESIAN_POINT('',(0.04895,0.07155,-0.0474357864376269));
#17224=CARTESIAN_POINT('',(0.04895,0.0746,-0.0473029437251523));
#17225=CARTESIAN_POINT('',(0.04895,0.0746,-0.0474357864376269));
#17226=CARTESIAN_POINT('',(0.04895,0.0676857864376269,-0.0474357864376269));
#17227=CARTESIAN_POINT('',(0.0488,0.0676857864376269,-0.04895));
#17228=CARTESIAN_POINT('',(0.0488,0.0746,-0.04895));
#17229=CARTESIAN_POINT('',(0.0474357864376269,0.0746,-0.04895));
#17230=CARTESIAN_POINT('',(0.0488,0.07155,-0.04895));
#17231=CARTESIAN_POINT('',(0.0474357864376269,0.07155,-0.04895));
#17232=CARTESIAN_POINT('',(0.0474357864376269,0.0676857864376269,-0.04895));
#17233=CARTESIAN_POINT('',(0.0499,0.415992188198565,-0.0415));
#17234=CARTESIAN_POINT('',(0.0499,0.394007328691112,-0.129663723887819));
#17235=CARTESIAN_POINT('',(0.0499,0.0705295153260524,-0.049));
#17236=CARTESIAN_POINT('',(0.0499,0.0700278735095701,-0.0488749085862972));
#17237=CARTESIAN_POINT('',(0.0499,0.415992188198565,-0.049));
#17238=CARTESIAN_POINT('',(0.0499,0.0714,-0.049));
#17239=CARTESIAN_POINT('',(0.0499,0.0714,-0.0415));
#17240=CARTESIAN_POINT('',(0.0499,0.0714,-0.0487585786437627));
#17241=CARTESIAN_POINT('',(0.0499,0.0715,-0.0487585786437627));
#17242=CARTESIAN_POINT('',(0.0498999986234253,0.0697798394430063,-0.0487585786420951));
#17243=CARTESIAN_POINT('',(0.0499,0.0701841568694703,-0.0476214529537212));
#17244=CARTESIAN_POINT('',(0.049,0.415992188198565,-0.049));
#17245=CARTESIAN_POINT('',(0.049898233533313,0.0714,-0.0490563606212888));
#17246=CARTESIAN_POINT('',(0.0498955763998217,0.0714,-0.0490987080324734));
#17247=CARTESIAN_POINT('',(0.0498857916962506,0.0713880474662671,-0.0491767637271376));
#17248=CARTESIAN_POINT('',(0.0498614852347518,0.07132249007596,-0.0492609715469438));
#17249=CARTESIAN_POINT('',(0.0498659062489246,0.0712826351822333,-0.0492453698597492));
#17250=CARTESIAN_POINT('',(0.049898233533313,0.0714,-0.0490563606212888));
#17251=CARTESIAN_POINT('',(0.0498659062489246,0.0712826351822333,-0.0492453698597492));
#17252=CARTESIAN_POINT('',(0.049,0.0714,-0.049));
#17253=CARTESIAN_POINT('',(0.0499000000000003,0.070529515326052,-0.049));
#17254=CARTESIAN_POINT('',(0.0499000000000003,0.0708350908580973,-0.0490857244816832));
#17255=CARTESIAN_POINT('',(0.0498877040391765,0.0710861308101576,-0.0491684458120649));
#17256=CARTESIAN_POINT('',(0.0498659062489249,0.071282635182233,-0.0492453698597492));
#17257=CARTESIAN_POINT('',(0.049,0.415992188198565,-0.0499));
#17258=CARTESIAN_POINT('',(0.0487585786437627,0.0693518300528922,-0.0499));
#17259=CARTESIAN_POINT('',(0.0487585786437627,0.0714,-0.0499));
#17260=CARTESIAN_POINT('',(0.0487585779073576,0.0697798378255961,-0.0498998533652487));
#17261=CARTESIAN_POINT('',(0.049,0.0714,-0.0499));
#17262=CARTESIAN_POINT('',(0.049,0.0714,-0.0499));
#17263=CARTESIAN_POINT('',(0.049,0.415992188198565,-0.0499));
#17264=CARTESIAN_POINT('',(0.049,0.0705295153260525,-0.0499));
#17265=CARTESIAN_POINT('',(0.130102789775432,0.395768071518284,-0.0499));
#17266=CARTESIAN_POINT('',(0.0488749085862973,0.0700278735095701,-0.0499));
#17267=CARTESIAN_POINT('',(0.0488749085862975,0.07002787350957,-0.0499));
#17268=CARTESIAN_POINT('',(0.0488532882740489,0.0699411716937673,-0.0499));
#17269=CARTESIAN_POINT('',(0.0488145112896973,0.0698584931974193,-0.0499));
#17270=CARTESIAN_POINT('',(0.0487585776332429,0.069779838020526,-0.0499));
#17271=CARTESIAN_POINT('',(0.049,0.415992188198565,-0.049));
#17272=CARTESIAN_POINT('',(0.049,0.0714,-0.049));
#17273=CARTESIAN_POINT('',(0.0490563606212888,0.0714,-0.049898233533313));
#17274=CARTESIAN_POINT('',(0.0492453698597493,0.0712826351822333,-0.0498659062489246));
#17275=CARTESIAN_POINT('',(0.0492609701513346,0.0713224865108418,-0.0498614856302224));
#17276=CARTESIAN_POINT('',(0.0491767975795087,0.0713880181918793,-0.0498857797365807));
#17277=CARTESIAN_POINT('',(0.0490987806337588,0.0714,-0.0498955718443767));
#17278=CARTESIAN_POINT('',(0.0490563606212889,0.0714,-0.049898233533313));
#17279=CARTESIAN_POINT('',(0.0492453698597493,0.0712826351822333,-0.0498659062489246));
#17280=CARTESIAN_POINT('',(0.0492453698597495,0.071282635182233,-0.0498659062489246));
#17281=CARTESIAN_POINT('',(0.0491684458120653,0.071086130810158,-0.0498877040391762));
#17282=CARTESIAN_POINT('',(0.0490857244816835,0.0708350908580976,-0.0499));
#17283=CARTESIAN_POINT('',(0.0490000000000003,0.070529515326052,-0.0499));
#17284=CARTESIAN_POINT('',(0.0487585786437624,0.415992188198565,-0.0489));
#17285=CARTESIAN_POINT('',(0.0487585786437627,0.0714,-0.0489));
#17286=CARTESIAN_POINT('',(0.048758577574594,0.069779838088401,-0.0498999999999994));
#17287=CARTESIAN_POINT('',(0.0486921876776515,0.0696958148824817,-0.0498999999290174));
#17288=CARTESIAN_POINT('',(0.0486126300911646,0.0696184557751486,-0.0498935620527312));
#17289=CARTESIAN_POINT('',(0.0485232015356078,0.069547760766402,-0.0498719041192199));
#17290=CARTESIAN_POINT('',(0.0485232015356078,0.0695477607664024,-0.0498719041192199));
#17291=CARTESIAN_POINT('',(0.0487585786437627,0.0690790378467564,-0.0489));
#17292=CARTESIAN_POINT('',(0.0489,0.415992188198565,-0.0487585786437627));
#17293=CARTESIAN_POINT('',(0.0498719068942438,0.0695477698248405,-0.0485232129943533));
#17294=CARTESIAN_POINT('',(0.0498935627070785,0.0696184627628618,-0.0486126374020664));
#17295=CARTESIAN_POINT('',(0.0499000000000003,0.0696958193017633,-0.0486921913635682));
#17296=CARTESIAN_POINT('',(0.0499000000000003,0.069779839441545,-0.0487585786437627));
#17297=CARTESIAN_POINT('',(0.0498708597381951,0.0695477741350707,-0.0485234631756309));
#17298=CARTESIAN_POINT('',(0.0489,0.0714,-0.0487585786437627));
#17299=CARTESIAN_POINT('',(0.0496071067811868,0.069079037846756,-0.0480514718625762));
#17300=CARTESIAN_POINT('',(0.0497783944132966,0.069297051409913,-0.0482227594946859));
#17301=CARTESIAN_POINT('',(0.0498429651641819,0.0694532954025675,-0.0484037024920798));
#17302=CARTESIAN_POINT('',(0.0498719068942445,0.0695477698247195,-0.0485232129943562));
#17303=CARTESIAN_POINT('',(0.049,0.07155,-0.0473029437251523));
#17304=CARTESIAN_POINT('',(0.049,0.07155,-0.048437867965644));
#17305=CARTESIAN_POINT('',(0.049,0.07155,-0.0475857864376269));
#17306=CARTESIAN_POINT('',(0.048437867965644,0.07155,-0.048437867965644));
#17307=CARTESIAN_POINT('',(0.048437867965644,0.07155,-0.049));
#17308=CARTESIAN_POINT('',(0.0488,0.07155,-0.049));
#17309=CARTESIAN_POINT('',(0.0475857864376269,0.07155,-0.049));
#17310=CARTESIAN_POINT('',(0.0474357864376269,0.0686,-0.04885));
#17311=CARTESIAN_POINT('',(0.0474357864376269,0.0746,-0.04885));
#17312=CARTESIAN_POINT('',(0.0474357864376269,0.07155,-0.04885));
#17313=CARTESIAN_POINT('',(0.0475150757595083,0.0714,-0.0490707106781187));
#17314=CARTESIAN_POINT('',(0.0475150757595083,0.0715,-0.0490707106781186));
#17315=CARTESIAN_POINT('',(0.0475857864376269,0.0715,-0.049));
#17316=CARTESIAN_POINT('',(0.0474365353613959,0.0714000000020548,-0.0489921702800063));
#17317=CARTESIAN_POINT('',(0.0474708940197198,0.0714687584525869,-0.0490265289383294));
#17318=CARTESIAN_POINT('',(0.0475072460395146,0.0715,-0.0489738198672967));
#17319=CARTESIAN_POINT('',(0.047365075765327,0.0714714590201258,-0.0489207106839374));
#17320=CARTESIAN_POINT('',(0.0473943650945975,0.071502130175306,-0.0489500000132094));
#17321=CARTESIAN_POINT('',(0.0474357864434456,0.0715238196733753,-0.04895));
#17322=CARTESIAN_POINT('',(0.0473650757595083,0.07155,-0.0489207106781187));
#17323=CARTESIAN_POINT('',(0.0473943650813896,0.07155,-0.04895));
#17324=CARTESIAN_POINT('',(0.0474357864376269,0.07155,-0.04895));
#17325=CARTESIAN_POINT('',(0.0475857864376269,0.0714,-0.049));
#17326=CARTESIAN_POINT('',(0.0474443650813896,0.0714,-0.0488585786437627));
#17327=CARTESIAN_POINT('',(0.0481221825406948,0.0714,-0.0495363961030679));
#17328=CARTESIAN_POINT('',(0.0487585786437627,0.0714,-0.0489));
#17329=CARTESIAN_POINT('',(0.0487585786437627,0.0714,-0.0498));
#17330=CARTESIAN_POINT('',(0.0440268781866244,0.0714,-0.0498));
#17331=CARTESIAN_POINT('',(0.049,0.0714,-0.0498));
#17332=CARTESIAN_POINT('',(0.049,0.0714,-0.049));
#17333=CARTESIAN_POINT('',(0.0490500983300345,0.0714,-0.0497984298073893));
#17334=CARTESIAN_POINT('',(0.0490500983300345,0.0715,-0.0497984298073893));
#17335=CARTESIAN_POINT('',(0.0490563606212887,0.0715000000000001,-0.049898233533313));
#17336=CARTESIAN_POINT('',(0.0490563606212888,0.0714,-0.049898233533313));
#17337=CARTESIAN_POINT('',(0.0491077222609418,0.0715,-0.0498143551428828));
#17338=CARTESIAN_POINT('',(0.0491122205313422,0.0714822296746274,-0.0498947284204182));
#17339=CARTESIAN_POINT('',(0.0491005018150483,0.0713999996303628,-0.0498954638470204));
#17340=CARTESIAN_POINT('',(0.0492133420870661,0.0714721466306796,-0.0498362844309927));
#17341=CARTESIAN_POINT('',(0.0492021592701497,0.0714414280676491,-0.0498809439671198));
#17342=CARTESIAN_POINT('',(0.0491834502939658,0.0713860736310841,-0.0498842603036561));
#17343=CARTESIAN_POINT('',(0.0493053872025629,0.0713399218482478,-0.0498403020241527));
#17344=CARTESIAN_POINT('',(0.049284486757389,0.0713300226212549,-0.0498543763955646));
#17345=CARTESIAN_POINT('',(0.0492599853127191,0.0713199606622769,-0.049861764701673));
#17346=CARTESIAN_POINT('',(0.0492877429660313,0.0712652703644666,-0.0498393308675205));
#17347=CARTESIAN_POINT('',(0.0492702077543297,0.0712732984384928,-0.049858867991934));
#17348=CARTESIAN_POINT('',(0.0492453698597492,0.0712826351822333,-0.0498659062489246));
#17349=CARTESIAN_POINT('',(0.0492472478285359,0.0712822467342211,-0.0498696787586621));
#17350=CARTESIAN_POINT('',(0.0492622513839121,0.07127668251637,-0.0498616369986244));
#17351=CARTESIAN_POINT('',(0.0492761330922573,0.0712709187603954,-0.0498517104850913));
#17352=CARTESIAN_POINT('',(0.0492884815757643,0.0712650925913108,-0.0498402143323452));
#17353=CARTESIAN_POINT('',(0.0490115687582093,0.0705129030338272,-0.0498361619315206));
#17354=CARTESIAN_POINT('',(0.049,0.0705295153260525,-0.0499));
#17355=CARTESIAN_POINT('',(0.0490258897710837,0.0705230593489811,-0.0499));
#17356=CARTESIAN_POINT('',(0.0490516077132593,0.0705166462198547,-0.0498887862034582));
#17357=CARTESIAN_POINT('',(0.049069636424032,0.0705121505082858,-0.049869636424032));
#17358=CARTESIAN_POINT('',(0.0488897462959865,0.0700873757201587,-0.0498));
#17359=CARTESIAN_POINT('',(0.0489445450103292,0.0700105086918034,-0.049869636424032));
#17360=CARTESIAN_POINT('',(0.0489265162995565,0.0700150044033723,-0.0498887862034582));
#17361=CARTESIAN_POINT('',(0.0489007983573809,0.0700214175324987,-0.0499));
#17362=CARTESIAN_POINT('',(0.0488749085862972,0.0700278735095701,-0.0499));
#17363=CARTESIAN_POINT('',(0.0481612017660825,0.0702123270617317,-0.0497994226585116));
#17364=CARTESIAN_POINT('',(0.0488216730865123,0.0697349725348707,-0.0498630941479002));
#17365=CARTESIAN_POINT('',(0.0488064334100747,0.0697457132942291,-0.0498860139117365));
#17366=CARTESIAN_POINT('',(0.0487826247510322,0.0697626706177492,-0.0498999454198094));
#17367=CARTESIAN_POINT('',(0.0487585775205896,0.0697798359037734,-0.0498999931147046));
#17368=CARTESIAN_POINT('',(0.0480674530805838,0.0702712076371919,-0.0491123359676474));
#17369=CARTESIAN_POINT('',(0.0485967551709788,0.0694770276593627,-0.0498247295004813));
#17370=CARTESIAN_POINT('',(0.0485789127290643,0.0694881918849686,-0.0498585753995603));
#17371=CARTESIAN_POINT('',(0.0485484368317294,0.0695175717158525,-0.0498782602434981));
#17372=CARTESIAN_POINT('',(0.0485231402194065,0.0695477626258,-0.0498721679319053));
#17373=CARTESIAN_POINT('',(0.0485967392464233,0.0694770500882838,-0.0498247137072979));
#17374=CARTESIAN_POINT('',(0.0485660792997665,0.0694960816286978,-0.0498822883165211));
#17375=CARTESIAN_POINT('',(0.0485232015356078,0.0695477607664025,-0.0498719041192199));
#17376=CARTESIAN_POINT('',(0.0484370189335197,0.0693367589692524,-0.0497860324169868));
#17377=CARTESIAN_POINT('',(0.0483877644652694,0.069345564779025,-0.0498477401808305));
#17378=CARTESIAN_POINT('',(0.0483457345212627,0.0694074696473722,-0.0498289249077901));
#17379=CARTESIAN_POINT('',(0.0482883867119574,0.0691726646836212,-0.0497026002743015));
#17380=CARTESIAN_POINT('',(0.0482252695511009,0.0691712749921078,-0.049763752114574));
#17381=CARTESIAN_POINT('',(0.0481805876084084,0.0692433753617384,-0.0497362225270188));
#17382=CARTESIAN_POINT('',(0.0481721825406948,0.0690083271686378,-0.0495863961030679));
#17383=CARTESIAN_POINT('',(0.0481014718625762,0.0690083271686378,-0.0496571067811865));
#17384=CARTESIAN_POINT('',(0.0480514718625762,0.0690790378467564,-0.0496071067811865));
#17385=CARTESIAN_POINT('',(0.0481221825406948,0.0690790378467564,-0.0495363961030679));
#17386=CARTESIAN_POINT('',(0.0484536196956741,0.0695477607664024,-0.0498678332580472));
#17387=CARTESIAN_POINT('',(0.0480784263776389,0.0690171572875254,-0.049492639940012));
#17388=CARTESIAN_POINT('',(0.0478784263776389,0.0693,-0.049292639940012));
#17389=CARTESIAN_POINT('',(0.0478784263776389,0.0689,-0.049292639940012));
#17390=CARTESIAN_POINT('',(0.0474443650813896,0.0689,-0.0488585786437627));
#17391=CARTESIAN_POINT('',(0.047309834689803,0.0689,-0.0487240482521761));
#17392=CARTESIAN_POINT('',(0.047309834689803,0.0693,-0.0487240482521761));
#17393=CARTESIAN_POINT('',(0.0470270350556435,0.0692930190374251,-0.0484412486180166));
#17394=CARTESIAN_POINT('',(0.0470357132165557,0.0685899123512552,-0.0484499267789288));
#17395=CARTESIAN_POINT('',(0.0469615331401343,0.0746,-0.0483757467025073));
#17396=CARTESIAN_POINT('',(0.04885,0.0686,-0.0474357864376269));
#17397=CARTESIAN_POINT('',(0.04885,0.0746,-0.0474357864376269));
#17398=CARTESIAN_POINT('',(0.04885,0.07155,-0.0474357864376269));
#17399=CARTESIAN_POINT('',(0.0489207106781187,0.07155,-0.0473650757595082));
#17400=CARTESIAN_POINT('',(0.04895,0.07155,-0.0473943650813896));
#17401=CARTESIAN_POINT('',(0.04895,0.07155,-0.0474357864376269));
#17402=CARTESIAN_POINT('',(0.0489207106839374,0.0714714590201258,-0.047365075765327));
#17403=CARTESIAN_POINT('',(0.0489500000132094,0.071502130175306,-0.0473943650945975));
#17404=CARTESIAN_POINT('',(0.04895,0.0715238196733753,-0.0474357864434456));
#17405=CARTESIAN_POINT('',(0.0489921702800063,0.0714000000020547,-0.0474365353613959));
#17406=CARTESIAN_POINT('',(0.0490265289383285,0.0714687584525874,-0.0474708940197191));
#17407=CARTESIAN_POINT('',(0.0489738198672955,0.0715,-0.0475072460395146));
#17408=CARTESIAN_POINT('',(0.0490707106781187,0.0714,-0.0475150757595083));
#17409=CARTESIAN_POINT('',(0.0490707106781186,0.0715,-0.0475150757595083));
#17410=CARTESIAN_POINT('',(0.049,0.0715,-0.0475857864376269));
#17411=CARTESIAN_POINT('',(0.049,0.0714,-0.0475857864376269));
#17412=CARTESIAN_POINT('',(0.0501313708498985,0.0714,-0.0487171572875254));
#17413=CARTESIAN_POINT('',(0.0495363961030679,0.0714,-0.0481221825406948));
#17414=CARTESIAN_POINT('',(0.0489,0.0714,-0.0487585786437627));
#17415=CARTESIAN_POINT('',(0.0498,0.0714,-0.0487585786437627));
#17416=CARTESIAN_POINT('',(0.0498,0.0714,-0.0548216499507995));
#17417=CARTESIAN_POINT('',(0.0498,0.0714,-0.049));
#17418=CARTESIAN_POINT('',(0.049,0.0714,-0.049));
#17419=CARTESIAN_POINT('',(0.0497984298073894,0.0714,-0.0490500983300345));
#17420=CARTESIAN_POINT('',(0.0498393308675205,0.0712652703644666,-0.0492877429660313));
#17421=CARTESIAN_POINT('',(0.049858867991934,0.0712732984384928,-0.0492702077543297));
#17422=CARTESIAN_POINT('',(0.0498659062489246,0.0712826351822333,-0.0492453698597492));
#17423=CARTESIAN_POINT('',(0.0498403049895065,0.0713400582606025,-0.0493054182535405));
#17424=CARTESIAN_POINT('',(0.0498543689442086,0.0713301248608543,-0.0492845104009875));
#17425=CARTESIAN_POINT('',(0.0498617577273088,0.0713200290361626,-0.0492600099251368));
#17426=CARTESIAN_POINT('',(0.0498363347957518,0.0714721421492135,-0.049213471270169));
#17427=CARTESIAN_POINT('',(0.0498809587217059,0.07144139331613,-0.0492022215025803));
#17428=CARTESIAN_POINT('',(0.0498842668467283,0.0713860712779539,-0.0491835455040998));
#17429=CARTESIAN_POINT('',(0.0498142283127426,0.0715000000000001,-0.0491072632643317));
#17430=CARTESIAN_POINT('',(0.0498947539074154,0.0714823588159526,-0.0491118148049012));
#17431=CARTESIAN_POINT('',(0.0498954859090731,0.071399999687451,-0.0491001502065173));
#17432=CARTESIAN_POINT('',(0.0497984298073896,0.0715000000000001,-0.0490500983300343));
#17433=CARTESIAN_POINT('',(0.0498982335333133,0.0715000000000001,-0.0490563606212885));
#17434=CARTESIAN_POINT('',(0.0498982335333133,0.0714000000000001,-0.0490563606212886));
#17435=CARTESIAN_POINT('',(0.0498402143323452,0.0712650925913109,-0.0492884815757643));
#17436=CARTESIAN_POINT('',(0.0498517104850913,0.0712709187603955,-0.0492761330922573));
#17437=CARTESIAN_POINT('',(0.0498616369986244,0.0712766825163701,-0.0492622513839121));
#17438=CARTESIAN_POINT('',(0.0498696787586621,0.0712822467342212,-0.0492472478285359));
#17439=CARTESIAN_POINT('',(0.0498361619315206,0.0705129030338272,-0.0490115687582093));
#17440=CARTESIAN_POINT('',(0.049869636424032,0.0705121505082857,-0.049069636424032));
#17441=CARTESIAN_POINT('',(0.0498887862034582,0.0705166462198546,-0.0490516077132593));
#17442=CARTESIAN_POINT('',(0.0499,0.070523059348981,-0.0490258897710837));
#17443=CARTESIAN_POINT('',(0.0499,0.0705295153260524,-0.049));
#17444=CARTESIAN_POINT('',(0.0498,0.0726216179807885,-0.0495216951021496));
#17445=CARTESIAN_POINT('',(0.0499,0.0700278735095701,-0.0488749085862973));
#17446=CARTESIAN_POINT('',(0.0499,0.0700214175324986,-0.0489007983573809));
#17447=CARTESIAN_POINT('',(0.0498887862034582,0.0700150044033723,-0.0489265162995565));
#17448=CARTESIAN_POINT('',(0.049869636424032,0.0700105086918034,-0.0489445450103293));
#17449=CARTESIAN_POINT('',(0.0497994226589628,0.0702123270612979,-0.0481612017669585));
#17450=CARTESIAN_POINT('',(0.0498999931171264,0.0697798394488495,-0.0487585786354246));
#17451=CARTESIAN_POINT('',(0.049899945768838,0.0697626730979185,-0.04878262557633));
#17452=CARTESIAN_POINT('',(0.0498860142175977,0.069745714496502,-0.0488064339699411));
#17453=CARTESIAN_POINT('',(0.0498630941516705,0.0697349725417246,-0.0488216730876773));
#17454=CARTESIAN_POINT('',(0.0491080813569822,0.0702484642927644,-0.0480978659870472));
#17455=CARTESIAN_POINT('',(0.049869815357058,0.0695477875034021,-0.0485237248152228));
#17456=CARTESIAN_POINT('',(0.0498755893905165,0.0695178646882094,-0.0485483017881055));
#17457=CARTESIAN_POINT('',(0.0498570371486718,0.0694890573113167,-0.0485781931711196));
#17458=CARTESIAN_POINT('',(0.0498244941004602,0.0694773425545283,-0.0485965364194804));
#17459=CARTESIAN_POINT('',(0.0483404415568413,0.0690892363645968,-0.0493236684556044));
#17460=CARTESIAN_POINT('',(0.0495863961030679,0.0690083271686377,-0.0481721825406949));
#17461=CARTESIAN_POINT('',(0.0496234201275526,0.0690083271686377,-0.0481351585162102));
#17462=CARTESIAN_POINT('',(0.0496332867199665,0.0690420138222717,-0.0480776518013561));
#17463=CARTESIAN_POINT('',(0.0496071067811866,0.0690790378467564,-0.0480514718625762));
#17464=CARTESIAN_POINT('',(0.0498678332580472,0.0695477607664024,-0.0484536196956741));
#17465=CARTESIAN_POINT('',(0.049492639940012,0.0690171572875254,-0.0480784263776389));
#17466=CARTESIAN_POINT('',(0.049292639940012,0.0693,-0.0478784263776389));
#17467=CARTESIAN_POINT('',(0.049292639940012,0.0689,-0.0478784263776389));
#17468=CARTESIAN_POINT('',(0.049292639940012,0.0689,-0.0478784263776389));
#17469=CARTESIAN_POINT('',(0.0487240482521761,0.0689,-0.047309834689803));
#17470=CARTESIAN_POINT('',(0.0487240482521761,0.0693,-0.047309834689803));
#17471=CARTESIAN_POINT('',(0.0484412486180166,0.0692930190374251,-0.0470270350556435));
#17472=CARTESIAN_POINT('',(0.0484412486180166,0.0692930190374251,-0.0470270350556435));
#17473=CARTESIAN_POINT('',(0.0483757467025073,0.0746,-0.0469615331401343));
#17474=CARTESIAN_POINT('',(0.0415,0.0746,-0.05001));
#17475=CARTESIAN_POINT('',(0.0417,0.0746,-0.05001));
#17476=CARTESIAN_POINT('',(0.0417,0.0746,-0.0495));
#17477=CARTESIAN_POINT('',(0.0417,0.0746,-0.042));
#17478=CARTESIAN_POINT('',(0.042,0.0746,-0.0495));
#17479=CARTESIAN_POINT('',(0.042,0.0746,-0.0498));
#17480=CARTESIAN_POINT('',(0.0415,0.0746,-0.0498));
#17481=CARTESIAN_POINT('',(0.049,0.0746,-0.0498));
#17482=CARTESIAN_POINT('',(0.049,0.0746,-0.049));
#17483=CARTESIAN_POINT('',(0.0498,0.0746,-0.049));
#17484=CARTESIAN_POINT('',(0.0498,0.0746,-0.05001));
#17485=CARTESIAN_POINT('',(0.0498,0.0746,-0.042));
#17486=CARTESIAN_POINT('',(0.0495,0.0746,-0.042));
#17487=CARTESIAN_POINT('',(0.0495,0.0746,-0.0417));
#17488=CARTESIAN_POINT('',(0.0415,0.0746,-0.0417));
#17489=CARTESIAN_POINT('',(0.042,0.0746,-0.0417));
#17490=CARTESIAN_POINT('',(0.042,0.0746,-0.042));
#17491=CARTESIAN_POINT('',(0.0415,0.0921,-0.05001));
#17492=CARTESIAN_POINT('',(0.0461715728752538,0.0921,-0.0477272077938642));
#17493=CARTESIAN_POINT('',(0.0453937554159486,0.0921,-0.0485050252531694));
#17494=CARTESIAN_POINT('',(0.0451059348446489,0.0921,-0.048));
#17495=CARTESIAN_POINT('',(0.0465,0.0921,-0.048));
#17496=CARTESIAN_POINT('',(0.0425,0.0921,-0.048));
#17497=CARTESIAN_POINT('',(0.0425,0.0921,-0.05));
#17498=CARTESIAN_POINT('',(0.0425,0.0921,-0.049));
#17499=CARTESIAN_POINT('',(0.05,0.0921,-0.049));
#17500=CARTESIAN_POINT('',(0.0458887301627792,0.0921,-0.049));
#17501=CARTESIAN_POINT('',(0.0441993650813896,0.0921,-0.0473106349186104));
#17502=CARTESIAN_POINT('',(0.0490414213562373,0.0921,-0.0472029437251523));
#17503=CARTESIAN_POINT('',(0.0478686291501015,0.0921,-0.0460301515190165));
#17504=CARTESIAN_POINT('',(0.0490414213562373,0.0921,-0.0472029437251523));
#17505=CARTESIAN_POINT('',(0.0477272077938642,0.0921,-0.0461715728752538));
#17506=CARTESIAN_POINT('',(0.0475857864376269,0.0921,-0.0460301515190165));
#17507=CARTESIAN_POINT('',(0.0468029689783217,0.0921,-0.0468129689783217));
#17508=CARTESIAN_POINT('',(0.0460301515190165,0.0921,-0.0475857864376269));
#17509=CARTESIAN_POINT('',(0.0461715728752538,0.0921,-0.0477272077938642));
#17510=CARTESIAN_POINT('',(0.0460301515190165,0.0921,-0.0478686291501015));
#17511=CARTESIAN_POINT('',(0.0460301515190165,0.0921,-0.0478686291501015));
#17512=CARTESIAN_POINT('',(0.0472029437251523,0.0921,-0.0490414213562373));
#17513=CARTESIAN_POINT('',(0.0473443650813896,0.0921,-0.0489));
#17514=CARTESIAN_POINT('',(0.0473443650813896,0.0921,-0.0491));
#17515=CARTESIAN_POINT('',(0.0473443650813896,0.0921,-0.0491));
#17516=CARTESIAN_POINT('',(0.0488,0.0921,-0.0491));
#17517=CARTESIAN_POINT('',(0.0488,0.0921,-0.0488));
#17518=CARTESIAN_POINT('',(0.0491,0.0921,-0.0488));
#17519=CARTESIAN_POINT('',(0.0491,0.0921,-0.0488));
#17520=CARTESIAN_POINT('',(0.0491,0.0921,-0.0473443650813896));
#17521=CARTESIAN_POINT('',(0.0489,0.0921,-0.0473443650813896));
#17522=CARTESIAN_POINT('',(0.0465,0.0921,-0.047));
#17523=CARTESIAN_POINT('',(0.042,0.0921,-0.047));
#17524=CARTESIAN_POINT('',(0.0465,0.0921,-0.047));
#17525=CARTESIAN_POINT('',(0.0465,0.0921,0.047));
#17526=CARTESIAN_POINT('',(0.0465,0.0921,-0.042));
#17527=CARTESIAN_POINT('',(0.0465,0.0921,-0.042));
#17528=CARTESIAN_POINT('',(0.0495,0.0921,-0.042));
#17529=CARTESIAN_POINT('',(0.0495,0.0921,-0.05001));
#17530=CARTESIAN_POINT('',(0.0495,0.0921,-0.049));
#17531=CARTESIAN_POINT('',(0.049,0.0921,-0.049));
#17532=CARTESIAN_POINT('',(0.049,0.0921,-0.0495));
#17533=CARTESIAN_POINT('',(0.05,0.0921,-0.0495));
#17534=CARTESIAN_POINT('',(0.042,0.0921,-0.0495));
#17535=CARTESIAN_POINT('',(0.042,0.0921,-0.0495));
#17536=CARTESIAN_POINT('',(0.0477272077938642,0.0921,-0.0461715728752538));
#17537=CARTESIAN_POINT('',(0.0475,0.0921,-0.0450952938136683));
#17538=CARTESIAN_POINT('',(0.0485050252531694,0.0921,-0.0453937554159486));
#17539=CARTESIAN_POINT('',(0.0484343145750508,0.0921,-0.04532304473783));
#17540=CARTESIAN_POINT('',(0.049,0.0921,-0.0458887301627792));
#17541=CARTESIAN_POINT('',(0.049,0.0921,-0.05));
#17542=CARTESIAN_POINT('',(0.049,0.0921,-0.0425));
#17543=CARTESIAN_POINT('',(0.05,0.0921,-0.0425));
#17544=CARTESIAN_POINT('',(0.0475,0.0921,-0.0425));
#17545=CARTESIAN_POINT('',(0.0475,0.0921,0.047));
#17546=CARTESIAN_POINT('',(0.,0.09,0.));
#17547=CARTESIAN_POINT('',(0.0461715728752538,0.09,-0.0477272077938642));
#17548=CARTESIAN_POINT('',(0.0453462433504317,0.09,-0.047));
#17549=CARTESIAN_POINT('',(0.0453937554159486,0.09,-0.046949390334559));
#17550=CARTESIAN_POINT('',(0.0461715728752538,0.09,-0.0461715728752538));
#17551=CARTESIAN_POINT('',(0.0465,0.09,-0.0458431457505076));
#17552=CARTESIAN_POINT('',(0.0465,0.09,0.047));
#17553=CARTESIAN_POINT('',(0.0465,0.09,-0.047));
#17554=CARTESIAN_POINT('',(0.0465,0.09,-0.047));
#17555=CARTESIAN_POINT('',(0.05,0.1135,-0.0415));
#17556=CARTESIAN_POINT('',(0.0495,0.0916,-0.0415));
#17557=CARTESIAN_POINT('',(0.0465,0.0916,-0.0415));
#17558=CARTESIAN_POINT('',(0.0465,0.1135,-0.0415));
#17559=CARTESIAN_POINT('',(0.0465,0.09,-0.0415));
#17560=CARTESIAN_POINT('',(0.05,0.09,-0.0415));
#17561=CARTESIAN_POINT('',(0.042,0.09,-0.0415));
#17562=CARTESIAN_POINT('',(0.042,0.1135,-0.0415));
#17563=CARTESIAN_POINT('',(0.042,0.0748,-0.0415));
#17564=CARTESIAN_POINT('',(0.05,0.0748,-0.0415));
#17565=CARTESIAN_POINT('',(0.0495,0.0748,-0.0415));
#17566=CARTESIAN_POINT('',(0.0495,0.1135,-0.0415));
#17567=CARTESIAN_POINT('',(0.0415,0.1135,-0.05));
#17568=CARTESIAN_POINT('',(0.0415,0.0748,-0.05));
#17569=CARTESIAN_POINT('',(0.0415,0.0748,-0.042));
#17570=CARTESIAN_POINT('',(0.0415,0.1135,-0.042));
#17571=CARTESIAN_POINT('',(0.0415,0.09,-0.042));
#17572=CARTESIAN_POINT('',(0.0415,0.09,-0.05));
#17573=CARTESIAN_POINT('',(0.0415,0.09,-0.047));
#17574=CARTESIAN_POINT('',(0.0415,0.1135,-0.047));
#17575=CARTESIAN_POINT('',(0.0415,0.0916,-0.047));
#17576=CARTESIAN_POINT('',(0.0415,0.0916,-0.047));
#17577=CARTESIAN_POINT('',(0.0415,0.0916,-0.0495));
#17578=CARTESIAN_POINT('',(0.0415,0.1135,-0.0495));
#17579=CARTESIAN_POINT('',(0.049,0.1135,-0.049));
#17580=CARTESIAN_POINT('',(0.049,0.0892,-0.049));
#17581=CARTESIAN_POINT('',(0.049,0.0916,-0.049));
#17582=CARTESIAN_POINT('',(0.049,0.1135,-0.049));
#17583=CARTESIAN_POINT('',(0.049,0.086,-0.049));
#17584=CARTESIAN_POINT('',(0.049,0.0748,-0.049));
#17585=CARTESIAN_POINT('',(0.,0.09,0.));
#17586=CARTESIAN_POINT('',(0.0465,0.09,0.047));
#17587=CARTESIAN_POINT('',(0.0465,0.09,-0.0425));
#17588=CARTESIAN_POINT('',(0.05,0.09,-0.0425));
#17589=CARTESIAN_POINT('',(0.0425,0.09,-0.0425));
#17590=CARTESIAN_POINT('',(0.0425,0.09,-0.05));
#17591=CARTESIAN_POINT('',(0.0425,0.09,-0.047));
#17592=CARTESIAN_POINT('',(0.0465,0.09,-0.047));
#17593=CARTESIAN_POINT('',(0.042,0.09,-0.042));
#17594=CARTESIAN_POINT('',(0.0465,0.0921,0.047));
#17595=CARTESIAN_POINT('',(0.0465,0.0921,-0.047));
#17596=CARTESIAN_POINT('',(0.0465,0.09,0.047));
#17597=CARTESIAN_POINT('',(0.0465,0.0916,-0.042));
#17598=CARTESIAN_POINT('',(0.0465,0.0921,-0.047));
#17599=CARTESIAN_POINT('',(0.0465,0.09,-0.047));
#17600=CARTESIAN_POINT('',(0.042,0.0916,-0.047));
#17601=CARTESIAN_POINT('',(0.0483443650813896,0.086,-0.05));
#17602=CARTESIAN_POINT('',(0.0483443650813896,0.0861,-0.05));
#17603=CARTESIAN_POINT('',(0.0483443650813896,0.0861,-0.0499));
#17604=CARTESIAN_POINT('',(0.0482703167238882,0.0860000000005791,-0.05));
#17605=CARTESIAN_POINT('',(0.0482831638039201,0.0861204006405822,-0.0499999999999983));
#17606=CARTESIAN_POINT('',(0.0482888288132634,0.0861,-0.0498814879106245));
#17607=CARTESIAN_POINT('',(0.0481228106152207,0.0860433374441798,-0.05));
#17608=CARTESIAN_POINT('',(0.048195872241942,0.0862378259228405,-0.0500000000000016));
#17609=CARTESIAN_POINT('',(0.0481781992320523,0.0861216687222347,-0.0498446113831687));
#17610=CARTESIAN_POINT('',(0.0480615223712288,0.0861476396861121,-0.05));
#17611=CARTESIAN_POINT('',(0.0483029436551304,0.0862370286081331,-0.0499999999999987));
#17612=CARTESIAN_POINT('',(0.0481322330481904,0.0861738198430561,-0.0498292893230382));
#17613=CARTESIAN_POINT('',(0.048061522368915,0.0862,-0.05));
#17614=CARTESIAN_POINT('',(0.0483029437251523,0.0862,-0.05));
#17615=CARTESIAN_POINT('',(0.0481322330470336,0.0862,-0.0498292893218813));
#17616=CARTESIAN_POINT('',(0.0483443650813896,0.086,-0.0499));
#17617=CARTESIAN_POINT('',(0.0483443650813896,0.0861,-0.0499));
#17618=CARTESIAN_POINT('',(0.048061522368915,0.0862,-0.0499));
#17619=CARTESIAN_POINT('',(0.0481322330470337,0.0862,-0.0498292893218814));
#17620=CARTESIAN_POINT('',(0.0483443650813896,0.0862,-0.0499));
#17621=CARTESIAN_POINT('',(0.05,0.086,-0.0499));
#17622=CARTESIAN_POINT('',(0.049,0.086,-0.0499));
#17623=CARTESIAN_POINT('',(0.049,0.0861,-0.0499));
#17624=CARTESIAN_POINT('',(0.0488,0.0861,-0.0499));
#17625=CARTESIAN_POINT('',(0.049,0.086,-0.049));
#17626=CARTESIAN_POINT('',(0.0499,0.086,-0.049));
#17627=CARTESIAN_POINT('',(0.0499,0.0861,-0.049));
#17628=CARTESIAN_POINT('',(0.049,0.0861,-0.049));
#17629=CARTESIAN_POINT('',(0.0499,0.086,-0.05));
#17630=CARTESIAN_POINT('',(0.0499,0.0861,-0.0488));
#17631=CARTESIAN_POINT('',(0.0499,0.0861,-0.0483443650813896));
#17632=CARTESIAN_POINT('',(0.0499,0.086,-0.0483443650813896));
#17633=CARTESIAN_POINT('',(0.05,0.0862,-0.048061522368915));
#17634=CARTESIAN_POINT('',(0.05,0.0862,-0.0483029437251523));
#17635=CARTESIAN_POINT('',(0.0498292893218813,0.0862,-0.0481322330470336));
#17636=CARTESIAN_POINT('',(0.05,0.0861476396861121,-0.0480615223712288));
#17637=CARTESIAN_POINT('',(0.0499999999999987,0.0862370286081331,-0.0483029436551304));
#17638=CARTESIAN_POINT('',(0.0498292893230382,0.0861738198430561,-0.0481322330481904));
#17639=CARTESIAN_POINT('',(0.05,0.0860433374441798,-0.0481228106152207));
#17640=CARTESIAN_POINT('',(0.0500000000000016,0.0862378259228405,-0.048195872241942));
#17641=CARTESIAN_POINT('',(0.0498446113831687,0.0861216687222347,-0.0481781992320523));
#17642=CARTESIAN_POINT('',(0.05,0.086000000000579,-0.0482703167238882));
#17643=CARTESIAN_POINT('',(0.0499999999999983,0.0861204006405822,-0.0482831638039201));
#17644=CARTESIAN_POINT('',(0.0498814879106245,0.0861,-0.0482888288132634));
#17645=CARTESIAN_POINT('',(0.05,0.086,-0.0483443650813896));
#17646=CARTESIAN_POINT('',(0.05,0.0861,-0.0483443650813896));
#17647=CARTESIAN_POINT('',(0.0499,0.0861,-0.0483443650813896));
#17648=CARTESIAN_POINT('',(0.0499,0.0862,-0.0483443650813896));
#17649=CARTESIAN_POINT('',(0.0498292893218814,0.0862,-0.0481322330470337));
#17650=CARTESIAN_POINT('',(0.0499,0.0862,-0.048061522368915));
#17651=CARTESIAN_POINT('',(0.0472855642219063,0.0890903841333297,-0.0490866233266614));
#17652=CARTESIAN_POINT('',(0.0473943650813896,0.0890707106781187,-0.04905));
#17653=CARTESIAN_POINT('',(0.0473676347314935,0.0890581098703353,-0.049041089883368));
#17654=CARTESIAN_POINT('',(0.0473225008366736,0.0890345396442957,-0.0490195571115213));
#17655=CARTESIAN_POINT('',(0.047273654403271,0.089,-0.0489707106781187));
#17656=CARTESIAN_POINT('',(0.047273654403271,0.089,-0.0489707106781187));
#17657=CARTESIAN_POINT('',(0.0473943650813896,0.0890707106781187,-0.04905));
#17658=CARTESIAN_POINT('',(0.0473943989943908,0.0890706635020351,-0.0490499645507987));
#17659=CARTESIAN_POINT('',(0.0473838245849803,0.0890856081520209,-0.0490199599250772));
#17660=CARTESIAN_POINT('',(0.0473646489754651,0.0891127265590641,-0.049000784315562));
#17661=CARTESIAN_POINT('',(0.0473443664039622,0.0891414202699798,-0.0489999319603701));
#17662=CARTESIAN_POINT('',(0.0473443650813896,0.0891414213562373,-0.049));
#17663=CARTESIAN_POINT('',(0.0472736544032709,0.089,-0.0489707106781187));
#17664=CARTESIAN_POINT('',(0.0472980776199722,0.0890690792885915,-0.0489951338948199));
#17665=CARTESIAN_POINT('',(0.0473265448481255,0.0891162197406706,-0.049));
#17666=CARTESIAN_POINT('',(0.0473443650813896,0.0891414213562373,-0.049));
#17667=CARTESIAN_POINT('',(0.0488,0.0861,-0.049));
#17668=CARTESIAN_POINT('',(0.0473443650813896,0.0921,-0.049));
#17669=CARTESIAN_POINT('',(0.0473443650813896,0.092,-0.049));
#17670=CARTESIAN_POINT('',(0.0475443650813896,0.089,-0.049));
#17671=CARTESIAN_POINT('',(0.0475443650813896,0.0892,-0.049));
#17672=CARTESIAN_POINT('',(0.0488,0.0892,-0.049));
#17673=CARTESIAN_POINT('',(0.0488,0.0892,-0.049));
#17674=CARTESIAN_POINT('',(0.0488,0.0861,-0.049));
#17675=CARTESIAN_POINT('',(0.0488,0.092,-0.049));
#17676=CARTESIAN_POINT('',(0.0488,0.092,-0.049));
#17677=CARTESIAN_POINT('',(0.0488,0.0861,-0.0488));
#17678=CARTESIAN_POINT('',(0.0488,0.0892,-0.0488));
#17679=CARTESIAN_POINT('',(0.049,0.0892,-0.0488));
#17680=CARTESIAN_POINT('',(0.049,0.0861,-0.0488));
#17681=CARTESIAN_POINT('',(0.049,0.092,-0.0488));
#17682=CARTESIAN_POINT('',(0.0488,0.092,-0.0488));
#17683=CARTESIAN_POINT('',(0.0491,0.092,-0.05001));
#17684=CARTESIAN_POINT('',(0.0491,0.092,-0.0473443650813896));
#17685=CARTESIAN_POINT('',(0.049,0.092,-0.0473443650813896));
#17686=CARTESIAN_POINT('',(0.0491,0.092,-0.0488));
#17687=CARTESIAN_POINT('',(0.049,0.092,-0.0473443650813896));
#17688=CARTESIAN_POINT('',(0.0489,0.092,-0.0473443650813896));
#17689=CARTESIAN_POINT('',(0.0490414213562373,0.092,-0.0472029437251523));
#17690=CARTESIAN_POINT('',(0.0489707106781187,0.092,-0.047273654403271));
#17691=CARTESIAN_POINT('',(0.0489,0.092,-0.0473443650813896));
#17692=CARTESIAN_POINT('',(0.0509242388155425,0.092,-0.0490857611844575));
#17693=CARTESIAN_POINT('',(0.0478686291501015,0.092,-0.0460301515190165));
#17694=CARTESIAN_POINT('',(0.0477979184719829,0.092,-0.0461008621971352));
#17695=CARTESIAN_POINT('',(0.0477979184719829,0.092,-0.0461008621971352));
#17696=CARTESIAN_POINT('',(0.0477272077938642,0.092,-0.0461715728752538));
#17697=CARTESIAN_POINT('',(0.0477272077938642,0.092,-0.0461715728752538));
#17698=CARTESIAN_POINT('',(0.0476564971157456,0.092,-0.0461008621971352));
#17699=CARTESIAN_POINT('',(0.0475857864376269,0.092,-0.0460301515190165));
#17700=CARTESIAN_POINT('',(0.0477272077938642,0.0861,-0.0460301515190165));
#17701=CARTESIAN_POINT('',(0.0476564971157456,0.0861,-0.0461008621971352));
#17702=CARTESIAN_POINT('',(0.0476564971157456,0.0862,-0.0461008621971352));
#17703=CARTESIAN_POINT('',(0.0477272077938642,0.0862,-0.0460301515190165));
#17704=CARTESIAN_POINT('',(0.0461008621971352,0.0862,-0.0476564971157456));
#17705=CARTESIAN_POINT('',(0.0461008621971352,0.0861,-0.0476564971157456));
#17706=CARTESIAN_POINT('',(0.0461008621971352,0.092,-0.0476564971157456));
#17707=CARTESIAN_POINT('',(0.0477272077938642,0.092,-0.0460301515190165));
#17708=CARTESIAN_POINT('',(0.0461715728752538,0.092,-0.0477272077938642));
#17709=CARTESIAN_POINT('',(0.0460301515190165,0.092,-0.0475857864376269));
#17710=CARTESIAN_POINT('',(0.0461715728752538,0.092,-0.0477272077938642));
#17711=CARTESIAN_POINT('',(0.0461008621971352,0.092,-0.0477979184719829));
#17712=CARTESIAN_POINT('',(0.0460301515190165,0.092,-0.0478686291501015));
#17713=CARTESIAN_POINT('',(0.0476564971157456,0.092,-0.0459594408408979));
#17714=CARTESIAN_POINT('',(0.0477272077938642,0.0861,-0.0461715728752538));
#17715=CARTESIAN_POINT('',(0.0477979184719829,0.0861,-0.0461008621971352));
#17716=CARTESIAN_POINT('',(0.0477979184719829,0.0862,-0.0461008621971352));
#17717=CARTESIAN_POINT('',(0.0477272077938642,0.0862,-0.0461715728752538));
#17718=CARTESIAN_POINT('',(0.0477272077938642,0.0862,-0.0461715728752538));
#17719=CARTESIAN_POINT('',(0.0477272077938642,0.0862,-0.0461715728752538));
#17720=CARTESIAN_POINT('',(0.0477272077938642,0.0861,-0.0461715728752538));
#17721=CARTESIAN_POINT('',(0.0477272077938642,0.0862,-0.0461715728752538));
#17722=CARTESIAN_POINT('',(0.0476564971157456,0.0862,-0.0461008621971352));
#17723=CARTESIAN_POINT('',(0.0495778174593052,0.0861,-0.0480221825406948));
#17724=CARTESIAN_POINT('',(0.0477272077938642,0.0862,-0.0460301515190165));
#17725=CARTESIAN_POINT('',(0.0499,0.0861,-0.048061522368915));
#17726=CARTESIAN_POINT('',(0.0498292893218814,0.089,-0.0481322330470337));
#17727=CARTESIAN_POINT('',(0.0498292893218814,0.089,-0.0481322330470337));
#17728=CARTESIAN_POINT('',(0.0499,0.089,-0.048061522368915));
#17729=CARTESIAN_POINT('',(0.05,0.0892,-0.0483443650813896));
#17730=CARTESIAN_POINT('',(0.05,0.0891,-0.0483443650813896));
#17731=CARTESIAN_POINT('',(0.0499,0.0891,-0.0483443650813896));
#17732=CARTESIAN_POINT('',(0.05,0.089199999999421,-0.0482703167238882));
#17733=CARTESIAN_POINT('',(0.049999999999999,0.0890795993594172,-0.0482831638039195));
#17734=CARTESIAN_POINT('',(0.0498814879106245,0.0891,-0.0482888288132634));
#17735=CARTESIAN_POINT('',(0.05,0.0891566625558202,-0.0481228106152207));
#17736=CARTESIAN_POINT('',(0.0500000000000008,0.0889621740771539,-0.0481958722419427));
#17737=CARTESIAN_POINT('',(0.0498446113831687,0.0890783312777653,-0.0481781992320523));
#17738=CARTESIAN_POINT('',(0.05,0.0890523603138879,-0.0480615223712288));
#17739=CARTESIAN_POINT('',(0.0499999999999997,0.0889629713918837,-0.0483029436551307));
#17740=CARTESIAN_POINT('',(0.0498292893230382,0.0890261801569439,-0.0481322330481904));
#17741=CARTESIAN_POINT('',(0.05,0.089,-0.048061522368915));
#17742=CARTESIAN_POINT('',(0.05,0.0889999999999999,-0.0483029437251523));
#17743=CARTESIAN_POINT('',(0.0498292893218813,0.089,-0.0481322330470336));
#17744=CARTESIAN_POINT('',(0.0499,0.089,-0.0483443650813896));
#17745=CARTESIAN_POINT('',(0.0499,0.0891,-0.0483443650813896));
#17746=CARTESIAN_POINT('',(0.0499,0.0892,-0.0483443650813896));
#17747=CARTESIAN_POINT('',(0.0499,0.0892,9.00340792280726E-18));
#17748=CARTESIAN_POINT('',(0.0499,0.0891,-0.049));
#17749=CARTESIAN_POINT('',(0.0499,0.0891,-0.049));
#17750=CARTESIAN_POINT('',(0.0499,0.0892,-0.049));
#17751=CARTESIAN_POINT('',(0.049,0.0892,-0.049));
#17752=CARTESIAN_POINT('',(0.049,0.0891,-0.049));
#17753=CARTESIAN_POINT('',(0.049,0.0891,-0.0499));
#17754=CARTESIAN_POINT('',(0.049,0.0892,-0.0499));
#17755=CARTESIAN_POINT('',(-1.14524293006569E-17,0.0892,-0.0499));
#17756=CARTESIAN_POINT('',(0.0484443650813896,0.0891,-0.0499));
#17757=CARTESIAN_POINT('',(0.0483443650813896,0.0891,-0.0499));
#17758=CARTESIAN_POINT('',(0.0483443650813896,0.0892,-0.0499));
#17759=CARTESIAN_POINT('',(0.048061522368915,0.089,-0.05));
#17760=CARTESIAN_POINT('',(0.0483029437251523,0.0889999999999999,-0.05));
#17761=CARTESIAN_POINT('',(0.0481322330470336,0.089,-0.0498292893218813));
#17762=CARTESIAN_POINT('',(0.0480615223712288,0.0890523603138879,-0.05));
#17763=CARTESIAN_POINT('',(0.0483029436551307,0.0889629713918837,-0.0499999999999997));
#17764=CARTESIAN_POINT('',(0.0481322330481904,0.0890261801569439,-0.0498292893230382));
#17765=CARTESIAN_POINT('',(0.0481228106152207,0.0891566625558202,-0.05));
#17766=CARTESIAN_POINT('',(0.0481958722419427,0.0889621740771539,-0.0500000000000008));
#17767=CARTESIAN_POINT('',(0.0481781992320523,0.0890783312777653,-0.0498446113831687));
#17768=CARTESIAN_POINT('',(0.0482703167238882,0.089199999999421,-0.05));
#17769=CARTESIAN_POINT('',(0.0482831638039195,0.0890795993594172,-0.049999999999999));
#17770=CARTESIAN_POINT('',(0.0482888288132634,0.0891,-0.0498814879106245));
#17771=CARTESIAN_POINT('',(0.0483443650813896,0.0892,-0.05));
#17772=CARTESIAN_POINT('',(0.0483443650813896,0.0891,-0.05));
#17773=CARTESIAN_POINT('',(0.0483443650813896,0.0891,-0.0499));
#17774=CARTESIAN_POINT('',(0.048061522368915,0.089,-0.0499));
#17775=CARTESIAN_POINT('',(0.0481322330470337,0.089,-0.0498292893218814));
#17776=CARTESIAN_POINT('',(0.0483443650813896,0.089,-0.0499));
#17777=CARTESIAN_POINT('',(0.048061522368915,0.0861,-0.0499));
#17778=CARTESIAN_POINT('',(0.0481322330470337,0.0862,-0.0498292893218814));
#17779=CARTESIAN_POINT('',(0.047373654403271,0.0862,-0.0489292893218814));
#17780=CARTESIAN_POINT('',(0.0473029437251523,0.0862,-0.049));
#17781=CARTESIAN_POINT('',(0.0461008621971352,0.0862,-0.0477979184719829));
#17782=CARTESIAN_POINT('',(0.0461715728752538,0.0862,-0.0477272077938642));
#17783=CARTESIAN_POINT('',(0.0461715728752538,0.0861,-0.0477272077938642));
#17784=CARTESIAN_POINT('',(0.0480221825406948,0.0861,-0.0495778174593052));
#17785=CARTESIAN_POINT('',(0.0461715728752538,0.0862,-0.0477272077938642));
#17786=CARTESIAN_POINT('',(0.0461715728752538,0.0862,-0.0477272077938642));
#17787=CARTESIAN_POINT('',(0.0461715728752538,0.0862,-0.0477272077938642));
#17788=CARTESIAN_POINT('',(0.0488,0.0861,-0.0488));
#17789=CARTESIAN_POINT('',(0.0461008621971352,0.0861,-0.0477979184719829));
#17790=CARTESIAN_POINT('',(0.046949390334559,0.0862,-0.046949390334559));
#17791=CARTESIAN_POINT('',(0.0461715728752538,0.0861,-0.0477272077938642));
#17792=CARTESIAN_POINT('',(0.0461008621971352,0.0861,-0.0477979184719829));
#17793=CARTESIAN_POINT('',(0.0490857611844575,0.092,-0.0509242388155425));
#17794=CARTESIAN_POINT('',(0.047273654403271,0.092,-0.0489707106781187));
#17795=CARTESIAN_POINT('',(0.047273654403271,0.092,-0.0489707106781187));
#17796=CARTESIAN_POINT('',(0.0472029437251523,0.092,-0.0490414213562373));
#17797=CARTESIAN_POINT('',(0.0473443650813896,0.092,-0.0489));
#17798=CARTESIAN_POINT('',(0.0473443650813896,0.092,-0.0491));
#17799=CARTESIAN_POINT('',(0.0473443650813896,0.092,-0.0489));
#17800=CARTESIAN_POINT('',(0.05,0.092,-0.0491));
#17801=CARTESIAN_POINT('',(0.0488,0.092,-0.0491));
#17802=CARTESIAN_POINT('',(0.0488,0.092,-0.0488));
#17803=CARTESIAN_POINT('',(0.049,0.0861,-0.0473029437251523));
#17804=CARTESIAN_POINT('',(0.049,0.0892,-0.0473029437251523));
#17805=CARTESIAN_POINT('',(0.049,0.0892,-0.0475443650813896));
#17806=CARTESIAN_POINT('',(0.049,0.0892,-0.0475443650813896));
#17807=CARTESIAN_POINT('',(0.049,0.0892,-0.0474664788906306));
#17808=CARTESIAN_POINT('',(0.049,0.0891805829661589,-0.0473999669349546));
#17809=CARTESIAN_POINT('',(0.049,0.0891417488984768,-0.0473448292143616));
#17810=CARTESIAN_POINT('',(0.048996716214251,0.0891412957459759,-0.0473451483743614));
#17811=CARTESIAN_POINT('',(0.049,0.0891,-0.0473443650813896));
#17812=CARTESIAN_POINT('',(0.0491012663439984,0.0891049388665822,-0.0475715277703671));
#17813=CARTESIAN_POINT('',(0.0490342236230393,0.0891041798304273,-0.0475717440999369));
#17814=CARTESIAN_POINT('',(0.0489881515654439,0.0891510249221747,-0.0475583929855233));
#17815=CARTESIAN_POINT('',(0.0489926692528282,0.0892153580873614,-0.047540057671898));
#17816=CARTESIAN_POINT('',(0.0491005893057663,0.0890970593579441,-0.0475018113286269));
#17817=CARTESIAN_POINT('',(0.0490407333333733,0.0890967061329251,-0.0475019119997425));
#17818=CARTESIAN_POINT('',(0.0489998478521421,0.0891387497468043,-0.0474899293335052));
#17819=CARTESIAN_POINT('',(0.0490042175662662,0.0891961609481026,-0.0474735668184889));
#17820=CARTESIAN_POINT('',(0.0491003730299341,0.0890813046142893,-0.0474330937369061));
#17821=CARTESIAN_POINT('',(0.0490428128215813,0.0890810810232214,-0.047433157461617));
#17822=CARTESIAN_POINT('',(0.0490035841612891,0.0891215908335833,-0.047421611938002));
#17823=CARTESIAN_POINT('',(0.0490079066062363,0.0891767908547302,-0.0474058796217555));
#17824=CARTESIAN_POINT('',(0.0491012554356162,0.0890480388142123,-0.0473712045789966));
#17825=CARTESIAN_POINT('',(0.0490343285069373,0.0890472863164519,-0.0473714190450873));
#17826=CARTESIAN_POINT('',(0.0489883400150184,0.0890940540471971,-0.0473580899789941));
#17827=CARTESIAN_POINT('',(0.0489928553182701,0.0891582756862915,-0.0473397864509318));
#17828=CARTESIAN_POINT('',(0.0491,0.0891,-0.0475443650813896));
#17829=CARTESIAN_POINT('',(0.0490476401224402,0.0891,-0.0475443650813896));
#17830=CARTESIAN_POINT('',(0.049,0.0891476401224402,-0.0475443650813896));
#17831=CARTESIAN_POINT('',(0.049,0.0892,-0.0475443650813896));
#17832=CARTESIAN_POINT('',(0.0491,0.0891,-0.0475443650813896));
#17833=CARTESIAN_POINT('',(0.04905,0.0890707106781187,-0.0473943650813897));
#17834=CARTESIAN_POINT('',(0.0490702433639434,0.089089222690361,-0.0474407883841129));
#17835=CARTESIAN_POINT('',(0.049085178678909,0.0891,-0.047492519735814));
#17836=CARTESIAN_POINT('',(0.0491,0.0891,-0.0475443650813896));
#17837=CARTESIAN_POINT('',(0.0490481224245826,0.0890729777250771,-0.0473928976660063));
#17838=CARTESIAN_POINT('',(0.048992066352592,0.0891406270374758,-0.0473465295894099));
#17839=CARTESIAN_POINT('',(0.0490084589929385,0.0891173781416504,-0.0473628621685521));
#17840=CARTESIAN_POINT('',(0.0490248515990097,0.0890941292322045,-0.0473791947627073));
#17841=CARTESIAN_POINT('',(0.049041244170809,0.0890708803091604,-0.0473955273719038));
#17842=CARTESIAN_POINT('',(0.0487551777180193,0.0890228707654737,-0.0474690388835184));
#17843=CARTESIAN_POINT('',(0.0490429770553202,0.0890676786355729,-0.0473965857747286));
#17844=CARTESIAN_POINT('',(0.0490296746288072,0.0890480870862473,-0.0473490196650289));
#17845=CARTESIAN_POINT('',(0.0490048025973145,0.0890239674019095,-0.0473066194103647));
#17846=CARTESIAN_POINT('',(0.0489705279274639,0.0890000038930319,-0.0472738426595041));
#17847=CARTESIAN_POINT('',(0.0489707106781187,0.089,-0.047273654403271));
#17848=CARTESIAN_POINT('',(0.0489705279274639,0.0890000038930319,-0.0472738426595041));
#17849=CARTESIAN_POINT('',(0.0489883603276769,0.0890477738485317,-0.0472901656932847));
#17850=CARTESIAN_POINT('',(0.0489966420281774,0.0890957014307049,-0.0473162623445489));
#17851=CARTESIAN_POINT('',(0.0489931674381078,0.0891389969562992,-0.0473475645691498));
#17852=CARTESIAN_POINT('',(0.0489,0.0861,-0.0473443650813896));
#17853=CARTESIAN_POINT('',(0.0489707106781187,0.0921,-0.047273654403271));
#17854=CARTESIAN_POINT('',(0.0477272077938642,0.0861,-0.0460301515190165));
#17855=CARTESIAN_POINT('',(0.049,0.089,-0.0473029437251523));
#17856=CARTESIAN_POINT('',(0.0476564971157456,0.089,-0.0461008621971352));
#17857=CARTESIAN_POINT('',(0.0499292893218814,0.0891,-0.048373654403271));
#17858=CARTESIAN_POINT('',(0.0491,0.0892,-0.0473029437251523));
#17859=CARTESIAN_POINT('',(0.0491,0.0892,-0.0488));
#17860=CARTESIAN_POINT('',(0.0491,0.0891,-0.0488));
#17861=CARTESIAN_POINT('',(0.0491,0.0891,2.36527579938674E-16));
#17862=CARTESIAN_POINT('',(0.0488,0.0892,-0.0488));
#17863=CARTESIAN_POINT('',(0.0488,0.0892,-0.0491));
#17864=CARTESIAN_POINT('',(0.0488,0.0891,-0.0491));
#17865=CARTESIAN_POINT('',(0.0488,0.0891,-0.0488));
#17866=CARTESIAN_POINT('',(0.0488,0.0892,-0.0491));
#17867=CARTESIAN_POINT('',(0.0475443650813896,0.0892,-0.0491));
#17868=CARTESIAN_POINT('',(0.0475443650813896,0.0891,-0.0491));
#17869=CARTESIAN_POINT('',(-2.38976601316523E-16,0.0891,-0.0491));
#17870=CARTESIAN_POINT('',(0.0473943650813896,0.0890707106781187,-0.04905));
#17871=CARTESIAN_POINT('',(0.0473776984147229,0.0890942809041582,-0.049));
#17872=CARTESIAN_POINT('',(0.0473443650813896,0.0891414213562373,-0.049));
#17873=CARTESIAN_POINT('',(0.04743363520817,0.0890892227932051,-0.049063090042557));
#17874=CARTESIAN_POINT('',(0.0474263646116972,0.0891157884266078,-0.0490000000000007));
#17875=CARTESIAN_POINT('',(0.0473967252507269,0.0891784455857806,-0.049));
#17876=CARTESIAN_POINT('',(0.0474888288132634,0.0891,-0.0490814879106245));
#17877=CARTESIAN_POINT('',(0.0474935335872958,0.0891169440059879,-0.0489999999999993));
#17878=CARTESIAN_POINT('',(0.0474703167238882,0.089199999999421,-0.049));
#17879=CARTESIAN_POINT('',(0.0475443650813896,0.0891,-0.0491));
#17880=CARTESIAN_POINT('',(0.0475443650813896,0.0891,-0.049));
#17881=CARTESIAN_POINT('',(0.0475443650813896,0.0892,-0.049));
#17882=CARTESIAN_POINT('',(0.0475443650813896,0.089,-0.0491));
#17883=CARTESIAN_POINT('',(0.0473443650813896,0.0861,-0.0489));
#17884=CARTESIAN_POINT('',(0.047273654403271,0.0891,-0.0489707106781187));
#17885=CARTESIAN_POINT('',(0.0473029437251523,0.0861,-0.049));
#17886=CARTESIAN_POINT('',(0.0483029437251523,0.089,-0.05));
#17887=CARTESIAN_POINT('',(0.047373654403271,0.089,-0.0489292893218814));
#17888=CARTESIAN_POINT('',(0.047373654403271,0.0891,-0.0489292893218814));
#17889=CARTESIAN_POINT('',(-1.13968527085408E-17,0.0891,8.94783133069115E-18));
#17890=CARTESIAN_POINT('',(0.0495,0.0916,-0.05));
#17891=CARTESIAN_POINT('',(0.0495,0.0916,-0.049));
#17892=CARTESIAN_POINT('',(0.0495,0.0916,-0.042));
#17893=CARTESIAN_POINT('',(0.049,0.0916,-0.049));
#17894=CARTESIAN_POINT('',(0.049,0.0916,-0.0495));
#17895=CARTESIAN_POINT('',(0.05,0.0916,-0.0495));
#17896=CARTESIAN_POINT('',(0.042,0.0916,-0.0495));
#17897=CARTESIAN_POINT('',(0.,0.09,0.));
#17898=CARTESIAN_POINT('',(0.0425,0.09,-0.05));
#17899=CARTESIAN_POINT('',(0.0425,0.09,-0.048));
#17900=CARTESIAN_POINT('',(0.,0.09,-0.048));
#17901=CARTESIAN_POINT('',(0.0451059348446489,0.09,-0.048));
#17902=CARTESIAN_POINT('',(0.0461715728752538,0.09,-0.0477272077938642));
#17903=CARTESIAN_POINT('',(0.,0.09,0.));
#17904=CARTESIAN_POINT('',(0.0461715728752538,0.09,-0.0461715728752538));
#17905=CARTESIAN_POINT('',(0.046949390334559,0.09,-0.0453937554159486));
#17906=CARTESIAN_POINT('',(0.0477272077938642,0.09,-0.0461715728752538));
#17907=CARTESIAN_POINT('',(0.0475,0.09,-0.0450952938136683));
#17908=CARTESIAN_POINT('',(0.0475,0.09,0.));
#17909=CARTESIAN_POINT('',(0.0475,0.09,-0.0425));
#17910=CARTESIAN_POINT('',(0.05,0.09,-0.0425));
#17911=CARTESIAN_POINT('',(0.05,0.1135,-0.0425));
#17912=CARTESIAN_POINT('',(0.049,0.1135,-0.0425));
#17913=CARTESIAN_POINT('',(0.049,0.0756,-0.0425));
#17914=CARTESIAN_POINT('',(0.0415,0.0756,-0.0425));
#17915=CARTESIAN_POINT('',(0.0425,0.0756,-0.0425));
#17916=CARTESIAN_POINT('',(0.0425,0.1135,-0.0425));
#17917=CARTESIAN_POINT('',(0.0475,0.1135,-0.0425));
#17918=CARTESIAN_POINT('',(0.0425,0.1135,-0.05));
#17919=CARTESIAN_POINT('',(0.0425,0.1135,-0.049));
#17920=CARTESIAN_POINT('',(0.0425,0.0756,-0.049));
#17921=CARTESIAN_POINT('',(0.0425,0.1135,-0.048));
#17922=CARTESIAN_POINT('',(0.0425,0.0756,-0.05001));
#17923=CARTESIAN_POINT('',(0.0415,0.0756,-0.05001));
#17924=CARTESIAN_POINT('',(0.049,0.0756,-0.05));
#17925=CARTESIAN_POINT('',(0.049,0.0756,-0.049));
#17926=CARTESIAN_POINT('',(0.05,0.0756,-0.049));
#17927=CARTESIAN_POINT('',(0.049,0.1135,-0.05));
#17928=CARTESIAN_POINT('',(0.049,0.0861,-0.0458887301627792));
#17929=CARTESIAN_POINT('',(0.049,0.0862,-0.0458887301627792));
#17930=CARTESIAN_POINT('',(0.049,0.0862,-0.0474443650813896));
#17931=CARTESIAN_POINT('',(0.049,0.0851,-0.0474443650813896));
#17932=CARTESIAN_POINT('',(0.049,0.0851,-0.05));
#17933=CARTESIAN_POINT('',(0.049,0.0851,-0.049));
#17934=CARTESIAN_POINT('',(0.049,0.1135,-0.049));
#17935=CARTESIAN_POINT('',(0.05,0.1135,-0.049));
#17936=CARTESIAN_POINT('',(0.0458887301627792,0.1135,-0.049));
#17937=CARTESIAN_POINT('',(0.0458887301627792,0.0862,-0.049));
#17938=CARTESIAN_POINT('',(0.0488,0.0851,-0.049));
#17939=CARTESIAN_POINT('',(0.0474443650813896,0.0851,-0.049));
#17940=CARTESIAN_POINT('',(0.0474443650813896,0.0862,-0.049));
#17941=CARTESIAN_POINT('',(0.0475,0.0921,0.047));
#17942=CARTESIAN_POINT('',(0.0475,0.0861,-0.0450952938136683));
#17943=CARTESIAN_POINT('',(0.0465,0.0921,-0.048));
#17944=CARTESIAN_POINT('',(0.0451059348446489,0.0861,-0.048));
#17945=CARTESIAN_POINT('',(0.0470201010126777,0.0861,-0.04532304473783));
#17946=CARTESIAN_POINT('',(0.0453937554159486,0.0861,-0.046949390334559));
#17947=CARTESIAN_POINT('',(0.0453937554159486,0.0862,-0.046949390334559));
#17948=CARTESIAN_POINT('',(0.0470201010126777,0.0862,-0.04532304473783));
#17949=CARTESIAN_POINT('',(0.046949390334559,0.0862,-0.0453937554159486));
#17950=CARTESIAN_POINT('',(0.046949390334559,0.0861,-0.0453937554159486));
#17951=CARTESIAN_POINT('',(0.0477272077938642,0.0861,-0.0461715728752538));
#17952=CARTESIAN_POINT('',(0.0477272077938642,0.0862,-0.0461715728752538));
#17953=CARTESIAN_POINT('',(0.0485050252531694,0.0862,-0.0453937554159486));
#17954=CARTESIAN_POINT('',(0.0485050252531694,0.0861,-0.0453937554159486));
#17955=CARTESIAN_POINT('',(0.0477272077938642,0.0862,-0.0461715728752538));
#17956=CARTESIAN_POINT('',(0.0477272077938642,0.0862,-0.0461715728752538));
#17957=CARTESIAN_POINT('',(0.0477272077938642,0.0851,-0.0461715728752538));
#17958=CARTESIAN_POINT('',(0.0477272077938642,0.0862,-0.0461715728752538));
#17959=CARTESIAN_POINT('',(0.0476564971157456,0.0862,-0.0461008621971352));
#17960=CARTESIAN_POINT('',(0.0476564971157456,0.0851,-0.0461008621971352));
#17961=CARTESIAN_POINT('',(0.0484343145750508,0.0862,-0.04532304473783));
#17962=CARTESIAN_POINT('',(0.047373654403271,0.0862,-0.0489292893218814));
#17963=CARTESIAN_POINT('',(0.0465958369439658,0.0862,-0.0497071067811866));
#17964=CARTESIAN_POINT('',(0.0453937554159486,0.0862,-0.0485050252531694));
#17965=CARTESIAN_POINT('',(0.047373654403271,0.0851,-0.0489292893218814));
#17966=CARTESIAN_POINT('',(0.0461715728752538,0.0851,-0.0477272077938642));
#17967=CARTESIAN_POINT('',(0.0461715728752538,0.0862,-0.0477272077938642));
#17968=CARTESIAN_POINT('',(0.0461715728752538,0.0862,-0.0477272077938642));
#17969=CARTESIAN_POINT('',(0.0461715728752538,0.0862,-0.0477272077938642));
#17970=CARTESIAN_POINT('',(0.0461715728752538,0.0862,-0.0477272077938642));
#17971=CARTESIAN_POINT('',(0.0488,0.0851,-0.0488));
#17972=CARTESIAN_POINT('',(0.046949390334559,0.0851,-0.046949390334559));
#17973=CARTESIAN_POINT('',(0.046949390334559,0.0862,-0.046949390334559));
#17974=CARTESIAN_POINT('',(0.0461715728752538,0.0861,-0.0477272077938642));
#17975=CARTESIAN_POINT('',(0.0453937554159486,0.0861,-0.0485050252531694));
#17976=CARTESIAN_POINT('',(0.0484343145750508,0.0861,-0.04532304473783));
#17977=CARTESIAN_POINT('',(0.0465958369439658,0.0861,-0.0497071067811866));
#17978=CARTESIAN_POINT('',(0.042,0.1135,-0.0495));
#17979=CARTESIAN_POINT('',(0.042,0.0916,-0.0495));
#17980=CARTESIAN_POINT('',(0.042,0.0916,-0.0495));
#17981=CARTESIAN_POINT('',(0.042,0.0916,-0.0495));
#17982=CARTESIAN_POINT('',(0.042,0.0916,-0.05001));
#17983=CARTESIAN_POINT('',(0.0495,0.1135,-0.042));
#17984=CARTESIAN_POINT('',(0.0495,0.0748,-0.042));
#17985=CARTESIAN_POINT('',(0.0495,0.0916,-0.042));
#17986=CARTESIAN_POINT('',(0.0495,0.0916,-0.042));
#17987=CARTESIAN_POINT('',(0.0415,0.0916,-0.042));
#17988=CARTESIAN_POINT('',(0.042,0.1135,-0.042));
#17989=CARTESIAN_POINT('',(0.042,0.0748,-0.042));
#17990=CARTESIAN_POINT('',(0.049,0.0748,-0.049));
#17991=CARTESIAN_POINT('',(0.0498,0.0748,-0.049));
#17992=CARTESIAN_POINT('',(0.049,0.0748,-0.0498));
#17993=CARTESIAN_POINT('',(0.05,0.0748,-0.0498));
#17994=CARTESIAN_POINT('',(0.042,0.0748,-0.0498));
#17995=CARTESIAN_POINT('',(0.0498,0.0748,-0.05));
#17996=CARTESIAN_POINT('',(0.0498,0.0748,-0.042));
#17997=CARTESIAN_POINT('',(0.042,0.0748,-0.0495));
#17998=CARTESIAN_POINT('',(0.0417,0.0748,-0.0495));
#17999=CARTESIAN_POINT('',(0.0495,0.0748,-0.042));
#18000=CARTESIAN_POINT('',(0.0495,0.0748,-0.0417));
#18001=CARTESIAN_POINT('',(0.0417,0.0748,-0.05001));
#18002=CARTESIAN_POINT('',(0.0417,0.0748,-0.042));
#18003=CARTESIAN_POINT('',(0.0415,0.0748,-0.0417));
#18004=CARTESIAN_POINT('',(0.042,0.0748,-0.0417));
#18005=CARTESIAN_POINT('',(0.042,0.0748,-0.042));
#18006=CARTESIAN_POINT('',(-0.042,0.1135,-0.0495));
#18007=CARTESIAN_POINT('',(-0.0415,0.1135,-0.0495));
#18008=CARTESIAN_POINT('',(-0.0415,0.0916,-0.0495));
#18009=CARTESIAN_POINT('',(-0.042,0.0916,-0.0495));
#18010=CARTESIAN_POINT('',(-0.0495,0.1135,-0.042));
#18011=CARTESIAN_POINT('',(-0.0495,0.07626,-0.042));
#18012=CARTESIAN_POINT('',(-0.05,0.07626,-0.0420000000000006));
#18013=CARTESIAN_POINT('',(-0.0495,0.07626,-0.0415));
#18014=CARTESIAN_POINT('',(-0.05,0.1135,-0.042));
#18015=CARTESIAN_POINT('',(-0.05,0.0748,-0.042));
#18016=CARTESIAN_POINT('',(-0.0495,0.0748,-0.042));
#18017=CARTESIAN_POINT('',(-0.0495,0.0748,-0.0415));
#18018=CARTESIAN_POINT('',(-0.0495,0.1135,-0.0415));
#18019=CARTESIAN_POINT('',(-0.048437867965644,0.0746,-0.048437867965644));
#18020=CARTESIAN_POINT('',(-0.048437867965644,0.0746,-0.04895));
#18021=CARTESIAN_POINT('',(-0.048437867965644,0.07155,-0.04895));
#18022=CARTESIAN_POINT('',(-0.048437867965644,0.0746,-0.04895));
#18023=CARTESIAN_POINT('',(-0.048437867965644,0.07155,-0.048437867965644));
#18024=CARTESIAN_POINT('',(-0.04895,0.07155,-0.048437867965644));
#18025=CARTESIAN_POINT('',(-0.04895,0.0746,-0.048437867965644));
#18026=CARTESIAN_POINT('',(-0.04895,0.0746,-0.048437867965644));
#18027=CARTESIAN_POINT('',(-0.048437867965644,0.0746,-0.048437867965644));
#18028=CARTESIAN_POINT('',(-0.043813340594773,0.0694770500882838,-0.0546081123589482));
#18029=CARTESIAN_POINT('',(-0.0485967392464233,0.0694770500882838,-0.049824713707298));
#18030=CARTESIAN_POINT('',(-0.0484362700893937,0.0693361012183654,-0.049785851060888));
#18031=CARTESIAN_POINT('',(-0.048289305166855,0.0691739635750143,-0.0497035187292282));
#18032=CARTESIAN_POINT('',(-0.0481721825406948,0.0690083271686378,-0.0495863961030679));
#18033=CARTESIAN_POINT('',(-0.0485967392464233,0.0694770500882838,-0.0498247137072979));
#18034=CARTESIAN_POINT('',(-0.0481721825406948,0.0690083271686378,-0.0495863961030679));
#18035=CARTESIAN_POINT('',(-0.0481222586343889,0.0689377241032533,-0.049536472196762));
#18036=CARTESIAN_POINT('',(-0.0481284263776389,0.0689464466094067,-0.049542639940012));
#18037=CARTESIAN_POINT('',(-0.0434381472767379,0.0689464466094067,-0.054232919040913));
#18038=CARTESIAN_POINT('',(-0.049542639940012,0.0689464466094067,-0.0481284263776389));
#18039=CARTESIAN_POINT('',(-0.049542639940012,0.0689464466094067,-0.0481284263776389));
#18040=CARTESIAN_POINT('',(-0.0495863961030679,0.0690083271686378,-0.0481721825406948));
#18041=CARTESIAN_POINT('',(-0.0495863961030679,0.0690083271686378,-0.0481721825406949));
#18042=CARTESIAN_POINT('',(-0.0497031450980206,0.0691734351806933,-0.0482889315356476));
#18043=CARTESIAN_POINT('',(-0.0497857266889606,0.0693356501404227,-0.0484357565407766));
#18044=CARTESIAN_POINT('',(-0.0498247137072979,0.0694770500882838,-0.0485967392464233));
#18045=CARTESIAN_POINT('',(-0.0498247137072979,0.0694770500882838,-0.0485967392464233));
#18046=CARTESIAN_POINT('',(-0.043813340594773,0.0694770500882838,-0.0546081123589482));
#18047=CARTESIAN_POINT('',(-0.043313340594773,0.0701841568694703,-0.0541081123589482));
#18048=CARTESIAN_POINT('',(-0.0489445450103292,0.0700105086918033,-0.049869636424032));
#18049=CARTESIAN_POINT('',(-0.0489222508731698,0.0699163992289668,-0.0498684630483921));
#18050=CARTESIAN_POINT('',(-0.0488813199674632,0.0698230897923867,-0.049866308790197));
#18051=CARTESIAN_POINT('',(-0.0488217522932094,0.069734915282887,-0.0498631736494468));
#18052=CARTESIAN_POINT('',(-0.0489445450103293,0.0700105086918034,-0.049869636424032));
#18053=CARTESIAN_POINT('',(-0.0488217522932095,0.0697349152828871,-0.0498631736494467));
#18054=CARTESIAN_POINT('',(-0.0488217522932094,0.069734915282887,-0.0498631736494468));
#18055=CARTESIAN_POINT('',(-0.0487568310466204,0.0696397724733953,-0.0498604367710702));
#18056=CARTESIAN_POINT('',(-0.0486810784143289,0.0695523526949283,-0.0498468685069911));
#18057=CARTESIAN_POINT('',(-0.0485967392464233,0.0694770500882838,-0.049824713707298));
#18058=CARTESIAN_POINT('',(-0.0498247137072979,0.0694770500882838,-0.0485967392464233));
#18059=CARTESIAN_POINT('',(-0.0498491158472312,0.0695535793852715,-0.048680565876209));
#18060=CARTESIAN_POINT('',(-0.049859755472402,0.0696387804971408,-0.0487568069293591));
#18061=CARTESIAN_POINT('',(-0.0498631736494468,0.0697349152828871,-0.0488217522932095));
#18062=CARTESIAN_POINT('',(-0.0498631736494468,0.0697349152828871,-0.0488217522932095));
#18063=CARTESIAN_POINT('',(-0.0498631736494468,0.0697349152828871,-0.0488217522932095));
#18064=CARTESIAN_POINT('',(-0.049866308790197,0.0698230897923867,-0.0488813199674632));
#18065=CARTESIAN_POINT('',(-0.049868463048392,0.0699163992289668,-0.0489222508731698));
#18066=CARTESIAN_POINT('',(-0.049869636424032,0.0700105086918033,-0.0489445450103293));
#18067=CARTESIAN_POINT('',(-0.049869636424032,0.0700105086918034,-0.0489445450103292));
#18068=CARTESIAN_POINT('',(-0.0440097048350931,0.0700105086918034,-0.0548044765992682));
#18069=CARTESIAN_POINT('',(-0.0441661510346884,0.0712652703644666,-0.0549609227988635));
#18070=CARTESIAN_POINT('',(-0.0492877429660314,0.0712652703644666,-0.0498393308675206));
#18071=CARTESIAN_POINT('',(-0.0492164444216292,0.0710603697432132,-0.0498595345718615));
#18072=CARTESIAN_POINT('',(-0.0491437422409628,0.0708093297911529,-0.049869636424032));
#18073=CARTESIAN_POINT('',(-0.0490696364240321,0.0705121505082858,-0.049869636424032));
#18074=CARTESIAN_POINT('',(-0.0492877429660313,0.0712652703644666,-0.0498393308675205));
#18075=CARTESIAN_POINT('',(-0.049069636424032,0.0705121505082858,-0.049869636424032));
#18076=CARTESIAN_POINT('',(-0.0489593827200185,0.0700700109023919,-0.049869636424032));
#18077=CARTESIAN_POINT('',(-0.049869636424032,0.0726042531630218,-0.0495913315261816));
#18078=CARTESIAN_POINT('',(-0.049869636424032,0.0705121505082857,-0.049069636424032));
#18079=CARTESIAN_POINT('',(-0.049869636424032,0.0705121505082857,-0.049069636424032));
#18080=CARTESIAN_POINT('',(-0.049869636424032,0.0708093297911529,-0.0491437422409627));
#18081=CARTESIAN_POINT('',(-0.0498595345718615,0.0710603697432132,-0.0492164444216292));
#18082=CARTESIAN_POINT('',(-0.0498393308675206,0.0712652703644666,-0.0492877429660313));
#18083=CARTESIAN_POINT('',(-0.0498393308675205,0.0712652703644666,-0.0492877429660313));
#18084=CARTESIAN_POINT('',(-0.0441661510346884,0.0712652703644666,-0.0549609227988635));
#18085=CARTESIAN_POINT('',(-0.0440268781866244,0.0713,-0.0548216499507995));
#18086=CARTESIAN_POINT('',(-0.0440268781866244,0.0715,-0.0548216499507995));
#18087=CARTESIAN_POINT('',(-0.0490500983300345,0.0715,-0.0497984298073893));
#18088=CARTESIAN_POINT('',(-0.0497984298073893,0.0715,-0.0490500983300345));
#18089=CARTESIAN_POINT('',(-0.0490500983300345,0.0715,-0.0497984298073893));
#18090=CARTESIAN_POINT('',(-0.0491743073525593,0.0715,-0.0498327571559749));
#18091=CARTESIAN_POINT('',(-0.0493174814159383,0.0713911078610881,-0.0498409717600686));
#18092=CARTESIAN_POINT('',(-0.0492877429660313,0.0712652703644666,-0.0498393308675205));
#18093=CARTESIAN_POINT('',(-0.0498393308675205,0.0712652703644666,-0.0492877429660313));
#18094=CARTESIAN_POINT('',(-0.0498409712637598,0.0713910697999345,-0.0493174724211654));
#18095=CARTESIAN_POINT('',(-0.0498327337378256,0.0715,-0.0491742226170477));
#18096=CARTESIAN_POINT('',(-0.0497984298073894,0.0715,-0.0490500983300345));
#18097=CARTESIAN_POINT('',(-0.0440268781866244,0.0715,-0.0548216499507995));
#18098=CARTESIAN_POINT('',(-0.0440268781866244,0.0715,-0.0498));
#18099=CARTESIAN_POINT('',(-0.0487585786437627,0.0715,-0.0498));
#18100=CARTESIAN_POINT('',(-0.049,0.0715,-0.0498));
#18101=CARTESIAN_POINT('',(-0.049,0.0715,-0.049));
#18102=CARTESIAN_POINT('',(-0.049,0.0715,-0.049));
#18103=CARTESIAN_POINT('',(-0.0498,0.0715,-0.049));
#18104=CARTESIAN_POINT('',(-0.0498,0.0715,-0.0548216499507995));
#18105=CARTESIAN_POINT('',(-0.0498,0.0715,-0.0487585786437627));
#18106=CARTESIAN_POINT('',(-0.0489,0.0715,-0.0487585786437627));
#18107=CARTESIAN_POINT('',(-0.0495363961030679,0.0715,-0.0481221825406948));
#18108=CARTESIAN_POINT('',(-0.0489292893218814,0.0715,-0.0475150757595083));
#18109=CARTESIAN_POINT('',(-0.049,0.0715,-0.0475857864376269));
#18110=CARTESIAN_POINT('',(-0.049,0.0715,-0.0548216499507995));
#18111=CARTESIAN_POINT('',(-0.049,0.0715,-0.048437867965644));
#18112=CARTESIAN_POINT('',(-0.048437867965644,0.0715,-0.048437867965644));
#18113=CARTESIAN_POINT('',(-0.048437867965644,0.0715,-0.049));
#18114=CARTESIAN_POINT('',(-0.0440268781866244,0.0715,-0.049));
#18115=CARTESIAN_POINT('',(-0.0475857864376269,0.0715,-0.049));
#18116=CARTESIAN_POINT('',(-0.0481221825406948,0.0715,-0.0495363961030679));
#18117=CARTESIAN_POINT('',(-0.0481221825406948,0.0715,-0.0495363961030679));
#18118=CARTESIAN_POINT('',(-0.0487585786437627,0.0715,-0.0489));
#18119=CARTESIAN_POINT('',(-0.047373654403271,0.0686,-0.0489292893218814));
#18120=CARTESIAN_POINT('',(-0.0480221825406948,0.0746,-0.0495778174593052));
#18121=CARTESIAN_POINT('',(-0.0473650757595083,0.0746,-0.0489207106781187));
#18122=CARTESIAN_POINT('',(-0.0468908224620156,0.0746,-0.048446457380626));
#18123=CARTESIAN_POINT('',(-0.0469563243775248,0.0692930190374251,-0.0485119592961352));
#18124=CARTESIAN_POINT('',(-0.0469563243775248,0.0692930190374251,-0.0485119592961352));
#18125=CARTESIAN_POINT('',(-0.0472391240116844,0.0693,-0.0487947589302947));
#18126=CARTESIAN_POINT('',(-0.0472391240116843,0.0689,-0.0487947589302947));
#18127=CARTESIAN_POINT('',(-0.0478077156995203,0.0689,-0.0493633506181307));
#18128=CARTESIAN_POINT('',(-0.0478077156995203,0.0689,-0.0493633506181307));
#18129=CARTESIAN_POINT('',(-0.0478077156995203,0.0693,-0.0493633506181307));
#18130=CARTESIAN_POINT('',(-0.0480077156995203,0.0690171572875254,-0.0495633506181307));
#18131=CARTESIAN_POINT('',(-0.0480077156995203,0.0690171572875254,-0.0495633506181307));
#18132=CARTESIAN_POINT('',(-0.0480514718625762,0.0690790378467564,-0.0496071067811865));
#18133=CARTESIAN_POINT('',(-0.0480514718625762,0.0715,-0.0496071067811865));
#18134=CARTESIAN_POINT('',(-0.0480514718625762,0.0714,-0.0496071067811865));
#18135=CARTESIAN_POINT('',(-0.0474443650813896,0.0714,-0.049));
#18136=CARTESIAN_POINT('',(-0.0475150757595083,0.0714,-0.0490707106781187));
#18137=CARTESIAN_POINT('',(-0.0475150757595083,0.07155,-0.0490707106781187));
#18138=CARTESIAN_POINT('',(-0.0473650757595083,0.07155,-0.0489207106781187));
#18139=CARTESIAN_POINT('',(-0.0473650757595083,0.0686,-0.0489207106781187));
#18140=CARTESIAN_POINT('',(-0.0476564971157456,0.0686,-0.0461008621971352));
#18141=CARTESIAN_POINT('',(-0.0487947589302947,0.0693,-0.0472391240116843));
#18142=CARTESIAN_POINT('',(-0.0487947589302947,0.0689,-0.0472391240116843));
#18143=CARTESIAN_POINT('',(-0.0485119592961352,0.0692930190374251,-0.0469563243775248));
#18144=CARTESIAN_POINT('',(-0.0484464358398279,0.0746017452406438,-0.0468908009212175));
#18145=CARTESIAN_POINT('',(-0.048446457380626,0.0746,-0.0468908224620156));
#18146=CARTESIAN_POINT('',(-0.0495778174593052,0.0746,-0.0480221825406948));
#18147=CARTESIAN_POINT('',(-0.0489207106781187,0.0746,-0.0473650757595083));
#18148=CARTESIAN_POINT('',(-0.0489207106781187,0.0686,-0.0473650757595083));
#18149=CARTESIAN_POINT('',(-0.0489207106781187,0.07155,-0.0473650757595083));
#18150=CARTESIAN_POINT('',(-0.0490707106781187,0.07155,-0.0475150757595083));
#18151=CARTESIAN_POINT('',(-0.0490707106781187,0.0714,-0.0475150757595083));
#18152=CARTESIAN_POINT('',(-0.0496071067811866,0.0714,-0.0480514718625762));
#18153=CARTESIAN_POINT('',(-0.0496071067811866,0.0714,-0.0480514718625762));
#18154=CARTESIAN_POINT('',(-0.0496071067811866,0.0693518300528922,-0.0480514718625762));
#18155=CARTESIAN_POINT('',(-0.0496071067811866,0.0690790378467564,-0.0480514718625762));
#18156=CARTESIAN_POINT('',(-0.0495571828748807,0.069008434781372,-0.0480015479562703));
#18157=CARTESIAN_POINT('',(-0.0495633506181307,0.0690171572875254,-0.0480077156995203));
#18158=CARTESIAN_POINT('',(-0.0493633506181307,0.0693,-0.0478077156995203));
#18159=CARTESIAN_POINT('',(-0.0493633506181307,0.0689,-0.0478077156995203));
#18160=CARTESIAN_POINT('',(-0.0487947589302947,0.0689,-0.0472391240116844));
#18161=CARTESIAN_POINT('',(-0.0422660560462026,0.0692912737967814,-0.0530608278103777));
#18162=CARTESIAN_POINT('',(-0.0422660560462026,0.0692912737967814,-0.0530608278103777));
#18163=CARTESIAN_POINT('',(-0.0469563351471036,0.0692912737967814,-0.0483705487094767));
#18164=CARTESIAN_POINT('',(-0.0483705487094767,0.0692912737967814,-0.0469563351471036));
#18165=CARTESIAN_POINT('',(-0.0468908116907963,0.0746,-0.0483050252531694));
#18166=CARTESIAN_POINT('',(-0.0468908116907963,0.0746,-0.0483050252531694));
#18167=CARTESIAN_POINT('',(-0.0422005325898953,0.0746,-0.0529953043540704));
#18168=CARTESIAN_POINT('',(-0.0483050252531694,0.0746,-0.0468908116907963));
#18169=CARTESIAN_POINT('',(-0.0483705487094767,0.0692912737967814,-0.0469563351471036));
#18170=CARTESIAN_POINT('',(-0.042619555588902,0.0693,-0.0534143273530771));
#18171=CARTESIAN_POINT('',(-0.042619555588902,0.0688,-0.0534143273530771));
#18172=CARTESIAN_POINT('',(-0.047309834689803,0.0688,-0.0487240482521761));
#18173=CARTESIAN_POINT('',(-0.0487240482521761,0.0688,-0.047309834689803));
#18174=CARTESIAN_POINT('',(-0.047309834689803,0.0693,-0.0487240482521761));
#18175=CARTESIAN_POINT('',(-0.0487240482521761,0.0693,-0.047309834689803));
#18176=CARTESIAN_POINT('',(-0.0431881472767379,0.0688,-0.053982919040913));
#18177=CARTESIAN_POINT('',(-0.0431881472767379,0.0688,-0.053982919040913));
#18178=CARTESIAN_POINT('',(-0.0478784263776389,0.0688,-0.049292639940012));
#18179=CARTESIAN_POINT('',(-0.049292639940012,0.0688,-0.0478784263776389));
#18180=CARTESIAN_POINT('',(-0.047309834689803,0.0688,-0.0487240482521761));
#18181=CARTESIAN_POINT('',(-0.049292639940012,0.0688,-0.0478784263776389));
#18182=CARTESIAN_POINT('',(-0.0431881472767379,0.0693,-0.053982919040913));
#18183=CARTESIAN_POINT('',(-0.0478784263776389,0.0693,-0.049292639940012));
#18184=CARTESIAN_POINT('',(-0.049292639940012,0.0693,-0.0478784263776389));
#18185=CARTESIAN_POINT('',(-0.04895,0.0676857864376269,-0.0473029437251523));
#18186=CARTESIAN_POINT('',(-0.04895,0.07155,-0.0473029437251523));
#18187=CARTESIAN_POINT('',(-0.04895,0.07155,-0.0474357864376269));
#18188=CARTESIAN_POINT('',(-0.04895,0.0676857864376269,-0.0474357864376269));
#18189=CARTESIAN_POINT('',(-0.04895,0.0746,-0.0474357864376269));
#18190=CARTESIAN_POINT('',(-0.04895,0.0746,-0.0473029437251523));
#18191=CARTESIAN_POINT('',(-0.0488,0.0676857864376269,-0.04895));
#18192=CARTESIAN_POINT('',(-0.0488,0.0746,-0.04895));
#18193=CARTESIAN_POINT('',(-0.0474357864376269,0.0746,-0.04895));
#18194=CARTESIAN_POINT('',(-0.0474357864376269,0.0676857864376269,-0.04895));
#18195=CARTESIAN_POINT('',(-0.0474357864376269,0.07155,-0.04895));
#18196=CARTESIAN_POINT('',(-0.0488,0.07155,-0.04895));
#18197=CARTESIAN_POINT('',(-0.0499,0.415992188198565,-0.0415));
#18198=CARTESIAN_POINT('',(-0.0499,0.394007328691112,-0.129663723887819));
#18199=CARTESIAN_POINT('',(-0.0499,0.0705295153260524,-0.049));
#18200=CARTESIAN_POINT('',(-0.0499,0.0700278735095701,-0.0488749085862972));
#18201=CARTESIAN_POINT('',(-0.0499,0.0701841568694703,-0.0476214529537212));
#18202=CARTESIAN_POINT('',(-0.0499,0.0697798394415454,-0.0487585786437627));
#18203=CARTESIAN_POINT('',(-0.0499,0.0715,-0.0487585786437627));
#18204=CARTESIAN_POINT('',(-0.0499,0.0714,-0.0487585786437627));
#18205=CARTESIAN_POINT('',(-0.0499,0.0714,-0.0415));
#18206=CARTESIAN_POINT('',(-0.0499,0.0714,-0.049));
#18207=CARTESIAN_POINT('',(-0.0499,0.415992188198565,-0.049));
#18208=CARTESIAN_POINT('',(-0.049,0.415992188198565,-0.049));
#18209=CARTESIAN_POINT('',(-0.049898233533313,0.0714,-0.0490563606212888));
#18210=CARTESIAN_POINT('',(-0.0498955763998217,0.0714,-0.0490987080324734));
#18211=CARTESIAN_POINT('',(-0.0498857916962506,0.0713880474662671,-0.0491767637271376));
#18212=CARTESIAN_POINT('',(-0.0498614852347518,0.07132249007596,-0.0492609715469438));
#18213=CARTESIAN_POINT('',(-0.0498659062489246,0.0712826351822333,-0.0492453698597492));
#18214=CARTESIAN_POINT('',(-0.049898233533313,0.0714,-0.0490563606212888));
#18215=CARTESIAN_POINT('',(-0.0498659062489246,0.0712826351822333,-0.0492453698597492));
#18216=CARTESIAN_POINT('',(-0.0498659062489249,0.071282635182233,-0.0492453698597492));
#18217=CARTESIAN_POINT('',(-0.0498877040391765,0.0710861308101576,-0.0491684458120649));
#18218=CARTESIAN_POINT('',(-0.0499000000000003,0.0708350908580973,-0.0490857244816832));
#18219=CARTESIAN_POINT('',(-0.0499000000000003,0.070529515326052,-0.049));
#18220=CARTESIAN_POINT('',(-0.049,0.0714,-0.049));
#18221=CARTESIAN_POINT('',(-0.049,0.415992188198565,-0.0499));
#18222=CARTESIAN_POINT('',(-0.0487585786437627,0.0693518300528922,-0.0499));
#18223=CARTESIAN_POINT('',(-0.0487585786437627,0.0714,-0.0499));
#18224=CARTESIAN_POINT('',(-0.0487585786437627,0.0697798394415454,-0.0499));
#18225=CARTESIAN_POINT('',(-0.048758578643763,0.069779839441545,-0.0499));
#18226=CARTESIAN_POINT('',(-0.0488145117595412,0.069858494204465,-0.0499));
#18227=CARTESIAN_POINT('',(-0.0488532884070528,0.06994117222714,-0.0499));
#18228=CARTESIAN_POINT('',(-0.0488749085862975,0.07002787350957,-0.0499));
#18229=CARTESIAN_POINT('',(-0.0488749085862973,0.0700278735095701,-0.0499));
#18230=CARTESIAN_POINT('',(-0.130102789775432,0.395768071518284,-0.0499));
#18231=CARTESIAN_POINT('',(-0.049,0.0705295153260525,-0.0499));
#18232=CARTESIAN_POINT('',(-0.049,0.415992188198565,-0.0499));
#18233=CARTESIAN_POINT('',(-0.049,0.0714,-0.0499));
#18234=CARTESIAN_POINT('',(-0.049,0.0714,-0.0499));
#18235=CARTESIAN_POINT('',(-0.049,0.415992188198565,-0.049));
#18236=CARTESIAN_POINT('',(-0.0490000000000003,0.070529515326052,-0.0499));
#18237=CARTESIAN_POINT('',(-0.0490857244816835,0.0708350908580976,-0.0499));
#18238=CARTESIAN_POINT('',(-0.0491684458120653,0.071086130810158,-0.0498877040391762));
#18239=CARTESIAN_POINT('',(-0.0492453698597495,0.071282635182233,-0.0498659062489246));
#18240=CARTESIAN_POINT('',(-0.0492453698597493,0.0712826351822333,-0.0498659062489246));
#18241=CARTESIAN_POINT('',(-0.0492453698597493,0.0712826351822333,-0.0498659062489246));
#18242=CARTESIAN_POINT('',(-0.0492609701513346,0.0713224865108418,-0.0498614856302224));
#18243=CARTESIAN_POINT('',(-0.0491767975795087,0.0713880181918793,-0.0498857797365807));
#18244=CARTESIAN_POINT('',(-0.0490987806337588,0.0714,-0.0498955718443767));
#18245=CARTESIAN_POINT('',(-0.0490563606212889,0.0714,-0.049898233533313));
#18246=CARTESIAN_POINT('',(-0.0490563606212888,0.0714,-0.049898233533313));
#18247=CARTESIAN_POINT('',(-0.049,0.0714,-0.049));
#18248=CARTESIAN_POINT('',(-0.0487585786437624,0.415992188198565,-0.0489));
#18249=CARTESIAN_POINT('',(-0.0480514718625761,0.069079037846756,-0.0496071067811866));
#18250=CARTESIAN_POINT('',(-0.0482227558460528,0.069297046765961,-0.0497783907646632));
#18251=CARTESIAN_POINT('',(-0.0484036939987436,0.0694532877391763,-0.0498429616156606));
#18252=CARTESIAN_POINT('',(-0.0485232015356078,0.069547760766402,-0.0498719041192199));
#18253=CARTESIAN_POINT('',(-0.0485232015356078,0.0695477607664024,-0.0498719041192199));
#18254=CARTESIAN_POINT('',(-0.0485232015356078,0.069547760766402,-0.0498719041192199));
#18255=CARTESIAN_POINT('',(-0.0486126305712292,0.069618456154649,-0.0498935621689939));
#18256=CARTESIAN_POINT('',(-0.0486921885279833,0.06969581571303,-0.0499));
#18257=CARTESIAN_POINT('',(-0.0487585786437627,0.069779839441545,-0.0499));
#18258=CARTESIAN_POINT('',(-0.0487585786437627,0.0714,-0.0489));
#18259=CARTESIAN_POINT('',(-0.0489,0.415992188198565,-0.0487585786437627));
#18260=CARTESIAN_POINT('',(-0.0499,0.0697798394415454,-0.0487585786437627));
#18261=CARTESIAN_POINT('',(-0.0499,0.069692090726781,-0.0486892452847741));
#18262=CARTESIAN_POINT('',(-0.0498927764976076,0.0696158915957775,-0.048609386427129));
#18263=CARTESIAN_POINT('',(-0.0498719041192199,0.0695477607664024,-0.0485232015356078));
#18264=CARTESIAN_POINT('',(-0.0498719041192199,0.0695477607664024,-0.0485232015356078));
#18265=CARTESIAN_POINT('',(-0.0498719041192202,0.069547760766402,-0.0485232015356078));
#18266=CARTESIAN_POINT('',(-0.049842961615661,0.0694532877391766,-0.048403693998744));
#18267=CARTESIAN_POINT('',(-0.0497783907646637,0.0692970467659613,-0.048222755846053));
#18268=CARTESIAN_POINT('',(-0.0496071067811868,0.069079037846756,-0.0480514718625762));
#18269=CARTESIAN_POINT('',(-0.0489,0.0714,-0.0487585786437627));
#18270=CARTESIAN_POINT('',(-0.049,0.07155,-0.0473029437251523));
#18271=CARTESIAN_POINT('',(-0.049,0.07155,-0.0475857864376269));
#18272=CARTESIAN_POINT('',(-0.049,0.07155,-0.048437867965644));
#18273=CARTESIAN_POINT('',(-0.048437867965644,0.07155,-0.048437867965644));
#18274=CARTESIAN_POINT('',(-0.048437867965644,0.07155,-0.049));
#18275=CARTESIAN_POINT('',(-0.0488,0.07155,-0.049));
#18276=CARTESIAN_POINT('',(-0.0475857864376269,0.07155,-0.049));
#18277=CARTESIAN_POINT('',(-0.0474357864376269,0.0686,-0.04885));
#18278=CARTESIAN_POINT('',(-0.0474357864376269,0.0746,-0.04885));
#18279=CARTESIAN_POINT('',(-0.0474357864376269,0.07155,-0.04885));
#18280=CARTESIAN_POINT('',(-0.0475857864376269,0.0715,-0.049));
#18281=CARTESIAN_POINT('',(-0.0475150757595083,0.0715,-0.0490707106781186));
#18282=CARTESIAN_POINT('',(-0.0475150757595083,0.0714,-0.0490707106781187));
#18283=CARTESIAN_POINT('',(-0.0475072460395146,0.0715,-0.0489738198672967));
#18284=CARTESIAN_POINT('',(-0.0474708940197198,0.0714687584525869,-0.0490265289383294));
#18285=CARTESIAN_POINT('',(-0.0474365353613959,0.0714000000020548,-0.0489921702800063));
#18286=CARTESIAN_POINT('',(-0.0474357864434456,0.0715238196733753,-0.04895));
#18287=CARTESIAN_POINT('',(-0.0473943650945975,0.071502130175306,-0.0489500000132094));
#18288=CARTESIAN_POINT('',(-0.047365075765327,0.0714714590201258,-0.0489207106839374));
#18289=CARTESIAN_POINT('',(-0.0474357864376269,0.07155,-0.04895));
#18290=CARTESIAN_POINT('',(-0.0473943650813896,0.07155,-0.04895));
#18291=CARTESIAN_POINT('',(-0.0473650757595083,0.07155,-0.0489207106781187));
#18292=CARTESIAN_POINT('',(-0.0475857864376269,0.0714,-0.049));
#18293=CARTESIAN_POINT('',(-0.0474443650813896,0.0714,-0.0488585786437627));
#18294=CARTESIAN_POINT('',(-0.0481221825406948,0.0714,-0.0495363961030679));
#18295=CARTESIAN_POINT('',(-0.0487585786437627,0.0714,-0.0489));
#18296=CARTESIAN_POINT('',(-0.0487585786437627,0.0714,-0.0498));
#18297=CARTESIAN_POINT('',(-0.0440268781866244,0.0714,-0.0498));
#18298=CARTESIAN_POINT('',(-0.049,0.0714,-0.0498));
#18299=CARTESIAN_POINT('',(-0.049,0.0714,-0.049));
#18300=CARTESIAN_POINT('',(-0.0490500983300345,0.0714,-0.0497984298073893));
#18301=CARTESIAN_POINT('',(-0.0490563606212888,0.0714,-0.049898233533313));
#18302=CARTESIAN_POINT('',(-0.0490563606212887,0.0715000000000001,-0.049898233533313));
#18303=CARTESIAN_POINT('',(-0.0490500983300345,0.0715,-0.0497984298073893));
#18304=CARTESIAN_POINT('',(-0.0491005018150483,0.0713999996303628,-0.0498954638470204));
#18305=CARTESIAN_POINT('',(-0.0491122205313422,0.0714822296746274,-0.0498947284204182));
#18306=CARTESIAN_POINT('',(-0.0491077222609418,0.0715,-0.0498143551428828));
#18307=CARTESIAN_POINT('',(-0.0491834502939658,0.0713860736310841,-0.0498842603036561));
#18308=CARTESIAN_POINT('',(-0.0492021592701497,0.0714414280676491,-0.0498809439671198));
#18309=CARTESIAN_POINT('',(-0.0492133420870661,0.0714721466306796,-0.0498362844309927));
#18310=CARTESIAN_POINT('',(-0.0492599853127191,0.0713199606622769,-0.049861764701673));
#18311=CARTESIAN_POINT('',(-0.049284486757389,0.0713300226212549,-0.0498543763955646));
#18312=CARTESIAN_POINT('',(-0.0493053872025629,0.0713399218482478,-0.0498403020241527));
#18313=CARTESIAN_POINT('',(-0.0492453698597492,0.0712826351822333,-0.0498659062489246));
#18314=CARTESIAN_POINT('',(-0.0492702077543297,0.0712732984384928,-0.049858867991934));
#18315=CARTESIAN_POINT('',(-0.0492877429660313,0.0712652703644666,-0.0498393308675205));
#18316=CARTESIAN_POINT('',(-0.0492884815757739,0.0712650925913083,-0.0498402143323546));
#18317=CARTESIAN_POINT('',(-0.0492761330922758,0.0712709187603897,-0.0498517104851195));
#18318=CARTESIAN_POINT('',(-0.0492622513839193,0.0712766825163675,-0.0498616369986499));
#18319=CARTESIAN_POINT('',(-0.0492472478285228,0.0712822467342246,-0.0498696787586553));
#18320=CARTESIAN_POINT('',(-0.0490115687581628,0.0705129030340996,-0.0498361619318652));
#18321=CARTESIAN_POINT('',(-0.049069636424032,0.0705121505082858,-0.049869636424032));
#18322=CARTESIAN_POINT('',(-0.0490516077132593,0.0705166462198547,-0.0498887862034582));
#18323=CARTESIAN_POINT('',(-0.0490258897710837,0.0705230593489811,-0.0499));
#18324=CARTESIAN_POINT('',(-0.049,0.0705295153260525,-0.0499));
#18325=CARTESIAN_POINT('',(-0.0488897462959865,0.0700873757201587,-0.0498));
#18326=CARTESIAN_POINT('',(-0.0488749085862972,0.0700278735095701,-0.0499));
#18327=CARTESIAN_POINT('',(-0.0489007983573809,0.0700214175324987,-0.0499));
#18328=CARTESIAN_POINT('',(-0.0489265162995565,0.0700150044033723,-0.0498887862034582));
#18329=CARTESIAN_POINT('',(-0.0489445450103292,0.0700105086918034,-0.049869636424032));
#18330=CARTESIAN_POINT('',(-0.0481612017669585,0.0702123270612979,-0.0497994226589627));
#18331=CARTESIAN_POINT('',(-0.0487585786354246,0.0697798394488495,-0.0498999931171263));
#18332=CARTESIAN_POINT('',(-0.04878262557633,0.0697626730979185,-0.049899945768838));
#18333=CARTESIAN_POINT('',(-0.0488064339699411,0.0697457144965019,-0.0498860142175976));
#18334=CARTESIAN_POINT('',(-0.0488216730876773,0.0697349725417246,-0.0498630941516705));
#18335=CARTESIAN_POINT('',(-0.0480978659844842,0.0702484642931665,-0.0491080813656911));
#18336=CARTESIAN_POINT('',(-0.0485237248152524,0.0695477875034012,-0.0498698153569477));
#18337=CARTESIAN_POINT('',(-0.0485483017881219,0.0695178646882081,-0.0498755893904594));
#18338=CARTESIAN_POINT('',(-0.0485781931711412,0.0694890573112853,-0.0498570371486938));
#18339=CARTESIAN_POINT('',(-0.048596536419546,0.0694773425544342,-0.0498244941005298));
#18340=CARTESIAN_POINT('',(-0.0493236684556043,0.0690892363645968,-0.0483404415568413));
#18341=CARTESIAN_POINT('',(-0.0481721825406949,0.0690083271686377,-0.0495863961030679));
#18342=CARTESIAN_POINT('',(-0.0481351585162102,0.0690083271686377,-0.0496234201275526));
#18343=CARTESIAN_POINT('',(-0.0480776518013561,0.0690420138222717,-0.0496332867199665));
#18344=CARTESIAN_POINT('',(-0.0480514718625762,0.0690790378467564,-0.0496071067811866));
#18345=CARTESIAN_POINT('',(-0.0484536196956741,0.0695477607664024,-0.0498678332580472));
#18346=CARTESIAN_POINT('',(-0.0480784263776389,0.0690171572875254,-0.049492639940012));
#18347=CARTESIAN_POINT('',(-0.0478784263776389,0.0693,-0.049292639940012));
#18348=CARTESIAN_POINT('',(-0.0478784263776389,0.0689,-0.049292639940012));
#18349=CARTESIAN_POINT('',(-0.0474443650813896,0.0689,-0.0488585786437627));
#18350=CARTESIAN_POINT('',(-0.047309834689803,0.0689,-0.0487240482521761));
#18351=CARTESIAN_POINT('',(-0.047309834689803,0.0693,-0.0487240482521761));
#18352=CARTESIAN_POINT('',(-0.0470270350556435,0.0692930190374251,-0.0484412486180166));
#18353=CARTESIAN_POINT('',(-0.0470357132165557,0.0685899123512552,-0.0484499267789288));
#18354=CARTESIAN_POINT('',(-0.0469615331401343,0.0746,-0.0483757467025073));
#18355=CARTESIAN_POINT('',(-0.04885,0.0686,-0.0474357864376269));
#18356=CARTESIAN_POINT('',(-0.04885,0.0746,-0.0474357864376269));
#18357=CARTESIAN_POINT('',(-0.04885,0.07155,-0.0474357864376269));
#18358=CARTESIAN_POINT('',(-0.04895,0.07155,-0.0474357864376269));
#18359=CARTESIAN_POINT('',(-0.04895,0.07155,-0.0473943650813896));
#18360=CARTESIAN_POINT('',(-0.0489207106781187,0.07155,-0.0473650757595082));
#18361=CARTESIAN_POINT('',(-0.04895,0.0715238196733753,-0.0474357864434456));
#18362=CARTESIAN_POINT('',(-0.0489500000132094,0.071502130175306,-0.0473943650945975));
#18363=CARTESIAN_POINT('',(-0.0489207106839374,0.0714714590201258,-0.047365075765327));
#18364=CARTESIAN_POINT('',(-0.0489738198672955,0.0715,-0.0475072460395146));
#18365=CARTESIAN_POINT('',(-0.0490265289383285,0.0714687584525874,-0.0474708940197191));
#18366=CARTESIAN_POINT('',(-0.0489921702800063,0.0714000000020547,-0.0474365353613959));
#18367=CARTESIAN_POINT('',(-0.049,0.0715,-0.0475857864376269));
#18368=CARTESIAN_POINT('',(-0.0490707106781186,0.0715,-0.0475150757595083));
#18369=CARTESIAN_POINT('',(-0.0490707106781187,0.0714,-0.0475150757595083));
#18370=CARTESIAN_POINT('',(-0.049,0.0714,-0.0475857864376269));
#18371=CARTESIAN_POINT('',(-0.0501313708498985,0.0714,-0.0487171572875254));
#18372=CARTESIAN_POINT('',(-0.0495363961030679,0.0714,-0.0481221825406948));
#18373=CARTESIAN_POINT('',(-0.0489,0.0714,-0.0487585786437627));
#18374=CARTESIAN_POINT('',(-0.0498,0.0714,-0.0487585786437627));
#18375=CARTESIAN_POINT('',(-0.0498,0.0714,-0.0548216499507995));
#18376=CARTESIAN_POINT('',(-0.0498,0.0714,-0.049));
#18377=CARTESIAN_POINT('',(-0.049,0.0714,-0.049));
#18378=CARTESIAN_POINT('',(-0.0497984298073894,0.0714,-0.0490500983300345));
#18379=CARTESIAN_POINT('',(-0.0498659062489246,0.0712826351822333,-0.0492453698597492));
#18380=CARTESIAN_POINT('',(-0.049858867991934,0.0712732984384928,-0.0492702077543297));
#18381=CARTESIAN_POINT('',(-0.0498393308675205,0.0712652703644666,-0.0492877429660313));
#18382=CARTESIAN_POINT('',(-0.0498617577273088,0.0713200290361626,-0.0492600099251368));
#18383=CARTESIAN_POINT('',(-0.0498543689442086,0.0713301248608543,-0.0492845104009875));
#18384=CARTESIAN_POINT('',(-0.0498403049895065,0.0713400582606025,-0.0493054182535405));
#18385=CARTESIAN_POINT('',(-0.0498842668467283,0.0713860712779539,-0.0491835455040998));
#18386=CARTESIAN_POINT('',(-0.0498809587217059,0.07144139331613,-0.0492022215025803));
#18387=CARTESIAN_POINT('',(-0.0498363347957518,0.0714721421492135,-0.049213471270169));
#18388=CARTESIAN_POINT('',(-0.0498954859090731,0.071399999687451,-0.0491001502065173));
#18389=CARTESIAN_POINT('',(-0.0498947539074154,0.0714823588159526,-0.0491118148049012));
#18390=CARTESIAN_POINT('',(-0.0498142283127426,0.0715000000000001,-0.0491072632643317));
#18391=CARTESIAN_POINT('',(-0.0498982335333133,0.0714000000000001,-0.0490563606212886));
#18392=CARTESIAN_POINT('',(-0.0498982335333133,0.0715000000000001,-0.0490563606212885));
#18393=CARTESIAN_POINT('',(-0.0497984298073896,0.0715000000000001,-0.0490500983300343));
#18394=CARTESIAN_POINT('',(-0.0498696787586621,0.0712822467342212,-0.0492472478285359));
#18395=CARTESIAN_POINT('',(-0.0498616369986244,0.0712766825163701,-0.0492622513839121));
#18396=CARTESIAN_POINT('',(-0.0498517104850913,0.0712709187603955,-0.0492761330922573));
#18397=CARTESIAN_POINT('',(-0.0498402143323452,0.0712650925913109,-0.0492884815757643));
#18398=CARTESIAN_POINT('',(-0.0498361619315206,0.0705129030338272,-0.0490115687582093));
#18399=CARTESIAN_POINT('',(-0.0499,0.0705295153260524,-0.049));
#18400=CARTESIAN_POINT('',(-0.0499,0.070523059348981,-0.0490258897710837));
#18401=CARTESIAN_POINT('',(-0.0498887862034582,0.0705166462198546,-0.0490516077132593));
#18402=CARTESIAN_POINT('',(-0.049869636424032,0.0705121505082857,-0.049069636424032));
#18403=CARTESIAN_POINT('',(-0.0498,0.0726216179807885,-0.0495216951021496));
#18404=CARTESIAN_POINT('',(-0.049869636424032,0.0700105086918034,-0.0489445450103293));
#18405=CARTESIAN_POINT('',(-0.0498887862034582,0.0700150044033723,-0.0489265162995565));
#18406=CARTESIAN_POINT('',(-0.0499,0.0700214175324986,-0.0489007983573809));
#18407=CARTESIAN_POINT('',(-0.0499,0.0700278735095701,-0.0488749085862973));
#18408=CARTESIAN_POINT('',(-0.0497994226585108,0.0702123270617327,-0.0481612017660808));
#18409=CARTESIAN_POINT('',(-0.0498630941516727,0.069734972541723,-0.0488216730876794));
#18410=CARTESIAN_POINT('',(-0.0498860142175984,0.0697457144965024,-0.0488064339699425));
#18411=CARTESIAN_POINT('',(-0.0498999457688367,0.0697626730979188,-0.0487826255763302));
#18412=CARTESIAN_POINT('',(-0.049899993117123,0.0697798394488496,-0.0487585786354246));
#18413=CARTESIAN_POINT('',(-0.0498719041192199,0.0695477607664024,-0.0485232015356078));
#18414=CARTESIAN_POINT('',(-0.0498822883165211,0.0694960816286977,-0.0485660792997665));
#18415=CARTESIAN_POINT('',(-0.0498247137072979,0.0694770500882837,-0.0485967392464233));
#18416=CARTESIAN_POINT('',(-0.0498930360990157,0.0696167389887072,-0.0486104583566803));
#18417=CARTESIAN_POINT('',(-0.0498988439089328,0.069571618086092,-0.048650707852834));
#18418=CARTESIAN_POINT('',(-0.0498491518903672,0.0695536925353987,-0.0486806898515174));
#18419=CARTESIAN_POINT('',(-0.0499,0.0696932877463213,-0.0486901909985486));
#18420=CARTESIAN_POINT('',(-0.0499027120270646,0.0696562792984757,-0.0487296917837626));
#18421=CARTESIAN_POINT('',(-0.0498597543314958,0.0696387467199371,-0.0487567840505597));
#18422=CARTESIAN_POINT('',(-0.0499,0.0697798394415454,-0.0487585786437627));
#18423=CARTESIAN_POINT('',(-0.0499,0.06975230793826,-0.0487972942388731));
#18424=CARTESIAN_POINT('',(-0.0498631736494468,0.0697349152828871,-0.0488217522932095));
#18425=CARTESIAN_POINT('',(-0.0498724048439755,0.0695477563002713,-0.0485230771309262));
#18426=CARTESIAN_POINT('',(-0.0498783585199904,0.0695172935852588,-0.0485481340934866));
#18427=CARTESIAN_POINT('',(-0.0498585763737954,0.0694880322071031,-0.0485787398844823));
#18428=CARTESIAN_POINT('',(-0.0498246831354975,0.0694770938108221,-0.0485967081960451));
#18429=CARTESIAN_POINT('',(-0.0483404415592938,0.0690892363636444,-0.0493236684552495));
#18430=CARTESIAN_POINT('',(-0.0496071067811866,0.0690790378467564,-0.0480514718625762));
#18431=CARTESIAN_POINT('',(-0.0496332867199665,0.0690420138222717,-0.0480776518013561));
#18432=CARTESIAN_POINT('',(-0.0496234201275526,0.0690083271686377,-0.0481351585162102));
#18433=CARTESIAN_POINT('',(-0.0495863961030679,0.0690083271686377,-0.0481721825406949));
#18434=CARTESIAN_POINT('',(-0.0498678332580472,0.0695477607664024,-0.0484536196956741));
#18435=CARTESIAN_POINT('',(-0.049492639940012,0.0690171572875254,-0.0480784263776389));
#18436=CARTESIAN_POINT('',(-0.049292639940012,0.0693,-0.0478784263776389));
#18437=CARTESIAN_POINT('',(-0.049292639940012,0.0689,-0.0478784263776389));
#18438=CARTESIAN_POINT('',(-0.049292639940012,0.0689,-0.0478784263776389));
#18439=CARTESIAN_POINT('',(-0.0487240482521761,0.0689,-0.047309834689803));
#18440=CARTESIAN_POINT('',(-0.0487240482521761,0.0693,-0.047309834689803));
#18441=CARTESIAN_POINT('',(-0.0484412486180166,0.0692930190374251,-0.0470270350556435));
#18442=CARTESIAN_POINT('',(-0.0484412486180166,0.0692930190374251,-0.0470270350556435));
#18443=CARTESIAN_POINT('',(-0.0483757467025073,0.0746,-0.0469615331401343));
#18444=CARTESIAN_POINT('',(-0.0415,0.0746,-0.05001));
#18445=CARTESIAN_POINT('',(-0.0417,0.0746,-0.05001));
#18446=CARTESIAN_POINT('',(-0.0417,0.0746,-0.0495));
#18447=CARTESIAN_POINT('',(-0.0417,0.0746,-0.042));
#18448=CARTESIAN_POINT('',(-0.042,0.0746,-0.042));
#18449=CARTESIAN_POINT('',(-0.042,0.0746,-0.0417));
#18450=CARTESIAN_POINT('',(-0.0415,0.0746,-0.0417));
#18451=CARTESIAN_POINT('',(-0.0495,0.0746,-0.0417));
#18452=CARTESIAN_POINT('',(-0.0495,0.0746,-0.042));
#18453=CARTESIAN_POINT('',(-0.0498,0.0746,-0.042));
#18454=CARTESIAN_POINT('',(-0.0498,0.0746,-0.05001));
#18455=CARTESIAN_POINT('',(-0.0498,0.0746,-0.049));
#18456=CARTESIAN_POINT('',(-0.049,0.0746,-0.049));
#18457=CARTESIAN_POINT('',(-0.049,0.0746,-0.0498));
#18458=CARTESIAN_POINT('',(-0.0415,0.0746,-0.0498));
#18459=CARTESIAN_POINT('',(-0.042,0.0746,-0.0498));
#18460=CARTESIAN_POINT('',(-0.042,0.0746,-0.0495));
#18461=CARTESIAN_POINT('',(-0.0415,0.0921,-0.05001));
#18462=CARTESIAN_POINT('',(-0.0461715728752538,0.0921,-0.0477272077938642));
#18463=CARTESIAN_POINT('',(-0.0453937554159486,0.0921,-0.0485050252531694));
#18464=CARTESIAN_POINT('',(-0.0451059348446489,0.0921,-0.048));
#18465=CARTESIAN_POINT('',(-0.0441993650813896,0.0921,-0.0473106349186104));
#18466=CARTESIAN_POINT('',(-0.0458887301627792,0.0921,-0.049));
#18467=CARTESIAN_POINT('',(-0.05,0.0921,-0.049));
#18468=CARTESIAN_POINT('',(-0.0425,0.0921,-0.049));
#18469=CARTESIAN_POINT('',(-0.0425,0.0921,-0.05));
#18470=CARTESIAN_POINT('',(-0.0425,0.0921,-0.048));
#18471=CARTESIAN_POINT('',(-0.0465,0.0921,-0.048));
#18472=CARTESIAN_POINT('',(-0.0490414213562373,0.0921,-0.0472029437251523));
#18473=CARTESIAN_POINT('',(-0.0478686291501015,0.0921,-0.0460301515190165));
#18474=CARTESIAN_POINT('',(-0.0490414213562373,0.0921,-0.0472029437251523));
#18475=CARTESIAN_POINT('',(-0.0489,0.0921,-0.0473443650813896));
#18476=CARTESIAN_POINT('',(-0.0491,0.0921,-0.0473443650813896));
#18477=CARTESIAN_POINT('',(-0.0491,0.0921,-0.0488));
#18478=CARTESIAN_POINT('',(-0.0491,0.0921,-0.0488));
#18479=CARTESIAN_POINT('',(-0.0488,0.0921,-0.0488));
#18480=CARTESIAN_POINT('',(-0.0488,0.0921,-0.0491));
#18481=CARTESIAN_POINT('',(-0.0473443650813896,0.0921,-0.0491));
#18482=CARTESIAN_POINT('',(-0.0473443650813896,0.0921,-0.0491));
#18483=CARTESIAN_POINT('',(-0.0473443650813896,0.0921,-0.0489));
#18484=CARTESIAN_POINT('',(-0.0472029437251523,0.0921,-0.0490414213562373));
#18485=CARTESIAN_POINT('',(-0.0460301515190165,0.0921,-0.0478686291501015));
#18486=CARTESIAN_POINT('',(-0.0460301515190165,0.0921,-0.0478686291501015));
#18487=CARTESIAN_POINT('',(-0.0461715728752538,0.0921,-0.0477272077938642));
#18488=CARTESIAN_POINT('',(-0.0460301515190165,0.0921,-0.0475857864376269));
#18489=CARTESIAN_POINT('',(-0.0468029689783217,0.0921,-0.0468129689783217));
#18490=CARTESIAN_POINT('',(-0.0475857864376269,0.0921,-0.0460301515190165));
#18491=CARTESIAN_POINT('',(-0.0477272077938642,0.0921,-0.0461715728752538));
#18492=CARTESIAN_POINT('',(-0.0465,0.0921,-0.047));
#18493=CARTESIAN_POINT('',(-0.042,0.0921,-0.047));
#18494=CARTESIAN_POINT('',(-0.0465,0.0921,-0.047));
#18495=CARTESIAN_POINT('',(-0.042,0.0921,-0.0495));
#18496=CARTESIAN_POINT('',(-0.042,0.0921,-0.0495));
#18497=CARTESIAN_POINT('',(-0.05,0.0921,-0.0495));
#18498=CARTESIAN_POINT('',(-0.049,0.0921,-0.0495));
#18499=CARTESIAN_POINT('',(-0.049,0.0921,-0.049));
#18500=CARTESIAN_POINT('',(-0.0495,0.0921,-0.049));
#18501=CARTESIAN_POINT('',(-0.0495,0.0921,-0.05001));
#18502=CARTESIAN_POINT('',(-0.0495,0.0921,-0.042));
#18503=CARTESIAN_POINT('',(-0.0465,0.0921,-0.042));
#18504=CARTESIAN_POINT('',(-0.0465,0.0921,-0.042));
#18505=CARTESIAN_POINT('',(-0.0465,0.0921,0.047));
#18506=CARTESIAN_POINT('',(-0.0477272077938642,0.0921,-0.0461715728752538));
#18507=CARTESIAN_POINT('',(-0.0475,0.0921,-0.0450952938136683));
#18508=CARTESIAN_POINT('',(-0.0485050252531694,0.0921,-0.0453937554159486));
#18509=CARTESIAN_POINT('',(-0.0475,0.0921,0.047));
#18510=CARTESIAN_POINT('',(-0.0475,0.0921,-0.0425));
#18511=CARTESIAN_POINT('',(-0.05,0.0921,-0.0425));
#18512=CARTESIAN_POINT('',(-0.049,0.0921,-0.0425));
#18513=CARTESIAN_POINT('',(-0.049,0.0921,-0.05));
#18514=CARTESIAN_POINT('',(-0.049,0.0921,-0.0458887301627792));
#18515=CARTESIAN_POINT('',(-0.0484343145750508,0.0921,-0.04532304473783));
#18516=CARTESIAN_POINT('',(0.,0.09,0.));
#18517=CARTESIAN_POINT('',(-0.0461715728752538,0.09,-0.0477272077938642));
#18518=CARTESIAN_POINT('',(-0.0453462433504317,0.09,-0.047));
#18519=CARTESIAN_POINT('',(-0.0453937554159486,0.09,-0.046949390334559));
#18520=CARTESIAN_POINT('',(-0.0465,0.09,-0.047));
#18521=CARTESIAN_POINT('',(-0.0465,0.09,-0.047));
#18522=CARTESIAN_POINT('',(-0.0465,0.09,0.047));
#18523=CARTESIAN_POINT('',(-0.0465,0.09,-0.0458431457505076));
#18524=CARTESIAN_POINT('',(-0.0461715728752538,0.09,-0.0461715728752538));
#18525=CARTESIAN_POINT('',(-0.05,0.1135,-0.0415));
#18526=CARTESIAN_POINT('',(-0.048,0.1135,-0.0415));
#18527=CARTESIAN_POINT('',(-0.048,0.08826,-0.0415));
#18528=CARTESIAN_POINT('',(-0.048,0.07626,-0.0415));
#18529=CARTESIAN_POINT('',(-0.05,0.07626,-0.0415));
#18530=CARTESIAN_POINT('',(-0.05,0.0748,-0.0415));
#18531=CARTESIAN_POINT('',(-0.042,0.0748,-0.0415));
#18532=CARTESIAN_POINT('',(-0.042,0.1135,-0.0415));
#18533=CARTESIAN_POINT('',(-0.042,0.09,-0.0415));
#18534=CARTESIAN_POINT('',(-0.05,0.09,-0.0415));
#18535=CARTESIAN_POINT('',(-0.0465,0.09,-0.0415));
#18536=CARTESIAN_POINT('',(-0.0465,0.1135,-0.0415));
#18537=CARTESIAN_POINT('',(-0.0465,0.0916,-0.0415));
#18538=CARTESIAN_POINT('',(-0.0495,0.0916,-0.0415));
#18539=CARTESIAN_POINT('',(-0.0495,0.0916,-0.0415));
#18540=CARTESIAN_POINT('',(-0.0495,0.1135,-0.0415));
#18541=CARTESIAN_POINT('',(-0.0495,0.08826,-0.0415));
#18542=CARTESIAN_POINT('',(-0.05,0.08826,-0.0415));
#18543=CARTESIAN_POINT('',(-0.0415,0.1135,-0.05));
#18544=CARTESIAN_POINT('',(-0.0415,0.0916,-0.047));
#18545=CARTESIAN_POINT('',(-0.0415,0.0916,-0.047));
#18546=CARTESIAN_POINT('',(-0.0415,0.1135,-0.047));
#18547=CARTESIAN_POINT('',(-0.0415,0.09,-0.047));
#18548=CARTESIAN_POINT('',(-0.0415,0.09,-0.05));
#18549=CARTESIAN_POINT('',(-0.0415,0.09,-0.042));
#18550=CARTESIAN_POINT('',(-0.0415,0.1135,-0.042));
#18551=CARTESIAN_POINT('',(-0.0415,0.0748,-0.042));
#18552=CARTESIAN_POINT('',(-0.0415,0.0748,-0.05));
#18553=CARTESIAN_POINT('',(-0.0415,0.0748,-0.0495));
#18554=CARTESIAN_POINT('',(-0.0415,0.1135,-0.0495));
#18555=CARTESIAN_POINT('',(-0.049,0.1135,-0.049));
#18556=CARTESIAN_POINT('',(-0.05,0.1135,-0.049));
#18557=CARTESIAN_POINT('',(-0.05,0.0916,-0.049));
#18558=CARTESIAN_POINT('',(-0.05,0.0892,-0.049));
#18559=CARTESIAN_POINT('',(-0.049,0.0916,-0.049));
#18560=CARTESIAN_POINT('',(-0.049,0.0892,-0.049));
#18561=CARTESIAN_POINT('',(-0.049,0.1135,-0.049));
#18562=CARTESIAN_POINT('',(-0.049,0.0748,-0.049));
#18563=CARTESIAN_POINT('',(-0.05,0.0748,-0.049));
#18564=CARTESIAN_POINT('',(-0.05,0.1135,-0.049));
#18565=CARTESIAN_POINT('',(-0.05,0.086,-0.049));
#18566=CARTESIAN_POINT('',(-0.049,0.086,-0.049));
#18567=CARTESIAN_POINT('',(-0.0465,0.0921,-0.047));
#18568=CARTESIAN_POINT('',(-0.042,0.0916,-0.047));
#18569=CARTESIAN_POINT('',(-0.0465,0.0921,-0.047));
#18570=CARTESIAN_POINT('',(-0.0465,0.09,-0.047));
#18571=CARTESIAN_POINT('',(-0.0425,0.09,-0.047));
#18572=CARTESIAN_POINT('',(-0.0465,0.09,-0.047));
#18573=CARTESIAN_POINT('',(-0.0465,0.0921,0.047));
#18574=CARTESIAN_POINT('',(-0.0465,0.0916,-0.042));
#18575=CARTESIAN_POINT('',(-0.0465,0.09,0.047));
#18576=CARTESIAN_POINT('',(-0.0465,0.09,-0.0425));
#18577=CARTESIAN_POINT('',(-0.0465,0.09,0.047));
#18578=CARTESIAN_POINT('',(0.,0.09,0.));
#18579=CARTESIAN_POINT('',(-0.042,0.09,-0.042));
#18580=CARTESIAN_POINT('',(-0.0425,0.09,-0.05));
#18581=CARTESIAN_POINT('',(-0.0425,0.09,-0.0425));
#18582=CARTESIAN_POINT('',(-0.05,0.09,-0.0425));
#18583=CARTESIAN_POINT('',(-0.05,0.1135,-0.05));
#18584=CARTESIAN_POINT('',(-0.05,0.0748,-0.05));
#18585=CARTESIAN_POINT('',(-0.05,0.07626,-0.0270000000000006));
#18586=CARTESIAN_POINT('',(-0.05,0.07626,-0.0270000000000006));
#18587=CARTESIAN_POINT('',(-0.05,0.05976,-0.0156973454445432));
#18588=CARTESIAN_POINT('',(-0.05,0.07976,-0.0156973454445432));
#18589=CARTESIAN_POINT('',(-0.05,0.07976,0.0156973454445422));
#18590=CARTESIAN_POINT('',(-0.05,0.07976,0.0156973454445422));
#18591=CARTESIAN_POINT('',(-0.05,0.05976,0.0156973454445422));
#18592=CARTESIAN_POINT('',(-0.05,0.07626,0.0269999999999995));
#18593=CARTESIAN_POINT('',(-0.05,0.07626,0.0269999999999995));
#18594=CARTESIAN_POINT('',(-0.05,0.07626,0.042));
#18595=CARTESIAN_POINT('',(-0.05,0.1135,0.042));
#18596=CARTESIAN_POINT('',(-0.05,0.0748,0.042));
#18597=CARTESIAN_POINT('',(-0.05,0.0748,0.05));
#18598=CARTESIAN_POINT('',(-0.05,0.0748,0.049));
#18599=CARTESIAN_POINT('',(-0.05,0.1135,0.049));
#18600=CARTESIAN_POINT('',(-0.05,0.086,0.049));
#18601=CARTESIAN_POINT('',(-0.05,0.086,0.05));
#18602=CARTESIAN_POINT('',(-0.05,0.086,0.0483443650813896));
#18603=CARTESIAN_POINT('',(-0.05,0.0862,0.0483443650813896));
#18604=CARTESIAN_POINT('',(-0.05,0.0862,0.048061522368915));
#18605=CARTESIAN_POINT('',(-0.05,0.0862,0.048061522368915));
#18606=CARTESIAN_POINT('',(-0.05,0.089,0.048061522368915));
#18607=CARTESIAN_POINT('',(-0.05,0.089,0.0483443650813896));
#18608=CARTESIAN_POINT('',(-0.05,0.0892,0.0483443650813896));
#18609=CARTESIAN_POINT('',(-0.05,0.0892,0.0484443650813896));
#18610=CARTESIAN_POINT('',(-0.05,0.0892,0.049));
#18611=CARTESIAN_POINT('',(-0.05,0.1135,0.049));
#18612=CARTESIAN_POINT('',(-0.05,0.0916,0.049));
#18613=CARTESIAN_POINT('',(-0.05,0.0916,0.05));
#18614=CARTESIAN_POINT('',(-0.05,0.0916,0.042));
#18615=CARTESIAN_POINT('',(-0.05,0.1135,0.042));
#18616=CARTESIAN_POINT('',(-0.05,0.08826,0.0419999999999995));
#18617=CARTESIAN_POINT('',(-0.05,0.08826,0.0269999999999995));
#18618=CARTESIAN_POINT('',(-0.05,0.08826,0.0269999999999995));
#18619=CARTESIAN_POINT('',(-0.05,0.10476,0.0156973454445422));
#18620=CARTESIAN_POINT('',(-0.05,0.08476,0.0156973454445422));
#18621=CARTESIAN_POINT('',(-0.05,0.08476,0.0156973454445422));
#18622=CARTESIAN_POINT('',(-0.05,0.08476,-0.0156973454445432));
#18623=CARTESIAN_POINT('',(-0.05,0.10476,-0.0156973454445432));
#18624=CARTESIAN_POINT('',(-0.05,0.08826,-0.0270000000000006));
#18625=CARTESIAN_POINT('',(-0.05,0.08826,-0.0270000000000006));
#18626=CARTESIAN_POINT('',(-0.05,0.08826,-0.042));
#18627=CARTESIAN_POINT('',(-0.05,0.1135,-0.042));
#18628=CARTESIAN_POINT('',(-0.05,0.0916,-0.042));
#18629=CARTESIAN_POINT('',(-0.05,0.0916,-0.05));
#18630=CARTESIAN_POINT('',(-0.05,0.0892,-0.0484443650813896));
#18631=CARTESIAN_POINT('',(-0.05,0.0892,-0.0483443650813896));
#18632=CARTESIAN_POINT('',(-0.05,0.089,-0.0483443650813896));
#18633=CARTESIAN_POINT('',(-0.05,0.089,-0.048061522368915));
#18634=CARTESIAN_POINT('',(-0.05,0.0862,-0.048061522368915));
#18635=CARTESIAN_POINT('',(-0.05,0.0862,-0.048061522368915));
#18636=CARTESIAN_POINT('',(-0.05,0.0862,-0.0483443650813896));
#18637=CARTESIAN_POINT('',(-0.05,0.086,-0.0483443650813896));
#18638=CARTESIAN_POINT('',(-0.05,0.086,-0.05));
#18639=CARTESIAN_POINT('',(-0.0483443650813896,0.0861,-0.0499));
#18640=CARTESIAN_POINT('',(-0.0483443650813896,0.0861,-0.05));
#18641=CARTESIAN_POINT('',(-0.0483443650813896,0.086,-0.05));
#18642=CARTESIAN_POINT('',(-0.0482888288132634,0.0861,-0.0498814879106245));
#18643=CARTESIAN_POINT('',(-0.0482831638039201,0.0861204006405822,-0.0499999999999983));
#18644=CARTESIAN_POINT('',(-0.0482703167238882,0.0860000000005791,-0.05));
#18645=CARTESIAN_POINT('',(-0.0481781992320523,0.0861216687222347,-0.0498446113831687));
#18646=CARTESIAN_POINT('',(-0.048195872241942,0.0862378259228405,-0.0500000000000012));
#18647=CARTESIAN_POINT('',(-0.0481228106152207,0.0860433374441798,-0.05));
#18648=CARTESIAN_POINT('',(-0.0481322330481904,0.0861738198430561,-0.0498292893230382));
#18649=CARTESIAN_POINT('',(-0.0483029436551304,0.0862370286081331,-0.0499999999999997));
#18650=CARTESIAN_POINT('',(-0.0480615223712288,0.0861476396861121,-0.05));
#18651=CARTESIAN_POINT('',(-0.0481322330470336,0.0862,-0.0498292893218813));
#18652=CARTESIAN_POINT('',(-0.0483029437251523,0.0862,-0.05));
#18653=CARTESIAN_POINT('',(-0.048061522368915,0.0862,-0.05));
#18654=CARTESIAN_POINT('',(-0.0483443650813896,0.086,-0.0499));
#18655=CARTESIAN_POINT('',(-0.0483443650813896,0.0861,-0.0499));
#18656=CARTESIAN_POINT('',(-0.0483443650813896,0.0862,-0.0499));
#18657=CARTESIAN_POINT('',(-0.0481322330470337,0.0862,-0.0498292893218814));
#18658=CARTESIAN_POINT('',(-0.048061522368915,0.0862,-0.0499));
#18659=CARTESIAN_POINT('',(-0.05,0.086,-0.0499));
#18660=CARTESIAN_POINT('',(-0.049,0.086,-0.0499));
#18661=CARTESIAN_POINT('',(-0.049,0.0861,-0.0499));
#18662=CARTESIAN_POINT('',(-0.0488,0.0861,-0.0499));
#18663=CARTESIAN_POINT('',(-0.049,0.086,-0.049));
#18664=CARTESIAN_POINT('',(-0.0499,0.086,-0.049));
#18665=CARTESIAN_POINT('',(-0.0499,0.0861,-0.049));
#18666=CARTESIAN_POINT('',(-0.049,0.0861,-0.049));
#18667=CARTESIAN_POINT('',(-0.0499,0.086,-0.05));
#18668=CARTESIAN_POINT('',(-0.0499,0.086,-0.0483443650813896));
#18669=CARTESIAN_POINT('',(-0.0499,0.0861,-0.0483443650813896));
#18670=CARTESIAN_POINT('',(-0.0499,0.0861,-0.0488));
#18671=CARTESIAN_POINT('',(-0.0498292893218813,0.0862,-0.0481322330470336));
#18672=CARTESIAN_POINT('',(-0.05,0.0862,-0.0483029437251523));
#18673=CARTESIAN_POINT('',(-0.05,0.0862,-0.048061522368915));
#18674=CARTESIAN_POINT('',(-0.0498292893230382,0.0861738198430561,-0.0481322330481904));
#18675=CARTESIAN_POINT('',(-0.0499999999999997,0.0862370286081331,-0.0483029436551304));
#18676=CARTESIAN_POINT('',(-0.05,0.0861476396861121,-0.0480615223712288));
#18677=CARTESIAN_POINT('',(-0.0498446113831687,0.0861216687222347,-0.0481781992320523));
#18678=CARTESIAN_POINT('',(-0.0500000000000012,0.0862378259228405,-0.048195872241942));
#18679=CARTESIAN_POINT('',(-0.05,0.0860433374441798,-0.0481228106152207));
#18680=CARTESIAN_POINT('',(-0.0498814879106245,0.0861,-0.0482888288132634));
#18681=CARTESIAN_POINT('',(-0.0499999999999983,0.0861204006405822,-0.0482831638039201));
#18682=CARTESIAN_POINT('',(-0.05,0.086000000000579,-0.0482703167238882));
#18683=CARTESIAN_POINT('',(-0.0499,0.0861,-0.0483443650813896));
#18684=CARTESIAN_POINT('',(-0.05,0.0861,-0.0483443650813896));
#18685=CARTESIAN_POINT('',(-0.05,0.086,-0.0483443650813896));
#18686=CARTESIAN_POINT('',(-0.0499,0.0862,-0.048061522368915));
#18687=CARTESIAN_POINT('',(-0.0498292893218814,0.0862,-0.0481322330470337));
#18688=CARTESIAN_POINT('',(-0.0499,0.0862,-0.0483443650813896));
#18689=CARTESIAN_POINT('',(-0.0472855642157268,0.0890903841267384,-0.0490866233235195));
#18690=CARTESIAN_POINT('',(-0.047273654403271,0.089,-0.0489707106781187));
#18691=CARTESIAN_POINT('',(-0.0473225008366736,0.0890345396442957,-0.0490195571115213));
#18692=CARTESIAN_POINT('',(-0.0473676347314935,0.0890581098703353,-0.049041089883368));
#18693=CARTESIAN_POINT('',(-0.0473943650813896,0.0890707106781187,-0.04905));
#18694=CARTESIAN_POINT('',(-0.047273654403271,0.089,-0.0489707106781187));
#18695=CARTESIAN_POINT('',(-0.0473943650813896,0.0890707106781187,-0.04905));
#18696=CARTESIAN_POINT('',(-0.0473443650813896,0.0891414213562373,-0.049));
#18697=CARTESIAN_POINT('',(-0.0473265448481255,0.0891162197406706,-0.049));
#18698=CARTESIAN_POINT('',(-0.0472980776199722,0.0890690792885915,-0.0489951338948199));
#18699=CARTESIAN_POINT('',(-0.0472736544032709,0.089,-0.0489707106781187));
#18700=CARTESIAN_POINT('',(-0.0473443650813896,0.0891414213562373,-0.049));
#18701=CARTESIAN_POINT('',(-0.0473443664039638,0.0891414202699781,-0.0489999319602858));
#18702=CARTESIAN_POINT('',(-0.047364648975509,0.0891127265590047,-0.04900078431565));
#18703=CARTESIAN_POINT('',(-0.0473838245849163,0.0890856081521141,-0.0490199599250573));
#18704=CARTESIAN_POINT('',(-0.0473943989944326,0.0890706635019766,-0.0490499645507545));
#18705=CARTESIAN_POINT('',(-0.0488,0.0861,-0.049));
#18706=CARTESIAN_POINT('',(-0.0473443650813896,0.0921,-0.049));
#18707=CARTESIAN_POINT('',(-0.0473443650813896,0.092,-0.049));
#18708=CARTESIAN_POINT('',(-0.0488,0.092,-0.049));
#18709=CARTESIAN_POINT('',(-0.0488,0.092,-0.049));
#18710=CARTESIAN_POINT('',(-0.0488,0.0861,-0.049));
#18711=CARTESIAN_POINT('',(-0.0488,0.0892,-0.049));
#18712=CARTESIAN_POINT('',(-0.0488,0.0892,-0.049));
#18713=CARTESIAN_POINT('',(-0.0475443650813896,0.0892,-0.049));
#18714=CARTESIAN_POINT('',(-0.0475443650813896,0.0892,-0.049));
#18715=CARTESIAN_POINT('',(-0.0474697335026232,0.0892,-0.049));
#18716=CARTESIAN_POINT('',(-0.0473976766511778,0.0891791183287502,-0.049));
#18717=CARTESIAN_POINT('',(-0.0473443650813896,0.0891414213562373,-0.049));
#18718=CARTESIAN_POINT('',(-0.0488,0.0861,-0.0488));
#18719=CARTESIAN_POINT('',(-0.0488,0.092,-0.0488));
#18720=CARTESIAN_POINT('',(-0.049,0.092,-0.0488));
#18721=CARTESIAN_POINT('',(-0.049,0.0861,-0.0488));
#18722=CARTESIAN_POINT('',(-0.049,0.0892,-0.0488));
#18723=CARTESIAN_POINT('',(-0.0488,0.0892,-0.0488));
#18724=CARTESIAN_POINT('',(-0.0491,0.092,-0.05001));
#18725=CARTESIAN_POINT('',(-0.0491,0.092,-0.0473443650813896));
#18726=CARTESIAN_POINT('',(-0.049,0.092,-0.0473443650813896));
#18727=CARTESIAN_POINT('',(-0.049,0.092,-0.0473443650813896));
#18728=CARTESIAN_POINT('',(-0.0491,0.092,-0.0488));
#18729=CARTESIAN_POINT('',(-0.0489,0.092,-0.0473443650813896));
#18730=CARTESIAN_POINT('',(-0.0490414213562373,0.092,-0.0472029437251523));
#18731=CARTESIAN_POINT('',(-0.0489707106781187,0.092,-0.047273654403271));
#18732=CARTESIAN_POINT('',(-0.0489,0.092,-0.0473443650813896));
#18733=CARTESIAN_POINT('',(-0.0509242388155425,0.092,-0.0490857611844575));
#18734=CARTESIAN_POINT('',(-0.0478686291501015,0.092,-0.0460301515190165));
#18735=CARTESIAN_POINT('',(-0.0477979184719829,0.092,-0.0461008621971352));
#18736=CARTESIAN_POINT('',(-0.0477979184719829,0.092,-0.0461008621971352));
#18737=CARTESIAN_POINT('',(-0.0477272077938642,0.092,-0.0461715728752538));
#18738=CARTESIAN_POINT('',(-0.0475857864376269,0.092,-0.0460301515190165));
#18739=CARTESIAN_POINT('',(-0.0476564971157456,0.092,-0.0461008621971352));
#18740=CARTESIAN_POINT('',(-0.0477272077938642,0.092,-0.0461715728752538));
#18741=CARTESIAN_POINT('',(-0.0477272077938642,0.0861,-0.0460301515190165));
#18742=CARTESIAN_POINT('',(-0.0476564971157456,0.0861,-0.0461008621971352));
#18743=CARTESIAN_POINT('',(-0.0476564971157456,0.0862,-0.0461008621971352));
#18744=CARTESIAN_POINT('',(-0.0477272077938642,0.092,-0.0460301515190165));
#18745=CARTESIAN_POINT('',(-0.0461008621971352,0.092,-0.0476564971157456));
#18746=CARTESIAN_POINT('',(-0.0461008621971352,0.0861,-0.0476564971157456));
#18747=CARTESIAN_POINT('',(-0.0461008621971352,0.0862,-0.0476564971157456));
#18748=CARTESIAN_POINT('',(-0.0477272077938642,0.0862,-0.0460301515190165));
#18749=CARTESIAN_POINT('',(-0.0461715728752538,0.092,-0.0477272077938642));
#18750=CARTESIAN_POINT('',(-0.0460301515190165,0.092,-0.0475857864376269));
#18751=CARTESIAN_POINT('',(-0.0460301515190165,0.092,-0.0478686291501015));
#18752=CARTESIAN_POINT('',(-0.0461008621971352,0.092,-0.0477979184719829));
#18753=CARTESIAN_POINT('',(-0.0461715728752538,0.092,-0.0477272077938642));
#18754=CARTESIAN_POINT('',(-0.0476564971157456,0.092,-0.0459594408408979));
#18755=CARTESIAN_POINT('',(-0.0477272077938642,0.0861,-0.0461715728752538));
#18756=CARTESIAN_POINT('',(-0.0477979184719829,0.0861,-0.0461008621971352));
#18757=CARTESIAN_POINT('',(-0.0477979184719829,0.0862,-0.0461008621971352));
#18758=CARTESIAN_POINT('',(-0.0477272077938642,0.0862,-0.0461715728752538));
#18759=CARTESIAN_POINT('',(-0.0477272077938642,0.0862,-0.0461715728752538));
#18760=CARTESIAN_POINT('',(-0.0477272077938642,0.0862,-0.0461715728752538));
#18761=CARTESIAN_POINT('',(-0.0477272077938642,0.0861,-0.0461715728752538));
#18762=CARTESIAN_POINT('',(-0.0477272077938642,0.0862,-0.0461715728752538));
#18763=CARTESIAN_POINT('',(-0.0476564971157456,0.0862,-0.0461008621971352));
#18764=CARTESIAN_POINT('',(-0.0495778174593052,0.0861,-0.0480221825406948));
#18765=CARTESIAN_POINT('',(-0.0477272077938642,0.0862,-0.0460301515190165));
#18766=CARTESIAN_POINT('',(-0.0499,0.0861,-0.048061522368915));
#18767=CARTESIAN_POINT('',(-0.0499,0.089,-0.048061522368915));
#18768=CARTESIAN_POINT('',(-0.0498292893218814,0.089,-0.0481322330470337));
#18769=CARTESIAN_POINT('',(-0.0498292893218814,0.089,-0.0481322330470337));
#18770=CARTESIAN_POINT('',(-0.0499,0.0891,-0.0483443650813896));
#18771=CARTESIAN_POINT('',(-0.05,0.0891,-0.0483443650813896));
#18772=CARTESIAN_POINT('',(-0.05,0.0892,-0.0483443650813896));
#18773=CARTESIAN_POINT('',(-0.0498814879106245,0.0891,-0.0482888288132634));
#18774=CARTESIAN_POINT('',(-0.049999999999999,0.0890795993594172,-0.0482831638039195));
#18775=CARTESIAN_POINT('',(-0.05,0.089199999999421,-0.0482703167238882));
#18776=CARTESIAN_POINT('',(-0.0498446113831687,0.0890783312777653,-0.0481781992320523));
#18777=CARTESIAN_POINT('',(-0.0500000000000008,0.0889621740771539,-0.0481958722419427));
#18778=CARTESIAN_POINT('',(-0.05,0.0891566625558202,-0.0481228106152207));
#18779=CARTESIAN_POINT('',(-0.0498292893230382,0.0890261801569439,-0.0481322330481904));
#18780=CARTESIAN_POINT('',(-0.0499999999999997,0.0889629713918837,-0.0483029436551307));
#18781=CARTESIAN_POINT('',(-0.05,0.0890523603138879,-0.0480615223712288));
#18782=CARTESIAN_POINT('',(-0.0498292893218813,0.089,-0.0481322330470336));
#18783=CARTESIAN_POINT('',(-0.05,0.0889999999999999,-0.0483029437251523));
#18784=CARTESIAN_POINT('',(-0.05,0.089,-0.048061522368915));
#18785=CARTESIAN_POINT('',(-0.0499,0.0892,-0.0483443650813896));
#18786=CARTESIAN_POINT('',(-0.0499,0.0891,-0.0483443650813896));
#18787=CARTESIAN_POINT('',(-0.0499,0.089,-0.0483443650813896));
#18788=CARTESIAN_POINT('',(-0.0499,0.0892,9.00340792280726E-18));
#18789=CARTESIAN_POINT('',(-0.0499,0.0892,-0.049));
#18790=CARTESIAN_POINT('',(-0.0499,0.0891,-0.049));
#18791=CARTESIAN_POINT('',(-0.0499,0.0891,-0.049));
#18792=CARTESIAN_POINT('',(-0.049,0.0892,-0.049));
#18793=CARTESIAN_POINT('',(-0.049,0.0892,-0.0499));
#18794=CARTESIAN_POINT('',(-0.049,0.0891,-0.0499));
#18795=CARTESIAN_POINT('',(-0.049,0.0891,-0.049));
#18796=CARTESIAN_POINT('',(1.14524293006569E-17,0.0892,-0.0499));
#18797=CARTESIAN_POINT('',(-0.0483443650813896,0.0892,-0.0499));
#18798=CARTESIAN_POINT('',(-0.0483443650813896,0.0891,-0.0499));
#18799=CARTESIAN_POINT('',(-0.0484443650813896,0.0891,-0.0499));
#18800=CARTESIAN_POINT('',(-0.0481322330470336,0.089,-0.0498292893218813));
#18801=CARTESIAN_POINT('',(-0.0483029437251523,0.0889999999999999,-0.05));
#18802=CARTESIAN_POINT('',(-0.048061522368915,0.089,-0.05));
#18803=CARTESIAN_POINT('',(-0.0481322330481904,0.0890261801569439,-0.0498292893230382));
#18804=CARTESIAN_POINT('',(-0.0483029436551307,0.0889629713918837,-0.0499999999999997));
#18805=CARTESIAN_POINT('',(-0.0480615223712288,0.0890523603138879,-0.05));
#18806=CARTESIAN_POINT('',(-0.0481781992320523,0.0890783312777653,-0.0498446113831687));
#18807=CARTESIAN_POINT('',(-0.0481958722419427,0.0889621740771539,-0.0500000000000008));
#18808=CARTESIAN_POINT('',(-0.0481228106152207,0.0891566625558202,-0.05));
#18809=CARTESIAN_POINT('',(-0.0482888288132634,0.0891,-0.0498814879106245));
#18810=CARTESIAN_POINT('',(-0.0482831638039195,0.0890795993594172,-0.049999999999999));
#18811=CARTESIAN_POINT('',(-0.0482703167238882,0.089199999999421,-0.05));
#18812=CARTESIAN_POINT('',(-0.0483443650813896,0.0891,-0.0499));
#18813=CARTESIAN_POINT('',(-0.0483443650813896,0.0891,-0.05));
#18814=CARTESIAN_POINT('',(-0.0483443650813896,0.0892,-0.05));
#18815=CARTESIAN_POINT('',(-0.048061522368915,0.089,-0.0499));
#18816=CARTESIAN_POINT('',(-0.0481322330470337,0.089,-0.0498292893218814));
#18817=CARTESIAN_POINT('',(-0.0483443650813896,0.089,-0.0499));
#18818=CARTESIAN_POINT('',(-0.048061522368915,0.0861,-0.0499));
#18819=CARTESIAN_POINT('',(-0.0481322330470337,0.0862,-0.0498292893218814));
#18820=CARTESIAN_POINT('',(-0.047373654403271,0.0862,-0.0489292893218814));
#18821=CARTESIAN_POINT('',(-0.0473029437251523,0.0862,-0.049));
#18822=CARTESIAN_POINT('',(-0.0461008621971352,0.0862,-0.0477979184719829));
#18823=CARTESIAN_POINT('',(-0.0480221825406948,0.0861,-0.0495778174593052));
#18824=CARTESIAN_POINT('',(-0.0461715728752538,0.0861,-0.0477272077938642));
#18825=CARTESIAN_POINT('',(-0.0461715728752538,0.0862,-0.0477272077938642));
#18826=CARTESIAN_POINT('',(-0.0461715728752538,0.0862,-0.0477272077938642));
#18827=CARTESIAN_POINT('',(-0.0461715728752538,0.0862,-0.0477272077938642));
#18828=CARTESIAN_POINT('',(-0.0461715728752538,0.0862,-0.0477272077938642));
#18829=CARTESIAN_POINT('',(-0.0488,0.0861,-0.0488));
#18830=CARTESIAN_POINT('',(-0.0461008621971352,0.0861,-0.0477979184719829));
#18831=CARTESIAN_POINT('',(-0.046949390334559,0.0862,-0.046949390334559));
#18832=CARTESIAN_POINT('',(-0.0461715728752538,0.0861,-0.0477272077938642));
#18833=CARTESIAN_POINT('',(-0.0461008621971352,0.0861,-0.0477979184719829));
#18834=CARTESIAN_POINT('',(-0.0490857611844575,0.092,-0.0509242388155425));
#18835=CARTESIAN_POINT('',(-0.0472029437251523,0.092,-0.0490414213562373));
#18836=CARTESIAN_POINT('',(-0.047273654403271,0.092,-0.0489707106781187));
#18837=CARTESIAN_POINT('',(-0.047273654403271,0.092,-0.0489707106781187));
#18838=CARTESIAN_POINT('',(-0.0473443650813896,0.092,-0.0489));
#18839=CARTESIAN_POINT('',(-0.0473443650813896,0.092,-0.0491));
#18840=CARTESIAN_POINT('',(-0.0473443650813896,0.092,-0.0489));
#18841=CARTESIAN_POINT('',(-0.05,0.092,-0.0491));
#18842=CARTESIAN_POINT('',(-0.0488,0.092,-0.0491));
#18843=CARTESIAN_POINT('',(-0.0488,0.092,-0.0488));
#18844=CARTESIAN_POINT('',(-0.049,0.0861,-0.0473029437251523));
#18845=CARTESIAN_POINT('',(-0.049,0.0891,-0.0473443650813896));
#18846=CARTESIAN_POINT('',(-0.049,0.0891414213562373,-0.0473443650813896));
#18847=CARTESIAN_POINT('',(-0.049,0.0891414213562373,-0.0473443650813896));
#18848=CARTESIAN_POINT('',(-0.049,0.0891804737854124,-0.0473995935563727));
#18849=CARTESIAN_POINT('',(-0.049,0.0892,-0.0474662602230394));
#18850=CARTESIAN_POINT('',(-0.049,0.0892,-0.0475443650813896));
#18851=CARTESIAN_POINT('',(-0.049,0.0892,-0.0475443650813896));
#18852=CARTESIAN_POINT('',(-0.049,0.0892,-0.0473029437251523));
#18853=CARTESIAN_POINT('',(-0.0490924741295462,0.0891557967897551,-0.0473708564587033));
#18854=CARTESIAN_POINT('',(-0.049,0.0892,-0.0475443650813896));
#18855=CARTESIAN_POINT('',(-0.049,0.0891476401224402,-0.0475443650813896));
#18856=CARTESIAN_POINT('',(-0.0490476401224402,0.0891,-0.0475443650813896));
#18857=CARTESIAN_POINT('',(-0.0491,0.0891,-0.0475443650813896));
#18858=CARTESIAN_POINT('',(-0.0491,0.0891,-0.0475443650813896));
#18859=CARTESIAN_POINT('',(-0.0489959326479517,0.0891414083976762,-0.0473449889214493));
#18860=CARTESIAN_POINT('',(-0.0489990267323769,0.0891127609798393,-0.0473645668583259));
#18861=CARTESIAN_POINT('',(-0.0490212151376862,0.089085748508315,-0.0473818336161146));
#18862=CARTESIAN_POINT('',(-0.0490519853517377,0.0890746041453017,-0.0473927426147594));
#18863=CARTESIAN_POINT('',(-0.04905,0.0890707106781187,-0.0473943650813896));
#18864=CARTESIAN_POINT('',(-0.0491,0.0891,-0.0475443650813896));
#18865=CARTESIAN_POINT('',(-0.049085178678909,0.0891,-0.047492519735814));
#18866=CARTESIAN_POINT('',(-0.0490702433639434,0.089089222690361,-0.0474407883841129));
#18867=CARTESIAN_POINT('',(-0.04905,0.0890707106781187,-0.0473943650813897));
#18868=CARTESIAN_POINT('',(-0.0490866233250464,0.0890903841298857,-0.047285564218652));
#18869=CARTESIAN_POINT('',(-0.0489707106781187,0.089,-0.0472736544032709));
#18870=CARTESIAN_POINT('',(-0.0489951338948199,0.0890690792885915,-0.0472980776199722));
#18871=CARTESIAN_POINT('',(-0.049,0.0891162197406706,-0.0473265448481255));
#18872=CARTESIAN_POINT('',(-0.049,0.0891414213562373,-0.0473443650813896));
#18873=CARTESIAN_POINT('',(-0.0489707106781187,0.089,-0.047273654403271));
#18874=CARTESIAN_POINT('',(-0.04905,0.0890707106781187,-0.0473943650813897));
#18875=CARTESIAN_POINT('',(-0.049041089883368,0.0890581098703353,-0.0473676347314935));
#18876=CARTESIAN_POINT('',(-0.0490195571115212,0.0890345396442957,-0.0473225008366735));
#18877=CARTESIAN_POINT('',(-0.0489707106781187,0.089,-0.047273654403271));
#18878=CARTESIAN_POINT('',(-0.0489,0.0861,-0.0473443650813896));
#18879=CARTESIAN_POINT('',(-0.0489707106781187,0.0921,-0.047273654403271));
#18880=CARTESIAN_POINT('',(-0.0477272077938642,0.0861,-0.0460301515190165));
#18881=CARTESIAN_POINT('',(-0.049,0.089,-0.0473029437251523));
#18882=CARTESIAN_POINT('',(-0.0476564971157456,0.089,-0.0461008621971352));
#18883=CARTESIAN_POINT('',(-0.0499292893218814,0.0891,-0.048373654403271));
#18884=CARTESIAN_POINT('',(-0.0491,0.0892,-0.0473029437251523));
#18885=CARTESIAN_POINT('',(-0.0491,0.0892,-0.0488));
#18886=CARTESIAN_POINT('',(-0.0491,0.0891,-0.0488));
#18887=CARTESIAN_POINT('',(-0.0491,0.0891,2.36527579938674E-16));
#18888=CARTESIAN_POINT('',(-0.0488,0.0892,-0.0488));
#18889=CARTESIAN_POINT('',(-0.0488,0.0892,-0.0491));
#18890=CARTESIAN_POINT('',(-0.0488,0.0891,-0.0491));
#18891=CARTESIAN_POINT('',(-0.0488,0.0891,-0.0488));
#18892=CARTESIAN_POINT('',(-0.0488,0.0892,-0.0491));
#18893=CARTESIAN_POINT('',(-0.0475443650813896,0.0891,-0.0491));
#18894=CARTESIAN_POINT('',(-0.0475443650813896,0.0891,-0.0490476401224402));
#18895=CARTESIAN_POINT('',(-0.0475443650813896,0.0891476401224402,-0.049));
#18896=CARTESIAN_POINT('',(-0.0475443650813896,0.0892,-0.049));
#18897=CARTESIAN_POINT('',(-0.0475443650813896,0.0891,-0.0491));
#18898=CARTESIAN_POINT('',(2.38976601316523E-16,0.0891,-0.0491));
#18899=CARTESIAN_POINT('',(-0.0475388986226517,0.0888426372246102,-0.0490972541507425));
#18900=CARTESIAN_POINT('',(-0.0473943650813897,0.0890707106781187,-0.0490500000000001));
#18901=CARTESIAN_POINT('',(-0.0474210954312858,0.089083311485902,-0.0490589101166321));
#18902=CARTESIAN_POINT('',(-0.0474710954312858,0.0891,-0.0490755767832988));
#18903=CARTESIAN_POINT('',(-0.0475443650813897,0.0891,-0.0491));
#18904=CARTESIAN_POINT('',(-0.0473443650813896,0.0861,-0.0489));
#18905=CARTESIAN_POINT('',(-0.047273654403271,0.0891,-0.0489707106781187));
#18906=CARTESIAN_POINT('',(-0.0473029437251523,0.0861,-0.049));
#18907=CARTESIAN_POINT('',(-0.0483029437251523,0.089,-0.05));
#18908=CARTESIAN_POINT('',(-0.047373654403271,0.089,-0.0489292893218814));
#18909=CARTESIAN_POINT('',(-0.047373654403271,0.0891,-0.0489292893218814));
#18910=CARTESIAN_POINT('',(1.13968527085408E-17,0.0891,8.94783133069115E-18));
#18911=CARTESIAN_POINT('',(-0.0495,0.0916,-0.05));
#18912=CARTESIAN_POINT('',(-0.0495,0.0916,-0.042));
#18913=CARTESIAN_POINT('',(-0.0495,0.0916,-0.049));
#18914=CARTESIAN_POINT('',(-0.049,0.0916,-0.049));
#18915=CARTESIAN_POINT('',(-0.049,0.0916,-0.0495));
#18916=CARTESIAN_POINT('',(-0.05,0.0916,-0.0495));
#18917=CARTESIAN_POINT('',(-0.042,0.0916,-0.0495));
#18918=CARTESIAN_POINT('',(0.,0.09,0.));
#18919=CARTESIAN_POINT('',(-0.0461715728752538,0.09,-0.0477272077938642));
#18920=CARTESIAN_POINT('',(-0.0451059348446489,0.09,-0.048));
#18921=CARTESIAN_POINT('',(0.,0.09,-0.048));
#18922=CARTESIAN_POINT('',(-0.0425,0.09,-0.048));
#18923=CARTESIAN_POINT('',(-0.0425,0.09,-0.05));
#18924=CARTESIAN_POINT('',(0.,0.09,0.));
#18925=CARTESIAN_POINT('',(-0.05,0.09,-0.0425));
#18926=CARTESIAN_POINT('',(-0.0475,0.09,-0.0425));
#18927=CARTESIAN_POINT('',(-0.0475,0.09,0.));
#18928=CARTESIAN_POINT('',(-0.0475,0.09,-0.0450952938136683));
#18929=CARTESIAN_POINT('',(-0.0477272077938642,0.09,-0.0461715728752538));
#18930=CARTESIAN_POINT('',(-0.046949390334559,0.09,-0.0453937554159486));
#18931=CARTESIAN_POINT('',(-0.0461715728752538,0.09,-0.0461715728752538));
#18932=CARTESIAN_POINT('',(-0.05,0.1135,-0.0425));
#18933=CARTESIAN_POINT('',(-0.0475,0.1135,-0.0425));
#18934=CARTESIAN_POINT('',(-0.0425,0.1135,-0.0425));
#18935=CARTESIAN_POINT('',(-0.0425,0.0756,-0.0425));
#18936=CARTESIAN_POINT('',(-0.0415,0.0756,-0.0425));
#18937=CARTESIAN_POINT('',(-0.049,0.0756,-0.0425));
#18938=CARTESIAN_POINT('',(-0.049,0.1135,-0.0425));
#18939=CARTESIAN_POINT('',(-0.0425,0.1135,-0.05));
#18940=CARTESIAN_POINT('',(-0.0425,0.1135,-0.049));
#18941=CARTESIAN_POINT('',(-0.0425,0.0756,-0.049));
#18942=CARTESIAN_POINT('',(-0.0425,0.0756,-0.05001));
#18943=CARTESIAN_POINT('',(-0.0425,0.1135,-0.048));
#18944=CARTESIAN_POINT('',(-0.0415,0.0756,-0.05001));
#18945=CARTESIAN_POINT('',(-0.05,0.0756,-0.049));
#18946=CARTESIAN_POINT('',(-0.049,0.0756,-0.049));
#18947=CARTESIAN_POINT('',(-0.049,0.0756,-0.05));
#18948=CARTESIAN_POINT('',(-0.0465,0.0921,-0.048));
#18949=CARTESIAN_POINT('',(-0.0451059348446489,0.0861,-0.048));
#18950=CARTESIAN_POINT('',(-0.0475,0.0921,0.047));
#18951=CARTESIAN_POINT('',(-0.0475,0.0861,-0.0450952938136683));
#18952=CARTESIAN_POINT('',(-0.05,0.1135,-0.049));
#18953=CARTESIAN_POINT('',(-0.0458887301627792,0.1135,-0.049));
#18954=CARTESIAN_POINT('',(-0.0458887301627792,0.0862,-0.049));
#18955=CARTESIAN_POINT('',(-0.0474443650813896,0.0862,-0.049));
#18956=CARTESIAN_POINT('',(-0.0474443650813896,0.0851,-0.049));
#18957=CARTESIAN_POINT('',(-0.0488,0.0851,-0.049));
#18958=CARTESIAN_POINT('',(-0.049,0.0851,-0.049));
#18959=CARTESIAN_POINT('',(-0.049,0.1135,-0.049));
#18960=CARTESIAN_POINT('',(-0.049,0.1135,-0.05));
#18961=CARTESIAN_POINT('',(-0.049,0.0851,-0.05));
#18962=CARTESIAN_POINT('',(-0.049,0.0851,-0.0474443650813896));
#18963=CARTESIAN_POINT('',(-0.049,0.0862,-0.0474443650813896));
#18964=CARTESIAN_POINT('',(-0.049,0.0862,-0.0458887301627792));
#18965=CARTESIAN_POINT('',(-0.049,0.0861,-0.0458887301627792));
#18966=CARTESIAN_POINT('',(-0.0470201010126777,0.0861,-0.04532304473783));
#18967=CARTESIAN_POINT('',(-0.046949390334559,0.0861,-0.0453937554159486));
#18968=CARTESIAN_POINT('',(-0.046949390334559,0.0862,-0.0453937554159486));
#18969=CARTESIAN_POINT('',(-0.0470201010126777,0.0862,-0.04532304473783));
#18970=CARTESIAN_POINT('',(-0.0453937554159486,0.0862,-0.046949390334559));
#18971=CARTESIAN_POINT('',(-0.0453937554159486,0.0861,-0.046949390334559));
#18972=CARTESIAN_POINT('',(-0.0477272077938642,0.0861,-0.0461715728752538));
#18973=CARTESIAN_POINT('',(-0.0485050252531694,0.0861,-0.0453937554159486));
#18974=CARTESIAN_POINT('',(-0.0485050252531694,0.0862,-0.0453937554159486));
#18975=CARTESIAN_POINT('',(-0.0477272077938642,0.0862,-0.0461715728752538));
#18976=CARTESIAN_POINT('',(-0.0477272077938642,0.0862,-0.0461715728752538));
#18977=CARTESIAN_POINT('',(-0.0477272077938642,0.0862,-0.0461715728752538));
#18978=CARTESIAN_POINT('',(-0.0477272077938642,0.0851,-0.0461715728752538));
#18979=CARTESIAN_POINT('',(-0.0477272077938642,0.0862,-0.0461715728752538));
#18980=CARTESIAN_POINT('',(-0.0476564971157456,0.0862,-0.0461008621971352));
#18981=CARTESIAN_POINT('',(-0.0476564971157456,0.0851,-0.0461008621971352));
#18982=CARTESIAN_POINT('',(-0.0484343145750508,0.0862,-0.04532304473783));
#18983=CARTESIAN_POINT('',(-0.047373654403271,0.0862,-0.0489292893218814));
#18984=CARTESIAN_POINT('',(-0.0465958369439658,0.0862,-0.0497071067811866));
#18985=CARTESIAN_POINT('',(-0.0453937554159486,0.0862,-0.0485050252531694));
#18986=CARTESIAN_POINT('',(-0.0461715728752538,0.0862,-0.0477272077938642));
#18987=CARTESIAN_POINT('',(-0.0461715728752538,0.0851,-0.0477272077938642));
#18988=CARTESIAN_POINT('',(-0.047373654403271,0.0851,-0.0489292893218814));
#18989=CARTESIAN_POINT('',(-0.0461715728752538,0.0862,-0.0477272077938642));
#18990=CARTESIAN_POINT('',(-0.0461715728752538,0.0862,-0.0477272077938642));
#18991=CARTESIAN_POINT('',(-0.0461715728752538,0.0862,-0.0477272077938642));
#18992=CARTESIAN_POINT('',(-0.0488,0.0851,-0.0488));
#18993=CARTESIAN_POINT('',(-0.046949390334559,0.0851,-0.046949390334559));
#18994=CARTESIAN_POINT('',(-0.046949390334559,0.0862,-0.046949390334559));
#18995=CARTESIAN_POINT('',(-0.0461715728752538,0.0861,-0.0477272077938642));
#18996=CARTESIAN_POINT('',(-0.0453937554159486,0.0861,-0.0485050252531694));
#18997=CARTESIAN_POINT('',(-0.0484343145750508,0.0861,-0.04532304473783));
#18998=CARTESIAN_POINT('',(-0.0465958369439658,0.0861,-0.0497071067811866));
#18999=CARTESIAN_POINT('',(-0.042,0.1135,-0.0495));
#19000=CARTESIAN_POINT('',(-0.042,0.0748,-0.0495));
#19001=CARTESIAN_POINT('',(-0.042,0.0916,-0.0495));
#19002=CARTESIAN_POINT('',(-0.042,0.0916,-0.0495));
#19003=CARTESIAN_POINT('',(-0.042,0.0916,-0.05001));
#19004=CARTESIAN_POINT('',(-0.0495,0.1135,-0.042));
#19005=CARTESIAN_POINT('',(-0.0495,0.08826,-0.042));
#19006=CARTESIAN_POINT('',(-0.0495,0.0916,-0.042));
#19007=CARTESIAN_POINT('',(-0.0495,0.0916,-0.042));
#19008=CARTESIAN_POINT('',(-0.0495,0.0916,-0.042));
#19009=CARTESIAN_POINT('',(-0.0415,0.0916,-0.042));
#19010=CARTESIAN_POINT('',(-0.042,0.1135,-0.042));
#19011=CARTESIAN_POINT('',(-0.042,0.0748,-0.042));
#19012=CARTESIAN_POINT('',(-0.049,0.0748,-0.049));
#19013=CARTESIAN_POINT('',(-0.0498,0.0748,-0.049));
#19014=CARTESIAN_POINT('',(-0.049,0.0748,-0.0498));
#19015=CARTESIAN_POINT('',(-0.05,0.0748,-0.0498));
#19016=CARTESIAN_POINT('',(-0.042,0.0748,-0.0498));
#19017=CARTESIAN_POINT('',(-0.0498,0.0748,-0.05));
#19018=CARTESIAN_POINT('',(-0.0498,0.0748,-0.042));
#19019=CARTESIAN_POINT('',(-0.042,0.0748,-0.0495));
#19020=CARTESIAN_POINT('',(-0.0417,0.0748,-0.0495));
#19021=CARTESIAN_POINT('',(-0.0495,0.0748,-0.042));
#19022=CARTESIAN_POINT('',(-0.0495,0.0748,-0.0417));
#19023=CARTESIAN_POINT('',(-0.0417,0.0748,-0.05001));
#19024=CARTESIAN_POINT('',(-0.0417,0.0748,-0.042));
#19025=CARTESIAN_POINT('',(-0.0415,0.0748,-0.0417));
#19026=CARTESIAN_POINT('',(-0.042,0.0748,-0.0417));
#19027=CARTESIAN_POINT('',(-0.042,0.0748,-0.042));
#19028=CARTESIAN_POINT('',(-0.048,0.10476,0.0156973454445422));
#19029=CARTESIAN_POINT('',(-0.048,0.08826,-0.0270000000000005));
#19030=CARTESIAN_POINT('',(-0.048,0.08826,-0.0270000000000005));
#19031=CARTESIAN_POINT('',(-0.048,0.10476,-0.0156973454445432));
#19032=CARTESIAN_POINT('',(-0.048,0.08476,-0.0156973454445432));
#19033=CARTESIAN_POINT('',(-0.048,0.08476,0.0156973454445422));
#19034=CARTESIAN_POINT('',(-0.048,0.08476,0.0156973454445422));
#19035=CARTESIAN_POINT('',(-0.048,0.10476,0.0156973454445422));
#19036=CARTESIAN_POINT('',(-0.048,0.08826,0.0269999999999995));
#19037=CARTESIAN_POINT('',(-0.048,0.08826,0.0269999999999995));
#19038=CARTESIAN_POINT('',(-0.048,0.08826,0.0415));
#19039=CARTESIAN_POINT('',(-0.048,0.10476,0.0415));
#19040=CARTESIAN_POINT('',(-0.048,0.07626,0.0415));
#19041=CARTESIAN_POINT('',(-0.048,0.07626,0.0269999999999995));
#19042=CARTESIAN_POINT('',(-0.048,0.07626,0.0269999999999995));
#19043=CARTESIAN_POINT('',(-0.048,0.05976,0.0156973454445422));
#19044=CARTESIAN_POINT('',(-0.048,0.07976,0.0156973454445422));
#19045=CARTESIAN_POINT('',(-0.048,0.07976,0.0156973454445422));
#19046=CARTESIAN_POINT('',(-0.048,0.07976,-0.0156973454445432));
#19047=CARTESIAN_POINT('',(-0.048,0.05976,-0.0156973454445432));
#19048=CARTESIAN_POINT('',(-0.048,0.07626,-0.0270000000000005));
#19049=CARTESIAN_POINT('',(-0.048,0.07626,-0.0270000000000005));
#19050=CARTESIAN_POINT('',(-0.048,0.07626,-0.0270000000000005));
#19051=CARTESIAN_POINT('',(-0.048,0.07626,-0.0270000000000005));
#19052=CARTESIAN_POINT('',(-0.048,0.08826,-0.0270000000000005));
#19053=CARTESIAN_POINT('',(-0.048,0.08826,-0.0270000000000005));
#19054=CARTESIAN_POINT('',(-0.048,0.08826,0.0269999999999995));
#19055=CARTESIAN_POINT('',(-0.0495,0.08826,0.042));
#19056=CARTESIAN_POINT('',(-0.0495,0.08826,0.0415));
#19057=CARTESIAN_POINT('',(-0.048,0.08826,0.0415));
#19058=CARTESIAN_POINT('',(-0.048,0.08826,0.0269999999999995));
#19059=CARTESIAN_POINT('',(-0.048,0.07626,0.0269999999999995));
#19060=CARTESIAN_POINT('',(-0.048,0.07626,0.0415));
#19061=CARTESIAN_POINT('',(-0.0495,0.07626,0.0415));
#19062=CARTESIAN_POINT('',(-0.0495,0.07626,0.042));
#19063=CARTESIAN_POINT('',(-0.048,0.07626,0.0269999999999995));
#19064=CARTESIAN_POINT('',(-0.048,0.10476,0.0156973454445422));
#19065=CARTESIAN_POINT('',(-0.048,0.08476,0.0156973454445422));
#19066=CARTESIAN_POINT('',(-0.048,0.05976,0.0156973454445422));
#19067=CARTESIAN_POINT('',(-0.048,0.07976,0.0156973454445422));
#19068=CARTESIAN_POINT('',(-0.048,0.07976,0.0156973454445422));
#19069=CARTESIAN_POINT('',(-0.048,0.07976,-0.0156973454445432));
#19070=CARTESIAN_POINT('',(-0.048,0.05976,-0.0156973454445432));
#19071=CARTESIAN_POINT('',(-0.048,0.10476,-0.0156973454445432));
#19072=CARTESIAN_POINT('',(-0.048,0.08476,-0.0156973454445432));
#19073=CARTESIAN_POINT('',(-0.048,0.08476,0.0156973454445422));
#19074=CARTESIAN_POINT('',(-0.0495,0.1135,0.042));
#19075=CARTESIAN_POINT('',(-0.0495,0.1135,0.0415));
#19076=CARTESIAN_POINT('',(-0.0495,0.0916,0.0415));
#19077=CARTESIAN_POINT('',(-0.0495,0.0916,0.042));
#19078=CARTESIAN_POINT('',(-0.042,0.1135,0.0495));
#19079=CARTESIAN_POINT('',(-0.042,0.07626,0.0495));
#19080=CARTESIAN_POINT('',(-0.0415,0.07626,0.0495));
#19081=CARTESIAN_POINT('',(-0.042,0.0748,0.0495));
#19082=CARTESIAN_POINT('',(-0.0415,0.0748,0.0495));
#19083=CARTESIAN_POINT('',(-0.0415,0.1135,0.0495));
#19084=CARTESIAN_POINT('',(-0.048437867965644,0.0746,0.048437867965644));
#19085=CARTESIAN_POINT('',(-0.048437867965644,0.0746,0.04895));
#19086=CARTESIAN_POINT('',(-0.048437867965644,0.07155,0.04895));
#19087=CARTESIAN_POINT('',(-0.048437867965644,0.0746,0.04895));
#19088=CARTESIAN_POINT('',(-0.048437867965644,0.0746,0.048437867965644));
#19089=CARTESIAN_POINT('',(-0.04895,0.0746,0.048437867965644));
#19090=CARTESIAN_POINT('',(-0.04895,0.0746,0.048437867965644));
#19091=CARTESIAN_POINT('',(-0.04895,0.07155,0.048437867965644));
#19092=CARTESIAN_POINT('',(-0.048437867965644,0.07155,0.048437867965644));
#19093=CARTESIAN_POINT('',(-0.043813340594773,0.0694770500882838,0.0546081123589482));
#19094=CARTESIAN_POINT('',(-0.0481721825406948,0.0690083271686378,0.0495863961030679));
#19095=CARTESIAN_POINT('',(-0.0482889315356455,0.0691734351806904,0.0497031450980186));
#19096=CARTESIAN_POINT('',(-0.0484357565407737,0.0693356501404202,0.0497857266889601));
#19097=CARTESIAN_POINT('',(-0.0485967392464233,0.0694770500882838,0.049824713707298));
#19098=CARTESIAN_POINT('',(-0.0485967392464233,0.0694770500882838,0.0498247137072979));
#19099=CARTESIAN_POINT('',(-0.0481721825406948,0.0690083271686378,0.0495863961030679));
#19100=CARTESIAN_POINT('',(-0.043813340594773,0.0694770500882838,0.0546081123589482));
#19101=CARTESIAN_POINT('',(-0.0498247137072979,0.0694770500882838,0.0485967392464233));
#19102=CARTESIAN_POINT('',(-0.0498247137072979,0.0694770500882838,0.0485967392464233));
#19103=CARTESIAN_POINT('',(-0.0497858510608876,0.0693361012183643,0.0484362700893924));
#19104=CARTESIAN_POINT('',(-0.0497035187292272,0.0691739635750129,0.0482893051668541));
#19105=CARTESIAN_POINT('',(-0.0495863961030679,0.0690083271686378,0.0481721825406949));
#19106=CARTESIAN_POINT('',(-0.0495863961030679,0.0690083271686378,0.0481721825406948));
#19107=CARTESIAN_POINT('',(-0.049542639940012,0.0689464466094067,0.0481284263776389));
#19108=CARTESIAN_POINT('',(-0.049542639940012,0.0689464466094067,0.0481284263776389));
#19109=CARTESIAN_POINT('',(-0.0434381472767379,0.0689464466094067,0.054232919040913));
#19110=CARTESIAN_POINT('',(-0.0481284263776389,0.0689464466094067,0.049542639940012));
#19111=CARTESIAN_POINT('',(-0.0481222586343889,0.0689377241032533,0.049536472196762));
#19112=CARTESIAN_POINT('',(-0.043313340594773,0.0701841568694703,0.0541081123589482));
#19113=CARTESIAN_POINT('',(-0.0488217522932094,0.069734915282887,0.0498631736494468));
#19114=CARTESIAN_POINT('',(-0.0488813199674632,0.0698230897923867,0.049866308790197));
#19115=CARTESIAN_POINT('',(-0.0489222508731698,0.0699163992289668,0.0498684630483921));
#19116=CARTESIAN_POINT('',(-0.0489445450103292,0.0700105086918033,0.049869636424032));
#19117=CARTESIAN_POINT('',(-0.0489445450103293,0.0700105086918034,0.049869636424032));
#19118=CARTESIAN_POINT('',(-0.0488217522932095,0.0697349152828871,0.0498631736494467));
#19119=CARTESIAN_POINT('',(-0.0440097048350931,0.0700105086918034,0.0548044765992682));
#19120=CARTESIAN_POINT('',(-0.049869636424032,0.0700105086918034,0.0489445450103292));
#19121=CARTESIAN_POINT('',(-0.049869636424032,0.0700105086918033,0.0489445450103293));
#19122=CARTESIAN_POINT('',(-0.049868463048392,0.0699163992289668,0.0489222508731698));
#19123=CARTESIAN_POINT('',(-0.049866308790197,0.0698230897923867,0.0488813199674632));
#19124=CARTESIAN_POINT('',(-0.0498631736494468,0.0697349152828871,0.0488217522932095));
#19125=CARTESIAN_POINT('',(-0.0498631736494468,0.0697349152828871,0.0488217522932095));
#19126=CARTESIAN_POINT('',(-0.0498631736494468,0.0697349152828871,0.0488217522932095));
#19127=CARTESIAN_POINT('',(-0.0498624268033051,0.0697139105505754,0.0488075622165169));
#19128=CARTESIAN_POINT('',(-0.0498553112952695,0.0695872673058772,0.0487141395629952));
#19129=CARTESIAN_POINT('',(-0.0498341039109788,0.0695064993779049,0.0486289966275269));
#19130=CARTESIAN_POINT('',(-0.0498247137072979,0.0694770500882838,0.0485967392464233));
#19131=CARTESIAN_POINT('',(-0.0485967392464233,0.0694770500882838,0.049824713707298));
#19132=CARTESIAN_POINT('',(-0.0486810784143289,0.0695523526949283,0.0498468685069911));
#19133=CARTESIAN_POINT('',(-0.0487568310466204,0.0696397724733953,0.0498604367710702));
#19134=CARTESIAN_POINT('',(-0.0488217522932094,0.069734915282887,0.0498631736494468));
#19135=CARTESIAN_POINT('',(-0.0441661510346884,0.0712652703644666,0.0549609227988635));
#19136=CARTESIAN_POINT('',(-0.0490696364240321,0.0705121505082858,0.049869636424032));
#19137=CARTESIAN_POINT('',(-0.0491437422409628,0.0708093297911529,0.049869636424032));
#19138=CARTESIAN_POINT('',(-0.0492164444216292,0.0710603697432132,0.0498595345718615));
#19139=CARTESIAN_POINT('',(-0.0492877429660314,0.0712652703644666,0.0498393308675206));
#19140=CARTESIAN_POINT('',(-0.0492877429660313,0.0712652703644666,0.0498393308675205));
#19141=CARTESIAN_POINT('',(-0.049069636424032,0.0705121505082858,0.049869636424032));
#19142=CARTESIAN_POINT('',(-0.0441661510346884,0.0712652703644666,0.0549609227988635));
#19143=CARTESIAN_POINT('',(-0.0498393308675205,0.0712652703644666,0.0492877429660313));
#19144=CARTESIAN_POINT('',(-0.0498393308675206,0.0712652703644666,0.0492877429660313));
#19145=CARTESIAN_POINT('',(-0.0498595345718615,0.0710603697432132,0.0492164444216292));
#19146=CARTESIAN_POINT('',(-0.049869636424032,0.0708093297911529,0.0491437422409627));
#19147=CARTESIAN_POINT('',(-0.049869636424032,0.0705121505082857,0.049069636424032));
#19148=CARTESIAN_POINT('',(-0.049869636424032,0.0705121505082857,0.049069636424032));
#19149=CARTESIAN_POINT('',(-0.049869636424032,0.0726042531630218,0.0495913315261816));
#19150=CARTESIAN_POINT('',(-0.0489593827200185,0.0700700109023919,0.049869636424032));
#19151=CARTESIAN_POINT('',(-0.0440268781866244,0.0713,0.0548216499507995));
#19152=CARTESIAN_POINT('',(-0.0440268781866244,0.0715,0.0548216499507995));
#19153=CARTESIAN_POINT('',(-0.0490500983300345,0.0715,0.0497984298073893));
#19154=CARTESIAN_POINT('',(-0.0497984298073893,0.0715,0.0490500983300345));
#19155=CARTESIAN_POINT('',(-0.0498393308675205,0.0712652703644666,0.0492877429660313));
#19156=CARTESIAN_POINT('',(-0.0498409712637598,0.0713910697999345,0.0493174724211654));
#19157=CARTESIAN_POINT('',(-0.0498327337378256,0.0715,0.0491742226170477));
#19158=CARTESIAN_POINT('',(-0.0497984298073894,0.0715,0.0490500983300345));
#19159=CARTESIAN_POINT('',(-0.0490500983300345,0.0715,0.0497984298073893));
#19160=CARTESIAN_POINT('',(-0.0491743073525593,0.0715,0.0498327571559749));
#19161=CARTESIAN_POINT('',(-0.0493174814159383,0.0713911078610881,0.0498409717600686));
#19162=CARTESIAN_POINT('',(-0.0492877429660313,0.0712652703644666,0.0498393308675205));
#19163=CARTESIAN_POINT('',(-0.0440268781866244,0.0715,0.0548216499507995));
#19164=CARTESIAN_POINT('',(-0.0440268781866244,0.0715,0.0498));
#19165=CARTESIAN_POINT('',(-0.0487585786437627,0.0715,0.0498));
#19166=CARTESIAN_POINT('',(-0.049,0.0715,0.0498));
#19167=CARTESIAN_POINT('',(-0.0487585786437627,0.0715,0.0489));
#19168=CARTESIAN_POINT('',(-0.0481221825406948,0.0715,0.0495363961030679));
#19169=CARTESIAN_POINT('',(-0.0481221825406948,0.0715,0.0495363961030679));
#19170=CARTESIAN_POINT('',(-0.0475857864376269,0.0715,0.049));
#19171=CARTESIAN_POINT('',(-0.0440268781866244,0.0715,0.049));
#19172=CARTESIAN_POINT('',(-0.048437867965644,0.0715,0.049));
#19173=CARTESIAN_POINT('',(-0.048437867965644,0.0715,0.048437867965644));
#19174=CARTESIAN_POINT('',(-0.049,0.0715,0.048437867965644));
#19175=CARTESIAN_POINT('',(-0.049,0.0715,0.0548216499507995));
#19176=CARTESIAN_POINT('',(-0.049,0.0715,0.0475857864376269));
#19177=CARTESIAN_POINT('',(-0.0489292893218814,0.0715,0.0475150757595083));
#19178=CARTESIAN_POINT('',(-0.0495363961030679,0.0715,0.0481221825406948));
#19179=CARTESIAN_POINT('',(-0.0489,0.0715,0.0487585786437627));
#19180=CARTESIAN_POINT('',(-0.0498,0.0715,0.0487585786437627));
#19181=CARTESIAN_POINT('',(-0.0498,0.0715,0.0548216499507995));
#19182=CARTESIAN_POINT('',(-0.0498,0.0715,0.049));
#19183=CARTESIAN_POINT('',(-0.049,0.0715,0.049));
#19184=CARTESIAN_POINT('',(-0.049,0.0715,0.049));
#19185=CARTESIAN_POINT('',(-0.047373654403271,0.0686,0.0489292893218814));
#19186=CARTESIAN_POINT('',(-0.0480221825406948,0.0746,0.0495778174593052));
#19187=CARTESIAN_POINT('',(-0.0473650757595083,0.0746,0.0489207106781187));
#19188=CARTESIAN_POINT('',(-0.0468908224620156,0.0746,0.048446457380626));
#19189=CARTESIAN_POINT('',(-0.0473650757595083,0.0686,0.0489207106781187));
#19190=CARTESIAN_POINT('',(-0.0473650757595083,0.07155,0.0489207106781187));
#19191=CARTESIAN_POINT('',(-0.0475150757595083,0.07155,0.0490707106781187));
#19192=CARTESIAN_POINT('',(-0.0475150757595083,0.0714,0.0490707106781187));
#19193=CARTESIAN_POINT('',(-0.0474443650813896,0.0714,0.049));
#19194=CARTESIAN_POINT('',(-0.0480514718625762,0.0714,0.0496071067811865));
#19195=CARTESIAN_POINT('',(-0.0480514718625762,0.0715,0.0496071067811865));
#19196=CARTESIAN_POINT('',(-0.0480514718625762,0.0690790378467564,0.0496071067811865));
#19197=CARTESIAN_POINT('',(-0.0480077156995203,0.0690171572875254,0.0495633506181307));
#19198=CARTESIAN_POINT('',(-0.0480077156995203,0.0690171572875254,0.0495633506181307));
#19199=CARTESIAN_POINT('',(-0.0478077156995203,0.0693,0.0493633506181307));
#19200=CARTESIAN_POINT('',(-0.0478077156995203,0.0689,0.0493633506181307));
#19201=CARTESIAN_POINT('',(-0.0478077156995203,0.0689,0.0493633506181307));
#19202=CARTESIAN_POINT('',(-0.0472391240116843,0.0689,0.0487947589302947));
#19203=CARTESIAN_POINT('',(-0.0472391240116844,0.0693,0.0487947589302947));
#19204=CARTESIAN_POINT('',(-0.0469563243775248,0.0692930190374251,0.0485119592961352));
#19205=CARTESIAN_POINT('',(-0.0469563243775248,0.0692930190374251,0.0485119592961352));
#19206=CARTESIAN_POINT('',(-0.0476564971157456,0.0686,0.0461008621971352));
#19207=CARTESIAN_POINT('',(-0.0487947589302947,0.0693,0.0472391240116843));
#19208=CARTESIAN_POINT('',(-0.0487947589302947,0.0689,0.0472391240116843));
#19209=CARTESIAN_POINT('',(-0.0485119592961352,0.0692930190374251,0.0469563243775248));
#19210=CARTESIAN_POINT('',(-0.0487947589302947,0.0689,0.0472391240116844));
#19211=CARTESIAN_POINT('',(-0.0493633506181307,0.0689,0.0478077156995203));
#19212=CARTESIAN_POINT('',(-0.0493633506181307,0.0693,0.0478077156995203));
#19213=CARTESIAN_POINT('',(-0.0495633506181307,0.0690171572875254,0.0480077156995203));
#19214=CARTESIAN_POINT('',(-0.0495571828748807,0.069008434781372,0.0480015479562703));
#19215=CARTESIAN_POINT('',(-0.0496071067811866,0.0690790378467564,0.0480514718625762));
#19216=CARTESIAN_POINT('',(-0.0496071067811866,0.0693518300528922,0.0480514718625762));
#19217=CARTESIAN_POINT('',(-0.0496071067811866,0.0714,0.0480514718625762));
#19218=CARTESIAN_POINT('',(-0.0496071067811866,0.0714,0.0480514718625762));
#19219=CARTESIAN_POINT('',(-0.0490707106781187,0.0714,0.0475150757595083));
#19220=CARTESIAN_POINT('',(-0.0490707106781187,0.07155,0.0475150757595083));
#19221=CARTESIAN_POINT('',(-0.0489207106781187,0.07155,0.0473650757595083));
#19222=CARTESIAN_POINT('',(-0.0489207106781187,0.0686,0.0473650757595083));
#19223=CARTESIAN_POINT('',(-0.0489207106781187,0.0746,0.0473650757595083));
#19224=CARTESIAN_POINT('',(-0.0495778174593052,0.0746,0.0480221825406948));
#19225=CARTESIAN_POINT('',(-0.048446457380626,0.0746,0.0468908224620156));
#19226=CARTESIAN_POINT('',(-0.0484464358398279,0.0746017452406438,0.0468908009212175));
#19227=CARTESIAN_POINT('',(-0.0422660560462026,0.0692912737967814,0.0530608278103777));
#19228=CARTESIAN_POINT('',(-0.0422660560462026,0.0692912737967814,0.0530608278103777));
#19229=CARTESIAN_POINT('',(-0.0469563351471036,0.0692912737967814,0.0483705487094767));
#19230=CARTESIAN_POINT('',(-0.0483705487094767,0.0692912737967814,0.0469563351471036));
#19231=CARTESIAN_POINT('',(-0.0483705487094767,0.0692912737967814,0.0469563351471036));
#19232=CARTESIAN_POINT('',(-0.0483050252531694,0.0746,0.0468908116907963));
#19233=CARTESIAN_POINT('',(-0.0422005325898953,0.0746,0.0529953043540704));
#19234=CARTESIAN_POINT('',(-0.0468908116907963,0.0746,0.0483050252531694));
#19235=CARTESIAN_POINT('',(-0.0468908116907963,0.0746,0.0483050252531694));
#19236=CARTESIAN_POINT('',(-0.042619555588902,0.0693,0.0534143273530771));
#19237=CARTESIAN_POINT('',(-0.042619555588902,0.0688,0.0534143273530771));
#19238=CARTESIAN_POINT('',(-0.047309834689803,0.0688,0.0487240482521761));
#19239=CARTESIAN_POINT('',(-0.0487240482521761,0.0688,0.047309834689803));
#19240=CARTESIAN_POINT('',(-0.0487240482521761,0.0693,0.047309834689803));
#19241=CARTESIAN_POINT('',(-0.047309834689803,0.0693,0.0487240482521761));
#19242=CARTESIAN_POINT('',(-0.0431881472767379,0.0688,0.053982919040913));
#19243=CARTESIAN_POINT('',(-0.0431881472767379,0.0688,0.053982919040913));
#19244=CARTESIAN_POINT('',(-0.0478784263776389,0.0688,0.049292639940012));
#19245=CARTESIAN_POINT('',(-0.049292639940012,0.0688,0.0478784263776389));
#19246=CARTESIAN_POINT('',(-0.049292639940012,0.0688,0.0478784263776389));
#19247=CARTESIAN_POINT('',(-0.047309834689803,0.0688,0.0487240482521761));
#19248=CARTESIAN_POINT('',(-0.0431881472767379,0.0693,0.053982919040913));
#19249=CARTESIAN_POINT('',(-0.049292639940012,0.0693,0.0478784263776389));
#19250=CARTESIAN_POINT('',(-0.0478784263776389,0.0693,0.049292639940012));
#19251=CARTESIAN_POINT('',(-0.04895,0.0676857864376269,0.0473029437251523));
#19252=CARTESIAN_POINT('',(-0.04895,0.07155,0.0473029437251523));
#19253=CARTESIAN_POINT('',(-0.04895,0.07155,0.0474357864376269));
#19254=CARTESIAN_POINT('',(-0.04895,0.0746,0.0473029437251523));
#19255=CARTESIAN_POINT('',(-0.04895,0.0746,0.0474357864376269));
#19256=CARTESIAN_POINT('',(-0.04895,0.0676857864376269,0.0474357864376269));
#19257=CARTESIAN_POINT('',(-0.0488,0.0676857864376269,0.04895));
#19258=CARTESIAN_POINT('',(-0.0488,0.0746,0.04895));
#19259=CARTESIAN_POINT('',(-0.0474357864376269,0.0746,0.04895));
#19260=CARTESIAN_POINT('',(-0.0488,0.07155,0.04895));
#19261=CARTESIAN_POINT('',(-0.0474357864376269,0.07155,0.04895));
#19262=CARTESIAN_POINT('',(-0.0474357864376269,0.0676857864376269,0.04895));
#19263=CARTESIAN_POINT('',(-0.0499,0.415992188198565,0.0415));
#19264=CARTESIAN_POINT('',(-0.0499,0.394007328691112,0.129663723887819));
#19265=CARTESIAN_POINT('',(-0.0499,0.0705295153260524,0.049));
#19266=CARTESIAN_POINT('',(-0.0499,0.0700278735095701,0.0488749085862972));
#19267=CARTESIAN_POINT('',(-0.0499,0.415992188198565,0.049));
#19268=CARTESIAN_POINT('',(-0.0499,0.0714,0.049));
#19269=CARTESIAN_POINT('',(-0.0499,0.0714,0.0415));
#19270=CARTESIAN_POINT('',(-0.0499,0.0714,0.0487585786437627));
#19271=CARTESIAN_POINT('',(-0.0499,0.0715,0.0487585786437627));
#19272=CARTESIAN_POINT('',(-0.0499,0.0697798394415454,0.0487585786437627));
#19273=CARTESIAN_POINT('',(-0.0499000000000003,0.069779839441545,0.0487585786437627));
#19274=CARTESIAN_POINT('',(-0.0499000000000003,0.069858494204465,0.048814511759541));
#19275=CARTESIAN_POINT('',(-0.0499000000000003,0.06994117222714,0.0488532884070525));
#19276=CARTESIAN_POINT('',(-0.0499000000000003,0.07002787350957,0.0488749085862972));
#19277=CARTESIAN_POINT('',(-0.049,0.415992188198565,0.049));
#19278=CARTESIAN_POINT('',(-0.049898233533313,0.0714,0.0490563606212888));
#19279=CARTESIAN_POINT('',(-0.0498955763998217,0.0714,0.0490987080324734));
#19280=CARTESIAN_POINT('',(-0.0498857916962506,0.0713880474662671,0.0491767637271376));
#19281=CARTESIAN_POINT('',(-0.0498614852347518,0.07132249007596,0.0492609715469438));
#19282=CARTESIAN_POINT('',(-0.0498659062489246,0.0712826351822333,0.0492453698597492));
#19283=CARTESIAN_POINT('',(-0.049898233533313,0.0714,0.0490563606212888));
#19284=CARTESIAN_POINT('',(-0.0498659062489246,0.0712826351822333,0.0492453698597492));
#19285=CARTESIAN_POINT('',(-0.049,0.0714,0.049));
#19286=CARTESIAN_POINT('',(-0.0499000000000003,0.070529515326052,0.049));
#19287=CARTESIAN_POINT('',(-0.0499000000000003,0.0708350908580973,0.0490857244816832));
#19288=CARTESIAN_POINT('',(-0.0498877040391765,0.0710861308101576,0.0491684458120649));
#19289=CARTESIAN_POINT('',(-0.0498659062489249,0.071282635182233,0.0492453698597492));
#19290=CARTESIAN_POINT('',(-0.049,0.415992188198565,0.0499));
#19291=CARTESIAN_POINT('',(-0.0487585786437627,0.0693518300528922,0.0499));
#19292=CARTESIAN_POINT('',(-0.0487585786437627,0.0714,0.0499));
#19293=CARTESIAN_POINT('',(-0.0487585786437627,0.0697798394415454,0.0499));
#19294=CARTESIAN_POINT('',(-0.049,0.0714,0.0499));
#19295=CARTESIAN_POINT('',(-0.049,0.0714,0.0499));
#19296=CARTESIAN_POINT('',(-0.049,0.415992188198565,0.0499));
#19297=CARTESIAN_POINT('',(-0.049,0.0705295153260525,0.0499));
#19298=CARTESIAN_POINT('',(-0.130102789775432,0.395768071518284,0.0499));
#19299=CARTESIAN_POINT('',(-0.0488749085862973,0.0700278735095701,0.0499));
#19300=CARTESIAN_POINT('',(-0.0488749085862975,0.07002787350957,0.0499));
#19301=CARTESIAN_POINT('',(-0.0488532884070528,0.06994117222714,0.0499));
#19302=CARTESIAN_POINT('',(-0.0488145117595412,0.069858494204465,0.0499));
#19303=CARTESIAN_POINT('',(-0.048758578643763,0.069779839441545,0.0499));
#19304=CARTESIAN_POINT('',(-0.049,0.415992188198565,0.049));
#19305=CARTESIAN_POINT('',(-0.049,0.0714,0.049));
#19306=CARTESIAN_POINT('',(-0.0490563606212888,0.0714,0.049898233533313));
#19307=CARTESIAN_POINT('',(-0.0492453698597493,0.0712826351822333,0.0498659062489246));
#19308=CARTESIAN_POINT('',(-0.0492609701513346,0.0713224865108418,0.0498614856302224));
#19309=CARTESIAN_POINT('',(-0.0491767975795087,0.0713880181918793,0.0498857797365807));
#19310=CARTESIAN_POINT('',(-0.0490987806337588,0.0714,0.0498955718443767));
#19311=CARTESIAN_POINT('',(-0.0490563606212889,0.0714,0.049898233533313));
#19312=CARTESIAN_POINT('',(-0.0492453698597493,0.0712826351822333,0.0498659062489246));
#19313=CARTESIAN_POINT('',(-0.0492453698597495,0.071282635182233,0.0498659062489246));
#19314=CARTESIAN_POINT('',(-0.0491684458120653,0.071086130810158,0.0498877040391762));
#19315=CARTESIAN_POINT('',(-0.0490857244816835,0.0708350908580976,0.0499));
#19316=CARTESIAN_POINT('',(-0.0490000000000003,0.070529515326052,0.0499));
#19317=CARTESIAN_POINT('',(-0.0487585786437624,0.415992188198565,0.0489));
#19318=CARTESIAN_POINT('',(-0.0487585786437627,0.0714,0.0489));
#19319=CARTESIAN_POINT('',(-0.0487585786437627,0.069779839441545,0.0499));
#19320=CARTESIAN_POINT('',(-0.0486921885279833,0.06969581571303,0.0499));
#19321=CARTESIAN_POINT('',(-0.0486126305712292,0.069618456154649,0.0498935621689939));
#19322=CARTESIAN_POINT('',(-0.0485232015356078,0.069547760766402,0.0498719041192199));
#19323=CARTESIAN_POINT('',(-0.0485232015356078,0.0695477607664024,0.0498719041192199));
#19324=CARTESIAN_POINT('',(-0.0485232015356078,0.069547760766402,0.0498719041192199));
#19325=CARTESIAN_POINT('',(-0.0484036939987436,0.0694532877391763,0.0498429616156606));
#19326=CARTESIAN_POINT('',(-0.0482227558460528,0.069297046765961,0.0497783907646632));
#19327=CARTESIAN_POINT('',(-0.0480514718625761,0.069079037846756,0.0496071067811866));
#19328=CARTESIAN_POINT('',(-0.0489,0.415992188198565,0.0487585786437627));
#19329=CARTESIAN_POINT('',(-0.0498719041192202,0.069547760766402,0.0485232015356078));
#19330=CARTESIAN_POINT('',(-0.0498935621689942,0.069618456154649,0.0486126305712291));
#19331=CARTESIAN_POINT('',(-0.0499000000000003,0.06969581571303,0.0486921885279833));
#19332=CARTESIAN_POINT('',(-0.0499000000000003,0.069779839441545,0.0487585786437627));
#19333=CARTESIAN_POINT('',(-0.0498719041192199,0.0695477607664024,0.0485232015356078));
#19334=CARTESIAN_POINT('',(-0.0489,0.0714,0.0487585786437627));
#19335=CARTESIAN_POINT('',(-0.0496071067811868,0.069079037846756,0.0480514718625762));
#19336=CARTESIAN_POINT('',(-0.0497783907646637,0.0692970467659613,0.048222755846053));
#19337=CARTESIAN_POINT('',(-0.049842961615661,0.0694532877391766,0.048403693998744));
#19338=CARTESIAN_POINT('',(-0.0498719041192202,0.069547760766402,0.0485232015356078));
#19339=CARTESIAN_POINT('',(-0.049,0.07155,0.0473029437251523));
#19340=CARTESIAN_POINT('',(-0.049,0.07155,0.048437867965644));
#19341=CARTESIAN_POINT('',(-0.049,0.07155,0.0475857864376269));
#19342=CARTESIAN_POINT('',(-0.048437867965644,0.07155,0.048437867965644));
#19343=CARTESIAN_POINT('',(-0.048437867965644,0.07155,0.049));
#19344=CARTESIAN_POINT('',(-0.0488,0.07155,0.049));
#19345=CARTESIAN_POINT('',(-0.0475857864376269,0.07155,0.049));
#19346=CARTESIAN_POINT('',(-0.0474357864376269,0.0686,0.04885));
#19347=CARTESIAN_POINT('',(-0.0474357864376269,0.0746,0.04885));
#19348=CARTESIAN_POINT('',(-0.0474357864376269,0.07155,0.04885));
#19349=CARTESIAN_POINT('',(-0.0475150757595083,0.0714,0.0490707106781187));
#19350=CARTESIAN_POINT('',(-0.0475150757595083,0.0715,0.0490707106781186));
#19351=CARTESIAN_POINT('',(-0.0475857864376269,0.0715,0.049));
#19352=CARTESIAN_POINT('',(-0.0474365353613959,0.0714000000020548,0.0489921702800063));
#19353=CARTESIAN_POINT('',(-0.0474708940197198,0.0714687584525869,0.0490265289383294));
#19354=CARTESIAN_POINT('',(-0.0475072460395146,0.0715,0.0489738198672967));
#19355=CARTESIAN_POINT('',(-0.047365075765327,0.0714714590201258,0.0489207106839374));
#19356=CARTESIAN_POINT('',(-0.0473943650945975,0.071502130175306,0.0489500000132094));
#19357=CARTESIAN_POINT('',(-0.0474357864434456,0.0715238196733753,0.04895));
#19358=CARTESIAN_POINT('',(-0.0473650757595083,0.07155,0.0489207106781187));
#19359=CARTESIAN_POINT('',(-0.0473943650813896,0.07155,0.04895));
#19360=CARTESIAN_POINT('',(-0.0474357864376269,0.07155,0.04895));
#19361=CARTESIAN_POINT('',(-0.0475857864376269,0.0714,0.049));
#19362=CARTESIAN_POINT('',(-0.0474443650813896,0.0714,0.0488585786437627));
#19363=CARTESIAN_POINT('',(-0.0481221825406948,0.0714,0.0495363961030679));
#19364=CARTESIAN_POINT('',(-0.0487585786437627,0.0714,0.0489));
#19365=CARTESIAN_POINT('',(-0.0487585786437627,0.0714,0.0498));
#19366=CARTESIAN_POINT('',(-0.0440268781866244,0.0714,0.0498));
#19367=CARTESIAN_POINT('',(-0.049,0.0714,0.0498));
#19368=CARTESIAN_POINT('',(-0.049,0.0714,0.049));
#19369=CARTESIAN_POINT('',(-0.0490500983300345,0.0714,0.0497984298073893));
#19370=CARTESIAN_POINT('',(-0.0490500983300345,0.0715,0.0497984298073893));
#19371=CARTESIAN_POINT('',(-0.0490563606212887,0.0715000000000001,0.049898233533313));
#19372=CARTESIAN_POINT('',(-0.0490563606212888,0.0714,0.049898233533313));
#19373=CARTESIAN_POINT('',(-0.0491077222609418,0.0715,0.0498143551428828));
#19374=CARTESIAN_POINT('',(-0.0491122205313422,0.0714822296746274,0.0498947284204182));
#19375=CARTESIAN_POINT('',(-0.0491005018150483,0.0713999996303628,0.0498954638470204));
#19376=CARTESIAN_POINT('',(-0.0492133420870661,0.0714721466306796,0.0498362844309927));
#19377=CARTESIAN_POINT('',(-0.0492021592701497,0.0714414280676491,0.0498809439671198));
#19378=CARTESIAN_POINT('',(-0.0491834502939658,0.0713860736310841,0.0498842603036561));
#19379=CARTESIAN_POINT('',(-0.0493053872025629,0.0713399218482478,0.0498403020241527));
#19380=CARTESIAN_POINT('',(-0.049284486757389,0.0713300226212549,0.0498543763955646));
#19381=CARTESIAN_POINT('',(-0.0492599853127191,0.0713199606622769,0.049861764701673));
#19382=CARTESIAN_POINT('',(-0.0492877429660313,0.0712652703644666,0.0498393308675205));
#19383=CARTESIAN_POINT('',(-0.0492702077543297,0.0712732984384928,0.049858867991934));
#19384=CARTESIAN_POINT('',(-0.0492453698597492,0.0712826351822333,0.0498659062489246));
#19385=CARTESIAN_POINT('',(-0.0492472478285229,0.0712822467342246,0.0498696787586553));
#19386=CARTESIAN_POINT('',(-0.0492622513839193,0.0712766825163675,0.0498616369986499));
#19387=CARTESIAN_POINT('',(-0.0492761330922758,0.0712709187603897,0.0498517104851195));
#19388=CARTESIAN_POINT('',(-0.0492884815757739,0.0712650925913083,0.0498402143323546));
#19389=CARTESIAN_POINT('',(-0.0490115687581628,0.0705129030340996,0.0498361619318652));
#19390=CARTESIAN_POINT('',(-0.049,0.0705295153260525,0.0499));
#19391=CARTESIAN_POINT('',(-0.0490258897710837,0.0705230593489811,0.0499));
#19392=CARTESIAN_POINT('',(-0.0490516077132593,0.0705166462198547,0.0498887862034582));
#19393=CARTESIAN_POINT('',(-0.049069636424032,0.0705121505082858,0.049869636424032));
#19394=CARTESIAN_POINT('',(-0.0488897462959865,0.0700873757201587,0.0498));
#19395=CARTESIAN_POINT('',(-0.0489445450103292,0.0700105086918034,0.049869636424032));
#19396=CARTESIAN_POINT('',(-0.0489265162995565,0.0700150044033723,0.0498887862034582));
#19397=CARTESIAN_POINT('',(-0.0489007983573809,0.0700214175324987,0.0499));
#19398=CARTESIAN_POINT('',(-0.0488749085862972,0.0700278735095701,0.0499));
#19399=CARTESIAN_POINT('',(-0.048161201766858,0.0702123270613654,0.0497994226589258));
#19400=CARTESIAN_POINT('',(-0.0488216730876768,0.0697349725417249,0.04986309415167));
#19401=CARTESIAN_POINT('',(-0.0488064339699409,0.0697457144965022,0.0498860142175975));
#19402=CARTESIAN_POINT('',(-0.04878262557633,0.0697626730979185,0.0498999457688384));
#19403=CARTESIAN_POINT('',(-0.0487585786354246,0.0697798394488496,0.0498999931171275));
#19404=CARTESIAN_POINT('',(-0.0480978659844842,0.0702484642931665,0.0491080813656911));
#19405=CARTESIAN_POINT('',(-0.048596536419546,0.0694773425544342,0.0498244941005298));
#19406=CARTESIAN_POINT('',(-0.0485781931711413,0.0694890573112853,0.0498570371486939));
#19407=CARTESIAN_POINT('',(-0.0485483017881219,0.0695178646882081,0.0498755893904595));
#19408=CARTESIAN_POINT('',(-0.0485237248152524,0.0695477875034012,0.0498698153569477));
#19409=CARTESIAN_POINT('',(-0.0493236684555933,0.0690892363645736,0.0483404415568993));
#19410=CARTESIAN_POINT('',(-0.0480514718625762,0.0690790378467564,0.0496071067811866));
#19411=CARTESIAN_POINT('',(-0.0480776518013561,0.0690420138222717,0.0496332867199665));
#19412=CARTESIAN_POINT('',(-0.0481351585162102,0.0690083271686377,0.0496234201275526));
#19413=CARTESIAN_POINT('',(-0.0481721825406949,0.0690083271686377,0.0495863961030679));
#19414=CARTESIAN_POINT('',(-0.0484536196956741,0.0695477607664024,0.0498678332580472));
#19415=CARTESIAN_POINT('',(-0.0480784263776389,0.0690171572875254,0.049492639940012));
#19416=CARTESIAN_POINT('',(-0.0478784263776389,0.0693,0.049292639940012));
#19417=CARTESIAN_POINT('',(-0.0478784263776389,0.0689,0.049292639940012));
#19418=CARTESIAN_POINT('',(-0.0474443650813896,0.0689,0.0488585786437627));
#19419=CARTESIAN_POINT('',(-0.047309834689803,0.0689,0.0487240482521761));
#19420=CARTESIAN_POINT('',(-0.047309834689803,0.0693,0.0487240482521761));
#19421=CARTESIAN_POINT('',(-0.0470270350556435,0.0692930190374251,0.0484412486180166));
#19422=CARTESIAN_POINT('',(-0.0470357132165557,0.0685899123512552,0.0484499267789288));
#19423=CARTESIAN_POINT('',(-0.0469615331401343,0.0746,0.0483757467025073));
#19424=CARTESIAN_POINT('',(-0.04885,0.0686,0.0474357864376269));
#19425=CARTESIAN_POINT('',(-0.04885,0.0746,0.0474357864376269));
#19426=CARTESIAN_POINT('',(-0.04885,0.07155,0.0474357864376269));
#19427=CARTESIAN_POINT('',(-0.0489207106781187,0.07155,0.0473650757595082));
#19428=CARTESIAN_POINT('',(-0.04895,0.07155,0.0473943650813896));
#19429=CARTESIAN_POINT('',(-0.04895,0.07155,0.0474357864376269));
#19430=CARTESIAN_POINT('',(-0.0489207106839374,0.0714714590201258,0.047365075765327));
#19431=CARTESIAN_POINT('',(-0.0489500000132094,0.071502130175306,0.0473943650945975));
#19432=CARTESIAN_POINT('',(-0.04895,0.0715238196733753,0.0474357864434456));
#19433=CARTESIAN_POINT('',(-0.0489921702800063,0.0714000000020547,0.0474365353613959));
#19434=CARTESIAN_POINT('',(-0.0490265289383285,0.0714687584525874,0.0474708940197191));
#19435=CARTESIAN_POINT('',(-0.0489738198672955,0.0715,0.0475072460395146));
#19436=CARTESIAN_POINT('',(-0.0490707106781187,0.0714,0.0475150757595083));
#19437=CARTESIAN_POINT('',(-0.0490707106781186,0.0715,0.0475150757595083));
#19438=CARTESIAN_POINT('',(-0.049,0.0715,0.0475857864376269));
#19439=CARTESIAN_POINT('',(-0.049,0.0714,0.0475857864376269));
#19440=CARTESIAN_POINT('',(-0.0501313708498985,0.0714,0.0487171572875254));
#19441=CARTESIAN_POINT('',(-0.0495363961030679,0.0714,0.0481221825406948));
#19442=CARTESIAN_POINT('',(-0.0489,0.0714,0.0487585786437627));
#19443=CARTESIAN_POINT('',(-0.0498,0.0714,0.0487585786437627));
#19444=CARTESIAN_POINT('',(-0.0498,0.0714,0.0548216499507995));
#19445=CARTESIAN_POINT('',(-0.0498,0.0714,0.049));
#19446=CARTESIAN_POINT('',(-0.049,0.0714,0.049));
#19447=CARTESIAN_POINT('',(-0.0497984298073894,0.0714,0.0490500983300345));
#19448=CARTESIAN_POINT('',(-0.0498393308675205,0.0712652703644666,0.0492877429660313));
#19449=CARTESIAN_POINT('',(-0.049858867991934,0.0712732984384928,0.0492702077543297));
#19450=CARTESIAN_POINT('',(-0.0498659062489246,0.0712826351822333,0.0492453698597492));
#19451=CARTESIAN_POINT('',(-0.0498403049895065,0.0713400582606025,0.0493054182535405));
#19452=CARTESIAN_POINT('',(-0.0498543689442086,0.0713301248608543,0.0492845104009875));
#19453=CARTESIAN_POINT('',(-0.0498617577273088,0.0713200290361626,0.0492600099251368));
#19454=CARTESIAN_POINT('',(-0.0498363347957518,0.0714721421492135,0.049213471270169));
#19455=CARTESIAN_POINT('',(-0.0498809587217059,0.07144139331613,0.0492022215025803));
#19456=CARTESIAN_POINT('',(-0.0498842668467283,0.0713860712779539,0.0491835455040998));
#19457=CARTESIAN_POINT('',(-0.0498142283127426,0.0715000000000001,0.0491072632643317));
#19458=CARTESIAN_POINT('',(-0.0498947539074154,0.0714823588159526,0.0491118148049012));
#19459=CARTESIAN_POINT('',(-0.0498954859090731,0.071399999687451,0.0491001502065173));
#19460=CARTESIAN_POINT('',(-0.0497984298073896,0.0715000000000001,0.0490500983300343));
#19461=CARTESIAN_POINT('',(-0.0498982335333133,0.0715000000000001,0.0490563606212885));
#19462=CARTESIAN_POINT('',(-0.0498982335333133,0.0714000000000001,0.0490563606212886));
#19463=CARTESIAN_POINT('',(-0.0498402143323452,0.0712650925913109,0.0492884815757643));
#19464=CARTESIAN_POINT('',(-0.0498517104850913,0.0712709187603955,0.0492761330922573));
#19465=CARTESIAN_POINT('',(-0.0498616369986244,0.0712766825163701,0.0492622513839121));
#19466=CARTESIAN_POINT('',(-0.0498696787586621,0.0712822467342212,0.0492472478285359));
#19467=CARTESIAN_POINT('',(-0.0498361619315206,0.0705129030338272,0.0490115687582093));
#19468=CARTESIAN_POINT('',(-0.049869636424032,0.0705121505082857,0.049069636424032));
#19469=CARTESIAN_POINT('',(-0.0498887862034582,0.0705166462198546,0.0490516077132593));
#19470=CARTESIAN_POINT('',(-0.0499,0.070523059348981,0.0490258897710837));
#19471=CARTESIAN_POINT('',(-0.0499,0.0705295153260524,0.049));
#19472=CARTESIAN_POINT('',(-0.0498,0.0726216179807885,0.0495216951021496));
#19473=CARTESIAN_POINT('',(-0.0499,0.0700278735095701,0.0488749085862973));
#19474=CARTESIAN_POINT('',(-0.0499,0.0700214175324986,0.0489007983573809));
#19475=CARTESIAN_POINT('',(-0.0498887862034582,0.0700150044033723,0.0489265162995565));
#19476=CARTESIAN_POINT('',(-0.049869636424032,0.0700105086918034,0.0489445450103293));
#19477=CARTESIAN_POINT('',(-0.0497994226589259,0.0702123270613653,0.0481612017668581));
#19478=CARTESIAN_POINT('',(-0.0498999931171276,0.0697798394488496,0.0487585786354246));
#19479=CARTESIAN_POINT('',(-0.0498999457688385,0.0697626730979185,0.0487826255763301));
#19480=CARTESIAN_POINT('',(-0.0498860142175975,0.0697457144965022,0.048806433969941));
#19481=CARTESIAN_POINT('',(-0.04986309415167,0.0697349725417249,0.0488216730876768));
#19482=CARTESIAN_POINT('',(-0.0491123359676621,0.0702712076371935,0.0480674530805762));
#19483=CARTESIAN_POINT('',(-0.049872167931905,0.0695477626258,0.0485231402194065));
#19484=CARTESIAN_POINT('',(-0.0498782602434981,0.0695175717158525,0.0485484368317294));
#19485=CARTESIAN_POINT('',(-0.0498585753995605,0.0694881918849685,0.0485789127290644));
#19486=CARTESIAN_POINT('',(-0.0498247295004816,0.0694770276593624,0.0485967551709789));
#19487=CARTESIAN_POINT('',(-0.0483404415568414,0.0690892363645968,0.0493236684556044));
#19488=CARTESIAN_POINT('',(-0.0495863961030679,0.0690083271686377,0.0481721825406949));
#19489=CARTESIAN_POINT('',(-0.0496234201275526,0.0690083271686377,0.0481351585162102));
#19490=CARTESIAN_POINT('',(-0.0496332867199665,0.0690420138222717,0.0480776518013561));
#19491=CARTESIAN_POINT('',(-0.0496071067811866,0.0690790378467564,0.0480514718625762));
#19492=CARTESIAN_POINT('',(-0.0498678332580472,0.0695477607664024,0.0484536196956741));
#19493=CARTESIAN_POINT('',(-0.049492639940012,0.0690171572875254,0.0480784263776389));
#19494=CARTESIAN_POINT('',(-0.049292639940012,0.0693,0.0478784263776389));
#19495=CARTESIAN_POINT('',(-0.049292639940012,0.0689,0.0478784263776389));
#19496=CARTESIAN_POINT('',(-0.049292639940012,0.0689,0.0478784263776389));
#19497=CARTESIAN_POINT('',(-0.0487240482521761,0.0689,0.047309834689803));
#19498=CARTESIAN_POINT('',(-0.0487240482521761,0.0693,0.047309834689803));
#19499=CARTESIAN_POINT('',(-0.0484412486180166,0.0692930190374251,0.0470270350556435));
#19500=CARTESIAN_POINT('',(-0.0484412486180166,0.0692930190374251,0.0470270350556435));
#19501=CARTESIAN_POINT('',(-0.0483757467025073,0.0746,0.0469615331401343));
#19502=CARTESIAN_POINT('',(-0.0415,0.0746,0.05001));
#19503=CARTESIAN_POINT('',(-0.0417,0.0746,0.05001));
#19504=CARTESIAN_POINT('',(-0.0417,0.0746,0.0495));
#19505=CARTESIAN_POINT('',(-0.0417,0.0746,0.042));
#19506=CARTESIAN_POINT('',(-0.042,0.0746,0.0495));
#19507=CARTESIAN_POINT('',(-0.042,0.0746,0.0498));
#19508=CARTESIAN_POINT('',(-0.0415,0.0746,0.0498));
#19509=CARTESIAN_POINT('',(-0.049,0.0746,0.0498));
#19510=CARTESIAN_POINT('',(-0.049,0.0746,0.049));
#19511=CARTESIAN_POINT('',(-0.0498,0.0746,0.049));
#19512=CARTESIAN_POINT('',(-0.0498,0.0746,0.05001));
#19513=CARTESIAN_POINT('',(-0.0498,0.0746,0.042));
#19514=CARTESIAN_POINT('',(-0.0495,0.0746,0.042));
#19515=CARTESIAN_POINT('',(-0.0495,0.0746,0.0417));
#19516=CARTESIAN_POINT('',(-0.0415,0.0746,0.0417));
#19517=CARTESIAN_POINT('',(-0.042,0.0746,0.0417));
#19518=CARTESIAN_POINT('',(-0.042,0.0746,0.042));
#19519=CARTESIAN_POINT('',(-0.0415,0.0921,0.05001));
#19520=CARTESIAN_POINT('',(-0.0461715728752538,0.0921,0.0477272077938642));
#19521=CARTESIAN_POINT('',(-0.0453937554159486,0.0921,0.0485050252531694));
#19522=CARTESIAN_POINT('',(-0.0451059348446489,0.0921,0.048));
#19523=CARTESIAN_POINT('',(-0.0465,0.0921,0.048));
#19524=CARTESIAN_POINT('',(-0.0425,0.0921,0.048));
#19525=CARTESIAN_POINT('',(-0.0425,0.0921,0.05));
#19526=CARTESIAN_POINT('',(-0.0425,0.0921,0.049));
#19527=CARTESIAN_POINT('',(-0.05,0.0921,0.049));
#19528=CARTESIAN_POINT('',(-0.0458887301627792,0.0921,0.049));
#19529=CARTESIAN_POINT('',(-0.0441993650813896,0.0921,0.0473106349186104));
#19530=CARTESIAN_POINT('',(-0.0490414213562373,0.0921,0.0472029437251523));
#19531=CARTESIAN_POINT('',(-0.0478686291501015,0.0921,0.0460301515190165));
#19532=CARTESIAN_POINT('',(-0.0490414213562373,0.0921,0.0472029437251523));
#19533=CARTESIAN_POINT('',(-0.0477272077938642,0.0921,0.0461715728752538));
#19534=CARTESIAN_POINT('',(-0.0475857864376269,0.0921,0.0460301515190165));
#19535=CARTESIAN_POINT('',(-0.0468029689783217,0.0921,0.0468129689783217));
#19536=CARTESIAN_POINT('',(-0.0460301515190165,0.0921,0.0475857864376269));
#19537=CARTESIAN_POINT('',(-0.0461715728752538,0.0921,0.0477272077938642));
#19538=CARTESIAN_POINT('',(-0.0460301515190165,0.0921,0.0478686291501015));
#19539=CARTESIAN_POINT('',(-0.0460301515190165,0.0921,0.0478686291501015));
#19540=CARTESIAN_POINT('',(-0.0472029437251523,0.0921,0.0490414213562373));
#19541=CARTESIAN_POINT('',(-0.0473443650813896,0.0921,0.0489));
#19542=CARTESIAN_POINT('',(-0.0473443650813896,0.0921,0.0491));
#19543=CARTESIAN_POINT('',(-0.0473443650813896,0.0921,0.0491));
#19544=CARTESIAN_POINT('',(-0.0488,0.0921,0.0491));
#19545=CARTESIAN_POINT('',(-0.0488,0.0921,0.0488));
#19546=CARTESIAN_POINT('',(-0.0491,0.0921,0.0488));
#19547=CARTESIAN_POINT('',(-0.0491,0.0921,0.0488));
#19548=CARTESIAN_POINT('',(-0.0491,0.0921,0.0473443650813896));
#19549=CARTESIAN_POINT('',(-0.0489,0.0921,0.0473443650813896));
#19550=CARTESIAN_POINT('',(-0.0465,0.0921,0.047));
#19551=CARTESIAN_POINT('',(-0.042,0.0921,0.047));
#19552=CARTESIAN_POINT('',(-0.0465,0.0921,0.047));
#19553=CARTESIAN_POINT('',(-0.0465,0.0921,-0.047));
#19554=CARTESIAN_POINT('',(-0.0465,0.0921,0.042));
#19555=CARTESIAN_POINT('',(-0.0465,0.0921,0.042));
#19556=CARTESIAN_POINT('',(-0.0495,0.0921,0.042));
#19557=CARTESIAN_POINT('',(-0.0495,0.0921,0.05001));
#19558=CARTESIAN_POINT('',(-0.0495,0.0921,0.049));
#19559=CARTESIAN_POINT('',(-0.049,0.0921,0.049));
#19560=CARTESIAN_POINT('',(-0.049,0.0921,0.0495));
#19561=CARTESIAN_POINT('',(-0.05,0.0921,0.0495));
#19562=CARTESIAN_POINT('',(-0.042,0.0921,0.0495));
#19563=CARTESIAN_POINT('',(-0.042,0.0921,0.0495));
#19564=CARTESIAN_POINT('',(-0.0477272077938642,0.0921,0.0461715728752538));
#19565=CARTESIAN_POINT('',(-0.0475,0.0921,0.0450952938136683));
#19566=CARTESIAN_POINT('',(-0.0485050252531694,0.0921,0.0453937554159486));
#19567=CARTESIAN_POINT('',(-0.0484343145750508,0.0921,0.04532304473783));
#19568=CARTESIAN_POINT('',(-0.049,0.0921,0.0458887301627792));
#19569=CARTESIAN_POINT('',(-0.049,0.0921,0.05));
#19570=CARTESIAN_POINT('',(-0.049,0.0921,0.0425));
#19571=CARTESIAN_POINT('',(-0.05,0.0921,0.0425));
#19572=CARTESIAN_POINT('',(-0.0475,0.0921,0.0425));
#19573=CARTESIAN_POINT('',(-0.0475,0.0921,-0.047));
#19574=CARTESIAN_POINT('',(0.,0.09,0.));
#19575=CARTESIAN_POINT('',(-0.0461715728752538,0.09,0.0477272077938642));
#19576=CARTESIAN_POINT('',(-0.0453462433504317,0.09,0.047));
#19577=CARTESIAN_POINT('',(-0.0453937554159486,0.09,0.046949390334559));
#19578=CARTESIAN_POINT('',(-0.0461715728752538,0.09,0.0461715728752538));
#19579=CARTESIAN_POINT('',(-0.0465,0.09,0.0458431457505076));
#19580=CARTESIAN_POINT('',(-0.0465,0.09,-0.047));
#19581=CARTESIAN_POINT('',(-0.0465,0.09,0.047));
#19582=CARTESIAN_POINT('',(-0.0465,0.09,0.047));
#19583=CARTESIAN_POINT('',(-0.05,0.1135,0.0415));
#19584=CARTESIAN_POINT('',(-0.0495,0.0916,0.0415));
#19585=CARTESIAN_POINT('',(-0.0465,0.0916,0.0415));
#19586=CARTESIAN_POINT('',(-0.0465,0.1135,0.0415));
#19587=CARTESIAN_POINT('',(-0.0465,0.09,0.0415));
#19588=CARTESIAN_POINT('',(-0.05,0.09,0.0415));
#19589=CARTESIAN_POINT('',(-0.042,0.09,0.0415));
#19590=CARTESIAN_POINT('',(-0.042,0.1135,0.0415));
#19591=CARTESIAN_POINT('',(-0.042,0.0748,0.0415));
#19592=CARTESIAN_POINT('',(-0.05,0.0748,0.0415));
#19593=CARTESIAN_POINT('',(-0.0495,0.0748,0.0415));
#19594=CARTESIAN_POINT('',(-0.0495,0.1135,0.0415));
#19595=CARTESIAN_POINT('',(-0.0415,0.1135,0.05));
#19596=CARTESIAN_POINT('',(-0.0415,0.07626,0.05));
#19597=CARTESIAN_POINT('',(-0.0415,0.0748,0.05));
#19598=CARTESIAN_POINT('',(-0.0415,0.0748,0.042));
#19599=CARTESIAN_POINT('',(-0.0415,0.1135,0.042));
#19600=CARTESIAN_POINT('',(-0.0415,0.09,0.042));
#19601=CARTESIAN_POINT('',(-0.0415,0.09,0.05));
#19602=CARTESIAN_POINT('',(-0.0415,0.09,0.047));
#19603=CARTESIAN_POINT('',(-0.0415,0.1135,0.047));
#19604=CARTESIAN_POINT('',(-0.0415,0.0916,0.047));
#19605=CARTESIAN_POINT('',(-0.0415,0.0916,0.047));
#19606=CARTESIAN_POINT('',(-0.0415,0.0916,0.0495));
#19607=CARTESIAN_POINT('',(-0.0415,0.1135,0.0495));
#19608=CARTESIAN_POINT('',(-0.0415,0.08826,0.0495));
#19609=CARTESIAN_POINT('',(-0.0415,0.08826,0.05));
#19610=CARTESIAN_POINT('',(-0.049,0.1135,0.049));
#19611=CARTESIAN_POINT('',(-0.049,0.0892,0.049));
#19612=CARTESIAN_POINT('',(-0.049,0.0916,0.049));
#19613=CARTESIAN_POINT('',(-0.049,0.1135,0.049));
#19614=CARTESIAN_POINT('',(-0.049,0.086,0.049));
#19615=CARTESIAN_POINT('',(-0.049,0.0748,0.049));
#19616=CARTESIAN_POINT('',(0.,0.09,0.));
#19617=CARTESIAN_POINT('',(-0.0465,0.09,-0.047));
#19618=CARTESIAN_POINT('',(-0.0465,0.09,0.0425));
#19619=CARTESIAN_POINT('',(-0.05,0.09,0.0425));
#19620=CARTESIAN_POINT('',(-0.0425,0.09,0.0425));
#19621=CARTESIAN_POINT('',(-0.0425,0.09,0.05));
#19622=CARTESIAN_POINT('',(-0.0425,0.09,0.047));
#19623=CARTESIAN_POINT('',(-0.0465,0.09,0.047));
#19624=CARTESIAN_POINT('',(-0.042,0.09,0.042));
#19625=CARTESIAN_POINT('',(-0.0465,0.0921,-0.047));
#19626=CARTESIAN_POINT('',(-0.0465,0.0921,0.047));
#19627=CARTESIAN_POINT('',(-0.0465,0.09,-0.047));
#19628=CARTESIAN_POINT('',(-0.0465,0.0916,0.042));
#19629=CARTESIAN_POINT('',(-0.0465,0.0921,0.047));
#19630=CARTESIAN_POINT('',(-0.0465,0.09,0.047));
#19631=CARTESIAN_POINT('',(-0.042,0.0916,0.047));
#19632=CARTESIAN_POINT('',(-0.0483443650813896,0.086,0.05));
#19633=CARTESIAN_POINT('',(-0.0483443650813896,0.0861,0.05));
#19634=CARTESIAN_POINT('',(-0.0483443650813896,0.0861,0.0499));
#19635=CARTESIAN_POINT('',(-0.0482703167238882,0.0860000000005791,0.05));
#19636=CARTESIAN_POINT('',(-0.0482831638039201,0.0861204006405822,0.0499999999999983));
#19637=CARTESIAN_POINT('',(-0.0482888288132634,0.0861,0.0498814879106245));
#19638=CARTESIAN_POINT('',(-0.0481228106152207,0.0860433374441798,0.05));
#19639=CARTESIAN_POINT('',(-0.048195872241942,0.0862378259228405,0.0500000000000016));
#19640=CARTESIAN_POINT('',(-0.0481781992320523,0.0861216687222347,0.0498446113831687));
#19641=CARTESIAN_POINT('',(-0.0480615223712288,0.0861476396861121,0.05));
#19642=CARTESIAN_POINT('',(-0.0483029436551304,0.0862370286081331,0.0499999999999987));
#19643=CARTESIAN_POINT('',(-0.0481322330481904,0.0861738198430561,0.0498292893230382));
#19644=CARTESIAN_POINT('',(-0.048061522368915,0.0862,0.05));
#19645=CARTESIAN_POINT('',(-0.0483029437251523,0.0862,0.05));
#19646=CARTESIAN_POINT('',(-0.0481322330470336,0.0862,0.0498292893218813));
#19647=CARTESIAN_POINT('',(-0.0483443650813896,0.086,0.0499));
#19648=CARTESIAN_POINT('',(-0.0483443650813896,0.0861,0.0499));
#19649=CARTESIAN_POINT('',(-0.048061522368915,0.0862,0.0499));
#19650=CARTESIAN_POINT('',(-0.0481322330470337,0.0862,0.0498292893218814));
#19651=CARTESIAN_POINT('',(-0.0483443650813896,0.0862,0.0499));
#19652=CARTESIAN_POINT('',(-0.05,0.086,0.0499));
#19653=CARTESIAN_POINT('',(-0.049,0.086,0.0499));
#19654=CARTESIAN_POINT('',(-0.049,0.0861,0.0499));
#19655=CARTESIAN_POINT('',(-0.0488,0.0861,0.0499));
#19656=CARTESIAN_POINT('',(-0.049,0.086,0.049));
#19657=CARTESIAN_POINT('',(-0.0499,0.086,0.049));
#19658=CARTESIAN_POINT('',(-0.0499,0.0861,0.049));
#19659=CARTESIAN_POINT('',(-0.049,0.0861,0.049));
#19660=CARTESIAN_POINT('',(-0.0499,0.086,0.05));
#19661=CARTESIAN_POINT('',(-0.0499,0.0861,0.0488));
#19662=CARTESIAN_POINT('',(-0.0499,0.0861,0.0483443650813896));
#19663=CARTESIAN_POINT('',(-0.0499,0.086,0.0483443650813896));
#19664=CARTESIAN_POINT('',(-0.05,0.0862,0.048061522368915));
#19665=CARTESIAN_POINT('',(-0.05,0.0862,0.0483029437251523));
#19666=CARTESIAN_POINT('',(-0.0498292893218813,0.0862,0.0481322330470336));
#19667=CARTESIAN_POINT('',(-0.05,0.0861476396861121,0.0480615223712288));
#19668=CARTESIAN_POINT('',(-0.0499999999999987,0.0862370286081331,0.0483029436551304));
#19669=CARTESIAN_POINT('',(-0.0498292893230382,0.0861738198430561,0.0481322330481904));
#19670=CARTESIAN_POINT('',(-0.05,0.0860433374441798,0.0481228106152207));
#19671=CARTESIAN_POINT('',(-0.0500000000000016,0.0862378259228405,0.048195872241942));
#19672=CARTESIAN_POINT('',(-0.0498446113831687,0.0861216687222347,0.0481781992320523));
#19673=CARTESIAN_POINT('',(-0.05,0.086000000000579,0.0482703167238882));
#19674=CARTESIAN_POINT('',(-0.0499999999999983,0.0861204006405822,0.0482831638039201));
#19675=CARTESIAN_POINT('',(-0.0498814879106245,0.0861,0.0482888288132634));
#19676=CARTESIAN_POINT('',(-0.05,0.086,0.0483443650813896));
#19677=CARTESIAN_POINT('',(-0.05,0.0861,0.0483443650813896));
#19678=CARTESIAN_POINT('',(-0.0499,0.0861,0.0483443650813896));
#19679=CARTESIAN_POINT('',(-0.0499,0.0862,0.0483443650813896));
#19680=CARTESIAN_POINT('',(-0.0498292893218814,0.0862,0.0481322330470337));
#19681=CARTESIAN_POINT('',(-0.0499,0.0862,0.048061522368915));
#19682=CARTESIAN_POINT('',(-0.0472855642219065,0.0890903841333299,0.0490866233266615));
#19683=CARTESIAN_POINT('',(-0.0473943650813896,0.0890707106781187,0.04905));
#19684=CARTESIAN_POINT('',(-0.0473676347314935,0.0890581098703353,0.049041089883368));
#19685=CARTESIAN_POINT('',(-0.0473225008366736,0.0890345396442957,0.0490195571115213));
#19686=CARTESIAN_POINT('',(-0.047273654403271,0.089,0.0489707106781187));
#19687=CARTESIAN_POINT('',(-0.047273654403271,0.089,0.0489707106781187));
#19688=CARTESIAN_POINT('',(-0.0473943650813896,0.0890707106781187,0.04905));
#19689=CARTESIAN_POINT('',(-0.0473943989943908,0.0890706635020351,0.0490499645507987));
#19690=CARTESIAN_POINT('',(-0.0473875909061079,0.0890879417807443,0.0490204574197584));
#19691=CARTESIAN_POINT('',(-0.0473679335133834,0.0891157415321362,0.049000800027034));
#19692=CARTESIAN_POINT('',(-0.0473443664039622,0.0891414202699799,0.0489999319603701));
#19693=CARTESIAN_POINT('',(-0.0473443650813896,0.0891414213562373,0.049));
#19694=CARTESIAN_POINT('',(-0.0472736544032709,0.089,0.0489707106781187));
#19695=CARTESIAN_POINT('',(-0.0472980776199722,0.0890690792885915,0.0489951338948199));
#19696=CARTESIAN_POINT('',(-0.0473265448481255,0.0891162197406706,0.049));
#19697=CARTESIAN_POINT('',(-0.0473443650813896,0.0891414213562373,0.049));
#19698=CARTESIAN_POINT('',(-0.0488,0.0861,0.049));
#19699=CARTESIAN_POINT('',(-0.0473443650813896,0.0921,0.049));
#19700=CARTESIAN_POINT('',(-0.0473443650813896,0.092,0.049));
#19701=CARTESIAN_POINT('',(-0.0473443650813896,0.0891414213562373,0.049));
#19702=CARTESIAN_POINT('',(-0.0473995935563727,0.0891804737854124,0.049));
#19703=CARTESIAN_POINT('',(-0.0474662602230394,0.0892,0.049));
#19704=CARTESIAN_POINT('',(-0.0475443650813896,0.0892,0.049));
#19705=CARTESIAN_POINT('',(-0.0475443650813896,0.0892,0.049));
#19706=CARTESIAN_POINT('',(-0.0488,0.0892,0.049));
#19707=CARTESIAN_POINT('',(-0.0488,0.0892,0.049));
#19708=CARTESIAN_POINT('',(-0.0488,0.0861,0.049));
#19709=CARTESIAN_POINT('',(-0.0488,0.092,0.049));
#19710=CARTESIAN_POINT('',(-0.0488,0.092,0.049));
#19711=CARTESIAN_POINT('',(-0.0488,0.0861,0.0488));
#19712=CARTESIAN_POINT('',(-0.0488,0.0892,0.0488));
#19713=CARTESIAN_POINT('',(-0.049,0.0892,0.0488));
#19714=CARTESIAN_POINT('',(-0.049,0.0861,0.0488));
#19715=CARTESIAN_POINT('',(-0.049,0.092,0.0488));
#19716=CARTESIAN_POINT('',(-0.0488,0.092,0.0488));
#19717=CARTESIAN_POINT('',(-0.0491,0.092,0.05001));
#19718=CARTESIAN_POINT('',(-0.0491,0.092,0.0473443650813896));
#19719=CARTESIAN_POINT('',(-0.049,0.092,0.0473443650813896));
#19720=CARTESIAN_POINT('',(-0.0491,0.092,0.0488));
#19721=CARTESIAN_POINT('',(-0.049,0.092,0.0473443650813896));
#19722=CARTESIAN_POINT('',(-0.0489,0.092,0.0473443650813896));
#19723=CARTESIAN_POINT('',(-0.0490414213562373,0.092,0.0472029437251523));
#19724=CARTESIAN_POINT('',(-0.0489707106781187,0.092,0.047273654403271));
#19725=CARTESIAN_POINT('',(-0.0489,0.092,0.0473443650813896));
#19726=CARTESIAN_POINT('',(-0.0509242388155425,0.092,0.0490857611844575));
#19727=CARTESIAN_POINT('',(-0.0478686291501015,0.092,0.0460301515190165));
#19728=CARTESIAN_POINT('',(-0.0477979184719829,0.092,0.0461008621971352));
#19729=CARTESIAN_POINT('',(-0.0477979184719829,0.092,0.0461008621971352));
#19730=CARTESIAN_POINT('',(-0.0477272077938642,0.092,0.0461715728752538));
#19731=CARTESIAN_POINT('',(-0.0477272077938642,0.092,0.0461715728752538));
#19732=CARTESIAN_POINT('',(-0.0476564971157456,0.092,0.0461008621971352));
#19733=CARTESIAN_POINT('',(-0.0475857864376269,0.092,0.0460301515190165));
#19734=CARTESIAN_POINT('',(-0.0477272077938642,0.0861,0.0460301515190165));
#19735=CARTESIAN_POINT('',(-0.0476564971157456,0.0861,0.0461008621971352));
#19736=CARTESIAN_POINT('',(-0.0476564971157456,0.0862,0.0461008621971352));
#19737=CARTESIAN_POINT('',(-0.0477272077938642,0.0862,0.0460301515190165));
#19738=CARTESIAN_POINT('',(-0.0461008621971352,0.0862,0.0476564971157456));
#19739=CARTESIAN_POINT('',(-0.0461008621971352,0.0861,0.0476564971157456));
#19740=CARTESIAN_POINT('',(-0.0461008621971352,0.092,0.0476564971157456));
#19741=CARTESIAN_POINT('',(-0.0477272077938642,0.092,0.0460301515190165));
#19742=CARTESIAN_POINT('',(-0.0461715728752538,0.092,0.0477272077938642));
#19743=CARTESIAN_POINT('',(-0.0460301515190165,0.092,0.0475857864376269));
#19744=CARTESIAN_POINT('',(-0.0461715728752538,0.092,0.0477272077938642));
#19745=CARTESIAN_POINT('',(-0.0461008621971352,0.092,0.0477979184719829));
#19746=CARTESIAN_POINT('',(-0.0460301515190165,0.092,0.0478686291501015));
#19747=CARTESIAN_POINT('',(-0.0476564971157456,0.092,0.0459594408408979));
#19748=CARTESIAN_POINT('',(-0.0477272077938642,0.0861,0.0461715728752538));
#19749=CARTESIAN_POINT('',(-0.0477979184719829,0.0861,0.0461008621971352));
#19750=CARTESIAN_POINT('',(-0.0477979184719829,0.0862,0.0461008621971352));
#19751=CARTESIAN_POINT('',(-0.0477272077938642,0.0862,0.0461715728752538));
#19752=CARTESIAN_POINT('',(-0.0477272077938642,0.0862,0.0461715728752538));
#19753=CARTESIAN_POINT('',(-0.0477272077938642,0.0862,0.0461715728752538));
#19754=CARTESIAN_POINT('',(-0.0477272077938642,0.0861,0.0461715728752538));
#19755=CARTESIAN_POINT('',(-0.0477272077938642,0.0862,0.0461715728752538));
#19756=CARTESIAN_POINT('',(-0.0476564971157456,0.0862,0.0461008621971352));
#19757=CARTESIAN_POINT('',(-0.0495778174593052,0.0861,0.0480221825406948));
#19758=CARTESIAN_POINT('',(-0.0477272077938642,0.0862,0.0460301515190165));
#19759=CARTESIAN_POINT('',(-0.0499,0.0861,0.048061522368915));
#19760=CARTESIAN_POINT('',(-0.0498292893218814,0.089,0.0481322330470337));
#19761=CARTESIAN_POINT('',(-0.0498292893218814,0.089,0.0481322330470337));
#19762=CARTESIAN_POINT('',(-0.0499,0.089,0.048061522368915));
#19763=CARTESIAN_POINT('',(-0.05,0.0892,0.0483443650813896));
#19764=CARTESIAN_POINT('',(-0.05,0.0891,0.0483443650813896));
#19765=CARTESIAN_POINT('',(-0.0499,0.0891,0.0483443650813896));
#19766=CARTESIAN_POINT('',(-0.05,0.089199999999421,0.0482703167238882));
#19767=CARTESIAN_POINT('',(-0.049999999999999,0.0890795993594172,0.0482831638039195));
#19768=CARTESIAN_POINT('',(-0.0498814879106245,0.0891,0.0482888288132634));
#19769=CARTESIAN_POINT('',(-0.05,0.0891566625558202,0.0481228106152207));
#19770=CARTESIAN_POINT('',(-0.0500000000000008,0.0889621740771539,0.0481958722419427));
#19771=CARTESIAN_POINT('',(-0.0498446113831687,0.0890783312777653,0.0481781992320523));
#19772=CARTESIAN_POINT('',(-0.05,0.0890523603138879,0.0480615223712288));
#19773=CARTESIAN_POINT('',(-0.0499999999999997,0.0889629713918837,0.0483029436551307));
#19774=CARTESIAN_POINT('',(-0.0498292893230382,0.0890261801569439,0.0481322330481904));
#19775=CARTESIAN_POINT('',(-0.05,0.089,0.048061522368915));
#19776=CARTESIAN_POINT('',(-0.05,0.0889999999999999,0.0483029437251523));
#19777=CARTESIAN_POINT('',(-0.0498292893218813,0.089,0.0481322330470336));
#19778=CARTESIAN_POINT('',(-0.0499,0.089,0.0483443650813896));
#19779=CARTESIAN_POINT('',(-0.0499,0.0891,0.0483443650813896));
#19780=CARTESIAN_POINT('',(-0.0499,0.0892,0.0483443650813896));
#19781=CARTESIAN_POINT('',(-0.0499,0.0892,-9.00340792280726E-18));
#19782=CARTESIAN_POINT('',(-0.0499,0.0891,0.049));
#19783=CARTESIAN_POINT('',(-0.0499,0.0891,0.049));
#19784=CARTESIAN_POINT('',(-0.0499,0.0892,0.049));
#19785=CARTESIAN_POINT('',(-0.049,0.0892,0.049));
#19786=CARTESIAN_POINT('',(-0.049,0.0891,0.049));
#19787=CARTESIAN_POINT('',(-0.049,0.0891,0.0499));
#19788=CARTESIAN_POINT('',(-0.049,0.0892,0.0499));
#19789=CARTESIAN_POINT('',(1.14524293006569E-17,0.0892,0.0499));
#19790=CARTESIAN_POINT('',(-0.0484443650813896,0.0891,0.0499));
#19791=CARTESIAN_POINT('',(-0.0483443650813896,0.0891,0.0499));
#19792=CARTESIAN_POINT('',(-0.0483443650813896,0.0892,0.0499));
#19793=CARTESIAN_POINT('',(-0.048061522368915,0.089,0.05));
#19794=CARTESIAN_POINT('',(-0.0483029437251523,0.0889999999999999,0.05));
#19795=CARTESIAN_POINT('',(-0.0481322330470336,0.089,0.0498292893218813));
#19796=CARTESIAN_POINT('',(-0.0480615223712288,0.0890523603138879,0.05));
#19797=CARTESIAN_POINT('',(-0.0483029436551307,0.0889629713918837,0.0499999999999997));
#19798=CARTESIAN_POINT('',(-0.0481322330481904,0.0890261801569439,0.0498292893230382));
#19799=CARTESIAN_POINT('',(-0.0481228106152207,0.0891566625558202,0.05));
#19800=CARTESIAN_POINT('',(-0.0481958722419427,0.0889621740771539,0.0500000000000008));
#19801=CARTESIAN_POINT('',(-0.0481781992320523,0.0890783312777653,0.0498446113831687));
#19802=CARTESIAN_POINT('',(-0.0482703167238882,0.089199999999421,0.05));
#19803=CARTESIAN_POINT('',(-0.0482831638039195,0.0890795993594172,0.049999999999999));
#19804=CARTESIAN_POINT('',(-0.0482888288132634,0.0891,0.0498814879106245));
#19805=CARTESIAN_POINT('',(-0.0483443650813896,0.0892,0.05));
#19806=CARTESIAN_POINT('',(-0.0483443650813896,0.0891,0.05));
#19807=CARTESIAN_POINT('',(-0.0483443650813896,0.0891,0.0499));
#19808=CARTESIAN_POINT('',(-0.048061522368915,0.089,0.0499));
#19809=CARTESIAN_POINT('',(-0.0481322330470337,0.089,0.0498292893218814));
#19810=CARTESIAN_POINT('',(-0.0483443650813896,0.089,0.0499));
#19811=CARTESIAN_POINT('',(-0.048061522368915,0.0861,0.0499));
#19812=CARTESIAN_POINT('',(-0.0481322330470337,0.0862,0.0498292893218814));
#19813=CARTESIAN_POINT('',(-0.047373654403271,0.0862,0.0489292893218814));
#19814=CARTESIAN_POINT('',(-0.0473029437251523,0.0862,0.049));
#19815=CARTESIAN_POINT('',(-0.0461008621971352,0.0862,0.0477979184719829));
#19816=CARTESIAN_POINT('',(-0.0461715728752538,0.0862,0.0477272077938642));
#19817=CARTESIAN_POINT('',(-0.0461715728752538,0.0861,0.0477272077938642));
#19818=CARTESIAN_POINT('',(-0.0480221825406948,0.0861,0.0495778174593052));
#19819=CARTESIAN_POINT('',(-0.0461715728752538,0.0862,0.0477272077938642));
#19820=CARTESIAN_POINT('',(-0.0461715728752538,0.0862,0.0477272077938642));
#19821=CARTESIAN_POINT('',(-0.0461715728752538,0.0862,0.0477272077938642));
#19822=CARTESIAN_POINT('',(-0.0488,0.0861,0.0488));
#19823=CARTESIAN_POINT('',(-0.0461008621971352,0.0861,0.0477979184719829));
#19824=CARTESIAN_POINT('',(-0.046949390334559,0.0862,0.046949390334559));
#19825=CARTESIAN_POINT('',(-0.0461715728752538,0.0861,0.0477272077938642));
#19826=CARTESIAN_POINT('',(-0.0461008621971352,0.0861,0.0477979184719829));
#19827=CARTESIAN_POINT('',(-0.0490857611844575,0.092,0.0509242388155425));
#19828=CARTESIAN_POINT('',(-0.047273654403271,0.092,0.0489707106781187));
#19829=CARTESIAN_POINT('',(-0.047273654403271,0.092,0.0489707106781187));
#19830=CARTESIAN_POINT('',(-0.0472029437251523,0.092,0.0490414213562373));
#19831=CARTESIAN_POINT('',(-0.0473443650813896,0.092,0.0489));
#19832=CARTESIAN_POINT('',(-0.0473443650813896,0.092,0.0491));
#19833=CARTESIAN_POINT('',(-0.0473443650813896,0.092,0.0489));
#19834=CARTESIAN_POINT('',(-0.05,0.092,0.0491));
#19835=CARTESIAN_POINT('',(-0.0488,0.092,0.0491));
#19836=CARTESIAN_POINT('',(-0.0488,0.092,0.0488));
#19837=CARTESIAN_POINT('',(-0.049,0.0861,0.0473029437251523));
#19838=CARTESIAN_POINT('',(-0.049,0.0892,0.0473029437251523));
#19839=CARTESIAN_POINT('',(-0.049,0.0892,0.0475443650813896));
#19840=CARTESIAN_POINT('',(-0.049,0.0892,0.0475443650813896));
#19841=CARTESIAN_POINT('',(-0.049,0.0892,0.0474662602230394));
#19842=CARTESIAN_POINT('',(-0.049,0.0891804737854124,0.0473995935563727));
#19843=CARTESIAN_POINT('',(-0.049,0.0891414213562373,0.0473443650813896));
#19844=CARTESIAN_POINT('',(-0.049,0.0891414213562373,0.0473443650813896));
#19845=CARTESIAN_POINT('',(-0.049,0.0891,0.0473443650813896));
#19846=CARTESIAN_POINT('',(-0.0490924741295462,0.0891557967897551,0.0473708564587033));
#19847=CARTESIAN_POINT('',(-0.0491,0.0891,0.0475443650813896));
#19848=CARTESIAN_POINT('',(-0.0490476401224402,0.0891,0.0475443650813896));
#19849=CARTESIAN_POINT('',(-0.049,0.0891476401224402,0.0475443650813896));
#19850=CARTESIAN_POINT('',(-0.049,0.0892,0.0475443650813896));
#19851=CARTESIAN_POINT('',(-0.0491,0.0891,0.0475443650813896));
#19852=CARTESIAN_POINT('',(-0.04905,0.0890707106781187,0.0473943650813897));
#19853=CARTESIAN_POINT('',(-0.0490702433639434,0.089089222690361,0.0474407883841129));
#19854=CARTESIAN_POINT('',(-0.049085178678909,0.0891,0.047492519735814));
#19855=CARTESIAN_POINT('',(-0.0491,0.0891,0.0475443650813896));
#19856=CARTESIAN_POINT('',(-0.04905,0.0890707106781187,0.0473943650813896));
#19857=CARTESIAN_POINT('',(-0.0489931868060979,0.0891387206416192,0.0473473588880521));
#19858=CARTESIAN_POINT('',(-0.0490098534727672,0.0891151504155811,0.0473640255547182));
#19859=CARTESIAN_POINT('',(-0.0490265201394364,0.0890915801895429,0.0473806922213843));
#19860=CARTESIAN_POINT('',(-0.0490431868061057,0.0890680099635048,0.0473973588880504));
#19861=CARTESIAN_POINT('',(-0.0487551777180193,0.0890228707654737,0.0474690388835184));
#19862=CARTESIAN_POINT('',(-0.0490431868061057,0.0890680099635048,0.0473973588880504));
#19863=CARTESIAN_POINT('',(-0.0490299386454557,0.0890483570775233,0.0473494803374729));
#19864=CARTESIAN_POINT('',(-0.049004987495814,0.0890241018772569,0.0473067961206095));
#19865=CARTESIAN_POINT('',(-0.0489705279274639,0.0890000038930319,0.0472738426595041));
#19866=CARTESIAN_POINT('',(-0.0489707106781187,0.089,0.047273654403271));
#19867=CARTESIAN_POINT('',(-0.0489705279274639,0.0890000038930319,0.0472738426595041));
#19868=CARTESIAN_POINT('',(-0.0489883208291552,0.0890476721032972,0.0472901294539361));
#19869=CARTESIAN_POINT('',(-0.0489966053121284,0.089095497529604,0.0473161470041358));
#19870=CARTESIAN_POINT('',(-0.0489931868060979,0.0891387206416192,0.0473473588880521));
#19871=CARTESIAN_POINT('',(-0.0489,0.0861,0.0473443650813896));
#19872=CARTESIAN_POINT('',(-0.0489707106781187,0.0921,0.047273654403271));
#19873=CARTESIAN_POINT('',(-0.0477272077938642,0.0861,0.0460301515190165));
#19874=CARTESIAN_POINT('',(-0.049,0.089,0.0473029437251523));
#19875=CARTESIAN_POINT('',(-0.0476564971157456,0.089,0.0461008621971352));
#19876=CARTESIAN_POINT('',(-0.0499292893218814,0.0891,0.048373654403271));
#19877=CARTESIAN_POINT('',(-0.0491,0.0892,0.0473029437251523));
#19878=CARTESIAN_POINT('',(-0.0491,0.0892,0.0488));
#19879=CARTESIAN_POINT('',(-0.0491,0.0891,0.0488));
#19880=CARTESIAN_POINT('',(-0.0491,0.0891,-2.36527579938674E-16));
#19881=CARTESIAN_POINT('',(-0.0488,0.0892,0.0488));
#19882=CARTESIAN_POINT('',(-0.0488,0.0892,0.0491));
#19883=CARTESIAN_POINT('',(-0.0488,0.0891,0.0491));
#19884=CARTESIAN_POINT('',(-0.0488,0.0891,0.0488));
#19885=CARTESIAN_POINT('',(-0.0488,0.0892,0.0491));
#19886=CARTESIAN_POINT('',(-0.0475443650813896,0.0892,0.049));
#19887=CARTESIAN_POINT('',(-0.0475443650813896,0.0891476401224402,0.049));
#19888=CARTESIAN_POINT('',(-0.0475443650813896,0.0891,0.0490476401224402));
#19889=CARTESIAN_POINT('',(-0.0475443650813896,0.0891,0.0491));
#19890=CARTESIAN_POINT('',(-0.0475443650813896,0.0891,0.0491));
#19891=CARTESIAN_POINT('',(2.38976601316523E-16,0.0891,0.0491));
#19892=CARTESIAN_POINT('',(-0.0473708564587033,0.0891557967897551,0.0490924741295462));
#19893=CARTESIAN_POINT('',(-0.0475443650813897,0.0891,0.0491));
#19894=CARTESIAN_POINT('',(-0.047492519735814,0.0891,0.049085178678909));
#19895=CARTESIAN_POINT('',(-0.047440788384113,0.089089222690361,0.0490702433639434));
#19896=CARTESIAN_POINT('',(-0.0473943650813897,0.0890707106781187,0.0490500000000001));
#19897=CARTESIAN_POINT('',(-0.0473443650813896,0.0861,0.0489));
#19898=CARTESIAN_POINT('',(-0.047273654403271,0.0891,0.0489707106781187));
#19899=CARTESIAN_POINT('',(-0.0473029437251523,0.0861,0.049));
#19900=CARTESIAN_POINT('',(-0.0483029437251523,0.089,0.05));
#19901=CARTESIAN_POINT('',(-0.047373654403271,0.089,0.0489292893218814));
#19902=CARTESIAN_POINT('',(-0.047373654403271,0.0891,0.0489292893218814));
#19903=CARTESIAN_POINT('',(1.13968527085408E-17,0.0891,-8.94783133069115E-18));
#19904=CARTESIAN_POINT('',(-0.0495,0.0916,0.05));
#19905=CARTESIAN_POINT('',(-0.0495,0.0916,0.049));
#19906=CARTESIAN_POINT('',(-0.0495,0.0916,0.042));
#19907=CARTESIAN_POINT('',(-0.049,0.0916,0.049));
#19908=CARTESIAN_POINT('',(-0.049,0.0916,0.0495));
#19909=CARTESIAN_POINT('',(-0.05,0.0916,0.0495));
#19910=CARTESIAN_POINT('',(-0.042,0.0916,0.0495));
#19911=CARTESIAN_POINT('',(0.,0.09,0.));
#19912=CARTESIAN_POINT('',(-0.0425,0.09,0.05));
#19913=CARTESIAN_POINT('',(-0.0425,0.09,0.048));
#19914=CARTESIAN_POINT('',(0.,0.09,0.048));
#19915=CARTESIAN_POINT('',(-0.0451059348446489,0.09,0.048));
#19916=CARTESIAN_POINT('',(-0.0461715728752538,0.09,0.0477272077938642));
#19917=CARTESIAN_POINT('',(0.,0.09,0.));
#19918=CARTESIAN_POINT('',(-0.0461715728752538,0.09,0.0461715728752538));
#19919=CARTESIAN_POINT('',(-0.046949390334559,0.09,0.0453937554159486));
#19920=CARTESIAN_POINT('',(-0.0477272077938642,0.09,0.0461715728752538));
#19921=CARTESIAN_POINT('',(-0.0475,0.09,0.0450952938136683));
#19922=CARTESIAN_POINT('',(-0.0475,0.09,0.));
#19923=CARTESIAN_POINT('',(-0.0475,0.09,0.0425));
#19924=CARTESIAN_POINT('',(-0.05,0.09,0.0425));
#19925=CARTESIAN_POINT('',(-0.05,0.1135,0.0425));
#19926=CARTESIAN_POINT('',(-0.049,0.1135,0.0425));
#19927=CARTESIAN_POINT('',(-0.049,0.0756,0.0425));
#19928=CARTESIAN_POINT('',(-0.0415,0.0756,0.0425));
#19929=CARTESIAN_POINT('',(-0.0425,0.0756,0.0425));
#19930=CARTESIAN_POINT('',(-0.0425,0.1135,0.0425));
#19931=CARTESIAN_POINT('',(-0.0475,0.1135,0.0425));
#19932=CARTESIAN_POINT('',(-0.0425,0.1135,0.05));
#19933=CARTESIAN_POINT('',(-0.0425,0.1135,0.049));
#19934=CARTESIAN_POINT('',(-0.0425,0.0756,0.049));
#19935=CARTESIAN_POINT('',(-0.0425,0.1135,0.048));
#19936=CARTESIAN_POINT('',(-0.0425,0.0756,0.05001));
#19937=CARTESIAN_POINT('',(-0.0415,0.0756,0.05001));
#19938=CARTESIAN_POINT('',(-0.049,0.0756,0.05));
#19939=CARTESIAN_POINT('',(-0.049,0.0756,0.049));
#19940=CARTESIAN_POINT('',(-0.05,0.0756,0.049));
#19941=CARTESIAN_POINT('',(-0.049,0.1135,0.05));
#19942=CARTESIAN_POINT('',(-0.049,0.0861,0.0458887301627792));
#19943=CARTESIAN_POINT('',(-0.049,0.0862,0.0458887301627792));
#19944=CARTESIAN_POINT('',(-0.049,0.0862,0.0474443650813896));
#19945=CARTESIAN_POINT('',(-0.049,0.0851,0.0474443650813896));
#19946=CARTESIAN_POINT('',(-0.049,0.0851,0.05));
#19947=CARTESIAN_POINT('',(-0.049,0.0851,0.049));
#19948=CARTESIAN_POINT('',(-0.049,0.1135,0.049));
#19949=CARTESIAN_POINT('',(-0.05,0.1135,0.049));
#19950=CARTESIAN_POINT('',(-0.0458887301627792,0.1135,0.049));
#19951=CARTESIAN_POINT('',(-0.0458887301627792,0.0862,0.049));
#19952=CARTESIAN_POINT('',(-0.0488,0.0851,0.049));
#19953=CARTESIAN_POINT('',(-0.0474443650813896,0.0851,0.049));
#19954=CARTESIAN_POINT('',(-0.0474443650813896,0.0862,0.049));
#19955=CARTESIAN_POINT('',(-0.0475,0.0921,-0.047));
#19956=CARTESIAN_POINT('',(-0.0475,0.0861,0.0450952938136683));
#19957=CARTESIAN_POINT('',(-0.0465,0.0921,0.048));
#19958=CARTESIAN_POINT('',(-0.0451059348446489,0.0861,0.048));
#19959=CARTESIAN_POINT('',(-0.0470201010126777,0.0861,0.04532304473783));
#19960=CARTESIAN_POINT('',(-0.0453937554159486,0.0861,0.046949390334559));
#19961=CARTESIAN_POINT('',(-0.0453937554159486,0.0862,0.046949390334559));
#19962=CARTESIAN_POINT('',(-0.0470201010126777,0.0862,0.04532304473783));
#19963=CARTESIAN_POINT('',(-0.046949390334559,0.0862,0.0453937554159486));
#19964=CARTESIAN_POINT('',(-0.046949390334559,0.0861,0.0453937554159486));
#19965=CARTESIAN_POINT('',(-0.0477272077938642,0.0861,0.0461715728752538));
#19966=CARTESIAN_POINT('',(-0.0477272077938642,0.0862,0.0461715728752538));
#19967=CARTESIAN_POINT('',(-0.0485050252531694,0.0862,0.0453937554159486));
#19968=CARTESIAN_POINT('',(-0.0485050252531694,0.0861,0.0453937554159486));
#19969=CARTESIAN_POINT('',(-0.0477272077938642,0.0862,0.0461715728752538));
#19970=CARTESIAN_POINT('',(-0.0477272077938642,0.0862,0.0461715728752538));
#19971=CARTESIAN_POINT('',(-0.0477272077938642,0.0851,0.0461715728752538));
#19972=CARTESIAN_POINT('',(-0.0477272077938642,0.0862,0.0461715728752538));
#19973=CARTESIAN_POINT('',(-0.0476564971157456,0.0862,0.0461008621971352));
#19974=CARTESIAN_POINT('',(-0.0476564971157456,0.0851,0.0461008621971352));
#19975=CARTESIAN_POINT('',(-0.0484343145750508,0.0862,0.04532304473783));
#19976=CARTESIAN_POINT('',(-0.047373654403271,0.0862,0.0489292893218814));
#19977=CARTESIAN_POINT('',(-0.0465958369439658,0.0862,0.0497071067811866));
#19978=CARTESIAN_POINT('',(-0.0453937554159486,0.0862,0.0485050252531694));
#19979=CARTESIAN_POINT('',(-0.047373654403271,0.0851,0.0489292893218814));
#19980=CARTESIAN_POINT('',(-0.0461715728752538,0.0851,0.0477272077938642));
#19981=CARTESIAN_POINT('',(-0.0461715728752538,0.0862,0.0477272077938642));
#19982=CARTESIAN_POINT('',(-0.0461715728752538,0.0862,0.0477272077938642));
#19983=CARTESIAN_POINT('',(-0.0461715728752538,0.0862,0.0477272077938642));
#19984=CARTESIAN_POINT('',(-0.0461715728752538,0.0862,0.0477272077938642));
#19985=CARTESIAN_POINT('',(-0.0488,0.0851,0.0488));
#19986=CARTESIAN_POINT('',(-0.046949390334559,0.0851,0.046949390334559));
#19987=CARTESIAN_POINT('',(-0.046949390334559,0.0862,0.046949390334559));
#19988=CARTESIAN_POINT('',(-0.0461715728752538,0.0861,0.0477272077938642));
#19989=CARTESIAN_POINT('',(-0.0453937554159486,0.0861,0.0485050252531694));
#19990=CARTESIAN_POINT('',(-0.0484343145750508,0.0861,0.04532304473783));
#19991=CARTESIAN_POINT('',(-0.0465958369439658,0.0861,0.0497071067811866));
#19992=CARTESIAN_POINT('',(-0.042,0.1135,0.0495));
#19993=CARTESIAN_POINT('',(-0.042,0.08826,0.0495));
#19994=CARTESIAN_POINT('',(-0.042,0.0916,0.0495));
#19995=CARTESIAN_POINT('',(-0.042,0.0916,0.0495));
#19996=CARTESIAN_POINT('',(-0.042,0.0916,0.0495));
#19997=CARTESIAN_POINT('',(-0.042,0.0916,0.05001));
#19998=CARTESIAN_POINT('',(-0.0495,0.1135,0.042));
#19999=CARTESIAN_POINT('',(-0.0495,0.0748,0.042));
#20000=CARTESIAN_POINT('',(-0.0495,0.0916,0.042));
#20001=CARTESIAN_POINT('',(-0.0495,0.0916,0.042));
#20002=CARTESIAN_POINT('',(-0.0415,0.0916,0.042));
#20003=CARTESIAN_POINT('',(-0.042,0.1135,0.042));
#20004=CARTESIAN_POINT('',(-0.042,0.0748,0.042));
#20005=CARTESIAN_POINT('',(-0.049,0.0748,0.049));
#20006=CARTESIAN_POINT('',(-0.0498,0.0748,0.049));
#20007=CARTESIAN_POINT('',(-0.049,0.0748,0.0498));
#20008=CARTESIAN_POINT('',(-0.05,0.0748,0.0498));
#20009=CARTESIAN_POINT('',(-0.042,0.0748,0.0498));
#20010=CARTESIAN_POINT('',(-0.0498,0.0748,0.05));
#20011=CARTESIAN_POINT('',(-0.0498,0.0748,0.042));
#20012=CARTESIAN_POINT('',(-0.042,0.0748,0.0495));
#20013=CARTESIAN_POINT('',(-0.0417,0.0748,0.0495));
#20014=CARTESIAN_POINT('',(-0.0495,0.0748,0.042));
#20015=CARTESIAN_POINT('',(-0.0495,0.0748,0.0417));
#20016=CARTESIAN_POINT('',(-0.0417,0.0748,0.05001));
#20017=CARTESIAN_POINT('',(-0.0417,0.0748,0.042));
#20018=CARTESIAN_POINT('',(-0.0415,0.0748,0.0417));
#20019=CARTESIAN_POINT('',(-0.042,0.0748,0.0417));
#20020=CARTESIAN_POINT('',(-0.042,0.0748,0.042));
#20021=CARTESIAN_POINT('',(-0.027,0.07626,0.048));
#20022=CARTESIAN_POINT('',(-0.027,0.07626,0.048));
#20023=CARTESIAN_POINT('',(-0.027,0.08826,0.048));
#20024=CARTESIAN_POINT('',(-0.027,0.08826,0.048));
#20025=CARTESIAN_POINT('',(0.0156973454445427,0.10476,0.048));
#20026=CARTESIAN_POINT('',(0.0156973454445427,0.08476,0.048));
#20027=CARTESIAN_POINT('',(0.0156973454445427,0.05976,0.048));
#20028=CARTESIAN_POINT('',(0.0156973454445427,0.07976,0.048));
#20029=CARTESIAN_POINT('',(0.0156973454445427,0.07976,0.048));
#20030=CARTESIAN_POINT('',(-0.0156973454445427,0.07976,0.048));
#20031=CARTESIAN_POINT('',(-0.0156973454445427,0.05976,0.048));
#20032=CARTESIAN_POINT('',(-0.0156973454445427,0.10476,0.048));
#20033=CARTESIAN_POINT('',(-0.0156973454445427,0.08476,0.048));
#20034=CARTESIAN_POINT('',(0.0156973454445427,0.08476,0.048));
#20035=MECHANICAL_DESIGN_GEOMETRIC_PRESENTATION_REPRESENTATION('',(#11101),
#20036);
#20036=(
GEOMETRIC_REPRESENTATION_CONTEXT(3)
GLOBAL_UNCERTAINTY_ASSIGNED_CONTEXT((#20037))
GLOBAL_UNIT_ASSIGNED_CONTEXT((#20040,#20039,#20038))
REPRESENTATION_CONTEXT('Part 2','TOP_LEVEL_ASSEMBLY_PART')
);
#20037=UNCERTAINTY_MEASURE_WITH_UNIT(LENGTH_MEASURE(2.E-5),#20040,
'DISTANCE_ACCURACY_VALUE','Maximum Tolerance applied to model');
#20038=(
NAMED_UNIT(*)
SI_UNIT($,.STERADIAN.)
SOLID_ANGLE_UNIT()
);
#20039=(
NAMED_UNIT(*)
PLANE_ANGLE_UNIT()
SI_UNIT($,.RADIAN.)
);
#20040=(
LENGTH_UNIT()
NAMED_UNIT(*)
SI_UNIT($,.METRE.)
);
#20041=PRODUCT_DEFINITION_SHAPE('','',#20042);
#20042=PRODUCT_DEFINITION('','',#20044,#20043);
#20043=PRODUCT_DEFINITION_CONTEXT('',#20050,'design');
#20044=PRODUCT_DEFINITION_FORMATION_WITH_SPECIFIED_SOURCE('','',#20046,
 .NOT_KNOWN.);
#20045=PRODUCT_RELATED_PRODUCT_CATEGORY('','',(#20046));
#20046=PRODUCT('Part 2','Part 2','Part 2',(#20048));
#20047=PRODUCT_CATEGORY('','');
#20048=PRODUCT_CONTEXT('',#20050,'mechanical');
#20049=APPLICATION_PROTOCOL_DEFINITION('international standard',
'ap242_managed_model_based_3d_engineering',2020,#20050);
#20050=APPLICATION_CONTEXT('managed model based 3d engineering');
ENDSEC;
END-ISO-10303-21;
