ISO-10303-21;
HEADER;
/* Generated by software containing ST-Developer
 * from STEP Tools, Inc. (www.steptools.com) 
 */
/* OPTION: using custom renumber hook */

FILE_DESCRIPTION(
/* description */ ('STEP AP242 Edition 2',
'CAx-IF Rec.Pracs.---Representation and Presentation of Product Manufa
cturing Information (PMI)---4.0---2014-10-13',
'CAx-IF Rec.Pracs.---3D Tessellated Geometry---0.4---2014-09-14','2;1',
'CAx-IF Rec.Pracs.---User Defined Attributes---1.5---2016-08-15'),
/* implementation_level */ '2;1');

FILE_NAME(
/* name */ 'Cube Brick - Part 5',
/* time_stamp */ '2026-09-23T21:00:19Z',
/* author */ (''),
/* organization */ (''),
/* preprocessor_version */ 'ST-DEVELOPER v20',
/* originating_system */ 'ONSHAPE BY PTC INC, 1.221',
/* authorisation */ '  ');

FILE_SCHEMA (('AP242_MANAGED_MODEL_BASED_3D_ENGINEERING_MIM_LF { 1 0 10303 442 3 1 4 }'));
ENDSEC;

DATA;
#10=SHAPE_REPRESENTATION_RELATIONSHIP('','',#11051,#11);
#11=ADVANCED_BREP_SHAPE_REPRESENTATION('',(#11049),#19916);
#12=SPHERICAL_SURFACE('',#11244,0.0001);
#13=SPHERICAL_SURFACE('',#11264,0.0001);
#14=SPHERICAL_SURFACE('',#11318,0.0011);
#15=SPHERICAL_SURFACE('',#11324,0.0011);
#16=SPHERICAL_SURFACE('',#11335,0.0005);
#17=SPHERICAL_SURFACE('',#11341,0.0005);
#18=SPHERICAL_SURFACE('',#11353,0.0005);
#19=SPHERICAL_SURFACE('',#11355,0.0005);
#20=SPHERICAL_SURFACE('',#11361,0.0005);
#21=SPHERICAL_SURFACE('',#11587,0.0001);
#22=SPHERICAL_SURFACE('',#11607,0.0001);
#23=SPHERICAL_SURFACE('',#11662,0.0011);
#24=SPHERICAL_SURFACE('',#11668,0.0011);
#25=SPHERICAL_SURFACE('',#11678,0.0005);
#26=SPHERICAL_SURFACE('',#11683,0.0005);
#27=SPHERICAL_SURFACE('',#11695,0.0005);
#28=SPHERICAL_SURFACE('',#11697,0.0005);
#29=SPHERICAL_SURFACE('',#11703,0.0005);
#30=SPHERICAL_SURFACE('',#11886,0.0001);
#31=SPHERICAL_SURFACE('',#11906,0.0001);
#32=SPHERICAL_SURFACE('',#11959,0.0011);
#33=SPHERICAL_SURFACE('',#11965,0.0011);
#34=SPHERICAL_SURFACE('',#11976,0.0005);
#35=SPHERICAL_SURFACE('',#11982,0.0005);
#36=SPHERICAL_SURFACE('',#11994,0.0005);
#37=SPHERICAL_SURFACE('',#11996,0.0005);
#38=SPHERICAL_SURFACE('',#12002,0.0005);
#39=SPHERICAL_SURFACE('',#12195,0.0001);
#40=SPHERICAL_SURFACE('',#12215,0.0001);
#41=SPHERICAL_SURFACE('',#12269,0.0011);
#42=SPHERICAL_SURFACE('',#12275,0.0011);
#43=SPHERICAL_SURFACE('',#12285,0.0005);
#44=SPHERICAL_SURFACE('',#12290,0.0005);
#45=SPHERICAL_SURFACE('',#12302,0.0005);
#46=SPHERICAL_SURFACE('',#12304,0.0005);
#47=SPHERICAL_SURFACE('',#12310,0.0005);
#48=CONICAL_SURFACE('',#11121,6.50840713213193E-5,0.195423834241703);
#49=CONICAL_SURFACE('',#11148,6.50840710411716E-5,0.195423831011078);
#50=CONICAL_SURFACE('',#11481,6.50840710411653E-5,0.195423831011109);
#51=CONICAL_SURFACE('',#11508,6.5084071321326E-5,0.19542383424167);
#52=CONICAL_SURFACE('',#11772,6.50840710411656E-5,0.195423831011108);
#53=CONICAL_SURFACE('',#11799,6.50840710411721E-5,0.195423831011077);
#54=CONICAL_SURFACE('',#12091,6.50840710411652E-5,0.19542383101111);
#55=CONICAL_SURFACE('',#12118,6.50840713213265E-5,0.195423834241672);
#56=(
BOUNDED_SURFACE()
B_SPLINE_SURFACE(3,2,((#15947,#15948,#15949),(#15950,#15951,#15952),(#15953,
#15954,#15955),(#15956,#15957,#15958)),.UNSPECIFIED.,.F.,.F.,.F.)
B_SPLINE_SURFACE_WITH_KNOTS((4,4),(3,3),(1.5707963267949,3.14159265358979),
(0.,1.),.PIECEWISE_BEZIER_KNOTS.)
GEOMETRIC_REPRESENTATION_ITEM()
RATIONAL_B_SPLINE_SURFACE(((1.,0.707106781186513,1.),(1.,0.838007078537092,
1.),(1.,0.923879529701478,1.),(1.,0.923879532511283,1.)))
REPRESENTATION_ITEM('')
SURFACE()
);
#57=(
BOUNDED_SURFACE()
B_SPLINE_SURFACE(3,2,((#15968,#15969,#15970),(#15971,#15972,#15973),(#15974,
#15975,#15976),(#15977,#15978,#15979),(#15980,#15981,#15982)),
 .UNSPECIFIED.,.F.,.F.,.F.)
B_SPLINE_SURFACE_WITH_KNOTS((4,1,4),(3,3),(2.45927545905814E-17,0.000116263244607082,
0.000232526489214139),(0.,1.),.UNSPECIFIED.)
GEOMETRIC_REPRESENTATION_ITEM()
RATIONAL_B_SPLINE_SURFACE(((1.,0.707106781186338,1.),(1.,0.776059130663845,
1.),(1.,0.893712461712115,1.),(1.,0.98132430883731,1.),(1.,0.964322716614633,
1.)))
REPRESENTATION_ITEM('')
SURFACE()
);
#58=(
BOUNDED_SURFACE()
B_SPLINE_SURFACE(3,2,((#16007,#16008,#16009),(#16010,#16011,#16012),(#16013,
#16014,#16015),(#16016,#16017,#16018)),.UNSPECIFIED.,.F.,.F.,.F.)
B_SPLINE_SURFACE_WITH_KNOTS((4,4),(3,3),(1.02300472290004,1.5707963267949),
(0.,1.),.PIECEWISE_BEZIER_KNOTS.)
GEOMETRIC_REPRESENTATION_ITEM()
RATIONAL_B_SPLINE_SURFACE(((1.,0.827122574209072,1.),(1.,0.793807349266824,
1.),(1.,0.752756087381201,1.),(1.,0.707106781186548,1.)))
REPRESENTATION_ITEM('')
SURFACE()
);
#59=(
BOUNDED_SURFACE()
B_SPLINE_SURFACE(3,2,((#16033,#16034,#16035),(#16036,#16037,#16038),(#16039,
#16040,#16041),(#16042,#16043,#16044)),.UNSPECIFIED.,.F.,.F.,.F.)
B_SPLINE_SURFACE_WITH_KNOTS((4,4),(3,3),(-8.88178419700125E-16,1.5707963267949),
(0.,1.),.PIECEWISE_BEZIER_KNOTS.)
GEOMETRIC_REPRESENTATION_ITEM()
RATIONAL_B_SPLINE_SURFACE(((1.,0.923879532511283,1.),(1.,0.923879529701478,
1.),(1.,0.838007078534224,1.),(1.,0.70710678118653,1.)))
REPRESENTATION_ITEM('')
SURFACE()
);
#60=(
BOUNDED_SURFACE()
B_SPLINE_SURFACE(3,2,((#16054,#16055,#16056),(#16057,#16058,#16059),(#16060,
#16061,#16062),(#16063,#16064,#16065),(#16066,#16067,#16068)),
 .UNSPECIFIED.,.F.,.F.,.F.)
B_SPLINE_SURFACE_WITH_KNOTS((4,1,4),(3,3),(-6.35274710440725E-18,0.000117283705291542,
0.00023456741058309),(0.,1.),.UNSPECIFIED.)
GEOMETRIC_REPRESENTATION_ITEM()
RATIONAL_B_SPLINE_SURFACE(((1.,0.964322716614688,1.),(1.,0.981352911837719,
1.),(1.,0.893884270287222,1.),(1.,0.775509924697874,1.),(1.,0.707106781186548,
1.)))
REPRESENTATION_ITEM('')
SURFACE()
);
#61=(
BOUNDED_SURFACE()
B_SPLINE_SURFACE(3,2,((#16365,#16366,#16367),(#16368,#16369,#16370),(#16371,
#16372,#16373),(#16374,#16375,#16376),(#16377,#16378,#16379)),
 .UNSPECIFIED.,.F.,.F.,.F.)
B_SPLINE_SURFACE_WITH_KNOTS((4,1,4),(3,3),(4.71238898038469,5.49778714378214,
6.28318530717959),(0.,1.),.UNSPECIFIED.)
GEOMETRIC_REPRESENTATION_ITEM()
RATIONAL_B_SPLINE_SURFACE(((1.,0.707106781186548,1.),(1.,0.641656763249453,
1.),(1.,0.487829893461139,1.),(1.,0.382683449828243,1.),(1.,0.38268343236509,
1.)))
REPRESENTATION_ITEM('')
SURFACE()
);
#62=(
BOUNDED_SURFACE()
B_SPLINE_SURFACE(3,2,((#16397,#16398,#16399),(#16400,#16401,#16402),(#16403,
#16404,#16405),(#16406,#16407,#16408),(#16409,#16410,#16411)),
 .UNSPECIFIED.,.F.,.F.,.F.)
B_SPLINE_SURFACE_WITH_KNOTS((4,1,4),(3,3),(3.14159265358979,3.92699081698724,
4.71238898038469),(0.,1.),.UNSPECIFIED.)
GEOMETRIC_REPRESENTATION_ITEM()
RATIONAL_B_SPLINE_SURFACE(((1.,0.38268343236509,1.),(1.,0.382683449828243,
1.),(1.,0.487829893461139,1.),(1.,0.641656763249453,1.),(1.,0.707106781186548,
1.)))
REPRESENTATION_ITEM('')
SURFACE()
);
#63=(
BOUNDED_SURFACE()
B_SPLINE_SURFACE(3,2,((#16496,#16497,#16498),(#16499,#16500,#16501),(#16502,
#16503,#16504),(#16505,#16506,#16507),(#16508,#16509,#16510)),
 .UNSPECIFIED.,.F.,.F.,.F.)
B_SPLINE_SURFACE_WITH_KNOTS((4,1,4),(3,3),(1.5707963267949,2.35619449019234,
3.14159265358979),(0.,1.),.UNSPECIFIED.)
GEOMETRIC_REPRESENTATION_ITEM()
RATIONAL_B_SPLINE_SURFACE(((1.,0.707106781186548,1.),(1.,0.641656763249445,
1.),(1.,0.487829893461155,1.),(1.,0.38268344982822,1.),(1.,0.38268343236509,
1.)))
REPRESENTATION_ITEM('')
SURFACE()
);
#64=(
BOUNDED_SURFACE()
B_SPLINE_SURFACE(3,2,((#16526,#16527,#16528),(#16529,#16530,#16531),(#16532,
#16533,#16534),(#16535,#16536,#16537),(#16538,#16539,#16540)),
 .UNSPECIFIED.,.F.,.F.,.F.)
B_SPLINE_SURFACE_WITH_KNOTS((4,1,4),(3,3),(1.57194340642116E-15,0.78539816339745,
1.5707963267949),(0.,1.),.UNSPECIFIED.)
GEOMETRIC_REPRESENTATION_ITEM()
RATIONAL_B_SPLINE_SURFACE(((1.,0.38268343236509,1.),(1.,0.38268344982822,
1.),(1.,0.487829893461155,1.),(1.,0.641656763249445,1.),(1.,0.707106781186548,
1.)))
REPRESENTATION_ITEM('')
SURFACE()
);
#65=(
BOUNDED_SURFACE()
B_SPLINE_SURFACE(3,2,((#17211,#17212,#17213),(#17214,#17215,#17216),(#17217,
#17218,#17219),(#17220,#17221,#17222)),.UNSPECIFIED.,.F.,.F.,.F.)
B_SPLINE_SURFACE_WITH_KNOTS((4,4),(3,3),(1.5707963267949,3.14159265358979),
(0.,1.),.PIECEWISE_BEZIER_KNOTS.)
GEOMETRIC_REPRESENTATION_ITEM()
RATIONAL_B_SPLINE_SURFACE(((1.,0.707106781186513,1.),(1.,0.838007078537092,
1.),(1.,0.923879529701478,1.),(1.,0.923879532511283,1.)))
REPRESENTATION_ITEM('')
SURFACE()
);
#66=(
BOUNDED_SURFACE()
B_SPLINE_SURFACE(3,2,((#17232,#17233,#17234),(#17235,#17236,#17237),(#17238,
#17239,#17240),(#17241,#17242,#17243),(#17244,#17245,#17246)),
 .UNSPECIFIED.,.F.,.F.,.F.)
B_SPLINE_SURFACE_WITH_KNOTS((4,1,4),(3,3),(2.45927545905814E-17,0.000116263244607082,
0.000232526489214139),(0.,1.),.UNSPECIFIED.)
GEOMETRIC_REPRESENTATION_ITEM()
RATIONAL_B_SPLINE_SURFACE(((1.,0.707106781186338,1.),(1.,0.776059130663845,
1.),(1.,0.893712461712115,1.),(1.,0.98132430883731,1.),(1.,0.964322716614633,
1.)))
REPRESENTATION_ITEM('')
SURFACE()
);
#67=(
BOUNDED_SURFACE()
B_SPLINE_SURFACE(3,2,((#17271,#17272,#17273),(#17274,#17275,#17276),(#17277,
#17278,#17279),(#17280,#17281,#17282)),.UNSPECIFIED.,.F.,.F.,.F.)
B_SPLINE_SURFACE_WITH_KNOTS((4,4),(3,3),(1.02300472290004,1.5707963267949),
(0.,1.),.PIECEWISE_BEZIER_KNOTS.)
GEOMETRIC_REPRESENTATION_ITEM()
RATIONAL_B_SPLINE_SURFACE(((1.,0.827122574209072,1.),(1.,0.793807349266824,
1.),(1.,0.752756087381201,1.),(1.,0.707106781186548,1.)))
REPRESENTATION_ITEM('')
SURFACE()
);
#68=(
BOUNDED_SURFACE()
B_SPLINE_SURFACE(3,2,((#17297,#17298,#17299),(#17300,#17301,#17302),(#17303,
#17304,#17305),(#17306,#17307,#17308)),.UNSPECIFIED.,.F.,.F.,.F.)
B_SPLINE_SURFACE_WITH_KNOTS((4,4),(3,3),(-8.88178419700125E-16,1.5707963267949),
(0.,1.),.PIECEWISE_BEZIER_KNOTS.)
GEOMETRIC_REPRESENTATION_ITEM()
RATIONAL_B_SPLINE_SURFACE(((1.,0.923879532511283,1.),(1.,0.923879529701478,
1.),(1.,0.838007078534224,1.),(1.,0.70710678118653,1.)))
REPRESENTATION_ITEM('')
SURFACE()
);
#69=(
BOUNDED_SURFACE()
B_SPLINE_SURFACE(3,2,((#17318,#17319,#17320),(#17321,#17322,#17323),(#17324,
#17325,#17326),(#17327,#17328,#17329),(#17330,#17331,#17332)),
 .UNSPECIFIED.,.F.,.F.,.F.)
B_SPLINE_SURFACE_WITH_KNOTS((4,1,4),(3,3),(-6.35274710440725E-18,0.000117283705291542,
0.00023456741058309),(0.,1.),.UNSPECIFIED.)
GEOMETRIC_REPRESENTATION_ITEM()
RATIONAL_B_SPLINE_SURFACE(((1.,0.964322716614688,1.),(1.,0.981352911837719,
1.),(1.,0.893884270287222,1.),(1.,0.775509924697874,1.),(1.,0.707106781186548,
1.)))
REPRESENTATION_ITEM('')
SURFACE()
);
#70=(
BOUNDED_SURFACE()
B_SPLINE_SURFACE(3,2,((#17493,#17494,#17495),(#17496,#17497,#17498),(#17499,
#17500,#17501),(#17502,#17503,#17504),(#17505,#17506,#17507)),
 .UNSPECIFIED.,.F.,.F.,.F.)
B_SPLINE_SURFACE_WITH_KNOTS((4,1,4),(3,3),(4.71238898038469,5.49778714378214,
6.28318530717959),(0.,1.),.UNSPECIFIED.)
GEOMETRIC_REPRESENTATION_ITEM()
RATIONAL_B_SPLINE_SURFACE(((1.,0.707106781186548,1.),(1.,0.641656763249453,
1.),(1.,0.487829893461139,1.),(1.,0.382683449828243,1.),(1.,0.38268343236509,
1.)))
REPRESENTATION_ITEM('')
SURFACE()
);
#71=(
BOUNDED_SURFACE()
B_SPLINE_SURFACE(3,2,((#17525,#17526,#17527),(#17528,#17529,#17530),(#17531,
#17532,#17533),(#17534,#17535,#17536),(#17537,#17538,#17539)),
 .UNSPECIFIED.,.F.,.F.,.F.)
B_SPLINE_SURFACE_WITH_KNOTS((4,1,4),(3,3),(3.14159265358979,3.92699081698724,
4.71238898038469),(0.,1.),.UNSPECIFIED.)
GEOMETRIC_REPRESENTATION_ITEM()
RATIONAL_B_SPLINE_SURFACE(((1.,0.38268343236509,1.),(1.,0.382683449828243,
1.),(1.,0.487829893461139,1.),(1.,0.641656763249453,1.),(1.,0.707106781186548,
1.)))
REPRESENTATION_ITEM('')
SURFACE()
);
#72=(
BOUNDED_SURFACE()
B_SPLINE_SURFACE(3,2,((#17621,#17622,#17623),(#17624,#17625,#17626),(#17627,
#17628,#17629),(#17630,#17631,#17632),(#17633,#17634,#17635)),
 .UNSPECIFIED.,.F.,.F.,.F.)
B_SPLINE_SURFACE_WITH_KNOTS((4,1,4),(3,3),(1.5707963267949,2.35619449019234,
3.14159265358979),(0.,1.),.UNSPECIFIED.)
GEOMETRIC_REPRESENTATION_ITEM()
RATIONAL_B_SPLINE_SURFACE(((1.,0.707106781186548,1.),(1.,0.641656763249445,
1.),(1.,0.487829893461155,1.),(1.,0.38268344982822,1.),(1.,0.38268343236509,
1.)))
REPRESENTATION_ITEM('')
SURFACE()
);
#73=(
BOUNDED_SURFACE()
B_SPLINE_SURFACE(3,2,((#17651,#17652,#17653),(#17654,#17655,#17656),(#17657,
#17658,#17659),(#17660,#17661,#17662),(#17663,#17664,#17665)),
 .UNSPECIFIED.,.F.,.F.,.F.)
B_SPLINE_SURFACE_WITH_KNOTS((4,1,4),(3,3),(1.57194340642116E-15,0.78539816339745,
1.5707963267949),(0.,1.),.UNSPECIFIED.)
GEOMETRIC_REPRESENTATION_ITEM()
RATIONAL_B_SPLINE_SURFACE(((1.,0.38268343236509,1.),(1.,0.38268344982822,
1.),(1.,0.487829893461155,1.),(1.,0.641656763249445,1.),(1.,0.707106781186548,
1.)))
REPRESENTATION_ITEM('')
SURFACE()
);
#74=(
BOUNDED_SURFACE()
B_SPLINE_SURFACE(3,2,((#17747,#17748,#17749),(#17750,#17751,#17752),(#17753,
#17754,#17755),(#17756,#17757,#17758)),.UNSPECIFIED.,.F.,.F.,.F.)
B_SPLINE_SURFACE_WITH_KNOTS((4,4),(3,3),(0.785398163397367,1.5707963267949),
(0.,1.),.PIECEWISE_BEZIER_KNOTS.)
GEOMETRIC_REPRESENTATION_ITEM()
RATIONAL_B_SPLINE_SURFACE(((1.,0.866025403784449,1.),(1.,0.828237829174157,
1.),(1.,0.772556798037065,1.),(1.,0.707106781186548,1.)))
REPRESENTATION_ITEM('')
SURFACE()
);
#75=(
BOUNDED_SURFACE()
B_SPLINE_SURFACE(3,2,((#18167,#18168,#18169),(#18170,#18171,#18172),(#18173,
#18174,#18175),(#18176,#18177,#18178)),.UNSPECIFIED.,.F.,.F.,.F.)
B_SPLINE_SURFACE_WITH_KNOTS((4,4),(3,3),(1.5707963267949,3.14159265358979),
(0.,1.),.PIECEWISE_BEZIER_KNOTS.)
GEOMETRIC_REPRESENTATION_ITEM()
RATIONAL_B_SPLINE_SURFACE(((1.,0.707106781186513,1.),(1.,0.838007078537092,
1.),(1.,0.923879529701478,1.),(1.,0.923879532511283,1.)))
REPRESENTATION_ITEM('')
SURFACE()
);
#76=(
BOUNDED_SURFACE()
B_SPLINE_SURFACE(3,2,((#18188,#18189,#18190),(#18191,#18192,#18193),(#18194,
#18195,#18196),(#18197,#18198,#18199),(#18200,#18201,#18202)),
 .UNSPECIFIED.,.F.,.F.,.F.)
B_SPLINE_SURFACE_WITH_KNOTS((4,1,4),(3,3),(2.45927545905814E-17,0.000116263244607082,
0.000232526489214139),(0.,1.),.UNSPECIFIED.)
GEOMETRIC_REPRESENTATION_ITEM()
RATIONAL_B_SPLINE_SURFACE(((1.,0.707106781186338,1.),(1.,0.776059130663845,
1.),(1.,0.893712461712115,1.),(1.,0.98132430883731,1.),(1.,0.964322716614633,
1.)))
REPRESENTATION_ITEM('')
SURFACE()
);
#77=(
BOUNDED_SURFACE()
B_SPLINE_SURFACE(3,2,((#18245,#18246,#18247),(#18248,#18249,#18250),(#18251,
#18252,#18253),(#18254,#18255,#18256)),.UNSPECIFIED.,.F.,.F.,.F.)
B_SPLINE_SURFACE_WITH_KNOTS((4,4),(3,3),(-8.88178419700125E-16,1.5707963267949),
(0.,1.),.PIECEWISE_BEZIER_KNOTS.)
GEOMETRIC_REPRESENTATION_ITEM()
RATIONAL_B_SPLINE_SURFACE(((1.,0.923879532511283,1.),(1.,0.923879529701478,
1.),(1.,0.838007078534224,1.),(1.,0.70710678118653,1.)))
REPRESENTATION_ITEM('')
SURFACE()
);
#78=(
BOUNDED_SURFACE()
B_SPLINE_SURFACE(3,2,((#18266,#18267,#18268),(#18269,#18270,#18271),(#18272,
#18273,#18274),(#18275,#18276,#18277),(#18278,#18279,#18280)),
 .UNSPECIFIED.,.F.,.F.,.F.)
B_SPLINE_SURFACE_WITH_KNOTS((4,1,4),(3,3),(-6.35274710440725E-18,0.000117283705291542,
0.00023456741058309),(0.,1.),.UNSPECIFIED.)
GEOMETRIC_REPRESENTATION_ITEM()
RATIONAL_B_SPLINE_SURFACE(((1.,0.964322716614688,1.),(1.,0.981352911837719,
1.),(1.,0.893884270287222,1.),(1.,0.775509924697874,1.),(1.,0.707106781186548,
1.)))
REPRESENTATION_ITEM('')
SURFACE()
);
#79=(
BOUNDED_SURFACE()
B_SPLINE_SURFACE(3,2,((#18512,#18513,#18514),(#18515,#18516,#18517),(#18518,
#18519,#18520),(#18521,#18522,#18523),(#18524,#18525,#18526)),
 .UNSPECIFIED.,.F.,.F.,.F.)
B_SPLINE_SURFACE_WITH_KNOTS((4,1,4),(3,3),(4.71238898038469,5.49778714378214,
6.28318530717959),(0.,1.),.UNSPECIFIED.)
GEOMETRIC_REPRESENTATION_ITEM()
RATIONAL_B_SPLINE_SURFACE(((1.,0.707106781186548,1.),(1.,0.641656763249453,
1.),(1.,0.487829893461139,1.),(1.,0.382683449828243,1.),(1.,0.38268343236509,
1.)))
REPRESENTATION_ITEM('')
SURFACE()
);
#80=(
BOUNDED_SURFACE()
B_SPLINE_SURFACE(3,2,((#18544,#18545,#18546),(#18547,#18548,#18549),(#18550,
#18551,#18552),(#18553,#18554,#18555),(#18556,#18557,#18558)),
 .UNSPECIFIED.,.F.,.F.,.F.)
B_SPLINE_SURFACE_WITH_KNOTS((4,1,4),(3,3),(3.14159265358979,3.92699081698724,
4.71238898038469),(0.,1.),.UNSPECIFIED.)
GEOMETRIC_REPRESENTATION_ITEM()
RATIONAL_B_SPLINE_SURFACE(((1.,0.38268343236509,1.),(1.,0.382683449828243,
1.),(1.,0.487829893461139,1.),(1.,0.641656763249453,1.),(1.,0.707106781186548,
1.)))
REPRESENTATION_ITEM('')
SURFACE()
);
#81=(
BOUNDED_SURFACE()
B_SPLINE_SURFACE(3,2,((#18643,#18644,#18645),(#18646,#18647,#18648),(#18649,
#18650,#18651),(#18652,#18653,#18654),(#18655,#18656,#18657)),
 .UNSPECIFIED.,.F.,.F.,.F.)
B_SPLINE_SURFACE_WITH_KNOTS((4,1,4),(3,3),(1.5707963267949,2.35619449019234,
3.14159265358979),(0.,1.),.UNSPECIFIED.)
GEOMETRIC_REPRESENTATION_ITEM()
RATIONAL_B_SPLINE_SURFACE(((1.,0.707106781186548,1.),(1.,0.641656763249445,
1.),(1.,0.487829893461155,1.),(1.,0.38268344982822,1.),(1.,0.38268343236509,
1.)))
REPRESENTATION_ITEM('')
SURFACE()
);
#82=(
BOUNDED_SURFACE()
B_SPLINE_SURFACE(3,2,((#18673,#18674,#18675),(#18676,#18677,#18678),(#18679,
#18680,#18681),(#18682,#18683,#18684),(#18685,#18686,#18687)),
 .UNSPECIFIED.,.F.,.F.,.F.)
B_SPLINE_SURFACE_WITH_KNOTS((4,1,4),(3,3),(1.57194340642116E-15,0.78539816339745,
1.5707963267949),(0.,1.),.UNSPECIFIED.)
GEOMETRIC_REPRESENTATION_ITEM()
RATIONAL_B_SPLINE_SURFACE(((1.,0.38268343236509,1.),(1.,0.38268344982822,
1.),(1.,0.487829893461155,1.),(1.,0.641656763249445,1.),(1.,0.707106781186548,
1.)))
REPRESENTATION_ITEM('')
SURFACE()
);
#83=(
BOUNDED_SURFACE()
B_SPLINE_SURFACE(3,3,((#18726,#18727,#18728,#18729),(#18730,#18731,#18732,
#18733),(#18734,#18735,#18736,#18737),(#18738,#18739,#18740,#18741)),
 .SURF_OF_REVOLUTION.,.F.,.F.,.F.)
B_SPLINE_SURFACE_WITH_KNOTS((4,4),(4,4),(9.08284802266831E-5,0.000302405796633882),
(0.,1.),.PIECEWISE_BEZIER_KNOTS.)
GEOMETRIC_REPRESENTATION_ITEM()
RATIONAL_B_SPLINE_SURFACE(((1.,0.785709483019632,0.785709483019632,1.),
(1.,0.785709483019632,0.785709483019632,1.),(1.,0.785709483019632,0.785709483019632,
1.),(1.,0.785709483019632,0.785709483019632,1.)))
REPRESENTATION_ITEM('')
SURFACE()
);
#84=(
BOUNDED_SURFACE()
B_SPLINE_SURFACE(3,2,((#19242,#19243,#19244),(#19245,#19246,#19247),(#19248,
#19249,#19250),(#19251,#19252,#19253)),.UNSPECIFIED.,.F.,.F.,.F.)
B_SPLINE_SURFACE_WITH_KNOTS((4,4),(3,3),(1.5707963267949,3.14159265358979),
(0.,1.),.PIECEWISE_BEZIER_KNOTS.)
GEOMETRIC_REPRESENTATION_ITEM()
RATIONAL_B_SPLINE_SURFACE(((1.,0.707106781186513,1.),(1.,0.838007078537092,
1.),(1.,0.923879529701478,1.),(1.,0.923879532511283,1.)))
REPRESENTATION_ITEM('')
SURFACE()
);
#85=(
BOUNDED_SURFACE()
B_SPLINE_SURFACE(3,2,((#19263,#19264,#19265),(#19266,#19267,#19268),(#19269,
#19270,#19271),(#19272,#19273,#19274),(#19275,#19276,#19277)),
 .UNSPECIFIED.,.F.,.F.,.F.)
B_SPLINE_SURFACE_WITH_KNOTS((4,1,4),(3,3),(2.45927545905814E-17,0.000116263244607082,
0.000232526489214139),(0.,1.),.UNSPECIFIED.)
GEOMETRIC_REPRESENTATION_ITEM()
RATIONAL_B_SPLINE_SURFACE(((1.,0.707106781186338,1.),(1.,0.776059130663845,
1.),(1.,0.893712461712115,1.),(1.,0.98132430883731,1.),(1.,0.964322716614633,
1.)))
REPRESENTATION_ITEM('')
SURFACE()
);
#86=(
BOUNDED_SURFACE()
B_SPLINE_SURFACE(3,2,((#19320,#19321,#19322),(#19323,#19324,#19325),(#19326,
#19327,#19328),(#19329,#19330,#19331)),.UNSPECIFIED.,.F.,.F.,.F.)
B_SPLINE_SURFACE_WITH_KNOTS((4,4),(3,3),(-8.88178419700125E-16,1.5707963267949),
(0.,1.),.PIECEWISE_BEZIER_KNOTS.)
GEOMETRIC_REPRESENTATION_ITEM()
RATIONAL_B_SPLINE_SURFACE(((1.,0.923879532511283,1.),(1.,0.923879529701478,
1.),(1.,0.838007078534224,1.),(1.,0.70710678118653,1.)))
REPRESENTATION_ITEM('')
SURFACE()
);
#87=(
BOUNDED_SURFACE()
B_SPLINE_SURFACE(3,2,((#19341,#19342,#19343),(#19344,#19345,#19346),(#19347,
#19348,#19349),(#19350,#19351,#19352),(#19353,#19354,#19355)),
 .UNSPECIFIED.,.F.,.F.,.F.)
B_SPLINE_SURFACE_WITH_KNOTS((4,1,4),(3,3),(-6.35274710440725E-18,0.000117283705291542,
0.00023456741058309),(0.,1.),.UNSPECIFIED.)
GEOMETRIC_REPRESENTATION_ITEM()
RATIONAL_B_SPLINE_SURFACE(((1.,0.964322716614688,1.),(1.,0.981352911837719,
1.),(1.,0.893884270287222,1.),(1.,0.775509924697874,1.),(1.,0.707106781186548,
1.)))
REPRESENTATION_ITEM('')
SURFACE()
);
#88=(
BOUNDED_SURFACE()
B_SPLINE_SURFACE(3,2,((#19375,#19376,#19377),(#19378,#19379,#19380),(#19381,
#19382,#19383),(#19384,#19385,#19386)),.UNSPECIFIED.,.F.,.F.,.F.)
B_SPLINE_SURFACE_WITH_KNOTS((4,4),(3,3),(-7.04731412115578E-19,0.000315239334981971),
(0.,1.),.PIECEWISE_BEZIER_KNOTS.)
GEOMETRIC_REPRESENTATION_ITEM()
RATIONAL_B_SPLINE_SURFACE(((1.,0.827122574209093,1.),(1.,0.855567612155632,
1.),(1.,0.881832602371086,1.),(1.,0.903254253925092,1.)))
REPRESENTATION_ITEM('')
SURFACE()
);
#89=(
BOUNDED_SURFACE()
B_SPLINE_SURFACE(3,2,((#19527,#19528,#19529),(#19530,#19531,#19532),(#19533,
#19534,#19535),(#19536,#19537,#19538),(#19539,#19540,#19541)),
 .UNSPECIFIED.,.F.,.F.,.F.)
B_SPLINE_SURFACE_WITH_KNOTS((4,1,4),(3,3),(4.71238898038469,5.49778714378214,
6.28318530717959),(0.,1.),.UNSPECIFIED.)
GEOMETRIC_REPRESENTATION_ITEM()
RATIONAL_B_SPLINE_SURFACE(((1.,0.707106781186548,1.),(1.,0.641656763249453,
1.),(1.,0.487829893461139,1.),(1.,0.382683449828243,1.),(1.,0.38268343236509,
1.)))
REPRESENTATION_ITEM('')
SURFACE()
);
#90=(
BOUNDED_SURFACE()
B_SPLINE_SURFACE(3,2,((#19559,#19560,#19561),(#19562,#19563,#19564),(#19565,
#19566,#19567),(#19568,#19569,#19570),(#19571,#19572,#19573)),
 .UNSPECIFIED.,.F.,.F.,.F.)
B_SPLINE_SURFACE_WITH_KNOTS((4,1,4),(3,3),(3.14159265358979,3.92699081698724,
4.71238898038469),(0.,1.),.UNSPECIFIED.)
GEOMETRIC_REPRESENTATION_ITEM()
RATIONAL_B_SPLINE_SURFACE(((1.,0.38268343236509,1.),(1.,0.382683449828243,
1.),(1.,0.487829893461139,1.),(1.,0.641656763249453,1.),(1.,0.707106781186548,
1.)))
REPRESENTATION_ITEM('')
SURFACE()
);
#91=(
BOUNDED_SURFACE()
B_SPLINE_SURFACE(3,2,((#19658,#19659,#19660),(#19661,#19662,#19663),(#19664,
#19665,#19666),(#19667,#19668,#19669),(#19670,#19671,#19672)),
 .UNSPECIFIED.,.F.,.F.,.F.)
B_SPLINE_SURFACE_WITH_KNOTS((4,1,4),(3,3),(1.5707963267949,2.35619449019234,
3.14159265358979),(0.,1.),.UNSPECIFIED.)
GEOMETRIC_REPRESENTATION_ITEM()
RATIONAL_B_SPLINE_SURFACE(((1.,0.707106781186548,1.),(1.,0.641656763249445,
1.),(1.,0.487829893461155,1.),(1.,0.38268344982822,1.),(1.,0.38268343236509,
1.)))
REPRESENTATION_ITEM('')
SURFACE()
);
#92=(
BOUNDED_SURFACE()
B_SPLINE_SURFACE(3,2,((#19688,#19689,#19690),(#19691,#19692,#19693),(#19694,
#19695,#19696),(#19697,#19698,#19699),(#19700,#19701,#19702)),
 .UNSPECIFIED.,.F.,.F.,.F.)
B_SPLINE_SURFACE_WITH_KNOTS((4,1,4),(3,3),(1.57194340642116E-15,0.78539816339745,
1.5707963267949),(0.,1.),.UNSPECIFIED.)
GEOMETRIC_REPRESENTATION_ITEM()
RATIONAL_B_SPLINE_SURFACE(((1.,0.38268343236509,1.),(1.,0.38268344982822,
1.),(1.,0.487829893461155,1.),(1.,0.641656763249445,1.),(1.,0.707106781186548,
1.)))
REPRESENTATION_ITEM('')
SURFACE()
);
#93=TOROIDAL_SURFACE('',#11105,0.000562132034356031,5.E-5);
#94=TOROIDAL_SURFACE('',#11115,0.0009,0.0001);
#95=TOROIDAL_SURFACE('',#11119,0.0008,0.0001);
#96=TOROIDAL_SURFACE('',#11123,0.000737338779539409,0.000100001710637806);
#97=TOROIDAL_SURFACE('',#11124,0.00106409258353479,0.000101322265095964);
#98=TOROIDAL_SURFACE('',#11128,0.0004,0.0001);
#99=TOROIDAL_SURFACE('',#11132,0.0004,0.0001);
#100=TOROIDAL_SURFACE('',#11142,0.0009,0.0001);
#101=TOROIDAL_SURFACE('',#11146,0.0008,0.0001);
#102=TOROIDAL_SURFACE('',#11150,0.00073733877956621,0.0001000017106378);
#103=TOROIDAL_SURFACE('',#11151,0.00109177445473055,0.000100004255176729);
#104=TOROIDAL_SURFACE('',#11152,0.00169497450140401,0.000100001921614269);
#105=TOROIDAL_SURFACE('',#11155,0.0004,0.0001);
#106=TOROIDAL_SURFACE('',#11159,0.0004,0.0001);
#107=TOROIDAL_SURFACE('',#11213,0.0009,0.0001);
#108=TOROIDAL_SURFACE('',#11220,0.000352176084199136,0.00025654517730414);
#109=TOROIDAL_SURFACE('',#11228,0.0002,0.0001);
#110=TOROIDAL_SURFACE('',#11233,0.0002,0.0001);
#111=TOROIDAL_SURFACE('',#11237,0.0002,0.0001);
#112=TOROIDAL_SURFACE('',#11254,0.0009,0.0001);
#113=TOROIDAL_SURFACE('',#11272,0.0002,0.0001);
#114=TOROIDAL_SURFACE('',#11277,0.000300000000000005,0.0001);
#115=TOROIDAL_SURFACE('',#11279,0.000357186987118382,9.99936330466905E-5);
#116=TOROIDAL_SURFACE('',#11280,0.00035217608421609,0.00025654517669214);
#117=TOROIDAL_SURFACE('',#11286,0.000300000000000005,0.0001);
#118=TOROIDAL_SURFACE('',#11290,0.00035718698840713,9.99936330411458E-5);
#119=TOROIDAL_SURFACE('',#11298,0.0005,0.0005);
#120=TOROIDAL_SURFACE('',#11346,0.0005,0.0005);
#121=TOROIDAL_SURFACE('',#11465,0.000562132034356031,5.E-5);
#122=TOROIDAL_SURFACE('',#11475,0.0009,0.0001);
#123=TOROIDAL_SURFACE('',#11479,0.0008,0.0001);
#124=TOROIDAL_SURFACE('',#11483,0.000737338780394215,0.000100001710638068);
#125=TOROIDAL_SURFACE('',#11484,0.0010917744508009,0.000100004255184596);
#126=TOROIDAL_SURFACE('',#11488,0.0004,0.0001);
#127=TOROIDAL_SURFACE('',#11492,0.0004,0.0001);
#128=TOROIDAL_SURFACE('',#11502,0.0009,0.0001);
#129=TOROIDAL_SURFACE('',#11506,0.0008,0.0001);
#130=TOROIDAL_SURFACE('',#11510,0.000737338779421601,0.000100001710636281);
#131=TOROIDAL_SURFACE('',#11511,0.00106409258353478,0.00010132226509596);
#132=TOROIDAL_SURFACE('',#11512,0.00169497450140364,0.000100001921614261);
#133=TOROIDAL_SURFACE('',#11515,0.0004,0.0001);
#134=TOROIDAL_SURFACE('',#11519,0.0004,0.0001);
#135=TOROIDAL_SURFACE('',#11555,0.0009,0.0001);
#136=TOROIDAL_SURFACE('',#11562,0.000352176084194556,0.000256545177357457);
#137=TOROIDAL_SURFACE('',#11571,0.0002,0.0001);
#138=TOROIDAL_SURFACE('',#11576,0.0002,0.0001);
#139=TOROIDAL_SURFACE('',#11580,0.0002,0.0001);
#140=TOROIDAL_SURFACE('',#11597,0.0009,0.0001);
#141=TOROIDAL_SURFACE('',#11615,0.0002,0.0001);
#142=TOROIDAL_SURFACE('',#11620,0.000300000000000005,0.0001);
#143=TOROIDAL_SURFACE('',#11622,0.000755521167272434,0.000662770100545607);
#144=TOROIDAL_SURFACE('',#11629,0.000300000000000005,0.0001);
#145=TOROIDAL_SURFACE('',#11642,0.0005,0.0005);
#146=TOROIDAL_SURFACE('',#11688,0.0005,0.0005);
#147=TOROIDAL_SURFACE('',#11756,0.000562132034356031,5.E-5);
#148=TOROIDAL_SURFACE('',#11766,0.0009,0.0001);
#149=TOROIDAL_SURFACE('',#11770,0.0008,0.0001);
#150=TOROIDAL_SURFACE('',#11774,0.000737338780392003,0.000100001710638034);
#151=TOROIDAL_SURFACE('',#11775,0.00106409258758886,0.000101322265017628);
#152=TOROIDAL_SURFACE('',#11776,0.00169497450135482,0.000100001921613776);
#153=TOROIDAL_SURFACE('',#11779,0.0004,0.0001);
#154=TOROIDAL_SURFACE('',#11783,0.0004,0.0001);
#155=TOROIDAL_SURFACE('',#11793,0.0009,0.0001);
#156=TOROIDAL_SURFACE('',#11797,0.0008,0.0001);
#157=TOROIDAL_SURFACE('',#11801,0.000737338779539431,0.000100001710637794);
#158=TOROIDAL_SURFACE('',#11802,0.00109177444614635,0.00010000425518572);
#159=TOROIDAL_SURFACE('',#11803,0.00169497450140372,0.00010000192161426);
#160=TOROIDAL_SURFACE('',#11806,0.0004,0.0001);
#161=TOROIDAL_SURFACE('',#11810,0.0004,0.0001);
#162=TOROIDAL_SURFACE('',#11855,0.0009,0.0001);
#163=TOROIDAL_SURFACE('',#11862,0.000352176084287147,0.000256545176251023);
#164=TOROIDAL_SURFACE('',#11870,0.0002,0.0001);
#165=TOROIDAL_SURFACE('',#11875,0.0002,0.0001);
#166=TOROIDAL_SURFACE('',#11879,0.0002,0.0001);
#167=TOROIDAL_SURFACE('',#11896,0.0009,0.0001);
#168=TOROIDAL_SURFACE('',#11914,0.0002,0.0001);
#169=TOROIDAL_SURFACE('',#11919,0.000300000000000005,0.0001);
#170=TOROIDAL_SURFACE('',#11927,0.000300000000000005,0.0001);
#171=TOROIDAL_SURFACE('',#11931,0.000755521167272375,0.000662770100545545);
#172=TOROIDAL_SURFACE('',#11939,0.0005,0.0005);
#173=TOROIDAL_SURFACE('',#11987,0.0005,0.0005);
#174=TOROIDAL_SURFACE('',#12075,0.000562132034356031,5.E-5);
#175=TOROIDAL_SURFACE('',#12085,0.0009,0.0001);
#176=TOROIDAL_SURFACE('',#12089,0.0008,0.0001);
#177=TOROIDAL_SURFACE('',#12093,0.000737338780391914,0.000100001710638036);
#178=TOROIDAL_SURFACE('',#12094,0.00106409258758888,0.00010132226501762);
#179=TOROIDAL_SURFACE('',#12095,0.00169497450140386,0.000100001921614252);
#180=TOROIDAL_SURFACE('',#12098,0.0004,0.0001);
#181=TOROIDAL_SURFACE('',#12102,0.0004,0.0001);
#182=TOROIDAL_SURFACE('',#12112,0.0009,0.0001);
#183=TOROIDAL_SURFACE('',#12116,0.0008,0.0001);
#184=TOROIDAL_SURFACE('',#12120,0.000737338779746626,0.000100001710637699);
#185=TOROIDAL_SURFACE('',#12121,0.00169497450135513,0.000100001921613894);
#186=TOROIDAL_SURFACE('',#12124,0.0004,0.0001);
#187=TOROIDAL_SURFACE('',#12128,0.0004,0.0001);
#188=TOROIDAL_SURFACE('',#12164,0.0009,0.0001);
#189=TOROIDAL_SURFACE('',#12171,0.000352176084195624,0.000256545177352735);
#190=TOROIDAL_SURFACE('',#12179,0.0002,0.0001);
#191=TOROIDAL_SURFACE('',#12184,0.0002,0.0001);
#192=TOROIDAL_SURFACE('',#12188,0.0002,0.0001);
#193=TOROIDAL_SURFACE('',#12205,0.0009,0.0001);
#194=TOROIDAL_SURFACE('',#12223,0.0002,0.0001);
#195=TOROIDAL_SURFACE('',#12228,0.000300000000000005,0.0001);
#196=TOROIDAL_SURFACE('',#12230,0.00075552116727238,0.000662770100545554);
#197=TOROIDAL_SURFACE('',#12231,0.000352176084266716,0.000256545176334953);
#198=TOROIDAL_SURFACE('',#12237,0.000300000000000005,0.0001);
#199=TOROIDAL_SURFACE('',#12241,0.000357186988388308,9.99936330411497E-5);
#200=TOROIDAL_SURFACE('',#12249,0.0005,0.0005);
#201=TOROIDAL_SURFACE('',#12295,0.0005,0.0005);
#202=B_SPLINE_CURVE_WITH_KNOTS('',3,(#15707,#15708,#15709,#15710),
 .UNSPECIFIED.,.F.,.F.,(4,4),(0.,1.),.UNSPECIFIED.);
#203=B_SPLINE_CURVE_WITH_KNOTS('',3,(#15714,#15715,#15716,#15717),
 .UNSPECIFIED.,.F.,.F.,(4,4),(0.,1.),.UNSPECIFIED.);
#204=B_SPLINE_CURVE_WITH_KNOTS('',3,(#15720,#15721,#15722,#15723),
 .UNSPECIFIED.,.F.,.F.,(4,4),(0.,1.),.UNSPECIFIED.);
#205=B_SPLINE_CURVE_WITH_KNOTS('',3,(#15724,#15725,#15726,#15727,#15728),
 .UNSPECIFIED.,.F.,.F.,(4,1,4),(0.,0.5,1.),.UNSPECIFIED.);
#206=B_SPLINE_CURVE_WITH_KNOTS('',3,(#15730,#15731,#15732,#15733),
 .UNSPECIFIED.,.F.,.F.,(4,4),(0.,1.),.UNSPECIFIED.);
#207=B_SPLINE_CURVE_WITH_KNOTS('',3,(#15737,#15738,#15739,#15740),
 .UNSPECIFIED.,.F.,.F.,(4,4),(0.,1.),.UNSPECIFIED.);
#208=B_SPLINE_CURVE_WITH_KNOTS('',3,(#15746,#15747,#15748,#15749),
 .UNSPECIFIED.,.F.,.F.,(4,4),(0.,1.),.UNSPECIFIED.);
#209=B_SPLINE_CURVE_WITH_KNOTS('',3,(#15756,#15757,#15758,#15759),
 .UNSPECIFIED.,.F.,.F.,(4,4),(0.,0.00037952428800188),.UNSPECIFIED.);
#210=B_SPLINE_CURVE_WITH_KNOTS('',3,(#15760,#15761,#15762,#15763),
 .UNSPECIFIED.,.F.,.F.,(4,4),(0.,0.000384788563315294),.UNSPECIFIED.);
#211=B_SPLINE_CURVE_WITH_KNOTS('',3,(#15868,#15869,#15870,#15871),
 .UNSPECIFIED.,.F.,.F.,(4,4),(0.,1.),.UNSPECIFIED.);
#212=B_SPLINE_CURVE_WITH_KNOTS('',3,(#15879,#15880,#15881,#15882,#15883),
 .UNSPECIFIED.,.F.,.F.,(4,1,4),(0.,0.000126418695378174,0.000252837390756349),
 .UNSPECIFIED.);
#213=B_SPLINE_CURVE_WITH_KNOTS('',3,(#15886,#15887,#15888,#15889),
 .UNSPECIFIED.,.F.,.F.,(4,4),(0.,1.),.UNSPECIFIED.);
#214=B_SPLINE_CURVE_WITH_KNOTS('',3,(#15895,#15896,#15897,#15898),
 .UNSPECIFIED.,.F.,.F.,(4,4),(0.,1.),.UNSPECIFIED.);
#215=B_SPLINE_CURVE_WITH_KNOTS('',3,(#15906,#15907,#15908,#15909),
 .UNSPECIFIED.,.F.,.F.,(4,4),(0.,1.),.UNSPECIFIED.);
#216=B_SPLINE_CURVE_WITH_KNOTS('',3,(#15911,#15912,#15913,#15914,#15915),
 .UNSPECIFIED.,.F.,.F.,(4,1,4),(0.,0.000128960914813042,0.000257921829626085),
 .UNSPECIFIED.);
#217=B_SPLINE_CURVE_WITH_KNOTS('',3,(#15921,#15922,#15923,#15924),
 .UNSPECIFIED.,.F.,.F.,(4,4),(0.,1.),.UNSPECIFIED.);
#218=B_SPLINE_CURVE_WITH_KNOTS('',3,(#15927,#15928,#15929,#15930),
 .UNSPECIFIED.,.F.,.F.,(4,4),(0.,1.),.UNSPECIFIED.);
#219=B_SPLINE_CURVE_WITH_KNOTS('',3,(#15932,#15933,#15934,#15935),
 .UNSPECIFIED.,.F.,.F.,(4,4),(0.,1.),.UNSPECIFIED.);
#220=B_SPLINE_CURVE_WITH_KNOTS('',3,(#15983,#15984,#15985,#15986),
 .UNSPECIFIED.,.F.,.F.,(4,4),(0.,1.),.UNSPECIFIED.);
#221=B_SPLINE_CURVE_WITH_KNOTS('',3,(#15988,#15989,#15990,#15991),
 .UNSPECIFIED.,.F.,.F.,(4,4),(0.,1.),.UNSPECIFIED.);
#222=B_SPLINE_CURVE_WITH_KNOTS('',3,(#15993,#15994,#15995,#15996),
 .UNSPECIFIED.,.F.,.F.,(4,4),(0.,1.),.UNSPECIFIED.);
#223=B_SPLINE_CURVE_WITH_KNOTS('',3,(#15998,#15999,#16000,#16001),
 .UNSPECIFIED.,.F.,.F.,(4,4),(0.,1.),.UNSPECIFIED.);
#224=B_SPLINE_CURVE_WITH_KNOTS('',3,(#16003,#16004,#16005,#16006),
 .UNSPECIFIED.,.F.,.F.,(4,4),(0.,1.),.UNSPECIFIED.);
#225=B_SPLINE_CURVE_WITH_KNOTS('',3,(#16069,#16070,#16071,#16072),
 .UNSPECIFIED.,.F.,.F.,(4,4),(0.,1.),.UNSPECIFIED.);
#226=B_SPLINE_CURVE_WITH_KNOTS('',3,(#16074,#16075,#16076,#16077),
 .UNSPECIFIED.,.F.,.F.,(4,4),(0.,1.),.UNSPECIFIED.);
#227=B_SPLINE_CURVE_WITH_KNOTS('',3,(#16079,#16080,#16081,#16082),
 .UNSPECIFIED.,.F.,.F.,(4,4),(0.,1.),.UNSPECIFIED.);
#228=B_SPLINE_CURVE_WITH_KNOTS('',3,(#16084,#16085,#16086,#16087),
 .UNSPECIFIED.,.F.,.F.,(4,4),(0.,1.),.UNSPECIFIED.);
#229=B_SPLINE_CURVE_WITH_KNOTS('',3,(#16089,#16090,#16091,#16092),
 .UNSPECIFIED.,.F.,.F.,(4,4),(0.,1.),.UNSPECIFIED.);
#230=B_SPLINE_CURVE_WITH_KNOTS('',3,(#16094,#16095,#16096,#16097),
 .UNSPECIFIED.,.F.,.F.,(4,4),(0.,1.),.UNSPECIFIED.);
#231=B_SPLINE_CURVE_WITH_KNOTS('',3,(#16416,#16417,#16418,#16419),
 .UNSPECIFIED.,.F.,.F.,(4,4),(0.,1.),.UNSPECIFIED.);
#232=B_SPLINE_CURVE_WITH_KNOTS('',3,(#16422,#16423,#16424,#16425),
 .UNSPECIFIED.,.F.,.F.,(4,4),(0.,1.),.UNSPECIFIED.);
#233=B_SPLINE_CURVE_WITH_KNOTS('',3,(#16427,#16428,#16429,#16430),
 .UNSPECIFIED.,.F.,.F.,(4,4),(0.,1.),.UNSPECIFIED.);
#234=B_SPLINE_CURVE_WITH_KNOTS('',3,(#16440,#16441,#16442,#16443),
 .UNSPECIFIED.,.F.,.F.,(4,4),(0.,1.),.UNSPECIFIED.);
#235=B_SPLINE_CURVE_WITH_KNOTS('',3,(#16573,#16574,#16575,#16576),
 .UNSPECIFIED.,.F.,.F.,(4,4),(0.,1.),.UNSPECIFIED.);
#236=B_SPLINE_CURVE_WITH_KNOTS('',3,(#16580,#16581,#16582,#16583),
 .UNSPECIFIED.,.F.,.F.,(4,4),(0.,1.),.UNSPECIFIED.);
#237=B_SPLINE_CURVE_WITH_KNOTS('',3,(#16585,#16586,#16587,#16588),
 .UNSPECIFIED.,.F.,.F.,(4,4),(0.,1.),.UNSPECIFIED.);
#238=B_SPLINE_CURVE_WITH_KNOTS('',3,(#16590,#16591,#16592,#16593),
 .UNSPECIFIED.,.F.,.F.,(4,4),(0.,1.),.UNSPECIFIED.);
#239=B_SPLINE_CURVE_WITH_KNOTS('',3,(#16595,#16596,#16597,#16598),
 .UNSPECIFIED.,.F.,.F.,(4,4),(0.,1.),.UNSPECIFIED.);
#240=B_SPLINE_CURVE_WITH_KNOTS('',3,(#16600,#16601,#16602,#16603),
 .UNSPECIFIED.,.F.,.F.,(4,4),(0.,1.),.UNSPECIFIED.);
#241=B_SPLINE_CURVE_WITH_KNOTS('',3,(#16619,#16620,#16621,#16622),
 .UNSPECIFIED.,.F.,.F.,(4,4),(0.,1.),.UNSPECIFIED.);
#242=B_SPLINE_CURVE_WITH_KNOTS('',3,(#16626,#16627,#16628,#16629),
 .UNSPECIFIED.,.F.,.F.,(4,4),(0.,1.),.UNSPECIFIED.);
#243=B_SPLINE_CURVE_WITH_KNOTS('',3,(#16970,#16971,#16972,#16973),
 .UNSPECIFIED.,.F.,.F.,(4,4),(0.,1.),.UNSPECIFIED.);
#244=B_SPLINE_CURVE_WITH_KNOTS('',3,(#16981,#16982,#16983,#16984),
 .UNSPECIFIED.,.F.,.F.,(4,4),(0.,1.),.UNSPECIFIED.);
#245=B_SPLINE_CURVE_WITH_KNOTS('',3,(#16989,#16990,#16991,#16992),
 .UNSPECIFIED.,.F.,.F.,(4,4),(0.,0.99999880218072),.UNSPECIFIED.);
#246=B_SPLINE_CURVE_WITH_KNOTS('',3,(#16994,#16995,#16996,#16997),
 .UNSPECIFIED.,.F.,.F.,(4,4),(0.,0.999999348636692),.UNSPECIFIED.);
#247=B_SPLINE_CURVE_WITH_KNOTS('',3,(#16998,#16999,#17000,#17001,#17002),
 .UNSPECIFIED.,.F.,.F.,(4,1,4),(0.,0.5,1.),.UNSPECIFIED.);
#248=B_SPLINE_CURVE_WITH_KNOTS('',3,(#17004,#17005,#17006,#17007),
 .UNSPECIFIED.,.F.,.F.,(4,4),(0.,1.),.UNSPECIFIED.);
#249=B_SPLINE_CURVE_WITH_KNOTS('',3,(#17012,#17013,#17014,#17015),
 .UNSPECIFIED.,.F.,.F.,(4,4),(0.,1.),.UNSPECIFIED.);
#250=B_SPLINE_CURVE_WITH_KNOTS('',3,(#17023,#17024,#17025,#17026),
 .UNSPECIFIED.,.F.,.F.,(4,4),(0.,0.000384788563315294),.UNSPECIFIED.);
#251=B_SPLINE_CURVE_WITH_KNOTS('',3,(#17027,#17028,#17029,#17030),
 .UNSPECIFIED.,.F.,.F.,(4,4),(0.,0.00037952428800188),.UNSPECIFIED.);
#252=B_SPLINE_CURVE_WITH_KNOTS('',3,(#17143,#17144,#17145,#17146,#17147),
 .UNSPECIFIED.,.F.,.F.,(4,1,4),(0.,0.000126418695378174,0.000252837390756349),
 .UNSPECIFIED.);
#253=B_SPLINE_CURVE_WITH_KNOTS('',3,(#17151,#17152,#17153,#17154),
 .UNSPECIFIED.,.F.,.F.,(4,4),(0.,1.),.UNSPECIFIED.);
#254=B_SPLINE_CURVE_WITH_KNOTS('',3,(#17165,#17166,#17167,#17168),
 .UNSPECIFIED.,.F.,.F.,(4,4),(0.,1.),.UNSPECIFIED.);
#255=B_SPLINE_CURVE_WITH_KNOTS('',3,(#17172,#17173,#17174,#17175,#17176),
 .UNSPECIFIED.,.F.,.F.,(4,1,4),(0.,0.000128960914813042,0.000257921829626085),
 .UNSPECIFIED.);
#256=B_SPLINE_CURVE_WITH_KNOTS('',3,(#17178,#17179,#17180,#17181),
 .UNSPECIFIED.,.F.,.F.,(4,4),(0.,1.),.UNSPECIFIED.);
#257=B_SPLINE_CURVE_WITH_KNOTS('',3,(#17184,#17185,#17186,#17187),
 .UNSPECIFIED.,.F.,.F.,(4,4),(5.3681069999335E-6,1.),.UNSPECIFIED.);
#258=B_SPLINE_CURVE_WITH_KNOTS('',3,(#17191,#17192,#17193,#17194),
 .UNSPECIFIED.,.F.,.F.,(4,4),(4.2710154366543E-5,1.),.UNSPECIFIED.);
#259=B_SPLINE_CURVE_WITH_KNOTS('',3,(#17197,#17198,#17199,#17200),
 .UNSPECIFIED.,.F.,.F.,(4,4),(0.,1.),.UNSPECIFIED.);
#260=B_SPLINE_CURVE_WITH_KNOTS('',3,(#17247,#17248,#17249,#17250),
 .UNSPECIFIED.,.F.,.F.,(4,4),(0.,1.),.UNSPECIFIED.);
#261=B_SPLINE_CURVE_WITH_KNOTS('',3,(#17252,#17253,#17254,#17255),
 .UNSPECIFIED.,.F.,.F.,(4,4),(0.,1.),.UNSPECIFIED.);
#262=B_SPLINE_CURVE_WITH_KNOTS('',3,(#17257,#17258,#17259,#17260),
 .UNSPECIFIED.,.F.,.F.,(4,4),(0.,1.),.UNSPECIFIED.);
#263=B_SPLINE_CURVE_WITH_KNOTS('',3,(#17262,#17263,#17264,#17265),
 .UNSPECIFIED.,.F.,.F.,(4,4),(0.,1.),.UNSPECIFIED.);
#264=B_SPLINE_CURVE_WITH_KNOTS('',3,(#17267,#17268,#17269,#17270),
 .UNSPECIFIED.,.F.,.F.,(4,4),(0.,1.),.UNSPECIFIED.);
#265=B_SPLINE_CURVE_WITH_KNOTS('',3,(#17333,#17334,#17335,#17336),
 .UNSPECIFIED.,.F.,.F.,(4,4),(0.,1.),.UNSPECIFIED.);
#266=B_SPLINE_CURVE_WITH_KNOTS('',3,(#17338,#17339,#17340,#17341),
 .UNSPECIFIED.,.F.,.F.,(4,4),(0.,1.),.UNSPECIFIED.);
#267=B_SPLINE_CURVE_WITH_KNOTS('',3,(#17343,#17344,#17345,#17346),
 .UNSPECIFIED.,.F.,.F.,(4,4),(0.,1.),.UNSPECIFIED.);
#268=B_SPLINE_CURVE_WITH_KNOTS('',3,(#17348,#17349,#17350,#17351),
 .UNSPECIFIED.,.F.,.F.,(4,4),(0.,1.),.UNSPECIFIED.);
#269=B_SPLINE_CURVE_WITH_KNOTS('',3,(#17353,#17354,#17355,#17356),
 .UNSPECIFIED.,.F.,.F.,(4,4),(0.,1.),.UNSPECIFIED.);
#270=B_SPLINE_CURVE_WITH_KNOTS('',3,(#17358,#17359,#17360,#17361),
 .UNSPECIFIED.,.F.,.F.,(4,4),(0.,1.),.UNSPECIFIED.);
#271=B_SPLINE_CURVE_WITH_KNOTS('',3,(#17544,#17545,#17546,#17547),
 .UNSPECIFIED.,.F.,.F.,(4,4),(0.,1.),.UNSPECIFIED.);
#272=B_SPLINE_CURVE_WITH_KNOTS('',3,(#17550,#17551,#17552,#17553),
 .UNSPECIFIED.,.F.,.F.,(4,4),(0.,1.),.UNSPECIFIED.);
#273=B_SPLINE_CURVE_WITH_KNOTS('',3,(#17555,#17556,#17557,#17558),
 .UNSPECIFIED.,.F.,.F.,(4,4),(0.,1.),.UNSPECIFIED.);
#274=B_SPLINE_CURVE_WITH_KNOTS('',3,(#17698,#17699,#17700,#17701),
 .UNSPECIFIED.,.F.,.F.,(4,4),(0.,0.998637265177857),.UNSPECIFIED.);
#275=B_SPLINE_CURVE_WITH_KNOTS('',3,(#17705,#17706,#17707,#17708),
 .UNSPECIFIED.,.F.,.F.,(4,4),(0.,1.),.UNSPECIFIED.);
#276=B_SPLINE_CURVE_WITH_KNOTS('',3,(#17710,#17711,#17712,#17713),
 .UNSPECIFIED.,.F.,.F.,(4,4),(0.00194456780248317,1.),.UNSPECIFIED.);
#277=B_SPLINE_CURVE_WITH_KNOTS('',3,(#17715,#17716,#17717,#17718),
 .UNSPECIFIED.,.F.,.F.,(4,4),(0.,1.),.UNSPECIFIED.);
#278=B_SPLINE_CURVE_WITH_KNOTS('',3,(#17720,#17721,#17722,#17723),
 .UNSPECIFIED.,.F.,.F.,(4,4),(0.,1.),.UNSPECIFIED.);
#279=B_SPLINE_CURVE_WITH_KNOTS('',3,(#17725,#17726,#17727,#17728),
 .UNSPECIFIED.,.F.,.F.,(4,4),(0.,1.),.UNSPECIFIED.);
#280=B_SPLINE_CURVE_WITH_KNOTS('',3,(#17912,#17913,#17914,#17915),
 .UNSPECIFIED.,.F.,.F.,(4,4),(0.,1.),.UNSPECIFIED.);
#281=B_SPLINE_CURVE_WITH_KNOTS('',3,(#17920,#17921,#17922,#17923),
 .UNSPECIFIED.,.F.,.F.,(4,4),(0.,1.),.UNSPECIFIED.);
#282=B_SPLINE_CURVE_WITH_KNOTS('',3,(#17931,#17932,#17933,#17934),
 .UNSPECIFIED.,.F.,.F.,(4,4),(0.,1.),.UNSPECIFIED.);
#283=B_SPLINE_CURVE_WITH_KNOTS('',3,(#17939,#17940,#17941,#17942),
 .UNSPECIFIED.,.F.,.F.,(4,4),(0.,1.),.UNSPECIFIED.);
#284=B_SPLINE_CURVE_WITH_KNOTS('',3,(#17944,#17945,#17946,#17947,#17948),
 .UNSPECIFIED.,.F.,.F.,(4,1,4),(0.,0.5,1.),.UNSPECIFIED.);
#285=B_SPLINE_CURVE_WITH_KNOTS('',3,(#17949,#17950,#17951,#17952),
 .UNSPECIFIED.,.F.,.F.,(4,4),(0.,1.),.UNSPECIFIED.);
#286=B_SPLINE_CURVE_WITH_KNOTS('',3,(#17954,#17955,#17956,#17957),
 .UNSPECIFIED.,.F.,.F.,(4,4),(0.,1.),.UNSPECIFIED.);
#287=B_SPLINE_CURVE_WITH_KNOTS('',3,(#17962,#17963,#17964,#17965),
 .UNSPECIFIED.,.F.,.F.,(4,4),(0.,1.),.UNSPECIFIED.);
#288=B_SPLINE_CURVE_WITH_KNOTS('',3,(#17973,#17974,#17975,#17976),
 .UNSPECIFIED.,.F.,.F.,(4,4),(0.,0.000384788563315294),.UNSPECIFIED.);
#289=B_SPLINE_CURVE_WITH_KNOTS('',3,(#17977,#17978,#17979,#17980),
 .UNSPECIFIED.,.F.,.F.,(4,4),(0.,0.00037952428800188),.UNSPECIFIED.);
#290=B_SPLINE_CURVE_WITH_KNOTS('',3,(#18091,#18092,#18093,#18094),
 .UNSPECIFIED.,.F.,.F.,(4,4),(0.,1.),.UNSPECIFIED.);
#291=B_SPLINE_CURVE_WITH_KNOTS('',3,(#18096,#18097,#18098,#18099,#18100),
 .UNSPECIFIED.,.F.,.F.,(4,1,4),(0.,0.000126418695378174,0.000252837390756349),
 .UNSPECIFIED.);
#292=B_SPLINE_CURVE_WITH_KNOTS('',3,(#18104,#18105,#18106,#18107),
 .UNSPECIFIED.,.F.,.F.,(4,4),(0.,1.),.UNSPECIFIED.);
#293=B_SPLINE_CURVE_WITH_KNOTS('',3,(#18118,#18119,#18120,#18121),
 .UNSPECIFIED.,.F.,.F.,(4,4),(0.,1.),.UNSPECIFIED.);
#294=B_SPLINE_CURVE_WITH_KNOTS('',3,(#18125,#18126,#18127,#18128,#18129),
 .UNSPECIFIED.,.F.,.F.,(4,1,4),(0.,0.000128960914813042,0.000257921829626085),
 .UNSPECIFIED.);
#295=B_SPLINE_CURVE_WITH_KNOTS('',3,(#18131,#18132,#18133,#18134),
 .UNSPECIFIED.,.F.,.F.,(4,4),(0.,1.),.UNSPECIFIED.);
#296=B_SPLINE_CURVE_WITH_KNOTS('',3,(#18137,#18138,#18139,#18140),
 .UNSPECIFIED.,.F.,.F.,(4,4),(0.,1.),.UNSPECIFIED.);
#297=B_SPLINE_CURVE_WITH_KNOTS('',3,(#18142,#18143,#18144,#18145),
 .UNSPECIFIED.,.F.,.F.,(4,4),(0.,1.),.UNSPECIFIED.);
#298=B_SPLINE_CURVE_WITH_KNOTS('',3,(#18147,#18148,#18149,#18150),
 .UNSPECIFIED.,.F.,.F.,(4,4),(0.,1.),.UNSPECIFIED.);
#299=B_SPLINE_CURVE_WITH_KNOTS('',3,(#18153,#18154,#18155,#18156),
 .UNSPECIFIED.,.F.,.F.,(4,4),(0.,1.),.UNSPECIFIED.);
#300=B_SPLINE_CURVE_WITH_KNOTS('',3,(#18203,#18204,#18205,#18206),
 .UNSPECIFIED.,.F.,.F.,(4,4),(0.,1.),.UNSPECIFIED.);
#301=B_SPLINE_CURVE_WITH_KNOTS('',3,(#18208,#18209,#18210,#18211),
 .UNSPECIFIED.,.F.,.F.,(4,4),(0.,1.),.UNSPECIFIED.);
#302=B_SPLINE_CURVE_WITH_KNOTS('',3,(#18213,#18214,#18215,#18216),
 .UNSPECIFIED.,.F.,.F.,(4,4),(0.,1.),.UNSPECIFIED.);
#303=B_SPLINE_CURVE_WITH_KNOTS('',3,(#18218,#18219,#18220,#18221),
 .UNSPECIFIED.,.F.,.F.,(4,4),(0.,1.),.UNSPECIFIED.);
#304=B_SPLINE_CURVE_WITH_KNOTS('',3,(#18223,#18224,#18225,#18226),
 .UNSPECIFIED.,.F.,.F.,(4,4),(0.,1.),.UNSPECIFIED.);
#305=B_SPLINE_CURVE_WITH_KNOTS('',3,(#18228,#18229,#18230,#18231),
 .UNSPECIFIED.,.F.,.F.,(4,4),(0.,1.),.UNSPECIFIED.);
#306=B_SPLINE_CURVE_WITH_KNOTS('',3,(#18281,#18282,#18283,#18284),
 .UNSPECIFIED.,.F.,.F.,(4,4),(0.,1.),.UNSPECIFIED.);
#307=B_SPLINE_CURVE_WITH_KNOTS('',3,(#18286,#18287,#18288,#18289),
 .UNSPECIFIED.,.F.,.F.,(4,4),(0.,1.),.UNSPECIFIED.);
#308=B_SPLINE_CURVE_WITH_KNOTS('',3,(#18291,#18292,#18293,#18294),
 .UNSPECIFIED.,.F.,.F.,(4,4),(0.,1.),.UNSPECIFIED.);
#309=B_SPLINE_CURVE_WITH_KNOTS('',3,(#18296,#18297,#18298,#18299),
 .UNSPECIFIED.,.F.,.F.,(4,4),(0.,1.),.UNSPECIFIED.);
#310=B_SPLINE_CURVE_WITH_KNOTS('',3,(#18301,#18302,#18303,#18304),
 .UNSPECIFIED.,.F.,.F.,(4,4),(0.,1.),.UNSPECIFIED.);
#311=B_SPLINE_CURVE_WITH_KNOTS('',3,(#18306,#18307,#18308,#18309),
 .UNSPECIFIED.,.F.,.F.,(4,4),(0.,1.),.UNSPECIFIED.);
#312=B_SPLINE_CURVE_WITH_KNOTS('',3,(#18563,#18564,#18565,#18566),
 .UNSPECIFIED.,.F.,.F.,(4,4),(0.,1.),.UNSPECIFIED.);
#313=B_SPLINE_CURVE_WITH_KNOTS('',3,(#18569,#18570,#18571,#18572),
 .UNSPECIFIED.,.F.,.F.,(4,4),(0.,1.),.UNSPECIFIED.);
#314=B_SPLINE_CURVE_WITH_KNOTS('',3,(#18574,#18575,#18576,#18577),
 .UNSPECIFIED.,.F.,.F.,(4,4),(0.,1.),.UNSPECIFIED.);
#315=B_SPLINE_CURVE_WITH_KNOTS('',3,(#18581,#18582,#18583,#18584),
 .UNSPECIFIED.,.F.,.F.,(4,4),(0.,1.),.UNSPECIFIED.);
#316=B_SPLINE_CURVE_WITH_KNOTS('',3,(#18720,#18721,#18722,#18723),
 .UNSPECIFIED.,.F.,.F.,(4,4),(0.,1.),.UNSPECIFIED.);
#317=B_SPLINE_CURVE_WITH_KNOTS('',3,(#18742,#18743,#18744,#18745),
 .UNSPECIFIED.,.F.,.F.,(4,4),(0.,1.),.UNSPECIFIED.);
#318=B_SPLINE_CURVE_WITH_KNOTS('',3,(#18747,#18748,#18749,#18750),
 .UNSPECIFIED.,.F.,.F.,(4,4),(0.,1.),.UNSPECIFIED.);
#319=B_SPLINE_CURVE_WITH_KNOTS('',3,(#18752,#18753,#18754,#18755),
 .UNSPECIFIED.,.F.,.F.,(4,4),(0.,1.),.UNSPECIFIED.);
#320=B_SPLINE_CURVE_WITH_KNOTS('',3,(#18757,#18758,#18759,#18760),
 .UNSPECIFIED.,.F.,.F.,(4,4),(0.,1.),.UNSPECIFIED.);
#321=B_SPLINE_CURVE_WITH_KNOTS('',3,(#18762,#18763,#18764,#18765),
 .UNSPECIFIED.,.F.,.F.,(4,4),(0.,1.),.UNSPECIFIED.);
#322=B_SPLINE_CURVE_WITH_KNOTS('',3,(#18781,#18782,#18783,#18784),
 .UNSPECIFIED.,.F.,.F.,(4,4),(0.,1.),.UNSPECIFIED.);
#323=B_SPLINE_CURVE_WITH_KNOTS('',3,(#18788,#18789,#18790,#18791),
 .UNSPECIFIED.,.F.,.F.,(4,4),(0.,1.),.UNSPECIFIED.);
#324=B_SPLINE_CURVE_WITH_KNOTS('',3,(#18991,#18992,#18993,#18994),
 .UNSPECIFIED.,.F.,.F.,(4,4),(0.,1.),.UNSPECIFIED.);
#325=B_SPLINE_CURVE_WITH_KNOTS('',3,(#19003,#19004,#19005,#19006),
 .UNSPECIFIED.,.F.,.F.,(4,4),(0.,1.),.UNSPECIFIED.);
#326=B_SPLINE_CURVE_WITH_KNOTS('',3,(#19010,#19011,#19012,#19013),
 .UNSPECIFIED.,.F.,.F.,(4,4),(0.,1.),.UNSPECIFIED.);
#327=B_SPLINE_CURVE_WITH_KNOTS('',3,(#19016,#19017,#19018,#19019),
 .UNSPECIFIED.,.F.,.F.,(4,4),(0.,1.),.UNSPECIFIED.);
#328=B_SPLINE_CURVE_WITH_KNOTS('',3,(#19020,#19021,#19022,#19023),
 .UNSPECIFIED.,.F.,.F.,(4,4),(3.46944695195361E-18,0.000344390036095546),
 .UNSPECIFIED.);
#329=B_SPLINE_CURVE_WITH_KNOTS('',3,(#19025,#19026,#19027,#19028),
 .UNSPECIFIED.,.F.,.F.,(4,4),(0.,1.),.UNSPECIFIED.);
#330=B_SPLINE_CURVE_WITH_KNOTS('',3,(#19032,#19033,#19034,#19035),
 .UNSPECIFIED.,.F.,.F.,(4,4),(0.,1.),.UNSPECIFIED.);
#331=B_SPLINE_CURVE_WITH_KNOTS('',3,(#19041,#19042,#19043,#19044),
 .UNSPECIFIED.,.F.,.F.,(4,4),(0.,1.),.UNSPECIFIED.);
#332=B_SPLINE_CURVE_WITH_KNOTS('',3,(#19051,#19052,#19053,#19054),
 .UNSPECIFIED.,.F.,.F.,(4,4),(0.,0.00037952428800188),.UNSPECIFIED.);
#333=B_SPLINE_CURVE_WITH_KNOTS('',3,(#19055,#19056,#19057,#19058),
 .UNSPECIFIED.,.F.,.F.,(4,4),(0.,0.000384788563315294),.UNSPECIFIED.);
#334=B_SPLINE_CURVE_WITH_KNOTS('',3,(#19171,#19172,#19173,#19174,#19175),
 .UNSPECIFIED.,.F.,.F.,(4,1,4),(0.,0.000126418695378174,0.000252837390756349),
 .UNSPECIFIED.);
#335=B_SPLINE_CURVE_WITH_KNOTS('',3,(#19178,#19179,#19180,#19181),
 .UNSPECIFIED.,.F.,.F.,(4,4),(0.,1.),.UNSPECIFIED.);
#336=B_SPLINE_CURVE_WITH_KNOTS('',3,(#19187,#19188,#19189,#19190),
 .UNSPECIFIED.,.F.,.F.,(4,4),(0.,1.),.UNSPECIFIED.);
#337=B_SPLINE_CURVE_WITH_KNOTS('',3,(#19198,#19199,#19200,#19201),
 .UNSPECIFIED.,.F.,.F.,(4,4),(0.,1.),.UNSPECIFIED.);
#338=B_SPLINE_CURVE_WITH_KNOTS('',3,(#19203,#19204,#19205,#19206,#19207),
 .UNSPECIFIED.,.F.,.F.,(4,1,4),(0.,0.000128960914813042,0.000257921829626085),
 .UNSPECIFIED.);
#339=B_SPLINE_CURVE_WITH_KNOTS('',3,(#19211,#19212,#19213,#19214),
 .UNSPECIFIED.,.F.,.F.,(4,4),(0.,1.),.UNSPECIFIED.);
#340=B_SPLINE_CURVE_WITH_KNOTS('',3,(#19216,#19217,#19218,#19219),
 .UNSPECIFIED.,.F.,.F.,(4,4),(0.,1.),.UNSPECIFIED.);
#341=B_SPLINE_CURVE_WITH_KNOTS('',3,(#19222,#19223,#19224,#19225),
 .UNSPECIFIED.,.F.,.F.,(4,4),(7.75791922889773E-18,0.000331741274212776),
 .UNSPECIFIED.);
#342=B_SPLINE_CURVE_WITH_KNOTS('',3,(#19227,#19228,#19229,#19230),
 .UNSPECIFIED.,.F.,.F.,(4,4),(0.,1.),.UNSPECIFIED.);
#343=B_SPLINE_CURVE_WITH_KNOTS('',3,(#19278,#19279,#19280,#19281),
 .UNSPECIFIED.,.F.,.F.,(4,4),(0.,1.),.UNSPECIFIED.);
#344=B_SPLINE_CURVE_WITH_KNOTS('',3,(#19283,#19284,#19285,#19286),
 .UNSPECIFIED.,.F.,.F.,(4,4),(0.,1.),.UNSPECIFIED.);
#345=B_SPLINE_CURVE_WITH_KNOTS('',3,(#19288,#19289,#19290,#19291),
 .UNSPECIFIED.,.F.,.F.,(4,4),(0.,1.),.UNSPECIFIED.);
#346=B_SPLINE_CURVE_WITH_KNOTS('',3,(#19293,#19294,#19295,#19296),
 .UNSPECIFIED.,.F.,.F.,(4,4),(0.,1.),.UNSPECIFIED.);
#347=B_SPLINE_CURVE_WITH_KNOTS('',3,(#19298,#19299,#19300,#19301),
 .UNSPECIFIED.,.F.,.F.,(4,4),(0.,1.),.UNSPECIFIED.);
#348=B_SPLINE_CURVE_WITH_KNOTS('',3,(#19303,#19304,#19305,#19306),
 .UNSPECIFIED.,.F.,.F.,(4,4),(0.,1.),.UNSPECIFIED.);
#349=B_SPLINE_CURVE_WITH_KNOTS('',3,(#19356,#19357,#19358,#19359),
 .UNSPECIFIED.,.F.,.F.,(4,4),(0.,1.),.UNSPECIFIED.);
#350=B_SPLINE_CURVE_WITH_KNOTS('',3,(#19361,#19362,#19363,#19364),
 .UNSPECIFIED.,.F.,.F.,(4,4),(0.,1.),.UNSPECIFIED.);
#351=B_SPLINE_CURVE_WITH_KNOTS('',3,(#19366,#19367,#19368,#19369),
 .UNSPECIFIED.,.F.,.F.,(4,4),(0.,1.),.UNSPECIFIED.);
#352=B_SPLINE_CURVE_WITH_KNOTS('',3,(#19371,#19372,#19373,#19374),
 .UNSPECIFIED.,.F.,.F.,(4,4),(0.,1.),.UNSPECIFIED.);
#353=B_SPLINE_CURVE_WITH_KNOTS('',3,(#19387,#19388,#19389,#19390),
 .UNSPECIFIED.,.F.,.F.,(4,4),(0.,1.),.UNSPECIFIED.);
#354=B_SPLINE_CURVE_WITH_KNOTS('',3,(#19392,#19393,#19394,#19395),
 .UNSPECIFIED.,.F.,.F.,(4,4),(0.,1.),.UNSPECIFIED.);
#355=B_SPLINE_CURVE_WITH_KNOTS('',3,(#19578,#19579,#19580,#19581),
 .UNSPECIFIED.,.F.,.F.,(4,4),(0.,1.),.UNSPECIFIED.);
#356=B_SPLINE_CURVE_WITH_KNOTS('',3,(#19584,#19585,#19586,#19587),
 .UNSPECIFIED.,.F.,.F.,(4,4),(0.,1.),.UNSPECIFIED.);
#357=B_SPLINE_CURVE_WITH_KNOTS('',3,(#19589,#19590,#19591,#19592),
 .UNSPECIFIED.,.F.,.F.,(4,4),(0.,1.),.UNSPECIFIED.);
#358=B_SPLINE_CURVE_WITH_KNOTS('',3,(#19602,#19603,#19604,#19605),
 .UNSPECIFIED.,.F.,.F.,(4,4),(0.,1.),.UNSPECIFIED.);
#359=B_SPLINE_CURVE_WITH_KNOTS('',3,(#19735,#19736,#19737,#19738),
 .UNSPECIFIED.,.F.,.F.,(4,4),(0.,1.),.UNSPECIFIED.);
#360=B_SPLINE_CURVE_WITH_KNOTS('',3,(#19742,#19743,#19744,#19745),
 .UNSPECIFIED.,.F.,.F.,(4,4),(0.,1.),.UNSPECIFIED.);
#361=B_SPLINE_CURVE_WITH_KNOTS('',3,(#19747,#19748,#19749,#19750),
 .UNSPECIFIED.,.F.,.F.,(4,4),(0.,1.),.UNSPECIFIED.);
#362=B_SPLINE_CURVE_WITH_KNOTS('',3,(#19752,#19753,#19754,#19755),
 .UNSPECIFIED.,.F.,.F.,(4,4),(0.,1.),.UNSPECIFIED.);
#363=B_SPLINE_CURVE_WITH_KNOTS('',3,(#19757,#19758,#19759,#19760),
 .UNSPECIFIED.,.F.,.F.,(4,4),(0.,1.),.UNSPECIFIED.);
#364=B_SPLINE_CURVE_WITH_KNOTS('',3,(#19762,#19763,#19764,#19765),
 .UNSPECIFIED.,.F.,.F.,(4,4),(0.,1.),.UNSPECIFIED.);
#365=B_SPLINE_CURVE_WITH_KNOTS('',3,(#19781,#19782,#19783,#19784),
 .UNSPECIFIED.,.F.,.F.,(4,4),(0.,1.),.UNSPECIFIED.);
#366=B_SPLINE_CURVE_WITH_KNOTS('',3,(#19788,#19789,#19790,#19791),
 .UNSPECIFIED.,.F.,.F.,(4,4),(0.,1.),.UNSPECIFIED.);
#367=ELLIPSE('',#11063,0.0012727922061358,0.0009);
#368=ELLIPSE('',#11076,0.000212132034355966,0.00015);
#369=ELLIPSE('',#11079,0.000212132034355966,0.00015);
#370=ELLIPSE('',#11098,0.00134536240470738,0.001);
#371=ELLIPSE('',#11103,0.000158113883008417,5.E-5);
#372=ELLIPSE('',#11108,0.000158113883008417,5.E-5);
#373=ELLIPSE('',#11135,0.000100015232804391,0.0001);
#374=ELLIPSE('',#11162,0.000100015232804391,0.0001);
#375=ELLIPSE('',#11187,0.000282842712474619,0.0002);
#376=ELLIPSE('',#11188,0.000282842712474619,0.0002);
#377=ELLIPSE('',#11191,0.000282842712474619,0.0002);
#378=ELLIPSE('',#11192,0.000282842712474619,0.0002);
#379=ELLIPSE('',#11196,0.000282842712474619,0.0002);
#380=ELLIPSE('',#11197,0.000282842712474619,0.0002);
#381=ELLIPSE('',#11200,0.000282842712474619,0.0002);
#382=ELLIPSE('',#11201,0.000282842712474619,0.0002);
#383=ELLIPSE('',#11209,0.000223606797749977,0.0001);
#384=ELLIPSE('',#11219,0.000223606797749981,0.0001);
#385=ELLIPSE('',#11251,0.000223606797749981,0.0001);
#386=ELLIPSE('',#11260,0.000223606797749977,0.0001);
#387=ELLIPSE('',#11310,0.0015556349186104,0.0011);
#388=ELLIPSE('',#11312,0.0015556349186104,0.0011);
#389=ELLIPSE('',#11412,0.000282842712474619,0.0002);
#390=ELLIPSE('',#11413,0.000282842712474619,0.0002);
#391=ELLIPSE('',#11414,0.000282842712474619,0.0002);
#392=ELLIPSE('',#11415,0.000282842712474619,0.0002);
#393=ELLIPSE('',#11422,0.0012727922061358,0.0009);
#394=ELLIPSE('',#11433,0.000212132034355966,0.00015);
#395=ELLIPSE('',#11439,0.000212132034355966,0.00015);
#396=ELLIPSE('',#11451,0.00127279220613578,0.0009);
#397=ELLIPSE('',#11459,0.00134536240470738,0.001);
#398=ELLIPSE('',#11464,0.000158113883008417,5.E-5);
#399=ELLIPSE('',#11468,0.000158113883008417,5.E-5);
#400=ELLIPSE('',#11495,0.000100015232804391,0.0001);
#401=ELLIPSE('',#11522,0.000100015232804391,0.0001);
#402=ELLIPSE('',#11552,0.000223606797749977,0.0001);
#403=ELLIPSE('',#11560,0.000223606797749981,0.0001);
#404=ELLIPSE('',#11564,0.00028284271247462,0.0002);
#405=ELLIPSE('',#11593,0.000223606797749981,0.0001);
#406=ELLIPSE('',#11603,0.000223606797749977,0.0001);
#407=ELLIPSE('',#11634,0.000223606797749978,0.0001);
#408=ELLIPSE('',#11654,0.0015556349186104,0.0011);
#409=ELLIPSE('',#11656,0.0015556349186104,0.0011);
#410=ELLIPSE('',#11726,0.000212132034355966,0.00015);
#411=ELLIPSE('',#11732,0.000212132034355966,0.00015);
#412=ELLIPSE('',#11755,0.000158113883008417,5.E-5);
#413=ELLIPSE('',#11759,0.000158113883008417,5.E-5);
#414=ELLIPSE('',#11786,0.000100015232804391,0.0001);
#415=ELLIPSE('',#11813,0.000100015232804391,0.0001);
#416=ELLIPSE('',#11836,0.000282842712474619,0.0002);
#417=ELLIPSE('',#11837,0.000282842712474619,0.0002);
#418=ELLIPSE('',#11840,0.000282842712474619,0.0002);
#419=ELLIPSE('',#11841,0.000282842712474619,0.0002);
#420=ELLIPSE('',#11852,0.000223606797749977,0.0001);
#421=ELLIPSE('',#11860,0.000223606797749981,0.0001);
#422=ELLIPSE('',#11892,0.000223606797749981,0.0001);
#423=ELLIPSE('',#11902,0.000223606797749977,0.0001);
#424=ELLIPSE('',#11951,0.0015556349186104,0.0011);
#425=ELLIPSE('',#11953,0.0015556349186104,0.0011);
#426=ELLIPSE('',#12046,0.000212132034355966,0.00015);
#427=ELLIPSE('',#12049,0.000212132034355966,0.00015);
#428=ELLIPSE('',#12062,0.00127279220613578,0.0009);
#429=ELLIPSE('',#12073,0.000158113883008417,5.E-5);
#430=ELLIPSE('',#12078,0.000158113883008417,5.E-5);
#431=ELLIPSE('',#12105,0.000100015232804391,0.0001);
#432=ELLIPSE('',#12131,0.000100015232804391,0.0001);
#433=ELLIPSE('',#12160,0.000223606797749977,0.0001);
#434=ELLIPSE('',#12170,0.000223606797749981,0.0001);
#435=ELLIPSE('',#12202,0.000223606797749981,0.0001);
#436=ELLIPSE('',#12211,0.000223606797749977,0.0001);
#437=ELLIPSE('',#12260,0.0015556349186104,0.0011);
#438=ELLIPSE('',#12262,0.0015556349186104,0.0011);
#439=PLANE('',#11062);
#440=PLANE('',#11065);
#441=PLANE('',#11067);
#442=PLANE('',#11073);
#443=PLANE('',#11077);
#444=PLANE('',#11081);
#445=PLANE('',#11085);
#446=PLANE('',#11089);
#447=PLANE('',#11090);
#448=PLANE('',#11091);
#449=PLANE('',#11094);
#450=PLANE('',#11163);
#451=PLANE('',#11165);
#452=PLANE('',#11174);
#453=PLANE('',#11176);
#454=PLANE('',#11177);
#455=PLANE('',#11184);
#456=PLANE('',#11193);
#457=PLANE('',#11202);
#458=PLANE('',#11204);
#459=PLANE('',#11206);
#460=PLANE('',#11221);
#461=PLANE('',#11236);
#462=PLANE('',#11267);
#463=PLANE('',#11278);
#464=PLANE('',#11282);
#465=PLANE('',#11292);
#466=PLANE('',#11294);
#467=PLANE('',#11302);
#468=PLANE('',#11304);
#469=PLANE('',#11306);
#470=PLANE('',#11307);
#471=PLANE('',#11308);
#472=PLANE('',#11309);
#473=PLANE('',#11311);
#474=PLANE('',#11313);
#475=PLANE('',#11314);
#476=PLANE('',#11315);
#477=PLANE('',#11327);
#478=PLANE('',#11330);
#479=PLANE('',#11331);
#480=PLANE('',#11362);
#481=PLANE('',#11367);
#482=PLANE('',#11372);
#483=PLANE('',#11373);
#484=PLANE('',#11374);
#485=PLANE('',#11375);
#486=PLANE('',#11376);
#487=PLANE('',#11378);
#488=PLANE('',#11382);
#489=PLANE('',#11385);
#490=PLANE('',#11388);
#491=PLANE('',#11393);
#492=PLANE('',#11395);
#493=PLANE('',#11397);
#494=PLANE('',#11399);
#495=PLANE('',#11405);
#496=PLANE('',#11410);
#497=PLANE('',#11411);
#498=PLANE('',#11421);
#499=PLANE('',#11424);
#500=PLANE('',#11426);
#501=PLANE('',#11432);
#502=PLANE('',#11436);
#503=PLANE('',#11440);
#504=PLANE('',#11444);
#505=PLANE('',#11448);
#506=PLANE('',#11449);
#507=PLANE('',#11450);
#508=PLANE('',#11454);
#509=PLANE('',#11523);
#510=PLANE('',#11525);
#511=PLANE('',#11534);
#512=PLANE('',#11536);
#513=PLANE('',#11537);
#514=PLANE('',#11544);
#515=PLANE('',#11546);
#516=PLANE('',#11548);
#517=PLANE('',#11563);
#518=PLANE('',#11579);
#519=PLANE('',#11610);
#520=PLANE('',#11621);
#521=PLANE('',#11625);
#522=PLANE('',#11636);
#523=PLANE('',#11638);
#524=PLANE('',#11646);
#525=PLANE('',#11648);
#526=PLANE('',#11650);
#527=PLANE('',#11651);
#528=PLANE('',#11652);
#529=PLANE('',#11653);
#530=PLANE('',#11655);
#531=PLANE('',#11657);
#532=PLANE('',#11658);
#533=PLANE('',#11659);
#534=PLANE('',#11671);
#535=PLANE('',#11674);
#536=PLANE('',#11675);
#537=PLANE('',#11715);
#538=PLANE('',#11717);
#539=PLANE('',#11719);
#540=PLANE('',#11725);
#541=PLANE('',#11729);
#542=PLANE('',#11733);
#543=PLANE('',#11737);
#544=PLANE('',#11741);
#545=PLANE('',#11742);
#546=PLANE('',#11743);
#547=PLANE('',#11746);
#548=PLANE('',#11814);
#549=PLANE('',#11816);
#550=PLANE('',#11825);
#551=PLANE('',#11827);
#552=PLANE('',#11828);
#553=PLANE('',#11835);
#554=PLANE('',#11844);
#555=PLANE('',#11846);
#556=PLANE('',#11848);
#557=PLANE('',#11863);
#558=PLANE('',#11878);
#559=PLANE('',#11909);
#560=PLANE('',#11920);
#561=PLANE('',#11923);
#562=PLANE('',#11933);
#563=PLANE('',#11935);
#564=PLANE('',#11943);
#565=PLANE('',#11945);
#566=PLANE('',#11947);
#567=PLANE('',#11948);
#568=PLANE('',#11949);
#569=PLANE('',#11950);
#570=PLANE('',#11952);
#571=PLANE('',#11954);
#572=PLANE('',#11955);
#573=PLANE('',#11956);
#574=PLANE('',#11968);
#575=PLANE('',#11971);
#576=PLANE('',#11972);
#577=PLANE('',#12003);
#578=PLANE('',#12004);
#579=PLANE('',#12007);
#580=PLANE('',#12010);
#581=PLANE('',#12011);
#582=PLANE('',#12016);
#583=PLANE('',#12017);
#584=PLANE('',#12018);
#585=PLANE('',#12020);
#586=PLANE('',#12024);
#587=PLANE('',#12027);
#588=PLANE('',#12033);
#589=PLANE('',#12035);
#590=PLANE('',#12037);
#591=PLANE('',#12043);
#592=PLANE('',#12047);
#593=PLANE('',#12051);
#594=PLANE('',#12055);
#595=PLANE('',#12059);
#596=PLANE('',#12060);
#597=PLANE('',#12061);
#598=PLANE('',#12065);
#599=PLANE('',#12132);
#600=PLANE('',#12134);
#601=PLANE('',#12143);
#602=PLANE('',#12145);
#603=PLANE('',#12146);
#604=PLANE('',#12153);
#605=PLANE('',#12155);
#606=PLANE('',#12157);
#607=PLANE('',#12172);
#608=PLANE('',#12187);
#609=PLANE('',#12218);
#610=PLANE('',#12229);
#611=PLANE('',#12233);
#612=PLANE('',#12243);
#613=PLANE('',#12245);
#614=PLANE('',#12253);
#615=PLANE('',#12255);
#616=PLANE('',#12257);
#617=PLANE('',#12258);
#618=PLANE('',#12259);
#619=PLANE('',#12261);
#620=PLANE('',#12263);
#621=PLANE('',#12264);
#622=PLANE('',#12265);
#623=PLANE('',#12266);
#624=PLANE('',#12278);
#625=PLANE('',#12281);
#626=PLANE('',#12282);
#627=LINE('',#15674,#1467);
#628=LINE('',#15678,#1468);
#629=LINE('',#15683,#1469);
#630=LINE('',#15687,#1470);
#631=LINE('',#15689,#1471);
#632=LINE('',#15694,#1472);
#633=LINE('',#15701,#1473);
#634=LINE('',#15703,#1474);
#635=LINE('',#15705,#1475);
#636=LINE('',#15712,#1476);
#637=LINE('',#15735,#1477);
#638=LINE('',#15743,#1478);
#639=LINE('',#15744,#1479);
#640=LINE('',#15751,#1480);
#641=LINE('',#15753,#1481);
#642=LINE('',#15765,#1482);
#643=LINE('',#15771,#1483);
#644=LINE('',#15775,#1484);
#645=LINE('',#15777,#1485);
#646=LINE('',#15781,#1486);
#647=LINE('',#15783,#1487);
#648=LINE('',#15787,#1488);
#649=LINE('',#15790,#1489);
#650=LINE('',#15794,#1490);
#651=LINE('',#15798,#1491);
#652=LINE('',#15800,#1492);
#653=LINE('',#15802,#1493);
#654=LINE('',#15806,#1494);
#655=LINE('',#15811,#1495);
#656=LINE('',#15813,#1496);
#657=LINE('',#15815,#1497);
#658=LINE('',#15819,#1498);
#659=LINE('',#15821,#1499);
#660=LINE('',#15823,#1500);
#661=LINE('',#15827,#1501);
#662=LINE('',#15829,#1502);
#663=LINE('',#15832,#1503);
#664=LINE('',#15834,#1504);
#665=LINE('',#15836,#1505);
#666=LINE('',#15838,#1506);
#667=LINE('',#15844,#1507);
#668=LINE('',#15847,#1508);
#669=LINE('',#15848,#1509);
#670=LINE('',#15853,#1510);
#671=LINE('',#15855,#1511);
#672=LINE('',#15857,#1512);
#673=LINE('',#15859,#1513);
#674=LINE('',#15861,#1514);
#675=LINE('',#15863,#1515);
#676=LINE('',#15865,#1516);
#677=LINE('',#15873,#1517);
#678=LINE('',#15875,#1518);
#679=LINE('',#15877,#1519);
#680=LINE('',#15892,#1520);
#681=LINE('',#15900,#1521);
#682=LINE('',#15902,#1522);
#683=LINE('',#15904,#1523);
#684=LINE('',#16109,#1524);
#685=LINE('',#16112,#1525);
#686=LINE('',#16114,#1526);
#687=LINE('',#16116,#1527);
#688=LINE('',#16123,#1528);
#689=LINE('',#16125,#1529);
#690=LINE('',#16127,#1530);
#691=LINE('',#16129,#1531);
#692=LINE('',#16130,#1532);
#693=LINE('',#16135,#1533);
#694=LINE('',#16139,#1534);
#695=LINE('',#16143,#1535);
#696=LINE('',#16147,#1536);
#697=LINE('',#16150,#1537);
#698=LINE('',#16153,#1538);
#699=LINE('',#16155,#1539);
#700=LINE('',#16159,#1540);
#701=LINE('',#16161,#1541);
#702=LINE('',#16163,#1542);
#703=LINE('',#16167,#1543);
#704=LINE('',#16169,#1544);
#705=LINE('',#16171,#1545);
#706=LINE('',#16173,#1546);
#707=LINE('',#16178,#1547);
#708=LINE('',#16180,#1548);
#709=LINE('',#16182,#1549);
#710=LINE('',#16184,#1550);
#711=LINE('',#16187,#1551);
#712=LINE('',#16188,#1552);
#713=LINE('',#16190,#1553);
#714=LINE('',#16192,#1554);
#715=LINE('',#16194,#1555);
#716=LINE('',#16196,#1556);
#717=LINE('',#16198,#1557);
#718=LINE('',#16200,#1558);
#719=LINE('',#16202,#1559);
#720=LINE('',#16205,#1560);
#721=LINE('',#16206,#1561);
#722=LINE('',#16208,#1562);
#723=LINE('',#16210,#1563);
#724=LINE('',#16212,#1564);
#725=LINE('',#16214,#1565);
#726=LINE('',#16216,#1566);
#727=LINE('',#16218,#1567);
#728=LINE('',#16220,#1568);
#729=LINE('',#16225,#1569);
#730=LINE('',#16229,#1570);
#731=LINE('',#16234,#1571);
#732=LINE('',#16238,#1572);
#733=LINE('',#16242,#1573);
#734=LINE('',#16246,#1574);
#735=LINE('',#16248,#1575);
#736=LINE('',#16250,#1576);
#737=LINE('',#16252,#1577);
#738=LINE('',#16254,#1578);
#739=LINE('',#16258,#1579);
#740=LINE('',#16262,#1580);
#741=LINE('',#16264,#1581);
#742=LINE('',#16266,#1582);
#743=LINE('',#16268,#1583);
#744=LINE('',#16270,#1584);
#745=LINE('',#16274,#1585);
#746=LINE('',#16278,#1586);
#747=LINE('',#16280,#1587);
#748=LINE('',#16282,#1588);
#749=LINE('',#16283,#1589);
#750=LINE('',#16287,#1590);
#751=LINE('',#16291,#1591);
#752=LINE('',#16292,#1592);
#753=LINE('',#16294,#1593);
#754=LINE('',#16295,#1594);
#755=LINE('',#16299,#1595);
#756=LINE('',#16303,#1596);
#757=LINE('',#16305,#1597);
#758=LINE('',#16307,#1598);
#759=LINE('',#16309,#1599);
#760=LINE('',#16311,#1600);
#761=LINE('',#16315,#1601);
#762=LINE('',#16319,#1602);
#763=LINE('',#16321,#1603);
#764=LINE('',#16323,#1604);
#765=LINE('',#16325,#1605);
#766=LINE('',#16327,#1606);
#767=LINE('',#16331,#1607);
#768=LINE('',#16335,#1608);
#769=LINE('',#16337,#1609);
#770=LINE('',#16339,#1610);
#771=LINE('',#16340,#1611);
#772=LINE('',#16344,#1612);
#773=LINE('',#16348,#1613);
#774=LINE('',#16351,#1614);
#775=LINE('',#16353,#1615);
#776=LINE('',#16355,#1616);
#777=LINE('',#16357,#1617);
#778=LINE('',#16360,#1618);
#779=LINE('',#16361,#1619);
#780=LINE('',#16364,#1620);
#781=LINE('',#16388,#1621);
#782=LINE('',#16396,#1622);
#783=LINE('',#16432,#1623);
#784=LINE('',#16434,#1624);
#785=LINE('',#16436,#1625);
#786=LINE('',#16438,#1626);
#787=LINE('',#16447,#1627);
#788=LINE('',#16453,#1628);
#789=LINE('',#16462,#1629);
#790=LINE('',#16468,#1630);
#791=LINE('',#16470,#1631);
#792=LINE('',#16472,#1632);
#793=LINE('',#16474,#1633);
#794=LINE('',#16482,#1634);
#795=LINE('',#16490,#1635);
#796=LINE('',#16491,#1636);
#797=LINE('',#16495,#1637);
#798=LINE('',#16517,#1638);
#799=LINE('',#16525,#1639);
#800=LINE('',#16545,#1640);
#801=LINE('',#16547,#1641);
#802=LINE('',#16549,#1642);
#803=LINE('',#16556,#1643);
#804=LINE('',#16559,#1644);
#805=LINE('',#16563,#1645);
#806=LINE('',#16571,#1646);
#807=LINE('',#16578,#1647);
#808=LINE('',#16605,#1648);
#809=LINE('',#16607,#1649);
#810=LINE('',#16609,#1650);
#811=LINE('',#16613,#1651);
#812=LINE('',#16624,#1652);
#813=LINE('',#16631,#1653);
#814=LINE('',#16633,#1654);
#815=LINE('',#16635,#1655);
#816=LINE('',#16647,#1656);
#817=LINE('',#16649,#1657);
#818=LINE('',#16651,#1658);
#819=LINE('',#16653,#1659);
#820=LINE('',#16657,#1660);
#821=LINE('',#16659,#1661);
#822=LINE('',#16660,#1662);
#823=LINE('',#16662,#1663);
#824=LINE('',#16664,#1664);
#825=LINE('',#16666,#1665);
#826=LINE('',#16668,#1666);
#827=LINE('',#16669,#1667);
#828=LINE('',#16671,#1668);
#829=LINE('',#16673,#1669);
#830=LINE('',#16675,#1670);
#831=LINE('',#16679,#1671);
#832=LINE('',#16681,#1672);
#833=LINE('',#16683,#1673);
#834=LINE('',#16687,#1674);
#835=LINE('',#16689,#1675);
#836=LINE('',#16691,#1676);
#837=LINE('',#16693,#1677);
#838=LINE('',#16695,#1678);
#839=LINE('',#16697,#1679);
#840=LINE('',#16699,#1680);
#841=LINE('',#16707,#1681);
#842=LINE('',#16708,#1682);
#843=LINE('',#16710,#1683);
#844=LINE('',#16714,#1684);
#845=LINE('',#16719,#1685);
#846=LINE('',#16722,#1686);
#847=LINE('',#16756,#1687);
#848=LINE('',#16760,#1688);
#849=LINE('',#16764,#1689);
#850=LINE('',#16766,#1690);
#851=LINE('',#16768,#1691);
#852=LINE('',#16772,#1692);
#853=LINE('',#16776,#1693);
#854=LINE('',#16778,#1694);
#855=LINE('',#16782,#1695);
#856=LINE('',#16786,#1696);
#857=LINE('',#16788,#1697);
#858=LINE('',#16790,#1698);
#859=LINE('',#16794,#1699);
#860=LINE('',#16798,#1700);
#861=LINE('',#16800,#1701);
#862=LINE('',#16802,#1702);
#863=LINE('',#16804,#1703);
#864=LINE('',#16806,#1704);
#865=LINE('',#16810,#1705);
#866=LINE('',#16811,#1706);
#867=LINE('',#16813,#1707);
#868=LINE('',#16816,#1708);
#869=LINE('',#16818,#1709);
#870=LINE('',#16820,#1710);
#871=LINE('',#16822,#1711);
#872=LINE('',#16825,#1712);
#873=LINE('',#16828,#1713);
#874=LINE('',#16832,#1714);
#875=LINE('',#16835,#1715);
#876=LINE('',#16837,#1716);
#877=LINE('',#16841,#1717);
#878=LINE('',#16845,#1718);
#879=LINE('',#16847,#1719);
#880=LINE('',#16849,#1720);
#881=LINE('',#16853,#1721);
#882=LINE('',#16860,#1722);
#883=LINE('',#16861,#1723);
#884=LINE('',#16863,#1724);
#885=LINE('',#16865,#1725);
#886=LINE('',#16869,#1726);
#887=LINE('',#16871,#1727);
#888=LINE('',#16876,#1728);
#889=LINE('',#16877,#1729);
#890=LINE('',#16879,#1730);
#891=LINE('',#16881,#1731);
#892=LINE('',#16885,#1732);
#893=LINE('',#16887,#1733);
#894=LINE('',#16891,#1734);
#895=LINE('',#16895,#1735);
#896=LINE('',#16897,#1736);
#897=LINE('',#16899,#1737);
#898=LINE('',#16905,#1738);
#899=LINE('',#16907,#1739);
#900=LINE('',#16909,#1740);
#901=LINE('',#16911,#1741);
#902=LINE('',#16913,#1742);
#903=LINE('',#16915,#1743);
#904=LINE('',#16919,#1744);
#905=LINE('',#16923,#1745);
#906=LINE('',#16925,#1746);
#907=LINE('',#16927,#1747);
#908=LINE('',#16929,#1748);
#909=LINE('',#16930,#1749);
#910=LINE('',#16932,#1750);
#911=LINE('',#16934,#1751);
#912=LINE('',#16936,#1752);
#913=LINE('',#16940,#1753);
#914=LINE('',#16944,#1754);
#915=LINE('',#16946,#1755);
#916=LINE('',#16948,#1756);
#917=LINE('',#16950,#1757);
#918=LINE('',#16952,#1758);
#919=LINE('',#16956,#1759);
#920=LINE('',#16961,#1760);
#921=LINE('',#16968,#1761);
#922=LINE('',#16975,#1762);
#923=LINE('',#16977,#1763);
#924=LINE('',#16979,#1764);
#925=LINE('',#16987,#1765);
#926=LINE('',#17010,#1766);
#927=LINE('',#17017,#1767);
#928=LINE('',#17018,#1768);
#929=LINE('',#17020,#1769);
#930=LINE('',#17032,#1770);
#931=LINE('',#17037,#1771);
#932=LINE('',#17039,#1772);
#933=LINE('',#17043,#1773);
#934=LINE('',#17045,#1774);
#935=LINE('',#17049,#1775);
#936=LINE('',#17054,#1776);
#937=LINE('',#17057,#1777);
#938=LINE('',#17061,#1778);
#939=LINE('',#17063,#1779);
#940=LINE('',#17065,#1780);
#941=LINE('',#17069,#1781);
#942=LINE('',#17073,#1782);
#943=LINE('',#17078,#1783);
#944=LINE('',#17082,#1784);
#945=LINE('',#17084,#1785);
#946=LINE('',#17086,#1786);
#947=LINE('',#17090,#1787);
#948=LINE('',#17092,#1788);
#949=LINE('',#17094,#1789);
#950=LINE('',#17096,#1790);
#951=LINE('',#17099,#1791);
#952=LINE('',#17101,#1792);
#953=LINE('',#17103,#1793);
#954=LINE('',#17105,#1794);
#955=LINE('',#17111,#1795);
#956=LINE('',#17114,#1796);
#957=LINE('',#17115,#1797);
#958=LINE('',#17120,#1798);
#959=LINE('',#17122,#1799);
#960=LINE('',#17124,#1800);
#961=LINE('',#17126,#1801);
#962=LINE('',#17128,#1802);
#963=LINE('',#17130,#1803);
#964=LINE('',#17132,#1804);
#965=LINE('',#17135,#1805);
#966=LINE('',#17137,#1806);
#967=LINE('',#17139,#1807);
#968=LINE('',#17156,#1808);
#969=LINE('',#17159,#1809);
#970=LINE('',#17161,#1810);
#971=LINE('',#17163,#1811);
#972=LINE('',#17373,#1812);
#973=LINE('',#17378,#1813);
#974=LINE('',#17380,#1814);
#975=LINE('',#17382,#1815);
#976=LINE('',#17387,#1816);
#977=LINE('',#17389,#1817);
#978=LINE('',#17391,#1818);
#979=LINE('',#17393,#1819);
#980=LINE('',#17394,#1820);
#981=LINE('',#17399,#1821);
#982=LINE('',#17403,#1822);
#983=LINE('',#17407,#1823);
#984=LINE('',#17411,#1824);
#985=LINE('',#17414,#1825);
#986=LINE('',#17417,#1826);
#987=LINE('',#17419,#1827);
#988=LINE('',#17421,#1828);
#989=LINE('',#17425,#1829);
#990=LINE('',#17427,#1830);
#991=LINE('',#17431,#1831);
#992=LINE('',#17433,#1832);
#993=LINE('',#17435,#1833);
#994=LINE('',#17437,#1834);
#995=LINE('',#17442,#1835);
#996=LINE('',#17444,#1836);
#997=LINE('',#17446,#1837);
#998=LINE('',#17448,#1838);
#999=LINE('',#17450,#1839);
#1000=LINE('',#17452,#1840);
#1001=LINE('',#17454,#1841);
#1002=LINE('',#17456,#1842);
#1003=LINE('',#17458,#1843);
#1004=LINE('',#17460,#1844);
#1005=LINE('',#17462,#1845);
#1006=LINE('',#17464,#1846);
#1007=LINE('',#17466,#1847);
#1008=LINE('',#17468,#1848);
#1009=LINE('',#17470,#1849);
#1010=LINE('',#17478,#1850);
#1011=LINE('',#17480,#1851);
#1012=LINE('',#17482,#1852);
#1013=LINE('',#17484,#1853);
#1014=LINE('',#17487,#1854);
#1015=LINE('',#17488,#1855);
#1016=LINE('',#17491,#1856);
#1017=LINE('',#17516,#1857);
#1018=LINE('',#17522,#1858);
#1019=LINE('',#17560,#1859);
#1020=LINE('',#17564,#1860);
#1021=LINE('',#17566,#1861);
#1022=LINE('',#17568,#1862);
#1023=LINE('',#17572,#1863);
#1024=LINE('',#17579,#1864);
#1025=LINE('',#17587,#1865);
#1026=LINE('',#17593,#1866);
#1027=LINE('',#17595,#1867);
#1028=LINE('',#17597,#1868);
#1029=LINE('',#17599,#1869);
#1030=LINE('',#17607,#1870);
#1031=LINE('',#17615,#1871);
#1032=LINE('',#17616,#1872);
#1033=LINE('',#17618,#1873);
#1034=LINE('',#17640,#1874);
#1035=LINE('',#17648,#1875);
#1036=LINE('',#17670,#1876);
#1037=LINE('',#17672,#1877);
#1038=LINE('',#17676,#1878);
#1039=LINE('',#17681,#1879);
#1040=LINE('',#17684,#1880);
#1041=LINE('',#17686,#1881);
#1042=LINE('',#17696,#1882);
#1043=LINE('',#17703,#1883);
#1044=LINE('',#17730,#1884);
#1045=LINE('',#17732,#1885);
#1046=LINE('',#17734,#1886);
#1047=LINE('',#17738,#1887);
#1048=LINE('',#17746,#1888);
#1049=LINE('',#17761,#1889);
#1050=LINE('',#17763,#1890);
#1051=LINE('',#17765,#1891);
#1052=LINE('',#17775,#1892);
#1053=LINE('',#17777,#1893);
#1054=LINE('',#17781,#1894);
#1055=LINE('',#17785,#1895);
#1056=LINE('',#17787,#1896);
#1057=LINE('',#17789,#1897);
#1058=LINE('',#17791,#1898);
#1059=LINE('',#17793,#1899);
#1060=LINE('',#17794,#1900);
#1061=LINE('',#17796,#1901);
#1062=LINE('',#17798,#1902);
#1063=LINE('',#17799,#1903);
#1064=LINE('',#17801,#1904);
#1065=LINE('',#17803,#1905);
#1066=LINE('',#17805,#1906);
#1067=LINE('',#17807,#1907);
#1068=LINE('',#17809,#1908);
#1069=LINE('',#17813,#1909);
#1070=LINE('',#17817,#1910);
#1071=LINE('',#17819,#1911);
#1072=LINE('',#17821,#1912);
#1073=LINE('',#17823,#1913);
#1074=LINE('',#17825,#1914);
#1075=LINE('',#17827,#1915);
#1076=LINE('',#17831,#1916);
#1077=LINE('',#17837,#1917);
#1078=LINE('',#17838,#1918);
#1079=LINE('',#17840,#1919);
#1080=LINE('',#17842,#1920);
#1081=LINE('',#17849,#1921);
#1082=LINE('',#17852,#1922);
#1083=LINE('',#17884,#1923);
#1084=LINE('',#17891,#1924);
#1085=LINE('',#17895,#1925);
#1086=LINE('',#17901,#1926);
#1087=LINE('',#17903,#1927);
#1088=LINE('',#17908,#1928);
#1089=LINE('',#17918,#1929);
#1090=LINE('',#17925,#1930);
#1091=LINE('',#17927,#1931);
#1092=LINE('',#17929,#1932);
#1093=LINE('',#17937,#1933);
#1094=LINE('',#17960,#1934);
#1095=LINE('',#17967,#1935);
#1096=LINE('',#17968,#1936);
#1097=LINE('',#17970,#1937);
#1098=LINE('',#17982,#1938);
#1099=LINE('',#17987,#1939);
#1100=LINE('',#17989,#1940);
#1101=LINE('',#17993,#1941);
#1102=LINE('',#17995,#1942);
#1103=LINE('',#17999,#1943);
#1104=LINE('',#18004,#1944);
#1105=LINE('',#18007,#1945);
#1106=LINE('',#18011,#1946);
#1107=LINE('',#18013,#1947);
#1108=LINE('',#18015,#1948);
#1109=LINE('',#18019,#1949);
#1110=LINE('',#18023,#1950);
#1111=LINE('',#18028,#1951);
#1112=LINE('',#18032,#1952);
#1113=LINE('',#18034,#1953);
#1114=LINE('',#18036,#1954);
#1115=LINE('',#18040,#1955);
#1116=LINE('',#18042,#1956);
#1117=LINE('',#18044,#1957);
#1118=LINE('',#18046,#1958);
#1119=LINE('',#18049,#1959);
#1120=LINE('',#18051,#1960);
#1121=LINE('',#18053,#1961);
#1122=LINE('',#18055,#1962);
#1123=LINE('',#18061,#1963);
#1124=LINE('',#18064,#1964);
#1125=LINE('',#18065,#1965);
#1126=LINE('',#18070,#1966);
#1127=LINE('',#18072,#1967);
#1128=LINE('',#18074,#1968);
#1129=LINE('',#18076,#1969);
#1130=LINE('',#18078,#1970);
#1131=LINE('',#18080,#1971);
#1132=LINE('',#18082,#1972);
#1133=LINE('',#18085,#1973);
#1134=LINE('',#18087,#1974);
#1135=LINE('',#18089,#1975);
#1136=LINE('',#18109,#1976);
#1137=LINE('',#18112,#1977);
#1138=LINE('',#18114,#1978);
#1139=LINE('',#18116,#1979);
#1140=LINE('',#18321,#1980);
#1141=LINE('',#18326,#1981);
#1142=LINE('',#18328,#1982);
#1143=LINE('',#18330,#1983);
#1144=LINE('',#18335,#1984);
#1145=LINE('',#18337,#1985);
#1146=LINE('',#18339,#1986);
#1147=LINE('',#18341,#1987);
#1148=LINE('',#18342,#1988);
#1149=LINE('',#18347,#1989);
#1150=LINE('',#18351,#1990);
#1151=LINE('',#18355,#1991);
#1152=LINE('',#18359,#1992);
#1153=LINE('',#18362,#1993);
#1154=LINE('',#18365,#1994);
#1155=LINE('',#18367,#1995);
#1156=LINE('',#18369,#1996);
#1157=LINE('',#18373,#1997);
#1158=LINE('',#18375,#1998);
#1159=LINE('',#18379,#1999);
#1160=LINE('',#18381,#2000);
#1161=LINE('',#18383,#2001);
#1162=LINE('',#18385,#2002);
#1163=LINE('',#18390,#2003);
#1164=LINE('',#18392,#2004);
#1165=LINE('',#18394,#2005);
#1166=LINE('',#18396,#2006);
#1167=LINE('',#18399,#2007);
#1168=LINE('',#18400,#2008);
#1169=LINE('',#18402,#2009);
#1170=LINE('',#18404,#2010);
#1171=LINE('',#18406,#2011);
#1172=LINE('',#18408,#2012);
#1173=LINE('',#18410,#2013);
#1174=LINE('',#18412,#2014);
#1175=LINE('',#18414,#2015);
#1176=LINE('',#18415,#2016);
#1177=LINE('',#18417,#2017);
#1178=LINE('',#18419,#2018);
#1179=LINE('',#18421,#2019);
#1180=LINE('',#18423,#2020);
#1181=LINE('',#18425,#2021);
#1182=LINE('',#18427,#2022);
#1183=LINE('',#18429,#2023);
#1184=LINE('',#18437,#2024);
#1185=LINE('',#18441,#2025);
#1186=LINE('',#18445,#2026);
#1187=LINE('',#18449,#2027);
#1188=LINE('',#18450,#2028);
#1189=LINE('',#18451,#2029);
#1190=LINE('',#18455,#2030);
#1191=LINE('',#18459,#2031);
#1192=LINE('',#18461,#2032);
#1193=LINE('',#18463,#2033);
#1194=LINE('',#18465,#2034);
#1195=LINE('',#18467,#2035);
#1196=LINE('',#18471,#2036);
#1197=LINE('',#18475,#2037);
#1198=LINE('',#18477,#2038);
#1199=LINE('',#18479,#2039);
#1200=LINE('',#18481,#2040);
#1201=LINE('',#18483,#2041);
#1202=LINE('',#18487,#2042);
#1203=LINE('',#18491,#2043);
#1204=LINE('',#18493,#2044);
#1205=LINE('',#18495,#2045);
#1206=LINE('',#18497,#2046);
#1207=LINE('',#18499,#2047);
#1208=LINE('',#18501,#2048);
#1209=LINE('',#18503,#2049);
#1210=LINE('',#18506,#2050);
#1211=LINE('',#18507,#2051);
#1212=LINE('',#18510,#2052);
#1213=LINE('',#18535,#2053);
#1214=LINE('',#18541,#2054);
#1215=LINE('',#18579,#2055);
#1216=LINE('',#18586,#2056);
#1217=LINE('',#18588,#2057);
#1218=LINE('',#18590,#2058);
#1219=LINE('',#18594,#2059);
#1220=LINE('',#18601,#2060);
#1221=LINE('',#18609,#2061);
#1222=LINE('',#18615,#2062);
#1223=LINE('',#18617,#2063);
#1224=LINE('',#18619,#2064);
#1225=LINE('',#18621,#2065);
#1226=LINE('',#18629,#2066);
#1227=LINE('',#18637,#2067);
#1228=LINE('',#18638,#2068);
#1229=LINE('',#18640,#2069);
#1230=LINE('',#18662,#2070);
#1231=LINE('',#18670,#2071);
#1232=LINE('',#18692,#2072);
#1233=LINE('',#18694,#2073);
#1234=LINE('',#18698,#2074);
#1235=LINE('',#18703,#2075);
#1236=LINE('',#18706,#2076);
#1237=LINE('',#18708,#2077);
#1238=LINE('',#18718,#2078);
#1239=LINE('',#18725,#2079);
#1240=LINE('',#18767,#2080);
#1241=LINE('',#18769,#2081);
#1242=LINE('',#18771,#2082);
#1243=LINE('',#18775,#2083);
#1244=LINE('',#18786,#2084);
#1245=LINE('',#18793,#2085);
#1246=LINE('',#18795,#2086);
#1247=LINE('',#18797,#2087);
#1248=LINE('',#18807,#2088);
#1249=LINE('',#18809,#2089);
#1250=LINE('',#18813,#2090);
#1251=LINE('',#18817,#2091);
#1252=LINE('',#18819,#2092);
#1253=LINE('',#18821,#2093);
#1254=LINE('',#18823,#2094);
#1255=LINE('',#18825,#2095);
#1256=LINE('',#18826,#2096);
#1257=LINE('',#18828,#2097);
#1258=LINE('',#18830,#2098);
#1259=LINE('',#18831,#2099);
#1260=LINE('',#18833,#2100);
#1261=LINE('',#18835,#2101);
#1262=LINE('',#18837,#2102);
#1263=LINE('',#18839,#2103);
#1264=LINE('',#18841,#2104);
#1265=LINE('',#18845,#2105);
#1266=LINE('',#18849,#2106);
#1267=LINE('',#18851,#2107);
#1268=LINE('',#18853,#2108);
#1269=LINE('',#18855,#2109);
#1270=LINE('',#18857,#2110);
#1271=LINE('',#18859,#2111);
#1272=LINE('',#18863,#2112);
#1273=LINE('',#18869,#2113);
#1274=LINE('',#18870,#2114);
#1275=LINE('',#18872,#2115);
#1276=LINE('',#18874,#2116);
#1277=LINE('',#18881,#2117);
#1278=LINE('',#18884,#2118);
#1279=LINE('',#18918,#2119);
#1280=LINE('',#18920,#2120);
#1281=LINE('',#18922,#2121);
#1282=LINE('',#18924,#2122);
#1283=LINE('',#18926,#2123);
#1284=LINE('',#18929,#2124);
#1285=LINE('',#18932,#2125);
#1286=LINE('',#18936,#2126);
#1287=LINE('',#18940,#2127);
#1288=LINE('',#18942,#2128);
#1289=LINE('',#18944,#2129);
#1290=LINE('',#18948,#2130);
#1291=LINE('',#18952,#2131);
#1292=LINE('',#18954,#2132);
#1293=LINE('',#18956,#2133);
#1294=LINE('',#18960,#2134);
#1295=LINE('',#18961,#2135);
#1296=LINE('',#18963,#2136);
#1297=LINE('',#18966,#2137);
#1298=LINE('',#18968,#2138);
#1299=LINE('',#18970,#2139);
#1300=LINE('',#18972,#2140);
#1301=LINE('',#18975,#2141);
#1302=LINE('',#18978,#2142);
#1303=LINE('',#18982,#2143);
#1304=LINE('',#18987,#2144);
#1305=LINE('',#18997,#2145);
#1306=LINE('',#18999,#2146);
#1307=LINE('',#19001,#2147);
#1308=LINE('',#19008,#2148);
#1309=LINE('',#19030,#2149);
#1310=LINE('',#19038,#2150);
#1311=LINE('',#19039,#2151);
#1312=LINE('',#19046,#2152);
#1313=LINE('',#19048,#2153);
#1314=LINE('',#19060,#2154);
#1315=LINE('',#19066,#2155);
#1316=LINE('',#19070,#2156);
#1317=LINE('',#19072,#2157);
#1318=LINE('',#19076,#2158);
#1319=LINE('',#19078,#2159);
#1320=LINE('',#19082,#2160);
#1321=LINE('',#19085,#2161);
#1322=LINE('',#19089,#2162);
#1323=LINE('',#19093,#2163);
#1324=LINE('',#19095,#2164);
#1325=LINE('',#19097,#2165);
#1326=LINE('',#19101,#2166);
#1327=LINE('',#19106,#2167);
#1328=LINE('',#19108,#2168);
#1329=LINE('',#19110,#2169);
#1330=LINE('',#19114,#2170);
#1331=LINE('',#19116,#2171);
#1332=LINE('',#19118,#2172);
#1333=LINE('',#19122,#2173);
#1334=LINE('',#19124,#2174);
#1335=LINE('',#19127,#2175);
#1336=LINE('',#19129,#2176);
#1337=LINE('',#19131,#2177);
#1338=LINE('',#19133,#2178);
#1339=LINE('',#19139,#2179);
#1340=LINE('',#19142,#2180);
#1341=LINE('',#19143,#2181);
#1342=LINE('',#19148,#2182);
#1343=LINE('',#19150,#2183);
#1344=LINE('',#19152,#2184);
#1345=LINE('',#19154,#2185);
#1346=LINE('',#19156,#2186);
#1347=LINE('',#19158,#2187);
#1348=LINE('',#19160,#2188);
#1349=LINE('',#19165,#2189);
#1350=LINE('',#19167,#2190);
#1351=LINE('',#19169,#2191);
#1352=LINE('',#19184,#2192);
#1353=LINE('',#19192,#2193);
#1354=LINE('',#19194,#2194);
#1355=LINE('',#19196,#2195);
#1356=LINE('',#19407,#2196);
#1357=LINE('',#19410,#2197);
#1358=LINE('',#19412,#2198);
#1359=LINE('',#19414,#2199);
#1360=LINE('',#19421,#2200);
#1361=LINE('',#19423,#2201);
#1362=LINE('',#19425,#2202);
#1363=LINE('',#19427,#2203);
#1364=LINE('',#19428,#2204);
#1365=LINE('',#19433,#2205);
#1366=LINE('',#19437,#2206);
#1367=LINE('',#19441,#2207);
#1368=LINE('',#19445,#2208);
#1369=LINE('',#19448,#2209);
#1370=LINE('',#19451,#2210);
#1371=LINE('',#19453,#2211);
#1372=LINE('',#19457,#2212);
#1373=LINE('',#19459,#2213);
#1374=LINE('',#19461,#2214);
#1375=LINE('',#19465,#2215);
#1376=LINE('',#19467,#2216);
#1377=LINE('',#19469,#2217);
#1378=LINE('',#19471,#2218);
#1379=LINE('',#19476,#2219);
#1380=LINE('',#19478,#2220);
#1381=LINE('',#19480,#2221);
#1382=LINE('',#19482,#2222);
#1383=LINE('',#19484,#2223);
#1384=LINE('',#19486,#2224);
#1385=LINE('',#19488,#2225);
#1386=LINE('',#19490,#2226);
#1387=LINE('',#19492,#2227);
#1388=LINE('',#19494,#2228);
#1389=LINE('',#19496,#2229);
#1390=LINE('',#19498,#2230);
#1391=LINE('',#19500,#2231);
#1392=LINE('',#19502,#2232);
#1393=LINE('',#19504,#2233);
#1394=LINE('',#19513,#2234);
#1395=LINE('',#19515,#2235);
#1396=LINE('',#19517,#2236);
#1397=LINE('',#19519,#2237);
#1398=LINE('',#19522,#2238);
#1399=LINE('',#19523,#2239);
#1400=LINE('',#19526,#2240);
#1401=LINE('',#19550,#2241);
#1402=LINE('',#19558,#2242);
#1403=LINE('',#19594,#2243);
#1404=LINE('',#19596,#2244);
#1405=LINE('',#19598,#2245);
#1406=LINE('',#19600,#2246);
#1407=LINE('',#19609,#2247);
#1408=LINE('',#19615,#2248);
#1409=LINE('',#19624,#2249);
#1410=LINE('',#19630,#2250);
#1411=LINE('',#19632,#2251);
#1412=LINE('',#19634,#2252);
#1413=LINE('',#19636,#2253);
#1414=LINE('',#19644,#2254);
#1415=LINE('',#19652,#2255);
#1416=LINE('',#19653,#2256);
#1417=LINE('',#19657,#2257);
#1418=LINE('',#19679,#2258);
#1419=LINE('',#19687,#2259);
#1420=LINE('',#19707,#2260);
#1421=LINE('',#19709,#2261);
#1422=LINE('',#19711,#2262);
#1423=LINE('',#19718,#2263);
#1424=LINE('',#19721,#2264);
#1425=LINE('',#19725,#2265);
#1426=LINE('',#19733,#2266);
#1427=LINE('',#19740,#2267);
#1428=LINE('',#19767,#2268);
#1429=LINE('',#19769,#2269);
#1430=LINE('',#19771,#2270);
#1431=LINE('',#19775,#2271);
#1432=LINE('',#19786,#2272);
#1433=LINE('',#19793,#2273);
#1434=LINE('',#19795,#2274);
#1435=LINE('',#19797,#2275);
#1436=LINE('',#19809,#2276);
#1437=LINE('',#19811,#2277);
#1438=LINE('',#19813,#2278);
#1439=LINE('',#19815,#2279);
#1440=LINE('',#19819,#2280);
#1441=LINE('',#19821,#2281);
#1442=LINE('',#19822,#2282);
#1443=LINE('',#19824,#2283);
#1444=LINE('',#19826,#2284);
#1445=LINE('',#19828,#2285);
#1446=LINE('',#19830,#2286);
#1447=LINE('',#19831,#2287);
#1448=LINE('',#19833,#2288);
#1449=LINE('',#19837,#2289);
#1450=LINE('',#19839,#2290);
#1451=LINE('',#19841,#2291);
#1452=LINE('',#19843,#2292);
#1453=LINE('',#19844,#2293);
#1454=LINE('',#19848,#2294);
#1455=LINE('',#19850,#2295);
#1456=LINE('',#19852,#2296);
#1457=LINE('',#19855,#2297);
#1458=LINE('',#19857,#2298);
#1459=LINE('',#19859,#2299);
#1460=LINE('',#19861,#2300);
#1461=LINE('',#19869,#2301);
#1462=LINE('',#19870,#2302);
#1463=LINE('',#19872,#2303);
#1464=LINE('',#19876,#2304);
#1465=LINE('',#19881,#2305);
#1466=LINE('',#19884,#2306);
#1467=VECTOR('',#12317,1.);
#1468=VECTOR('',#12320,1.);
#1469=VECTOR('',#12325,1.);
#1470=VECTOR('',#12328,1.);
#1471=VECTOR('',#12331,1.);
#1472=VECTOR('',#12334,1.);
#1473=VECTOR('',#12341,1.);
#1474=VECTOR('',#12342,1.);
#1475=VECTOR('',#12343,1.);
#1476=VECTOR('',#12344,1.);
#1477=VECTOR('',#12347,1.);
#1478=VECTOR('',#12350,1.);
#1479=VECTOR('',#12351,1.);
#1480=VECTOR('',#12352,1.);
#1481=VECTOR('',#12355,1.);
#1482=VECTOR('',#12358,1.);
#1483=VECTOR('',#12363,1.);
#1484=VECTOR('',#12366,1.);
#1485=VECTOR('',#12367,1.);
#1486=VECTOR('',#12370,1.);
#1487=VECTOR('',#12371,1.);
#1488=VECTOR('',#12376,1.);
#1489=VECTOR('',#12377,1.);
#1490=VECTOR('',#12380,1.);
#1491=VECTOR('',#12383,1.);
#1492=VECTOR('',#12384,1.);
#1493=VECTOR('',#12385,1.);
#1494=VECTOR('',#12388,1.);
#1495=VECTOR('',#12393,1.);
#1496=VECTOR('',#12394,1.);
#1497=VECTOR('',#12395,1.);
#1498=VECTOR('',#12398,1.);
#1499=VECTOR('',#12399,1.);
#1500=VECTOR('',#12400,1.);
#1501=VECTOR('',#12403,1.);
#1502=VECTOR('',#12406,1.);
#1503=VECTOR('',#12407,1.);
#1504=VECTOR('',#12408,1.);
#1505=VECTOR('',#12409,1.);
#1506=VECTOR('',#12412,1.);
#1507=VECTOR('',#12419,1.);
#1508=VECTOR('',#12420,1.);
#1509=VECTOR('',#12421,1.);
#1510=VECTOR('',#12430,1.);
#1511=VECTOR('',#12431,1.);
#1512=VECTOR('',#12432,1.);
#1513=VECTOR('',#12435,1.);
#1514=VECTOR('',#12436,1.);
#1515=VECTOR('',#12437,1.);
#1516=VECTOR('',#12440,1.);
#1517=VECTOR('',#12441,1.);
#1518=VECTOR('',#12442,1.);
#1519=VECTOR('',#12443,1.);
#1520=VECTOR('',#12450,1.);
#1521=VECTOR('',#12451,1.);
#1522=VECTOR('',#12452,1.);
#1523=VECTOR('',#12453,1.);
#1524=VECTOR('',#12592,1.);
#1525=VECTOR('',#12593,1.);
#1526=VECTOR('',#12594,1.);
#1527=VECTOR('',#12595,1.);
#1528=VECTOR('',#12602,1.);
#1529=VECTOR('',#12603,1.);
#1530=VECTOR('',#12604,1.);
#1531=VECTOR('',#12605,1.);
#1532=VECTOR('',#12606,1.);
#1533=VECTOR('',#12609,1.);
#1534=VECTOR('',#12612,1.);
#1535=VECTOR('',#12615,1.);
#1536=VECTOR('',#12618,1.);
#1537=VECTOR('',#12621,1.);
#1538=VECTOR('',#12622,1.);
#1539=VECTOR('',#12623,1.);
#1540=VECTOR('',#12626,1.);
#1541=VECTOR('',#12627,1.);
#1542=VECTOR('',#12628,1.);
#1543=VECTOR('',#12631,1.);
#1544=VECTOR('',#12632,1.);
#1545=VECTOR('',#12633,1.);
#1546=VECTOR('',#12634,1.);
#1547=VECTOR('',#12639,1.);
#1548=VECTOR('',#12640,1.);
#1549=VECTOR('',#12641,1.);
#1550=VECTOR('',#12644,1.);
#1551=VECTOR('',#12645,1.);
#1552=VECTOR('',#12646,1.);
#1553=VECTOR('',#12647,1.);
#1554=VECTOR('',#12648,1.);
#1555=VECTOR('',#12649,1.);
#1556=VECTOR('',#12650,1.);
#1557=VECTOR('',#12651,1.);
#1558=VECTOR('',#12652,1.);
#1559=VECTOR('',#12655,1.);
#1560=VECTOR('',#12656,1.);
#1561=VECTOR('',#12657,1.);
#1562=VECTOR('',#12658,1.);
#1563=VECTOR('',#12659,1.);
#1564=VECTOR('',#12660,1.);
#1565=VECTOR('',#12661,1.);
#1566=VECTOR('',#12662,1.);
#1567=VECTOR('',#12663,1.);
#1568=VECTOR('',#12666,1.);
#1569=VECTOR('',#12669,1.);
#1570=VECTOR('',#12674,1.);
#1571=VECTOR('',#12677,1.);
#1572=VECTOR('',#12682,1.);
#1573=VECTOR('',#12685,1.);
#1574=VECTOR('',#12688,1.);
#1575=VECTOR('',#12689,1.);
#1576=VECTOR('',#12690,1.);
#1577=VECTOR('',#12691,1.);
#1578=VECTOR('',#12692,1.);
#1579=VECTOR('',#12695,1.);
#1580=VECTOR('',#12698,1.);
#1581=VECTOR('',#12699,1.);
#1582=VECTOR('',#12700,1.);
#1583=VECTOR('',#12701,1.);
#1584=VECTOR('',#12702,1.);
#1585=VECTOR('',#12705,1.);
#1586=VECTOR('',#12708,1.);
#1587=VECTOR('',#12709,1.);
#1588=VECTOR('',#12710,1.);
#1589=VECTOR('',#12711,1.);
#1590=VECTOR('',#12714,1.);
#1591=VECTOR('',#12717,1.);
#1592=VECTOR('',#12718,1.);
#1593=VECTOR('',#12721,1.);
#1594=VECTOR('',#12722,1.);
#1595=VECTOR('',#12725,1.);
#1596=VECTOR('',#12728,1.);
#1597=VECTOR('',#12729,1.);
#1598=VECTOR('',#12730,1.);
#1599=VECTOR('',#12731,1.);
#1600=VECTOR('',#12732,1.);
#1601=VECTOR('',#12735,1.);
#1602=VECTOR('',#12738,1.);
#1603=VECTOR('',#12739,1.);
#1604=VECTOR('',#12740,1.);
#1605=VECTOR('',#12741,1.);
#1606=VECTOR('',#12742,1.);
#1607=VECTOR('',#12745,1.);
#1608=VECTOR('',#12748,1.);
#1609=VECTOR('',#12749,1.);
#1610=VECTOR('',#12750,1.);
#1611=VECTOR('',#12751,1.);
#1612=VECTOR('',#12754,1.);
#1613=VECTOR('',#12757,1.);
#1614=VECTOR('',#12762,1.);
#1615=VECTOR('',#12763,1.);
#1616=VECTOR('',#12764,1.);
#1617=VECTOR('',#12765,1.);
#1618=VECTOR('',#12770,1.);
#1619=VECTOR('',#12771,1.);
#1620=VECTOR('',#12776,1.);
#1621=VECTOR('',#12787,1.);
#1622=VECTOR('',#12798,1.);
#1623=VECTOR('',#12807,1.);
#1624=VECTOR('',#12808,1.);
#1625=VECTOR('',#12809,1.);
#1626=VECTOR('',#12810,1.);
#1627=VECTOR('',#12815,1.);
#1628=VECTOR('',#12822,1.);
#1629=VECTOR('',#12835,1.);
#1630=VECTOR('',#12844,1.);
#1631=VECTOR('',#12845,1.);
#1632=VECTOR('',#12846,1.);
#1633=VECTOR('',#12847,1.);
#1634=VECTOR('',#12860,1.);
#1635=VECTOR('',#12871,1.);
#1636=VECTOR('',#12872,1.);
#1637=VECTOR('',#12877,1.);
#1638=VECTOR('',#12886,1.);
#1639=VECTOR('',#12897,1.);
#1640=VECTOR('',#12904,1.);
#1641=VECTOR('',#12907,1.);
#1642=VECTOR('',#12908,1.);
#1643=VECTOR('',#12919,1.);
#1644=VECTOR('',#12924,1.);
#1645=VECTOR('',#12929,1.);
#1646=VECTOR('',#12944,1.);
#1647=VECTOR('',#12945,1.);
#1648=VECTOR('',#12952,1.);
#1649=VECTOR('',#12955,1.);
#1650=VECTOR('',#12958,1.);
#1651=VECTOR('',#12963,1.);
#1652=VECTOR('',#12972,1.);
#1653=VECTOR('',#12977,1.);
#1654=VECTOR('',#12980,1.);
#1655=VECTOR('',#12983,1.);
#1656=VECTOR('',#13004,1.);
#1657=VECTOR('',#13005,1.);
#1658=VECTOR('',#13008,1.);
#1659=VECTOR('',#13009,1.);
#1660=VECTOR('',#13012,1.);
#1661=VECTOR('',#13015,1.);
#1662=VECTOR('',#13016,1.);
#1663=VECTOR('',#13017,1.);
#1664=VECTOR('',#13018,1.);
#1665=VECTOR('',#13021,1.);
#1666=VECTOR('',#13022,1.);
#1667=VECTOR('',#13023,1.);
#1668=VECTOR('',#13026,1.);
#1669=VECTOR('',#13027,1.);
#1670=VECTOR('',#13030,1.);
#1671=VECTOR('',#13033,1.);
#1672=VECTOR('',#13034,1.);
#1673=VECTOR('',#13037,1.);
#1674=VECTOR('',#13040,1.);
#1675=VECTOR('',#13043,1.);
#1676=VECTOR('',#13046,1.);
#1677=VECTOR('',#13049,1.);
#1678=VECTOR('',#13050,1.);
#1679=VECTOR('',#13051,1.);
#1680=VECTOR('',#13054,1.);
#1681=VECTOR('',#13065,1.);
#1682=VECTOR('',#13066,1.);
#1683=VECTOR('',#13069,1.);
#1684=VECTOR('',#13072,1.);
#1685=VECTOR('',#13081,1.);
#1686=VECTOR('',#13086,1.);
#1687=VECTOR('',#13153,1.);
#1688=VECTOR('',#13156,1.);
#1689=VECTOR('',#13159,1.);
#1690=VECTOR('',#13160,1.);
#1691=VECTOR('',#13161,1.);
#1692=VECTOR('',#13164,1.);
#1693=VECTOR('',#13167,1.);
#1694=VECTOR('',#13170,1.);
#1695=VECTOR('',#13173,1.);
#1696=VECTOR('',#13176,1.);
#1697=VECTOR('',#13177,1.);
#1698=VECTOR('',#13178,1.);
#1699=VECTOR('',#13181,1.);
#1700=VECTOR('',#13184,1.);
#1701=VECTOR('',#13187,1.);
#1702=VECTOR('',#13190,1.);
#1703=VECTOR('',#13193,1.);
#1704=VECTOR('',#13196,1.);
#1705=VECTOR('',#13201,1.);
#1706=VECTOR('',#13202,1.);
#1707=VECTOR('',#13205,1.);
#1708=VECTOR('',#13208,1.);
#1709=VECTOR('',#13211,1.);
#1710=VECTOR('',#13214,1.);
#1711=VECTOR('',#13217,1.);
#1712=VECTOR('',#13222,1.);
#1713=VECTOR('',#13227,1.);
#1714=VECTOR('',#13232,1.);
#1715=VECTOR('',#13233,1.);
#1716=VECTOR('',#13234,1.);
#1717=VECTOR('',#13237,1.);
#1718=VECTOR('',#13240,1.);
#1719=VECTOR('',#13241,1.);
#1720=VECTOR('',#13242,1.);
#1721=VECTOR('',#13245,1.);
#1722=VECTOR('',#13252,1.);
#1723=VECTOR('',#13253,1.);
#1724=VECTOR('',#13254,1.);
#1725=VECTOR('',#13257,1.);
#1726=VECTOR('',#13260,1.);
#1727=VECTOR('',#13261,1.);
#1728=VECTOR('',#13266,1.);
#1729=VECTOR('',#13267,1.);
#1730=VECTOR('',#13268,1.);
#1731=VECTOR('',#13271,1.);
#1732=VECTOR('',#13274,1.);
#1733=VECTOR('',#13275,1.);
#1734=VECTOR('',#13280,1.);
#1735=VECTOR('',#13285,1.);
#1736=VECTOR('',#13288,1.);
#1737=VECTOR('',#13289,1.);
#1738=VECTOR('',#13298,1.);
#1739=VECTOR('',#13301,1.);
#1740=VECTOR('',#13304,1.);
#1741=VECTOR('',#13305,1.);
#1742=VECTOR('',#13306,1.);
#1743=VECTOR('',#13307,1.);
#1744=VECTOR('',#13310,1.);
#1745=VECTOR('',#13313,1.);
#1746=VECTOR('',#13314,1.);
#1747=VECTOR('',#13315,1.);
#1748=VECTOR('',#13316,1.);
#1749=VECTOR('',#13317,1.);
#1750=VECTOR('',#13318,1.);
#1751=VECTOR('',#13319,1.);
#1752=VECTOR('',#13320,1.);
#1753=VECTOR('',#13323,1.);
#1754=VECTOR('',#13326,1.);
#1755=VECTOR('',#13327,1.);
#1756=VECTOR('',#13328,1.);
#1757=VECTOR('',#13329,1.);
#1758=VECTOR('',#13332,1.);
#1759=VECTOR('',#13337,1.);
#1760=VECTOR('',#13340,1.);
#1761=VECTOR('',#13347,1.);
#1762=VECTOR('',#13348,1.);
#1763=VECTOR('',#13349,1.);
#1764=VECTOR('',#13350,1.);
#1765=VECTOR('',#13353,1.);
#1766=VECTOR('',#13356,1.);
#1767=VECTOR('',#13357,1.);
#1768=VECTOR('',#13358,1.);
#1769=VECTOR('',#13361,1.);
#1770=VECTOR('',#13364,1.);
#1771=VECTOR('',#13367,1.);
#1772=VECTOR('',#13368,1.);
#1773=VECTOR('',#13371,1.);
#1774=VECTOR('',#13372,1.);
#1775=VECTOR('',#13375,1.);
#1776=VECTOR('',#13382,1.);
#1777=VECTOR('',#13383,1.);
#1778=VECTOR('',#13386,1.);
#1779=VECTOR('',#13387,1.);
#1780=VECTOR('',#13388,1.);
#1781=VECTOR('',#13391,1.);
#1782=VECTOR('',#13394,1.);
#1783=VECTOR('',#13399,1.);
#1784=VECTOR('',#13402,1.);
#1785=VECTOR('',#13403,1.);
#1786=VECTOR('',#13404,1.);
#1787=VECTOR('',#13407,1.);
#1788=VECTOR('',#13408,1.);
#1789=VECTOR('',#13409,1.);
#1790=VECTOR('',#13412,1.);
#1791=VECTOR('',#13413,1.);
#1792=VECTOR('',#13414,1.);
#1793=VECTOR('',#13415,1.);
#1794=VECTOR('',#13418,1.);
#1795=VECTOR('',#13425,1.);
#1796=VECTOR('',#13426,1.);
#1797=VECTOR('',#13427,1.);
#1798=VECTOR('',#13436,1.);
#1799=VECTOR('',#13437,1.);
#1800=VECTOR('',#13438,1.);
#1801=VECTOR('',#13441,1.);
#1802=VECTOR('',#13442,1.);
#1803=VECTOR('',#13443,1.);
#1804=VECTOR('',#13446,1.);
#1805=VECTOR('',#13447,1.);
#1806=VECTOR('',#13448,1.);
#1807=VECTOR('',#13449,1.);
#1808=VECTOR('',#13458,1.);
#1809=VECTOR('',#13459,1.);
#1810=VECTOR('',#13460,1.);
#1811=VECTOR('',#13461,1.);
#1812=VECTOR('',#13600,1.);
#1813=VECTOR('',#13603,1.);
#1814=VECTOR('',#13604,1.);
#1815=VECTOR('',#13605,1.);
#1816=VECTOR('',#13610,1.);
#1817=VECTOR('',#13611,1.);
#1818=VECTOR('',#13612,1.);
#1819=VECTOR('',#13613,1.);
#1820=VECTOR('',#13614,1.);
#1821=VECTOR('',#13617,1.);
#1822=VECTOR('',#13620,1.);
#1823=VECTOR('',#13623,1.);
#1824=VECTOR('',#13626,1.);
#1825=VECTOR('',#13629,1.);
#1826=VECTOR('',#13630,1.);
#1827=VECTOR('',#13631,1.);
#1828=VECTOR('',#13632,1.);
#1829=VECTOR('',#13635,1.);
#1830=VECTOR('',#13636,1.);
#1831=VECTOR('',#13639,1.);
#1832=VECTOR('',#13640,1.);
#1833=VECTOR('',#13641,1.);
#1834=VECTOR('',#13642,1.);
#1835=VECTOR('',#13647,1.);
#1836=VECTOR('',#13648,1.);
#1837=VECTOR('',#13649,1.);
#1838=VECTOR('',#13652,1.);
#1839=VECTOR('',#13653,1.);
#1840=VECTOR('',#13654,1.);
#1841=VECTOR('',#13655,1.);
#1842=VECTOR('',#13656,1.);
#1843=VECTOR('',#13657,1.);
#1844=VECTOR('',#13660,1.);
#1845=VECTOR('',#13661,1.);
#1846=VECTOR('',#13662,1.);
#1847=VECTOR('',#13663,1.);
#1848=VECTOR('',#13664,1.);
#1849=VECTOR('',#13665,1.);
#1850=VECTOR('',#13680,1.);
#1851=VECTOR('',#13681,1.);
#1852=VECTOR('',#13682,1.);
#1853=VECTOR('',#13683,1.);
#1854=VECTOR('',#13688,1.);
#1855=VECTOR('',#13689,1.);
#1856=VECTOR('',#13694,1.);
#1857=VECTOR('',#13707,1.);
#1858=VECTOR('',#13716,1.);
#1859=VECTOR('',#13727,1.);
#1860=VECTOR('',#13730,1.);
#1861=VECTOR('',#13731,1.);
#1862=VECTOR('',#13732,1.);
#1863=VECTOR('',#13737,1.);
#1864=VECTOR('',#13746,1.);
#1865=VECTOR('',#13757,1.);
#1866=VECTOR('',#13766,1.);
#1867=VECTOR('',#13767,1.);
#1868=VECTOR('',#13768,1.);
#1869=VECTOR('',#13769,1.);
#1870=VECTOR('',#13782,1.);
#1871=VECTOR('',#13793,1.);
#1872=VECTOR('',#13794,1.);
#1873=VECTOR('',#13797,1.);
#1874=VECTOR('',#13806,1.);
#1875=VECTOR('',#13817,1.);
#1876=VECTOR('',#13826,1.);
#1877=VECTOR('',#13829,1.);
#1878=VECTOR('',#13832,1.);
#1879=VECTOR('',#13841,1.);
#1880=VECTOR('',#13846,1.);
#1881=VECTOR('',#13849,1.);
#1882=VECTOR('',#13866,1.);
#1883=VECTOR('',#13867,1.);
#1884=VECTOR('',#13874,1.);
#1885=VECTOR('',#13877,1.);
#1886=VECTOR('',#13880,1.);
#1887=VECTOR('',#13885,1.);
#1888=VECTOR('',#13896,1.);
#1889=VECTOR('',#13901,1.);
#1890=VECTOR('',#13904,1.);
#1891=VECTOR('',#13907,1.);
#1892=VECTOR('',#13926,1.);
#1893=VECTOR('',#13927,1.);
#1894=VECTOR('',#13932,1.);
#1895=VECTOR('',#13935,1.);
#1896=VECTOR('',#13936,1.);
#1897=VECTOR('',#13939,1.);
#1898=VECTOR('',#13940,1.);
#1899=VECTOR('',#13941,1.);
#1900=VECTOR('',#13942,1.);
#1901=VECTOR('',#13945,1.);
#1902=VECTOR('',#13946,1.);
#1903=VECTOR('',#13947,1.);
#1904=VECTOR('',#13950,1.);
#1905=VECTOR('',#13951,1.);
#1906=VECTOR('',#13954,1.);
#1907=VECTOR('',#13955,1.);
#1908=VECTOR('',#13956,1.);
#1909=VECTOR('',#13961,1.);
#1910=VECTOR('',#13964,1.);
#1911=VECTOR('',#13967,1.);
#1912=VECTOR('',#13970,1.);
#1913=VECTOR('',#13973,1.);
#1914=VECTOR('',#13974,1.);
#1915=VECTOR('',#13975,1.);
#1916=VECTOR('',#13980,1.);
#1917=VECTOR('',#13989,1.);
#1918=VECTOR('',#13990,1.);
#1919=VECTOR('',#13993,1.);
#1920=VECTOR('',#13994,1.);
#1921=VECTOR('',#14005,1.);
#1922=VECTOR('',#14010,1.);
#1923=VECTOR('',#14073,1.);
#1924=VECTOR('',#14080,1.);
#1925=VECTOR('',#14083,1.);
#1926=VECTOR('',#14090,1.);
#1927=VECTOR('',#14093,1.);
#1928=VECTOR('',#14096,1.);
#1929=VECTOR('',#14101,1.);
#1930=VECTOR('',#14102,1.);
#1931=VECTOR('',#14103,1.);
#1932=VECTOR('',#14104,1.);
#1933=VECTOR('',#14107,1.);
#1934=VECTOR('',#14110,1.);
#1935=VECTOR('',#14111,1.);
#1936=VECTOR('',#14112,1.);
#1937=VECTOR('',#14115,1.);
#1938=VECTOR('',#14118,1.);
#1939=VECTOR('',#14121,1.);
#1940=VECTOR('',#14122,1.);
#1941=VECTOR('',#14125,1.);
#1942=VECTOR('',#14126,1.);
#1943=VECTOR('',#14129,1.);
#1944=VECTOR('',#14136,1.);
#1945=VECTOR('',#14137,1.);
#1946=VECTOR('',#14140,1.);
#1947=VECTOR('',#14141,1.);
#1948=VECTOR('',#14142,1.);
#1949=VECTOR('',#14145,1.);
#1950=VECTOR('',#14148,1.);
#1951=VECTOR('',#14153,1.);
#1952=VECTOR('',#14156,1.);
#1953=VECTOR('',#14157,1.);
#1954=VECTOR('',#14158,1.);
#1955=VECTOR('',#14161,1.);
#1956=VECTOR('',#14162,1.);
#1957=VECTOR('',#14163,1.);
#1958=VECTOR('',#14166,1.);
#1959=VECTOR('',#14167,1.);
#1960=VECTOR('',#14168,1.);
#1961=VECTOR('',#14169,1.);
#1962=VECTOR('',#14172,1.);
#1963=VECTOR('',#14179,1.);
#1964=VECTOR('',#14180,1.);
#1965=VECTOR('',#14181,1.);
#1966=VECTOR('',#14190,1.);
#1967=VECTOR('',#14191,1.);
#1968=VECTOR('',#14192,1.);
#1969=VECTOR('',#14195,1.);
#1970=VECTOR('',#14196,1.);
#1971=VECTOR('',#14197,1.);
#1972=VECTOR('',#14200,1.);
#1973=VECTOR('',#14201,1.);
#1974=VECTOR('',#14202,1.);
#1975=VECTOR('',#14203,1.);
#1976=VECTOR('',#14210,1.);
#1977=VECTOR('',#14211,1.);
#1978=VECTOR('',#14212,1.);
#1979=VECTOR('',#14213,1.);
#1980=VECTOR('',#14350,1.);
#1981=VECTOR('',#14353,1.);
#1982=VECTOR('',#14354,1.);
#1983=VECTOR('',#14355,1.);
#1984=VECTOR('',#14360,1.);
#1985=VECTOR('',#14361,1.);
#1986=VECTOR('',#14362,1.);
#1987=VECTOR('',#14363,1.);
#1988=VECTOR('',#14364,1.);
#1989=VECTOR('',#14367,1.);
#1990=VECTOR('',#14370,1.);
#1991=VECTOR('',#14373,1.);
#1992=VECTOR('',#14376,1.);
#1993=VECTOR('',#14379,1.);
#1994=VECTOR('',#14380,1.);
#1995=VECTOR('',#14381,1.);
#1996=VECTOR('',#14382,1.);
#1997=VECTOR('',#14385,1.);
#1998=VECTOR('',#14386,1.);
#1999=VECTOR('',#14389,1.);
#2000=VECTOR('',#14390,1.);
#2001=VECTOR('',#14391,1.);
#2002=VECTOR('',#14392,1.);
#2003=VECTOR('',#14397,1.);
#2004=VECTOR('',#14398,1.);
#2005=VECTOR('',#14399,1.);
#2006=VECTOR('',#14402,1.);
#2007=VECTOR('',#14403,1.);
#2008=VECTOR('',#14404,1.);
#2009=VECTOR('',#14405,1.);
#2010=VECTOR('',#14406,1.);
#2011=VECTOR('',#14407,1.);
#2012=VECTOR('',#14408,1.);
#2013=VECTOR('',#14409,1.);
#2014=VECTOR('',#14410,1.);
#2015=VECTOR('',#14413,1.);
#2016=VECTOR('',#14414,1.);
#2017=VECTOR('',#14415,1.);
#2018=VECTOR('',#14416,1.);
#2019=VECTOR('',#14417,1.);
#2020=VECTOR('',#14418,1.);
#2021=VECTOR('',#14419,1.);
#2022=VECTOR('',#14420,1.);
#2023=VECTOR('',#14423,1.);
#2024=VECTOR('',#14432,1.);
#2025=VECTOR('',#14437,1.);
#2026=VECTOR('',#14440,1.);
#2027=VECTOR('',#14443,1.);
#2028=VECTOR('',#14444,1.);
#2029=VECTOR('',#14445,1.);
#2030=VECTOR('',#14448,1.);
#2031=VECTOR('',#14451,1.);
#2032=VECTOR('',#14452,1.);
#2033=VECTOR('',#14453,1.);
#2034=VECTOR('',#14454,1.);
#2035=VECTOR('',#14455,1.);
#2036=VECTOR('',#14458,1.);
#2037=VECTOR('',#14461,1.);
#2038=VECTOR('',#14462,1.);
#2039=VECTOR('',#14463,1.);
#2040=VECTOR('',#14464,1.);
#2041=VECTOR('',#14465,1.);
#2042=VECTOR('',#14468,1.);
#2043=VECTOR('',#14471,1.);
#2044=VECTOR('',#14472,1.);
#2045=VECTOR('',#14473,1.);
#2046=VECTOR('',#14476,1.);
#2047=VECTOR('',#14477,1.);
#2048=VECTOR('',#14478,1.);
#2049=VECTOR('',#14479,1.);
#2050=VECTOR('',#14484,1.);
#2051=VECTOR('',#14485,1.);
#2052=VECTOR('',#14490,1.);
#2053=VECTOR('',#14503,1.);
#2054=VECTOR('',#14512,1.);
#2055=VECTOR('',#14523,1.);
#2056=VECTOR('',#14524,1.);
#2057=VECTOR('',#14525,1.);
#2058=VECTOR('',#14526,1.);
#2059=VECTOR('',#14531,1.);
#2060=VECTOR('',#14540,1.);
#2061=VECTOR('',#14551,1.);
#2062=VECTOR('',#14560,1.);
#2063=VECTOR('',#14561,1.);
#2064=VECTOR('',#14562,1.);
#2065=VECTOR('',#14563,1.);
#2066=VECTOR('',#14576,1.);
#2067=VECTOR('',#14587,1.);
#2068=VECTOR('',#14588,1.);
#2069=VECTOR('',#14591,1.);
#2070=VECTOR('',#14600,1.);
#2071=VECTOR('',#14611,1.);
#2072=VECTOR('',#14620,1.);
#2073=VECTOR('',#14623,1.);
#2074=VECTOR('',#14626,1.);
#2075=VECTOR('',#14635,1.);
#2076=VECTOR('',#14640,1.);
#2077=VECTOR('',#14643,1.);
#2078=VECTOR('',#14660,1.);
#2079=VECTOR('',#14661,1.);
#2080=VECTOR('',#14666,1.);
#2081=VECTOR('',#14669,1.);
#2082=VECTOR('',#14672,1.);
#2083=VECTOR('',#14677,1.);
#2084=VECTOR('',#14686,1.);
#2085=VECTOR('',#14691,1.);
#2086=VECTOR('',#14694,1.);
#2087=VECTOR('',#14697,1.);
#2088=VECTOR('',#14716,1.);
#2089=VECTOR('',#14717,1.);
#2090=VECTOR('',#14722,1.);
#2091=VECTOR('',#14725,1.);
#2092=VECTOR('',#14726,1.);
#2093=VECTOR('',#14729,1.);
#2094=VECTOR('',#14730,1.);
#2095=VECTOR('',#14731,1.);
#2096=VECTOR('',#14732,1.);
#2097=VECTOR('',#14735,1.);
#2098=VECTOR('',#14736,1.);
#2099=VECTOR('',#14737,1.);
#2100=VECTOR('',#14740,1.);
#2101=VECTOR('',#14741,1.);
#2102=VECTOR('',#14744,1.);
#2103=VECTOR('',#14745,1.);
#2104=VECTOR('',#14746,1.);
#2105=VECTOR('',#14751,1.);
#2106=VECTOR('',#14754,1.);
#2107=VECTOR('',#14757,1.);
#2108=VECTOR('',#14760,1.);
#2109=VECTOR('',#14763,1.);
#2110=VECTOR('',#14764,1.);
#2111=VECTOR('',#14765,1.);
#2112=VECTOR('',#14770,1.);
#2113=VECTOR('',#14779,1.);
#2114=VECTOR('',#14780,1.);
#2115=VECTOR('',#14783,1.);
#2116=VECTOR('',#14784,1.);
#2117=VECTOR('',#14795,1.);
#2118=VECTOR('',#14800,1.);
#2119=VECTOR('',#14867,1.);
#2120=VECTOR('',#14870,1.);
#2121=VECTOR('',#14873,1.);
#2122=VECTOR('',#14876,1.);
#2123=VECTOR('',#14879,1.);
#2124=VECTOR('',#14884,1.);
#2125=VECTOR('',#14889,1.);
#2126=VECTOR('',#14892,1.);
#2127=VECTOR('',#14895,1.);
#2128=VECTOR('',#14896,1.);
#2129=VECTOR('',#14897,1.);
#2130=VECTOR('',#14900,1.);
#2131=VECTOR('',#14903,1.);
#2132=VECTOR('',#14906,1.);
#2133=VECTOR('',#14909,1.);
#2134=VECTOR('',#14914,1.);
#2135=VECTOR('',#14915,1.);
#2136=VECTOR('',#14918,1.);
#2137=VECTOR('',#14921,1.);
#2138=VECTOR('',#14924,1.);
#2139=VECTOR('',#14927,1.);
#2140=VECTOR('',#14930,1.);
#2141=VECTOR('',#14935,1.);
#2142=VECTOR('',#14940,1.);
#2143=VECTOR('',#14945,1.);
#2144=VECTOR('',#14948,1.);
#2145=VECTOR('',#14953,1.);
#2146=VECTOR('',#14954,1.);
#2147=VECTOR('',#14955,1.);
#2148=VECTOR('',#14956,1.);
#2149=VECTOR('',#14959,1.);
#2150=VECTOR('',#14962,1.);
#2151=VECTOR('',#14963,1.);
#2152=VECTOR('',#14964,1.);
#2153=VECTOR('',#14967,1.);
#2154=VECTOR('',#14970,1.);
#2155=VECTOR('',#14975,1.);
#2156=VECTOR('',#14978,1.);
#2157=VECTOR('',#14979,1.);
#2158=VECTOR('',#14982,1.);
#2159=VECTOR('',#14983,1.);
#2160=VECTOR('',#14988,1.);
#2161=VECTOR('',#14989,1.);
#2162=VECTOR('',#14992,1.);
#2163=VECTOR('',#14995,1.);
#2164=VECTOR('',#14996,1.);
#2165=VECTOR('',#14997,1.);
#2166=VECTOR('',#15000,1.);
#2167=VECTOR('',#15005,1.);
#2168=VECTOR('',#15006,1.);
#2169=VECTOR('',#15007,1.);
#2170=VECTOR('',#15010,1.);
#2171=VECTOR('',#15011,1.);
#2172=VECTOR('',#15012,1.);
#2173=VECTOR('',#15015,1.);
#2174=VECTOR('',#15018,1.);
#2175=VECTOR('',#15019,1.);
#2176=VECTOR('',#15020,1.);
#2177=VECTOR('',#15021,1.);
#2178=VECTOR('',#15024,1.);
#2179=VECTOR('',#15031,1.);
#2180=VECTOR('',#15032,1.);
#2181=VECTOR('',#15033,1.);
#2182=VECTOR('',#15042,1.);
#2183=VECTOR('',#15043,1.);
#2184=VECTOR('',#15044,1.);
#2185=VECTOR('',#15047,1.);
#2186=VECTOR('',#15048,1.);
#2187=VECTOR('',#15049,1.);
#2188=VECTOR('',#15052,1.);
#2189=VECTOR('',#15055,1.);
#2190=VECTOR('',#15056,1.);
#2191=VECTOR('',#15057,1.);
#2192=VECTOR('',#15064,1.);
#2193=VECTOR('',#15065,1.);
#2194=VECTOR('',#15066,1.);
#2195=VECTOR('',#15067,1.);
#2196=VECTOR('',#15202,1.);
#2197=VECTOR('',#15203,1.);
#2198=VECTOR('',#15204,1.);
#2199=VECTOR('',#15205,1.);
#2200=VECTOR('',#15212,1.);
#2201=VECTOR('',#15213,1.);
#2202=VECTOR('',#15214,1.);
#2203=VECTOR('',#15215,1.);
#2204=VECTOR('',#15216,1.);
#2205=VECTOR('',#15219,1.);
#2206=VECTOR('',#15222,1.);
#2207=VECTOR('',#15225,1.);
#2208=VECTOR('',#15228,1.);
#2209=VECTOR('',#15231,1.);
#2210=VECTOR('',#15232,1.);
#2211=VECTOR('',#15233,1.);
#2212=VECTOR('',#15236,1.);
#2213=VECTOR('',#15237,1.);
#2214=VECTOR('',#15238,1.);
#2215=VECTOR('',#15241,1.);
#2216=VECTOR('',#15242,1.);
#2217=VECTOR('',#15243,1.);
#2218=VECTOR('',#15244,1.);
#2219=VECTOR('',#15249,1.);
#2220=VECTOR('',#15250,1.);
#2221=VECTOR('',#15251,1.);
#2222=VECTOR('',#15254,1.);
#2223=VECTOR('',#15255,1.);
#2224=VECTOR('',#15256,1.);
#2225=VECTOR('',#15257,1.);
#2226=VECTOR('',#15258,1.);
#2227=VECTOR('',#15259,1.);
#2228=VECTOR('',#15262,1.);
#2229=VECTOR('',#15263,1.);
#2230=VECTOR('',#15264,1.);
#2231=VECTOR('',#15265,1.);
#2232=VECTOR('',#15266,1.);
#2233=VECTOR('',#15267,1.);
#2234=VECTOR('',#15284,1.);
#2235=VECTOR('',#15285,1.);
#2236=VECTOR('',#15286,1.);
#2237=VECTOR('',#15287,1.);
#2238=VECTOR('',#15292,1.);
#2239=VECTOR('',#15293,1.);
#2240=VECTOR('',#15298,1.);
#2241=VECTOR('',#15309,1.);
#2242=VECTOR('',#15320,1.);
#2243=VECTOR('',#15329,1.);
#2244=VECTOR('',#15330,1.);
#2245=VECTOR('',#15331,1.);
#2246=VECTOR('',#15332,1.);
#2247=VECTOR('',#15337,1.);
#2248=VECTOR('',#15344,1.);
#2249=VECTOR('',#15357,1.);
#2250=VECTOR('',#15366,1.);
#2251=VECTOR('',#15367,1.);
#2252=VECTOR('',#15368,1.);
#2253=VECTOR('',#15369,1.);
#2254=VECTOR('',#15382,1.);
#2255=VECTOR('',#15393,1.);
#2256=VECTOR('',#15394,1.);
#2257=VECTOR('',#15399,1.);
#2258=VECTOR('',#15408,1.);
#2259=VECTOR('',#15419,1.);
#2260=VECTOR('',#15426,1.);
#2261=VECTOR('',#15429,1.);
#2262=VECTOR('',#15430,1.);
#2263=VECTOR('',#15441,1.);
#2264=VECTOR('',#15446,1.);
#2265=VECTOR('',#15451,1.);
#2266=VECTOR('',#15466,1.);
#2267=VECTOR('',#15467,1.);
#2268=VECTOR('',#15474,1.);
#2269=VECTOR('',#15477,1.);
#2270=VECTOR('',#15480,1.);
#2271=VECTOR('',#15485,1.);
#2272=VECTOR('',#15494,1.);
#2273=VECTOR('',#15499,1.);
#2274=VECTOR('',#15502,1.);
#2275=VECTOR('',#15505,1.);
#2276=VECTOR('',#15526,1.);
#2277=VECTOR('',#15527,1.);
#2278=VECTOR('',#15530,1.);
#2279=VECTOR('',#15531,1.);
#2280=VECTOR('',#15534,1.);
#2281=VECTOR('',#15537,1.);
#2282=VECTOR('',#15538,1.);
#2283=VECTOR('',#15539,1.);
#2284=VECTOR('',#15540,1.);
#2285=VECTOR('',#15543,1.);
#2286=VECTOR('',#15544,1.);
#2287=VECTOR('',#15545,1.);
#2288=VECTOR('',#15548,1.);
#2289=VECTOR('',#15551,1.);
#2290=VECTOR('',#15552,1.);
#2291=VECTOR('',#15553,1.);
#2292=VECTOR('',#15556,1.);
#2293=VECTOR('',#15557,1.);
#2294=VECTOR('',#15560,1.);
#2295=VECTOR('',#15563,1.);
#2296=VECTOR('',#15566,1.);
#2297=VECTOR('',#15571,1.);
#2298=VECTOR('',#15572,1.);
#2299=VECTOR('',#15573,1.);
#2300=VECTOR('',#15576,1.);
#2301=VECTOR('',#15587,1.);
#2302=VECTOR('',#15588,1.);
#2303=VECTOR('',#15591,1.);
#2304=VECTOR('',#15594,1.);
#2305=VECTOR('',#15603,1.);
#2306=VECTOR('',#15608,1.);
#2307=ORIENTED_EDGE('',*,*,#5571,.F.);
#2308=ORIENTED_EDGE('',*,*,#5572,.F.);
#2309=ORIENTED_EDGE('',*,*,#5573,.F.);
#2310=ORIENTED_EDGE('',*,*,#5574,.F.);
#2311=ORIENTED_EDGE('',*,*,#5575,.F.);
#2312=ORIENTED_EDGE('',*,*,#5576,.F.);
#2313=ORIENTED_EDGE('',*,*,#5577,.T.);
#2314=ORIENTED_EDGE('',*,*,#5578,.F.);
#2315=ORIENTED_EDGE('',*,*,#5579,.F.);
#2316=ORIENTED_EDGE('',*,*,#5580,.T.);
#2317=ORIENTED_EDGE('',*,*,#5581,.F.);
#2318=ORIENTED_EDGE('',*,*,#5582,.F.);
#2319=ORIENTED_EDGE('',*,*,#5583,.T.);
#2320=ORIENTED_EDGE('',*,*,#5584,.T.);
#2321=ORIENTED_EDGE('',*,*,#5585,.T.);
#2322=ORIENTED_EDGE('',*,*,#5586,.T.);
#2323=ORIENTED_EDGE('',*,*,#5587,.T.);
#2324=ORIENTED_EDGE('',*,*,#5588,.F.);
#2325=ORIENTED_EDGE('',*,*,#5589,.T.);
#2326=ORIENTED_EDGE('',*,*,#5590,.T.);
#2327=ORIENTED_EDGE('',*,*,#5588,.T.);
#2328=ORIENTED_EDGE('',*,*,#5591,.T.);
#2329=ORIENTED_EDGE('',*,*,#5592,.T.);
#2330=ORIENTED_EDGE('',*,*,#5593,.F.);
#2331=ORIENTED_EDGE('',*,*,#5594,.T.);
#2332=ORIENTED_EDGE('',*,*,#5595,.T.);
#2333=ORIENTED_EDGE('',*,*,#5593,.T.);
#2334=ORIENTED_EDGE('',*,*,#5596,.T.);
#2335=ORIENTED_EDGE('',*,*,#5597,.T.);
#2336=ORIENTED_EDGE('',*,*,#5598,.F.);
#2337=ORIENTED_EDGE('',*,*,#5599,.F.);
#2338=ORIENTED_EDGE('',*,*,#5600,.T.);
#2339=ORIENTED_EDGE('',*,*,#5598,.T.);
#2340=ORIENTED_EDGE('',*,*,#5601,.T.);
#2341=ORIENTED_EDGE('',*,*,#5602,.T.);
#2342=ORIENTED_EDGE('',*,*,#5603,.T.);
#2343=ORIENTED_EDGE('',*,*,#5599,.T.);
#2344=ORIENTED_EDGE('',*,*,#5604,.T.);
#2345=ORIENTED_EDGE('',*,*,#5605,.T.);
#2346=ORIENTED_EDGE('',*,*,#5606,.T.);
#2347=ORIENTED_EDGE('',*,*,#5607,.T.);
#2348=ORIENTED_EDGE('',*,*,#5608,.T.);
#2349=ORIENTED_EDGE('',*,*,#5609,.T.);
#2350=ORIENTED_EDGE('',*,*,#5610,.T.);
#2351=ORIENTED_EDGE('',*,*,#5611,.T.);
#2352=ORIENTED_EDGE('',*,*,#5612,.T.);
#2353=ORIENTED_EDGE('',*,*,#5613,.T.);
#2354=ORIENTED_EDGE('',*,*,#5614,.T.);
#2355=ORIENTED_EDGE('',*,*,#5615,.T.);
#2356=ORIENTED_EDGE('',*,*,#5616,.T.);
#2357=ORIENTED_EDGE('',*,*,#5617,.T.);
#2358=ORIENTED_EDGE('',*,*,#5618,.T.);
#2359=ORIENTED_EDGE('',*,*,#5619,.T.);
#2360=ORIENTED_EDGE('',*,*,#5620,.T.);
#2361=ORIENTED_EDGE('',*,*,#5621,.T.);
#2362=ORIENTED_EDGE('',*,*,#5622,.T.);
#2363=ORIENTED_EDGE('',*,*,#5623,.T.);
#2364=ORIENTED_EDGE('',*,*,#5624,.T.);
#2365=ORIENTED_EDGE('',*,*,#5625,.F.);
#2366=ORIENTED_EDGE('',*,*,#5626,.T.);
#2367=ORIENTED_EDGE('',*,*,#5627,.T.);
#2368=ORIENTED_EDGE('',*,*,#5628,.T.);
#2369=ORIENTED_EDGE('',*,*,#5629,.T.);
#2370=ORIENTED_EDGE('',*,*,#5630,.T.);
#2371=ORIENTED_EDGE('',*,*,#5631,.T.);
#2372=ORIENTED_EDGE('',*,*,#5632,.T.);
#2373=ORIENTED_EDGE('',*,*,#5633,.F.);
#2374=ORIENTED_EDGE('',*,*,#5634,.T.);
#2375=ORIENTED_EDGE('',*,*,#5635,.T.);
#2376=ORIENTED_EDGE('',*,*,#5636,.T.);
#2377=ORIENTED_EDGE('',*,*,#5637,.F.);
#2378=ORIENTED_EDGE('',*,*,#5638,.T.);
#2379=ORIENTED_EDGE('',*,*,#5633,.T.);
#2380=ORIENTED_EDGE('',*,*,#5639,.T.);
#2381=ORIENTED_EDGE('',*,*,#5640,.F.);
#2382=ORIENTED_EDGE('',*,*,#5641,.T.);
#2383=ORIENTED_EDGE('',*,*,#5637,.T.);
#2384=ORIENTED_EDGE('',*,*,#5642,.T.);
#2385=ORIENTED_EDGE('',*,*,#5585,.F.);
#2386=ORIENTED_EDGE('',*,*,#5643,.T.);
#2387=ORIENTED_EDGE('',*,*,#5640,.T.);
#2388=ORIENTED_EDGE('',*,*,#5644,.T.);
#2389=ORIENTED_EDGE('',*,*,#5645,.T.);
#2390=ORIENTED_EDGE('',*,*,#5646,.T.);
#2391=ORIENTED_EDGE('',*,*,#5647,.T.);
#2392=ORIENTED_EDGE('',*,*,#5581,.T.);
#2393=ORIENTED_EDGE('',*,*,#5648,.T.);
#2394=ORIENTED_EDGE('',*,*,#5649,.T.);
#2395=ORIENTED_EDGE('',*,*,#5650,.T.);
#2396=ORIENTED_EDGE('',*,*,#5579,.T.);
#2397=ORIENTED_EDGE('',*,*,#5651,.T.);
#2398=ORIENTED_EDGE('',*,*,#5652,.T.);
#2399=ORIENTED_EDGE('',*,*,#5653,.T.);
#2400=ORIENTED_EDGE('',*,*,#5654,.T.);
#2401=ORIENTED_EDGE('',*,*,#5655,.T.);
#2402=ORIENTED_EDGE('',*,*,#5656,.T.);
#2403=ORIENTED_EDGE('',*,*,#5657,.T.);
#2404=ORIENTED_EDGE('',*,*,#5655,.F.);
#2405=ORIENTED_EDGE('',*,*,#5658,.T.);
#2406=ORIENTED_EDGE('',*,*,#5659,.T.);
#2407=ORIENTED_EDGE('',*,*,#5660,.T.);
#2408=ORIENTED_EDGE('',*,*,#5661,.T.);
#2409=ORIENTED_EDGE('',*,*,#5662,.F.);
#2410=ORIENTED_EDGE('',*,*,#5663,.T.);
#2411=ORIENTED_EDGE('',*,*,#5662,.T.);
#2412=ORIENTED_EDGE('',*,*,#5664,.T.);
#2413=ORIENTED_EDGE('',*,*,#5665,.T.);
#2414=ORIENTED_EDGE('',*,*,#5666,.T.);
#2415=ORIENTED_EDGE('',*,*,#5619,.F.);
#2416=ORIENTED_EDGE('',*,*,#5667,.T.);
#2417=ORIENTED_EDGE('',*,*,#5668,.T.);
#2418=ORIENTED_EDGE('',*,*,#5659,.F.);
#2419=ORIENTED_EDGE('',*,*,#5669,.T.);
#2420=ORIENTED_EDGE('',*,*,#5670,.T.);
#2421=ORIENTED_EDGE('',*,*,#5671,.T.);
#2422=ORIENTED_EDGE('',*,*,#5629,.F.);
#2423=ORIENTED_EDGE('',*,*,#5672,.T.);
#2424=ORIENTED_EDGE('',*,*,#5653,.F.);
#2425=ORIENTED_EDGE('',*,*,#5608,.F.);
#2426=ORIENTED_EDGE('',*,*,#5673,.T.);
#2427=ORIENTED_EDGE('',*,*,#5645,.F.);
#2428=ORIENTED_EDGE('',*,*,#5674,.F.);
#2429=ORIENTED_EDGE('',*,*,#5674,.T.);
#2430=ORIENTED_EDGE('',*,*,#5580,.F.);
#2431=ORIENTED_EDGE('',*,*,#5675,.F.);
#2432=ORIENTED_EDGE('',*,*,#5609,.F.);
#2433=ORIENTED_EDGE('',*,*,#5650,.F.);
#2434=ORIENTED_EDGE('',*,*,#5676,.T.);
#2435=ORIENTED_EDGE('',*,*,#5610,.F.);
#2436=ORIENTED_EDGE('',*,*,#5675,.T.);
#2437=ORIENTED_EDGE('',*,*,#5677,.F.);
#2438=ORIENTED_EDGE('',*,*,#5622,.F.);
#2439=ORIENTED_EDGE('',*,*,#5678,.F.);
#2440=ORIENTED_EDGE('',*,*,#5649,.F.);
#2441=ORIENTED_EDGE('',*,*,#5678,.T.);
#2442=ORIENTED_EDGE('',*,*,#5621,.F.);
#2443=ORIENTED_EDGE('',*,*,#5679,.F.);
#2444=ORIENTED_EDGE('',*,*,#5676,.F.);
#2445=ORIENTED_EDGE('',*,*,#5679,.T.);
#2446=ORIENTED_EDGE('',*,*,#5620,.F.);
#2447=ORIENTED_EDGE('',*,*,#5680,.F.);
#2448=ORIENTED_EDGE('',*,*,#5611,.F.);
#2449=ORIENTED_EDGE('',*,*,#5680,.T.);
#2450=ORIENTED_EDGE('',*,*,#5669,.F.);
#2451=ORIENTED_EDGE('',*,*,#5681,.F.);
#2452=ORIENTED_EDGE('',*,*,#5612,.F.);
#2453=ORIENTED_EDGE('',*,*,#5681,.T.);
#2454=ORIENTED_EDGE('',*,*,#5663,.F.);
#2455=ORIENTED_EDGE('',*,*,#5682,.F.);
#2456=ORIENTED_EDGE('',*,*,#5602,.F.);
#2457=ORIENTED_EDGE('',*,*,#5682,.T.);
#2458=ORIENTED_EDGE('',*,*,#5666,.F.);
#2459=ORIENTED_EDGE('',*,*,#5683,.F.);
#2460=ORIENTED_EDGE('',*,*,#5603,.F.);
#2461=ORIENTED_EDGE('',*,*,#5683,.T.);
#2462=ORIENTED_EDGE('',*,*,#5665,.F.);
#2463=ORIENTED_EDGE('',*,*,#5684,.F.);
#2464=ORIENTED_EDGE('',*,*,#5600,.F.);
#2465=ORIENTED_EDGE('',*,*,#5684,.T.);
#2466=ORIENTED_EDGE('',*,*,#5664,.F.);
#2467=ORIENTED_EDGE('',*,*,#5685,.F.);
#2468=ORIENTED_EDGE('',*,*,#5594,.F.);
#2469=ORIENTED_EDGE('',*,*,#5685,.T.);
#2470=ORIENTED_EDGE('',*,*,#5661,.F.);
#2471=ORIENTED_EDGE('',*,*,#5686,.F.);
#2472=ORIENTED_EDGE('',*,*,#5595,.F.);
#2473=ORIENTED_EDGE('',*,*,#5686,.T.);
#2474=ORIENTED_EDGE('',*,*,#5660,.F.);
#2475=ORIENTED_EDGE('',*,*,#5687,.F.);
#2476=ORIENTED_EDGE('',*,*,#5589,.F.);
#2477=ORIENTED_EDGE('',*,*,#5687,.T.);
#2478=ORIENTED_EDGE('',*,*,#5668,.F.);
#2479=ORIENTED_EDGE('',*,*,#5688,.F.);
#2480=ORIENTED_EDGE('',*,*,#5590,.F.);
#2481=ORIENTED_EDGE('',*,*,#5688,.T.);
#2482=ORIENTED_EDGE('',*,*,#5667,.F.);
#2483=ORIENTED_EDGE('',*,*,#5689,.F.);
#2484=ORIENTED_EDGE('',*,*,#5583,.F.);
#2485=ORIENTED_EDGE('',*,*,#5689,.T.);
#2486=ORIENTED_EDGE('',*,*,#5618,.F.);
#2487=ORIENTED_EDGE('',*,*,#5690,.F.);
#2488=ORIENTED_EDGE('',*,*,#5584,.F.);
#2489=ORIENTED_EDGE('',*,*,#5690,.T.);
#2490=ORIENTED_EDGE('',*,*,#5617,.F.);
#2491=ORIENTED_EDGE('',*,*,#5691,.F.);
#2492=ORIENTED_EDGE('',*,*,#5643,.F.);
#2493=ORIENTED_EDGE('',*,*,#5691,.T.);
#2494=ORIENTED_EDGE('',*,*,#5616,.F.);
#2495=ORIENTED_EDGE('',*,*,#5692,.F.);
#2496=ORIENTED_EDGE('',*,*,#5641,.F.);
#2497=ORIENTED_EDGE('',*,*,#5692,.T.);
#2498=ORIENTED_EDGE('',*,*,#5615,.F.);
#2499=ORIENTED_EDGE('',*,*,#5693,.F.);
#2500=ORIENTED_EDGE('',*,*,#5638,.F.);
#2501=ORIENTED_EDGE('',*,*,#5694,.F.);
#2502=ORIENTED_EDGE('',*,*,#5634,.F.);
#2503=ORIENTED_EDGE('',*,*,#5693,.T.);
#2504=ORIENTED_EDGE('',*,*,#5614,.F.);
#2505=ORIENTED_EDGE('',*,*,#5695,.F.);
#2506=ORIENTED_EDGE('',*,*,#5646,.F.);
#2507=ORIENTED_EDGE('',*,*,#5696,.F.);
#2508=ORIENTED_EDGE('',*,*,#5626,.F.);
#2509=ORIENTED_EDGE('',*,*,#5696,.T.);
#2510=ORIENTED_EDGE('',*,*,#5673,.F.);
#2511=ORIENTED_EDGE('',*,*,#5697,.F.);
#2512=ORIENTED_EDGE('',*,*,#5627,.F.);
#2513=ORIENTED_EDGE('',*,*,#5697,.T.);
#2514=ORIENTED_EDGE('',*,*,#5607,.F.);
#2515=ORIENTED_EDGE('',*,*,#5698,.F.);
#2516=ORIENTED_EDGE('',*,*,#5628,.F.);
#2517=ORIENTED_EDGE('',*,*,#5698,.T.);
#2518=ORIENTED_EDGE('',*,*,#5606,.F.);
#2519=ORIENTED_EDGE('',*,*,#5699,.F.);
#2520=ORIENTED_EDGE('',*,*,#5672,.F.);
#2521=ORIENTED_EDGE('',*,*,#5699,.T.);
#2522=ORIENTED_EDGE('',*,*,#5605,.F.);
#2523=ORIENTED_EDGE('',*,*,#5700,.F.);
#2524=ORIENTED_EDGE('',*,*,#5654,.F.);
#2525=ORIENTED_EDGE('',*,*,#5700,.T.);
#2526=ORIENTED_EDGE('',*,*,#5604,.F.);
#2527=ORIENTED_EDGE('',*,*,#5701,.F.);
#2528=ORIENTED_EDGE('',*,*,#5658,.F.);
#2529=ORIENTED_EDGE('',*,*,#5701,.T.);
#2530=ORIENTED_EDGE('',*,*,#5601,.F.);
#2531=ORIENTED_EDGE('',*,*,#5702,.F.);
#2532=ORIENTED_EDGE('',*,*,#5656,.F.);
#2533=ORIENTED_EDGE('',*,*,#5702,.T.);
#2534=ORIENTED_EDGE('',*,*,#5597,.F.);
#2535=ORIENTED_EDGE('',*,*,#5703,.F.);
#2536=ORIENTED_EDGE('',*,*,#5657,.F.);
#2537=ORIENTED_EDGE('',*,*,#5703,.T.);
#2538=ORIENTED_EDGE('',*,*,#5596,.F.);
#2539=ORIENTED_EDGE('',*,*,#5704,.F.);
#2540=ORIENTED_EDGE('',*,*,#5651,.F.);
#2541=ORIENTED_EDGE('',*,*,#5704,.T.);
#2542=ORIENTED_EDGE('',*,*,#5592,.F.);
#2543=ORIENTED_EDGE('',*,*,#5705,.F.);
#2544=ORIENTED_EDGE('',*,*,#5652,.F.);
#2545=ORIENTED_EDGE('',*,*,#5705,.T.);
#2546=ORIENTED_EDGE('',*,*,#5591,.F.);
#2547=ORIENTED_EDGE('',*,*,#5706,.F.);
#2548=ORIENTED_EDGE('',*,*,#5670,.F.);
#2549=ORIENTED_EDGE('',*,*,#5706,.T.);
#2550=ORIENTED_EDGE('',*,*,#5587,.F.);
#2551=ORIENTED_EDGE('',*,*,#5707,.F.);
#2552=ORIENTED_EDGE('',*,*,#5671,.F.);
#2553=ORIENTED_EDGE('',*,*,#5707,.T.);
#2554=ORIENTED_EDGE('',*,*,#5586,.F.);
#2555=ORIENTED_EDGE('',*,*,#5708,.F.);
#2556=ORIENTED_EDGE('',*,*,#5630,.F.);
#2557=ORIENTED_EDGE('',*,*,#5708,.T.);
#2558=ORIENTED_EDGE('',*,*,#5644,.F.);
#2559=ORIENTED_EDGE('',*,*,#5709,.F.);
#2560=ORIENTED_EDGE('',*,*,#5631,.F.);
#2561=ORIENTED_EDGE('',*,*,#5709,.T.);
#2562=ORIENTED_EDGE('',*,*,#5642,.F.);
#2563=ORIENTED_EDGE('',*,*,#5710,.F.);
#2564=ORIENTED_EDGE('',*,*,#5632,.F.);
#2565=ORIENTED_EDGE('',*,*,#5710,.T.);
#2566=ORIENTED_EDGE('',*,*,#5639,.F.);
#2567=ORIENTED_EDGE('',*,*,#5711,.F.);
#2568=ORIENTED_EDGE('',*,*,#5623,.F.);
#2569=ORIENTED_EDGE('',*,*,#5712,.F.);
#2570=ORIENTED_EDGE('',*,*,#5624,.F.);
#2571=ORIENTED_EDGE('',*,*,#5711,.T.);
#2572=ORIENTED_EDGE('',*,*,#5636,.F.);
#2573=ORIENTED_EDGE('',*,*,#5713,.T.);
#2574=ORIENTED_EDGE('',*,*,#5714,.T.);
#2575=ORIENTED_EDGE('',*,*,#5715,.T.);
#2576=ORIENTED_EDGE('',*,*,#5716,.T.);
#2577=ORIENTED_EDGE('',*,*,#5717,.T.);
#2578=ORIENTED_EDGE('',*,*,#5648,.F.);
#2579=ORIENTED_EDGE('',*,*,#5582,.T.);
#2580=ORIENTED_EDGE('',*,*,#5647,.F.);
#2581=ORIENTED_EDGE('',*,*,#5695,.T.);
#2582=ORIENTED_EDGE('',*,*,#5625,.T.);
#2583=ORIENTED_EDGE('',*,*,#5712,.T.);
#2584=ORIENTED_EDGE('',*,*,#5635,.F.);
#2585=ORIENTED_EDGE('',*,*,#5694,.T.);
#2586=ORIENTED_EDGE('',*,*,#5613,.F.);
#2587=ORIENTED_EDGE('',*,*,#5677,.T.);
#2588=ORIENTED_EDGE('',*,*,#5718,.F.);
#2589=ORIENTED_EDGE('',*,*,#5719,.F.);
#2590=ORIENTED_EDGE('',*,*,#5720,.F.);
#2591=ORIENTED_EDGE('',*,*,#5721,.F.);
#2592=ORIENTED_EDGE('',*,*,#5722,.T.);
#2593=ORIENTED_EDGE('',*,*,#5723,.T.);
#2594=ORIENTED_EDGE('',*,*,#5724,.T.);
#2595=ORIENTED_EDGE('',*,*,#5725,.T.);
#2596=ORIENTED_EDGE('',*,*,#5726,.T.);
#2597=ORIENTED_EDGE('',*,*,#5727,.T.);
#2598=ORIENTED_EDGE('',*,*,#5728,.T.);
#2599=ORIENTED_EDGE('',*,*,#5729,.T.);
#2600=ORIENTED_EDGE('',*,*,#5730,.T.);
#2601=ORIENTED_EDGE('',*,*,#5731,.T.);
#2602=ORIENTED_EDGE('',*,*,#5732,.T.);
#2603=ORIENTED_EDGE('',*,*,#5733,.F.);
#2604=ORIENTED_EDGE('',*,*,#5734,.T.);
#2605=ORIENTED_EDGE('',*,*,#5735,.T.);
#2606=ORIENTED_EDGE('',*,*,#5736,.T.);
#2607=ORIENTED_EDGE('',*,*,#5737,.T.);
#2608=ORIENTED_EDGE('',*,*,#5738,.T.);
#2609=ORIENTED_EDGE('',*,*,#5739,.F.);
#2610=ORIENTED_EDGE('',*,*,#5740,.F.);
#2611=ORIENTED_EDGE('',*,*,#5741,.T.);
#2612=ORIENTED_EDGE('',*,*,#5742,.F.);
#2613=ORIENTED_EDGE('',*,*,#5743,.F.);
#2614=ORIENTED_EDGE('',*,*,#5744,.T.);
#2615=ORIENTED_EDGE('',*,*,#5745,.F.);
#2616=ORIENTED_EDGE('',*,*,#5746,.T.);
#2617=ORIENTED_EDGE('',*,*,#5747,.T.);
#2618=ORIENTED_EDGE('',*,*,#5748,.F.);
#2619=ORIENTED_EDGE('',*,*,#5749,.T.);
#2620=ORIENTED_EDGE('',*,*,#5750,.T.);
#2621=ORIENTED_EDGE('',*,*,#5578,.T.);
#2622=ORIENTED_EDGE('',*,*,#5751,.T.);
#2623=ORIENTED_EDGE('',*,*,#5752,.T.);
#2624=ORIENTED_EDGE('',*,*,#5753,.T.);
#2625=ORIENTED_EDGE('',*,*,#5754,.F.);
#2626=ORIENTED_EDGE('',*,*,#5755,.T.);
#2627=ORIENTED_EDGE('',*,*,#5756,.T.);
#2628=ORIENTED_EDGE('',*,*,#5757,.T.);
#2629=ORIENTED_EDGE('',*,*,#5758,.T.);
#2630=ORIENTED_EDGE('',*,*,#5759,.T.);
#2631=ORIENTED_EDGE('',*,*,#5574,.T.);
#2632=ORIENTED_EDGE('',*,*,#5760,.T.);
#2633=ORIENTED_EDGE('',*,*,#5761,.F.);
#2634=ORIENTED_EDGE('',*,*,#5762,.T.);
#2635=ORIENTED_EDGE('',*,*,#5763,.T.);
#2636=ORIENTED_EDGE('',*,*,#5764,.T.);
#2637=ORIENTED_EDGE('',*,*,#5765,.T.);
#2638=ORIENTED_EDGE('',*,*,#5766,.T.);
#2639=ORIENTED_EDGE('',*,*,#5767,.F.);
#2640=ORIENTED_EDGE('',*,*,#5768,.T.);
#2641=ORIENTED_EDGE('',*,*,#5769,.F.);
#2642=ORIENTED_EDGE('',*,*,#5770,.T.);
#2643=ORIENTED_EDGE('',*,*,#5771,.F.);
#2644=ORIENTED_EDGE('',*,*,#5772,.T.);
#2645=ORIENTED_EDGE('',*,*,#5773,.F.);
#2646=ORIENTED_EDGE('',*,*,#5774,.T.);
#2647=ORIENTED_EDGE('',*,*,#5572,.T.);
#2648=ORIENTED_EDGE('',*,*,#5775,.T.);
#2649=ORIENTED_EDGE('',*,*,#5776,.T.);
#2650=ORIENTED_EDGE('',*,*,#5777,.T.);
#2651=ORIENTED_EDGE('',*,*,#5778,.T.);
#2652=ORIENTED_EDGE('',*,*,#5779,.T.);
#2653=ORIENTED_EDGE('',*,*,#5780,.F.);
#2654=ORIENTED_EDGE('',*,*,#5781,.F.);
#2655=ORIENTED_EDGE('',*,*,#5782,.F.);
#2656=ORIENTED_EDGE('',*,*,#5783,.F.);
#2657=ORIENTED_EDGE('',*,*,#5784,.F.);
#2658=ORIENTED_EDGE('',*,*,#5785,.F.);
#2659=ORIENTED_EDGE('',*,*,#5786,.F.);
#2660=ORIENTED_EDGE('',*,*,#5787,.F.);
#2661=ORIENTED_EDGE('',*,*,#5788,.F.);
#2662=ORIENTED_EDGE('',*,*,#5789,.F.);
#2663=ORIENTED_EDGE('',*,*,#5790,.F.);
#2664=ORIENTED_EDGE('',*,*,#5791,.T.);
#2665=ORIENTED_EDGE('',*,*,#5792,.T.);
#2666=ORIENTED_EDGE('',*,*,#5793,.T.);
#2667=ORIENTED_EDGE('',*,*,#5794,.T.);
#2668=ORIENTED_EDGE('',*,*,#5795,.T.);
#2669=ORIENTED_EDGE('',*,*,#5796,.T.);
#2670=ORIENTED_EDGE('',*,*,#5797,.T.);
#2671=ORIENTED_EDGE('',*,*,#5771,.T.);
#2672=ORIENTED_EDGE('',*,*,#5798,.T.);
#2673=ORIENTED_EDGE('',*,*,#5799,.T.);
#2674=ORIENTED_EDGE('',*,*,#5800,.T.);
#2675=ORIENTED_EDGE('',*,*,#5801,.T.);
#2676=ORIENTED_EDGE('',*,*,#5802,.T.);
#2677=ORIENTED_EDGE('',*,*,#5769,.T.);
#2678=ORIENTED_EDGE('',*,*,#5803,.T.);
#2679=ORIENTED_EDGE('',*,*,#5773,.T.);
#2680=ORIENTED_EDGE('',*,*,#5804,.T.);
#2681=ORIENTED_EDGE('',*,*,#5576,.T.);
#2682=ORIENTED_EDGE('',*,*,#5805,.T.);
#2683=ORIENTED_EDGE('',*,*,#5806,.T.);
#2684=ORIENTED_EDGE('',*,*,#5807,.T.);
#2685=ORIENTED_EDGE('',*,*,#5808,.T.);
#2686=ORIENTED_EDGE('',*,*,#5809,.T.);
#2687=ORIENTED_EDGE('',*,*,#5810,.F.);
#2688=ORIENTED_EDGE('',*,*,#5811,.F.);
#2689=ORIENTED_EDGE('',*,*,#5812,.F.);
#2690=ORIENTED_EDGE('',*,*,#5813,.F.);
#2691=ORIENTED_EDGE('',*,*,#5814,.F.);
#2692=ORIENTED_EDGE('',*,*,#5815,.F.);
#2693=ORIENTED_EDGE('',*,*,#5816,.F.);
#2694=ORIENTED_EDGE('',*,*,#5817,.F.);
#2695=ORIENTED_EDGE('',*,*,#5818,.F.);
#2696=ORIENTED_EDGE('',*,*,#5819,.F.);
#2697=ORIENTED_EDGE('',*,*,#5820,.F.);
#2698=ORIENTED_EDGE('',*,*,#5821,.T.);
#2699=ORIENTED_EDGE('',*,*,#5822,.T.);
#2700=ORIENTED_EDGE('',*,*,#5823,.T.);
#2701=ORIENTED_EDGE('',*,*,#5824,.T.);
#2702=ORIENTED_EDGE('',*,*,#5825,.T.);
#2703=ORIENTED_EDGE('',*,*,#5826,.T.);
#2704=ORIENTED_EDGE('',*,*,#5827,.T.);
#2705=ORIENTED_EDGE('',*,*,#5767,.T.);
#2706=ORIENTED_EDGE('',*,*,#5828,.T.);
#2707=ORIENTED_EDGE('',*,*,#5829,.T.);
#2708=ORIENTED_EDGE('',*,*,#5830,.T.);
#2709=ORIENTED_EDGE('',*,*,#5831,.T.);
#2710=ORIENTED_EDGE('',*,*,#5832,.T.);
#2711=ORIENTED_EDGE('',*,*,#5753,.F.);
#2712=ORIENTED_EDGE('',*,*,#5833,.T.);
#2713=ORIENTED_EDGE('',*,*,#5762,.F.);
#2714=ORIENTED_EDGE('',*,*,#5834,.T.);
#2715=ORIENTED_EDGE('',*,*,#5835,.T.);
#2716=ORIENTED_EDGE('',*,*,#5836,.T.);
#2717=ORIENTED_EDGE('',*,*,#5837,.T.);
#2718=ORIENTED_EDGE('',*,*,#5739,.T.);
#2719=ORIENTED_EDGE('',*,*,#5838,.T.);
#2720=ORIENTED_EDGE('',*,*,#5754,.T.);
#2721=ORIENTED_EDGE('',*,*,#5837,.F.);
#2722=ORIENTED_EDGE('',*,*,#5839,.F.);
#2723=ORIENTED_EDGE('',*,*,#5747,.F.);
#2724=ORIENTED_EDGE('',*,*,#5840,.F.);
#2725=ORIENTED_EDGE('',*,*,#5761,.T.);
#2726=ORIENTED_EDGE('',*,*,#5841,.T.);
#2727=ORIENTED_EDGE('',*,*,#5733,.T.);
#2728=ORIENTED_EDGE('',*,*,#5840,.T.);
#2729=ORIENTED_EDGE('',*,*,#5746,.F.);
#2730=ORIENTED_EDGE('',*,*,#5842,.F.);
#2731=ORIENTED_EDGE('',*,*,#5834,.F.);
#2732=ORIENTED_EDGE('',*,*,#5843,.T.);
#2733=ORIENTED_EDGE('',*,*,#5844,.F.);
#2734=ORIENTED_EDGE('',*,*,#5845,.F.);
#2735=ORIENTED_EDGE('',*,*,#5799,.F.);
#2736=ORIENTED_EDGE('',*,*,#5846,.T.);
#2737=ORIENTED_EDGE('',*,*,#5847,.F.);
#2738=ORIENTED_EDGE('',*,*,#5843,.F.);
#2739=ORIENTED_EDGE('',*,*,#5798,.F.);
#2740=ORIENTED_EDGE('',*,*,#5848,.T.);
#2741=ORIENTED_EDGE('',*,*,#5849,.F.);
#2742=ORIENTED_EDGE('',*,*,#5846,.F.);
#2743=ORIENTED_EDGE('',*,*,#5774,.F.);
#2744=ORIENTED_EDGE('',*,*,#5848,.F.);
#2745=ORIENTED_EDGE('',*,*,#5832,.F.);
#2746=ORIENTED_EDGE('',*,*,#5850,.F.);
#2747=ORIENTED_EDGE('',*,*,#5851,.F.);
#2748=ORIENTED_EDGE('',*,*,#5850,.T.);
#2749=ORIENTED_EDGE('',*,*,#5831,.F.);
#2750=ORIENTED_EDGE('',*,*,#5852,.F.);
#2751=ORIENTED_EDGE('',*,*,#5853,.F.);
#2752=ORIENTED_EDGE('',*,*,#5854,.F.);
#2753=ORIENTED_EDGE('',*,*,#5855,.F.);
#2754=ORIENTED_EDGE('',*,*,#5856,.F.);
#2755=ORIENTED_EDGE('',*,*,#5857,.T.);
#2756=ORIENTED_EDGE('',*,*,#5858,.T.);
#2757=ORIENTED_EDGE('',*,*,#5859,.F.);
#2758=ORIENTED_EDGE('',*,*,#5860,.T.);
#2759=ORIENTED_EDGE('',*,*,#5861,.T.);
#2760=ORIENTED_EDGE('',*,*,#5859,.T.);
#2761=ORIENTED_EDGE('',*,*,#5862,.T.);
#2762=ORIENTED_EDGE('',*,*,#5863,.F.);
#2763=ORIENTED_EDGE('',*,*,#5864,.T.);
#2764=ORIENTED_EDGE('',*,*,#5865,.T.);
#2765=ORIENTED_EDGE('',*,*,#5866,.F.);
#2766=ORIENTED_EDGE('',*,*,#5867,.F.);
#2767=ORIENTED_EDGE('',*,*,#5725,.F.);
#2768=ORIENTED_EDGE('',*,*,#5868,.T.);
#2769=ORIENTED_EDGE('',*,*,#5869,.F.);
#2770=ORIENTED_EDGE('',*,*,#5865,.F.);
#2771=ORIENTED_EDGE('',*,*,#5724,.F.);
#2772=ORIENTED_EDGE('',*,*,#5870,.F.);
#2773=ORIENTED_EDGE('',*,*,#5871,.F.);
#2774=ORIENTED_EDGE('',*,*,#5868,.F.);
#2775=ORIENTED_EDGE('',*,*,#5723,.F.);
#2776=ORIENTED_EDGE('',*,*,#5870,.T.);
#2777=ORIENTED_EDGE('',*,*,#5732,.F.);
#2778=ORIENTED_EDGE('',*,*,#5872,.F.);
#2779=ORIENTED_EDGE('',*,*,#5873,.F.);
#2780=ORIENTED_EDGE('',*,*,#5874,.T.);
#2781=ORIENTED_EDGE('',*,*,#5875,.T.);
#2782=ORIENTED_EDGE('',*,*,#5876,.T.);
#2783=ORIENTED_EDGE('',*,*,#5877,.T.);
#2784=ORIENTED_EDGE('',*,*,#5878,.T.);
#2785=ORIENTED_EDGE('',*,*,#5730,.F.);
#2786=ORIENTED_EDGE('',*,*,#5879,.F.);
#2787=ORIENTED_EDGE('',*,*,#5880,.F.);
#2788=ORIENTED_EDGE('',*,*,#5872,.T.);
#2789=ORIENTED_EDGE('',*,*,#5731,.F.);
#2790=ORIENTED_EDGE('',*,*,#5878,.F.);
#2791=ORIENTED_EDGE('',*,*,#5875,.F.);
#2792=ORIENTED_EDGE('',*,*,#5881,.F.);
#2793=ORIENTED_EDGE('',*,*,#5873,.T.);
#2794=ORIENTED_EDGE('',*,*,#5874,.F.);
#2795=ORIENTED_EDGE('',*,*,#5882,.F.);
#2796=ORIENTED_EDGE('',*,*,#5883,.T.);
#2797=ORIENTED_EDGE('',*,*,#5882,.T.);
#2798=ORIENTED_EDGE('',*,*,#5884,.F.);
#2799=ORIENTED_EDGE('',*,*,#5885,.F.);
#2800=ORIENTED_EDGE('',*,*,#5853,.T.);
#2801=ORIENTED_EDGE('',*,*,#5886,.F.);
#2802=ORIENTED_EDGE('',*,*,#5883,.F.);
#2803=ORIENTED_EDGE('',*,*,#5852,.T.);
#2804=ORIENTED_EDGE('',*,*,#5830,.F.);
#2805=ORIENTED_EDGE('',*,*,#5887,.F.);
#2806=ORIENTED_EDGE('',*,*,#5888,.F.);
#2807=ORIENTED_EDGE('',*,*,#5887,.T.);
#2808=ORIENTED_EDGE('',*,*,#5829,.F.);
#2809=ORIENTED_EDGE('',*,*,#5889,.F.);
#2810=ORIENTED_EDGE('',*,*,#5890,.F.);
#2811=ORIENTED_EDGE('',*,*,#5889,.T.);
#2812=ORIENTED_EDGE('',*,*,#5828,.F.);
#2813=ORIENTED_EDGE('',*,*,#5891,.F.);
#2814=ORIENTED_EDGE('',*,*,#5892,.F.);
#2815=ORIENTED_EDGE('',*,*,#5891,.T.);
#2816=ORIENTED_EDGE('',*,*,#5770,.F.);
#2817=ORIENTED_EDGE('',*,*,#5893,.F.);
#2818=ORIENTED_EDGE('',*,*,#5894,.F.);
#2819=ORIENTED_EDGE('',*,*,#5893,.T.);
#2820=ORIENTED_EDGE('',*,*,#5802,.F.);
#2821=ORIENTED_EDGE('',*,*,#5895,.T.);
#2822=ORIENTED_EDGE('',*,*,#5896,.F.);
#2823=ORIENTED_EDGE('',*,*,#5897,.T.);
#2824=ORIENTED_EDGE('',*,*,#5898,.F.);
#2825=ORIENTED_EDGE('',*,*,#5895,.F.);
#2826=ORIENTED_EDGE('',*,*,#5801,.F.);
#2827=ORIENTED_EDGE('',*,*,#5845,.T.);
#2828=ORIENTED_EDGE('',*,*,#5899,.F.);
#2829=ORIENTED_EDGE('',*,*,#5897,.F.);
#2830=ORIENTED_EDGE('',*,*,#5800,.F.);
#2831=ORIENTED_EDGE('',*,*,#5900,.F.);
#2832=ORIENTED_EDGE('',*,*,#5844,.T.);
#2833=ORIENTED_EDGE('',*,*,#5901,.F.);
#2834=ORIENTED_EDGE('',*,*,#5902,.F.);
#2835=ORIENTED_EDGE('',*,*,#5903,.T.);
#2836=ORIENTED_EDGE('',*,*,#5902,.T.);
#2837=ORIENTED_EDGE('',*,*,#5904,.F.);
#2838=ORIENTED_EDGE('',*,*,#5901,.T.);
#2839=ORIENTED_EDGE('',*,*,#5847,.T.);
#2840=ORIENTED_EDGE('',*,*,#5849,.T.);
#2841=ORIENTED_EDGE('',*,*,#5851,.T.);
#2842=ORIENTED_EDGE('',*,*,#5885,.T.);
#2843=ORIENTED_EDGE('',*,*,#5905,.T.);
#2844=ORIENTED_EDGE('',*,*,#5884,.T.);
#2845=ORIENTED_EDGE('',*,*,#5877,.F.);
#2846=ORIENTED_EDGE('',*,*,#5904,.T.);
#2847=ORIENTED_EDGE('',*,*,#5905,.F.);
#2848=ORIENTED_EDGE('',*,*,#5876,.F.);
#2849=ORIENTED_EDGE('',*,*,#5880,.T.);
#2850=ORIENTED_EDGE('',*,*,#5906,.F.);
#2851=ORIENTED_EDGE('',*,*,#5903,.F.);
#2852=ORIENTED_EDGE('',*,*,#5879,.T.);
#2853=ORIENTED_EDGE('',*,*,#5729,.F.);
#2854=ORIENTED_EDGE('',*,*,#5907,.F.);
#2855=ORIENTED_EDGE('',*,*,#5908,.F.);
#2856=ORIENTED_EDGE('',*,*,#5909,.T.);
#2857=ORIENTED_EDGE('',*,*,#5910,.F.);
#2858=ORIENTED_EDGE('',*,*,#5907,.T.);
#2859=ORIENTED_EDGE('',*,*,#5728,.F.);
#2860=ORIENTED_EDGE('',*,*,#5911,.T.);
#2861=ORIENTED_EDGE('',*,*,#5858,.F.);
#2862=ORIENTED_EDGE('',*,*,#5909,.F.);
#2863=ORIENTED_EDGE('',*,*,#5727,.F.);
#2864=ORIENTED_EDGE('',*,*,#5867,.T.);
#2865=ORIENTED_EDGE('',*,*,#5862,.F.);
#2866=ORIENTED_EDGE('',*,*,#5911,.F.);
#2867=ORIENTED_EDGE('',*,*,#5726,.F.);
#2868=ORIENTED_EDGE('',*,*,#5863,.T.);
#2869=ORIENTED_EDGE('',*,*,#5866,.T.);
#2870=ORIENTED_EDGE('',*,*,#5912,.T.);
#2871=ORIENTED_EDGE('',*,*,#5913,.T.);
#2872=ORIENTED_EDGE('',*,*,#5914,.T.);
#2873=ORIENTED_EDGE('',*,*,#5915,.T.);
#2874=ORIENTED_EDGE('',*,*,#5913,.F.);
#2875=ORIENTED_EDGE('',*,*,#5916,.F.);
#2876=ORIENTED_EDGE('',*,*,#5917,.F.);
#2877=ORIENTED_EDGE('',*,*,#5916,.T.);
#2878=ORIENTED_EDGE('',*,*,#5918,.F.);
#2879=ORIENTED_EDGE('',*,*,#5919,.F.);
#2880=ORIENTED_EDGE('',*,*,#5912,.F.);
#2881=ORIENTED_EDGE('',*,*,#5869,.T.);
#2882=ORIENTED_EDGE('',*,*,#5920,.F.);
#2883=ORIENTED_EDGE('',*,*,#5918,.T.);
#2884=ORIENTED_EDGE('',*,*,#5920,.T.);
#2885=ORIENTED_EDGE('',*,*,#5871,.T.);
#2886=ORIENTED_EDGE('',*,*,#5881,.T.);
#2887=ORIENTED_EDGE('',*,*,#5886,.T.);
#2888=ORIENTED_EDGE('',*,*,#5888,.T.);
#2889=ORIENTED_EDGE('',*,*,#5921,.T.);
#2890=ORIENTED_EDGE('',*,*,#5917,.T.);
#2891=ORIENTED_EDGE('',*,*,#5919,.T.);
#2892=ORIENTED_EDGE('',*,*,#5921,.F.);
#2893=ORIENTED_EDGE('',*,*,#5890,.T.);
#2894=ORIENTED_EDGE('',*,*,#5922,.F.);
#2895=ORIENTED_EDGE('',*,*,#5923,.T.);
#2896=ORIENTED_EDGE('',*,*,#5914,.F.);
#2897=ORIENTED_EDGE('',*,*,#5915,.F.);
#2898=ORIENTED_EDGE('',*,*,#5924,.F.);
#2899=ORIENTED_EDGE('',*,*,#5925,.T.);
#2900=ORIENTED_EDGE('',*,*,#5864,.F.);
#2901=ORIENTED_EDGE('',*,*,#5923,.F.);
#2902=ORIENTED_EDGE('',*,*,#5926,.F.);
#2903=ORIENTED_EDGE('',*,*,#5927,.T.);
#2904=ORIENTED_EDGE('',*,*,#5860,.F.);
#2905=ORIENTED_EDGE('',*,*,#5925,.F.);
#2906=ORIENTED_EDGE('',*,*,#5928,.F.);
#2907=ORIENTED_EDGE('',*,*,#5856,.T.);
#2908=ORIENTED_EDGE('',*,*,#5861,.F.);
#2909=ORIENTED_EDGE('',*,*,#5927,.F.);
#2910=ORIENTED_EDGE('',*,*,#5929,.F.);
#2911=ORIENTED_EDGE('',*,*,#5930,.F.);
#2912=ORIENTED_EDGE('',*,*,#5910,.T.);
#2913=ORIENTED_EDGE('',*,*,#5857,.F.);
#2914=ORIENTED_EDGE('',*,*,#5855,.T.);
#2915=ORIENTED_EDGE('',*,*,#5906,.T.);
#2916=ORIENTED_EDGE('',*,*,#5908,.T.);
#2917=ORIENTED_EDGE('',*,*,#5930,.T.);
#2918=ORIENTED_EDGE('',*,*,#5931,.T.);
#2919=ORIENTED_EDGE('',*,*,#5899,.T.);
#2920=ORIENTED_EDGE('',*,*,#5900,.T.);
#2921=ORIENTED_EDGE('',*,*,#5931,.F.);
#2922=ORIENTED_EDGE('',*,*,#5854,.T.);
#2923=ORIENTED_EDGE('',*,*,#5929,.T.);
#2924=ORIENTED_EDGE('',*,*,#5932,.F.);
#2925=ORIENTED_EDGE('',*,*,#5898,.T.);
#2926=ORIENTED_EDGE('',*,*,#5926,.T.);
#2927=ORIENTED_EDGE('',*,*,#5924,.T.);
#2928=ORIENTED_EDGE('',*,*,#5922,.T.);
#2929=ORIENTED_EDGE('',*,*,#5892,.T.);
#2930=ORIENTED_EDGE('',*,*,#5894,.T.);
#2931=ORIENTED_EDGE('',*,*,#5896,.T.);
#2932=ORIENTED_EDGE('',*,*,#5932,.T.);
#2933=ORIENTED_EDGE('',*,*,#5928,.T.);
#2934=ORIENTED_EDGE('',*,*,#5827,.F.);
#2935=ORIENTED_EDGE('',*,*,#5933,.T.);
#2936=ORIENTED_EDGE('',*,*,#5737,.F.);
#2937=ORIENTED_EDGE('',*,*,#5934,.F.);
#2938=ORIENTED_EDGE('',*,*,#5934,.T.);
#2939=ORIENTED_EDGE('',*,*,#5736,.F.);
#2940=ORIENTED_EDGE('',*,*,#5935,.F.);
#2941=ORIENTED_EDGE('',*,*,#5768,.F.);
#2942=ORIENTED_EDGE('',*,*,#5735,.F.);
#2943=ORIENTED_EDGE('',*,*,#5936,.T.);
#2944=ORIENTED_EDGE('',*,*,#5803,.F.);
#2945=ORIENTED_EDGE('',*,*,#5935,.T.);
#2946=ORIENTED_EDGE('',*,*,#5842,.T.);
#2947=ORIENTED_EDGE('',*,*,#5937,.F.);
#2948=ORIENTED_EDGE('',*,*,#5938,.F.);
#2949=ORIENTED_EDGE('',*,*,#5939,.T.);
#2950=ORIENTED_EDGE('',*,*,#5839,.T.);
#2951=ORIENTED_EDGE('',*,*,#5940,.T.);
#2952=ORIENTED_EDGE('',*,*,#5941,.F.);
#2953=ORIENTED_EDGE('',*,*,#5942,.T.);
#2954=ORIENTED_EDGE('',*,*,#5943,.F.);
#2955=ORIENTED_EDGE('',*,*,#5742,.T.);
#2956=ORIENTED_EDGE('',*,*,#5944,.T.);
#2957=ORIENTED_EDGE('',*,*,#5940,.F.);
#2958=ORIENTED_EDGE('',*,*,#5836,.F.);
#2959=ORIENTED_EDGE('',*,*,#5945,.T.);
#2960=ORIENTED_EDGE('',*,*,#5946,.T.);
#2961=ORIENTED_EDGE('',*,*,#5947,.F.);
#2962=ORIENTED_EDGE('',*,*,#5948,.T.);
#2963=ORIENTED_EDGE('',*,*,#5949,.T.);
#2964=ORIENTED_EDGE('',*,*,#5945,.F.);
#2965=ORIENTED_EDGE('',*,*,#5835,.F.);
#2966=ORIENTED_EDGE('',*,*,#5939,.F.);
#2967=ORIENTED_EDGE('',*,*,#5950,.T.);
#2968=ORIENTED_EDGE('',*,*,#5721,.T.);
#2969=ORIENTED_EDGE('',*,*,#5946,.F.);
#2970=ORIENTED_EDGE('',*,*,#5949,.F.);
#2971=ORIENTED_EDGE('',*,*,#5951,.F.);
#2972=ORIENTED_EDGE('',*,*,#5952,.F.);
#2973=ORIENTED_EDGE('',*,*,#5953,.T.);
#2974=ORIENTED_EDGE('',*,*,#5954,.T.);
#2975=ORIENTED_EDGE('',*,*,#5955,.T.);
#2976=ORIENTED_EDGE('',*,*,#5956,.F.);
#2977=ORIENTED_EDGE('',*,*,#5951,.T.);
#2978=ORIENTED_EDGE('',*,*,#5948,.F.);
#2979=ORIENTED_EDGE('',*,*,#5720,.T.);
#2980=ORIENTED_EDGE('',*,*,#5743,.T.);
#2981=ORIENTED_EDGE('',*,*,#5947,.T.);
#2982=ORIENTED_EDGE('',*,*,#5952,.T.);
#2983=ORIENTED_EDGE('',*,*,#5956,.T.);
#2984=ORIENTED_EDGE('',*,*,#5957,.F.);
#2985=ORIENTED_EDGE('',*,*,#5958,.F.);
#2986=ORIENTED_EDGE('',*,*,#5959,.F.);
#2987=ORIENTED_EDGE('',*,*,#5941,.T.);
#2988=ORIENTED_EDGE('',*,*,#5944,.F.);
#2989=ORIENTED_EDGE('',*,*,#5741,.F.);
#2990=ORIENTED_EDGE('',*,*,#5960,.F.);
#2991=ORIENTED_EDGE('',*,*,#5961,.T.);
#2992=ORIENTED_EDGE('',*,*,#5722,.F.);
#2993=ORIENTED_EDGE('',*,*,#5950,.F.);
#2994=ORIENTED_EDGE('',*,*,#5938,.T.);
#2995=ORIENTED_EDGE('',*,*,#5748,.T.);
#2996=ORIENTED_EDGE('',*,*,#5943,.T.);
#2997=ORIENTED_EDGE('',*,*,#5962,.F.);
#2998=ORIENTED_EDGE('',*,*,#5963,.F.);
#2999=ORIENTED_EDGE('',*,*,#5964,.F.);
#3000=ORIENTED_EDGE('',*,*,#5960,.T.);
#3001=ORIENTED_EDGE('',*,*,#5740,.T.);
#3002=ORIENTED_EDGE('',*,*,#5965,.T.);
#3003=ORIENTED_EDGE('',*,*,#5966,.T.);
#3004=ORIENTED_EDGE('',*,*,#5962,.T.);
#3005=ORIENTED_EDGE('',*,*,#5942,.F.);
#3006=ORIENTED_EDGE('',*,*,#5967,.F.);
#3007=ORIENTED_EDGE('',*,*,#5968,.T.);
#3008=ORIENTED_EDGE('',*,*,#5966,.F.);
#3009=ORIENTED_EDGE('',*,*,#5969,.T.);
#3010=ORIENTED_EDGE('',*,*,#5967,.T.);
#3011=ORIENTED_EDGE('',*,*,#5970,.T.);
#3012=ORIENTED_EDGE('',*,*,#5958,.T.);
#3013=ORIENTED_EDGE('',*,*,#5971,.T.);
#3014=ORIENTED_EDGE('',*,*,#5972,.T.);
#3015=ORIENTED_EDGE('',*,*,#5973,.T.);
#3016=ORIENTED_EDGE('',*,*,#5954,.F.);
#3017=ORIENTED_EDGE('',*,*,#5974,.F.);
#3018=ORIENTED_EDGE('',*,*,#5975,.T.);
#3019=ORIENTED_EDGE('',*,*,#5972,.F.);
#3020=ORIENTED_EDGE('',*,*,#5973,.F.);
#3021=ORIENTED_EDGE('',*,*,#5976,.F.);
#3022=ORIENTED_EDGE('',*,*,#5969,.F.);
#3023=ORIENTED_EDGE('',*,*,#5957,.T.);
#3024=ORIENTED_EDGE('',*,*,#5955,.F.);
#3025=ORIENTED_EDGE('',*,*,#5968,.F.);
#3026=ORIENTED_EDGE('',*,*,#5976,.T.);
#3027=ORIENTED_EDGE('',*,*,#5975,.F.);
#3028=ORIENTED_EDGE('',*,*,#5963,.T.);
#3029=ORIENTED_EDGE('',*,*,#5937,.T.);
#3030=ORIENTED_EDGE('',*,*,#5745,.T.);
#3031=ORIENTED_EDGE('',*,*,#5964,.T.);
#3032=ORIENTED_EDGE('',*,*,#5974,.T.);
#3033=ORIENTED_EDGE('',*,*,#5977,.T.);
#3034=ORIENTED_EDGE('',*,*,#5718,.T.);
#3035=ORIENTED_EDGE('',*,*,#5961,.F.);
#3036=ORIENTED_EDGE('',*,*,#5959,.T.);
#3037=ORIENTED_EDGE('',*,*,#5970,.F.);
#3038=ORIENTED_EDGE('',*,*,#5965,.F.);
#3039=ORIENTED_EDGE('',*,*,#5744,.F.);
#3040=ORIENTED_EDGE('',*,*,#5719,.T.);
#3041=ORIENTED_EDGE('',*,*,#5977,.F.);
#3042=ORIENTED_EDGE('',*,*,#5971,.F.);
#3043=ORIENTED_EDGE('',*,*,#5953,.F.);
#3044=ORIENTED_EDGE('',*,*,#5978,.F.);
#3045=ORIENTED_EDGE('',*,*,#5765,.F.);
#3046=ORIENTED_EDGE('',*,*,#5979,.T.);
#3047=ORIENTED_EDGE('',*,*,#5796,.F.);
#3048=ORIENTED_EDGE('',*,*,#5573,.T.);
#3049=ORIENTED_EDGE('',*,*,#5936,.F.);
#3050=ORIENTED_EDGE('',*,*,#5980,.F.);
#3051=ORIENTED_EDGE('',*,*,#5841,.F.);
#3052=ORIENTED_EDGE('',*,*,#5760,.F.);
#3053=ORIENTED_EDGE('',*,*,#5980,.T.);
#3054=ORIENTED_EDGE('',*,*,#5734,.F.);
#3055=ORIENTED_EDGE('',*,*,#5981,.F.);
#3056=ORIENTED_EDGE('',*,*,#5756,.F.);
#3057=ORIENTED_EDGE('',*,*,#5982,.F.);
#3058=ORIENTED_EDGE('',*,*,#5826,.F.);
#3059=ORIENTED_EDGE('',*,*,#5933,.F.);
#3060=ORIENTED_EDGE('',*,*,#5982,.T.);
#3061=ORIENTED_EDGE('',*,*,#5983,.F.);
#3062=ORIENTED_EDGE('',*,*,#5983,.T.);
#3063=ORIENTED_EDGE('',*,*,#5755,.F.);
#3064=ORIENTED_EDGE('',*,*,#5838,.F.);
#3065=ORIENTED_EDGE('',*,*,#5738,.F.);
#3066=ORIENTED_EDGE('',*,*,#5752,.F.);
#3067=ORIENTED_EDGE('',*,*,#5984,.T.);
#3068=ORIENTED_EDGE('',*,*,#5763,.F.);
#3069=ORIENTED_EDGE('',*,*,#5833,.F.);
#3070=ORIENTED_EDGE('',*,*,#5985,.F.);
#3071=ORIENTED_EDGE('',*,*,#5772,.F.);
#3072=ORIENTED_EDGE('',*,*,#5986,.F.);
#3073=ORIENTED_EDGE('',*,*,#5717,.F.);
#3074=ORIENTED_EDGE('',*,*,#5986,.T.);
#3075=ORIENTED_EDGE('',*,*,#5797,.F.);
#3076=ORIENTED_EDGE('',*,*,#5987,.F.);
#3077=ORIENTED_EDGE('',*,*,#5713,.F.);
#3078=ORIENTED_EDGE('',*,*,#5985,.T.);
#3079=ORIENTED_EDGE('',*,*,#5716,.F.);
#3080=ORIENTED_EDGE('',*,*,#5988,.F.);
#3081=ORIENTED_EDGE('',*,*,#5804,.F.);
#3082=ORIENTED_EDGE('',*,*,#5987,.T.);
#3083=ORIENTED_EDGE('',*,*,#5979,.F.);
#3084=ORIENTED_EDGE('',*,*,#5989,.F.);
#3085=ORIENTED_EDGE('',*,*,#5577,.F.);
#3086=ORIENTED_EDGE('',*,*,#5988,.T.);
#3087=ORIENTED_EDGE('',*,*,#5990,.F.);
#3088=ORIENTED_EDGE('',*,*,#5989,.T.);
#3089=ORIENTED_EDGE('',*,*,#5764,.F.);
#3090=ORIENTED_EDGE('',*,*,#5991,.F.);
#3091=ORIENTED_EDGE('',*,*,#5714,.F.);
#3092=ORIENTED_EDGE('',*,*,#5990,.T.);
#3093=ORIENTED_EDGE('',*,*,#5715,.F.);
#3094=ORIENTED_EDGE('',*,*,#5992,.F.);
#3095=ORIENTED_EDGE('',*,*,#5751,.F.);
#3096=ORIENTED_EDGE('',*,*,#5991,.T.);
#3097=ORIENTED_EDGE('',*,*,#5984,.F.);
#3098=ORIENTED_EDGE('',*,*,#5992,.T.);
#3099=ORIENTED_EDGE('',*,*,#5749,.F.);
#3100=ORIENTED_EDGE('',*,*,#5993,.F.);
#3101=ORIENTED_EDGE('',*,*,#5994,.F.);
#3102=ORIENTED_EDGE('',*,*,#5995,.F.);
#3103=ORIENTED_EDGE('',*,*,#5996,.F.);
#3104=ORIENTED_EDGE('',*,*,#5997,.F.);
#3105=ORIENTED_EDGE('',*,*,#5998,.T.);
#3106=ORIENTED_EDGE('',*,*,#5999,.F.);
#3107=ORIENTED_EDGE('',*,*,#6000,.F.);
#3108=ORIENTED_EDGE('',*,*,#6001,.F.);
#3109=ORIENTED_EDGE('',*,*,#6002,.F.);
#3110=ORIENTED_EDGE('',*,*,#6003,.F.);
#3111=ORIENTED_EDGE('',*,*,#5758,.F.);
#3112=ORIENTED_EDGE('',*,*,#6004,.F.);
#3113=ORIENTED_EDGE('',*,*,#6005,.F.);
#3114=ORIENTED_EDGE('',*,*,#6006,.F.);
#3115=ORIENTED_EDGE('',*,*,#6007,.F.);
#3116=ORIENTED_EDGE('',*,*,#6008,.F.);
#3117=ORIENTED_EDGE('',*,*,#6009,.F.);
#3118=ORIENTED_EDGE('',*,*,#6010,.F.);
#3119=ORIENTED_EDGE('',*,*,#6011,.F.);
#3120=ORIENTED_EDGE('',*,*,#6012,.F.);
#3121=ORIENTED_EDGE('',*,*,#6013,.F.);
#3122=ORIENTED_EDGE('',*,*,#6014,.F.);
#3123=ORIENTED_EDGE('',*,*,#5759,.F.);
#3124=ORIENTED_EDGE('',*,*,#6014,.T.);
#3125=ORIENTED_EDGE('',*,*,#6015,.T.);
#3126=ORIENTED_EDGE('',*,*,#5775,.F.);
#3127=ORIENTED_EDGE('',*,*,#5571,.T.);
#3128=ORIENTED_EDGE('',*,*,#5766,.F.);
#3129=ORIENTED_EDGE('',*,*,#5978,.T.);
#3130=ORIENTED_EDGE('',*,*,#5795,.F.);
#3131=ORIENTED_EDGE('',*,*,#6016,.F.);
#3132=ORIENTED_EDGE('',*,*,#6004,.T.);
#3133=ORIENTED_EDGE('',*,*,#5750,.F.);
#3134=ORIENTED_EDGE('',*,*,#6003,.T.);
#3135=ORIENTED_EDGE('',*,*,#6017,.T.);
#3136=ORIENTED_EDGE('',*,*,#5805,.F.);
#3137=ORIENTED_EDGE('',*,*,#5575,.T.);
#3138=ORIENTED_EDGE('',*,*,#5757,.F.);
#3139=ORIENTED_EDGE('',*,*,#5981,.T.);
#3140=ORIENTED_EDGE('',*,*,#5825,.F.);
#3141=ORIENTED_EDGE('',*,*,#6018,.F.);
#3142=ORIENTED_EDGE('',*,*,#5993,.T.);
#3143=ORIENTED_EDGE('',*,*,#6019,.F.);
#3144=ORIENTED_EDGE('',*,*,#6020,.T.);
#3145=ORIENTED_EDGE('',*,*,#5997,.T.);
#3146=ORIENTED_EDGE('',*,*,#6021,.T.);
#3147=ORIENTED_EDGE('',*,*,#5821,.F.);
#3148=ORIENTED_EDGE('',*,*,#5999,.T.);
#3149=ORIENTED_EDGE('',*,*,#6022,.T.);
#3150=ORIENTED_EDGE('',*,*,#6023,.F.);
#3151=ORIENTED_EDGE('',*,*,#5809,.F.);
#3152=ORIENTED_EDGE('',*,*,#6024,.F.);
#3153=ORIENTED_EDGE('',*,*,#5822,.F.);
#3154=ORIENTED_EDGE('',*,*,#6021,.F.);
#3155=ORIENTED_EDGE('',*,*,#5996,.T.);
#3156=ORIENTED_EDGE('',*,*,#6025,.T.);
#3157=ORIENTED_EDGE('',*,*,#5808,.F.);
#3158=ORIENTED_EDGE('',*,*,#6026,.F.);
#3159=ORIENTED_EDGE('',*,*,#6000,.T.);
#3160=ORIENTED_EDGE('',*,*,#6024,.T.);
#3161=ORIENTED_EDGE('',*,*,#5807,.F.);
#3162=ORIENTED_EDGE('',*,*,#6027,.F.);
#3163=ORIENTED_EDGE('',*,*,#6001,.T.);
#3164=ORIENTED_EDGE('',*,*,#6026,.T.);
#3165=ORIENTED_EDGE('',*,*,#5806,.F.);
#3166=ORIENTED_EDGE('',*,*,#6017,.F.);
#3167=ORIENTED_EDGE('',*,*,#6002,.T.);
#3168=ORIENTED_EDGE('',*,*,#6027,.T.);
#3169=ORIENTED_EDGE('',*,*,#5824,.F.);
#3170=ORIENTED_EDGE('',*,*,#6028,.F.);
#3171=ORIENTED_EDGE('',*,*,#5994,.T.);
#3172=ORIENTED_EDGE('',*,*,#6018,.T.);
#3173=ORIENTED_EDGE('',*,*,#5823,.F.);
#3174=ORIENTED_EDGE('',*,*,#6025,.F.);
#3175=ORIENTED_EDGE('',*,*,#5995,.T.);
#3176=ORIENTED_EDGE('',*,*,#6028,.T.);
#3177=ORIENTED_EDGE('',*,*,#6029,.T.);
#3178=ORIENTED_EDGE('',*,*,#6019,.T.);
#3179=ORIENTED_EDGE('',*,*,#5820,.T.);
#3180=ORIENTED_EDGE('',*,*,#6030,.T.);
#3181=ORIENTED_EDGE('',*,*,#6031,.F.);
#3182=ORIENTED_EDGE('',*,*,#6032,.T.);
#3183=ORIENTED_EDGE('',*,*,#6033,.F.);
#3184=ORIENTED_EDGE('',*,*,#6034,.F.);
#3185=ORIENTED_EDGE('',*,*,#6035,.F.);
#3186=ORIENTED_EDGE('',*,*,#6036,.F.);
#3187=ORIENTED_EDGE('',*,*,#6037,.F.);
#3188=ORIENTED_EDGE('',*,*,#6038,.T.);
#3189=ORIENTED_EDGE('',*,*,#6039,.F.);
#3190=ORIENTED_EDGE('',*,*,#6040,.F.);
#3191=ORIENTED_EDGE('',*,*,#6041,.F.);
#3192=ORIENTED_EDGE('',*,*,#6042,.F.);
#3193=ORIENTED_EDGE('',*,*,#6043,.F.);
#3194=ORIENTED_EDGE('',*,*,#6044,.T.);
#3195=ORIENTED_EDGE('',*,*,#6031,.T.);
#3196=ORIENTED_EDGE('',*,*,#6045,.T.);
#3197=ORIENTED_EDGE('',*,*,#6046,.F.);
#3198=ORIENTED_EDGE('',*,*,#6033,.T.);
#3199=ORIENTED_EDGE('',*,*,#6047,.T.);
#3200=ORIENTED_EDGE('',*,*,#6048,.F.);
#3201=ORIENTED_EDGE('',*,*,#6049,.F.);
#3202=ORIENTED_EDGE('',*,*,#6050,.F.);
#3203=ORIENTED_EDGE('',*,*,#6051,.F.);
#3204=ORIENTED_EDGE('',*,*,#6052,.T.);
#3205=ORIENTED_EDGE('',*,*,#6037,.T.);
#3206=ORIENTED_EDGE('',*,*,#6053,.T.);
#3207=ORIENTED_EDGE('',*,*,#6054,.F.);
#3208=ORIENTED_EDGE('',*,*,#6039,.T.);
#3209=ORIENTED_EDGE('',*,*,#6055,.T.);
#3210=ORIENTED_EDGE('',*,*,#6056,.F.);
#3211=ORIENTED_EDGE('',*,*,#6057,.F.);
#3212=ORIENTED_EDGE('',*,*,#6058,.F.);
#3213=ORIENTED_EDGE('',*,*,#6059,.F.);
#3214=ORIENTED_EDGE('',*,*,#6045,.F.);
#3215=ORIENTED_EDGE('',*,*,#6042,.T.);
#3216=ORIENTED_EDGE('',*,*,#6060,.T.);
#3217=ORIENTED_EDGE('',*,*,#6061,.F.);
#3218=ORIENTED_EDGE('',*,*,#6062,.F.);
#3219=ORIENTED_EDGE('',*,*,#6034,.T.);
#3220=ORIENTED_EDGE('',*,*,#6050,.T.);
#3221=ORIENTED_EDGE('',*,*,#6063,.F.);
#3222=ORIENTED_EDGE('',*,*,#6064,.F.);
#3223=ORIENTED_EDGE('',*,*,#6035,.T.);
#3224=ORIENTED_EDGE('',*,*,#6062,.T.);
#3225=ORIENTED_EDGE('',*,*,#6065,.F.);
#3226=ORIENTED_EDGE('',*,*,#6053,.F.);
#3227=ORIENTED_EDGE('',*,*,#6036,.T.);
#3228=ORIENTED_EDGE('',*,*,#6064,.T.);
#3229=ORIENTED_EDGE('',*,*,#6066,.F.);
#3230=ORIENTED_EDGE('',*,*,#6067,.F.);
#3231=ORIENTED_EDGE('',*,*,#6040,.T.);
#3232=ORIENTED_EDGE('',*,*,#6058,.T.);
#3233=ORIENTED_EDGE('',*,*,#6068,.F.);
#3234=ORIENTED_EDGE('',*,*,#6060,.F.);
#3235=ORIENTED_EDGE('',*,*,#6041,.T.);
#3236=ORIENTED_EDGE('',*,*,#6067,.T.);
#3237=ORIENTED_EDGE('',*,*,#6059,.T.);
#3238=ORIENTED_EDGE('',*,*,#6068,.T.);
#3239=ORIENTED_EDGE('',*,*,#6066,.T.);
#3240=ORIENTED_EDGE('',*,*,#6057,.T.);
#3241=ORIENTED_EDGE('',*,*,#6069,.F.);
#3242=ORIENTED_EDGE('',*,*,#6070,.F.);
#3243=ORIENTED_EDGE('',*,*,#6071,.F.);
#3244=ORIENTED_EDGE('',*,*,#6072,.F.);
#3245=ORIENTED_EDGE('',*,*,#6073,.F.);
#3246=ORIENTED_EDGE('',*,*,#6074,.F.);
#3247=ORIENTED_EDGE('',*,*,#6075,.F.);
#3248=ORIENTED_EDGE('',*,*,#6076,.F.);
#3249=ORIENTED_EDGE('',*,*,#6077,.F.);
#3250=ORIENTED_EDGE('',*,*,#6078,.F.);
#3251=ORIENTED_EDGE('',*,*,#6079,.F.);
#3252=ORIENTED_EDGE('',*,*,#6054,.T.);
#3253=ORIENTED_EDGE('',*,*,#6065,.T.);
#3254=ORIENTED_EDGE('',*,*,#6063,.T.);
#3255=ORIENTED_EDGE('',*,*,#6061,.T.);
#3256=ORIENTED_EDGE('',*,*,#6049,.T.);
#3257=ORIENTED_EDGE('',*,*,#6080,.T.);
#3258=ORIENTED_EDGE('',*,*,#6081,.T.);
#3259=ORIENTED_EDGE('',*,*,#6082,.T.);
#3260=ORIENTED_EDGE('',*,*,#6083,.T.);
#3261=ORIENTED_EDGE('',*,*,#6084,.T.);
#3262=ORIENTED_EDGE('',*,*,#6085,.T.);
#3263=ORIENTED_EDGE('',*,*,#6086,.T.);
#3264=ORIENTED_EDGE('',*,*,#6087,.T.);
#3265=ORIENTED_EDGE('',*,*,#6088,.T.);
#3266=ORIENTED_EDGE('',*,*,#6089,.T.);
#3267=ORIENTED_EDGE('',*,*,#6090,.T.);
#3268=ORIENTED_EDGE('',*,*,#6046,.T.);
#3269=ORIENTED_EDGE('',*,*,#6091,.T.);
#3270=ORIENTED_EDGE('',*,*,#6051,.T.);
#3271=ORIENTED_EDGE('',*,*,#6079,.T.);
#3272=ORIENTED_EDGE('',*,*,#6092,.F.);
#3273=ORIENTED_EDGE('',*,*,#6093,.T.);
#3274=ORIENTED_EDGE('',*,*,#6094,.T.);
#3275=ORIENTED_EDGE('',*,*,#6095,.T.);
#3276=ORIENTED_EDGE('',*,*,#6096,.F.);
#3277=ORIENTED_EDGE('',*,*,#6097,.F.);
#3278=ORIENTED_EDGE('',*,*,#6098,.T.);
#3279=ORIENTED_EDGE('',*,*,#6099,.F.);
#3280=ORIENTED_EDGE('',*,*,#6100,.F.);
#3281=ORIENTED_EDGE('',*,*,#6101,.F.);
#3282=ORIENTED_EDGE('',*,*,#6102,.F.);
#3283=ORIENTED_EDGE('',*,*,#6103,.F.);
#3284=ORIENTED_EDGE('',*,*,#6104,.T.);
#3285=ORIENTED_EDGE('',*,*,#6105,.F.);
#3286=ORIENTED_EDGE('',*,*,#6106,.F.);
#3287=ORIENTED_EDGE('',*,*,#6098,.F.);
#3288=ORIENTED_EDGE('',*,*,#6107,.F.);
#3289=ORIENTED_EDGE('',*,*,#6108,.F.);
#3290=ORIENTED_EDGE('',*,*,#6109,.T.);
#3291=ORIENTED_EDGE('',*,*,#6110,.F.);
#3292=ORIENTED_EDGE('',*,*,#6111,.F.);
#3293=ORIENTED_EDGE('',*,*,#6104,.F.);
#3294=ORIENTED_EDGE('',*,*,#6112,.F.);
#3295=ORIENTED_EDGE('',*,*,#6113,.T.);
#3296=ORIENTED_EDGE('',*,*,#6114,.F.);
#3297=ORIENTED_EDGE('',*,*,#6109,.F.);
#3298=ORIENTED_EDGE('',*,*,#6115,.F.);
#3299=ORIENTED_EDGE('',*,*,#6116,.F.);
#3300=ORIENTED_EDGE('',*,*,#6117,.F.);
#3301=ORIENTED_EDGE('',*,*,#6118,.F.);
#3302=ORIENTED_EDGE('',*,*,#6119,.F.);
#3303=ORIENTED_EDGE('',*,*,#6120,.F.);
#3304=ORIENTED_EDGE('',*,*,#6121,.F.);
#3305=ORIENTED_EDGE('',*,*,#6122,.F.);
#3306=ORIENTED_EDGE('',*,*,#6123,.F.);
#3307=ORIENTED_EDGE('',*,*,#6124,.F.);
#3308=ORIENTED_EDGE('',*,*,#6125,.F.);
#3309=ORIENTED_EDGE('',*,*,#6113,.F.);
#3310=ORIENTED_EDGE('',*,*,#6126,.F.);
#3311=ORIENTED_EDGE('',*,*,#6127,.F.);
#3312=ORIENTED_EDGE('',*,*,#6128,.F.);
#3313=ORIENTED_EDGE('',*,*,#6129,.F.);
#3314=ORIENTED_EDGE('',*,*,#6130,.F.);
#3315=ORIENTED_EDGE('',*,*,#6131,.F.);
#3316=ORIENTED_EDGE('',*,*,#6132,.F.);
#3317=ORIENTED_EDGE('',*,*,#6133,.F.);
#3318=ORIENTED_EDGE('',*,*,#6134,.F.);
#3319=ORIENTED_EDGE('',*,*,#6135,.F.);
#3320=ORIENTED_EDGE('',*,*,#6136,.F.);
#3321=ORIENTED_EDGE('',*,*,#6137,.F.);
#3322=ORIENTED_EDGE('',*,*,#6138,.F.);
#3323=ORIENTED_EDGE('',*,*,#6139,.F.);
#3324=ORIENTED_EDGE('',*,*,#6140,.F.);
#3325=ORIENTED_EDGE('',*,*,#6141,.F.);
#3326=ORIENTED_EDGE('',*,*,#6142,.F.);
#3327=ORIENTED_EDGE('',*,*,#6143,.F.);
#3328=ORIENTED_EDGE('',*,*,#6144,.F.);
#3329=ORIENTED_EDGE('',*,*,#6145,.T.);
#3330=ORIENTED_EDGE('',*,*,#6146,.F.);
#3331=ORIENTED_EDGE('',*,*,#6147,.T.);
#3332=ORIENTED_EDGE('',*,*,#6148,.F.);
#3333=ORIENTED_EDGE('',*,*,#6149,.F.);
#3334=ORIENTED_EDGE('',*,*,#6150,.F.);
#3335=ORIENTED_EDGE('',*,*,#6151,.T.);
#3336=ORIENTED_EDGE('',*,*,#6152,.F.);
#3337=ORIENTED_EDGE('',*,*,#6147,.F.);
#3338=ORIENTED_EDGE('',*,*,#6153,.F.);
#3339=ORIENTED_EDGE('',*,*,#6154,.T.);
#3340=ORIENTED_EDGE('',*,*,#6155,.F.);
#3341=ORIENTED_EDGE('',*,*,#6151,.F.);
#3342=ORIENTED_EDGE('',*,*,#6156,.F.);
#3343=ORIENTED_EDGE('',*,*,#6101,.T.);
#3344=ORIENTED_EDGE('',*,*,#6157,.F.);
#3345=ORIENTED_EDGE('',*,*,#6154,.F.);
#3346=ORIENTED_EDGE('',*,*,#6158,.F.);
#3347=ORIENTED_EDGE('',*,*,#6159,.F.);
#3348=ORIENTED_EDGE('',*,*,#6095,.F.);
#3349=ORIENTED_EDGE('',*,*,#6160,.F.);
#3350=ORIENTED_EDGE('',*,*,#6161,.F.);
#3351=ORIENTED_EDGE('',*,*,#6162,.F.);
#3352=ORIENTED_EDGE('',*,*,#6093,.F.);
#3353=ORIENTED_EDGE('',*,*,#6163,.F.);
#3354=ORIENTED_EDGE('',*,*,#6164,.F.);
#3355=ORIENTED_EDGE('',*,*,#6165,.F.);
#3356=ORIENTED_EDGE('',*,*,#6166,.F.);
#3357=ORIENTED_EDGE('',*,*,#6167,.F.);
#3358=ORIENTED_EDGE('',*,*,#6168,.F.);
#3359=ORIENTED_EDGE('',*,*,#6169,.F.);
#3360=ORIENTED_EDGE('',*,*,#6170,.F.);
#3361=ORIENTED_EDGE('',*,*,#6171,.F.);
#3362=ORIENTED_EDGE('',*,*,#6166,.T.);
#3363=ORIENTED_EDGE('',*,*,#6172,.F.);
#3364=ORIENTED_EDGE('',*,*,#6173,.F.);
#3365=ORIENTED_EDGE('',*,*,#6174,.F.);
#3366=ORIENTED_EDGE('',*,*,#6175,.T.);
#3367=ORIENTED_EDGE('',*,*,#6176,.F.);
#3368=ORIENTED_EDGE('',*,*,#6177,.F.);
#3369=ORIENTED_EDGE('',*,*,#6175,.F.);
#3370=ORIENTED_EDGE('',*,*,#6178,.F.);
#3371=ORIENTED_EDGE('',*,*,#6179,.F.);
#3372=ORIENTED_EDGE('',*,*,#6180,.F.);
#3373=ORIENTED_EDGE('',*,*,#6131,.T.);
#3374=ORIENTED_EDGE('',*,*,#6181,.F.);
#3375=ORIENTED_EDGE('',*,*,#6173,.T.);
#3376=ORIENTED_EDGE('',*,*,#6182,.F.);
#3377=ORIENTED_EDGE('',*,*,#6183,.F.);
#3378=ORIENTED_EDGE('',*,*,#6184,.F.);
#3379=ORIENTED_EDGE('',*,*,#6168,.T.);
#3380=ORIENTED_EDGE('',*,*,#6185,.F.);
#3381=ORIENTED_EDGE('',*,*,#6141,.T.);
#3382=ORIENTED_EDGE('',*,*,#6186,.F.);
#3383=ORIENTED_EDGE('',*,*,#6121,.T.);
#3384=ORIENTED_EDGE('',*,*,#6187,.T.);
#3385=ORIENTED_EDGE('',*,*,#6159,.T.);
#3386=ORIENTED_EDGE('',*,*,#6188,.F.);
#3387=ORIENTED_EDGE('',*,*,#6187,.F.);
#3388=ORIENTED_EDGE('',*,*,#6120,.T.);
#3389=ORIENTED_EDGE('',*,*,#6189,.T.);
#3390=ORIENTED_EDGE('',*,*,#6096,.T.);
#3391=ORIENTED_EDGE('',*,*,#6163,.T.);
#3392=ORIENTED_EDGE('',*,*,#6189,.F.);
#3393=ORIENTED_EDGE('',*,*,#6119,.T.);
#3394=ORIENTED_EDGE('',*,*,#6190,.F.);
#3395=ORIENTED_EDGE('',*,*,#6191,.T.);
#3396=ORIENTED_EDGE('',*,*,#6164,.T.);
#3397=ORIENTED_EDGE('',*,*,#6192,.T.);
#3398=ORIENTED_EDGE('',*,*,#6128,.T.);
#3399=ORIENTED_EDGE('',*,*,#6192,.F.);
#3400=ORIENTED_EDGE('',*,*,#6190,.T.);
#3401=ORIENTED_EDGE('',*,*,#6193,.T.);
#3402=ORIENTED_EDGE('',*,*,#6129,.T.);
#3403=ORIENTED_EDGE('',*,*,#6193,.F.);
#3404=ORIENTED_EDGE('',*,*,#6118,.T.);
#3405=ORIENTED_EDGE('',*,*,#6194,.T.);
#3406=ORIENTED_EDGE('',*,*,#6130,.T.);
#3407=ORIENTED_EDGE('',*,*,#6194,.F.);
#3408=ORIENTED_EDGE('',*,*,#6117,.T.);
#3409=ORIENTED_EDGE('',*,*,#6195,.T.);
#3410=ORIENTED_EDGE('',*,*,#6181,.T.);
#3411=ORIENTED_EDGE('',*,*,#6195,.F.);
#3412=ORIENTED_EDGE('',*,*,#6116,.T.);
#3413=ORIENTED_EDGE('',*,*,#6196,.T.);
#3414=ORIENTED_EDGE('',*,*,#6174,.T.);
#3415=ORIENTED_EDGE('',*,*,#6196,.F.);
#3416=ORIENTED_EDGE('',*,*,#6126,.T.);
#3417=ORIENTED_EDGE('',*,*,#6197,.T.);
#3418=ORIENTED_EDGE('',*,*,#6178,.T.);
#3419=ORIENTED_EDGE('',*,*,#6197,.F.);
#3420=ORIENTED_EDGE('',*,*,#6115,.T.);
#3421=ORIENTED_EDGE('',*,*,#6198,.T.);
#3422=ORIENTED_EDGE('',*,*,#6179,.T.);
#3423=ORIENTED_EDGE('',*,*,#6198,.F.);
#3424=ORIENTED_EDGE('',*,*,#6108,.T.);
#3425=ORIENTED_EDGE('',*,*,#6199,.T.);
#3426=ORIENTED_EDGE('',*,*,#6180,.T.);
#3427=ORIENTED_EDGE('',*,*,#6199,.F.);
#3428=ORIENTED_EDGE('',*,*,#6112,.T.);
#3429=ORIENTED_EDGE('',*,*,#6200,.T.);
#3430=ORIENTED_EDGE('',*,*,#6176,.T.);
#3431=ORIENTED_EDGE('',*,*,#6200,.F.);
#3432=ORIENTED_EDGE('',*,*,#6103,.T.);
#3433=ORIENTED_EDGE('',*,*,#6201,.T.);
#3434=ORIENTED_EDGE('',*,*,#6177,.T.);
#3435=ORIENTED_EDGE('',*,*,#6201,.F.);
#3436=ORIENTED_EDGE('',*,*,#6107,.T.);
#3437=ORIENTED_EDGE('',*,*,#6202,.T.);
#3438=ORIENTED_EDGE('',*,*,#6182,.T.);
#3439=ORIENTED_EDGE('',*,*,#6202,.F.);
#3440=ORIENTED_EDGE('',*,*,#6097,.T.);
#3441=ORIENTED_EDGE('',*,*,#6203,.T.);
#3442=ORIENTED_EDGE('',*,*,#6183,.T.);
#3443=ORIENTED_EDGE('',*,*,#6203,.F.);
#3444=ORIENTED_EDGE('',*,*,#6102,.T.);
#3445=ORIENTED_EDGE('',*,*,#6204,.T.);
#3446=ORIENTED_EDGE('',*,*,#6132,.T.);
#3447=ORIENTED_EDGE('',*,*,#6204,.F.);
#3448=ORIENTED_EDGE('',*,*,#6158,.T.);
#3449=ORIENTED_EDGE('',*,*,#6205,.T.);
#3450=ORIENTED_EDGE('',*,*,#6133,.T.);
#3451=ORIENTED_EDGE('',*,*,#6205,.F.);
#3452=ORIENTED_EDGE('',*,*,#6156,.T.);
#3453=ORIENTED_EDGE('',*,*,#6206,.T.);
#3454=ORIENTED_EDGE('',*,*,#6134,.T.);
#3455=ORIENTED_EDGE('',*,*,#6206,.F.);
#3456=ORIENTED_EDGE('',*,*,#6153,.T.);
#3457=ORIENTED_EDGE('',*,*,#6207,.T.);
#3458=ORIENTED_EDGE('',*,*,#6135,.T.);
#3459=ORIENTED_EDGE('',*,*,#6208,.T.);
#3460=ORIENTED_EDGE('',*,*,#6136,.T.);
#3461=ORIENTED_EDGE('',*,*,#6207,.F.);
#3462=ORIENTED_EDGE('',*,*,#6150,.T.);
#3463=ORIENTED_EDGE('',*,*,#6209,.T.);
#3464=ORIENTED_EDGE('',*,*,#6144,.T.);
#3465=ORIENTED_EDGE('',*,*,#6210,.T.);
#3466=ORIENTED_EDGE('',*,*,#6161,.T.);
#3467=ORIENTED_EDGE('',*,*,#6210,.F.);
#3468=ORIENTED_EDGE('',*,*,#6143,.T.);
#3469=ORIENTED_EDGE('',*,*,#6211,.T.);
#3470=ORIENTED_EDGE('',*,*,#6188,.T.);
#3471=ORIENTED_EDGE('',*,*,#6211,.F.);
#3472=ORIENTED_EDGE('',*,*,#6142,.T.);
#3473=ORIENTED_EDGE('',*,*,#6212,.T.);
#3474=ORIENTED_EDGE('',*,*,#6122,.T.);
#3475=ORIENTED_EDGE('',*,*,#6212,.F.);
#3476=ORIENTED_EDGE('',*,*,#6185,.T.);
#3477=ORIENTED_EDGE('',*,*,#6213,.T.);
#3478=ORIENTED_EDGE('',*,*,#6123,.T.);
#3479=ORIENTED_EDGE('',*,*,#6213,.F.);
#3480=ORIENTED_EDGE('',*,*,#6167,.T.);
#3481=ORIENTED_EDGE('',*,*,#6214,.T.);
#3482=ORIENTED_EDGE('',*,*,#6124,.T.);
#3483=ORIENTED_EDGE('',*,*,#6214,.F.);
#3484=ORIENTED_EDGE('',*,*,#6171,.T.);
#3485=ORIENTED_EDGE('',*,*,#6215,.T.);
#3486=ORIENTED_EDGE('',*,*,#6125,.T.);
#3487=ORIENTED_EDGE('',*,*,#6215,.F.);
#3488=ORIENTED_EDGE('',*,*,#6170,.T.);
#3489=ORIENTED_EDGE('',*,*,#6216,.T.);
#3490=ORIENTED_EDGE('',*,*,#6114,.T.);
#3491=ORIENTED_EDGE('',*,*,#6216,.F.);
#3492=ORIENTED_EDGE('',*,*,#6172,.T.);
#3493=ORIENTED_EDGE('',*,*,#6217,.T.);
#3494=ORIENTED_EDGE('',*,*,#6110,.T.);
#3495=ORIENTED_EDGE('',*,*,#6217,.F.);
#3496=ORIENTED_EDGE('',*,*,#6165,.T.);
#3497=ORIENTED_EDGE('',*,*,#6218,.T.);
#3498=ORIENTED_EDGE('',*,*,#6111,.T.);
#3499=ORIENTED_EDGE('',*,*,#6218,.F.);
#3500=ORIENTED_EDGE('',*,*,#6169,.T.);
#3501=ORIENTED_EDGE('',*,*,#6219,.T.);
#3502=ORIENTED_EDGE('',*,*,#6105,.T.);
#3503=ORIENTED_EDGE('',*,*,#6219,.F.);
#3504=ORIENTED_EDGE('',*,*,#6184,.T.);
#3505=ORIENTED_EDGE('',*,*,#6220,.T.);
#3506=ORIENTED_EDGE('',*,*,#6106,.T.);
#3507=ORIENTED_EDGE('',*,*,#6220,.F.);
#3508=ORIENTED_EDGE('',*,*,#6186,.T.);
#3509=ORIENTED_EDGE('',*,*,#6221,.T.);
#3510=ORIENTED_EDGE('',*,*,#6099,.T.);
#3511=ORIENTED_EDGE('',*,*,#6221,.F.);
#3512=ORIENTED_EDGE('',*,*,#6140,.T.);
#3513=ORIENTED_EDGE('',*,*,#6222,.T.);
#3514=ORIENTED_EDGE('',*,*,#6100,.T.);
#3515=ORIENTED_EDGE('',*,*,#6222,.F.);
#3516=ORIENTED_EDGE('',*,*,#6139,.T.);
#3517=ORIENTED_EDGE('',*,*,#6223,.T.);
#3518=ORIENTED_EDGE('',*,*,#6157,.T.);
#3519=ORIENTED_EDGE('',*,*,#6223,.F.);
#3520=ORIENTED_EDGE('',*,*,#6138,.T.);
#3521=ORIENTED_EDGE('',*,*,#6224,.T.);
#3522=ORIENTED_EDGE('',*,*,#6155,.T.);
#3523=ORIENTED_EDGE('',*,*,#6224,.F.);
#3524=ORIENTED_EDGE('',*,*,#6137,.T.);
#3525=ORIENTED_EDGE('',*,*,#6225,.T.);
#3526=ORIENTED_EDGE('',*,*,#6152,.T.);
#3527=ORIENTED_EDGE('',*,*,#6226,.T.);
#3528=ORIENTED_EDGE('',*,*,#6148,.T.);
#3529=ORIENTED_EDGE('',*,*,#6225,.F.);
#3530=ORIENTED_EDGE('',*,*,#6146,.T.);
#3531=ORIENTED_EDGE('',*,*,#6227,.F.);
#3532=ORIENTED_EDGE('',*,*,#6228,.F.);
#3533=ORIENTED_EDGE('',*,*,#6229,.F.);
#3534=ORIENTED_EDGE('',*,*,#6230,.F.);
#3535=ORIENTED_EDGE('',*,*,#6231,.F.);
#3536=ORIENTED_EDGE('',*,*,#6162,.T.);
#3537=ORIENTED_EDGE('',*,*,#6191,.F.);
#3538=ORIENTED_EDGE('',*,*,#6127,.T.);
#3539=ORIENTED_EDGE('',*,*,#6208,.F.);
#3540=ORIENTED_EDGE('',*,*,#6149,.T.);
#3541=ORIENTED_EDGE('',*,*,#6226,.F.);
#3542=ORIENTED_EDGE('',*,*,#6145,.F.);
#3543=ORIENTED_EDGE('',*,*,#6209,.F.);
#3544=ORIENTED_EDGE('',*,*,#6160,.T.);
#3545=ORIENTED_EDGE('',*,*,#6094,.F.);
#3546=ORIENTED_EDGE('',*,*,#6232,.T.);
#3547=ORIENTED_EDGE('',*,*,#6233,.F.);
#3548=ORIENTED_EDGE('',*,*,#6234,.T.);
#3549=ORIENTED_EDGE('',*,*,#6235,.T.);
#3550=ORIENTED_EDGE('',*,*,#6236,.T.);
#3551=ORIENTED_EDGE('',*,*,#6237,.F.);
#3552=ORIENTED_EDGE('',*,*,#6238,.F.);
#3553=ORIENTED_EDGE('',*,*,#6239,.F.);
#3554=ORIENTED_EDGE('',*,*,#6240,.F.);
#3555=ORIENTED_EDGE('',*,*,#6241,.F.);
#3556=ORIENTED_EDGE('',*,*,#6242,.F.);
#3557=ORIENTED_EDGE('',*,*,#6243,.F.);
#3558=ORIENTED_EDGE('',*,*,#6244,.F.);
#3559=ORIENTED_EDGE('',*,*,#6245,.F.);
#3560=ORIENTED_EDGE('',*,*,#6246,.F.);
#3561=ORIENTED_EDGE('',*,*,#6247,.T.);
#3562=ORIENTED_EDGE('',*,*,#6248,.T.);
#3563=ORIENTED_EDGE('',*,*,#6249,.F.);
#3564=ORIENTED_EDGE('',*,*,#6250,.F.);
#3565=ORIENTED_EDGE('',*,*,#6251,.F.);
#3566=ORIENTED_EDGE('',*,*,#6252,.F.);
#3567=ORIENTED_EDGE('',*,*,#6253,.F.);
#3568=ORIENTED_EDGE('',*,*,#6254,.T.);
#3569=ORIENTED_EDGE('',*,*,#6255,.F.);
#3570=ORIENTED_EDGE('',*,*,#6256,.T.);
#3571=ORIENTED_EDGE('',*,*,#6257,.T.);
#3572=ORIENTED_EDGE('',*,*,#6258,.F.);
#3573=ORIENTED_EDGE('',*,*,#6259,.T.);
#3574=ORIENTED_EDGE('',*,*,#6260,.T.);
#3575=ORIENTED_EDGE('',*,*,#6261,.F.);
#3576=ORIENTED_EDGE('',*,*,#6262,.F.);
#3577=ORIENTED_EDGE('',*,*,#6020,.F.);
#3578=ORIENTED_EDGE('',*,*,#6029,.F.);
#3579=ORIENTED_EDGE('',*,*,#6263,.F.);
#3580=ORIENTED_EDGE('',*,*,#6264,.T.);
#3581=ORIENTED_EDGE('',*,*,#6265,.F.);
#3582=ORIENTED_EDGE('',*,*,#6266,.F.);
#3583=ORIENTED_EDGE('',*,*,#6267,.F.);
#3584=ORIENTED_EDGE('',*,*,#6268,.F.);
#3585=ORIENTED_EDGE('',*,*,#6022,.F.);
#3586=ORIENTED_EDGE('',*,*,#5998,.F.);
#3587=ORIENTED_EDGE('',*,*,#6052,.F.);
#3588=ORIENTED_EDGE('',*,*,#6091,.F.);
#3589=ORIENTED_EDGE('',*,*,#6269,.F.);
#3590=ORIENTED_EDGE('',*,*,#6270,.F.);
#3591=ORIENTED_EDGE('',*,*,#6271,.F.);
#3592=ORIENTED_EDGE('',*,*,#6272,.T.);
#3593=ORIENTED_EDGE('',*,*,#6273,.F.);
#3594=ORIENTED_EDGE('',*,*,#6274,.F.);
#3595=ORIENTED_EDGE('',*,*,#6055,.F.);
#3596=ORIENTED_EDGE('',*,*,#6038,.F.);
#3597=ORIENTED_EDGE('',*,*,#5818,.T.);
#3598=ORIENTED_EDGE('',*,*,#6275,.F.);
#3599=ORIENTED_EDGE('',*,*,#6071,.T.);
#3600=ORIENTED_EDGE('',*,*,#6276,.F.);
#3601=ORIENTED_EDGE('',*,*,#6077,.T.);
#3602=ORIENTED_EDGE('',*,*,#6277,.F.);
#3603=ORIENTED_EDGE('',*,*,#5812,.T.);
#3604=ORIENTED_EDGE('',*,*,#6278,.F.);
#3605=ORIENTED_EDGE('',*,*,#6265,.T.);
#3606=ORIENTED_EDGE('',*,*,#6279,.F.);
#3607=ORIENTED_EDGE('',*,*,#6280,.F.);
#3608=ORIENTED_EDGE('',*,*,#6281,.F.);
#3609=ORIENTED_EDGE('',*,*,#6282,.F.);
#3610=ORIENTED_EDGE('',*,*,#6271,.T.);
#3611=ORIENTED_EDGE('',*,*,#6283,.F.);
#3612=ORIENTED_EDGE('',*,*,#6248,.F.);
#3613=ORIENTED_EDGE('',*,*,#6284,.T.);
#3614=ORIENTED_EDGE('',*,*,#6261,.T.);
#3615=ORIENTED_EDGE('',*,*,#6285,.T.);
#3616=ORIENTED_EDGE('',*,*,#6279,.T.);
#3617=ORIENTED_EDGE('',*,*,#6264,.F.);
#3618=ORIENTED_EDGE('',*,*,#6286,.F.);
#3619=ORIENTED_EDGE('',*,*,#6272,.F.);
#3620=ORIENTED_EDGE('',*,*,#6282,.T.);
#3621=ORIENTED_EDGE('',*,*,#6287,.T.);
#3622=ORIENTED_EDGE('',*,*,#6262,.T.);
#3623=ORIENTED_EDGE('',*,*,#6284,.F.);
#3624=ORIENTED_EDGE('',*,*,#6247,.F.);
#3625=ORIENTED_EDGE('',*,*,#6288,.F.);
#3626=ORIENTED_EDGE('',*,*,#6289,.F.);
#3627=ORIENTED_EDGE('',*,*,#6075,.T.);
#3628=ORIENTED_EDGE('',*,*,#6290,.T.);
#3629=ORIENTED_EDGE('',*,*,#6291,.T.);
#3630=ORIENTED_EDGE('',*,*,#6292,.F.);
#3631=ORIENTED_EDGE('',*,*,#6076,.T.);
#3632=ORIENTED_EDGE('',*,*,#6289,.T.);
#3633=ORIENTED_EDGE('',*,*,#6293,.T.);
#3634=ORIENTED_EDGE('',*,*,#6294,.F.);
#3635=ORIENTED_EDGE('',*,*,#6277,.T.);
#3636=ORIENTED_EDGE('',*,*,#6292,.T.);
#3637=ORIENTED_EDGE('',*,*,#6295,.T.);
#3638=ORIENTED_EDGE('',*,*,#6294,.T.);
#3639=ORIENTED_EDGE('',*,*,#6296,.T.);
#3640=ORIENTED_EDGE('',*,*,#6297,.T.);
#3641=ORIENTED_EDGE('',*,*,#5813,.T.);
#3642=ORIENTED_EDGE('',*,*,#6297,.F.);
#3643=ORIENTED_EDGE('',*,*,#6298,.T.);
#3644=ORIENTED_EDGE('',*,*,#6299,.T.);
#3645=ORIENTED_EDGE('',*,*,#5814,.T.);
#3646=ORIENTED_EDGE('',*,*,#6300,.T.);
#3647=ORIENTED_EDGE('',*,*,#6301,.T.);
#3648=ORIENTED_EDGE('',*,*,#6302,.T.);
#3649=ORIENTED_EDGE('',*,*,#6303,.F.);
#3650=ORIENTED_EDGE('',*,*,#6304,.F.);
#3651=ORIENTED_EDGE('',*,*,#6305,.F.);
#3652=ORIENTED_EDGE('',*,*,#6306,.T.);
#3653=ORIENTED_EDGE('',*,*,#6307,.F.);
#3654=ORIENTED_EDGE('',*,*,#6306,.F.);
#3655=ORIENTED_EDGE('',*,*,#6308,.F.);
#3656=ORIENTED_EDGE('',*,*,#6309,.T.);
#3657=ORIENTED_EDGE('',*,*,#6310,.F.);
#3658=ORIENTED_EDGE('',*,*,#6311,.F.);
#3659=ORIENTED_EDGE('',*,*,#6245,.T.);
#3660=ORIENTED_EDGE('',*,*,#6312,.T.);
#3661=ORIENTED_EDGE('',*,*,#6313,.T.);
#3662=ORIENTED_EDGE('',*,*,#6314,.F.);
#3663=ORIENTED_EDGE('',*,*,#6246,.T.);
#3664=ORIENTED_EDGE('',*,*,#6311,.T.);
#3665=ORIENTED_EDGE('',*,*,#6315,.T.);
#3666=ORIENTED_EDGE('',*,*,#6316,.T.);
#3667=ORIENTED_EDGE('',*,*,#6237,.T.);
#3668=ORIENTED_EDGE('',*,*,#6314,.T.);
#3669=ORIENTED_EDGE('',*,*,#6317,.T.);
#3670=ORIENTED_EDGE('',*,*,#6316,.F.);
#3671=ORIENTED_EDGE('',*,*,#6318,.T.);
#3672=ORIENTED_EDGE('',*,*,#6319,.T.);
#3673=ORIENTED_EDGE('',*,*,#6238,.T.);
#3674=ORIENTED_EDGE('',*,*,#6320,.F.);
#3675=ORIENTED_EDGE('',*,*,#6321,.F.);
#3676=ORIENTED_EDGE('',*,*,#6322,.F.);
#3677=ORIENTED_EDGE('',*,*,#6323,.F.);
#3678=ORIENTED_EDGE('',*,*,#6324,.F.);
#3679=ORIENTED_EDGE('',*,*,#6325,.T.);
#3680=ORIENTED_EDGE('',*,*,#6326,.T.);
#3681=ORIENTED_EDGE('',*,*,#6240,.T.);
#3682=ORIENTED_EDGE('',*,*,#6319,.F.);
#3683=ORIENTED_EDGE('',*,*,#6323,.T.);
#3684=ORIENTED_EDGE('',*,*,#6324,.T.);
#3685=ORIENTED_EDGE('',*,*,#6239,.T.);
#3686=ORIENTED_EDGE('',*,*,#6327,.T.);
#3687=ORIENTED_EDGE('',*,*,#6328,.T.);
#3688=ORIENTED_EDGE('',*,*,#6320,.T.);
#3689=ORIENTED_EDGE('',*,*,#6318,.F.);
#3690=ORIENTED_EDGE('',*,*,#6329,.F.);
#3691=ORIENTED_EDGE('',*,*,#6330,.T.);
#3692=ORIENTED_EDGE('',*,*,#6328,.F.);
#3693=ORIENTED_EDGE('',*,*,#6331,.T.);
#3694=ORIENTED_EDGE('',*,*,#6329,.T.);
#3695=ORIENTED_EDGE('',*,*,#6332,.T.);
#3696=ORIENTED_EDGE('',*,*,#6298,.F.);
#3697=ORIENTED_EDGE('',*,*,#6299,.F.);
#3698=ORIENTED_EDGE('',*,*,#6333,.T.);
#3699=ORIENTED_EDGE('',*,*,#6334,.T.);
#3700=ORIENTED_EDGE('',*,*,#5815,.T.);
#3701=ORIENTED_EDGE('',*,*,#6334,.F.);
#3702=ORIENTED_EDGE('',*,*,#6335,.T.);
#3703=ORIENTED_EDGE('',*,*,#6336,.T.);
#3704=ORIENTED_EDGE('',*,*,#5816,.T.);
#3705=ORIENTED_EDGE('',*,*,#6336,.F.);
#3706=ORIENTED_EDGE('',*,*,#6337,.T.);
#3707=ORIENTED_EDGE('',*,*,#6338,.T.);
#3708=ORIENTED_EDGE('',*,*,#5817,.T.);
#3709=ORIENTED_EDGE('',*,*,#6338,.F.);
#3710=ORIENTED_EDGE('',*,*,#6339,.T.);
#3711=ORIENTED_EDGE('',*,*,#6340,.T.);
#3712=ORIENTED_EDGE('',*,*,#6275,.T.);
#3713=ORIENTED_EDGE('',*,*,#6340,.F.);
#3714=ORIENTED_EDGE('',*,*,#6341,.T.);
#3715=ORIENTED_EDGE('',*,*,#6342,.F.);
#3716=ORIENTED_EDGE('',*,*,#6072,.T.);
#3717=ORIENTED_EDGE('',*,*,#6343,.F.);
#3718=ORIENTED_EDGE('',*,*,#6073,.T.);
#3719=ORIENTED_EDGE('',*,*,#6342,.T.);
#3720=ORIENTED_EDGE('',*,*,#6344,.T.);
#3721=ORIENTED_EDGE('',*,*,#6290,.F.);
#3722=ORIENTED_EDGE('',*,*,#6074,.T.);
#3723=ORIENTED_EDGE('',*,*,#6343,.T.);
#3724=ORIENTED_EDGE('',*,*,#6345,.T.);
#3725=ORIENTED_EDGE('',*,*,#6346,.T.);
#3726=ORIENTED_EDGE('',*,*,#6347,.T.);
#3727=ORIENTED_EDGE('',*,*,#6348,.T.);
#3728=ORIENTED_EDGE('',*,*,#6291,.F.);
#3729=ORIENTED_EDGE('',*,*,#6349,.F.);
#3730=ORIENTED_EDGE('',*,*,#6350,.T.);
#3731=ORIENTED_EDGE('',*,*,#6347,.F.);
#3732=ORIENTED_EDGE('',*,*,#6348,.F.);
#3733=ORIENTED_EDGE('',*,*,#6351,.F.);
#3734=ORIENTED_EDGE('',*,*,#6331,.F.);
#3735=ORIENTED_EDGE('',*,*,#6296,.F.);
#3736=ORIENTED_EDGE('',*,*,#6295,.F.);
#3737=ORIENTED_EDGE('',*,*,#6293,.F.);
#3738=ORIENTED_EDGE('',*,*,#6330,.F.);
#3739=ORIENTED_EDGE('',*,*,#6351,.T.);
#3740=ORIENTED_EDGE('',*,*,#6350,.F.);
#3741=ORIENTED_EDGE('',*,*,#6321,.T.);
#3742=ORIENTED_EDGE('',*,*,#6322,.T.);
#3743=ORIENTED_EDGE('',*,*,#6349,.T.);
#3744=ORIENTED_EDGE('',*,*,#6352,.T.);
#3745=ORIENTED_EDGE('',*,*,#6325,.F.);
#3746=ORIENTED_EDGE('',*,*,#6326,.F.);
#3747=ORIENTED_EDGE('',*,*,#6353,.T.);
#3748=ORIENTED_EDGE('',*,*,#6354,.T.);
#3749=ORIENTED_EDGE('',*,*,#6241,.T.);
#3750=ORIENTED_EDGE('',*,*,#6355,.F.);
#3751=ORIENTED_EDGE('',*,*,#6242,.T.);
#3752=ORIENTED_EDGE('',*,*,#6354,.F.);
#3753=ORIENTED_EDGE('',*,*,#6356,.T.);
#3754=ORIENTED_EDGE('',*,*,#6357,.F.);
#3755=ORIENTED_EDGE('',*,*,#6243,.T.);
#3756=ORIENTED_EDGE('',*,*,#6355,.T.);
#3757=ORIENTED_EDGE('',*,*,#6307,.T.);
#3758=ORIENTED_EDGE('',*,*,#6312,.F.);
#3759=ORIENTED_EDGE('',*,*,#6244,.T.);
#3760=ORIENTED_EDGE('',*,*,#6357,.T.);
#3761=ORIENTED_EDGE('',*,*,#6310,.T.);
#3762=ORIENTED_EDGE('',*,*,#6309,.F.);
#3763=ORIENTED_EDGE('',*,*,#6358,.F.);
#3764=ORIENTED_EDGE('',*,*,#6359,.F.);
#3765=ORIENTED_EDGE('',*,*,#6360,.F.);
#3766=ORIENTED_EDGE('',*,*,#6313,.F.);
#3767=ORIENTED_EDGE('',*,*,#6361,.F.);
#3768=ORIENTED_EDGE('',*,*,#6362,.T.);
#3769=ORIENTED_EDGE('',*,*,#6363,.T.);
#3770=ORIENTED_EDGE('',*,*,#6359,.T.);
#3771=ORIENTED_EDGE('',*,*,#6363,.F.);
#3772=ORIENTED_EDGE('',*,*,#6364,.T.);
#3773=ORIENTED_EDGE('',*,*,#6365,.T.);
#3774=ORIENTED_EDGE('',*,*,#6360,.T.);
#3775=ORIENTED_EDGE('',*,*,#6365,.F.);
#3776=ORIENTED_EDGE('',*,*,#6366,.T.);
#3777=ORIENTED_EDGE('',*,*,#6315,.F.);
#3778=ORIENTED_EDGE('',*,*,#6366,.F.);
#3779=ORIENTED_EDGE('',*,*,#6367,.F.);
#3780=ORIENTED_EDGE('',*,*,#6333,.F.);
#3781=ORIENTED_EDGE('',*,*,#6332,.F.);
#3782=ORIENTED_EDGE('',*,*,#6327,.F.);
#3783=ORIENTED_EDGE('',*,*,#6317,.F.);
#3784=ORIENTED_EDGE('',*,*,#6362,.F.);
#3785=ORIENTED_EDGE('',*,*,#6368,.T.);
#3786=ORIENTED_EDGE('',*,*,#6335,.F.);
#3787=ORIENTED_EDGE('',*,*,#6367,.T.);
#3788=ORIENTED_EDGE('',*,*,#6364,.F.);
#3789=ORIENTED_EDGE('',*,*,#6369,.F.);
#3790=ORIENTED_EDGE('',*,*,#6370,.T.);
#3791=ORIENTED_EDGE('',*,*,#6361,.T.);
#3792=ORIENTED_EDGE('',*,*,#6358,.T.);
#3793=ORIENTED_EDGE('',*,*,#6371,.F.);
#3794=ORIENTED_EDGE('',*,*,#6372,.T.);
#3795=ORIENTED_EDGE('',*,*,#6369,.T.);
#3796=ORIENTED_EDGE('',*,*,#6308,.T.);
#3797=ORIENTED_EDGE('',*,*,#6373,.F.);
#3798=ORIENTED_EDGE('',*,*,#6374,.T.);
#3799=ORIENTED_EDGE('',*,*,#6371,.T.);
#3800=ORIENTED_EDGE('',*,*,#6305,.T.);
#3801=ORIENTED_EDGE('',*,*,#6301,.F.);
#3802=ORIENTED_EDGE('',*,*,#6375,.T.);
#3803=ORIENTED_EDGE('',*,*,#6373,.T.);
#3804=ORIENTED_EDGE('',*,*,#6304,.T.);
#3805=ORIENTED_EDGE('',*,*,#6376,.T.);
#3806=ORIENTED_EDGE('',*,*,#6302,.F.);
#3807=ORIENTED_EDGE('',*,*,#6303,.T.);
#3808=ORIENTED_EDGE('',*,*,#6356,.F.);
#3809=ORIENTED_EDGE('',*,*,#6352,.F.);
#3810=ORIENTED_EDGE('',*,*,#6346,.F.);
#3811=ORIENTED_EDGE('',*,*,#6345,.F.);
#3812=ORIENTED_EDGE('',*,*,#6377,.F.);
#3813=ORIENTED_EDGE('',*,*,#6376,.F.);
#3814=ORIENTED_EDGE('',*,*,#6353,.F.);
#3815=ORIENTED_EDGE('',*,*,#6377,.T.);
#3816=ORIENTED_EDGE('',*,*,#6344,.F.);
#3817=ORIENTED_EDGE('',*,*,#6378,.T.);
#3818=ORIENTED_EDGE('',*,*,#6375,.F.);
#3819=ORIENTED_EDGE('',*,*,#6300,.F.);
#3820=ORIENTED_EDGE('',*,*,#6372,.F.);
#3821=ORIENTED_EDGE('',*,*,#6374,.F.);
#3822=ORIENTED_EDGE('',*,*,#6378,.F.);
#3823=ORIENTED_EDGE('',*,*,#6341,.F.);
#3824=ORIENTED_EDGE('',*,*,#6339,.F.);
#3825=ORIENTED_EDGE('',*,*,#6337,.F.);
#3826=ORIENTED_EDGE('',*,*,#6368,.F.);
#3827=ORIENTED_EDGE('',*,*,#6370,.F.);
#3828=ORIENTED_EDGE('',*,*,#5819,.T.);
#3829=ORIENTED_EDGE('',*,*,#6379,.T.);
#3830=ORIENTED_EDGE('',*,*,#6250,.T.);
#3831=ORIENTED_EDGE('',*,*,#6380,.F.);
#3832=ORIENTED_EDGE('',*,*,#6379,.F.);
#3833=ORIENTED_EDGE('',*,*,#6276,.T.);
#3834=ORIENTED_EDGE('',*,*,#6381,.T.);
#3835=ORIENTED_EDGE('',*,*,#6251,.T.);
#3836=ORIENTED_EDGE('',*,*,#6252,.T.);
#3837=ORIENTED_EDGE('',*,*,#6381,.F.);
#3838=ORIENTED_EDGE('',*,*,#6070,.T.);
#3839=ORIENTED_EDGE('',*,*,#6382,.F.);
#3840=ORIENTED_EDGE('',*,*,#6287,.F.);
#3841=ORIENTED_EDGE('',*,*,#6383,.F.);
#3842=ORIENTED_EDGE('',*,*,#6384,.T.);
#3843=ORIENTED_EDGE('',*,*,#6385,.T.);
#3844=ORIENTED_EDGE('',*,*,#6285,.F.);
#3845=ORIENTED_EDGE('',*,*,#6386,.T.);
#3846=ORIENTED_EDGE('',*,*,#6387,.F.);
#3847=ORIENTED_EDGE('',*,*,#6388,.T.);
#3848=ORIENTED_EDGE('',*,*,#6389,.F.);
#3849=ORIENTED_EDGE('',*,*,#6257,.F.);
#3850=ORIENTED_EDGE('',*,*,#6390,.T.);
#3851=ORIENTED_EDGE('',*,*,#6391,.F.);
#3852=ORIENTED_EDGE('',*,*,#6392,.F.);
#3853=ORIENTED_EDGE('',*,*,#6280,.T.);
#3854=ORIENTED_EDGE('',*,*,#6389,.T.);
#3855=ORIENTED_EDGE('',*,*,#6393,.F.);
#3856=ORIENTED_EDGE('',*,*,#6394,.F.);
#3857=ORIENTED_EDGE('',*,*,#6234,.F.);
#3858=ORIENTED_EDGE('',*,*,#6395,.F.);
#3859=ORIENTED_EDGE('',*,*,#6383,.T.);
#3860=ORIENTED_EDGE('',*,*,#6281,.T.);
#3861=ORIENTED_EDGE('',*,*,#6392,.T.);
#3862=ORIENTED_EDGE('',*,*,#6396,.F.);
#3863=ORIENTED_EDGE('',*,*,#6391,.T.);
#3864=ORIENTED_EDGE('',*,*,#6397,.T.);
#3865=ORIENTED_EDGE('',*,*,#6398,.T.);
#3866=ORIENTED_EDGE('',*,*,#6396,.T.);
#3867=ORIENTED_EDGE('',*,*,#6399,.F.);
#3868=ORIENTED_EDGE('',*,*,#6235,.F.);
#3869=ORIENTED_EDGE('',*,*,#6394,.T.);
#3870=ORIENTED_EDGE('',*,*,#6398,.F.);
#3871=ORIENTED_EDGE('',*,*,#6400,.T.);
#3872=ORIENTED_EDGE('',*,*,#6401,.F.);
#3873=ORIENTED_EDGE('',*,*,#6402,.F.);
#3874=ORIENTED_EDGE('',*,*,#6256,.F.);
#3875=ORIENTED_EDGE('',*,*,#6403,.T.);
#3876=ORIENTED_EDGE('',*,*,#6404,.T.);
#3877=ORIENTED_EDGE('',*,*,#6405,.T.);
#3878=ORIENTED_EDGE('',*,*,#6400,.F.);
#3879=ORIENTED_EDGE('',*,*,#6397,.F.);
#3880=ORIENTED_EDGE('',*,*,#6390,.F.);
#3881=ORIENTED_EDGE('',*,*,#6388,.F.);
#3882=ORIENTED_EDGE('',*,*,#6406,.T.);
#3883=ORIENTED_EDGE('',*,*,#6258,.T.);
#3884=ORIENTED_EDGE('',*,*,#6393,.T.);
#3885=ORIENTED_EDGE('',*,*,#6407,.F.);
#3886=ORIENTED_EDGE('',*,*,#6384,.F.);
#3887=ORIENTED_EDGE('',*,*,#6395,.T.);
#3888=ORIENTED_EDGE('',*,*,#6233,.T.);
#3889=ORIENTED_EDGE('',*,*,#6260,.F.);
#3890=ORIENTED_EDGE('',*,*,#6408,.T.);
#3891=ORIENTED_EDGE('',*,*,#6409,.T.);
#3892=ORIENTED_EDGE('',*,*,#6410,.T.);
#3893=ORIENTED_EDGE('',*,*,#6386,.F.);
#3894=ORIENTED_EDGE('',*,*,#6406,.F.);
#3895=ORIENTED_EDGE('',*,*,#6387,.T.);
#3896=ORIENTED_EDGE('',*,*,#6410,.F.);
#3897=ORIENTED_EDGE('',*,*,#6411,.F.);
#3898=ORIENTED_EDGE('',*,*,#6412,.F.);
#3899=ORIENTED_EDGE('',*,*,#6254,.F.);
#3900=ORIENTED_EDGE('',*,*,#6413,.T.);
#3901=ORIENTED_EDGE('',*,*,#6411,.T.);
#3902=ORIENTED_EDGE('',*,*,#6414,.F.);
#3903=ORIENTED_EDGE('',*,*,#6415,.F.);
#3904=ORIENTED_EDGE('',*,*,#6404,.F.);
#3905=ORIENTED_EDGE('',*,*,#6416,.F.);
#3906=ORIENTED_EDGE('',*,*,#6413,.F.);
#3907=ORIENTED_EDGE('',*,*,#6417,.F.);
#3908=ORIENTED_EDGE('',*,*,#6402,.T.);
#3909=ORIENTED_EDGE('',*,*,#6418,.F.);
#3910=ORIENTED_EDGE('',*,*,#6419,.F.);
#3911=ORIENTED_EDGE('',*,*,#6420,.T.);
#3912=ORIENTED_EDGE('',*,*,#6419,.T.);
#3913=ORIENTED_EDGE('',*,*,#6421,.F.);
#3914=ORIENTED_EDGE('',*,*,#6418,.T.);
#3915=ORIENTED_EDGE('',*,*,#6401,.T.);
#3916=ORIENTED_EDGE('',*,*,#6405,.F.);
#3917=ORIENTED_EDGE('',*,*,#6415,.T.);
#3918=ORIENTED_EDGE('',*,*,#6422,.T.);
#3919=ORIENTED_EDGE('',*,*,#6414,.T.);
#3920=ORIENTED_EDGE('',*,*,#6409,.F.);
#3921=ORIENTED_EDGE('',*,*,#6421,.T.);
#3922=ORIENTED_EDGE('',*,*,#6422,.F.);
#3923=ORIENTED_EDGE('',*,*,#6385,.F.);
#3924=ORIENTED_EDGE('',*,*,#6407,.T.);
#3925=ORIENTED_EDGE('',*,*,#6232,.F.);
#3926=ORIENTED_EDGE('',*,*,#6423,.F.);
#3927=ORIENTED_EDGE('',*,*,#6420,.F.);
#3928=ORIENTED_EDGE('',*,*,#6408,.F.);
#3929=ORIENTED_EDGE('',*,*,#6259,.F.);
#3930=ORIENTED_EDGE('',*,*,#6403,.F.);
#3931=ORIENTED_EDGE('',*,*,#6255,.T.);
#3932=ORIENTED_EDGE('',*,*,#6412,.T.);
#3933=ORIENTED_EDGE('',*,*,#6416,.T.);
#3934=ORIENTED_EDGE('',*,*,#6236,.F.);
#3935=ORIENTED_EDGE('',*,*,#6399,.T.);
#3936=ORIENTED_EDGE('',*,*,#6417,.T.);
#3937=ORIENTED_EDGE('',*,*,#6423,.T.);
#3938=ORIENTED_EDGE('',*,*,#6069,.T.);
#3939=ORIENTED_EDGE('',*,*,#6056,.T.);
#3940=ORIENTED_EDGE('',*,*,#6274,.T.);
#3941=ORIENTED_EDGE('',*,*,#6424,.T.);
#3942=ORIENTED_EDGE('',*,*,#6424,.F.);
#3943=ORIENTED_EDGE('',*,*,#6425,.T.);
#3944=ORIENTED_EDGE('',*,*,#6382,.T.);
#3945=ORIENTED_EDGE('',*,*,#6288,.T.);
#3946=ORIENTED_EDGE('',*,*,#6253,.T.);
#3947=ORIENTED_EDGE('',*,*,#6425,.F.);
#3948=ORIENTED_EDGE('',*,*,#6273,.T.);
#3949=ORIENTED_EDGE('',*,*,#5810,.T.);
#3950=ORIENTED_EDGE('',*,*,#6023,.T.);
#3951=ORIENTED_EDGE('',*,*,#6268,.T.);
#3952=ORIENTED_EDGE('',*,*,#6426,.F.);
#3953=ORIENTED_EDGE('',*,*,#6380,.T.);
#3954=ORIENTED_EDGE('',*,*,#6427,.T.);
#3955=ORIENTED_EDGE('',*,*,#6030,.F.);
#3956=ORIENTED_EDGE('',*,*,#6427,.F.);
#3957=ORIENTED_EDGE('',*,*,#6249,.T.);
#3958=ORIENTED_EDGE('',*,*,#6286,.T.);
#3959=ORIENTED_EDGE('',*,*,#6263,.T.);
#3960=ORIENTED_EDGE('',*,*,#6266,.T.);
#3961=ORIENTED_EDGE('',*,*,#6283,.T.);
#3962=ORIENTED_EDGE('',*,*,#6270,.T.);
#3963=ORIENTED_EDGE('',*,*,#6428,.F.);
#3964=ORIENTED_EDGE('',*,*,#6429,.T.);
#3965=ORIENTED_EDGE('',*,*,#6228,.T.);
#3966=ORIENTED_EDGE('',*,*,#6430,.T.);
#3967=ORIENTED_EDGE('',*,*,#6278,.T.);
#3968=ORIENTED_EDGE('',*,*,#6430,.F.);
#3969=ORIENTED_EDGE('',*,*,#6227,.T.);
#3970=ORIENTED_EDGE('',*,*,#6431,.T.);
#3971=ORIENTED_EDGE('',*,*,#6078,.T.);
#3972=ORIENTED_EDGE('',*,*,#6429,.F.);
#3973=ORIENTED_EDGE('',*,*,#5811,.T.);
#3974=ORIENTED_EDGE('',*,*,#6432,.T.);
#3975=ORIENTED_EDGE('',*,*,#6229,.T.);
#3976=ORIENTED_EDGE('',*,*,#6431,.F.);
#3977=ORIENTED_EDGE('',*,*,#6433,.T.);
#3978=ORIENTED_EDGE('',*,*,#6092,.T.);
#3979=ORIENTED_EDGE('',*,*,#6426,.T.);
#3980=ORIENTED_EDGE('',*,*,#6434,.T.);
#3981=ORIENTED_EDGE('',*,*,#6432,.F.);
#3982=ORIENTED_EDGE('',*,*,#6433,.F.);
#3983=ORIENTED_EDGE('',*,*,#6231,.T.);
#3984=ORIENTED_EDGE('',*,*,#6435,.T.);
#3985=ORIENTED_EDGE('',*,*,#6269,.T.);
#3986=ORIENTED_EDGE('',*,*,#6434,.F.);
#3987=ORIENTED_EDGE('',*,*,#6267,.T.);
#3988=ORIENTED_EDGE('',*,*,#6436,.T.);
#3989=ORIENTED_EDGE('',*,*,#6230,.T.);
#3990=ORIENTED_EDGE('',*,*,#6435,.F.);
#3991=ORIENTED_EDGE('',*,*,#6436,.F.);
#3992=ORIENTED_EDGE('',*,*,#6428,.T.);
#3993=ORIENTED_EDGE('',*,*,#6437,.F.);
#3994=ORIENTED_EDGE('',*,*,#6043,.T.);
#3995=ORIENTED_EDGE('',*,*,#6090,.F.);
#3996=ORIENTED_EDGE('',*,*,#6438,.F.);
#3997=ORIENTED_EDGE('',*,*,#6439,.F.);
#3998=ORIENTED_EDGE('',*,*,#6440,.T.);
#3999=ORIENTED_EDGE('',*,*,#6441,.T.);
#4000=ORIENTED_EDGE('',*,*,#6442,.T.);
#4001=ORIENTED_EDGE('',*,*,#6443,.F.);
#4002=ORIENTED_EDGE('',*,*,#5790,.T.);
#4003=ORIENTED_EDGE('',*,*,#6444,.F.);
#4004=ORIENTED_EDGE('',*,*,#6445,.T.);
#4005=ORIENTED_EDGE('',*,*,#6446,.T.);
#4006=ORIENTED_EDGE('',*,*,#6447,.T.);
#4007=ORIENTED_EDGE('',*,*,#6448,.T.);
#4008=ORIENTED_EDGE('',*,*,#6449,.F.);
#4009=ORIENTED_EDGE('',*,*,#6450,.F.);
#4010=ORIENTED_EDGE('',*,*,#6451,.T.);
#4011=ORIENTED_EDGE('',*,*,#6452,.F.);
#4012=ORIENTED_EDGE('',*,*,#6453,.F.);
#4013=ORIENTED_EDGE('',*,*,#6454,.F.);
#4014=ORIENTED_EDGE('',*,*,#6455,.F.);
#4015=ORIENTED_EDGE('',*,*,#6456,.F.);
#4016=ORIENTED_EDGE('',*,*,#6457,.T.);
#4017=ORIENTED_EDGE('',*,*,#6458,.F.);
#4018=ORIENTED_EDGE('',*,*,#6459,.F.);
#4019=ORIENTED_EDGE('',*,*,#6451,.F.);
#4020=ORIENTED_EDGE('',*,*,#6460,.F.);
#4021=ORIENTED_EDGE('',*,*,#6461,.F.);
#4022=ORIENTED_EDGE('',*,*,#6462,.T.);
#4023=ORIENTED_EDGE('',*,*,#6463,.F.);
#4024=ORIENTED_EDGE('',*,*,#6464,.F.);
#4025=ORIENTED_EDGE('',*,*,#6457,.F.);
#4026=ORIENTED_EDGE('',*,*,#6465,.F.);
#4027=ORIENTED_EDGE('',*,*,#6466,.T.);
#4028=ORIENTED_EDGE('',*,*,#6467,.F.);
#4029=ORIENTED_EDGE('',*,*,#6462,.F.);
#4030=ORIENTED_EDGE('',*,*,#6468,.F.);
#4031=ORIENTED_EDGE('',*,*,#6469,.F.);
#4032=ORIENTED_EDGE('',*,*,#6470,.F.);
#4033=ORIENTED_EDGE('',*,*,#6471,.F.);
#4034=ORIENTED_EDGE('',*,*,#6472,.F.);
#4035=ORIENTED_EDGE('',*,*,#6473,.F.);
#4036=ORIENTED_EDGE('',*,*,#6474,.F.);
#4037=ORIENTED_EDGE('',*,*,#6475,.F.);
#4038=ORIENTED_EDGE('',*,*,#6476,.F.);
#4039=ORIENTED_EDGE('',*,*,#6477,.F.);
#4040=ORIENTED_EDGE('',*,*,#6478,.F.);
#4041=ORIENTED_EDGE('',*,*,#6466,.F.);
#4042=ORIENTED_EDGE('',*,*,#6479,.F.);
#4043=ORIENTED_EDGE('',*,*,#6480,.F.);
#4044=ORIENTED_EDGE('',*,*,#6481,.F.);
#4045=ORIENTED_EDGE('',*,*,#6482,.F.);
#4046=ORIENTED_EDGE('',*,*,#6483,.F.);
#4047=ORIENTED_EDGE('',*,*,#6484,.F.);
#4048=ORIENTED_EDGE('',*,*,#6485,.F.);
#4049=ORIENTED_EDGE('',*,*,#6486,.F.);
#4050=ORIENTED_EDGE('',*,*,#6487,.F.);
#4051=ORIENTED_EDGE('',*,*,#6488,.F.);
#4052=ORIENTED_EDGE('',*,*,#6489,.F.);
#4053=ORIENTED_EDGE('',*,*,#6490,.F.);
#4054=ORIENTED_EDGE('',*,*,#6491,.F.);
#4055=ORIENTED_EDGE('',*,*,#6492,.F.);
#4056=ORIENTED_EDGE('',*,*,#6493,.F.);
#4057=ORIENTED_EDGE('',*,*,#6494,.F.);
#4058=ORIENTED_EDGE('',*,*,#6495,.F.);
#4059=ORIENTED_EDGE('',*,*,#6496,.F.);
#4060=ORIENTED_EDGE('',*,*,#6497,.F.);
#4061=ORIENTED_EDGE('',*,*,#6498,.T.);
#4062=ORIENTED_EDGE('',*,*,#6499,.F.);
#4063=ORIENTED_EDGE('',*,*,#6500,.T.);
#4064=ORIENTED_EDGE('',*,*,#6501,.F.);
#4065=ORIENTED_EDGE('',*,*,#6502,.F.);
#4066=ORIENTED_EDGE('',*,*,#6503,.F.);
#4067=ORIENTED_EDGE('',*,*,#6504,.T.);
#4068=ORIENTED_EDGE('',*,*,#6505,.F.);
#4069=ORIENTED_EDGE('',*,*,#6500,.F.);
#4070=ORIENTED_EDGE('',*,*,#6506,.F.);
#4071=ORIENTED_EDGE('',*,*,#6507,.T.);
#4072=ORIENTED_EDGE('',*,*,#6508,.F.);
#4073=ORIENTED_EDGE('',*,*,#6504,.F.);
#4074=ORIENTED_EDGE('',*,*,#6509,.F.);
#4075=ORIENTED_EDGE('',*,*,#6454,.T.);
#4076=ORIENTED_EDGE('',*,*,#6510,.F.);
#4077=ORIENTED_EDGE('',*,*,#6507,.F.);
#4078=ORIENTED_EDGE('',*,*,#6511,.F.);
#4079=ORIENTED_EDGE('',*,*,#6512,.F.);
#4080=ORIENTED_EDGE('',*,*,#6448,.F.);
#4081=ORIENTED_EDGE('',*,*,#6513,.F.);
#4082=ORIENTED_EDGE('',*,*,#6514,.F.);
#4083=ORIENTED_EDGE('',*,*,#6515,.F.);
#4084=ORIENTED_EDGE('',*,*,#6446,.F.);
#4085=ORIENTED_EDGE('',*,*,#6516,.F.);
#4086=ORIENTED_EDGE('',*,*,#6517,.F.);
#4087=ORIENTED_EDGE('',*,*,#6518,.F.);
#4088=ORIENTED_EDGE('',*,*,#6519,.F.);
#4089=ORIENTED_EDGE('',*,*,#6520,.F.);
#4090=ORIENTED_EDGE('',*,*,#6521,.F.);
#4091=ORIENTED_EDGE('',*,*,#6522,.F.);
#4092=ORIENTED_EDGE('',*,*,#6523,.F.);
#4093=ORIENTED_EDGE('',*,*,#6524,.F.);
#4094=ORIENTED_EDGE('',*,*,#6519,.T.);
#4095=ORIENTED_EDGE('',*,*,#6525,.F.);
#4096=ORIENTED_EDGE('',*,*,#6526,.F.);
#4097=ORIENTED_EDGE('',*,*,#6527,.F.);
#4098=ORIENTED_EDGE('',*,*,#6528,.T.);
#4099=ORIENTED_EDGE('',*,*,#6529,.F.);
#4100=ORIENTED_EDGE('',*,*,#6530,.F.);
#4101=ORIENTED_EDGE('',*,*,#6528,.F.);
#4102=ORIENTED_EDGE('',*,*,#6531,.F.);
#4103=ORIENTED_EDGE('',*,*,#6532,.F.);
#4104=ORIENTED_EDGE('',*,*,#6533,.F.);
#4105=ORIENTED_EDGE('',*,*,#6484,.T.);
#4106=ORIENTED_EDGE('',*,*,#6534,.F.);
#4107=ORIENTED_EDGE('',*,*,#6526,.T.);
#4108=ORIENTED_EDGE('',*,*,#6535,.F.);
#4109=ORIENTED_EDGE('',*,*,#6536,.F.);
#4110=ORIENTED_EDGE('',*,*,#6537,.F.);
#4111=ORIENTED_EDGE('',*,*,#6521,.T.);
#4112=ORIENTED_EDGE('',*,*,#6538,.F.);
#4113=ORIENTED_EDGE('',*,*,#6494,.T.);
#4114=ORIENTED_EDGE('',*,*,#6539,.F.);
#4115=ORIENTED_EDGE('',*,*,#6474,.T.);
#4116=ORIENTED_EDGE('',*,*,#6540,.T.);
#4117=ORIENTED_EDGE('',*,*,#6512,.T.);
#4118=ORIENTED_EDGE('',*,*,#6541,.F.);
#4119=ORIENTED_EDGE('',*,*,#6540,.F.);
#4120=ORIENTED_EDGE('',*,*,#6473,.T.);
#4121=ORIENTED_EDGE('',*,*,#6542,.T.);
#4122=ORIENTED_EDGE('',*,*,#6449,.T.);
#4123=ORIENTED_EDGE('',*,*,#6516,.T.);
#4124=ORIENTED_EDGE('',*,*,#6542,.F.);
#4125=ORIENTED_EDGE('',*,*,#6472,.T.);
#4126=ORIENTED_EDGE('',*,*,#6543,.F.);
#4127=ORIENTED_EDGE('',*,*,#6544,.T.);
#4128=ORIENTED_EDGE('',*,*,#6517,.T.);
#4129=ORIENTED_EDGE('',*,*,#6545,.T.);
#4130=ORIENTED_EDGE('',*,*,#6481,.T.);
#4131=ORIENTED_EDGE('',*,*,#6545,.F.);
#4132=ORIENTED_EDGE('',*,*,#6543,.T.);
#4133=ORIENTED_EDGE('',*,*,#6546,.T.);
#4134=ORIENTED_EDGE('',*,*,#6482,.T.);
#4135=ORIENTED_EDGE('',*,*,#6546,.F.);
#4136=ORIENTED_EDGE('',*,*,#6471,.T.);
#4137=ORIENTED_EDGE('',*,*,#6547,.T.);
#4138=ORIENTED_EDGE('',*,*,#6483,.T.);
#4139=ORIENTED_EDGE('',*,*,#6547,.F.);
#4140=ORIENTED_EDGE('',*,*,#6470,.T.);
#4141=ORIENTED_EDGE('',*,*,#6548,.T.);
#4142=ORIENTED_EDGE('',*,*,#6534,.T.);
#4143=ORIENTED_EDGE('',*,*,#6548,.F.);
#4144=ORIENTED_EDGE('',*,*,#6469,.T.);
#4145=ORIENTED_EDGE('',*,*,#6549,.T.);
#4146=ORIENTED_EDGE('',*,*,#6527,.T.);
#4147=ORIENTED_EDGE('',*,*,#6549,.F.);
#4148=ORIENTED_EDGE('',*,*,#6479,.T.);
#4149=ORIENTED_EDGE('',*,*,#6550,.T.);
#4150=ORIENTED_EDGE('',*,*,#6531,.T.);
#4151=ORIENTED_EDGE('',*,*,#6550,.F.);
#4152=ORIENTED_EDGE('',*,*,#6468,.T.);
#4153=ORIENTED_EDGE('',*,*,#6551,.T.);
#4154=ORIENTED_EDGE('',*,*,#6532,.T.);
#4155=ORIENTED_EDGE('',*,*,#6551,.F.);
#4156=ORIENTED_EDGE('',*,*,#6461,.T.);
#4157=ORIENTED_EDGE('',*,*,#6552,.T.);
#4158=ORIENTED_EDGE('',*,*,#6533,.T.);
#4159=ORIENTED_EDGE('',*,*,#6552,.F.);
#4160=ORIENTED_EDGE('',*,*,#6465,.T.);
#4161=ORIENTED_EDGE('',*,*,#6553,.T.);
#4162=ORIENTED_EDGE('',*,*,#6529,.T.);
#4163=ORIENTED_EDGE('',*,*,#6553,.F.);
#4164=ORIENTED_EDGE('',*,*,#6456,.T.);
#4165=ORIENTED_EDGE('',*,*,#6554,.T.);
#4166=ORIENTED_EDGE('',*,*,#6530,.T.);
#4167=ORIENTED_EDGE('',*,*,#6554,.F.);
#4168=ORIENTED_EDGE('',*,*,#6460,.T.);
#4169=ORIENTED_EDGE('',*,*,#6555,.T.);
#4170=ORIENTED_EDGE('',*,*,#6535,.T.);
#4171=ORIENTED_EDGE('',*,*,#6555,.F.);
#4172=ORIENTED_EDGE('',*,*,#6450,.T.);
#4173=ORIENTED_EDGE('',*,*,#6556,.T.);
#4174=ORIENTED_EDGE('',*,*,#6536,.T.);
#4175=ORIENTED_EDGE('',*,*,#6556,.F.);
#4176=ORIENTED_EDGE('',*,*,#6455,.T.);
#4177=ORIENTED_EDGE('',*,*,#6557,.T.);
#4178=ORIENTED_EDGE('',*,*,#6485,.T.);
#4179=ORIENTED_EDGE('',*,*,#6557,.F.);
#4180=ORIENTED_EDGE('',*,*,#6511,.T.);
#4181=ORIENTED_EDGE('',*,*,#6558,.T.);
#4182=ORIENTED_EDGE('',*,*,#6486,.T.);
#4183=ORIENTED_EDGE('',*,*,#6558,.F.);
#4184=ORIENTED_EDGE('',*,*,#6509,.T.);
#4185=ORIENTED_EDGE('',*,*,#6559,.T.);
#4186=ORIENTED_EDGE('',*,*,#6487,.T.);
#4187=ORIENTED_EDGE('',*,*,#6559,.F.);
#4188=ORIENTED_EDGE('',*,*,#6506,.T.);
#4189=ORIENTED_EDGE('',*,*,#6560,.T.);
#4190=ORIENTED_EDGE('',*,*,#6488,.T.);
#4191=ORIENTED_EDGE('',*,*,#6561,.T.);
#4192=ORIENTED_EDGE('',*,*,#6489,.T.);
#4193=ORIENTED_EDGE('',*,*,#6560,.F.);
#4194=ORIENTED_EDGE('',*,*,#6503,.T.);
#4195=ORIENTED_EDGE('',*,*,#6562,.T.);
#4196=ORIENTED_EDGE('',*,*,#6497,.T.);
#4197=ORIENTED_EDGE('',*,*,#6563,.T.);
#4198=ORIENTED_EDGE('',*,*,#6514,.T.);
#4199=ORIENTED_EDGE('',*,*,#6563,.F.);
#4200=ORIENTED_EDGE('',*,*,#6496,.T.);
#4201=ORIENTED_EDGE('',*,*,#6564,.T.);
#4202=ORIENTED_EDGE('',*,*,#6541,.T.);
#4203=ORIENTED_EDGE('',*,*,#6564,.F.);
#4204=ORIENTED_EDGE('',*,*,#6495,.T.);
#4205=ORIENTED_EDGE('',*,*,#6565,.T.);
#4206=ORIENTED_EDGE('',*,*,#6475,.T.);
#4207=ORIENTED_EDGE('',*,*,#6565,.F.);
#4208=ORIENTED_EDGE('',*,*,#6538,.T.);
#4209=ORIENTED_EDGE('',*,*,#6566,.T.);
#4210=ORIENTED_EDGE('',*,*,#6476,.T.);
#4211=ORIENTED_EDGE('',*,*,#6566,.F.);
#4212=ORIENTED_EDGE('',*,*,#6520,.T.);
#4213=ORIENTED_EDGE('',*,*,#6567,.T.);
#4214=ORIENTED_EDGE('',*,*,#6477,.T.);
#4215=ORIENTED_EDGE('',*,*,#6567,.F.);
#4216=ORIENTED_EDGE('',*,*,#6524,.T.);
#4217=ORIENTED_EDGE('',*,*,#6568,.T.);
#4218=ORIENTED_EDGE('',*,*,#6478,.T.);
#4219=ORIENTED_EDGE('',*,*,#6568,.F.);
#4220=ORIENTED_EDGE('',*,*,#6523,.T.);
#4221=ORIENTED_EDGE('',*,*,#6569,.T.);
#4222=ORIENTED_EDGE('',*,*,#6467,.T.);
#4223=ORIENTED_EDGE('',*,*,#6569,.F.);
#4224=ORIENTED_EDGE('',*,*,#6525,.T.);
#4225=ORIENTED_EDGE('',*,*,#6570,.T.);
#4226=ORIENTED_EDGE('',*,*,#6463,.T.);
#4227=ORIENTED_EDGE('',*,*,#6570,.F.);
#4228=ORIENTED_EDGE('',*,*,#6518,.T.);
#4229=ORIENTED_EDGE('',*,*,#6571,.T.);
#4230=ORIENTED_EDGE('',*,*,#6464,.T.);
#4231=ORIENTED_EDGE('',*,*,#6571,.F.);
#4232=ORIENTED_EDGE('',*,*,#6522,.T.);
#4233=ORIENTED_EDGE('',*,*,#6572,.T.);
#4234=ORIENTED_EDGE('',*,*,#6458,.T.);
#4235=ORIENTED_EDGE('',*,*,#6572,.F.);
#4236=ORIENTED_EDGE('',*,*,#6537,.T.);
#4237=ORIENTED_EDGE('',*,*,#6573,.T.);
#4238=ORIENTED_EDGE('',*,*,#6459,.T.);
#4239=ORIENTED_EDGE('',*,*,#6573,.F.);
#4240=ORIENTED_EDGE('',*,*,#6539,.T.);
#4241=ORIENTED_EDGE('',*,*,#6574,.T.);
#4242=ORIENTED_EDGE('',*,*,#6452,.T.);
#4243=ORIENTED_EDGE('',*,*,#6574,.F.);
#4244=ORIENTED_EDGE('',*,*,#6493,.T.);
#4245=ORIENTED_EDGE('',*,*,#6575,.T.);
#4246=ORIENTED_EDGE('',*,*,#6453,.T.);
#4247=ORIENTED_EDGE('',*,*,#6575,.F.);
#4248=ORIENTED_EDGE('',*,*,#6492,.T.);
#4249=ORIENTED_EDGE('',*,*,#6576,.T.);
#4250=ORIENTED_EDGE('',*,*,#6510,.T.);
#4251=ORIENTED_EDGE('',*,*,#6576,.F.);
#4252=ORIENTED_EDGE('',*,*,#6491,.T.);
#4253=ORIENTED_EDGE('',*,*,#6577,.T.);
#4254=ORIENTED_EDGE('',*,*,#6508,.T.);
#4255=ORIENTED_EDGE('',*,*,#6577,.F.);
#4256=ORIENTED_EDGE('',*,*,#6490,.T.);
#4257=ORIENTED_EDGE('',*,*,#6578,.T.);
#4258=ORIENTED_EDGE('',*,*,#6505,.T.);
#4259=ORIENTED_EDGE('',*,*,#6579,.T.);
#4260=ORIENTED_EDGE('',*,*,#6501,.T.);
#4261=ORIENTED_EDGE('',*,*,#6578,.F.);
#4262=ORIENTED_EDGE('',*,*,#6499,.T.);
#4263=ORIENTED_EDGE('',*,*,#6580,.F.);
#4264=ORIENTED_EDGE('',*,*,#6581,.F.);
#4265=ORIENTED_EDGE('',*,*,#6582,.F.);
#4266=ORIENTED_EDGE('',*,*,#6583,.F.);
#4267=ORIENTED_EDGE('',*,*,#6584,.F.);
#4268=ORIENTED_EDGE('',*,*,#6515,.T.);
#4269=ORIENTED_EDGE('',*,*,#6544,.F.);
#4270=ORIENTED_EDGE('',*,*,#6480,.T.);
#4271=ORIENTED_EDGE('',*,*,#6561,.F.);
#4272=ORIENTED_EDGE('',*,*,#6502,.T.);
#4273=ORIENTED_EDGE('',*,*,#6579,.F.);
#4274=ORIENTED_EDGE('',*,*,#6498,.F.);
#4275=ORIENTED_EDGE('',*,*,#6562,.F.);
#4276=ORIENTED_EDGE('',*,*,#6513,.T.);
#4277=ORIENTED_EDGE('',*,*,#6447,.F.);
#4278=ORIENTED_EDGE('',*,*,#6585,.T.);
#4279=ORIENTED_EDGE('',*,*,#6586,.F.);
#4280=ORIENTED_EDGE('',*,*,#6587,.T.);
#4281=ORIENTED_EDGE('',*,*,#6588,.T.);
#4282=ORIENTED_EDGE('',*,*,#6589,.T.);
#4283=ORIENTED_EDGE('',*,*,#6590,.F.);
#4284=ORIENTED_EDGE('',*,*,#6591,.F.);
#4285=ORIENTED_EDGE('',*,*,#6592,.F.);
#4286=ORIENTED_EDGE('',*,*,#6593,.F.);
#4287=ORIENTED_EDGE('',*,*,#6594,.F.);
#4288=ORIENTED_EDGE('',*,*,#6595,.F.);
#4289=ORIENTED_EDGE('',*,*,#6596,.F.);
#4290=ORIENTED_EDGE('',*,*,#6597,.F.);
#4291=ORIENTED_EDGE('',*,*,#6598,.F.);
#4292=ORIENTED_EDGE('',*,*,#6599,.F.);
#4293=ORIENTED_EDGE('',*,*,#6600,.T.);
#4294=ORIENTED_EDGE('',*,*,#6601,.T.);
#4295=ORIENTED_EDGE('',*,*,#6602,.F.);
#4296=ORIENTED_EDGE('',*,*,#6603,.F.);
#4297=ORIENTED_EDGE('',*,*,#6604,.F.);
#4298=ORIENTED_EDGE('',*,*,#6605,.F.);
#4299=ORIENTED_EDGE('',*,*,#6606,.F.);
#4300=ORIENTED_EDGE('',*,*,#6607,.T.);
#4301=ORIENTED_EDGE('',*,*,#6608,.F.);
#4302=ORIENTED_EDGE('',*,*,#6609,.T.);
#4303=ORIENTED_EDGE('',*,*,#6610,.T.);
#4304=ORIENTED_EDGE('',*,*,#6611,.F.);
#4305=ORIENTED_EDGE('',*,*,#6612,.T.);
#4306=ORIENTED_EDGE('',*,*,#6613,.T.);
#4307=ORIENTED_EDGE('',*,*,#6614,.F.);
#4308=ORIENTED_EDGE('',*,*,#6615,.F.);
#4309=ORIENTED_EDGE('',*,*,#6616,.T.);
#4310=ORIENTED_EDGE('',*,*,#6617,.T.);
#4311=ORIENTED_EDGE('',*,*,#6442,.F.);
#4312=ORIENTED_EDGE('',*,*,#6618,.F.);
#4313=ORIENTED_EDGE('',*,*,#6619,.T.);
#4314=ORIENTED_EDGE('',*,*,#6620,.F.);
#4315=ORIENTED_EDGE('',*,*,#6621,.F.);
#4316=ORIENTED_EDGE('',*,*,#6622,.F.);
#4317=ORIENTED_EDGE('',*,*,#6623,.F.);
#4318=ORIENTED_EDGE('',*,*,#6624,.T.);
#4319=ORIENTED_EDGE('',*,*,#6009,.T.);
#4320=ORIENTED_EDGE('',*,*,#6625,.T.);
#4321=ORIENTED_EDGE('',*,*,#6445,.F.);
#4322=ORIENTED_EDGE('',*,*,#6626,.F.);
#4323=ORIENTED_EDGE('',*,*,#6627,.F.);
#4324=ORIENTED_EDGE('',*,*,#6628,.F.);
#4325=ORIENTED_EDGE('',*,*,#6629,.T.);
#4326=ORIENTED_EDGE('',*,*,#6630,.F.);
#4327=ORIENTED_EDGE('',*,*,#6631,.F.);
#4328=ORIENTED_EDGE('',*,*,#6632,.T.);
#4329=ORIENTED_EDGE('',*,*,#6633,.T.);
#4330=ORIENTED_EDGE('',*,*,#6634,.F.);
#4331=ORIENTED_EDGE('',*,*,#5782,.T.);
#4332=ORIENTED_EDGE('',*,*,#6635,.F.);
#4333=ORIENTED_EDGE('',*,*,#5788,.T.);
#4334=ORIENTED_EDGE('',*,*,#6636,.F.);
#4335=ORIENTED_EDGE('',*,*,#6637,.T.);
#4336=ORIENTED_EDGE('',*,*,#6638,.F.);
#4337=ORIENTED_EDGE('',*,*,#6637,.F.);
#4338=ORIENTED_EDGE('',*,*,#6639,.F.);
#4339=ORIENTED_EDGE('',*,*,#6640,.F.);
#4340=ORIENTED_EDGE('',*,*,#6641,.F.);
#4341=ORIENTED_EDGE('',*,*,#6642,.F.);
#4342=ORIENTED_EDGE('',*,*,#6643,.F.);
#4343=ORIENTED_EDGE('',*,*,#6633,.F.);
#4344=ORIENTED_EDGE('',*,*,#6644,.F.);
#4345=ORIENTED_EDGE('',*,*,#6440,.F.);
#4346=ORIENTED_EDGE('',*,*,#6645,.T.);
#4347=ORIENTED_EDGE('',*,*,#6646,.T.);
#4348=ORIENTED_EDGE('',*,*,#6647,.T.);
#4349=ORIENTED_EDGE('',*,*,#6648,.T.);
#4350=ORIENTED_EDGE('',*,*,#6649,.T.);
#4351=ORIENTED_EDGE('',*,*,#6650,.T.);
#4352=ORIENTED_EDGE('',*,*,#6651,.T.);
#4353=ORIENTED_EDGE('',*,*,#6652,.T.);
#4354=ORIENTED_EDGE('',*,*,#6653,.T.);
#4355=ORIENTED_EDGE('',*,*,#6654,.T.);
#4356=ORIENTED_EDGE('',*,*,#6655,.T.);
#4357=ORIENTED_EDGE('',*,*,#6656,.T.);
#4358=ORIENTED_EDGE('',*,*,#6657,.T.);
#4359=ORIENTED_EDGE('',*,*,#6658,.T.);
#4360=ORIENTED_EDGE('',*,*,#6659,.T.);
#4361=ORIENTED_EDGE('',*,*,#6660,.T.);
#4362=ORIENTED_EDGE('',*,*,#6661,.T.);
#4363=ORIENTED_EDGE('',*,*,#6662,.T.);
#4364=ORIENTED_EDGE('',*,*,#6663,.T.);
#4365=ORIENTED_EDGE('',*,*,#6664,.T.);
#4366=ORIENTED_EDGE('',*,*,#6665,.T.);
#4367=ORIENTED_EDGE('',*,*,#6666,.F.);
#4368=ORIENTED_EDGE('',*,*,#6667,.F.);
#4369=ORIENTED_EDGE('',*,*,#6620,.T.);
#4370=ORIENTED_EDGE('',*,*,#6668,.F.);
#4371=ORIENTED_EDGE('',*,*,#6669,.F.);
#4372=ORIENTED_EDGE('',*,*,#6670,.F.);
#4373=ORIENTED_EDGE('',*,*,#6671,.F.);
#4374=ORIENTED_EDGE('',*,*,#6628,.T.);
#4375=ORIENTED_EDGE('',*,*,#6672,.F.);
#4376=ORIENTED_EDGE('',*,*,#6601,.F.);
#4377=ORIENTED_EDGE('',*,*,#6673,.T.);
#4378=ORIENTED_EDGE('',*,*,#6614,.T.);
#4379=ORIENTED_EDGE('',*,*,#6674,.T.);
#4380=ORIENTED_EDGE('',*,*,#6668,.T.);
#4381=ORIENTED_EDGE('',*,*,#6619,.F.);
#4382=ORIENTED_EDGE('',*,*,#6675,.F.);
#4383=ORIENTED_EDGE('',*,*,#6629,.F.);
#4384=ORIENTED_EDGE('',*,*,#6671,.T.);
#4385=ORIENTED_EDGE('',*,*,#6676,.T.);
#4386=ORIENTED_EDGE('',*,*,#6615,.T.);
#4387=ORIENTED_EDGE('',*,*,#6673,.F.);
#4388=ORIENTED_EDGE('',*,*,#6600,.F.);
#4389=ORIENTED_EDGE('',*,*,#6677,.F.);
#4390=ORIENTED_EDGE('',*,*,#6678,.F.);
#4391=ORIENTED_EDGE('',*,*,#5786,.T.);
#4392=ORIENTED_EDGE('',*,*,#6679,.T.);
#4393=ORIENTED_EDGE('',*,*,#6680,.T.);
#4394=ORIENTED_EDGE('',*,*,#6681,.F.);
#4395=ORIENTED_EDGE('',*,*,#5787,.T.);
#4396=ORIENTED_EDGE('',*,*,#6678,.T.);
#4397=ORIENTED_EDGE('',*,*,#6682,.T.);
#4398=ORIENTED_EDGE('',*,*,#6683,.F.);
#4399=ORIENTED_EDGE('',*,*,#6636,.T.);
#4400=ORIENTED_EDGE('',*,*,#6681,.T.);
#4401=ORIENTED_EDGE('',*,*,#6684,.T.);
#4402=ORIENTED_EDGE('',*,*,#6683,.T.);
#4403=ORIENTED_EDGE('',*,*,#6685,.T.);
#4404=ORIENTED_EDGE('',*,*,#6686,.T.);
#4405=ORIENTED_EDGE('',*,*,#6639,.T.);
#4406=ORIENTED_EDGE('',*,*,#6686,.F.);
#4407=ORIENTED_EDGE('',*,*,#6687,.T.);
#4408=ORIENTED_EDGE('',*,*,#6688,.T.);
#4409=ORIENTED_EDGE('',*,*,#6640,.T.);
#4410=ORIENTED_EDGE('',*,*,#6689,.T.);
#4411=ORIENTED_EDGE('',*,*,#6690,.T.);
#4412=ORIENTED_EDGE('',*,*,#6691,.T.);
#4413=ORIENTED_EDGE('',*,*,#6692,.F.);
#4414=ORIENTED_EDGE('',*,*,#6693,.F.);
#4415=ORIENTED_EDGE('',*,*,#6694,.F.);
#4416=ORIENTED_EDGE('',*,*,#6695,.T.);
#4417=ORIENTED_EDGE('',*,*,#6696,.F.);
#4418=ORIENTED_EDGE('',*,*,#6695,.F.);
#4419=ORIENTED_EDGE('',*,*,#6697,.F.);
#4420=ORIENTED_EDGE('',*,*,#6698,.T.);
#4421=ORIENTED_EDGE('',*,*,#6699,.F.);
#4422=ORIENTED_EDGE('',*,*,#6700,.F.);
#4423=ORIENTED_EDGE('',*,*,#6598,.T.);
#4424=ORIENTED_EDGE('',*,*,#6701,.T.);
#4425=ORIENTED_EDGE('',*,*,#6702,.T.);
#4426=ORIENTED_EDGE('',*,*,#6703,.F.);
#4427=ORIENTED_EDGE('',*,*,#6599,.T.);
#4428=ORIENTED_EDGE('',*,*,#6700,.T.);
#4429=ORIENTED_EDGE('',*,*,#6704,.T.);
#4430=ORIENTED_EDGE('',*,*,#6705,.T.);
#4431=ORIENTED_EDGE('',*,*,#6590,.T.);
#4432=ORIENTED_EDGE('',*,*,#6703,.T.);
#4433=ORIENTED_EDGE('',*,*,#6706,.T.);
#4434=ORIENTED_EDGE('',*,*,#6705,.F.);
#4435=ORIENTED_EDGE('',*,*,#6707,.T.);
#4436=ORIENTED_EDGE('',*,*,#6708,.T.);
#4437=ORIENTED_EDGE('',*,*,#6591,.T.);
#4438=ORIENTED_EDGE('',*,*,#6709,.F.);
#4439=ORIENTED_EDGE('',*,*,#6710,.F.);
#4440=ORIENTED_EDGE('',*,*,#6711,.F.);
#4441=ORIENTED_EDGE('',*,*,#6712,.F.);
#4442=ORIENTED_EDGE('',*,*,#6713,.F.);
#4443=ORIENTED_EDGE('',*,*,#6714,.T.);
#4444=ORIENTED_EDGE('',*,*,#6715,.T.);
#4445=ORIENTED_EDGE('',*,*,#6593,.T.);
#4446=ORIENTED_EDGE('',*,*,#6708,.F.);
#4447=ORIENTED_EDGE('',*,*,#6712,.T.);
#4448=ORIENTED_EDGE('',*,*,#6713,.T.);
#4449=ORIENTED_EDGE('',*,*,#6592,.T.);
#4450=ORIENTED_EDGE('',*,*,#6716,.T.);
#4451=ORIENTED_EDGE('',*,*,#6717,.T.);
#4452=ORIENTED_EDGE('',*,*,#6709,.T.);
#4453=ORIENTED_EDGE('',*,*,#6707,.F.);
#4454=ORIENTED_EDGE('',*,*,#6718,.F.);
#4455=ORIENTED_EDGE('',*,*,#6719,.T.);
#4456=ORIENTED_EDGE('',*,*,#6717,.F.);
#4457=ORIENTED_EDGE('',*,*,#6720,.T.);
#4458=ORIENTED_EDGE('',*,*,#6718,.T.);
#4459=ORIENTED_EDGE('',*,*,#6721,.T.);
#4460=ORIENTED_EDGE('',*,*,#6687,.F.);
#4461=ORIENTED_EDGE('',*,*,#6688,.F.);
#4462=ORIENTED_EDGE('',*,*,#6722,.T.);
#4463=ORIENTED_EDGE('',*,*,#6723,.T.);
#4464=ORIENTED_EDGE('',*,*,#6641,.T.);
#4465=ORIENTED_EDGE('',*,*,#6723,.F.);
#4466=ORIENTED_EDGE('',*,*,#6724,.T.);
#4467=ORIENTED_EDGE('',*,*,#6725,.T.);
#4468=ORIENTED_EDGE('',*,*,#6642,.T.);
#4469=ORIENTED_EDGE('',*,*,#6725,.F.);
#4470=ORIENTED_EDGE('',*,*,#6726,.T.);
#4471=ORIENTED_EDGE('',*,*,#6727,.T.);
#4472=ORIENTED_EDGE('',*,*,#6643,.T.);
#4473=ORIENTED_EDGE('',*,*,#6727,.F.);
#4474=ORIENTED_EDGE('',*,*,#6728,.T.);
#4475=ORIENTED_EDGE('',*,*,#6729,.T.);
#4476=ORIENTED_EDGE('',*,*,#6634,.T.);
#4477=ORIENTED_EDGE('',*,*,#6729,.F.);
#4478=ORIENTED_EDGE('',*,*,#6730,.T.);
#4479=ORIENTED_EDGE('',*,*,#6731,.F.);
#4480=ORIENTED_EDGE('',*,*,#5783,.T.);
#4481=ORIENTED_EDGE('',*,*,#6732,.F.);
#4482=ORIENTED_EDGE('',*,*,#5784,.T.);
#4483=ORIENTED_EDGE('',*,*,#6731,.T.);
#4484=ORIENTED_EDGE('',*,*,#6733,.T.);
#4485=ORIENTED_EDGE('',*,*,#6679,.F.);
#4486=ORIENTED_EDGE('',*,*,#5785,.T.);
#4487=ORIENTED_EDGE('',*,*,#6732,.T.);
#4488=ORIENTED_EDGE('',*,*,#6734,.T.);
#4489=ORIENTED_EDGE('',*,*,#6735,.T.);
#4490=ORIENTED_EDGE('',*,*,#6736,.T.);
#4491=ORIENTED_EDGE('',*,*,#6737,.T.);
#4492=ORIENTED_EDGE('',*,*,#6680,.F.);
#4493=ORIENTED_EDGE('',*,*,#6738,.F.);
#4494=ORIENTED_EDGE('',*,*,#6739,.T.);
#4495=ORIENTED_EDGE('',*,*,#6736,.F.);
#4496=ORIENTED_EDGE('',*,*,#6737,.F.);
#4497=ORIENTED_EDGE('',*,*,#6740,.F.);
#4498=ORIENTED_EDGE('',*,*,#6720,.F.);
#4499=ORIENTED_EDGE('',*,*,#6685,.F.);
#4500=ORIENTED_EDGE('',*,*,#6684,.F.);
#4501=ORIENTED_EDGE('',*,*,#6682,.F.);
#4502=ORIENTED_EDGE('',*,*,#6719,.F.);
#4503=ORIENTED_EDGE('',*,*,#6740,.T.);
#4504=ORIENTED_EDGE('',*,*,#6739,.F.);
#4505=ORIENTED_EDGE('',*,*,#6710,.T.);
#4506=ORIENTED_EDGE('',*,*,#6711,.T.);
#4507=ORIENTED_EDGE('',*,*,#6738,.T.);
#4508=ORIENTED_EDGE('',*,*,#6741,.T.);
#4509=ORIENTED_EDGE('',*,*,#6714,.F.);
#4510=ORIENTED_EDGE('',*,*,#6715,.F.);
#4511=ORIENTED_EDGE('',*,*,#6742,.T.);
#4512=ORIENTED_EDGE('',*,*,#6743,.T.);
#4513=ORIENTED_EDGE('',*,*,#6594,.T.);
#4514=ORIENTED_EDGE('',*,*,#6744,.F.);
#4515=ORIENTED_EDGE('',*,*,#6595,.T.);
#4516=ORIENTED_EDGE('',*,*,#6743,.F.);
#4517=ORIENTED_EDGE('',*,*,#6745,.T.);
#4518=ORIENTED_EDGE('',*,*,#6746,.F.);
#4519=ORIENTED_EDGE('',*,*,#6596,.T.);
#4520=ORIENTED_EDGE('',*,*,#6744,.T.);
#4521=ORIENTED_EDGE('',*,*,#6696,.T.);
#4522=ORIENTED_EDGE('',*,*,#6701,.F.);
#4523=ORIENTED_EDGE('',*,*,#6597,.T.);
#4524=ORIENTED_EDGE('',*,*,#6746,.T.);
#4525=ORIENTED_EDGE('',*,*,#6699,.T.);
#4526=ORIENTED_EDGE('',*,*,#6698,.F.);
#4527=ORIENTED_EDGE('',*,*,#6747,.F.);
#4528=ORIENTED_EDGE('',*,*,#6748,.F.);
#4529=ORIENTED_EDGE('',*,*,#6749,.F.);
#4530=ORIENTED_EDGE('',*,*,#6702,.F.);
#4531=ORIENTED_EDGE('',*,*,#6750,.F.);
#4532=ORIENTED_EDGE('',*,*,#6751,.T.);
#4533=ORIENTED_EDGE('',*,*,#6752,.T.);
#4534=ORIENTED_EDGE('',*,*,#6748,.T.);
#4535=ORIENTED_EDGE('',*,*,#6752,.F.);
#4536=ORIENTED_EDGE('',*,*,#6753,.T.);
#4537=ORIENTED_EDGE('',*,*,#6754,.T.);
#4538=ORIENTED_EDGE('',*,*,#6749,.T.);
#4539=ORIENTED_EDGE('',*,*,#6754,.F.);
#4540=ORIENTED_EDGE('',*,*,#6755,.T.);
#4541=ORIENTED_EDGE('',*,*,#6704,.F.);
#4542=ORIENTED_EDGE('',*,*,#6755,.F.);
#4543=ORIENTED_EDGE('',*,*,#6756,.F.);
#4544=ORIENTED_EDGE('',*,*,#6722,.F.);
#4545=ORIENTED_EDGE('',*,*,#6721,.F.);
#4546=ORIENTED_EDGE('',*,*,#6716,.F.);
#4547=ORIENTED_EDGE('',*,*,#6706,.F.);
#4548=ORIENTED_EDGE('',*,*,#6751,.F.);
#4549=ORIENTED_EDGE('',*,*,#6757,.T.);
#4550=ORIENTED_EDGE('',*,*,#6724,.F.);
#4551=ORIENTED_EDGE('',*,*,#6756,.T.);
#4552=ORIENTED_EDGE('',*,*,#6753,.F.);
#4553=ORIENTED_EDGE('',*,*,#6758,.F.);
#4554=ORIENTED_EDGE('',*,*,#6759,.T.);
#4555=ORIENTED_EDGE('',*,*,#6750,.T.);
#4556=ORIENTED_EDGE('',*,*,#6747,.T.);
#4557=ORIENTED_EDGE('',*,*,#6760,.F.);
#4558=ORIENTED_EDGE('',*,*,#6761,.T.);
#4559=ORIENTED_EDGE('',*,*,#6758,.T.);
#4560=ORIENTED_EDGE('',*,*,#6697,.T.);
#4561=ORIENTED_EDGE('',*,*,#6762,.F.);
#4562=ORIENTED_EDGE('',*,*,#6763,.T.);
#4563=ORIENTED_EDGE('',*,*,#6760,.T.);
#4564=ORIENTED_EDGE('',*,*,#6694,.T.);
#4565=ORIENTED_EDGE('',*,*,#6690,.F.);
#4566=ORIENTED_EDGE('',*,*,#6764,.T.);
#4567=ORIENTED_EDGE('',*,*,#6762,.T.);
#4568=ORIENTED_EDGE('',*,*,#6693,.T.);
#4569=ORIENTED_EDGE('',*,*,#6765,.T.);
#4570=ORIENTED_EDGE('',*,*,#6691,.F.);
#4571=ORIENTED_EDGE('',*,*,#6692,.T.);
#4572=ORIENTED_EDGE('',*,*,#6745,.F.);
#4573=ORIENTED_EDGE('',*,*,#6741,.F.);
#4574=ORIENTED_EDGE('',*,*,#6735,.F.);
#4575=ORIENTED_EDGE('',*,*,#6734,.F.);
#4576=ORIENTED_EDGE('',*,*,#6766,.F.);
#4577=ORIENTED_EDGE('',*,*,#6765,.F.);
#4578=ORIENTED_EDGE('',*,*,#6742,.F.);
#4579=ORIENTED_EDGE('',*,*,#6766,.T.);
#4580=ORIENTED_EDGE('',*,*,#6733,.F.);
#4581=ORIENTED_EDGE('',*,*,#6767,.T.);
#4582=ORIENTED_EDGE('',*,*,#6764,.F.);
#4583=ORIENTED_EDGE('',*,*,#6689,.F.);
#4584=ORIENTED_EDGE('',*,*,#6761,.F.);
#4585=ORIENTED_EDGE('',*,*,#6763,.F.);
#4586=ORIENTED_EDGE('',*,*,#6767,.F.);
#4587=ORIENTED_EDGE('',*,*,#6730,.F.);
#4588=ORIENTED_EDGE('',*,*,#6728,.F.);
#4589=ORIENTED_EDGE('',*,*,#6726,.F.);
#4590=ORIENTED_EDGE('',*,*,#6757,.F.);
#4591=ORIENTED_EDGE('',*,*,#6759,.F.);
#4592=ORIENTED_EDGE('',*,*,#6644,.T.);
#4593=ORIENTED_EDGE('',*,*,#6768,.T.);
#4594=ORIENTED_EDGE('',*,*,#6603,.T.);
#4595=ORIENTED_EDGE('',*,*,#6769,.F.);
#4596=ORIENTED_EDGE('',*,*,#6768,.F.);
#4597=ORIENTED_EDGE('',*,*,#6635,.T.);
#4598=ORIENTED_EDGE('',*,*,#6770,.T.);
#4599=ORIENTED_EDGE('',*,*,#6604,.T.);
#4600=ORIENTED_EDGE('',*,*,#6605,.T.);
#4601=ORIENTED_EDGE('',*,*,#6770,.F.);
#4602=ORIENTED_EDGE('',*,*,#5781,.T.);
#4603=ORIENTED_EDGE('',*,*,#6771,.F.);
#4604=ORIENTED_EDGE('',*,*,#6676,.F.);
#4605=ORIENTED_EDGE('',*,*,#6772,.F.);
#4606=ORIENTED_EDGE('',*,*,#6773,.T.);
#4607=ORIENTED_EDGE('',*,*,#6774,.T.);
#4608=ORIENTED_EDGE('',*,*,#6674,.F.);
#4609=ORIENTED_EDGE('',*,*,#6775,.T.);
#4610=ORIENTED_EDGE('',*,*,#6776,.F.);
#4611=ORIENTED_EDGE('',*,*,#6777,.T.);
#4612=ORIENTED_EDGE('',*,*,#6778,.F.);
#4613=ORIENTED_EDGE('',*,*,#6610,.F.);
#4614=ORIENTED_EDGE('',*,*,#6779,.T.);
#4615=ORIENTED_EDGE('',*,*,#6780,.F.);
#4616=ORIENTED_EDGE('',*,*,#6781,.F.);
#4617=ORIENTED_EDGE('',*,*,#6669,.T.);
#4618=ORIENTED_EDGE('',*,*,#6778,.T.);
#4619=ORIENTED_EDGE('',*,*,#6782,.F.);
#4620=ORIENTED_EDGE('',*,*,#6783,.F.);
#4621=ORIENTED_EDGE('',*,*,#6587,.F.);
#4622=ORIENTED_EDGE('',*,*,#6784,.F.);
#4623=ORIENTED_EDGE('',*,*,#6772,.T.);
#4624=ORIENTED_EDGE('',*,*,#6670,.T.);
#4625=ORIENTED_EDGE('',*,*,#6781,.T.);
#4626=ORIENTED_EDGE('',*,*,#6785,.F.);
#4627=ORIENTED_EDGE('',*,*,#6780,.T.);
#4628=ORIENTED_EDGE('',*,*,#6786,.T.);
#4629=ORIENTED_EDGE('',*,*,#6787,.T.);
#4630=ORIENTED_EDGE('',*,*,#6785,.T.);
#4631=ORIENTED_EDGE('',*,*,#6788,.F.);
#4632=ORIENTED_EDGE('',*,*,#6588,.F.);
#4633=ORIENTED_EDGE('',*,*,#6783,.T.);
#4634=ORIENTED_EDGE('',*,*,#6787,.F.);
#4635=ORIENTED_EDGE('',*,*,#6789,.T.);
#4636=ORIENTED_EDGE('',*,*,#6790,.F.);
#4637=ORIENTED_EDGE('',*,*,#6791,.F.);
#4638=ORIENTED_EDGE('',*,*,#6609,.F.);
#4639=ORIENTED_EDGE('',*,*,#6792,.T.);
#4640=ORIENTED_EDGE('',*,*,#6793,.T.);
#4641=ORIENTED_EDGE('',*,*,#6794,.T.);
#4642=ORIENTED_EDGE('',*,*,#6789,.F.);
#4643=ORIENTED_EDGE('',*,*,#6786,.F.);
#4644=ORIENTED_EDGE('',*,*,#6779,.F.);
#4645=ORIENTED_EDGE('',*,*,#6777,.F.);
#4646=ORIENTED_EDGE('',*,*,#6795,.T.);
#4647=ORIENTED_EDGE('',*,*,#6611,.T.);
#4648=ORIENTED_EDGE('',*,*,#6782,.T.);
#4649=ORIENTED_EDGE('',*,*,#6796,.F.);
#4650=ORIENTED_EDGE('',*,*,#6773,.F.);
#4651=ORIENTED_EDGE('',*,*,#6784,.T.);
#4652=ORIENTED_EDGE('',*,*,#6586,.T.);
#4653=ORIENTED_EDGE('',*,*,#6613,.F.);
#4654=ORIENTED_EDGE('',*,*,#6797,.T.);
#4655=ORIENTED_EDGE('',*,*,#6798,.T.);
#4656=ORIENTED_EDGE('',*,*,#6799,.T.);
#4657=ORIENTED_EDGE('',*,*,#6775,.F.);
#4658=ORIENTED_EDGE('',*,*,#6795,.F.);
#4659=ORIENTED_EDGE('',*,*,#6776,.T.);
#4660=ORIENTED_EDGE('',*,*,#6799,.F.);
#4661=ORIENTED_EDGE('',*,*,#6800,.F.);
#4662=ORIENTED_EDGE('',*,*,#6801,.F.);
#4663=ORIENTED_EDGE('',*,*,#6607,.F.);
#4664=ORIENTED_EDGE('',*,*,#6802,.T.);
#4665=ORIENTED_EDGE('',*,*,#6800,.T.);
#4666=ORIENTED_EDGE('',*,*,#6803,.F.);
#4667=ORIENTED_EDGE('',*,*,#6804,.F.);
#4668=ORIENTED_EDGE('',*,*,#6793,.F.);
#4669=ORIENTED_EDGE('',*,*,#6805,.F.);
#4670=ORIENTED_EDGE('',*,*,#6802,.F.);
#4671=ORIENTED_EDGE('',*,*,#6806,.F.);
#4672=ORIENTED_EDGE('',*,*,#6791,.T.);
#4673=ORIENTED_EDGE('',*,*,#6807,.F.);
#4674=ORIENTED_EDGE('',*,*,#6808,.F.);
#4675=ORIENTED_EDGE('',*,*,#6809,.T.);
#4676=ORIENTED_EDGE('',*,*,#6808,.T.);
#4677=ORIENTED_EDGE('',*,*,#6810,.F.);
#4678=ORIENTED_EDGE('',*,*,#6807,.T.);
#4679=ORIENTED_EDGE('',*,*,#6790,.T.);
#4680=ORIENTED_EDGE('',*,*,#6794,.F.);
#4681=ORIENTED_EDGE('',*,*,#6804,.T.);
#4682=ORIENTED_EDGE('',*,*,#6811,.T.);
#4683=ORIENTED_EDGE('',*,*,#6803,.T.);
#4684=ORIENTED_EDGE('',*,*,#6798,.F.);
#4685=ORIENTED_EDGE('',*,*,#6810,.T.);
#4686=ORIENTED_EDGE('',*,*,#6811,.F.);
#4687=ORIENTED_EDGE('',*,*,#6774,.F.);
#4688=ORIENTED_EDGE('',*,*,#6796,.T.);
#4689=ORIENTED_EDGE('',*,*,#6585,.F.);
#4690=ORIENTED_EDGE('',*,*,#6812,.F.);
#4691=ORIENTED_EDGE('',*,*,#6809,.F.);
#4692=ORIENTED_EDGE('',*,*,#6797,.F.);
#4693=ORIENTED_EDGE('',*,*,#6612,.F.);
#4694=ORIENTED_EDGE('',*,*,#6792,.F.);
#4695=ORIENTED_EDGE('',*,*,#6608,.T.);
#4696=ORIENTED_EDGE('',*,*,#6801,.T.);
#4697=ORIENTED_EDGE('',*,*,#6805,.T.);
#4698=ORIENTED_EDGE('',*,*,#6589,.F.);
#4699=ORIENTED_EDGE('',*,*,#6788,.T.);
#4700=ORIENTED_EDGE('',*,*,#6806,.T.);
#4701=ORIENTED_EDGE('',*,*,#6812,.T.);
#4702=ORIENTED_EDGE('',*,*,#6813,.F.);
#4703=ORIENTED_EDGE('',*,*,#6631,.T.);
#4704=ORIENTED_EDGE('',*,*,#6814,.T.);
#4705=ORIENTED_EDGE('',*,*,#5780,.T.);
#4706=ORIENTED_EDGE('',*,*,#6814,.F.);
#4707=ORIENTED_EDGE('',*,*,#6815,.T.);
#4708=ORIENTED_EDGE('',*,*,#6771,.T.);
#4709=ORIENTED_EDGE('',*,*,#6677,.T.);
#4710=ORIENTED_EDGE('',*,*,#6606,.T.);
#4711=ORIENTED_EDGE('',*,*,#6815,.F.);
#4712=ORIENTED_EDGE('',*,*,#6630,.T.);
#4713=ORIENTED_EDGE('',*,*,#6816,.F.);
#4714=ORIENTED_EDGE('',*,*,#6623,.T.);
#4715=ORIENTED_EDGE('',*,*,#6817,.F.);
#4716=ORIENTED_EDGE('',*,*,#6666,.T.);
#4717=ORIENTED_EDGE('',*,*,#6769,.T.);
#4718=ORIENTED_EDGE('',*,*,#6818,.T.);
#4719=ORIENTED_EDGE('',*,*,#6441,.F.);
#4720=ORIENTED_EDGE('',*,*,#6818,.F.);
#4721=ORIENTED_EDGE('',*,*,#6602,.T.);
#4722=ORIENTED_EDGE('',*,*,#6675,.T.);
#4723=ORIENTED_EDGE('',*,*,#6618,.T.);
#4724=ORIENTED_EDGE('',*,*,#6621,.T.);
#4725=ORIENTED_EDGE('',*,*,#6672,.T.);
#4726=ORIENTED_EDGE('',*,*,#6627,.T.);
#4727=ORIENTED_EDGE('',*,*,#6819,.F.);
#4728=ORIENTED_EDGE('',*,*,#6820,.T.);
#4729=ORIENTED_EDGE('',*,*,#6581,.T.);
#4730=ORIENTED_EDGE('',*,*,#6821,.T.);
#4731=ORIENTED_EDGE('',*,*,#6638,.T.);
#4732=ORIENTED_EDGE('',*,*,#6821,.F.);
#4733=ORIENTED_EDGE('',*,*,#6580,.T.);
#4734=ORIENTED_EDGE('',*,*,#6822,.T.);
#4735=ORIENTED_EDGE('',*,*,#5789,.T.);
#4736=ORIENTED_EDGE('',*,*,#6820,.F.);
#4737=ORIENTED_EDGE('',*,*,#6667,.T.);
#4738=ORIENTED_EDGE('',*,*,#6823,.T.);
#4739=ORIENTED_EDGE('',*,*,#6582,.T.);
#4740=ORIENTED_EDGE('',*,*,#6822,.F.);
#4741=ORIENTED_EDGE('',*,*,#6824,.T.);
#4742=ORIENTED_EDGE('',*,*,#6444,.T.);
#4743=ORIENTED_EDGE('',*,*,#6817,.T.);
#4744=ORIENTED_EDGE('',*,*,#6825,.T.);
#4745=ORIENTED_EDGE('',*,*,#6823,.F.);
#4746=ORIENTED_EDGE('',*,*,#6824,.F.);
#4747=ORIENTED_EDGE('',*,*,#6584,.T.);
#4748=ORIENTED_EDGE('',*,*,#6826,.T.);
#4749=ORIENTED_EDGE('',*,*,#6626,.T.);
#4750=ORIENTED_EDGE('',*,*,#6825,.F.);
#4751=ORIENTED_EDGE('',*,*,#6622,.T.);
#4752=ORIENTED_EDGE('',*,*,#6827,.T.);
#4753=ORIENTED_EDGE('',*,*,#6583,.T.);
#4754=ORIENTED_EDGE('',*,*,#6826,.F.);
#4755=ORIENTED_EDGE('',*,*,#6827,.F.);
#4756=ORIENTED_EDGE('',*,*,#6819,.T.);
#4757=ORIENTED_EDGE('',*,*,#6625,.F.);
#4758=ORIENTED_EDGE('',*,*,#6008,.T.);
#4759=ORIENTED_EDGE('',*,*,#6828,.T.);
#4760=ORIENTED_EDGE('',*,*,#5791,.F.);
#4761=ORIENTED_EDGE('',*,*,#6443,.T.);
#4762=ORIENTED_EDGE('',*,*,#6632,.F.);
#4763=ORIENTED_EDGE('',*,*,#6813,.T.);
#4764=ORIENTED_EDGE('',*,*,#5779,.F.);
#4765=ORIENTED_EDGE('',*,*,#6829,.F.);
#4766=ORIENTED_EDGE('',*,*,#6010,.T.);
#4767=ORIENTED_EDGE('',*,*,#5776,.F.);
#4768=ORIENTED_EDGE('',*,*,#6015,.F.);
#4769=ORIENTED_EDGE('',*,*,#6013,.T.);
#4770=ORIENTED_EDGE('',*,*,#6830,.T.);
#4771=ORIENTED_EDGE('',*,*,#5794,.F.);
#4772=ORIENTED_EDGE('',*,*,#6831,.F.);
#4773=ORIENTED_EDGE('',*,*,#6005,.T.);
#4774=ORIENTED_EDGE('',*,*,#6016,.T.);
#4775=ORIENTED_EDGE('',*,*,#5793,.F.);
#4776=ORIENTED_EDGE('',*,*,#6832,.F.);
#4777=ORIENTED_EDGE('',*,*,#6006,.T.);
#4778=ORIENTED_EDGE('',*,*,#6831,.T.);
#4779=ORIENTED_EDGE('',*,*,#5792,.F.);
#4780=ORIENTED_EDGE('',*,*,#6828,.F.);
#4781=ORIENTED_EDGE('',*,*,#6007,.T.);
#4782=ORIENTED_EDGE('',*,*,#6832,.T.);
#4783=ORIENTED_EDGE('',*,*,#5778,.F.);
#4784=ORIENTED_EDGE('',*,*,#6833,.F.);
#4785=ORIENTED_EDGE('',*,*,#6011,.T.);
#4786=ORIENTED_EDGE('',*,*,#6829,.T.);
#4787=ORIENTED_EDGE('',*,*,#5777,.F.);
#4788=ORIENTED_EDGE('',*,*,#6830,.F.);
#4789=ORIENTED_EDGE('',*,*,#6012,.T.);
#4790=ORIENTED_EDGE('',*,*,#6833,.T.);
#4791=ORIENTED_EDGE('',*,*,#6616,.F.);
#4792=ORIENTED_EDGE('',*,*,#6834,.F.);
#4793=ORIENTED_EDGE('',*,*,#6835,.F.);
#4794=ORIENTED_EDGE('',*,*,#6836,.F.);
#4795=ORIENTED_EDGE('',*,*,#6837,.F.);
#4796=ORIENTED_EDGE('',*,*,#6838,.F.);
#4797=ORIENTED_EDGE('',*,*,#6839,.T.);
#4798=ORIENTED_EDGE('',*,*,#6840,.F.);
#4799=ORIENTED_EDGE('',*,*,#6841,.F.);
#4800=ORIENTED_EDGE('',*,*,#6842,.F.);
#4801=ORIENTED_EDGE('',*,*,#6843,.F.);
#4802=ORIENTED_EDGE('',*,*,#6844,.F.);
#4803=ORIENTED_EDGE('',*,*,#6617,.F.);
#4804=ORIENTED_EDGE('',*,*,#6844,.T.);
#4805=ORIENTED_EDGE('',*,*,#6845,.T.);
#4806=ORIENTED_EDGE('',*,*,#6645,.F.);
#4807=ORIENTED_EDGE('',*,*,#6439,.T.);
#4808=ORIENTED_EDGE('',*,*,#6624,.F.);
#4809=ORIENTED_EDGE('',*,*,#6816,.T.);
#4810=ORIENTED_EDGE('',*,*,#6665,.F.);
#4811=ORIENTED_EDGE('',*,*,#6846,.F.);
#4812=ORIENTED_EDGE('',*,*,#6834,.T.);
#4813=ORIENTED_EDGE('',*,*,#6847,.F.);
#4814=ORIENTED_EDGE('',*,*,#6848,.T.);
#4815=ORIENTED_EDGE('',*,*,#6838,.T.);
#4816=ORIENTED_EDGE('',*,*,#6849,.T.);
#4817=ORIENTED_EDGE('',*,*,#6661,.F.);
#4818=ORIENTED_EDGE('',*,*,#6840,.T.);
#4819=ORIENTED_EDGE('',*,*,#6850,.T.);
#4820=ORIENTED_EDGE('',*,*,#6851,.F.);
#4821=ORIENTED_EDGE('',*,*,#6649,.F.);
#4822=ORIENTED_EDGE('',*,*,#6852,.F.);
#4823=ORIENTED_EDGE('',*,*,#6646,.F.);
#4824=ORIENTED_EDGE('',*,*,#6845,.F.);
#4825=ORIENTED_EDGE('',*,*,#6843,.T.);
#4826=ORIENTED_EDGE('',*,*,#6853,.T.);
#4827=ORIENTED_EDGE('',*,*,#6664,.F.);
#4828=ORIENTED_EDGE('',*,*,#6854,.F.);
#4829=ORIENTED_EDGE('',*,*,#6835,.T.);
#4830=ORIENTED_EDGE('',*,*,#6846,.T.);
#4831=ORIENTED_EDGE('',*,*,#6663,.F.);
#4832=ORIENTED_EDGE('',*,*,#6855,.F.);
#4833=ORIENTED_EDGE('',*,*,#6836,.T.);
#4834=ORIENTED_EDGE('',*,*,#6854,.T.);
#4835=ORIENTED_EDGE('',*,*,#6662,.F.);
#4836=ORIENTED_EDGE('',*,*,#6849,.F.);
#4837=ORIENTED_EDGE('',*,*,#6837,.T.);
#4838=ORIENTED_EDGE('',*,*,#6855,.T.);
#4839=ORIENTED_EDGE('',*,*,#6648,.F.);
#4840=ORIENTED_EDGE('',*,*,#6856,.F.);
#4841=ORIENTED_EDGE('',*,*,#6841,.T.);
#4842=ORIENTED_EDGE('',*,*,#6852,.T.);
#4843=ORIENTED_EDGE('',*,*,#6647,.F.);
#4844=ORIENTED_EDGE('',*,*,#6853,.F.);
#4845=ORIENTED_EDGE('',*,*,#6842,.T.);
#4846=ORIENTED_EDGE('',*,*,#6856,.T.);
#4847=ORIENTED_EDGE('',*,*,#6857,.F.);
#4848=ORIENTED_EDGE('',*,*,#6847,.T.);
#4849=ORIENTED_EDGE('',*,*,#6660,.F.);
#4850=ORIENTED_EDGE('',*,*,#6858,.T.);
#4851=ORIENTED_EDGE('',*,*,#6859,.F.);
#4852=ORIENTED_EDGE('',*,*,#6860,.T.);
#4853=ORIENTED_EDGE('',*,*,#6861,.F.);
#4854=ORIENTED_EDGE('',*,*,#6862,.F.);
#4855=ORIENTED_EDGE('',*,*,#6863,.T.);
#4856=ORIENTED_EDGE('',*,*,#6864,.T.);
#4857=ORIENTED_EDGE('',*,*,#6865,.T.);
#4858=ORIENTED_EDGE('',*,*,#6866,.T.);
#4859=ORIENTED_EDGE('',*,*,#6867,.T.);
#4860=ORIENTED_EDGE('',*,*,#6868,.F.);
#4861=ORIENTED_EDGE('',*,*,#6869,.T.);
#4862=ORIENTED_EDGE('',*,*,#6870,.T.);
#4863=ORIENTED_EDGE('',*,*,#6868,.T.);
#4864=ORIENTED_EDGE('',*,*,#6871,.T.);
#4865=ORIENTED_EDGE('',*,*,#6872,.T.);
#4866=ORIENTED_EDGE('',*,*,#6873,.F.);
#4867=ORIENTED_EDGE('',*,*,#6874,.T.);
#4868=ORIENTED_EDGE('',*,*,#6875,.T.);
#4869=ORIENTED_EDGE('',*,*,#6873,.T.);
#4870=ORIENTED_EDGE('',*,*,#6876,.T.);
#4871=ORIENTED_EDGE('',*,*,#6877,.T.);
#4872=ORIENTED_EDGE('',*,*,#6878,.F.);
#4873=ORIENTED_EDGE('',*,*,#6879,.F.);
#4874=ORIENTED_EDGE('',*,*,#6880,.T.);
#4875=ORIENTED_EDGE('',*,*,#6878,.T.);
#4876=ORIENTED_EDGE('',*,*,#6881,.T.);
#4877=ORIENTED_EDGE('',*,*,#6882,.T.);
#4878=ORIENTED_EDGE('',*,*,#6883,.T.);
#4879=ORIENTED_EDGE('',*,*,#6879,.T.);
#4880=ORIENTED_EDGE('',*,*,#6884,.T.);
#4881=ORIENTED_EDGE('',*,*,#6885,.T.);
#4882=ORIENTED_EDGE('',*,*,#6886,.T.);
#4883=ORIENTED_EDGE('',*,*,#6887,.T.);
#4884=ORIENTED_EDGE('',*,*,#6888,.T.);
#4885=ORIENTED_EDGE('',*,*,#6889,.T.);
#4886=ORIENTED_EDGE('',*,*,#6890,.T.);
#4887=ORIENTED_EDGE('',*,*,#6891,.T.);
#4888=ORIENTED_EDGE('',*,*,#6892,.T.);
#4889=ORIENTED_EDGE('',*,*,#6893,.T.);
#4890=ORIENTED_EDGE('',*,*,#6894,.T.);
#4891=ORIENTED_EDGE('',*,*,#6895,.T.);
#4892=ORIENTED_EDGE('',*,*,#6896,.T.);
#4893=ORIENTED_EDGE('',*,*,#6897,.T.);
#4894=ORIENTED_EDGE('',*,*,#6898,.T.);
#4895=ORIENTED_EDGE('',*,*,#6899,.T.);
#4896=ORIENTED_EDGE('',*,*,#6900,.T.);
#4897=ORIENTED_EDGE('',*,*,#6901,.T.);
#4898=ORIENTED_EDGE('',*,*,#6902,.T.);
#4899=ORIENTED_EDGE('',*,*,#6903,.T.);
#4900=ORIENTED_EDGE('',*,*,#6904,.T.);
#4901=ORIENTED_EDGE('',*,*,#6905,.F.);
#4902=ORIENTED_EDGE('',*,*,#6906,.T.);
#4903=ORIENTED_EDGE('',*,*,#6907,.T.);
#4904=ORIENTED_EDGE('',*,*,#6908,.T.);
#4905=ORIENTED_EDGE('',*,*,#6909,.T.);
#4906=ORIENTED_EDGE('',*,*,#6910,.T.);
#4907=ORIENTED_EDGE('',*,*,#6911,.T.);
#4908=ORIENTED_EDGE('',*,*,#6912,.T.);
#4909=ORIENTED_EDGE('',*,*,#6913,.F.);
#4910=ORIENTED_EDGE('',*,*,#6914,.T.);
#4911=ORIENTED_EDGE('',*,*,#6915,.T.);
#4912=ORIENTED_EDGE('',*,*,#6916,.T.);
#4913=ORIENTED_EDGE('',*,*,#6917,.F.);
#4914=ORIENTED_EDGE('',*,*,#6918,.T.);
#4915=ORIENTED_EDGE('',*,*,#6913,.T.);
#4916=ORIENTED_EDGE('',*,*,#6919,.T.);
#4917=ORIENTED_EDGE('',*,*,#6920,.F.);
#4918=ORIENTED_EDGE('',*,*,#6921,.T.);
#4919=ORIENTED_EDGE('',*,*,#6917,.T.);
#4920=ORIENTED_EDGE('',*,*,#6922,.T.);
#4921=ORIENTED_EDGE('',*,*,#6865,.F.);
#4922=ORIENTED_EDGE('',*,*,#6923,.T.);
#4923=ORIENTED_EDGE('',*,*,#6920,.T.);
#4924=ORIENTED_EDGE('',*,*,#6924,.T.);
#4925=ORIENTED_EDGE('',*,*,#6925,.T.);
#4926=ORIENTED_EDGE('',*,*,#6926,.T.);
#4927=ORIENTED_EDGE('',*,*,#6927,.T.);
#4928=ORIENTED_EDGE('',*,*,#6861,.T.);
#4929=ORIENTED_EDGE('',*,*,#6928,.T.);
#4930=ORIENTED_EDGE('',*,*,#6929,.T.);
#4931=ORIENTED_EDGE('',*,*,#6930,.T.);
#4932=ORIENTED_EDGE('',*,*,#6859,.T.);
#4933=ORIENTED_EDGE('',*,*,#6931,.T.);
#4934=ORIENTED_EDGE('',*,*,#6932,.T.);
#4935=ORIENTED_EDGE('',*,*,#6933,.T.);
#4936=ORIENTED_EDGE('',*,*,#6934,.T.);
#4937=ORIENTED_EDGE('',*,*,#6935,.T.);
#4938=ORIENTED_EDGE('',*,*,#6936,.T.);
#4939=ORIENTED_EDGE('',*,*,#6937,.T.);
#4940=ORIENTED_EDGE('',*,*,#6935,.F.);
#4941=ORIENTED_EDGE('',*,*,#6938,.T.);
#4942=ORIENTED_EDGE('',*,*,#6939,.T.);
#4943=ORIENTED_EDGE('',*,*,#6940,.T.);
#4944=ORIENTED_EDGE('',*,*,#6941,.T.);
#4945=ORIENTED_EDGE('',*,*,#6942,.F.);
#4946=ORIENTED_EDGE('',*,*,#6943,.T.);
#4947=ORIENTED_EDGE('',*,*,#6942,.T.);
#4948=ORIENTED_EDGE('',*,*,#6944,.T.);
#4949=ORIENTED_EDGE('',*,*,#6945,.T.);
#4950=ORIENTED_EDGE('',*,*,#6946,.T.);
#4951=ORIENTED_EDGE('',*,*,#6899,.F.);
#4952=ORIENTED_EDGE('',*,*,#6947,.T.);
#4953=ORIENTED_EDGE('',*,*,#6948,.T.);
#4954=ORIENTED_EDGE('',*,*,#6939,.F.);
#4955=ORIENTED_EDGE('',*,*,#6949,.T.);
#4956=ORIENTED_EDGE('',*,*,#6950,.T.);
#4957=ORIENTED_EDGE('',*,*,#6951,.T.);
#4958=ORIENTED_EDGE('',*,*,#6909,.F.);
#4959=ORIENTED_EDGE('',*,*,#6952,.T.);
#4960=ORIENTED_EDGE('',*,*,#6933,.F.);
#4961=ORIENTED_EDGE('',*,*,#6888,.F.);
#4962=ORIENTED_EDGE('',*,*,#6953,.T.);
#4963=ORIENTED_EDGE('',*,*,#6925,.F.);
#4964=ORIENTED_EDGE('',*,*,#6954,.F.);
#4965=ORIENTED_EDGE('',*,*,#6954,.T.);
#4966=ORIENTED_EDGE('',*,*,#6860,.F.);
#4967=ORIENTED_EDGE('',*,*,#6955,.F.);
#4968=ORIENTED_EDGE('',*,*,#6889,.F.);
#4969=ORIENTED_EDGE('',*,*,#6930,.F.);
#4970=ORIENTED_EDGE('',*,*,#6956,.T.);
#4971=ORIENTED_EDGE('',*,*,#6890,.F.);
#4972=ORIENTED_EDGE('',*,*,#6955,.T.);
#4973=ORIENTED_EDGE('',*,*,#6957,.F.);
#4974=ORIENTED_EDGE('',*,*,#6902,.F.);
#4975=ORIENTED_EDGE('',*,*,#6958,.F.);
#4976=ORIENTED_EDGE('',*,*,#6929,.F.);
#4977=ORIENTED_EDGE('',*,*,#6958,.T.);
#4978=ORIENTED_EDGE('',*,*,#6901,.F.);
#4979=ORIENTED_EDGE('',*,*,#6959,.F.);
#4980=ORIENTED_EDGE('',*,*,#6956,.F.);
#4981=ORIENTED_EDGE('',*,*,#6959,.T.);
#4982=ORIENTED_EDGE('',*,*,#6900,.F.);
#4983=ORIENTED_EDGE('',*,*,#6960,.F.);
#4984=ORIENTED_EDGE('',*,*,#6891,.F.);
#4985=ORIENTED_EDGE('',*,*,#6960,.T.);
#4986=ORIENTED_EDGE('',*,*,#6949,.F.);
#4987=ORIENTED_EDGE('',*,*,#6961,.F.);
#4988=ORIENTED_EDGE('',*,*,#6892,.F.);
#4989=ORIENTED_EDGE('',*,*,#6961,.T.);
#4990=ORIENTED_EDGE('',*,*,#6943,.F.);
#4991=ORIENTED_EDGE('',*,*,#6962,.F.);
#4992=ORIENTED_EDGE('',*,*,#6882,.F.);
#4993=ORIENTED_EDGE('',*,*,#6962,.T.);
#4994=ORIENTED_EDGE('',*,*,#6946,.F.);
#4995=ORIENTED_EDGE('',*,*,#6963,.F.);
#4996=ORIENTED_EDGE('',*,*,#6883,.F.);
#4997=ORIENTED_EDGE('',*,*,#6963,.T.);
#4998=ORIENTED_EDGE('',*,*,#6945,.F.);
#4999=ORIENTED_EDGE('',*,*,#6964,.F.);
#5000=ORIENTED_EDGE('',*,*,#6880,.F.);
#5001=ORIENTED_EDGE('',*,*,#6964,.T.);
#5002=ORIENTED_EDGE('',*,*,#6944,.F.);
#5003=ORIENTED_EDGE('',*,*,#6965,.F.);
#5004=ORIENTED_EDGE('',*,*,#6874,.F.);
#5005=ORIENTED_EDGE('',*,*,#6965,.T.);
#5006=ORIENTED_EDGE('',*,*,#6941,.F.);
#5007=ORIENTED_EDGE('',*,*,#6966,.F.);
#5008=ORIENTED_EDGE('',*,*,#6875,.F.);
#5009=ORIENTED_EDGE('',*,*,#6966,.T.);
#5010=ORIENTED_EDGE('',*,*,#6940,.F.);
#5011=ORIENTED_EDGE('',*,*,#6967,.F.);
#5012=ORIENTED_EDGE('',*,*,#6869,.F.);
#5013=ORIENTED_EDGE('',*,*,#6967,.T.);
#5014=ORIENTED_EDGE('',*,*,#6948,.F.);
#5015=ORIENTED_EDGE('',*,*,#6968,.F.);
#5016=ORIENTED_EDGE('',*,*,#6870,.F.);
#5017=ORIENTED_EDGE('',*,*,#6968,.T.);
#5018=ORIENTED_EDGE('',*,*,#6947,.F.);
#5019=ORIENTED_EDGE('',*,*,#6969,.F.);
#5020=ORIENTED_EDGE('',*,*,#6863,.F.);
#5021=ORIENTED_EDGE('',*,*,#6969,.T.);
#5022=ORIENTED_EDGE('',*,*,#6898,.F.);
#5023=ORIENTED_EDGE('',*,*,#6970,.F.);
#5024=ORIENTED_EDGE('',*,*,#6864,.F.);
#5025=ORIENTED_EDGE('',*,*,#6970,.T.);
#5026=ORIENTED_EDGE('',*,*,#6897,.F.);
#5027=ORIENTED_EDGE('',*,*,#6971,.F.);
#5028=ORIENTED_EDGE('',*,*,#6923,.F.);
#5029=ORIENTED_EDGE('',*,*,#6971,.T.);
#5030=ORIENTED_EDGE('',*,*,#6896,.F.);
#5031=ORIENTED_EDGE('',*,*,#6972,.F.);
#5032=ORIENTED_EDGE('',*,*,#6921,.F.);
#5033=ORIENTED_EDGE('',*,*,#6972,.T.);
#5034=ORIENTED_EDGE('',*,*,#6895,.F.);
#5035=ORIENTED_EDGE('',*,*,#6973,.F.);
#5036=ORIENTED_EDGE('',*,*,#6918,.F.);
#5037=ORIENTED_EDGE('',*,*,#6974,.F.);
#5038=ORIENTED_EDGE('',*,*,#6914,.F.);
#5039=ORIENTED_EDGE('',*,*,#6973,.T.);
#5040=ORIENTED_EDGE('',*,*,#6894,.F.);
#5041=ORIENTED_EDGE('',*,*,#6975,.F.);
#5042=ORIENTED_EDGE('',*,*,#6926,.F.);
#5043=ORIENTED_EDGE('',*,*,#6976,.F.);
#5044=ORIENTED_EDGE('',*,*,#6906,.F.);
#5045=ORIENTED_EDGE('',*,*,#6976,.T.);
#5046=ORIENTED_EDGE('',*,*,#6953,.F.);
#5047=ORIENTED_EDGE('',*,*,#6977,.F.);
#5048=ORIENTED_EDGE('',*,*,#6907,.F.);
#5049=ORIENTED_EDGE('',*,*,#6977,.T.);
#5050=ORIENTED_EDGE('',*,*,#6887,.F.);
#5051=ORIENTED_EDGE('',*,*,#6978,.F.);
#5052=ORIENTED_EDGE('',*,*,#6908,.F.);
#5053=ORIENTED_EDGE('',*,*,#6978,.T.);
#5054=ORIENTED_EDGE('',*,*,#6886,.F.);
#5055=ORIENTED_EDGE('',*,*,#6979,.F.);
#5056=ORIENTED_EDGE('',*,*,#6952,.F.);
#5057=ORIENTED_EDGE('',*,*,#6979,.T.);
#5058=ORIENTED_EDGE('',*,*,#6885,.F.);
#5059=ORIENTED_EDGE('',*,*,#6980,.F.);
#5060=ORIENTED_EDGE('',*,*,#6934,.F.);
#5061=ORIENTED_EDGE('',*,*,#6980,.T.);
#5062=ORIENTED_EDGE('',*,*,#6884,.F.);
#5063=ORIENTED_EDGE('',*,*,#6981,.F.);
#5064=ORIENTED_EDGE('',*,*,#6938,.F.);
#5065=ORIENTED_EDGE('',*,*,#6981,.T.);
#5066=ORIENTED_EDGE('',*,*,#6881,.F.);
#5067=ORIENTED_EDGE('',*,*,#6982,.F.);
#5068=ORIENTED_EDGE('',*,*,#6936,.F.);
#5069=ORIENTED_EDGE('',*,*,#6982,.T.);
#5070=ORIENTED_EDGE('',*,*,#6877,.F.);
#5071=ORIENTED_EDGE('',*,*,#6983,.F.);
#5072=ORIENTED_EDGE('',*,*,#6937,.F.);
#5073=ORIENTED_EDGE('',*,*,#6983,.T.);
#5074=ORIENTED_EDGE('',*,*,#6876,.F.);
#5075=ORIENTED_EDGE('',*,*,#6984,.F.);
#5076=ORIENTED_EDGE('',*,*,#6931,.F.);
#5077=ORIENTED_EDGE('',*,*,#6984,.T.);
#5078=ORIENTED_EDGE('',*,*,#6872,.F.);
#5079=ORIENTED_EDGE('',*,*,#6985,.F.);
#5080=ORIENTED_EDGE('',*,*,#6932,.F.);
#5081=ORIENTED_EDGE('',*,*,#6985,.T.);
#5082=ORIENTED_EDGE('',*,*,#6871,.F.);
#5083=ORIENTED_EDGE('',*,*,#6986,.F.);
#5084=ORIENTED_EDGE('',*,*,#6950,.F.);
#5085=ORIENTED_EDGE('',*,*,#6986,.T.);
#5086=ORIENTED_EDGE('',*,*,#6867,.F.);
#5087=ORIENTED_EDGE('',*,*,#6987,.F.);
#5088=ORIENTED_EDGE('',*,*,#6951,.F.);
#5089=ORIENTED_EDGE('',*,*,#6987,.T.);
#5090=ORIENTED_EDGE('',*,*,#6866,.F.);
#5091=ORIENTED_EDGE('',*,*,#6988,.F.);
#5092=ORIENTED_EDGE('',*,*,#6910,.F.);
#5093=ORIENTED_EDGE('',*,*,#6988,.T.);
#5094=ORIENTED_EDGE('',*,*,#6924,.F.);
#5095=ORIENTED_EDGE('',*,*,#6989,.F.);
#5096=ORIENTED_EDGE('',*,*,#6911,.F.);
#5097=ORIENTED_EDGE('',*,*,#6989,.T.);
#5098=ORIENTED_EDGE('',*,*,#6922,.F.);
#5099=ORIENTED_EDGE('',*,*,#6990,.F.);
#5100=ORIENTED_EDGE('',*,*,#6912,.F.);
#5101=ORIENTED_EDGE('',*,*,#6990,.T.);
#5102=ORIENTED_EDGE('',*,*,#6919,.F.);
#5103=ORIENTED_EDGE('',*,*,#6991,.F.);
#5104=ORIENTED_EDGE('',*,*,#6903,.F.);
#5105=ORIENTED_EDGE('',*,*,#6992,.F.);
#5106=ORIENTED_EDGE('',*,*,#6904,.F.);
#5107=ORIENTED_EDGE('',*,*,#6991,.T.);
#5108=ORIENTED_EDGE('',*,*,#6916,.F.);
#5109=ORIENTED_EDGE('',*,*,#6993,.T.);
#5110=ORIENTED_EDGE('',*,*,#6994,.T.);
#5111=ORIENTED_EDGE('',*,*,#6995,.T.);
#5112=ORIENTED_EDGE('',*,*,#6996,.T.);
#5113=ORIENTED_EDGE('',*,*,#6997,.T.);
#5114=ORIENTED_EDGE('',*,*,#6928,.F.);
#5115=ORIENTED_EDGE('',*,*,#6862,.T.);
#5116=ORIENTED_EDGE('',*,*,#6927,.F.);
#5117=ORIENTED_EDGE('',*,*,#6975,.T.);
#5118=ORIENTED_EDGE('',*,*,#6905,.T.);
#5119=ORIENTED_EDGE('',*,*,#6992,.T.);
#5120=ORIENTED_EDGE('',*,*,#6915,.F.);
#5121=ORIENTED_EDGE('',*,*,#6974,.T.);
#5122=ORIENTED_EDGE('',*,*,#6893,.F.);
#5123=ORIENTED_EDGE('',*,*,#6957,.T.);
#5124=ORIENTED_EDGE('',*,*,#6998,.F.);
#5125=ORIENTED_EDGE('',*,*,#6999,.F.);
#5126=ORIENTED_EDGE('',*,*,#7000,.F.);
#5127=ORIENTED_EDGE('',*,*,#7001,.F.);
#5128=ORIENTED_EDGE('',*,*,#7002,.T.);
#5129=ORIENTED_EDGE('',*,*,#7003,.T.);
#5130=ORIENTED_EDGE('',*,*,#7004,.T.);
#5131=ORIENTED_EDGE('',*,*,#7005,.T.);
#5132=ORIENTED_EDGE('',*,*,#7006,.T.);
#5133=ORIENTED_EDGE('',*,*,#7007,.T.);
#5134=ORIENTED_EDGE('',*,*,#7008,.T.);
#5135=ORIENTED_EDGE('',*,*,#7009,.T.);
#5136=ORIENTED_EDGE('',*,*,#7010,.T.);
#5137=ORIENTED_EDGE('',*,*,#7011,.T.);
#5138=ORIENTED_EDGE('',*,*,#7012,.T.);
#5139=ORIENTED_EDGE('',*,*,#7013,.F.);
#5140=ORIENTED_EDGE('',*,*,#7014,.T.);
#5141=ORIENTED_EDGE('',*,*,#7015,.T.);
#5142=ORIENTED_EDGE('',*,*,#7016,.T.);
#5143=ORIENTED_EDGE('',*,*,#7017,.T.);
#5144=ORIENTED_EDGE('',*,*,#7018,.T.);
#5145=ORIENTED_EDGE('',*,*,#7019,.F.);
#5146=ORIENTED_EDGE('',*,*,#7020,.F.);
#5147=ORIENTED_EDGE('',*,*,#7021,.T.);
#5148=ORIENTED_EDGE('',*,*,#7022,.F.);
#5149=ORIENTED_EDGE('',*,*,#7023,.F.);
#5150=ORIENTED_EDGE('',*,*,#7024,.T.);
#5151=ORIENTED_EDGE('',*,*,#7025,.F.);
#5152=ORIENTED_EDGE('',*,*,#7026,.T.);
#5153=ORIENTED_EDGE('',*,*,#7027,.T.);
#5154=ORIENTED_EDGE('',*,*,#7028,.F.);
#5155=ORIENTED_EDGE('',*,*,#6848,.F.);
#5156=ORIENTED_EDGE('',*,*,#6857,.T.);
#5157=ORIENTED_EDGE('',*,*,#7029,.T.);
#5158=ORIENTED_EDGE('',*,*,#7030,.T.);
#5159=ORIENTED_EDGE('',*,*,#7031,.T.);
#5160=ORIENTED_EDGE('',*,*,#7032,.F.);
#5161=ORIENTED_EDGE('',*,*,#7033,.T.);
#5162=ORIENTED_EDGE('',*,*,#7034,.T.);
#5163=ORIENTED_EDGE('',*,*,#6850,.F.);
#5164=ORIENTED_EDGE('',*,*,#6839,.F.);
#5165=ORIENTED_EDGE('',*,*,#6044,.F.);
#5166=ORIENTED_EDGE('',*,*,#6437,.T.);
#5167=ORIENTED_EDGE('',*,*,#7035,.T.);
#5168=ORIENTED_EDGE('',*,*,#7036,.F.);
#5169=ORIENTED_EDGE('',*,*,#7037,.T.);
#5170=ORIENTED_EDGE('',*,*,#7038,.T.);
#5171=ORIENTED_EDGE('',*,*,#7039,.T.);
#5172=ORIENTED_EDGE('',*,*,#7040,.T.);
#5173=ORIENTED_EDGE('',*,*,#6047,.F.);
#5174=ORIENTED_EDGE('',*,*,#6032,.F.);
#5175=ORIENTED_EDGE('',*,*,#6652,.F.);
#5176=ORIENTED_EDGE('',*,*,#7041,.T.);
#5177=ORIENTED_EDGE('',*,*,#6088,.F.);
#5178=ORIENTED_EDGE('',*,*,#7042,.T.);
#5179=ORIENTED_EDGE('',*,*,#6082,.F.);
#5180=ORIENTED_EDGE('',*,*,#7043,.T.);
#5181=ORIENTED_EDGE('',*,*,#6658,.F.);
#5182=ORIENTED_EDGE('',*,*,#7044,.T.);
#5183=ORIENTED_EDGE('',*,*,#7031,.F.);
#5184=ORIENTED_EDGE('',*,*,#7045,.T.);
#5185=ORIENTED_EDGE('',*,*,#7037,.F.);
#5186=ORIENTED_EDGE('',*,*,#7046,.T.);
#5187=ORIENTED_EDGE('',*,*,#7047,.T.);
#5188=ORIENTED_EDGE('',*,*,#7048,.T.);
#5189=ORIENTED_EDGE('',*,*,#7049,.T.);
#5190=ORIENTED_EDGE('',*,*,#7019,.T.);
#5191=ORIENTED_EDGE('',*,*,#7050,.T.);
#5192=ORIENTED_EDGE('',*,*,#7032,.T.);
#5193=ORIENTED_EDGE('',*,*,#7049,.F.);
#5194=ORIENTED_EDGE('',*,*,#7051,.F.);
#5195=ORIENTED_EDGE('',*,*,#7027,.F.);
#5196=ORIENTED_EDGE('',*,*,#7052,.F.);
#5197=ORIENTED_EDGE('',*,*,#7036,.T.);
#5198=ORIENTED_EDGE('',*,*,#7053,.T.);
#5199=ORIENTED_EDGE('',*,*,#7013,.T.);
#5200=ORIENTED_EDGE('',*,*,#7052,.T.);
#5201=ORIENTED_EDGE('',*,*,#7026,.F.);
#5202=ORIENTED_EDGE('',*,*,#7054,.F.);
#5203=ORIENTED_EDGE('',*,*,#7046,.F.);
#5204=ORIENTED_EDGE('',*,*,#7055,.T.);
#5205=ORIENTED_EDGE('',*,*,#7056,.F.);
#5206=ORIENTED_EDGE('',*,*,#7057,.F.);
#5207=ORIENTED_EDGE('',*,*,#6084,.F.);
#5208=ORIENTED_EDGE('',*,*,#7058,.T.);
#5209=ORIENTED_EDGE('',*,*,#7059,.F.);
#5210=ORIENTED_EDGE('',*,*,#7055,.F.);
#5211=ORIENTED_EDGE('',*,*,#6083,.F.);
#5212=ORIENTED_EDGE('',*,*,#7060,.T.);
#5213=ORIENTED_EDGE('',*,*,#7061,.F.);
#5214=ORIENTED_EDGE('',*,*,#7058,.F.);
#5215=ORIENTED_EDGE('',*,*,#7044,.F.);
#5216=ORIENTED_EDGE('',*,*,#7060,.F.);
#5217=ORIENTED_EDGE('',*,*,#6657,.F.);
#5218=ORIENTED_EDGE('',*,*,#7062,.F.);
#5219=ORIENTED_EDGE('',*,*,#7063,.F.);
#5220=ORIENTED_EDGE('',*,*,#7062,.T.);
#5221=ORIENTED_EDGE('',*,*,#6656,.F.);
#5222=ORIENTED_EDGE('',*,*,#7064,.F.);
#5223=ORIENTED_EDGE('',*,*,#7065,.F.);
#5224=ORIENTED_EDGE('',*,*,#7066,.F.);
#5225=ORIENTED_EDGE('',*,*,#7067,.F.);
#5226=ORIENTED_EDGE('',*,*,#7068,.F.);
#5227=ORIENTED_EDGE('',*,*,#7069,.T.);
#5228=ORIENTED_EDGE('',*,*,#7070,.T.);
#5229=ORIENTED_EDGE('',*,*,#7071,.F.);
#5230=ORIENTED_EDGE('',*,*,#7072,.T.);
#5231=ORIENTED_EDGE('',*,*,#7073,.T.);
#5232=ORIENTED_EDGE('',*,*,#7071,.T.);
#5233=ORIENTED_EDGE('',*,*,#7074,.T.);
#5234=ORIENTED_EDGE('',*,*,#7075,.F.);
#5235=ORIENTED_EDGE('',*,*,#7076,.T.);
#5236=ORIENTED_EDGE('',*,*,#7077,.T.);
#5237=ORIENTED_EDGE('',*,*,#7078,.F.);
#5238=ORIENTED_EDGE('',*,*,#7079,.F.);
#5239=ORIENTED_EDGE('',*,*,#7005,.F.);
#5240=ORIENTED_EDGE('',*,*,#7080,.T.);
#5241=ORIENTED_EDGE('',*,*,#7081,.F.);
#5242=ORIENTED_EDGE('',*,*,#7077,.F.);
#5243=ORIENTED_EDGE('',*,*,#7004,.F.);
#5244=ORIENTED_EDGE('',*,*,#7082,.F.);
#5245=ORIENTED_EDGE('',*,*,#7083,.F.);
#5246=ORIENTED_EDGE('',*,*,#7080,.F.);
#5247=ORIENTED_EDGE('',*,*,#7003,.F.);
#5248=ORIENTED_EDGE('',*,*,#7082,.T.);
#5249=ORIENTED_EDGE('',*,*,#7012,.F.);
#5250=ORIENTED_EDGE('',*,*,#7084,.F.);
#5251=ORIENTED_EDGE('',*,*,#7085,.F.);
#5252=ORIENTED_EDGE('',*,*,#7086,.T.);
#5253=ORIENTED_EDGE('',*,*,#7087,.T.);
#5254=ORIENTED_EDGE('',*,*,#7088,.T.);
#5255=ORIENTED_EDGE('',*,*,#7089,.T.);
#5256=ORIENTED_EDGE('',*,*,#7090,.T.);
#5257=ORIENTED_EDGE('',*,*,#7010,.F.);
#5258=ORIENTED_EDGE('',*,*,#7091,.F.);
#5259=ORIENTED_EDGE('',*,*,#7092,.F.);
#5260=ORIENTED_EDGE('',*,*,#7084,.T.);
#5261=ORIENTED_EDGE('',*,*,#7011,.F.);
#5262=ORIENTED_EDGE('',*,*,#7090,.F.);
#5263=ORIENTED_EDGE('',*,*,#7087,.F.);
#5264=ORIENTED_EDGE('',*,*,#7093,.F.);
#5265=ORIENTED_EDGE('',*,*,#7085,.T.);
#5266=ORIENTED_EDGE('',*,*,#7086,.F.);
#5267=ORIENTED_EDGE('',*,*,#7094,.F.);
#5268=ORIENTED_EDGE('',*,*,#7095,.T.);
#5269=ORIENTED_EDGE('',*,*,#7094,.T.);
#5270=ORIENTED_EDGE('',*,*,#7096,.F.);
#5271=ORIENTED_EDGE('',*,*,#7097,.F.);
#5272=ORIENTED_EDGE('',*,*,#7065,.T.);
#5273=ORIENTED_EDGE('',*,*,#7098,.F.);
#5274=ORIENTED_EDGE('',*,*,#7095,.F.);
#5275=ORIENTED_EDGE('',*,*,#7064,.T.);
#5276=ORIENTED_EDGE('',*,*,#6655,.F.);
#5277=ORIENTED_EDGE('',*,*,#7099,.F.);
#5278=ORIENTED_EDGE('',*,*,#7100,.F.);
#5279=ORIENTED_EDGE('',*,*,#7099,.T.);
#5280=ORIENTED_EDGE('',*,*,#6654,.F.);
#5281=ORIENTED_EDGE('',*,*,#7101,.F.);
#5282=ORIENTED_EDGE('',*,*,#7102,.F.);
#5283=ORIENTED_EDGE('',*,*,#7101,.T.);
#5284=ORIENTED_EDGE('',*,*,#6653,.F.);
#5285=ORIENTED_EDGE('',*,*,#7103,.F.);
#5286=ORIENTED_EDGE('',*,*,#7104,.F.);
#5287=ORIENTED_EDGE('',*,*,#7103,.T.);
#5288=ORIENTED_EDGE('',*,*,#7042,.F.);
#5289=ORIENTED_EDGE('',*,*,#7105,.F.);
#5290=ORIENTED_EDGE('',*,*,#7106,.F.);
#5291=ORIENTED_EDGE('',*,*,#7105,.T.);
#5292=ORIENTED_EDGE('',*,*,#6087,.F.);
#5293=ORIENTED_EDGE('',*,*,#7107,.T.);
#5294=ORIENTED_EDGE('',*,*,#7108,.F.);
#5295=ORIENTED_EDGE('',*,*,#7109,.T.);
#5296=ORIENTED_EDGE('',*,*,#7110,.F.);
#5297=ORIENTED_EDGE('',*,*,#7107,.F.);
#5298=ORIENTED_EDGE('',*,*,#6086,.F.);
#5299=ORIENTED_EDGE('',*,*,#7057,.T.);
#5300=ORIENTED_EDGE('',*,*,#7111,.F.);
#5301=ORIENTED_EDGE('',*,*,#7109,.F.);
#5302=ORIENTED_EDGE('',*,*,#6085,.F.);
#5303=ORIENTED_EDGE('',*,*,#7112,.F.);
#5304=ORIENTED_EDGE('',*,*,#7056,.T.);
#5305=ORIENTED_EDGE('',*,*,#7113,.F.);
#5306=ORIENTED_EDGE('',*,*,#7114,.F.);
#5307=ORIENTED_EDGE('',*,*,#7115,.T.);
#5308=ORIENTED_EDGE('',*,*,#7114,.T.);
#5309=ORIENTED_EDGE('',*,*,#7116,.F.);
#5310=ORIENTED_EDGE('',*,*,#7113,.T.);
#5311=ORIENTED_EDGE('',*,*,#7059,.T.);
#5312=ORIENTED_EDGE('',*,*,#7061,.T.);
#5313=ORIENTED_EDGE('',*,*,#7063,.T.);
#5314=ORIENTED_EDGE('',*,*,#7097,.T.);
#5315=ORIENTED_EDGE('',*,*,#7117,.T.);
#5316=ORIENTED_EDGE('',*,*,#7096,.T.);
#5317=ORIENTED_EDGE('',*,*,#7089,.F.);
#5318=ORIENTED_EDGE('',*,*,#7116,.T.);
#5319=ORIENTED_EDGE('',*,*,#7117,.F.);
#5320=ORIENTED_EDGE('',*,*,#7088,.F.);
#5321=ORIENTED_EDGE('',*,*,#7092,.T.);
#5322=ORIENTED_EDGE('',*,*,#7118,.F.);
#5323=ORIENTED_EDGE('',*,*,#7115,.F.);
#5324=ORIENTED_EDGE('',*,*,#7091,.T.);
#5325=ORIENTED_EDGE('',*,*,#7009,.F.);
#5326=ORIENTED_EDGE('',*,*,#7119,.F.);
#5327=ORIENTED_EDGE('',*,*,#7120,.F.);
#5328=ORIENTED_EDGE('',*,*,#7121,.T.);
#5329=ORIENTED_EDGE('',*,*,#7122,.F.);
#5330=ORIENTED_EDGE('',*,*,#7119,.T.);
#5331=ORIENTED_EDGE('',*,*,#7008,.F.);
#5332=ORIENTED_EDGE('',*,*,#7123,.T.);
#5333=ORIENTED_EDGE('',*,*,#7070,.F.);
#5334=ORIENTED_EDGE('',*,*,#7121,.F.);
#5335=ORIENTED_EDGE('',*,*,#7007,.F.);
#5336=ORIENTED_EDGE('',*,*,#7079,.T.);
#5337=ORIENTED_EDGE('',*,*,#7074,.F.);
#5338=ORIENTED_EDGE('',*,*,#7123,.F.);
#5339=ORIENTED_EDGE('',*,*,#7006,.F.);
#5340=ORIENTED_EDGE('',*,*,#7075,.T.);
#5341=ORIENTED_EDGE('',*,*,#7078,.T.);
#5342=ORIENTED_EDGE('',*,*,#7124,.T.);
#5343=ORIENTED_EDGE('',*,*,#7125,.T.);
#5344=ORIENTED_EDGE('',*,*,#7126,.T.);
#5345=ORIENTED_EDGE('',*,*,#7127,.T.);
#5346=ORIENTED_EDGE('',*,*,#7125,.F.);
#5347=ORIENTED_EDGE('',*,*,#7128,.F.);
#5348=ORIENTED_EDGE('',*,*,#7129,.F.);
#5349=ORIENTED_EDGE('',*,*,#7128,.T.);
#5350=ORIENTED_EDGE('',*,*,#7130,.F.);
#5351=ORIENTED_EDGE('',*,*,#7131,.F.);
#5352=ORIENTED_EDGE('',*,*,#7124,.F.);
#5353=ORIENTED_EDGE('',*,*,#7081,.T.);
#5354=ORIENTED_EDGE('',*,*,#7132,.F.);
#5355=ORIENTED_EDGE('',*,*,#7130,.T.);
#5356=ORIENTED_EDGE('',*,*,#7132,.T.);
#5357=ORIENTED_EDGE('',*,*,#7083,.T.);
#5358=ORIENTED_EDGE('',*,*,#7093,.T.);
#5359=ORIENTED_EDGE('',*,*,#7098,.T.);
#5360=ORIENTED_EDGE('',*,*,#7100,.T.);
#5361=ORIENTED_EDGE('',*,*,#7133,.T.);
#5362=ORIENTED_EDGE('',*,*,#7129,.T.);
#5363=ORIENTED_EDGE('',*,*,#7131,.T.);
#5364=ORIENTED_EDGE('',*,*,#7133,.F.);
#5365=ORIENTED_EDGE('',*,*,#7102,.T.);
#5366=ORIENTED_EDGE('',*,*,#7134,.F.);
#5367=ORIENTED_EDGE('',*,*,#7135,.T.);
#5368=ORIENTED_EDGE('',*,*,#7126,.F.);
#5369=ORIENTED_EDGE('',*,*,#7127,.F.);
#5370=ORIENTED_EDGE('',*,*,#7136,.F.);
#5371=ORIENTED_EDGE('',*,*,#7137,.T.);
#5372=ORIENTED_EDGE('',*,*,#7076,.F.);
#5373=ORIENTED_EDGE('',*,*,#7135,.F.);
#5374=ORIENTED_EDGE('',*,*,#7138,.F.);
#5375=ORIENTED_EDGE('',*,*,#7139,.T.);
#5376=ORIENTED_EDGE('',*,*,#7072,.F.);
#5377=ORIENTED_EDGE('',*,*,#7137,.F.);
#5378=ORIENTED_EDGE('',*,*,#7140,.F.);
#5379=ORIENTED_EDGE('',*,*,#7068,.T.);
#5380=ORIENTED_EDGE('',*,*,#7073,.F.);
#5381=ORIENTED_EDGE('',*,*,#7139,.F.);
#5382=ORIENTED_EDGE('',*,*,#7141,.F.);
#5383=ORIENTED_EDGE('',*,*,#7142,.F.);
#5384=ORIENTED_EDGE('',*,*,#7122,.T.);
#5385=ORIENTED_EDGE('',*,*,#7069,.F.);
#5386=ORIENTED_EDGE('',*,*,#7067,.T.);
#5387=ORIENTED_EDGE('',*,*,#7118,.T.);
#5388=ORIENTED_EDGE('',*,*,#7120,.T.);
#5389=ORIENTED_EDGE('',*,*,#7142,.T.);
#5390=ORIENTED_EDGE('',*,*,#7143,.T.);
#5391=ORIENTED_EDGE('',*,*,#7111,.T.);
#5392=ORIENTED_EDGE('',*,*,#7112,.T.);
#5393=ORIENTED_EDGE('',*,*,#7143,.F.);
#5394=ORIENTED_EDGE('',*,*,#7066,.T.);
#5395=ORIENTED_EDGE('',*,*,#7141,.T.);
#5396=ORIENTED_EDGE('',*,*,#7144,.F.);
#5397=ORIENTED_EDGE('',*,*,#7110,.T.);
#5398=ORIENTED_EDGE('',*,*,#7138,.T.);
#5399=ORIENTED_EDGE('',*,*,#7136,.T.);
#5400=ORIENTED_EDGE('',*,*,#7134,.T.);
#5401=ORIENTED_EDGE('',*,*,#7104,.T.);
#5402=ORIENTED_EDGE('',*,*,#7106,.T.);
#5403=ORIENTED_EDGE('',*,*,#7108,.T.);
#5404=ORIENTED_EDGE('',*,*,#7144,.T.);
#5405=ORIENTED_EDGE('',*,*,#7140,.T.);
#5406=ORIENTED_EDGE('',*,*,#6651,.F.);
#5407=ORIENTED_EDGE('',*,*,#7145,.T.);
#5408=ORIENTED_EDGE('',*,*,#7017,.F.);
#5409=ORIENTED_EDGE('',*,*,#7146,.F.);
#5410=ORIENTED_EDGE('',*,*,#7146,.T.);
#5411=ORIENTED_EDGE('',*,*,#7016,.F.);
#5412=ORIENTED_EDGE('',*,*,#7147,.F.);
#5413=ORIENTED_EDGE('',*,*,#7041,.F.);
#5414=ORIENTED_EDGE('',*,*,#7015,.F.);
#5415=ORIENTED_EDGE('',*,*,#7148,.T.);
#5416=ORIENTED_EDGE('',*,*,#6089,.F.);
#5417=ORIENTED_EDGE('',*,*,#7147,.T.);
#5418=ORIENTED_EDGE('',*,*,#7054,.T.);
#5419=ORIENTED_EDGE('',*,*,#7149,.F.);
#5420=ORIENTED_EDGE('',*,*,#7150,.F.);
#5421=ORIENTED_EDGE('',*,*,#7151,.T.);
#5422=ORIENTED_EDGE('',*,*,#7051,.T.);
#5423=ORIENTED_EDGE('',*,*,#7152,.T.);
#5424=ORIENTED_EDGE('',*,*,#7153,.F.);
#5425=ORIENTED_EDGE('',*,*,#7154,.T.);
#5426=ORIENTED_EDGE('',*,*,#7155,.F.);
#5427=ORIENTED_EDGE('',*,*,#7022,.T.);
#5428=ORIENTED_EDGE('',*,*,#7156,.T.);
#5429=ORIENTED_EDGE('',*,*,#7152,.F.);
#5430=ORIENTED_EDGE('',*,*,#7048,.F.);
#5431=ORIENTED_EDGE('',*,*,#7157,.T.);
#5432=ORIENTED_EDGE('',*,*,#7158,.T.);
#5433=ORIENTED_EDGE('',*,*,#7159,.F.);
#5434=ORIENTED_EDGE('',*,*,#7160,.T.);
#5435=ORIENTED_EDGE('',*,*,#7161,.T.);
#5436=ORIENTED_EDGE('',*,*,#7157,.F.);
#5437=ORIENTED_EDGE('',*,*,#7047,.F.);
#5438=ORIENTED_EDGE('',*,*,#7151,.F.);
#5439=ORIENTED_EDGE('',*,*,#7162,.T.);
#5440=ORIENTED_EDGE('',*,*,#7001,.T.);
#5441=ORIENTED_EDGE('',*,*,#7163,.T.);
#5442=ORIENTED_EDGE('',*,*,#7164,.T.);
#5443=ORIENTED_EDGE('',*,*,#7165,.T.);
#5444=ORIENTED_EDGE('',*,*,#7166,.F.);
#5445=ORIENTED_EDGE('',*,*,#7167,.T.);
#5446=ORIENTED_EDGE('',*,*,#7160,.F.);
#5447=ORIENTED_EDGE('',*,*,#7000,.T.);
#5448=ORIENTED_EDGE('',*,*,#7023,.T.);
#5449=ORIENTED_EDGE('',*,*,#7159,.T.);
#5450=ORIENTED_EDGE('',*,*,#7168,.T.);
#5451=ORIENTED_EDGE('',*,*,#7166,.T.);
#5452=ORIENTED_EDGE('',*,*,#7169,.F.);
#5453=ORIENTED_EDGE('',*,*,#7170,.F.);
#5454=ORIENTED_EDGE('',*,*,#7171,.F.);
#5455=ORIENTED_EDGE('',*,*,#7153,.T.);
#5456=ORIENTED_EDGE('',*,*,#7156,.F.);
#5457=ORIENTED_EDGE('',*,*,#7021,.F.);
#5458=ORIENTED_EDGE('',*,*,#7172,.F.);
#5459=ORIENTED_EDGE('',*,*,#7173,.T.);
#5460=ORIENTED_EDGE('',*,*,#7002,.F.);
#5461=ORIENTED_EDGE('',*,*,#7162,.F.);
#5462=ORIENTED_EDGE('',*,*,#7150,.T.);
#5463=ORIENTED_EDGE('',*,*,#7158,.F.);
#5464=ORIENTED_EDGE('',*,*,#7161,.F.);
#5465=ORIENTED_EDGE('',*,*,#7167,.F.);
#5466=ORIENTED_EDGE('',*,*,#7168,.F.);
#5467=ORIENTED_EDGE('',*,*,#7028,.T.);
#5468=ORIENTED_EDGE('',*,*,#7155,.T.);
#5469=ORIENTED_EDGE('',*,*,#7174,.F.);
#5470=ORIENTED_EDGE('',*,*,#7175,.F.);
#5471=ORIENTED_EDGE('',*,*,#7176,.F.);
#5472=ORIENTED_EDGE('',*,*,#7172,.T.);
#5473=ORIENTED_EDGE('',*,*,#7020,.T.);
#5474=ORIENTED_EDGE('',*,*,#7177,.T.);
#5475=ORIENTED_EDGE('',*,*,#7178,.T.);
#5476=ORIENTED_EDGE('',*,*,#7174,.T.);
#5477=ORIENTED_EDGE('',*,*,#7154,.F.);
#5478=ORIENTED_EDGE('',*,*,#7179,.F.);
#5479=ORIENTED_EDGE('',*,*,#7180,.T.);
#5480=ORIENTED_EDGE('',*,*,#7178,.F.);
#5481=ORIENTED_EDGE('',*,*,#7181,.T.);
#5482=ORIENTED_EDGE('',*,*,#7179,.T.);
#5483=ORIENTED_EDGE('',*,*,#7182,.T.);
#5484=ORIENTED_EDGE('',*,*,#7170,.T.);
#5485=ORIENTED_EDGE('',*,*,#7183,.T.);
#5486=ORIENTED_EDGE('',*,*,#7184,.T.);
#5487=ORIENTED_EDGE('',*,*,#7185,.T.);
#5488=ORIENTED_EDGE('',*,*,#7164,.F.);
#5489=ORIENTED_EDGE('',*,*,#7186,.F.);
#5490=ORIENTED_EDGE('',*,*,#7187,.T.);
#5491=ORIENTED_EDGE('',*,*,#7184,.F.);
#5492=ORIENTED_EDGE('',*,*,#7185,.F.);
#5493=ORIENTED_EDGE('',*,*,#7188,.F.);
#5494=ORIENTED_EDGE('',*,*,#7181,.F.);
#5495=ORIENTED_EDGE('',*,*,#7169,.T.);
#5496=ORIENTED_EDGE('',*,*,#7165,.F.);
#5497=ORIENTED_EDGE('',*,*,#7180,.F.);
#5498=ORIENTED_EDGE('',*,*,#7188,.T.);
#5499=ORIENTED_EDGE('',*,*,#7187,.F.);
#5500=ORIENTED_EDGE('',*,*,#7175,.T.);
#5501=ORIENTED_EDGE('',*,*,#7149,.T.);
#5502=ORIENTED_EDGE('',*,*,#7025,.T.);
#5503=ORIENTED_EDGE('',*,*,#7176,.T.);
#5504=ORIENTED_EDGE('',*,*,#7186,.T.);
#5505=ORIENTED_EDGE('',*,*,#7189,.T.);
#5506=ORIENTED_EDGE('',*,*,#6998,.T.);
#5507=ORIENTED_EDGE('',*,*,#7173,.F.);
#5508=ORIENTED_EDGE('',*,*,#7171,.T.);
#5509=ORIENTED_EDGE('',*,*,#7182,.F.);
#5510=ORIENTED_EDGE('',*,*,#7177,.F.);
#5511=ORIENTED_EDGE('',*,*,#7024,.F.);
#5512=ORIENTED_EDGE('',*,*,#6999,.T.);
#5513=ORIENTED_EDGE('',*,*,#7189,.F.);
#5514=ORIENTED_EDGE('',*,*,#7183,.F.);
#5515=ORIENTED_EDGE('',*,*,#7163,.F.);
#5516=ORIENTED_EDGE('',*,*,#6080,.F.);
#5517=ORIENTED_EDGE('',*,*,#6048,.T.);
#5518=ORIENTED_EDGE('',*,*,#7040,.F.);
#5519=ORIENTED_EDGE('',*,*,#7190,.T.);
#5520=ORIENTED_EDGE('',*,*,#6438,.T.);
#5521=ORIENTED_EDGE('',*,*,#7148,.F.);
#5522=ORIENTED_EDGE('',*,*,#7191,.F.);
#5523=ORIENTED_EDGE('',*,*,#7053,.F.);
#5524=ORIENTED_EDGE('',*,*,#7035,.F.);
#5525=ORIENTED_EDGE('',*,*,#7191,.T.);
#5526=ORIENTED_EDGE('',*,*,#7014,.F.);
#5527=ORIENTED_EDGE('',*,*,#6650,.F.);
#5528=ORIENTED_EDGE('',*,*,#6851,.T.);
#5529=ORIENTED_EDGE('',*,*,#7034,.F.);
#5530=ORIENTED_EDGE('',*,*,#7192,.F.);
#5531=ORIENTED_EDGE('',*,*,#7145,.F.);
#5532=ORIENTED_EDGE('',*,*,#7192,.T.);
#5533=ORIENTED_EDGE('',*,*,#7193,.F.);
#5534=ORIENTED_EDGE('',*,*,#7193,.T.);
#5535=ORIENTED_EDGE('',*,*,#7033,.F.);
#5536=ORIENTED_EDGE('',*,*,#7050,.F.);
#5537=ORIENTED_EDGE('',*,*,#7018,.F.);
#5538=ORIENTED_EDGE('',*,*,#7030,.F.);
#5539=ORIENTED_EDGE('',*,*,#7194,.T.);
#5540=ORIENTED_EDGE('',*,*,#7038,.F.);
#5541=ORIENTED_EDGE('',*,*,#7045,.F.);
#5542=ORIENTED_EDGE('',*,*,#7195,.F.);
#5543=ORIENTED_EDGE('',*,*,#7043,.F.);
#5544=ORIENTED_EDGE('',*,*,#7196,.F.);
#5545=ORIENTED_EDGE('',*,*,#6997,.F.);
#5546=ORIENTED_EDGE('',*,*,#7196,.T.);
#5547=ORIENTED_EDGE('',*,*,#6081,.F.);
#5548=ORIENTED_EDGE('',*,*,#7197,.F.);
#5549=ORIENTED_EDGE('',*,*,#6993,.F.);
#5550=ORIENTED_EDGE('',*,*,#7195,.T.);
#5551=ORIENTED_EDGE('',*,*,#6996,.F.);
#5552=ORIENTED_EDGE('',*,*,#7198,.F.);
#5553=ORIENTED_EDGE('',*,*,#6659,.F.);
#5554=ORIENTED_EDGE('',*,*,#7197,.T.);
#5555=ORIENTED_EDGE('',*,*,#7190,.F.);
#5556=ORIENTED_EDGE('',*,*,#7199,.F.);
#5557=ORIENTED_EDGE('',*,*,#6858,.F.);
#5558=ORIENTED_EDGE('',*,*,#7198,.T.);
#5559=ORIENTED_EDGE('',*,*,#7200,.F.);
#5560=ORIENTED_EDGE('',*,*,#7199,.T.);
#5561=ORIENTED_EDGE('',*,*,#7039,.F.);
#5562=ORIENTED_EDGE('',*,*,#7201,.F.);
#5563=ORIENTED_EDGE('',*,*,#6994,.F.);
#5564=ORIENTED_EDGE('',*,*,#7200,.T.);
#5565=ORIENTED_EDGE('',*,*,#6995,.F.);
#5566=ORIENTED_EDGE('',*,*,#7202,.F.);
#5567=ORIENTED_EDGE('',*,*,#7029,.F.);
#5568=ORIENTED_EDGE('',*,*,#7201,.T.);
#5569=ORIENTED_EDGE('',*,*,#7194,.F.);
#5570=ORIENTED_EDGE('',*,*,#7202,.T.);
#5571=EDGE_CURVE('',#7203,#7204,#8159,.F.);
#5572=EDGE_CURVE('',#7205,#7203,#627,.T.);
#5573=EDGE_CURVE('',#7206,#7205,#8160,.T.);
#5574=EDGE_CURVE('',#7204,#7206,#628,.F.);
#5575=EDGE_CURVE('',#7207,#7208,#8161,.F.);
#5576=EDGE_CURVE('',#7209,#7207,#629,.F.);
#5577=EDGE_CURVE('',#7209,#7210,#8162,.F.);
#5578=EDGE_CURVE('',#7208,#7210,#630,.T.);
#5579=EDGE_CURVE('',#7211,#7212,#631,.T.);
#5580=EDGE_CURVE('',#7211,#7213,#8163,.T.);
#5581=EDGE_CURVE('',#7214,#7213,#632,.F.);
#5582=EDGE_CURVE('',#7212,#7214,#8164,.T.);
#5583=EDGE_CURVE('',#7215,#7216,#367,.T.);
#5584=EDGE_CURVE('',#7216,#7217,#633,.T.);
#5585=EDGE_CURVE('',#7217,#7218,#634,.T.);
#5586=EDGE_CURVE('',#7218,#7219,#635,.T.);
#5587=EDGE_CURVE('',#7219,#7220,#202,.T.);
#5588=EDGE_CURVE('',#7215,#7220,#636,.T.);
#5589=EDGE_CURVE('',#7221,#7222,#203,.T.);
#5590=EDGE_CURVE('',#7222,#7215,#204,.T.);
#5591=EDGE_CURVE('',#7220,#7223,#205,.T.);
#5592=EDGE_CURVE('',#7223,#7224,#206,.T.);
#5593=EDGE_CURVE('',#7221,#7224,#637,.T.);
#5594=EDGE_CURVE('',#7225,#7226,#207,.T.);
#5595=EDGE_CURVE('',#7226,#7221,#638,.T.);
#5596=EDGE_CURVE('',#7224,#7227,#639,.T.);
#5597=EDGE_CURVE('',#7227,#7228,#208,.T.);
#5598=EDGE_CURVE('',#7225,#7228,#640,.T.);
#5599=EDGE_CURVE('',#7229,#7230,#641,.T.);
#5600=EDGE_CURVE('',#7229,#7225,#209,.T.);
#5601=EDGE_CURVE('',#7228,#7230,#210,.T.);
#5602=EDGE_CURVE('',#7231,#7232,#642,.T.);
#5603=EDGE_CURVE('',#7232,#7229,#8165,.T.);
#5604=EDGE_CURVE('',#7230,#7233,#8166,.T.);
#5605=EDGE_CURVE('',#7233,#7234,#643,.T.);
#5606=EDGE_CURVE('',#7234,#7235,#8167,.T.);
#5607=EDGE_CURVE('',#7235,#7236,#644,.T.);
#5608=EDGE_CURVE('',#7236,#7237,#645,.F.);
#5609=EDGE_CURVE('',#7237,#7238,#8168,.F.);
#5610=EDGE_CURVE('',#7238,#7239,#646,.F.);
#5611=EDGE_CURVE('',#7239,#7240,#647,.F.);
#5612=EDGE_CURVE('',#7240,#7231,#8169,.T.);
#5613=EDGE_CURVE('',#7241,#7242,#648,.T.);
#5614=EDGE_CURVE('',#7242,#7243,#649,.T.);
#5615=EDGE_CURVE('',#7243,#7244,#8170,.F.);
#5616=EDGE_CURVE('',#7244,#7245,#650,.T.);
#5617=EDGE_CURVE('',#7245,#7246,#8171,.F.);
#5618=EDGE_CURVE('',#7246,#7247,#651,.F.);
#5619=EDGE_CURVE('',#7247,#7248,#652,.F.);
#5620=EDGE_CURVE('',#7248,#7249,#653,.T.);
#5621=EDGE_CURVE('',#7249,#7250,#368,.T.);
#5622=EDGE_CURVE('',#7250,#7241,#654,.T.);
#5623=EDGE_CURVE('',#7251,#7252,#8172,.F.);
#5624=EDGE_CURVE('',#7252,#7253,#655,.F.);
#5625=EDGE_CURVE('',#7254,#7253,#656,.T.);
#5626=EDGE_CURVE('',#7254,#7255,#657,.T.);
#5627=EDGE_CURVE('',#7255,#7256,#369,.T.);
#5628=EDGE_CURVE('',#7256,#7257,#658,.F.);
#5629=EDGE_CURVE('',#7257,#7258,#659,.F.);
#5630=EDGE_CURVE('',#7258,#7259,#660,.F.);
#5631=EDGE_CURVE('',#7259,#7260,#8173,.F.);
#5632=EDGE_CURVE('',#7260,#7251,#661,.F.);
#5633=EDGE_CURVE('',#7261,#7262,#662,.T.);
#5634=EDGE_CURVE('',#7261,#7263,#663,.F.);
#5635=EDGE_CURVE('',#7263,#7264,#664,.T.);
#5636=EDGE_CURVE('',#7264,#7262,#665,.T.);
#5637=EDGE_CURVE('',#7265,#7266,#666,.T.);
#5638=EDGE_CURVE('',#7265,#7261,#8174,.T.);
#5639=EDGE_CURVE('',#7262,#7266,#8175,.T.);
#5640=EDGE_CURVE('',#7267,#7268,#667,.T.);
#5641=EDGE_CURVE('',#7267,#7265,#668,.F.);
#5642=EDGE_CURVE('',#7266,#7268,#669,.T.);
#5643=EDGE_CURVE('',#7217,#7267,#8176,.T.);
#5644=EDGE_CURVE('',#7268,#7218,#8177,.T.);
#5645=EDGE_CURVE('',#7213,#7269,#670,.T.);
#5646=EDGE_CURVE('',#7269,#7270,#671,.F.);
#5647=EDGE_CURVE('',#7270,#7214,#672,.T.);
#5648=EDGE_CURVE('',#7212,#7271,#673,.T.);
#5649=EDGE_CURVE('',#7271,#7272,#674,.F.);
#5650=EDGE_CURVE('',#7272,#7211,#675,.T.);
#5651=EDGE_CURVE('',#7273,#7274,#676,.F.);
#5652=EDGE_CURVE('',#7274,#7275,#211,.T.);
#5653=EDGE_CURVE('',#7275,#7276,#677,.T.);
#5654=EDGE_CURVE('',#7276,#7277,#678,.F.);
#5655=EDGE_CURVE('',#7277,#7273,#679,.T.);
#5656=EDGE_CURVE('',#7278,#7279,#212,.T.);
#5657=EDGE_CURVE('',#7279,#7273,#213,.T.);
#5658=EDGE_CURVE('',#7277,#7278,#8178,.F.);
#5659=EDGE_CURVE('',#7280,#7281,#680,.T.);
#5660=EDGE_CURVE('',#7281,#7282,#214,.T.);
#5661=EDGE_CURVE('',#7282,#7283,#681,.F.);
#5662=EDGE_CURVE('',#7284,#7283,#682,.T.);
#5663=EDGE_CURVE('',#7284,#7280,#683,.F.);
#5664=EDGE_CURVE('',#7283,#7285,#215,.T.);
#5665=EDGE_CURVE('',#7285,#7286,#216,.T.);
#5666=EDGE_CURVE('',#7286,#7284,#8179,.F.);
#5667=EDGE_CURVE('',#7247,#7287,#370,.T.);
#5668=EDGE_CURVE('',#7287,#7281,#217,.T.);
#5669=EDGE_CURVE('',#7280,#7248,#8180,.F.);
#5670=EDGE_CURVE('',#7275,#7288,#218,.T.);
#5671=EDGE_CURVE('',#7288,#7258,#219,.T.);
#5672=EDGE_CURVE('',#7257,#7276,#8181,.F.);
#5673=EDGE_CURVE('',#7236,#7269,#371,.T.);
#5674=EDGE_CURVE('',#7237,#7213,#8182,.T.);
#5675=EDGE_CURVE('',#7238,#7211,#8183,.T.);
#5676=EDGE_CURVE('',#7272,#7239,#372,.T.);
#5677=EDGE_CURVE('',#7241,#7271,#8184,.T.);
#5678=EDGE_CURVE('',#7272,#7250,#8185,.T.);
#5679=EDGE_CURVE('',#7239,#7249,#8186,.T.);
#5680=EDGE_CURVE('',#7240,#7248,#8187,.T.);
#5681=EDGE_CURVE('',#7231,#7280,#8188,.T.);
#5682=EDGE_CURVE('',#7232,#7284,#8189,.T.);
#5683=EDGE_CURVE('',#7229,#7286,#8190,.T.);
#5684=EDGE_CURVE('',#7225,#7285,#220,.T.);
#5685=EDGE_CURVE('',#7226,#7283,#221,.T.);
#5686=EDGE_CURVE('',#7221,#7282,#222,.F.);
#5687=EDGE_CURVE('',#7222,#7281,#223,.F.);
#5688=EDGE_CURVE('',#7215,#7287,#224,.F.);
#5689=EDGE_CURVE('',#7216,#7247,#8191,.T.);
#5690=EDGE_CURVE('',#7217,#7246,#8192,.T.);
#5691=EDGE_CURVE('',#7267,#7245,#8193,.T.);
#5692=EDGE_CURVE('',#7265,#7244,#8194,.T.);
#5693=EDGE_CURVE('',#7261,#7243,#8195,.T.);
#5694=EDGE_CURVE('',#7263,#7242,#373,.T.);
#5695=EDGE_CURVE('',#7270,#7254,#8196,.T.);
#5696=EDGE_CURVE('',#7255,#7269,#8197,.T.);
#5697=EDGE_CURVE('',#7256,#7236,#8198,.T.);
#5698=EDGE_CURVE('',#7257,#7235,#8199,.T.);
#5699=EDGE_CURVE('',#7276,#7234,#8200,.T.);
#5700=EDGE_CURVE('',#7277,#7233,#8201,.T.);
#5701=EDGE_CURVE('',#7278,#7230,#8202,.T.);
#5702=EDGE_CURVE('',#7279,#7228,#225,.T.);
#5703=EDGE_CURVE('',#7273,#7227,#226,.T.);
#5704=EDGE_CURVE('',#7274,#7224,#227,.F.);
#5705=EDGE_CURVE('',#7275,#7223,#228,.F.);
#5706=EDGE_CURVE('',#7288,#7220,#229,.F.);
#5707=EDGE_CURVE('',#7258,#7219,#230,.T.);
#5708=EDGE_CURVE('',#7259,#7218,#8203,.T.);
#5709=EDGE_CURVE('',#7260,#7268,#8204,.T.);
#5710=EDGE_CURVE('',#7251,#7266,#8205,.T.);
#5711=EDGE_CURVE('',#7252,#7262,#8206,.T.);
#5712=EDGE_CURVE('',#7253,#7264,#374,.T.);
#5713=EDGE_CURVE('',#7289,#7290,#684,.T.);
#5714=EDGE_CURVE('',#7290,#7291,#685,.T.);
#5715=EDGE_CURVE('',#7291,#7292,#686,.T.);
#5716=EDGE_CURVE('',#7292,#7293,#687,.T.);
#5717=EDGE_CURVE('',#7293,#7289,#8207,.T.);
#5718=EDGE_CURVE('',#7294,#7295,#8208,.F.);
#5719=EDGE_CURVE('',#7296,#7294,#688,.T.);
#5720=EDGE_CURVE('',#7297,#7296,#689,.T.);
#5721=EDGE_CURVE('',#7298,#7297,#690,.T.);
#5722=EDGE_CURVE('',#7298,#7295,#691,.T.);
#5723=EDGE_CURVE('',#7299,#7300,#692,.T.);
#5724=EDGE_CURVE('',#7300,#7301,#8209,.T.);
#5725=EDGE_CURVE('',#7301,#7302,#693,.T.);
#5726=EDGE_CURVE('',#7302,#7303,#8210,.T.);
#5727=EDGE_CURVE('',#7303,#7304,#694,.T.);
#5728=EDGE_CURVE('',#7304,#7305,#8211,.T.);
#5729=EDGE_CURVE('',#7305,#7306,#695,.T.);
#5730=EDGE_CURVE('',#7306,#7307,#8212,.T.);
#5731=EDGE_CURVE('',#7307,#7308,#696,.F.);
#5732=EDGE_CURVE('',#7308,#7299,#8213,.T.);
#5733=EDGE_CURVE('',#7309,#7310,#697,.T.);
#5734=EDGE_CURVE('',#7309,#7311,#698,.T.);
#5735=EDGE_CURVE('',#7311,#7312,#699,.F.);
#5736=EDGE_CURVE('',#7312,#7313,#8214,.F.);
#5737=EDGE_CURVE('',#7313,#7314,#700,.F.);
#5738=EDGE_CURVE('',#7314,#7315,#701,.T.);
#5739=EDGE_CURVE('',#7310,#7315,#702,.T.);
#5740=EDGE_CURVE('',#7316,#7317,#8215,.F.);
#5741=EDGE_CURVE('',#7316,#7318,#703,.T.);
#5742=EDGE_CURVE('',#7319,#7318,#704,.T.);
#5743=EDGE_CURVE('',#7320,#7319,#705,.T.);
#5744=EDGE_CURVE('',#7320,#7317,#706,.T.);
#5745=EDGE_CURVE('',#7321,#7322,#8216,.T.);
#5746=EDGE_CURVE('',#7321,#7323,#707,.T.);
#5747=EDGE_CURVE('',#7323,#7324,#708,.T.);
#5748=EDGE_CURVE('',#7322,#7324,#709,.T.);
#5749=EDGE_CURVE('',#7325,#7326,#710,.T.);
#5750=EDGE_CURVE('',#7326,#7208,#711,.T.);
#5751=EDGE_CURVE('',#7210,#7327,#712,.F.);
#5752=EDGE_CURVE('',#7327,#7328,#713,.F.);
#5753=EDGE_CURVE('',#7328,#7329,#714,.T.);
#5754=EDGE_CURVE('',#7330,#7329,#715,.T.);
#5755=EDGE_CURVE('',#7330,#7331,#716,.F.);
#5756=EDGE_CURVE('',#7331,#7332,#717,.T.);
#5757=EDGE_CURVE('',#7332,#7325,#718,.T.);
#5758=EDGE_CURVE('',#7333,#7334,#719,.T.);
#5759=EDGE_CURVE('',#7334,#7204,#720,.T.);
#5760=EDGE_CURVE('',#7206,#7335,#721,.F.);
#5761=EDGE_CURVE('',#7336,#7335,#722,.T.);
#5762=EDGE_CURVE('',#7336,#7337,#723,.T.);
#5763=EDGE_CURVE('',#7337,#7338,#724,.T.);
#5764=EDGE_CURVE('',#7338,#7339,#725,.F.);
#5765=EDGE_CURVE('',#7339,#7340,#726,.F.);
#5766=EDGE_CURVE('',#7340,#7333,#727,.T.);
#5767=EDGE_CURVE('',#7341,#7342,#728,.T.);
#5768=EDGE_CURVE('',#7341,#7343,#8217,.T.);
#5769=EDGE_CURVE('',#7344,#7343,#729,.F.);
#5770=EDGE_CURVE('',#7344,#7342,#8218,.F.);
#5771=EDGE_CURVE('',#7345,#7346,#730,.F.);
#5772=EDGE_CURVE('',#7345,#7347,#8219,.F.);
#5773=EDGE_CURVE('',#7348,#7347,#731,.T.);
#5774=EDGE_CURVE('',#7348,#7346,#8220,.T.);
#5775=EDGE_CURVE('',#7203,#7349,#732,.T.);
#5776=EDGE_CURVE('',#7349,#7350,#8221,.T.);
#5777=EDGE_CURVE('',#7350,#7351,#733,.T.);
#5778=EDGE_CURVE('',#7351,#7352,#8222,.T.);
#5779=EDGE_CURVE('',#7352,#7353,#734,.T.);
#5780=EDGE_CURVE('',#7354,#7353,#735,.T.);
#5781=EDGE_CURVE('',#7355,#7354,#736,.T.);
#5782=EDGE_CURVE('',#7356,#7355,#737,.F.);
#5783=EDGE_CURVE('',#7357,#7356,#738,.F.);
#5784=EDGE_CURVE('',#7358,#7357,#375,.T.);
#5785=EDGE_CURVE('',#7359,#7358,#739,.F.);
#5786=EDGE_CURVE('',#7360,#7359,#376,.T.);
#5787=EDGE_CURVE('',#7361,#7360,#740,.T.);
#5788=EDGE_CURVE('',#7362,#7361,#741,.F.);
#5789=EDGE_CURVE('',#7363,#7362,#742,.F.);
#5790=EDGE_CURVE('',#7364,#7363,#743,.T.);
#5791=EDGE_CURVE('',#7364,#7365,#744,.T.);
#5792=EDGE_CURVE('',#7365,#7366,#8223,.T.);
#5793=EDGE_CURVE('',#7366,#7367,#745,.T.);
#5794=EDGE_CURVE('',#7367,#7368,#8224,.T.);
#5795=EDGE_CURVE('',#7368,#7369,#746,.T.);
#5796=EDGE_CURVE('',#7369,#7370,#747,.T.);
#5797=EDGE_CURVE('',#7370,#7345,#748,.F.);
#5798=EDGE_CURVE('',#7346,#7371,#749,.T.);
#5799=EDGE_CURVE('',#7371,#7372,#377,.T.);
#5800=EDGE_CURVE('',#7372,#7373,#750,.F.);
#5801=EDGE_CURVE('',#7373,#7374,#378,.T.);
#5802=EDGE_CURVE('',#7374,#7344,#751,.F.);
#5803=EDGE_CURVE('',#7343,#7205,#752,.T.);
#5804=EDGE_CURVE('',#7347,#7209,#753,.F.);
#5805=EDGE_CURVE('',#7207,#7375,#754,.T.);
#5806=EDGE_CURVE('',#7375,#7376,#8225,.T.);
#5807=EDGE_CURVE('',#7376,#7377,#755,.T.);
#5808=EDGE_CURVE('',#7377,#7378,#8226,.T.);
#5809=EDGE_CURVE('',#7378,#7379,#756,.T.);
#5810=EDGE_CURVE('',#7380,#7379,#757,.F.);
#5811=EDGE_CURVE('',#7381,#7380,#758,.F.);
#5812=EDGE_CURVE('',#7382,#7381,#759,.T.);
#5813=EDGE_CURVE('',#7383,#7382,#760,.T.);
#5814=EDGE_CURVE('',#7384,#7383,#379,.T.);
#5815=EDGE_CURVE('',#7385,#7384,#761,.F.);
#5816=EDGE_CURVE('',#7386,#7385,#380,.T.);
#5817=EDGE_CURVE('',#7387,#7386,#762,.F.);
#5818=EDGE_CURVE('',#7388,#7387,#763,.T.);
#5819=EDGE_CURVE('',#7389,#7388,#764,.T.);
#5820=EDGE_CURVE('',#7390,#7389,#765,.F.);
#5821=EDGE_CURVE('',#7390,#7391,#766,.T.);
#5822=EDGE_CURVE('',#7391,#7392,#8227,.T.);
#5823=EDGE_CURVE('',#7392,#7393,#767,.T.);
#5824=EDGE_CURVE('',#7393,#7394,#8228,.T.);
#5825=EDGE_CURVE('',#7394,#7395,#768,.T.);
#5826=EDGE_CURVE('',#7395,#7396,#769,.F.);
#5827=EDGE_CURVE('',#7396,#7341,#770,.T.);
#5828=EDGE_CURVE('',#7342,#7397,#771,.F.);
#5829=EDGE_CURVE('',#7397,#7398,#381,.T.);
#5830=EDGE_CURVE('',#7398,#7399,#772,.F.);
#5831=EDGE_CURVE('',#7399,#7400,#382,.T.);
#5832=EDGE_CURVE('',#7400,#7348,#773,.T.);
#5833=EDGE_CURVE('',#7328,#7337,#8229,.F.);
#5834=EDGE_CURVE('',#7336,#7401,#774,.T.);
#5835=EDGE_CURVE('',#7401,#7402,#775,.T.);
#5836=EDGE_CURVE('',#7402,#7403,#776,.T.);
#5837=EDGE_CURVE('',#7403,#7329,#777,.T.);
#5838=EDGE_CURVE('',#7315,#7330,#8230,.T.);
#5839=EDGE_CURVE('',#7324,#7403,#778,.T.);
#5840=EDGE_CURVE('',#7310,#7323,#779,.T.);
#5841=EDGE_CURVE('',#7335,#7309,#8231,.T.);
#5842=EDGE_CURVE('',#7401,#7321,#780,.T.);
#5843=EDGE_CURVE('',#7371,#7404,#8232,.T.);
#5844=EDGE_CURVE('',#7405,#7404,#383,.T.);
#5845=EDGE_CURVE('',#7372,#7405,#8233,.T.);
#5846=EDGE_CURVE('',#7346,#7406,#8234,.T.);
#5847=EDGE_CURVE('',#7404,#7406,#781,.F.);
#5848=EDGE_CURVE('',#7348,#7407,#8235,.T.);
#5849=EDGE_CURVE('',#7406,#7407,#8236,.F.);
#5850=EDGE_CURVE('',#7408,#7400,#8237,.T.);
#5851=EDGE_CURVE('',#7407,#7408,#782,.F.);
#5852=EDGE_CURVE('',#7409,#7399,#8238,.T.);
#5853=EDGE_CURVE('',#7408,#7409,#384,.T.);
#5854=EDGE_CURVE('',#7410,#7411,#231,.T.);
#5855=EDGE_CURVE('',#7412,#7410,#232,.T.);
#5856=EDGE_CURVE('',#7411,#7412,#233,.F.);
#5857=EDGE_CURVE('',#7412,#7413,#783,.T.);
#5858=EDGE_CURVE('',#7413,#7414,#784,.F.);
#5859=EDGE_CURVE('',#7415,#7414,#785,.T.);
#5860=EDGE_CURVE('',#7415,#7416,#786,.T.);
#5861=EDGE_CURVE('',#7416,#7412,#234,.T.);
#5862=EDGE_CURVE('',#7414,#7417,#8239,.F.);
#5863=EDGE_CURVE('',#7418,#7417,#787,.T.);
#5864=EDGE_CURVE('',#7418,#7415,#8240,.T.);
#5865=EDGE_CURVE('',#7301,#7419,#8241,.T.);
#5866=EDGE_CURVE('',#7417,#7419,#788,.F.);
#5867=EDGE_CURVE('',#7302,#7417,#8242,.T.);
#5868=EDGE_CURVE('',#7300,#7420,#8243,.T.);
#5869=EDGE_CURVE('',#7419,#7420,#8244,.F.);
#5870=EDGE_CURVE('',#7421,#7299,#8245,.T.);
#5871=EDGE_CURVE('',#7420,#7421,#789,.F.);
#5872=EDGE_CURVE('',#7422,#7308,#8246,.T.);
#5873=EDGE_CURVE('',#7421,#7422,#8247,.F.);
#5874=EDGE_CURVE('',#7423,#7422,#790,.T.);
#5875=EDGE_CURVE('',#7422,#7424,#791,.T.);
#5876=EDGE_CURVE('',#7424,#7425,#792,.F.);
#5877=EDGE_CURVE('',#7425,#7423,#793,.F.);
#5878=EDGE_CURVE('',#7424,#7307,#8248,.T.);
#5879=EDGE_CURVE('',#7426,#7306,#8249,.T.);
#5880=EDGE_CURVE('',#7424,#7426,#8250,.F.);
#5881=EDGE_CURVE('',#7421,#7427,#794,.F.);
#5882=EDGE_CURVE('',#7427,#7423,#8251,.T.);
#5883=EDGE_CURVE('',#7428,#7427,#8252,.T.);
#5884=EDGE_CURVE('',#7428,#7423,#8253,.F.);
#5885=EDGE_CURVE('',#7408,#7428,#795,.F.);
#5886=EDGE_CURVE('',#7427,#7409,#796,.T.);
#5887=EDGE_CURVE('',#7429,#7398,#8254,.T.);
#5888=EDGE_CURVE('',#7409,#7429,#797,.T.);
#5889=EDGE_CURVE('',#7430,#7397,#8255,.T.);
#5890=EDGE_CURVE('',#7429,#7430,#385,.T.);
#5891=EDGE_CURVE('',#7431,#7342,#8256,.T.);
#5892=EDGE_CURVE('',#7430,#7431,#798,.T.);
#5893=EDGE_CURVE('',#7432,#7344,#8257,.T.);
#5894=EDGE_CURVE('',#7431,#7432,#8258,.T.);
#5895=EDGE_CURVE('',#7374,#7433,#8259,.T.);
#5896=EDGE_CURVE('',#7432,#7433,#799,.T.);
#5897=EDGE_CURVE('',#7373,#7434,#8260,.T.);
#5898=EDGE_CURVE('',#7433,#7434,#386,.T.);
#5899=EDGE_CURVE('',#7434,#7405,#800,.T.);
#5900=EDGE_CURVE('',#7405,#7435,#801,.T.);
#5901=EDGE_CURVE('',#7436,#7404,#802,.F.);
#5902=EDGE_CURVE('',#7435,#7436,#8261,.T.);
#5903=EDGE_CURVE('',#7425,#7435,#8262,.T.);
#5904=EDGE_CURVE('',#7425,#7436,#8263,.F.);
#5905=EDGE_CURVE('',#7428,#7436,#803,.T.);
#5906=EDGE_CURVE('',#7435,#7426,#804,.T.);
#5907=EDGE_CURVE('',#7437,#7305,#8264,.T.);
#5908=EDGE_CURVE('',#7426,#7437,#805,.F.);
#5909=EDGE_CURVE('',#7304,#7413,#8265,.T.);
#5910=EDGE_CURVE('',#7437,#7413,#8266,.F.);
#5911=EDGE_CURVE('',#7303,#7414,#8267,.T.);
#5912=EDGE_CURVE('',#7419,#7438,#806,.F.);
#5913=EDGE_CURVE('',#7438,#7439,#235,.T.);
#5914=EDGE_CURVE('',#7439,#7418,#807,.T.);
#5915=EDGE_CURVE('',#7440,#7439,#236,.F.);
#5916=EDGE_CURVE('',#7441,#7438,#237,.F.);
#5917=EDGE_CURVE('',#7440,#7441,#238,.T.);
#5918=EDGE_CURVE('',#7442,#7438,#239,.T.);
#5919=EDGE_CURVE('',#7441,#7442,#240,.T.);
#5920=EDGE_CURVE('',#7442,#7420,#808,.T.);
#5921=EDGE_CURVE('',#7429,#7442,#809,.T.);
#5922=EDGE_CURVE('',#7440,#7430,#810,.F.);
#5923=EDGE_CURVE('',#7443,#7418,#8268,.T.);
#5924=EDGE_CURVE('',#7443,#7440,#811,.F.);
#5925=EDGE_CURVE('',#7444,#7415,#8269,.T.);
#5926=EDGE_CURVE('',#7444,#7443,#8270,.F.);
#5927=EDGE_CURVE('',#7445,#7416,#241,.T.);
#5928=EDGE_CURVE('',#7445,#7444,#812,.F.);
#5929=EDGE_CURVE('',#7411,#7445,#242,.T.);
#5930=EDGE_CURVE('',#7437,#7410,#813,.F.);
#5931=EDGE_CURVE('',#7410,#7434,#814,.T.);
#5932=EDGE_CURVE('',#7433,#7445,#815,.F.);
#5933=EDGE_CURVE('',#7396,#7314,#8271,.T.);
#5934=EDGE_CURVE('',#7341,#7313,#8272,.T.);
#5935=EDGE_CURVE('',#7343,#7312,#8273,.T.);
#5936=EDGE_CURVE('',#7311,#7205,#8274,.F.);
#5937=EDGE_CURVE('',#7446,#7321,#8275,.T.);
#5938=EDGE_CURVE('',#7447,#7446,#816,.T.);
#5939=EDGE_CURVE('',#7447,#7401,#817,.T.);
#5940=EDGE_CURVE('',#7403,#7448,#818,.T.);
#5941=EDGE_CURVE('',#7449,#7448,#819,.T.);
#5942=EDGE_CURVE('',#7449,#7450,#8276,.F.);
#5943=EDGE_CURVE('',#7324,#7450,#820,.T.);
#5944=EDGE_CURVE('',#7318,#7448,#821,.T.);
#5945=EDGE_CURVE('',#7402,#7451,#822,.T.);
#5946=EDGE_CURVE('',#7451,#7452,#823,.T.);
#5947=EDGE_CURVE('',#7319,#7452,#824,.T.);
#5948=EDGE_CURVE('',#7297,#7453,#825,.T.);
#5949=EDGE_CURVE('',#7453,#7451,#826,.T.);
#5950=EDGE_CURVE('',#7447,#7298,#827,.T.);
#5951=EDGE_CURVE('',#7454,#7453,#828,.T.);
#5952=EDGE_CURVE('',#7452,#7454,#829,.T.);
#5953=EDGE_CURVE('',#7296,#7455,#830,.T.);
#5954=EDGE_CURVE('',#7455,#7456,#387,.F.);
#5955=EDGE_CURVE('',#7456,#7457,#831,.T.);
#5956=EDGE_CURVE('',#7454,#7457,#832,.T.);
#5957=EDGE_CURVE('',#7458,#7457,#833,.T.);
#5958=EDGE_CURVE('',#7459,#7458,#388,.T.);
#5959=EDGE_CURVE('',#7320,#7459,#834,.T.);
#5960=EDGE_CURVE('',#7449,#7316,#835,.T.);
#5961=EDGE_CURVE('',#7446,#7295,#836,.T.);
#5962=EDGE_CURVE('',#7460,#7450,#837,.T.);
#5963=EDGE_CURVE('',#7461,#7460,#838,.F.);
#5964=EDGE_CURVE('',#7322,#7461,#839,.F.);
#5965=EDGE_CURVE('',#7317,#7462,#840,.F.);
#5966=EDGE_CURVE('',#7462,#7460,#8277,.T.);
#5967=EDGE_CURVE('',#7463,#7462,#8278,.T.);
#5968=EDGE_CURVE('',#7463,#7460,#8279,.T.);
#5969=EDGE_CURVE('',#7458,#7463,#841,.F.);
#5970=EDGE_CURVE('',#7462,#7459,#842,.T.);
#5971=EDGE_CURVE('',#7455,#7464,#843,.T.);
#5972=EDGE_CURVE('',#7464,#7465,#8280,.F.);
#5973=EDGE_CURVE('',#7465,#7456,#844,.F.);
#5974=EDGE_CURVE('',#7461,#7464,#8281,.F.);
#5975=EDGE_CURVE('',#7461,#7465,#8282,.F.);
#5976=EDGE_CURVE('',#7463,#7465,#845,.F.);
#5977=EDGE_CURVE('',#7464,#7294,#846,.T.);
#5978=EDGE_CURVE('',#7340,#7369,#8283,.F.);
#5979=EDGE_CURVE('',#7339,#7370,#8284,.F.);
#5980=EDGE_CURVE('',#7206,#7311,#8285,.T.);
#5981=EDGE_CURVE('',#7332,#7395,#8286,.F.);
#5982=EDGE_CURVE('',#7396,#7331,#8287,.T.);
#5983=EDGE_CURVE('',#7314,#7331,#8288,.T.);
#5984=EDGE_CURVE('',#7327,#7338,#8289,.F.);
#5985=EDGE_CURVE('',#7347,#7293,#8290,.T.);
#5986=EDGE_CURVE('',#7289,#7345,#8291,.T.);
#5987=EDGE_CURVE('',#7290,#7370,#8292,.T.);
#5988=EDGE_CURVE('',#7209,#7292,#8293,.T.);
#5989=EDGE_CURVE('',#7290,#7339,#8294,.T.);
#5990=EDGE_CURVE('',#7210,#7292,#8295,.T.);
#5991=EDGE_CURVE('',#7291,#7338,#8296,.T.);
#5992=EDGE_CURVE('',#7327,#7291,#8297,.T.);
#5993=EDGE_CURVE('',#7466,#7325,#847,.T.);
#5994=EDGE_CURVE('',#7467,#7466,#8298,.T.);
#5995=EDGE_CURVE('',#7468,#7467,#848,.T.);
#5996=EDGE_CURVE('',#7469,#7468,#8299,.T.);
#5997=EDGE_CURVE('',#7470,#7469,#849,.T.);
#5998=EDGE_CURVE('',#7470,#7471,#850,.T.);
#5999=EDGE_CURVE('',#7472,#7471,#851,.T.);
#6000=EDGE_CURVE('',#7473,#7472,#8300,.T.);
#6001=EDGE_CURVE('',#7474,#7473,#852,.T.);
#6002=EDGE_CURVE('',#7475,#7474,#8301,.T.);
#6003=EDGE_CURVE('',#7326,#7475,#853,.T.);
#6004=EDGE_CURVE('',#7476,#7333,#854,.T.);
#6005=EDGE_CURVE('',#7477,#7476,#8302,.T.);
#6006=EDGE_CURVE('',#7478,#7477,#855,.T.);
#6007=EDGE_CURVE('',#7479,#7478,#8303,.T.);
#6008=EDGE_CURVE('',#7480,#7479,#856,.T.);
#6009=EDGE_CURVE('',#7481,#7480,#857,.T.);
#6010=EDGE_CURVE('',#7482,#7481,#858,.T.);
#6011=EDGE_CURVE('',#7483,#7482,#8304,.T.);
#6012=EDGE_CURVE('',#7484,#7483,#859,.T.);
#6013=EDGE_CURVE('',#7485,#7484,#8305,.T.);
#6014=EDGE_CURVE('',#7334,#7485,#860,.T.);
#6015=EDGE_CURVE('',#7485,#7349,#861,.T.);
#6016=EDGE_CURVE('',#7476,#7368,#862,.T.);
#6017=EDGE_CURVE('',#7475,#7375,#863,.T.);
#6018=EDGE_CURVE('',#7466,#7394,#864,.T.);
#6019=EDGE_CURVE('',#7486,#7390,#8306,.T.);
#6020=EDGE_CURVE('',#7486,#7470,#865,.T.);
#6021=EDGE_CURVE('',#7469,#7391,#866,.T.);
#6022=EDGE_CURVE('',#7471,#7487,#867,.T.);
#6023=EDGE_CURVE('',#7379,#7487,#8307,.T.);
#6024=EDGE_CURVE('',#7472,#7378,#868,.T.);
#6025=EDGE_CURVE('',#7468,#7392,#869,.T.);
#6026=EDGE_CURVE('',#7473,#7377,#870,.T.);
#6027=EDGE_CURVE('',#7474,#7376,#871,.T.);
#6028=EDGE_CURVE('',#7467,#7393,#872,.T.);
#6029=EDGE_CURVE('',#7488,#7486,#873,.T.);
#6030=EDGE_CURVE('',#7389,#7488,#8308,.T.);
#6031=EDGE_CURVE('',#7489,#7490,#874,.T.);
#6032=EDGE_CURVE('',#7489,#7491,#875,.T.);
#6033=EDGE_CURVE('',#7492,#7491,#876,.T.);
#6034=EDGE_CURVE('',#7493,#7492,#8309,.T.);
#6035=EDGE_CURVE('',#7494,#7493,#877,.T.);
#6036=EDGE_CURVE('',#7495,#7494,#8310,.T.);
#6037=EDGE_CURVE('',#7496,#7495,#878,.T.);
#6038=EDGE_CURVE('',#7496,#7497,#879,.T.);
#6039=EDGE_CURVE('',#7498,#7497,#880,.T.);
#6040=EDGE_CURVE('',#7499,#7498,#8311,.T.);
#6041=EDGE_CURVE('',#7500,#7499,#881,.T.);
#6042=EDGE_CURVE('',#7490,#7500,#8312,.T.);
#6043=EDGE_CURVE('',#7501,#7502,#8313,.T.);
#6044=EDGE_CURVE('',#7501,#7489,#882,.T.);
#6045=EDGE_CURVE('',#7490,#7503,#883,.T.);
#6046=EDGE_CURVE('',#7502,#7503,#884,.T.);
#6047=EDGE_CURVE('',#7491,#7504,#885,.T.);
#6048=EDGE_CURVE('',#7505,#7504,#8314,.T.);
#6049=EDGE_CURVE('',#7506,#7505,#886,.T.);
#6050=EDGE_CURVE('',#7492,#7506,#887,.T.);
#6051=EDGE_CURVE('',#7507,#7508,#8315,.T.);
#6052=EDGE_CURVE('',#7507,#7496,#888,.T.);
#6053=EDGE_CURVE('',#7495,#7509,#889,.T.);
#6054=EDGE_CURVE('',#7508,#7509,#890,.T.);
#6055=EDGE_CURVE('',#7497,#7510,#891,.T.);
#6056=EDGE_CURVE('',#7511,#7510,#8316,.T.);
#6057=EDGE_CURVE('',#7512,#7511,#892,.T.);
#6058=EDGE_CURVE('',#7498,#7512,#893,.T.);
#6059=EDGE_CURVE('',#7503,#7513,#8317,.T.);
#6060=EDGE_CURVE('',#7500,#7513,#894,.T.);
#6061=EDGE_CURVE('',#7514,#7506,#8318,.T.);
#6062=EDGE_CURVE('',#7493,#7514,#895,.T.);
#6063=EDGE_CURVE('',#7515,#7514,#896,.T.);
#6064=EDGE_CURVE('',#7494,#7515,#897,.T.);
#6065=EDGE_CURVE('',#7509,#7515,#8319,.T.);
#6066=EDGE_CURVE('',#7516,#7512,#8320,.T.);
#6067=EDGE_CURVE('',#7499,#7516,#898,.T.);
#6068=EDGE_CURVE('',#7513,#7516,#899,.T.);
#6069=EDGE_CURVE('',#7517,#7511,#900,.T.);
#6070=EDGE_CURVE('',#7518,#7517,#901,.T.);
#6071=EDGE_CURVE('',#7519,#7518,#902,.F.);
#6072=EDGE_CURVE('',#7520,#7519,#903,.F.);
#6073=EDGE_CURVE('',#7521,#7520,#389,.T.);
#6074=EDGE_CURVE('',#7522,#7521,#904,.F.);
#6075=EDGE_CURVE('',#7523,#7522,#390,.T.);
#6076=EDGE_CURVE('',#7524,#7523,#905,.T.);
#6077=EDGE_CURVE('',#7525,#7524,#906,.F.);
#6078=EDGE_CURVE('',#7526,#7525,#907,.F.);
#6079=EDGE_CURVE('',#7508,#7526,#908,.T.);
#6080=EDGE_CURVE('',#7505,#7527,#909,.T.);
#6081=EDGE_CURVE('',#7527,#7528,#910,.F.);
#6082=EDGE_CURVE('',#7528,#7529,#911,.F.);
#6083=EDGE_CURVE('',#7529,#7530,#912,.T.);
#6084=EDGE_CURVE('',#7530,#7531,#391,.T.);
#6085=EDGE_CURVE('',#7531,#7532,#913,.F.);
#6086=EDGE_CURVE('',#7532,#7533,#392,.T.);
#6087=EDGE_CURVE('',#7533,#7534,#914,.F.);
#6088=EDGE_CURVE('',#7534,#7535,#915,.F.);
#6089=EDGE_CURVE('',#7535,#7536,#916,.T.);
#6090=EDGE_CURVE('',#7536,#7502,#917,.T.);
#6091=EDGE_CURVE('',#7537,#7507,#918,.F.);
#6092=EDGE_CURVE('',#7537,#7526,#8321,.F.);
#6093=EDGE_CURVE('',#7538,#7539,#919,.T.);
#6094=EDGE_CURVE('',#7539,#7540,#8322,.T.);
#6095=EDGE_CURVE('',#7540,#7541,#920,.F.);
#6096=EDGE_CURVE('',#7538,#7541,#8323,.T.);
#6097=EDGE_CURVE('',#7542,#7543,#393,.T.);
#6098=EDGE_CURVE('',#7542,#7544,#921,.T.);
#6099=EDGE_CURVE('',#7545,#7544,#243,.F.);
#6100=EDGE_CURVE('',#7546,#7545,#922,.T.);
#6101=EDGE_CURVE('',#7547,#7546,#923,.T.);
#6102=EDGE_CURVE('',#7543,#7547,#924,.T.);
#6103=EDGE_CURVE('',#7548,#7549,#244,.F.);
#6104=EDGE_CURVE('',#7548,#7550,#925,.T.);
#6105=EDGE_CURVE('',#7551,#7550,#245,.F.);
#6106=EDGE_CURVE('',#7544,#7551,#246,.F.);
#6107=EDGE_CURVE('',#7549,#7542,#247,.F.);
#6108=EDGE_CURVE('',#7552,#7553,#248,.F.);
#6109=EDGE_CURVE('',#7552,#7554,#926,.T.);
#6110=EDGE_CURVE('',#7555,#7554,#249,.F.);
#6111=EDGE_CURVE('',#7550,#7555,#927,.T.);
#6112=EDGE_CURVE('',#7553,#7548,#928,.T.);
#6113=EDGE_CURVE('',#7556,#7557,#929,.T.);
#6114=EDGE_CURVE('',#7554,#7557,#250,.T.);
#6115=EDGE_CURVE('',#7556,#7552,#251,.T.);
#6116=EDGE_CURVE('',#7558,#7559,#930,.T.);
#6117=EDGE_CURVE('',#7560,#7558,#8324,.T.);
#6118=EDGE_CURVE('',#7561,#7560,#931,.F.);
#6119=EDGE_CURVE('',#7562,#7561,#932,.F.);
#6120=EDGE_CURVE('',#7563,#7562,#8325,.F.);
#6121=EDGE_CURVE('',#7564,#7563,#933,.F.);
#6122=EDGE_CURVE('',#7565,#7564,#934,.T.);
#6123=EDGE_CURVE('',#7566,#7565,#8326,.T.);
#6124=EDGE_CURVE('',#7567,#7566,#935,.T.);
#6125=EDGE_CURVE('',#7557,#7567,#8327,.T.);
#6126=EDGE_CURVE('',#7559,#7556,#8328,.T.);
#6127=EDGE_CURVE('',#7568,#7569,#936,.T.);
#6128=EDGE_CURVE('',#7570,#7568,#937,.T.);
#6129=EDGE_CURVE('',#7571,#7570,#394,.T.);
#6130=EDGE_CURVE('',#7572,#7571,#938,.T.);
#6131=EDGE_CURVE('',#7573,#7572,#939,.F.);
#6132=EDGE_CURVE('',#7574,#7573,#940,.F.);
#6133=EDGE_CURVE('',#7575,#7574,#8329,.F.);
#6134=EDGE_CURVE('',#7576,#7575,#941,.T.);
#6135=EDGE_CURVE('',#7577,#7576,#8330,.F.);
#6136=EDGE_CURVE('',#7569,#7577,#942,.T.);
#6137=EDGE_CURVE('',#7578,#7579,#8331,.F.);
#6138=EDGE_CURVE('',#7580,#7578,#943,.F.);
#6139=EDGE_CURVE('',#7581,#7580,#8332,.F.);
#6140=EDGE_CURVE('',#7582,#7581,#944,.F.);
#6141=EDGE_CURVE('',#7583,#7582,#945,.F.);
#6142=EDGE_CURVE('',#7584,#7583,#946,.F.);
#6143=EDGE_CURVE('',#7585,#7584,#395,.T.);
#6144=EDGE_CURVE('',#7586,#7585,#947,.T.);
#6145=EDGE_CURVE('',#7586,#7587,#948,.T.);
#6146=EDGE_CURVE('',#7579,#7587,#949,.F.);
#6147=EDGE_CURVE('',#7588,#7589,#950,.T.);
#6148=EDGE_CURVE('',#7590,#7589,#951,.T.);
#6149=EDGE_CURVE('',#7591,#7590,#952,.T.);
#6150=EDGE_CURVE('',#7588,#7591,#953,.F.);
#6151=EDGE_CURVE('',#7592,#7593,#954,.T.);
#6152=EDGE_CURVE('',#7589,#7593,#8333,.T.);
#6153=EDGE_CURVE('',#7592,#7588,#8334,.T.);
#6154=EDGE_CURVE('',#7594,#7595,#955,.T.);
#6155=EDGE_CURVE('',#7593,#7595,#956,.T.);
#6156=EDGE_CURVE('',#7594,#7592,#957,.F.);
#6157=EDGE_CURVE('',#7595,#7546,#8335,.T.);
#6158=EDGE_CURVE('',#7547,#7594,#8336,.T.);
#6159=EDGE_CURVE('',#7541,#7596,#958,.T.);
#6160=EDGE_CURVE('',#7597,#7540,#959,.T.);
#6161=EDGE_CURVE('',#7596,#7597,#960,.F.);
#6162=EDGE_CURVE('',#7539,#7598,#961,.T.);
#6163=EDGE_CURVE('',#7599,#7538,#962,.T.);
#6164=EDGE_CURVE('',#7598,#7599,#963,.F.);
#6165=EDGE_CURVE('',#7600,#7601,#964,.F.);
#6166=EDGE_CURVE('',#7602,#7600,#965,.T.);
#6167=EDGE_CURVE('',#7603,#7602,#966,.F.);
#6168=EDGE_CURVE('',#7604,#7603,#967,.T.);
#6169=EDGE_CURVE('',#7601,#7604,#396,.T.);
#6170=EDGE_CURVE('',#7605,#7606,#252,.T.);
#6171=EDGE_CURVE('',#7602,#7605,#8337,.F.);
#6172=EDGE_CURVE('',#7606,#7600,#253,.F.);
#6173=EDGE_CURVE('',#7607,#7608,#968,.T.);
#6174=EDGE_CURVE('',#7609,#7607,#969,.F.);
#6175=EDGE_CURVE('',#7609,#7610,#970,.T.);
#6176=EDGE_CURVE('',#7611,#7610,#971,.F.);
#6177=EDGE_CURVE('',#7608,#7611,#254,.F.);
#6178=EDGE_CURVE('',#7612,#7609,#8338,.F.);
#6179=EDGE_CURVE('',#7613,#7612,#255,.T.);
#6180=EDGE_CURVE('',#7610,#7613,#256,.F.);
#6181=EDGE_CURVE('',#7607,#7572,#8339,.F.);
#6182=EDGE_CURVE('',#7614,#7608,#257,.F.);
#6183=EDGE_CURVE('',#7573,#7614,#397,.T.);
#6184=EDGE_CURVE('',#7604,#7615,#258,.F.);
#6185=EDGE_CURVE('',#7583,#7603,#8340,.F.);
#6186=EDGE_CURVE('',#7615,#7582,#259,.F.);
#6187=EDGE_CURVE('',#7563,#7541,#8341,.T.);
#6188=EDGE_CURVE('',#7564,#7596,#398,.T.);
#6189=EDGE_CURVE('',#7562,#7538,#8342,.T.);
#6190=EDGE_CURVE('',#7599,#7561,#399,.T.);
#6191=EDGE_CURVE('',#7568,#7598,#8343,.T.);
#6192=EDGE_CURVE('',#7599,#7570,#8344,.T.);
#6193=EDGE_CURVE('',#7561,#7571,#8345,.T.);
#6194=EDGE_CURVE('',#7560,#7572,#8346,.T.);
#6195=EDGE_CURVE('',#7558,#7607,#8347,.T.);
#6196=EDGE_CURVE('',#7559,#7609,#8348,.T.);
#6197=EDGE_CURVE('',#7556,#7612,#8349,.T.);
#6198=EDGE_CURVE('',#7552,#7613,#260,.F.);
#6199=EDGE_CURVE('',#7553,#7610,#261,.F.);
#6200=EDGE_CURVE('',#7548,#7611,#262,.T.);
#6201=EDGE_CURVE('',#7549,#7608,#263,.T.);
#6202=EDGE_CURVE('',#7542,#7614,#264,.T.);
#6203=EDGE_CURVE('',#7543,#7573,#8350,.T.);
#6204=EDGE_CURVE('',#7547,#7574,#8351,.T.);
#6205=EDGE_CURVE('',#7594,#7575,#8352,.T.);
#6206=EDGE_CURVE('',#7592,#7576,#8353,.T.);
#6207=EDGE_CURVE('',#7588,#7577,#8354,.T.);
#6208=EDGE_CURVE('',#7591,#7569,#400,.T.);
#6209=EDGE_CURVE('',#7597,#7586,#8355,.T.);
#6210=EDGE_CURVE('',#7585,#7596,#8356,.T.);
#6211=EDGE_CURVE('',#7584,#7564,#8357,.T.);
#6212=EDGE_CURVE('',#7583,#7565,#8358,.T.);
#6213=EDGE_CURVE('',#7603,#7566,#8359,.T.);
#6214=EDGE_CURVE('',#7602,#7567,#8360,.T.);
#6215=EDGE_CURVE('',#7605,#7557,#8361,.T.);
#6216=EDGE_CURVE('',#7606,#7554,#265,.F.);
#6217=EDGE_CURVE('',#7600,#7555,#266,.F.);
#6218=EDGE_CURVE('',#7601,#7550,#267,.T.);
#6219=EDGE_CURVE('',#7604,#7551,#268,.T.);
#6220=EDGE_CURVE('',#7615,#7544,#269,.T.);
#6221=EDGE_CURVE('',#7582,#7545,#270,.F.);
#6222=EDGE_CURVE('',#7581,#7546,#8362,.T.);
#6223=EDGE_CURVE('',#7580,#7595,#8363,.T.);
#6224=EDGE_CURVE('',#7578,#7593,#8364,.T.);
#6225=EDGE_CURVE('',#7579,#7589,#8365,.T.);
#6226=EDGE_CURVE('',#7587,#7590,#401,.T.);
#6227=EDGE_CURVE('',#7616,#7617,#972,.T.);
#6228=EDGE_CURVE('',#7618,#7616,#8366,.T.);
#6229=EDGE_CURVE('',#7619,#7618,#973,.T.);
#6230=EDGE_CURVE('',#7620,#7619,#974,.T.);
#6231=EDGE_CURVE('',#7617,#7620,#975,.T.);
#6232=EDGE_CURVE('',#7621,#7622,#8367,.F.);
#6233=EDGE_CURVE('',#7623,#7622,#976,.T.);
#6234=EDGE_CURVE('',#7623,#7624,#977,.T.);
#6235=EDGE_CURVE('',#7624,#7625,#978,.T.);
#6236=EDGE_CURVE('',#7625,#7621,#979,.T.);
#6237=EDGE_CURVE('',#7626,#7627,#980,.T.);
#6238=EDGE_CURVE('',#7628,#7626,#8368,.T.);
#6239=EDGE_CURVE('',#7629,#7628,#981,.F.);
#6240=EDGE_CURVE('',#7630,#7629,#8369,.T.);
#6241=EDGE_CURVE('',#7631,#7630,#982,.T.);
#6242=EDGE_CURVE('',#7632,#7631,#8370,.T.);
#6243=EDGE_CURVE('',#7633,#7632,#983,.T.);
#6244=EDGE_CURVE('',#7634,#7633,#8371,.T.);
#6245=EDGE_CURVE('',#7635,#7634,#984,.T.);
#6246=EDGE_CURVE('',#7627,#7635,#8372,.T.);
#6247=EDGE_CURVE('',#7636,#7637,#985,.T.);
#6248=EDGE_CURVE('',#7637,#7638,#986,.T.);
#6249=EDGE_CURVE('',#7639,#7638,#987,.T.);
#6250=EDGE_CURVE('',#7640,#7639,#988,.F.);
#6251=EDGE_CURVE('',#7641,#7640,#8373,.F.);
#6252=EDGE_CURVE('',#7642,#7641,#989,.F.);
#6253=EDGE_CURVE('',#7636,#7642,#990,.T.);
#6254=EDGE_CURVE('',#7643,#7644,#8374,.F.);
#6255=EDGE_CURVE('',#7645,#7644,#991,.T.);
#6256=EDGE_CURVE('',#7645,#7646,#992,.T.);
#6257=EDGE_CURVE('',#7646,#7647,#993,.T.);
#6258=EDGE_CURVE('',#7643,#7647,#994,.T.);
#6259=EDGE_CURVE('',#7648,#7649,#8375,.T.);
#6260=EDGE_CURVE('',#7649,#7650,#995,.T.);
#6261=EDGE_CURVE('',#7651,#7650,#996,.T.);
#6262=EDGE_CURVE('',#7648,#7651,#997,.T.);
#6263=EDGE_CURVE('',#7652,#7488,#998,.F.);
#6264=EDGE_CURVE('',#7652,#7653,#999,.T.);
#6265=EDGE_CURVE('',#7654,#7653,#1000,.T.);
#6266=EDGE_CURVE('',#7655,#7654,#1001,.F.);
#6267=EDGE_CURVE('',#7656,#7655,#1002,.F.);
#6268=EDGE_CURVE('',#7487,#7656,#1003,.T.);
#6269=EDGE_CURVE('',#7657,#7537,#1004,.F.);
#6270=EDGE_CURVE('',#7658,#7657,#1005,.T.);
#6271=EDGE_CURVE('',#7659,#7658,#1006,.T.);
#6272=EDGE_CURVE('',#7659,#7660,#1007,.T.);
#6273=EDGE_CURVE('',#7661,#7660,#1008,.F.);
#6274=EDGE_CURVE('',#7510,#7661,#1009,.F.);
#6275=EDGE_CURVE('',#7519,#7387,#8376,.F.);
#6276=EDGE_CURVE('',#7388,#7518,#8377,.T.);
#6277=EDGE_CURVE('',#7382,#7524,#8378,.T.);
#6278=EDGE_CURVE('',#7525,#7381,#8379,.F.);
#6279=EDGE_CURVE('',#7662,#7653,#1010,.T.);
#6280=EDGE_CURVE('',#7663,#7662,#1011,.T.);
#6281=EDGE_CURVE('',#7664,#7663,#1012,.T.);
#6282=EDGE_CURVE('',#7659,#7664,#1013,.T.);
#6283=EDGE_CURVE('',#7654,#7658,#8380,.F.);
#6284=EDGE_CURVE('',#7637,#7651,#1014,.T.);
#6285=EDGE_CURVE('',#7650,#7662,#1015,.T.);
#6286=EDGE_CURVE('',#7638,#7652,#8381,.T.);
#6287=EDGE_CURVE('',#7664,#7648,#1016,.T.);
#6288=EDGE_CURVE('',#7660,#7636,#8382,.T.);
#6289=EDGE_CURVE('',#7523,#7665,#8383,.T.);
#6290=EDGE_CURVE('',#7522,#7666,#8384,.T.);
#6291=EDGE_CURVE('',#7666,#7665,#402,.T.);
#6292=EDGE_CURVE('',#7524,#7667,#8385,.T.);
#6293=EDGE_CURVE('',#7665,#7667,#1017,.F.);
#6294=EDGE_CURVE('',#7382,#7668,#8386,.T.);
#6295=EDGE_CURVE('',#7667,#7668,#8387,.F.);
#6296=EDGE_CURVE('',#7668,#7669,#1018,.F.);
#6297=EDGE_CURVE('',#7669,#7383,#8388,.T.);
#6298=EDGE_CURVE('',#7669,#7670,#403,.T.);
#6299=EDGE_CURVE('',#7670,#7384,#8389,.T.);
#6300=EDGE_CURVE('',#7671,#7672,#271,.F.);
#6301=EDGE_CURVE('',#7672,#7673,#272,.T.);
#6302=EDGE_CURVE('',#7673,#7671,#273,.F.);
#6303=EDGE_CURVE('',#7673,#7674,#1019,.T.);
#6304=EDGE_CURVE('',#7675,#7673,#404,.F.);
#6305=EDGE_CURVE('',#7676,#7675,#1020,.T.);
#6306=EDGE_CURVE('',#7676,#7677,#1021,.T.);
#6307=EDGE_CURVE('',#7674,#7677,#1022,.F.);
#6308=EDGE_CURVE('',#7678,#7676,#8390,.T.);
#6309=EDGE_CURVE('',#7678,#7679,#1023,.T.);
#6310=EDGE_CURVE('',#7677,#7679,#8391,.F.);
#6311=EDGE_CURVE('',#7635,#7680,#8392,.T.);
#6312=EDGE_CURVE('',#7634,#7679,#8393,.T.);
#6313=EDGE_CURVE('',#7679,#7680,#1024,.F.);
#6314=EDGE_CURVE('',#7627,#7681,#8394,.T.);
#6315=EDGE_CURVE('',#7680,#7681,#8395,.F.);
#6316=EDGE_CURVE('',#7682,#7626,#8396,.T.);
#6317=EDGE_CURVE('',#7681,#7682,#1025,.F.);
#6318=EDGE_CURVE('',#7682,#7683,#8397,.F.);
#6319=EDGE_CURVE('',#7683,#7628,#8398,.T.);
#6320=EDGE_CURVE('',#7684,#7683,#1026,.T.);
#6321=EDGE_CURVE('',#7685,#7684,#1027,.F.);
#6322=EDGE_CURVE('',#7686,#7685,#1028,.F.);
#6323=EDGE_CURVE('',#7683,#7686,#1029,.T.);
#6324=EDGE_CURVE('',#7686,#7629,#8399,.T.);
#6325=EDGE_CURVE('',#7686,#7687,#8400,.F.);
#6326=EDGE_CURVE('',#7687,#7630,#8401,.T.);
#6327=EDGE_CURVE('',#7682,#7688,#1030,.F.);
#6328=EDGE_CURVE('',#7688,#7684,#8402,.T.);
#6329=EDGE_CURVE('',#7689,#7688,#8403,.T.);
#6330=EDGE_CURVE('',#7689,#7684,#8404,.F.);
#6331=EDGE_CURVE('',#7669,#7689,#1031,.F.);
#6332=EDGE_CURVE('',#7688,#7670,#1032,.T.);
#6333=EDGE_CURVE('',#7670,#7690,#1033,.T.);
#6334=EDGE_CURVE('',#7690,#7385,#8405,.T.);
#6335=EDGE_CURVE('',#7690,#7691,#405,.T.);
#6336=EDGE_CURVE('',#7691,#7386,#8406,.T.);
#6337=EDGE_CURVE('',#7691,#7692,#1034,.T.);
#6338=EDGE_CURVE('',#7692,#7387,#8407,.T.);
#6339=EDGE_CURVE('',#7692,#7693,#8408,.T.);
#6340=EDGE_CURVE('',#7693,#7519,#8409,.T.);
#6341=EDGE_CURVE('',#7693,#7694,#1035,.T.);
#6342=EDGE_CURVE('',#7520,#7694,#8410,.T.);
#6343=EDGE_CURVE('',#7521,#7695,#8411,.T.);
#6344=EDGE_CURVE('',#7694,#7695,#406,.T.);
#6345=EDGE_CURVE('',#7695,#7666,#1036,.T.);
#6346=EDGE_CURVE('',#7666,#7696,#1037,.T.);
#6347=EDGE_CURVE('',#7696,#7697,#8412,.T.);
#6348=EDGE_CURVE('',#7697,#7665,#1038,.F.);
#6349=EDGE_CURVE('',#7685,#7696,#8413,.T.);
#6350=EDGE_CURVE('',#7685,#7697,#8414,.F.);
#6351=EDGE_CURVE('',#7689,#7697,#1039,.T.);
#6352=EDGE_CURVE('',#7696,#7687,#1040,.T.);
#6353=EDGE_CURVE('',#7687,#7698,#1041,.F.);
#6354=EDGE_CURVE('',#7698,#7631,#8415,.T.);
#6355=EDGE_CURVE('',#7632,#7674,#8416,.T.);
#6356=EDGE_CURVE('',#7698,#7674,#8417,.F.);
#6357=EDGE_CURVE('',#7633,#7677,#8418,.T.);
#6358=EDGE_CURVE('',#7699,#7678,#1042,.T.);
#6359=EDGE_CURVE('',#7700,#7699,#274,.F.);
#6360=EDGE_CURVE('',#7680,#7700,#1043,.F.);
#6361=EDGE_CURVE('',#7701,#7699,#275,.T.);
#6362=EDGE_CURVE('',#7701,#7702,#276,.F.);
#6363=EDGE_CURVE('',#7702,#7700,#277,.F.);
#6364=EDGE_CURVE('',#7702,#7703,#278,.T.);
#6365=EDGE_CURVE('',#7703,#7700,#279,.T.);
#6366=EDGE_CURVE('',#7703,#7681,#1044,.T.);
#6367=EDGE_CURVE('',#7690,#7703,#1045,.T.);
#6368=EDGE_CURVE('',#7701,#7691,#1046,.F.);
#6369=EDGE_CURVE('',#7704,#7678,#8419,.T.);
#6370=EDGE_CURVE('',#7704,#7701,#1047,.F.);
#6371=EDGE_CURVE('',#7705,#7676,#8420,.T.);
#6372=EDGE_CURVE('',#7705,#7704,#8421,.F.);
#6373=EDGE_CURVE('',#7706,#7675,#8422,.T.);
#6374=EDGE_CURVE('',#7706,#7705,#1048,.F.);
#6375=EDGE_CURVE('',#7672,#7706,#407,.F.);
#6376=EDGE_CURVE('',#7698,#7671,#1049,.F.);
#6377=EDGE_CURVE('',#7671,#7695,#1050,.T.);
#6378=EDGE_CURVE('',#7694,#7706,#1051,.F.);
#6379=EDGE_CURVE('',#7388,#7640,#8423,.T.);
#6380=EDGE_CURVE('',#7389,#7639,#8424,.T.);
#6381=EDGE_CURVE('',#7518,#7641,#8425,.T.);
#6382=EDGE_CURVE('',#7642,#7517,#8426,.F.);
#6383=EDGE_CURVE('',#7707,#7664,#1052,.T.);
#6384=EDGE_CURVE('',#7707,#7708,#1053,.T.);
#6385=EDGE_CURVE('',#7708,#7648,#8427,.T.);
#6386=EDGE_CURVE('',#7650,#7709,#1054,.T.);
#6387=EDGE_CURVE('',#7710,#7709,#8428,.F.);
#6388=EDGE_CURVE('',#7710,#7711,#1055,.T.);
#6389=EDGE_CURVE('',#7662,#7711,#1056,.T.);
#6390=EDGE_CURVE('',#7646,#7712,#1057,.T.);
#6391=EDGE_CURVE('',#7713,#7712,#1058,.T.);
#6392=EDGE_CURVE('',#7663,#7713,#1059,.T.);
#6393=EDGE_CURVE('',#7647,#7711,#1060,.T.);
#6394=EDGE_CURVE('',#7624,#7714,#1061,.T.);
#6395=EDGE_CURVE('',#7707,#7623,#1062,.T.);
#6396=EDGE_CURVE('',#7714,#7713,#1063,.T.);
#6397=EDGE_CURVE('',#7712,#7715,#1064,.T.);
#6398=EDGE_CURVE('',#7715,#7714,#1065,.T.);
#6399=EDGE_CURVE('',#7625,#7716,#1066,.T.);
#6400=EDGE_CURVE('',#7715,#7717,#1067,.T.);
#6401=EDGE_CURVE('',#7718,#7717,#1068,.T.);
#6402=EDGE_CURVE('',#7716,#7718,#408,.F.);
#6403=EDGE_CURVE('',#7645,#7719,#1069,.T.);
#6404=EDGE_CURVE('',#7719,#7720,#409,.T.);
#6405=EDGE_CURVE('',#7720,#7717,#1070,.T.);
#6406=EDGE_CURVE('',#7710,#7643,#1071,.T.);
#6407=EDGE_CURVE('',#7708,#7622,#1072,.T.);
#6408=EDGE_CURVE('',#7649,#7721,#1073,.F.);
#6409=EDGE_CURVE('',#7721,#7722,#1074,.F.);
#6410=EDGE_CURVE('',#7722,#7709,#1075,.T.);
#6411=EDGE_CURVE('',#7723,#7722,#8429,.T.);
#6412=EDGE_CURVE('',#7644,#7723,#1076,.F.);
#6413=EDGE_CURVE('',#7724,#7723,#8430,.T.);
#6414=EDGE_CURVE('',#7724,#7722,#8431,.T.);
#6415=EDGE_CURVE('',#7720,#7724,#1077,.F.);
#6416=EDGE_CURVE('',#7723,#7719,#1078,.T.);
#6417=EDGE_CURVE('',#7716,#7725,#1079,.T.);
#6418=EDGE_CURVE('',#7726,#7718,#1080,.F.);
#6419=EDGE_CURVE('',#7725,#7726,#8432,.F.);
#6420=EDGE_CURVE('',#7721,#7725,#8433,.F.);
#6421=EDGE_CURVE('',#7721,#7726,#8434,.F.);
#6422=EDGE_CURVE('',#7724,#7726,#1081,.F.);
#6423=EDGE_CURVE('',#7725,#7621,#1082,.T.);
#6424=EDGE_CURVE('',#7661,#7517,#8435,.T.);
#6425=EDGE_CURVE('',#7661,#7642,#8436,.T.);
#6426=EDGE_CURVE('',#7380,#7656,#8437,.F.);
#6427=EDGE_CURVE('',#7639,#7488,#8438,.T.);
#6428=EDGE_CURVE('',#7655,#7657,#8439,.F.);
#6429=EDGE_CURVE('',#7381,#7618,#8440,.T.);
#6430=EDGE_CURVE('',#7616,#7525,#8441,.T.);
#6431=EDGE_CURVE('',#7617,#7526,#8442,.T.);
#6432=EDGE_CURVE('',#7380,#7619,#8443,.T.);
#6433=EDGE_CURVE('',#7617,#7537,#8444,.T.);
#6434=EDGE_CURVE('',#7656,#7619,#8445,.T.);
#6435=EDGE_CURVE('',#7620,#7657,#8446,.T.);
#6436=EDGE_CURVE('',#7655,#7620,#8447,.T.);
#6437=EDGE_CURVE('',#7501,#7727,#1083,.F.);
#6438=EDGE_CURVE('',#7727,#7536,#8448,.T.);
#6439=EDGE_CURVE('',#7728,#7729,#8449,.F.);
#6440=EDGE_CURVE('',#7728,#7730,#1084,.F.);
#6441=EDGE_CURVE('',#7730,#7731,#8450,.T.);
#6442=EDGE_CURVE('',#7731,#7729,#1085,.T.);
#6443=EDGE_CURVE('',#7364,#7732,#8451,.F.);
#6444=EDGE_CURVE('',#7733,#7363,#8452,.F.);
#6445=EDGE_CURVE('',#7733,#7732,#1086,.F.);
#6446=EDGE_CURVE('',#7734,#7735,#1087,.T.);
#6447=EDGE_CURVE('',#7735,#7736,#8453,.T.);
#6448=EDGE_CURVE('',#7736,#7737,#1088,.F.);
#6449=EDGE_CURVE('',#7734,#7737,#8454,.T.);
#6450=EDGE_CURVE('',#7738,#7739,#280,.F.);
#6451=EDGE_CURVE('',#7738,#7740,#1089,.T.);
#6452=EDGE_CURVE('',#7741,#7740,#281,.F.);
#6453=EDGE_CURVE('',#7742,#7741,#1090,.T.);
#6454=EDGE_CURVE('',#7743,#7742,#1091,.T.);
#6455=EDGE_CURVE('',#7739,#7743,#1092,.T.);
#6456=EDGE_CURVE('',#7744,#7745,#282,.F.);
#6457=EDGE_CURVE('',#7744,#7746,#1093,.T.);
#6458=EDGE_CURVE('',#7747,#7746,#283,.F.);
#6459=EDGE_CURVE('',#7740,#7747,#284,.F.);
#6460=EDGE_CURVE('',#7745,#7738,#285,.F.);
#6461=EDGE_CURVE('',#7748,#7749,#286,.F.);
#6462=EDGE_CURVE('',#7748,#7750,#1094,.T.);
#6463=EDGE_CURVE('',#7751,#7750,#287,.F.);
#6464=EDGE_CURVE('',#7746,#7751,#1095,.T.);
#6465=EDGE_CURVE('',#7749,#7744,#1096,.T.);
#6466=EDGE_CURVE('',#7752,#7753,#1097,.T.);
#6467=EDGE_CURVE('',#7750,#7753,#288,.T.);
#6468=EDGE_CURVE('',#7752,#7748,#289,.T.);
#6469=EDGE_CURVE('',#7754,#7755,#1098,.T.);
#6470=EDGE_CURVE('',#7756,#7754,#8455,.T.);
#6471=EDGE_CURVE('',#7757,#7756,#1099,.F.);
#6472=EDGE_CURVE('',#7758,#7757,#1100,.F.);
#6473=EDGE_CURVE('',#7759,#7758,#8456,.F.);
#6474=EDGE_CURVE('',#7760,#7759,#1101,.F.);
#6475=EDGE_CURVE('',#7761,#7760,#1102,.T.);
#6476=EDGE_CURVE('',#7762,#7761,#8457,.T.);
#6477=EDGE_CURVE('',#7763,#7762,#1103,.T.);
#6478=EDGE_CURVE('',#7753,#7763,#8458,.T.);
#6479=EDGE_CURVE('',#7755,#7752,#8459,.T.);
#6480=EDGE_CURVE('',#7764,#7765,#1104,.T.);
#6481=EDGE_CURVE('',#7766,#7764,#1105,.T.);
#6482=EDGE_CURVE('',#7767,#7766,#410,.T.);
#6483=EDGE_CURVE('',#7768,#7767,#1106,.T.);
#6484=EDGE_CURVE('',#7769,#7768,#1107,.F.);
#6485=EDGE_CURVE('',#7770,#7769,#1108,.F.);
#6486=EDGE_CURVE('',#7771,#7770,#8460,.F.);
#6487=EDGE_CURVE('',#7772,#7771,#1109,.T.);
#6488=EDGE_CURVE('',#7773,#7772,#8461,.F.);
#6489=EDGE_CURVE('',#7765,#7773,#1110,.T.);
#6490=EDGE_CURVE('',#7774,#7775,#8462,.F.);
#6491=EDGE_CURVE('',#7776,#7774,#1111,.F.);
#6492=EDGE_CURVE('',#7777,#7776,#8463,.F.);
#6493=EDGE_CURVE('',#7778,#7777,#1112,.F.);
#6494=EDGE_CURVE('',#7779,#7778,#1113,.F.);
#6495=EDGE_CURVE('',#7780,#7779,#1114,.F.);
#6496=EDGE_CURVE('',#7781,#7780,#411,.T.);
#6497=EDGE_CURVE('',#7782,#7781,#1115,.T.);
#6498=EDGE_CURVE('',#7782,#7783,#1116,.T.);
#6499=EDGE_CURVE('',#7775,#7783,#1117,.F.);
#6500=EDGE_CURVE('',#7784,#7785,#1118,.T.);
#6501=EDGE_CURVE('',#7786,#7785,#1119,.T.);
#6502=EDGE_CURVE('',#7787,#7786,#1120,.T.);
#6503=EDGE_CURVE('',#7784,#7787,#1121,.F.);
#6504=EDGE_CURVE('',#7788,#7789,#1122,.T.);
#6505=EDGE_CURVE('',#7785,#7789,#8464,.T.);
#6506=EDGE_CURVE('',#7788,#7784,#8465,.T.);
#6507=EDGE_CURVE('',#7790,#7791,#1123,.T.);
#6508=EDGE_CURVE('',#7789,#7791,#1124,.T.);
#6509=EDGE_CURVE('',#7790,#7788,#1125,.F.);
#6510=EDGE_CURVE('',#7791,#7742,#8466,.T.);
#6511=EDGE_CURVE('',#7743,#7790,#8467,.T.);
#6512=EDGE_CURVE('',#7737,#7792,#1126,.T.);
#6513=EDGE_CURVE('',#7793,#7736,#1127,.T.);
#6514=EDGE_CURVE('',#7792,#7793,#1128,.F.);
#6515=EDGE_CURVE('',#7735,#7794,#1129,.T.);
#6516=EDGE_CURVE('',#7795,#7734,#1130,.T.);
#6517=EDGE_CURVE('',#7794,#7795,#1131,.F.);
#6518=EDGE_CURVE('',#7796,#7797,#1132,.F.);
#6519=EDGE_CURVE('',#7798,#7796,#1133,.T.);
#6520=EDGE_CURVE('',#7799,#7798,#1134,.F.);
#6521=EDGE_CURVE('',#7800,#7799,#1135,.T.);
#6522=EDGE_CURVE('',#7797,#7800,#290,.F.);
#6523=EDGE_CURVE('',#7801,#7802,#291,.T.);
#6524=EDGE_CURVE('',#7798,#7801,#8468,.F.);
#6525=EDGE_CURVE('',#7802,#7796,#292,.F.);
#6526=EDGE_CURVE('',#7803,#7804,#1136,.T.);
#6527=EDGE_CURVE('',#7805,#7803,#1137,.F.);
#6528=EDGE_CURVE('',#7805,#7806,#1138,.T.);
#6529=EDGE_CURVE('',#7807,#7806,#1139,.F.);
#6530=EDGE_CURVE('',#7804,#7807,#293,.F.);
#6531=EDGE_CURVE('',#7808,#7805,#8469,.F.);
#6532=EDGE_CURVE('',#7809,#7808,#294,.T.);
#6533=EDGE_CURVE('',#7806,#7809,#295,.F.);
#6534=EDGE_CURVE('',#7803,#7768,#8470,.F.);
#6535=EDGE_CURVE('',#7810,#7804,#296,.F.);
#6536=EDGE_CURVE('',#7769,#7810,#297,.F.);
#6537=EDGE_CURVE('',#7800,#7811,#298,.F.);
#6538=EDGE_CURVE('',#7779,#7799,#8471,.F.);
#6539=EDGE_CURVE('',#7811,#7778,#299,.F.);
#6540=EDGE_CURVE('',#7759,#7737,#8472,.T.);
#6541=EDGE_CURVE('',#7760,#7792,#412,.T.);
#6542=EDGE_CURVE('',#7758,#7734,#8473,.T.);
#6543=EDGE_CURVE('',#7795,#7757,#413,.T.);
#6544=EDGE_CURVE('',#7764,#7794,#8474,.T.);
#6545=EDGE_CURVE('',#7795,#7766,#8475,.T.);
#6546=EDGE_CURVE('',#7757,#7767,#8476,.T.);
#6547=EDGE_CURVE('',#7756,#7768,#8477,.T.);
#6548=EDGE_CURVE('',#7754,#7803,#8478,.T.);
#6549=EDGE_CURVE('',#7755,#7805,#8479,.T.);
#6550=EDGE_CURVE('',#7752,#7808,#8480,.T.);
#6551=EDGE_CURVE('',#7748,#7809,#300,.F.);
#6552=EDGE_CURVE('',#7749,#7806,#301,.F.);
#6553=EDGE_CURVE('',#7744,#7807,#302,.T.);
#6554=EDGE_CURVE('',#7745,#7804,#303,.T.);
#6555=EDGE_CURVE('',#7738,#7810,#304,.T.);
#6556=EDGE_CURVE('',#7739,#7769,#305,.F.);
#6557=EDGE_CURVE('',#7743,#7770,#8481,.T.);
#6558=EDGE_CURVE('',#7790,#7771,#8482,.T.);
#6559=EDGE_CURVE('',#7788,#7772,#8483,.T.);
#6560=EDGE_CURVE('',#7784,#7773,#8484,.T.);
#6561=EDGE_CURVE('',#7787,#7765,#414,.T.);
#6562=EDGE_CURVE('',#7793,#7782,#8485,.T.);
#6563=EDGE_CURVE('',#7781,#7792,#8486,.T.);
#6564=EDGE_CURVE('',#7780,#7760,#8487,.T.);
#6565=EDGE_CURVE('',#7779,#7761,#8488,.T.);
#6566=EDGE_CURVE('',#7799,#7762,#8489,.T.);
#6567=EDGE_CURVE('',#7798,#7763,#8490,.T.);
#6568=EDGE_CURVE('',#7801,#7753,#8491,.T.);
#6569=EDGE_CURVE('',#7802,#7750,#306,.F.);
#6570=EDGE_CURVE('',#7796,#7751,#307,.F.);
#6571=EDGE_CURVE('',#7797,#7746,#308,.T.);
#6572=EDGE_CURVE('',#7800,#7747,#309,.T.);
#6573=EDGE_CURVE('',#7811,#7740,#310,.T.);
#6574=EDGE_CURVE('',#7778,#7741,#311,.F.);
#6575=EDGE_CURVE('',#7777,#7742,#8492,.T.);
#6576=EDGE_CURVE('',#7776,#7791,#8493,.T.);
#6577=EDGE_CURVE('',#7774,#7789,#8494,.T.);
#6578=EDGE_CURVE('',#7775,#7785,#8495,.T.);
#6579=EDGE_CURVE('',#7783,#7786,#415,.T.);
#6580=EDGE_CURVE('',#7812,#7813,#1140,.T.);
#6581=EDGE_CURVE('',#7814,#7812,#8496,.T.);
#6582=EDGE_CURVE('',#7815,#7814,#1141,.T.);
#6583=EDGE_CURVE('',#7816,#7815,#1142,.T.);
#6584=EDGE_CURVE('',#7813,#7816,#1143,.T.);
#6585=EDGE_CURVE('',#7817,#7818,#8497,.F.);
#6586=EDGE_CURVE('',#7819,#7818,#1144,.T.);
#6587=EDGE_CURVE('',#7819,#7820,#1145,.T.);
#6588=EDGE_CURVE('',#7820,#7821,#1146,.T.);
#6589=EDGE_CURVE('',#7821,#7817,#1147,.T.);
#6590=EDGE_CURVE('',#7822,#7823,#1148,.T.);
#6591=EDGE_CURVE('',#7824,#7822,#8498,.T.);
#6592=EDGE_CURVE('',#7825,#7824,#1149,.F.);
#6593=EDGE_CURVE('',#7826,#7825,#8499,.T.);
#6594=EDGE_CURVE('',#7827,#7826,#1150,.T.);
#6595=EDGE_CURVE('',#7828,#7827,#8500,.T.);
#6596=EDGE_CURVE('',#7829,#7828,#1151,.T.);
#6597=EDGE_CURVE('',#7830,#7829,#8501,.T.);
#6598=EDGE_CURVE('',#7831,#7830,#1152,.T.);
#6599=EDGE_CURVE('',#7823,#7831,#8502,.T.);
#6600=EDGE_CURVE('',#7832,#7833,#1153,.T.);
#6601=EDGE_CURVE('',#7833,#7834,#1154,.T.);
#6602=EDGE_CURVE('',#7835,#7834,#1155,.T.);
#6603=EDGE_CURVE('',#7836,#7835,#1156,.F.);
#6604=EDGE_CURVE('',#7837,#7836,#8503,.F.);
#6605=EDGE_CURVE('',#7838,#7837,#1157,.F.);
#6606=EDGE_CURVE('',#7832,#7838,#1158,.T.);
#6607=EDGE_CURVE('',#7839,#7840,#8504,.F.);
#6608=EDGE_CURVE('',#7841,#7840,#1159,.T.);
#6609=EDGE_CURVE('',#7841,#7842,#1160,.T.);
#6610=EDGE_CURVE('',#7842,#7843,#1161,.T.);
#6611=EDGE_CURVE('',#7839,#7843,#1162,.T.);
#6612=EDGE_CURVE('',#7844,#7845,#8505,.T.);
#6613=EDGE_CURVE('',#7845,#7846,#1163,.T.);
#6614=EDGE_CURVE('',#7847,#7846,#1164,.T.);
#6615=EDGE_CURVE('',#7844,#7847,#1165,.T.);
#6616=EDGE_CURVE('',#7848,#7849,#1166,.T.);
#6617=EDGE_CURVE('',#7849,#7729,#1167,.T.);
#6618=EDGE_CURVE('',#7850,#7731,#1168,.F.);
#6619=EDGE_CURVE('',#7850,#7851,#1169,.T.);
#6620=EDGE_CURVE('',#7852,#7851,#1170,.T.);
#6621=EDGE_CURVE('',#7853,#7852,#1171,.F.);
#6622=EDGE_CURVE('',#7854,#7853,#1172,.F.);
#6623=EDGE_CURVE('',#7855,#7854,#1173,.T.);
#6624=EDGE_CURVE('',#7855,#7848,#1174,.T.);
#6625=EDGE_CURVE('',#7480,#7732,#1175,.T.);
#6626=EDGE_CURVE('',#7856,#7733,#1176,.F.);
#6627=EDGE_CURVE('',#7857,#7856,#1177,.T.);
#6628=EDGE_CURVE('',#7858,#7857,#1178,.T.);
#6629=EDGE_CURVE('',#7858,#7859,#1179,.T.);
#6630=EDGE_CURVE('',#7860,#7859,#1180,.F.);
#6631=EDGE_CURVE('',#7861,#7860,#1181,.F.);
#6632=EDGE_CURVE('',#7861,#7481,#1182,.T.);
#6633=EDGE_CURVE('',#7862,#7863,#1183,.T.);
#6634=EDGE_CURVE('',#7356,#7863,#8506,.F.);
#6635=EDGE_CURVE('',#7862,#7355,#8507,.T.);
#6636=EDGE_CURVE('',#7864,#7361,#8508,.T.);
#6637=EDGE_CURVE('',#7864,#7865,#1184,.T.);
#6638=EDGE_CURVE('',#7362,#7865,#8509,.F.);
#6639=EDGE_CURVE('',#7866,#7864,#1185,.T.);
#6640=EDGE_CURVE('',#7867,#7866,#416,.T.);
#6641=EDGE_CURVE('',#7868,#7867,#1186,.F.);
#6642=EDGE_CURVE('',#7869,#7868,#417,.T.);
#6643=EDGE_CURVE('',#7863,#7869,#1187,.F.);
#6644=EDGE_CURVE('',#7730,#7862,#1188,.T.);
#6645=EDGE_CURVE('',#7728,#7870,#1189,.T.);
#6646=EDGE_CURVE('',#7870,#7871,#8510,.T.);
#6647=EDGE_CURVE('',#7871,#7872,#1190,.T.);
#6648=EDGE_CURVE('',#7872,#7873,#8511,.T.);
#6649=EDGE_CURVE('',#7873,#7874,#1191,.T.);
#6650=EDGE_CURVE('',#7874,#7875,#1192,.F.);
#6651=EDGE_CURVE('',#7875,#7876,#1193,.T.);
#6652=EDGE_CURVE('',#7876,#7877,#1194,.T.);
#6653=EDGE_CURVE('',#7877,#7878,#1195,.F.);
#6654=EDGE_CURVE('',#7878,#7879,#418,.T.);
#6655=EDGE_CURVE('',#7879,#7880,#1196,.F.);
#6656=EDGE_CURVE('',#7880,#7881,#419,.T.);
#6657=EDGE_CURVE('',#7881,#7882,#1197,.T.);
#6658=EDGE_CURVE('',#7882,#7883,#1198,.T.);
#6659=EDGE_CURVE('',#7883,#7884,#1199,.F.);
#6660=EDGE_CURVE('',#7884,#7885,#1200,.F.);
#6661=EDGE_CURVE('',#7885,#7886,#1201,.T.);
#6662=EDGE_CURVE('',#7886,#7887,#8512,.T.);
#6663=EDGE_CURVE('',#7887,#7888,#1202,.T.);
#6664=EDGE_CURVE('',#7888,#7889,#8513,.T.);
#6665=EDGE_CURVE('',#7889,#7890,#1203,.T.);
#6666=EDGE_CURVE('',#7891,#7890,#1204,.F.);
#6667=EDGE_CURVE('',#7865,#7891,#1205,.F.);
#6668=EDGE_CURVE('',#7892,#7851,#1206,.T.);
#6669=EDGE_CURVE('',#7893,#7892,#1207,.T.);
#6670=EDGE_CURVE('',#7894,#7893,#1208,.T.);
#6671=EDGE_CURVE('',#7858,#7894,#1209,.T.);
#6672=EDGE_CURVE('',#7852,#7857,#8514,.F.);
#6673=EDGE_CURVE('',#7833,#7847,#1210,.T.);
#6674=EDGE_CURVE('',#7846,#7892,#1211,.T.);
#6675=EDGE_CURVE('',#7834,#7850,#8515,.T.);
#6676=EDGE_CURVE('',#7894,#7844,#1212,.T.);
#6677=EDGE_CURVE('',#7859,#7832,#8516,.T.);
#6678=EDGE_CURVE('',#7360,#7895,#8517,.T.);
#6679=EDGE_CURVE('',#7359,#7896,#8518,.T.);
#6680=EDGE_CURVE('',#7896,#7895,#420,.T.);
#6681=EDGE_CURVE('',#7361,#7897,#8519,.T.);
#6682=EDGE_CURVE('',#7895,#7897,#1213,.F.);
#6683=EDGE_CURVE('',#7864,#7898,#8520,.T.);
#6684=EDGE_CURVE('',#7897,#7898,#8521,.F.);
#6685=EDGE_CURVE('',#7898,#7899,#1214,.F.);
#6686=EDGE_CURVE('',#7899,#7866,#8522,.T.);
#6687=EDGE_CURVE('',#7899,#7900,#421,.T.);
#6688=EDGE_CURVE('',#7900,#7867,#8523,.T.);
#6689=EDGE_CURVE('',#7901,#7902,#312,.F.);
#6690=EDGE_CURVE('',#7902,#7903,#313,.T.);
#6691=EDGE_CURVE('',#7903,#7901,#314,.F.);
#6692=EDGE_CURVE('',#7903,#7904,#1215,.T.);
#6693=EDGE_CURVE('',#7905,#7903,#315,.F.);
#6694=EDGE_CURVE('',#7906,#7905,#1216,.T.);
#6695=EDGE_CURVE('',#7906,#7907,#1217,.T.);
#6696=EDGE_CURVE('',#7904,#7907,#1218,.F.);
#6697=EDGE_CURVE('',#7908,#7906,#8524,.T.);
#6698=EDGE_CURVE('',#7908,#7909,#1219,.T.);
#6699=EDGE_CURVE('',#7907,#7909,#8525,.F.);
#6700=EDGE_CURVE('',#7831,#7910,#8526,.T.);
#6701=EDGE_CURVE('',#7830,#7909,#8527,.T.);
#6702=EDGE_CURVE('',#7909,#7910,#1220,.F.);
#6703=EDGE_CURVE('',#7823,#7911,#8528,.T.);
#6704=EDGE_CURVE('',#7910,#7911,#8529,.F.);
#6705=EDGE_CURVE('',#7912,#7822,#8530,.T.);
#6706=EDGE_CURVE('',#7911,#7912,#1221,.F.);
#6707=EDGE_CURVE('',#7912,#7913,#8531,.F.);
#6708=EDGE_CURVE('',#7913,#7824,#8532,.T.);
#6709=EDGE_CURVE('',#7914,#7913,#1222,.T.);
#6710=EDGE_CURVE('',#7915,#7914,#1223,.F.);
#6711=EDGE_CURVE('',#7916,#7915,#1224,.F.);
#6712=EDGE_CURVE('',#7913,#7916,#1225,.T.);
#6713=EDGE_CURVE('',#7916,#7825,#8533,.T.);
#6714=EDGE_CURVE('',#7916,#7917,#8534,.F.);
#6715=EDGE_CURVE('',#7917,#7826,#8535,.T.);
#6716=EDGE_CURVE('',#7912,#7918,#1226,.F.);
#6717=EDGE_CURVE('',#7918,#7914,#8536,.T.);
#6718=EDGE_CURVE('',#7919,#7918,#8537,.T.);
#6719=EDGE_CURVE('',#7919,#7914,#8538,.F.);
#6720=EDGE_CURVE('',#7899,#7919,#1227,.F.);
#6721=EDGE_CURVE('',#7918,#7900,#1228,.T.);
#6722=EDGE_CURVE('',#7900,#7920,#1229,.T.);
#6723=EDGE_CURVE('',#7920,#7868,#8539,.T.);
#6724=EDGE_CURVE('',#7920,#7921,#422,.T.);
#6725=EDGE_CURVE('',#7921,#7869,#8540,.T.);
#6726=EDGE_CURVE('',#7921,#7922,#1230,.T.);
#6727=EDGE_CURVE('',#7922,#7863,#8541,.T.);
#6728=EDGE_CURVE('',#7922,#7923,#8542,.T.);
#6729=EDGE_CURVE('',#7923,#7356,#8543,.T.);
#6730=EDGE_CURVE('',#7923,#7924,#1231,.T.);
#6731=EDGE_CURVE('',#7357,#7924,#8544,.T.);
#6732=EDGE_CURVE('',#7358,#7925,#8545,.T.);
#6733=EDGE_CURVE('',#7924,#7925,#423,.T.);
#6734=EDGE_CURVE('',#7925,#7896,#1232,.T.);
#6735=EDGE_CURVE('',#7896,#7926,#1233,.T.);
#6736=EDGE_CURVE('',#7926,#7927,#8546,.T.);
#6737=EDGE_CURVE('',#7927,#7895,#1234,.F.);
#6738=EDGE_CURVE('',#7915,#7926,#8547,.T.);
#6739=EDGE_CURVE('',#7915,#7927,#8548,.F.);
#6740=EDGE_CURVE('',#7919,#7927,#1235,.T.);
#6741=EDGE_CURVE('',#7926,#7917,#1236,.T.);
#6742=EDGE_CURVE('',#7917,#7928,#1237,.F.);
#6743=EDGE_CURVE('',#7928,#7827,#8549,.T.);
#6744=EDGE_CURVE('',#7828,#7904,#8550,.T.);
#6745=EDGE_CURVE('',#7928,#7904,#8551,.F.);
#6746=EDGE_CURVE('',#7829,#7907,#8552,.T.);
#6747=EDGE_CURVE('',#7929,#7908,#1238,.T.);
#6748=EDGE_CURVE('',#7930,#7929,#316,.F.);
#6749=EDGE_CURVE('',#7910,#7930,#1239,.F.);
#6750=EDGE_CURVE('',#7931,#7929,#317,.T.);
#6751=EDGE_CURVE('',#7931,#7932,#318,.F.);
#6752=EDGE_CURVE('',#7932,#7930,#319,.F.);
#6753=EDGE_CURVE('',#7932,#7933,#320,.T.);
#6754=EDGE_CURVE('',#7933,#7930,#321,.T.);
#6755=EDGE_CURVE('',#7933,#7911,#1240,.T.);
#6756=EDGE_CURVE('',#7920,#7933,#1241,.T.);
#6757=EDGE_CURVE('',#7931,#7921,#1242,.F.);
#6758=EDGE_CURVE('',#7934,#7908,#8553,.T.);
#6759=EDGE_CURVE('',#7934,#7931,#1243,.F.);
#6760=EDGE_CURVE('',#7935,#7906,#8554,.T.);
#6761=EDGE_CURVE('',#7935,#7934,#8555,.F.);
#6762=EDGE_CURVE('',#7936,#7905,#322,.F.);
#6763=EDGE_CURVE('',#7936,#7935,#1244,.F.);
#6764=EDGE_CURVE('',#7902,#7936,#323,.F.);
#6765=EDGE_CURVE('',#7928,#7901,#1245,.F.);
#6766=EDGE_CURVE('',#7901,#7925,#1246,.T.);
#6767=EDGE_CURVE('',#7924,#7936,#1247,.F.);
#6768=EDGE_CURVE('',#7862,#7836,#8556,.T.);
#6769=EDGE_CURVE('',#7730,#7835,#8557,.T.);
#6770=EDGE_CURVE('',#7355,#7837,#8558,.T.);
#6771=EDGE_CURVE('',#7838,#7354,#8559,.F.);
#6772=EDGE_CURVE('',#7937,#7894,#1248,.T.);
#6773=EDGE_CURVE('',#7937,#7938,#1249,.T.);
#6774=EDGE_CURVE('',#7938,#7844,#8560,.T.);
#6775=EDGE_CURVE('',#7846,#7939,#1250,.T.);
#6776=EDGE_CURVE('',#7940,#7939,#8561,.F.);
#6777=EDGE_CURVE('',#7940,#7941,#1251,.T.);
#6778=EDGE_CURVE('',#7892,#7941,#1252,.T.);
#6779=EDGE_CURVE('',#7842,#7942,#1253,.T.);
#6780=EDGE_CURVE('',#7943,#7942,#1254,.T.);
#6781=EDGE_CURVE('',#7893,#7943,#1255,.T.);
#6782=EDGE_CURVE('',#7843,#7941,#1256,.T.);
#6783=EDGE_CURVE('',#7820,#7944,#1257,.T.);
#6784=EDGE_CURVE('',#7937,#7819,#1258,.T.);
#6785=EDGE_CURVE('',#7944,#7943,#1259,.T.);
#6786=EDGE_CURVE('',#7942,#7945,#1260,.T.);
#6787=EDGE_CURVE('',#7945,#7944,#1261,.T.);
#6788=EDGE_CURVE('',#7821,#7946,#1262,.T.);
#6789=EDGE_CURVE('',#7945,#7947,#1263,.T.);
#6790=EDGE_CURVE('',#7948,#7947,#1264,.T.);
#6791=EDGE_CURVE('',#7946,#7948,#424,.F.);
#6792=EDGE_CURVE('',#7841,#7949,#1265,.T.);
#6793=EDGE_CURVE('',#7949,#7950,#425,.T.);
#6794=EDGE_CURVE('',#7950,#7947,#1266,.T.);
#6795=EDGE_CURVE('',#7940,#7839,#1267,.T.);
#6796=EDGE_CURVE('',#7938,#7818,#1268,.T.);
#6797=EDGE_CURVE('',#7845,#7951,#1269,.F.);
#6798=EDGE_CURVE('',#7951,#7952,#1270,.F.);
#6799=EDGE_CURVE('',#7952,#7939,#1271,.T.);
#6800=EDGE_CURVE('',#7953,#7952,#8562,.T.);
#6801=EDGE_CURVE('',#7840,#7953,#1272,.F.);
#6802=EDGE_CURVE('',#7954,#7953,#8563,.T.);
#6803=EDGE_CURVE('',#7954,#7952,#8564,.T.);
#6804=EDGE_CURVE('',#7950,#7954,#1273,.F.);
#6805=EDGE_CURVE('',#7953,#7949,#1274,.T.);
#6806=EDGE_CURVE('',#7946,#7955,#1275,.T.);
#6807=EDGE_CURVE('',#7956,#7948,#1276,.F.);
#6808=EDGE_CURVE('',#7955,#7956,#8565,.F.);
#6809=EDGE_CURVE('',#7951,#7955,#8566,.F.);
#6810=EDGE_CURVE('',#7951,#7956,#8567,.F.);
#6811=EDGE_CURVE('',#7954,#7956,#1277,.F.);
#6812=EDGE_CURVE('',#7955,#7817,#1278,.T.);
#6813=EDGE_CURVE('',#7861,#7353,#8568,.F.);
#6814=EDGE_CURVE('',#7860,#7354,#8569,.T.);
#6815=EDGE_CURVE('',#7860,#7838,#8570,.T.);
#6816=EDGE_CURVE('',#7855,#7890,#8571,.F.);
#6817=EDGE_CURVE('',#7891,#7854,#8572,.F.);
#6818=EDGE_CURVE('',#7835,#7731,#8573,.T.);
#6819=EDGE_CURVE('',#7853,#7856,#8574,.F.);
#6820=EDGE_CURVE('',#7865,#7814,#8575,.T.);
#6821=EDGE_CURVE('',#7812,#7362,#8576,.T.);
#6822=EDGE_CURVE('',#7813,#7363,#8577,.T.);
#6823=EDGE_CURVE('',#7891,#7815,#8578,.T.);
#6824=EDGE_CURVE('',#7813,#7733,#8579,.T.);
#6825=EDGE_CURVE('',#7854,#7815,#8580,.T.);
#6826=EDGE_CURVE('',#7816,#7856,#8581,.T.);
#6827=EDGE_CURVE('',#7853,#7816,#8582,.T.);
#6828=EDGE_CURVE('',#7479,#7365,#1279,.T.);
#6829=EDGE_CURVE('',#7482,#7352,#1280,.T.);
#6830=EDGE_CURVE('',#7484,#7350,#1281,.T.);
#6831=EDGE_CURVE('',#7477,#7367,#1282,.T.);
#6832=EDGE_CURVE('',#7478,#7366,#1283,.T.);
#6833=EDGE_CURVE('',#7483,#7351,#1284,.T.);
#6834=EDGE_CURVE('',#7957,#7848,#1285,.T.);
#6835=EDGE_CURVE('',#7958,#7957,#8583,.T.);
#6836=EDGE_CURVE('',#7959,#7958,#1286,.T.);
#6837=EDGE_CURVE('',#7960,#7959,#8584,.T.);
#6838=EDGE_CURVE('',#7961,#7960,#1287,.T.);
#6839=EDGE_CURVE('',#7961,#7962,#1288,.T.);
#6840=EDGE_CURVE('',#7963,#7962,#1289,.T.);
#6841=EDGE_CURVE('',#7964,#7963,#8585,.T.);
#6842=EDGE_CURVE('',#7965,#7964,#1290,.T.);
#6843=EDGE_CURVE('',#7966,#7965,#8586,.T.);
#6844=EDGE_CURVE('',#7849,#7966,#1291,.T.);
#6845=EDGE_CURVE('',#7966,#7870,#1292,.T.);
#6846=EDGE_CURVE('',#7957,#7889,#1293,.T.);
#6847=EDGE_CURVE('',#7967,#7885,#8587,.T.);
#6848=EDGE_CURVE('',#7967,#7961,#1294,.T.);
#6849=EDGE_CURVE('',#7960,#7886,#1295,.T.);
#6850=EDGE_CURVE('',#7962,#7968,#1296,.T.);
#6851=EDGE_CURVE('',#7874,#7968,#8588,.T.);
#6852=EDGE_CURVE('',#7963,#7873,#1297,.T.);
#6853=EDGE_CURVE('',#7965,#7871,#1298,.T.);
#6854=EDGE_CURVE('',#7958,#7888,#1299,.T.);
#6855=EDGE_CURVE('',#7959,#7887,#1300,.T.);
#6856=EDGE_CURVE('',#7964,#7872,#1301,.T.);
#6857=EDGE_CURVE('',#7967,#7969,#1302,.T.);
#6858=EDGE_CURVE('',#7884,#7969,#8589,.F.);
#6859=EDGE_CURVE('',#7970,#7971,#1303,.T.);
#6860=EDGE_CURVE('',#7970,#7972,#8590,.T.);
#6861=EDGE_CURVE('',#7973,#7972,#1304,.F.);
#6862=EDGE_CURVE('',#7971,#7973,#8591,.T.);
#6863=EDGE_CURVE('',#7974,#7975,#324,.T.);
#6864=EDGE_CURVE('',#7975,#7976,#1305,.T.);
#6865=EDGE_CURVE('',#7976,#7977,#1306,.T.);
#6866=EDGE_CURVE('',#7977,#7978,#1307,.T.);
#6867=EDGE_CURVE('',#7978,#7979,#325,.T.);
#6868=EDGE_CURVE('',#7974,#7979,#1308,.T.);
#6869=EDGE_CURVE('',#7980,#7981,#326,.T.);
#6870=EDGE_CURVE('',#7981,#7974,#327,.T.);
#6871=EDGE_CURVE('',#7979,#7982,#328,.T.);
#6872=EDGE_CURVE('',#7982,#7983,#329,.T.);
#6873=EDGE_CURVE('',#7980,#7983,#1309,.T.);
#6874=EDGE_CURVE('',#7984,#7985,#330,.T.);
#6875=EDGE_CURVE('',#7985,#7980,#1310,.T.);
#6876=EDGE_CURVE('',#7983,#7986,#1311,.T.);
#6877=EDGE_CURVE('',#7986,#7987,#331,.T.);
#6878=EDGE_CURVE('',#7984,#7987,#1312,.T.);
#6879=EDGE_CURVE('',#7988,#7989,#1313,.T.);
#6880=EDGE_CURVE('',#7988,#7984,#332,.T.);
#6881=EDGE_CURVE('',#7987,#7989,#333,.T.);
#6882=EDGE_CURVE('',#7990,#7991,#1314,.T.);
#6883=EDGE_CURVE('',#7991,#7988,#8592,.T.);
#6884=EDGE_CURVE('',#7989,#7992,#8593,.T.);
#6885=EDGE_CURVE('',#7992,#7993,#1315,.T.);
#6886=EDGE_CURVE('',#7993,#7994,#8594,.T.);
#6887=EDGE_CURVE('',#7994,#7995,#1316,.T.);
#6888=EDGE_CURVE('',#7995,#7996,#1317,.F.);
#6889=EDGE_CURVE('',#7996,#7997,#8595,.F.);
#6890=EDGE_CURVE('',#7997,#7998,#1318,.F.);
#6891=EDGE_CURVE('',#7998,#7999,#1319,.F.);
#6892=EDGE_CURVE('',#7999,#7990,#8596,.T.);
#6893=EDGE_CURVE('',#8000,#8001,#1320,.T.);
#6894=EDGE_CURVE('',#8001,#8002,#1321,.T.);
#6895=EDGE_CURVE('',#8002,#8003,#8597,.F.);
#6896=EDGE_CURVE('',#8003,#8004,#1322,.T.);
#6897=EDGE_CURVE('',#8004,#8005,#8598,.F.);
#6898=EDGE_CURVE('',#8005,#8006,#1323,.F.);
#6899=EDGE_CURVE('',#8006,#8007,#1324,.F.);
#6900=EDGE_CURVE('',#8007,#8008,#1325,.T.);
#6901=EDGE_CURVE('',#8008,#8009,#426,.T.);
#6902=EDGE_CURVE('',#8009,#8000,#1326,.T.);
#6903=EDGE_CURVE('',#8010,#8011,#8599,.F.);
#6904=EDGE_CURVE('',#8011,#8012,#1327,.F.);
#6905=EDGE_CURVE('',#8013,#8012,#1328,.T.);
#6906=EDGE_CURVE('',#8013,#8014,#1329,.T.);
#6907=EDGE_CURVE('',#8014,#8015,#427,.T.);
#6908=EDGE_CURVE('',#8015,#8016,#1330,.F.);
#6909=EDGE_CURVE('',#8016,#8017,#1331,.F.);
#6910=EDGE_CURVE('',#8017,#8018,#1332,.F.);
#6911=EDGE_CURVE('',#8018,#8019,#8600,.F.);
#6912=EDGE_CURVE('',#8019,#8010,#1333,.F.);
#6913=EDGE_CURVE('',#8020,#8021,#1334,.T.);
#6914=EDGE_CURVE('',#8020,#8022,#1335,.F.);
#6915=EDGE_CURVE('',#8022,#8023,#1336,.T.);
#6916=EDGE_CURVE('',#8023,#8021,#1337,.T.);
#6917=EDGE_CURVE('',#8024,#8025,#1338,.T.);
#6918=EDGE_CURVE('',#8024,#8020,#8601,.T.);
#6919=EDGE_CURVE('',#8021,#8025,#8602,.T.);
#6920=EDGE_CURVE('',#8026,#8027,#1339,.T.);
#6921=EDGE_CURVE('',#8026,#8024,#1340,.F.);
#6922=EDGE_CURVE('',#8025,#8027,#1341,.T.);
#6923=EDGE_CURVE('',#7976,#8026,#8603,.T.);
#6924=EDGE_CURVE('',#8027,#7977,#8604,.T.);
#6925=EDGE_CURVE('',#7972,#8028,#1342,.T.);
#6926=EDGE_CURVE('',#8028,#8029,#1343,.F.);
#6927=EDGE_CURVE('',#8029,#7973,#1344,.T.);
#6928=EDGE_CURVE('',#7971,#8030,#1345,.T.);
#6929=EDGE_CURVE('',#8030,#8031,#1346,.F.);
#6930=EDGE_CURVE('',#8031,#7970,#1347,.T.);
#6931=EDGE_CURVE('',#8032,#8033,#1348,.F.);
#6932=EDGE_CURVE('',#8033,#8034,#428,.T.);
#6933=EDGE_CURVE('',#8034,#8035,#1349,.T.);
#6934=EDGE_CURVE('',#8035,#8036,#1350,.F.);
#6935=EDGE_CURVE('',#8036,#8032,#1351,.T.);
#6936=EDGE_CURVE('',#8037,#8038,#334,.T.);
#6937=EDGE_CURVE('',#8038,#8032,#335,.T.);
#6938=EDGE_CURVE('',#8036,#8037,#8605,.F.);
#6939=EDGE_CURVE('',#8039,#8040,#1352,.T.);
#6940=EDGE_CURVE('',#8040,#8041,#336,.T.);
#6941=EDGE_CURVE('',#8041,#8042,#1353,.F.);
#6942=EDGE_CURVE('',#8043,#8042,#1354,.T.);
#6943=EDGE_CURVE('',#8043,#8039,#1355,.F.);
#6944=EDGE_CURVE('',#8042,#8044,#337,.T.);
#6945=EDGE_CURVE('',#8044,#8045,#338,.T.);
#6946=EDGE_CURVE('',#8045,#8043,#8606,.F.);
#6947=EDGE_CURVE('',#8006,#8046,#339,.T.);
#6948=EDGE_CURVE('',#8046,#8040,#340,.T.);
#6949=EDGE_CURVE('',#8039,#8007,#8607,.F.);
#6950=EDGE_CURVE('',#8034,#8047,#341,.T.);
#6951=EDGE_CURVE('',#8047,#8017,#342,.T.);
#6952=EDGE_CURVE('',#8016,#8035,#8608,.F.);
#6953=EDGE_CURVE('',#7995,#8028,#429,.T.);
#6954=EDGE_CURVE('',#7996,#7972,#8609,.T.);
#6955=EDGE_CURVE('',#7997,#7970,#8610,.T.);
#6956=EDGE_CURVE('',#8031,#7998,#430,.T.);
#6957=EDGE_CURVE('',#8000,#8030,#8611,.T.);
#6958=EDGE_CURVE('',#8031,#8009,#8612,.T.);
#6959=EDGE_CURVE('',#7998,#8008,#8613,.T.);
#6960=EDGE_CURVE('',#7999,#8007,#8614,.T.);
#6961=EDGE_CURVE('',#7990,#8039,#8615,.T.);
#6962=EDGE_CURVE('',#7991,#8043,#8616,.T.);
#6963=EDGE_CURVE('',#7988,#8045,#8617,.T.);
#6964=EDGE_CURVE('',#7984,#8044,#343,.T.);
#6965=EDGE_CURVE('',#7985,#8042,#344,.T.);
#6966=EDGE_CURVE('',#7980,#8041,#345,.F.);
#6967=EDGE_CURVE('',#7981,#8040,#346,.F.);
#6968=EDGE_CURVE('',#7974,#8046,#347,.F.);
#6969=EDGE_CURVE('',#7975,#8006,#348,.T.);
#6970=EDGE_CURVE('',#7976,#8005,#8618,.T.);
#6971=EDGE_CURVE('',#8026,#8004,#8619,.T.);
#6972=EDGE_CURVE('',#8024,#8003,#8620,.T.);
#6973=EDGE_CURVE('',#8020,#8002,#8621,.T.);
#6974=EDGE_CURVE('',#8022,#8001,#431,.T.);
#6975=EDGE_CURVE('',#8029,#8013,#8622,.T.);
#6976=EDGE_CURVE('',#8014,#8028,#8623,.T.);
#6977=EDGE_CURVE('',#8015,#7995,#8624,.T.);
#6978=EDGE_CURVE('',#8016,#7994,#8625,.T.);
#6979=EDGE_CURVE('',#8035,#7993,#8626,.T.);
#6980=EDGE_CURVE('',#8036,#7992,#8627,.T.);
#6981=EDGE_CURVE('',#8037,#7989,#8628,.T.);
#6982=EDGE_CURVE('',#8038,#7987,#349,.T.);
#6983=EDGE_CURVE('',#8032,#7986,#350,.T.);
#6984=EDGE_CURVE('',#8033,#7983,#351,.F.);
#6985=EDGE_CURVE('',#8034,#7982,#352,.F.);
#6986=EDGE_CURVE('',#8047,#7979,#353,.T.);
#6987=EDGE_CURVE('',#8017,#7978,#354,.T.);
#6988=EDGE_CURVE('',#8018,#7977,#8629,.T.);
#6989=EDGE_CURVE('',#8019,#8027,#8630,.T.);
#6990=EDGE_CURVE('',#8010,#8025,#8631,.T.);
#6991=EDGE_CURVE('',#8011,#8021,#8632,.T.);
#6992=EDGE_CURVE('',#8012,#8023,#432,.T.);
#6993=EDGE_CURVE('',#8048,#8049,#1356,.T.);
#6994=EDGE_CURVE('',#8049,#8050,#1357,.T.);
#6995=EDGE_CURVE('',#8050,#8051,#1358,.T.);
#6996=EDGE_CURVE('',#8051,#8052,#1359,.T.);
#6997=EDGE_CURVE('',#8052,#8048,#8633,.T.);
#6998=EDGE_CURVE('',#8053,#8054,#8634,.F.);
#6999=EDGE_CURVE('',#8055,#8053,#1360,.T.);
#7000=EDGE_CURVE('',#8056,#8055,#1361,.T.);
#7001=EDGE_CURVE('',#8057,#8056,#1362,.T.);
#7002=EDGE_CURVE('',#8057,#8054,#1363,.T.);
#7003=EDGE_CURVE('',#8058,#8059,#1364,.T.);
#7004=EDGE_CURVE('',#8059,#8060,#8635,.T.);
#7005=EDGE_CURVE('',#8060,#8061,#1365,.T.);
#7006=EDGE_CURVE('',#8061,#8062,#8636,.T.);
#7007=EDGE_CURVE('',#8062,#8063,#1366,.T.);
#7008=EDGE_CURVE('',#8063,#8064,#8637,.T.);
#7009=EDGE_CURVE('',#8064,#8065,#1367,.T.);
#7010=EDGE_CURVE('',#8065,#8066,#8638,.T.);
#7011=EDGE_CURVE('',#8066,#8067,#1368,.F.);
#7012=EDGE_CURVE('',#8067,#8058,#8639,.T.);
#7013=EDGE_CURVE('',#8068,#8069,#1369,.T.);
#7014=EDGE_CURVE('',#8068,#8070,#1370,.T.);
#7015=EDGE_CURVE('',#8070,#8071,#1371,.F.);
#7016=EDGE_CURVE('',#8071,#8072,#8640,.F.);
#7017=EDGE_CURVE('',#8072,#8073,#1372,.F.);
#7018=EDGE_CURVE('',#8073,#8074,#1373,.T.);
#7019=EDGE_CURVE('',#8069,#8074,#1374,.T.);
#7020=EDGE_CURVE('',#8075,#8076,#8641,.F.);
#7021=EDGE_CURVE('',#8075,#8077,#1375,.T.);
#7022=EDGE_CURVE('',#8078,#8077,#1376,.T.);
#7023=EDGE_CURVE('',#8079,#8078,#1377,.T.);
#7024=EDGE_CURVE('',#8079,#8076,#1378,.T.);
#7025=EDGE_CURVE('',#8080,#8081,#8642,.T.);
#7026=EDGE_CURVE('',#8080,#8082,#1379,.T.);
#7027=EDGE_CURVE('',#8082,#8083,#1380,.T.);
#7028=EDGE_CURVE('',#8081,#8083,#1381,.T.);
#7029=EDGE_CURVE('',#7969,#8084,#1382,.F.);
#7030=EDGE_CURVE('',#8084,#8085,#1383,.F.);
#7031=EDGE_CURVE('',#8085,#8086,#1384,.T.);
#7032=EDGE_CURVE('',#8087,#8086,#1385,.T.);
#7033=EDGE_CURVE('',#8087,#8088,#1386,.F.);
#7034=EDGE_CURVE('',#8088,#7968,#1387,.T.);
#7035=EDGE_CURVE('',#7727,#8089,#1388,.F.);
#7036=EDGE_CURVE('',#8090,#8089,#1389,.T.);
#7037=EDGE_CURVE('',#8090,#8091,#1390,.T.);
#7038=EDGE_CURVE('',#8091,#8092,#1391,.T.);
#7039=EDGE_CURVE('',#8092,#8093,#1392,.F.);
#7040=EDGE_CURVE('',#8093,#7504,#1393,.F.);
#7041=EDGE_CURVE('',#7876,#7535,#8643,.T.);
#7042=EDGE_CURVE('',#7534,#7877,#8644,.F.);
#7043=EDGE_CURVE('',#7528,#7883,#8645,.F.);
#7044=EDGE_CURVE('',#7882,#7529,#8646,.T.);
#7045=EDGE_CURVE('',#8085,#8091,#8647,.F.);
#7046=EDGE_CURVE('',#8090,#8094,#1394,.T.);
#7047=EDGE_CURVE('',#8094,#8095,#1395,.T.);
#7048=EDGE_CURVE('',#8095,#8096,#1396,.T.);
#7049=EDGE_CURVE('',#8096,#8086,#1397,.T.);
#7050=EDGE_CURVE('',#8074,#8087,#8648,.T.);
#7051=EDGE_CURVE('',#8083,#8096,#1398,.T.);
#7052=EDGE_CURVE('',#8069,#8082,#1399,.T.);
#7053=EDGE_CURVE('',#8089,#8068,#8649,.T.);
#7054=EDGE_CURVE('',#8094,#8080,#1400,.T.);
#7055=EDGE_CURVE('',#7530,#8097,#8650,.T.);
#7056=EDGE_CURVE('',#8098,#8097,#433,.T.);
#7057=EDGE_CURVE('',#7531,#8098,#8651,.T.);
#7058=EDGE_CURVE('',#7529,#8099,#8652,.T.);
#7059=EDGE_CURVE('',#8097,#8099,#1401,.F.);
#7060=EDGE_CURVE('',#7882,#8100,#8653,.T.);
#7061=EDGE_CURVE('',#8099,#8100,#8654,.F.);
#7062=EDGE_CURVE('',#8101,#7881,#8655,.T.);
#7063=EDGE_CURVE('',#8100,#8101,#1402,.F.);
#7064=EDGE_CURVE('',#8102,#7880,#8656,.T.);
#7065=EDGE_CURVE('',#8101,#8102,#434,.T.);
#7066=EDGE_CURVE('',#8103,#8104,#355,.T.);
#7067=EDGE_CURVE('',#8105,#8103,#356,.T.);
#7068=EDGE_CURVE('',#8104,#8105,#357,.F.);
#7069=EDGE_CURVE('',#8105,#8106,#1403,.T.);
#7070=EDGE_CURVE('',#8106,#8107,#1404,.F.);
#7071=EDGE_CURVE('',#8108,#8107,#1405,.T.);
#7072=EDGE_CURVE('',#8108,#8109,#1406,.T.);
#7073=EDGE_CURVE('',#8109,#8105,#358,.T.);
#7074=EDGE_CURVE('',#8107,#8110,#8657,.F.);
#7075=EDGE_CURVE('',#8111,#8110,#1407,.T.);
#7076=EDGE_CURVE('',#8111,#8108,#8658,.T.);
#7077=EDGE_CURVE('',#8060,#8112,#8659,.T.);
#7078=EDGE_CURVE('',#8110,#8112,#1408,.F.);
#7079=EDGE_CURVE('',#8061,#8110,#8660,.T.);
#7080=EDGE_CURVE('',#8059,#8113,#8661,.T.);
#7081=EDGE_CURVE('',#8112,#8113,#8662,.F.);
#7082=EDGE_CURVE('',#8114,#8058,#8663,.T.);
#7083=EDGE_CURVE('',#8113,#8114,#1409,.F.);
#7084=EDGE_CURVE('',#8115,#8067,#8664,.T.);
#7085=EDGE_CURVE('',#8114,#8115,#8665,.F.);
#7086=EDGE_CURVE('',#8116,#8115,#1410,.T.);
#7087=EDGE_CURVE('',#8115,#8117,#1411,.T.);
#7088=EDGE_CURVE('',#8117,#8118,#1412,.F.);
#7089=EDGE_CURVE('',#8118,#8116,#1413,.F.);
#7090=EDGE_CURVE('',#8117,#8066,#8666,.T.);
#7091=EDGE_CURVE('',#8119,#8065,#8667,.T.);
#7092=EDGE_CURVE('',#8117,#8119,#8668,.F.);
#7093=EDGE_CURVE('',#8114,#8120,#1414,.F.);
#7094=EDGE_CURVE('',#8120,#8116,#8669,.T.);
#7095=EDGE_CURVE('',#8121,#8120,#8670,.T.);
#7096=EDGE_CURVE('',#8121,#8116,#8671,.F.);
#7097=EDGE_CURVE('',#8101,#8121,#1415,.F.);
#7098=EDGE_CURVE('',#8120,#8102,#1416,.T.);
#7099=EDGE_CURVE('',#8122,#7879,#8672,.T.);
#7100=EDGE_CURVE('',#8102,#8122,#1417,.T.);
#7101=EDGE_CURVE('',#8123,#7878,#8673,.T.);
#7102=EDGE_CURVE('',#8122,#8123,#435,.T.);
#7103=EDGE_CURVE('',#8124,#7877,#8674,.T.);
#7104=EDGE_CURVE('',#8123,#8124,#1418,.T.);
#7105=EDGE_CURVE('',#8125,#7534,#8675,.T.);
#7106=EDGE_CURVE('',#8124,#8125,#8676,.T.);
#7107=EDGE_CURVE('',#7533,#8126,#8677,.T.);
#7108=EDGE_CURVE('',#8125,#8126,#1419,.T.);
#7109=EDGE_CURVE('',#7532,#8127,#8678,.T.);
#7110=EDGE_CURVE('',#8126,#8127,#436,.T.);
#7111=EDGE_CURVE('',#8127,#8098,#1420,.T.);
#7112=EDGE_CURVE('',#8098,#8128,#1421,.T.);
#7113=EDGE_CURVE('',#8129,#8097,#1422,.F.);
#7114=EDGE_CURVE('',#8128,#8129,#8679,.T.);
#7115=EDGE_CURVE('',#8118,#8128,#8680,.T.);
#7116=EDGE_CURVE('',#8118,#8129,#8681,.F.);
#7117=EDGE_CURVE('',#8121,#8129,#1423,.T.);
#7118=EDGE_CURVE('',#8128,#8119,#1424,.T.);
#7119=EDGE_CURVE('',#8130,#8064,#8682,.T.);
#7120=EDGE_CURVE('',#8119,#8130,#1425,.F.);
#7121=EDGE_CURVE('',#8063,#8106,#8683,.T.);
#7122=EDGE_CURVE('',#8130,#8106,#8684,.F.);
#7123=EDGE_CURVE('',#8062,#8107,#8685,.T.);
#7124=EDGE_CURVE('',#8112,#8131,#1426,.F.);
#7125=EDGE_CURVE('',#8131,#8132,#359,.T.);
#7126=EDGE_CURVE('',#8132,#8111,#1427,.T.);
#7127=EDGE_CURVE('',#8133,#8132,#360,.F.);
#7128=EDGE_CURVE('',#8134,#8131,#361,.F.);
#7129=EDGE_CURVE('',#8133,#8134,#362,.T.);
#7130=EDGE_CURVE('',#8135,#8131,#363,.T.);
#7131=EDGE_CURVE('',#8134,#8135,#364,.T.);
#7132=EDGE_CURVE('',#8135,#8113,#1428,.T.);
#7133=EDGE_CURVE('',#8122,#8135,#1429,.T.);
#7134=EDGE_CURVE('',#8133,#8123,#1430,.F.);
#7135=EDGE_CURVE('',#8136,#8111,#8686,.T.);
#7136=EDGE_CURVE('',#8136,#8133,#1431,.F.);
#7137=EDGE_CURVE('',#8137,#8108,#8687,.T.);
#7138=EDGE_CURVE('',#8137,#8136,#8688,.F.);
#7139=EDGE_CURVE('',#8138,#8109,#365,.T.);
#7140=EDGE_CURVE('',#8138,#8137,#1432,.F.);
#7141=EDGE_CURVE('',#8104,#8138,#366,.T.);
#7142=EDGE_CURVE('',#8130,#8103,#1433,.F.);
#7143=EDGE_CURVE('',#8103,#8127,#1434,.T.);
#7144=EDGE_CURVE('',#8126,#8138,#1435,.F.);
#7145=EDGE_CURVE('',#7875,#8073,#8689,.T.);
#7146=EDGE_CURVE('',#7876,#8072,#8690,.T.);
#7147=EDGE_CURVE('',#7535,#8071,#8691,.T.);
#7148=EDGE_CURVE('',#8070,#7536,#8692,.F.);
#7149=EDGE_CURVE('',#8139,#8080,#8693,.T.);
#7150=EDGE_CURVE('',#8140,#8139,#1436,.T.);
#7151=EDGE_CURVE('',#8140,#8094,#1437,.T.);
#7152=EDGE_CURVE('',#8096,#8141,#1438,.T.);
#7153=EDGE_CURVE('',#8142,#8141,#1439,.T.);
#7154=EDGE_CURVE('',#8142,#8143,#8694,.F.);
#7155=EDGE_CURVE('',#8083,#8143,#1440,.T.);
#7156=EDGE_CURVE('',#8077,#8141,#1441,.T.);
#7157=EDGE_CURVE('',#8095,#8144,#1442,.T.);
#7158=EDGE_CURVE('',#8144,#8145,#1443,.T.);
#7159=EDGE_CURVE('',#8078,#8145,#1444,.T.);
#7160=EDGE_CURVE('',#8056,#8146,#1445,.T.);
#7161=EDGE_CURVE('',#8146,#8144,#1446,.T.);
#7162=EDGE_CURVE('',#8140,#8057,#1447,.T.);
#7163=EDGE_CURVE('',#8055,#8147,#1448,.T.);
#7164=EDGE_CURVE('',#8147,#8148,#437,.F.);
#7165=EDGE_CURVE('',#8148,#8149,#1449,.T.);
#7166=EDGE_CURVE('',#8150,#8149,#1450,.T.);
#7167=EDGE_CURVE('',#8150,#8146,#1451,.T.);
#7168=EDGE_CURVE('',#8145,#8150,#1452,.T.);
#7169=EDGE_CURVE('',#8151,#8149,#1453,.T.);
#7170=EDGE_CURVE('',#8152,#8151,#438,.T.);
#7171=EDGE_CURVE('',#8079,#8152,#1454,.T.);
#7172=EDGE_CURVE('',#8142,#8075,#1455,.T.);
#7173=EDGE_CURVE('',#8139,#8054,#1456,.T.);
#7174=EDGE_CURVE('',#8153,#8143,#1457,.T.);
#7175=EDGE_CURVE('',#8154,#8153,#1458,.F.);
#7176=EDGE_CURVE('',#8081,#8154,#1459,.F.);
#7177=EDGE_CURVE('',#8076,#8155,#1460,.F.);
#7178=EDGE_CURVE('',#8155,#8153,#8695,.T.);
#7179=EDGE_CURVE('',#8156,#8155,#8696,.T.);
#7180=EDGE_CURVE('',#8156,#8153,#8697,.T.);
#7181=EDGE_CURVE('',#8151,#8156,#1461,.F.);
#7182=EDGE_CURVE('',#8155,#8152,#1462,.T.);
#7183=EDGE_CURVE('',#8147,#8157,#1463,.T.);
#7184=EDGE_CURVE('',#8157,#8158,#8698,.F.);
#7185=EDGE_CURVE('',#8158,#8148,#1464,.F.);
#7186=EDGE_CURVE('',#8154,#8157,#8699,.F.);
#7187=EDGE_CURVE('',#8154,#8158,#8700,.F.);
#7188=EDGE_CURVE('',#8156,#8158,#1465,.F.);
#7189=EDGE_CURVE('',#8157,#8053,#1466,.T.);
#7190=EDGE_CURVE('',#8093,#7527,#8701,.F.);
#7191=EDGE_CURVE('',#7727,#8070,#8702,.T.);
#7192=EDGE_CURVE('',#7875,#8088,#8703,.T.);
#7193=EDGE_CURVE('',#8073,#8088,#8704,.T.);
#7194=EDGE_CURVE('',#8084,#8092,#8705,.F.);
#7195=EDGE_CURVE('',#7883,#8052,#8706,.T.);
#7196=EDGE_CURVE('',#8048,#7528,#8707,.T.);
#7197=EDGE_CURVE('',#8049,#7527,#8708,.T.);
#7198=EDGE_CURVE('',#7884,#8051,#8709,.T.);
#7199=EDGE_CURVE('',#8049,#8093,#8710,.T.);
#7200=EDGE_CURVE('',#7969,#8051,#8711,.T.);
#7201=EDGE_CURVE('',#8050,#8092,#8712,.T.);
#7202=EDGE_CURVE('',#8084,#8050,#8713,.T.);
#7203=VERTEX_POINT('',#15672);
#7204=VERTEX_POINT('',#15673);
#7205=VERTEX_POINT('',#15675);
#7206=VERTEX_POINT('',#15677);
#7207=VERTEX_POINT('',#15681);
#7208=VERTEX_POINT('',#15682);
#7209=VERTEX_POINT('',#15684);
#7210=VERTEX_POINT('',#15686);
#7211=VERTEX_POINT('',#15690);
#7212=VERTEX_POINT('',#15691);
#7213=VERTEX_POINT('',#15693);
#7214=VERTEX_POINT('',#15695);
#7215=VERTEX_POINT('',#15699);
#7216=VERTEX_POINT('',#15700);
#7217=VERTEX_POINT('',#15702);
#7218=VERTEX_POINT('',#15704);
#7219=VERTEX_POINT('',#15706);
#7220=VERTEX_POINT('',#15711);
#7221=VERTEX_POINT('',#15718);
#7222=VERTEX_POINT('',#15719);
#7223=VERTEX_POINT('',#15729);
#7224=VERTEX_POINT('',#15734);
#7225=VERTEX_POINT('',#15741);
#7226=VERTEX_POINT('',#15742);
#7227=VERTEX_POINT('',#15745);
#7228=VERTEX_POINT('',#15750);
#7229=VERTEX_POINT('',#15754);
#7230=VERTEX_POINT('',#15755);
#7231=VERTEX_POINT('',#15766);
#7232=VERTEX_POINT('',#15767);
#7233=VERTEX_POINT('',#15770);
#7234=VERTEX_POINT('',#15772);
#7235=VERTEX_POINT('',#15774);
#7236=VERTEX_POINT('',#15776);
#7237=VERTEX_POINT('',#15778);
#7238=VERTEX_POINT('',#15780);
#7239=VERTEX_POINT('',#15782);
#7240=VERTEX_POINT('',#15784);
#7241=VERTEX_POINT('',#15788);
#7242=VERTEX_POINT('',#15789);
#7243=VERTEX_POINT('',#15791);
#7244=VERTEX_POINT('',#15793);
#7245=VERTEX_POINT('',#15795);
#7246=VERTEX_POINT('',#15797);
#7247=VERTEX_POINT('',#15799);
#7248=VERTEX_POINT('',#15801);
#7249=VERTEX_POINT('',#15803);
#7250=VERTEX_POINT('',#15805);
#7251=VERTEX_POINT('',#15809);
#7252=VERTEX_POINT('',#15810);
#7253=VERTEX_POINT('',#15812);
#7254=VERTEX_POINT('',#15814);
#7255=VERTEX_POINT('',#15816);
#7256=VERTEX_POINT('',#15818);
#7257=VERTEX_POINT('',#15820);
#7258=VERTEX_POINT('',#15822);
#7259=VERTEX_POINT('',#15824);
#7260=VERTEX_POINT('',#15826);
#7261=VERTEX_POINT('',#15830);
#7262=VERTEX_POINT('',#15831);
#7263=VERTEX_POINT('',#15833);
#7264=VERTEX_POINT('',#15835);
#7265=VERTEX_POINT('',#15839);
#7266=VERTEX_POINT('',#15840);
#7267=VERTEX_POINT('',#15845);
#7268=VERTEX_POINT('',#15846);
#7269=VERTEX_POINT('',#15854);
#7270=VERTEX_POINT('',#15856);
#7271=VERTEX_POINT('',#15860);
#7272=VERTEX_POINT('',#15862);
#7273=VERTEX_POINT('',#15866);
#7274=VERTEX_POINT('',#15867);
#7275=VERTEX_POINT('',#15872);
#7276=VERTEX_POINT('',#15874);
#7277=VERTEX_POINT('',#15876);
#7278=VERTEX_POINT('',#15884);
#7279=VERTEX_POINT('',#15885);
#7280=VERTEX_POINT('',#15893);
#7281=VERTEX_POINT('',#15894);
#7282=VERTEX_POINT('',#15899);
#7283=VERTEX_POINT('',#15901);
#7284=VERTEX_POINT('',#15903);
#7285=VERTEX_POINT('',#15910);
#7286=VERTEX_POINT('',#15916);
#7287=VERTEX_POINT('',#15920);
#7288=VERTEX_POINT('',#15931);
#7289=VERTEX_POINT('',#16110);
#7290=VERTEX_POINT('',#16111);
#7291=VERTEX_POINT('',#16113);
#7292=VERTEX_POINT('',#16115);
#7293=VERTEX_POINT('',#16117);
#7294=VERTEX_POINT('',#16121);
#7295=VERTEX_POINT('',#16122);
#7296=VERTEX_POINT('',#16124);
#7297=VERTEX_POINT('',#16126);
#7298=VERTEX_POINT('',#16128);
#7299=VERTEX_POINT('',#16131);
#7300=VERTEX_POINT('',#16132);
#7301=VERTEX_POINT('',#16134);
#7302=VERTEX_POINT('',#16136);
#7303=VERTEX_POINT('',#16138);
#7304=VERTEX_POINT('',#16140);
#7305=VERTEX_POINT('',#16142);
#7306=VERTEX_POINT('',#16144);
#7307=VERTEX_POINT('',#16146);
#7308=VERTEX_POINT('',#16148);
#7309=VERTEX_POINT('',#16151);
#7310=VERTEX_POINT('',#16152);
#7311=VERTEX_POINT('',#16154);
#7312=VERTEX_POINT('',#16156);
#7313=VERTEX_POINT('',#16158);
#7314=VERTEX_POINT('',#16160);
#7315=VERTEX_POINT('',#16162);
#7316=VERTEX_POINT('',#16165);
#7317=VERTEX_POINT('',#16166);
#7318=VERTEX_POINT('',#16168);
#7319=VERTEX_POINT('',#16170);
#7320=VERTEX_POINT('',#16172);
#7321=VERTEX_POINT('',#16176);
#7322=VERTEX_POINT('',#16177);
#7323=VERTEX_POINT('',#16179);
#7324=VERTEX_POINT('',#16181);
#7325=VERTEX_POINT('',#16185);
#7326=VERTEX_POINT('',#16186);
#7327=VERTEX_POINT('',#16189);
#7328=VERTEX_POINT('',#16191);
#7329=VERTEX_POINT('',#16193);
#7330=VERTEX_POINT('',#16195);
#7331=VERTEX_POINT('',#16197);
#7332=VERTEX_POINT('',#16199);
#7333=VERTEX_POINT('',#16203);
#7334=VERTEX_POINT('',#16204);
#7335=VERTEX_POINT('',#16207);
#7336=VERTEX_POINT('',#16209);
#7337=VERTEX_POINT('',#16211);
#7338=VERTEX_POINT('',#16213);
#7339=VERTEX_POINT('',#16215);
#7340=VERTEX_POINT('',#16217);
#7341=VERTEX_POINT('',#16221);
#7342=VERTEX_POINT('',#16222);
#7343=VERTEX_POINT('',#16224);
#7344=VERTEX_POINT('',#16226);
#7345=VERTEX_POINT('',#16230);
#7346=VERTEX_POINT('',#16231);
#7347=VERTEX_POINT('',#16233);
#7348=VERTEX_POINT('',#16235);
#7349=VERTEX_POINT('',#16239);
#7350=VERTEX_POINT('',#16241);
#7351=VERTEX_POINT('',#16243);
#7352=VERTEX_POINT('',#16245);
#7353=VERTEX_POINT('',#16247);
#7354=VERTEX_POINT('',#16249);
#7355=VERTEX_POINT('',#16251);
#7356=VERTEX_POINT('',#16253);
#7357=VERTEX_POINT('',#16255);
#7358=VERTEX_POINT('',#16257);
#7359=VERTEX_POINT('',#16259);
#7360=VERTEX_POINT('',#16261);
#7361=VERTEX_POINT('',#16263);
#7362=VERTEX_POINT('',#16265);
#7363=VERTEX_POINT('',#16267);
#7364=VERTEX_POINT('',#16269);
#7365=VERTEX_POINT('',#16271);
#7366=VERTEX_POINT('',#16273);
#7367=VERTEX_POINT('',#16275);
#7368=VERTEX_POINT('',#16277);
#7369=VERTEX_POINT('',#16279);
#7370=VERTEX_POINT('',#16281);
#7371=VERTEX_POINT('',#16284);
#7372=VERTEX_POINT('',#16286);
#7373=VERTEX_POINT('',#16288);
#7374=VERTEX_POINT('',#16290);
#7375=VERTEX_POINT('',#16296);
#7376=VERTEX_POINT('',#16298);
#7377=VERTEX_POINT('',#16300);
#7378=VERTEX_POINT('',#16302);
#7379=VERTEX_POINT('',#16304);
#7380=VERTEX_POINT('',#16306);
#7381=VERTEX_POINT('',#16308);
#7382=VERTEX_POINT('',#16310);
#7383=VERTEX_POINT('',#16312);
#7384=VERTEX_POINT('',#16314);
#7385=VERTEX_POINT('',#16316);
#7386=VERTEX_POINT('',#16318);
#7387=VERTEX_POINT('',#16320);
#7388=VERTEX_POINT('',#16322);
#7389=VERTEX_POINT('',#16324);
#7390=VERTEX_POINT('',#16326);
#7391=VERTEX_POINT('',#16328);
#7392=VERTEX_POINT('',#16330);
#7393=VERTEX_POINT('',#16332);
#7394=VERTEX_POINT('',#16334);
#7395=VERTEX_POINT('',#16336);
#7396=VERTEX_POINT('',#16338);
#7397=VERTEX_POINT('',#16341);
#7398=VERTEX_POINT('',#16343);
#7399=VERTEX_POINT('',#16345);
#7400=VERTEX_POINT('',#16347);
#7401=VERTEX_POINT('',#16352);
#7402=VERTEX_POINT('',#16354);
#7403=VERTEX_POINT('',#16356);
#7404=VERTEX_POINT('',#16381);
#7405=VERTEX_POINT('',#16383);
#7406=VERTEX_POINT('',#16387);
#7407=VERTEX_POINT('',#16391);
#7408=VERTEX_POINT('',#16395);
#7409=VERTEX_POINT('',#16413);
#7410=VERTEX_POINT('',#16420);
#7411=VERTEX_POINT('',#16421);
#7412=VERTEX_POINT('',#16426);
#7413=VERTEX_POINT('',#16433);
#7414=VERTEX_POINT('',#16435);
#7415=VERTEX_POINT('',#16437);
#7416=VERTEX_POINT('',#16439);
#7417=VERTEX_POINT('',#16446);
#7418=VERTEX_POINT('',#16448);
#7419=VERTEX_POINT('',#16452);
#7420=VERTEX_POINT('',#16457);
#7421=VERTEX_POINT('',#16461);
#7422=VERTEX_POINT('',#16465);
#7423=VERTEX_POINT('',#16469);
#7424=VERTEX_POINT('',#16471);
#7425=VERTEX_POINT('',#16473);
#7426=VERTEX_POINT('',#16478);
#7427=VERTEX_POINT('',#16483);
#7428=VERTEX_POINT('',#16487);
#7429=VERTEX_POINT('',#16494);
#7430=VERTEX_POINT('',#16512);
#7431=VERTEX_POINT('',#16516);
#7432=VERTEX_POINT('',#16520);
#7433=VERTEX_POINT('',#16524);
#7434=VERTEX_POINT('',#16542);
#7435=VERTEX_POINT('',#16548);
#7436=VERTEX_POINT('',#16550);
#7437=VERTEX_POINT('',#16562);
#7438=VERTEX_POINT('',#16572);
#7439=VERTEX_POINT('',#16577);
#7440=VERTEX_POINT('',#16584);
#7441=VERTEX_POINT('',#16589);
#7442=VERTEX_POINT('',#16599);
#7443=VERTEX_POINT('',#16612);
#7444=VERTEX_POINT('',#16616);
#7445=VERTEX_POINT('',#16623);
#7446=VERTEX_POINT('',#16646);
#7447=VERTEX_POINT('',#16648);
#7448=VERTEX_POINT('',#16652);
#7449=VERTEX_POINT('',#16654);
#7450=VERTEX_POINT('',#16656);
#7451=VERTEX_POINT('',#16661);
#7452=VERTEX_POINT('',#16663);
#7453=VERTEX_POINT('',#16667);
#7454=VERTEX_POINT('',#16672);
#7455=VERTEX_POINT('',#16676);
#7456=VERTEX_POINT('',#16678);
#7457=VERTEX_POINT('',#16680);
#7458=VERTEX_POINT('',#16684);
#7459=VERTEX_POINT('',#16686);
#7460=VERTEX_POINT('',#16694);
#7461=VERTEX_POINT('',#16696);
#7462=VERTEX_POINT('',#16700);
#7463=VERTEX_POINT('',#16704);
#7464=VERTEX_POINT('',#16711);
#7465=VERTEX_POINT('',#16713);
#7466=VERTEX_POINT('',#16757);
#7467=VERTEX_POINT('',#16759);
#7468=VERTEX_POINT('',#16761);
#7469=VERTEX_POINT('',#16763);
#7470=VERTEX_POINT('',#16765);
#7471=VERTEX_POINT('',#16767);
#7472=VERTEX_POINT('',#16769);
#7473=VERTEX_POINT('',#16771);
#7474=VERTEX_POINT('',#16773);
#7475=VERTEX_POINT('',#16775);
#7476=VERTEX_POINT('',#16779);
#7477=VERTEX_POINT('',#16781);
#7478=VERTEX_POINT('',#16783);
#7479=VERTEX_POINT('',#16785);
#7480=VERTEX_POINT('',#16787);
#7481=VERTEX_POINT('',#16789);
#7482=VERTEX_POINT('',#16791);
#7483=VERTEX_POINT('',#16793);
#7484=VERTEX_POINT('',#16795);
#7485=VERTEX_POINT('',#16797);
#7486=VERTEX_POINT('',#16809);
#7487=VERTEX_POINT('',#16814);
#7488=VERTEX_POINT('',#16829);
#7489=VERTEX_POINT('',#16833);
#7490=VERTEX_POINT('',#16834);
#7491=VERTEX_POINT('',#16836);
#7492=VERTEX_POINT('',#16838);
#7493=VERTEX_POINT('',#16840);
#7494=VERTEX_POINT('',#16842);
#7495=VERTEX_POINT('',#16844);
#7496=VERTEX_POINT('',#16846);
#7497=VERTEX_POINT('',#16848);
#7498=VERTEX_POINT('',#16850);
#7499=VERTEX_POINT('',#16852);
#7500=VERTEX_POINT('',#16854);
#7501=VERTEX_POINT('',#16858);
#7502=VERTEX_POINT('',#16859);
#7503=VERTEX_POINT('',#16862);
#7504=VERTEX_POINT('',#16866);
#7505=VERTEX_POINT('',#16868);
#7506=VERTEX_POINT('',#16870);
#7507=VERTEX_POINT('',#16874);
#7508=VERTEX_POINT('',#16875);
#7509=VERTEX_POINT('',#16878);
#7510=VERTEX_POINT('',#16882);
#7511=VERTEX_POINT('',#16884);
#7512=VERTEX_POINT('',#16886);
#7513=VERTEX_POINT('',#16890);
#7514=VERTEX_POINT('',#16894);
#7515=VERTEX_POINT('',#16898);
#7516=VERTEX_POINT('',#16904);
#7517=VERTEX_POINT('',#16910);
#7518=VERTEX_POINT('',#16912);
#7519=VERTEX_POINT('',#16914);
#7520=VERTEX_POINT('',#16916);
#7521=VERTEX_POINT('',#16918);
#7522=VERTEX_POINT('',#16920);
#7523=VERTEX_POINT('',#16922);
#7524=VERTEX_POINT('',#16924);
#7525=VERTEX_POINT('',#16926);
#7526=VERTEX_POINT('',#16928);
#7527=VERTEX_POINT('',#16931);
#7528=VERTEX_POINT('',#16933);
#7529=VERTEX_POINT('',#16935);
#7530=VERTEX_POINT('',#16937);
#7531=VERTEX_POINT('',#16939);
#7532=VERTEX_POINT('',#16941);
#7533=VERTEX_POINT('',#16943);
#7534=VERTEX_POINT('',#16945);
#7535=VERTEX_POINT('',#16947);
#7536=VERTEX_POINT('',#16949);
#7537=VERTEX_POINT('',#16953);
#7538=VERTEX_POINT('',#16957);
#7539=VERTEX_POINT('',#16958);
#7540=VERTEX_POINT('',#16960);
#7541=VERTEX_POINT('',#16962);
#7542=VERTEX_POINT('',#16966);
#7543=VERTEX_POINT('',#16967);
#7544=VERTEX_POINT('',#16969);
#7545=VERTEX_POINT('',#16974);
#7546=VERTEX_POINT('',#16976);
#7547=VERTEX_POINT('',#16978);
#7548=VERTEX_POINT('',#16985);
#7549=VERTEX_POINT('',#16986);
#7550=VERTEX_POINT('',#16988);
#7551=VERTEX_POINT('',#16993);
#7552=VERTEX_POINT('',#17008);
#7553=VERTEX_POINT('',#17009);
#7554=VERTEX_POINT('',#17011);
#7555=VERTEX_POINT('',#17016);
#7556=VERTEX_POINT('',#17021);
#7557=VERTEX_POINT('',#17022);
#7558=VERTEX_POINT('',#17033);
#7559=VERTEX_POINT('',#17034);
#7560=VERTEX_POINT('',#17036);
#7561=VERTEX_POINT('',#17038);
#7562=VERTEX_POINT('',#17040);
#7563=VERTEX_POINT('',#17042);
#7564=VERTEX_POINT('',#17044);
#7565=VERTEX_POINT('',#17046);
#7566=VERTEX_POINT('',#17048);
#7567=VERTEX_POINT('',#17050);
#7568=VERTEX_POINT('',#17055);
#7569=VERTEX_POINT('',#17056);
#7570=VERTEX_POINT('',#17058);
#7571=VERTEX_POINT('',#17060);
#7572=VERTEX_POINT('',#17062);
#7573=VERTEX_POINT('',#17064);
#7574=VERTEX_POINT('',#17066);
#7575=VERTEX_POINT('',#17068);
#7576=VERTEX_POINT('',#17070);
#7577=VERTEX_POINT('',#17072);
#7578=VERTEX_POINT('',#17076);
#7579=VERTEX_POINT('',#17077);
#7580=VERTEX_POINT('',#17079);
#7581=VERTEX_POINT('',#17081);
#7582=VERTEX_POINT('',#17083);
#7583=VERTEX_POINT('',#17085);
#7584=VERTEX_POINT('',#17087);
#7585=VERTEX_POINT('',#17089);
#7586=VERTEX_POINT('',#17091);
#7587=VERTEX_POINT('',#17093);
#7588=VERTEX_POINT('',#17097);
#7589=VERTEX_POINT('',#17098);
#7590=VERTEX_POINT('',#17100);
#7591=VERTEX_POINT('',#17102);
#7592=VERTEX_POINT('',#17106);
#7593=VERTEX_POINT('',#17107);
#7594=VERTEX_POINT('',#17112);
#7595=VERTEX_POINT('',#17113);
#7596=VERTEX_POINT('',#17121);
#7597=VERTEX_POINT('',#17123);
#7598=VERTEX_POINT('',#17127);
#7599=VERTEX_POINT('',#17129);
#7600=VERTEX_POINT('',#17133);
#7601=VERTEX_POINT('',#17134);
#7602=VERTEX_POINT('',#17136);
#7603=VERTEX_POINT('',#17138);
#7604=VERTEX_POINT('',#17140);
#7605=VERTEX_POINT('',#17148);
#7606=VERTEX_POINT('',#17149);
#7607=VERTEX_POINT('',#17157);
#7608=VERTEX_POINT('',#17158);
#7609=VERTEX_POINT('',#17160);
#7610=VERTEX_POINT('',#17162);
#7611=VERTEX_POINT('',#17164);
#7612=VERTEX_POINT('',#17171);
#7613=VERTEX_POINT('',#17177);
#7614=VERTEX_POINT('',#17188);
#7615=VERTEX_POINT('',#17195);
#7616=VERTEX_POINT('',#17374);
#7617=VERTEX_POINT('',#17375);
#7618=VERTEX_POINT('',#17377);
#7619=VERTEX_POINT('',#17379);
#7620=VERTEX_POINT('',#17381);
#7621=VERTEX_POINT('',#17385);
#7622=VERTEX_POINT('',#17386);
#7623=VERTEX_POINT('',#17388);
#7624=VERTEX_POINT('',#17390);
#7625=VERTEX_POINT('',#17392);
#7626=VERTEX_POINT('',#17395);
#7627=VERTEX_POINT('',#17396);
#7628=VERTEX_POINT('',#17398);
#7629=VERTEX_POINT('',#17400);
#7630=VERTEX_POINT('',#17402);
#7631=VERTEX_POINT('',#17404);
#7632=VERTEX_POINT('',#17406);
#7633=VERTEX_POINT('',#17408);
#7634=VERTEX_POINT('',#17410);
#7635=VERTEX_POINT('',#17412);
#7636=VERTEX_POINT('',#17415);
#7637=VERTEX_POINT('',#17416);
#7638=VERTEX_POINT('',#17418);
#7639=VERTEX_POINT('',#17420);
#7640=VERTEX_POINT('',#17422);
#7641=VERTEX_POINT('',#17424);
#7642=VERTEX_POINT('',#17426);
#7643=VERTEX_POINT('',#17429);
#7644=VERTEX_POINT('',#17430);
#7645=VERTEX_POINT('',#17432);
#7646=VERTEX_POINT('',#17434);
#7647=VERTEX_POINT('',#17436);
#7648=VERTEX_POINT('',#17440);
#7649=VERTEX_POINT('',#17441);
#7650=VERTEX_POINT('',#17443);
#7651=VERTEX_POINT('',#17445);
#7652=VERTEX_POINT('',#17449);
#7653=VERTEX_POINT('',#17451);
#7654=VERTEX_POINT('',#17453);
#7655=VERTEX_POINT('',#17455);
#7656=VERTEX_POINT('',#17457);
#7657=VERTEX_POINT('',#17461);
#7658=VERTEX_POINT('',#17463);
#7659=VERTEX_POINT('',#17465);
#7660=VERTEX_POINT('',#17467);
#7661=VERTEX_POINT('',#17469);
#7662=VERTEX_POINT('',#17479);
#7663=VERTEX_POINT('',#17481);
#7664=VERTEX_POINT('',#17483);
#7665=VERTEX_POINT('',#17509);
#7666=VERTEX_POINT('',#17511);
#7667=VERTEX_POINT('',#17515);
#7668=VERTEX_POINT('',#17519);
#7669=VERTEX_POINT('',#17523);
#7670=VERTEX_POINT('',#17541);
#7671=VERTEX_POINT('',#17548);
#7672=VERTEX_POINT('',#17549);
#7673=VERTEX_POINT('',#17554);
#7674=VERTEX_POINT('',#17561);
#7675=VERTEX_POINT('',#17563);
#7676=VERTEX_POINT('',#17565);
#7677=VERTEX_POINT('',#17567);
#7678=VERTEX_POINT('',#17571);
#7679=VERTEX_POINT('',#17573);
#7680=VERTEX_POINT('',#17577);
#7681=VERTEX_POINT('',#17582);
#7682=VERTEX_POINT('',#17586);
#7683=VERTEX_POINT('',#17590);
#7684=VERTEX_POINT('',#17594);
#7685=VERTEX_POINT('',#17596);
#7686=VERTEX_POINT('',#17598);
#7687=VERTEX_POINT('',#17603);
#7688=VERTEX_POINT('',#17608);
#7689=VERTEX_POINT('',#17612);
#7690=VERTEX_POINT('',#17619);
#7691=VERTEX_POINT('',#17637);
#7692=VERTEX_POINT('',#17641);
#7693=VERTEX_POINT('',#17645);
#7694=VERTEX_POINT('',#17649);
#7695=VERTEX_POINT('',#17667);
#7696=VERTEX_POINT('',#17673);
#7697=VERTEX_POINT('',#17675);
#7698=VERTEX_POINT('',#17687);
#7699=VERTEX_POINT('',#17697);
#7700=VERTEX_POINT('',#17702);
#7701=VERTEX_POINT('',#17709);
#7702=VERTEX_POINT('',#17714);
#7703=VERTEX_POINT('',#17724);
#7704=VERTEX_POINT('',#17737);
#7705=VERTEX_POINT('',#17741);
#7706=VERTEX_POINT('',#17745);
#7707=VERTEX_POINT('',#17776);
#7708=VERTEX_POINT('',#17778);
#7709=VERTEX_POINT('',#17782);
#7710=VERTEX_POINT('',#17784);
#7711=VERTEX_POINT('',#17786);
#7712=VERTEX_POINT('',#17790);
#7713=VERTEX_POINT('',#17792);
#7714=VERTEX_POINT('',#17797);
#7715=VERTEX_POINT('',#17802);
#7716=VERTEX_POINT('',#17806);
#7717=VERTEX_POINT('',#17808);
#7718=VERTEX_POINT('',#17810);
#7719=VERTEX_POINT('',#17814);
#7720=VERTEX_POINT('',#17816);
#7721=VERTEX_POINT('',#17824);
#7722=VERTEX_POINT('',#17826);
#7723=VERTEX_POINT('',#17830);
#7724=VERTEX_POINT('',#17834);
#7725=VERTEX_POINT('',#17841);
#7726=VERTEX_POINT('',#17843);
#7727=VERTEX_POINT('',#17885);
#7728=VERTEX_POINT('',#17889);
#7729=VERTEX_POINT('',#17890);
#7730=VERTEX_POINT('',#17892);
#7731=VERTEX_POINT('',#17894);
#7732=VERTEX_POINT('',#17898);
#7733=VERTEX_POINT('',#17900);
#7734=VERTEX_POINT('',#17904);
#7735=VERTEX_POINT('',#17905);
#7736=VERTEX_POINT('',#17907);
#7737=VERTEX_POINT('',#17909);
#7738=VERTEX_POINT('',#17916);
#7739=VERTEX_POINT('',#17917);
#7740=VERTEX_POINT('',#17919);
#7741=VERTEX_POINT('',#17924);
#7742=VERTEX_POINT('',#17926);
#7743=VERTEX_POINT('',#17928);
#7744=VERTEX_POINT('',#17935);
#7745=VERTEX_POINT('',#17936);
#7746=VERTEX_POINT('',#17938);
#7747=VERTEX_POINT('',#17943);
#7748=VERTEX_POINT('',#17958);
#7749=VERTEX_POINT('',#17959);
#7750=VERTEX_POINT('',#17961);
#7751=VERTEX_POINT('',#17966);
#7752=VERTEX_POINT('',#17971);
#7753=VERTEX_POINT('',#17972);
#7754=VERTEX_POINT('',#17983);
#7755=VERTEX_POINT('',#17984);
#7756=VERTEX_POINT('',#17986);
#7757=VERTEX_POINT('',#17988);
#7758=VERTEX_POINT('',#17990);
#7759=VERTEX_POINT('',#17992);
#7760=VERTEX_POINT('',#17994);
#7761=VERTEX_POINT('',#17996);
#7762=VERTEX_POINT('',#17998);
#7763=VERTEX_POINT('',#18000);
#7764=VERTEX_POINT('',#18005);
#7765=VERTEX_POINT('',#18006);
#7766=VERTEX_POINT('',#18008);
#7767=VERTEX_POINT('',#18010);
#7768=VERTEX_POINT('',#18012);
#7769=VERTEX_POINT('',#18014);
#7770=VERTEX_POINT('',#18016);
#7771=VERTEX_POINT('',#18018);
#7772=VERTEX_POINT('',#18020);
#7773=VERTEX_POINT('',#18022);
#7774=VERTEX_POINT('',#18026);
#7775=VERTEX_POINT('',#18027);
#7776=VERTEX_POINT('',#18029);
#7777=VERTEX_POINT('',#18031);
#7778=VERTEX_POINT('',#18033);
#7779=VERTEX_POINT('',#18035);
#7780=VERTEX_POINT('',#18037);
#7781=VERTEX_POINT('',#18039);
#7782=VERTEX_POINT('',#18041);
#7783=VERTEX_POINT('',#18043);
#7784=VERTEX_POINT('',#18047);
#7785=VERTEX_POINT('',#18048);
#7786=VERTEX_POINT('',#18050);
#7787=VERTEX_POINT('',#18052);
#7788=VERTEX_POINT('',#18056);
#7789=VERTEX_POINT('',#18057);
#7790=VERTEX_POINT('',#18062);
#7791=VERTEX_POINT('',#18063);
#7792=VERTEX_POINT('',#18071);
#7793=VERTEX_POINT('',#18073);
#7794=VERTEX_POINT('',#18077);
#7795=VERTEX_POINT('',#18079);
#7796=VERTEX_POINT('',#18083);
#7797=VERTEX_POINT('',#18084);
#7798=VERTEX_POINT('',#18086);
#7799=VERTEX_POINT('',#18088);
#7800=VERTEX_POINT('',#18090);
#7801=VERTEX_POINT('',#18101);
#7802=VERTEX_POINT('',#18102);
#7803=VERTEX_POINT('',#18110);
#7804=VERTEX_POINT('',#18111);
#7805=VERTEX_POINT('',#18113);
#7806=VERTEX_POINT('',#18115);
#7807=VERTEX_POINT('',#18117);
#7808=VERTEX_POINT('',#18124);
#7809=VERTEX_POINT('',#18130);
#7810=VERTEX_POINT('',#18141);
#7811=VERTEX_POINT('',#18151);
#7812=VERTEX_POINT('',#18322);
#7813=VERTEX_POINT('',#18323);
#7814=VERTEX_POINT('',#18325);
#7815=VERTEX_POINT('',#18327);
#7816=VERTEX_POINT('',#18329);
#7817=VERTEX_POINT('',#18333);
#7818=VERTEX_POINT('',#18334);
#7819=VERTEX_POINT('',#18336);
#7820=VERTEX_POINT('',#18338);
#7821=VERTEX_POINT('',#18340);
#7822=VERTEX_POINT('',#18343);
#7823=VERTEX_POINT('',#18344);
#7824=VERTEX_POINT('',#18346);
#7825=VERTEX_POINT('',#18348);
#7826=VERTEX_POINT('',#18350);
#7827=VERTEX_POINT('',#18352);
#7828=VERTEX_POINT('',#18354);
#7829=VERTEX_POINT('',#18356);
#7830=VERTEX_POINT('',#18358);
#7831=VERTEX_POINT('',#18360);
#7832=VERTEX_POINT('',#18363);
#7833=VERTEX_POINT('',#18364);
#7834=VERTEX_POINT('',#18366);
#7835=VERTEX_POINT('',#18368);
#7836=VERTEX_POINT('',#18370);
#7837=VERTEX_POINT('',#18372);
#7838=VERTEX_POINT('',#18374);
#7839=VERTEX_POINT('',#18377);
#7840=VERTEX_POINT('',#18378);
#7841=VERTEX_POINT('',#18380);
#7842=VERTEX_POINT('',#18382);
#7843=VERTEX_POINT('',#18384);
#7844=VERTEX_POINT('',#18388);
#7845=VERTEX_POINT('',#18389);
#7846=VERTEX_POINT('',#18391);
#7847=VERTEX_POINT('',#18393);
#7848=VERTEX_POINT('',#18397);
#7849=VERTEX_POINT('',#18398);
#7850=VERTEX_POINT('',#18401);
#7851=VERTEX_POINT('',#18403);
#7852=VERTEX_POINT('',#18405);
#7853=VERTEX_POINT('',#18407);
#7854=VERTEX_POINT('',#18409);
#7855=VERTEX_POINT('',#18411);
#7856=VERTEX_POINT('',#18416);
#7857=VERTEX_POINT('',#18418);
#7858=VERTEX_POINT('',#18420);
#7859=VERTEX_POINT('',#18422);
#7860=VERTEX_POINT('',#18424);
#7861=VERTEX_POINT('',#18426);
#7862=VERTEX_POINT('',#18430);
#7863=VERTEX_POINT('',#18431);
#7864=VERTEX_POINT('',#18436);
#7865=VERTEX_POINT('',#18438);
#7866=VERTEX_POINT('',#18442);
#7867=VERTEX_POINT('',#18444);
#7868=VERTEX_POINT('',#18446);
#7869=VERTEX_POINT('',#18448);
#7870=VERTEX_POINT('',#18452);
#7871=VERTEX_POINT('',#18454);
#7872=VERTEX_POINT('',#18456);
#7873=VERTEX_POINT('',#18458);
#7874=VERTEX_POINT('',#18460);
#7875=VERTEX_POINT('',#18462);
#7876=VERTEX_POINT('',#18464);
#7877=VERTEX_POINT('',#18466);
#7878=VERTEX_POINT('',#18468);
#7879=VERTEX_POINT('',#18470);
#7880=VERTEX_POINT('',#18472);
#7881=VERTEX_POINT('',#18474);
#7882=VERTEX_POINT('',#18476);
#7883=VERTEX_POINT('',#18478);
#7884=VERTEX_POINT('',#18480);
#7885=VERTEX_POINT('',#18482);
#7886=VERTEX_POINT('',#18484);
#7887=VERTEX_POINT('',#18486);
#7888=VERTEX_POINT('',#18488);
#7889=VERTEX_POINT('',#18490);
#7890=VERTEX_POINT('',#18492);
#7891=VERTEX_POINT('',#18494);
#7892=VERTEX_POINT('',#18498);
#7893=VERTEX_POINT('',#18500);
#7894=VERTEX_POINT('',#18502);
#7895=VERTEX_POINT('',#18528);
#7896=VERTEX_POINT('',#18530);
#7897=VERTEX_POINT('',#18534);
#7898=VERTEX_POINT('',#18538);
#7899=VERTEX_POINT('',#18542);
#7900=VERTEX_POINT('',#18560);
#7901=VERTEX_POINT('',#18567);
#7902=VERTEX_POINT('',#18568);
#7903=VERTEX_POINT('',#18573);
#7904=VERTEX_POINT('',#18580);
#7905=VERTEX_POINT('',#18585);
#7906=VERTEX_POINT('',#18587);
#7907=VERTEX_POINT('',#18589);
#7908=VERTEX_POINT('',#18593);
#7909=VERTEX_POINT('',#18595);
#7910=VERTEX_POINT('',#18599);
#7911=VERTEX_POINT('',#18604);
#7912=VERTEX_POINT('',#18608);
#7913=VERTEX_POINT('',#18612);
#7914=VERTEX_POINT('',#18616);
#7915=VERTEX_POINT('',#18618);
#7916=VERTEX_POINT('',#18620);
#7917=VERTEX_POINT('',#18625);
#7918=VERTEX_POINT('',#18630);
#7919=VERTEX_POINT('',#18634);
#7920=VERTEX_POINT('',#18641);
#7921=VERTEX_POINT('',#18659);
#7922=VERTEX_POINT('',#18663);
#7923=VERTEX_POINT('',#18667);
#7924=VERTEX_POINT('',#18671);
#7925=VERTEX_POINT('',#18689);
#7926=VERTEX_POINT('',#18695);
#7927=VERTEX_POINT('',#18697);
#7928=VERTEX_POINT('',#18709);
#7929=VERTEX_POINT('',#18719);
#7930=VERTEX_POINT('',#18724);
#7931=VERTEX_POINT('',#18746);
#7932=VERTEX_POINT('',#18751);
#7933=VERTEX_POINT('',#18761);
#7934=VERTEX_POINT('',#18774);
#7935=VERTEX_POINT('',#18778);
#7936=VERTEX_POINT('',#18785);
#7937=VERTEX_POINT('',#18808);
#7938=VERTEX_POINT('',#18810);
#7939=VERTEX_POINT('',#18814);
#7940=VERTEX_POINT('',#18816);
#7941=VERTEX_POINT('',#18818);
#7942=VERTEX_POINT('',#18822);
#7943=VERTEX_POINT('',#18824);
#7944=VERTEX_POINT('',#18829);
#7945=VERTEX_POINT('',#18834);
#7946=VERTEX_POINT('',#18838);
#7947=VERTEX_POINT('',#18840);
#7948=VERTEX_POINT('',#18842);
#7949=VERTEX_POINT('',#18846);
#7950=VERTEX_POINT('',#18848);
#7951=VERTEX_POINT('',#18856);
#7952=VERTEX_POINT('',#18858);
#7953=VERTEX_POINT('',#18862);
#7954=VERTEX_POINT('',#18866);
#7955=VERTEX_POINT('',#18873);
#7956=VERTEX_POINT('',#18875);
#7957=VERTEX_POINT('',#18933);
#7958=VERTEX_POINT('',#18935);
#7959=VERTEX_POINT('',#18937);
#7960=VERTEX_POINT('',#18939);
#7961=VERTEX_POINT('',#18941);
#7962=VERTEX_POINT('',#18943);
#7963=VERTEX_POINT('',#18945);
#7964=VERTEX_POINT('',#18947);
#7965=VERTEX_POINT('',#18949);
#7966=VERTEX_POINT('',#18951);
#7967=VERTEX_POINT('',#18959);
#7968=VERTEX_POINT('',#18964);
#7969=VERTEX_POINT('',#18979);
#7970=VERTEX_POINT('',#18983);
#7971=VERTEX_POINT('',#18984);
#7972=VERTEX_POINT('',#18986);
#7973=VERTEX_POINT('',#18988);
#7974=VERTEX_POINT('',#18995);
#7975=VERTEX_POINT('',#18996);
#7976=VERTEX_POINT('',#18998);
#7977=VERTEX_POINT('',#19000);
#7978=VERTEX_POINT('',#19002);
#7979=VERTEX_POINT('',#19007);
#7980=VERTEX_POINT('',#19014);
#7981=VERTEX_POINT('',#19015);
#7982=VERTEX_POINT('',#19024);
#7983=VERTEX_POINT('',#19029);
#7984=VERTEX_POINT('',#19036);
#7985=VERTEX_POINT('',#19037);
#7986=VERTEX_POINT('',#19040);
#7987=VERTEX_POINT('',#19045);
#7988=VERTEX_POINT('',#19049);
#7989=VERTEX_POINT('',#19050);
#7990=VERTEX_POINT('',#19061);
#7991=VERTEX_POINT('',#19062);
#7992=VERTEX_POINT('',#19065);
#7993=VERTEX_POINT('',#19067);
#7994=VERTEX_POINT('',#19069);
#7995=VERTEX_POINT('',#19071);
#7996=VERTEX_POINT('',#19073);
#7997=VERTEX_POINT('',#19075);
#7998=VERTEX_POINT('',#19077);
#7999=VERTEX_POINT('',#19079);
#8000=VERTEX_POINT('',#19083);
#8001=VERTEX_POINT('',#19084);
#8002=VERTEX_POINT('',#19086);
#8003=VERTEX_POINT('',#19088);
#8004=VERTEX_POINT('',#19090);
#8005=VERTEX_POINT('',#19092);
#8006=VERTEX_POINT('',#19094);
#8007=VERTEX_POINT('',#19096);
#8008=VERTEX_POINT('',#19098);
#8009=VERTEX_POINT('',#19100);
#8010=VERTEX_POINT('',#19104);
#8011=VERTEX_POINT('',#19105);
#8012=VERTEX_POINT('',#19107);
#8013=VERTEX_POINT('',#19109);
#8014=VERTEX_POINT('',#19111);
#8015=VERTEX_POINT('',#19113);
#8016=VERTEX_POINT('',#19115);
#8017=VERTEX_POINT('',#19117);
#8018=VERTEX_POINT('',#19119);
#8019=VERTEX_POINT('',#19121);
#8020=VERTEX_POINT('',#19125);
#8021=VERTEX_POINT('',#19126);
#8022=VERTEX_POINT('',#19128);
#8023=VERTEX_POINT('',#19130);
#8024=VERTEX_POINT('',#19134);
#8025=VERTEX_POINT('',#19135);
#8026=VERTEX_POINT('',#19140);
#8027=VERTEX_POINT('',#19141);
#8028=VERTEX_POINT('',#19149);
#8029=VERTEX_POINT('',#19151);
#8030=VERTEX_POINT('',#19155);
#8031=VERTEX_POINT('',#19157);
#8032=VERTEX_POINT('',#19161);
#8033=VERTEX_POINT('',#19162);
#8034=VERTEX_POINT('',#19164);
#8035=VERTEX_POINT('',#19166);
#8036=VERTEX_POINT('',#19168);
#8037=VERTEX_POINT('',#19176);
#8038=VERTEX_POINT('',#19177);
#8039=VERTEX_POINT('',#19185);
#8040=VERTEX_POINT('',#19186);
#8041=VERTEX_POINT('',#19191);
#8042=VERTEX_POINT('',#19193);
#8043=VERTEX_POINT('',#19195);
#8044=VERTEX_POINT('',#19202);
#8045=VERTEX_POINT('',#19208);
#8046=VERTEX_POINT('',#19215);
#8047=VERTEX_POINT('',#19226);
#8048=VERTEX_POINT('',#19408);
#8049=VERTEX_POINT('',#19409);
#8050=VERTEX_POINT('',#19411);
#8051=VERTEX_POINT('',#19413);
#8052=VERTEX_POINT('',#19415);
#8053=VERTEX_POINT('',#19419);
#8054=VERTEX_POINT('',#19420);
#8055=VERTEX_POINT('',#19422);
#8056=VERTEX_POINT('',#19424);
#8057=VERTEX_POINT('',#19426);
#8058=VERTEX_POINT('',#19429);
#8059=VERTEX_POINT('',#19430);
#8060=VERTEX_POINT('',#19432);
#8061=VERTEX_POINT('',#19434);
#8062=VERTEX_POINT('',#19436);
#8063=VERTEX_POINT('',#19438);
#8064=VERTEX_POINT('',#19440);
#8065=VERTEX_POINT('',#19442);
#8066=VERTEX_POINT('',#19444);
#8067=VERTEX_POINT('',#19446);
#8068=VERTEX_POINT('',#19449);
#8069=VERTEX_POINT('',#19450);
#8070=VERTEX_POINT('',#19452);
#8071=VERTEX_POINT('',#19454);
#8072=VERTEX_POINT('',#19456);
#8073=VERTEX_POINT('',#19458);
#8074=VERTEX_POINT('',#19460);
#8075=VERTEX_POINT('',#19463);
#8076=VERTEX_POINT('',#19464);
#8077=VERTEX_POINT('',#19466);
#8078=VERTEX_POINT('',#19468);
#8079=VERTEX_POINT('',#19470);
#8080=VERTEX_POINT('',#19474);
#8081=VERTEX_POINT('',#19475);
#8082=VERTEX_POINT('',#19477);
#8083=VERTEX_POINT('',#19479);
#8084=VERTEX_POINT('',#19483);
#8085=VERTEX_POINT('',#19485);
#8086=VERTEX_POINT('',#19487);
#8087=VERTEX_POINT('',#19489);
#8088=VERTEX_POINT('',#19491);
#8089=VERTEX_POINT('',#19495);
#8090=VERTEX_POINT('',#19497);
#8091=VERTEX_POINT('',#19499);
#8092=VERTEX_POINT('',#19501);
#8093=VERTEX_POINT('',#19503);
#8094=VERTEX_POINT('',#19514);
#8095=VERTEX_POINT('',#19516);
#8096=VERTEX_POINT('',#19518);
#8097=VERTEX_POINT('',#19543);
#8098=VERTEX_POINT('',#19545);
#8099=VERTEX_POINT('',#19549);
#8100=VERTEX_POINT('',#19553);
#8101=VERTEX_POINT('',#19557);
#8102=VERTEX_POINT('',#19575);
#8103=VERTEX_POINT('',#19582);
#8104=VERTEX_POINT('',#19583);
#8105=VERTEX_POINT('',#19588);
#8106=VERTEX_POINT('',#19595);
#8107=VERTEX_POINT('',#19597);
#8108=VERTEX_POINT('',#19599);
#8109=VERTEX_POINT('',#19601);
#8110=VERTEX_POINT('',#19608);
#8111=VERTEX_POINT('',#19610);
#8112=VERTEX_POINT('',#19614);
#8113=VERTEX_POINT('',#19619);
#8114=VERTEX_POINT('',#19623);
#8115=VERTEX_POINT('',#19627);
#8116=VERTEX_POINT('',#19631);
#8117=VERTEX_POINT('',#19633);
#8118=VERTEX_POINT('',#19635);
#8119=VERTEX_POINT('',#19640);
#8120=VERTEX_POINT('',#19645);
#8121=VERTEX_POINT('',#19649);
#8122=VERTEX_POINT('',#19656);
#8123=VERTEX_POINT('',#19674);
#8124=VERTEX_POINT('',#19678);
#8125=VERTEX_POINT('',#19682);
#8126=VERTEX_POINT('',#19686);
#8127=VERTEX_POINT('',#19704);
#8128=VERTEX_POINT('',#19710);
#8129=VERTEX_POINT('',#19712);
#8130=VERTEX_POINT('',#19724);
#8131=VERTEX_POINT('',#19734);
#8132=VERTEX_POINT('',#19739);
#8133=VERTEX_POINT('',#19746);
#8134=VERTEX_POINT('',#19751);
#8135=VERTEX_POINT('',#19761);
#8136=VERTEX_POINT('',#19774);
#8137=VERTEX_POINT('',#19778);
#8138=VERTEX_POINT('',#19785);
#8139=VERTEX_POINT('',#19808);
#8140=VERTEX_POINT('',#19810);
#8141=VERTEX_POINT('',#19814);
#8142=VERTEX_POINT('',#19816);
#8143=VERTEX_POINT('',#19818);
#8144=VERTEX_POINT('',#19823);
#8145=VERTEX_POINT('',#19825);
#8146=VERTEX_POINT('',#19829);
#8147=VERTEX_POINT('',#19834);
#8148=VERTEX_POINT('',#19836);
#8149=VERTEX_POINT('',#19838);
#8150=VERTEX_POINT('',#19840);
#8151=VERTEX_POINT('',#19845);
#8152=VERTEX_POINT('',#19847);
#8153=VERTEX_POINT('',#19856);
#8154=VERTEX_POINT('',#19858);
#8155=VERTEX_POINT('',#19862);
#8156=VERTEX_POINT('',#19866);
#8157=VERTEX_POINT('',#19873);
#8158=VERTEX_POINT('',#19875);
#8159=CIRCLE('',#11054,0.0005);
#8160=CIRCLE('',#11055,0.0005);
#8161=CIRCLE('',#11057,0.0005);
#8162=CIRCLE('',#11058,0.0005);
#8163=CIRCLE('',#11060,0.000512132034356031);
#8164=CIRCLE('',#11061,0.000512132034356031);
#8165=CIRCLE('',#11068,0.0008);
#8166=CIRCLE('',#11069,0.0008);
#8167=CIRCLE('',#11070,0.0009);
#8168=CIRCLE('',#11071,0.000562132034356031);
#8169=CIRCLE('',#11072,0.0009);
#8170=CIRCLE('',#11074,0.0004);
#8171=CIRCLE('',#11075,0.0004);
#8172=CIRCLE('',#11078,0.0004);
#8173=CIRCLE('',#11080,0.0004);
#8174=CIRCLE('',#11083,0.0005);
#8175=CIRCLE('',#11084,0.0005);
#8176=CIRCLE('',#11087,0.0005);
#8177=CIRCLE('',#11088,0.0005);
#8178=CIRCLE('',#11093,0.0009);
#8179=CIRCLE('',#11096,0.0009);
#8180=CIRCLE('',#11099,0.001);
#8181=CIRCLE('',#11101,0.001);
#8182=CIRCLE('',#11104,5.E-5);
#8183=CIRCLE('',#11106,5.E-5);
#8184=CIRCLE('',#11110,0.0001);
#8185=CIRCLE('',#11111,0.0001);
#8186=CIRCLE('',#11112,0.0001);
#8187=CIRCLE('',#11114,0.0001);
#8188=CIRCLE('',#11116,0.0001);
#8189=CIRCLE('',#11118,0.0001);
#8190=CIRCLE('',#11120,0.0001);
#8191=CIRCLE('',#11125,0.0001);
#8192=CIRCLE('',#11127,0.0001);
#8193=CIRCLE('',#11129,0.0001);
#8194=CIRCLE('',#11131,0.0001);
#8195=CIRCLE('',#11133,0.0001);
#8196=CIRCLE('',#11137,0.0001);
#8197=CIRCLE('',#11138,0.0001);
#8198=CIRCLE('',#11139,0.0001);
#8199=CIRCLE('',#11141,0.0001);
#8200=CIRCLE('',#11143,0.0001);
#8201=CIRCLE('',#11145,0.0001);
#8202=CIRCLE('',#11147,0.0001);
#8203=CIRCLE('',#11154,0.0001);
#8204=CIRCLE('',#11156,0.0001);
#8205=CIRCLE('',#11158,0.0001);
#8206=CIRCLE('',#11160,0.0001);
#8207=CIRCLE('',#11164,0.0005);
#8208=CIRCLE('',#11166,0.0011);
#8209=CIRCLE('',#11167,0.0002);
#8210=CIRCLE('',#11168,0.000300000000000005);
#8211=CIRCLE('',#11169,0.0002);
#8212=CIRCLE('',#11170,0.0002);
#8213=CIRCLE('',#11171,0.0002);
#8214=CIRCLE('',#11172,0.0005);
#8215=CIRCLE('',#11173,0.0011);
#8216=CIRCLE('',#11175,0.0011);
#8217=CIRCLE('',#11179,0.001);
#8218=CIRCLE('',#11180,0.001);
#8219=CIRCLE('',#11182,0.001);
#8220=CIRCLE('',#11183,0.001);
#8221=CIRCLE('',#11185,0.02);
#8222=CIRCLE('',#11186,0.02);
#8223=CIRCLE('',#11189,0.02);
#8224=CIRCLE('',#11190,0.02);
#8225=CIRCLE('',#11194,0.02);
#8226=CIRCLE('',#11195,0.02);
#8227=CIRCLE('',#11198,0.02);
#8228=CIRCLE('',#11199,0.02);
#8229=CIRCLE('',#11203,0.0005);
#8230=CIRCLE('',#11205,0.0005);
#8231=CIRCLE('',#11207,0.0005);
#8232=CIRCLE('',#11208,0.0001);
#8233=CIRCLE('',#11210,0.0001);
#8234=CIRCLE('',#11212,0.0001);
#8235=CIRCLE('',#11214,0.0001);
#8236=CIRCLE('',#11215,0.0009);
#8237=CIRCLE('',#11217,0.0001);
#8238=CIRCLE('',#11218,0.0001);
#8239=CIRCLE('',#11223,0.000200000000000006);
#8240=CIRCLE('',#11224,0.000200000000000006);
#8241=CIRCLE('',#11226,0.0001);
#8242=CIRCLE('',#11227,0.0001);
#8243=CIRCLE('',#11229,0.0001);
#8244=CIRCLE('',#11230,0.0001);
#8245=CIRCLE('',#11232,0.0001);
#8246=CIRCLE('',#11234,0.0001);
#8247=CIRCLE('',#11235,0.0001);
#8248=CIRCLE('',#11238,0.0001);
#8249=CIRCLE('',#11239,0.0001);
#8250=CIRCLE('',#11240,0.0001);
#8251=CIRCLE('',#11243,0.0001);
#8252=CIRCLE('',#11245,0.0001);
#8253=CIRCLE('',#11246,0.0001);
#8254=CIRCLE('',#11249,0.0001);
#8255=CIRCLE('',#11250,0.0001);
#8256=CIRCLE('',#11253,0.0001);
#8257=CIRCLE('',#11255,0.0001);
#8258=CIRCLE('',#11256,0.0009);
#8259=CIRCLE('',#11258,0.0001);
#8260=CIRCLE('',#11259,0.0001);
#8261=CIRCLE('',#11263,0.0001);
#8262=CIRCLE('',#11265,0.0001);
#8263=CIRCLE('',#11266,0.0001);
#8264=CIRCLE('',#11271,0.0001);
#8265=CIRCLE('',#11273,0.0001);
#8266=CIRCLE('',#11274,0.0001);
#8267=CIRCLE('',#11276,0.0001);
#8268=CIRCLE('',#11285,0.0001);
#8269=CIRCLE('',#11287,0.0001);
#8270=CIRCLE('',#11288,0.000300000000000005);
#8271=CIRCLE('',#11296,0.0005);
#8272=CIRCLE('',#11297,0.0005);
#8273=CIRCLE('',#11299,0.0005);
#8274=CIRCLE('',#11301,0.0005);
#8275=CIRCLE('',#11303,0.0011);
#8276=CIRCLE('',#11305,0.0011);
#8277=CIRCLE('',#11317,0.0011);
#8278=CIRCLE('',#11319,0.0011);
#8279=CIRCLE('',#11320,0.0011);
#8280=CIRCLE('',#11323,0.0011);
#8281=CIRCLE('',#11325,0.0011);
#8282=CIRCLE('',#11326,0.0011);
#8283=CIRCLE('',#11333,0.0005);
#8284=CIRCLE('',#11334,0.0005);
#8285=CIRCLE('',#11336,0.0005);
#8286=CIRCLE('',#11339,0.0005);
#8287=CIRCLE('',#11340,0.0005);
#8288=CIRCLE('',#11342,0.0005);
#8289=CIRCLE('',#11345,0.0005);
#8290=CIRCLE('',#11347,0.0005);
#8291=CIRCLE('',#11348,0.0005);
#8292=CIRCLE('',#11350,0.0005);
#8293=CIRCLE('',#11352,0.0005);
#8294=CIRCLE('',#11354,0.0005);
#8295=CIRCLE('',#11356,0.0005);
#8296=CIRCLE('',#11358,0.0005);
#8297=CIRCLE('',#11360,0.0005);
#8298=CIRCLE('',#11363,0.02);
#8299=CIRCLE('',#11364,0.02);
#8300=CIRCLE('',#11365,0.02);
#8301=CIRCLE('',#11366,0.02);
#8302=CIRCLE('',#11368,0.02);
#8303=CIRCLE('',#11369,0.02);
#8304=CIRCLE('',#11370,0.02);
#8305=CIRCLE('',#11371,0.02);
#8306=CIRCLE('',#11377,0.0005);
#8307=CIRCLE('',#11379,0.0005);
#8308=CIRCLE('',#11387,0.0005);
#8309=CIRCLE('',#11389,0.02);
#8310=CIRCLE('',#11390,0.02);
#8311=CIRCLE('',#11391,0.02);
#8312=CIRCLE('',#11392,0.02);
#8313=CIRCLE('',#11394,0.0005);
#8314=CIRCLE('',#11396,0.0005);
#8315=CIRCLE('',#11398,0.0005);
#8316=CIRCLE('',#11400,0.0005);
#8317=CIRCLE('',#11402,0.02);
#8318=CIRCLE('',#11404,0.02);
#8319=CIRCLE('',#11407,0.02);
#8320=CIRCLE('',#11409,0.02);
#8321=CIRCLE('',#11417,0.0005);
#8322=CIRCLE('',#11419,0.000512132034356031);
#8323=CIRCLE('',#11420,0.000512132034356031);
#8324=CIRCLE('',#11427,0.0009);
#8325=CIRCLE('',#11428,0.000562132034356031);
#8326=CIRCLE('',#11429,0.0009);
#8327=CIRCLE('',#11430,0.0008);
#8328=CIRCLE('',#11431,0.0008);
#8329=CIRCLE('',#11434,0.0004);
#8330=CIRCLE('',#11435,0.0004);
#8331=CIRCLE('',#11437,0.0004);
#8332=CIRCLE('',#11438,0.0004);
#8333=CIRCLE('',#11442,0.0005);
#8334=CIRCLE('',#11443,0.0005);
#8335=CIRCLE('',#11446,0.0005);
#8336=CIRCLE('',#11447,0.0005);
#8337=CIRCLE('',#11453,0.0009);
#8338=CIRCLE('',#11456,0.0009);
#8339=CIRCLE('',#11458,0.001);
#8340=CIRCLE('',#11461,0.001);
#8341=CIRCLE('',#11463,5.E-5);
#8342=CIRCLE('',#11466,5.E-5);
#8343=CIRCLE('',#11470,0.0001);
#8344=CIRCLE('',#11471,0.0001);
#8345=CIRCLE('',#11472,0.0001);
#8346=CIRCLE('',#11474,0.0001);
#8347=CIRCLE('',#11476,0.0001);
#8348=CIRCLE('',#11478,0.0001);
#8349=CIRCLE('',#11480,0.0001);
#8350=CIRCLE('',#11485,0.0001);
#8351=CIRCLE('',#11487,0.0001);
#8352=CIRCLE('',#11489,0.0001);
#8353=CIRCLE('',#11491,0.0001);
#8354=CIRCLE('',#11493,0.0001);
#8355=CIRCLE('',#11497,0.0001);
#8356=CIRCLE('',#11498,0.0001);
#8357=CIRCLE('',#11499,0.0001);
#8358=CIRCLE('',#11501,0.0001);
#8359=CIRCLE('',#11503,0.0001);
#8360=CIRCLE('',#11505,0.0001);
#8361=CIRCLE('',#11507,0.0001);
#8362=CIRCLE('',#11514,0.0001);
#8363=CIRCLE('',#11516,0.0001);
#8364=CIRCLE('',#11518,0.0001);
#8365=CIRCLE('',#11520,0.0001);
#8366=CIRCLE('',#11524,0.0005);
#8367=CIRCLE('',#11526,0.0011);
#8368=CIRCLE('',#11527,0.0002);
#8369=CIRCLE('',#11528,0.0002);
#8370=CIRCLE('',#11529,0.0002);
#8371=CIRCLE('',#11530,0.000300000000000005);
#8372=CIRCLE('',#11531,0.0002);
#8373=CIRCLE('',#11532,0.0005);
#8374=CIRCLE('',#11533,0.0011);
#8375=CIRCLE('',#11535,0.0011);
#8376=CIRCLE('',#11539,0.001);
#8377=CIRCLE('',#11540,0.001);
#8378=CIRCLE('',#11542,0.001);
#8379=CIRCLE('',#11543,0.001);
#8380=CIRCLE('',#11545,0.0005);
#8381=CIRCLE('',#11547,0.0005);
#8382=CIRCLE('',#11549,0.0005);
#8383=CIRCLE('',#11550,0.0001);
#8384=CIRCLE('',#11551,0.0001);
#8385=CIRCLE('',#11554,0.0001);
#8386=CIRCLE('',#11556,0.0001);
#8387=CIRCLE('',#11557,0.0009);
#8388=CIRCLE('',#11559,0.0001);
#8389=CIRCLE('',#11561,0.0001);
#8390=CIRCLE('',#11566,0.000200000000000006);
#8391=CIRCLE('',#11567,0.000200000000000006);
#8392=CIRCLE('',#11569,0.0001);
#8393=CIRCLE('',#11570,0.0001);
#8394=CIRCLE('',#11572,0.0001);
#8395=CIRCLE('',#11573,0.0001);
#8396=CIRCLE('',#11575,0.0001);
#8397=CIRCLE('',#11577,0.0001);
#8398=CIRCLE('',#11578,0.0001);
#8399=CIRCLE('',#11581,0.0001);
#8400=CIRCLE('',#11582,0.0001);
#8401=CIRCLE('',#11583,0.0001);
#8402=CIRCLE('',#11586,0.0001);
#8403=CIRCLE('',#11588,0.0001);
#8404=CIRCLE('',#11589,0.0001);
#8405=CIRCLE('',#11592,0.0001);
#8406=CIRCLE('',#11594,0.0001);
#8407=CIRCLE('',#11596,0.0001);
#8408=CIRCLE('',#11598,0.0009);
#8409=CIRCLE('',#11599,0.0001);
#8410=CIRCLE('',#11601,0.0001);
#8411=CIRCLE('',#11602,0.0001);
#8412=CIRCLE('',#11606,0.0001);
#8413=CIRCLE('',#11608,0.0001);
#8414=CIRCLE('',#11609,0.0001);
#8415=CIRCLE('',#11614,0.0001);
#8416=CIRCLE('',#11616,0.0001);
#8417=CIRCLE('',#11617,0.0001);
#8418=CIRCLE('',#11619,0.0001);
#8419=CIRCLE('',#11628,0.0001);
#8420=CIRCLE('',#11630,0.0001);
#8421=CIRCLE('',#11631,0.000300000000000005);
#8422=CIRCLE('',#11633,0.0001);
#8423=CIRCLE('',#11640,0.0005);
#8424=CIRCLE('',#11641,0.0005);
#8425=CIRCLE('',#11643,0.0005);
#8426=CIRCLE('',#11645,0.0005);
#8427=CIRCLE('',#11647,0.0011);
#8428=CIRCLE('',#11649,0.0011);
#8429=CIRCLE('',#11661,0.0011);
#8430=CIRCLE('',#11663,0.0011);
#8431=CIRCLE('',#11664,0.0011);
#8432=CIRCLE('',#11667,0.0011);
#8433=CIRCLE('',#11669,0.0011);
#8434=CIRCLE('',#11670,0.0011);
#8435=CIRCLE('',#11677,0.0005);
#8436=CIRCLE('',#11679,0.0005);
#8437=CIRCLE('',#11682,0.0005);
#8438=CIRCLE('',#11684,0.0005);
#8439=CIRCLE('',#11687,0.0005);
#8440=CIRCLE('',#11689,0.0005);
#8441=CIRCLE('',#11690,0.0005);
#8442=CIRCLE('',#11692,0.0005);
#8443=CIRCLE('',#11694,0.0005);
#8444=CIRCLE('',#11696,0.0005);
#8445=CIRCLE('',#11698,0.0005);
#8446=CIRCLE('',#11700,0.0005);
#8447=CIRCLE('',#11702,0.0005);
#8448=CIRCLE('',#11705,0.0005);
#8449=CIRCLE('',#11707,0.0005);
#8450=CIRCLE('',#11708,0.0005);
#8451=CIRCLE('',#11710,0.0005);
#8452=CIRCLE('',#11711,0.0005);
#8453=CIRCLE('',#11713,0.000512132034356031);
#8454=CIRCLE('',#11714,0.000512132034356031);
#8455=CIRCLE('',#11720,0.0009);
#8456=CIRCLE('',#11721,0.000562132034356031);
#8457=CIRCLE('',#11722,0.0009);
#8458=CIRCLE('',#11723,0.0008);
#8459=CIRCLE('',#11724,0.0008);
#8460=CIRCLE('',#11727,0.0004);
#8461=CIRCLE('',#11728,0.0004);
#8462=CIRCLE('',#11730,0.0004);
#8463=CIRCLE('',#11731,0.0004);
#8464=CIRCLE('',#11735,0.0005);
#8465=CIRCLE('',#11736,0.0005);
#8466=CIRCLE('',#11739,0.0005);
#8467=CIRCLE('',#11740,0.0005);
#8468=CIRCLE('',#11745,0.0009);
#8469=CIRCLE('',#11748,0.0009);
#8470=CIRCLE('',#11750,0.001);
#8471=CIRCLE('',#11752,0.001);
#8472=CIRCLE('',#11754,5.E-5);
#8473=CIRCLE('',#11757,5.E-5);
#8474=CIRCLE('',#11761,0.0001);
#8475=CIRCLE('',#11762,0.0001);
#8476=CIRCLE('',#11763,0.0001);
#8477=CIRCLE('',#11765,0.0001);
#8478=CIRCLE('',#11767,0.0001);
#8479=CIRCLE('',#11769,0.0001);
#8480=CIRCLE('',#11771,0.0001);
#8481=CIRCLE('',#11778,0.0001);
#8482=CIRCLE('',#11780,0.0001);
#8483=CIRCLE('',#11782,0.0001);
#8484=CIRCLE('',#11784,0.0001);
#8485=CIRCLE('',#11788,0.0001);
#8486=CIRCLE('',#11789,0.0001);
#8487=CIRCLE('',#11790,0.0001);
#8488=CIRCLE('',#11792,0.0001);
#8489=CIRCLE('',#11794,0.0001);
#8490=CIRCLE('',#11796,0.0001);
#8491=CIRCLE('',#11798,0.0001);
#8492=CIRCLE('',#11805,0.0001);
#8493=CIRCLE('',#11807,0.0001);
#8494=CIRCLE('',#11809,0.0001);
#8495=CIRCLE('',#11811,0.0001);
#8496=CIRCLE('',#11815,0.0005);
#8497=CIRCLE('',#11817,0.0011);
#8498=CIRCLE('',#11818,0.0002);
#8499=CIRCLE('',#11819,0.0002);
#8500=CIRCLE('',#11820,0.0002);
#8501=CIRCLE('',#11821,0.000300000000000005);
#8502=CIRCLE('',#11822,0.0002);
#8503=CIRCLE('',#11823,0.0005);
#8504=CIRCLE('',#11824,0.0011);
#8505=CIRCLE('',#11826,0.0011);
#8506=CIRCLE('',#11830,0.001);
#8507=CIRCLE('',#11831,0.001);
#8508=CIRCLE('',#11833,0.001);
#8509=CIRCLE('',#11834,0.001);
#8510=CIRCLE('',#11838,0.02);
#8511=CIRCLE('',#11839,0.02);
#8512=CIRCLE('',#11842,0.02);
#8513=CIRCLE('',#11843,0.02);
#8514=CIRCLE('',#11845,0.0005);
#8515=CIRCLE('',#11847,0.0005);
#8516=CIRCLE('',#11849,0.0005);
#8517=CIRCLE('',#11850,0.0001);
#8518=CIRCLE('',#11851,0.0001);
#8519=CIRCLE('',#11854,0.0001);
#8520=CIRCLE('',#11856,0.0001);
#8521=CIRCLE('',#11857,0.0009);
#8522=CIRCLE('',#11859,0.0001);
#8523=CIRCLE('',#11861,0.0001);
#8524=CIRCLE('',#11865,0.000200000000000006);
#8525=CIRCLE('',#11866,0.000200000000000006);
#8526=CIRCLE('',#11868,0.0001);
#8527=CIRCLE('',#11869,0.0001);
#8528=CIRCLE('',#11871,0.0001);
#8529=CIRCLE('',#11872,0.0001);
#8530=CIRCLE('',#11874,0.0001);
#8531=CIRCLE('',#11876,0.0001);
#8532=CIRCLE('',#11877,0.0001);
#8533=CIRCLE('',#11880,0.0001);
#8534=CIRCLE('',#11881,0.0001);
#8535=CIRCLE('',#11882,0.0001);
#8536=CIRCLE('',#11885,0.0001);
#8537=CIRCLE('',#11887,0.0001);
#8538=CIRCLE('',#11888,0.0001);
#8539=CIRCLE('',#11891,0.0001);
#8540=CIRCLE('',#11893,0.0001);
#8541=CIRCLE('',#11895,0.0001);
#8542=CIRCLE('',#11897,0.0009);
#8543=CIRCLE('',#11898,0.0001);
#8544=CIRCLE('',#11900,0.0001);
#8545=CIRCLE('',#11901,0.0001);
#8546=CIRCLE('',#11905,0.0001);
#8547=CIRCLE('',#11907,0.0001);
#8548=CIRCLE('',#11908,0.0001);
#8549=CIRCLE('',#11913,0.0001);
#8550=CIRCLE('',#11915,0.0001);
#8551=CIRCLE('',#11916,0.0001);
#8552=CIRCLE('',#11918,0.0001);
#8553=CIRCLE('',#11926,0.0001);
#8554=CIRCLE('',#11928,0.0001);
#8555=CIRCLE('',#11929,0.000300000000000005);
#8556=CIRCLE('',#11937,0.0005);
#8557=CIRCLE('',#11938,0.0005);
#8558=CIRCLE('',#11940,0.0005);
#8559=CIRCLE('',#11942,0.0005);
#8560=CIRCLE('',#11944,0.0011);
#8561=CIRCLE('',#11946,0.0011);
#8562=CIRCLE('',#11958,0.0011);
#8563=CIRCLE('',#11960,0.0011);
#8564=CIRCLE('',#11961,0.0011);
#8565=CIRCLE('',#11964,0.0011);
#8566=CIRCLE('',#11966,0.0011);
#8567=CIRCLE('',#11967,0.0011);
#8568=CIRCLE('',#11974,0.0005);
#8569=CIRCLE('',#11975,0.0005);
#8570=CIRCLE('',#11977,0.0005);
#8571=CIRCLE('',#11980,0.0005);
#8572=CIRCLE('',#11981,0.0005);
#8573=CIRCLE('',#11983,0.0005);
#8574=CIRCLE('',#11986,0.0005);
#8575=CIRCLE('',#11988,0.0005);
#8576=CIRCLE('',#11989,0.0005);
#8577=CIRCLE('',#11991,0.0005);
#8578=CIRCLE('',#11993,0.0005);
#8579=CIRCLE('',#11995,0.0005);
#8580=CIRCLE('',#11997,0.0005);
#8581=CIRCLE('',#11999,0.0005);
#8582=CIRCLE('',#12001,0.0005);
#8583=CIRCLE('',#12012,0.02);
#8584=CIRCLE('',#12013,0.02);
#8585=CIRCLE('',#12014,0.02);
#8586=CIRCLE('',#12015,0.02);
#8587=CIRCLE('',#12019,0.0005);
#8588=CIRCLE('',#12021,0.0005);
#8589=CIRCLE('',#12029,0.0005);
#8590=CIRCLE('',#12031,0.000512132034356031);
#8591=CIRCLE('',#12032,0.000512132034356031);
#8592=CIRCLE('',#12038,0.0008);
#8593=CIRCLE('',#12039,0.0008);
#8594=CIRCLE('',#12040,0.0009);
#8595=CIRCLE('',#12041,0.000562132034356031);
#8596=CIRCLE('',#12042,0.0009);
#8597=CIRCLE('',#12044,0.0004);
#8598=CIRCLE('',#12045,0.0004);
#8599=CIRCLE('',#12048,0.0004);
#8600=CIRCLE('',#12050,0.0004);
#8601=CIRCLE('',#12053,0.0005);
#8602=CIRCLE('',#12054,0.0005);
#8603=CIRCLE('',#12057,0.0005);
#8604=CIRCLE('',#12058,0.0005);
#8605=CIRCLE('',#12064,0.0009);
#8606=CIRCLE('',#12067,0.0009);
#8607=CIRCLE('',#12069,0.001);
#8608=CIRCLE('',#12071,0.001);
#8609=CIRCLE('',#12074,5.E-5);
#8610=CIRCLE('',#12076,5.E-5);
#8611=CIRCLE('',#12080,0.0001);
#8612=CIRCLE('',#12081,0.0001);
#8613=CIRCLE('',#12082,0.0001);
#8614=CIRCLE('',#12084,0.0001);
#8615=CIRCLE('',#12086,0.0001);
#8616=CIRCLE('',#12088,0.0001);
#8617=CIRCLE('',#12090,0.0001);
#8618=CIRCLE('',#12097,0.0001);
#8619=CIRCLE('',#12099,0.0001);
#8620=CIRCLE('',#12101,0.0001);
#8621=CIRCLE('',#12103,0.0001);
#8622=CIRCLE('',#12107,0.0001);
#8623=CIRCLE('',#12108,0.0001);
#8624=CIRCLE('',#12109,0.0001);
#8625=CIRCLE('',#12111,0.0001);
#8626=CIRCLE('',#12113,0.0001);
#8627=CIRCLE('',#12115,0.0001);
#8628=CIRCLE('',#12117,0.0001);
#8629=CIRCLE('',#12123,0.0001);
#8630=CIRCLE('',#12125,0.0001);
#8631=CIRCLE('',#12127,0.0001);
#8632=CIRCLE('',#12129,0.0001);
#8633=CIRCLE('',#12133,0.0005);
#8634=CIRCLE('',#12135,0.0011);
#8635=CIRCLE('',#12136,0.0002);
#8636=CIRCLE('',#12137,0.000300000000000005);
#8637=CIRCLE('',#12138,0.0002);
#8638=CIRCLE('',#12139,0.0002);
#8639=CIRCLE('',#12140,0.0002);
#8640=CIRCLE('',#12141,0.0005);
#8641=CIRCLE('',#12142,0.0011);
#8642=CIRCLE('',#12144,0.0011);
#8643=CIRCLE('',#12148,0.001);
#8644=CIRCLE('',#12149,0.001);
#8645=CIRCLE('',#12151,0.001);
#8646=CIRCLE('',#12152,0.001);
#8647=CIRCLE('',#12154,0.0005);
#8648=CIRCLE('',#12156,0.0005);
#8649=CIRCLE('',#12158,0.0005);
#8650=CIRCLE('',#12159,0.0001);
#8651=CIRCLE('',#12161,0.0001);
#8652=CIRCLE('',#12163,0.0001);
#8653=CIRCLE('',#12165,0.0001);
#8654=CIRCLE('',#12166,0.0009);
#8655=CIRCLE('',#12168,0.0001);
#8656=CIRCLE('',#12169,0.0001);
#8657=CIRCLE('',#12174,0.000200000000000006);
#8658=CIRCLE('',#12175,0.000200000000000006);
#8659=CIRCLE('',#12177,0.0001);
#8660=CIRCLE('',#12178,0.0001);
#8661=CIRCLE('',#12180,0.0001);
#8662=CIRCLE('',#12181,0.0001);
#8663=CIRCLE('',#12183,0.0001);
#8664=CIRCLE('',#12185,0.0001);
#8665=CIRCLE('',#12186,0.0001);
#8666=CIRCLE('',#12189,0.0001);
#8667=CIRCLE('',#12190,0.0001);
#8668=CIRCLE('',#12191,0.0001);
#8669=CIRCLE('',#12194,0.0001);
#8670=CIRCLE('',#12196,0.0001);
#8671=CIRCLE('',#12197,0.0001);
#8672=CIRCLE('',#12200,0.0001);
#8673=CIRCLE('',#12201,0.0001);
#8674=CIRCLE('',#12204,0.0001);
#8675=CIRCLE('',#12206,0.0001);
#8676=CIRCLE('',#12207,0.0009);
#8677=CIRCLE('',#12209,0.0001);
#8678=CIRCLE('',#12210,0.0001);
#8679=CIRCLE('',#12214,0.0001);
#8680=CIRCLE('',#12216,0.0001);
#8681=CIRCLE('',#12217,0.0001);
#8682=CIRCLE('',#12222,0.0001);
#8683=CIRCLE('',#12224,0.0001);
#8684=CIRCLE('',#12225,0.0001);
#8685=CIRCLE('',#12227,0.0001);
#8686=CIRCLE('',#12236,0.0001);
#8687=CIRCLE('',#12238,0.0001);
#8688=CIRCLE('',#12239,0.000300000000000005);
#8689=CIRCLE('',#12247,0.0005);
#8690=CIRCLE('',#12248,0.0005);
#8691=CIRCLE('',#12250,0.0005);
#8692=CIRCLE('',#12252,0.0005);
#8693=CIRCLE('',#12254,0.0011);
#8694=CIRCLE('',#12256,0.0011);
#8695=CIRCLE('',#12268,0.0011);
#8696=CIRCLE('',#12270,0.0011);
#8697=CIRCLE('',#12271,0.0011);
#8698=CIRCLE('',#12274,0.0011);
#8699=CIRCLE('',#12276,0.0011);
#8700=CIRCLE('',#12277,0.0011);
#8701=CIRCLE('',#12284,0.0005);
#8702=CIRCLE('',#12286,0.0005);
#8703=CIRCLE('',#12289,0.0005);
#8704=CIRCLE('',#12291,0.0005);
#8705=CIRCLE('',#12294,0.0005);
#8706=CIRCLE('',#12296,0.0005);
#8707=CIRCLE('',#12297,0.0005);
#8708=CIRCLE('',#12299,0.0005);
#8709=CIRCLE('',#12301,0.0005);
#8710=CIRCLE('',#12303,0.0005);
#8711=CIRCLE('',#12305,0.0005);
#8712=CIRCLE('',#12307,0.0005);
#8713=CIRCLE('',#12309,0.0005);
#8714=EDGE_LOOP('',(#2307,#2308,#2309,#2310));
#8715=EDGE_LOOP('',(#2311,#2312,#2313,#2314));
#8716=EDGE_LOOP('',(#2315,#2316,#2317,#2318));
#8717=EDGE_LOOP('',(#2319,#2320,#2321,#2322,#2323,#2324));
#8718=EDGE_LOOP('',(#2325,#2326,#2327,#2328,#2329,#2330));
#8719=EDGE_LOOP('',(#2331,#2332,#2333,#2334,#2335,#2336));
#8720=EDGE_LOOP('',(#2337,#2338,#2339,#2340));
#8721=EDGE_LOOP('',(#2341,#2342,#2343,#2344,#2345,#2346,#2347,#2348,#2349,
#2350,#2351,#2352));
#8722=EDGE_LOOP('',(#2353,#2354,#2355,#2356,#2357,#2358,#2359,#2360,#2361,
#2362));
#8723=EDGE_LOOP('',(#2363,#2364,#2365,#2366,#2367,#2368,#2369,#2370,#2371,
#2372));
#8724=EDGE_LOOP('',(#2373,#2374,#2375,#2376));
#8725=EDGE_LOOP('',(#2377,#2378,#2379,#2380));
#8726=EDGE_LOOP('',(#2381,#2382,#2383,#2384));
#8727=EDGE_LOOP('',(#2385,#2386,#2387,#2388));
#8728=EDGE_LOOP('',(#2389,#2390,#2391,#2392));
#8729=EDGE_LOOP('',(#2393,#2394,#2395,#2396));
#8730=EDGE_LOOP('',(#2397,#2398,#2399,#2400,#2401));
#8731=EDGE_LOOP('',(#2402,#2403,#2404,#2405));
#8732=EDGE_LOOP('',(#2406,#2407,#2408,#2409,#2410));
#8733=EDGE_LOOP('',(#2411,#2412,#2413,#2414));
#8734=EDGE_LOOP('',(#2415,#2416,#2417,#2418,#2419));
#8735=EDGE_LOOP('',(#2420,#2421,#2422,#2423,#2424));
#8736=EDGE_LOOP('',(#2425,#2426,#2427,#2428));
#8737=EDGE_LOOP('',(#2429,#2430,#2431,#2432));
#8738=EDGE_LOOP('',(#2433,#2434,#2435,#2436));
#8739=EDGE_LOOP('',(#2437,#2438,#2439,#2440));
#8740=EDGE_LOOP('',(#2441,#2442,#2443,#2444));
#8741=EDGE_LOOP('',(#2445,#2446,#2447,#2448));
#8742=EDGE_LOOP('',(#2449,#2450,#2451,#2452));
#8743=EDGE_LOOP('',(#2453,#2454,#2455,#2456));
#8744=EDGE_LOOP('',(#2457,#2458,#2459,#2460));
#8745=EDGE_LOOP('',(#2461,#2462,#2463,#2464));
#8746=EDGE_LOOP('',(#2465,#2466,#2467,#2468));
#8747=EDGE_LOOP('',(#2469,#2470,#2471,#2472));
#8748=EDGE_LOOP('',(#2473,#2474,#2475,#2476));
#8749=EDGE_LOOP('',(#2477,#2478,#2479,#2480));
#8750=EDGE_LOOP('',(#2481,#2482,#2483,#2484));
#8751=EDGE_LOOP('',(#2485,#2486,#2487,#2488));
#8752=EDGE_LOOP('',(#2489,#2490,#2491,#2492));
#8753=EDGE_LOOP('',(#2493,#2494,#2495,#2496));
#8754=EDGE_LOOP('',(#2497,#2498,#2499,#2500));
#8755=EDGE_LOOP('',(#2501,#2502,#2503,#2504));
#8756=EDGE_LOOP('',(#2505,#2506,#2507,#2508));
#8757=EDGE_LOOP('',(#2509,#2510,#2511,#2512));
#8758=EDGE_LOOP('',(#2513,#2514,#2515,#2516));
#8759=EDGE_LOOP('',(#2517,#2518,#2519,#2520));
#8760=EDGE_LOOP('',(#2521,#2522,#2523,#2524));
#8761=EDGE_LOOP('',(#2525,#2526,#2527,#2528));
#8762=EDGE_LOOP('',(#2529,#2530,#2531,#2532));
#8763=EDGE_LOOP('',(#2533,#2534,#2535,#2536));
#8764=EDGE_LOOP('',(#2537,#2538,#2539,#2540));
#8765=EDGE_LOOP('',(#2541,#2542,#2543,#2544));
#8766=EDGE_LOOP('',(#2545,#2546,#2547,#2548));
#8767=EDGE_LOOP('',(#2549,#2550,#2551,#2552));
#8768=EDGE_LOOP('',(#2553,#2554,#2555,#2556));
#8769=EDGE_LOOP('',(#2557,#2558,#2559,#2560));
#8770=EDGE_LOOP('',(#2561,#2562,#2563,#2564));
#8771=EDGE_LOOP('',(#2565,#2566,#2567,#2568));
#8772=EDGE_LOOP('',(#2569,#2570,#2571,#2572));
#8773=EDGE_LOOP('',(#2573,#2574,#2575,#2576,#2577));
#8774=EDGE_LOOP('',(#2578,#2579,#2580,#2581,#2582,#2583,#2584,#2585,#2586,
#2587));
#8775=EDGE_LOOP('',(#2588,#2589,#2590,#2591,#2592));
#8776=EDGE_LOOP('',(#2593,#2594,#2595,#2596,#2597,#2598,#2599,#2600,#2601,
#2602));
#8777=EDGE_LOOP('',(#2603,#2604,#2605,#2606,#2607,#2608,#2609));
#8778=EDGE_LOOP('',(#2610,#2611,#2612,#2613,#2614));
#8779=EDGE_LOOP('',(#2615,#2616,#2617,#2618));
#8780=EDGE_LOOP('',(#2619,#2620,#2621,#2622,#2623,#2624,#2625,#2626,#2627,
#2628));
#8781=EDGE_LOOP('',(#2629,#2630,#2631,#2632,#2633,#2634,#2635,#2636,#2637,
#2638));
#8782=EDGE_LOOP('',(#2639,#2640,#2641,#2642));
#8783=EDGE_LOOP('',(#2643,#2644,#2645,#2646));
#8784=EDGE_LOOP('',(#2647,#2648,#2649,#2650,#2651,#2652,#2653,#2654,#2655,
#2656,#2657,#2658,#2659,#2660,#2661,#2662,#2663,#2664,#2665,#2666,#2667,
#2668,#2669,#2670,#2671,#2672,#2673,#2674,#2675,#2676,#2677,#2678));
#8785=EDGE_LOOP('',(#2679,#2680,#2681,#2682,#2683,#2684,#2685,#2686,#2687,
#2688,#2689,#2690,#2691,#2692,#2693,#2694,#2695,#2696,#2697,#2698,#2699,
#2700,#2701,#2702,#2703,#2704,#2705,#2706,#2707,#2708,#2709,#2710));
#8786=EDGE_LOOP('',(#2711,#2712,#2713,#2714,#2715,#2716,#2717));
#8787=EDGE_LOOP('',(#2718,#2719,#2720,#2721,#2722,#2723,#2724));
#8788=EDGE_LOOP('',(#2725,#2726,#2727,#2728,#2729,#2730,#2731));
#8789=EDGE_LOOP('',(#2732,#2733,#2734,#2735));
#8790=EDGE_LOOP('',(#2736,#2737,#2738,#2739));
#8791=EDGE_LOOP('',(#2740,#2741,#2742,#2743));
#8792=EDGE_LOOP('',(#2744,#2745,#2746,#2747));
#8793=EDGE_LOOP('',(#2748,#2749,#2750,#2751));
#8794=EDGE_LOOP('',(#2752,#2753,#2754));
#8795=EDGE_LOOP('',(#2755,#2756,#2757,#2758,#2759));
#8796=EDGE_LOOP('',(#2760,#2761,#2762,#2763));
#8797=EDGE_LOOP('',(#2764,#2765,#2766,#2767));
#8798=EDGE_LOOP('',(#2768,#2769,#2770,#2771));
#8799=EDGE_LOOP('',(#2772,#2773,#2774,#2775));
#8800=EDGE_LOOP('',(#2776,#2777,#2778,#2779));
#8801=EDGE_LOOP('',(#2780,#2781,#2782,#2783));
#8802=EDGE_LOOP('',(#2784,#2785,#2786,#2787));
#8803=EDGE_LOOP('',(#2788,#2789,#2790,#2791));
#8804=EDGE_LOOP('',(#2792,#2793,#2794,#2795));
#8805=EDGE_LOOP('',(#2796,#2797,#2798));
#8806=EDGE_LOOP('',(#2799,#2800,#2801,#2802));
#8807=EDGE_LOOP('',(#2803,#2804,#2805,#2806));
#8808=EDGE_LOOP('',(#2807,#2808,#2809,#2810));
#8809=EDGE_LOOP('',(#2811,#2812,#2813,#2814));
#8810=EDGE_LOOP('',(#2815,#2816,#2817,#2818));
#8811=EDGE_LOOP('',(#2819,#2820,#2821,#2822));
#8812=EDGE_LOOP('',(#2823,#2824,#2825,#2826));
#8813=EDGE_LOOP('',(#2827,#2828,#2829,#2830));
#8814=EDGE_LOOP('',(#2831,#2832,#2833,#2834));
#8815=EDGE_LOOP('',(#2835,#2836,#2837));
#8816=EDGE_LOOP('',(#2838,#2839,#2840,#2841,#2842,#2843));
#8817=EDGE_LOOP('',(#2844,#2845,#2846,#2847));
#8818=EDGE_LOOP('',(#2848,#2849,#2850,#2851));
#8819=EDGE_LOOP('',(#2852,#2853,#2854,#2855));
#8820=EDGE_LOOP('',(#2856,#2857,#2858,#2859));
#8821=EDGE_LOOP('',(#2860,#2861,#2862,#2863));
#8822=EDGE_LOOP('',(#2864,#2865,#2866,#2867));
#8823=EDGE_LOOP('',(#2868,#2869,#2870,#2871,#2872));
#8824=EDGE_LOOP('',(#2873,#2874,#2875,#2876));
#8825=EDGE_LOOP('',(#2877,#2878,#2879));
#8826=EDGE_LOOP('',(#2880,#2881,#2882,#2883));
#8827=EDGE_LOOP('',(#2884,#2885,#2886,#2887,#2888,#2889));
#8828=EDGE_LOOP('',(#2890,#2891,#2892,#2893,#2894));
#8829=EDGE_LOOP('',(#2895,#2896,#2897,#2898));
#8830=EDGE_LOOP('',(#2899,#2900,#2901,#2902));
#8831=EDGE_LOOP('',(#2903,#2904,#2905,#2906));
#8832=EDGE_LOOP('',(#2907,#2908,#2909,#2910));
#8833=EDGE_LOOP('',(#2911,#2912,#2913,#2914));
#8834=EDGE_LOOP('',(#2915,#2916,#2917,#2918,#2919,#2920));
#8835=EDGE_LOOP('',(#2921,#2922,#2923,#2924,#2925));
#8836=EDGE_LOOP('',(#2926,#2927,#2928,#2929,#2930,#2931,#2932,#2933));
#8837=EDGE_LOOP('',(#2934,#2935,#2936,#2937));
#8838=EDGE_LOOP('',(#2938,#2939,#2940,#2941));
#8839=EDGE_LOOP('',(#2942,#2943,#2944,#2945));
#8840=EDGE_LOOP('',(#2946,#2947,#2948,#2949));
#8841=EDGE_LOOP('',(#2950,#2951,#2952,#2953,#2954));
#8842=EDGE_LOOP('',(#2955,#2956,#2957,#2958,#2959,#2960,#2961));
#8843=EDGE_LOOP('',(#2962,#2963,#2964,#2965,#2966,#2967,#2968));
#8844=EDGE_LOOP('',(#2969,#2970,#2971,#2972));
#8845=EDGE_LOOP('',(#2973,#2974,#2975,#2976,#2977,#2978,#2979));
#8846=EDGE_LOOP('',(#2980,#2981,#2982,#2983,#2984,#2985,#2986));
#8847=EDGE_LOOP('',(#2987,#2988,#2989,#2990));
#8848=EDGE_LOOP('',(#2991,#2992,#2993,#2994));
#8849=EDGE_LOOP('',(#2995,#2996,#2997,#2998,#2999));
#8850=EDGE_LOOP('',(#3000,#3001,#3002,#3003,#3004,#3005));
#8851=EDGE_LOOP('',(#3006,#3007,#3008));
#8852=EDGE_LOOP('',(#3009,#3010,#3011,#3012));
#8853=EDGE_LOOP('',(#3013,#3014,#3015,#3016));
#8854=EDGE_LOOP('',(#3017,#3018,#3019));
#8855=EDGE_LOOP('',(#3020,#3021,#3022,#3023,#3024));
#8856=EDGE_LOOP('',(#3025,#3026,#3027,#3028));
#8857=EDGE_LOOP('',(#3029,#3030,#3031,#3032,#3033,#3034,#3035));
#8858=EDGE_LOOP('',(#3036,#3037,#3038,#3039));
#8859=EDGE_LOOP('',(#3040,#3041,#3042,#3043));
#8860=EDGE_LOOP('',(#3044,#3045,#3046,#3047));
#8861=EDGE_LOOP('',(#3048,#3049,#3050));
#8862=EDGE_LOOP('',(#3051,#3052,#3053,#3054));
#8863=EDGE_LOOP('',(#3055,#3056,#3057,#3058));
#8864=EDGE_LOOP('',(#3059,#3060,#3061));
#8865=EDGE_LOOP('',(#3062,#3063,#3064,#3065));
#8866=EDGE_LOOP('',(#3066,#3067,#3068,#3069));
#8867=EDGE_LOOP('',(#3070,#3071,#3072,#3073));
#8868=EDGE_LOOP('',(#3074,#3075,#3076,#3077));
#8869=EDGE_LOOP('',(#3078,#3079,#3080,#3081));
#8870=EDGE_LOOP('',(#3082,#3083,#3084));
#8871=EDGE_LOOP('',(#3085,#3086,#3087));
#8872=EDGE_LOOP('',(#3088,#3089,#3090,#3091));
#8873=EDGE_LOOP('',(#3092,#3093,#3094,#3095));
#8874=EDGE_LOOP('',(#3096,#3097,#3098));
#8875=EDGE_LOOP('',(#3099,#3100,#3101,#3102,#3103,#3104,#3105,#3106,#3107,
#3108,#3109,#3110));
#8876=EDGE_LOOP('',(#3111,#3112,#3113,#3114,#3115,#3116,#3117,#3118,#3119,
#3120,#3121,#3122));
#8877=EDGE_LOOP('',(#3123,#3124,#3125,#3126,#3127));
#8878=EDGE_LOOP('',(#3128,#3129,#3130,#3131,#3132));
#8879=EDGE_LOOP('',(#3133,#3134,#3135,#3136,#3137));
#8880=EDGE_LOOP('',(#3138,#3139,#3140,#3141,#3142));
#8881=EDGE_LOOP('',(#3143,#3144,#3145,#3146,#3147));
#8882=EDGE_LOOP('',(#3148,#3149,#3150,#3151,#3152));
#8883=EDGE_LOOP('',(#3153,#3154,#3155,#3156));
#8884=EDGE_LOOP('',(#3157,#3158,#3159,#3160));
#8885=EDGE_LOOP('',(#3161,#3162,#3163,#3164));
#8886=EDGE_LOOP('',(#3165,#3166,#3167,#3168));
#8887=EDGE_LOOP('',(#3169,#3170,#3171,#3172));
#8888=EDGE_LOOP('',(#3173,#3174,#3175,#3176));
#8889=EDGE_LOOP('',(#3177,#3178,#3179,#3180));
#8890=EDGE_LOOP('',(#3181,#3182,#3183,#3184,#3185,#3186,#3187,#3188,#3189,
#3190,#3191,#3192));
#8891=EDGE_LOOP('',(#3193,#3194,#3195,#3196,#3197));
#8892=EDGE_LOOP('',(#3198,#3199,#3200,#3201,#3202));
#8893=EDGE_LOOP('',(#3203,#3204,#3205,#3206,#3207));
#8894=EDGE_LOOP('',(#3208,#3209,#3210,#3211,#3212));
#8895=EDGE_LOOP('',(#3213,#3214,#3215,#3216));
#8896=EDGE_LOOP('',(#3217,#3218,#3219,#3220));
#8897=EDGE_LOOP('',(#3221,#3222,#3223,#3224));
#8898=EDGE_LOOP('',(#3225,#3226,#3227,#3228));
#8899=EDGE_LOOP('',(#3229,#3230,#3231,#3232));
#8900=EDGE_LOOP('',(#3233,#3234,#3235,#3236));
#8901=EDGE_LOOP('',(#3237,#3238,#3239,#3240,#3241,#3242,#3243,#3244,#3245,
#3246,#3247,#3248,#3249,#3250,#3251,#3252,#3253,#3254,#3255,#3256,#3257,
#3258,#3259,#3260,#3261,#3262,#3263,#3264,#3265,#3266,#3267,#3268));
#8902=EDGE_LOOP('',(#3269,#3270,#3271,#3272));
#8903=EDGE_LOOP('',(#3273,#3274,#3275,#3276));
#8904=EDGE_LOOP('',(#3277,#3278,#3279,#3280,#3281,#3282));
#8905=EDGE_LOOP('',(#3283,#3284,#3285,#3286,#3287,#3288));
#8906=EDGE_LOOP('',(#3289,#3290,#3291,#3292,#3293,#3294));
#8907=EDGE_LOOP('',(#3295,#3296,#3297,#3298));
#8908=EDGE_LOOP('',(#3299,#3300,#3301,#3302,#3303,#3304,#3305,#3306,#3307,
#3308,#3309,#3310));
#8909=EDGE_LOOP('',(#3311,#3312,#3313,#3314,#3315,#3316,#3317,#3318,#3319,
#3320));
#8910=EDGE_LOOP('',(#3321,#3322,#3323,#3324,#3325,#3326,#3327,#3328,#3329,
#3330));
#8911=EDGE_LOOP('',(#3331,#3332,#3333,#3334));
#8912=EDGE_LOOP('',(#3335,#3336,#3337,#3338));
#8913=EDGE_LOOP('',(#3339,#3340,#3341,#3342));
#8914=EDGE_LOOP('',(#3343,#3344,#3345,#3346));
#8915=EDGE_LOOP('',(#3347,#3348,#3349,#3350));
#8916=EDGE_LOOP('',(#3351,#3352,#3353,#3354));
#8917=EDGE_LOOP('',(#3355,#3356,#3357,#3358,#3359));
#8918=EDGE_LOOP('',(#3360,#3361,#3362,#3363));
#8919=EDGE_LOOP('',(#3364,#3365,#3366,#3367,#3368));
#8920=EDGE_LOOP('',(#3369,#3370,#3371,#3372));
#8921=EDGE_LOOP('',(#3373,#3374,#3375,#3376,#3377));
#8922=EDGE_LOOP('',(#3378,#3379,#3380,#3381,#3382));
#8923=EDGE_LOOP('',(#3383,#3384,#3385,#3386));
#8924=EDGE_LOOP('',(#3387,#3388,#3389,#3390));
#8925=EDGE_LOOP('',(#3391,#3392,#3393,#3394));
#8926=EDGE_LOOP('',(#3395,#3396,#3397,#3398));
#8927=EDGE_LOOP('',(#3399,#3400,#3401,#3402));
#8928=EDGE_LOOP('',(#3403,#3404,#3405,#3406));
#8929=EDGE_LOOP('',(#3407,#3408,#3409,#3410));
#8930=EDGE_LOOP('',(#3411,#3412,#3413,#3414));
#8931=EDGE_LOOP('',(#3415,#3416,#3417,#3418));
#8932=EDGE_LOOP('',(#3419,#3420,#3421,#3422));
#8933=EDGE_LOOP('',(#3423,#3424,#3425,#3426));
#8934=EDGE_LOOP('',(#3427,#3428,#3429,#3430));
#8935=EDGE_LOOP('',(#3431,#3432,#3433,#3434));
#8936=EDGE_LOOP('',(#3435,#3436,#3437,#3438));
#8937=EDGE_LOOP('',(#3439,#3440,#3441,#3442));
#8938=EDGE_LOOP('',(#3443,#3444,#3445,#3446));
#8939=EDGE_LOOP('',(#3447,#3448,#3449,#3450));
#8940=EDGE_LOOP('',(#3451,#3452,#3453,#3454));
#8941=EDGE_LOOP('',(#3455,#3456,#3457,#3458));
#8942=EDGE_LOOP('',(#3459,#3460,#3461,#3462));
#8943=EDGE_LOOP('',(#3463,#3464,#3465,#3466));
#8944=EDGE_LOOP('',(#3467,#3468,#3469,#3470));
#8945=EDGE_LOOP('',(#3471,#3472,#3473,#3474));
#8946=EDGE_LOOP('',(#3475,#3476,#3477,#3478));
#8947=EDGE_LOOP('',(#3479,#3480,#3481,#3482));
#8948=EDGE_LOOP('',(#3483,#3484,#3485,#3486));
#8949=EDGE_LOOP('',(#3487,#3488,#3489,#3490));
#8950=EDGE_LOOP('',(#3491,#3492,#3493,#3494));
#8951=EDGE_LOOP('',(#3495,#3496,#3497,#3498));
#8952=EDGE_LOOP('',(#3499,#3500,#3501,#3502));
#8953=EDGE_LOOP('',(#3503,#3504,#3505,#3506));
#8954=EDGE_LOOP('',(#3507,#3508,#3509,#3510));
#8955=EDGE_LOOP('',(#3511,#3512,#3513,#3514));
#8956=EDGE_LOOP('',(#3515,#3516,#3517,#3518));
#8957=EDGE_LOOP('',(#3519,#3520,#3521,#3522));
#8958=EDGE_LOOP('',(#3523,#3524,#3525,#3526));
#8959=EDGE_LOOP('',(#3527,#3528,#3529,#3530));
#8960=EDGE_LOOP('',(#3531,#3532,#3533,#3534,#3535));
#8961=EDGE_LOOP('',(#3536,#3537,#3538,#3539,#3540,#3541,#3542,#3543,#3544,
#3545));
#8962=EDGE_LOOP('',(#3546,#3547,#3548,#3549,#3550));
#8963=EDGE_LOOP('',(#3551,#3552,#3553,#3554,#3555,#3556,#3557,#3558,#3559,
#3560));
#8964=EDGE_LOOP('',(#3561,#3562,#3563,#3564,#3565,#3566,#3567));
#8965=EDGE_LOOP('',(#3568,#3569,#3570,#3571,#3572));
#8966=EDGE_LOOP('',(#3573,#3574,#3575,#3576));
#8967=EDGE_LOOP('',(#3577,#3578,#3579,#3580,#3581,#3582,#3583,#3584,#3585,
#3586));
#8968=EDGE_LOOP('',(#3587,#3588,#3589,#3590,#3591,#3592,#3593,#3594,#3595,
#3596));
#8969=EDGE_LOOP('',(#3597,#3598,#3599,#3600));
#8970=EDGE_LOOP('',(#3601,#3602,#3603,#3604));
#8971=EDGE_LOOP('',(#3605,#3606,#3607,#3608,#3609,#3610,#3611));
#8972=EDGE_LOOP('',(#3612,#3613,#3614,#3615,#3616,#3617,#3618));
#8973=EDGE_LOOP('',(#3619,#3620,#3621,#3622,#3623,#3624,#3625));
#8974=EDGE_LOOP('',(#3626,#3627,#3628,#3629));
#8975=EDGE_LOOP('',(#3630,#3631,#3632,#3633));
#8976=EDGE_LOOP('',(#3634,#3635,#3636,#3637));
#8977=EDGE_LOOP('',(#3638,#3639,#3640,#3641));
#8978=EDGE_LOOP('',(#3642,#3643,#3644,#3645));
#8979=EDGE_LOOP('',(#3646,#3647,#3648));
#8980=EDGE_LOOP('',(#3649,#3650,#3651,#3652,#3653));
#8981=EDGE_LOOP('',(#3654,#3655,#3656,#3657));
#8982=EDGE_LOOP('',(#3658,#3659,#3660,#3661));
#8983=EDGE_LOOP('',(#3662,#3663,#3664,#3665));
#8984=EDGE_LOOP('',(#3666,#3667,#3668,#3669));
#8985=EDGE_LOOP('',(#3670,#3671,#3672,#3673));
#8986=EDGE_LOOP('',(#3674,#3675,#3676,#3677));
#8987=EDGE_LOOP('',(#3678,#3679,#3680,#3681));
#8988=EDGE_LOOP('',(#3682,#3683,#3684,#3685));
#8989=EDGE_LOOP('',(#3686,#3687,#3688,#3689));
#8990=EDGE_LOOP('',(#3690,#3691,#3692));
#8991=EDGE_LOOP('',(#3693,#3694,#3695,#3696));
#8992=EDGE_LOOP('',(#3697,#3698,#3699,#3700));
#8993=EDGE_LOOP('',(#3701,#3702,#3703,#3704));
#8994=EDGE_LOOP('',(#3705,#3706,#3707,#3708));
#8995=EDGE_LOOP('',(#3709,#3710,#3711,#3712));
#8996=EDGE_LOOP('',(#3713,#3714,#3715,#3716));
#8997=EDGE_LOOP('',(#3717,#3718,#3719,#3720));
#8998=EDGE_LOOP('',(#3721,#3722,#3723,#3724));
#8999=EDGE_LOOP('',(#3725,#3726,#3727,#3728));
#9000=EDGE_LOOP('',(#3729,#3730,#3731));
#9001=EDGE_LOOP('',(#3732,#3733,#3734,#3735,#3736,#3737));
#9002=EDGE_LOOP('',(#3738,#3739,#3740,#3741));
#9003=EDGE_LOOP('',(#3742,#3743,#3744,#3745));
#9004=EDGE_LOOP('',(#3746,#3747,#3748,#3749));
#9005=EDGE_LOOP('',(#3750,#3751,#3752,#3753));
#9006=EDGE_LOOP('',(#3754,#3755,#3756,#3757));
#9007=EDGE_LOOP('',(#3758,#3759,#3760,#3761));
#9008=EDGE_LOOP('',(#3762,#3763,#3764,#3765,#3766));
#9009=EDGE_LOOP('',(#3767,#3768,#3769,#3770));
#9010=EDGE_LOOP('',(#3771,#3772,#3773));
#9011=EDGE_LOOP('',(#3774,#3775,#3776,#3777));
#9012=EDGE_LOOP('',(#3778,#3779,#3780,#3781,#3782,#3783));
#9013=EDGE_LOOP('',(#3784,#3785,#3786,#3787,#3788));
#9014=EDGE_LOOP('',(#3789,#3790,#3791,#3792));
#9015=EDGE_LOOP('',(#3793,#3794,#3795,#3796));
#9016=EDGE_LOOP('',(#3797,#3798,#3799,#3800));
#9017=EDGE_LOOP('',(#3801,#3802,#3803,#3804));
#9018=EDGE_LOOP('',(#3805,#3806,#3807,#3808));
#9019=EDGE_LOOP('',(#3809,#3810,#3811,#3812,#3813,#3814));
#9020=EDGE_LOOP('',(#3815,#3816,#3817,#3818,#3819));
#9021=EDGE_LOOP('',(#3820,#3821,#3822,#3823,#3824,#3825,#3826,#3827));
#9022=EDGE_LOOP('',(#3828,#3829,#3830,#3831));
#9023=EDGE_LOOP('',(#3832,#3833,#3834,#3835));
#9024=EDGE_LOOP('',(#3836,#3837,#3838,#3839));
#9025=EDGE_LOOP('',(#3840,#3841,#3842,#3843));
#9026=EDGE_LOOP('',(#3844,#3845,#3846,#3847,#3848));
#9027=EDGE_LOOP('',(#3849,#3850,#3851,#3852,#3853,#3854,#3855));
#9028=EDGE_LOOP('',(#3856,#3857,#3858,#3859,#3860,#3861,#3862));
#9029=EDGE_LOOP('',(#3863,#3864,#3865,#3866));
#9030=EDGE_LOOP('',(#3867,#3868,#3869,#3870,#3871,#3872,#3873));
#9031=EDGE_LOOP('',(#3874,#3875,#3876,#3877,#3878,#3879,#3880));
#9032=EDGE_LOOP('',(#3881,#3882,#3883,#3884));
#9033=EDGE_LOOP('',(#3885,#3886,#3887,#3888));
#9034=EDGE_LOOP('',(#3889,#3890,#3891,#3892,#3893));
#9035=EDGE_LOOP('',(#3894,#3895,#3896,#3897,#3898,#3899));
#9036=EDGE_LOOP('',(#3900,#3901,#3902));
#9037=EDGE_LOOP('',(#3903,#3904,#3905,#3906));
#9038=EDGE_LOOP('',(#3907,#3908,#3909,#3910));
#9039=EDGE_LOOP('',(#3911,#3912,#3913));
#9040=EDGE_LOOP('',(#3914,#3915,#3916,#3917,#3918));
#9041=EDGE_LOOP('',(#3919,#3920,#3921,#3922));
#9042=EDGE_LOOP('',(#3923,#3924,#3925,#3926,#3927,#3928,#3929));
#9043=EDGE_LOOP('',(#3930,#3931,#3932,#3933));
#9044=EDGE_LOOP('',(#3934,#3935,#3936,#3937));
#9045=EDGE_LOOP('',(#3938,#3939,#3940,#3941));
#9046=EDGE_LOOP('',(#3942,#3943,#3944));
#9047=EDGE_LOOP('',(#3945,#3946,#3947,#3948));
#9048=EDGE_LOOP('',(#3949,#3950,#3951,#3952));
#9049=EDGE_LOOP('',(#3953,#3954,#3955));
#9050=EDGE_LOOP('',(#3956,#3957,#3958,#3959));
#9051=EDGE_LOOP('',(#3960,#3961,#3962,#3963));
#9052=EDGE_LOOP('',(#3964,#3965,#3966,#3967));
#9053=EDGE_LOOP('',(#3968,#3969,#3970,#3971));
#9054=EDGE_LOOP('',(#3972,#3973,#3974,#3975));
#9055=EDGE_LOOP('',(#3976,#3977,#3978));
#9056=EDGE_LOOP('',(#3979,#3980,#3981));
#9057=EDGE_LOOP('',(#3982,#3983,#3984,#3985));
#9058=EDGE_LOOP('',(#3986,#3987,#3988,#3989));
#9059=EDGE_LOOP('',(#3990,#3991,#3992));
#9060=EDGE_LOOP('',(#3993,#3994,#3995,#3996));
#9061=EDGE_LOOP('',(#3997,#3998,#3999,#4000));
#9062=EDGE_LOOP('',(#4001,#4002,#4003,#4004));
#9063=EDGE_LOOP('',(#4005,#4006,#4007,#4008));
#9064=EDGE_LOOP('',(#4009,#4010,#4011,#4012,#4013,#4014));
#9065=EDGE_LOOP('',(#4015,#4016,#4017,#4018,#4019,#4020));
#9066=EDGE_LOOP('',(#4021,#4022,#4023,#4024,#4025,#4026));
#9067=EDGE_LOOP('',(#4027,#4028,#4029,#4030));
#9068=EDGE_LOOP('',(#4031,#4032,#4033,#4034,#4035,#4036,#4037,#4038,#4039,
#4040,#4041,#4042));
#9069=EDGE_LOOP('',(#4043,#4044,#4045,#4046,#4047,#4048,#4049,#4050,#4051,
#4052));
#9070=EDGE_LOOP('',(#4053,#4054,#4055,#4056,#4057,#4058,#4059,#4060,#4061,
#4062));
#9071=EDGE_LOOP('',(#4063,#4064,#4065,#4066));
#9072=EDGE_LOOP('',(#4067,#4068,#4069,#4070));
#9073=EDGE_LOOP('',(#4071,#4072,#4073,#4074));
#9074=EDGE_LOOP('',(#4075,#4076,#4077,#4078));
#9075=EDGE_LOOP('',(#4079,#4080,#4081,#4082));
#9076=EDGE_LOOP('',(#4083,#4084,#4085,#4086));
#9077=EDGE_LOOP('',(#4087,#4088,#4089,#4090,#4091));
#9078=EDGE_LOOP('',(#4092,#4093,#4094,#4095));
#9079=EDGE_LOOP('',(#4096,#4097,#4098,#4099,#4100));
#9080=EDGE_LOOP('',(#4101,#4102,#4103,#4104));
#9081=EDGE_LOOP('',(#4105,#4106,#4107,#4108,#4109));
#9082=EDGE_LOOP('',(#4110,#4111,#4112,#4113,#4114));
#9083=EDGE_LOOP('',(#4115,#4116,#4117,#4118));
#9084=EDGE_LOOP('',(#4119,#4120,#4121,#4122));
#9085=EDGE_LOOP('',(#4123,#4124,#4125,#4126));
#9086=EDGE_LOOP('',(#4127,#4128,#4129,#4130));
#9087=EDGE_LOOP('',(#4131,#4132,#4133,#4134));
#9088=EDGE_LOOP('',(#4135,#4136,#4137,#4138));
#9089=EDGE_LOOP('',(#4139,#4140,#4141,#4142));
#9090=EDGE_LOOP('',(#4143,#4144,#4145,#4146));
#9091=EDGE_LOOP('',(#4147,#4148,#4149,#4150));
#9092=EDGE_LOOP('',(#4151,#4152,#4153,#4154));
#9093=EDGE_LOOP('',(#4155,#4156,#4157,#4158));
#9094=EDGE_LOOP('',(#4159,#4160,#4161,#4162));
#9095=EDGE_LOOP('',(#4163,#4164,#4165,#4166));
#9096=EDGE_LOOP('',(#4167,#4168,#4169,#4170));
#9097=EDGE_LOOP('',(#4171,#4172,#4173,#4174));
#9098=EDGE_LOOP('',(#4175,#4176,#4177,#4178));
#9099=EDGE_LOOP('',(#4179,#4180,#4181,#4182));
#9100=EDGE_LOOP('',(#4183,#4184,#4185,#4186));
#9101=EDGE_LOOP('',(#4187,#4188,#4189,#4190));
#9102=EDGE_LOOP('',(#4191,#4192,#4193,#4194));
#9103=EDGE_LOOP('',(#4195,#4196,#4197,#4198));
#9104=EDGE_LOOP('',(#4199,#4200,#4201,#4202));
#9105=EDGE_LOOP('',(#4203,#4204,#4205,#4206));
#9106=EDGE_LOOP('',(#4207,#4208,#4209,#4210));
#9107=EDGE_LOOP('',(#4211,#4212,#4213,#4214));
#9108=EDGE_LOOP('',(#4215,#4216,#4217,#4218));
#9109=EDGE_LOOP('',(#4219,#4220,#4221,#4222));
#9110=EDGE_LOOP('',(#4223,#4224,#4225,#4226));
#9111=EDGE_LOOP('',(#4227,#4228,#4229,#4230));
#9112=EDGE_LOOP('',(#4231,#4232,#4233,#4234));
#9113=EDGE_LOOP('',(#4235,#4236,#4237,#4238));
#9114=EDGE_LOOP('',(#4239,#4240,#4241,#4242));
#9115=EDGE_LOOP('',(#4243,#4244,#4245,#4246));
#9116=EDGE_LOOP('',(#4247,#4248,#4249,#4250));
#9117=EDGE_LOOP('',(#4251,#4252,#4253,#4254));
#9118=EDGE_LOOP('',(#4255,#4256,#4257,#4258));
#9119=EDGE_LOOP('',(#4259,#4260,#4261,#4262));
#9120=EDGE_LOOP('',(#4263,#4264,#4265,#4266,#4267));
#9121=EDGE_LOOP('',(#4268,#4269,#4270,#4271,#4272,#4273,#4274,#4275,#4276,
#4277));
#9122=EDGE_LOOP('',(#4278,#4279,#4280,#4281,#4282));
#9123=EDGE_LOOP('',(#4283,#4284,#4285,#4286,#4287,#4288,#4289,#4290,#4291,
#4292));
#9124=EDGE_LOOP('',(#4293,#4294,#4295,#4296,#4297,#4298,#4299));
#9125=EDGE_LOOP('',(#4300,#4301,#4302,#4303,#4304));
#9126=EDGE_LOOP('',(#4305,#4306,#4307,#4308));
#9127=EDGE_LOOP('',(#4309,#4310,#4311,#4312,#4313,#4314,#4315,#4316,#4317,
#4318));
#9128=EDGE_LOOP('',(#4319,#4320,#4321,#4322,#4323,#4324,#4325,#4326,#4327,
#4328));
#9129=EDGE_LOOP('',(#4329,#4330,#4331,#4332));
#9130=EDGE_LOOP('',(#4333,#4334,#4335,#4336));
#9131=EDGE_LOOP('',(#4337,#4338,#4339,#4340,#4341,#4342,#4343,#4344,#4345,
#4346,#4347,#4348,#4349,#4350,#4351,#4352,#4353,#4354,#4355,#4356,#4357,
#4358,#4359,#4360,#4361,#4362,#4363,#4364,#4365,#4366,#4367,#4368));
#9132=EDGE_LOOP('',(#4369,#4370,#4371,#4372,#4373,#4374,#4375));
#9133=EDGE_LOOP('',(#4376,#4377,#4378,#4379,#4380,#4381,#4382));
#9134=EDGE_LOOP('',(#4383,#4384,#4385,#4386,#4387,#4388,#4389));
#9135=EDGE_LOOP('',(#4390,#4391,#4392,#4393));
#9136=EDGE_LOOP('',(#4394,#4395,#4396,#4397));
#9137=EDGE_LOOP('',(#4398,#4399,#4400,#4401));
#9138=EDGE_LOOP('',(#4402,#4403,#4404,#4405));
#9139=EDGE_LOOP('',(#4406,#4407,#4408,#4409));
#9140=EDGE_LOOP('',(#4410,#4411,#4412));
#9141=EDGE_LOOP('',(#4413,#4414,#4415,#4416,#4417));
#9142=EDGE_LOOP('',(#4418,#4419,#4420,#4421));
#9143=EDGE_LOOP('',(#4422,#4423,#4424,#4425));
#9144=EDGE_LOOP('',(#4426,#4427,#4428,#4429));
#9145=EDGE_LOOP('',(#4430,#4431,#4432,#4433));
#9146=EDGE_LOOP('',(#4434,#4435,#4436,#4437));
#9147=EDGE_LOOP('',(#4438,#4439,#4440,#4441));
#9148=EDGE_LOOP('',(#4442,#4443,#4444,#4445));
#9149=EDGE_LOOP('',(#4446,#4447,#4448,#4449));
#9150=EDGE_LOOP('',(#4450,#4451,#4452,#4453));
#9151=EDGE_LOOP('',(#4454,#4455,#4456));
#9152=EDGE_LOOP('',(#4457,#4458,#4459,#4460));
#9153=EDGE_LOOP('',(#4461,#4462,#4463,#4464));
#9154=EDGE_LOOP('',(#4465,#4466,#4467,#4468));
#9155=EDGE_LOOP('',(#4469,#4470,#4471,#4472));
#9156=EDGE_LOOP('',(#4473,#4474,#4475,#4476));
#9157=EDGE_LOOP('',(#4477,#4478,#4479,#4480));
#9158=EDGE_LOOP('',(#4481,#4482,#4483,#4484));
#9159=EDGE_LOOP('',(#4485,#4486,#4487,#4488));
#9160=EDGE_LOOP('',(#4489,#4490,#4491,#4492));
#9161=EDGE_LOOP('',(#4493,#4494,#4495));
#9162=EDGE_LOOP('',(#4496,#4497,#4498,#4499,#4500,#4501));
#9163=EDGE_LOOP('',(#4502,#4503,#4504,#4505));
#9164=EDGE_LOOP('',(#4506,#4507,#4508,#4509));
#9165=EDGE_LOOP('',(#4510,#4511,#4512,#4513));
#9166=EDGE_LOOP('',(#4514,#4515,#4516,#4517));
#9167=EDGE_LOOP('',(#4518,#4519,#4520,#4521));
#9168=EDGE_LOOP('',(#4522,#4523,#4524,#4525));
#9169=EDGE_LOOP('',(#4526,#4527,#4528,#4529,#4530));
#9170=EDGE_LOOP('',(#4531,#4532,#4533,#4534));
#9171=EDGE_LOOP('',(#4535,#4536,#4537));
#9172=EDGE_LOOP('',(#4538,#4539,#4540,#4541));
#9173=EDGE_LOOP('',(#4542,#4543,#4544,#4545,#4546,#4547));
#9174=EDGE_LOOP('',(#4548,#4549,#4550,#4551,#4552));
#9175=EDGE_LOOP('',(#4553,#4554,#4555,#4556));
#9176=EDGE_LOOP('',(#4557,#4558,#4559,#4560));
#9177=EDGE_LOOP('',(#4561,#4562,#4563,#4564));
#9178=EDGE_LOOP('',(#4565,#4566,#4567,#4568));
#9179=EDGE_LOOP('',(#4569,#4570,#4571,#4572));
#9180=EDGE_LOOP('',(#4573,#4574,#4575,#4576,#4577,#4578));
#9181=EDGE_LOOP('',(#4579,#4580,#4581,#4582,#4583));
#9182=EDGE_LOOP('',(#4584,#4585,#4586,#4587,#4588,#4589,#4590,#4591));
#9183=EDGE_LOOP('',(#4592,#4593,#4594,#4595));
#9184=EDGE_LOOP('',(#4596,#4597,#4598,#4599));
#9185=EDGE_LOOP('',(#4600,#4601,#4602,#4603));
#9186=EDGE_LOOP('',(#4604,#4605,#4606,#4607));
#9187=EDGE_LOOP('',(#4608,#4609,#4610,#4611,#4612));
#9188=EDGE_LOOP('',(#4613,#4614,#4615,#4616,#4617,#4618,#4619));
#9189=EDGE_LOOP('',(#4620,#4621,#4622,#4623,#4624,#4625,#4626));
#9190=EDGE_LOOP('',(#4627,#4628,#4629,#4630));
#9191=EDGE_LOOP('',(#4631,#4632,#4633,#4634,#4635,#4636,#4637));
#9192=EDGE_LOOP('',(#4638,#4639,#4640,#4641,#4642,#4643,#4644));
#9193=EDGE_LOOP('',(#4645,#4646,#4647,#4648));
#9194=EDGE_LOOP('',(#4649,#4650,#4651,#4652));
#9195=EDGE_LOOP('',(#4653,#4654,#4655,#4656,#4657));
#9196=EDGE_LOOP('',(#4658,#4659,#4660,#4661,#4662,#4663));
#9197=EDGE_LOOP('',(#4664,#4665,#4666));
#9198=EDGE_LOOP('',(#4667,#4668,#4669,#4670));
#9199=EDGE_LOOP('',(#4671,#4672,#4673,#4674));
#9200=EDGE_LOOP('',(#4675,#4676,#4677));
#9201=EDGE_LOOP('',(#4678,#4679,#4680,#4681,#4682));
#9202=EDGE_LOOP('',(#4683,#4684,#4685,#4686));
#9203=EDGE_LOOP('',(#4687,#4688,#4689,#4690,#4691,#4692,#4693));
#9204=EDGE_LOOP('',(#4694,#4695,#4696,#4697));
#9205=EDGE_LOOP('',(#4698,#4699,#4700,#4701));
#9206=EDGE_LOOP('',(#4702,#4703,#4704,#4705));
#9207=EDGE_LOOP('',(#4706,#4707,#4708));
#9208=EDGE_LOOP('',(#4709,#4710,#4711,#4712));
#9209=EDGE_LOOP('',(#4713,#4714,#4715,#4716));
#9210=EDGE_LOOP('',(#4717,#4718,#4719));
#9211=EDGE_LOOP('',(#4720,#4721,#4722,#4723));
#9212=EDGE_LOOP('',(#4724,#4725,#4726,#4727));
#9213=EDGE_LOOP('',(#4728,#4729,#4730,#4731));
#9214=EDGE_LOOP('',(#4732,#4733,#4734,#4735));
#9215=EDGE_LOOP('',(#4736,#4737,#4738,#4739));
#9216=EDGE_LOOP('',(#4740,#4741,#4742));
#9217=EDGE_LOOP('',(#4743,#4744,#4745));
#9218=EDGE_LOOP('',(#4746,#4747,#4748,#4749));
#9219=EDGE_LOOP('',(#4750,#4751,#4752,#4753));
#9220=EDGE_LOOP('',(#4754,#4755,#4756));
#9221=EDGE_LOOP('',(#4757,#4758,#4759,#4760,#4761));
#9222=EDGE_LOOP('',(#4762,#4763,#4764,#4765,#4766));
#9223=EDGE_LOOP('',(#4767,#4768,#4769,#4770));
#9224=EDGE_LOOP('',(#4771,#4772,#4773,#4774));
#9225=EDGE_LOOP('',(#4775,#4776,#4777,#4778));
#9226=EDGE_LOOP('',(#4779,#4780,#4781,#4782));
#9227=EDGE_LOOP('',(#4783,#4784,#4785,#4786));
#9228=EDGE_LOOP('',(#4787,#4788,#4789,#4790));
#9229=EDGE_LOOP('',(#4791,#4792,#4793,#4794,#4795,#4796,#4797,#4798,#4799,
#4800,#4801,#4802));
#9230=EDGE_LOOP('',(#4803,#4804,#4805,#4806,#4807));
#9231=EDGE_LOOP('',(#4808,#4809,#4810,#4811,#4812));
#9232=EDGE_LOOP('',(#4813,#4814,#4815,#4816,#4817));
#9233=EDGE_LOOP('',(#4818,#4819,#4820,#4821,#4822));
#9234=EDGE_LOOP('',(#4823,#4824,#4825,#4826));
#9235=EDGE_LOOP('',(#4827,#4828,#4829,#4830));
#9236=EDGE_LOOP('',(#4831,#4832,#4833,#4834));
#9237=EDGE_LOOP('',(#4835,#4836,#4837,#4838));
#9238=EDGE_LOOP('',(#4839,#4840,#4841,#4842));
#9239=EDGE_LOOP('',(#4843,#4844,#4845,#4846));
#9240=EDGE_LOOP('',(#4847,#4848,#4849,#4850));
#9241=EDGE_LOOP('',(#4851,#4852,#4853,#4854));
#9242=EDGE_LOOP('',(#4855,#4856,#4857,#4858,#4859,#4860));
#9243=EDGE_LOOP('',(#4861,#4862,#4863,#4864,#4865,#4866));
#9244=EDGE_LOOP('',(#4867,#4868,#4869,#4870,#4871,#4872));
#9245=EDGE_LOOP('',(#4873,#4874,#4875,#4876));
#9246=EDGE_LOOP('',(#4877,#4878,#4879,#4880,#4881,#4882,#4883,#4884,#4885,
#4886,#4887,#4888));
#9247=EDGE_LOOP('',(#4889,#4890,#4891,#4892,#4893,#4894,#4895,#4896,#4897,
#4898));
#9248=EDGE_LOOP('',(#4899,#4900,#4901,#4902,#4903,#4904,#4905,#4906,#4907,
#4908));
#9249=EDGE_LOOP('',(#4909,#4910,#4911,#4912));
#9250=EDGE_LOOP('',(#4913,#4914,#4915,#4916));
#9251=EDGE_LOOP('',(#4917,#4918,#4919,#4920));
#9252=EDGE_LOOP('',(#4921,#4922,#4923,#4924));
#9253=EDGE_LOOP('',(#4925,#4926,#4927,#4928));
#9254=EDGE_LOOP('',(#4929,#4930,#4931,#4932));
#9255=EDGE_LOOP('',(#4933,#4934,#4935,#4936,#4937));
#9256=EDGE_LOOP('',(#4938,#4939,#4940,#4941));
#9257=EDGE_LOOP('',(#4942,#4943,#4944,#4945,#4946));
#9258=EDGE_LOOP('',(#4947,#4948,#4949,#4950));
#9259=EDGE_LOOP('',(#4951,#4952,#4953,#4954,#4955));
#9260=EDGE_LOOP('',(#4956,#4957,#4958,#4959,#4960));
#9261=EDGE_LOOP('',(#4961,#4962,#4963,#4964));
#9262=EDGE_LOOP('',(#4965,#4966,#4967,#4968));
#9263=EDGE_LOOP('',(#4969,#4970,#4971,#4972));
#9264=EDGE_LOOP('',(#4973,#4974,#4975,#4976));
#9265=EDGE_LOOP('',(#4977,#4978,#4979,#4980));
#9266=EDGE_LOOP('',(#4981,#4982,#4983,#4984));
#9267=EDGE_LOOP('',(#4985,#4986,#4987,#4988));
#9268=EDGE_LOOP('',(#4989,#4990,#4991,#4992));
#9269=EDGE_LOOP('',(#4993,#4994,#4995,#4996));
#9270=EDGE_LOOP('',(#4997,#4998,#4999,#5000));
#9271=EDGE_LOOP('',(#5001,#5002,#5003,#5004));
#9272=EDGE_LOOP('',(#5005,#5006,#5007,#5008));
#9273=EDGE_LOOP('',(#5009,#5010,#5011,#5012));
#9274=EDGE_LOOP('',(#5013,#5014,#5015,#5016));
#9275=EDGE_LOOP('',(#5017,#5018,#5019,#5020));
#9276=EDGE_LOOP('',(#5021,#5022,#5023,#5024));
#9277=EDGE_LOOP('',(#5025,#5026,#5027,#5028));
#9278=EDGE_LOOP('',(#5029,#5030,#5031,#5032));
#9279=EDGE_LOOP('',(#5033,#5034,#5035,#5036));
#9280=EDGE_LOOP('',(#5037,#5038,#5039,#5040));
#9281=EDGE_LOOP('',(#5041,#5042,#5043,#5044));
#9282=EDGE_LOOP('',(#5045,#5046,#5047,#5048));
#9283=EDGE_LOOP('',(#5049,#5050,#5051,#5052));
#9284=EDGE_LOOP('',(#5053,#5054,#5055,#5056));
#9285=EDGE_LOOP('',(#5057,#5058,#5059,#5060));
#9286=EDGE_LOOP('',(#5061,#5062,#5063,#5064));
#9287=EDGE_LOOP('',(#5065,#5066,#5067,#5068));
#9288=EDGE_LOOP('',(#5069,#5070,#5071,#5072));
#9289=EDGE_LOOP('',(#5073,#5074,#5075,#5076));
#9290=EDGE_LOOP('',(#5077,#5078,#5079,#5080));
#9291=EDGE_LOOP('',(#5081,#5082,#5083,#5084));
#9292=EDGE_LOOP('',(#5085,#5086,#5087,#5088));
#9293=EDGE_LOOP('',(#5089,#5090,#5091,#5092));
#9294=EDGE_LOOP('',(#5093,#5094,#5095,#5096));
#9295=EDGE_LOOP('',(#5097,#5098,#5099,#5100));
#9296=EDGE_LOOP('',(#5101,#5102,#5103,#5104));
#9297=EDGE_LOOP('',(#5105,#5106,#5107,#5108));
#9298=EDGE_LOOP('',(#5109,#5110,#5111,#5112,#5113));
#9299=EDGE_LOOP('',(#5114,#5115,#5116,#5117,#5118,#5119,#5120,#5121,#5122,
#5123));
#9300=EDGE_LOOP('',(#5124,#5125,#5126,#5127,#5128));
#9301=EDGE_LOOP('',(#5129,#5130,#5131,#5132,#5133,#5134,#5135,#5136,#5137,
#5138));
#9302=EDGE_LOOP('',(#5139,#5140,#5141,#5142,#5143,#5144,#5145));
#9303=EDGE_LOOP('',(#5146,#5147,#5148,#5149,#5150));
#9304=EDGE_LOOP('',(#5151,#5152,#5153,#5154));
#9305=EDGE_LOOP('',(#5155,#5156,#5157,#5158,#5159,#5160,#5161,#5162,#5163,
#5164));
#9306=EDGE_LOOP('',(#5165,#5166,#5167,#5168,#5169,#5170,#5171,#5172,#5173,
#5174));
#9307=EDGE_LOOP('',(#5175,#5176,#5177,#5178));
#9308=EDGE_LOOP('',(#5179,#5180,#5181,#5182));
#9309=EDGE_LOOP('',(#5183,#5184,#5185,#5186,#5187,#5188,#5189));
#9310=EDGE_LOOP('',(#5190,#5191,#5192,#5193,#5194,#5195,#5196));
#9311=EDGE_LOOP('',(#5197,#5198,#5199,#5200,#5201,#5202,#5203));
#9312=EDGE_LOOP('',(#5204,#5205,#5206,#5207));
#9313=EDGE_LOOP('',(#5208,#5209,#5210,#5211));
#9314=EDGE_LOOP('',(#5212,#5213,#5214,#5215));
#9315=EDGE_LOOP('',(#5216,#5217,#5218,#5219));
#9316=EDGE_LOOP('',(#5220,#5221,#5222,#5223));
#9317=EDGE_LOOP('',(#5224,#5225,#5226));
#9318=EDGE_LOOP('',(#5227,#5228,#5229,#5230,#5231));
#9319=EDGE_LOOP('',(#5232,#5233,#5234,#5235));
#9320=EDGE_LOOP('',(#5236,#5237,#5238,#5239));
#9321=EDGE_LOOP('',(#5240,#5241,#5242,#5243));
#9322=EDGE_LOOP('',(#5244,#5245,#5246,#5247));
#9323=EDGE_LOOP('',(#5248,#5249,#5250,#5251));
#9324=EDGE_LOOP('',(#5252,#5253,#5254,#5255));
#9325=EDGE_LOOP('',(#5256,#5257,#5258,#5259));
#9326=EDGE_LOOP('',(#5260,#5261,#5262,#5263));
#9327=EDGE_LOOP('',(#5264,#5265,#5266,#5267));
#9328=EDGE_LOOP('',(#5268,#5269,#5270));
#9329=EDGE_LOOP('',(#5271,#5272,#5273,#5274));
#9330=EDGE_LOOP('',(#5275,#5276,#5277,#5278));
#9331=EDGE_LOOP('',(#5279,#5280,#5281,#5282));
#9332=EDGE_LOOP('',(#5283,#5284,#5285,#5286));
#9333=EDGE_LOOP('',(#5287,#5288,#5289,#5290));
#9334=EDGE_LOOP('',(#5291,#5292,#5293,#5294));
#9335=EDGE_LOOP('',(#5295,#5296,#5297,#5298));
#9336=EDGE_LOOP('',(#5299,#5300,#5301,#5302));
#9337=EDGE_LOOP('',(#5303,#5304,#5305,#5306));
#9338=EDGE_LOOP('',(#5307,#5308,#5309));
#9339=EDGE_LOOP('',(#5310,#5311,#5312,#5313,#5314,#5315));
#9340=EDGE_LOOP('',(#5316,#5317,#5318,#5319));
#9341=EDGE_LOOP('',(#5320,#5321,#5322,#5323));
#9342=EDGE_LOOP('',(#5324,#5325,#5326,#5327));
#9343=EDGE_LOOP('',(#5328,#5329,#5330,#5331));
#9344=EDGE_LOOP('',(#5332,#5333,#5334,#5335));
#9345=EDGE_LOOP('',(#5336,#5337,#5338,#5339));
#9346=EDGE_LOOP('',(#5340,#5341,#5342,#5343,#5344));
#9347=EDGE_LOOP('',(#5345,#5346,#5347,#5348));
#9348=EDGE_LOOP('',(#5349,#5350,#5351));
#9349=EDGE_LOOP('',(#5352,#5353,#5354,#5355));
#9350=EDGE_LOOP('',(#5356,#5357,#5358,#5359,#5360,#5361));
#9351=EDGE_LOOP('',(#5362,#5363,#5364,#5365,#5366));
#9352=EDGE_LOOP('',(#5367,#5368,#5369,#5370));
#9353=EDGE_LOOP('',(#5371,#5372,#5373,#5374));
#9354=EDGE_LOOP('',(#5375,#5376,#5377,#5378));
#9355=EDGE_LOOP('',(#5379,#5380,#5381,#5382));
#9356=EDGE_LOOP('',(#5383,#5384,#5385,#5386));
#9357=EDGE_LOOP('',(#5387,#5388,#5389,#5390,#5391,#5392));
#9358=EDGE_LOOP('',(#5393,#5394,#5395,#5396,#5397));
#9359=EDGE_LOOP('',(#5398,#5399,#5400,#5401,#5402,#5403,#5404,#5405));
#9360=EDGE_LOOP('',(#5406,#5407,#5408,#5409));
#9361=EDGE_LOOP('',(#5410,#5411,#5412,#5413));
#9362=EDGE_LOOP('',(#5414,#5415,#5416,#5417));
#9363=EDGE_LOOP('',(#5418,#5419,#5420,#5421));
#9364=EDGE_LOOP('',(#5422,#5423,#5424,#5425,#5426));
#9365=EDGE_LOOP('',(#5427,#5428,#5429,#5430,#5431,#5432,#5433));
#9366=EDGE_LOOP('',(#5434,#5435,#5436,#5437,#5438,#5439,#5440));
#9367=EDGE_LOOP('',(#5441,#5442,#5443,#5444,#5445,#5446,#5447));
#9368=EDGE_LOOP('',(#5448,#5449,#5450,#5451,#5452,#5453,#5454));
#9369=EDGE_LOOP('',(#5455,#5456,#5457,#5458));
#9370=EDGE_LOOP('',(#5459,#5460,#5461,#5462));
#9371=EDGE_LOOP('',(#5463,#5464,#5465,#5466));
#9372=EDGE_LOOP('',(#5467,#5468,#5469,#5470,#5471));
#9373=EDGE_LOOP('',(#5472,#5473,#5474,#5475,#5476,#5477));
#9374=EDGE_LOOP('',(#5478,#5479,#5480));
#9375=EDGE_LOOP('',(#5481,#5482,#5483,#5484));
#9376=EDGE_LOOP('',(#5485,#5486,#5487,#5488));
#9377=EDGE_LOOP('',(#5489,#5490,#5491));
#9378=EDGE_LOOP('',(#5492,#5493,#5494,#5495,#5496));
#9379=EDGE_LOOP('',(#5497,#5498,#5499,#5500));
#9380=EDGE_LOOP('',(#5501,#5502,#5503,#5504,#5505,#5506,#5507));
#9381=EDGE_LOOP('',(#5508,#5509,#5510,#5511));
#9382=EDGE_LOOP('',(#5512,#5513,#5514,#5515));
#9383=EDGE_LOOP('',(#5516,#5517,#5518,#5519));
#9384=EDGE_LOOP('',(#5520,#5521,#5522));
#9385=EDGE_LOOP('',(#5523,#5524,#5525,#5526));
#9386=EDGE_LOOP('',(#5527,#5528,#5529,#5530));
#9387=EDGE_LOOP('',(#5531,#5532,#5533));
#9388=EDGE_LOOP('',(#5534,#5535,#5536,#5537));
#9389=EDGE_LOOP('',(#5538,#5539,#5540,#5541));
#9390=EDGE_LOOP('',(#5542,#5543,#5544,#5545));
#9391=EDGE_LOOP('',(#5546,#5547,#5548,#5549));
#9392=EDGE_LOOP('',(#5550,#5551,#5552,#5553));
#9393=EDGE_LOOP('',(#5554,#5555,#5556));
#9394=EDGE_LOOP('',(#5557,#5558,#5559));
#9395=EDGE_LOOP('',(#5560,#5561,#5562,#5563));
#9396=EDGE_LOOP('',(#5564,#5565,#5566,#5567));
#9397=EDGE_LOOP('',(#5568,#5569,#5570));
#9398=FACE_BOUND('',#8714,.T.);
#9399=FACE_BOUND('',#8715,.T.);
#9400=FACE_BOUND('',#8716,.T.);
#9401=FACE_BOUND('',#8717,.T.);
#9402=FACE_BOUND('',#8718,.T.);
#9403=FACE_BOUND('',#8719,.T.);
#9404=FACE_BOUND('',#8720,.T.);
#9405=FACE_BOUND('',#8721,.T.);
#9406=FACE_BOUND('',#8722,.T.);
#9407=FACE_BOUND('',#8723,.T.);
#9408=FACE_BOUND('',#8724,.T.);
#9409=FACE_BOUND('',#8725,.T.);
#9410=FACE_BOUND('',#8726,.T.);
#9411=FACE_BOUND('',#8727,.T.);
#9412=FACE_BOUND('',#8728,.T.);
#9413=FACE_BOUND('',#8729,.T.);
#9414=FACE_BOUND('',#8730,.T.);
#9415=FACE_BOUND('',#8731,.T.);
#9416=FACE_BOUND('',#8732,.T.);
#9417=FACE_BOUND('',#8733,.T.);
#9418=FACE_BOUND('',#8734,.T.);
#9419=FACE_BOUND('',#8735,.T.);
#9420=FACE_BOUND('',#8736,.T.);
#9421=FACE_BOUND('',#8737,.T.);
#9422=FACE_BOUND('',#8738,.T.);
#9423=FACE_BOUND('',#8739,.T.);
#9424=FACE_BOUND('',#8740,.T.);
#9425=FACE_BOUND('',#8741,.T.);
#9426=FACE_BOUND('',#8742,.T.);
#9427=FACE_BOUND('',#8743,.T.);
#9428=FACE_BOUND('',#8744,.T.);
#9429=FACE_BOUND('',#8745,.T.);
#9430=FACE_BOUND('',#8746,.T.);
#9431=FACE_BOUND('',#8747,.T.);
#9432=FACE_BOUND('',#8748,.T.);
#9433=FACE_BOUND('',#8749,.T.);
#9434=FACE_BOUND('',#8750,.T.);
#9435=FACE_BOUND('',#8751,.T.);
#9436=FACE_BOUND('',#8752,.T.);
#9437=FACE_BOUND('',#8753,.T.);
#9438=FACE_BOUND('',#8754,.T.);
#9439=FACE_BOUND('',#8755,.T.);
#9440=FACE_BOUND('',#8756,.T.);
#9441=FACE_BOUND('',#8757,.T.);
#9442=FACE_BOUND('',#8758,.T.);
#9443=FACE_BOUND('',#8759,.T.);
#9444=FACE_BOUND('',#8760,.T.);
#9445=FACE_BOUND('',#8761,.T.);
#9446=FACE_BOUND('',#8762,.T.);
#9447=FACE_BOUND('',#8763,.T.);
#9448=FACE_BOUND('',#8764,.T.);
#9449=FACE_BOUND('',#8765,.T.);
#9450=FACE_BOUND('',#8766,.T.);
#9451=FACE_BOUND('',#8767,.T.);
#9452=FACE_BOUND('',#8768,.T.);
#9453=FACE_BOUND('',#8769,.T.);
#9454=FACE_BOUND('',#8770,.T.);
#9455=FACE_BOUND('',#8771,.T.);
#9456=FACE_BOUND('',#8772,.T.);
#9457=FACE_BOUND('',#8773,.T.);
#9458=FACE_BOUND('',#8774,.T.);
#9459=FACE_BOUND('',#8775,.T.);
#9460=FACE_BOUND('',#8776,.T.);
#9461=FACE_BOUND('',#8777,.T.);
#9462=FACE_BOUND('',#8778,.T.);
#9463=FACE_BOUND('',#8779,.T.);
#9464=FACE_BOUND('',#8780,.T.);
#9465=FACE_BOUND('',#8781,.T.);
#9466=FACE_BOUND('',#8782,.T.);
#9467=FACE_BOUND('',#8783,.T.);
#9468=FACE_BOUND('',#8784,.T.);
#9469=FACE_BOUND('',#8785,.T.);
#9470=FACE_BOUND('',#8786,.T.);
#9471=FACE_BOUND('',#8787,.T.);
#9472=FACE_BOUND('',#8788,.T.);
#9473=FACE_BOUND('',#8789,.T.);
#9474=FACE_BOUND('',#8790,.T.);
#9475=FACE_BOUND('',#8791,.T.);
#9476=FACE_BOUND('',#8792,.T.);
#9477=FACE_BOUND('',#8793,.T.);
#9478=FACE_BOUND('',#8794,.T.);
#9479=FACE_BOUND('',#8795,.T.);
#9480=FACE_BOUND('',#8796,.T.);
#9481=FACE_BOUND('',#8797,.T.);
#9482=FACE_BOUND('',#8798,.T.);
#9483=FACE_BOUND('',#8799,.T.);
#9484=FACE_BOUND('',#8800,.T.);
#9485=FACE_BOUND('',#8801,.T.);
#9486=FACE_BOUND('',#8802,.T.);
#9487=FACE_BOUND('',#8803,.T.);
#9488=FACE_BOUND('',#8804,.T.);
#9489=FACE_BOUND('',#8805,.T.);
#9490=FACE_BOUND('',#8806,.T.);
#9491=FACE_BOUND('',#8807,.T.);
#9492=FACE_BOUND('',#8808,.T.);
#9493=FACE_BOUND('',#8809,.T.);
#9494=FACE_BOUND('',#8810,.T.);
#9495=FACE_BOUND('',#8811,.T.);
#9496=FACE_BOUND('',#8812,.T.);
#9497=FACE_BOUND('',#8813,.T.);
#9498=FACE_BOUND('',#8814,.T.);
#9499=FACE_BOUND('',#8815,.T.);
#9500=FACE_BOUND('',#8816,.T.);
#9501=FACE_BOUND('',#8817,.T.);
#9502=FACE_BOUND('',#8818,.T.);
#9503=FACE_BOUND('',#8819,.T.);
#9504=FACE_BOUND('',#8820,.T.);
#9505=FACE_BOUND('',#8821,.T.);
#9506=FACE_BOUND('',#8822,.T.);
#9507=FACE_BOUND('',#8823,.T.);
#9508=FACE_BOUND('',#8824,.T.);
#9509=FACE_BOUND('',#8825,.T.);
#9510=FACE_BOUND('',#8826,.T.);
#9511=FACE_BOUND('',#8827,.T.);
#9512=FACE_BOUND('',#8828,.T.);
#9513=FACE_BOUND('',#8829,.T.);
#9514=FACE_BOUND('',#8830,.T.);
#9515=FACE_BOUND('',#8831,.T.);
#9516=FACE_BOUND('',#8832,.T.);
#9517=FACE_BOUND('',#8833,.T.);
#9518=FACE_BOUND('',#8834,.T.);
#9519=FACE_BOUND('',#8835,.T.);
#9520=FACE_BOUND('',#8836,.T.);
#9521=FACE_BOUND('',#8837,.T.);
#9522=FACE_BOUND('',#8838,.T.);
#9523=FACE_BOUND('',#8839,.T.);
#9524=FACE_BOUND('',#8840,.T.);
#9525=FACE_BOUND('',#8841,.T.);
#9526=FACE_BOUND('',#8842,.T.);
#9527=FACE_BOUND('',#8843,.T.);
#9528=FACE_BOUND('',#8844,.T.);
#9529=FACE_BOUND('',#8845,.T.);
#9530=FACE_BOUND('',#8846,.T.);
#9531=FACE_BOUND('',#8847,.T.);
#9532=FACE_BOUND('',#8848,.T.);
#9533=FACE_BOUND('',#8849,.T.);
#9534=FACE_BOUND('',#8850,.T.);
#9535=FACE_BOUND('',#8851,.T.);
#9536=FACE_BOUND('',#8852,.T.);
#9537=FACE_BOUND('',#8853,.T.);
#9538=FACE_BOUND('',#8854,.T.);
#9539=FACE_BOUND('',#8855,.T.);
#9540=FACE_BOUND('',#8856,.T.);
#9541=FACE_BOUND('',#8857,.T.);
#9542=FACE_BOUND('',#8858,.T.);
#9543=FACE_BOUND('',#8859,.T.);
#9544=FACE_BOUND('',#8860,.T.);
#9545=FACE_BOUND('',#8861,.T.);
#9546=FACE_BOUND('',#8862,.T.);
#9547=FACE_BOUND('',#8863,.T.);
#9548=FACE_BOUND('',#8864,.T.);
#9549=FACE_BOUND('',#8865,.T.);
#9550=FACE_BOUND('',#8866,.T.);
#9551=FACE_BOUND('',#8867,.T.);
#9552=FACE_BOUND('',#8868,.T.);
#9553=FACE_BOUND('',#8869,.T.);
#9554=FACE_BOUND('',#8870,.T.);
#9555=FACE_BOUND('',#8871,.T.);
#9556=FACE_BOUND('',#8872,.T.);
#9557=FACE_BOUND('',#8873,.T.);
#9558=FACE_BOUND('',#8874,.T.);
#9559=FACE_BOUND('',#8875,.T.);
#9560=FACE_BOUND('',#8876,.T.);
#9561=FACE_BOUND('',#8877,.T.);
#9562=FACE_BOUND('',#8878,.T.);
#9563=FACE_BOUND('',#8879,.T.);
#9564=FACE_BOUND('',#8880,.T.);
#9565=FACE_BOUND('',#8881,.T.);
#9566=FACE_BOUND('',#8882,.T.);
#9567=FACE_BOUND('',#8883,.T.);
#9568=FACE_BOUND('',#8884,.T.);
#9569=FACE_BOUND('',#8885,.T.);
#9570=FACE_BOUND('',#8886,.T.);
#9571=FACE_BOUND('',#8887,.T.);
#9572=FACE_BOUND('',#8888,.T.);
#9573=FACE_BOUND('',#8889,.T.);
#9574=FACE_BOUND('',#8890,.T.);
#9575=FACE_BOUND('',#8891,.T.);
#9576=FACE_BOUND('',#8892,.T.);
#9577=FACE_BOUND('',#8893,.T.);
#9578=FACE_BOUND('',#8894,.T.);
#9579=FACE_BOUND('',#8895,.T.);
#9580=FACE_BOUND('',#8896,.T.);
#9581=FACE_BOUND('',#8897,.T.);
#9582=FACE_BOUND('',#8898,.T.);
#9583=FACE_BOUND('',#8899,.T.);
#9584=FACE_BOUND('',#8900,.T.);
#9585=FACE_BOUND('',#8901,.T.);
#9586=FACE_BOUND('',#8902,.T.);
#9587=FACE_BOUND('',#8903,.T.);
#9588=FACE_BOUND('',#8904,.T.);
#9589=FACE_BOUND('',#8905,.T.);
#9590=FACE_BOUND('',#8906,.T.);
#9591=FACE_BOUND('',#8907,.T.);
#9592=FACE_BOUND('',#8908,.T.);
#9593=FACE_BOUND('',#8909,.T.);
#9594=FACE_BOUND('',#8910,.T.);
#9595=FACE_BOUND('',#8911,.T.);
#9596=FACE_BOUND('',#8912,.T.);
#9597=FACE_BOUND('',#8913,.T.);
#9598=FACE_BOUND('',#8914,.T.);
#9599=FACE_BOUND('',#8915,.T.);
#9600=FACE_BOUND('',#8916,.T.);
#9601=FACE_BOUND('',#8917,.T.);
#9602=FACE_BOUND('',#8918,.T.);
#9603=FACE_BOUND('',#8919,.T.);
#9604=FACE_BOUND('',#8920,.T.);
#9605=FACE_BOUND('',#8921,.T.);
#9606=FACE_BOUND('',#8922,.T.);
#9607=FACE_BOUND('',#8923,.T.);
#9608=FACE_BOUND('',#8924,.T.);
#9609=FACE_BOUND('',#8925,.T.);
#9610=FACE_BOUND('',#8926,.T.);
#9611=FACE_BOUND('',#8927,.T.);
#9612=FACE_BOUND('',#8928,.T.);
#9613=FACE_BOUND('',#8929,.T.);
#9614=FACE_BOUND('',#8930,.T.);
#9615=FACE_BOUND('',#8931,.T.);
#9616=FACE_BOUND('',#8932,.T.);
#9617=FACE_BOUND('',#8933,.T.);
#9618=FACE_BOUND('',#8934,.T.);
#9619=FACE_BOUND('',#8935,.T.);
#9620=FACE_BOUND('',#8936,.T.);
#9621=FACE_BOUND('',#8937,.T.);
#9622=FACE_BOUND('',#8938,.T.);
#9623=FACE_BOUND('',#8939,.T.);
#9624=FACE_BOUND('',#8940,.T.);
#9625=FACE_BOUND('',#8941,.T.);
#9626=FACE_BOUND('',#8942,.T.);
#9627=FACE_BOUND('',#8943,.T.);
#9628=FACE_BOUND('',#8944,.T.);
#9629=FACE_BOUND('',#8945,.T.);
#9630=FACE_BOUND('',#8946,.T.);
#9631=FACE_BOUND('',#8947,.T.);
#9632=FACE_BOUND('',#8948,.T.);
#9633=FACE_BOUND('',#8949,.T.);
#9634=FACE_BOUND('',#8950,.T.);
#9635=FACE_BOUND('',#8951,.T.);
#9636=FACE_BOUND('',#8952,.T.);
#9637=FACE_BOUND('',#8953,.T.);
#9638=FACE_BOUND('',#8954,.T.);
#9639=FACE_BOUND('',#8955,.T.);
#9640=FACE_BOUND('',#8956,.T.);
#9641=FACE_BOUND('',#8957,.T.);
#9642=FACE_BOUND('',#8958,.T.);
#9643=FACE_BOUND('',#8959,.T.);
#9644=FACE_BOUND('',#8960,.T.);
#9645=FACE_BOUND('',#8961,.T.);
#9646=FACE_BOUND('',#8962,.T.);
#9647=FACE_BOUND('',#8963,.T.);
#9648=FACE_BOUND('',#8964,.T.);
#9649=FACE_BOUND('',#8965,.T.);
#9650=FACE_BOUND('',#8966,.T.);
#9651=FACE_BOUND('',#8967,.T.);
#9652=FACE_BOUND('',#8968,.T.);
#9653=FACE_BOUND('',#8969,.T.);
#9654=FACE_BOUND('',#8970,.T.);
#9655=FACE_BOUND('',#8971,.T.);
#9656=FACE_BOUND('',#8972,.T.);
#9657=FACE_BOUND('',#8973,.T.);
#9658=FACE_BOUND('',#8974,.T.);
#9659=FACE_BOUND('',#8975,.T.);
#9660=FACE_BOUND('',#8976,.T.);
#9661=FACE_BOUND('',#8977,.T.);
#9662=FACE_BOUND('',#8978,.T.);
#9663=FACE_BOUND('',#8979,.T.);
#9664=FACE_BOUND('',#8980,.T.);
#9665=FACE_BOUND('',#8981,.T.);
#9666=FACE_BOUND('',#8982,.T.);
#9667=FACE_BOUND('',#8983,.T.);
#9668=FACE_BOUND('',#8984,.T.);
#9669=FACE_BOUND('',#8985,.T.);
#9670=FACE_BOUND('',#8986,.T.);
#9671=FACE_BOUND('',#8987,.T.);
#9672=FACE_BOUND('',#8988,.T.);
#9673=FACE_BOUND('',#8989,.T.);
#9674=FACE_BOUND('',#8990,.T.);
#9675=FACE_BOUND('',#8991,.T.);
#9676=FACE_BOUND('',#8992,.T.);
#9677=FACE_BOUND('',#8993,.T.);
#9678=FACE_BOUND('',#8994,.T.);
#9679=FACE_BOUND('',#8995,.T.);
#9680=FACE_BOUND('',#8996,.T.);
#9681=FACE_BOUND('',#8997,.T.);
#9682=FACE_BOUND('',#8998,.T.);
#9683=FACE_BOUND('',#8999,.T.);
#9684=FACE_BOUND('',#9000,.T.);
#9685=FACE_BOUND('',#9001,.T.);
#9686=FACE_BOUND('',#9002,.T.);
#9687=FACE_BOUND('',#9003,.T.);
#9688=FACE_BOUND('',#9004,.T.);
#9689=FACE_BOUND('',#9005,.T.);
#9690=FACE_BOUND('',#9006,.T.);
#9691=FACE_BOUND('',#9007,.T.);
#9692=FACE_BOUND('',#9008,.T.);
#9693=FACE_BOUND('',#9009,.T.);
#9694=FACE_BOUND('',#9010,.T.);
#9695=FACE_BOUND('',#9011,.T.);
#9696=FACE_BOUND('',#9012,.T.);
#9697=FACE_BOUND('',#9013,.T.);
#9698=FACE_BOUND('',#9014,.T.);
#9699=FACE_BOUND('',#9015,.T.);
#9700=FACE_BOUND('',#9016,.T.);
#9701=FACE_BOUND('',#9017,.T.);
#9702=FACE_BOUND('',#9018,.T.);
#9703=FACE_BOUND('',#9019,.T.);
#9704=FACE_BOUND('',#9020,.T.);
#9705=FACE_BOUND('',#9021,.T.);
#9706=FACE_BOUND('',#9022,.T.);
#9707=FACE_BOUND('',#9023,.T.);
#9708=FACE_BOUND('',#9024,.T.);
#9709=FACE_BOUND('',#9025,.T.);
#9710=FACE_BOUND('',#9026,.T.);
#9711=FACE_BOUND('',#9027,.T.);
#9712=FACE_BOUND('',#9028,.T.);
#9713=FACE_BOUND('',#9029,.T.);
#9714=FACE_BOUND('',#9030,.T.);
#9715=FACE_BOUND('',#9031,.T.);
#9716=FACE_BOUND('',#9032,.T.);
#9717=FACE_BOUND('',#9033,.T.);
#9718=FACE_BOUND('',#9034,.T.);
#9719=FACE_BOUND('',#9035,.T.);
#9720=FACE_BOUND('',#9036,.T.);
#9721=FACE_BOUND('',#9037,.T.);
#9722=FACE_BOUND('',#9038,.T.);
#9723=FACE_BOUND('',#9039,.T.);
#9724=FACE_BOUND('',#9040,.T.);
#9725=FACE_BOUND('',#9041,.T.);
#9726=FACE_BOUND('',#9042,.T.);
#9727=FACE_BOUND('',#9043,.T.);
#9728=FACE_BOUND('',#9044,.T.);
#9729=FACE_BOUND('',#9045,.T.);
#9730=FACE_BOUND('',#9046,.T.);
#9731=FACE_BOUND('',#9047,.T.);
#9732=FACE_BOUND('',#9048,.T.);
#9733=FACE_BOUND('',#9049,.T.);
#9734=FACE_BOUND('',#9050,.T.);
#9735=FACE_BOUND('',#9051,.T.);
#9736=FACE_BOUND('',#9052,.T.);
#9737=FACE_BOUND('',#9053,.T.);
#9738=FACE_BOUND('',#9054,.T.);
#9739=FACE_BOUND('',#9055,.T.);
#9740=FACE_BOUND('',#9056,.T.);
#9741=FACE_BOUND('',#9057,.T.);
#9742=FACE_BOUND('',#9058,.T.);
#9743=FACE_BOUND('',#9059,.T.);
#9744=FACE_BOUND('',#9060,.T.);
#9745=FACE_BOUND('',#9061,.T.);
#9746=FACE_BOUND('',#9062,.T.);
#9747=FACE_BOUND('',#9063,.T.);
#9748=FACE_BOUND('',#9064,.T.);
#9749=FACE_BOUND('',#9065,.T.);
#9750=FACE_BOUND('',#9066,.T.);
#9751=FACE_BOUND('',#9067,.T.);
#9752=FACE_BOUND('',#9068,.T.);
#9753=FACE_BOUND('',#9069,.T.);
#9754=FACE_BOUND('',#9070,.T.);
#9755=FACE_BOUND('',#9071,.T.);
#9756=FACE_BOUND('',#9072,.T.);
#9757=FACE_BOUND('',#9073,.T.);
#9758=FACE_BOUND('',#9074,.T.);
#9759=FACE_BOUND('',#9075,.T.);
#9760=FACE_BOUND('',#9076,.T.);
#9761=FACE_BOUND('',#9077,.T.);
#9762=FACE_BOUND('',#9078,.T.);
#9763=FACE_BOUND('',#9079,.T.);
#9764=FACE_BOUND('',#9080,.T.);
#9765=FACE_BOUND('',#9081,.T.);
#9766=FACE_BOUND('',#9082,.T.);
#9767=FACE_BOUND('',#9083,.T.);
#9768=FACE_BOUND('',#9084,.T.);
#9769=FACE_BOUND('',#9085,.T.);
#9770=FACE_BOUND('',#9086,.T.);
#9771=FACE_BOUND('',#9087,.T.);
#9772=FACE_BOUND('',#9088,.T.);
#9773=FACE_BOUND('',#9089,.T.);
#9774=FACE_BOUND('',#9090,.T.);
#9775=FACE_BOUND('',#9091,.T.);
#9776=FACE_BOUND('',#9092,.T.);
#9777=FACE_BOUND('',#9093,.T.);
#9778=FACE_BOUND('',#9094,.T.);
#9779=FACE_BOUND('',#9095,.T.);
#9780=FACE_BOUND('',#9096,.T.);
#9781=FACE_BOUND('',#9097,.T.);
#9782=FACE_BOUND('',#9098,.T.);
#9783=FACE_BOUND('',#9099,.T.);
#9784=FACE_BOUND('',#9100,.T.);
#9785=FACE_BOUND('',#9101,.T.);
#9786=FACE_BOUND('',#9102,.T.);
#9787=FACE_BOUND('',#9103,.T.);
#9788=FACE_BOUND('',#9104,.T.);
#9789=FACE_BOUND('',#9105,.T.);
#9790=FACE_BOUND('',#9106,.T.);
#9791=FACE_BOUND('',#9107,.T.);
#9792=FACE_BOUND('',#9108,.T.);
#9793=FACE_BOUND('',#9109,.T.);
#9794=FACE_BOUND('',#9110,.T.);
#9795=FACE_BOUND('',#9111,.T.);
#9796=FACE_BOUND('',#9112,.T.);
#9797=FACE_BOUND('',#9113,.T.);
#9798=FACE_BOUND('',#9114,.T.);
#9799=FACE_BOUND('',#9115,.T.);
#9800=FACE_BOUND('',#9116,.T.);
#9801=FACE_BOUND('',#9117,.T.);
#9802=FACE_BOUND('',#9118,.T.);
#9803=FACE_BOUND('',#9119,.T.);
#9804=FACE_BOUND('',#9120,.T.);
#9805=FACE_BOUND('',#9121,.T.);
#9806=FACE_BOUND('',#9122,.T.);
#9807=FACE_BOUND('',#9123,.T.);
#9808=FACE_BOUND('',#9124,.T.);
#9809=FACE_BOUND('',#9125,.T.);
#9810=FACE_BOUND('',#9126,.T.);
#9811=FACE_BOUND('',#9127,.T.);
#9812=FACE_BOUND('',#9128,.T.);
#9813=FACE_BOUND('',#9129,.T.);
#9814=FACE_BOUND('',#9130,.T.);
#9815=FACE_BOUND('',#9131,.T.);
#9816=FACE_BOUND('',#9132,.T.);
#9817=FACE_BOUND('',#9133,.T.);
#9818=FACE_BOUND('',#9134,.T.);
#9819=FACE_BOUND('',#9135,.T.);
#9820=FACE_BOUND('',#9136,.T.);
#9821=FACE_BOUND('',#9137,.T.);
#9822=FACE_BOUND('',#9138,.T.);
#9823=FACE_BOUND('',#9139,.T.);
#9824=FACE_BOUND('',#9140,.T.);
#9825=FACE_BOUND('',#9141,.T.);
#9826=FACE_BOUND('',#9142,.T.);
#9827=FACE_BOUND('',#9143,.T.);
#9828=FACE_BOUND('',#9144,.T.);
#9829=FACE_BOUND('',#9145,.T.);
#9830=FACE_BOUND('',#9146,.T.);
#9831=FACE_BOUND('',#9147,.T.);
#9832=FACE_BOUND('',#9148,.T.);
#9833=FACE_BOUND('',#9149,.T.);
#9834=FACE_BOUND('',#9150,.T.);
#9835=FACE_BOUND('',#9151,.T.);
#9836=FACE_BOUND('',#9152,.T.);
#9837=FACE_BOUND('',#9153,.T.);
#9838=FACE_BOUND('',#9154,.T.);
#9839=FACE_BOUND('',#9155,.T.);
#9840=FACE_BOUND('',#9156,.T.);
#9841=FACE_BOUND('',#9157,.T.);
#9842=FACE_BOUND('',#9158,.T.);
#9843=FACE_BOUND('',#9159,.T.);
#9844=FACE_BOUND('',#9160,.T.);
#9845=FACE_BOUND('',#9161,.T.);
#9846=FACE_BOUND('',#9162,.T.);
#9847=FACE_BOUND('',#9163,.T.);
#9848=FACE_BOUND('',#9164,.T.);
#9849=FACE_BOUND('',#9165,.T.);
#9850=FACE_BOUND('',#9166,.T.);
#9851=FACE_BOUND('',#9167,.T.);
#9852=FACE_BOUND('',#9168,.T.);
#9853=FACE_BOUND('',#9169,.T.);
#9854=FACE_BOUND('',#9170,.T.);
#9855=FACE_BOUND('',#9171,.T.);
#9856=FACE_BOUND('',#9172,.T.);
#9857=FACE_BOUND('',#9173,.T.);
#9858=FACE_BOUND('',#9174,.T.);
#9859=FACE_BOUND('',#9175,.T.);
#9860=FACE_BOUND('',#9176,.T.);
#9861=FACE_BOUND('',#9177,.T.);
#9862=FACE_BOUND('',#9178,.T.);
#9863=FACE_BOUND('',#9179,.T.);
#9864=FACE_BOUND('',#9180,.T.);
#9865=FACE_BOUND('',#9181,.T.);
#9866=FACE_BOUND('',#9182,.T.);
#9867=FACE_BOUND('',#9183,.T.);
#9868=FACE_BOUND('',#9184,.T.);
#9869=FACE_BOUND('',#9185,.T.);
#9870=FACE_BOUND('',#9186,.T.);
#9871=FACE_BOUND('',#9187,.T.);
#9872=FACE_BOUND('',#9188,.T.);
#9873=FACE_BOUND('',#9189,.T.);
#9874=FACE_BOUND('',#9190,.T.);
#9875=FACE_BOUND('',#9191,.T.);
#9876=FACE_BOUND('',#9192,.T.);
#9877=FACE_BOUND('',#9193,.T.);
#9878=FACE_BOUND('',#9194,.T.);
#9879=FACE_BOUND('',#9195,.T.);
#9880=FACE_BOUND('',#9196,.T.);
#9881=FACE_BOUND('',#9197,.T.);
#9882=FACE_BOUND('',#9198,.T.);
#9883=FACE_BOUND('',#9199,.T.);
#9884=FACE_BOUND('',#9200,.T.);
#9885=FACE_BOUND('',#9201,.T.);
#9886=FACE_BOUND('',#9202,.T.);
#9887=FACE_BOUND('',#9203,.T.);
#9888=FACE_BOUND('',#9204,.T.);
#9889=FACE_BOUND('',#9205,.T.);
#9890=FACE_BOUND('',#9206,.T.);
#9891=FACE_BOUND('',#9207,.T.);
#9892=FACE_BOUND('',#9208,.T.);
#9893=FACE_BOUND('',#9209,.T.);
#9894=FACE_BOUND('',#9210,.T.);
#9895=FACE_BOUND('',#9211,.T.);
#9896=FACE_BOUND('',#9212,.T.);
#9897=FACE_BOUND('',#9213,.T.);
#9898=FACE_BOUND('',#9214,.T.);
#9899=FACE_BOUND('',#9215,.T.);
#9900=FACE_BOUND('',#9216,.T.);
#9901=FACE_BOUND('',#9217,.T.);
#9902=FACE_BOUND('',#9218,.T.);
#9903=FACE_BOUND('',#9219,.T.);
#9904=FACE_BOUND('',#9220,.T.);
#9905=FACE_BOUND('',#9221,.T.);
#9906=FACE_BOUND('',#9222,.T.);
#9907=FACE_BOUND('',#9223,.T.);
#9908=FACE_BOUND('',#9224,.T.);
#9909=FACE_BOUND('',#9225,.T.);
#9910=FACE_BOUND('',#9226,.T.);
#9911=FACE_BOUND('',#9227,.T.);
#9912=FACE_BOUND('',#9228,.T.);
#9913=FACE_BOUND('',#9229,.T.);
#9914=FACE_BOUND('',#9230,.T.);
#9915=FACE_BOUND('',#9231,.T.);
#9916=FACE_BOUND('',#9232,.T.);
#9917=FACE_BOUND('',#9233,.T.);
#9918=FACE_BOUND('',#9234,.T.);
#9919=FACE_BOUND('',#9235,.T.);
#9920=FACE_BOUND('',#9236,.T.);
#9921=FACE_BOUND('',#9237,.T.);
#9922=FACE_BOUND('',#9238,.T.);
#9923=FACE_BOUND('',#9239,.T.);
#9924=FACE_BOUND('',#9240,.T.);
#9925=FACE_BOUND('',#9241,.T.);
#9926=FACE_BOUND('',#9242,.T.);
#9927=FACE_BOUND('',#9243,.T.);
#9928=FACE_BOUND('',#9244,.T.);
#9929=FACE_BOUND('',#9245,.T.);
#9930=FACE_BOUND('',#9246,.T.);
#9931=FACE_BOUND('',#9247,.T.);
#9932=FACE_BOUND('',#9248,.T.);
#9933=FACE_BOUND('',#9249,.T.);
#9934=FACE_BOUND('',#9250,.T.);
#9935=FACE_BOUND('',#9251,.T.);
#9936=FACE_BOUND('',#9252,.T.);
#9937=FACE_BOUND('',#9253,.T.);
#9938=FACE_BOUND('',#9254,.T.);
#9939=FACE_BOUND('',#9255,.T.);
#9940=FACE_BOUND('',#9256,.T.);
#9941=FACE_BOUND('',#9257,.T.);
#9942=FACE_BOUND('',#9258,.T.);
#9943=FACE_BOUND('',#9259,.T.);
#9944=FACE_BOUND('',#9260,.T.);
#9945=FACE_BOUND('',#9261,.T.);
#9946=FACE_BOUND('',#9262,.T.);
#9947=FACE_BOUND('',#9263,.T.);
#9948=FACE_BOUND('',#9264,.T.);
#9949=FACE_BOUND('',#9265,.T.);
#9950=FACE_BOUND('',#9266,.T.);
#9951=FACE_BOUND('',#9267,.T.);
#9952=FACE_BOUND('',#9268,.T.);
#9953=FACE_BOUND('',#9269,.T.);
#9954=FACE_BOUND('',#9270,.T.);
#9955=FACE_BOUND('',#9271,.T.);
#9956=FACE_BOUND('',#9272,.T.);
#9957=FACE_BOUND('',#9273,.T.);
#9958=FACE_BOUND('',#9274,.T.);
#9959=FACE_BOUND('',#9275,.T.);
#9960=FACE_BOUND('',#9276,.T.);
#9961=FACE_BOUND('',#9277,.T.);
#9962=FACE_BOUND('',#9278,.T.);
#9963=FACE_BOUND('',#9279,.T.);
#9964=FACE_BOUND('',#9280,.T.);
#9965=FACE_BOUND('',#9281,.T.);
#9966=FACE_BOUND('',#9282,.T.);
#9967=FACE_BOUND('',#9283,.T.);
#9968=FACE_BOUND('',#9284,.T.);
#9969=FACE_BOUND('',#9285,.T.);
#9970=FACE_BOUND('',#9286,.T.);
#9971=FACE_BOUND('',#9287,.T.);
#9972=FACE_BOUND('',#9288,.T.);
#9973=FACE_BOUND('',#9289,.T.);
#9974=FACE_BOUND('',#9290,.T.);
#9975=FACE_BOUND('',#9291,.T.);
#9976=FACE_BOUND('',#9292,.T.);
#9977=FACE_BOUND('',#9293,.T.);
#9978=FACE_BOUND('',#9294,.T.);
#9979=FACE_BOUND('',#9295,.T.);
#9980=FACE_BOUND('',#9296,.T.);
#9981=FACE_BOUND('',#9297,.T.);
#9982=FACE_BOUND('',#9298,.T.);
#9983=FACE_BOUND('',#9299,.T.);
#9984=FACE_BOUND('',#9300,.T.);
#9985=FACE_BOUND('',#9301,.T.);
#9986=FACE_BOUND('',#9302,.T.);
#9987=FACE_BOUND('',#9303,.T.);
#9988=FACE_BOUND('',#9304,.T.);
#9989=FACE_BOUND('',#9305,.T.);
#9990=FACE_BOUND('',#9306,.T.);
#9991=FACE_BOUND('',#9307,.T.);
#9992=FACE_BOUND('',#9308,.T.);
#9993=FACE_BOUND('',#9309,.T.);
#9994=FACE_BOUND('',#9310,.T.);
#9995=FACE_BOUND('',#9311,.T.);
#9996=FACE_BOUND('',#9312,.T.);
#9997=FACE_BOUND('',#9313,.T.);
#9998=FACE_BOUND('',#9314,.T.);
#9999=FACE_BOUND('',#9315,.T.);
#10000=FACE_BOUND('',#9316,.T.);
#10001=FACE_BOUND('',#9317,.T.);
#10002=FACE_BOUND('',#9318,.T.);
#10003=FACE_BOUND('',#9319,.T.);
#10004=FACE_BOUND('',#9320,.T.);
#10005=FACE_BOUND('',#9321,.T.);
#10006=FACE_BOUND('',#9322,.T.);
#10007=FACE_BOUND('',#9323,.T.);
#10008=FACE_BOUND('',#9324,.T.);
#10009=FACE_BOUND('',#9325,.T.);
#10010=FACE_BOUND('',#9326,.T.);
#10011=FACE_BOUND('',#9327,.T.);
#10012=FACE_BOUND('',#9328,.T.);
#10013=FACE_BOUND('',#9329,.T.);
#10014=FACE_BOUND('',#9330,.T.);
#10015=FACE_BOUND('',#9331,.T.);
#10016=FACE_BOUND('',#9332,.T.);
#10017=FACE_BOUND('',#9333,.T.);
#10018=FACE_BOUND('',#9334,.T.);
#10019=FACE_BOUND('',#9335,.T.);
#10020=FACE_BOUND('',#9336,.T.);
#10021=FACE_BOUND('',#9337,.T.);
#10022=FACE_BOUND('',#9338,.T.);
#10023=FACE_BOUND('',#9339,.T.);
#10024=FACE_BOUND('',#9340,.T.);
#10025=FACE_BOUND('',#9341,.T.);
#10026=FACE_BOUND('',#9342,.T.);
#10027=FACE_BOUND('',#9343,.T.);
#10028=FACE_BOUND('',#9344,.T.);
#10029=FACE_BOUND('',#9345,.T.);
#10030=FACE_BOUND('',#9346,.T.);
#10031=FACE_BOUND('',#9347,.T.);
#10032=FACE_BOUND('',#9348,.T.);
#10033=FACE_BOUND('',#9349,.T.);
#10034=FACE_BOUND('',#9350,.T.);
#10035=FACE_BOUND('',#9351,.T.);
#10036=FACE_BOUND('',#9352,.T.);
#10037=FACE_BOUND('',#9353,.T.);
#10038=FACE_BOUND('',#9354,.T.);
#10039=FACE_BOUND('',#9355,.T.);
#10040=FACE_BOUND('',#9356,.T.);
#10041=FACE_BOUND('',#9357,.T.);
#10042=FACE_BOUND('',#9358,.T.);
#10043=FACE_BOUND('',#9359,.T.);
#10044=FACE_BOUND('',#9360,.T.);
#10045=FACE_BOUND('',#9361,.T.);
#10046=FACE_BOUND('',#9362,.T.);
#10047=FACE_BOUND('',#9363,.T.);
#10048=FACE_BOUND('',#9364,.T.);
#10049=FACE_BOUND('',#9365,.T.);
#10050=FACE_BOUND('',#9366,.T.);
#10051=FACE_BOUND('',#9367,.T.);
#10052=FACE_BOUND('',#9368,.T.);
#10053=FACE_BOUND('',#9369,.T.);
#10054=FACE_BOUND('',#9370,.T.);
#10055=FACE_BOUND('',#9371,.T.);
#10056=FACE_BOUND('',#9372,.T.);
#10057=FACE_BOUND('',#9373,.T.);
#10058=FACE_BOUND('',#9374,.T.);
#10059=FACE_BOUND('',#9375,.T.);
#10060=FACE_BOUND('',#9376,.T.);
#10061=FACE_BOUND('',#9377,.T.);
#10062=FACE_BOUND('',#9378,.T.);
#10063=FACE_BOUND('',#9379,.T.);
#10064=FACE_BOUND('',#9380,.T.);
#10065=FACE_BOUND('',#9381,.T.);
#10066=FACE_BOUND('',#9382,.T.);
#10067=FACE_BOUND('',#9383,.T.);
#10068=FACE_BOUND('',#9384,.T.);
#10069=FACE_BOUND('',#9385,.T.);
#10070=FACE_BOUND('',#9386,.T.);
#10071=FACE_BOUND('',#9387,.T.);
#10072=FACE_BOUND('',#9388,.T.);
#10073=FACE_BOUND('',#9389,.T.);
#10074=FACE_BOUND('',#9390,.T.);
#10075=FACE_BOUND('',#9391,.T.);
#10076=FACE_BOUND('',#9392,.T.);
#10077=FACE_BOUND('',#9393,.T.);
#10078=FACE_BOUND('',#9394,.T.);
#10079=FACE_BOUND('',#9395,.T.);
#10080=FACE_BOUND('',#9396,.T.);
#10081=FACE_BOUND('',#9397,.T.);
#10082=CYLINDRICAL_SURFACE('',#11053,0.0005);
#10083=CYLINDRICAL_SURFACE('',#11056,0.0005);
#10084=CYLINDRICAL_SURFACE('',#11059,0.000512132034356031);
#10085=CYLINDRICAL_SURFACE('',#11064,0.001);
#10086=CYLINDRICAL_SURFACE('',#11066,0.0002);
#10087=CYLINDRICAL_SURFACE('',#11082,0.0005);
#10088=CYLINDRICAL_SURFACE('',#11086,0.0005);
#10089=CYLINDRICAL_SURFACE('',#11092,0.0009);
#10090=CYLINDRICAL_SURFACE('',#11095,0.0009);
#10091=CYLINDRICAL_SURFACE('',#11097,0.001);
#10092=CYLINDRICAL_SURFACE('',#11100,0.001);
#10093=CYLINDRICAL_SURFACE('',#11102,5.E-5);
#10094=CYLINDRICAL_SURFACE('',#11107,5.E-5);
#10095=CYLINDRICAL_SURFACE('',#11109,0.0001);
#10096=CYLINDRICAL_SURFACE('',#11113,0.0001);
#10097=CYLINDRICAL_SURFACE('',#11117,0.0001);
#10098=CYLINDRICAL_SURFACE('',#11122,0.0001);
#10099=CYLINDRICAL_SURFACE('',#11126,0.0001);
#10100=CYLINDRICAL_SURFACE('',#11130,0.0001);
#10101=CYLINDRICAL_SURFACE('',#11134,0.0001);
#10102=CYLINDRICAL_SURFACE('',#11136,0.0001);
#10103=CYLINDRICAL_SURFACE('',#11140,0.0001);
#10104=CYLINDRICAL_SURFACE('',#11144,0.0001);
#10105=CYLINDRICAL_SURFACE('',#11149,0.0001);
#10106=CYLINDRICAL_SURFACE('',#11153,0.0001);
#10107=CYLINDRICAL_SURFACE('',#11157,0.0001);
#10108=CYLINDRICAL_SURFACE('',#11161,0.0001);
#10109=CYLINDRICAL_SURFACE('',#11178,0.001);
#10110=CYLINDRICAL_SURFACE('',#11181,0.001);
#10111=CYLINDRICAL_SURFACE('',#11211,0.0001);
#10112=CYLINDRICAL_SURFACE('',#11216,0.0001);
#10113=CYLINDRICAL_SURFACE('',#11222,0.000200000000000006);
#10114=CYLINDRICAL_SURFACE('',#11225,0.0001);
#10115=CYLINDRICAL_SURFACE('',#11231,0.0001);
#10116=CYLINDRICAL_SURFACE('',#11241,0.0001);
#10117=CYLINDRICAL_SURFACE('',#11242,0.0001);
#10118=CYLINDRICAL_SURFACE('',#11247,0.0001);
#10119=CYLINDRICAL_SURFACE('',#11248,0.0001);
#10120=CYLINDRICAL_SURFACE('',#11252,0.0001);
#10121=CYLINDRICAL_SURFACE('',#11257,0.0001);
#10122=CYLINDRICAL_SURFACE('',#11261,0.0001);
#10123=CYLINDRICAL_SURFACE('',#11262,0.0001);
#10124=CYLINDRICAL_SURFACE('',#11268,0.0001);
#10125=CYLINDRICAL_SURFACE('',#11269,0.0001);
#10126=CYLINDRICAL_SURFACE('',#11270,0.0001);
#10127=CYLINDRICAL_SURFACE('',#11275,0.0001);
#10128=CYLINDRICAL_SURFACE('',#11281,0.0001);
#10129=CYLINDRICAL_SURFACE('',#11283,0.0001);
#10130=CYLINDRICAL_SURFACE('',#11284,0.0001);
#10131=CYLINDRICAL_SURFACE('',#11289,0.0001);
#10132=CYLINDRICAL_SURFACE('',#11291,0.0001);
#10133=CYLINDRICAL_SURFACE('',#11293,0.0001);
#10134=CYLINDRICAL_SURFACE('',#11295,0.0005);
#10135=CYLINDRICAL_SURFACE('',#11300,0.0005);
#10136=CYLINDRICAL_SURFACE('',#11316,0.0011);
#10137=CYLINDRICAL_SURFACE('',#11321,0.0011);
#10138=CYLINDRICAL_SURFACE('',#11322,0.0011);
#10139=CYLINDRICAL_SURFACE('',#11328,0.0011);
#10140=CYLINDRICAL_SURFACE('',#11329,0.0011);
#10141=CYLINDRICAL_SURFACE('',#11332,0.0005);
#10142=CYLINDRICAL_SURFACE('',#11337,0.0005);
#10143=CYLINDRICAL_SURFACE('',#11338,0.0005);
#10144=CYLINDRICAL_SURFACE('',#11343,0.0005);
#10145=CYLINDRICAL_SURFACE('',#11344,0.0005);
#10146=CYLINDRICAL_SURFACE('',#11349,0.0005);
#10147=CYLINDRICAL_SURFACE('',#11351,0.0005);
#10148=CYLINDRICAL_SURFACE('',#11357,0.0005);
#10149=CYLINDRICAL_SURFACE('',#11359,0.0005);
#10150=CYLINDRICAL_SURFACE('',#11380,0.02);
#10151=CYLINDRICAL_SURFACE('',#11381,0.02);
#10152=CYLINDRICAL_SURFACE('',#11383,0.02);
#10153=CYLINDRICAL_SURFACE('',#11384,0.02);
#10154=CYLINDRICAL_SURFACE('',#11386,0.0005);
#10155=CYLINDRICAL_SURFACE('',#11401,0.02);
#10156=CYLINDRICAL_SURFACE('',#11403,0.02);
#10157=CYLINDRICAL_SURFACE('',#11406,0.02);
#10158=CYLINDRICAL_SURFACE('',#11408,0.02);
#10159=CYLINDRICAL_SURFACE('',#11416,0.0005);
#10160=CYLINDRICAL_SURFACE('',#11418,0.000512132034356031);
#10161=CYLINDRICAL_SURFACE('',#11423,0.001);
#10162=CYLINDRICAL_SURFACE('',#11425,0.0002);
#10163=CYLINDRICAL_SURFACE('',#11441,0.0005);
#10164=CYLINDRICAL_SURFACE('',#11445,0.0005);
#10165=CYLINDRICAL_SURFACE('',#11452,0.0009);
#10166=CYLINDRICAL_SURFACE('',#11455,0.0009);
#10167=CYLINDRICAL_SURFACE('',#11457,0.001);
#10168=CYLINDRICAL_SURFACE('',#11460,0.001);
#10169=CYLINDRICAL_SURFACE('',#11462,5.E-5);
#10170=CYLINDRICAL_SURFACE('',#11467,5.E-5);
#10171=CYLINDRICAL_SURFACE('',#11469,0.0001);
#10172=CYLINDRICAL_SURFACE('',#11473,0.0001);
#10173=CYLINDRICAL_SURFACE('',#11477,0.0001);
#10174=CYLINDRICAL_SURFACE('',#11482,0.0001);
#10175=CYLINDRICAL_SURFACE('',#11486,0.0001);
#10176=CYLINDRICAL_SURFACE('',#11490,0.0001);
#10177=CYLINDRICAL_SURFACE('',#11494,0.0001);
#10178=CYLINDRICAL_SURFACE('',#11496,0.0001);
#10179=CYLINDRICAL_SURFACE('',#11500,0.0001);
#10180=CYLINDRICAL_SURFACE('',#11504,0.0001);
#10181=CYLINDRICAL_SURFACE('',#11509,0.0001);
#10182=CYLINDRICAL_SURFACE('',#11513,0.0001);
#10183=CYLINDRICAL_SURFACE('',#11517,0.0001);
#10184=CYLINDRICAL_SURFACE('',#11521,0.0001);
#10185=CYLINDRICAL_SURFACE('',#11538,0.001);
#10186=CYLINDRICAL_SURFACE('',#11541,0.001);
#10187=CYLINDRICAL_SURFACE('',#11553,0.0001);
#10188=CYLINDRICAL_SURFACE('',#11558,0.0001);
#10189=CYLINDRICAL_SURFACE('',#11565,0.000200000000000006);
#10190=CYLINDRICAL_SURFACE('',#11568,0.0001);
#10191=CYLINDRICAL_SURFACE('',#11574,0.0001);
#10192=CYLINDRICAL_SURFACE('',#11584,0.0001);
#10193=CYLINDRICAL_SURFACE('',#11585,0.0001);
#10194=CYLINDRICAL_SURFACE('',#11590,0.0001);
#10195=CYLINDRICAL_SURFACE('',#11591,0.0001);
#10196=CYLINDRICAL_SURFACE('',#11595,0.0001);
#10197=CYLINDRICAL_SURFACE('',#11600,0.0001);
#10198=CYLINDRICAL_SURFACE('',#11604,0.0001);
#10199=CYLINDRICAL_SURFACE('',#11605,0.0001);
#10200=CYLINDRICAL_SURFACE('',#11611,0.0001);
#10201=CYLINDRICAL_SURFACE('',#11612,0.0001);
#10202=CYLINDRICAL_SURFACE('',#11613,0.0001);
#10203=CYLINDRICAL_SURFACE('',#11618,0.0001);
#10204=CYLINDRICAL_SURFACE('',#11623,0.000290364087786762);
#10205=CYLINDRICAL_SURFACE('',#11624,0.0001);
#10206=CYLINDRICAL_SURFACE('',#11626,0.0001);
#10207=CYLINDRICAL_SURFACE('',#11627,0.0001);
#10208=CYLINDRICAL_SURFACE('',#11632,0.0001);
#10209=CYLINDRICAL_SURFACE('',#11635,0.0001);
#10210=CYLINDRICAL_SURFACE('',#11637,0.0001);
#10211=CYLINDRICAL_SURFACE('',#11639,0.0005);
#10212=CYLINDRICAL_SURFACE('',#11644,0.0005);
#10213=CYLINDRICAL_SURFACE('',#11660,0.0011);
#10214=CYLINDRICAL_SURFACE('',#11665,0.0011);
#10215=CYLINDRICAL_SURFACE('',#11666,0.0011);
#10216=CYLINDRICAL_SURFACE('',#11672,0.0011);
#10217=CYLINDRICAL_SURFACE('',#11673,0.0011);
#10218=CYLINDRICAL_SURFACE('',#11676,0.0005);
#10219=CYLINDRICAL_SURFACE('',#11680,0.0005);
#10220=CYLINDRICAL_SURFACE('',#11681,0.0005);
#10221=CYLINDRICAL_SURFACE('',#11685,0.0005);
#10222=CYLINDRICAL_SURFACE('',#11686,0.0005);
#10223=CYLINDRICAL_SURFACE('',#11691,0.0005);
#10224=CYLINDRICAL_SURFACE('',#11693,0.0005);
#10225=CYLINDRICAL_SURFACE('',#11699,0.0005);
#10226=CYLINDRICAL_SURFACE('',#11701,0.0005);
#10227=CYLINDRICAL_SURFACE('',#11704,0.0005);
#10228=CYLINDRICAL_SURFACE('',#11706,0.0005);
#10229=CYLINDRICAL_SURFACE('',#11709,0.0005);
#10230=CYLINDRICAL_SURFACE('',#11712,0.000512132034356031);
#10231=CYLINDRICAL_SURFACE('',#11716,0.001);
#10232=CYLINDRICAL_SURFACE('',#11718,0.0002);
#10233=CYLINDRICAL_SURFACE('',#11734,0.0005);
#10234=CYLINDRICAL_SURFACE('',#11738,0.0005);
#10235=CYLINDRICAL_SURFACE('',#11744,0.0009);
#10236=CYLINDRICAL_SURFACE('',#11747,0.0009);
#10237=CYLINDRICAL_SURFACE('',#11749,0.001);
#10238=CYLINDRICAL_SURFACE('',#11751,0.001);
#10239=CYLINDRICAL_SURFACE('',#11753,5.E-5);
#10240=CYLINDRICAL_SURFACE('',#11758,5.E-5);
#10241=CYLINDRICAL_SURFACE('',#11760,0.0001);
#10242=CYLINDRICAL_SURFACE('',#11764,0.0001);
#10243=CYLINDRICAL_SURFACE('',#11768,0.0001);
#10244=CYLINDRICAL_SURFACE('',#11773,0.0001);
#10245=CYLINDRICAL_SURFACE('',#11777,0.0001);
#10246=CYLINDRICAL_SURFACE('',#11781,0.0001);
#10247=CYLINDRICAL_SURFACE('',#11785,0.0001);
#10248=CYLINDRICAL_SURFACE('',#11787,0.0001);
#10249=CYLINDRICAL_SURFACE('',#11791,0.0001);
#10250=CYLINDRICAL_SURFACE('',#11795,0.0001);
#10251=CYLINDRICAL_SURFACE('',#11800,0.0001);
#10252=CYLINDRICAL_SURFACE('',#11804,0.0001);
#10253=CYLINDRICAL_SURFACE('',#11808,0.0001);
#10254=CYLINDRICAL_SURFACE('',#11812,0.0001);
#10255=CYLINDRICAL_SURFACE('',#11829,0.001);
#10256=CYLINDRICAL_SURFACE('',#11832,0.001);
#10257=CYLINDRICAL_SURFACE('',#11853,0.0001);
#10258=CYLINDRICAL_SURFACE('',#11858,0.0001);
#10259=CYLINDRICAL_SURFACE('',#11864,0.000200000000000006);
#10260=CYLINDRICAL_SURFACE('',#11867,0.0001);
#10261=CYLINDRICAL_SURFACE('',#11873,0.0001);
#10262=CYLINDRICAL_SURFACE('',#11883,0.0001);
#10263=CYLINDRICAL_SURFACE('',#11884,0.0001);
#10264=CYLINDRICAL_SURFACE('',#11889,0.0001);
#10265=CYLINDRICAL_SURFACE('',#11890,0.0001);
#10266=CYLINDRICAL_SURFACE('',#11894,0.0001);
#10267=CYLINDRICAL_SURFACE('',#11899,0.0001);
#10268=CYLINDRICAL_SURFACE('',#11903,0.0001);
#10269=CYLINDRICAL_SURFACE('',#11904,0.0001);
#10270=CYLINDRICAL_SURFACE('',#11910,0.0001);
#10271=CYLINDRICAL_SURFACE('',#11911,0.0001);
#10272=CYLINDRICAL_SURFACE('',#11912,0.0001);
#10273=CYLINDRICAL_SURFACE('',#11917,0.0001);
#10274=CYLINDRICAL_SURFACE('',#11921,0.000290364087786762);
#10275=CYLINDRICAL_SURFACE('',#11922,0.0001);
#10276=CYLINDRICAL_SURFACE('',#11924,0.0001);
#10277=CYLINDRICAL_SURFACE('',#11925,0.0001);
#10278=CYLINDRICAL_SURFACE('',#11930,0.0001);
#10279=CYLINDRICAL_SURFACE('',#11932,0.0001);
#10280=CYLINDRICAL_SURFACE('',#11934,0.0001);
#10281=CYLINDRICAL_SURFACE('',#11936,0.0005);
#10282=CYLINDRICAL_SURFACE('',#11941,0.0005);
#10283=CYLINDRICAL_SURFACE('',#11957,0.0011);
#10284=CYLINDRICAL_SURFACE('',#11962,0.0011);
#10285=CYLINDRICAL_SURFACE('',#11963,0.0011);
#10286=CYLINDRICAL_SURFACE('',#11969,0.0011);
#10287=CYLINDRICAL_SURFACE('',#11970,0.0011);
#10288=CYLINDRICAL_SURFACE('',#11973,0.0005);
#10289=CYLINDRICAL_SURFACE('',#11978,0.0005);
#10290=CYLINDRICAL_SURFACE('',#11979,0.0005);
#10291=CYLINDRICAL_SURFACE('',#11984,0.0005);
#10292=CYLINDRICAL_SURFACE('',#11985,0.0005);
#10293=CYLINDRICAL_SURFACE('',#11990,0.0005);
#10294=CYLINDRICAL_SURFACE('',#11992,0.0005);
#10295=CYLINDRICAL_SURFACE('',#11998,0.0005);
#10296=CYLINDRICAL_SURFACE('',#12000,0.0005);
#10297=CYLINDRICAL_SURFACE('',#12005,0.02);
#10298=CYLINDRICAL_SURFACE('',#12006,0.02);
#10299=CYLINDRICAL_SURFACE('',#12008,0.02);
#10300=CYLINDRICAL_SURFACE('',#12009,0.02);
#10301=CYLINDRICAL_SURFACE('',#12022,0.02);
#10302=CYLINDRICAL_SURFACE('',#12023,0.02);
#10303=CYLINDRICAL_SURFACE('',#12025,0.02);
#10304=CYLINDRICAL_SURFACE('',#12026,0.02);
#10305=CYLINDRICAL_SURFACE('',#12028,0.0005);
#10306=CYLINDRICAL_SURFACE('',#12030,0.000512132034356031);
#10307=CYLINDRICAL_SURFACE('',#12034,0.001);
#10308=CYLINDRICAL_SURFACE('',#12036,0.0002);
#10309=CYLINDRICAL_SURFACE('',#12052,0.0005);
#10310=CYLINDRICAL_SURFACE('',#12056,0.0005);
#10311=CYLINDRICAL_SURFACE('',#12063,0.0009);
#10312=CYLINDRICAL_SURFACE('',#12066,0.0009);
#10313=CYLINDRICAL_SURFACE('',#12068,0.001);
#10314=CYLINDRICAL_SURFACE('',#12070,0.001);
#10315=CYLINDRICAL_SURFACE('',#12072,5.E-5);
#10316=CYLINDRICAL_SURFACE('',#12077,5.E-5);
#10317=CYLINDRICAL_SURFACE('',#12079,0.0001);
#10318=CYLINDRICAL_SURFACE('',#12083,0.0001);
#10319=CYLINDRICAL_SURFACE('',#12087,0.0001);
#10320=CYLINDRICAL_SURFACE('',#12092,0.0001);
#10321=CYLINDRICAL_SURFACE('',#12096,0.0001);
#10322=CYLINDRICAL_SURFACE('',#12100,0.0001);
#10323=CYLINDRICAL_SURFACE('',#12104,0.0001);
#10324=CYLINDRICAL_SURFACE('',#12106,0.0001);
#10325=CYLINDRICAL_SURFACE('',#12110,0.0001);
#10326=CYLINDRICAL_SURFACE('',#12114,0.0001);
#10327=CYLINDRICAL_SURFACE('',#12119,0.0001);
#10328=CYLINDRICAL_SURFACE('',#12122,0.0001);
#10329=CYLINDRICAL_SURFACE('',#12126,0.0001);
#10330=CYLINDRICAL_SURFACE('',#12130,0.0001);
#10331=CYLINDRICAL_SURFACE('',#12147,0.001);
#10332=CYLINDRICAL_SURFACE('',#12150,0.001);
#10333=CYLINDRICAL_SURFACE('',#12162,0.0001);
#10334=CYLINDRICAL_SURFACE('',#12167,0.0001);
#10335=CYLINDRICAL_SURFACE('',#12173,0.000200000000000006);
#10336=CYLINDRICAL_SURFACE('',#12176,0.0001);
#10337=CYLINDRICAL_SURFACE('',#12182,0.0001);
#10338=CYLINDRICAL_SURFACE('',#12192,0.0001);
#10339=CYLINDRICAL_SURFACE('',#12193,0.0001);
#10340=CYLINDRICAL_SURFACE('',#12198,0.0001);
#10341=CYLINDRICAL_SURFACE('',#12199,0.0001);
#10342=CYLINDRICAL_SURFACE('',#12203,0.0001);
#10343=CYLINDRICAL_SURFACE('',#12208,0.0001);
#10344=CYLINDRICAL_SURFACE('',#12212,0.0001);
#10345=CYLINDRICAL_SURFACE('',#12213,0.0001);
#10346=CYLINDRICAL_SURFACE('',#12219,0.0001);
#10347=CYLINDRICAL_SURFACE('',#12220,0.0001);
#10348=CYLINDRICAL_SURFACE('',#12221,0.0001);
#10349=CYLINDRICAL_SURFACE('',#12226,0.0001);
#10350=CYLINDRICAL_SURFACE('',#12232,0.0001);
#10351=CYLINDRICAL_SURFACE('',#12234,0.0001);
#10352=CYLINDRICAL_SURFACE('',#12235,0.0001);
#10353=CYLINDRICAL_SURFACE('',#12240,0.0001);
#10354=CYLINDRICAL_SURFACE('',#12242,0.0001);
#10355=CYLINDRICAL_SURFACE('',#12244,0.0001);
#10356=CYLINDRICAL_SURFACE('',#12246,0.0005);
#10357=CYLINDRICAL_SURFACE('',#12251,0.0005);
#10358=CYLINDRICAL_SURFACE('',#12267,0.0011);
#10359=CYLINDRICAL_SURFACE('',#12272,0.0011);
#10360=CYLINDRICAL_SURFACE('',#12273,0.0011);
#10361=CYLINDRICAL_SURFACE('',#12279,0.0011);
#10362=CYLINDRICAL_SURFACE('',#12280,0.0011);
#10363=CYLINDRICAL_SURFACE('',#12283,0.0005);
#10364=CYLINDRICAL_SURFACE('',#12287,0.0005);
#10365=CYLINDRICAL_SURFACE('',#12288,0.0005);
#10366=CYLINDRICAL_SURFACE('',#12292,0.0005);
#10367=CYLINDRICAL_SURFACE('',#12293,0.0005);
#10368=CYLINDRICAL_SURFACE('',#12298,0.0005);
#10369=CYLINDRICAL_SURFACE('',#12300,0.0005);
#10370=CYLINDRICAL_SURFACE('',#12306,0.0005);
#10371=CYLINDRICAL_SURFACE('',#12308,0.0005);
#10372=ADVANCED_FACE('',(#9398),#10082,.T.);
#10373=ADVANCED_FACE('',(#9399),#10083,.T.);
#10374=ADVANCED_FACE('',(#9400),#10084,.T.);
#10375=ADVANCED_FACE('',(#9401),#439,.T.);
#10376=ADVANCED_FACE('',(#9402),#10085,.T.);
#10377=ADVANCED_FACE('',(#9403),#440,.T.);
#10378=ADVANCED_FACE('',(#9404),#10086,.T.);
#10379=ADVANCED_FACE('',(#9405),#441,.T.);
#10380=ADVANCED_FACE('',(#9406),#442,.F.);
#10381=ADVANCED_FACE('',(#9407),#443,.F.);
#10382=ADVANCED_FACE('',(#9408),#444,.T.);
#10383=ADVANCED_FACE('',(#9409),#10087,.T.);
#10384=ADVANCED_FACE('',(#9410),#445,.T.);
#10385=ADVANCED_FACE('',(#9411),#10088,.T.);
#10386=ADVANCED_FACE('',(#9412),#446,.F.);
#10387=ADVANCED_FACE('',(#9413),#447,.F.);
#10388=ADVANCED_FACE('',(#9414),#448,.T.);
#10389=ADVANCED_FACE('',(#9415),#10089,.T.);
#10390=ADVANCED_FACE('',(#9416),#449,.T.);
#10391=ADVANCED_FACE('',(#9417),#10090,.T.);
#10392=ADVANCED_FACE('',(#9418),#10091,.T.);
#10393=ADVANCED_FACE('',(#9419),#10092,.T.);
#10394=ADVANCED_FACE('',(#9420),#10093,.F.);
#10395=ADVANCED_FACE('',(#9421),#93,.F.);
#10396=ADVANCED_FACE('',(#9422),#10094,.F.);
#10397=ADVANCED_FACE('',(#9423),#10095,.T.);
#10398=ADVANCED_FACE('',(#9424),#56,.T.);
#10399=ADVANCED_FACE('',(#9425),#10096,.T.);
#10400=ADVANCED_FACE('',(#9426),#94,.T.);
#10401=ADVANCED_FACE('',(#9427),#10097,.T.);
#10402=ADVANCED_FACE('',(#9428),#95,.T.);
#10403=ADVANCED_FACE('',(#9429),#57,.T.);
#10404=ADVANCED_FACE('',(#9430),#48,.T.);
#10405=ADVANCED_FACE('',(#9431),#10098,.T.);
#10406=ADVANCED_FACE('',(#9432),#96,.T.);
#10407=ADVANCED_FACE('',(#9433),#97,.T.);
#10408=ADVANCED_FACE('',(#9434),#58,.T.);
#10409=ADVANCED_FACE('',(#9435),#10099,.T.);
#10410=ADVANCED_FACE('',(#9436),#98,.T.);
#10411=ADVANCED_FACE('',(#9437),#10100,.T.);
#10412=ADVANCED_FACE('',(#9438),#99,.T.);
#10413=ADVANCED_FACE('',(#9439),#10101,.T.);
#10414=ADVANCED_FACE('',(#9440),#10102,.T.);
#10415=ADVANCED_FACE('',(#9441),#59,.T.);
#10416=ADVANCED_FACE('',(#9442),#10103,.T.);
#10417=ADVANCED_FACE('',(#9443),#100,.T.);
#10418=ADVANCED_FACE('',(#9444),#10104,.T.);
#10419=ADVANCED_FACE('',(#9445),#101,.T.);
#10420=ADVANCED_FACE('',(#9446),#60,.T.);
#10421=ADVANCED_FACE('',(#9447),#49,.T.);
#10422=ADVANCED_FACE('',(#9448),#10105,.T.);
#10423=ADVANCED_FACE('',(#9449),#102,.T.);
#10424=ADVANCED_FACE('',(#9450),#103,.T.);
#10425=ADVANCED_FACE('',(#9451),#104,.T.);
#10426=ADVANCED_FACE('',(#9452),#10106,.T.);
#10427=ADVANCED_FACE('',(#9453),#105,.T.);
#10428=ADVANCED_FACE('',(#9454),#10107,.T.);
#10429=ADVANCED_FACE('',(#9455),#106,.T.);
#10430=ADVANCED_FACE('',(#9456),#10108,.T.);
#10431=ADVANCED_FACE('',(#9457,#9458),#450,.T.);
#10432=ADVANCED_FACE('',(#9459,#9460,#9461,#9462),#451,.T.);
#10433=ADVANCED_FACE('',(#9463),#452,.F.);
#10434=ADVANCED_FACE('',(#9464),#453,.F.);
#10435=ADVANCED_FACE('',(#9465),#454,.F.);
#10436=ADVANCED_FACE('',(#9466),#10109,.T.);
#10437=ADVANCED_FACE('',(#9467),#10110,.T.);
#10438=ADVANCED_FACE('',(#9468),#455,.F.);
#10439=ADVANCED_FACE('',(#9469),#456,.F.);
#10440=ADVANCED_FACE('',(#9470),#457,.F.);
#10441=ADVANCED_FACE('',(#9471),#458,.T.);
#10442=ADVANCED_FACE('',(#9472),#459,.T.);
#10443=ADVANCED_FACE('',(#9473),#61,.T.);
#10444=ADVANCED_FACE('',(#9474),#10111,.T.);
#10445=ADVANCED_FACE('',(#9475),#107,.T.);
#10446=ADVANCED_FACE('',(#9476),#10112,.T.);
#10447=ADVANCED_FACE('',(#9477),#62,.T.);
#10448=ADVANCED_FACE('',(#9478),#108,.F.);
#10449=ADVANCED_FACE('',(#9479),#460,.T.);
#10450=ADVANCED_FACE('',(#9480),#10113,.F.);
#10451=ADVANCED_FACE('',(#9481),#10114,.T.);
#10452=ADVANCED_FACE('',(#9482),#109,.T.);
#10453=ADVANCED_FACE('',(#9483),#10115,.T.);
#10454=ADVANCED_FACE('',(#9484),#110,.T.);
#10455=ADVANCED_FACE('',(#9485),#461,.F.);
#10456=ADVANCED_FACE('',(#9486),#111,.T.);
#10457=ADVANCED_FACE('',(#9487),#10116,.T.);
#10458=ADVANCED_FACE('',(#9488),#10117,.F.);
#10459=ADVANCED_FACE('',(#9489),#12,.F.);
#10460=ADVANCED_FACE('',(#9490),#10118,.F.);
#10461=ADVANCED_FACE('',(#9491),#10119,.T.);
#10462=ADVANCED_FACE('',(#9492),#63,.T.);
#10463=ADVANCED_FACE('',(#9493),#10120,.T.);
#10464=ADVANCED_FACE('',(#9494),#112,.T.);
#10465=ADVANCED_FACE('',(#9495),#10121,.T.);
#10466=ADVANCED_FACE('',(#9496),#64,.T.);
#10467=ADVANCED_FACE('',(#9497),#10122,.T.);
#10468=ADVANCED_FACE('',(#9498),#10123,.F.);
#10469=ADVANCED_FACE('',(#9499),#13,.F.);
#10470=ADVANCED_FACE('',(#9500),#462,.F.);
#10471=ADVANCED_FACE('',(#9501),#10124,.F.);
#10472=ADVANCED_FACE('',(#9502),#10125,.F.);
#10473=ADVANCED_FACE('',(#9503),#10126,.T.);
#10474=ADVANCED_FACE('',(#9504),#113,.T.);
#10475=ADVANCED_FACE('',(#9505),#10127,.T.);
#10476=ADVANCED_FACE('',(#9506),#114,.T.);
#10477=ADVANCED_FACE('',(#9507),#463,.T.);
#10478=ADVANCED_FACE('',(#9508),#115,.T.);
#10479=ADVANCED_FACE('',(#9509),#116,.F.);
#10480=ADVANCED_FACE('',(#9510),#10128,.F.);
#10481=ADVANCED_FACE('',(#9511),#464,.T.);
#10482=ADVANCED_FACE('',(#9512),#10129,.F.);
#10483=ADVANCED_FACE('',(#9513),#10130,.T.);
#10484=ADVANCED_FACE('',(#9514),#117,.T.);
#10485=ADVANCED_FACE('',(#9515),#10131,.T.);
#10486=ADVANCED_FACE('',(#9516),#118,.T.);
#10487=ADVANCED_FACE('',(#9517),#10132,.F.);
#10488=ADVANCED_FACE('',(#9518),#465,.T.);
#10489=ADVANCED_FACE('',(#9519),#10133,.F.);
#10490=ADVANCED_FACE('',(#9520),#466,.T.);
#10491=ADVANCED_FACE('',(#9521),#10134,.T.);
#10492=ADVANCED_FACE('',(#9522),#119,.T.);
#10493=ADVANCED_FACE('',(#9523),#10135,.T.);
#10494=ADVANCED_FACE('',(#9524),#467,.T.);
#10495=ADVANCED_FACE('',(#9525),#468,.T.);
#10496=ADVANCED_FACE('',(#9526),#469,.T.);
#10497=ADVANCED_FACE('',(#9527),#470,.T.);
#10498=ADVANCED_FACE('',(#9528),#471,.F.);
#10499=ADVANCED_FACE('',(#9529),#472,.T.);
#10500=ADVANCED_FACE('',(#9530),#473,.T.);
#10501=ADVANCED_FACE('',(#9531),#474,.F.);
#10502=ADVANCED_FACE('',(#9532),#475,.F.);
#10503=ADVANCED_FACE('',(#9533),#476,.T.);
#10504=ADVANCED_FACE('',(#9534),#10136,.T.);
#10505=ADVANCED_FACE('',(#9535),#14,.T.);
#10506=ADVANCED_FACE('',(#9536),#10137,.T.);
#10507=ADVANCED_FACE('',(#9537),#10138,.T.);
#10508=ADVANCED_FACE('',(#9538),#15,.T.);
#10509=ADVANCED_FACE('',(#9539),#477,.T.);
#10510=ADVANCED_FACE('',(#9540),#10139,.T.);
#10511=ADVANCED_FACE('',(#9541),#10140,.T.);
#10512=ADVANCED_FACE('',(#9542),#478,.F.);
#10513=ADVANCED_FACE('',(#9543),#479,.F.);
#10514=ADVANCED_FACE('',(#9544),#10141,.T.);
#10515=ADVANCED_FACE('',(#9545),#16,.T.);
#10516=ADVANCED_FACE('',(#9546),#10142,.T.);
#10517=ADVANCED_FACE('',(#9547),#10143,.T.);
#10518=ADVANCED_FACE('',(#9548),#17,.T.);
#10519=ADVANCED_FACE('',(#9549),#10144,.T.);
#10520=ADVANCED_FACE('',(#9550),#10145,.T.);
#10521=ADVANCED_FACE('',(#9551),#120,.T.);
#10522=ADVANCED_FACE('',(#9552),#10146,.T.);
#10523=ADVANCED_FACE('',(#9553),#10147,.T.);
#10524=ADVANCED_FACE('',(#9554),#18,.T.);
#10525=ADVANCED_FACE('',(#9555),#19,.T.);
#10526=ADVANCED_FACE('',(#9556),#10148,.T.);
#10527=ADVANCED_FACE('',(#9557),#10149,.T.);
#10528=ADVANCED_FACE('',(#9558),#20,.T.);
#10529=ADVANCED_FACE('',(#9559),#480,.T.);
#10530=ADVANCED_FACE('',(#9560),#481,.T.);
#10531=ADVANCED_FACE('',(#9561),#482,.T.);
#10532=ADVANCED_FACE('',(#9562),#483,.T.);
#10533=ADVANCED_FACE('',(#9563),#484,.T.);
#10534=ADVANCED_FACE('',(#9564),#485,.T.);
#10535=ADVANCED_FACE('',(#9565),#486,.T.);
#10536=ADVANCED_FACE('',(#9566),#487,.T.);
#10537=ADVANCED_FACE('',(#9567),#10150,.F.);
#10538=ADVANCED_FACE('',(#9568),#10151,.F.);
#10539=ADVANCED_FACE('',(#9569),#488,.T.);
#10540=ADVANCED_FACE('',(#9570),#10152,.F.);
#10541=ADVANCED_FACE('',(#9571),#10153,.F.);
#10542=ADVANCED_FACE('',(#9572),#489,.T.);
#10543=ADVANCED_FACE('',(#9573),#10154,.T.);
#10544=ADVANCED_FACE('',(#9574),#490,.T.);
#10545=ADVANCED_FACE('',(#9575),#491,.T.);
#10546=ADVANCED_FACE('',(#9576),#492,.T.);
#10547=ADVANCED_FACE('',(#9577),#493,.T.);
#10548=ADVANCED_FACE('',(#9578),#494,.T.);
#10549=ADVANCED_FACE('',(#9579),#10155,.F.);
#10550=ADVANCED_FACE('',(#9580),#10156,.F.);
#10551=ADVANCED_FACE('',(#9581),#495,.T.);
#10552=ADVANCED_FACE('',(#9582),#10157,.F.);
#10553=ADVANCED_FACE('',(#9583),#10158,.F.);
#10554=ADVANCED_FACE('',(#9584),#496,.T.);
#10555=ADVANCED_FACE('',(#9585),#497,.F.);
#10556=ADVANCED_FACE('',(#9586),#10159,.T.);
#10557=ADVANCED_FACE('',(#9587),#10160,.T.);
#10558=ADVANCED_FACE('',(#9588),#498,.T.);
#10559=ADVANCED_FACE('',(#9589),#10161,.T.);
#10560=ADVANCED_FACE('',(#9590),#499,.T.);
#10561=ADVANCED_FACE('',(#9591),#10162,.T.);
#10562=ADVANCED_FACE('',(#9592),#500,.T.);
#10563=ADVANCED_FACE('',(#9593),#501,.F.);
#10564=ADVANCED_FACE('',(#9594),#502,.F.);
#10565=ADVANCED_FACE('',(#9595),#503,.T.);
#10566=ADVANCED_FACE('',(#9596),#10163,.T.);
#10567=ADVANCED_FACE('',(#9597),#504,.T.);
#10568=ADVANCED_FACE('',(#9598),#10164,.T.);
#10569=ADVANCED_FACE('',(#9599),#505,.F.);
#10570=ADVANCED_FACE('',(#9600),#506,.F.);
#10571=ADVANCED_FACE('',(#9601),#507,.T.);
#10572=ADVANCED_FACE('',(#9602),#10165,.T.);
#10573=ADVANCED_FACE('',(#9603),#508,.T.);
#10574=ADVANCED_FACE('',(#9604),#10166,.T.);
#10575=ADVANCED_FACE('',(#9605),#10167,.T.);
#10576=ADVANCED_FACE('',(#9606),#10168,.T.);
#10577=ADVANCED_FACE('',(#9607),#10169,.F.);
#10578=ADVANCED_FACE('',(#9608),#121,.F.);
#10579=ADVANCED_FACE('',(#9609),#10170,.F.);
#10580=ADVANCED_FACE('',(#9610),#10171,.T.);
#10581=ADVANCED_FACE('',(#9611),#65,.T.);
#10582=ADVANCED_FACE('',(#9612),#10172,.T.);
#10583=ADVANCED_FACE('',(#9613),#122,.T.);
#10584=ADVANCED_FACE('',(#9614),#10173,.T.);
#10585=ADVANCED_FACE('',(#9615),#123,.T.);
#10586=ADVANCED_FACE('',(#9616),#66,.T.);
#10587=ADVANCED_FACE('',(#9617),#50,.T.);
#10588=ADVANCED_FACE('',(#9618),#10174,.T.);
#10589=ADVANCED_FACE('',(#9619),#124,.T.);
#10590=ADVANCED_FACE('',(#9620),#125,.T.);
#10591=ADVANCED_FACE('',(#9621),#67,.T.);
#10592=ADVANCED_FACE('',(#9622),#10175,.T.);
#10593=ADVANCED_FACE('',(#9623),#126,.T.);
#10594=ADVANCED_FACE('',(#9624),#10176,.T.);
#10595=ADVANCED_FACE('',(#9625),#127,.T.);
#10596=ADVANCED_FACE('',(#9626),#10177,.T.);
#10597=ADVANCED_FACE('',(#9627),#10178,.T.);
#10598=ADVANCED_FACE('',(#9628),#68,.T.);
#10599=ADVANCED_FACE('',(#9629),#10179,.T.);
#10600=ADVANCED_FACE('',(#9630),#128,.T.);
#10601=ADVANCED_FACE('',(#9631),#10180,.T.);
#10602=ADVANCED_FACE('',(#9632),#129,.T.);
#10603=ADVANCED_FACE('',(#9633),#69,.T.);
#10604=ADVANCED_FACE('',(#9634),#51,.T.);
#10605=ADVANCED_FACE('',(#9635),#10181,.T.);
#10606=ADVANCED_FACE('',(#9636),#130,.T.);
#10607=ADVANCED_FACE('',(#9637),#131,.T.);
#10608=ADVANCED_FACE('',(#9638),#132,.T.);
#10609=ADVANCED_FACE('',(#9639),#10182,.T.);
#10610=ADVANCED_FACE('',(#9640),#133,.T.);
#10611=ADVANCED_FACE('',(#9641),#10183,.T.);
#10612=ADVANCED_FACE('',(#9642),#134,.T.);
#10613=ADVANCED_FACE('',(#9643),#10184,.T.);
#10614=ADVANCED_FACE('',(#9644,#9645),#509,.T.);
#10615=ADVANCED_FACE('',(#9646,#9647,#9648,#9649),#510,.T.);
#10616=ADVANCED_FACE('',(#9650),#511,.F.);
#10617=ADVANCED_FACE('',(#9651),#512,.F.);
#10618=ADVANCED_FACE('',(#9652),#513,.F.);
#10619=ADVANCED_FACE('',(#9653),#10185,.T.);
#10620=ADVANCED_FACE('',(#9654),#10186,.T.);
#10621=ADVANCED_FACE('',(#9655),#514,.F.);
#10622=ADVANCED_FACE('',(#9656),#515,.T.);
#10623=ADVANCED_FACE('',(#9657),#516,.T.);
#10624=ADVANCED_FACE('',(#9658),#70,.T.);
#10625=ADVANCED_FACE('',(#9659),#10187,.T.);
#10626=ADVANCED_FACE('',(#9660),#135,.T.);
#10627=ADVANCED_FACE('',(#9661),#10188,.T.);
#10628=ADVANCED_FACE('',(#9662),#71,.T.);
#10629=ADVANCED_FACE('',(#9663),#136,.F.);
#10630=ADVANCED_FACE('',(#9664),#517,.T.);
#10631=ADVANCED_FACE('',(#9665),#10189,.F.);
#10632=ADVANCED_FACE('',(#9666),#10190,.T.);
#10633=ADVANCED_FACE('',(#9667),#137,.T.);
#10634=ADVANCED_FACE('',(#9668),#10191,.T.);
#10635=ADVANCED_FACE('',(#9669),#138,.T.);
#10636=ADVANCED_FACE('',(#9670),#518,.F.);
#10637=ADVANCED_FACE('',(#9671),#139,.T.);
#10638=ADVANCED_FACE('',(#9672),#10192,.T.);
#10639=ADVANCED_FACE('',(#9673),#10193,.F.);
#10640=ADVANCED_FACE('',(#9674),#21,.F.);
#10641=ADVANCED_FACE('',(#9675),#10194,.F.);
#10642=ADVANCED_FACE('',(#9676),#10195,.T.);
#10643=ADVANCED_FACE('',(#9677),#72,.T.);
#10644=ADVANCED_FACE('',(#9678),#10196,.T.);
#10645=ADVANCED_FACE('',(#9679),#140,.T.);
#10646=ADVANCED_FACE('',(#9680),#10197,.T.);
#10647=ADVANCED_FACE('',(#9681),#73,.T.);
#10648=ADVANCED_FACE('',(#9682),#10198,.T.);
#10649=ADVANCED_FACE('',(#9683),#10199,.F.);
#10650=ADVANCED_FACE('',(#9684),#22,.F.);
#10651=ADVANCED_FACE('',(#9685),#519,.F.);
#10652=ADVANCED_FACE('',(#9686),#10200,.F.);
#10653=ADVANCED_FACE('',(#9687),#10201,.F.);
#10654=ADVANCED_FACE('',(#9688),#10202,.T.);
#10655=ADVANCED_FACE('',(#9689),#141,.T.);
#10656=ADVANCED_FACE('',(#9690),#10203,.T.);
#10657=ADVANCED_FACE('',(#9691),#142,.T.);
#10658=ADVANCED_FACE('',(#9692),#520,.T.);
#10659=ADVANCED_FACE('',(#9693),#143,.F.);
#10660=ADVANCED_FACE('',(#9694),#10204,.F.);
#10661=ADVANCED_FACE('',(#9695),#10205,.F.);
#10662=ADVANCED_FACE('',(#9696),#521,.T.);
#10663=ADVANCED_FACE('',(#9697),#10206,.F.);
#10664=ADVANCED_FACE('',(#9698),#10207,.T.);
#10665=ADVANCED_FACE('',(#9699),#144,.T.);
#10666=ADVANCED_FACE('',(#9700),#10208,.T.);
#10667=ADVANCED_FACE('',(#9701),#74,.T.);
#10668=ADVANCED_FACE('',(#9702),#10209,.F.);
#10669=ADVANCED_FACE('',(#9703),#522,.T.);
#10670=ADVANCED_FACE('',(#9704),#10210,.F.);
#10671=ADVANCED_FACE('',(#9705),#523,.T.);
#10672=ADVANCED_FACE('',(#9706),#10211,.T.);
#10673=ADVANCED_FACE('',(#9707),#145,.T.);
#10674=ADVANCED_FACE('',(#9708),#10212,.T.);
#10675=ADVANCED_FACE('',(#9709),#524,.T.);
#10676=ADVANCED_FACE('',(#9710),#525,.T.);
#10677=ADVANCED_FACE('',(#9711),#526,.T.);
#10678=ADVANCED_FACE('',(#9712),#527,.T.);
#10679=ADVANCED_FACE('',(#9713),#528,.F.);
#10680=ADVANCED_FACE('',(#9714),#529,.T.);
#10681=ADVANCED_FACE('',(#9715),#530,.T.);
#10682=ADVANCED_FACE('',(#9716),#531,.F.);
#10683=ADVANCED_FACE('',(#9717),#532,.F.);
#10684=ADVANCED_FACE('',(#9718),#533,.T.);
#10685=ADVANCED_FACE('',(#9719),#10213,.T.);
#10686=ADVANCED_FACE('',(#9720),#23,.T.);
#10687=ADVANCED_FACE('',(#9721),#10214,.T.);
#10688=ADVANCED_FACE('',(#9722),#10215,.T.);
#10689=ADVANCED_FACE('',(#9723),#24,.T.);
#10690=ADVANCED_FACE('',(#9724),#534,.T.);
#10691=ADVANCED_FACE('',(#9725),#10216,.T.);
#10692=ADVANCED_FACE('',(#9726),#10217,.T.);
#10693=ADVANCED_FACE('',(#9727),#535,.F.);
#10694=ADVANCED_FACE('',(#9728),#536,.F.);
#10695=ADVANCED_FACE('',(#9729),#10218,.T.);
#10696=ADVANCED_FACE('',(#9730),#25,.T.);
#10697=ADVANCED_FACE('',(#9731),#10219,.T.);
#10698=ADVANCED_FACE('',(#9732),#10220,.T.);
#10699=ADVANCED_FACE('',(#9733),#26,.T.);
#10700=ADVANCED_FACE('',(#9734),#10221,.T.);
#10701=ADVANCED_FACE('',(#9735),#10222,.T.);
#10702=ADVANCED_FACE('',(#9736),#146,.T.);
#10703=ADVANCED_FACE('',(#9737),#10223,.T.);
#10704=ADVANCED_FACE('',(#9738),#10224,.T.);
#10705=ADVANCED_FACE('',(#9739),#27,.T.);
#10706=ADVANCED_FACE('',(#9740),#28,.T.);
#10707=ADVANCED_FACE('',(#9741),#10225,.T.);
#10708=ADVANCED_FACE('',(#9742),#10226,.T.);
#10709=ADVANCED_FACE('',(#9743),#29,.T.);
#10710=ADVANCED_FACE('',(#9744),#10227,.T.);
#10711=ADVANCED_FACE('',(#9745),#10228,.T.);
#10712=ADVANCED_FACE('',(#9746),#10229,.T.);
#10713=ADVANCED_FACE('',(#9747),#10230,.T.);
#10714=ADVANCED_FACE('',(#9748),#537,.T.);
#10715=ADVANCED_FACE('',(#9749),#10231,.T.);
#10716=ADVANCED_FACE('',(#9750),#538,.T.);
#10717=ADVANCED_FACE('',(#9751),#10232,.T.);
#10718=ADVANCED_FACE('',(#9752),#539,.T.);
#10719=ADVANCED_FACE('',(#9753),#540,.F.);
#10720=ADVANCED_FACE('',(#9754),#541,.F.);
#10721=ADVANCED_FACE('',(#9755),#542,.T.);
#10722=ADVANCED_FACE('',(#9756),#10233,.T.);
#10723=ADVANCED_FACE('',(#9757),#543,.T.);
#10724=ADVANCED_FACE('',(#9758),#10234,.T.);
#10725=ADVANCED_FACE('',(#9759),#544,.F.);
#10726=ADVANCED_FACE('',(#9760),#545,.F.);
#10727=ADVANCED_FACE('',(#9761),#546,.T.);
#10728=ADVANCED_FACE('',(#9762),#10235,.T.);
#10729=ADVANCED_FACE('',(#9763),#547,.T.);
#10730=ADVANCED_FACE('',(#9764),#10236,.T.);
#10731=ADVANCED_FACE('',(#9765),#10237,.T.);
#10732=ADVANCED_FACE('',(#9766),#10238,.T.);
#10733=ADVANCED_FACE('',(#9767),#10239,.F.);
#10734=ADVANCED_FACE('',(#9768),#147,.F.);
#10735=ADVANCED_FACE('',(#9769),#10240,.F.);
#10736=ADVANCED_FACE('',(#9770),#10241,.T.);
#10737=ADVANCED_FACE('',(#9771),#75,.T.);
#10738=ADVANCED_FACE('',(#9772),#10242,.T.);
#10739=ADVANCED_FACE('',(#9773),#148,.T.);
#10740=ADVANCED_FACE('',(#9774),#10243,.T.);
#10741=ADVANCED_FACE('',(#9775),#149,.T.);
#10742=ADVANCED_FACE('',(#9776),#76,.T.);
#10743=ADVANCED_FACE('',(#9777),#52,.T.);
#10744=ADVANCED_FACE('',(#9778),#10244,.T.);
#10745=ADVANCED_FACE('',(#9779),#150,.T.);
#10746=ADVANCED_FACE('',(#9780),#151,.T.);
#10747=ADVANCED_FACE('',(#9781),#152,.T.);
#10748=ADVANCED_FACE('',(#9782),#10245,.T.);
#10749=ADVANCED_FACE('',(#9783),#153,.T.);
#10750=ADVANCED_FACE('',(#9784),#10246,.T.);
#10751=ADVANCED_FACE('',(#9785),#154,.T.);
#10752=ADVANCED_FACE('',(#9786),#10247,.T.);
#10753=ADVANCED_FACE('',(#9787),#10248,.T.);
#10754=ADVANCED_FACE('',(#9788),#77,.T.);
#10755=ADVANCED_FACE('',(#9789),#10249,.T.);
#10756=ADVANCED_FACE('',(#9790),#155,.T.);
#10757=ADVANCED_FACE('',(#9791),#10250,.T.);
#10758=ADVANCED_FACE('',(#9792),#156,.T.);
#10759=ADVANCED_FACE('',(#9793),#78,.T.);
#10760=ADVANCED_FACE('',(#9794),#53,.T.);
#10761=ADVANCED_FACE('',(#9795),#10251,.T.);
#10762=ADVANCED_FACE('',(#9796),#157,.T.);
#10763=ADVANCED_FACE('',(#9797),#158,.T.);
#10764=ADVANCED_FACE('',(#9798),#159,.T.);
#10765=ADVANCED_FACE('',(#9799),#10252,.T.);
#10766=ADVANCED_FACE('',(#9800),#160,.T.);
#10767=ADVANCED_FACE('',(#9801),#10253,.T.);
#10768=ADVANCED_FACE('',(#9802),#161,.T.);
#10769=ADVANCED_FACE('',(#9803),#10254,.T.);
#10770=ADVANCED_FACE('',(#9804,#9805),#548,.T.);
#10771=ADVANCED_FACE('',(#9806,#9807,#9808,#9809),#549,.T.);
#10772=ADVANCED_FACE('',(#9810),#550,.F.);
#10773=ADVANCED_FACE('',(#9811),#551,.F.);
#10774=ADVANCED_FACE('',(#9812),#552,.F.);
#10775=ADVANCED_FACE('',(#9813),#10255,.T.);
#10776=ADVANCED_FACE('',(#9814),#10256,.T.);
#10777=ADVANCED_FACE('',(#9815),#553,.F.);
#10778=ADVANCED_FACE('',(#9816),#554,.F.);
#10779=ADVANCED_FACE('',(#9817),#555,.T.);
#10780=ADVANCED_FACE('',(#9818),#556,.T.);
#10781=ADVANCED_FACE('',(#9819),#79,.T.);
#10782=ADVANCED_FACE('',(#9820),#10257,.T.);
#10783=ADVANCED_FACE('',(#9821),#162,.T.);
#10784=ADVANCED_FACE('',(#9822),#10258,.T.);
#10785=ADVANCED_FACE('',(#9823),#80,.T.);
#10786=ADVANCED_FACE('',(#9824),#163,.F.);
#10787=ADVANCED_FACE('',(#9825),#557,.T.);
#10788=ADVANCED_FACE('',(#9826),#10259,.F.);
#10789=ADVANCED_FACE('',(#9827),#10260,.T.);
#10790=ADVANCED_FACE('',(#9828),#164,.T.);
#10791=ADVANCED_FACE('',(#9829),#10261,.T.);
#10792=ADVANCED_FACE('',(#9830),#165,.T.);
#10793=ADVANCED_FACE('',(#9831),#558,.F.);
#10794=ADVANCED_FACE('',(#9832),#166,.T.);
#10795=ADVANCED_FACE('',(#9833),#10262,.T.);
#10796=ADVANCED_FACE('',(#9834),#10263,.F.);
#10797=ADVANCED_FACE('',(#9835),#30,.F.);
#10798=ADVANCED_FACE('',(#9836),#10264,.F.);
#10799=ADVANCED_FACE('',(#9837),#10265,.T.);
#10800=ADVANCED_FACE('',(#9838),#81,.T.);
#10801=ADVANCED_FACE('',(#9839),#10266,.T.);
#10802=ADVANCED_FACE('',(#9840),#167,.T.);
#10803=ADVANCED_FACE('',(#9841),#10267,.T.);
#10804=ADVANCED_FACE('',(#9842),#82,.T.);
#10805=ADVANCED_FACE('',(#9843),#10268,.T.);
#10806=ADVANCED_FACE('',(#9844),#10269,.F.);
#10807=ADVANCED_FACE('',(#9845),#31,.F.);
#10808=ADVANCED_FACE('',(#9846),#559,.F.);
#10809=ADVANCED_FACE('',(#9847),#10270,.F.);
#10810=ADVANCED_FACE('',(#9848),#10271,.F.);
#10811=ADVANCED_FACE('',(#9849),#10272,.T.);
#10812=ADVANCED_FACE('',(#9850),#168,.T.);
#10813=ADVANCED_FACE('',(#9851),#10273,.T.);
#10814=ADVANCED_FACE('',(#9852),#169,.T.);
#10815=ADVANCED_FACE('',(#9853),#560,.T.);
#10816=ADVANCED_FACE('',(#9854),#83,.T.);
#10817=ADVANCED_FACE('',(#9855),#10274,.F.);
#10818=ADVANCED_FACE('',(#9856),#10275,.F.);
#10819=ADVANCED_FACE('',(#9857),#561,.T.);
#10820=ADVANCED_FACE('',(#9858),#10276,.F.);
#10821=ADVANCED_FACE('',(#9859),#10277,.T.);
#10822=ADVANCED_FACE('',(#9860),#170,.T.);
#10823=ADVANCED_FACE('',(#9861),#10278,.T.);
#10824=ADVANCED_FACE('',(#9862),#171,.F.);
#10825=ADVANCED_FACE('',(#9863),#10279,.F.);
#10826=ADVANCED_FACE('',(#9864),#562,.T.);
#10827=ADVANCED_FACE('',(#9865),#10280,.F.);
#10828=ADVANCED_FACE('',(#9866),#563,.T.);
#10829=ADVANCED_FACE('',(#9867),#10281,.T.);
#10830=ADVANCED_FACE('',(#9868),#172,.T.);
#10831=ADVANCED_FACE('',(#9869),#10282,.T.);
#10832=ADVANCED_FACE('',(#9870),#564,.T.);
#10833=ADVANCED_FACE('',(#9871),#565,.T.);
#10834=ADVANCED_FACE('',(#9872),#566,.T.);
#10835=ADVANCED_FACE('',(#9873),#567,.T.);
#10836=ADVANCED_FACE('',(#9874),#568,.F.);
#10837=ADVANCED_FACE('',(#9875),#569,.T.);
#10838=ADVANCED_FACE('',(#9876),#570,.T.);
#10839=ADVANCED_FACE('',(#9877),#571,.F.);
#10840=ADVANCED_FACE('',(#9878),#572,.F.);
#10841=ADVANCED_FACE('',(#9879),#573,.T.);
#10842=ADVANCED_FACE('',(#9880),#10283,.T.);
#10843=ADVANCED_FACE('',(#9881),#32,.T.);
#10844=ADVANCED_FACE('',(#9882),#10284,.T.);
#10845=ADVANCED_FACE('',(#9883),#10285,.T.);
#10846=ADVANCED_FACE('',(#9884),#33,.T.);
#10847=ADVANCED_FACE('',(#9885),#574,.T.);
#10848=ADVANCED_FACE('',(#9886),#10286,.T.);
#10849=ADVANCED_FACE('',(#9887),#10287,.T.);
#10850=ADVANCED_FACE('',(#9888),#575,.F.);
#10851=ADVANCED_FACE('',(#9889),#576,.F.);
#10852=ADVANCED_FACE('',(#9890),#10288,.T.);
#10853=ADVANCED_FACE('',(#9891),#34,.T.);
#10854=ADVANCED_FACE('',(#9892),#10289,.T.);
#10855=ADVANCED_FACE('',(#9893),#10290,.T.);
#10856=ADVANCED_FACE('',(#9894),#35,.T.);
#10857=ADVANCED_FACE('',(#9895),#10291,.T.);
#10858=ADVANCED_FACE('',(#9896),#10292,.T.);
#10859=ADVANCED_FACE('',(#9897),#173,.T.);
#10860=ADVANCED_FACE('',(#9898),#10293,.T.);
#10861=ADVANCED_FACE('',(#9899),#10294,.T.);
#10862=ADVANCED_FACE('',(#9900),#36,.T.);
#10863=ADVANCED_FACE('',(#9901),#37,.T.);
#10864=ADVANCED_FACE('',(#9902),#10295,.T.);
#10865=ADVANCED_FACE('',(#9903),#10296,.T.);
#10866=ADVANCED_FACE('',(#9904),#38,.T.);
#10867=ADVANCED_FACE('',(#9905),#577,.T.);
#10868=ADVANCED_FACE('',(#9906),#578,.T.);
#10869=ADVANCED_FACE('',(#9907),#10297,.F.);
#10870=ADVANCED_FACE('',(#9908),#10298,.F.);
#10871=ADVANCED_FACE('',(#9909),#579,.T.);
#10872=ADVANCED_FACE('',(#9910),#10299,.F.);
#10873=ADVANCED_FACE('',(#9911),#10300,.F.);
#10874=ADVANCED_FACE('',(#9912),#580,.T.);
#10875=ADVANCED_FACE('',(#9913),#581,.T.);
#10876=ADVANCED_FACE('',(#9914),#582,.T.);
#10877=ADVANCED_FACE('',(#9915),#583,.T.);
#10878=ADVANCED_FACE('',(#9916),#584,.T.);
#10879=ADVANCED_FACE('',(#9917),#585,.T.);
#10880=ADVANCED_FACE('',(#9918),#10301,.F.);
#10881=ADVANCED_FACE('',(#9919),#10302,.F.);
#10882=ADVANCED_FACE('',(#9920),#586,.T.);
#10883=ADVANCED_FACE('',(#9921),#10303,.F.);
#10884=ADVANCED_FACE('',(#9922),#10304,.F.);
#10885=ADVANCED_FACE('',(#9923),#587,.T.);
#10886=ADVANCED_FACE('',(#9924),#10305,.T.);
#10887=ADVANCED_FACE('',(#9925),#10306,.T.);
#10888=ADVANCED_FACE('',(#9926),#588,.T.);
#10889=ADVANCED_FACE('',(#9927),#10307,.T.);
#10890=ADVANCED_FACE('',(#9928),#589,.T.);
#10891=ADVANCED_FACE('',(#9929),#10308,.T.);
#10892=ADVANCED_FACE('',(#9930),#590,.T.);
#10893=ADVANCED_FACE('',(#9931),#591,.F.);
#10894=ADVANCED_FACE('',(#9932),#592,.F.);
#10895=ADVANCED_FACE('',(#9933),#593,.T.);
#10896=ADVANCED_FACE('',(#9934),#10309,.T.);
#10897=ADVANCED_FACE('',(#9935),#594,.T.);
#10898=ADVANCED_FACE('',(#9936),#10310,.T.);
#10899=ADVANCED_FACE('',(#9937),#595,.F.);
#10900=ADVANCED_FACE('',(#9938),#596,.F.);
#10901=ADVANCED_FACE('',(#9939),#597,.T.);
#10902=ADVANCED_FACE('',(#9940),#10311,.T.);
#10903=ADVANCED_FACE('',(#9941),#598,.T.);
#10904=ADVANCED_FACE('',(#9942),#10312,.T.);
#10905=ADVANCED_FACE('',(#9943),#10313,.T.);
#10906=ADVANCED_FACE('',(#9944),#10314,.T.);
#10907=ADVANCED_FACE('',(#9945),#10315,.F.);
#10908=ADVANCED_FACE('',(#9946),#174,.F.);
#10909=ADVANCED_FACE('',(#9947),#10316,.F.);
#10910=ADVANCED_FACE('',(#9948),#10317,.T.);
#10911=ADVANCED_FACE('',(#9949),#84,.T.);
#10912=ADVANCED_FACE('',(#9950),#10318,.T.);
#10913=ADVANCED_FACE('',(#9951),#175,.T.);
#10914=ADVANCED_FACE('',(#9952),#10319,.T.);
#10915=ADVANCED_FACE('',(#9953),#176,.T.);
#10916=ADVANCED_FACE('',(#9954),#85,.T.);
#10917=ADVANCED_FACE('',(#9955),#54,.T.);
#10918=ADVANCED_FACE('',(#9956),#10320,.T.);
#10919=ADVANCED_FACE('',(#9957),#177,.T.);
#10920=ADVANCED_FACE('',(#9958),#178,.T.);
#10921=ADVANCED_FACE('',(#9959),#179,.T.);
#10922=ADVANCED_FACE('',(#9960),#10321,.T.);
#10923=ADVANCED_FACE('',(#9961),#180,.T.);
#10924=ADVANCED_FACE('',(#9962),#10322,.T.);
#10925=ADVANCED_FACE('',(#9963),#181,.T.);
#10926=ADVANCED_FACE('',(#9964),#10323,.T.);
#10927=ADVANCED_FACE('',(#9965),#10324,.T.);
#10928=ADVANCED_FACE('',(#9966),#86,.T.);
#10929=ADVANCED_FACE('',(#9967),#10325,.T.);
#10930=ADVANCED_FACE('',(#9968),#182,.T.);
#10931=ADVANCED_FACE('',(#9969),#10326,.T.);
#10932=ADVANCED_FACE('',(#9970),#183,.T.);
#10933=ADVANCED_FACE('',(#9971),#87,.T.);
#10934=ADVANCED_FACE('',(#9972),#55,.T.);
#10935=ADVANCED_FACE('',(#9973),#10327,.T.);
#10936=ADVANCED_FACE('',(#9974),#184,.T.);
#10937=ADVANCED_FACE('',(#9975),#88,.T.);
#10938=ADVANCED_FACE('',(#9976),#185,.T.);
#10939=ADVANCED_FACE('',(#9977),#10328,.T.);
#10940=ADVANCED_FACE('',(#9978),#186,.T.);
#10941=ADVANCED_FACE('',(#9979),#10329,.T.);
#10942=ADVANCED_FACE('',(#9980),#187,.T.);
#10943=ADVANCED_FACE('',(#9981),#10330,.T.);
#10944=ADVANCED_FACE('',(#9982,#9983),#599,.T.);
#10945=ADVANCED_FACE('',(#9984,#9985,#9986,#9987),#600,.T.);
#10946=ADVANCED_FACE('',(#9988),#601,.F.);
#10947=ADVANCED_FACE('',(#9989),#602,.F.);
#10948=ADVANCED_FACE('',(#9990),#603,.F.);
#10949=ADVANCED_FACE('',(#9991),#10331,.T.);
#10950=ADVANCED_FACE('',(#9992),#10332,.T.);
#10951=ADVANCED_FACE('',(#9993),#604,.F.);
#10952=ADVANCED_FACE('',(#9994),#605,.T.);
#10953=ADVANCED_FACE('',(#9995),#606,.T.);
#10954=ADVANCED_FACE('',(#9996),#89,.T.);
#10955=ADVANCED_FACE('',(#9997),#10333,.T.);
#10956=ADVANCED_FACE('',(#9998),#188,.T.);
#10957=ADVANCED_FACE('',(#9999),#10334,.T.);
#10958=ADVANCED_FACE('',(#10000),#90,.T.);
#10959=ADVANCED_FACE('',(#10001),#189,.F.);
#10960=ADVANCED_FACE('',(#10002),#607,.T.);
#10961=ADVANCED_FACE('',(#10003),#10335,.F.);
#10962=ADVANCED_FACE('',(#10004),#10336,.T.);
#10963=ADVANCED_FACE('',(#10005),#190,.T.);
#10964=ADVANCED_FACE('',(#10006),#10337,.T.);
#10965=ADVANCED_FACE('',(#10007),#191,.T.);
#10966=ADVANCED_FACE('',(#10008),#608,.F.);
#10967=ADVANCED_FACE('',(#10009),#192,.T.);
#10968=ADVANCED_FACE('',(#10010),#10338,.T.);
#10969=ADVANCED_FACE('',(#10011),#10339,.F.);
#10970=ADVANCED_FACE('',(#10012),#39,.F.);
#10971=ADVANCED_FACE('',(#10013),#10340,.F.);
#10972=ADVANCED_FACE('',(#10014),#10341,.T.);
#10973=ADVANCED_FACE('',(#10015),#91,.T.);
#10974=ADVANCED_FACE('',(#10016),#10342,.T.);
#10975=ADVANCED_FACE('',(#10017),#193,.T.);
#10976=ADVANCED_FACE('',(#10018),#10343,.T.);
#10977=ADVANCED_FACE('',(#10019),#92,.T.);
#10978=ADVANCED_FACE('',(#10020),#10344,.T.);
#10979=ADVANCED_FACE('',(#10021),#10345,.F.);
#10980=ADVANCED_FACE('',(#10022),#40,.F.);
#10981=ADVANCED_FACE('',(#10023),#609,.F.);
#10982=ADVANCED_FACE('',(#10024),#10346,.F.);
#10983=ADVANCED_FACE('',(#10025),#10347,.F.);
#10984=ADVANCED_FACE('',(#10026),#10348,.T.);
#10985=ADVANCED_FACE('',(#10027),#194,.T.);
#10986=ADVANCED_FACE('',(#10028),#10349,.T.);
#10987=ADVANCED_FACE('',(#10029),#195,.T.);
#10988=ADVANCED_FACE('',(#10030),#610,.T.);
#10989=ADVANCED_FACE('',(#10031),#196,.F.);
#10990=ADVANCED_FACE('',(#10032),#197,.F.);
#10991=ADVANCED_FACE('',(#10033),#10350,.F.);
#10992=ADVANCED_FACE('',(#10034),#611,.T.);
#10993=ADVANCED_FACE('',(#10035),#10351,.F.);
#10994=ADVANCED_FACE('',(#10036),#10352,.T.);
#10995=ADVANCED_FACE('',(#10037),#198,.T.);
#10996=ADVANCED_FACE('',(#10038),#10353,.T.);
#10997=ADVANCED_FACE('',(#10039),#199,.T.);
#10998=ADVANCED_FACE('',(#10040),#10354,.F.);
#10999=ADVANCED_FACE('',(#10041),#612,.T.);
#11000=ADVANCED_FACE('',(#10042),#10355,.F.);
#11001=ADVANCED_FACE('',(#10043),#613,.T.);
#11002=ADVANCED_FACE('',(#10044),#10356,.T.);
#11003=ADVANCED_FACE('',(#10045),#200,.T.);
#11004=ADVANCED_FACE('',(#10046),#10357,.T.);
#11005=ADVANCED_FACE('',(#10047),#614,.T.);
#11006=ADVANCED_FACE('',(#10048),#615,.T.);
#11007=ADVANCED_FACE('',(#10049),#616,.T.);
#11008=ADVANCED_FACE('',(#10050),#617,.T.);
#11009=ADVANCED_FACE('',(#10051),#618,.T.);
#11010=ADVANCED_FACE('',(#10052),#619,.T.);
#11011=ADVANCED_FACE('',(#10053),#620,.F.);
#11012=ADVANCED_FACE('',(#10054),#621,.F.);
#11013=ADVANCED_FACE('',(#10055),#622,.F.);
#11014=ADVANCED_FACE('',(#10056),#623,.T.);
#11015=ADVANCED_FACE('',(#10057),#10358,.T.);
#11016=ADVANCED_FACE('',(#10058),#41,.T.);
#11017=ADVANCED_FACE('',(#10059),#10359,.T.);
#11018=ADVANCED_FACE('',(#10060),#10360,.T.);
#11019=ADVANCED_FACE('',(#10061),#42,.T.);
#11020=ADVANCED_FACE('',(#10062),#624,.T.);
#11021=ADVANCED_FACE('',(#10063),#10361,.T.);
#11022=ADVANCED_FACE('',(#10064),#10362,.T.);
#11023=ADVANCED_FACE('',(#10065),#625,.F.);
#11024=ADVANCED_FACE('',(#10066),#626,.F.);
#11025=ADVANCED_FACE('',(#10067),#10363,.T.);
#11026=ADVANCED_FACE('',(#10068),#43,.T.);
#11027=ADVANCED_FACE('',(#10069),#10364,.T.);
#11028=ADVANCED_FACE('',(#10070),#10365,.T.);
#11029=ADVANCED_FACE('',(#10071),#44,.T.);
#11030=ADVANCED_FACE('',(#10072),#10366,.T.);
#11031=ADVANCED_FACE('',(#10073),#10367,.T.);
#11032=ADVANCED_FACE('',(#10074),#201,.T.);
#11033=ADVANCED_FACE('',(#10075),#10368,.T.);
#11034=ADVANCED_FACE('',(#10076),#10369,.T.);
#11035=ADVANCED_FACE('',(#10077),#45,.T.);
#11036=ADVANCED_FACE('',(#10078),#46,.T.);
#11037=ADVANCED_FACE('',(#10079),#10370,.T.);
#11038=ADVANCED_FACE('',(#10080),#10371,.T.);
#11039=ADVANCED_FACE('',(#10081),#47,.T.);
#11040=CLOSED_SHELL('',(#10372,#10373,#10374,#10375,#10376,#10377,#10378,
#10379,#10380,#10381,#10382,#10383,#10384,#10385,#10386,#10387,#10388,#10389,
#10390,#10391,#10392,#10393,#10394,#10395,#10396,#10397,#10398,#10399,#10400,
#10401,#10402,#10403,#10404,#10405,#10406,#10407,#10408,#10409,#10410,#10411,
#10412,#10413,#10414,#10415,#10416,#10417,#10418,#10419,#10420,#10421,#10422,
#10423,#10424,#10425,#10426,#10427,#10428,#10429,#10430,#10431,#10432,#10433,
#10434,#10435,#10436,#10437,#10438,#10439,#10440,#10441,#10442,#10443,#10444,
#10445,#10446,#10447,#10448,#10449,#10450,#10451,#10452,#10453,#10454,#10455,
#10456,#10457,#10458,#10459,#10460,#10461,#10462,#10463,#10464,#10465,#10466,
#10467,#10468,#10469,#10470,#10471,#10472,#10473,#10474,#10475,#10476,#10477,
#10478,#10479,#10480,#10481,#10482,#10483,#10484,#10485,#10486,#10487,#10488,
#10489,#10490,#10491,#10492,#10493,#10494,#10495,#10496,#10497,#10498,#10499,
#10500,#10501,#10502,#10503,#10504,#10505,#10506,#10507,#10508,#10509,#10510,
#10511,#10512,#10513,#10514,#10515,#10516,#10517,#10518,#10519,#10520,#10521,
#10522,#10523,#10524,#10525,#10526,#10527,#10528,#10529,#10530,#10531,#10532,
#10533,#10534,#10535,#10536,#10537,#10538,#10539,#10540,#10541,#10542,#10543,
#10544,#10545,#10546,#10547,#10548,#10549,#10550,#10551,#10552,#10553,#10554,
#10555,#10556,#10557,#10558,#10559,#10560,#10561,#10562,#10563,#10564,#10565,
#10566,#10567,#10568,#10569,#10570,#10571,#10572,#10573,#10574,#10575,#10576,
#10577,#10578,#10579,#10580,#10581,#10582,#10583,#10584,#10585,#10586,#10587,
#10588,#10589,#10590,#10591,#10592,#10593,#10594,#10595,#10596,#10597,#10598,
#10599,#10600,#10601,#10602,#10603,#10604,#10605,#10606,#10607,#10608,#10609,
#10610,#10611,#10612,#10613,#10614,#10615,#10616,#10617,#10618,#10619,#10620,
#10621,#10622,#10623,#10624,#10625,#10626,#10627,#10628,#10629,#10630,#10631,
#10632,#10633,#10634,#10635,#10636,#10637,#10638,#10639,#10640,#10641,#10642,
#10643,#10644,#10645,#10646,#10647,#10648,#10649,#10650,#10651,#10652,#10653,
#10654,#10655,#10656,#10657,#10658,#10659,#10660,#10661,#10662,#10663,#10664,
#10665,#10666,#10667,#10668,#10669,#10670,#10671,#10672,#10673,#10674,#10675,
#10676,#10677,#10678,#10679,#10680,#10681,#10682,#10683,#10684,#10685,#10686,
#10687,#10688,#10689,#10690,#10691,#10692,#10693,#10694,#10695,#10696,#10697,
#10698,#10699,#10700,#10701,#10702,#10703,#10704,#10705,#10706,#10707,#10708,
#10709,#10710,#10711,#10712,#10713,#10714,#10715,#10716,#10717,#10718,#10719,
#10720,#10721,#10722,#10723,#10724,#10725,#10726,#10727,#10728,#10729,#10730,
#10731,#10732,#10733,#10734,#10735,#10736,#10737,#10738,#10739,#10740,#10741,
#10742,#10743,#10744,#10745,#10746,#10747,#10748,#10749,#10750,#10751,#10752,
#10753,#10754,#10755,#10756,#10757,#10758,#10759,#10760,#10761,#10762,#10763,
#10764,#10765,#10766,#10767,#10768,#10769,#10770,#10771,#10772,#10773,#10774,
#10775,#10776,#10777,#10778,#10779,#10780,#10781,#10782,#10783,#10784,#10785,
#10786,#10787,#10788,#10789,#10790,#10791,#10792,#10793,#10794,#10795,#10796,
#10797,#10798,#10799,#10800,#10801,#10802,#10803,#10804,#10805,#10806,#10807,
#10808,#10809,#10810,#10811,#10812,#10813,#10814,#10815,#10816,#10817,#10818,
#10819,#10820,#10821,#10822,#10823,#10824,#10825,#10826,#10827,#10828,#10829,
#10830,#10831,#10832,#10833,#10834,#10835,#10836,#10837,#10838,#10839,#10840,
#10841,#10842,#10843,#10844,#10845,#10846,#10847,#10848,#10849,#10850,#10851,
#10852,#10853,#10854,#10855,#10856,#10857,#10858,#10859,#10860,#10861,#10862,
#10863,#10864,#10865,#10866,#10867,#10868,#10869,#10870,#10871,#10872,#10873,
#10874,#10875,#10876,#10877,#10878,#10879,#10880,#10881,#10882,#10883,#10884,
#10885,#10886,#10887,#10888,#10889,#10890,#10891,#10892,#10893,#10894,#10895,
#10896,#10897,#10898,#10899,#10900,#10901,#10902,#10903,#10904,#10905,#10906,
#10907,#10908,#10909,#10910,#10911,#10912,#10913,#10914,#10915,#10916,#10917,
#10918,#10919,#10920,#10921,#10922,#10923,#10924,#10925,#10926,#10927,#10928,
#10929,#10930,#10931,#10932,#10933,#10934,#10935,#10936,#10937,#10938,#10939,
#10940,#10941,#10942,#10943,#10944,#10945,#10946,#10947,#10948,#10949,#10950,
#10951,#10952,#10953,#10954,#10955,#10956,#10957,#10958,#10959,#10960,#10961,
#10962,#10963,#10964,#10965,#10966,#10967,#10968,#10969,#10970,#10971,#10972,
#10973,#10974,#10975,#10976,#10977,#10978,#10979,#10980,#10981,#10982,#10983,
#10984,#10985,#10986,#10987,#10988,#10989,#10990,#10991,#10992,#10993,#10994,
#10995,#10996,#10997,#10998,#10999,#11000,#11001,#11002,#11003,#11004,#11005,
#11006,#11007,#11008,#11009,#11010,#11011,#11012,#11013,#11014,#11015,#11016,
#11017,#11018,#11019,#11020,#11021,#11022,#11023,#11024,#11025,#11026,#11027,
#11028,#11029,#11030,#11031,#11032,#11033,#11034,#11035,#11036,#11037,#11038,
#11039));
#11041=STYLED_ITEM('',(#11042),#11049);
#11042=PRESENTATION_STYLE_ASSIGNMENT((#11043));
#11043=SURFACE_STYLE_USAGE(.BOTH.,#11044);
#11044=SURFACE_SIDE_STYLE('',(#11045));
#11045=SURFACE_STYLE_FILL_AREA(#11046);
#11046=FILL_AREA_STYLE('',(#11047));
#11047=FILL_AREA_STYLE_COLOUR('',#11048);
#11048=COLOUR_RGB('',0.796078431372549,0.823529411764706,0.937254901960784);
#11049=MANIFOLD_SOLID_BREP('Part 5',#11040);
#11050=SHAPE_DEFINITION_REPRESENTATION(#19921,#11051);
#11051=SHAPE_REPRESENTATION('Part 5',(#11052),#19916);
#11052=AXIS2_PLACEMENT_3D('',#15669,#12311,#12312);
#11053=AXIS2_PLACEMENT_3D('',#15670,#12313,#12314);
#11054=AXIS2_PLACEMENT_3D('',#15671,#12315,#12316);
#11055=AXIS2_PLACEMENT_3D('',#15676,#12318,#12319);
#11056=AXIS2_PLACEMENT_3D('',#15679,#12321,#12322);
#11057=AXIS2_PLACEMENT_3D('',#15680,#12323,#12324);
#11058=AXIS2_PLACEMENT_3D('',#15685,#12326,#12327);
#11059=AXIS2_PLACEMENT_3D('',#15688,#12329,#12330);
#11060=AXIS2_PLACEMENT_3D('',#15692,#12332,#12333);
#11061=AXIS2_PLACEMENT_3D('',#15696,#12335,#12336);
#11062=AXIS2_PLACEMENT_3D('',#15697,#12337,#12338);
#11063=AXIS2_PLACEMENT_3D('',#15698,#12339,#12340);
#11064=AXIS2_PLACEMENT_3D('',#15713,#12345,#12346);
#11065=AXIS2_PLACEMENT_3D('',#15736,#12348,#12349);
#11066=AXIS2_PLACEMENT_3D('',#15752,#12353,#12354);
#11067=AXIS2_PLACEMENT_3D('',#15764,#12356,#12357);
#11068=AXIS2_PLACEMENT_3D('',#15768,#12359,#12360);
#11069=AXIS2_PLACEMENT_3D('',#15769,#12361,#12362);
#11070=AXIS2_PLACEMENT_3D('',#15773,#12364,#12365);
#11071=AXIS2_PLACEMENT_3D('',#15779,#12368,#12369);
#11072=AXIS2_PLACEMENT_3D('',#15785,#12372,#12373);
#11073=AXIS2_PLACEMENT_3D('',#15786,#12374,#12375);
#11074=AXIS2_PLACEMENT_3D('',#15792,#12378,#12379);
#11075=AXIS2_PLACEMENT_3D('',#15796,#12381,#12382);
#11076=AXIS2_PLACEMENT_3D('',#15804,#12386,#12387);
#11077=AXIS2_PLACEMENT_3D('',#15807,#12389,#12390);
#11078=AXIS2_PLACEMENT_3D('',#15808,#12391,#12392);
#11079=AXIS2_PLACEMENT_3D('',#15817,#12396,#12397);
#11080=AXIS2_PLACEMENT_3D('',#15825,#12401,#12402);
#11081=AXIS2_PLACEMENT_3D('',#15828,#12404,#12405);
#11082=AXIS2_PLACEMENT_3D('',#15837,#12410,#12411);
#11083=AXIS2_PLACEMENT_3D('',#15841,#12413,#12414);
#11084=AXIS2_PLACEMENT_3D('',#15842,#12415,#12416);
#11085=AXIS2_PLACEMENT_3D('',#15843,#12417,#12418);
#11086=AXIS2_PLACEMENT_3D('',#15849,#12422,#12423);
#11087=AXIS2_PLACEMENT_3D('',#15850,#12424,#12425);
#11088=AXIS2_PLACEMENT_3D('',#15851,#12426,#12427);
#11089=AXIS2_PLACEMENT_3D('',#15852,#12428,#12429);
#11090=AXIS2_PLACEMENT_3D('',#15858,#12433,#12434);
#11091=AXIS2_PLACEMENT_3D('',#15864,#12438,#12439);
#11092=AXIS2_PLACEMENT_3D('',#15878,#12444,#12445);
#11093=AXIS2_PLACEMENT_3D('',#15890,#12446,#12447);
#11094=AXIS2_PLACEMENT_3D('',#15891,#12448,#12449);
#11095=AXIS2_PLACEMENT_3D('',#15905,#12454,#12455);
#11096=AXIS2_PLACEMENT_3D('',#15917,#12456,#12457);
#11097=AXIS2_PLACEMENT_3D('',#15918,#12458,#12459);
#11098=AXIS2_PLACEMENT_3D('',#15919,#12460,#12461);
#11099=AXIS2_PLACEMENT_3D('',#15925,#12462,#12463);
#11100=AXIS2_PLACEMENT_3D('',#15926,#12464,#12465);
#11101=AXIS2_PLACEMENT_3D('',#15936,#12466,#12467);
#11102=AXIS2_PLACEMENT_3D('',#15937,#12468,#12469);
#11103=AXIS2_PLACEMENT_3D('',#15938,#12470,#12471);
#11104=AXIS2_PLACEMENT_3D('',#15939,#12472,#12473);
#11105=AXIS2_PLACEMENT_3D('',#15940,#12474,#12475);
#11106=AXIS2_PLACEMENT_3D('',#15941,#12476,#12477);
#11107=AXIS2_PLACEMENT_3D('',#15942,#12478,#12479);
#11108=AXIS2_PLACEMENT_3D('',#15943,#12480,#12481);
#11109=AXIS2_PLACEMENT_3D('',#15944,#12482,#12483);
#11110=AXIS2_PLACEMENT_3D('',#15945,#12484,#12485);
#11111=AXIS2_PLACEMENT_3D('',#15946,#12486,#12487);
#11112=AXIS2_PLACEMENT_3D('',#15959,#12488,#12489);
#11113=AXIS2_PLACEMENT_3D('',#15960,#12490,#12491);
#11114=AXIS2_PLACEMENT_3D('',#15961,#12492,#12493);
#11115=AXIS2_PLACEMENT_3D('',#15962,#12494,#12495);
#11116=AXIS2_PLACEMENT_3D('',#15963,#12496,#12497);
#11117=AXIS2_PLACEMENT_3D('',#15964,#12498,#12499);
#11118=AXIS2_PLACEMENT_3D('',#15965,#12500,#12501);
#11119=AXIS2_PLACEMENT_3D('',#15966,#12502,#12503);
#11120=AXIS2_PLACEMENT_3D('',#15967,#12504,#12505);
#11121=AXIS2_PLACEMENT_3D('',#15987,#12506,#12507);
#11122=AXIS2_PLACEMENT_3D('',#15992,#12508,#12509);
#11123=AXIS2_PLACEMENT_3D('',#15997,#12510,#12511);
#11124=AXIS2_PLACEMENT_3D('',#16002,#12512,#12513);
#11125=AXIS2_PLACEMENT_3D('',#16019,#12514,#12515);
#11126=AXIS2_PLACEMENT_3D('',#16020,#12516,#12517);
#11127=AXIS2_PLACEMENT_3D('',#16021,#12518,#12519);
#11128=AXIS2_PLACEMENT_3D('',#16022,#12520,#12521);
#11129=AXIS2_PLACEMENT_3D('',#16023,#12522,#12523);
#11130=AXIS2_PLACEMENT_3D('',#16024,#12524,#12525);
#11131=AXIS2_PLACEMENT_3D('',#16025,#12526,#12527);
#11132=AXIS2_PLACEMENT_3D('',#16026,#12528,#12529);
#11133=AXIS2_PLACEMENT_3D('',#16027,#12530,#12531);
#11134=AXIS2_PLACEMENT_3D('',#16028,#12532,#12533);
#11135=AXIS2_PLACEMENT_3D('',#16029,#12534,#12535);
#11136=AXIS2_PLACEMENT_3D('',#16030,#12536,#12537);
#11137=AXIS2_PLACEMENT_3D('',#16031,#12538,#12539);
#11138=AXIS2_PLACEMENT_3D('',#16032,#12540,#12541);
#11139=AXIS2_PLACEMENT_3D('',#16045,#12542,#12543);
#11140=AXIS2_PLACEMENT_3D('',#16046,#12544,#12545);
#11141=AXIS2_PLACEMENT_3D('',#16047,#12546,#12547);
#11142=AXIS2_PLACEMENT_3D('',#16048,#12548,#12549);
#11143=AXIS2_PLACEMENT_3D('',#16049,#12550,#12551);
#11144=AXIS2_PLACEMENT_3D('',#16050,#12552,#12553);
#11145=AXIS2_PLACEMENT_3D('',#16051,#12554,#12555);
#11146=AXIS2_PLACEMENT_3D('',#16052,#12556,#12557);
#11147=AXIS2_PLACEMENT_3D('',#16053,#12558,#12559);
#11148=AXIS2_PLACEMENT_3D('',#16073,#12560,#12561);
#11149=AXIS2_PLACEMENT_3D('',#16078,#12562,#12563);
#11150=AXIS2_PLACEMENT_3D('',#16083,#12564,#12565);
#11151=AXIS2_PLACEMENT_3D('',#16088,#12566,#12567);
#11152=AXIS2_PLACEMENT_3D('',#16093,#12568,#12569);
#11153=AXIS2_PLACEMENT_3D('',#16098,#12570,#12571);
#11154=AXIS2_PLACEMENT_3D('',#16099,#12572,#12573);
#11155=AXIS2_PLACEMENT_3D('',#16100,#12574,#12575);
#11156=AXIS2_PLACEMENT_3D('',#16101,#12576,#12577);
#11157=AXIS2_PLACEMENT_3D('',#16102,#12578,#12579);
#11158=AXIS2_PLACEMENT_3D('',#16103,#12580,#12581);
#11159=AXIS2_PLACEMENT_3D('',#16104,#12582,#12583);
#11160=AXIS2_PLACEMENT_3D('',#16105,#12584,#12585);
#11161=AXIS2_PLACEMENT_3D('',#16106,#12586,#12587);
#11162=AXIS2_PLACEMENT_3D('',#16107,#12588,#12589);
#11163=AXIS2_PLACEMENT_3D('',#16108,#12590,#12591);
#11164=AXIS2_PLACEMENT_3D('',#16118,#12596,#12597);
#11165=AXIS2_PLACEMENT_3D('',#16119,#12598,#12599);
#11166=AXIS2_PLACEMENT_3D('',#16120,#12600,#12601);
#11167=AXIS2_PLACEMENT_3D('',#16133,#12607,#12608);
#11168=AXIS2_PLACEMENT_3D('',#16137,#12610,#12611);
#11169=AXIS2_PLACEMENT_3D('',#16141,#12613,#12614);
#11170=AXIS2_PLACEMENT_3D('',#16145,#12616,#12617);
#11171=AXIS2_PLACEMENT_3D('',#16149,#12619,#12620);
#11172=AXIS2_PLACEMENT_3D('',#16157,#12624,#12625);
#11173=AXIS2_PLACEMENT_3D('',#16164,#12629,#12630);
#11174=AXIS2_PLACEMENT_3D('',#16174,#12635,#12636);
#11175=AXIS2_PLACEMENT_3D('',#16175,#12637,#12638);
#11176=AXIS2_PLACEMENT_3D('',#16183,#12642,#12643);
#11177=AXIS2_PLACEMENT_3D('',#16201,#12653,#12654);
#11178=AXIS2_PLACEMENT_3D('',#16219,#12664,#12665);
#11179=AXIS2_PLACEMENT_3D('',#16223,#12667,#12668);
#11180=AXIS2_PLACEMENT_3D('',#16227,#12670,#12671);
#11181=AXIS2_PLACEMENT_3D('',#16228,#12672,#12673);
#11182=AXIS2_PLACEMENT_3D('',#16232,#12675,#12676);
#11183=AXIS2_PLACEMENT_3D('',#16236,#12678,#12679);
#11184=AXIS2_PLACEMENT_3D('',#16237,#12680,#12681);
#11185=AXIS2_PLACEMENT_3D('',#16240,#12683,#12684);
#11186=AXIS2_PLACEMENT_3D('',#16244,#12686,#12687);
#11187=AXIS2_PLACEMENT_3D('',#16256,#12693,#12694);
#11188=AXIS2_PLACEMENT_3D('',#16260,#12696,#12697);
#11189=AXIS2_PLACEMENT_3D('',#16272,#12703,#12704);
#11190=AXIS2_PLACEMENT_3D('',#16276,#12706,#12707);
#11191=AXIS2_PLACEMENT_3D('',#16285,#12712,#12713);
#11192=AXIS2_PLACEMENT_3D('',#16289,#12715,#12716);
#11193=AXIS2_PLACEMENT_3D('',#16293,#12719,#12720);
#11194=AXIS2_PLACEMENT_3D('',#16297,#12723,#12724);
#11195=AXIS2_PLACEMENT_3D('',#16301,#12726,#12727);
#11196=AXIS2_PLACEMENT_3D('',#16313,#12733,#12734);
#11197=AXIS2_PLACEMENT_3D('',#16317,#12736,#12737);
#11198=AXIS2_PLACEMENT_3D('',#16329,#12743,#12744);
#11199=AXIS2_PLACEMENT_3D('',#16333,#12746,#12747);
#11200=AXIS2_PLACEMENT_3D('',#16342,#12752,#12753);
#11201=AXIS2_PLACEMENT_3D('',#16346,#12755,#12756);
#11202=AXIS2_PLACEMENT_3D('',#16349,#12758,#12759);
#11203=AXIS2_PLACEMENT_3D('',#16350,#12760,#12761);
#11204=AXIS2_PLACEMENT_3D('',#16358,#12766,#12767);
#11205=AXIS2_PLACEMENT_3D('',#16359,#12768,#12769);
#11206=AXIS2_PLACEMENT_3D('',#16362,#12772,#12773);
#11207=AXIS2_PLACEMENT_3D('',#16363,#12774,#12775);
#11208=AXIS2_PLACEMENT_3D('',#16380,#12777,#12778);
#11209=AXIS2_PLACEMENT_3D('',#16382,#12779,#12780);
#11210=AXIS2_PLACEMENT_3D('',#16384,#12781,#12782);
#11211=AXIS2_PLACEMENT_3D('',#16385,#12783,#12784);
#11212=AXIS2_PLACEMENT_3D('',#16386,#12785,#12786);
#11213=AXIS2_PLACEMENT_3D('',#16389,#12788,#12789);
#11214=AXIS2_PLACEMENT_3D('',#16390,#12790,#12791);
#11215=AXIS2_PLACEMENT_3D('',#16392,#12792,#12793);
#11216=AXIS2_PLACEMENT_3D('',#16393,#12794,#12795);
#11217=AXIS2_PLACEMENT_3D('',#16394,#12796,#12797);
#11218=AXIS2_PLACEMENT_3D('',#16412,#12799,#12800);
#11219=AXIS2_PLACEMENT_3D('',#16414,#12801,#12802);
#11220=AXIS2_PLACEMENT_3D('',#16415,#12803,#12804);
#11221=AXIS2_PLACEMENT_3D('',#16431,#12805,#12806);
#11222=AXIS2_PLACEMENT_3D('',#16444,#12811,#12812);
#11223=AXIS2_PLACEMENT_3D('',#16445,#12813,#12814);
#11224=AXIS2_PLACEMENT_3D('',#16449,#12816,#12817);
#11225=AXIS2_PLACEMENT_3D('',#16450,#12818,#12819);
#11226=AXIS2_PLACEMENT_3D('',#16451,#12820,#12821);
#11227=AXIS2_PLACEMENT_3D('',#16454,#12823,#12824);
#11228=AXIS2_PLACEMENT_3D('',#16455,#12825,#12826);
#11229=AXIS2_PLACEMENT_3D('',#16456,#12827,#12828);
#11230=AXIS2_PLACEMENT_3D('',#16458,#12829,#12830);
#11231=AXIS2_PLACEMENT_3D('',#16459,#12831,#12832);
#11232=AXIS2_PLACEMENT_3D('',#16460,#12833,#12834);
#11233=AXIS2_PLACEMENT_3D('',#16463,#12836,#12837);
#11234=AXIS2_PLACEMENT_3D('',#16464,#12838,#12839);
#11235=AXIS2_PLACEMENT_3D('',#16466,#12840,#12841);
#11236=AXIS2_PLACEMENT_3D('',#16467,#12842,#12843);
#11237=AXIS2_PLACEMENT_3D('',#16475,#12848,#12849);
#11238=AXIS2_PLACEMENT_3D('',#16476,#12850,#12851);
#11239=AXIS2_PLACEMENT_3D('',#16477,#12852,#12853);
#11240=AXIS2_PLACEMENT_3D('',#16479,#12854,#12855);
#11241=AXIS2_PLACEMENT_3D('',#16480,#12856,#12857);
#11242=AXIS2_PLACEMENT_3D('',#16481,#12858,#12859);
#11243=AXIS2_PLACEMENT_3D('',#16484,#12861,#12862);
#11244=AXIS2_PLACEMENT_3D('',#16485,#12863,#12864);
#11245=AXIS2_PLACEMENT_3D('',#16486,#12865,#12866);
#11246=AXIS2_PLACEMENT_3D('',#16488,#12867,#12868);
#11247=AXIS2_PLACEMENT_3D('',#16489,#12869,#12870);
#11248=AXIS2_PLACEMENT_3D('',#16492,#12873,#12874);
#11249=AXIS2_PLACEMENT_3D('',#16493,#12875,#12876);
#11250=AXIS2_PLACEMENT_3D('',#16511,#12878,#12879);
#11251=AXIS2_PLACEMENT_3D('',#16513,#12880,#12881);
#11252=AXIS2_PLACEMENT_3D('',#16514,#12882,#12883);
#11253=AXIS2_PLACEMENT_3D('',#16515,#12884,#12885);
#11254=AXIS2_PLACEMENT_3D('',#16518,#12887,#12888);
#11255=AXIS2_PLACEMENT_3D('',#16519,#12889,#12890);
#11256=AXIS2_PLACEMENT_3D('',#16521,#12891,#12892);
#11257=AXIS2_PLACEMENT_3D('',#16522,#12893,#12894);
#11258=AXIS2_PLACEMENT_3D('',#16523,#12895,#12896);
#11259=AXIS2_PLACEMENT_3D('',#16541,#12898,#12899);
#11260=AXIS2_PLACEMENT_3D('',#16543,#12900,#12901);
#11261=AXIS2_PLACEMENT_3D('',#16544,#12902,#12903);
#11262=AXIS2_PLACEMENT_3D('',#16546,#12905,#12906);
#11263=AXIS2_PLACEMENT_3D('',#16551,#12909,#12910);
#11264=AXIS2_PLACEMENT_3D('',#16552,#12911,#12912);
#11265=AXIS2_PLACEMENT_3D('',#16553,#12913,#12914);
#11266=AXIS2_PLACEMENT_3D('',#16554,#12915,#12916);
#11267=AXIS2_PLACEMENT_3D('',#16555,#12917,#12918);
#11268=AXIS2_PLACEMENT_3D('',#16557,#12920,#12921);
#11269=AXIS2_PLACEMENT_3D('',#16558,#12922,#12923);
#11270=AXIS2_PLACEMENT_3D('',#16560,#12925,#12926);
#11271=AXIS2_PLACEMENT_3D('',#16561,#12927,#12928);
#11272=AXIS2_PLACEMENT_3D('',#16564,#12930,#12931);
#11273=AXIS2_PLACEMENT_3D('',#16565,#12932,#12933);
#11274=AXIS2_PLACEMENT_3D('',#16566,#12934,#12935);
#11275=AXIS2_PLACEMENT_3D('',#16567,#12936,#12937);
#11276=AXIS2_PLACEMENT_3D('',#16568,#12938,#12939);
#11277=AXIS2_PLACEMENT_3D('',#16569,#12940,#12941);
#11278=AXIS2_PLACEMENT_3D('',#16570,#12942,#12943);
#11279=AXIS2_PLACEMENT_3D('',#16579,#12946,#12947);
#11280=AXIS2_PLACEMENT_3D('',#16594,#12948,#12949);
#11281=AXIS2_PLACEMENT_3D('',#16604,#12950,#12951);
#11282=AXIS2_PLACEMENT_3D('',#16606,#12953,#12954);
#11283=AXIS2_PLACEMENT_3D('',#16608,#12956,#12957);
#11284=AXIS2_PLACEMENT_3D('',#16610,#12959,#12960);
#11285=AXIS2_PLACEMENT_3D('',#16611,#12961,#12962);
#11286=AXIS2_PLACEMENT_3D('',#16614,#12964,#12965);
#11287=AXIS2_PLACEMENT_3D('',#16615,#12966,#12967);
#11288=AXIS2_PLACEMENT_3D('',#16617,#12968,#12969);
#11289=AXIS2_PLACEMENT_3D('',#16618,#12970,#12971);
#11290=AXIS2_PLACEMENT_3D('',#16625,#12973,#12974);
#11291=AXIS2_PLACEMENT_3D('',#16630,#12975,#12976);
#11292=AXIS2_PLACEMENT_3D('',#16632,#12978,#12979);
#11293=AXIS2_PLACEMENT_3D('',#16634,#12981,#12982);
#11294=AXIS2_PLACEMENT_3D('',#16636,#12984,#12985);
#11295=AXIS2_PLACEMENT_3D('',#16637,#12986,#12987);
#11296=AXIS2_PLACEMENT_3D('',#16638,#12988,#12989);
#11297=AXIS2_PLACEMENT_3D('',#16639,#12990,#12991);
#11298=AXIS2_PLACEMENT_3D('',#16640,#12992,#12993);
#11299=AXIS2_PLACEMENT_3D('',#16641,#12994,#12995);
#11300=AXIS2_PLACEMENT_3D('',#16642,#12996,#12997);
#11301=AXIS2_PLACEMENT_3D('',#16643,#12998,#12999);
#11302=AXIS2_PLACEMENT_3D('',#16644,#13000,#13001);
#11303=AXIS2_PLACEMENT_3D('',#16645,#13002,#13003);
#11304=AXIS2_PLACEMENT_3D('',#16650,#13006,#13007);
#11305=AXIS2_PLACEMENT_3D('',#16655,#13010,#13011);
#11306=AXIS2_PLACEMENT_3D('',#16658,#13013,#13014);
#11307=AXIS2_PLACEMENT_3D('',#16665,#13019,#13020);
#11308=AXIS2_PLACEMENT_3D('',#16670,#13024,#13025);
#11309=AXIS2_PLACEMENT_3D('',#16674,#13028,#13029);
#11310=AXIS2_PLACEMENT_3D('',#16677,#13031,#13032);
#11311=AXIS2_PLACEMENT_3D('',#16682,#13035,#13036);
#11312=AXIS2_PLACEMENT_3D('',#16685,#13038,#13039);
#11313=AXIS2_PLACEMENT_3D('',#16688,#13041,#13042);
#11314=AXIS2_PLACEMENT_3D('',#16690,#13044,#13045);
#11315=AXIS2_PLACEMENT_3D('',#16692,#13047,#13048);
#11316=AXIS2_PLACEMENT_3D('',#16698,#13052,#13053);
#11317=AXIS2_PLACEMENT_3D('',#16701,#13055,#13056);
#11318=AXIS2_PLACEMENT_3D('',#16702,#13057,#13058);
#11319=AXIS2_PLACEMENT_3D('',#16703,#13059,#13060);
#11320=AXIS2_PLACEMENT_3D('',#16705,#13061,#13062);
#11321=AXIS2_PLACEMENT_3D('',#16706,#13063,#13064);
#11322=AXIS2_PLACEMENT_3D('',#16709,#13067,#13068);
#11323=AXIS2_PLACEMENT_3D('',#16712,#13070,#13071);
#11324=AXIS2_PLACEMENT_3D('',#16715,#13073,#13074);
#11325=AXIS2_PLACEMENT_3D('',#16716,#13075,#13076);
#11326=AXIS2_PLACEMENT_3D('',#16717,#13077,#13078);
#11327=AXIS2_PLACEMENT_3D('',#16718,#13079,#13080);
#11328=AXIS2_PLACEMENT_3D('',#16720,#13082,#13083);
#11329=AXIS2_PLACEMENT_3D('',#16721,#13084,#13085);
#11330=AXIS2_PLACEMENT_3D('',#16723,#13087,#13088);
#11331=AXIS2_PLACEMENT_3D('',#16724,#13089,#13090);
#11332=AXIS2_PLACEMENT_3D('',#16725,#13091,#13092);
#11333=AXIS2_PLACEMENT_3D('',#16726,#13093,#13094);
#11334=AXIS2_PLACEMENT_3D('',#16727,#13095,#13096);
#11335=AXIS2_PLACEMENT_3D('',#16728,#13097,#13098);
#11336=AXIS2_PLACEMENT_3D('',#16729,#13099,#13100);
#11337=AXIS2_PLACEMENT_3D('',#16730,#13101,#13102);
#11338=AXIS2_PLACEMENT_3D('',#16731,#13103,#13104);
#11339=AXIS2_PLACEMENT_3D('',#16732,#13105,#13106);
#11340=AXIS2_PLACEMENT_3D('',#16733,#13107,#13108);
#11341=AXIS2_PLACEMENT_3D('',#16734,#13109,#13110);
#11342=AXIS2_PLACEMENT_3D('',#16735,#13111,#13112);
#11343=AXIS2_PLACEMENT_3D('',#16736,#13113,#13114);
#11344=AXIS2_PLACEMENT_3D('',#16737,#13115,#13116);
#11345=AXIS2_PLACEMENT_3D('',#16738,#13117,#13118);
#11346=AXIS2_PLACEMENT_3D('',#16739,#13119,#13120);
#11347=AXIS2_PLACEMENT_3D('',#16740,#13121,#13122);
#11348=AXIS2_PLACEMENT_3D('',#16741,#13123,#13124);
#11349=AXIS2_PLACEMENT_3D('',#16742,#13125,#13126);
#11350=AXIS2_PLACEMENT_3D('',#16743,#13127,#13128);
#11351=AXIS2_PLACEMENT_3D('',#16744,#13129,#13130);
#11352=AXIS2_PLACEMENT_3D('',#16745,#13131,#13132);
#11353=AXIS2_PLACEMENT_3D('',#16746,#13133,#13134);
#11354=AXIS2_PLACEMENT_3D('',#16747,#13135,#13136);
#11355=AXIS2_PLACEMENT_3D('',#16748,#13137,#13138);
#11356=AXIS2_PLACEMENT_3D('',#16749,#13139,#13140);
#11357=AXIS2_PLACEMENT_3D('',#16750,#13141,#13142);
#11358=AXIS2_PLACEMENT_3D('',#16751,#13143,#13144);
#11359=AXIS2_PLACEMENT_3D('',#16752,#13145,#13146);
#11360=AXIS2_PLACEMENT_3D('',#16753,#13147,#13148);
#11361=AXIS2_PLACEMENT_3D('',#16754,#13149,#13150);
#11362=AXIS2_PLACEMENT_3D('',#16755,#13151,#13152);
#11363=AXIS2_PLACEMENT_3D('',#16758,#13154,#13155);
#11364=AXIS2_PLACEMENT_3D('',#16762,#13157,#13158);
#11365=AXIS2_PLACEMENT_3D('',#16770,#13162,#13163);
#11366=AXIS2_PLACEMENT_3D('',#16774,#13165,#13166);
#11367=AXIS2_PLACEMENT_3D('',#16777,#13168,#13169);
#11368=AXIS2_PLACEMENT_3D('',#16780,#13171,#13172);
#11369=AXIS2_PLACEMENT_3D('',#16784,#13174,#13175);
#11370=AXIS2_PLACEMENT_3D('',#16792,#13179,#13180);
#11371=AXIS2_PLACEMENT_3D('',#16796,#13182,#13183);
#11372=AXIS2_PLACEMENT_3D('',#16799,#13185,#13186);
#11373=AXIS2_PLACEMENT_3D('',#16801,#13188,#13189);
#11374=AXIS2_PLACEMENT_3D('',#16803,#13191,#13192);
#11375=AXIS2_PLACEMENT_3D('',#16805,#13194,#13195);
#11376=AXIS2_PLACEMENT_3D('',#16807,#13197,#13198);
#11377=AXIS2_PLACEMENT_3D('',#16808,#13199,#13200);
#11378=AXIS2_PLACEMENT_3D('',#16812,#13203,#13204);
#11379=AXIS2_PLACEMENT_3D('',#16815,#13206,#13207);
#11380=AXIS2_PLACEMENT_3D('',#16817,#13209,#13210);
#11381=AXIS2_PLACEMENT_3D('',#16819,#13212,#13213);
#11382=AXIS2_PLACEMENT_3D('',#16821,#13215,#13216);
#11383=AXIS2_PLACEMENT_3D('',#16823,#13218,#13219);
#11384=AXIS2_PLACEMENT_3D('',#16824,#13220,#13221);
#11385=AXIS2_PLACEMENT_3D('',#16826,#13223,#13224);
#11386=AXIS2_PLACEMENT_3D('',#16827,#13225,#13226);
#11387=AXIS2_PLACEMENT_3D('',#16830,#13228,#13229);
#11388=AXIS2_PLACEMENT_3D('',#16831,#13230,#13231);
#11389=AXIS2_PLACEMENT_3D('',#16839,#13235,#13236);
#11390=AXIS2_PLACEMENT_3D('',#16843,#13238,#13239);
#11391=AXIS2_PLACEMENT_3D('',#16851,#13243,#13244);
#11392=AXIS2_PLACEMENT_3D('',#16855,#13246,#13247);
#11393=AXIS2_PLACEMENT_3D('',#16856,#13248,#13249);
#11394=AXIS2_PLACEMENT_3D('',#16857,#13250,#13251);
#11395=AXIS2_PLACEMENT_3D('',#16864,#13255,#13256);
#11396=AXIS2_PLACEMENT_3D('',#16867,#13258,#13259);
#11397=AXIS2_PLACEMENT_3D('',#16872,#13262,#13263);
#11398=AXIS2_PLACEMENT_3D('',#16873,#13264,#13265);
#11399=AXIS2_PLACEMENT_3D('',#16880,#13269,#13270);
#11400=AXIS2_PLACEMENT_3D('',#16883,#13272,#13273);
#11401=AXIS2_PLACEMENT_3D('',#16888,#13276,#13277);
#11402=AXIS2_PLACEMENT_3D('',#16889,#13278,#13279);
#11403=AXIS2_PLACEMENT_3D('',#16892,#13281,#13282);
#11404=AXIS2_PLACEMENT_3D('',#16893,#13283,#13284);
#11405=AXIS2_PLACEMENT_3D('',#16896,#13286,#13287);
#11406=AXIS2_PLACEMENT_3D('',#16900,#13290,#13291);
#11407=AXIS2_PLACEMENT_3D('',#16901,#13292,#13293);
#11408=AXIS2_PLACEMENT_3D('',#16902,#13294,#13295);
#11409=AXIS2_PLACEMENT_3D('',#16903,#13296,#13297);
#11410=AXIS2_PLACEMENT_3D('',#16906,#13299,#13300);
#11411=AXIS2_PLACEMENT_3D('',#16908,#13302,#13303);
#11412=AXIS2_PLACEMENT_3D('',#16917,#13308,#13309);
#11413=AXIS2_PLACEMENT_3D('',#16921,#13311,#13312);
#11414=AXIS2_PLACEMENT_3D('',#16938,#13321,#13322);
#11415=AXIS2_PLACEMENT_3D('',#16942,#13324,#13325);
#11416=AXIS2_PLACEMENT_3D('',#16951,#13330,#13331);
#11417=AXIS2_PLACEMENT_3D('',#16954,#13333,#13334);
#11418=AXIS2_PLACEMENT_3D('',#16955,#13335,#13336);
#11419=AXIS2_PLACEMENT_3D('',#16959,#13338,#13339);
#11420=AXIS2_PLACEMENT_3D('',#16963,#13341,#13342);
#11421=AXIS2_PLACEMENT_3D('',#16964,#13343,#13344);
#11422=AXIS2_PLACEMENT_3D('',#16965,#13345,#13346);
#11423=AXIS2_PLACEMENT_3D('',#16980,#13351,#13352);
#11424=AXIS2_PLACEMENT_3D('',#17003,#13354,#13355);
#11425=AXIS2_PLACEMENT_3D('',#17019,#13359,#13360);
#11426=AXIS2_PLACEMENT_3D('',#17031,#13362,#13363);
#11427=AXIS2_PLACEMENT_3D('',#17035,#13365,#13366);
#11428=AXIS2_PLACEMENT_3D('',#17041,#13369,#13370);
#11429=AXIS2_PLACEMENT_3D('',#17047,#13373,#13374);
#11430=AXIS2_PLACEMENT_3D('',#17051,#13376,#13377);
#11431=AXIS2_PLACEMENT_3D('',#17052,#13378,#13379);
#11432=AXIS2_PLACEMENT_3D('',#17053,#13380,#13381);
#11433=AXIS2_PLACEMENT_3D('',#17059,#13384,#13385);
#11434=AXIS2_PLACEMENT_3D('',#17067,#13389,#13390);
#11435=AXIS2_PLACEMENT_3D('',#17071,#13392,#13393);
#11436=AXIS2_PLACEMENT_3D('',#17074,#13395,#13396);
#11437=AXIS2_PLACEMENT_3D('',#17075,#13397,#13398);
#11438=AXIS2_PLACEMENT_3D('',#17080,#13400,#13401);
#11439=AXIS2_PLACEMENT_3D('',#17088,#13405,#13406);
#11440=AXIS2_PLACEMENT_3D('',#17095,#13410,#13411);
#11441=AXIS2_PLACEMENT_3D('',#17104,#13416,#13417);
#11442=AXIS2_PLACEMENT_3D('',#17108,#13419,#13420);
#11443=AXIS2_PLACEMENT_3D('',#17109,#13421,#13422);
#11444=AXIS2_PLACEMENT_3D('',#17110,#13423,#13424);
#11445=AXIS2_PLACEMENT_3D('',#17116,#13428,#13429);
#11446=AXIS2_PLACEMENT_3D('',#17117,#13430,#13431);
#11447=AXIS2_PLACEMENT_3D('',#17118,#13432,#13433);
#11448=AXIS2_PLACEMENT_3D('',#17119,#13434,#13435);
#11449=AXIS2_PLACEMENT_3D('',#17125,#13439,#13440);
#11450=AXIS2_PLACEMENT_3D('',#17131,#13444,#13445);
#11451=AXIS2_PLACEMENT_3D('',#17141,#13450,#13451);
#11452=AXIS2_PLACEMENT_3D('',#17142,#13452,#13453);
#11453=AXIS2_PLACEMENT_3D('',#17150,#13454,#13455);
#11454=AXIS2_PLACEMENT_3D('',#17155,#13456,#13457);
#11455=AXIS2_PLACEMENT_3D('',#17169,#13462,#13463);
#11456=AXIS2_PLACEMENT_3D('',#17170,#13464,#13465);
#11457=AXIS2_PLACEMENT_3D('',#17182,#13466,#13467);
#11458=AXIS2_PLACEMENT_3D('',#17183,#13468,#13469);
#11459=AXIS2_PLACEMENT_3D('',#17189,#13470,#13471);
#11460=AXIS2_PLACEMENT_3D('',#17190,#13472,#13473);
#11461=AXIS2_PLACEMENT_3D('',#17196,#13474,#13475);
#11462=AXIS2_PLACEMENT_3D('',#17201,#13476,#13477);
#11463=AXIS2_PLACEMENT_3D('',#17202,#13478,#13479);
#11464=AXIS2_PLACEMENT_3D('',#17203,#13480,#13481);
#11465=AXIS2_PLACEMENT_3D('',#17204,#13482,#13483);
#11466=AXIS2_PLACEMENT_3D('',#17205,#13484,#13485);
#11467=AXIS2_PLACEMENT_3D('',#17206,#13486,#13487);
#11468=AXIS2_PLACEMENT_3D('',#17207,#13488,#13489);
#11469=AXIS2_PLACEMENT_3D('',#17208,#13490,#13491);
#11470=AXIS2_PLACEMENT_3D('',#17209,#13492,#13493);
#11471=AXIS2_PLACEMENT_3D('',#17210,#13494,#13495);
#11472=AXIS2_PLACEMENT_3D('',#17223,#13496,#13497);
#11473=AXIS2_PLACEMENT_3D('',#17224,#13498,#13499);
#11474=AXIS2_PLACEMENT_3D('',#17225,#13500,#13501);
#11475=AXIS2_PLACEMENT_3D('',#17226,#13502,#13503);
#11476=AXIS2_PLACEMENT_3D('',#17227,#13504,#13505);
#11477=AXIS2_PLACEMENT_3D('',#17228,#13506,#13507);
#11478=AXIS2_PLACEMENT_3D('',#17229,#13508,#13509);
#11479=AXIS2_PLACEMENT_3D('',#17230,#13510,#13511);
#11480=AXIS2_PLACEMENT_3D('',#17231,#13512,#13513);
#11481=AXIS2_PLACEMENT_3D('',#17251,#13514,#13515);
#11482=AXIS2_PLACEMENT_3D('',#17256,#13516,#13517);
#11483=AXIS2_PLACEMENT_3D('',#17261,#13518,#13519);
#11484=AXIS2_PLACEMENT_3D('',#17266,#13520,#13521);
#11485=AXIS2_PLACEMENT_3D('',#17283,#13522,#13523);
#11486=AXIS2_PLACEMENT_3D('',#17284,#13524,#13525);
#11487=AXIS2_PLACEMENT_3D('',#17285,#13526,#13527);
#11488=AXIS2_PLACEMENT_3D('',#17286,#13528,#13529);
#11489=AXIS2_PLACEMENT_3D('',#17287,#13530,#13531);
#11490=AXIS2_PLACEMENT_3D('',#17288,#13532,#13533);
#11491=AXIS2_PLACEMENT_3D('',#17289,#13534,#13535);
#11492=AXIS2_PLACEMENT_3D('',#17290,#13536,#13537);
#11493=AXIS2_PLACEMENT_3D('',#17291,#13538,#13539);
#11494=AXIS2_PLACEMENT_3D('',#17292,#13540,#13541);
#11495=AXIS2_PLACEMENT_3D('',#17293,#13542,#13543);
#11496=AXIS2_PLACEMENT_3D('',#17294,#13544,#13545);
#11497=AXIS2_PLACEMENT_3D('',#17295,#13546,#13547);
#11498=AXIS2_PLACEMENT_3D('',#17296,#13548,#13549);
#11499=AXIS2_PLACEMENT_3D('',#17309,#13550,#13551);
#11500=AXIS2_PLACEMENT_3D('',#17310,#13552,#13553);
#11501=AXIS2_PLACEMENT_3D('',#17311,#13554,#13555);
#11502=AXIS2_PLACEMENT_3D('',#17312,#13556,#13557);
#11503=AXIS2_PLACEMENT_3D('',#17313,#13558,#13559);
#11504=AXIS2_PLACEMENT_3D('',#17314,#13560,#13561);
#11505=AXIS2_PLACEMENT_3D('',#17315,#13562,#13563);
#11506=AXIS2_PLACEMENT_3D('',#17316,#13564,#13565);
#11507=AXIS2_PLACEMENT_3D('',#17317,#13566,#13567);
#11508=AXIS2_PLACEMENT_3D('',#17337,#13568,#13569);
#11509=AXIS2_PLACEMENT_3D('',#17342,#13570,#13571);
#11510=AXIS2_PLACEMENT_3D('',#17347,#13572,#13573);
#11511=AXIS2_PLACEMENT_3D('',#17352,#13574,#13575);
#11512=AXIS2_PLACEMENT_3D('',#17357,#13576,#13577);
#11513=AXIS2_PLACEMENT_3D('',#17362,#13578,#13579);
#11514=AXIS2_PLACEMENT_3D('',#17363,#13580,#13581);
#11515=AXIS2_PLACEMENT_3D('',#17364,#13582,#13583);
#11516=AXIS2_PLACEMENT_3D('',#17365,#13584,#13585);
#11517=AXIS2_PLACEMENT_3D('',#17366,#13586,#13587);
#11518=AXIS2_PLACEMENT_3D('',#17367,#13588,#13589);
#11519=AXIS2_PLACEMENT_3D('',#17368,#13590,#13591);
#11520=AXIS2_PLACEMENT_3D('',#17369,#13592,#13593);
#11521=AXIS2_PLACEMENT_3D('',#17370,#13594,#13595);
#11522=AXIS2_PLACEMENT_3D('',#17371,#13596,#13597);
#11523=AXIS2_PLACEMENT_3D('',#17372,#13598,#13599);
#11524=AXIS2_PLACEMENT_3D('',#17376,#13601,#13602);
#11525=AXIS2_PLACEMENT_3D('',#17383,#13606,#13607);
#11526=AXIS2_PLACEMENT_3D('',#17384,#13608,#13609);
#11527=AXIS2_PLACEMENT_3D('',#17397,#13615,#13616);
#11528=AXIS2_PLACEMENT_3D('',#17401,#13618,#13619);
#11529=AXIS2_PLACEMENT_3D('',#17405,#13621,#13622);
#11530=AXIS2_PLACEMENT_3D('',#17409,#13624,#13625);
#11531=AXIS2_PLACEMENT_3D('',#17413,#13627,#13628);
#11532=AXIS2_PLACEMENT_3D('',#17423,#13633,#13634);
#11533=AXIS2_PLACEMENT_3D('',#17428,#13637,#13638);
#11534=AXIS2_PLACEMENT_3D('',#17438,#13643,#13644);
#11535=AXIS2_PLACEMENT_3D('',#17439,#13645,#13646);
#11536=AXIS2_PLACEMENT_3D('',#17447,#13650,#13651);
#11537=AXIS2_PLACEMENT_3D('',#17459,#13658,#13659);
#11538=AXIS2_PLACEMENT_3D('',#17471,#13666,#13667);
#11539=AXIS2_PLACEMENT_3D('',#17472,#13668,#13669);
#11540=AXIS2_PLACEMENT_3D('',#17473,#13670,#13671);
#11541=AXIS2_PLACEMENT_3D('',#17474,#13672,#13673);
#11542=AXIS2_PLACEMENT_3D('',#17475,#13674,#13675);
#11543=AXIS2_PLACEMENT_3D('',#17476,#13676,#13677);
#11544=AXIS2_PLACEMENT_3D('',#17477,#13678,#13679);
#11545=AXIS2_PLACEMENT_3D('',#17485,#13684,#13685);
#11546=AXIS2_PLACEMENT_3D('',#17486,#13686,#13687);
#11547=AXIS2_PLACEMENT_3D('',#17489,#13690,#13691);
#11548=AXIS2_PLACEMENT_3D('',#17490,#13692,#13693);
#11549=AXIS2_PLACEMENT_3D('',#17492,#13695,#13696);
#11550=AXIS2_PLACEMENT_3D('',#17508,#13697,#13698);
#11551=AXIS2_PLACEMENT_3D('',#17510,#13699,#13700);
#11552=AXIS2_PLACEMENT_3D('',#17512,#13701,#13702);
#11553=AXIS2_PLACEMENT_3D('',#17513,#13703,#13704);
#11554=AXIS2_PLACEMENT_3D('',#17514,#13705,#13706);
#11555=AXIS2_PLACEMENT_3D('',#17517,#13708,#13709);
#11556=AXIS2_PLACEMENT_3D('',#17518,#13710,#13711);
#11557=AXIS2_PLACEMENT_3D('',#17520,#13712,#13713);
#11558=AXIS2_PLACEMENT_3D('',#17521,#13714,#13715);
#11559=AXIS2_PLACEMENT_3D('',#17524,#13717,#13718);
#11560=AXIS2_PLACEMENT_3D('',#17540,#13719,#13720);
#11561=AXIS2_PLACEMENT_3D('',#17542,#13721,#13722);
#11562=AXIS2_PLACEMENT_3D('',#17543,#13723,#13724);
#11563=AXIS2_PLACEMENT_3D('',#17559,#13725,#13726);
#11564=AXIS2_PLACEMENT_3D('',#17562,#13728,#13729);
#11565=AXIS2_PLACEMENT_3D('',#17569,#13733,#13734);
#11566=AXIS2_PLACEMENT_3D('',#17570,#13735,#13736);
#11567=AXIS2_PLACEMENT_3D('',#17574,#13738,#13739);
#11568=AXIS2_PLACEMENT_3D('',#17575,#13740,#13741);
#11569=AXIS2_PLACEMENT_3D('',#17576,#13742,#13743);
#11570=AXIS2_PLACEMENT_3D('',#17578,#13744,#13745);
#11571=AXIS2_PLACEMENT_3D('',#17580,#13747,#13748);
#11572=AXIS2_PLACEMENT_3D('',#17581,#13749,#13750);
#11573=AXIS2_PLACEMENT_3D('',#17583,#13751,#13752);
#11574=AXIS2_PLACEMENT_3D('',#17584,#13753,#13754);
#11575=AXIS2_PLACEMENT_3D('',#17585,#13755,#13756);
#11576=AXIS2_PLACEMENT_3D('',#17588,#13758,#13759);
#11577=AXIS2_PLACEMENT_3D('',#17589,#13760,#13761);
#11578=AXIS2_PLACEMENT_3D('',#17591,#13762,#13763);
#11579=AXIS2_PLACEMENT_3D('',#17592,#13764,#13765);
#11580=AXIS2_PLACEMENT_3D('',#17600,#13770,#13771);
#11581=AXIS2_PLACEMENT_3D('',#17601,#13772,#13773);
#11582=AXIS2_PLACEMENT_3D('',#17602,#13774,#13775);
#11583=AXIS2_PLACEMENT_3D('',#17604,#13776,#13777);
#11584=AXIS2_PLACEMENT_3D('',#17605,#13778,#13779);
#11585=AXIS2_PLACEMENT_3D('',#17606,#13780,#13781);
#11586=AXIS2_PLACEMENT_3D('',#17609,#13783,#13784);
#11587=AXIS2_PLACEMENT_3D('',#17610,#13785,#13786);
#11588=AXIS2_PLACEMENT_3D('',#17611,#13787,#13788);
#11589=AXIS2_PLACEMENT_3D('',#17613,#13789,#13790);
#11590=AXIS2_PLACEMENT_3D('',#17614,#13791,#13792);
#11591=AXIS2_PLACEMENT_3D('',#17617,#13795,#13796);
#11592=AXIS2_PLACEMENT_3D('',#17620,#13798,#13799);
#11593=AXIS2_PLACEMENT_3D('',#17636,#13800,#13801);
#11594=AXIS2_PLACEMENT_3D('',#17638,#13802,#13803);
#11595=AXIS2_PLACEMENT_3D('',#17639,#13804,#13805);
#11596=AXIS2_PLACEMENT_3D('',#17642,#13807,#13808);
#11597=AXIS2_PLACEMENT_3D('',#17643,#13809,#13810);
#11598=AXIS2_PLACEMENT_3D('',#17644,#13811,#13812);
#11599=AXIS2_PLACEMENT_3D('',#17646,#13813,#13814);
#11600=AXIS2_PLACEMENT_3D('',#17647,#13815,#13816);
#11601=AXIS2_PLACEMENT_3D('',#17650,#13818,#13819);
#11602=AXIS2_PLACEMENT_3D('',#17666,#13820,#13821);
#11603=AXIS2_PLACEMENT_3D('',#17668,#13822,#13823);
#11604=AXIS2_PLACEMENT_3D('',#17669,#13824,#13825);
#11605=AXIS2_PLACEMENT_3D('',#17671,#13827,#13828);
#11606=AXIS2_PLACEMENT_3D('',#17674,#13830,#13831);
#11607=AXIS2_PLACEMENT_3D('',#17677,#13833,#13834);
#11608=AXIS2_PLACEMENT_3D('',#17678,#13835,#13836);
#11609=AXIS2_PLACEMENT_3D('',#17679,#13837,#13838);
#11610=AXIS2_PLACEMENT_3D('',#17680,#13839,#13840);
#11611=AXIS2_PLACEMENT_3D('',#17682,#13842,#13843);
#11612=AXIS2_PLACEMENT_3D('',#17683,#13844,#13845);
#11613=AXIS2_PLACEMENT_3D('',#17685,#13847,#13848);
#11614=AXIS2_PLACEMENT_3D('',#17688,#13850,#13851);
#11615=AXIS2_PLACEMENT_3D('',#17689,#13852,#13853);
#11616=AXIS2_PLACEMENT_3D('',#17690,#13854,#13855);
#11617=AXIS2_PLACEMENT_3D('',#17691,#13856,#13857);
#11618=AXIS2_PLACEMENT_3D('',#17692,#13858,#13859);
#11619=AXIS2_PLACEMENT_3D('',#17693,#13860,#13861);
#11620=AXIS2_PLACEMENT_3D('',#17694,#13862,#13863);
#11621=AXIS2_PLACEMENT_3D('',#17695,#13864,#13865);
#11622=AXIS2_PLACEMENT_3D('',#17704,#13868,#13869);
#11623=AXIS2_PLACEMENT_3D('',#17719,#13870,#13871);
#11624=AXIS2_PLACEMENT_3D('',#17729,#13872,#13873);
#11625=AXIS2_PLACEMENT_3D('',#17731,#13875,#13876);
#11626=AXIS2_PLACEMENT_3D('',#17733,#13878,#13879);
#11627=AXIS2_PLACEMENT_3D('',#17735,#13881,#13882);
#11628=AXIS2_PLACEMENT_3D('',#17736,#13883,#13884);
#11629=AXIS2_PLACEMENT_3D('',#17739,#13886,#13887);
#11630=AXIS2_PLACEMENT_3D('',#17740,#13888,#13889);
#11631=AXIS2_PLACEMENT_3D('',#17742,#13890,#13891);
#11632=AXIS2_PLACEMENT_3D('',#17743,#13892,#13893);
#11633=AXIS2_PLACEMENT_3D('',#17744,#13894,#13895);
#11634=AXIS2_PLACEMENT_3D('',#17759,#13897,#13898);
#11635=AXIS2_PLACEMENT_3D('',#17760,#13899,#13900);
#11636=AXIS2_PLACEMENT_3D('',#17762,#13902,#13903);
#11637=AXIS2_PLACEMENT_3D('',#17764,#13905,#13906);
#11638=AXIS2_PLACEMENT_3D('',#17766,#13908,#13909);
#11639=AXIS2_PLACEMENT_3D('',#17767,#13910,#13911);
#11640=AXIS2_PLACEMENT_3D('',#17768,#13912,#13913);
#11641=AXIS2_PLACEMENT_3D('',#17769,#13914,#13915);
#11642=AXIS2_PLACEMENT_3D('',#17770,#13916,#13917);
#11643=AXIS2_PLACEMENT_3D('',#17771,#13918,#13919);
#11644=AXIS2_PLACEMENT_3D('',#17772,#13920,#13921);
#11645=AXIS2_PLACEMENT_3D('',#17773,#13922,#13923);
#11646=AXIS2_PLACEMENT_3D('',#17774,#13924,#13925);
#11647=AXIS2_PLACEMENT_3D('',#17779,#13928,#13929);
#11648=AXIS2_PLACEMENT_3D('',#17780,#13930,#13931);
#11649=AXIS2_PLACEMENT_3D('',#17783,#13933,#13934);
#11650=AXIS2_PLACEMENT_3D('',#17788,#13937,#13938);
#11651=AXIS2_PLACEMENT_3D('',#17795,#13943,#13944);
#11652=AXIS2_PLACEMENT_3D('',#17800,#13948,#13949);
#11653=AXIS2_PLACEMENT_3D('',#17804,#13952,#13953);
#11654=AXIS2_PLACEMENT_3D('',#17811,#13957,#13958);
#11655=AXIS2_PLACEMENT_3D('',#17812,#13959,#13960);
#11656=AXIS2_PLACEMENT_3D('',#17815,#13962,#13963);
#11657=AXIS2_PLACEMENT_3D('',#17818,#13965,#13966);
#11658=AXIS2_PLACEMENT_3D('',#17820,#13968,#13969);
#11659=AXIS2_PLACEMENT_3D('',#17822,#13971,#13972);
#11660=AXIS2_PLACEMENT_3D('',#17828,#13976,#13977);
#11661=AXIS2_PLACEMENT_3D('',#17829,#13978,#13979);
#11662=AXIS2_PLACEMENT_3D('',#17832,#13981,#13982);
#11663=AXIS2_PLACEMENT_3D('',#17833,#13983,#13984);
#11664=AXIS2_PLACEMENT_3D('',#17835,#13985,#13986);
#11665=AXIS2_PLACEMENT_3D('',#17836,#13987,#13988);
#11666=AXIS2_PLACEMENT_3D('',#17839,#13991,#13992);
#11667=AXIS2_PLACEMENT_3D('',#17844,#13995,#13996);
#11668=AXIS2_PLACEMENT_3D('',#17845,#13997,#13998);
#11669=AXIS2_PLACEMENT_3D('',#17846,#13999,#14000);
#11670=AXIS2_PLACEMENT_3D('',#17847,#14001,#14002);
#11671=AXIS2_PLACEMENT_3D('',#17848,#14003,#14004);
#11672=AXIS2_PLACEMENT_3D('',#17850,#14006,#14007);
#11673=AXIS2_PLACEMENT_3D('',#17851,#14008,#14009);
#11674=AXIS2_PLACEMENT_3D('',#17853,#14011,#14012);
#11675=AXIS2_PLACEMENT_3D('',#17854,#14013,#14014);
#11676=AXIS2_PLACEMENT_3D('',#17855,#14015,#14016);
#11677=AXIS2_PLACEMENT_3D('',#17856,#14017,#14018);
#11678=AXIS2_PLACEMENT_3D('',#17857,#14019,#14020);
#11679=AXIS2_PLACEMENT_3D('',#17858,#14021,#14022);
#11680=AXIS2_PLACEMENT_3D('',#17859,#14023,#14024);
#11681=AXIS2_PLACEMENT_3D('',#17860,#14025,#14026);
#11682=AXIS2_PLACEMENT_3D('',#17861,#14027,#14028);
#11683=AXIS2_PLACEMENT_3D('',#17862,#14029,#14030);
#11684=AXIS2_PLACEMENT_3D('',#17863,#14031,#14032);
#11685=AXIS2_PLACEMENT_3D('',#17864,#14033,#14034);
#11686=AXIS2_PLACEMENT_3D('',#17865,#14035,#14036);
#11687=AXIS2_PLACEMENT_3D('',#17866,#14037,#14038);
#11688=AXIS2_PLACEMENT_3D('',#17867,#14039,#14040);
#11689=AXIS2_PLACEMENT_3D('',#17868,#14041,#14042);
#11690=AXIS2_PLACEMENT_3D('',#17869,#14043,#14044);
#11691=AXIS2_PLACEMENT_3D('',#17870,#14045,#14046);
#11692=AXIS2_PLACEMENT_3D('',#17871,#14047,#14048);
#11693=AXIS2_PLACEMENT_3D('',#17872,#14049,#14050);
#11694=AXIS2_PLACEMENT_3D('',#17873,#14051,#14052);
#11695=AXIS2_PLACEMENT_3D('',#17874,#14053,#14054);
#11696=AXIS2_PLACEMENT_3D('',#17875,#14055,#14056);
#11697=AXIS2_PLACEMENT_3D('',#17876,#14057,#14058);
#11698=AXIS2_PLACEMENT_3D('',#17877,#14059,#14060);
#11699=AXIS2_PLACEMENT_3D('',#17878,#14061,#14062);
#11700=AXIS2_PLACEMENT_3D('',#17879,#14063,#14064);
#11701=AXIS2_PLACEMENT_3D('',#17880,#14065,#14066);
#11702=AXIS2_PLACEMENT_3D('',#17881,#14067,#14068);
#11703=AXIS2_PLACEMENT_3D('',#17882,#14069,#14070);
#11704=AXIS2_PLACEMENT_3D('',#17883,#14071,#14072);
#11705=AXIS2_PLACEMENT_3D('',#17886,#14074,#14075);
#11706=AXIS2_PLACEMENT_3D('',#17887,#14076,#14077);
#11707=AXIS2_PLACEMENT_3D('',#17888,#14078,#14079);
#11708=AXIS2_PLACEMENT_3D('',#17893,#14081,#14082);
#11709=AXIS2_PLACEMENT_3D('',#17896,#14084,#14085);
#11710=AXIS2_PLACEMENT_3D('',#17897,#14086,#14087);
#11711=AXIS2_PLACEMENT_3D('',#17899,#14088,#14089);
#11712=AXIS2_PLACEMENT_3D('',#17902,#14091,#14092);
#11713=AXIS2_PLACEMENT_3D('',#17906,#14094,#14095);
#11714=AXIS2_PLACEMENT_3D('',#17910,#14097,#14098);
#11715=AXIS2_PLACEMENT_3D('',#17911,#14099,#14100);
#11716=AXIS2_PLACEMENT_3D('',#17930,#14105,#14106);
#11717=AXIS2_PLACEMENT_3D('',#17953,#14108,#14109);
#11718=AXIS2_PLACEMENT_3D('',#17969,#14113,#14114);
#11719=AXIS2_PLACEMENT_3D('',#17981,#14116,#14117);
#11720=AXIS2_PLACEMENT_3D('',#17985,#14119,#14120);
#11721=AXIS2_PLACEMENT_3D('',#17991,#14123,#14124);
#11722=AXIS2_PLACEMENT_3D('',#17997,#14127,#14128);
#11723=AXIS2_PLACEMENT_3D('',#18001,#14130,#14131);
#11724=AXIS2_PLACEMENT_3D('',#18002,#14132,#14133);
#11725=AXIS2_PLACEMENT_3D('',#18003,#14134,#14135);
#11726=AXIS2_PLACEMENT_3D('',#18009,#14138,#14139);
#11727=AXIS2_PLACEMENT_3D('',#18017,#14143,#14144);
#11728=AXIS2_PLACEMENT_3D('',#18021,#14146,#14147);
#11729=AXIS2_PLACEMENT_3D('',#18024,#14149,#14150);
#11730=AXIS2_PLACEMENT_3D('',#18025,#14151,#14152);
#11731=AXIS2_PLACEMENT_3D('',#18030,#14154,#14155);
#11732=AXIS2_PLACEMENT_3D('',#18038,#14159,#14160);
#11733=AXIS2_PLACEMENT_3D('',#18045,#14164,#14165);
#11734=AXIS2_PLACEMENT_3D('',#18054,#14170,#14171);
#11735=AXIS2_PLACEMENT_3D('',#18058,#14173,#14174);
#11736=AXIS2_PLACEMENT_3D('',#18059,#14175,#14176);
#11737=AXIS2_PLACEMENT_3D('',#18060,#14177,#14178);
#11738=AXIS2_PLACEMENT_3D('',#18066,#14182,#14183);
#11739=AXIS2_PLACEMENT_3D('',#18067,#14184,#14185);
#11740=AXIS2_PLACEMENT_3D('',#18068,#14186,#14187);
#11741=AXIS2_PLACEMENT_3D('',#18069,#14188,#14189);
#11742=AXIS2_PLACEMENT_3D('',#18075,#14193,#14194);
#11743=AXIS2_PLACEMENT_3D('',#18081,#14198,#14199);
#11744=AXIS2_PLACEMENT_3D('',#18095,#14204,#14205);
#11745=AXIS2_PLACEMENT_3D('',#18103,#14206,#14207);
#11746=AXIS2_PLACEMENT_3D('',#18108,#14208,#14209);
#11747=AXIS2_PLACEMENT_3D('',#18122,#14214,#14215);
#11748=AXIS2_PLACEMENT_3D('',#18123,#14216,#14217);
#11749=AXIS2_PLACEMENT_3D('',#18135,#14218,#14219);
#11750=AXIS2_PLACEMENT_3D('',#18136,#14220,#14221);
#11751=AXIS2_PLACEMENT_3D('',#18146,#14222,#14223);
#11752=AXIS2_PLACEMENT_3D('',#18152,#14224,#14225);
#11753=AXIS2_PLACEMENT_3D('',#18157,#14226,#14227);
#11754=AXIS2_PLACEMENT_3D('',#18158,#14228,#14229);
#11755=AXIS2_PLACEMENT_3D('',#18159,#14230,#14231);
#11756=AXIS2_PLACEMENT_3D('',#18160,#14232,#14233);
#11757=AXIS2_PLACEMENT_3D('',#18161,#14234,#14235);
#11758=AXIS2_PLACEMENT_3D('',#18162,#14236,#14237);
#11759=AXIS2_PLACEMENT_3D('',#18163,#14238,#14239);
#11760=AXIS2_PLACEMENT_3D('',#18164,#14240,#14241);
#11761=AXIS2_PLACEMENT_3D('',#18165,#14242,#14243);
#11762=AXIS2_PLACEMENT_3D('',#18166,#14244,#14245);
#11763=AXIS2_PLACEMENT_3D('',#18179,#14246,#14247);
#11764=AXIS2_PLACEMENT_3D('',#18180,#14248,#14249);
#11765=AXIS2_PLACEMENT_3D('',#18181,#14250,#14251);
#11766=AXIS2_PLACEMENT_3D('',#18182,#14252,#14253);
#11767=AXIS2_PLACEMENT_3D('',#18183,#14254,#14255);
#11768=AXIS2_PLACEMENT_3D('',#18184,#14256,#14257);
#11769=AXIS2_PLACEMENT_3D('',#18185,#14258,#14259);
#11770=AXIS2_PLACEMENT_3D('',#18186,#14260,#14261);
#11771=AXIS2_PLACEMENT_3D('',#18187,#14262,#14263);
#11772=AXIS2_PLACEMENT_3D('',#18207,#14264,#14265);
#11773=AXIS2_PLACEMENT_3D('',#18212,#14266,#14267);
#11774=AXIS2_PLACEMENT_3D('',#18217,#14268,#14269);
#11775=AXIS2_PLACEMENT_3D('',#18222,#14270,#14271);
#11776=AXIS2_PLACEMENT_3D('',#18227,#14272,#14273);
#11777=AXIS2_PLACEMENT_3D('',#18232,#14274,#14275);
#11778=AXIS2_PLACEMENT_3D('',#18233,#14276,#14277);
#11779=AXIS2_PLACEMENT_3D('',#18234,#14278,#14279);
#11780=AXIS2_PLACEMENT_3D('',#18235,#14280,#14281);
#11781=AXIS2_PLACEMENT_3D('',#18236,#14282,#14283);
#11782=AXIS2_PLACEMENT_3D('',#18237,#14284,#14285);
#11783=AXIS2_PLACEMENT_3D('',#18238,#14286,#14287);
#11784=AXIS2_PLACEMENT_3D('',#18239,#14288,#14289);
#11785=AXIS2_PLACEMENT_3D('',#18240,#14290,#14291);
#11786=AXIS2_PLACEMENT_3D('',#18241,#14292,#14293);
#11787=AXIS2_PLACEMENT_3D('',#18242,#14294,#14295);
#11788=AXIS2_PLACEMENT_3D('',#18243,#14296,#14297);
#11789=AXIS2_PLACEMENT_3D('',#18244,#14298,#14299);
#11790=AXIS2_PLACEMENT_3D('',#18257,#14300,#14301);
#11791=AXIS2_PLACEMENT_3D('',#18258,#14302,#14303);
#11792=AXIS2_PLACEMENT_3D('',#18259,#14304,#14305);
#11793=AXIS2_PLACEMENT_3D('',#18260,#14306,#14307);
#11794=AXIS2_PLACEMENT_3D('',#18261,#14308,#14309);
#11795=AXIS2_PLACEMENT_3D('',#18262,#14310,#14311);
#11796=AXIS2_PLACEMENT_3D('',#18263,#14312,#14313);
#11797=AXIS2_PLACEMENT_3D('',#18264,#14314,#14315);
#11798=AXIS2_PLACEMENT_3D('',#18265,#14316,#14317);
#11799=AXIS2_PLACEMENT_3D('',#18285,#14318,#14319);
#11800=AXIS2_PLACEMENT_3D('',#18290,#14320,#14321);
#11801=AXIS2_PLACEMENT_3D('',#18295,#14322,#14323);
#11802=AXIS2_PLACEMENT_3D('',#18300,#14324,#14325);
#11803=AXIS2_PLACEMENT_3D('',#18305,#14326,#14327);
#11804=AXIS2_PLACEMENT_3D('',#18310,#14328,#14329);
#11805=AXIS2_PLACEMENT_3D('',#18311,#14330,#14331);
#11806=AXIS2_PLACEMENT_3D('',#18312,#14332,#14333);
#11807=AXIS2_PLACEMENT_3D('',#18313,#14334,#14335);
#11808=AXIS2_PLACEMENT_3D('',#18314,#14336,#14337);
#11809=AXIS2_PLACEMENT_3D('',#18315,#14338,#14339);
#11810=AXIS2_PLACEMENT_3D('',#18316,#14340,#14341);
#11811=AXIS2_PLACEMENT_3D('',#18317,#14342,#14343);
#11812=AXIS2_PLACEMENT_3D('',#18318,#14344,#14345);
#11813=AXIS2_PLACEMENT_3D('',#18319,#14346,#14347);
#11814=AXIS2_PLACEMENT_3D('',#18320,#14348,#14349);
#11815=AXIS2_PLACEMENT_3D('',#18324,#14351,#14352);
#11816=AXIS2_PLACEMENT_3D('',#18331,#14356,#14357);
#11817=AXIS2_PLACEMENT_3D('',#18332,#14358,#14359);
#11818=AXIS2_PLACEMENT_3D('',#18345,#14365,#14366);
#11819=AXIS2_PLACEMENT_3D('',#18349,#14368,#14369);
#11820=AXIS2_PLACEMENT_3D('',#18353,#14371,#14372);
#11821=AXIS2_PLACEMENT_3D('',#18357,#14374,#14375);
#11822=AXIS2_PLACEMENT_3D('',#18361,#14377,#14378);
#11823=AXIS2_PLACEMENT_3D('',#18371,#14383,#14384);
#11824=AXIS2_PLACEMENT_3D('',#18376,#14387,#14388);
#11825=AXIS2_PLACEMENT_3D('',#18386,#14393,#14394);
#11826=AXIS2_PLACEMENT_3D('',#18387,#14395,#14396);
#11827=AXIS2_PLACEMENT_3D('',#18395,#14400,#14401);
#11828=AXIS2_PLACEMENT_3D('',#18413,#14411,#14412);
#11829=AXIS2_PLACEMENT_3D('',#18428,#14421,#14422);
#11830=AXIS2_PLACEMENT_3D('',#18432,#14424,#14425);
#11831=AXIS2_PLACEMENT_3D('',#18433,#14426,#14427);
#11832=AXIS2_PLACEMENT_3D('',#18434,#14428,#14429);
#11833=AXIS2_PLACEMENT_3D('',#18435,#14430,#14431);
#11834=AXIS2_PLACEMENT_3D('',#18439,#14433,#14434);
#11835=AXIS2_PLACEMENT_3D('',#18440,#14435,#14436);
#11836=AXIS2_PLACEMENT_3D('',#18443,#14438,#14439);
#11837=AXIS2_PLACEMENT_3D('',#18447,#14441,#14442);
#11838=AXIS2_PLACEMENT_3D('',#18453,#14446,#14447);
#11839=AXIS2_PLACEMENT_3D('',#18457,#14449,#14450);
#11840=AXIS2_PLACEMENT_3D('',#18469,#14456,#14457);
#11841=AXIS2_PLACEMENT_3D('',#18473,#14459,#14460);
#11842=AXIS2_PLACEMENT_3D('',#18485,#14466,#14467);
#11843=AXIS2_PLACEMENT_3D('',#18489,#14469,#14470);
#11844=AXIS2_PLACEMENT_3D('',#18496,#14474,#14475);
#11845=AXIS2_PLACEMENT_3D('',#18504,#14480,#14481);
#11846=AXIS2_PLACEMENT_3D('',#18505,#14482,#14483);
#11847=AXIS2_PLACEMENT_3D('',#18508,#14486,#14487);
#11848=AXIS2_PLACEMENT_3D('',#18509,#14488,#14489);
#11849=AXIS2_PLACEMENT_3D('',#18511,#14491,#14492);
#11850=AXIS2_PLACEMENT_3D('',#18527,#14493,#14494);
#11851=AXIS2_PLACEMENT_3D('',#18529,#14495,#14496);
#11852=AXIS2_PLACEMENT_3D('',#18531,#14497,#14498);
#11853=AXIS2_PLACEMENT_3D('',#18532,#14499,#14500);
#11854=AXIS2_PLACEMENT_3D('',#18533,#14501,#14502);
#11855=AXIS2_PLACEMENT_3D('',#18536,#14504,#14505);
#11856=AXIS2_PLACEMENT_3D('',#18537,#14506,#14507);
#11857=AXIS2_PLACEMENT_3D('',#18539,#14508,#14509);
#11858=AXIS2_PLACEMENT_3D('',#18540,#14510,#14511);
#11859=AXIS2_PLACEMENT_3D('',#18543,#14513,#14514);
#11860=AXIS2_PLACEMENT_3D('',#18559,#14515,#14516);
#11861=AXIS2_PLACEMENT_3D('',#18561,#14517,#14518);
#11862=AXIS2_PLACEMENT_3D('',#18562,#14519,#14520);
#11863=AXIS2_PLACEMENT_3D('',#18578,#14521,#14522);
#11864=AXIS2_PLACEMENT_3D('',#18591,#14527,#14528);
#11865=AXIS2_PLACEMENT_3D('',#18592,#14529,#14530);
#11866=AXIS2_PLACEMENT_3D('',#18596,#14532,#14533);
#11867=AXIS2_PLACEMENT_3D('',#18597,#14534,#14535);
#11868=AXIS2_PLACEMENT_3D('',#18598,#14536,#14537);
#11869=AXIS2_PLACEMENT_3D('',#18600,#14538,#14539);
#11870=AXIS2_PLACEMENT_3D('',#18602,#14541,#14542);
#11871=AXIS2_PLACEMENT_3D('',#18603,#14543,#14544);
#11872=AXIS2_PLACEMENT_3D('',#18605,#14545,#14546);
#11873=AXIS2_PLACEMENT_3D('',#18606,#14547,#14548);
#11874=AXIS2_PLACEMENT_3D('',#18607,#14549,#14550);
#11875=AXIS2_PLACEMENT_3D('',#18610,#14552,#14553);
#11876=AXIS2_PLACEMENT_3D('',#18611,#14554,#14555);
#11877=AXIS2_PLACEMENT_3D('',#18613,#14556,#14557);
#11878=AXIS2_PLACEMENT_3D('',#18614,#14558,#14559);
#11879=AXIS2_PLACEMENT_3D('',#18622,#14564,#14565);
#11880=AXIS2_PLACEMENT_3D('',#18623,#14566,#14567);
#11881=AXIS2_PLACEMENT_3D('',#18624,#14568,#14569);
#11882=AXIS2_PLACEMENT_3D('',#18626,#14570,#14571);
#11883=AXIS2_PLACEMENT_3D('',#18627,#14572,#14573);
#11884=AXIS2_PLACEMENT_3D('',#18628,#14574,#14575);
#11885=AXIS2_PLACEMENT_3D('',#18631,#14577,#14578);
#11886=AXIS2_PLACEMENT_3D('',#18632,#14579,#14580);
#11887=AXIS2_PLACEMENT_3D('',#18633,#14581,#14582);
#11888=AXIS2_PLACEMENT_3D('',#18635,#14583,#14584);
#11889=AXIS2_PLACEMENT_3D('',#18636,#14585,#14586);
#11890=AXIS2_PLACEMENT_3D('',#18639,#14589,#14590);
#11891=AXIS2_PLACEMENT_3D('',#18642,#14592,#14593);
#11892=AXIS2_PLACEMENT_3D('',#18658,#14594,#14595);
#11893=AXIS2_PLACEMENT_3D('',#18660,#14596,#14597);
#11894=AXIS2_PLACEMENT_3D('',#18661,#14598,#14599);
#11895=AXIS2_PLACEMENT_3D('',#18664,#14601,#14602);
#11896=AXIS2_PLACEMENT_3D('',#18665,#14603,#14604);
#11897=AXIS2_PLACEMENT_3D('',#18666,#14605,#14606);
#11898=AXIS2_PLACEMENT_3D('',#18668,#14607,#14608);
#11899=AXIS2_PLACEMENT_3D('',#18669,#14609,#14610);
#11900=AXIS2_PLACEMENT_3D('',#18672,#14612,#14613);
#11901=AXIS2_PLACEMENT_3D('',#18688,#14614,#14615);
#11902=AXIS2_PLACEMENT_3D('',#18690,#14616,#14617);
#11903=AXIS2_PLACEMENT_3D('',#18691,#14618,#14619);
#11904=AXIS2_PLACEMENT_3D('',#18693,#14621,#14622);
#11905=AXIS2_PLACEMENT_3D('',#18696,#14624,#14625);
#11906=AXIS2_PLACEMENT_3D('',#18699,#14627,#14628);
#11907=AXIS2_PLACEMENT_3D('',#18700,#14629,#14630);
#11908=AXIS2_PLACEMENT_3D('',#18701,#14631,#14632);
#11909=AXIS2_PLACEMENT_3D('',#18702,#14633,#14634);
#11910=AXIS2_PLACEMENT_3D('',#18704,#14636,#14637);
#11911=AXIS2_PLACEMENT_3D('',#18705,#14638,#14639);
#11912=AXIS2_PLACEMENT_3D('',#18707,#14641,#14642);
#11913=AXIS2_PLACEMENT_3D('',#18710,#14644,#14645);
#11914=AXIS2_PLACEMENT_3D('',#18711,#14646,#14647);
#11915=AXIS2_PLACEMENT_3D('',#18712,#14648,#14649);
#11916=AXIS2_PLACEMENT_3D('',#18713,#14650,#14651);
#11917=AXIS2_PLACEMENT_3D('',#18714,#14652,#14653);
#11918=AXIS2_PLACEMENT_3D('',#18715,#14654,#14655);
#11919=AXIS2_PLACEMENT_3D('',#18716,#14656,#14657);
#11920=AXIS2_PLACEMENT_3D('',#18717,#14658,#14659);
#11921=AXIS2_PLACEMENT_3D('',#18756,#14662,#14663);
#11922=AXIS2_PLACEMENT_3D('',#18766,#14664,#14665);
#11923=AXIS2_PLACEMENT_3D('',#18768,#14667,#14668);
#11924=AXIS2_PLACEMENT_3D('',#18770,#14670,#14671);
#11925=AXIS2_PLACEMENT_3D('',#18772,#14673,#14674);
#11926=AXIS2_PLACEMENT_3D('',#18773,#14675,#14676);
#11927=AXIS2_PLACEMENT_3D('',#18776,#14678,#14679);
#11928=AXIS2_PLACEMENT_3D('',#18777,#14680,#14681);
#11929=AXIS2_PLACEMENT_3D('',#18779,#14682,#14683);
#11930=AXIS2_PLACEMENT_3D('',#18780,#14684,#14685);
#11931=AXIS2_PLACEMENT_3D('',#18787,#14687,#14688);
#11932=AXIS2_PLACEMENT_3D('',#18792,#14689,#14690);
#11933=AXIS2_PLACEMENT_3D('',#18794,#14692,#14693);
#11934=AXIS2_PLACEMENT_3D('',#18796,#14695,#14696);
#11935=AXIS2_PLACEMENT_3D('',#18798,#14698,#14699);
#11936=AXIS2_PLACEMENT_3D('',#18799,#14700,#14701);
#11937=AXIS2_PLACEMENT_3D('',#18800,#14702,#14703);
#11938=AXIS2_PLACEMENT_3D('',#18801,#14704,#14705);
#11939=AXIS2_PLACEMENT_3D('',#18802,#14706,#14707);
#11940=AXIS2_PLACEMENT_3D('',#18803,#14708,#14709);
#11941=AXIS2_PLACEMENT_3D('',#18804,#14710,#14711);
#11942=AXIS2_PLACEMENT_3D('',#18805,#14712,#14713);
#11943=AXIS2_PLACEMENT_3D('',#18806,#14714,#14715);
#11944=AXIS2_PLACEMENT_3D('',#18811,#14718,#14719);
#11945=AXIS2_PLACEMENT_3D('',#18812,#14720,#14721);
#11946=AXIS2_PLACEMENT_3D('',#18815,#14723,#14724);
#11947=AXIS2_PLACEMENT_3D('',#18820,#14727,#14728);
#11948=AXIS2_PLACEMENT_3D('',#18827,#14733,#14734);
#11949=AXIS2_PLACEMENT_3D('',#18832,#14738,#14739);
#11950=AXIS2_PLACEMENT_3D('',#18836,#14742,#14743);
#11951=AXIS2_PLACEMENT_3D('',#18843,#14747,#14748);
#11952=AXIS2_PLACEMENT_3D('',#18844,#14749,#14750);
#11953=AXIS2_PLACEMENT_3D('',#18847,#14752,#14753);
#11954=AXIS2_PLACEMENT_3D('',#18850,#14755,#14756);
#11955=AXIS2_PLACEMENT_3D('',#18852,#14758,#14759);
#11956=AXIS2_PLACEMENT_3D('',#18854,#14761,#14762);
#11957=AXIS2_PLACEMENT_3D('',#18860,#14766,#14767);
#11958=AXIS2_PLACEMENT_3D('',#18861,#14768,#14769);
#11959=AXIS2_PLACEMENT_3D('',#18864,#14771,#14772);
#11960=AXIS2_PLACEMENT_3D('',#18865,#14773,#14774);
#11961=AXIS2_PLACEMENT_3D('',#18867,#14775,#14776);
#11962=AXIS2_PLACEMENT_3D('',#18868,#14777,#14778);
#11963=AXIS2_PLACEMENT_3D('',#18871,#14781,#14782);
#11964=AXIS2_PLACEMENT_3D('',#18876,#14785,#14786);
#11965=AXIS2_PLACEMENT_3D('',#18877,#14787,#14788);
#11966=AXIS2_PLACEMENT_3D('',#18878,#14789,#14790);
#11967=AXIS2_PLACEMENT_3D('',#18879,#14791,#14792);
#11968=AXIS2_PLACEMENT_3D('',#18880,#14793,#14794);
#11969=AXIS2_PLACEMENT_3D('',#18882,#14796,#14797);
#11970=AXIS2_PLACEMENT_3D('',#18883,#14798,#14799);
#11971=AXIS2_PLACEMENT_3D('',#18885,#14801,#14802);
#11972=AXIS2_PLACEMENT_3D('',#18886,#14803,#14804);
#11973=AXIS2_PLACEMENT_3D('',#18887,#14805,#14806);
#11974=AXIS2_PLACEMENT_3D('',#18888,#14807,#14808);
#11975=AXIS2_PLACEMENT_3D('',#18889,#14809,#14810);
#11976=AXIS2_PLACEMENT_3D('',#18890,#14811,#14812);
#11977=AXIS2_PLACEMENT_3D('',#18891,#14813,#14814);
#11978=AXIS2_PLACEMENT_3D('',#18892,#14815,#14816);
#11979=AXIS2_PLACEMENT_3D('',#18893,#14817,#14818);
#11980=AXIS2_PLACEMENT_3D('',#18894,#14819,#14820);
#11981=AXIS2_PLACEMENT_3D('',#18895,#14821,#14822);
#11982=AXIS2_PLACEMENT_3D('',#18896,#14823,#14824);
#11983=AXIS2_PLACEMENT_3D('',#18897,#14825,#14826);
#11984=AXIS2_PLACEMENT_3D('',#18898,#14827,#14828);
#11985=AXIS2_PLACEMENT_3D('',#18899,#14829,#14830);
#11986=AXIS2_PLACEMENT_3D('',#18900,#14831,#14832);
#11987=AXIS2_PLACEMENT_3D('',#18901,#14833,#14834);
#11988=AXIS2_PLACEMENT_3D('',#18902,#14835,#14836);
#11989=AXIS2_PLACEMENT_3D('',#18903,#14837,#14838);
#11990=AXIS2_PLACEMENT_3D('',#18904,#14839,#14840);
#11991=AXIS2_PLACEMENT_3D('',#18905,#14841,#14842);
#11992=AXIS2_PLACEMENT_3D('',#18906,#14843,#14844);
#11993=AXIS2_PLACEMENT_3D('',#18907,#14845,#14846);
#11994=AXIS2_PLACEMENT_3D('',#18908,#14847,#14848);
#11995=AXIS2_PLACEMENT_3D('',#18909,#14849,#14850);
#11996=AXIS2_PLACEMENT_3D('',#18910,#14851,#14852);
#11997=AXIS2_PLACEMENT_3D('',#18911,#14853,#14854);
#11998=AXIS2_PLACEMENT_3D('',#18912,#14855,#14856);
#11999=AXIS2_PLACEMENT_3D('',#18913,#14857,#14858);
#12000=AXIS2_PLACEMENT_3D('',#18914,#14859,#14860);
#12001=AXIS2_PLACEMENT_3D('',#18915,#14861,#14862);
#12002=AXIS2_PLACEMENT_3D('',#18916,#14863,#14864);
#12003=AXIS2_PLACEMENT_3D('',#18917,#14865,#14866);
#12004=AXIS2_PLACEMENT_3D('',#18919,#14868,#14869);
#12005=AXIS2_PLACEMENT_3D('',#18921,#14871,#14872);
#12006=AXIS2_PLACEMENT_3D('',#18923,#14874,#14875);
#12007=AXIS2_PLACEMENT_3D('',#18925,#14877,#14878);
#12008=AXIS2_PLACEMENT_3D('',#18927,#14880,#14881);
#12009=AXIS2_PLACEMENT_3D('',#18928,#14882,#14883);
#12010=AXIS2_PLACEMENT_3D('',#18930,#14885,#14886);
#12011=AXIS2_PLACEMENT_3D('',#18931,#14887,#14888);
#12012=AXIS2_PLACEMENT_3D('',#18934,#14890,#14891);
#12013=AXIS2_PLACEMENT_3D('',#18938,#14893,#14894);
#12014=AXIS2_PLACEMENT_3D('',#18946,#14898,#14899);
#12015=AXIS2_PLACEMENT_3D('',#18950,#14901,#14902);
#12016=AXIS2_PLACEMENT_3D('',#18953,#14904,#14905);
#12017=AXIS2_PLACEMENT_3D('',#18955,#14907,#14908);
#12018=AXIS2_PLACEMENT_3D('',#18957,#14910,#14911);
#12019=AXIS2_PLACEMENT_3D('',#18958,#14912,#14913);
#12020=AXIS2_PLACEMENT_3D('',#18962,#14916,#14917);
#12021=AXIS2_PLACEMENT_3D('',#18965,#14919,#14920);
#12022=AXIS2_PLACEMENT_3D('',#18967,#14922,#14923);
#12023=AXIS2_PLACEMENT_3D('',#18969,#14925,#14926);
#12024=AXIS2_PLACEMENT_3D('',#18971,#14928,#14929);
#12025=AXIS2_PLACEMENT_3D('',#18973,#14931,#14932);
#12026=AXIS2_PLACEMENT_3D('',#18974,#14933,#14934);
#12027=AXIS2_PLACEMENT_3D('',#18976,#14936,#14937);
#12028=AXIS2_PLACEMENT_3D('',#18977,#14938,#14939);
#12029=AXIS2_PLACEMENT_3D('',#18980,#14941,#14942);
#12030=AXIS2_PLACEMENT_3D('',#18981,#14943,#14944);
#12031=AXIS2_PLACEMENT_3D('',#18985,#14946,#14947);
#12032=AXIS2_PLACEMENT_3D('',#18989,#14949,#14950);
#12033=AXIS2_PLACEMENT_3D('',#18990,#14951,#14952);
#12034=AXIS2_PLACEMENT_3D('',#19009,#14957,#14958);
#12035=AXIS2_PLACEMENT_3D('',#19031,#14960,#14961);
#12036=AXIS2_PLACEMENT_3D('',#19047,#14965,#14966);
#12037=AXIS2_PLACEMENT_3D('',#19059,#14968,#14969);
#12038=AXIS2_PLACEMENT_3D('',#19063,#14971,#14972);
#12039=AXIS2_PLACEMENT_3D('',#19064,#14973,#14974);
#12040=AXIS2_PLACEMENT_3D('',#19068,#14976,#14977);
#12041=AXIS2_PLACEMENT_3D('',#19074,#14980,#14981);
#12042=AXIS2_PLACEMENT_3D('',#19080,#14984,#14985);
#12043=AXIS2_PLACEMENT_3D('',#19081,#14986,#14987);
#12044=AXIS2_PLACEMENT_3D('',#19087,#14990,#14991);
#12045=AXIS2_PLACEMENT_3D('',#19091,#14993,#14994);
#12046=AXIS2_PLACEMENT_3D('',#19099,#14998,#14999);
#12047=AXIS2_PLACEMENT_3D('',#19102,#15001,#15002);
#12048=AXIS2_PLACEMENT_3D('',#19103,#15003,#15004);
#12049=AXIS2_PLACEMENT_3D('',#19112,#15008,#15009);
#12050=AXIS2_PLACEMENT_3D('',#19120,#15013,#15014);
#12051=AXIS2_PLACEMENT_3D('',#19123,#15016,#15017);
#12052=AXIS2_PLACEMENT_3D('',#19132,#15022,#15023);
#12053=AXIS2_PLACEMENT_3D('',#19136,#15025,#15026);
#12054=AXIS2_PLACEMENT_3D('',#19137,#15027,#15028);
#12055=AXIS2_PLACEMENT_3D('',#19138,#15029,#15030);
#12056=AXIS2_PLACEMENT_3D('',#19144,#15034,#15035);
#12057=AXIS2_PLACEMENT_3D('',#19145,#15036,#15037);
#12058=AXIS2_PLACEMENT_3D('',#19146,#15038,#15039);
#12059=AXIS2_PLACEMENT_3D('',#19147,#15040,#15041);
#12060=AXIS2_PLACEMENT_3D('',#19153,#15045,#15046);
#12061=AXIS2_PLACEMENT_3D('',#19159,#15050,#15051);
#12062=AXIS2_PLACEMENT_3D('',#19163,#15053,#15054);
#12063=AXIS2_PLACEMENT_3D('',#19170,#15058,#15059);
#12064=AXIS2_PLACEMENT_3D('',#19182,#15060,#15061);
#12065=AXIS2_PLACEMENT_3D('',#19183,#15062,#15063);
#12066=AXIS2_PLACEMENT_3D('',#19197,#15068,#15069);
#12067=AXIS2_PLACEMENT_3D('',#19209,#15070,#15071);
#12068=AXIS2_PLACEMENT_3D('',#19210,#15072,#15073);
#12069=AXIS2_PLACEMENT_3D('',#19220,#15074,#15075);
#12070=AXIS2_PLACEMENT_3D('',#19221,#15076,#15077);
#12071=AXIS2_PLACEMENT_3D('',#19231,#15078,#15079);
#12072=AXIS2_PLACEMENT_3D('',#19232,#15080,#15081);
#12073=AXIS2_PLACEMENT_3D('',#19233,#15082,#15083);
#12074=AXIS2_PLACEMENT_3D('',#19234,#15084,#15085);
#12075=AXIS2_PLACEMENT_3D('',#19235,#15086,#15087);
#12076=AXIS2_PLACEMENT_3D('',#19236,#15088,#15089);
#12077=AXIS2_PLACEMENT_3D('',#19237,#15090,#15091);
#12078=AXIS2_PLACEMENT_3D('',#19238,#15092,#15093);
#12079=AXIS2_PLACEMENT_3D('',#19239,#15094,#15095);
#12080=AXIS2_PLACEMENT_3D('',#19240,#15096,#15097);
#12081=AXIS2_PLACEMENT_3D('',#19241,#15098,#15099);
#12082=AXIS2_PLACEMENT_3D('',#19254,#15100,#15101);
#12083=AXIS2_PLACEMENT_3D('',#19255,#15102,#15103);
#12084=AXIS2_PLACEMENT_3D('',#19256,#15104,#15105);
#12085=AXIS2_PLACEMENT_3D('',#19257,#15106,#15107);
#12086=AXIS2_PLACEMENT_3D('',#19258,#15108,#15109);
#12087=AXIS2_PLACEMENT_3D('',#19259,#15110,#15111);
#12088=AXIS2_PLACEMENT_3D('',#19260,#15112,#15113);
#12089=AXIS2_PLACEMENT_3D('',#19261,#15114,#15115);
#12090=AXIS2_PLACEMENT_3D('',#19262,#15116,#15117);
#12091=AXIS2_PLACEMENT_3D('',#19282,#15118,#15119);
#12092=AXIS2_PLACEMENT_3D('',#19287,#15120,#15121);
#12093=AXIS2_PLACEMENT_3D('',#19292,#15122,#15123);
#12094=AXIS2_PLACEMENT_3D('',#19297,#15124,#15125);
#12095=AXIS2_PLACEMENT_3D('',#19302,#15126,#15127);
#12096=AXIS2_PLACEMENT_3D('',#19307,#15128,#15129);
#12097=AXIS2_PLACEMENT_3D('',#19308,#15130,#15131);
#12098=AXIS2_PLACEMENT_3D('',#19309,#15132,#15133);
#12099=AXIS2_PLACEMENT_3D('',#19310,#15134,#15135);
#12100=AXIS2_PLACEMENT_3D('',#19311,#15136,#15137);
#12101=AXIS2_PLACEMENT_3D('',#19312,#15138,#15139);
#12102=AXIS2_PLACEMENT_3D('',#19313,#15140,#15141);
#12103=AXIS2_PLACEMENT_3D('',#19314,#15142,#15143);
#12104=AXIS2_PLACEMENT_3D('',#19315,#15144,#15145);
#12105=AXIS2_PLACEMENT_3D('',#19316,#15146,#15147);
#12106=AXIS2_PLACEMENT_3D('',#19317,#15148,#15149);
#12107=AXIS2_PLACEMENT_3D('',#19318,#15150,#15151);
#12108=AXIS2_PLACEMENT_3D('',#19319,#15152,#15153);
#12109=AXIS2_PLACEMENT_3D('',#19332,#15154,#15155);
#12110=AXIS2_PLACEMENT_3D('',#19333,#15156,#15157);
#12111=AXIS2_PLACEMENT_3D('',#19334,#15158,#15159);
#12112=AXIS2_PLACEMENT_3D('',#19335,#15160,#15161);
#12113=AXIS2_PLACEMENT_3D('',#19336,#15162,#15163);
#12114=AXIS2_PLACEMENT_3D('',#19337,#15164,#15165);
#12115=AXIS2_PLACEMENT_3D('',#19338,#15166,#15167);
#12116=AXIS2_PLACEMENT_3D('',#19339,#15168,#15169);
#12117=AXIS2_PLACEMENT_3D('',#19340,#15170,#15171);
#12118=AXIS2_PLACEMENT_3D('',#19360,#15172,#15173);
#12119=AXIS2_PLACEMENT_3D('',#19365,#15174,#15175);
#12120=AXIS2_PLACEMENT_3D('',#19370,#15176,#15177);
#12121=AXIS2_PLACEMENT_3D('',#19391,#15178,#15179);
#12122=AXIS2_PLACEMENT_3D('',#19396,#15180,#15181);
#12123=AXIS2_PLACEMENT_3D('',#19397,#15182,#15183);
#12124=AXIS2_PLACEMENT_3D('',#19398,#15184,#15185);
#12125=AXIS2_PLACEMENT_3D('',#19399,#15186,#15187);
#12126=AXIS2_PLACEMENT_3D('',#19400,#15188,#15189);
#12127=AXIS2_PLACEMENT_3D('',#19401,#15190,#15191);
#12128=AXIS2_PLACEMENT_3D('',#19402,#15192,#15193);
#12129=AXIS2_PLACEMENT_3D('',#19403,#15194,#15195);
#12130=AXIS2_PLACEMENT_3D('',#19404,#15196,#15197);
#12131=AXIS2_PLACEMENT_3D('',#19405,#15198,#15199);
#12132=AXIS2_PLACEMENT_3D('',#19406,#15200,#15201);
#12133=AXIS2_PLACEMENT_3D('',#19416,#15206,#15207);
#12134=AXIS2_PLACEMENT_3D('',#19417,#15208,#15209);
#12135=AXIS2_PLACEMENT_3D('',#19418,#15210,#15211);
#12136=AXIS2_PLACEMENT_3D('',#19431,#15217,#15218);
#12137=AXIS2_PLACEMENT_3D('',#19435,#15220,#15221);
#12138=AXIS2_PLACEMENT_3D('',#19439,#15223,#15224);
#12139=AXIS2_PLACEMENT_3D('',#19443,#15226,#15227);
#12140=AXIS2_PLACEMENT_3D('',#19447,#15229,#15230);
#12141=AXIS2_PLACEMENT_3D('',#19455,#15234,#15235);
#12142=AXIS2_PLACEMENT_3D('',#19462,#15239,#15240);
#12143=AXIS2_PLACEMENT_3D('',#19472,#15245,#15246);
#12144=AXIS2_PLACEMENT_3D('',#19473,#15247,#15248);
#12145=AXIS2_PLACEMENT_3D('',#19481,#15252,#15253);
#12146=AXIS2_PLACEMENT_3D('',#19493,#15260,#15261);
#12147=AXIS2_PLACEMENT_3D('',#19505,#15268,#15269);
#12148=AXIS2_PLACEMENT_3D('',#19506,#15270,#15271);
#12149=AXIS2_PLACEMENT_3D('',#19507,#15272,#15273);
#12150=AXIS2_PLACEMENT_3D('',#19508,#15274,#15275);
#12151=AXIS2_PLACEMENT_3D('',#19509,#15276,#15277);
#12152=AXIS2_PLACEMENT_3D('',#19510,#15278,#15279);
#12153=AXIS2_PLACEMENT_3D('',#19511,#15280,#15281);
#12154=AXIS2_PLACEMENT_3D('',#19512,#15282,#15283);
#12155=AXIS2_PLACEMENT_3D('',#19520,#15288,#15289);
#12156=AXIS2_PLACEMENT_3D('',#19521,#15290,#15291);
#12157=AXIS2_PLACEMENT_3D('',#19524,#15294,#15295);
#12158=AXIS2_PLACEMENT_3D('',#19525,#15296,#15297);
#12159=AXIS2_PLACEMENT_3D('',#19542,#15299,#15300);
#12160=AXIS2_PLACEMENT_3D('',#19544,#15301,#15302);
#12161=AXIS2_PLACEMENT_3D('',#19546,#15303,#15304);
#12162=AXIS2_PLACEMENT_3D('',#19547,#15305,#15306);
#12163=AXIS2_PLACEMENT_3D('',#19548,#15307,#15308);
#12164=AXIS2_PLACEMENT_3D('',#19551,#15310,#15311);
#12165=AXIS2_PLACEMENT_3D('',#19552,#15312,#15313);
#12166=AXIS2_PLACEMENT_3D('',#19554,#15314,#15315);
#12167=AXIS2_PLACEMENT_3D('',#19555,#15316,#15317);
#12168=AXIS2_PLACEMENT_3D('',#19556,#15318,#15319);
#12169=AXIS2_PLACEMENT_3D('',#19574,#15321,#15322);
#12170=AXIS2_PLACEMENT_3D('',#19576,#15323,#15324);
#12171=AXIS2_PLACEMENT_3D('',#19577,#15325,#15326);
#12172=AXIS2_PLACEMENT_3D('',#19593,#15327,#15328);
#12173=AXIS2_PLACEMENT_3D('',#19606,#15333,#15334);
#12174=AXIS2_PLACEMENT_3D('',#19607,#15335,#15336);
#12175=AXIS2_PLACEMENT_3D('',#19611,#15338,#15339);
#12176=AXIS2_PLACEMENT_3D('',#19612,#15340,#15341);
#12177=AXIS2_PLACEMENT_3D('',#19613,#15342,#15343);
#12178=AXIS2_PLACEMENT_3D('',#19616,#15345,#15346);
#12179=AXIS2_PLACEMENT_3D('',#19617,#15347,#15348);
#12180=AXIS2_PLACEMENT_3D('',#19618,#15349,#15350);
#12181=AXIS2_PLACEMENT_3D('',#19620,#15351,#15352);
#12182=AXIS2_PLACEMENT_3D('',#19621,#15353,#15354);
#12183=AXIS2_PLACEMENT_3D('',#19622,#15355,#15356);
#12184=AXIS2_PLACEMENT_3D('',#19625,#15358,#15359);
#12185=AXIS2_PLACEMENT_3D('',#19626,#15360,#15361);
#12186=AXIS2_PLACEMENT_3D('',#19628,#15362,#15363);
#12187=AXIS2_PLACEMENT_3D('',#19629,#15364,#15365);
#12188=AXIS2_PLACEMENT_3D('',#19637,#15370,#15371);
#12189=AXIS2_PLACEMENT_3D('',#19638,#15372,#15373);
#12190=AXIS2_PLACEMENT_3D('',#19639,#15374,#15375);
#12191=AXIS2_PLACEMENT_3D('',#19641,#15376,#15377);
#12192=AXIS2_PLACEMENT_3D('',#19642,#15378,#15379);
#12193=AXIS2_PLACEMENT_3D('',#19643,#15380,#15381);
#12194=AXIS2_PLACEMENT_3D('',#19646,#15383,#15384);
#12195=AXIS2_PLACEMENT_3D('',#19647,#15385,#15386);
#12196=AXIS2_PLACEMENT_3D('',#19648,#15387,#15388);
#12197=AXIS2_PLACEMENT_3D('',#19650,#15389,#15390);
#12198=AXIS2_PLACEMENT_3D('',#19651,#15391,#15392);
#12199=AXIS2_PLACEMENT_3D('',#19654,#15395,#15396);
#12200=AXIS2_PLACEMENT_3D('',#19655,#15397,#15398);
#12201=AXIS2_PLACEMENT_3D('',#19673,#15400,#15401);
#12202=AXIS2_PLACEMENT_3D('',#19675,#15402,#15403);
#12203=AXIS2_PLACEMENT_3D('',#19676,#15404,#15405);
#12204=AXIS2_PLACEMENT_3D('',#19677,#15406,#15407);
#12205=AXIS2_PLACEMENT_3D('',#19680,#15409,#15410);
#12206=AXIS2_PLACEMENT_3D('',#19681,#15411,#15412);
#12207=AXIS2_PLACEMENT_3D('',#19683,#15413,#15414);
#12208=AXIS2_PLACEMENT_3D('',#19684,#15415,#15416);
#12209=AXIS2_PLACEMENT_3D('',#19685,#15417,#15418);
#12210=AXIS2_PLACEMENT_3D('',#19703,#15420,#15421);
#12211=AXIS2_PLACEMENT_3D('',#19705,#15422,#15423);
#12212=AXIS2_PLACEMENT_3D('',#19706,#15424,#15425);
#12213=AXIS2_PLACEMENT_3D('',#19708,#15427,#15428);
#12214=AXIS2_PLACEMENT_3D('',#19713,#15431,#15432);
#12215=AXIS2_PLACEMENT_3D('',#19714,#15433,#15434);
#12216=AXIS2_PLACEMENT_3D('',#19715,#15435,#15436);
#12217=AXIS2_PLACEMENT_3D('',#19716,#15437,#15438);
#12218=AXIS2_PLACEMENT_3D('',#19717,#15439,#15440);
#12219=AXIS2_PLACEMENT_3D('',#19719,#15442,#15443);
#12220=AXIS2_PLACEMENT_3D('',#19720,#15444,#15445);
#12221=AXIS2_PLACEMENT_3D('',#19722,#15447,#15448);
#12222=AXIS2_PLACEMENT_3D('',#19723,#15449,#15450);
#12223=AXIS2_PLACEMENT_3D('',#19726,#15452,#15453);
#12224=AXIS2_PLACEMENT_3D('',#19727,#15454,#15455);
#12225=AXIS2_PLACEMENT_3D('',#19728,#15456,#15457);
#12226=AXIS2_PLACEMENT_3D('',#19729,#15458,#15459);
#12227=AXIS2_PLACEMENT_3D('',#19730,#15460,#15461);
#12228=AXIS2_PLACEMENT_3D('',#19731,#15462,#15463);
#12229=AXIS2_PLACEMENT_3D('',#19732,#15464,#15465);
#12230=AXIS2_PLACEMENT_3D('',#19741,#15468,#15469);
#12231=AXIS2_PLACEMENT_3D('',#19756,#15470,#15471);
#12232=AXIS2_PLACEMENT_3D('',#19766,#15472,#15473);
#12233=AXIS2_PLACEMENT_3D('',#19768,#15475,#15476);
#12234=AXIS2_PLACEMENT_3D('',#19770,#15478,#15479);
#12235=AXIS2_PLACEMENT_3D('',#19772,#15481,#15482);
#12236=AXIS2_PLACEMENT_3D('',#19773,#15483,#15484);
#12237=AXIS2_PLACEMENT_3D('',#19776,#15486,#15487);
#12238=AXIS2_PLACEMENT_3D('',#19777,#15488,#15489);
#12239=AXIS2_PLACEMENT_3D('',#19779,#15490,#15491);
#12240=AXIS2_PLACEMENT_3D('',#19780,#15492,#15493);
#12241=AXIS2_PLACEMENT_3D('',#19787,#15495,#15496);
#12242=AXIS2_PLACEMENT_3D('',#19792,#15497,#15498);
#12243=AXIS2_PLACEMENT_3D('',#19794,#15500,#15501);
#12244=AXIS2_PLACEMENT_3D('',#19796,#15503,#15504);
#12245=AXIS2_PLACEMENT_3D('',#19798,#15506,#15507);
#12246=AXIS2_PLACEMENT_3D('',#19799,#15508,#15509);
#12247=AXIS2_PLACEMENT_3D('',#19800,#15510,#15511);
#12248=AXIS2_PLACEMENT_3D('',#19801,#15512,#15513);
#12249=AXIS2_PLACEMENT_3D('',#19802,#15514,#15515);
#12250=AXIS2_PLACEMENT_3D('',#19803,#15516,#15517);
#12251=AXIS2_PLACEMENT_3D('',#19804,#15518,#15519);
#12252=AXIS2_PLACEMENT_3D('',#19805,#15520,#15521);
#12253=AXIS2_PLACEMENT_3D('',#19806,#15522,#15523);
#12254=AXIS2_PLACEMENT_3D('',#19807,#15524,#15525);
#12255=AXIS2_PLACEMENT_3D('',#19812,#15528,#15529);
#12256=AXIS2_PLACEMENT_3D('',#19817,#15532,#15533);
#12257=AXIS2_PLACEMENT_3D('',#19820,#15535,#15536);
#12258=AXIS2_PLACEMENT_3D('',#19827,#15541,#15542);
#12259=AXIS2_PLACEMENT_3D('',#19832,#15546,#15547);
#12260=AXIS2_PLACEMENT_3D('',#19835,#15549,#15550);
#12261=AXIS2_PLACEMENT_3D('',#19842,#15554,#15555);
#12262=AXIS2_PLACEMENT_3D('',#19846,#15558,#15559);
#12263=AXIS2_PLACEMENT_3D('',#19849,#15561,#15562);
#12264=AXIS2_PLACEMENT_3D('',#19851,#15564,#15565);
#12265=AXIS2_PLACEMENT_3D('',#19853,#15567,#15568);
#12266=AXIS2_PLACEMENT_3D('',#19854,#15569,#15570);
#12267=AXIS2_PLACEMENT_3D('',#19860,#15574,#15575);
#12268=AXIS2_PLACEMENT_3D('',#19863,#15577,#15578);
#12269=AXIS2_PLACEMENT_3D('',#19864,#15579,#15580);
#12270=AXIS2_PLACEMENT_3D('',#19865,#15581,#15582);
#12271=AXIS2_PLACEMENT_3D('',#19867,#15583,#15584);
#12272=AXIS2_PLACEMENT_3D('',#19868,#15585,#15586);
#12273=AXIS2_PLACEMENT_3D('',#19871,#15589,#15590);
#12274=AXIS2_PLACEMENT_3D('',#19874,#15592,#15593);
#12275=AXIS2_PLACEMENT_3D('',#19877,#15595,#15596);
#12276=AXIS2_PLACEMENT_3D('',#19878,#15597,#15598);
#12277=AXIS2_PLACEMENT_3D('',#19879,#15599,#15600);
#12278=AXIS2_PLACEMENT_3D('',#19880,#15601,#15602);
#12279=AXIS2_PLACEMENT_3D('',#19882,#15604,#15605);
#12280=AXIS2_PLACEMENT_3D('',#19883,#15606,#15607);
#12281=AXIS2_PLACEMENT_3D('',#19885,#15609,#15610);
#12282=AXIS2_PLACEMENT_3D('',#19886,#15611,#15612);
#12283=AXIS2_PLACEMENT_3D('',#19887,#15613,#15614);
#12284=AXIS2_PLACEMENT_3D('',#19888,#15615,#15616);
#12285=AXIS2_PLACEMENT_3D('',#19889,#15617,#15618);
#12286=AXIS2_PLACEMENT_3D('',#19890,#15619,#15620);
#12287=AXIS2_PLACEMENT_3D('',#19891,#15621,#15622);
#12288=AXIS2_PLACEMENT_3D('',#19892,#15623,#15624);
#12289=AXIS2_PLACEMENT_3D('',#19893,#15625,#15626);
#12290=AXIS2_PLACEMENT_3D('',#19894,#15627,#15628);
#12291=AXIS2_PLACEMENT_3D('',#19895,#15629,#15630);
#12292=AXIS2_PLACEMENT_3D('',#19896,#15631,#15632);
#12293=AXIS2_PLACEMENT_3D('',#19897,#15633,#15634);
#12294=AXIS2_PLACEMENT_3D('',#19898,#15635,#15636);
#12295=AXIS2_PLACEMENT_3D('',#19899,#15637,#15638);
#12296=AXIS2_PLACEMENT_3D('',#19900,#15639,#15640);
#12297=AXIS2_PLACEMENT_3D('',#19901,#15641,#15642);
#12298=AXIS2_PLACEMENT_3D('',#19902,#15643,#15644);
#12299=AXIS2_PLACEMENT_3D('',#19903,#15645,#15646);
#12300=AXIS2_PLACEMENT_3D('',#19904,#15647,#15648);
#12301=AXIS2_PLACEMENT_3D('',#19905,#15649,#15650);
#12302=AXIS2_PLACEMENT_3D('',#19906,#15651,#15652);
#12303=AXIS2_PLACEMENT_3D('',#19907,#15653,#15654);
#12304=AXIS2_PLACEMENT_3D('',#19908,#15655,#15656);
#12305=AXIS2_PLACEMENT_3D('',#19909,#15657,#15658);
#12306=AXIS2_PLACEMENT_3D('',#19910,#15659,#15660);
#12307=AXIS2_PLACEMENT_3D('',#19911,#15661,#15662);
#12308=AXIS2_PLACEMENT_3D('',#19912,#15663,#15664);
#12309=AXIS2_PLACEMENT_3D('',#19913,#15665,#15666);
#12310=AXIS2_PLACEMENT_3D('',#19914,#15667,#15668);
#12311=DIRECTION('',(0.,0.,1.));
#12312=DIRECTION('',(1.,0.,0.));
#12313=DIRECTION('',(0.,-1.,0.));
#12314=DIRECTION('',(0.,0.,1.));
#12315=DIRECTION('',(0.,1.,0.));
#12316=DIRECTION('',(0.,0.,1.));
#12317=DIRECTION('',(0.,-1.,0.));
#12318=DIRECTION('',(0.,1.,0.));
#12319=DIRECTION('',(0.,0.,-1.));
#12320=DIRECTION('',(0.,-1.,0.));
#12321=DIRECTION('',(0.,-1.,0.));
#12322=DIRECTION('',(0.,0.,1.));
#12323=DIRECTION('',(0.,-1.,0.));
#12324=DIRECTION('',(0.,0.,-1.));
#12325=DIRECTION('',(0.,-1.,0.));
#12326=DIRECTION('',(0.,-1.,0.));
#12327=DIRECTION('',(0.,0.,1.));
#12328=DIRECTION('',(0.,-1.,0.));
#12329=DIRECTION('',(8.163404592832E-16,-1.,-8.16340459283199E-16));
#12330=DIRECTION('',(-1.,-8.163404592832E-16,0.));
#12331=DIRECTION('',(-8.16340459283196E-16,1.,3.50324616081205E-44));
#12332=DIRECTION('',(0.,1.,0.));
#12333=DIRECTION('',(0.,0.,-1.));
#12334=DIRECTION('',(-8.163404592832E-16,1.,8.16340459283199E-16));
#12335=DIRECTION('',(0.,1.,0.));
#12336=DIRECTION('',(0.,0.,-1.));
#12337=DIRECTION('',(0.5,-0.707106781186541,0.5));
#12338=DIRECTION('',(0.,0.577350269189634,0.816496580927721));
#12339=DIRECTION('',(0.5,-0.707106781186541,0.5));
#12340=DIRECTION('',(0.499999999999994,0.707106781186555,0.5));
#12341=DIRECTION('',(-0.5,-0.707106781186555,-0.5));
#12342=DIRECTION('',(0.707106781186548,0.,-0.707106781186547));
#12343=DIRECTION('',(0.5,0.707106781186555,0.5));
#12344=DIRECTION('',(0.707106781186548,0.,-0.707106781186547));
#12345=DIRECTION('',(0.707106781186548,0.,-0.707106781186547));
#12346=DIRECTION('',(-0.707106781186547,0.,-0.707106781186548));
#12347=DIRECTION('',(0.707106781186548,0.,-0.707106781186547));
#12348=DIRECTION('',(0.696364240320019,-0.173648177666926,0.69636424032002));
#12349=DIRECTION('',(0.707106781186548,0.,-0.707106781186547));
#12350=DIRECTION('',(-0.24195478575236,-0.970287525247815,-5.90629767889809E-18));
#12351=DIRECTION('',(-7.91033905045424E-16,0.970287525247815,0.24195478575236));
#12352=DIRECTION('',(0.707106781186548,0.,-0.707106781186547));
#12353=DIRECTION('',(0.707106781186548,0.,-0.707106781186547));
#12354=DIRECTION('',(-0.707106781186547,0.,-0.707106781186548));
#12355=DIRECTION('',(0.707106781186548,0.,-0.707106781186547));
#12356=DIRECTION('',(0.,1.,0.));
#12357=DIRECTION('',(0.,0.,-1.));
#12358=DIRECTION('',(1.,0.,0.));
#12359=DIRECTION('',(0.,1.,0.));
#12360=DIRECTION('',(0.,0.,-1.));
#12361=DIRECTION('',(0.,1.,0.));
#12362=DIRECTION('',(0.,0.,-1.));
#12363=DIRECTION('',(0.,0.,-1.));
#12364=DIRECTION('',(0.,1.,0.));
#12365=DIRECTION('',(0.,0.,-1.));
#12366=DIRECTION('',(-0.707106781186548,0.,-0.707106781186548));
#12367=DIRECTION('',(-4.63502542989784E-15,0.,-1.));
#12368=DIRECTION('',(0.,1.,0.));
#12369=DIRECTION('',(0.,0.,-1.));
#12370=DIRECTION('',(1.,0.,4.63502542989784E-15));
#12371=DIRECTION('',(-0.707106781186548,0.,-0.707106781186548));
#12372=DIRECTION('',(0.,1.,0.));
#12373=DIRECTION('',(0.,0.,-1.));
#12374=DIRECTION('',(0.707106781186548,5.77239874516094E-16,-0.707106781186548));
#12375=DIRECTION('',(-0.707106781186548,0.,-0.707106781186548));
#12376=DIRECTION('',(-0.707106781186548,0.,-0.707106781186548));
#12377=DIRECTION('',(0.0123407149398269,-0.999847695156391,0.0123407149398261));
#12378=DIRECTION('',(0.707106781186548,5.77239874516094E-16,-0.707106781186548));
#12379=DIRECTION('',(-0.707106781186548,0.,-0.707106781186548));
#12380=DIRECTION('',(0.707106781186548,-4.31464180567002E-15,0.707106781186548));
#12381=DIRECTION('',(0.707106781186548,5.77239874516094E-16,-0.707106781186548));
#12382=DIRECTION('',(-0.707106781186548,0.,-0.707106781186548));
#12383=DIRECTION('',(-0.5,-0.707106781186555,-0.5));
#12384=DIRECTION('',(8.16340459283203E-16,-1.,0.));
#12385=DIRECTION('',(-0.707106781186548,0.,-0.707106781186548));
#12386=DIRECTION('',(0.707106781186548,5.77239874516094E-16,-0.707106781186548));
#12387=DIRECTION('',(0.707106781186548,-5.77239874516088E-16,0.707106781186548));
#12388=DIRECTION('',(-8.16340459283203E-16,1.,0.));
#12389=DIRECTION('',(-0.707106781186548,-5.77239874516094E-16,0.707106781186548));
#12390=DIRECTION('',(0.707106781186548,0.,0.707106781186548));
#12391=DIRECTION('',(-0.707106781186548,-5.77239874516094E-16,0.707106781186548));
#12392=DIRECTION('',(0.707106781186548,0.,0.707106781186548));
#12393=DIRECTION('',(0.0123407149398269,-0.999847695156391,0.0123407149398261));
#12394=DIRECTION('',(-0.707106781186548,0.,-0.707106781186548));
#12395=DIRECTION('',(8.16340459283203E-16,-1.,2.70808094030918E-31));
#12396=DIRECTION('',(-0.707106781186548,-5.77239874516094E-16,0.707106781186548));
#12397=DIRECTION('',(-0.707106781186548,-5.77239874516088E-16,-0.707106781186548));
#12398=DIRECTION('',(-0.707106781186548,0.,-0.707106781186548));
#12399=DIRECTION('',(-8.16340459283203E-16,1.,-1.2924107119342E-31));
#12400=DIRECTION('',(0.5,0.707106781186555,0.5));
#12401=DIRECTION('',(-0.707106781186548,-5.77239874516094E-16,0.707106781186548));
#12402=DIRECTION('',(0.707106781186548,0.,0.707106781186548));
#12403=DIRECTION('',(0.707106781186548,-4.31464180567002E-15,0.707106781186548));
#12404=DIRECTION('',(-0.706999085398824,-0.0174524064372829,-0.706999085398825));
#12405=DIRECTION('',(-0.707106781186548,0.,0.707106781186547));
#12406=DIRECTION('',(0.707106781186548,0.,-0.707106781186547));
#12407=DIRECTION('',(0.0123407149398269,-0.999847695156391,0.0123407149398261));
#12408=DIRECTION('',(0.707106781186548,0.,-0.707106781186547));
#12409=DIRECTION('',(0.0123407149398269,-0.999847695156391,0.0123407149398261));
#12410=DIRECTION('',(0.707106781186548,0.,-0.707106781186547));
#12411=DIRECTION('',(-0.707106781186547,0.,-0.707106781186548));
#12412=DIRECTION('',(0.707106781186548,0.,-0.707106781186547));
#12413=DIRECTION('',(0.707106781186548,5.77239874516094E-16,-0.707106781186548));
#12414=DIRECTION('',(-0.707106781186548,0.,-0.707106781186548));
#12415=DIRECTION('',(-0.707106781186548,-5.77239874516094E-16,0.707106781186548));
#12416=DIRECTION('',(0.707106781186548,0.,0.707106781186548));
#12417=DIRECTION('',(-3.05091247918024E-15,-1.,-3.05091247918024E-15));
#12418=DIRECTION('',(0.,-3.05091247918024E-15,1.));
#12419=DIRECTION('',(0.707106781186548,0.,-0.707106781186547));
#12420=DIRECTION('',(0.707106781186548,-4.31464180567002E-15,0.707106781186548));
#12421=DIRECTION('',(0.707106781186548,-4.31464180567002E-15,0.707106781186548));
#12422=DIRECTION('',(0.707106781186548,0.,-0.707106781186547));
#12423=DIRECTION('',(-0.707106781186547,0.,-0.707106781186548));
#12424=DIRECTION('',(0.707106781186548,5.77239874516094E-16,-0.707106781186548));
#12425=DIRECTION('',(-0.707106781186548,0.,-0.707106781186548));
#12426=DIRECTION('',(-0.707106781186548,-5.77239874516094E-16,0.707106781186548));
#12427=DIRECTION('',(0.707106781186548,0.,0.707106781186548));
#12428=DIRECTION('',(-1.,-8.16340459283203E-16,4.63502542989784E-15));
#12429=DIRECTION('',(4.63502542989784E-15,0.,1.));
#12430=DIRECTION('',(-4.63502542989784E-15,0.,-1.));
#12431=DIRECTION('',(8.16340459283203E-16,-1.,3.3666745017894E-31));
#12432=DIRECTION('',(4.63502542989784E-15,0.,1.));
#12433=DIRECTION('',(4.63502542989784E-15,3.78375878823212E-30,-1.));
#12434=DIRECTION('',(-1.,0.,-4.63502542989784E-15));
#12435=DIRECTION('',(-1.,0.,-4.63502542989784E-15));
#12436=DIRECTION('',(-8.16340459283203E-16,1.,7.00649232162408E-46));
#12437=DIRECTION('',(1.,0.,4.63502542989784E-15));
#12438=DIRECTION('',(1.,8.16340459283203E-16,0.));
#12439=DIRECTION('',(8.16340459283203E-16,-1.,0.));
#12440=DIRECTION('',(-7.92084963997564E-16,0.970287525247815,0.24195478575236));
#12441=DIRECTION('',(-8.16340459283203E-16,1.,-1.68333725089469E-31));
#12442=DIRECTION('',(0.,0.,-1.));
#12443=DIRECTION('',(8.16340459283203E-16,-1.,0.));
#12444=DIRECTION('',(8.16340459283203E-16,-1.,0.));
#12445=DIRECTION('',(-1.,-8.16340459283203E-16,0.));
#12446=DIRECTION('',(0.,1.,0.));
#12447=DIRECTION('',(0.,0.,-1.));
#12448=DIRECTION('',(0.,0.,1.));
#12449=DIRECTION('',(1.,0.,0.));
#12450=DIRECTION('',(8.16340459283203E-16,-1.,0.));
#12451=DIRECTION('',(-0.24195478575236,-0.970287525247815,0.));
#12452=DIRECTION('',(8.16340459283203E-16,-1.,0.));
#12453=DIRECTION('',(1.,0.,0.));
#12454=DIRECTION('',(8.16340459283203E-16,-1.,0.));
#12455=DIRECTION('',(-1.,-8.16340459283203E-16,0.));
#12456=DIRECTION('',(0.,1.,0.));
#12457=DIRECTION('',(0.,0.,-1.));
#12458=DIRECTION('',(-8.16340459283203E-16,1.,0.));
#12459=DIRECTION('',(1.,8.16340459283203E-16,0.));
#12460=DIRECTION('',(-0.473029498104879,0.743294146247158,-0.47302949810488));
#12461=DIRECTION('',(0.525588331227631,0.668964731622459,0.525588331227631));
#12462=DIRECTION('',(0.,1.,0.));
#12463=DIRECTION('',(0.,0.,-1.));
#12464=DIRECTION('',(8.16340459283203E-16,-1.,1.68333725089469E-31));
#12465=DIRECTION('',(-1.,-8.16340459283203E-16,0.));
#12466=DIRECTION('',(0.,1.,0.));
#12467=DIRECTION('',(0.,0.,-1.));
#12468=DIRECTION('',(-4.63502542989784E-15,0.,-1.));
#12469=DIRECTION('',(-1.,0.,4.63502542989784E-15));
#12470=DIRECTION('',(0.948683298050509,7.74448559244855E-16,-0.316227766016851));
#12471=DIRECTION('',(-0.316227766016851,0.,-0.948683298050509));
#12472=DIRECTION('',(0.,0.,-1.));
#12473=DIRECTION('',(-1.,0.,0.));
#12474=DIRECTION('',(0.,1.,0.));
#12475=DIRECTION('',(0.,0.,-1.));
#12476=DIRECTION('',(1.,0.,0.));
#12477=DIRECTION('',(0.,0.,-1.));
#12478=DIRECTION('',(1.,0.,4.63502542989784E-15));
#12479=DIRECTION('',(4.63502542989784E-15,0.,-1.));
#12480=DIRECTION('',(-0.316227766016851,-7.74448559244855E-16,0.948683298050509));
#12481=DIRECTION('',(0.948683298050509,0.,0.316227766016851));
#12482=DIRECTION('',(-8.16340459283203E-16,1.,9.90867646590378E-46));
#12483=DIRECTION('',(1.,8.16340459283203E-16,0.));
#12484=DIRECTION('',(0.,1.,0.));
#12485=DIRECTION('',(0.,0.,-1.));
#12486=DIRECTION('',(0.,-1.,0.));
#12487=DIRECTION('',(0.,0.,1.));
#12488=DIRECTION('',(0.707106781186548,0.,0.707106781186548));
#12489=DIRECTION('',(0.707106781186548,0.,-0.707106781186548));
#12490=DIRECTION('',(0.707106781186548,0.,0.707106781186548));
#12491=DIRECTION('',(0.707106781186548,0.,-0.707106781186548));
#12492=DIRECTION('',(0.707106781186548,0.,0.707106781186548));
#12493=DIRECTION('',(0.707106781186548,0.,-0.707106781186548));
#12494=DIRECTION('',(0.,1.,0.));
#12495=DIRECTION('',(0.,0.,-1.));
#12496=DIRECTION('',(1.,0.,0.));
#12497=DIRECTION('',(0.,0.,-1.));
#12498=DIRECTION('',(1.,0.,0.));
#12499=DIRECTION('',(0.,0.,-1.));
#12500=DIRECTION('',(1.,0.,0.));
#12501=DIRECTION('',(0.,0.,-1.));
#12502=DIRECTION('',(0.,1.,0.));
#12503=DIRECTION('',(0.,0.,-1.));
#12504=DIRECTION('',(0.998037259236656,0.,-0.0626229125431237));
#12505=DIRECTION('',(-0.0626229125431237,0.,-0.998037259236656));
#12506=DIRECTION('',(0.16719494969475,0.965073547458823,-0.201690100877094));
#12507=DIRECTION('',(0.,0.204569652876214,0.978852009816655));
#12508=DIRECTION('',(-0.24195478575236,-0.970287525247815,0.));
#12509=DIRECTION('',(-0.970287525247815,0.24195478575236,0.));
#12510=DIRECTION('',(-0.00071244180263271,0.00033157555462993,0.999999691242117));
#12511=DIRECTION('',(0.999999746213279,0.,0.000712441841796476));
#12512=DIRECTION('',(-0.533537843976011,0.37532610308348,0.757936465272386));
#12513=DIRECTION('',(0.817717476720046,0.,0.57561977751516));
#12514=DIRECTION('',(-0.5,-0.707106781186566,-0.49999999999997));
#12515=DIRECTION('',(-0.816496580927731,0.577350269189619,0.));
#12516=DIRECTION('',(0.5,0.707106781186555,0.5));
#12517=DIRECTION('',(0.,0.577350269189618,-0.816496580927731));
#12518=DIRECTION('',(-0.5,-0.707106781186566,-0.49999999999997));
#12519=DIRECTION('',(-0.816496580927731,0.577350269189619,0.));
#12520=DIRECTION('',(0.707106781186548,5.77239874516094E-16,-0.707106781186548));
#12521=DIRECTION('',(-0.707106781186548,0.,-0.707106781186548));
#12522=DIRECTION('',(-0.707106781186548,0.,-0.707106781186548));
#12523=DIRECTION('',(-0.707106781186548,0.,0.707106781186548));
#12524=DIRECTION('',(-0.707106781186548,4.31464180567002E-15,-0.707106781186548));
#12525=DIRECTION('',(-0.707106781186548,0.,0.707106781186548));
#12526=DIRECTION('',(-0.707106781186548,0.,-0.707106781186548));
#12527=DIRECTION('',(-0.707106781186548,0.,0.707106781186548));
#12528=DIRECTION('',(0.707106781186548,5.77239874516094E-16,-0.707106781186548));
#12529=DIRECTION('',(-0.707106781186548,0.,-0.707106781186548));
#12530=DIRECTION('',(-0.012340714939825,0.999847695156391,-0.012340714939825));
#12531=DIRECTION('',(0.,-0.0123416547509348,-0.999923838878746));
#12532=DIRECTION('',(-0.0123407149398269,0.999847695156391,-0.0123407149398261));
#12533=DIRECTION('',(0.999923838878746,0.0123416547509367,0.));
#12534=DIRECTION('',(0.,1.,0.));
#12535=DIRECTION('',(-0.707106781186571,0.,-0.707106781186524));
#12536=DIRECTION('',(8.16340459283203E-16,-1.,3.36667450178939E-31));
#12537=DIRECTION('',(-1.,-8.16340459283203E-16,0.));
#12538=DIRECTION('',(0.,1.,0.));
#12539=DIRECTION('',(0.,0.,-1.));
#12540=DIRECTION('',(0.,-1.,0.));
#12541=DIRECTION('',(0.,0.,1.));
#12542=DIRECTION('',(0.707106781186548,0.,0.707106781186548));
#12543=DIRECTION('',(0.707106781186548,0.,-0.707106781186548));
#12544=DIRECTION('',(0.707106781186548,0.,0.707106781186548));
#12545=DIRECTION('',(0.707106781186548,0.,-0.707106781186548));
#12546=DIRECTION('',(0.707106781186548,0.,0.707106781186548));
#12547=DIRECTION('',(0.707106781186548,0.,-0.707106781186548));
#12548=DIRECTION('',(0.,1.,0.));
#12549=DIRECTION('',(0.,0.,-1.));
#12550=DIRECTION('',(0.,0.,1.));
#12551=DIRECTION('',(1.,0.,0.));
#12552=DIRECTION('',(0.,0.,-1.));
#12553=DIRECTION('',(-1.,0.,0.));
#12554=DIRECTION('',(0.,0.,1.));
#12555=DIRECTION('',(1.,0.,0.));
#12556=DIRECTION('',(0.,1.,0.));
#12557=DIRECTION('',(0.,0.,-1.));
#12558=DIRECTION('',(-0.0626229125431238,0.,0.998037259236656));
#12559=DIRECTION('',(0.998037259236656,0.,0.0626229125431238));
#12560=DIRECTION('',(-0.201690098516401,0.965073547552123,0.167194952003955));
#12561=DIRECTION('',(-0.978852010300078,-0.20456965056307,0.));
#12562=DIRECTION('',(-7.92084963997564E-16,0.970287525247815,0.24195478575236));
#12563=DIRECTION('',(0.,0.24195478575236,-0.970287525247815));
#12564=DIRECTION('',(0.999999691242106,0.000331575560708016,-0.000712441815365336));
#12565=DIRECTION('',(-0.000712441854529104,0.,-0.99999974621327));
#12566=DIRECTION('',(0.776834299846802,0.377927947478173,-0.503685355253123));
#12567=DIRECTION('',(-0.544033601652136,0.,-0.839063430423115));
#12568=DIRECTION('',(0.497913747445288,-0.707458935386527,0.501581254481018));
#12569=DIRECTION('',(0.,-0.57837395636265,-0.815771761341011));
#12570=DIRECTION('',(-0.5,-0.707106781186555,-0.5));
#12571=DIRECTION('',(0.,-0.577350269189618,0.816496580927731));
#12572=DIRECTION('',(-0.499999999999987,-0.707106781186566,-0.499999999999987));
#12573=DIRECTION('',(0.,-0.577350269189606,0.81649658092774));
#12574=DIRECTION('',(-0.707106781186548,-5.77239874516094E-16,0.707106781186548));
#12575=DIRECTION('',(0.707106781186548,0.,0.707106781186548));
#12576=DIRECTION('',(-0.707106781186548,0.,-0.707106781186548));
#12577=DIRECTION('',(-0.707106781186548,0.,0.707106781186548));
#12578=DIRECTION('',(-0.707106781186548,4.31464180567002E-15,-0.707106781186548));
#12579=DIRECTION('',(-0.707106781186548,0.,0.707106781186548));
#12580=DIRECTION('',(-0.707106781186548,0.,-0.707106781186548));
#12581=DIRECTION('',(-0.707106781186548,0.,0.707106781186548));
#12582=DIRECTION('',(-0.707106781186548,-5.77239874516094E-16,0.707106781186548));
#12583=DIRECTION('',(0.707106781186548,0.,0.707106781186548));
#12584=DIRECTION('',(-0.012340714939825,0.999847695156391,-0.012340714939825));
#12585=DIRECTION('',(0.,-0.0123416547509348,-0.999923838878746));
#12586=DIRECTION('',(-0.0123407149398269,0.999847695156391,-0.0123407149398261));
#12587=DIRECTION('',(0.999923838878746,0.0123416547509367,0.));
#12588=DIRECTION('',(0.,1.,0.));
#12589=DIRECTION('',(-0.707106781186571,0.,-0.707106781186524));
#12590=DIRECTION('',(8.16340459283203E-16,-1.,0.));
#12591=DIRECTION('',(-1.,-8.16340459283203E-16,0.));
#12592=DIRECTION('',(-1.,-8.16340459283203E-16,0.));
#12593=DIRECTION('',(0.,0.,-1.));
#12594=DIRECTION('',(1.,8.16340459283203E-16,0.));
#12595=DIRECTION('',(0.,0.,1.));
#12596=DIRECTION('',(8.16340459283203E-16,-1.,0.));
#12597=DIRECTION('',(-1.,-8.16340459283203E-16,0.));
#12598=DIRECTION('',(8.16340459283203E-16,1.,0.));
#12599=DIRECTION('',(1.,-8.16340459283203E-16,0.));
#12600=DIRECTION('',(8.16340459283203E-16,1.,0.));
#12601=DIRECTION('',(1.,-8.16340459283203E-16,0.));
#12602=DIRECTION('',(-0.707106781186548,5.77239874516094E-16,-0.707106781186548));
#12603=DIRECTION('',(1.,-8.16340459283203E-16,0.));
#12604=DIRECTION('',(0.,0.,1.));
#12605=DIRECTION('',(1.,-8.16340459283203E-16,0.));
#12606=DIRECTION('',(0.707106781186548,5.77239874516094E-16,0.707106781186548));
#12607=DIRECTION('',(8.16340459283203E-16,-1.,0.));
#12608=DIRECTION('',(-1.,-8.16340459283203E-16,0.));
#12609=DIRECTION('',(4.63502542989784E-15,3.78375878823212E-30,1.));
#12610=DIRECTION('',(8.16340459283203E-16,-1.,0.));
#12611=DIRECTION('',(-1.,-8.16340459283203E-16,0.));
#12612=DIRECTION('',(-1.,-8.16340459283203E-16,-4.63502542989784E-15));
#12613=DIRECTION('',(8.16340459283203E-16,-1.,0.));
#12614=DIRECTION('',(-1.,-8.16340459283203E-16,0.));
#12615=DIRECTION('',(-0.707106781186548,-5.77239874516094E-16,-0.707106781186548));
#12616=DIRECTION('',(8.16340459283203E-16,-1.,0.));
#12617=DIRECTION('',(-1.,-8.16340459283203E-16,0.));
#12618=DIRECTION('',(-0.707106781186548,-5.77239874516094E-16,0.707106781186548));
#12619=DIRECTION('',(8.16340459283203E-16,-1.,0.));
#12620=DIRECTION('',(-1.,-8.16340459283203E-16,0.));
#12621=DIRECTION('',(1.,0.,0.));
#12622=DIRECTION('',(0.,0.,1.));
#12623=DIRECTION('',(-1.,-8.16340459283203E-16,0.));
#12624=DIRECTION('',(8.16340459283203E-16,-1.,0.));
#12625=DIRECTION('',(-1.,-8.16340459283203E-16,0.));
#12626=DIRECTION('',(0.,0.,1.));
#12627=DIRECTION('',(-1.,8.16340459283203E-16,0.));
#12628=DIRECTION('',(0.,0.,-1.));
#12629=DIRECTION('',(8.16340459283203E-16,1.,0.));
#12630=DIRECTION('',(1.,-8.16340459283203E-16,0.));
#12631=DIRECTION('',(0.,0.,-1.));
#12632=DIRECTION('',(-1.,8.16340459283203E-16,0.));
#12633=DIRECTION('',(0.,0.,-1.));
#12634=DIRECTION('',(-0.707106781186548,5.77239874516094E-16,-0.707106781186548));
#12635=DIRECTION('',(0.,-1.,0.));
#12636=DIRECTION('',(0.,0.,1.));
#12637=DIRECTION('',(0.,-1.,0.));
#12638=DIRECTION('',(0.,0.,1.));
#12639=DIRECTION('',(1.,0.,0.));
#12640=DIRECTION('',(0.,0.,-1.));
#12641=DIRECTION('',(0.707106781186548,0.,-0.707106781186548));
#12642=DIRECTION('',(0.,0.,1.));
#12643=DIRECTION('',(1.,0.,0.));
#12644=DIRECTION('',(0.,-1.,0.));
#12645=DIRECTION('',(1.,0.,0.));
#12646=DIRECTION('',(1.,8.16340459283204E-16,0.));
#12647=DIRECTION('',(0.,-1.,0.));
#12648=DIRECTION('',(1.,0.,0.));
#12649=DIRECTION('',(0.,-1.,0.));
#12650=DIRECTION('',(-1.,8.16340459283204E-16,0.));
#12651=DIRECTION('',(0.,-1.,0.));
#12652=DIRECTION('',(-1.,0.,0.));
#12653=DIRECTION('',(1.,0.,0.));
#12654=DIRECTION('',(0.,0.,-1.));
#12655=DIRECTION('',(0.,1.,0.));
#12656=DIRECTION('',(0.,0.,1.));
#12657=DIRECTION('',(0.,0.,1.));
#12658=DIRECTION('',(0.,1.,0.));
#12659=DIRECTION('',(0.,0.,-1.));
#12660=DIRECTION('',(0.,-1.,0.));
#12661=DIRECTION('',(0.,0.,-1.));
#12662=DIRECTION('',(0.,-1.,0.));
#12663=DIRECTION('',(0.,0.,-1.));
#12664=DIRECTION('',(0.,-1.,0.));
#12665=DIRECTION('',(0.,0.,1.));
#12666=DIRECTION('',(0.,-1.,0.));
#12667=DIRECTION('',(8.16340459283203E-16,-1.,0.));
#12668=DIRECTION('',(-1.,-8.16340459283203E-16,0.));
#12669=DIRECTION('',(0.,-1.,0.));
#12670=DIRECTION('',(5.55765921160943E-16,-1.,5.55765921160943E-16));
#12671=DIRECTION('',(0.,5.55765921160943E-16,1.));
#12672=DIRECTION('',(0.,-1.,0.));
#12673=DIRECTION('',(0.,0.,1.));
#12674=DIRECTION('',(0.,-1.,0.));
#12675=DIRECTION('',(8.16340459283203E-16,-1.,0.));
#12676=DIRECTION('',(-1.,-8.16340459283203E-16,0.));
#12677=DIRECTION('',(0.,-1.,0.));
#12678=DIRECTION('',(8.16340459283203E-16,-1.,0.));
#12679=DIRECTION('',(-1.,-8.16340459283203E-16,0.));
#12680=DIRECTION('',(0.,0.,-1.));
#12681=DIRECTION('',(-1.,0.,0.));
#12682=DIRECTION('',(-1.,0.,0.));
#12683=DIRECTION('',(0.,0.,-1.));
#12684=DIRECTION('',(-1.,0.,0.));
#12685=DIRECTION('',(-1.,0.,0.));
#12686=DIRECTION('',(0.,0.,-1.));
#12687=DIRECTION('',(1.,0.,0.));
#12688=DIRECTION('',(-1.,0.,0.));
#12689=DIRECTION('',(0.,-1.,0.));
#12690=DIRECTION('',(1.,-8.16340459283204E-16,0.));
#12691=DIRECTION('',(0.,-1.,0.));
#12692=DIRECTION('',(1.,-5.55765921160943E-16,0.));
#12693=DIRECTION('',(0.,0.,1.));
#12694=DIRECTION('',(1.,-1.11153184232188E-15,0.));
#12695=DIRECTION('',(-8.16340459283203E-16,-1.,0.));
#12696=DIRECTION('',(0.,0.,1.));
#12697=DIRECTION('',(1.,-8.16340459283203E-16,0.));
#12698=DIRECTION('',(1.,-8.16340459283204E-16,0.));
#12699=DIRECTION('',(0.,-1.,0.));
#12700=DIRECTION('',(1.,-8.16340459283204E-16,0.));
#12701=DIRECTION('',(0.,-1.,0.));
#12702=DIRECTION('',(1.,0.,0.));
#12703=DIRECTION('',(0.,0.,-1.));
#12704=DIRECTION('',(-1.,0.,0.));
#12705=DIRECTION('',(1.,0.,0.));
#12706=DIRECTION('',(0.,0.,-1.));
#12707=DIRECTION('',(1.,0.,0.));
#12708=DIRECTION('',(1.,0.,0.));
#12709=DIRECTION('',(0.,-1.,0.));
#12710=DIRECTION('',(-1.,-8.16340459283204E-16,0.));
#12711=DIRECTION('',(-1.,-8.16340459283204E-16,0.));
#12712=DIRECTION('',(0.,0.,-1.));
#12713=DIRECTION('',(-1.,-8.16340459283203E-16,0.));
#12714=DIRECTION('',(8.16340459283203E-16,-1.,0.));
#12715=DIRECTION('',(0.,0.,-1.));
#12716=DIRECTION('',(-1.,-1.11153184232188E-15,0.));
#12717=DIRECTION('',(-1.,-5.55765921160943E-16,0.));
#12718=DIRECTION('',(-1.,-8.16340459283204E-16,0.));
#12719=DIRECTION('',(-1.,0.,0.));
#12720=DIRECTION('',(0.,0.,1.));
#12721=DIRECTION('',(0.,0.,1.));
#12722=DIRECTION('',(3.49148133884314E-15,0.,-1.));
#12723=DIRECTION('',(-1.,0.,-3.49148133884314E-15));
#12724=DIRECTION('',(-3.49148133884314E-15,0.,1.));
#12725=DIRECTION('',(3.49148133884314E-15,0.,-1.));
#12726=DIRECTION('',(-1.,0.,-3.49148133884314E-15));
#12727=DIRECTION('',(3.49148133884314E-15,0.,-1.));
#12728=DIRECTION('',(3.49148133884314E-15,0.,-1.));
#12729=DIRECTION('',(0.,-1.,0.));
#12730=DIRECTION('',(0.,0.,-1.));
#12731=DIRECTION('',(0.,-1.,0.));
#12732=DIRECTION('',(0.,0.,-1.));
#12733=DIRECTION('',(1.,0.,0.));
#12734=DIRECTION('',(0.,8.16340459283203E-16,-1.));
#12735=DIRECTION('',(0.,1.,-8.16340459283203E-16));
#12736=DIRECTION('',(1.,0.,0.));
#12737=DIRECTION('',(0.,1.11153184232188E-15,-1.));
#12738=DIRECTION('',(0.,5.55765921160943E-16,-1.));
#12739=DIRECTION('',(0.,-1.,0.));
#12740=DIRECTION('',(0.,0.,-1.));
#12741=DIRECTION('',(0.,-1.,0.));
#12742=DIRECTION('',(-3.49148133884314E-15,0.,1.));
#12743=DIRECTION('',(-1.,0.,-3.49148133884314E-15));
#12744=DIRECTION('',(-3.49148133884314E-15,0.,1.));
#12745=DIRECTION('',(-3.49148133884314E-15,0.,1.));
#12746=DIRECTION('',(-1.,0.,-3.49148133884314E-15));
#12747=DIRECTION('',(3.49148133884314E-15,0.,-1.));
#12748=DIRECTION('',(-3.49148133884314E-15,0.,1.));
#12749=DIRECTION('',(0.,-1.,0.));
#12750=DIRECTION('',(0.,0.,1.));
#12751=DIRECTION('',(0.,5.55765921160943E-16,1.));
#12752=DIRECTION('',(-1.,0.,0.));
#12753=DIRECTION('',(0.,1.11153184232188E-15,1.));
#12754=DIRECTION('',(0.,1.,8.16340459283203E-16));
#12755=DIRECTION('',(-1.,0.,0.));
#12756=DIRECTION('',(0.,8.16340459283203E-16,1.));
#12757=DIRECTION('',(0.,0.,1.));
#12758=DIRECTION('',(0.,-1.,0.));
#12759=DIRECTION('',(0.,0.,1.));
#12760=DIRECTION('',(0.,-1.,0.));
#12761=DIRECTION('',(0.,0.,1.));
#12762=DIRECTION('',(1.,0.,0.));
#12763=DIRECTION('',(0.,0.,-1.));
#12764=DIRECTION('',(1.,0.,0.));
#12765=DIRECTION('',(0.,0.,-1.));
#12766=DIRECTION('',(-1.,0.,0.));
#12767=DIRECTION('',(0.,0.,1.));
#12768=DIRECTION('',(-1.,0.,0.));
#12769=DIRECTION('',(0.,0.,1.));
#12770=DIRECTION('',(0.,0.,-1.));
#12771=DIRECTION('',(0.,-1.,0.));
#12772=DIRECTION('',(0.,0.,-1.));
#12773=DIRECTION('',(-1.,0.,0.));
#12774=DIRECTION('',(0.,0.,-1.));
#12775=DIRECTION('',(-1.,0.,0.));
#12776=DIRECTION('',(1.,0.,0.));
#12777=DIRECTION('',(-1.,0.,0.));
#12778=DIRECTION('',(0.,0.,1.));
#12779=DIRECTION('',(-0.316227766016833,-2.58149519748283E-16,0.948683298050515));
#12780=DIRECTION('',(-0.948683298050515,0.,-0.316227766016834));
#12781=DIRECTION('',(0.,1.,0.));
#12782=DIRECTION('',(0.,0.,-1.));
#12783=DIRECTION('',(-1.,-8.16340459283203E-16,0.));
#12784=DIRECTION('',(-8.16340459283203E-16,1.,0.));
#12785=DIRECTION('',(-1.,0.,0.));
#12786=DIRECTION('',(0.,0.,1.));
#12787=DIRECTION('',(-1.,-8.16340459283203E-16,0.));
#12788=DIRECTION('',(8.16340459283203E-16,-1.,0.));
#12789=DIRECTION('',(-1.,-8.16340459283203E-16,0.));
#12790=DIRECTION('',(0.,0.,1.));
#12791=DIRECTION('',(1.,0.,0.));
#12792=DIRECTION('',(8.16340459283203E-16,-1.,0.));
#12793=DIRECTION('',(-1.,-8.16340459283203E-16,0.));
#12794=DIRECTION('',(0.,0.,1.));
#12795=DIRECTION('',(1.,0.,0.));
#12796=DIRECTION('',(0.,0.,-1.));
#12797=DIRECTION('',(-1.,0.,0.));
#12798=DIRECTION('',(0.,0.,1.));
#12799=DIRECTION('',(0.,1.,0.));
#12800=DIRECTION('',(0.,0.,-1.));
#12801=DIRECTION('',(0.948683298050512,-2.5814951974829E-16,-0.316227766016843));
#12802=DIRECTION('',(0.316227766016843,0.,0.948683298050512));
#12803=DIRECTION('',(0.714337645686557,0.663151232859261,0.223499821727511));
#12804=DIRECTION('',(-0.68036168218942,0.732876511704654,0.));
#12805=DIRECTION('',(4.63502542989784E-15,3.78375878823212E-30,-1.));
#12806=DIRECTION('',(-1.,0.,-4.63502542989784E-15));
#12807=DIRECTION('',(-8.16340459283203E-16,1.,0.));
#12808=DIRECTION('',(-1.,-8.16340459283203E-16,-4.63502542989784E-15));
#12809=DIRECTION('',(-8.16340459283203E-16,1.,0.));
#12810=DIRECTION('',(-1.,-5.55765921160945E-16,-4.63502542989784E-15));
#12811=DIRECTION('',(-8.16340459283203E-16,1.,0.));
#12812=DIRECTION('',(1.,8.16340459283203E-16,0.));
#12813=DIRECTION('',(8.16340459283203E-16,-1.,0.));
#12814=DIRECTION('',(-1.,-8.16340459283203E-16,0.));
#12815=DIRECTION('',(-8.16340459283203E-16,1.,0.));
#12816=DIRECTION('',(5.55765921160943E-16,-1.,5.55765921160943E-16));
#12817=DIRECTION('',(0.,5.55765921160943E-16,1.));
#12818=DIRECTION('',(-4.63502542989784E-15,-3.78375878823212E-30,-1.));
#12819=DIRECTION('',(-1.,0.,4.63502542989784E-15));
#12820=DIRECTION('',(0.,0.,1.));
#12821=DIRECTION('',(1.,0.,0.));
#12822=DIRECTION('',(4.63502542989784E-15,3.78375878823212E-30,1.));
#12823=DIRECTION('',(0.,0.,1.));
#12824=DIRECTION('',(1.,0.,0.));
#12825=DIRECTION('',(8.16340459283203E-16,-1.,0.));
#12826=DIRECTION('',(-1.,-8.16340459283203E-16,0.));
#12827=DIRECTION('',(0.707106781186513,0.,0.707106781186582));
#12828=DIRECTION('',(0.707106781186582,0.,-0.707106781186513));
#12829=DIRECTION('',(8.16340459283203E-16,-1.,0.));
#12830=DIRECTION('',(-1.,-8.16340459283203E-16,0.));
#12831=DIRECTION('',(-0.707106781186548,-5.77239874516094E-16,-0.707106781186548));
#12832=DIRECTION('',(-0.707106781186548,0.,0.707106781186548));
#12833=DIRECTION('',(-0.707106781186548,0.,-0.707106781186548));
#12834=DIRECTION('',(-0.707106781186548,0.,0.707106781186548));
#12835=DIRECTION('',(0.707106781186548,5.77239874516094E-16,0.707106781186548));
#12836=DIRECTION('',(8.16340459283203E-16,-1.,0.));
#12837=DIRECTION('',(-1.,-8.16340459283203E-16,0.));
#12838=DIRECTION('',(-0.707106781186548,0.,0.707106781186548));
#12839=DIRECTION('',(0.707106781186548,0.,0.707106781186548));
#12840=DIRECTION('',(8.16340459283203E-16,-1.,0.));
#12841=DIRECTION('',(-1.,-8.16340459283203E-16,0.));
#12842=DIRECTION('',(-0.707106781186548,-5.77239874516094E-16,-0.707106781186548));
#12843=DIRECTION('',(-0.707106781186548,0.,0.707106781186548));
#12844=DIRECTION('',(-8.16340459283203E-16,1.,0.));
#12845=DIRECTION('',(-0.707106781186548,-5.77239874516094E-16,0.707106781186548));
#12846=DIRECTION('',(-8.16340459283203E-16,1.,0.));
#12847=DIRECTION('',(-0.707106781186548,-5.77239874516094E-16,0.707106781186548));
#12848=DIRECTION('',(8.16340459283203E-16,-1.,0.));
#12849=DIRECTION('',(-1.,-8.16340459283203E-16,0.));
#12850=DIRECTION('',(-0.707106781186548,0.,0.707106781186548));
#12851=DIRECTION('',(0.707106781186548,0.,0.707106781186548));
#12852=DIRECTION('',(0.707106781186548,0.,0.707106781186548));
#12853=DIRECTION('',(0.707106781186548,0.,-0.707106781186548));
#12854=DIRECTION('',(8.16340459283203E-16,-1.,0.));
#12855=DIRECTION('',(-1.,-8.16340459283203E-16,0.));
#12856=DIRECTION('',(-0.707106781186548,-5.77239874516094E-16,0.707106781186548));
#12857=DIRECTION('',(0.707106781186548,0.,0.707106781186548));
#12858=DIRECTION('',(-8.16340459283203E-16,1.,0.));
#12859=DIRECTION('',(1.,8.16340459283203E-16,0.));
#12860=DIRECTION('',(-8.16340459283203E-16,1.,0.));
#12861=DIRECTION('',(0.,1.,0.));
#12862=DIRECTION('',(0.,0.,-1.));
#12863=DIRECTION('',(0.,0.,-1.));
#12864=DIRECTION('',(-1.,0.,0.));
#12865=DIRECTION('',(0.707106781186548,0.,0.707106781186548));
#12866=DIRECTION('',(0.707106781186548,0.,-0.707106781186548));
#12867=DIRECTION('',(-0.707106781186548,0.,0.707106781186548));
#12868=DIRECTION('',(0.707106781186548,0.,0.707106781186548));
#12869=DIRECTION('',(0.707106781186548,5.77239874516094E-16,0.707106781186548));
#12870=DIRECTION('',(0.707106781186548,0.,-0.707106781186548));
#12871=DIRECTION('',(0.707106781186548,5.77239874516094E-16,0.707106781186548));
#12872=DIRECTION('',(0.707106781186548,5.77239874516094E-16,0.707106781186548));
#12873=DIRECTION('',(0.,-1.,-8.16340459283203E-16));
#12874=DIRECTION('',(0.,-8.16340459283203E-16,1.));
#12875=DIRECTION('',(0.,1.,0.));
#12876=DIRECTION('',(0.,0.,-1.));
#12877=DIRECTION('',(0.,1.,8.16340459283203E-16));
#12878=DIRECTION('',(0.,0.,1.));
#12879=DIRECTION('',(1.,0.,0.));
#12880=DIRECTION('',(0.948683298050512,-3.51497231354035E-16,-0.316227766016843));
#12881=DIRECTION('',(0.316227766016843,0.,0.948683298050512));
#12882=DIRECTION('',(0.,-5.55765921160943E-16,-1.));
#12883=DIRECTION('',(0.,-1.,5.55765921160943E-16));
#12884=DIRECTION('',(0.,0.,1.));
#12885=DIRECTION('',(1.,0.,0.));
#12886=DIRECTION('',(0.,5.55765921160943E-16,1.));
#12887=DIRECTION('',(5.55765921160943E-16,-1.,5.55765921160943E-16));
#12888=DIRECTION('',(0.,5.55765921160943E-16,1.));
#12889=DIRECTION('',(-1.,0.,0.));
#12890=DIRECTION('',(0.,0.,1.));
#12891=DIRECTION('',(5.55765921160943E-16,-1.,5.55765921160943E-16));
#12892=DIRECTION('',(0.,5.55765921160943E-16,1.));
#12893=DIRECTION('',(1.,5.55765921160943E-16,0.));
#12894=DIRECTION('',(5.55765921160943E-16,-1.,0.));
#12895=DIRECTION('',(1.,0.,0.));
#12896=DIRECTION('',(0.,0.,-1.));
#12897=DIRECTION('',(-1.,-5.55765921160943E-16,0.));
#12898=DIRECTION('',(0.,1.,0.));
#12899=DIRECTION('',(0.,0.,-1.));
#12900=DIRECTION('',(-0.316227766016833,-3.51497231354025E-16,0.948683298050515));
#12901=DIRECTION('',(-0.948683298050515,0.,-0.316227766016834));
#12902=DIRECTION('',(-8.16340459283203E-16,1.,0.));
#12903=DIRECTION('',(1.,8.16340459283203E-16,0.));
#12904=DIRECTION('',(8.16340459283203E-16,-1.,0.));
#12905=DIRECTION('',(-0.707106781186548,-5.77239874516094E-16,-0.707106781186548));
#12906=DIRECTION('',(-0.707106781186548,0.,0.707106781186548));
#12907=DIRECTION('',(-0.707106781186548,-5.77239874516094E-16,-0.707106781186548));
#12908=DIRECTION('',(-0.707106781186548,-5.77239874516094E-16,-0.707106781186548));
#12909=DIRECTION('',(0.707106781186548,0.,0.707106781186548));
#12910=DIRECTION('',(0.707106781186548,0.,-0.707106781186548));
#12911=DIRECTION('',(0.,0.,-1.));
#12912=DIRECTION('',(-1.,0.,0.));
#12913=DIRECTION('',(0.,1.,0.));
#12914=DIRECTION('',(0.,0.,-1.));
#12915=DIRECTION('',(0.707106781186548,0.,-0.707106781186548));
#12916=DIRECTION('',(-0.707106781186548,0.,-0.707106781186548));
#12917=DIRECTION('',(8.16340459283203E-16,-1.,0.));
#12918=DIRECTION('',(-1.,-8.16340459283203E-16,0.));
#12919=DIRECTION('',(-0.707106781186548,-5.77239874516094E-16,0.707106781186548));
#12920=DIRECTION('',(0.707106781186548,5.77239874516094E-16,-0.707106781186548));
#12921=DIRECTION('',(-0.707106781186548,0.,-0.707106781186548));
#12922=DIRECTION('',(-8.16340459283203E-16,1.,0.));
#12923=DIRECTION('',(1.,8.16340459283203E-16,0.));
#12924=DIRECTION('',(-8.16340459283203E-16,1.,0.));
#12925=DIRECTION('',(0.707106781186548,5.77239874516094E-16,0.707106781186548));
#12926=DIRECTION('',(0.707106781186548,0.,-0.707106781186548));
#12927=DIRECTION('',(0.707106781186548,-4.906538933387E-14,0.707106781186548));
#12928=DIRECTION('',(0.707106781186548,0.,-0.707106781186548));
#12929=DIRECTION('',(-0.707106781186548,-5.77239874516094E-16,-0.707106781186548));
#12930=DIRECTION('',(8.16340459283203E-16,-1.,0.));
#12931=DIRECTION('',(-1.,-8.16340459283203E-16,0.));
#12932=DIRECTION('',(-1.,0.,0.));
#12933=DIRECTION('',(0.,0.,1.));
#12934=DIRECTION('',(8.16340459283203E-16,-1.,0.));
#12935=DIRECTION('',(-1.,-8.16340459283203E-16,0.));
#12936=DIRECTION('',(1.,8.16340459283203E-16,4.63502542989784E-15));
#12937=DIRECTION('',(4.63502542989784E-15,0.,-1.));
#12938=DIRECTION('',(-1.,0.,0.));
#12939=DIRECTION('',(0.,0.,1.));
#12940=DIRECTION('',(8.16340459283203E-16,-1.,0.));
#12941=DIRECTION('',(-1.,-8.16340459283203E-16,0.));
#12942=DIRECTION('',(-1.,-8.16340459283203E-16,4.63502542989784E-15));
#12943=DIRECTION('',(4.63502542989784E-15,0.,1.));
#12944=DIRECTION('',(-8.16340459283203E-16,1.,-4.93038065763132E-32));
#12945=DIRECTION('',(4.63502542989784E-15,5.55765921160945E-16,1.));
#12946=DIRECTION('',(0.999969626291672,-0.00751276765691894,0.00207480510588733));
#12947=DIRECTION('',(0.00751278382751321,0.999971778641358,0.));
#12948=DIRECTION('',(0.223499810477553,0.663151229571613,0.714337652258479));
#12949=DIRECTION('',(0.,-0.732876516507529,0.680361677015828));
#12950=DIRECTION('',(8.16340459283203E-16,-1.,4.93038065763135E-32));
#12951=DIRECTION('',(-1.,-8.16340459283203E-16,0.));
#12952=DIRECTION('',(-8.16340459283203E-16,1.,0.));
#12953=DIRECTION('',(-0.707106781186548,-5.77239874516094E-16,0.707106781186548));
#12954=DIRECTION('',(0.707106781186548,0.,0.707106781186548));
#12955=DIRECTION('',(-0.707106781186548,-7.85971703210581E-16,-0.707106781186548));
#12956=DIRECTION('',(0.707106781186548,7.85971703210581E-16,0.707106781186548));
#12957=DIRECTION('',(0.707106781186548,0.,-0.707106781186548));
#12958=DIRECTION('',(-0.707106781186548,-7.85971703210581E-16,-0.707106781186548));
#12959=DIRECTION('',(4.63502542989784E-15,5.55765921160945E-16,1.));
#12960=DIRECTION('',(1.,0.,-4.63502542989784E-15));
#12961=DIRECTION('',(0.,0.,-1.));
#12962=DIRECTION('',(-1.,0.,0.));
#12963=DIRECTION('',(4.63502542989784E-15,5.55765921160945E-16,1.));
#12964=DIRECTION('',(5.55765921160943E-16,-1.,5.55765921160943E-16));
#12965=DIRECTION('',(0.,5.55765921160943E-16,1.));
#12966=DIRECTION('',(1.,0.,0.));
#12967=DIRECTION('',(0.,0.,-1.));
#12968=DIRECTION('',(5.55765921160943E-16,-1.,5.55765921160943E-16));
#12969=DIRECTION('',(0.,5.55765921160943E-16,1.));
#12970=DIRECTION('',(-1.,-5.55765921160945E-16,-4.63502542989784E-15));
#12971=DIRECTION('',(-4.63502542989784E-15,0.,1.));
#12972=DIRECTION('',(-1.,-5.55765921160945E-16,-4.63502542989784E-15));
#12973=DIRECTION('',(0.00207480581925299,-0.0075127702547601,0.999969626270674));
#12974=DIRECTION('',(0.,-0.99997177862184,-0.00751278642537109));
#12975=DIRECTION('',(8.16340459283203E-16,-1.,4.93038065763135E-32));
#12976=DIRECTION('',(-1.,-8.16340459283203E-16,0.));
#12977=DIRECTION('',(-8.16340459283203E-16,1.,0.));
#12978=DIRECTION('',(0.707106781186548,5.77239874516094E-16,-0.707106781186548));
#12979=DIRECTION('',(-0.707106781186548,0.,-0.707106781186548));
#12980=DIRECTION('',(0.707106781186548,7.85971703210581E-16,0.707106781186548));
#12981=DIRECTION('',(-0.707106781186548,-7.85971703210581E-16,-0.707106781186548));
#12982=DIRECTION('',(-0.707106781186548,0.,0.707106781186548));
#12983=DIRECTION('',(0.707106781186548,7.85971703210581E-16,0.707106781186548));
#12984=DIRECTION('',(5.55765921160943E-16,-1.,5.55765921160943E-16));
#12985=DIRECTION('',(0.,5.55765921160943E-16,1.));
#12986=DIRECTION('',(0.,0.,1.));
#12987=DIRECTION('',(1.,0.,0.));
#12988=DIRECTION('',(0.,0.,1.));
#12989=DIRECTION('',(1.,0.,0.));
#12990=DIRECTION('',(0.,0.,1.));
#12991=DIRECTION('',(1.,0.,0.));
#12992=DIRECTION('',(8.16340459283203E-16,-1.,0.));
#12993=DIRECTION('',(-1.,-8.16340459283203E-16,0.));
#12994=DIRECTION('',(-1.,0.,0.));
#12995=DIRECTION('',(0.,0.,1.));
#12996=DIRECTION('',(-1.,-8.16340459283203E-16,0.));
#12997=DIRECTION('',(-8.16340459283203E-16,1.,0.));
#12998=DIRECTION('',(-1.,-8.16340459283203E-16,0.));
#12999=DIRECTION('',(-8.16340459283203E-16,1.,0.));
#13000=DIRECTION('',(0.,-1.,0.));
#13001=DIRECTION('',(0.,0.,1.));
#13002=DIRECTION('',(0.,-1.,0.));
#13003=DIRECTION('',(0.,0.,1.));
#13004=DIRECTION('',(1.,0.,0.));
#13005=DIRECTION('',(0.,0.,-1.));
#13006=DIRECTION('',(0.,-1.,0.));
#13007=DIRECTION('',(0.,0.,1.));
#13008=DIRECTION('',(1.,0.,0.));
#13009=DIRECTION('',(0.,0.,-1.));
#13010=DIRECTION('',(0.,-1.,0.));
#13011=DIRECTION('',(0.,0.,1.));
#13012=DIRECTION('',(0.707106781186548,0.,-0.707106781186548));
#13013=DIRECTION('',(0.,0.,1.));
#13014=DIRECTION('',(1.,0.,0.));
#13015=DIRECTION('',(0.,-1.,0.));
#13016=DIRECTION('',(0.,-1.,0.));
#13017=DIRECTION('',(1.,8.16340459283203E-16,0.));
#13018=DIRECTION('',(0.,-1.,0.));
#13019=DIRECTION('',(1.,0.,0.));
#13020=DIRECTION('',(0.,0.,-1.));
#13021=DIRECTION('',(0.,-1.,0.));
#13022=DIRECTION('',(0.,0.,-1.));
#13023=DIRECTION('',(0.,1.,0.));
#13024=DIRECTION('',(8.16340459283203E-16,-1.,0.));
#13025=DIRECTION('',(-1.,-8.16340459283203E-16,0.));
#13026=DIRECTION('',(-1.,-8.16340459283203E-16,0.));
#13027=DIRECTION('',(0.,0.,1.));
#13028=DIRECTION('',(0.,0.,-1.));
#13029=DIRECTION('',(-1.,0.,0.));
#13030=DIRECTION('',(8.16340459283203E-16,-1.,0.));
#13031=DIRECTION('',(0.,0.,-1.));
#13032=DIRECTION('',(-1.,-8.16340459283203E-16,0.));
#13033=DIRECTION('',(1.,8.16340459283203E-16,0.));
#13034=DIRECTION('',(0.,1.,0.));
#13035=DIRECTION('',(-1.,0.,0.));
#13036=DIRECTION('',(0.,0.,1.));
#13037=DIRECTION('',(0.,0.,1.));
#13038=DIRECTION('',(-1.,0.,0.));
#13039=DIRECTION('',(0.,8.16340459283203E-16,1.));
#13040=DIRECTION('',(0.,-1.,-8.16340459283203E-16));
#13041=DIRECTION('',(-1.,0.,0.));
#13042=DIRECTION('',(0.,0.,1.));
#13043=DIRECTION('',(-8.16340459283203E-16,1.,0.));
#13044=DIRECTION('',(0.,0.,-1.));
#13045=DIRECTION('',(-1.,0.,0.));
#13046=DIRECTION('',(-8.16340459283203E-16,1.,0.));
#13047=DIRECTION('',(-0.707106781186548,-5.77239874516094E-16,-0.707106781186548));
#13048=DIRECTION('',(-0.707106781186548,0.,0.707106781186548));
#13049=DIRECTION('',(-4.08170229641602E-16,1.,-4.08170229641602E-16));
#13050=DIRECTION('',(-0.707106781186548,0.,0.707106781186548));
#13051=DIRECTION('',(-4.08170229641602E-16,1.,-4.08170229641602E-16));
#13052=DIRECTION('',(-8.16340459283203E-16,1.,0.));
#13053=DIRECTION('',(1.,8.16340459283203E-16,0.));
#13054=DIRECTION('',(-4.08170229641602E-16,1.,4.08170229641602E-16));
#13055=DIRECTION('',(-8.16340459283203E-16,1.,0.));
#13056=DIRECTION('',(1.,8.16340459283203E-16,0.));
#13057=DIRECTION('',(0.,0.,-1.));
#13058=DIRECTION('',(-1.,0.,0.));
#13059=DIRECTION('',(0.707106781186548,5.77239874516094E-16,0.707106781186548));
#13060=DIRECTION('',(0.707106781186548,0.,-0.707106781186548));
#13061=DIRECTION('',(0.707106781186548,5.77239874516094E-16,-0.707106781186548));
#13062=DIRECTION('',(-0.707106781186548,0.,-0.707106781186548));
#13063=DIRECTION('',(0.707106781186548,5.77239874516094E-16,0.707106781186548));
#13064=DIRECTION('',(0.707106781186548,0.,-0.707106781186548));
#13065=DIRECTION('',(0.707106781186548,5.77239874516094E-16,0.707106781186548));
#13066=DIRECTION('',(0.707106781186548,0.,0.707106781186548));
#13067=DIRECTION('',(-0.707106781186548,-5.77239874516094E-16,-0.707106781186548));
#13068=DIRECTION('',(-0.707106781186548,0.,0.707106781186548));
#13069=DIRECTION('',(-0.707106781186548,0.,-0.707106781186548));
#13070=DIRECTION('',(-0.707106781186548,-5.77239874516094E-16,-0.707106781186548));
#13071=DIRECTION('',(-0.707106781186548,0.,0.707106781186548));
#13072=DIRECTION('',(-0.707106781186548,-5.77239874516094E-16,-0.707106781186548));
#13073=DIRECTION('',(0.,0.,-1.));
#13074=DIRECTION('',(-1.,0.,0.));
#13075=DIRECTION('',(-6.93889390390703E-14,-1.,0.));
#13076=DIRECTION('',(-1.,6.93889390390703E-14,0.));
#13077=DIRECTION('',(0.707106781186548,5.77239874516094E-16,-0.707106781186548));
#13078=DIRECTION('',(-0.707106781186548,0.,-0.707106781186548));
#13079=DIRECTION('',(8.16340459283203E-16,-1.,0.));
#13080=DIRECTION('',(-1.,-8.16340459283203E-16,0.));
#13081=DIRECTION('',(0.707106781186548,5.77239874516094E-16,-0.707106781186548));
#13082=DIRECTION('',(0.707106781186548,5.77239874516094E-16,-0.707106781186548));
#13083=DIRECTION('',(-0.707106781186548,0.,-0.707106781186548));
#13084=DIRECTION('',(-8.16340459283203E-16,1.,0.));
#13085=DIRECTION('',(1.,8.16340459283203E-16,0.));
#13086=DIRECTION('',(-4.08170229641602E-16,1.,4.08170229641602E-16));
#13087=DIRECTION('',(-0.707106781186548,-5.77239874516094E-16,0.707106781186548));
#13088=DIRECTION('',(0.707106781186548,0.,0.707106781186548));
#13089=DIRECTION('',(0.707106781186548,5.77239874516094E-16,-0.707106781186548));
#13090=DIRECTION('',(-0.707106781186548,0.,-0.707106781186548));
#13091=DIRECTION('',(0.,-1.,0.));
#13092=DIRECTION('',(0.,0.,1.));
#13093=DIRECTION('',(0.,-1.,0.));
#13094=DIRECTION('',(0.,0.,-1.));
#13095=DIRECTION('',(0.,-1.,0.));
#13096=DIRECTION('',(0.,0.,1.));
#13097=DIRECTION('',(0.,0.,-1.));
#13098=DIRECTION('',(-1.,0.,0.));
#13099=DIRECTION('',(0.,0.,-1.));
#13100=DIRECTION('',(-1.,0.,0.));
#13101=DIRECTION('',(0.,0.,-1.));
#13102=DIRECTION('',(-1.,0.,0.));
#13103=DIRECTION('',(0.,-1.,0.));
#13104=DIRECTION('',(0.,0.,1.));
#13105=DIRECTION('',(0.,1.,0.));
#13106=DIRECTION('',(0.,0.,1.));
#13107=DIRECTION('',(0.,1.,0.));
#13108=DIRECTION('',(0.,0.,-1.));
#13109=DIRECTION('',(0.,0.,-1.));
#13110=DIRECTION('',(-1.,0.,0.));
#13111=DIRECTION('',(-1.,0.,0.));
#13112=DIRECTION('',(0.,0.,1.));
#13113=DIRECTION('',(1.,-8.16340459283203E-16,0.));
#13114=DIRECTION('',(-8.16340459283203E-16,-1.,0.));
#13115=DIRECTION('',(0.,-1.,0.));
#13116=DIRECTION('',(0.,0.,1.));
#13117=DIRECTION('',(0.,-1.,0.));
#13118=DIRECTION('',(0.,0.,1.));
#13119=DIRECTION('',(8.16340459283203E-16,-1.,0.));
#13120=DIRECTION('',(-1.,-8.16340459283203E-16,0.));
#13121=DIRECTION('',(0.,0.,-1.));
#13122=DIRECTION('',(-1.,0.,0.));
#13123=DIRECTION('',(-1.,0.,0.));
#13124=DIRECTION('',(0.,0.,1.));
#13125=DIRECTION('',(1.,8.16340459283203E-16,0.));
#13126=DIRECTION('',(8.16340459283203E-16,-1.,0.));
#13127=DIRECTION('',(-1.,0.,0.));
#13128=DIRECTION('',(0.,0.,1.));
#13129=DIRECTION('',(0.,0.,-1.));
#13130=DIRECTION('',(-1.,0.,0.));
#13131=DIRECTION('',(0.,0.,-1.));
#13132=DIRECTION('',(-1.,0.,0.));
#13133=DIRECTION('',(0.,0.,-1.));
#13134=DIRECTION('',(-1.,0.,0.));
#13135=DIRECTION('',(0.,0.,-1.));
#13136=DIRECTION('',(-1.,0.,0.));
#13137=DIRECTION('',(0.,0.,-1.));
#13138=DIRECTION('',(-1.,0.,0.));
#13139=DIRECTION('',(-1.,0.,0.));
#13140=DIRECTION('',(0.,0.,1.));
#13141=DIRECTION('',(0.,0.,1.));
#13142=DIRECTION('',(1.,0.,0.));
#13143=DIRECTION('',(0.,0.,-1.));
#13144=DIRECTION('',(-1.,0.,0.));
#13145=DIRECTION('',(-1.,-8.16340459283203E-16,0.));
#13146=DIRECTION('',(-8.16340459283203E-16,1.,0.));
#13147=DIRECTION('',(-1.,0.,0.));
#13148=DIRECTION('',(0.,0.,1.));
#13149=DIRECTION('',(0.,0.,-1.));
#13150=DIRECTION('',(-1.,0.,0.));
#13151=DIRECTION('',(-1.,0.,-3.49148133884314E-15));
#13152=DIRECTION('',(-3.49148133884314E-15,0.,1.));
#13153=DIRECTION('',(-3.49148133884314E-15,0.,1.));
#13154=DIRECTION('',(-1.,0.,-3.49148133884314E-15));
#13155=DIRECTION('',(3.49148133884314E-15,0.,-1.));
#13156=DIRECTION('',(-3.49148133884314E-15,0.,1.));
#13157=DIRECTION('',(-1.,0.,-3.49148133884314E-15));
#13158=DIRECTION('',(-3.49148133884314E-15,0.,1.));
#13159=DIRECTION('',(-3.49148133884314E-15,0.,1.));
#13160=DIRECTION('',(0.,-1.,0.));
#13161=DIRECTION('',(3.49148133884314E-15,0.,-1.));
#13162=DIRECTION('',(-1.,0.,-3.49148133884314E-15));
#13163=DIRECTION('',(3.49148133884314E-15,0.,-1.));
#13164=DIRECTION('',(3.49148133884314E-15,0.,-1.));
#13165=DIRECTION('',(-1.,0.,-3.49148133884314E-15));
#13166=DIRECTION('',(-3.49148133884314E-15,0.,1.));
#13167=DIRECTION('',(3.49148133884314E-15,0.,-1.));
#13168=DIRECTION('',(0.,0.,-1.));
#13169=DIRECTION('',(-1.,0.,0.));
#13170=DIRECTION('',(1.,0.,0.));
#13171=DIRECTION('',(0.,0.,-1.));
#13172=DIRECTION('',(1.,0.,0.));
#13173=DIRECTION('',(1.,0.,0.));
#13174=DIRECTION('',(0.,0.,-1.));
#13175=DIRECTION('',(-1.,0.,0.));
#13176=DIRECTION('',(1.,0.,0.));
#13177=DIRECTION('',(0.,-1.,0.));
#13178=DIRECTION('',(-1.,0.,0.));
#13179=DIRECTION('',(0.,0.,-1.));
#13180=DIRECTION('',(1.,0.,0.));
#13181=DIRECTION('',(-1.,0.,0.));
#13182=DIRECTION('',(0.,0.,-1.));
#13183=DIRECTION('',(-1.,0.,0.));
#13184=DIRECTION('',(-1.,0.,0.));
#13185=DIRECTION('',(0.,1.,0.));
#13186=DIRECTION('',(0.,0.,-1.));
#13187=DIRECTION('',(0.,0.,1.));
#13188=DIRECTION('',(0.,-1.,0.));
#13189=DIRECTION('',(0.,0.,1.));
#13190=DIRECTION('',(0.,0.,1.));
#13191=DIRECTION('',(0.,-1.,0.));
#13192=DIRECTION('',(1.,0.,3.49148133884314E-15));
#13193=DIRECTION('',(1.,0.,3.49148133884314E-15));
#13194=DIRECTION('',(0.,1.,0.));
#13195=DIRECTION('',(-1.,0.,-3.49148133884314E-15));
#13196=DIRECTION('',(1.,0.,3.49148133884314E-15));
#13197=DIRECTION('',(0.,1.,0.));
#13198=DIRECTION('',(-1.,0.,-3.49148133884314E-15));
#13199=DIRECTION('',(0.,1.,0.));
#13200=DIRECTION('',(0.,0.,1.));
#13201=DIRECTION('',(-1.,0.,0.));
#13202=DIRECTION('',(1.,0.,3.49148133884314E-15));
#13203=DIRECTION('',(0.,-1.,0.));
#13204=DIRECTION('',(1.,0.,3.49148133884314E-15));
#13205=DIRECTION('',(1.,0.,0.));
#13206=DIRECTION('',(0.,-1.,0.));
#13207=DIRECTION('',(0.,0.,-1.));
#13208=DIRECTION('',(1.,0.,3.49148133884314E-15));
#13209=DIRECTION('',(1.,0.,3.49148133884314E-15));
#13210=DIRECTION('',(3.49148133884314E-15,0.,-1.));
#13211=DIRECTION('',(1.,0.,3.49148133884314E-15));
#13212=DIRECTION('',(1.,0.,3.49148133884314E-15));
#13213=DIRECTION('',(3.49148133884314E-15,0.,-1.));
#13214=DIRECTION('',(1.,0.,3.49148133884314E-15));
#13215=DIRECTION('',(0.,-1.,0.));
#13216=DIRECTION('',(1.,0.,3.49148133884314E-15));
#13217=DIRECTION('',(1.,0.,3.49148133884314E-15));
#13218=DIRECTION('',(1.,0.,3.49148133884314E-15));
#13219=DIRECTION('',(3.49148133884314E-15,0.,-1.));
#13220=DIRECTION('',(1.,0.,3.49148133884314E-15));
#13221=DIRECTION('',(3.49148133884314E-15,0.,-1.));
#13222=DIRECTION('',(1.,0.,3.49148133884314E-15));
#13223=DIRECTION('',(0.,1.,0.));
#13224=DIRECTION('',(-1.,0.,-3.49148133884314E-15));
#13225=DIRECTION('',(0.,-1.,0.));
#13226=DIRECTION('',(0.,0.,-1.));
#13227=DIRECTION('',(0.,-1.,0.));
#13228=DIRECTION('',(0.,-1.,0.));
#13229=DIRECTION('',(0.,0.,1.));
#13230=DIRECTION('',(0.,0.,1.));
#13231=DIRECTION('',(1.,0.,0.));
#13232=DIRECTION('',(1.,0.,0.));
#13233=DIRECTION('',(0.,-1.,0.));
#13234=DIRECTION('',(-1.,0.,0.));
#13235=DIRECTION('',(0.,0.,1.));
#13236=DIRECTION('',(-1.,0.,0.));
#13237=DIRECTION('',(-1.,0.,0.));
#13238=DIRECTION('',(0.,0.,1.));
#13239=DIRECTION('',(1.,0.,0.));
#13240=DIRECTION('',(-1.,0.,0.));
#13241=DIRECTION('',(0.,1.,0.));
#13242=DIRECTION('',(1.,0.,0.));
#13243=DIRECTION('',(0.,0.,1.));
#13244=DIRECTION('',(-1.,0.,0.));
#13245=DIRECTION('',(1.,0.,0.));
#13246=DIRECTION('',(0.,0.,1.));
#13247=DIRECTION('',(1.,0.,0.));
#13248=DIRECTION('',(0.,1.,0.));
#13249=DIRECTION('',(0.,0.,1.));
#13250=DIRECTION('',(0.,1.,0.));
#13251=DIRECTION('',(0.,0.,1.));
#13252=DIRECTION('',(0.,0.,1.));
#13253=DIRECTION('',(0.,0.,-1.));
#13254=DIRECTION('',(1.,0.,0.));
#13255=DIRECTION('',(0.,-1.,0.));
#13256=DIRECTION('',(0.,0.,-1.));
#13257=DIRECTION('',(0.,0.,-1.));
#13258=DIRECTION('',(0.,-1.,0.));
#13259=DIRECTION('',(0.,0.,-1.));
#13260=DIRECTION('',(-1.,0.,0.));
#13261=DIRECTION('',(0.,0.,-1.));
#13262=DIRECTION('',(0.,-1.,0.));
#13263=DIRECTION('',(0.,0.,-1.));
#13264=DIRECTION('',(0.,-1.,0.));
#13265=DIRECTION('',(0.,0.,-1.));
#13266=DIRECTION('',(0.,0.,1.));
#13267=DIRECTION('',(0.,0.,-1.));
#13268=DIRECTION('',(-1.,0.,0.));
#13269=DIRECTION('',(0.,1.,0.));
#13270=DIRECTION('',(0.,0.,1.));
#13271=DIRECTION('',(0.,0.,-1.));
#13272=DIRECTION('',(0.,1.,0.));
#13273=DIRECTION('',(0.,0.,1.));
#13274=DIRECTION('',(1.,0.,0.));
#13275=DIRECTION('',(0.,0.,-1.));
#13276=DIRECTION('',(0.,0.,-1.));
#13277=DIRECTION('',(-1.,0.,0.));
#13278=DIRECTION('',(0.,0.,1.));
#13279=DIRECTION('',(1.,0.,0.));
#13280=DIRECTION('',(0.,0.,-1.));
#13281=DIRECTION('',(0.,0.,-1.));
#13282=DIRECTION('',(-1.,0.,0.));
#13283=DIRECTION('',(0.,0.,1.));
#13284=DIRECTION('',(-1.,0.,0.));
#13285=DIRECTION('',(0.,0.,-1.));
#13286=DIRECTION('',(0.,-1.,0.));
#13287=DIRECTION('',(0.,0.,-1.));
#13288=DIRECTION('',(-1.,0.,0.));
#13289=DIRECTION('',(0.,0.,-1.));
#13290=DIRECTION('',(0.,0.,-1.));
#13291=DIRECTION('',(-1.,0.,0.));
#13292=DIRECTION('',(0.,0.,1.));
#13293=DIRECTION('',(1.,0.,0.));
#13294=DIRECTION('',(0.,0.,-1.));
#13295=DIRECTION('',(-1.,0.,0.));
#13296=DIRECTION('',(0.,0.,1.));
#13297=DIRECTION('',(-1.,0.,0.));
#13298=DIRECTION('',(0.,0.,-1.));
#13299=DIRECTION('',(0.,1.,0.));
#13300=DIRECTION('',(0.,0.,1.));
#13301=DIRECTION('',(1.,0.,0.));
#13302=DIRECTION('',(0.,0.,1.));
#13303=DIRECTION('',(1.,0.,0.));
#13304=DIRECTION('',(0.,-1.,0.));
#13305=DIRECTION('',(-1.,-8.16340459283204E-16,0.));
#13306=DIRECTION('',(0.,-1.,0.));
#13307=DIRECTION('',(-1.,-5.55765921160943E-16,0.));
#13308=DIRECTION('',(0.,0.,-1.));
#13309=DIRECTION('',(-1.,-1.11153184232188E-15,0.));
#13310=DIRECTION('',(8.16340459283203E-16,-1.,0.));
#13311=DIRECTION('',(0.,0.,-1.));
#13312=DIRECTION('',(-1.,-8.16340459283203E-16,0.));
#13313=DIRECTION('',(-1.,-8.16340459283204E-16,0.));
#13314=DIRECTION('',(0.,-1.,0.));
#13315=DIRECTION('',(-1.,-8.16340459283204E-16,0.));
#13316=DIRECTION('',(0.,-1.,0.));
#13317=DIRECTION('',(0.,-1.,0.));
#13318=DIRECTION('',(1.,-8.16340459283204E-16,0.));
#13319=DIRECTION('',(0.,-1.,0.));
#13320=DIRECTION('',(1.,-8.16340459283204E-16,0.));
#13321=DIRECTION('',(0.,0.,1.));
#13322=DIRECTION('',(1.,-8.16340459283203E-16,0.));
#13323=DIRECTION('',(-8.16340459283203E-16,-1.,0.));
#13324=DIRECTION('',(0.,0.,1.));
#13325=DIRECTION('',(1.,-1.11153184232188E-15,0.));
#13326=DIRECTION('',(1.,-5.55765921160943E-16,0.));
#13327=DIRECTION('',(0.,-1.,0.));
#13328=DIRECTION('',(1.,-8.16340459283204E-16,0.));
#13329=DIRECTION('',(0.,-1.,0.));
#13330=DIRECTION('',(0.,-1.,0.));
#13331=DIRECTION('',(0.,0.,-1.));
#13332=DIRECTION('',(0.,-1.,0.));
#13333=DIRECTION('',(0.,1.,0.));
#13334=DIRECTION('',(0.,0.,-1.));
#13335=DIRECTION('',(8.163404592832E-16,-1.,8.16340459283199E-16));
#13336=DIRECTION('',(-1.,-8.163404592832E-16,0.));
#13337=DIRECTION('',(-8.16340459283196E-16,1.,-3.50324616081205E-44));
#13338=DIRECTION('',(0.,-1.,0.));
#13339=DIRECTION('',(0.,0.,1.));
#13340=DIRECTION('',(-8.163404592832E-16,1.,-8.16340459283199E-16));
#13341=DIRECTION('',(0.,-1.,0.));
#13342=DIRECTION('',(0.,0.,1.));
#13343=DIRECTION('',(0.5,-0.707106781186541,-0.5));
#13344=DIRECTION('',(0.,0.577350269189634,-0.816496580927721));
#13345=DIRECTION('',(-0.5,0.707106781186541,0.5));
#13346=DIRECTION('',(0.499999999999994,0.707106781186555,-0.5));
#13347=DIRECTION('',(0.707106781186548,0.,0.707106781186547));
#13348=DIRECTION('',(0.5,0.707106781186555,-0.5));
#13349=DIRECTION('',(0.707106781186548,0.,0.707106781186547));
#13350=DIRECTION('',(-0.5,-0.707106781186555,0.5));
#13351=DIRECTION('',(0.707106781186548,0.,0.707106781186547));
#13352=DIRECTION('',(-0.707106781186547,0.,0.707106781186548));
#13353=DIRECTION('',(0.707106781186548,0.,0.707106781186547));
#13354=DIRECTION('',(0.696364240320019,-0.173648177666926,-0.69636424032002));
#13355=DIRECTION('',(0.707106781186548,0.,0.707106781186547));
#13356=DIRECTION('',(0.707106781186548,0.,0.707106781186547));
#13357=DIRECTION('',(-7.91033905045424E-16,0.970287525247815,-0.24195478575236));
#13358=DIRECTION('',(-0.24195478575236,-0.970287525247815,5.90629767889809E-18));
#13359=DIRECTION('',(0.707106781186548,0.,0.707106781186547));
#13360=DIRECTION('',(-0.707106781186547,0.,0.707106781186548));
#13361=DIRECTION('',(0.707106781186548,0.,0.707106781186547));
#13362=DIRECTION('',(0.,1.,0.));
#13363=DIRECTION('',(0.,0.,1.));
#13364=DIRECTION('',(1.,0.,0.));
#13365=DIRECTION('',(0.,-1.,0.));
#13366=DIRECTION('',(0.,0.,1.));
#13367=DIRECTION('',(-0.707106781186548,0.,0.707106781186548));
#13368=DIRECTION('',(1.,0.,-4.63502542989784E-15));
#13369=DIRECTION('',(0.,-1.,0.));
#13370=DIRECTION('',(0.,0.,1.));
#13371=DIRECTION('',(-4.63502542989784E-15,0.,1.));
#13372=DIRECTION('',(-0.707106781186548,0.,0.707106781186548));
#13373=DIRECTION('',(0.,-1.,0.));
#13374=DIRECTION('',(0.,0.,1.));
#13375=DIRECTION('',(0.,0.,1.));
#13376=DIRECTION('',(0.,-1.,0.));
#13377=DIRECTION('',(0.,0.,1.));
#13378=DIRECTION('',(0.,-1.,0.));
#13379=DIRECTION('',(0.,0.,1.));
#13380=DIRECTION('',(0.707106781186548,5.77239874516094E-16,0.707106781186548));
#13381=DIRECTION('',(-0.707106781186548,0.,0.707106781186548));
#13382=DIRECTION('',(-0.707106781186548,0.,0.707106781186548));
#13383=DIRECTION('',(-8.16340459283203E-16,1.,0.));
#13384=DIRECTION('',(-0.707106781186548,-5.77239874516094E-16,-0.707106781186548));
#13385=DIRECTION('',(0.707106781186548,-5.77239874516088E-16,-0.707106781186548));
#13386=DIRECTION('',(-0.707106781186548,0.,0.707106781186548));
#13387=DIRECTION('',(8.16340459283203E-16,-1.,0.));
#13388=DIRECTION('',(-0.5,-0.707106781186555,0.5));
#13389=DIRECTION('',(-0.707106781186548,-5.77239874516094E-16,-0.707106781186548));
#13390=DIRECTION('',(-0.707106781186548,0.,0.707106781186548));
#13391=DIRECTION('',(0.707106781186548,-4.31464180567002E-15,-0.707106781186548));
#13392=DIRECTION('',(-0.707106781186548,-5.77239874516094E-16,-0.707106781186548));
#13393=DIRECTION('',(-0.707106781186548,0.,0.707106781186548));
#13394=DIRECTION('',(0.0123407149398269,-0.999847695156391,-0.0123407149398261));
#13395=DIRECTION('',(-0.707106781186548,-5.77239874516094E-16,-0.707106781186548));
#13396=DIRECTION('',(0.707106781186548,0.,-0.707106781186548));
#13397=DIRECTION('',(0.707106781186548,5.77239874516094E-16,0.707106781186548));
#13398=DIRECTION('',(0.707106781186548,0.,-0.707106781186548));
#13399=DIRECTION('',(0.707106781186548,-4.31464180567002E-15,-0.707106781186548));
#13400=DIRECTION('',(0.707106781186548,5.77239874516094E-16,0.707106781186548));
#13401=DIRECTION('',(0.707106781186548,0.,-0.707106781186548));
#13402=DIRECTION('',(0.5,0.707106781186555,-0.5));
#13403=DIRECTION('',(-8.16340459283203E-16,1.,1.2924107119342E-31));
#13404=DIRECTION('',(-0.707106781186548,0.,0.707106781186548));
#13405=DIRECTION('',(0.707106781186548,5.77239874516094E-16,0.707106781186548));
#13406=DIRECTION('',(-0.707106781186548,-5.77239874516088E-16,0.707106781186548));
#13407=DIRECTION('',(8.16340459283203E-16,-1.,-2.70808094030918E-31));
#13408=DIRECTION('',(-0.707106781186548,0.,0.707106781186548));
#13409=DIRECTION('',(0.0123407149398269,-0.999847695156391,-0.0123407149398261));
#13410=DIRECTION('',(-0.706999085398824,-0.0174524064372829,0.706999085398825));
#13411=DIRECTION('',(-0.707106781186548,0.,-0.707106781186547));
#13412=DIRECTION('',(0.707106781186548,0.,0.707106781186547));
#13413=DIRECTION('',(0.0123407149398269,-0.999847695156391,-0.0123407149398261));
#13414=DIRECTION('',(0.707106781186548,0.,0.707106781186547));
#13415=DIRECTION('',(0.0123407149398269,-0.999847695156391,-0.0123407149398261));
#13416=DIRECTION('',(0.707106781186548,0.,0.707106781186547));
#13417=DIRECTION('',(-0.707106781186547,0.,0.707106781186548));
#13418=DIRECTION('',(0.707106781186548,0.,0.707106781186547));
#13419=DIRECTION('',(0.707106781186548,5.77239874516094E-16,0.707106781186548));
#13420=DIRECTION('',(0.707106781186548,0.,-0.707106781186548));
#13421=DIRECTION('',(-0.707106781186548,-5.77239874516094E-16,-0.707106781186548));
#13422=DIRECTION('',(-0.707106781186548,0.,0.707106781186548));
#13423=DIRECTION('',(-3.05091247918024E-15,-1.,3.05091247918024E-15));
#13424=DIRECTION('',(0.,-3.05091247918024E-15,-1.));
#13425=DIRECTION('',(0.707106781186548,0.,0.707106781186547));
#13426=DIRECTION('',(0.707106781186548,-4.31464180567002E-15,-0.707106781186548));
#13427=DIRECTION('',(0.707106781186548,-4.31464180567002E-15,-0.707106781186548));
#13428=DIRECTION('',(0.707106781186548,0.,0.707106781186547));
#13429=DIRECTION('',(-0.707106781186547,0.,0.707106781186548));
#13430=DIRECTION('',(0.707106781186548,5.77239874516094E-16,0.707106781186548));
#13431=DIRECTION('',(0.707106781186548,0.,-0.707106781186548));
#13432=DIRECTION('',(-0.707106781186548,-5.77239874516094E-16,-0.707106781186548));
#13433=DIRECTION('',(-0.707106781186548,0.,0.707106781186548));
#13434=DIRECTION('',(-1.,-8.16340459283203E-16,-4.63502542989784E-15));
#13435=DIRECTION('',(4.63502542989784E-15,0.,-1.));
#13436=DIRECTION('',(-4.63502542989784E-15,0.,1.));
#13437=DIRECTION('',(4.63502542989784E-15,0.,-1.));
#13438=DIRECTION('',(8.16340459283203E-16,-1.,-3.3666745017894E-31));
#13439=DIRECTION('',(4.63502542989784E-15,3.78375878823212E-30,1.));
#13440=DIRECTION('',(-1.,0.,4.63502542989784E-15));
#13441=DIRECTION('',(-1.,0.,4.63502542989784E-15));
#13442=DIRECTION('',(1.,0.,-4.63502542989784E-15));
#13443=DIRECTION('',(-8.16340459283203E-16,1.,-7.00649232162408E-46));
#13444=DIRECTION('',(1.,8.16340459283203E-16,0.));
#13445=DIRECTION('',(8.16340459283203E-16,-1.,0.));
#13446=DIRECTION('',(-7.92084963997564E-16,0.970287525247815,-0.24195478575236));
#13447=DIRECTION('',(8.16340459283203E-16,-1.,0.));
#13448=DIRECTION('',(0.,0.,1.));
#13449=DIRECTION('',(-8.16340459283203E-16,1.,1.68333725089469E-31));
#13450=DIRECTION('',(-1.,-8.16340459283203E-16,0.));
#13451=DIRECTION('',(6.66411745462712E-31,-8.16340459283204E-16,1.));
#13452=DIRECTION('',(8.16340459283203E-16,-1.,0.));
#13453=DIRECTION('',(-1.,-8.16340459283203E-16,0.));
#13454=DIRECTION('',(0.,-1.,0.));
#13455=DIRECTION('',(0.,0.,1.));
#13456=DIRECTION('',(0.,0.,-1.));
#13457=DIRECTION('',(1.,0.,0.));
#13458=DIRECTION('',(8.16340459283203E-16,-1.,0.));
#13459=DIRECTION('',(1.,0.,0.));
#13460=DIRECTION('',(8.16340459283203E-16,-1.,0.));
#13461=DIRECTION('',(-0.24195478575236,-0.970287525247815,0.));
#13462=DIRECTION('',(8.16340459283203E-16,-1.,0.));
#13463=DIRECTION('',(-1.,-8.16340459283203E-16,0.));
#13464=DIRECTION('',(0.,-1.,0.));
#13465=DIRECTION('',(0.,0.,1.));
#13466=DIRECTION('',(-8.16340459283203E-16,1.,0.));
#13467=DIRECTION('',(1.,8.16340459283203E-16,0.));
#13468=DIRECTION('',(0.,-1.,0.));
#13469=DIRECTION('',(0.,0.,1.));
#13470=DIRECTION('',(0.473029498104879,-0.743294146247158,-0.47302949810488));
#13471=DIRECTION('',(0.525588331227631,0.668964731622459,-0.525588331227631));
#13472=DIRECTION('',(8.16340459283203E-16,-1.,-1.68333725089469E-31));
#13473=DIRECTION('',(-1.,-8.16340459283203E-16,0.));
#13474=DIRECTION('',(0.,-1.,0.));
#13475=DIRECTION('',(0.,0.,1.));
#13476=DIRECTION('',(-4.63502542989784E-15,0.,1.));
#13477=DIRECTION('',(-1.,0.,-4.63502542989784E-15));
#13478=DIRECTION('',(0.,0.,-1.));
#13479=DIRECTION('',(-1.,0.,0.));
#13480=DIRECTION('',(-0.948683298050509,-7.74448559244855E-16,-0.316227766016851));
#13481=DIRECTION('',(-0.316227766016851,0.,0.948683298050509));
#13482=DIRECTION('',(0.,1.,0.));
#13483=DIRECTION('',(0.,0.,1.));
#13484=DIRECTION('',(-1.,0.,0.));
#13485=DIRECTION('',(0.,0.,1.));
#13486=DIRECTION('',(1.,0.,-4.63502542989784E-15));
#13487=DIRECTION('',(4.63502542989784E-15,0.,1.));
#13488=DIRECTION('',(0.316227766016851,7.74448559244855E-16,0.948683298050509));
#13489=DIRECTION('',(0.948683298050509,0.,-0.316227766016851));
#13490=DIRECTION('',(-8.16340459283203E-16,1.,-9.90867646590378E-46));
#13491=DIRECTION('',(1.,8.16340459283203E-16,0.));
#13492=DIRECTION('',(0.,-1.,0.));
#13493=DIRECTION('',(0.,0.,1.));
#13494=DIRECTION('',(0.,1.,0.));
#13495=DIRECTION('',(0.,0.,-1.));
#13496=DIRECTION('',(-0.707106781186548,0.,0.707106781186548));
#13497=DIRECTION('',(0.707106781186548,0.,0.707106781186548));
#13498=DIRECTION('',(0.707106781186548,0.,-0.707106781186548));
#13499=DIRECTION('',(0.707106781186548,0.,0.707106781186548));
#13500=DIRECTION('',(-0.707106781186548,0.,0.707106781186548));
#13501=DIRECTION('',(0.707106781186548,0.,0.707106781186548));
#13502=DIRECTION('',(0.,1.,0.));
#13503=DIRECTION('',(0.,0.,1.));
#13504=DIRECTION('',(-1.,0.,0.));
#13505=DIRECTION('',(0.,0.,1.));
#13506=DIRECTION('',(1.,0.,0.));
#13507=DIRECTION('',(0.,0.,1.));
#13508=DIRECTION('',(-1.,0.,0.));
#13509=DIRECTION('',(0.,0.,1.));
#13510=DIRECTION('',(0.,1.,0.));
#13511=DIRECTION('',(0.,0.,1.));
#13512=DIRECTION('',(-0.998037259236656,0.,-0.0626229125431237));
#13513=DIRECTION('',(-0.0626229125431237,0.,0.998037259236656));
#13514=DIRECTION('',(0.167194952003956,0.965073547552115,0.201690098516439));
#13515=DIRECTION('',(0.,-0.204569650563108,0.97885201030007));
#13516=DIRECTION('',(-0.24195478575236,-0.970287525247815,0.));
#13517=DIRECTION('',(-0.970287525247815,0.24195478575236,0.));
#13518=DIRECTION('',(0.000712442314296527,-0.000331575795466083,0.999999691241673));
#13519=DIRECTION('',(0.999999746212914,0.,-0.000712442353460377));
#13520=DIRECTION('',(0.503685351070175,-0.377927942545529,0.776834304958669));
#13521=DIRECTION('',(0.839063434119669,0.,-0.544033595950938));
#13522=DIRECTION('',(0.5,0.707106781186566,-0.49999999999997));
#13523=DIRECTION('',(-0.816496580927731,0.577350269189619,0.));
#13524=DIRECTION('',(0.5,0.707106781186555,-0.5));
#13525=DIRECTION('',(0.,0.577350269189618,0.816496580927731));
#13526=DIRECTION('',(0.5,0.707106781186566,-0.49999999999997));
#13527=DIRECTION('',(-0.816496580927731,0.577350269189619,0.));
#13528=DIRECTION('',(0.707106781186548,5.77239874516094E-16,0.707106781186548));
#13529=DIRECTION('',(-0.707106781186548,0.,0.707106781186548));
#13530=DIRECTION('',(0.707106781186548,0.,-0.707106781186548));
#13531=DIRECTION('',(-0.707106781186548,0.,-0.707106781186548));
#13532=DIRECTION('',(-0.707106781186548,4.31464180567002E-15,0.707106781186548));
#13533=DIRECTION('',(-0.707106781186548,0.,-0.707106781186548));
#13534=DIRECTION('',(0.707106781186548,0.,-0.707106781186548));
#13535=DIRECTION('',(-0.707106781186548,0.,-0.707106781186548));
#13536=DIRECTION('',(0.707106781186548,5.77239874516094E-16,0.707106781186548));
#13537=DIRECTION('',(-0.707106781186548,0.,0.707106781186548));
#13538=DIRECTION('',(0.012340714939825,-0.999847695156391,-0.012340714939825));
#13539=DIRECTION('',(0.,-0.0123416547509348,0.999923838878746));
#13540=DIRECTION('',(-0.0123407149398269,0.999847695156391,0.0123407149398261));
#13541=DIRECTION('',(0.999923838878746,0.0123416547509367,0.));
#13542=DIRECTION('',(0.,-1.,0.));
#13543=DIRECTION('',(-0.707106781186571,0.,0.707106781186524));
#13544=DIRECTION('',(8.16340459283203E-16,-1.,-3.36667450178939E-31));
#13545=DIRECTION('',(-1.,-8.16340459283203E-16,0.));
#13546=DIRECTION('',(0.,-1.,0.));
#13547=DIRECTION('',(0.,0.,1.));
#13548=DIRECTION('',(0.,1.,0.));
#13549=DIRECTION('',(0.,0.,-1.));
#13550=DIRECTION('',(-0.707106781186548,0.,0.707106781186548));
#13551=DIRECTION('',(0.707106781186548,0.,0.707106781186548));
#13552=DIRECTION('',(0.707106781186548,0.,-0.707106781186548));
#13553=DIRECTION('',(0.707106781186548,0.,0.707106781186548));
#13554=DIRECTION('',(-0.707106781186548,0.,0.707106781186548));
#13555=DIRECTION('',(0.707106781186548,0.,0.707106781186548));
#13556=DIRECTION('',(0.,1.,0.));
#13557=DIRECTION('',(0.,0.,1.));
#13558=DIRECTION('',(0.,0.,1.));
#13559=DIRECTION('',(1.,0.,0.));
#13560=DIRECTION('',(0.,0.,1.));
#13561=DIRECTION('',(-1.,0.,0.));
#13562=DIRECTION('',(0.,0.,1.));
#13563=DIRECTION('',(1.,0.,0.));
#13564=DIRECTION('',(0.,1.,0.));
#13565=DIRECTION('',(0.,0.,1.));
#13566=DIRECTION('',(0.0626229125431238,0.,0.998037259236656));
#13567=DIRECTION('',(0.998037259236656,0.,-0.0626229125431238));
#13568=DIRECTION('',(-0.201690100877053,0.965073547458832,-0.167194949694748));
#13569=DIRECTION('',(-0.978852009816664,-0.204569652876173,0.));
#13570=DIRECTION('',(-7.92084963997564E-16,0.970287525247815,-0.24195478575236));
#13571=DIRECTION('',(0.,0.24195478575236,0.970287525247815));
#13572=DIRECTION('',(0.999999691242155,0.000331575525007842,0.000712441763368511));
#13573=DIRECTION('',(0.000712441802532268,0.,-0.999999746213307));
#13574=DIRECTION('',(0.757936465272397,0.375326103083442,0.533537843976022));
#13575=DIRECTION('',(0.575619777515162,0.,-0.817717476720044));
#13576=DIRECTION('',(0.497913747445392,-0.707458935386518,-0.501581254480927));
#13577=DIRECTION('',(0.,0.578373956362585,-0.815771761341057));
#13578=DIRECTION('',(-0.5,-0.707106781186555,0.5));
#13579=DIRECTION('',(0.,-0.577350269189618,-0.816496580927731));
#13580=DIRECTION('',(0.499999999999987,0.707106781186566,-0.499999999999987));
#13581=DIRECTION('',(0.,-0.577350269189606,-0.81649658092774));
#13582=DIRECTION('',(-0.707106781186548,-5.77239874516094E-16,-0.707106781186548));
#13583=DIRECTION('',(0.707106781186548,0.,-0.707106781186548));
#13584=DIRECTION('',(0.707106781186548,0.,-0.707106781186548));
#13585=DIRECTION('',(-0.707106781186548,0.,-0.707106781186548));
#13586=DIRECTION('',(-0.707106781186548,4.31464180567002E-15,0.707106781186548));
#13587=DIRECTION('',(-0.707106781186548,0.,-0.707106781186548));
#13588=DIRECTION('',(0.707106781186548,0.,-0.707106781186548));
#13589=DIRECTION('',(-0.707106781186548,0.,-0.707106781186548));
#13590=DIRECTION('',(-0.707106781186548,-5.77239874516094E-16,-0.707106781186548));
#13591=DIRECTION('',(0.707106781186548,0.,-0.707106781186548));
#13592=DIRECTION('',(0.012340714939825,-0.999847695156391,-0.012340714939825));
#13593=DIRECTION('',(0.,-0.0123416547509348,0.999923838878746));
#13594=DIRECTION('',(-0.0123407149398269,0.999847695156391,0.0123407149398261));
#13595=DIRECTION('',(0.999923838878746,0.0123416547509367,0.));
#13596=DIRECTION('',(0.,-1.,0.));
#13597=DIRECTION('',(-0.707106781186571,0.,0.707106781186524));
#13598=DIRECTION('',(8.16340459283203E-16,-1.,0.));
#13599=DIRECTION('',(-1.,-8.16340459283203E-16,0.));
#13600=DIRECTION('',(-1.,-8.16340459283203E-16,0.));
#13601=DIRECTION('',(-8.16340459283203E-16,1.,0.));
#13602=DIRECTION('',(-1.,-8.16340459283203E-16,0.));
#13603=DIRECTION('',(0.,0.,-1.));
#13604=DIRECTION('',(1.,8.16340459283203E-16,0.));
#13605=DIRECTION('',(0.,0.,1.));
#13606=DIRECTION('',(8.16340459283203E-16,1.,0.));
#13607=DIRECTION('',(1.,-8.16340459283203E-16,0.));
#13608=DIRECTION('',(-8.16340459283203E-16,-1.,0.));
#13609=DIRECTION('',(1.,-8.16340459283203E-16,0.));
#13610=DIRECTION('',(1.,-8.16340459283203E-16,0.));
#13611=DIRECTION('',(0.,0.,-1.));
#13612=DIRECTION('',(1.,-8.16340459283203E-16,0.));
#13613=DIRECTION('',(-0.707106781186548,5.77239874516094E-16,0.707106781186548));
#13614=DIRECTION('',(0.707106781186548,5.77239874516094E-16,-0.707106781186548));
#13615=DIRECTION('',(-8.16340459283203E-16,1.,0.));
#13616=DIRECTION('',(-1.,-8.16340459283203E-16,0.));
#13617=DIRECTION('',(-0.707106781186548,-5.77239874516094E-16,-0.707106781186548));
#13618=DIRECTION('',(-8.16340459283203E-16,1.,0.));
#13619=DIRECTION('',(-1.,-8.16340459283203E-16,0.));
#13620=DIRECTION('',(-0.707106781186548,-5.77239874516094E-16,0.707106781186548));
#13621=DIRECTION('',(-8.16340459283203E-16,1.,0.));
#13622=DIRECTION('',(-1.,-8.16340459283203E-16,0.));
#13623=DIRECTION('',(-1.,-8.16340459283203E-16,4.63502542989784E-15));
#13624=DIRECTION('',(-8.16340459283203E-16,1.,0.));
#13625=DIRECTION('',(-1.,-8.16340459283203E-16,0.));
#13626=DIRECTION('',(4.63502542989784E-15,3.78375878823212E-30,-1.));
#13627=DIRECTION('',(-8.16340459283203E-16,1.,0.));
#13628=DIRECTION('',(-1.,-8.16340459283203E-16,0.));
#13629=DIRECTION('',(1.,0.,0.));
#13630=DIRECTION('',(0.,0.,1.));
#13631=DIRECTION('',(-1.,8.16340459283203E-16,0.));
#13632=DIRECTION('',(0.,0.,-1.));
#13633=DIRECTION('',(-8.16340459283203E-16,1.,0.));
#13634=DIRECTION('',(-1.,-8.16340459283203E-16,0.));
#13635=DIRECTION('',(-1.,-8.16340459283203E-16,0.));
#13636=DIRECTION('',(0.,0.,-1.));
#13637=DIRECTION('',(-8.16340459283203E-16,-1.,0.));
#13638=DIRECTION('',(1.,-8.16340459283203E-16,0.));
#13639=DIRECTION('',(-0.707106781186548,5.77239874516094E-16,0.707106781186548));
#13640=DIRECTION('',(0.,0.,1.));
#13641=DIRECTION('',(-1.,8.16340459283203E-16,0.));
#13642=DIRECTION('',(0.,0.,1.));
#13643=DIRECTION('',(0.,-1.,0.));
#13644=DIRECTION('',(0.,0.,-1.));
#13645=DIRECTION('',(0.,1.,0.));
#13646=DIRECTION('',(0.,0.,-1.));
#13647=DIRECTION('',(0.707106781186548,0.,0.707106781186548));
#13648=DIRECTION('',(0.,0.,1.));
#13649=DIRECTION('',(1.,0.,0.));
#13650=DIRECTION('',(0.,0.,-1.));
#13651=DIRECTION('',(1.,0.,0.));
#13652=DIRECTION('',(-1.,8.16340459283204E-16,0.));
#13653=DIRECTION('',(0.,-1.,0.));
#13654=DIRECTION('',(1.,0.,0.));
#13655=DIRECTION('',(0.,-1.,0.));
#13656=DIRECTION('',(1.,8.16340459283204E-16,0.));
#13657=DIRECTION('',(0.,-1.,0.));
#13658=DIRECTION('',(1.,0.,0.));
#13659=DIRECTION('',(0.,0.,1.));
#13660=DIRECTION('',(0.,0.,1.));
#13661=DIRECTION('',(0.,-1.,0.));
#13662=DIRECTION('',(0.,0.,1.));
#13663=DIRECTION('',(0.,1.,0.));
#13664=DIRECTION('',(0.,0.,-1.));
#13665=DIRECTION('',(0.,-1.,0.));
#13666=DIRECTION('',(0.,-1.,0.));
#13667=DIRECTION('',(0.,0.,-1.));
#13668=DIRECTION('',(-5.55765921160943E-16,1.,5.55765921160943E-16));
#13669=DIRECTION('',(0.,5.55765921160943E-16,-1.));
#13670=DIRECTION('',(-8.16340459283203E-16,1.,0.));
#13671=DIRECTION('',(-1.,-8.16340459283203E-16,0.));
#13672=DIRECTION('',(0.,-1.,0.));
#13673=DIRECTION('',(0.,0.,-1.));
#13674=DIRECTION('',(-8.16340459283203E-16,1.,0.));
#13675=DIRECTION('',(-1.,-8.16340459283203E-16,0.));
#13676=DIRECTION('',(-8.16340459283203E-16,1.,0.));
#13677=DIRECTION('',(-1.,-8.16340459283203E-16,0.));
#13678=DIRECTION('',(0.,-1.,0.));
#13679=DIRECTION('',(0.,0.,-1.));
#13680=DIRECTION('',(0.,0.,1.));
#13681=DIRECTION('',(1.,0.,0.));
#13682=DIRECTION('',(0.,0.,1.));
#13683=DIRECTION('',(1.,0.,0.));
#13684=DIRECTION('',(0.,1.,0.));
#13685=DIRECTION('',(0.,0.,-1.));
#13686=DIRECTION('',(-1.,0.,0.));
#13687=DIRECTION('',(0.,0.,-1.));
#13688=DIRECTION('',(0.,-1.,0.));
#13689=DIRECTION('',(0.,0.,1.));
#13690=DIRECTION('',(1.,0.,0.));
#13691=DIRECTION('',(0.,0.,-1.));
#13692=DIRECTION('',(0.,0.,1.));
#13693=DIRECTION('',(-1.,0.,0.));
#13694=DIRECTION('',(1.,0.,0.));
#13695=DIRECTION('',(0.,0.,-1.));
#13696=DIRECTION('',(-1.,0.,0.));
#13697=DIRECTION('',(1.,0.,0.));
#13698=DIRECTION('',(0.,0.,-1.));
#13699=DIRECTION('',(0.,-1.,0.));
#13700=DIRECTION('',(0.,0.,1.));
#13701=DIRECTION('',(0.316227766016833,2.58149519748283E-16,0.948683298050515));
#13702=DIRECTION('',(-0.948683298050515,0.,0.316227766016834));
#13703=DIRECTION('',(-1.,-8.16340459283203E-16,0.));
#13704=DIRECTION('',(-8.16340459283203E-16,1.,0.));
#13705=DIRECTION('',(1.,0.,0.));
#13706=DIRECTION('',(0.,0.,-1.));
#13707=DIRECTION('',(-1.,-8.16340459283203E-16,0.));
#13708=DIRECTION('',(8.16340459283203E-16,-1.,0.));
#13709=DIRECTION('',(-1.,-8.16340459283203E-16,0.));
#13710=DIRECTION('',(0.,0.,1.));
#13711=DIRECTION('',(1.,0.,0.));
#13712=DIRECTION('',(-8.16340459283203E-16,1.,0.));
#13713=DIRECTION('',(-1.,-8.16340459283203E-16,0.));
#13714=DIRECTION('',(0.,0.,-1.));
#13715=DIRECTION('',(1.,0.,0.));
#13716=DIRECTION('',(0.,0.,-1.));
#13717=DIRECTION('',(0.,0.,-1.));
#13718=DIRECTION('',(-1.,0.,0.));
#13719=DIRECTION('',(-0.948683298050512,2.5814951974829E-16,-0.316227766016843));
#13720=DIRECTION('',(0.316227766016843,0.,-0.948683298050512));
#13721=DIRECTION('',(0.,-1.,0.));
#13722=DIRECTION('',(0.,0.,1.));
#13723=DIRECTION('',(0.714337645042665,0.663151233182039,-0.223499822827761));
#13724=DIRECTION('',(-0.680361682696677,0.732876511233746,0.));
#13725=DIRECTION('',(4.63502542989784E-15,3.78375878823212E-30,1.));
#13726=DIRECTION('',(-1.,0.,4.63502542989784E-15));
#13727=DIRECTION('',(-8.16340459283203E-16,1.,0.));
#13728=DIRECTION('',(-4.63502542989784E-15,-3.78375878823212E-30,-1.));
#13729=DIRECTION('',(-1.,-1.11153184232188E-15,4.63502542989784E-15));
#13730=DIRECTION('',(-1.,-5.55765921160945E-16,4.63502542989784E-15));
#13731=DIRECTION('',(-8.16340459283203E-16,1.,0.));
#13732=DIRECTION('',(-1.,-8.16340459283203E-16,4.63502542989784E-15));
#13733=DIRECTION('',(-8.16340459283203E-16,1.,0.));
#13734=DIRECTION('',(1.,8.16340459283203E-16,0.));
#13735=DIRECTION('',(-5.55765921160943E-16,1.,5.55765921160943E-16));
#13736=DIRECTION('',(0.,5.55765921160943E-16,-1.));
#13737=DIRECTION('',(-8.16340459283203E-16,1.,0.));
#13738=DIRECTION('',(-8.16340459283203E-16,1.,0.));
#13739=DIRECTION('',(-1.,-8.16340459283203E-16,0.));
#13740=DIRECTION('',(-4.63502542989784E-15,-3.78375878823212E-30,1.));
#13741=DIRECTION('',(-1.,0.,-4.63502542989784E-15));
#13742=DIRECTION('',(0.,0.,1.));
#13743=DIRECTION('',(1.,0.,0.));
#13744=DIRECTION('',(0.,0.,1.));
#13745=DIRECTION('',(1.,0.,0.));
#13746=DIRECTION('',(4.63502542989784E-15,3.78375878823212E-30,-1.));
#13747=DIRECTION('',(8.16340459283203E-16,-1.,0.));
#13748=DIRECTION('',(-1.,-8.16340459283203E-16,0.));
#13749=DIRECTION('',(-0.707106781186513,0.,0.707106781186582));
#13750=DIRECTION('',(0.707106781186582,0.,0.707106781186513));
#13751=DIRECTION('',(-8.16340459283203E-16,1.,0.));
#13752=DIRECTION('',(-1.,-8.16340459283203E-16,0.));
#13753=DIRECTION('',(-0.707106781186548,-5.77239874516094E-16,0.707106781186548));
#13754=DIRECTION('',(-0.707106781186548,0.,-0.707106781186548));
#13755=DIRECTION('',(0.707106781186548,0.,-0.707106781186548));
#13756=DIRECTION('',(-0.707106781186548,0.,-0.707106781186548));
#13757=DIRECTION('',(0.707106781186548,5.77239874516094E-16,-0.707106781186548));
#13758=DIRECTION('',(8.16340459283203E-16,-1.,0.));
#13759=DIRECTION('',(-1.,-8.16340459283203E-16,0.));
#13760=DIRECTION('',(-8.16340459283203E-16,1.,0.));
#13761=DIRECTION('',(-1.,-8.16340459283203E-16,0.));
#13762=DIRECTION('',(0.707106781186548,0.,0.707106781186548));
#13763=DIRECTION('',(0.707106781186548,0.,-0.707106781186548));
#13764=DIRECTION('',(-0.707106781186548,-5.77239874516094E-16,0.707106781186548));
#13765=DIRECTION('',(-0.707106781186548,0.,-0.707106781186548));
#13766=DIRECTION('',(-8.16340459283203E-16,1.,0.));
#13767=DIRECTION('',(-0.707106781186548,-5.77239874516094E-16,-0.707106781186548));
#13768=DIRECTION('',(-8.16340459283203E-16,1.,0.));
#13769=DIRECTION('',(-0.707106781186548,-5.77239874516094E-16,-0.707106781186548));
#13770=DIRECTION('',(8.16340459283203E-16,-1.,0.));
#13771=DIRECTION('',(-1.,-8.16340459283203E-16,0.));
#13772=DIRECTION('',(0.707106781186548,0.,0.707106781186548));
#13773=DIRECTION('',(0.707106781186548,0.,-0.707106781186548));
#13774=DIRECTION('',(-8.16340459283203E-16,1.,0.));
#13775=DIRECTION('',(-1.,-8.16340459283203E-16,0.));
#13776=DIRECTION('',(-0.707106781186548,0.,0.707106781186548));
#13777=DIRECTION('',(0.707106781186548,0.,0.707106781186548));
#13778=DIRECTION('',(-0.707106781186548,-5.77239874516094E-16,-0.707106781186548));
#13779=DIRECTION('',(0.707106781186548,0.,-0.707106781186548));
#13780=DIRECTION('',(-8.16340459283203E-16,1.,0.));
#13781=DIRECTION('',(1.,8.16340459283203E-16,0.));
#13782=DIRECTION('',(-8.16340459283203E-16,1.,0.));
#13783=DIRECTION('',(0.,-1.,0.));
#13784=DIRECTION('',(0.,0.,1.));
#13785=DIRECTION('',(0.,0.,1.));
#13786=DIRECTION('',(-1.,0.,0.));
#13787=DIRECTION('',(-0.707106781186548,0.,0.707106781186548));
#13788=DIRECTION('',(0.707106781186548,0.,0.707106781186548));
#13789=DIRECTION('',(0.707106781186548,0.,0.707106781186548));
#13790=DIRECTION('',(0.707106781186548,0.,-0.707106781186548));
#13791=DIRECTION('',(0.707106781186548,5.77239874516094E-16,-0.707106781186548));
#13792=DIRECTION('',(0.707106781186548,0.,0.707106781186548));
#13793=DIRECTION('',(0.707106781186548,5.77239874516094E-16,-0.707106781186548));
#13794=DIRECTION('',(0.707106781186548,5.77239874516094E-16,-0.707106781186548));
#13795=DIRECTION('',(0.,-1.,8.16340459283203E-16));
#13796=DIRECTION('',(0.,-8.16340459283203E-16,-1.));
#13797=DIRECTION('',(0.,1.,-8.16340459283203E-16));
#13798=DIRECTION('',(0.,-1.,0.));
#13799=DIRECTION('',(0.,0.,1.));
#13800=DIRECTION('',(-0.948683298050512,3.51497231354035E-16,-0.316227766016843));
#13801=DIRECTION('',(0.316227766016843,0.,-0.948683298050512));
#13802=DIRECTION('',(0.,0.,1.));
#13803=DIRECTION('',(1.,0.,0.));
#13804=DIRECTION('',(0.,-5.55765921160943E-16,1.));
#13805=DIRECTION('',(0.,-1.,-5.55765921160943E-16));
#13806=DIRECTION('',(0.,5.55765921160943E-16,-1.));
#13807=DIRECTION('',(0.,0.,1.));
#13808=DIRECTION('',(1.,0.,0.));
#13809=DIRECTION('',(5.55765921160943E-16,-1.,-5.55765921160943E-16));
#13810=DIRECTION('',(0.,5.55765921160943E-16,-1.));
#13811=DIRECTION('',(-5.55765921160943E-16,1.,5.55765921160943E-16));
#13812=DIRECTION('',(0.,5.55765921160943E-16,-1.));
#13813=DIRECTION('',(1.,0.,0.));
#13814=DIRECTION('',(0.,0.,-1.));
#13815=DIRECTION('',(1.,5.55765921160943E-16,0.));
#13816=DIRECTION('',(5.55765921160943E-16,-1.,0.));
#13817=DIRECTION('',(-1.,-5.55765921160943E-16,0.));
#13818=DIRECTION('',(-1.,0.,0.));
#13819=DIRECTION('',(0.,0.,1.));
#13820=DIRECTION('',(0.,-1.,0.));
#13821=DIRECTION('',(0.,0.,1.));
#13822=DIRECTION('',(0.316227766016833,3.51497231354025E-16,0.948683298050515));
#13823=DIRECTION('',(-0.948683298050515,0.,0.316227766016834));
#13824=DIRECTION('',(-8.16340459283203E-16,1.,0.));
#13825=DIRECTION('',(1.,8.16340459283203E-16,0.));
#13826=DIRECTION('',(8.16340459283203E-16,-1.,0.));
#13827=DIRECTION('',(-0.707106781186548,-5.77239874516094E-16,0.707106781186548));
#13828=DIRECTION('',(-0.707106781186548,0.,-0.707106781186548));
#13829=DIRECTION('',(-0.707106781186548,-5.77239874516094E-16,0.707106781186548));
#13830=DIRECTION('',(-0.707106781186548,0.,0.707106781186548));
#13831=DIRECTION('',(0.707106781186548,0.,0.707106781186548));
#13832=DIRECTION('',(-0.707106781186548,-5.77239874516094E-16,0.707106781186548));
#13833=DIRECTION('',(0.,0.,1.));
#13834=DIRECTION('',(-1.,0.,0.));
#13835=DIRECTION('',(0.,-1.,0.));
#13836=DIRECTION('',(0.,0.,1.));
#13837=DIRECTION('',(-0.707106781186548,0.,-0.707106781186548));
#13838=DIRECTION('',(-0.707106781186548,0.,0.707106781186548));
#13839=DIRECTION('',(8.16340459283203E-16,-1.,0.));
#13840=DIRECTION('',(-1.,-8.16340459283203E-16,0.));
#13841=DIRECTION('',(-0.707106781186548,-5.77239874516094E-16,-0.707106781186548));
#13842=DIRECTION('',(0.707106781186548,5.77239874516094E-16,0.707106781186548));
#13843=DIRECTION('',(-0.707106781186548,0.,0.707106781186548));
#13844=DIRECTION('',(-8.16340459283203E-16,1.,0.));
#13845=DIRECTION('',(1.,8.16340459283203E-16,0.));
#13846=DIRECTION('',(-8.16340459283203E-16,1.,0.));
#13847=DIRECTION('',(0.707106781186548,5.77239874516094E-16,-0.707106781186548));
#13848=DIRECTION('',(0.707106781186548,0.,0.707106781186548));
#13849=DIRECTION('',(-0.707106781186548,-5.77239874516094E-16,0.707106781186548));
#13850=DIRECTION('',(-0.707106781186548,4.906538933387E-14,0.707106781186548));
#13851=DIRECTION('',(0.707106781186548,0.,0.707106781186548));
#13852=DIRECTION('',(8.16340459283203E-16,-1.,0.));
#13853=DIRECTION('',(-1.,-8.16340459283203E-16,0.));
#13854=DIRECTION('',(1.,0.,0.));
#13855=DIRECTION('',(0.,0.,-1.));
#13856=DIRECTION('',(-8.16340459283203E-16,1.,0.));
#13857=DIRECTION('',(-1.,-8.16340459283203E-16,0.));
#13858=DIRECTION('',(1.,8.16340459283203E-16,-4.63502542989784E-15));
#13859=DIRECTION('',(4.63502542989784E-15,0.,1.));
#13860=DIRECTION('',(1.,0.,0.));
#13861=DIRECTION('',(0.,0.,-1.));
#13862=DIRECTION('',(8.16340459283203E-16,-1.,0.));
#13863=DIRECTION('',(-1.,-8.16340459283203E-16,0.));
#13864=DIRECTION('',(-1.,-8.16340459283203E-16,-4.63502542989784E-15));
#13865=DIRECTION('',(4.63502542989784E-15,0.,-1.));
#13866=DIRECTION('',(4.63502542989784E-15,5.55765921160945E-16,-1.));
#13867=DIRECTION('',(-8.16340459283203E-16,1.,4.93038065763132E-32));
#13868=DIRECTION('',(-0.0860652868022481,-0.330240959762294,0.939964720030984));
#13869=DIRECTION('',(0.,-0.943465449244524,-0.331470882705901));
#13870=DIRECTION('',(-0.499999999255832,0.707106783695371,0.499999997196156));
#13871=DIRECTION('',(-0.816496582298447,-0.577350267251134,0.));
#13872=DIRECTION('',(8.16340459283203E-16,-1.,-4.93038065763135E-32));
#13873=DIRECTION('',(-1.,-8.16340459283203E-16,0.));
#13874=DIRECTION('',(-8.16340459283203E-16,1.,0.));
#13875=DIRECTION('',(-0.707106781186548,-5.77239874516094E-16,-0.707106781186548));
#13876=DIRECTION('',(0.707106781186548,0.,-0.707106781186548));
#13877=DIRECTION('',(-0.707106781186548,-7.85971703210581E-16,0.707106781186548));
#13878=DIRECTION('',(0.707106781186548,7.85971703210581E-16,-0.707106781186548));
#13879=DIRECTION('',(0.707106781186548,0.,0.707106781186548));
#13880=DIRECTION('',(-0.707106781186548,-7.85971703210581E-16,0.707106781186548));
#13881=DIRECTION('',(4.63502542989784E-15,5.55765921160945E-16,-1.));
#13882=DIRECTION('',(1.,0.,4.63502542989784E-15));
#13883=DIRECTION('',(0.,0.,-1.));
#13884=DIRECTION('',(-1.,0.,0.));
#13885=DIRECTION('',(4.63502542989784E-15,5.55765921160945E-16,-1.));
#13886=DIRECTION('',(5.55765921160943E-16,-1.,-5.55765921160943E-16));
#13887=DIRECTION('',(0.,5.55765921160943E-16,-1.));
#13888=DIRECTION('',(-1.,0.,0.));
#13889=DIRECTION('',(0.,0.,1.));
#13890=DIRECTION('',(-5.55765921160943E-16,1.,5.55765921160943E-16));
#13891=DIRECTION('',(0.,5.55765921160943E-16,-1.));
#13892=DIRECTION('',(-1.,-5.55765921160945E-16,4.63502542989784E-15));
#13893=DIRECTION('',(-4.63502542989784E-15,0.,-1.));
#13894=DIRECTION('',(-1.,0.,0.));
#13895=DIRECTION('',(0.,0.,1.));
#13896=DIRECTION('',(-1.,-5.55765921160945E-16,4.63502542989784E-15));
#13897=DIRECTION('',(0.316227766016848,3.51497231354039E-16,0.948683298050511));
#13898=DIRECTION('',(-0.948683298050511,0.,0.316227766016848));
#13899=DIRECTION('',(8.16340459283203E-16,-1.,-4.93038065763135E-32));
#13900=DIRECTION('',(-1.,-8.16340459283203E-16,0.));
#13901=DIRECTION('',(-8.16340459283203E-16,1.,0.));
#13902=DIRECTION('',(0.707106781186548,5.77239874516094E-16,0.707106781186548));
#13903=DIRECTION('',(-0.707106781186548,0.,0.707106781186548));
#13904=DIRECTION('',(0.707106781186548,7.85971703210581E-16,-0.707106781186548));
#13905=DIRECTION('',(-0.707106781186548,-7.85971703210581E-16,0.707106781186548));
#13906=DIRECTION('',(-0.707106781186548,0.,-0.707106781186548));
#13907=DIRECTION('',(0.707106781186548,7.85971703210581E-16,-0.707106781186548));
#13908=DIRECTION('',(5.55765921160943E-16,-1.,-5.55765921160943E-16));
#13909=DIRECTION('',(0.,5.55765921160943E-16,-1.));
#13910=DIRECTION('',(0.,0.,-1.));
#13911=DIRECTION('',(1.,0.,0.));
#13912=DIRECTION('',(0.,0.,1.));
#13913=DIRECTION('',(1.,0.,0.));
#13914=DIRECTION('',(0.,0.,1.));
#13915=DIRECTION('',(1.,0.,0.));
#13916=DIRECTION('',(8.16340459283203E-16,-1.,0.));
#13917=DIRECTION('',(-1.,-8.16340459283203E-16,0.));
#13918=DIRECTION('',(1.,0.,0.));
#13919=DIRECTION('',(0.,0.,-1.));
#13920=DIRECTION('',(-1.,-8.16340459283203E-16,0.));
#13921=DIRECTION('',(-8.16340459283203E-16,1.,0.));
#13922=DIRECTION('',(1.,8.16340459283203E-16,0.));
#13923=DIRECTION('',(-8.16340459283203E-16,1.,0.));
#13924=DIRECTION('',(0.,-1.,0.));
#13925=DIRECTION('',(0.,0.,-1.));
#13926=DIRECTION('',(0.,0.,1.));
#13927=DIRECTION('',(1.,0.,0.));
#13928=DIRECTION('',(0.,1.,0.));
#13929=DIRECTION('',(0.,0.,-1.));
#13930=DIRECTION('',(0.,-1.,0.));
#13931=DIRECTION('',(0.,0.,-1.));
#13932=DIRECTION('',(0.707106781186548,0.,0.707106781186548));
#13933=DIRECTION('',(0.,1.,0.));
#13934=DIRECTION('',(0.,0.,-1.));
#13935=DIRECTION('',(0.,0.,1.));
#13936=DIRECTION('',(1.,0.,0.));
#13937=DIRECTION('',(0.,0.,-1.));
#13938=DIRECTION('',(1.,0.,0.));
#13939=DIRECTION('',(0.,-1.,0.));
#13940=DIRECTION('',(1.,8.16340459283203E-16,0.));
#13941=DIRECTION('',(0.,-1.,0.));
#13942=DIRECTION('',(0.,-1.,0.));
#13943=DIRECTION('',(1.,0.,0.));
#13944=DIRECTION('',(0.,0.,1.));
#13945=DIRECTION('',(0.,-1.,0.));
#13946=DIRECTION('',(0.,1.,0.));
#13947=DIRECTION('',(0.,0.,1.));
#13948=DIRECTION('',(8.16340459283203E-16,-1.,0.));
#13949=DIRECTION('',(-1.,-8.16340459283203E-16,0.));
#13950=DIRECTION('',(0.,0.,-1.));
#13951=DIRECTION('',(-1.,-8.16340459283203E-16,0.));
#13952=DIRECTION('',(0.,0.,1.));
#13953=DIRECTION('',(-1.,0.,0.));
#13954=DIRECTION('',(8.16340459283203E-16,-1.,0.));
#13955=DIRECTION('',(0.,1.,0.));
#13956=DIRECTION('',(1.,8.16340459283203E-16,0.));
#13957=DIRECTION('',(0.,0.,-1.));
#13958=DIRECTION('',(-1.,-8.16340459283203E-16,0.));
#13959=DIRECTION('',(-1.,0.,0.));
#13960=DIRECTION('',(0.,0.,-1.));
#13961=DIRECTION('',(0.,-1.,8.16340459283203E-16));
#13962=DIRECTION('',(1.,0.,0.));
#13963=DIRECTION('',(0.,8.16340459283203E-16,-1.));
#13964=DIRECTION('',(0.,0.,-1.));
#13965=DIRECTION('',(-1.,0.,0.));
#13966=DIRECTION('',(0.,0.,-1.));
#13967=DIRECTION('',(-8.16340459283203E-16,1.,0.));
#13968=DIRECTION('',(0.,0.,1.));
#13969=DIRECTION('',(-1.,0.,0.));
#13970=DIRECTION('',(-8.16340459283203E-16,1.,0.));
#13971=DIRECTION('',(-0.707106781186548,-5.77239874516094E-16,0.707106781186548));
#13972=DIRECTION('',(-0.707106781186548,0.,-0.707106781186548));
#13973=DIRECTION('',(-4.08170229641602E-16,1.,4.08170229641602E-16));
#13974=DIRECTION('',(-0.707106781186548,0.,-0.707106781186548));
#13975=DIRECTION('',(-4.08170229641602E-16,1.,4.08170229641602E-16));
#13976=DIRECTION('',(-8.16340459283203E-16,1.,0.));
#13977=DIRECTION('',(1.,8.16340459283203E-16,0.));
#13978=DIRECTION('',(8.16340459283203E-16,-1.,0.));
#13979=DIRECTION('',(1.,8.16340459283203E-16,0.));
#13980=DIRECTION('',(-4.08170229641602E-16,1.,-4.08170229641602E-16));
#13981=DIRECTION('',(0.,0.,1.));
#13982=DIRECTION('',(-1.,0.,0.));
#13983=DIRECTION('',(-0.707106781186548,-5.77239874516094E-16,0.707106781186548));
#13984=DIRECTION('',(0.707106781186548,0.,0.707106781186548));
#13985=DIRECTION('',(-0.707106781186548,-5.77239874516094E-16,-0.707106781186548));
#13986=DIRECTION('',(-0.707106781186548,0.,0.707106781186548));
#13987=DIRECTION('',(0.707106781186548,5.77239874516094E-16,-0.707106781186548));
#13988=DIRECTION('',(0.707106781186548,0.,0.707106781186548));
#13989=DIRECTION('',(0.707106781186548,5.77239874516094E-16,-0.707106781186548));
#13990=DIRECTION('',(0.707106781186548,0.,-0.707106781186548));
#13991=DIRECTION('',(-0.707106781186548,-5.77239874516094E-16,0.707106781186548));
#13992=DIRECTION('',(-0.707106781186548,0.,-0.707106781186548));
#13993=DIRECTION('',(-0.707106781186548,0.,0.707106781186548));
#13994=DIRECTION('',(-0.707106781186548,-5.77239874516094E-16,0.707106781186548));
#13995=DIRECTION('',(0.707106781186548,5.77239874516094E-16,-0.707106781186548));
#13996=DIRECTION('',(-0.707106781186548,0.,-0.707106781186548));
#13997=DIRECTION('',(0.,0.,1.));
#13998=DIRECTION('',(-1.,0.,0.));
#13999=DIRECTION('',(6.93889390390703E-14,1.,0.));
#14000=DIRECTION('',(-1.,6.93889390390703E-14,0.));
#14001=DIRECTION('',(-0.707106781186548,-5.77239874516094E-16,-0.707106781186548));
#14002=DIRECTION('',(-0.707106781186548,0.,0.707106781186548));
#14003=DIRECTION('',(8.16340459283203E-16,-1.,0.));
#14004=DIRECTION('',(-1.,-8.16340459283203E-16,0.));
#14005=DIRECTION('',(0.707106781186548,5.77239874516094E-16,0.707106781186548));
#14006=DIRECTION('',(0.707106781186548,5.77239874516094E-16,0.707106781186548));
#14007=DIRECTION('',(-0.707106781186548,0.,0.707106781186548));
#14008=DIRECTION('',(-8.16340459283203E-16,1.,0.));
#14009=DIRECTION('',(1.,8.16340459283203E-16,0.));
#14010=DIRECTION('',(-4.08170229641602E-16,1.,-4.08170229641602E-16));
#14011=DIRECTION('',(-0.707106781186548,-5.77239874516094E-16,-0.707106781186548));
#14012=DIRECTION('',(0.707106781186548,0.,-0.707106781186548));
#14013=DIRECTION('',(0.707106781186548,5.77239874516094E-16,0.707106781186548));
#14014=DIRECTION('',(-0.707106781186548,0.,0.707106781186548));
#14015=DIRECTION('',(0.,-1.,0.));
#14016=DIRECTION('',(0.,0.,-1.));
#14017=DIRECTION('',(0.,-1.,0.));
#14018=DIRECTION('',(0.,0.,1.));
#14019=DIRECTION('',(0.,0.,1.));
#14020=DIRECTION('',(-1.,0.,0.));
#14021=DIRECTION('',(0.,0.,-1.));
#14022=DIRECTION('',(-1.,0.,0.));
#14023=DIRECTION('',(0.,0.,1.));
#14024=DIRECTION('',(-1.,0.,0.));
#14025=DIRECTION('',(0.,-1.,0.));
#14026=DIRECTION('',(0.,0.,-1.));
#14027=DIRECTION('',(0.,1.,0.));
#14028=DIRECTION('',(0.,0.,-1.));
#14029=DIRECTION('',(0.,0.,1.));
#14030=DIRECTION('',(-1.,0.,0.));
#14031=DIRECTION('',(1.,0.,0.));
#14032=DIRECTION('',(0.,0.,-1.));
#14033=DIRECTION('',(1.,-8.16340459283203E-16,0.));
#14034=DIRECTION('',(-8.16340459283203E-16,-1.,0.));
#14035=DIRECTION('',(0.,-1.,0.));
#14036=DIRECTION('',(0.,0.,-1.));
#14037=DIRECTION('',(0.,1.,0.));
#14038=DIRECTION('',(0.,0.,-1.));
#14039=DIRECTION('',(8.16340459283203E-16,-1.,0.));
#14040=DIRECTION('',(-1.,-8.16340459283203E-16,0.));
#14041=DIRECTION('',(0.,0.,-1.));
#14042=DIRECTION('',(-1.,0.,0.));
#14043=DIRECTION('',(1.,0.,0.));
#14044=DIRECTION('',(0.,0.,-1.));
#14045=DIRECTION('',(1.,8.16340459283203E-16,0.));
#14046=DIRECTION('',(8.16340459283203E-16,-1.,0.));
#14047=DIRECTION('',(1.,0.,0.));
#14048=DIRECTION('',(0.,0.,-1.));
#14049=DIRECTION('',(0.,0.,1.));
#14050=DIRECTION('',(-1.,0.,0.));
#14051=DIRECTION('',(0.,0.,-1.));
#14052=DIRECTION('',(-1.,0.,0.));
#14053=DIRECTION('',(0.,0.,1.));
#14054=DIRECTION('',(-1.,0.,0.));
#14055=DIRECTION('',(0.,0.,-1.));
#14056=DIRECTION('',(-1.,0.,0.));
#14057=DIRECTION('',(0.,0.,1.));
#14058=DIRECTION('',(-1.,0.,0.));
#14059=DIRECTION('',(1.,0.,0.));
#14060=DIRECTION('',(0.,0.,-1.));
#14061=DIRECTION('',(0.,0.,-1.));
#14062=DIRECTION('',(1.,0.,0.));
#14063=DIRECTION('',(0.,0.,-1.));
#14064=DIRECTION('',(-1.,0.,0.));
#14065=DIRECTION('',(-1.,-8.16340459283203E-16,0.));
#14066=DIRECTION('',(-8.16340459283203E-16,1.,0.));
#14067=DIRECTION('',(1.,0.,0.));
#14068=DIRECTION('',(0.,0.,-1.));
#14069=DIRECTION('',(0.,0.,1.));
#14070=DIRECTION('',(-1.,0.,0.));
#14071=DIRECTION('',(0.,-1.,0.));
#14072=DIRECTION('',(0.,0.,-1.));
#14073=DIRECTION('',(0.,-1.,0.));
#14074=DIRECTION('',(0.,1.,0.));
#14075=DIRECTION('',(0.,0.,1.));
#14076=DIRECTION('',(0.,-1.,0.));
#14077=DIRECTION('',(0.,0.,1.));
#14078=DIRECTION('',(0.,1.,0.));
#14079=DIRECTION('',(0.,0.,1.));
#14080=DIRECTION('',(0.,-1.,0.));
#14081=DIRECTION('',(0.,-1.,0.));
#14082=DIRECTION('',(0.,0.,-1.));
#14083=DIRECTION('',(0.,-1.,0.));
#14084=DIRECTION('',(0.,-1.,0.));
#14085=DIRECTION('',(0.,0.,1.));
#14086=DIRECTION('',(0.,-1.,0.));
#14087=DIRECTION('',(0.,0.,-1.));
#14088=DIRECTION('',(0.,1.,0.));
#14089=DIRECTION('',(0.,0.,1.));
#14090=DIRECTION('',(0.,-1.,0.));
#14091=DIRECTION('',(-8.163404592832E-16,-1.,-8.16340459283199E-16));
#14092=DIRECTION('',(1.,-8.163404592832E-16,0.));
#14093=DIRECTION('',(8.16340459283196E-16,1.,3.50324616081205E-44));
#14094=DIRECTION('',(0.,-1.,0.));
#14095=DIRECTION('',(0.,0.,-1.));
#14096=DIRECTION('',(8.163404592832E-16,1.,8.16340459283199E-16));
#14097=DIRECTION('',(0.,-1.,0.));
#14098=DIRECTION('',(0.,0.,-1.));
#14099=DIRECTION('',(-0.5,-0.707106781186541,0.5));
#14100=DIRECTION('',(0.,0.577350269189634,0.816496580927721));
#14101=DIRECTION('',(-0.707106781186548,0.,-0.707106781186547));
#14102=DIRECTION('',(-0.5,0.707106781186555,0.5));
#14103=DIRECTION('',(-0.707106781186548,0.,-0.707106781186547));
#14104=DIRECTION('',(0.5,-0.707106781186555,-0.5));
#14105=DIRECTION('',(-0.707106781186548,0.,-0.707106781186547));
#14106=DIRECTION('',(0.707106781186547,0.,-0.707106781186548));
#14107=DIRECTION('',(-0.707106781186548,0.,-0.707106781186547));
#14108=DIRECTION('',(-0.696364240320019,-0.173648177666926,0.69636424032002));
#14109=DIRECTION('',(-0.707106781186548,0.,-0.707106781186547));
#14110=DIRECTION('',(-0.707106781186548,0.,-0.707106781186547));
#14111=DIRECTION('',(7.91033905045424E-16,0.970287525247815,0.24195478575236));
#14112=DIRECTION('',(0.24195478575236,-0.970287525247815,-5.90629767889809E-18));
#14113=DIRECTION('',(-0.707106781186548,0.,-0.707106781186547));
#14114=DIRECTION('',(0.707106781186547,0.,-0.707106781186548));
#14115=DIRECTION('',(-0.707106781186548,0.,-0.707106781186547));
#14116=DIRECTION('',(0.,1.,0.));
#14117=DIRECTION('',(0.,0.,-1.));
#14118=DIRECTION('',(-1.,0.,0.));
#14119=DIRECTION('',(0.,-1.,0.));
#14120=DIRECTION('',(0.,0.,-1.));
#14121=DIRECTION('',(0.707106781186548,0.,-0.707106781186548));
#14122=DIRECTION('',(-1.,0.,4.63502542989784E-15));
#14123=DIRECTION('',(0.,-1.,0.));
#14124=DIRECTION('',(0.,0.,-1.));
#14125=DIRECTION('',(4.63502542989784E-15,0.,-1.));
#14126=DIRECTION('',(0.707106781186548,0.,-0.707106781186548));
#14127=DIRECTION('',(0.,-1.,0.));
#14128=DIRECTION('',(0.,0.,-1.));
#14129=DIRECTION('',(0.,0.,-1.));
#14130=DIRECTION('',(0.,-1.,0.));
#14131=DIRECTION('',(0.,0.,-1.));
#14132=DIRECTION('',(0.,-1.,0.));
#14133=DIRECTION('',(0.,0.,-1.));
#14134=DIRECTION('',(-0.707106781186548,5.77239874516094E-16,-0.707106781186548));
#14135=DIRECTION('',(0.707106781186548,0.,-0.707106781186548));
#14136=DIRECTION('',(0.707106781186548,0.,-0.707106781186548));
#14137=DIRECTION('',(8.16340459283203E-16,1.,0.));
#14138=DIRECTION('',(0.707106781186548,-5.77239874516094E-16,0.707106781186548));
#14139=DIRECTION('',(-0.707106781186548,-5.77239874516088E-16,0.707106781186548));
#14140=DIRECTION('',(0.707106781186548,0.,-0.707106781186548));
#14141=DIRECTION('',(-8.16340459283203E-16,-1.,0.));
#14142=DIRECTION('',(0.5,-0.707106781186555,-0.5));
#14143=DIRECTION('',(0.707106781186548,-5.77239874516094E-16,0.707106781186548));
#14144=DIRECTION('',(0.707106781186548,0.,-0.707106781186548));
#14145=DIRECTION('',(-0.707106781186548,-4.31464180567002E-15,0.707106781186548));
#14146=DIRECTION('',(0.707106781186548,-5.77239874516094E-16,0.707106781186548));
#14147=DIRECTION('',(0.707106781186548,0.,-0.707106781186548));
#14148=DIRECTION('',(-0.0123407149398269,-0.999847695156391,0.0123407149398261));
#14149=DIRECTION('',(0.707106781186548,-5.77239874516094E-16,0.707106781186548));
#14150=DIRECTION('',(-0.707106781186548,0.,0.707106781186548));
#14151=DIRECTION('',(-0.707106781186548,5.77239874516094E-16,-0.707106781186548));
#14152=DIRECTION('',(-0.707106781186548,0.,0.707106781186548));
#14153=DIRECTION('',(-0.707106781186548,-4.31464180567002E-15,0.707106781186548));
#14154=DIRECTION('',(-0.707106781186548,5.77239874516094E-16,-0.707106781186548));
#14155=DIRECTION('',(-0.707106781186548,0.,0.707106781186548));
#14156=DIRECTION('',(-0.5,0.707106781186555,0.5));
#14157=DIRECTION('',(8.16340459283203E-16,1.,-1.2924107119342E-31));
#14158=DIRECTION('',(0.707106781186548,0.,-0.707106781186548));
#14159=DIRECTION('',(-0.707106781186548,5.77239874516094E-16,-0.707106781186548));
#14160=DIRECTION('',(0.707106781186548,-5.77239874516088E-16,-0.707106781186548));
#14161=DIRECTION('',(-8.16340459283203E-16,-1.,2.70808094030918E-31));
#14162=DIRECTION('',(0.707106781186548,0.,-0.707106781186548));
#14163=DIRECTION('',(-0.0123407149398269,-0.999847695156391,0.0123407149398261));
#14164=DIRECTION('',(0.706999085398824,-0.0174524064372829,-0.706999085398825));
#14165=DIRECTION('',(0.707106781186548,0.,0.707106781186547));
#14166=DIRECTION('',(-0.707106781186548,0.,-0.707106781186547));
#14167=DIRECTION('',(-0.0123407149398269,-0.999847695156391,0.0123407149398261));
#14168=DIRECTION('',(-0.707106781186548,0.,-0.707106781186547));
#14169=DIRECTION('',(-0.0123407149398269,-0.999847695156391,0.0123407149398261));
#14170=DIRECTION('',(-0.707106781186548,0.,-0.707106781186547));
#14171=DIRECTION('',(0.707106781186547,0.,-0.707106781186548));
#14172=DIRECTION('',(-0.707106781186548,0.,-0.707106781186547));
#14173=DIRECTION('',(-0.707106781186548,5.77239874516094E-16,-0.707106781186548));
#14174=DIRECTION('',(-0.707106781186548,0.,0.707106781186548));
#14175=DIRECTION('',(0.707106781186548,-5.77239874516094E-16,0.707106781186548));
#14176=DIRECTION('',(0.707106781186548,0.,-0.707106781186548));
#14177=DIRECTION('',(3.05091247918024E-15,-1.,-3.05091247918024E-15));
#14178=DIRECTION('',(0.,-3.05091247918024E-15,1.));
#14179=DIRECTION('',(-0.707106781186548,0.,-0.707106781186547));
#14180=DIRECTION('',(-0.707106781186548,-4.31464180567002E-15,0.707106781186548));
#14181=DIRECTION('',(-0.707106781186548,-4.31464180567002E-15,0.707106781186548));
#14182=DIRECTION('',(-0.707106781186548,0.,-0.707106781186547));
#14183=DIRECTION('',(0.707106781186547,0.,-0.707106781186548));
#14184=DIRECTION('',(-0.707106781186548,5.77239874516094E-16,-0.707106781186548));
#14185=DIRECTION('',(-0.707106781186548,0.,0.707106781186548));
#14186=DIRECTION('',(0.707106781186548,-5.77239874516094E-16,0.707106781186548));
#14187=DIRECTION('',(0.707106781186548,0.,-0.707106781186548));
#14188=DIRECTION('',(1.,-8.16340459283203E-16,4.63502542989784E-15));
#14189=DIRECTION('',(-4.63502542989784E-15,0.,1.));
#14190=DIRECTION('',(4.63502542989784E-15,0.,-1.));
#14191=DIRECTION('',(-4.63502542989784E-15,0.,1.));
#14192=DIRECTION('',(-8.16340459283203E-16,-1.,3.3666745017894E-31));
#14193=DIRECTION('',(-4.63502542989784E-15,3.78375878823212E-30,-1.));
#14194=DIRECTION('',(1.,0.,-4.63502542989784E-15));
#14195=DIRECTION('',(1.,0.,-4.63502542989784E-15));
#14196=DIRECTION('',(-1.,0.,4.63502542989784E-15));
#14197=DIRECTION('',(8.16340459283203E-16,1.,7.00649232162408E-46));
#14198=DIRECTION('',(-1.,8.16340459283203E-16,0.));
#14199=DIRECTION('',(-8.16340459283203E-16,-1.,0.));
#14200=DIRECTION('',(7.92084963997564E-16,0.970287525247815,0.24195478575236));
#14201=DIRECTION('',(-8.16340459283203E-16,-1.,0.));
#14202=DIRECTION('',(0.,0.,-1.));
#14203=DIRECTION('',(8.16340459283203E-16,1.,-1.68333725089469E-31));
#14204=DIRECTION('',(-8.16340459283203E-16,-1.,0.));
#14205=DIRECTION('',(1.,-8.16340459283203E-16,0.));
#14206=DIRECTION('',(0.,-1.,0.));
#14207=DIRECTION('',(0.,0.,-1.));
#14208=DIRECTION('',(0.,0.,1.));
#14209=DIRECTION('',(-1.,0.,0.));
#14210=DIRECTION('',(-8.16340459283203E-16,-1.,0.));
#14211=DIRECTION('',(-1.,0.,0.));
#14212=DIRECTION('',(-8.16340459283203E-16,-1.,0.));
#14213=DIRECTION('',(0.24195478575236,-0.970287525247815,0.));
#14214=DIRECTION('',(-8.16340459283203E-16,-1.,0.));
#14215=DIRECTION('',(1.,-8.16340459283203E-16,0.));
#14216=DIRECTION('',(0.,-1.,0.));
#14217=DIRECTION('',(0.,0.,-1.));
#14218=DIRECTION('',(8.16340459283203E-16,1.,0.));
#14219=DIRECTION('',(-1.,8.16340459283203E-16,0.));
#14220=DIRECTION('',(0.,-1.,0.));
#14221=DIRECTION('',(0.,0.,-1.));
#14222=DIRECTION('',(-8.16340459283203E-16,-1.,1.68333725089469E-31));
#14223=DIRECTION('',(1.,-8.16340459283203E-16,0.));
#14224=DIRECTION('',(0.,-1.,0.));
#14225=DIRECTION('',(0.,0.,-1.));
#14226=DIRECTION('',(4.63502542989784E-15,0.,-1.));
#14227=DIRECTION('',(1.,0.,4.63502542989784E-15));
#14228=DIRECTION('',(0.,0.,1.));
#14229=DIRECTION('',(1.,0.,0.));
#14230=DIRECTION('',(0.948683298050509,-7.74448559244855E-16,0.316227766016851));
#14231=DIRECTION('',(0.316227766016851,0.,-0.948683298050509));
#14232=DIRECTION('',(0.,1.,0.));
#14233=DIRECTION('',(0.,0.,-1.));
#14234=DIRECTION('',(1.,0.,0.));
#14235=DIRECTION('',(0.,0.,-1.));
#14236=DIRECTION('',(-1.,0.,4.63502542989784E-15));
#14237=DIRECTION('',(-4.63502542989784E-15,0.,-1.));
#14238=DIRECTION('',(-0.316227766016851,7.74448559244855E-16,-0.948683298050509));
#14239=DIRECTION('',(-0.948683298050509,0.,0.316227766016851));
#14240=DIRECTION('',(8.16340459283203E-16,1.,9.90867646590378E-46));
#14241=DIRECTION('',(-1.,8.16340459283203E-16,0.));
#14242=DIRECTION('',(0.,-1.,0.));
#14243=DIRECTION('',(0.,0.,-1.));
#14244=DIRECTION('',(0.,1.,0.));
#14245=DIRECTION('',(0.,0.,1.));
#14246=DIRECTION('',(0.707106781186548,0.,-0.707106781186548));
#14247=DIRECTION('',(-0.707106781186548,0.,-0.707106781186548));
#14248=DIRECTION('',(-0.707106781186548,0.,0.707106781186548));
#14249=DIRECTION('',(-0.707106781186548,0.,-0.707106781186548));
#14250=DIRECTION('',(0.707106781186548,0.,-0.707106781186548));
#14251=DIRECTION('',(-0.707106781186548,0.,-0.707106781186548));
#14252=DIRECTION('',(0.,1.,0.));
#14253=DIRECTION('',(0.,0.,-1.));
#14254=DIRECTION('',(1.,0.,0.));
#14255=DIRECTION('',(0.,0.,-1.));
#14256=DIRECTION('',(-1.,0.,0.));
#14257=DIRECTION('',(0.,0.,-1.));
#14258=DIRECTION('',(1.,0.,0.));
#14259=DIRECTION('',(0.,0.,-1.));
#14260=DIRECTION('',(0.,1.,0.));
#14261=DIRECTION('',(0.,0.,-1.));
#14262=DIRECTION('',(0.998037259236656,0.,0.0626229125431237));
#14263=DIRECTION('',(0.0626229125431237,0.,-0.998037259236656));
#14264=DIRECTION('',(-0.167194952003956,0.965073547552115,-0.201690098516438));
#14265=DIRECTION('',(0.,0.204569650563108,0.97885201030007));
#14266=DIRECTION('',(0.24195478575236,-0.970287525247815,0.));
#14267=DIRECTION('',(0.970287525247815,0.24195478575236,0.));
#14268=DIRECTION('',(0.000712442313244301,0.000331575794798527,0.999999691241674));
#14269=DIRECTION('',(0.999999746212915,0.,-0.000712442352408152));
#14270=DIRECTION('',(0.533537847350257,0.375326108203334,0.757936460361812));
#14271=DIRECTION('',(0.817717473251145,0.,-0.575619782443032));
#14272=DIRECTION('',(0.50158125446627,0.707458935384138,-0.49791374746354));
#14273=DIRECTION('',(-0.815771761348114,0.578373956352632,0.));
#14274=DIRECTION('',(-0.5,0.707106781186555,0.5));
#14275=DIRECTION('',(0.,0.577350269189618,-0.816496580927731));
#14276=DIRECTION('',(-0.5,0.707106781186566,0.49999999999997));
#14277=DIRECTION('',(0.816496580927731,0.577350269189619,0.));
#14278=DIRECTION('',(-0.707106781186548,5.77239874516094E-16,-0.707106781186548));
#14279=DIRECTION('',(0.707106781186548,0.,-0.707106781186548));
#14280=DIRECTION('',(-0.707106781186548,0.,0.707106781186548));
#14281=DIRECTION('',(0.707106781186548,0.,0.707106781186548));
#14282=DIRECTION('',(0.707106781186548,4.31464180567002E-15,-0.707106781186548));
#14283=DIRECTION('',(0.707106781186548,0.,0.707106781186548));
#14284=DIRECTION('',(-0.707106781186548,0.,0.707106781186548));
#14285=DIRECTION('',(0.707106781186548,0.,0.707106781186548));
#14286=DIRECTION('',(-0.707106781186548,5.77239874516094E-16,-0.707106781186548));
#14287=DIRECTION('',(0.707106781186548,0.,-0.707106781186548));
#14288=DIRECTION('',(-0.012340714939825,-0.999847695156391,0.012340714939825));
#14289=DIRECTION('',(0.,-0.0123416547509348,-0.999923838878746));
#14290=DIRECTION('',(0.0123407149398269,0.999847695156391,-0.0123407149398261));
#14291=DIRECTION('',(-0.999923838878746,0.0123416547509367,0.));
#14292=DIRECTION('',(0.,-1.,0.));
#14293=DIRECTION('',(0.707106781186571,0.,-0.707106781186524));
#14294=DIRECTION('',(-8.16340459283203E-16,-1.,3.36667450178939E-31));
#14295=DIRECTION('',(1.,-8.16340459283203E-16,0.));
#14296=DIRECTION('',(0.,-1.,0.));
#14297=DIRECTION('',(0.,0.,-1.));
#14298=DIRECTION('',(0.,1.,0.));
#14299=DIRECTION('',(0.,0.,1.));
#14300=DIRECTION('',(0.707106781186548,0.,-0.707106781186548));
#14301=DIRECTION('',(-0.707106781186548,0.,-0.707106781186548));
#14302=DIRECTION('',(-0.707106781186548,0.,0.707106781186548));
#14303=DIRECTION('',(-0.707106781186548,0.,-0.707106781186548));
#14304=DIRECTION('',(0.707106781186548,0.,-0.707106781186548));
#14305=DIRECTION('',(-0.707106781186548,0.,-0.707106781186548));
#14306=DIRECTION('',(0.,1.,0.));
#14307=DIRECTION('',(0.,0.,-1.));
#14308=DIRECTION('',(0.,0.,-1.));
#14309=DIRECTION('',(-1.,0.,0.));
#14310=DIRECTION('',(0.,0.,-1.));
#14311=DIRECTION('',(1.,0.,0.));
#14312=DIRECTION('',(0.,0.,-1.));
#14313=DIRECTION('',(-1.,0.,0.));
#14314=DIRECTION('',(0.,1.,0.));
#14315=DIRECTION('',(0.,0.,-1.));
#14316=DIRECTION('',(-0.0626229125431238,0.,-0.998037259236656));
#14317=DIRECTION('',(-0.998037259236656,0.,0.0626229125431238));
#14318=DIRECTION('',(0.2016900985164,0.965073547552123,0.167194952003956));
#14319=DIRECTION('',(-0.978852010300078,0.204569650563069,0.));
#14320=DIRECTION('',(7.92084963997564E-16,0.970287525247815,0.24195478575236));
#14321=DIRECTION('',(0.,0.24195478575236,-0.970287525247815));
#14322=DIRECTION('',(0.999999691242117,-0.000331575554607359,0.000712441802568272));
#14323=DIRECTION('',(0.000712441841732038,0.,-0.999999746213279));
#14324=DIRECTION('',(0.77683430977453,-0.377927938173989,0.503685346922746));
#14325=DIRECTION('',(0.544033590422694,0.,-0.839063437704083));
#14326=DIRECTION('',(0.497913747445409,0.707458935386514,-0.501581254480916));
#14327=DIRECTION('',(0.,0.578373956362579,0.815771761341062));
#14328=DIRECTION('',(0.5,-0.707106781186555,-0.5));
#14329=DIRECTION('',(0.,-0.577350269189618,0.816496580927731));
#14330=DIRECTION('',(-0.499999999999987,0.707106781186566,0.499999999999987));
#14331=DIRECTION('',(0.,-0.577350269189606,0.81649658092774));
#14332=DIRECTION('',(0.707106781186548,-5.77239874516094E-16,0.707106781186548));
#14333=DIRECTION('',(-0.707106781186548,0.,0.707106781186548));
#14334=DIRECTION('',(-0.707106781186548,0.,0.707106781186548));
#14335=DIRECTION('',(0.707106781186548,0.,0.707106781186548));
#14336=DIRECTION('',(0.707106781186548,4.31464180567002E-15,-0.707106781186548));
#14337=DIRECTION('',(0.707106781186548,0.,0.707106781186548));
#14338=DIRECTION('',(-0.707106781186548,0.,0.707106781186548));
#14339=DIRECTION('',(0.707106781186548,0.,0.707106781186548));
#14340=DIRECTION('',(0.707106781186548,-5.77239874516094E-16,0.707106781186548));
#14341=DIRECTION('',(-0.707106781186548,0.,0.707106781186548));
#14342=DIRECTION('',(-0.012340714939825,-0.999847695156391,0.012340714939825));
#14343=DIRECTION('',(0.,-0.0123416547509348,-0.999923838878746));
#14344=DIRECTION('',(0.0123407149398269,0.999847695156391,-0.0123407149398261));
#14345=DIRECTION('',(-0.999923838878746,0.0123416547509367,0.));
#14346=DIRECTION('',(0.,-1.,0.));
#14347=DIRECTION('',(0.707106781186571,0.,-0.707106781186524));
#14348=DIRECTION('',(-8.16340459283203E-16,-1.,0.));
#14349=DIRECTION('',(1.,-8.16340459283203E-16,0.));
#14350=DIRECTION('',(1.,-8.16340459283203E-16,0.));
#14351=DIRECTION('',(8.16340459283203E-16,1.,0.));
#14352=DIRECTION('',(1.,-8.16340459283203E-16,0.));
#14353=DIRECTION('',(0.,0.,1.));
#14354=DIRECTION('',(-1.,8.16340459283203E-16,0.));
#14355=DIRECTION('',(0.,0.,-1.));
#14356=DIRECTION('',(-8.16340459283203E-16,1.,0.));
#14357=DIRECTION('',(-1.,-8.16340459283203E-16,0.));
#14358=DIRECTION('',(8.16340459283203E-16,-1.,0.));
#14359=DIRECTION('',(-1.,-8.16340459283203E-16,0.));
#14360=DIRECTION('',(-1.,-8.16340459283203E-16,0.));
#14361=DIRECTION('',(0.,0.,1.));
#14362=DIRECTION('',(-1.,-8.16340459283203E-16,0.));
#14363=DIRECTION('',(0.707106781186548,5.77239874516094E-16,-0.707106781186548));
#14364=DIRECTION('',(-0.707106781186548,5.77239874516094E-16,0.707106781186548));
#14365=DIRECTION('',(8.16340459283203E-16,1.,0.));
#14366=DIRECTION('',(1.,-8.16340459283203E-16,0.));
#14367=DIRECTION('',(0.707106781186548,-5.77239874516094E-16,0.707106781186548));
#14368=DIRECTION('',(8.16340459283203E-16,1.,0.));
#14369=DIRECTION('',(1.,-8.16340459283203E-16,0.));
#14370=DIRECTION('',(0.707106781186548,-5.77239874516094E-16,-0.707106781186548));
#14371=DIRECTION('',(8.16340459283203E-16,1.,0.));
#14372=DIRECTION('',(1.,-8.16340459283203E-16,0.));
#14373=DIRECTION('',(1.,-8.16340459283203E-16,-4.63502542989784E-15));
#14374=DIRECTION('',(8.16340459283203E-16,1.,0.));
#14375=DIRECTION('',(1.,-8.16340459283203E-16,0.));
#14376=DIRECTION('',(-4.63502542989784E-15,3.78375878823212E-30,1.));
#14377=DIRECTION('',(8.16340459283203E-16,1.,0.));
#14378=DIRECTION('',(1.,-8.16340459283203E-16,0.));
#14379=DIRECTION('',(-1.,0.,0.));
#14380=DIRECTION('',(0.,0.,-1.));
#14381=DIRECTION('',(1.,8.16340459283203E-16,0.));
#14382=DIRECTION('',(0.,0.,1.));
#14383=DIRECTION('',(8.16340459283203E-16,1.,0.));
#14384=DIRECTION('',(1.,-8.16340459283203E-16,0.));
#14385=DIRECTION('',(1.,-8.16340459283203E-16,0.));
#14386=DIRECTION('',(0.,0.,1.));
#14387=DIRECTION('',(8.16340459283203E-16,-1.,0.));
#14388=DIRECTION('',(-1.,-8.16340459283203E-16,0.));
#14389=DIRECTION('',(0.707106781186548,5.77239874516094E-16,-0.707106781186548));
#14390=DIRECTION('',(0.,0.,-1.));
#14391=DIRECTION('',(1.,8.16340459283203E-16,0.));
#14392=DIRECTION('',(0.,0.,-1.));
#14393=DIRECTION('',(0.,-1.,0.));
#14394=DIRECTION('',(0.,0.,1.));
#14395=DIRECTION('',(0.,1.,0.));
#14396=DIRECTION('',(0.,0.,1.));
#14397=DIRECTION('',(-0.707106781186548,0.,-0.707106781186548));
#14398=DIRECTION('',(0.,0.,-1.));
#14399=DIRECTION('',(-1.,0.,0.));
#14400=DIRECTION('',(0.,0.,1.));
#14401=DIRECTION('',(-1.,0.,0.));
#14402=DIRECTION('',(0.,1.,0.));
#14403=DIRECTION('',(-1.,0.,0.));
#14404=DIRECTION('',(1.,8.16340459283204E-16,0.));
#14405=DIRECTION('',(0.,-1.,0.));
#14406=DIRECTION('',(-1.,0.,0.));
#14407=DIRECTION('',(0.,-1.,0.));
#14408=DIRECTION('',(-1.,8.16340459283204E-16,0.));
#14409=DIRECTION('',(0.,-1.,0.));
#14410=DIRECTION('',(1.,0.,0.));
#14411=DIRECTION('',(-1.,0.,0.));
#14412=DIRECTION('',(0.,0.,-1.));
#14413=DIRECTION('',(0.,0.,1.));
#14414=DIRECTION('',(0.,0.,-1.));
#14415=DIRECTION('',(0.,-1.,0.));
#14416=DIRECTION('',(0.,0.,-1.));
#14417=DIRECTION('',(0.,1.,0.));
#14418=DIRECTION('',(0.,0.,1.));
#14419=DIRECTION('',(0.,-1.,0.));
#14420=DIRECTION('',(0.,0.,-1.));
#14421=DIRECTION('',(0.,-1.,0.));
#14422=DIRECTION('',(0.,0.,1.));
#14423=DIRECTION('',(0.,-1.,0.));
#14424=DIRECTION('',(5.55765921160943E-16,1.,-5.55765921160943E-16));
#14425=DIRECTION('',(0.,5.55765921160943E-16,1.));
#14426=DIRECTION('',(8.16340459283203E-16,1.,0.));
#14427=DIRECTION('',(1.,-8.16340459283203E-16,0.));
#14428=DIRECTION('',(0.,-1.,0.));
#14429=DIRECTION('',(0.,0.,1.));
#14430=DIRECTION('',(8.16340459283203E-16,1.,0.));
#14431=DIRECTION('',(1.,-8.16340459283203E-16,0.));
#14432=DIRECTION('',(0.,-1.,0.));
#14433=DIRECTION('',(8.16340459283203E-16,1.,0.));
#14434=DIRECTION('',(1.,-8.16340459283203E-16,0.));
#14435=DIRECTION('',(1.,0.,0.));
#14436=DIRECTION('',(0.,0.,1.));
#14437=DIRECTION('',(0.,0.,1.));
#14438=DIRECTION('',(-1.,0.,0.));
#14439=DIRECTION('',(0.,8.16340459283203E-16,1.));
#14440=DIRECTION('',(0.,1.,8.16340459283203E-16));
#14441=DIRECTION('',(-1.,0.,0.));
#14442=DIRECTION('',(0.,1.11153184232188E-15,1.));
#14443=DIRECTION('',(0.,5.55765921160943E-16,1.));
#14444=DIRECTION('',(0.,0.,1.));
#14445=DIRECTION('',(1.04744440165294E-14,0.,-1.));
#14446=DIRECTION('',(1.,0.,1.04744440165294E-14));
#14447=DIRECTION('',(1.04744440165294E-14,0.,-1.));
#14448=DIRECTION('',(1.04744440165294E-14,0.,-1.));
#14449=DIRECTION('',(1.,0.,1.04744440165294E-14));
#14450=DIRECTION('',(-1.04744440165294E-14,0.,1.));
#14451=DIRECTION('',(1.04744440165294E-14,0.,-1.));
#14452=DIRECTION('',(0.,-1.,0.));
#14453=DIRECTION('',(0.,0.,-1.));
#14454=DIRECTION('',(0.,-1.,0.));
#14455=DIRECTION('',(0.,5.55765921160943E-16,-1.));
#14456=DIRECTION('',(1.,0.,0.));
#14457=DIRECTION('',(0.,1.11153184232188E-15,-1.));
#14458=DIRECTION('',(0.,1.,-8.16340459283203E-16));
#14459=DIRECTION('',(1.,0.,0.));
#14460=DIRECTION('',(0.,8.16340459283203E-16,-1.));
#14461=DIRECTION('',(0.,0.,-1.));
#14462=DIRECTION('',(0.,-1.,0.));
#14463=DIRECTION('',(0.,0.,-1.));
#14464=DIRECTION('',(0.,-1.,0.));
#14465=DIRECTION('',(-1.04744440165294E-14,0.,1.));
#14466=DIRECTION('',(1.,0.,1.04744440165294E-14));
#14467=DIRECTION('',(1.04744440165294E-14,0.,-1.));
#14468=DIRECTION('',(-1.04744440165294E-14,0.,1.));
#14469=DIRECTION('',(1.,0.,1.04744440165294E-14));
#14470=DIRECTION('',(-1.04744440165294E-14,0.,1.));
#14471=DIRECTION('',(-1.04744440165294E-14,0.,1.));
#14472=DIRECTION('',(0.,-1.,0.));
#14473=DIRECTION('',(0.,0.,1.));
#14474=DIRECTION('',(0.,-1.,0.));
#14475=DIRECTION('',(0.,0.,1.));
#14476=DIRECTION('',(0.,0.,-1.));
#14477=DIRECTION('',(-1.,0.,0.));
#14478=DIRECTION('',(0.,0.,-1.));
#14479=DIRECTION('',(-1.,0.,0.));
#14480=DIRECTION('',(0.,1.,0.));
#14481=DIRECTION('',(0.,0.,1.));
#14482=DIRECTION('',(1.,0.,0.));
#14483=DIRECTION('',(0.,0.,1.));
#14484=DIRECTION('',(0.,-1.,0.));
#14485=DIRECTION('',(0.,0.,-1.));
#14486=DIRECTION('',(-1.,0.,0.));
#14487=DIRECTION('',(0.,0.,1.));
#14488=DIRECTION('',(0.,0.,-1.));
#14489=DIRECTION('',(1.,0.,0.));
#14490=DIRECTION('',(-1.,0.,0.));
#14491=DIRECTION('',(0.,0.,1.));
#14492=DIRECTION('',(1.,0.,0.));
#14493=DIRECTION('',(-1.,0.,0.));
#14494=DIRECTION('',(0.,0.,1.));
#14495=DIRECTION('',(0.,-1.,0.));
#14496=DIRECTION('',(0.,0.,-1.));
#14497=DIRECTION('',(-0.316227766016833,2.58149519748283E-16,-0.948683298050515));
#14498=DIRECTION('',(0.948683298050515,0.,-0.316227766016834));
#14499=DIRECTION('',(1.,-8.16340459283203E-16,0.));
#14500=DIRECTION('',(8.16340459283203E-16,1.,0.));
#14501=DIRECTION('',(-1.,0.,0.));
#14502=DIRECTION('',(0.,0.,1.));
#14503=DIRECTION('',(1.,-8.16340459283203E-16,0.));
#14504=DIRECTION('',(-8.16340459283203E-16,-1.,0.));
#14505=DIRECTION('',(1.,-8.16340459283203E-16,0.));
#14506=DIRECTION('',(0.,0.,-1.));
#14507=DIRECTION('',(-1.,0.,0.));
#14508=DIRECTION('',(8.16340459283203E-16,1.,0.));
#14509=DIRECTION('',(1.,-8.16340459283203E-16,0.));
#14510=DIRECTION('',(0.,0.,1.));
#14511=DIRECTION('',(-1.,0.,0.));
#14512=DIRECTION('',(0.,0.,1.));
#14513=DIRECTION('',(0.,0.,1.));
#14514=DIRECTION('',(1.,0.,0.));
#14515=DIRECTION('',(0.948683298050512,2.5814951974829E-16,0.316227766016843));
#14516=DIRECTION('',(-0.316227766016843,0.,0.948683298050512));
#14517=DIRECTION('',(0.,-1.,0.));
#14518=DIRECTION('',(0.,0.,-1.));
#14519=DIRECTION('',(0.71433765784923,-0.663151226774683,-0.223499800907539));
#14520=DIRECTION('',(0.680361672614574,0.732876520593408,0.));
#14521=DIRECTION('',(-4.63502542989784E-15,3.78375878823212E-30,-1.));
#14522=DIRECTION('',(1.,0.,-4.63502542989784E-15));
#14523=DIRECTION('',(8.16340459283203E-16,1.,0.));
#14524=DIRECTION('',(1.,-5.55765921160945E-16,-4.63502542989784E-15));
#14525=DIRECTION('',(8.16340459283203E-16,1.,0.));
#14526=DIRECTION('',(1.,-8.16340459283203E-16,-4.63502542989784E-15));
#14527=DIRECTION('',(8.16340459283203E-16,1.,0.));
#14528=DIRECTION('',(-1.,8.16340459283203E-16,0.));
#14529=DIRECTION('',(5.55765921160943E-16,1.,-5.55765921160943E-16));
#14530=DIRECTION('',(0.,5.55765921160943E-16,1.));
#14531=DIRECTION('',(8.16340459283203E-16,1.,0.));
#14532=DIRECTION('',(8.16340459283203E-16,1.,0.));
#14533=DIRECTION('',(1.,-8.16340459283203E-16,0.));
#14534=DIRECTION('',(4.63502542989784E-15,-3.78375878823212E-30,-1.));
#14535=DIRECTION('',(1.,0.,4.63502542989784E-15));
#14536=DIRECTION('',(0.,0.,-1.));
#14537=DIRECTION('',(-1.,0.,0.));
#14538=DIRECTION('',(0.,0.,-1.));
#14539=DIRECTION('',(-1.,0.,0.));
#14540=DIRECTION('',(-4.63502542989784E-15,3.78375878823212E-30,1.));
#14541=DIRECTION('',(-8.16340459283203E-16,-1.,0.));
#14542=DIRECTION('',(1.,-8.16340459283203E-16,0.));
#14543=DIRECTION('',(0.707106781186513,0.,-0.707106781186582));
#14544=DIRECTION('',(-0.707106781186582,0.,-0.707106781186513));
#14545=DIRECTION('',(8.16340459283203E-16,1.,0.));
#14546=DIRECTION('',(1.,-8.16340459283203E-16,0.));
#14547=DIRECTION('',(0.707106781186548,-5.77239874516094E-16,-0.707106781186548));
#14548=DIRECTION('',(0.707106781186548,0.,0.707106781186548));
#14549=DIRECTION('',(-0.707106781186548,0.,0.707106781186548));
#14550=DIRECTION('',(0.707106781186548,0.,0.707106781186548));
#14551=DIRECTION('',(-0.707106781186548,5.77239874516094E-16,0.707106781186548));
#14552=DIRECTION('',(-8.16340459283203E-16,-1.,0.));
#14553=DIRECTION('',(1.,-8.16340459283203E-16,0.));
#14554=DIRECTION('',(8.16340459283203E-16,1.,0.));
#14555=DIRECTION('',(1.,-8.16340459283203E-16,0.));
#14556=DIRECTION('',(-0.707106781186548,0.,-0.707106781186548));
#14557=DIRECTION('',(-0.707106781186548,0.,0.707106781186548));
#14558=DIRECTION('',(0.707106781186548,-5.77239874516094E-16,-0.707106781186548));
#14559=DIRECTION('',(0.707106781186548,0.,0.707106781186548));
#14560=DIRECTION('',(8.16340459283203E-16,1.,0.));
#14561=DIRECTION('',(0.707106781186548,-5.77239874516094E-16,0.707106781186548));
#14562=DIRECTION('',(8.16340459283203E-16,1.,0.));
#14563=DIRECTION('',(0.707106781186548,-5.77239874516094E-16,0.707106781186548));
#14564=DIRECTION('',(-8.16340459283203E-16,-1.,0.));
#14565=DIRECTION('',(1.,-8.16340459283203E-16,0.));
#14566=DIRECTION('',(-0.707106781186548,0.,-0.707106781186548));
#14567=DIRECTION('',(-0.707106781186548,0.,0.707106781186548));
#14568=DIRECTION('',(8.16340459283203E-16,1.,0.));
#14569=DIRECTION('',(1.,-8.16340459283203E-16,0.));
#14570=DIRECTION('',(0.707106781186548,0.,-0.707106781186548));
#14571=DIRECTION('',(-0.707106781186548,0.,-0.707106781186548));
#14572=DIRECTION('',(0.707106781186548,-5.77239874516094E-16,0.707106781186548));
#14573=DIRECTION('',(-0.707106781186548,0.,0.707106781186548));
#14574=DIRECTION('',(8.16340459283203E-16,1.,0.));
#14575=DIRECTION('',(-1.,8.16340459283203E-16,0.));
#14576=DIRECTION('',(8.16340459283203E-16,1.,0.));
#14577=DIRECTION('',(0.,-1.,0.));
#14578=DIRECTION('',(0.,0.,-1.));
#14579=DIRECTION('',(0.,0.,-1.));
#14580=DIRECTION('',(1.,0.,0.));
#14581=DIRECTION('',(0.707106781186548,0.,-0.707106781186548));
#14582=DIRECTION('',(-0.707106781186548,0.,-0.707106781186548));
#14583=DIRECTION('',(-0.707106781186548,0.,-0.707106781186548));
#14584=DIRECTION('',(-0.707106781186548,0.,0.707106781186548));
#14585=DIRECTION('',(-0.707106781186548,5.77239874516094E-16,0.707106781186548));
#14586=DIRECTION('',(-0.707106781186548,0.,-0.707106781186548));
#14587=DIRECTION('',(-0.707106781186548,5.77239874516094E-16,0.707106781186548));
#14588=DIRECTION('',(-0.707106781186548,5.77239874516094E-16,0.707106781186548));
#14589=DIRECTION('',(0.,-1.,-8.16340459283203E-16));
#14590=DIRECTION('',(0.,-8.16340459283203E-16,1.));
#14591=DIRECTION('',(0.,1.,8.16340459283203E-16));
#14592=DIRECTION('',(0.,-1.,0.));
#14593=DIRECTION('',(0.,0.,-1.));
#14594=DIRECTION('',(0.948683298050512,3.51497231354035E-16,0.316227766016843));
#14595=DIRECTION('',(-0.316227766016843,0.,0.948683298050512));
#14596=DIRECTION('',(0.,0.,-1.));
#14597=DIRECTION('',(-1.,0.,0.));
#14598=DIRECTION('',(0.,-5.55765921160943E-16,-1.));
#14599=DIRECTION('',(0.,-1.,5.55765921160943E-16));
#14600=DIRECTION('',(0.,5.55765921160943E-16,1.));
#14601=DIRECTION('',(0.,0.,-1.));
#14602=DIRECTION('',(-1.,0.,0.));
#14603=DIRECTION('',(-5.55765921160943E-16,-1.,5.55765921160943E-16));
#14604=DIRECTION('',(0.,5.55765921160943E-16,1.));
#14605=DIRECTION('',(5.55765921160943E-16,1.,-5.55765921160943E-16));
#14606=DIRECTION('',(0.,5.55765921160943E-16,1.));
#14607=DIRECTION('',(-1.,0.,0.));
#14608=DIRECTION('',(0.,0.,1.));
#14609=DIRECTION('',(-1.,5.55765921160943E-16,0.));
#14610=DIRECTION('',(-5.55765921160943E-16,-1.,0.));
#14611=DIRECTION('',(1.,-5.55765921160943E-16,0.));
#14612=DIRECTION('',(1.,0.,0.));
#14613=DIRECTION('',(0.,0.,-1.));
#14614=DIRECTION('',(0.,-1.,0.));
#14615=DIRECTION('',(0.,0.,-1.));
#14616=DIRECTION('',(-0.316227766016833,3.51497231354025E-16,-0.948683298050515));
#14617=DIRECTION('',(0.948683298050515,0.,-0.316227766016834));
#14618=DIRECTION('',(8.16340459283203E-16,1.,0.));
#14619=DIRECTION('',(-1.,8.16340459283203E-16,0.));
#14620=DIRECTION('',(-8.16340459283203E-16,-1.,0.));
#14621=DIRECTION('',(0.707106781186548,-5.77239874516094E-16,-0.707106781186548));
#14622=DIRECTION('',(0.707106781186548,0.,0.707106781186548));
#14623=DIRECTION('',(0.707106781186548,-5.77239874516094E-16,-0.707106781186548));
#14624=DIRECTION('',(0.707106781186548,0.,-0.707106781186548));
#14625=DIRECTION('',(-0.707106781186548,0.,-0.707106781186548));
#14626=DIRECTION('',(0.707106781186548,-5.77239874516094E-16,-0.707106781186548));
#14627=DIRECTION('',(0.,0.,-1.));
#14628=DIRECTION('',(1.,0.,0.));
#14629=DIRECTION('',(0.,-1.,0.));
#14630=DIRECTION('',(0.,0.,-1.));
#14631=DIRECTION('',(0.707106781186548,0.,0.707106781186548));
#14632=DIRECTION('',(0.707106781186548,0.,-0.707106781186548));
#14633=DIRECTION('',(-8.16340459283203E-16,-1.,0.));
#14634=DIRECTION('',(1.,-8.16340459283203E-16,0.));
#14635=DIRECTION('',(0.707106781186548,-5.77239874516094E-16,0.707106781186548));
#14636=DIRECTION('',(-0.707106781186548,5.77239874516094E-16,-0.707106781186548));
#14637=DIRECTION('',(0.707106781186548,0.,-0.707106781186548));
#14638=DIRECTION('',(8.16340459283203E-16,1.,0.));
#14639=DIRECTION('',(-1.,8.16340459283203E-16,0.));
#14640=DIRECTION('',(8.16340459283203E-16,1.,0.));
#14641=DIRECTION('',(-0.707106781186548,5.77239874516094E-16,0.707106781186548));
#14642=DIRECTION('',(-0.707106781186548,0.,-0.707106781186548));
#14643=DIRECTION('',(0.707106781186548,-5.77239874516094E-16,-0.707106781186548));
#14644=DIRECTION('',(0.707106781186548,4.906538933387E-14,-0.707106781186548));
#14645=DIRECTION('',(-0.707106781186548,0.,-0.707106781186548));
#14646=DIRECTION('',(-8.16340459283203E-16,-1.,0.));
#14647=DIRECTION('',(1.,-8.16340459283203E-16,0.));
#14648=DIRECTION('',(-1.,0.,0.));
#14649=DIRECTION('',(0.,0.,1.));
#14650=DIRECTION('',(8.16340459283203E-16,1.,0.));
#14651=DIRECTION('',(1.,-8.16340459283203E-16,0.));
#14652=DIRECTION('',(-1.,8.16340459283203E-16,4.63502542989784E-15));
#14653=DIRECTION('',(-4.63502542989784E-15,0.,-1.));
#14654=DIRECTION('',(-1.,0.,0.));
#14655=DIRECTION('',(0.,0.,1.));
#14656=DIRECTION('',(-8.16340459283203E-16,-1.,0.));
#14657=DIRECTION('',(1.,-8.16340459283203E-16,0.));
#14658=DIRECTION('',(1.,-8.16340459283203E-16,4.63502542989784E-15));
#14659=DIRECTION('',(-4.63502542989784E-15,0.,1.));
#14660=DIRECTION('',(-4.63502542989784E-15,5.55765921160945E-16,1.));
#14661=DIRECTION('',(8.16340459283203E-16,1.,-4.93038065763132E-32));
#14662=DIRECTION('',(-0.499999999255832,-0.707106783695371,0.499999997196155));
#14663=DIRECTION('',(0.816496582298447,-0.577350267251134,0.));
#14664=DIRECTION('',(-8.16340459283203E-16,-1.,4.93038065763135E-32));
#14665=DIRECTION('',(1.,-8.16340459283203E-16,0.));
#14666=DIRECTION('',(8.16340459283203E-16,1.,0.));
#14667=DIRECTION('',(0.707106781186548,-5.77239874516094E-16,0.707106781186548));
#14668=DIRECTION('',(-0.707106781186548,0.,0.707106781186548));
#14669=DIRECTION('',(0.707106781186548,-7.85971703210581E-16,-0.707106781186548));
#14670=DIRECTION('',(-0.707106781186548,7.85971703210581E-16,0.707106781186548));
#14671=DIRECTION('',(-0.707106781186548,0.,-0.707106781186548));
#14672=DIRECTION('',(0.707106781186548,-7.85971703210581E-16,-0.707106781186548));
#14673=DIRECTION('',(-4.63502542989784E-15,5.55765921160945E-16,1.));
#14674=DIRECTION('',(-1.,0.,-4.63502542989784E-15));
#14675=DIRECTION('',(0.,0.,1.));
#14676=DIRECTION('',(1.,0.,0.));
#14677=DIRECTION('',(-4.63502542989784E-15,5.55765921160945E-16,1.));
#14678=DIRECTION('',(-5.55765921160943E-16,-1.,5.55765921160943E-16));
#14679=DIRECTION('',(0.,5.55765921160943E-16,1.));
#14680=DIRECTION('',(1.,0.,0.));
#14681=DIRECTION('',(0.,0.,-1.));
#14682=DIRECTION('',(5.55765921160943E-16,1.,-5.55765921160943E-16));
#14683=DIRECTION('',(0.,5.55765921160943E-16,1.));
#14684=DIRECTION('',(1.,-5.55765921160945E-16,-4.63502542989784E-15));
#14685=DIRECTION('',(4.63502542989784E-15,0.,1.));
#14686=DIRECTION('',(1.,-5.55765921160945E-16,-4.63502542989784E-15));
#14687=DIRECTION('',(0.939964720030965,-0.330240959762349,-0.0860652868022499));
#14688=DIRECTION('',(0.331470882705956,0.943465449244504,0.));
#14689=DIRECTION('',(-8.16340459283203E-16,-1.,4.93038065763135E-32));
#14690=DIRECTION('',(1.,-8.16340459283203E-16,0.));
#14691=DIRECTION('',(8.16340459283203E-16,1.,0.));
#14692=DIRECTION('',(-0.707106781186548,5.77239874516094E-16,-0.707106781186548));
#14693=DIRECTION('',(0.707106781186548,0.,-0.707106781186548));
#14694=DIRECTION('',(-0.707106781186548,7.85971703210581E-16,0.707106781186548));
#14695=DIRECTION('',(0.707106781186548,-7.85971703210581E-16,-0.707106781186548));
#14696=DIRECTION('',(0.707106781186548,0.,0.707106781186548));
#14697=DIRECTION('',(-0.707106781186548,7.85971703210581E-16,0.707106781186548));
#14698=DIRECTION('',(-5.55765921160943E-16,-1.,5.55765921160943E-16));
#14699=DIRECTION('',(0.,5.55765921160943E-16,1.));
#14700=DIRECTION('',(0.,0.,1.));
#14701=DIRECTION('',(-1.,0.,0.));
#14702=DIRECTION('',(0.,0.,-1.));
#14703=DIRECTION('',(-1.,0.,0.));
#14704=DIRECTION('',(0.,0.,-1.));
#14705=DIRECTION('',(-1.,0.,0.));
#14706=DIRECTION('',(-8.16340459283203E-16,-1.,0.));
#14707=DIRECTION('',(1.,-8.16340459283203E-16,0.));
#14708=DIRECTION('',(-1.,0.,0.));
#14709=DIRECTION('',(0.,0.,1.));
#14710=DIRECTION('',(1.,-8.16340459283203E-16,0.));
#14711=DIRECTION('',(8.16340459283203E-16,1.,0.));
#14712=DIRECTION('',(-1.,8.16340459283203E-16,0.));
#14713=DIRECTION('',(8.16340459283203E-16,1.,0.));
#14714=DIRECTION('',(0.,-1.,0.));
#14715=DIRECTION('',(0.,0.,1.));
#14716=DIRECTION('',(0.,0.,-1.));
#14717=DIRECTION('',(-1.,0.,0.));
#14718=DIRECTION('',(0.,1.,0.));
#14719=DIRECTION('',(0.,0.,1.));
#14720=DIRECTION('',(0.,-1.,0.));
#14721=DIRECTION('',(0.,0.,1.));
#14722=DIRECTION('',(-0.707106781186548,0.,-0.707106781186548));
#14723=DIRECTION('',(0.,1.,0.));
#14724=DIRECTION('',(0.,0.,1.));
#14725=DIRECTION('',(0.,0.,-1.));
#14726=DIRECTION('',(-1.,0.,0.));
#14727=DIRECTION('',(0.,0.,1.));
#14728=DIRECTION('',(-1.,0.,0.));
#14729=DIRECTION('',(0.,-1.,0.));
#14730=DIRECTION('',(-1.,8.16340459283203E-16,0.));
#14731=DIRECTION('',(0.,-1.,0.));
#14732=DIRECTION('',(0.,-1.,0.));
#14733=DIRECTION('',(-1.,0.,0.));
#14734=DIRECTION('',(0.,0.,-1.));
#14735=DIRECTION('',(0.,-1.,0.));
#14736=DIRECTION('',(0.,1.,0.));
#14737=DIRECTION('',(0.,0.,-1.));
#14738=DIRECTION('',(-8.16340459283203E-16,-1.,0.));
#14739=DIRECTION('',(1.,-8.16340459283203E-16,0.));
#14740=DIRECTION('',(0.,0.,1.));
#14741=DIRECTION('',(1.,-8.16340459283203E-16,0.));
#14742=DIRECTION('',(0.,0.,-1.));
#14743=DIRECTION('',(1.,0.,0.));
#14744=DIRECTION('',(-8.16340459283203E-16,-1.,0.));
#14745=DIRECTION('',(0.,1.,0.));
#14746=DIRECTION('',(-1.,8.16340459283203E-16,0.));
#14747=DIRECTION('',(0.,0.,1.));
#14748=DIRECTION('',(1.,-8.16340459283203E-16,0.));
#14749=DIRECTION('',(1.,0.,0.));
#14750=DIRECTION('',(0.,0.,1.));
#14751=DIRECTION('',(0.,-1.,-8.16340459283203E-16));
#14752=DIRECTION('',(-1.,0.,0.));
#14753=DIRECTION('',(0.,8.16340459283203E-16,1.));
#14754=DIRECTION('',(0.,0.,1.));
#14755=DIRECTION('',(1.,0.,0.));
#14756=DIRECTION('',(0.,0.,1.));
#14757=DIRECTION('',(8.16340459283203E-16,1.,0.));
#14758=DIRECTION('',(0.,0.,-1.));
#14759=DIRECTION('',(1.,0.,0.));
#14760=DIRECTION('',(8.16340459283203E-16,1.,0.));
#14761=DIRECTION('',(0.707106781186548,-5.77239874516094E-16,-0.707106781186548));
#14762=DIRECTION('',(0.707106781186548,0.,0.707106781186548));
#14763=DIRECTION('',(4.08170229641602E-16,1.,-4.08170229641602E-16));
#14764=DIRECTION('',(0.707106781186548,0.,0.707106781186548));
#14765=DIRECTION('',(4.08170229641602E-16,1.,-4.08170229641602E-16));
#14766=DIRECTION('',(8.16340459283203E-16,1.,0.));
#14767=DIRECTION('',(-1.,8.16340459283203E-16,0.));
#14768=DIRECTION('',(-8.16340459283203E-16,-1.,0.));
#14769=DIRECTION('',(-1.,8.16340459283203E-16,0.));
#14770=DIRECTION('',(4.08170229641602E-16,1.,4.08170229641602E-16));
#14771=DIRECTION('',(0.,0.,-1.));
#14772=DIRECTION('',(1.,0.,0.));
#14773=DIRECTION('',(0.707106781186548,-5.77239874516094E-16,-0.707106781186548));
#14774=DIRECTION('',(-0.707106781186548,0.,-0.707106781186548));
#14775=DIRECTION('',(0.707106781186548,-5.77239874516094E-16,0.707106781186548));
#14776=DIRECTION('',(0.707106781186548,0.,-0.707106781186548));
#14777=DIRECTION('',(-0.707106781186548,5.77239874516094E-16,0.707106781186548));
#14778=DIRECTION('',(-0.707106781186548,0.,-0.707106781186548));
#14779=DIRECTION('',(-0.707106781186548,5.77239874516094E-16,0.707106781186548));
#14780=DIRECTION('',(-0.707106781186548,0.,0.707106781186548));
#14781=DIRECTION('',(0.707106781186548,-5.77239874516094E-16,-0.707106781186548));
#14782=DIRECTION('',(0.707106781186548,0.,0.707106781186548));
#14783=DIRECTION('',(0.707106781186548,0.,-0.707106781186548));
#14784=DIRECTION('',(0.707106781186548,-5.77239874516094E-16,-0.707106781186548));
#14785=DIRECTION('',(-0.707106781186548,5.77239874516094E-16,0.707106781186548));
#14786=DIRECTION('',(0.707106781186548,0.,0.707106781186548));
#14787=DIRECTION('',(0.,0.,-1.));
#14788=DIRECTION('',(1.,0.,0.));
#14789=DIRECTION('',(-6.93889390390703E-14,1.,0.));
#14790=DIRECTION('',(1.,6.93889390390703E-14,0.));
#14791=DIRECTION('',(0.707106781186548,-5.77239874516094E-16,0.707106781186548));
#14792=DIRECTION('',(0.707106781186548,0.,-0.707106781186548));
#14793=DIRECTION('',(-8.16340459283203E-16,-1.,0.));
#14794=DIRECTION('',(1.,-8.16340459283203E-16,0.));
#14795=DIRECTION('',(-0.707106781186548,5.77239874516094E-16,-0.707106781186548));
#14796=DIRECTION('',(-0.707106781186548,5.77239874516094E-16,-0.707106781186548));
#14797=DIRECTION('',(0.707106781186548,0.,-0.707106781186548));
#14798=DIRECTION('',(8.16340459283203E-16,1.,0.));
#14799=DIRECTION('',(-1.,8.16340459283203E-16,0.));
#14800=DIRECTION('',(4.08170229641602E-16,1.,4.08170229641602E-16));
#14801=DIRECTION('',(0.707106781186548,-5.77239874516094E-16,0.707106781186548));
#14802=DIRECTION('',(-0.707106781186548,0.,0.707106781186548));
#14803=DIRECTION('',(-0.707106781186548,5.77239874516094E-16,-0.707106781186548));
#14804=DIRECTION('',(0.707106781186548,0.,-0.707106781186548));
#14805=DIRECTION('',(0.,-1.,0.));
#14806=DIRECTION('',(0.,0.,1.));
#14807=DIRECTION('',(0.,1.,0.));
#14808=DIRECTION('',(0.,0.,1.));
#14809=DIRECTION('',(0.,-1.,0.));
#14810=DIRECTION('',(0.,0.,-1.));
#14811=DIRECTION('',(0.,0.,-1.));
#14812=DIRECTION('',(1.,0.,0.));
#14813=DIRECTION('',(0.,0.,1.));
#14814=DIRECTION('',(1.,0.,0.));
#14815=DIRECTION('',(0.,0.,-1.));
#14816=DIRECTION('',(1.,0.,0.));
#14817=DIRECTION('',(0.,-1.,0.));
#14818=DIRECTION('',(0.,0.,1.));
#14819=DIRECTION('',(0.,-1.,0.));
#14820=DIRECTION('',(0.,0.,-1.));
#14821=DIRECTION('',(0.,1.,0.));
#14822=DIRECTION('',(0.,0.,1.));
#14823=DIRECTION('',(0.,0.,-1.));
#14824=DIRECTION('',(1.,0.,0.));
#14825=DIRECTION('',(-1.,0.,0.));
#14826=DIRECTION('',(0.,0.,1.));
#14827=DIRECTION('',(-1.,-8.16340459283203E-16,0.));
#14828=DIRECTION('',(8.16340459283203E-16,-1.,0.));
#14829=DIRECTION('',(0.,-1.,0.));
#14830=DIRECTION('',(0.,0.,1.));
#14831=DIRECTION('',(0.,1.,0.));
#14832=DIRECTION('',(0.,0.,1.));
#14833=DIRECTION('',(-8.16340459283203E-16,-1.,0.));
#14834=DIRECTION('',(1.,-8.16340459283203E-16,0.));
#14835=DIRECTION('',(0.,0.,1.));
#14836=DIRECTION('',(1.,0.,0.));
#14837=DIRECTION('',(-1.,0.,0.));
#14838=DIRECTION('',(0.,0.,1.));
#14839=DIRECTION('',(-1.,8.16340459283203E-16,0.));
#14840=DIRECTION('',(-8.16340459283203E-16,-1.,0.));
#14841=DIRECTION('',(-1.,0.,0.));
#14842=DIRECTION('',(0.,0.,1.));
#14843=DIRECTION('',(0.,0.,-1.));
#14844=DIRECTION('',(1.,0.,0.));
#14845=DIRECTION('',(0.,0.,1.));
#14846=DIRECTION('',(1.,0.,0.));
#14847=DIRECTION('',(0.,0.,-1.));
#14848=DIRECTION('',(1.,0.,0.));
#14849=DIRECTION('',(0.,0.,1.));
#14850=DIRECTION('',(1.,0.,0.));
#14851=DIRECTION('',(0.,0.,-1.));
#14852=DIRECTION('',(1.,0.,0.));
#14853=DIRECTION('',(-1.,0.,0.));
#14854=DIRECTION('',(0.,0.,1.));
#14855=DIRECTION('',(0.,0.,1.));
#14856=DIRECTION('',(-1.,0.,0.));
#14857=DIRECTION('',(0.,0.,1.));
#14858=DIRECTION('',(1.,0.,0.));
#14859=DIRECTION('',(1.,-8.16340459283203E-16,0.));
#14860=DIRECTION('',(8.16340459283203E-16,1.,0.));
#14861=DIRECTION('',(-1.,0.,0.));
#14862=DIRECTION('',(0.,0.,1.));
#14863=DIRECTION('',(0.,0.,-1.));
#14864=DIRECTION('',(1.,0.,0.));
#14865=DIRECTION('',(0.,-1.,0.));
#14866=DIRECTION('',(0.,0.,1.));
#14867=DIRECTION('',(0.,0.,1.));
#14868=DIRECTION('',(0.,1.,0.));
#14869=DIRECTION('',(0.,0.,-1.));
#14870=DIRECTION('',(0.,0.,1.));
#14871=DIRECTION('',(0.,0.,1.));
#14872=DIRECTION('',(1.,0.,0.));
#14873=DIRECTION('',(0.,0.,1.));
#14874=DIRECTION('',(0.,0.,1.));
#14875=DIRECTION('',(1.,0.,0.));
#14876=DIRECTION('',(0.,0.,1.));
#14877=DIRECTION('',(0.,-1.,0.));
#14878=DIRECTION('',(0.,0.,1.));
#14879=DIRECTION('',(0.,0.,1.));
#14880=DIRECTION('',(0.,0.,1.));
#14881=DIRECTION('',(1.,0.,0.));
#14882=DIRECTION('',(0.,0.,1.));
#14883=DIRECTION('',(1.,0.,0.));
#14884=DIRECTION('',(0.,0.,1.));
#14885=DIRECTION('',(0.,1.,0.));
#14886=DIRECTION('',(0.,0.,-1.));
#14887=DIRECTION('',(1.,0.,1.04744440165294E-14));
#14888=DIRECTION('',(1.04744440165294E-14,0.,-1.));
#14889=DIRECTION('',(-1.04744440165294E-14,0.,1.));
#14890=DIRECTION('',(1.,0.,1.04744440165294E-14));
#14891=DIRECTION('',(-1.04744440165294E-14,0.,1.));
#14892=DIRECTION('',(-1.04744440165294E-14,0.,1.));
#14893=DIRECTION('',(1.,0.,1.04744440165294E-14));
#14894=DIRECTION('',(1.04744440165294E-14,0.,-1.));
#14895=DIRECTION('',(-1.04744440165294E-14,0.,1.));
#14896=DIRECTION('',(0.,1.,0.));
#14897=DIRECTION('',(1.04744440165294E-14,0.,-1.));
#14898=DIRECTION('',(1.,0.,1.04744440165294E-14));
#14899=DIRECTION('',(-1.04744440165294E-14,0.,1.));
#14900=DIRECTION('',(1.04744440165294E-14,0.,-1.));
#14901=DIRECTION('',(1.,0.,1.04744440165294E-14));
#14902=DIRECTION('',(1.04744440165294E-14,0.,-1.));
#14903=DIRECTION('',(1.04744440165294E-14,0.,-1.));
#14904=DIRECTION('',(0.,1.,0.));
#14905=DIRECTION('',(1.,0.,1.04744440165294E-14));
#14906=DIRECTION('',(-1.,0.,-1.04744440165294E-14));
#14907=DIRECTION('',(0.,-1.,0.));
#14908=DIRECTION('',(-1.,0.,-1.04744440165294E-14));
#14909=DIRECTION('',(-1.,0.,-1.04744440165294E-14));
#14910=DIRECTION('',(0.,-1.,0.));
#14911=DIRECTION('',(-1.,0.,-1.04744440165294E-14));
#14912=DIRECTION('',(0.,-1.,0.));
#14913=DIRECTION('',(0.,0.,-1.));
#14914=DIRECTION('',(1.,0.,0.));
#14915=DIRECTION('',(-1.,0.,-1.04744440165294E-14));
#14916=DIRECTION('',(0.,1.,0.));
#14917=DIRECTION('',(1.,0.,1.04744440165294E-14));
#14918=DIRECTION('',(-1.,0.,0.));
#14919=DIRECTION('',(0.,1.,0.));
#14920=DIRECTION('',(0.,0.,1.));
#14921=DIRECTION('',(-1.,0.,-1.04744440165294E-14));
#14922=DIRECTION('',(-1.,0.,-1.04744440165294E-14));
#14923=DIRECTION('',(-1.04744440165294E-14,0.,1.));
#14924=DIRECTION('',(-1.,0.,-1.04744440165294E-14));
#14925=DIRECTION('',(-1.,0.,-1.04744440165294E-14));
#14926=DIRECTION('',(-1.04744440165294E-14,0.,1.));
#14927=DIRECTION('',(-1.,0.,-1.04744440165294E-14));
#14928=DIRECTION('',(0.,-1.,0.));
#14929=DIRECTION('',(-1.,0.,-1.04744440165294E-14));
#14930=DIRECTION('',(-1.,0.,-1.04744440165294E-14));
#14931=DIRECTION('',(-1.,0.,-1.04744440165294E-14));
#14932=DIRECTION('',(-1.04744440165294E-14,0.,1.));
#14933=DIRECTION('',(-1.,0.,-1.04744440165294E-14));
#14934=DIRECTION('',(-1.04744440165294E-14,0.,1.));
#14935=DIRECTION('',(-1.,0.,-1.04744440165294E-14));
#14936=DIRECTION('',(0.,1.,0.));
#14937=DIRECTION('',(1.,0.,1.04744440165294E-14));
#14938=DIRECTION('',(0.,-1.,0.));
#14939=DIRECTION('',(0.,0.,-1.));
#14940=DIRECTION('',(0.,-1.,0.));
#14941=DIRECTION('',(0.,-1.,0.));
#14942=DIRECTION('',(0.,0.,-1.));
#14943=DIRECTION('',(-8.163404592832E-16,-1.,8.16340459283199E-16));
#14944=DIRECTION('',(1.,-8.163404592832E-16,0.));
#14945=DIRECTION('',(8.16340459283196E-16,1.,-3.50324616081205E-44));
#14946=DIRECTION('',(0.,1.,0.));
#14947=DIRECTION('',(0.,0.,1.));
#14948=DIRECTION('',(8.163404592832E-16,1.,-8.16340459283199E-16));
#14949=DIRECTION('',(0.,1.,0.));
#14950=DIRECTION('',(0.,0.,1.));
#14951=DIRECTION('',(-0.5,-0.707106781186541,-0.5));
#14952=DIRECTION('',(0.,0.577350269189634,-0.816496580927721));
#14953=DIRECTION('',(0.5,-0.707106781186555,0.5));
#14954=DIRECTION('',(-0.707106781186548,0.,0.707106781186547));
#14955=DIRECTION('',(-0.5,0.707106781186555,-0.5));
#14956=DIRECTION('',(-0.707106781186548,0.,0.707106781186547));
#14957=DIRECTION('',(-0.707106781186548,0.,0.707106781186547));
#14958=DIRECTION('',(0.707106781186547,0.,0.707106781186548));
#14959=DIRECTION('',(-0.707106781186548,0.,0.707106781186547));
#14960=DIRECTION('',(-0.696364240320019,-0.173648177666926,-0.69636424032002));
#14961=DIRECTION('',(-0.707106781186548,0.,0.707106781186547));
#14962=DIRECTION('',(0.24195478575236,-0.970287525247815,5.90629767889809E-18));
#14963=DIRECTION('',(7.91033905045424E-16,0.970287525247815,-0.24195478575236));
#14964=DIRECTION('',(-0.707106781186548,0.,0.707106781186547));
#14965=DIRECTION('',(-0.707106781186548,0.,0.707106781186547));
#14966=DIRECTION('',(0.707106781186547,0.,0.707106781186548));
#14967=DIRECTION('',(-0.707106781186548,0.,0.707106781186547));
#14968=DIRECTION('',(0.,1.,0.));
#14969=DIRECTION('',(0.,0.,1.));
#14970=DIRECTION('',(-1.,0.,0.));
#14971=DIRECTION('',(0.,1.,0.));
#14972=DIRECTION('',(0.,0.,1.));
#14973=DIRECTION('',(0.,1.,0.));
#14974=DIRECTION('',(0.,0.,1.));
#14975=DIRECTION('',(0.,0.,1.));
#14976=DIRECTION('',(0.,1.,0.));
#14977=DIRECTION('',(0.,0.,1.));
#14978=DIRECTION('',(0.707106781186548,0.,0.707106781186548));
#14979=DIRECTION('',(4.63502542989784E-15,0.,1.));
#14980=DIRECTION('',(0.,1.,0.));
#14981=DIRECTION('',(0.,0.,1.));
#14982=DIRECTION('',(-1.,0.,-4.63502542989784E-15));
#14983=DIRECTION('',(0.707106781186548,0.,0.707106781186548));
#14984=DIRECTION('',(0.,1.,0.));
#14985=DIRECTION('',(0.,0.,1.));
#14986=DIRECTION('',(-0.707106781186548,5.77239874516094E-16,0.707106781186548));
#14987=DIRECTION('',(0.707106781186548,0.,0.707106781186548));
#14988=DIRECTION('',(0.707106781186548,0.,0.707106781186548));
#14989=DIRECTION('',(-0.0123407149398269,-0.999847695156391,-0.0123407149398261));
#14990=DIRECTION('',(-0.707106781186548,5.77239874516094E-16,0.707106781186548));
#14991=DIRECTION('',(0.707106781186548,0.,0.707106781186548));
#14992=DIRECTION('',(-0.707106781186548,-4.31464180567002E-15,-0.707106781186548));
#14993=DIRECTION('',(-0.707106781186548,5.77239874516094E-16,0.707106781186548));
#14994=DIRECTION('',(0.707106781186548,0.,0.707106781186548));
#14995=DIRECTION('',(0.5,-0.707106781186555,0.5));
#14996=DIRECTION('',(-8.16340459283203E-16,-1.,0.));
#14997=DIRECTION('',(0.707106781186548,0.,0.707106781186548));
#14998=DIRECTION('',(-0.707106781186548,5.77239874516094E-16,0.707106781186548));
#14999=DIRECTION('',(-0.707106781186548,-5.77239874516088E-16,-0.707106781186548));
#15000=DIRECTION('',(8.16340459283203E-16,1.,0.));
#15001=DIRECTION('',(0.707106781186548,-5.77239874516094E-16,-0.707106781186548));
#15002=DIRECTION('',(-0.707106781186548,0.,-0.707106781186548));
#15003=DIRECTION('',(0.707106781186548,-5.77239874516094E-16,-0.707106781186548));
#15004=DIRECTION('',(-0.707106781186548,0.,-0.707106781186548));
#15005=DIRECTION('',(-0.0123407149398269,-0.999847695156391,-0.0123407149398261));
#15006=DIRECTION('',(0.707106781186548,0.,0.707106781186548));
#15007=DIRECTION('',(-8.16340459283203E-16,-1.,-2.70808094030918E-31));
#15008=DIRECTION('',(0.707106781186548,-5.77239874516094E-16,-0.707106781186548));
#15009=DIRECTION('',(0.707106781186548,-5.77239874516088E-16,0.707106781186548));
#15010=DIRECTION('',(0.707106781186548,0.,0.707106781186548));
#15011=DIRECTION('',(8.16340459283203E-16,1.,1.2924107119342E-31));
#15012=DIRECTION('',(-0.5,0.707106781186555,-0.5));
#15013=DIRECTION('',(0.707106781186548,-5.77239874516094E-16,-0.707106781186548));
#15014=DIRECTION('',(-0.707106781186548,0.,-0.707106781186548));
#15015=DIRECTION('',(-0.707106781186548,-4.31464180567002E-15,-0.707106781186548));
#15016=DIRECTION('',(0.706999085398824,-0.0174524064372829,0.706999085398825));
#15017=DIRECTION('',(0.707106781186548,0.,-0.707106781186547));
#15018=DIRECTION('',(-0.707106781186548,0.,0.707106781186547));
#15019=DIRECTION('',(-0.0123407149398269,-0.999847695156391,-0.0123407149398261));
#15020=DIRECTION('',(-0.707106781186548,0.,0.707106781186547));
#15021=DIRECTION('',(-0.0123407149398269,-0.999847695156391,-0.0123407149398261));
#15022=DIRECTION('',(-0.707106781186548,0.,0.707106781186547));
#15023=DIRECTION('',(0.707106781186547,0.,0.707106781186548));
#15024=DIRECTION('',(-0.707106781186548,0.,0.707106781186547));
#15025=DIRECTION('',(-0.707106781186548,5.77239874516094E-16,0.707106781186548));
#15026=DIRECTION('',(0.707106781186548,0.,0.707106781186548));
#15027=DIRECTION('',(0.707106781186548,-5.77239874516094E-16,-0.707106781186548));
#15028=DIRECTION('',(-0.707106781186548,0.,-0.707106781186548));
#15029=DIRECTION('',(3.05091247918024E-15,-1.,3.05091247918024E-15));
#15030=DIRECTION('',(0.,-3.05091247918024E-15,-1.));
#15031=DIRECTION('',(-0.707106781186548,0.,0.707106781186547));
#15032=DIRECTION('',(-0.707106781186548,-4.31464180567002E-15,-0.707106781186548));
#15033=DIRECTION('',(-0.707106781186548,-4.31464180567002E-15,-0.707106781186548));
#15034=DIRECTION('',(-0.707106781186548,0.,0.707106781186547));
#15035=DIRECTION('',(0.707106781186547,0.,0.707106781186548));
#15036=DIRECTION('',(-0.707106781186548,5.77239874516094E-16,0.707106781186548));
#15037=DIRECTION('',(0.707106781186548,0.,0.707106781186548));
#15038=DIRECTION('',(0.707106781186548,-5.77239874516094E-16,-0.707106781186548));
#15039=DIRECTION('',(-0.707106781186548,0.,-0.707106781186548));
#15040=DIRECTION('',(1.,-8.16340459283203E-16,-4.63502542989784E-15));
#15041=DIRECTION('',(-4.63502542989784E-15,0.,-1.));
#15042=DIRECTION('',(4.63502542989784E-15,0.,1.));
#15043=DIRECTION('',(-8.16340459283203E-16,-1.,-3.3666745017894E-31));
#15044=DIRECTION('',(-4.63502542989784E-15,0.,-1.));
#15045=DIRECTION('',(-4.63502542989784E-15,3.78375878823212E-30,1.));
#15046=DIRECTION('',(1.,0.,4.63502542989784E-15));
#15047=DIRECTION('',(1.,0.,4.63502542989784E-15));
#15048=DIRECTION('',(8.16340459283203E-16,1.,-7.00649232162408E-46));
#15049=DIRECTION('',(-1.,0.,-4.63502542989784E-15));
#15050=DIRECTION('',(-1.,8.16340459283203E-16,0.));
#15051=DIRECTION('',(-8.16340459283203E-16,-1.,0.));
#15052=DIRECTION('',(7.92084963997564E-16,0.970287525247815,-0.24195478575236));
#15053=DIRECTION('',(-1.,8.16340459283203E-16,0.));
#15054=DIRECTION('',(-6.66411745462712E-31,-8.16340459283204E-16,1.));
#15055=DIRECTION('',(8.16340459283203E-16,1.,1.68333725089469E-31));
#15056=DIRECTION('',(0.,0.,1.));
#15057=DIRECTION('',(-8.16340459283203E-16,-1.,0.));
#15058=DIRECTION('',(-8.16340459283203E-16,-1.,0.));
#15059=DIRECTION('',(1.,-8.16340459283203E-16,0.));
#15060=DIRECTION('',(0.,1.,0.));
#15061=DIRECTION('',(0.,0.,1.));
#15062=DIRECTION('',(0.,0.,-1.));
#15063=DIRECTION('',(-1.,0.,0.));
#15064=DIRECTION('',(-8.16340459283203E-16,-1.,0.));
#15065=DIRECTION('',(0.24195478575236,-0.970287525247815,0.));
#15066=DIRECTION('',(-8.16340459283203E-16,-1.,0.));
#15067=DIRECTION('',(-1.,0.,0.));
#15068=DIRECTION('',(-8.16340459283203E-16,-1.,0.));
#15069=DIRECTION('',(1.,-8.16340459283203E-16,0.));
#15070=DIRECTION('',(0.,1.,0.));
#15071=DIRECTION('',(0.,0.,1.));
#15072=DIRECTION('',(8.16340459283203E-16,1.,0.));
#15073=DIRECTION('',(-1.,8.16340459283203E-16,0.));
#15074=DIRECTION('',(0.,1.,0.));
#15075=DIRECTION('',(0.,0.,1.));
#15076=DIRECTION('',(-8.16340459283203E-16,-1.,-1.68333725089469E-31));
#15077=DIRECTION('',(1.,-8.16340459283203E-16,0.));
#15078=DIRECTION('',(0.,1.,0.));
#15079=DIRECTION('',(0.,0.,1.));
#15080=DIRECTION('',(4.63502542989784E-15,0.,1.));
#15081=DIRECTION('',(1.,0.,-4.63502542989784E-15));
#15082=DIRECTION('',(-0.948683298050509,7.74448559244855E-16,0.316227766016851));
#15083=DIRECTION('',(0.316227766016851,0.,0.948683298050509));
#15084=DIRECTION('',(0.,0.,1.));
#15085=DIRECTION('',(1.,0.,0.));
#15086=DIRECTION('',(0.,1.,0.));
#15087=DIRECTION('',(0.,0.,1.));
#15088=DIRECTION('',(-1.,0.,0.));
#15089=DIRECTION('',(0.,0.,1.));
#15090=DIRECTION('',(-1.,0.,-4.63502542989784E-15));
#15091=DIRECTION('',(-4.63502542989784E-15,0.,1.));
#15092=DIRECTION('',(0.316227766016851,-7.74448559244855E-16,-0.948683298050509));
#15093=DIRECTION('',(-0.948683298050509,0.,-0.316227766016851));
#15094=DIRECTION('',(8.16340459283203E-16,1.,-9.90867646590378E-46));
#15095=DIRECTION('',(-1.,8.16340459283203E-16,0.));
#15096=DIRECTION('',(0.,1.,0.));
#15097=DIRECTION('',(0.,0.,1.));
#15098=DIRECTION('',(0.,-1.,0.));
#15099=DIRECTION('',(0.,0.,-1.));
#15100=DIRECTION('',(-0.707106781186548,0.,-0.707106781186548));
#15101=DIRECTION('',(-0.707106781186548,0.,0.707106781186548));
#15102=DIRECTION('',(-0.707106781186548,0.,-0.707106781186548));
#15103=DIRECTION('',(-0.707106781186548,0.,0.707106781186548));
#15104=DIRECTION('',(-0.707106781186548,0.,-0.707106781186548));
#15105=DIRECTION('',(-0.707106781186548,0.,0.707106781186548));
#15106=DIRECTION('',(0.,1.,0.));
#15107=DIRECTION('',(0.,0.,1.));
#15108=DIRECTION('',(-1.,0.,0.));
#15109=DIRECTION('',(0.,0.,1.));
#15110=DIRECTION('',(-1.,0.,0.));
#15111=DIRECTION('',(0.,0.,1.));
#15112=DIRECTION('',(-1.,0.,0.));
#15113=DIRECTION('',(0.,0.,1.));
#15114=DIRECTION('',(0.,1.,0.));
#15115=DIRECTION('',(0.,0.,1.));
#15116=DIRECTION('',(-0.998037259236656,0.,0.0626229125431237));
#15117=DIRECTION('',(0.0626229125431237,0.,0.998037259236656));
#15118=DIRECTION('',(-0.167194952003957,0.965073547552114,0.201690098516441));
#15119=DIRECTION('',(0.,-0.20456965056311,0.978852010300069));
#15120=DIRECTION('',(0.24195478575236,-0.970287525247815,0.));
#15121=DIRECTION('',(0.970287525247815,0.24195478575236,0.));
#15122=DIRECTION('',(-0.000712442313235445,-0.000331575794792102,0.999999691241674));
#15123=DIRECTION('',(0.999999746212915,0.,0.000712442352399295));
#15124=DIRECTION('',(-0.533537847350257,-0.375326108203341,0.757936460361809));
#15125=DIRECTION('',(0.817717473251144,0.,0.575619782443033));
#15126=DIRECTION('',(0.501581254480999,0.707458935386528,0.497913747445305));
#15127=DIRECTION('',(-0.815771761341022,0.578373956362635,0.));
#15128=DIRECTION('',(-0.5,0.707106781186555,-0.5));
#15129=DIRECTION('',(0.,0.577350269189618,0.816496580927731));
#15130=DIRECTION('',(0.5,-0.707106781186566,0.49999999999997));
#15131=DIRECTION('',(0.816496580927731,0.577350269189619,0.));
#15132=DIRECTION('',(-0.707106781186548,5.77239874516094E-16,0.707106781186548));
#15133=DIRECTION('',(0.707106781186548,0.,0.707106781186548));
#15134=DIRECTION('',(0.707106781186548,0.,0.707106781186548));
#15135=DIRECTION('',(0.707106781186548,0.,-0.707106781186548));
#15136=DIRECTION('',(0.707106781186548,4.31464180567002E-15,0.707106781186548));
#15137=DIRECTION('',(0.707106781186548,0.,-0.707106781186548));
#15138=DIRECTION('',(0.707106781186548,0.,0.707106781186548));
#15139=DIRECTION('',(0.707106781186548,0.,-0.707106781186548));
#15140=DIRECTION('',(-0.707106781186548,5.77239874516094E-16,0.707106781186548));
#15141=DIRECTION('',(0.707106781186548,0.,0.707106781186548));
#15142=DIRECTION('',(0.012340714939825,0.999847695156391,0.012340714939825));
#15143=DIRECTION('',(0.,-0.0123416547509348,0.999923838878746));
#15144=DIRECTION('',(0.0123407149398269,0.999847695156391,0.0123407149398261));
#15145=DIRECTION('',(-0.999923838878746,0.0123416547509367,0.));
#15146=DIRECTION('',(0.,1.,0.));
#15147=DIRECTION('',(0.707106781186571,0.,0.707106781186524));
#15148=DIRECTION('',(-8.16340459283203E-16,-1.,-3.36667450178939E-31));
#15149=DIRECTION('',(1.,-8.16340459283203E-16,0.));
#15150=DIRECTION('',(0.,1.,0.));
#15151=DIRECTION('',(0.,0.,1.));
#15152=DIRECTION('',(0.,-1.,0.));
#15153=DIRECTION('',(0.,0.,-1.));
#15154=DIRECTION('',(-0.707106781186548,0.,-0.707106781186548));
#15155=DIRECTION('',(-0.707106781186548,0.,0.707106781186548));
#15156=DIRECTION('',(-0.707106781186548,0.,-0.707106781186548));
#15157=DIRECTION('',(-0.707106781186548,0.,0.707106781186548));
#15158=DIRECTION('',(-0.707106781186548,0.,-0.707106781186548));
#15159=DIRECTION('',(-0.707106781186548,0.,0.707106781186548));
#15160=DIRECTION('',(0.,1.,0.));
#15161=DIRECTION('',(0.,0.,1.));
#15162=DIRECTION('',(0.,0.,-1.));
#15163=DIRECTION('',(-1.,0.,0.));
#15164=DIRECTION('',(0.,0.,1.));
#15165=DIRECTION('',(1.,0.,0.));
#15166=DIRECTION('',(0.,0.,-1.));
#15167=DIRECTION('',(-1.,0.,0.));
#15168=DIRECTION('',(0.,1.,0.));
#15169=DIRECTION('',(0.,0.,1.));
#15170=DIRECTION('',(0.0626229125431238,0.,-0.998037259236656));
#15171=DIRECTION('',(-0.998037259236656,0.,-0.0626229125431238));
#15172=DIRECTION('',(0.201690100877055,0.965073547458832,-0.167194949694748));
#15173=DIRECTION('',(-0.978852009816664,0.204569652876174,0.));
#15174=DIRECTION('',(7.92084963997564E-16,0.970287525247815,-0.24195478575236));
#15175=DIRECTION('',(0.,0.24195478575236,0.970287525247815));
#15176=DIRECTION('',(0.999999691242022,-0.000331575606205642,-0.000712441912019267));
#15177=DIRECTION('',(-0.000712441951183051,0.,-0.999999746213201));
#15178=DIRECTION('',(0.497913747463689,0.707458935383702,0.501581254466736));
#15179=DIRECTION('',(0.,-0.578373956353227,0.815771761347692));
#15180=DIRECTION('',(0.5,-0.707106781186555,0.5));
#15181=DIRECTION('',(0.,-0.577350269189618,-0.816496580927731));
#15182=DIRECTION('',(0.499999999999987,-0.707106781186566,0.499999999999987));
#15183=DIRECTION('',(0.,-0.577350269189606,-0.81649658092774));
#15184=DIRECTION('',(0.707106781186548,-5.77239874516094E-16,-0.707106781186548));
#15185=DIRECTION('',(-0.707106781186548,0.,-0.707106781186548));
#15186=DIRECTION('',(0.707106781186548,0.,0.707106781186548));
#15187=DIRECTION('',(0.707106781186548,0.,-0.707106781186548));
#15188=DIRECTION('',(0.707106781186548,4.31464180567002E-15,0.707106781186548));
#15189=DIRECTION('',(0.707106781186548,0.,-0.707106781186548));
#15190=DIRECTION('',(0.707106781186548,0.,0.707106781186548));
#15191=DIRECTION('',(0.707106781186548,0.,-0.707106781186548));
#15192=DIRECTION('',(0.707106781186548,-5.77239874516094E-16,-0.707106781186548));
#15193=DIRECTION('',(-0.707106781186548,0.,-0.707106781186548));
#15194=DIRECTION('',(0.012340714939825,0.999847695156391,0.012340714939825));
#15195=DIRECTION('',(0.,-0.0123416547509348,0.999923838878746));
#15196=DIRECTION('',(0.0123407149398269,0.999847695156391,0.0123407149398261));
#15197=DIRECTION('',(-0.999923838878746,0.0123416547509367,0.));
#15198=DIRECTION('',(0.,1.,0.));
#15199=DIRECTION('',(0.707106781186571,0.,0.707106781186524));
#15200=DIRECTION('',(-8.16340459283203E-16,-1.,0.));
#15201=DIRECTION('',(1.,-8.16340459283203E-16,0.));
#15202=DIRECTION('',(1.,-8.16340459283203E-16,0.));
#15203=DIRECTION('',(0.,0.,1.));
#15204=DIRECTION('',(-1.,8.16340459283203E-16,0.));
#15205=DIRECTION('',(0.,0.,-1.));
#15206=DIRECTION('',(-8.16340459283203E-16,-1.,0.));
#15207=DIRECTION('',(1.,-8.16340459283203E-16,0.));
#15208=DIRECTION('',(-8.16340459283203E-16,1.,0.));
#15209=DIRECTION('',(-1.,-8.16340459283203E-16,0.));
#15210=DIRECTION('',(-8.16340459283203E-16,1.,0.));
#15211=DIRECTION('',(-1.,-8.16340459283203E-16,0.));
#15212=DIRECTION('',(0.707106781186548,5.77239874516094E-16,0.707106781186548));
#15213=DIRECTION('',(-1.,-8.16340459283203E-16,0.));
#15214=DIRECTION('',(0.,0.,-1.));
#15215=DIRECTION('',(-1.,-8.16340459283203E-16,0.));
#15216=DIRECTION('',(-0.707106781186548,5.77239874516094E-16,-0.707106781186548));
#15217=DIRECTION('',(-8.16340459283203E-16,-1.,0.));
#15218=DIRECTION('',(1.,-8.16340459283203E-16,0.));
#15219=DIRECTION('',(-4.63502542989784E-15,3.78375878823212E-30,-1.));
#15220=DIRECTION('',(-8.16340459283203E-16,-1.,0.));
#15221=DIRECTION('',(1.,-8.16340459283203E-16,0.));
#15222=DIRECTION('',(1.,-8.16340459283203E-16,4.63502542989784E-15));
#15223=DIRECTION('',(-8.16340459283203E-16,-1.,0.));
#15224=DIRECTION('',(1.,-8.16340459283203E-16,0.));
#15225=DIRECTION('',(0.707106781186548,-5.77239874516094E-16,0.707106781186548));
#15226=DIRECTION('',(-8.16340459283203E-16,-1.,0.));
#15227=DIRECTION('',(1.,-8.16340459283203E-16,0.));
#15228=DIRECTION('',(0.707106781186548,-5.77239874516094E-16,-0.707106781186548));
#15229=DIRECTION('',(-8.16340459283203E-16,-1.,0.));
#15230=DIRECTION('',(1.,-8.16340459283203E-16,0.));
#15231=DIRECTION('',(-1.,0.,0.));
#15232=DIRECTION('',(0.,0.,-1.));
#15233=DIRECTION('',(1.,-8.16340459283203E-16,0.));
#15234=DIRECTION('',(-8.16340459283203E-16,-1.,0.));
#15235=DIRECTION('',(1.,-8.16340459283203E-16,0.));
#15236=DIRECTION('',(0.,0.,-1.));
#15237=DIRECTION('',(1.,8.16340459283203E-16,0.));
#15238=DIRECTION('',(0.,0.,1.));
#15239=DIRECTION('',(-8.16340459283203E-16,1.,0.));
#15240=DIRECTION('',(-1.,-8.16340459283203E-16,0.));
#15241=DIRECTION('',(0.,0.,1.));
#15242=DIRECTION('',(1.,8.16340459283203E-16,0.));
#15243=DIRECTION('',(0.,0.,1.));
#15244=DIRECTION('',(0.707106781186548,5.77239874516094E-16,0.707106781186548));
#15245=DIRECTION('',(0.,-1.,0.));
#15246=DIRECTION('',(0.,0.,-1.));
#15247=DIRECTION('',(0.,-1.,0.));
#15248=DIRECTION('',(0.,0.,-1.));
#15249=DIRECTION('',(-1.,0.,0.));
#15250=DIRECTION('',(0.,0.,1.));
#15251=DIRECTION('',(-0.707106781186548,0.,0.707106781186548));
#15252=DIRECTION('',(0.,0.,-1.));
#15253=DIRECTION('',(-1.,0.,0.));
#15254=DIRECTION('',(-1.,8.16340459283204E-16,0.));
#15255=DIRECTION('',(0.,-1.,0.));
#15256=DIRECTION('',(-1.,0.,0.));
#15257=DIRECTION('',(0.,-1.,0.));
#15258=DIRECTION('',(1.,8.16340459283204E-16,0.));
#15259=DIRECTION('',(0.,-1.,0.));
#15260=DIRECTION('',(-1.,0.,0.));
#15261=DIRECTION('',(0.,0.,1.));
#15262=DIRECTION('',(0.,0.,-1.));
#15263=DIRECTION('',(0.,1.,0.));
#15264=DIRECTION('',(0.,0.,1.));
#15265=DIRECTION('',(0.,-1.,0.));
#15266=DIRECTION('',(0.,0.,1.));
#15267=DIRECTION('',(0.,-1.,0.));
#15268=DIRECTION('',(0.,-1.,0.));
#15269=DIRECTION('',(0.,0.,-1.));
#15270=DIRECTION('',(-8.16340459283203E-16,-1.,0.));
#15271=DIRECTION('',(1.,-8.16340459283203E-16,0.));
#15272=DIRECTION('',(-5.55765921160943E-16,-1.,-5.55765921160943E-16));
#15273=DIRECTION('',(0.,5.55765921160943E-16,-1.));
#15274=DIRECTION('',(0.,-1.,0.));
#15275=DIRECTION('',(0.,0.,-1.));
#15276=DIRECTION('',(-8.16340459283203E-16,-1.,0.));
#15277=DIRECTION('',(1.,-8.16340459283203E-16,0.));
#15278=DIRECTION('',(-8.16340459283203E-16,-1.,0.));
#15279=DIRECTION('',(1.,-8.16340459283203E-16,0.));
#15280=DIRECTION('',(0.,-1.,0.));
#15281=DIRECTION('',(0.,0.,-1.));
#15282=DIRECTION('',(0.,-1.,0.));
#15283=DIRECTION('',(0.,0.,-1.));
#15284=DIRECTION('',(-1.,0.,0.));
#15285=DIRECTION('',(0.,0.,1.));
#15286=DIRECTION('',(-1.,0.,0.));
#15287=DIRECTION('',(0.,0.,1.));
#15288=DIRECTION('',(1.,0.,0.));
#15289=DIRECTION('',(0.,0.,-1.));
#15290=DIRECTION('',(1.,0.,0.));
#15291=DIRECTION('',(0.,0.,-1.));
#15292=DIRECTION('',(0.,0.,1.));
#15293=DIRECTION('',(0.,-1.,0.));
#15294=DIRECTION('',(0.,0.,1.));
#15295=DIRECTION('',(1.,0.,0.));
#15296=DIRECTION('',(0.,0.,1.));
#15297=DIRECTION('',(1.,0.,0.));
#15298=DIRECTION('',(-1.,0.,0.));
#15299=DIRECTION('',(1.,0.,0.));
#15300=DIRECTION('',(0.,0.,-1.));
#15301=DIRECTION('',(0.316227766016833,-2.58149519748283E-16,-0.948683298050515));
#15302=DIRECTION('',(0.948683298050515,0.,0.316227766016834));
#15303=DIRECTION('',(0.,1.,0.));
#15304=DIRECTION('',(0.,0.,1.));
#15305=DIRECTION('',(1.,-8.16340459283203E-16,0.));
#15306=DIRECTION('',(8.16340459283203E-16,1.,0.));
#15307=DIRECTION('',(1.,0.,0.));
#15308=DIRECTION('',(0.,0.,-1.));
#15309=DIRECTION('',(1.,-8.16340459283203E-16,0.));
#15310=DIRECTION('',(-8.16340459283203E-16,-1.,0.));
#15311=DIRECTION('',(1.,-8.16340459283203E-16,0.));
#15312=DIRECTION('',(0.,0.,-1.));
#15313=DIRECTION('',(-1.,0.,0.));
#15314=DIRECTION('',(-8.16340459283203E-16,-1.,0.));
#15315=DIRECTION('',(1.,-8.16340459283203E-16,0.));
#15316=DIRECTION('',(0.,0.,-1.));
#15317=DIRECTION('',(-1.,0.,0.));
#15318=DIRECTION('',(0.,0.,1.));
#15319=DIRECTION('',(1.,0.,0.));
#15320=DIRECTION('',(0.,0.,-1.));
#15321=DIRECTION('',(0.,1.,0.));
#15322=DIRECTION('',(0.,0.,1.));
#15323=DIRECTION('',(-0.948683298050512,-2.5814951974829E-16,0.316227766016843));
#15324=DIRECTION('',(-0.316227766016843,0.,-0.948683298050512));
#15325=DIRECTION('',(0.714337645150975,-0.663151233126984,0.223499822644941));
#15326=DIRECTION('',(0.680361682610932,0.732876511313347,0.));
#15327=DIRECTION('',(-4.63502542989784E-15,3.78375878823212E-30,1.));
#15328=DIRECTION('',(1.,0.,4.63502542989784E-15));
#15329=DIRECTION('',(8.16340459283203E-16,1.,0.));
#15330=DIRECTION('',(1.,-8.16340459283203E-16,4.63502542989784E-15));
#15331=DIRECTION('',(8.16340459283203E-16,1.,0.));
#15332=DIRECTION('',(1.,-5.55765921160945E-16,4.63502542989784E-15));
#15333=DIRECTION('',(8.16340459283203E-16,1.,0.));
#15334=DIRECTION('',(-1.,8.16340459283203E-16,0.));
#15335=DIRECTION('',(-8.16340459283203E-16,-1.,0.));
#15336=DIRECTION('',(1.,-8.16340459283203E-16,0.));
#15337=DIRECTION('',(8.16340459283203E-16,1.,0.));
#15338=DIRECTION('',(-5.55765921160943E-16,-1.,-5.55765921160943E-16));
#15339=DIRECTION('',(0.,5.55765921160943E-16,-1.));
#15340=DIRECTION('',(4.63502542989784E-15,-3.78375878823212E-30,1.));
#15341=DIRECTION('',(1.,0.,-4.63502542989784E-15));
#15342=DIRECTION('',(0.,0.,-1.));
#15343=DIRECTION('',(-1.,0.,0.));
#15344=DIRECTION('',(-4.63502542989784E-15,3.78375878823212E-30,-1.));
#15345=DIRECTION('',(0.,0.,-1.));
#15346=DIRECTION('',(-1.,0.,0.));
#15347=DIRECTION('',(-8.16340459283203E-16,-1.,0.));
#15348=DIRECTION('',(1.,-8.16340459283203E-16,0.));
#15349=DIRECTION('',(-0.707106781186513,0.,-0.707106781186582));
#15350=DIRECTION('',(-0.707106781186582,0.,0.707106781186513));
#15351=DIRECTION('',(-8.16340459283203E-16,-1.,0.));
#15352=DIRECTION('',(1.,-8.16340459283203E-16,0.));
#15353=DIRECTION('',(0.707106781186548,-5.77239874516094E-16,0.707106781186548));
#15354=DIRECTION('',(0.707106781186548,0.,-0.707106781186548));
#15355=DIRECTION('',(0.707106781186548,0.,0.707106781186548));
#15356=DIRECTION('',(0.707106781186548,0.,-0.707106781186548));
#15357=DIRECTION('',(-0.707106781186548,5.77239874516094E-16,-0.707106781186548));
#15358=DIRECTION('',(-8.16340459283203E-16,-1.,0.));
#15359=DIRECTION('',(1.,-8.16340459283203E-16,0.));
#15360=DIRECTION('',(0.707106781186548,0.,-0.707106781186548));
#15361=DIRECTION('',(-0.707106781186548,0.,-0.707106781186548));
#15362=DIRECTION('',(-8.16340459283203E-16,-1.,0.));
#15363=DIRECTION('',(1.,-8.16340459283203E-16,0.));
#15364=DIRECTION('',(0.707106781186548,-5.77239874516094E-16,0.707106781186548));
#15365=DIRECTION('',(0.707106781186548,0.,-0.707106781186548));
#15366=DIRECTION('',(8.16340459283203E-16,1.,0.));
#15367=DIRECTION('',(0.707106781186548,-5.77239874516094E-16,-0.707106781186548));
#15368=DIRECTION('',(8.16340459283203E-16,1.,0.));
#15369=DIRECTION('',(0.707106781186548,-5.77239874516094E-16,-0.707106781186548));
#15370=DIRECTION('',(-8.16340459283203E-16,-1.,0.));
#15371=DIRECTION('',(1.,-8.16340459283203E-16,0.));
#15372=DIRECTION('',(0.707106781186548,0.,-0.707106781186548));
#15373=DIRECTION('',(-0.707106781186548,0.,-0.707106781186548));
#15374=DIRECTION('',(-0.707106781186548,0.,-0.707106781186548));
#15375=DIRECTION('',(-0.707106781186548,0.,0.707106781186548));
#15376=DIRECTION('',(-8.16340459283203E-16,-1.,0.));
#15377=DIRECTION('',(1.,-8.16340459283203E-16,0.));
#15378=DIRECTION('',(0.707106781186548,-5.77239874516094E-16,-0.707106781186548));
#15379=DIRECTION('',(-0.707106781186548,0.,-0.707106781186548));
#15380=DIRECTION('',(8.16340459283203E-16,1.,0.));
#15381=DIRECTION('',(-1.,8.16340459283203E-16,0.));
#15382=DIRECTION('',(8.16340459283203E-16,1.,0.));
#15383=DIRECTION('',(0.,1.,0.));
#15384=DIRECTION('',(0.,0.,1.));
#15385=DIRECTION('',(0.,0.,1.));
#15386=DIRECTION('',(1.,0.,0.));
#15387=DIRECTION('',(-0.707106781186548,0.,-0.707106781186548));
#15388=DIRECTION('',(-0.707106781186548,0.,0.707106781186548));
#15389=DIRECTION('',(0.707106781186548,0.,-0.707106781186548));
#15390=DIRECTION('',(-0.707106781186548,0.,-0.707106781186548));
#15391=DIRECTION('',(-0.707106781186548,5.77239874516094E-16,-0.707106781186548));
#15392=DIRECTION('',(-0.707106781186548,0.,0.707106781186548));
#15393=DIRECTION('',(-0.707106781186548,5.77239874516094E-16,-0.707106781186548));
#15394=DIRECTION('',(-0.707106781186548,5.77239874516094E-16,-0.707106781186548));
#15395=DIRECTION('',(0.,-1.,8.16340459283203E-16));
#15396=DIRECTION('',(0.,-8.16340459283203E-16,-1.));
#15397=DIRECTION('',(0.,1.,0.));
#15398=DIRECTION('',(0.,0.,1.));
#15399=DIRECTION('',(0.,1.,-8.16340459283203E-16));
#15400=DIRECTION('',(0.,0.,-1.));
#15401=DIRECTION('',(-1.,0.,0.));
#15402=DIRECTION('',(-0.948683298050512,-3.51497231354035E-16,0.316227766016843));
#15403=DIRECTION('',(-0.316227766016843,0.,-0.948683298050512));
#15404=DIRECTION('',(0.,-5.55765921160943E-16,1.));
#15405=DIRECTION('',(0.,-1.,-5.55765921160943E-16));
#15406=DIRECTION('',(0.,0.,-1.));
#15407=DIRECTION('',(-1.,0.,0.));
#15408=DIRECTION('',(0.,5.55765921160943E-16,-1.));
#15409=DIRECTION('',(-5.55765921160943E-16,-1.,-5.55765921160943E-16));
#15410=DIRECTION('',(0.,5.55765921160943E-16,-1.));
#15411=DIRECTION('',(1.,0.,0.));
#15412=DIRECTION('',(0.,0.,-1.));
#15413=DIRECTION('',(-5.55765921160943E-16,-1.,-5.55765921160943E-16));
#15414=DIRECTION('',(0.,5.55765921160943E-16,-1.));
#15415=DIRECTION('',(-1.,5.55765921160943E-16,0.));
#15416=DIRECTION('',(-5.55765921160943E-16,-1.,0.));
#15417=DIRECTION('',(-1.,0.,0.));
#15418=DIRECTION('',(0.,0.,1.));
#15419=DIRECTION('',(1.,-5.55765921160943E-16,0.));
#15420=DIRECTION('',(0.,1.,0.));
#15421=DIRECTION('',(0.,0.,1.));
#15422=DIRECTION('',(0.316227766016833,-3.51497231354025E-16,-0.948683298050515));
#15423=DIRECTION('',(0.948683298050515,0.,0.316227766016834));
#15424=DIRECTION('',(8.16340459283203E-16,1.,0.));
#15425=DIRECTION('',(-1.,8.16340459283203E-16,0.));
#15426=DIRECTION('',(-8.16340459283203E-16,-1.,0.));
#15427=DIRECTION('',(0.707106781186548,-5.77239874516094E-16,0.707106781186548));
#15428=DIRECTION('',(0.707106781186548,0.,-0.707106781186548));
#15429=DIRECTION('',(0.707106781186548,-5.77239874516094E-16,0.707106781186548));
#15430=DIRECTION('',(0.707106781186548,-5.77239874516094E-16,0.707106781186548));
#15431=DIRECTION('',(-0.707106781186548,0.,-0.707106781186548));
#15432=DIRECTION('',(-0.707106781186548,0.,0.707106781186548));
#15433=DIRECTION('',(0.,0.,1.));
#15434=DIRECTION('',(1.,0.,0.));
#15435=DIRECTION('',(0.,1.,0.));
#15436=DIRECTION('',(0.,0.,1.));
#15437=DIRECTION('',(-0.707106781186548,0.,0.707106781186548));
#15438=DIRECTION('',(0.707106781186548,0.,0.707106781186548));
#15439=DIRECTION('',(-8.16340459283203E-16,-1.,0.));
#15440=DIRECTION('',(1.,-8.16340459283203E-16,0.));
#15441=DIRECTION('',(0.707106781186548,-5.77239874516094E-16,-0.707106781186548));
#15442=DIRECTION('',(-0.707106781186548,5.77239874516094E-16,0.707106781186548));
#15443=DIRECTION('',(0.707106781186548,0.,0.707106781186548));
#15444=DIRECTION('',(8.16340459283203E-16,1.,0.));
#15445=DIRECTION('',(-1.,8.16340459283203E-16,0.));
#15446=DIRECTION('',(8.16340459283203E-16,1.,0.));
#15447=DIRECTION('',(-0.707106781186548,5.77239874516094E-16,-0.707106781186548));
#15448=DIRECTION('',(-0.707106781186548,0.,0.707106781186548));
#15449=DIRECTION('',(-0.707106781186548,-4.906538933387E-14,-0.707106781186548));
#15450=DIRECTION('',(-0.707106781186548,0.,0.707106781186548));
#15451=DIRECTION('',(0.707106781186548,-5.77239874516094E-16,0.707106781186548));
#15452=DIRECTION('',(-8.16340459283203E-16,-1.,0.));
#15453=DIRECTION('',(1.,-8.16340459283203E-16,0.));
#15454=DIRECTION('',(1.,0.,0.));
#15455=DIRECTION('',(0.,0.,-1.));
#15456=DIRECTION('',(-8.16340459283203E-16,-1.,0.));
#15457=DIRECTION('',(1.,-8.16340459283203E-16,0.));
#15458=DIRECTION('',(-1.,8.16340459283203E-16,-4.63502542989784E-15));
#15459=DIRECTION('',(-4.63502542989784E-15,0.,1.));
#15460=DIRECTION('',(1.,0.,0.));
#15461=DIRECTION('',(0.,0.,-1.));
#15462=DIRECTION('',(-8.16340459283203E-16,-1.,0.));
#15463=DIRECTION('',(1.,-8.16340459283203E-16,0.));
#15464=DIRECTION('',(1.,-8.16340459283203E-16,-4.63502542989784E-15));
#15465=DIRECTION('',(-4.63502542989784E-15,0.,-1.));
#15466=DIRECTION('',(8.16340459283203E-16,1.,4.93038065763132E-32));
#15467=DIRECTION('',(-4.63502542989784E-15,5.55765921160945E-16,-1.));
#15468=DIRECTION('',(0.086065286802243,-0.330240959762306,0.93996472003098));
#15469=DIRECTION('',(0.,-0.943465449244519,-0.331470882705914));
#15470=DIRECTION('',(0.223499803104178,-0.663151227416494,0.714337656566131));
#15471=DIRECTION('',(0.,-0.732876519655731,-0.680361673624626));
#15472=DIRECTION('',(-8.16340459283203E-16,-1.,-4.93038065763135E-32));
#15473=DIRECTION('',(1.,-8.16340459283203E-16,0.));
#15474=DIRECTION('',(8.16340459283203E-16,1.,0.));
#15475=DIRECTION('',(0.707106781186548,-5.77239874516094E-16,-0.707106781186548));
#15476=DIRECTION('',(-0.707106781186548,0.,-0.707106781186548));
#15477=DIRECTION('',(0.707106781186548,-7.85971703210581E-16,0.707106781186548));
#15478=DIRECTION('',(-0.707106781186548,7.85971703210581E-16,-0.707106781186548));
#15479=DIRECTION('',(-0.707106781186548,0.,0.707106781186548));
#15480=DIRECTION('',(0.707106781186548,-7.85971703210581E-16,0.707106781186548));
#15481=DIRECTION('',(-4.63502542989784E-15,5.55765921160945E-16,-1.));
#15482=DIRECTION('',(-1.,0.,4.63502542989784E-15));
#15483=DIRECTION('',(0.,0.,1.));
#15484=DIRECTION('',(1.,0.,0.));
#15485=DIRECTION('',(-4.63502542989784E-15,5.55765921160945E-16,-1.));
#15486=DIRECTION('',(-5.55765921160943E-16,-1.,-5.55765921160943E-16));
#15487=DIRECTION('',(0.,5.55765921160943E-16,-1.));
#15488=DIRECTION('',(-1.,0.,0.));
#15489=DIRECTION('',(0.,0.,1.));
#15490=DIRECTION('',(-5.55765921160943E-16,-1.,-5.55765921160943E-16));
#15491=DIRECTION('',(0.,5.55765921160943E-16,-1.));
#15492=DIRECTION('',(1.,-5.55765921160945E-16,4.63502542989784E-15));
#15493=DIRECTION('',(4.63502542989784E-15,0.,-1.));
#15494=DIRECTION('',(1.,-5.55765921160945E-16,4.63502542989784E-15));
#15495=DIRECTION('',(0.00207480580926268,0.00751277021846059,0.999969626270968));
#15496=DIRECTION('',(0.,-0.999971778622113,0.00751278638907134));
#15497=DIRECTION('',(-8.16340459283203E-16,-1.,-4.93038065763135E-32));
#15498=DIRECTION('',(1.,-8.16340459283203E-16,0.));
#15499=DIRECTION('',(8.16340459283203E-16,1.,0.));
#15500=DIRECTION('',(-0.707106781186548,5.77239874516094E-16,0.707106781186548));
#15501=DIRECTION('',(0.707106781186548,0.,0.707106781186548));
#15502=DIRECTION('',(-0.707106781186548,7.85971703210581E-16,-0.707106781186548));
#15503=DIRECTION('',(0.707106781186548,-7.85971703210581E-16,0.707106781186548));
#15504=DIRECTION('',(0.707106781186548,0.,-0.707106781186548));
#15505=DIRECTION('',(-0.707106781186548,7.85971703210581E-16,-0.707106781186548));
#15506=DIRECTION('',(-5.55765921160943E-16,-1.,-5.55765921160943E-16));
#15507=DIRECTION('',(0.,5.55765921160943E-16,-1.));
#15508=DIRECTION('',(0.,0.,-1.));
#15509=DIRECTION('',(-1.,0.,0.));
#15510=DIRECTION('',(0.,0.,-1.));
#15511=DIRECTION('',(-1.,0.,0.));
#15512=DIRECTION('',(0.,0.,-1.));
#15513=DIRECTION('',(-1.,0.,0.));
#15514=DIRECTION('',(-8.16340459283203E-16,-1.,0.));
#15515=DIRECTION('',(1.,-8.16340459283203E-16,0.));
#15516=DIRECTION('',(1.,0.,0.));
#15517=DIRECTION('',(0.,0.,-1.));
#15518=DIRECTION('',(1.,-8.16340459283203E-16,0.));
#15519=DIRECTION('',(8.16340459283203E-16,1.,0.));
#15520=DIRECTION('',(1.,-8.16340459283203E-16,0.));
#15521=DIRECTION('',(8.16340459283203E-16,1.,0.));
#15522=DIRECTION('',(0.,-1.,0.));
#15523=DIRECTION('',(0.,0.,-1.));
#15524=DIRECTION('',(0.,-1.,0.));
#15525=DIRECTION('',(0.,0.,-1.));
#15526=DIRECTION('',(-1.,0.,0.));
#15527=DIRECTION('',(0.,0.,1.));
#15528=DIRECTION('',(0.,-1.,0.));
#15529=DIRECTION('',(0.,0.,-1.));
#15530=DIRECTION('',(-1.,0.,0.));
#15531=DIRECTION('',(0.,0.,1.));
#15532=DIRECTION('',(0.,-1.,0.));
#15533=DIRECTION('',(0.,0.,-1.));
#15534=DIRECTION('',(-0.707106781186548,0.,0.707106781186548));
#15535=DIRECTION('',(0.,0.,-1.));
#15536=DIRECTION('',(-1.,0.,0.));
#15537=DIRECTION('',(0.,-1.,0.));
#15538=DIRECTION('',(0.,-1.,0.));
#15539=DIRECTION('',(-1.,8.16340459283203E-16,0.));
#15540=DIRECTION('',(0.,-1.,0.));
#15541=DIRECTION('',(-1.,0.,0.));
#15542=DIRECTION('',(0.,0.,1.));
#15543=DIRECTION('',(0.,-1.,0.));
#15544=DIRECTION('',(0.,0.,1.));
#15545=DIRECTION('',(0.,1.,0.));
#15546=DIRECTION('',(0.,0.,1.));
#15547=DIRECTION('',(1.,0.,0.));
#15548=DIRECTION('',(-8.16340459283203E-16,-1.,0.));
#15549=DIRECTION('',(0.,0.,1.));
#15550=DIRECTION('',(1.,-8.16340459283203E-16,0.));
#15551=DIRECTION('',(-1.,8.16340459283203E-16,0.));
#15552=DIRECTION('',(0.,1.,0.));
#15553=DIRECTION('',(1.,-8.16340459283203E-16,0.));
#15554=DIRECTION('',(1.,0.,0.));
#15555=DIRECTION('',(0.,0.,-1.));
#15556=DIRECTION('',(0.,0.,-1.));
#15557=DIRECTION('',(0.,0.,-1.));
#15558=DIRECTION('',(1.,0.,0.));
#15559=DIRECTION('',(0.,8.16340459283203E-16,-1.));
#15560=DIRECTION('',(0.,-1.,8.16340459283203E-16));
#15561=DIRECTION('',(1.,0.,0.));
#15562=DIRECTION('',(0.,0.,-1.));
#15563=DIRECTION('',(8.16340459283203E-16,1.,0.));
#15564=DIRECTION('',(0.,0.,1.));
#15565=DIRECTION('',(1.,0.,0.));
#15566=DIRECTION('',(8.16340459283203E-16,1.,0.));
#15567=DIRECTION('',(-8.16340459283203E-16,-1.,0.));
#15568=DIRECTION('',(1.,-8.16340459283203E-16,0.));
#15569=DIRECTION('',(0.707106781186548,-5.77239874516094E-16,0.707106781186548));
#15570=DIRECTION('',(0.707106781186548,0.,-0.707106781186548));
#15571=DIRECTION('',(4.08170229641602E-16,1.,4.08170229641602E-16));
#15572=DIRECTION('',(0.707106781186548,0.,-0.707106781186548));
#15573=DIRECTION('',(4.08170229641602E-16,1.,4.08170229641602E-16));
#15574=DIRECTION('',(8.16340459283203E-16,1.,0.));
#15575=DIRECTION('',(-1.,8.16340459283203E-16,0.));
#15576=DIRECTION('',(4.08170229641602E-16,1.,-4.08170229641602E-16));
#15577=DIRECTION('',(8.16340459283203E-16,1.,0.));
#15578=DIRECTION('',(-1.,8.16340459283203E-16,0.));
#15579=DIRECTION('',(0.,0.,1.));
#15580=DIRECTION('',(1.,0.,0.));
#15581=DIRECTION('',(-0.707106781186548,5.77239874516094E-16,-0.707106781186548));
#15582=DIRECTION('',(-0.707106781186548,0.,0.707106781186548));
#15583=DIRECTION('',(-0.707106781186548,5.77239874516094E-16,0.707106781186548));
#15584=DIRECTION('',(0.707106781186548,0.,0.707106781186548));
#15585=DIRECTION('',(-0.707106781186548,5.77239874516094E-16,-0.707106781186548));
#15586=DIRECTION('',(-0.707106781186548,0.,0.707106781186548));
#15587=DIRECTION('',(-0.707106781186548,5.77239874516094E-16,-0.707106781186548));
#15588=DIRECTION('',(-0.707106781186548,0.,-0.707106781186548));
#15589=DIRECTION('',(0.707106781186548,-5.77239874516094E-16,0.707106781186548));
#15590=DIRECTION('',(0.707106781186548,0.,-0.707106781186548));
#15591=DIRECTION('',(0.707106781186548,0.,0.707106781186548));
#15592=DIRECTION('',(0.707106781186548,-5.77239874516094E-16,0.707106781186548));
#15593=DIRECTION('',(0.707106781186548,0.,-0.707106781186548));
#15594=DIRECTION('',(0.707106781186548,-5.77239874516094E-16,0.707106781186548));
#15595=DIRECTION('',(0.,0.,1.));
#15596=DIRECTION('',(1.,0.,0.));
#15597=DIRECTION('',(6.93889390390703E-14,-1.,0.));
#15598=DIRECTION('',(1.,6.93889390390703E-14,0.));
#15599=DIRECTION('',(-0.707106781186548,5.77239874516094E-16,0.707106781186548));
#15600=DIRECTION('',(0.707106781186548,0.,0.707106781186548));
#15601=DIRECTION('',(-8.16340459283203E-16,-1.,0.));
#15602=DIRECTION('',(1.,-8.16340459283203E-16,0.));
#15603=DIRECTION('',(-0.707106781186548,5.77239874516094E-16,0.707106781186548));
#15604=DIRECTION('',(-0.707106781186548,5.77239874516094E-16,0.707106781186548));
#15605=DIRECTION('',(0.707106781186548,0.,0.707106781186548));
#15606=DIRECTION('',(8.16340459283203E-16,1.,0.));
#15607=DIRECTION('',(-1.,8.16340459283203E-16,0.));
#15608=DIRECTION('',(4.08170229641602E-16,1.,-4.08170229641602E-16));
#15609=DIRECTION('',(0.707106781186548,-5.77239874516094E-16,-0.707106781186548));
#15610=DIRECTION('',(-0.707106781186548,0.,-0.707106781186548));
#15611=DIRECTION('',(-0.707106781186548,5.77239874516094E-16,0.707106781186548));
#15612=DIRECTION('',(0.707106781186548,0.,0.707106781186548));
#15613=DIRECTION('',(0.,-1.,0.));
#15614=DIRECTION('',(0.,0.,-1.));
#15615=DIRECTION('',(0.,-1.,0.));
#15616=DIRECTION('',(0.,0.,-1.));
#15617=DIRECTION('',(0.,0.,1.));
#15618=DIRECTION('',(1.,0.,0.));
#15619=DIRECTION('',(0.,0.,1.));
#15620=DIRECTION('',(1.,0.,0.));
#15621=DIRECTION('',(0.,0.,1.));
#15622=DIRECTION('',(1.,0.,0.));
#15623=DIRECTION('',(0.,-1.,0.));
#15624=DIRECTION('',(0.,0.,-1.));
#15625=DIRECTION('',(0.,1.,0.));
#15626=DIRECTION('',(0.,0.,1.));
#15627=DIRECTION('',(0.,0.,1.));
#15628=DIRECTION('',(1.,0.,0.));
#15629=DIRECTION('',(1.,0.,0.));
#15630=DIRECTION('',(0.,0.,-1.));
#15631=DIRECTION('',(-1.,-8.16340459283203E-16,0.));
#15632=DIRECTION('',(8.16340459283203E-16,-1.,0.));
#15633=DIRECTION('',(0.,-1.,0.));
#15634=DIRECTION('',(0.,0.,-1.));
#15635=DIRECTION('',(0.,-1.,0.));
#15636=DIRECTION('',(0.,0.,-1.));
#15637=DIRECTION('',(-8.16340459283203E-16,-1.,0.));
#15638=DIRECTION('',(1.,-8.16340459283203E-16,0.));
#15639=DIRECTION('',(0.,0.,1.));
#15640=DIRECTION('',(1.,0.,0.));
#15641=DIRECTION('',(1.,0.,0.));
#15642=DIRECTION('',(0.,0.,-1.));
#15643=DIRECTION('',(-1.,8.16340459283203E-16,0.));
#15644=DIRECTION('',(-8.16340459283203E-16,-1.,0.));
#15645=DIRECTION('',(1.,0.,0.));
#15646=DIRECTION('',(0.,0.,-1.));
#15647=DIRECTION('',(0.,0.,1.));
#15648=DIRECTION('',(1.,0.,0.));
#15649=DIRECTION('',(0.,0.,1.));
#15650=DIRECTION('',(1.,0.,0.));
#15651=DIRECTION('',(0.,0.,1.));
#15652=DIRECTION('',(1.,0.,0.));
#15653=DIRECTION('',(0.,0.,1.));
#15654=DIRECTION('',(1.,0.,0.));
#15655=DIRECTION('',(0.,0.,1.));
#15656=DIRECTION('',(1.,0.,0.));
#15657=DIRECTION('',(1.,0.,0.));
#15658=DIRECTION('',(0.,0.,-1.));
#15659=DIRECTION('',(0.,0.,-1.));
#15660=DIRECTION('',(-1.,0.,0.));
#15661=DIRECTION('',(0.,0.,1.));
#15662=DIRECTION('',(1.,0.,0.));
#15663=DIRECTION('',(1.,-8.16340459283203E-16,0.));
#15664=DIRECTION('',(8.16340459283203E-16,1.,0.));
#15665=DIRECTION('',(1.,0.,0.));
#15666=DIRECTION('',(0.,0.,-1.));
#15667=DIRECTION('',(0.,0.,1.));
#15668=DIRECTION('',(1.,0.,0.));
#15669=CARTESIAN_POINT('',(0.,0.,0.));
#15670=CARTESIAN_POINT('',(0.042,0.1135,0.0495));
#15671=CARTESIAN_POINT('',(0.042,0.03774,0.0495));
#15672=CARTESIAN_POINT('',(0.042,0.03774,0.05));
#15673=CARTESIAN_POINT('',(0.0415,0.03774,0.0495));
#15674=CARTESIAN_POINT('',(0.042,0.1135,0.05));
#15675=CARTESIAN_POINT('',(0.042,0.0391,0.05));
#15676=CARTESIAN_POINT('',(0.042,0.0391,0.0495));
#15677=CARTESIAN_POINT('',(0.0415,0.0391,0.0495));
#15678=CARTESIAN_POINT('',(0.0415,0.1135,0.0495));
#15679=CARTESIAN_POINT('',(0.0495,0.1135,0.042));
#15680=CARTESIAN_POINT('',(0.0495,0.02574,0.042));
#15681=CARTESIAN_POINT('',(0.05,0.02574,0.042));
#15682=CARTESIAN_POINT('',(0.0495,0.02574,0.0415));
#15683=CARTESIAN_POINT('',(0.05,0.1135,0.042));
#15684=CARTESIAN_POINT('',(0.05,0.0226,0.042));
#15685=CARTESIAN_POINT('',(0.0495,0.0226,0.042));
#15686=CARTESIAN_POINT('',(0.0495,0.0226,0.0415));
#15687=CARTESIAN_POINT('',(0.0495,0.1135,0.0415));
#15688=CARTESIAN_POINT('',(0.048437867965644,0.0221,0.048437867965644));
#15689=CARTESIAN_POINT('',(0.048437867965644,0.0221,0.04895));
#15690=CARTESIAN_POINT('',(0.048437867965644,0.01905,0.04895));
#15691=CARTESIAN_POINT('',(0.048437867965644,0.0221,0.04895));
#15692=CARTESIAN_POINT('',(0.048437867965644,0.01905,0.048437867965644));
#15693=CARTESIAN_POINT('',(0.04895,0.01905,0.048437867965644));
#15694=CARTESIAN_POINT('',(0.04895,0.0221,0.048437867965644));
#15695=CARTESIAN_POINT('',(0.04895,0.0221,0.048437867965644));
#15696=CARTESIAN_POINT('',(0.048437867965644,0.0221,0.048437867965644));
#15697=CARTESIAN_POINT('',(0.043813340594773,0.0169770500882837,0.0546081123589482));
#15698=CARTESIAN_POINT('',(0.0488085786437627,0.0165083271686377,0.04895));
#15699=CARTESIAN_POINT('',(0.0485967392464233,0.0169770500882837,0.0498247137072979));
#15700=CARTESIAN_POINT('',(0.0481721825406948,0.0165083271686377,0.0495863961030679));
#15701=CARTESIAN_POINT('',(0.0481222586343889,0.0164377241032533,0.049536472196762));
#15702=CARTESIAN_POINT('',(0.0481284263776389,0.0164464466094068,0.049542639940012));
#15703=CARTESIAN_POINT('',(0.0434381472767379,0.0164464466094068,0.054232919040913));
#15704=CARTESIAN_POINT('',(0.049542639940012,0.0164464466094068,0.0481284263776389));
#15705=CARTESIAN_POINT('',(0.049542639940012,0.0164464466094068,0.0481284263776389));
#15706=CARTESIAN_POINT('',(0.0495863961030679,0.0165083271686377,0.0481721825406948));
#15707=CARTESIAN_POINT('',(0.0495863961030679,0.0165083271686377,0.0481721825406949));
#15708=CARTESIAN_POINT('',(0.0497031450980178,0.0166734351806893,0.0482889315356448));
#15709=CARTESIAN_POINT('',(0.0497857266889597,0.0168356501404192,0.0484357565407727));
#15710=CARTESIAN_POINT('',(0.0498247137072979,0.0169770500882837,0.0485967392464233));
#15711=CARTESIAN_POINT('',(0.0498247137072979,0.0169770500882837,0.0485967392464233));
#15712=CARTESIAN_POINT('',(0.043813340594773,0.0169770500882837,0.0546081123589482));
#15713=CARTESIAN_POINT('',(0.043313340594773,0.0176841568694703,0.0541081123589482));
#15714=CARTESIAN_POINT('',(0.0489445450103292,0.0175105086918034,0.049869636424032));
#15715=CARTESIAN_POINT('',(0.0489222508731698,0.0174163992289668,0.0498684630483921));
#15716=CARTESIAN_POINT('',(0.0488813199674632,0.0173230897923867,0.049866308790197));
#15717=CARTESIAN_POINT('',(0.0488217522932094,0.017234915282887,0.0498631736494468));
#15718=CARTESIAN_POINT('',(0.0489445450103293,0.0175105086918034,0.049869636424032));
#15719=CARTESIAN_POINT('',(0.0488217522932095,0.0172349152828871,0.0498631736494467));
#15720=CARTESIAN_POINT('',(0.0488217522932094,0.017234915282887,0.0498631736494468));
#15721=CARTESIAN_POINT('',(0.0487568310466204,0.0171397724733953,0.0498604367710702));
#15722=CARTESIAN_POINT('',(0.0486810784143289,0.0170523526949283,0.0498468685069911));
#15723=CARTESIAN_POINT('',(0.0485967392464233,0.0169770500882838,0.049824713707298));
#15724=CARTESIAN_POINT('',(0.0498247137072979,0.0169770500882838,0.0485967392464233));
#15725=CARTESIAN_POINT('',(0.0498341039109788,0.0170064993779049,0.0486289966275269));
#15726=CARTESIAN_POINT('',(0.0498553112952695,0.0170872673058773,0.0487141395629953));
#15727=CARTESIAN_POINT('',(0.049862426803305,0.0172139105505753,0.0488075622165169));
#15728=CARTESIAN_POINT('',(0.0498631736494468,0.0172349152828871,0.0488217522932095));
#15729=CARTESIAN_POINT('',(0.0498631736494468,0.0172349152828871,0.0488217522932095));
#15730=CARTESIAN_POINT('',(0.0498631736494468,0.0172349152828871,0.0488217522932095));
#15731=CARTESIAN_POINT('',(0.049866308790197,0.0173230897923867,0.0488813199674632));
#15732=CARTESIAN_POINT('',(0.049868463048392,0.0174163992289668,0.0489222508731698));
#15733=CARTESIAN_POINT('',(0.049869636424032,0.0175105086918034,0.0489445450103293));
#15734=CARTESIAN_POINT('',(0.049869636424032,0.0175105086918034,0.0489445450103292));
#15735=CARTESIAN_POINT('',(0.0440097048350931,0.0175105086918034,0.0548044765992682));
#15736=CARTESIAN_POINT('',(0.0441661510346884,0.0187652703644666,0.0549609227988635));
#15737=CARTESIAN_POINT('',(0.0492877429660314,0.0187652703644666,0.0498393308675206));
#15738=CARTESIAN_POINT('',(0.0492164444216292,0.0185603697432132,0.0498595345718615));
#15739=CARTESIAN_POINT('',(0.0491437422409628,0.0183093297911529,0.049869636424032));
#15740=CARTESIAN_POINT('',(0.0490696364240321,0.0180121505082858,0.049869636424032));
#15741=CARTESIAN_POINT('',(0.0492877429660313,0.0187652703644666,0.0498393308675205));
#15742=CARTESIAN_POINT('',(0.049069636424032,0.0180121505082858,0.049869636424032));
#15743=CARTESIAN_POINT('',(0.0489593827200185,0.0175700109023919,0.049869636424032));
#15744=CARTESIAN_POINT('',(0.049869636424032,0.0201042531630218,0.0495913315261816));
#15745=CARTESIAN_POINT('',(0.049869636424032,0.0180121505082858,0.049069636424032));
#15746=CARTESIAN_POINT('',(0.049869636424032,0.0180121505082857,0.049069636424032));
#15747=CARTESIAN_POINT('',(0.049869636424032,0.0183093297911529,0.0491437422409627));
#15748=CARTESIAN_POINT('',(0.0498595345718615,0.0185603697432132,0.0492164444216292));
#15749=CARTESIAN_POINT('',(0.0498393308675206,0.0187652703644666,0.0492877429660313));
#15750=CARTESIAN_POINT('',(0.0498393308675205,0.0187652703644666,0.0492877429660313));
#15751=CARTESIAN_POINT('',(0.0441661510346884,0.0187652703644666,0.0549609227988635));
#15752=CARTESIAN_POINT('',(0.0440268781866244,0.0188,0.0548216499507995));
#15753=CARTESIAN_POINT('',(0.0440268781866244,0.019,0.0548216499507995));
#15754=CARTESIAN_POINT('',(0.0490500983300345,0.019,0.0497984298073893));
#15755=CARTESIAN_POINT('',(0.0497984298073893,0.019,0.0490500983300345));
#15756=CARTESIAN_POINT('',(0.0490500983300345,0.019,0.0497984298073893));
#15757=CARTESIAN_POINT('',(0.0491743073525593,0.019,0.0498327571559749));
#15758=CARTESIAN_POINT('',(0.0493174814159383,0.0188911078610881,0.0498409717600686));
#15759=CARTESIAN_POINT('',(0.0492877429660313,0.0187652703644666,0.0498393308675205));
#15760=CARTESIAN_POINT('',(0.0498393308675205,0.0187652703644666,0.0492877429660313));
#15761=CARTESIAN_POINT('',(0.0498409712637598,0.0188910697999345,0.0493174724211654));
#15762=CARTESIAN_POINT('',(0.0498327337378256,0.019,0.0491742226170478));
#15763=CARTESIAN_POINT('',(0.0497984298073894,0.019,0.0490500983300345));
#15764=CARTESIAN_POINT('',(0.0440268781866244,0.019,0.0548216499507995));
#15765=CARTESIAN_POINT('',(0.0440268781866244,0.019,0.0498));
#15766=CARTESIAN_POINT('',(0.0487585786437627,0.019,0.0498));
#15767=CARTESIAN_POINT('',(0.049,0.019,0.0498));
#15768=CARTESIAN_POINT('',(0.049,0.019,0.049));
#15769=CARTESIAN_POINT('',(0.049,0.019,0.049));
#15770=CARTESIAN_POINT('',(0.0498,0.019,0.049));
#15771=CARTESIAN_POINT('',(0.0498,0.019,0.0548216499507995));
#15772=CARTESIAN_POINT('',(0.0498,0.019,0.0487585786437627));
#15773=CARTESIAN_POINT('',(0.0489,0.019,0.0487585786437627));
#15774=CARTESIAN_POINT('',(0.0495363961030679,0.019,0.0481221825406948));
#15775=CARTESIAN_POINT('',(0.0489292893218814,0.019,0.0475150757595083));
#15776=CARTESIAN_POINT('',(0.049,0.019,0.0475857864376269));
#15777=CARTESIAN_POINT('',(0.049,0.019,0.0548216499507995));
#15778=CARTESIAN_POINT('',(0.049,0.019,0.048437867965644));
#15779=CARTESIAN_POINT('',(0.048437867965644,0.019,0.048437867965644));
#15780=CARTESIAN_POINT('',(0.048437867965644,0.019,0.049));
#15781=CARTESIAN_POINT('',(0.0440268781866244,0.019,0.049));
#15782=CARTESIAN_POINT('',(0.0475857864376269,0.019,0.049));
#15783=CARTESIAN_POINT('',(0.0481221825406948,0.019,0.0495363961030679));
#15784=CARTESIAN_POINT('',(0.0481221825406948,0.019,0.0495363961030679));
#15785=CARTESIAN_POINT('',(0.0487585786437627,0.019,0.0489));
#15786=CARTESIAN_POINT('',(0.047373654403271,0.0161,0.0489292893218814));
#15787=CARTESIAN_POINT('',(0.0480221825406948,0.0221,0.0495778174593052));
#15788=CARTESIAN_POINT('',(0.0473650757595083,0.0221,0.0489207106781187));
#15789=CARTESIAN_POINT('',(0.0468908224620156,0.0221,0.048446457380626));
#15790=CARTESIAN_POINT('',(0.0469563243775248,0.0167930190374251,0.0485119592961352));
#15791=CARTESIAN_POINT('',(0.0469563243775248,0.0167930190374251,0.0485119592961352));
#15792=CARTESIAN_POINT('',(0.0472391240116844,0.0168,0.0487947589302947));
#15793=CARTESIAN_POINT('',(0.0472391240116843,0.0164,0.0487947589302947));
#15794=CARTESIAN_POINT('',(0.0478077156995203,0.0164,0.0493633506181307));
#15795=CARTESIAN_POINT('',(0.0478077156995203,0.0164,0.0493633506181307));
#15796=CARTESIAN_POINT('',(0.0478077156995203,0.0168,0.0493633506181307));
#15797=CARTESIAN_POINT('',(0.0480077156995203,0.0165171572875254,0.0495633506181307));
#15798=CARTESIAN_POINT('',(0.0480077156995203,0.0165171572875254,0.0495633506181307));
#15799=CARTESIAN_POINT('',(0.0480514718625762,0.0165790378467564,0.0496071067811865));
#15800=CARTESIAN_POINT('',(0.0480514718625762,0.019,0.0496071067811865));
#15801=CARTESIAN_POINT('',(0.0480514718625762,0.0189,0.0496071067811865));
#15802=CARTESIAN_POINT('',(0.0474443650813896,0.0189,0.049));
#15803=CARTESIAN_POINT('',(0.0475150757595083,0.0189,0.0490707106781187));
#15804=CARTESIAN_POINT('',(0.0475150757595083,0.01905,0.0490707106781187));
#15805=CARTESIAN_POINT('',(0.0473650757595083,0.01905,0.0489207106781187));
#15806=CARTESIAN_POINT('',(0.0473650757595083,0.0161,0.0489207106781187));
#15807=CARTESIAN_POINT('',(0.0476564971157456,0.0161,0.0461008621971352));
#15808=CARTESIAN_POINT('',(0.0487947589302947,0.0168,0.0472391240116843));
#15809=CARTESIAN_POINT('',(0.0487947589302947,0.0164,0.0472391240116843));
#15810=CARTESIAN_POINT('',(0.0485119592961352,0.0167930190374251,0.0469563243775248));
#15811=CARTESIAN_POINT('',(0.0484464358398279,0.0221017452406438,0.0468908009212175));
#15812=CARTESIAN_POINT('',(0.048446457380626,0.0221,0.0468908224620156));
#15813=CARTESIAN_POINT('',(0.0495778174593052,0.0221,0.0480221825406948));
#15814=CARTESIAN_POINT('',(0.0489207106781187,0.0221,0.0473650757595083));
#15815=CARTESIAN_POINT('',(0.0489207106781187,0.0161,0.0473650757595083));
#15816=CARTESIAN_POINT('',(0.0489207106781187,0.01905,0.0473650757595083));
#15817=CARTESIAN_POINT('',(0.0490707106781187,0.01905,0.0475150757595083));
#15818=CARTESIAN_POINT('',(0.0490707106781187,0.0189,0.0475150757595083));
#15819=CARTESIAN_POINT('',(0.0496071067811866,0.0189,0.0480514718625762));
#15820=CARTESIAN_POINT('',(0.0496071067811866,0.0189,0.0480514718625762));
#15821=CARTESIAN_POINT('',(0.0496071067811866,0.0168518300528922,0.0480514718625762));
#15822=CARTESIAN_POINT('',(0.0496071067811866,0.0165790378467564,0.0480514718625762));
#15823=CARTESIAN_POINT('',(0.0495571828748807,0.016508434781372,0.0480015479562703));
#15824=CARTESIAN_POINT('',(0.0495633506181307,0.0165171572875254,0.0480077156995203));
#15825=CARTESIAN_POINT('',(0.0493633506181307,0.0168,0.0478077156995203));
#15826=CARTESIAN_POINT('',(0.0493633506181307,0.0164,0.0478077156995203));
#15827=CARTESIAN_POINT('',(0.0487947589302947,0.0164,0.0472391240116844));
#15828=CARTESIAN_POINT('',(0.0422660560462026,0.0167912737967813,0.0530608278103777));
#15829=CARTESIAN_POINT('',(0.0422660560462026,0.0167912737967813,0.0530608278103777));
#15830=CARTESIAN_POINT('',(0.0469563351471036,0.0167912737967813,0.0483705487094767));
#15831=CARTESIAN_POINT('',(0.0483705487094767,0.0167912737967813,0.0469563351471036));
#15832=CARTESIAN_POINT('',(0.0468908116907963,0.0221,0.0483050252531694));
#15833=CARTESIAN_POINT('',(0.0468908116907963,0.0221,0.0483050252531694));
#15834=CARTESIAN_POINT('',(0.0422005325898953,0.0221,0.0529953043540704));
#15835=CARTESIAN_POINT('',(0.0483050252531694,0.0221,0.0468908116907963));
#15836=CARTESIAN_POINT('',(0.0483705487094767,0.0167912737967813,0.0469563351471036));
#15837=CARTESIAN_POINT('',(0.042619555588902,0.0168,0.0534143273530771));
#15838=CARTESIAN_POINT('',(0.042619555588902,0.0163,0.0534143273530771));
#15839=CARTESIAN_POINT('',(0.047309834689803,0.0163,0.0487240482521761));
#15840=CARTESIAN_POINT('',(0.0487240482521761,0.0163,0.047309834689803));
#15841=CARTESIAN_POINT('',(0.047309834689803,0.0168,0.0487240482521761));
#15842=CARTESIAN_POINT('',(0.0487240482521761,0.0168,0.047309834689803));
#15843=CARTESIAN_POINT('',(0.0431881472767379,0.0163,0.053982919040913));
#15844=CARTESIAN_POINT('',(0.0431881472767379,0.0163,0.053982919040913));
#15845=CARTESIAN_POINT('',(0.0478784263776389,0.0163,0.049292639940012));
#15846=CARTESIAN_POINT('',(0.049292639940012,0.0163,0.0478784263776389));
#15847=CARTESIAN_POINT('',(0.047309834689803,0.0163,0.0487240482521761));
#15848=CARTESIAN_POINT('',(0.049292639940012,0.0163,0.0478784263776389));
#15849=CARTESIAN_POINT('',(0.0431881472767379,0.0168,0.053982919040913));
#15850=CARTESIAN_POINT('',(0.0478784263776389,0.0168,0.049292639940012));
#15851=CARTESIAN_POINT('',(0.049292639940012,0.0168,0.0478784263776389));
#15852=CARTESIAN_POINT('',(0.04895,0.015185786437627,0.0473029437251523));
#15853=CARTESIAN_POINT('',(0.04895,0.01905,0.0473029437251523));
#15854=CARTESIAN_POINT('',(0.04895,0.01905,0.0474357864376269));
#15855=CARTESIAN_POINT('',(0.04895,0.015185786437627,0.0474357864376269));
#15856=CARTESIAN_POINT('',(0.04895,0.0221,0.0474357864376269));
#15857=CARTESIAN_POINT('',(0.04895,0.0221,0.0473029437251523));
#15858=CARTESIAN_POINT('',(0.0488,0.015185786437627,0.04895));
#15859=CARTESIAN_POINT('',(0.0488,0.0221,0.04895));
#15860=CARTESIAN_POINT('',(0.0474357864376269,0.0221,0.04895));
#15861=CARTESIAN_POINT('',(0.0474357864376269,0.015185786437627,0.04895));
#15862=CARTESIAN_POINT('',(0.0474357864376269,0.01905,0.04895));
#15863=CARTESIAN_POINT('',(0.0488,0.01905,0.04895));
#15864=CARTESIAN_POINT('',(0.0499,0.363492188198565,0.0415));
#15865=CARTESIAN_POINT('',(0.0499,0.341507328691112,0.129663723887819));
#15866=CARTESIAN_POINT('',(0.0499,0.0180295153260524,0.049));
#15867=CARTESIAN_POINT('',(0.0499,0.0175278735095701,0.0488749085862972));
#15868=CARTESIAN_POINT('',(0.0499000000000003,0.01752787350957,0.0488749085862972));
#15869=CARTESIAN_POINT('',(0.0499000000000003,0.01744117222714,0.0488532884070525));
#15870=CARTESIAN_POINT('',(0.0499000000000003,0.017358494204465,0.048814511759541));
#15871=CARTESIAN_POINT('',(0.0499000000000003,0.017279839441545,0.0487585786437627));
#15872=CARTESIAN_POINT('',(0.0499,0.0172798394415454,0.0487585786437627));
#15873=CARTESIAN_POINT('',(0.0499,0.019,0.0487585786437627));
#15874=CARTESIAN_POINT('',(0.0499,0.0189,0.0487585786437627));
#15875=CARTESIAN_POINT('',(0.0499,0.0189,0.0415));
#15876=CARTESIAN_POINT('',(0.0499,0.0189,0.049));
#15877=CARTESIAN_POINT('',(0.0499,0.363492188198565,0.049));
#15878=CARTESIAN_POINT('',(0.049,0.363492188198565,0.049));
#15879=CARTESIAN_POINT('',(0.049898233533313,0.0189,0.0490563606212888));
#15880=CARTESIAN_POINT('',(0.0498955763998217,0.0189,0.0490987080324734));
#15881=CARTESIAN_POINT('',(0.0498857916962506,0.0188880474662671,0.0491767637271376));
#15882=CARTESIAN_POINT('',(0.0498614852347518,0.01882249007596,0.0492609715469438));
#15883=CARTESIAN_POINT('',(0.0498659062489246,0.0187826351822333,0.0492453698597492));
#15884=CARTESIAN_POINT('',(0.049898233533313,0.0189,0.0490563606212888));
#15885=CARTESIAN_POINT('',(0.0498659062489246,0.0187826351822333,0.0492453698597492));
#15886=CARTESIAN_POINT('',(0.0498659062489249,0.018782635182233,0.0492453698597492));
#15887=CARTESIAN_POINT('',(0.0498877040391765,0.0185861308101577,0.049168445812065));
#15888=CARTESIAN_POINT('',(0.0499000000000003,0.0183350908580973,0.0490857244816832));
#15889=CARTESIAN_POINT('',(0.0499000000000003,0.018029515326052,0.049));
#15890=CARTESIAN_POINT('',(0.049,0.0189,0.049));
#15891=CARTESIAN_POINT('',(0.049,0.363492188198565,0.0499));
#15892=CARTESIAN_POINT('',(0.0487585786437627,0.0168518300528922,0.0499));
#15893=CARTESIAN_POINT('',(0.0487585786437627,0.0189,0.0499));
#15894=CARTESIAN_POINT('',(0.0487585786437627,0.0172798394415454,0.0499));
#15895=CARTESIAN_POINT('',(0.048758578643763,0.017279839441545,0.0499));
#15896=CARTESIAN_POINT('',(0.0488145117595412,0.017358494204465,0.0499));
#15897=CARTESIAN_POINT('',(0.0488532884070528,0.01744117222714,0.0499));
#15898=CARTESIAN_POINT('',(0.0488749085862975,0.01752787350957,0.0499));
#15899=CARTESIAN_POINT('',(0.0488749085862973,0.0175278735095701,0.0499));
#15900=CARTESIAN_POINT('',(0.130102789775432,0.343268071518284,0.0499));
#15901=CARTESIAN_POINT('',(0.049,0.0180295153260525,0.0499));
#15902=CARTESIAN_POINT('',(0.049,0.363492188198565,0.0499));
#15903=CARTESIAN_POINT('',(0.049,0.0189,0.0499));
#15904=CARTESIAN_POINT('',(0.049,0.0189,0.0499));
#15905=CARTESIAN_POINT('',(0.049,0.363492188198565,0.049));
#15906=CARTESIAN_POINT('',(0.0490000000000003,0.018029515326052,0.0499));
#15907=CARTESIAN_POINT('',(0.0490857244816835,0.0183350908580976,0.0499));
#15908=CARTESIAN_POINT('',(0.0491684458120653,0.018586130810158,0.0498877040391762));
#15909=CARTESIAN_POINT('',(0.0492453698597495,0.018782635182233,0.0498659062489246));
#15910=CARTESIAN_POINT('',(0.0492453698597493,0.0187826351822333,0.0498659062489246));
#15911=CARTESIAN_POINT('',(0.0492453698597493,0.0187826351822333,0.0498659062489246));
#15912=CARTESIAN_POINT('',(0.0492609701513346,0.0188224865108418,0.0498614856302224));
#15913=CARTESIAN_POINT('',(0.0491767975795088,0.0188880181918793,0.0498857797365807));
#15914=CARTESIAN_POINT('',(0.0490987806337588,0.0189,0.0498955718443767));
#15915=CARTESIAN_POINT('',(0.0490563606212889,0.0189,0.049898233533313));
#15916=CARTESIAN_POINT('',(0.0490563606212888,0.0189,0.049898233533313));
#15917=CARTESIAN_POINT('',(0.049,0.0189,0.049));
#15918=CARTESIAN_POINT('',(0.0487585786437624,0.363492188198565,0.0489));
#15919=CARTESIAN_POINT('',(0.0487585786437627,0.0165790378467564,0.0489));
#15920=CARTESIAN_POINT('',(0.0485232015356078,0.0170477607664024,0.0498719041192199));
#15921=CARTESIAN_POINT('',(0.0485232015356078,0.017047760766402,0.0498719041192199));
#15922=CARTESIAN_POINT('',(0.0486126305712291,0.017118456154649,0.0498935621689939));
#15923=CARTESIAN_POINT('',(0.0486921885279832,0.01719581571303,0.0499));
#15924=CARTESIAN_POINT('',(0.0487585786437627,0.017279839441545,0.0499));
#15925=CARTESIAN_POINT('',(0.0487585786437627,0.0189,0.0489));
#15926=CARTESIAN_POINT('',(0.0489,0.363492188198565,0.0487585786437627));
#15927=CARTESIAN_POINT('',(0.0499000000000003,0.017279839441545,0.0487585786437627));
#15928=CARTESIAN_POINT('',(0.0499000000000003,0.01719581571303,0.0486921885279832));
#15929=CARTESIAN_POINT('',(0.0498935621689942,0.017118456154649,0.0486126305712291));
#15930=CARTESIAN_POINT('',(0.0498719041192202,0.017047760766402,0.0485232015356078));
#15931=CARTESIAN_POINT('',(0.0498719041192199,0.0170477607664024,0.0485232015356078));
#15932=CARTESIAN_POINT('',(0.0498719041192202,0.017047760766402,0.0485232015356078));
#15933=CARTESIAN_POINT('',(0.0498429616156609,0.0169532877391763,0.0484036939987437));
#15934=CARTESIAN_POINT('',(0.0497783907646635,0.016797046765961,0.0482227558460528));
#15935=CARTESIAN_POINT('',(0.0496071067811868,0.016579037846756,0.0480514718625762));
#15936=CARTESIAN_POINT('',(0.0489,0.0189,0.0487585786437627));
#15937=CARTESIAN_POINT('',(0.049,0.01905,0.0473029437251523));
#15938=CARTESIAN_POINT('',(0.049,0.01905,0.0475857864376269));
#15939=CARTESIAN_POINT('',(0.049,0.01905,0.048437867965644));
#15940=CARTESIAN_POINT('',(0.048437867965644,0.01905,0.048437867965644));
#15941=CARTESIAN_POINT('',(0.048437867965644,0.01905,0.049));
#15942=CARTESIAN_POINT('',(0.0488,0.01905,0.049));
#15943=CARTESIAN_POINT('',(0.0475857864376269,0.01905,0.049));
#15944=CARTESIAN_POINT('',(0.0474357864376269,0.0161,0.04885));
#15945=CARTESIAN_POINT('',(0.0474357864376269,0.0221,0.04885));
#15946=CARTESIAN_POINT('',(0.0474357864376269,0.01905,0.04885));
#15947=CARTESIAN_POINT('',(0.0475857864376269,0.019,0.049));
#15948=CARTESIAN_POINT('',(0.0475150757595083,0.019,0.0490707106781186));
#15949=CARTESIAN_POINT('',(0.0475150757595083,0.0189,0.0490707106781187));
#15950=CARTESIAN_POINT('',(0.0475072460395146,0.019,0.0489738198672967));
#15951=CARTESIAN_POINT('',(0.0474708940197202,0.0189687584525898,0.0490265289383297));
#15952=CARTESIAN_POINT('',(0.0474365353613959,0.018900000002057,0.0489921702800063));
#15953=CARTESIAN_POINT('',(0.0474357864434456,0.0190238196733753,0.04895));
#15954=CARTESIAN_POINT('',(0.0473943650945976,0.0190021301753076,0.0489500000132095));
#15955=CARTESIAN_POINT('',(0.047365075765327,0.0189714590201254,0.0489207106839374));
#15956=CARTESIAN_POINT('',(0.0474357864376269,0.01905,0.04895));
#15957=CARTESIAN_POINT('',(0.0473943650813896,0.01905,0.04895));
#15958=CARTESIAN_POINT('',(0.0473650757595083,0.01905,0.0489207106781187));
#15959=CARTESIAN_POINT('',(0.0475857864376269,0.0189,0.049));
#15960=CARTESIAN_POINT('',(0.0474443650813896,0.0189,0.0488585786437627));
#15961=CARTESIAN_POINT('',(0.0481221825406948,0.0189,0.0495363961030679));
#15962=CARTESIAN_POINT('',(0.0487585786437627,0.0189,0.0489));
#15963=CARTESIAN_POINT('',(0.0487585786437627,0.0189,0.0498));
#15964=CARTESIAN_POINT('',(0.0440268781866244,0.0189,0.0498));
#15965=CARTESIAN_POINT('',(0.049,0.0189,0.0498));
#15966=CARTESIAN_POINT('',(0.049,0.0189,0.049));
#15967=CARTESIAN_POINT('',(0.0490500983300345,0.0189,0.0497984298073893));
#15968=CARTESIAN_POINT('',(0.0490563606212888,0.0189,0.049898233533313));
#15969=CARTESIAN_POINT('',(0.0490563606212887,0.0190000000000001,0.049898233533313));
#15970=CARTESIAN_POINT('',(0.0490500983300344,0.019,0.0497984298073892));
#15971=CARTESIAN_POINT('',(0.0491005018150483,0.0188999996303631,0.0498954638470204));
#15972=CARTESIAN_POINT('',(0.0491122205313418,0.0189822296746274,0.0498947284204179));
#15973=CARTESIAN_POINT('',(0.0491077222609422,0.019,0.0498143551428832));
#15974=CARTESIAN_POINT('',(0.0491834502939669,0.0188860736310837,0.0498842603036558));
#15975=CARTESIAN_POINT('',(0.0492021592701506,0.0189414280676485,0.0498809439671197));
#15976=CARTESIAN_POINT('',(0.0492133420870665,0.0189721466306792,0.0498362844309919));
#15977=CARTESIAN_POINT('',(0.0492599853127169,0.0188199606622774,0.0498617647016736));
#15978=CARTESIAN_POINT('',(0.0492844867573878,0.0188300226212558,0.049854376395565));
#15979=CARTESIAN_POINT('',(0.0493053872025619,0.0188399218482486,0.0498403020241539));
#15980=CARTESIAN_POINT('',(0.0492453698597492,0.0187826351822333,0.0498659062489246));
#15981=CARTESIAN_POINT('',(0.0492702077543297,0.0187732984384928,0.049858867991934));
#15982=CARTESIAN_POINT('',(0.0492877429660313,0.0187652703644666,0.0498393308675205));
#15983=CARTESIAN_POINT('',(0.0492884815757643,0.0187650925913108,0.0498402143323452));
#15984=CARTESIAN_POINT('',(0.0492761330922573,0.0187709187603954,0.0498517104850913));
#15985=CARTESIAN_POINT('',(0.0492622513839121,0.01877668251637,0.0498616369986244));
#15986=CARTESIAN_POINT('',(0.0492472478285359,0.0187822467342211,0.0498696787586621));
#15987=CARTESIAN_POINT('',(0.0490115687582093,0.0180129030338272,0.0498361619315206));
#15988=CARTESIAN_POINT('',(0.049069636424032,0.0180121505082858,0.049869636424032));
#15989=CARTESIAN_POINT('',(0.0490516077132593,0.0180166462198547,0.0498887862034582));
#15990=CARTESIAN_POINT('',(0.0490258897710837,0.018023059348981,0.0499));
#15991=CARTESIAN_POINT('',(0.049,0.0180295153260525,0.0499));
#15992=CARTESIAN_POINT('',(0.0488897462959865,0.0175873757201587,0.0498));
#15993=CARTESIAN_POINT('',(0.0488749085862972,0.0175278735095701,0.0499));
#15994=CARTESIAN_POINT('',(0.0489007983573809,0.0175214175324986,0.0499));
#15995=CARTESIAN_POINT('',(0.0489265162995565,0.0175150044033723,0.0498887862034582));
#15996=CARTESIAN_POINT('',(0.0489445450103292,0.0175105086918034,0.049869636424032));
#15997=CARTESIAN_POINT('',(0.0481612017668582,0.0177123270613653,0.0497994226589259));
#15998=CARTESIAN_POINT('',(0.0487585786354246,0.0172798394488496,0.0498999931171276));
#15999=CARTESIAN_POINT('',(0.0487826255763301,0.0172626730979185,0.0498999457688385));
#16000=CARTESIAN_POINT('',(0.048806433969941,0.0172457144965022,0.0498860142175976));
#16001=CARTESIAN_POINT('',(0.0488216730876769,0.0172349725417249,0.0498630941516701));
#16002=CARTESIAN_POINT('',(0.0480978659844842,0.0177484642931665,0.0491080813656912));
#16003=CARTESIAN_POINT('',(0.0485237248152524,0.0170477875034011,0.0498698153569478));
#16004=CARTESIAN_POINT('',(0.0485483017881219,0.0170178646882081,0.0498755893904595));
#16005=CARTESIAN_POINT('',(0.0485781931711413,0.0169890573112852,0.0498570371486939));
#16006=CARTESIAN_POINT('',(0.048596536419546,0.0169773425544341,0.0498244941005299));
#16007=CARTESIAN_POINT('',(0.0485232015356078,0.0170477607664024,0.0498719041192199));
#16008=CARTESIAN_POINT('',(0.0485660792997665,0.0169960816286978,0.0498822883165211));
#16009=CARTESIAN_POINT('',(0.0485967392464233,0.0169770500882837,0.0498247137072979));
#16010=CARTESIAN_POINT('',(0.048345734521262,0.0169074696473702,0.04982892490779));
#16011=CARTESIAN_POINT('',(0.0483877644652678,0.0168455647790201,0.0498477401808344));
#16012=CARTESIAN_POINT('',(0.0484370189335185,0.0168367589692511,0.0497860324169863));
#16013=CARTESIAN_POINT('',(0.0481805876084052,0.0167433753617395,0.0497362225270156));
#16014=CARTESIAN_POINT('',(0.0482252695511018,0.0166712749921103,0.0497637521145706));
#16015=CARTESIAN_POINT('',(0.0482883867119563,0.0166726646836194,0.0497026002743003));
#16016=CARTESIAN_POINT('',(0.0480514718625762,0.0165790378467563,0.0496071067811865));
#16017=CARTESIAN_POINT('',(0.0481014718625762,0.0165083271686377,0.0496571067811865));
#16018=CARTESIAN_POINT('',(0.0481721825406948,0.0165083271686377,0.0495863961030679));
#16019=CARTESIAN_POINT('',(0.0481221825406948,0.0165790378467564,0.0495363961030679));
#16020=CARTESIAN_POINT('',(0.0484536196956741,0.0170477607664025,0.0498678332580472));
#16021=CARTESIAN_POINT('',(0.0480784263776389,0.0165171572875254,0.049492639940012));
#16022=CARTESIAN_POINT('',(0.0478784263776389,0.0168,0.049292639940012));
#16023=CARTESIAN_POINT('',(0.0478784263776389,0.0164,0.049292639940012));
#16024=CARTESIAN_POINT('',(0.0474443650813896,0.0164,0.0488585786437627));
#16025=CARTESIAN_POINT('',(0.047309834689803,0.0164,0.0487240482521761));
#16026=CARTESIAN_POINT('',(0.047309834689803,0.0168,0.0487240482521761));
#16027=CARTESIAN_POINT('',(0.0470270350556435,0.0167930190374251,0.0484412486180166));
#16028=CARTESIAN_POINT('',(0.0470357132165557,0.0160899123512551,0.0484499267789288));
#16029=CARTESIAN_POINT('',(0.0469615331401343,0.0221,0.0483757467025073));
#16030=CARTESIAN_POINT('',(0.04885,0.0161,0.0474357864376269));
#16031=CARTESIAN_POINT('',(0.04885,0.0221,0.0474357864376269));
#16032=CARTESIAN_POINT('',(0.04885,0.01905,0.0474357864376269));
#16033=CARTESIAN_POINT('',(0.04895,0.01905,0.0474357864376269));
#16034=CARTESIAN_POINT('',(0.04895,0.01905,0.0473943650813896));
#16035=CARTESIAN_POINT('',(0.0489207106781187,0.01905,0.0473650757595082));
#16036=CARTESIAN_POINT('',(0.04895,0.0190238196733753,0.0474357864434456));
#16037=CARTESIAN_POINT('',(0.0489500000132094,0.0190021301753076,0.0473943650945976));
#16038=CARTESIAN_POINT('',(0.0489207106839374,0.0189714590201254,0.047365075765327));
#16039=CARTESIAN_POINT('',(0.0489738198672955,0.019,0.0475072460395146));
#16040=CARTESIAN_POINT('',(0.0490265289383288,0.0189687584525906,0.0474708940197195));
#16041=CARTESIAN_POINT('',(0.0489921702800063,0.018900000002057,0.0474365353613959));
#16042=CARTESIAN_POINT('',(0.049,0.019,0.0475857864376269));
#16043=CARTESIAN_POINT('',(0.0490707106781186,0.019,0.0475150757595083));
#16044=CARTESIAN_POINT('',(0.0490707106781187,0.0189,0.0475150757595083));
#16045=CARTESIAN_POINT('',(0.049,0.0189,0.0475857864376269));
#16046=CARTESIAN_POINT('',(0.0501313708498985,0.0189,0.0487171572875254));
#16047=CARTESIAN_POINT('',(0.0495363961030679,0.0189,0.0481221825406948));
#16048=CARTESIAN_POINT('',(0.0489,0.0189,0.0487585786437627));
#16049=CARTESIAN_POINT('',(0.0498,0.0189,0.0487585786437627));
#16050=CARTESIAN_POINT('',(0.0498,0.0189,0.0548216499507995));
#16051=CARTESIAN_POINT('',(0.0498,0.0189,0.049));
#16052=CARTESIAN_POINT('',(0.049,0.0189,0.049));
#16053=CARTESIAN_POINT('',(0.0497984298073894,0.0189,0.0490500983300345));
#16054=CARTESIAN_POINT('',(0.0498659062489246,0.0187826351822333,0.0492453698597492));
#16055=CARTESIAN_POINT('',(0.049858867991934,0.0187732984384927,0.0492702077543297));
#16056=CARTESIAN_POINT('',(0.0498393308675205,0.0187652703644666,0.0492877429660313));
#16057=CARTESIAN_POINT('',(0.0498617577273089,0.018820029036162,0.0492600099251366));
#16058=CARTESIAN_POINT('',(0.0498543689442095,0.0188301248608539,0.0492845104009876));
#16059=CARTESIAN_POINT('',(0.0498403049895066,0.0188400582606013,0.0493054182535401));
#16060=CARTESIAN_POINT('',(0.0498842668467283,0.0188860712779542,0.0491835455040998));
#16061=CARTESIAN_POINT('',(0.0498809587217054,0.0189413933161302,0.0492022215025802));
#16062=CARTESIAN_POINT('',(0.0498363347957517,0.0189721421492141,0.0492134712701691));
#16063=CARTESIAN_POINT('',(0.0498954859090731,0.018899999687451,0.0491001502065173));
#16064=CARTESIAN_POINT('',(0.0498947539074154,0.0189823588159528,0.0491118148049013));
#16065=CARTESIAN_POINT('',(0.0498142283127426,0.0190000000000001,0.0491072632643317));
#16066=CARTESIAN_POINT('',(0.0498982335333133,0.0189000000000001,0.0490563606212886));
#16067=CARTESIAN_POINT('',(0.0498982335333133,0.0190000000000001,0.0490563606212885));
#16068=CARTESIAN_POINT('',(0.0497984298073896,0.0190000000000001,0.0490500983300343));
#16069=CARTESIAN_POINT('',(0.0498696787586553,0.0187822467342246,0.0492472478285228));
#16070=CARTESIAN_POINT('',(0.0498616369986499,0.0187766825163676,0.0492622513839192));
#16071=CARTESIAN_POINT('',(0.0498517104851195,0.0187709187603897,0.0492761330922757));
#16072=CARTESIAN_POINT('',(0.0498402143323546,0.0187650925913083,0.0492884815757738));
#16073=CARTESIAN_POINT('',(0.0498361619318652,0.0180129030340995,0.0490115687581627));
#16074=CARTESIAN_POINT('',(0.0499,0.0180295153260524,0.049));
#16075=CARTESIAN_POINT('',(0.0499,0.018023059348981,0.0490258897710837));
#16076=CARTESIAN_POINT('',(0.0498887862034582,0.0180166462198546,0.0490516077132593));
#16077=CARTESIAN_POINT('',(0.049869636424032,0.0180121505082857,0.049069636424032));
#16078=CARTESIAN_POINT('',(0.0498,0.0201216179807885,0.0495216951021496));
#16079=CARTESIAN_POINT('',(0.049869636424032,0.0175105086918034,0.0489445450103293));
#16080=CARTESIAN_POINT('',(0.0498887862034582,0.0175150044033723,0.0489265162995565));
#16081=CARTESIAN_POINT('',(0.0499,0.0175214175324986,0.0489007983573809));
#16082=CARTESIAN_POINT('',(0.0499,0.0175278735095701,0.0488749085862973));
#16083=CARTESIAN_POINT('',(0.0497994226589155,0.0177123270613769,0.0481612017668338));
#16084=CARTESIAN_POINT('',(0.0498630941516701,0.0172349725417249,0.0488216730876769));
#16085=CARTESIAN_POINT('',(0.0498860142175976,0.0172457144965022,0.048806433969941));
#16086=CARTESIAN_POINT('',(0.0498999457688385,0.0172626730979186,0.0487826255763301));
#16087=CARTESIAN_POINT('',(0.0498999931171275,0.0172798394488496,0.0487585786354246));
#16088=CARTESIAN_POINT('',(0.0491123359486913,0.0177712076356468,0.048067453084848));
#16089=CARTESIAN_POINT('',(0.0498247295004962,0.0169770276593417,0.0485967551709937));
#16090=CARTESIAN_POINT('',(0.0498585753995689,0.0169881918849661,0.0485789127290796));
#16091=CARTESIAN_POINT('',(0.049878260243485,0.0170175717158501,0.048548436831729));
#16092=CARTESIAN_POINT('',(0.0498721679318718,0.0170477626257998,0.0485231402194139));
#16093=CARTESIAN_POINT('',(0.0483404415568409,0.016589236364597,0.0493236684556045));
#16094=CARTESIAN_POINT('',(0.0496071067811866,0.0165790378467564,0.0480514718625762));
#16095=CARTESIAN_POINT('',(0.0496332867199665,0.0165420138222718,0.0480776518013561));
#16096=CARTESIAN_POINT('',(0.0496234201275526,0.0165083271686378,0.0481351585162102));
#16097=CARTESIAN_POINT('',(0.0495863961030679,0.0165083271686378,0.0481721825406949));
#16098=CARTESIAN_POINT('',(0.0498678332580472,0.0170477607664025,0.0484536196956741));
#16099=CARTESIAN_POINT('',(0.049492639940012,0.0165171572875254,0.0480784263776389));
#16100=CARTESIAN_POINT('',(0.049292639940012,0.0168,0.0478784263776389));
#16101=CARTESIAN_POINT('',(0.049292639940012,0.0164,0.0478784263776389));
#16102=CARTESIAN_POINT('',(0.049292639940012,0.0164,0.0478784263776389));
#16103=CARTESIAN_POINT('',(0.0487240482521761,0.0164,0.047309834689803));
#16104=CARTESIAN_POINT('',(0.0487240482521761,0.0168,0.047309834689803));
#16105=CARTESIAN_POINT('',(0.0484412486180166,0.0167930190374251,0.0470270350556435));
#16106=CARTESIAN_POINT('',(0.0484412486180166,0.0167930190374251,0.0470270350556435));
#16107=CARTESIAN_POINT('',(0.0483757467025073,0.0221,0.0469615331401343));
#16108=CARTESIAN_POINT('',(0.05,0.0221,0.05001));
#16109=CARTESIAN_POINT('',(0.042,0.0221,0.0495));
#16110=CARTESIAN_POINT('',(0.049,0.0221,0.0495));
#16111=CARTESIAN_POINT('',(0.042,0.0221,0.0495));
#16112=CARTESIAN_POINT('',(0.042,0.0221,0.042));
#16113=CARTESIAN_POINT('',(0.042,0.0221,0.042));
#16114=CARTESIAN_POINT('',(0.0495,0.0221,0.042));
#16115=CARTESIAN_POINT('',(0.0495,0.0221,0.042));
#16116=CARTESIAN_POINT('',(0.0495,0.0221,0.049));
#16117=CARTESIAN_POINT('',(0.0495,0.0221,0.049));
#16118=CARTESIAN_POINT('',(0.049,0.0221,0.049));
#16119=CARTESIAN_POINT('',(0.0415,0.0396,0.05001));
#16120=CARTESIAN_POINT('',(0.0461715728752538,0.0396,0.0477272077938642));
#16121=CARTESIAN_POINT('',(0.0453937554159486,0.0396,0.0485050252531694));
#16122=CARTESIAN_POINT('',(0.0451059348446489,0.0396,0.048));
#16123=CARTESIAN_POINT('',(0.0441993650813896,0.0396,0.0473106349186104));
#16124=CARTESIAN_POINT('',(0.0458887301627792,0.0396,0.049));
#16125=CARTESIAN_POINT('',(0.05,0.0396,0.049));
#16126=CARTESIAN_POINT('',(0.0425,0.0396,0.049));
#16127=CARTESIAN_POINT('',(0.0425,0.0396,0.05));
#16128=CARTESIAN_POINT('',(0.0425,0.0396,0.048));
#16129=CARTESIAN_POINT('',(0.0465,0.0396,0.048));
#16130=CARTESIAN_POINT('',(0.0490414213562373,0.0396,0.0472029437251523));
#16131=CARTESIAN_POINT('',(0.0478686291501015,0.0396,0.0460301515190165));
#16132=CARTESIAN_POINT('',(0.0490414213562373,0.0396,0.0472029437251523));
#16133=CARTESIAN_POINT('',(0.0489,0.0396,0.0473443650813896));
#16134=CARTESIAN_POINT('',(0.0491,0.0396,0.0473443650813896));
#16135=CARTESIAN_POINT('',(0.0491,0.0396,0.0488));
#16136=CARTESIAN_POINT('',(0.0491,0.0396,0.0488));
#16137=CARTESIAN_POINT('',(0.0488,0.0396,0.0488));
#16138=CARTESIAN_POINT('',(0.0488,0.0396,0.0491));
#16139=CARTESIAN_POINT('',(0.0473443650813896,0.0396,0.0491));
#16140=CARTESIAN_POINT('',(0.0473443650813896,0.0396,0.0491));
#16141=CARTESIAN_POINT('',(0.0473443650813896,0.0396,0.0489));
#16142=CARTESIAN_POINT('',(0.0472029437251523,0.0396,0.0490414213562373));
#16143=CARTESIAN_POINT('',(0.0460301515190165,0.0396,0.0478686291501015));
#16144=CARTESIAN_POINT('',(0.0460301515190165,0.0396,0.0478686291501015));
#16145=CARTESIAN_POINT('',(0.0461715728752538,0.0396,0.0477272077938642));
#16146=CARTESIAN_POINT('',(0.0460301515190165,0.0396,0.0475857864376269));
#16147=CARTESIAN_POINT('',(0.0468029689783217,0.0396,0.0468129689783217));
#16148=CARTESIAN_POINT('',(0.0475857864376269,0.0396,0.0460301515190165));
#16149=CARTESIAN_POINT('',(0.0477272077938642,0.0396,0.0461715728752538));
#16150=CARTESIAN_POINT('',(0.0465,0.0396,0.047));
#16151=CARTESIAN_POINT('',(0.042,0.0396,0.047));
#16152=CARTESIAN_POINT('',(0.0465,0.0396,0.047));
#16153=CARTESIAN_POINT('',(0.042,0.0396,0.0495));
#16154=CARTESIAN_POINT('',(0.042,0.0396,0.0495));
#16155=CARTESIAN_POINT('',(0.05,0.0396,0.0495));
#16156=CARTESIAN_POINT('',(0.049,0.0396,0.0495));
#16157=CARTESIAN_POINT('',(0.049,0.0396,0.049));
#16158=CARTESIAN_POINT('',(0.0495,0.0396,0.049));
#16159=CARTESIAN_POINT('',(0.0495,0.0396,0.05001));
#16160=CARTESIAN_POINT('',(0.0495,0.0396,0.042));
#16161=CARTESIAN_POINT('',(0.0465,0.0396,0.042));
#16162=CARTESIAN_POINT('',(0.0465,0.0396,0.042));
#16163=CARTESIAN_POINT('',(0.0465,0.0396,-0.047));
#16164=CARTESIAN_POINT('',(0.0477272077938642,0.0396,0.0461715728752538));
#16165=CARTESIAN_POINT('',(0.0475,0.0396,0.0450952938136683));
#16166=CARTESIAN_POINT('',(0.0485050252531694,0.0396,0.0453937554159486));
#16167=CARTESIAN_POINT('',(0.0475,0.0396,-0.047));
#16168=CARTESIAN_POINT('',(0.0475,0.0396,0.0425));
#16169=CARTESIAN_POINT('',(0.05,0.0396,0.0425));
#16170=CARTESIAN_POINT('',(0.049,0.0396,0.0425));
#16171=CARTESIAN_POINT('',(0.049,0.0396,0.05));
#16172=CARTESIAN_POINT('',(0.049,0.0396,0.0458887301627792));
#16173=CARTESIAN_POINT('',(0.0484343145750508,0.0396,0.04532304473783));
#16174=CARTESIAN_POINT('',(0.,0.0375,0.));
#16175=CARTESIAN_POINT('',(0.0461715728752538,0.0375,0.0477272077938642));
#16176=CARTESIAN_POINT('',(0.0453462433504317,0.0375,0.047));
#16177=CARTESIAN_POINT('',(0.0453937554159486,0.0375,0.046949390334559));
#16178=CARTESIAN_POINT('',(0.0465,0.0375,0.047));
#16179=CARTESIAN_POINT('',(0.0465,0.0375,0.047));
#16180=CARTESIAN_POINT('',(0.0465,0.0375,-0.047));
#16181=CARTESIAN_POINT('',(0.0465,0.0375,0.0458431457505076));
#16182=CARTESIAN_POINT('',(0.0461715728752538,0.0375,0.0461715728752538));
#16183=CARTESIAN_POINT('',(0.05,0.1135,0.0415));
#16184=CARTESIAN_POINT('',(0.048,0.1135,0.0415));
#16185=CARTESIAN_POINT('',(0.048,0.03774,0.0415));
#16186=CARTESIAN_POINT('',(0.048,0.02574,0.0415));
#16187=CARTESIAN_POINT('',(0.05,0.02574,0.0415));
#16188=CARTESIAN_POINT('',(0.042,0.0226,0.0415));
#16189=CARTESIAN_POINT('',(0.042,0.0226,0.0415));
#16190=CARTESIAN_POINT('',(0.042,0.1135,0.0415));
#16191=CARTESIAN_POINT('',(0.042,0.0375,0.0415));
#16192=CARTESIAN_POINT('',(0.05,0.0375,0.0415));
#16193=CARTESIAN_POINT('',(0.0465,0.0375,0.0415));
#16194=CARTESIAN_POINT('',(0.0465,0.1135,0.0415));
#16195=CARTESIAN_POINT('',(0.0465,0.0391,0.0415));
#16196=CARTESIAN_POINT('',(0.0495,0.0391,0.0415));
#16197=CARTESIAN_POINT('',(0.0495,0.0391,0.0415));
#16198=CARTESIAN_POINT('',(0.0495,0.1135,0.0415));
#16199=CARTESIAN_POINT('',(0.0495,0.03774,0.0415));
#16200=CARTESIAN_POINT('',(0.05,0.03774,0.0415));
#16201=CARTESIAN_POINT('',(0.0415,0.1135,0.05));
#16202=CARTESIAN_POINT('',(0.0415,0.1135,0.048));
#16203=CARTESIAN_POINT('',(0.0415,0.02574,0.048));
#16204=CARTESIAN_POINT('',(0.0415,0.03774,0.048));
#16205=CARTESIAN_POINT('',(0.0415,0.03774,0.05));
#16206=CARTESIAN_POINT('',(0.0415,0.0391,0.047));
#16207=CARTESIAN_POINT('',(0.0415,0.0391,0.047));
#16208=CARTESIAN_POINT('',(0.0415,0.1135,0.047));
#16209=CARTESIAN_POINT('',(0.0415,0.0375,0.047));
#16210=CARTESIAN_POINT('',(0.0415,0.0375,0.05));
#16211=CARTESIAN_POINT('',(0.0415,0.0375,0.042));
#16212=CARTESIAN_POINT('',(0.0415,0.1135,0.042));
#16213=CARTESIAN_POINT('',(0.0415,0.0226,0.042));
#16214=CARTESIAN_POINT('',(0.0415,0.0226,0.0495));
#16215=CARTESIAN_POINT('',(0.0415,0.0226,0.0495));
#16216=CARTESIAN_POINT('',(0.0415,0.1135,0.0495));
#16217=CARTESIAN_POINT('',(0.0415,0.02574,0.0495));
#16218=CARTESIAN_POINT('',(0.0415,0.02574,0.05));
#16219=CARTESIAN_POINT('',(0.049,0.1135,0.049));
#16220=CARTESIAN_POINT('',(0.05,0.1135,0.049));
#16221=CARTESIAN_POINT('',(0.05,0.0391,0.049));
#16222=CARTESIAN_POINT('',(0.05,0.0367,0.049));
#16223=CARTESIAN_POINT('',(0.049,0.0391,0.049));
#16224=CARTESIAN_POINT('',(0.049,0.0391,0.05));
#16225=CARTESIAN_POINT('',(0.049,0.1135,0.05));
#16226=CARTESIAN_POINT('',(0.049,0.0367,0.05));
#16227=CARTESIAN_POINT('',(0.049,0.0367,0.049));
#16228=CARTESIAN_POINT('',(0.049,0.1135,0.049));
#16229=CARTESIAN_POINT('',(0.049,0.1135,0.05));
#16230=CARTESIAN_POINT('',(0.049,0.0226,0.05));
#16231=CARTESIAN_POINT('',(0.049,0.0335,0.05));
#16232=CARTESIAN_POINT('',(0.049,0.0226,0.049));
#16233=CARTESIAN_POINT('',(0.05,0.0226,0.049));
#16234=CARTESIAN_POINT('',(0.05,0.1135,0.049));
#16235=CARTESIAN_POINT('',(0.05,0.0335,0.049));
#16236=CARTESIAN_POINT('',(0.049,0.0335,0.049));
#16237=CARTESIAN_POINT('',(0.05,0.1135,0.05));
#16238=CARTESIAN_POINT('',(0.027,0.03774,0.05));
#16239=CARTESIAN_POINT('',(0.027,0.03774,0.05));
#16240=CARTESIAN_POINT('',(0.0156973454445427,0.05424,0.05));
#16241=CARTESIAN_POINT('',(0.0156973454445427,0.03424,0.05));
#16242=CARTESIAN_POINT('',(0.0156973454445427,0.03424,0.05));
#16243=CARTESIAN_POINT('',(-0.0156973454445427,0.03424,0.05));
#16244=CARTESIAN_POINT('',(-0.0156973454445427,0.05424,0.05));
#16245=CARTESIAN_POINT('',(-0.027,0.03774,0.05));
#16246=CARTESIAN_POINT('',(-0.027,0.03774,0.05));
#16247=CARTESIAN_POINT('',(-0.042,0.03774,0.05));
#16248=CARTESIAN_POINT('',(-0.042,0.1135,0.05));
#16249=CARTESIAN_POINT('',(-0.042,0.0391,0.05));
#16250=CARTESIAN_POINT('',(-0.05,0.0391,0.05));
#16251=CARTESIAN_POINT('',(-0.049,0.0391,0.05));
#16252=CARTESIAN_POINT('',(-0.049,0.1135,0.05));
#16253=CARTESIAN_POINT('',(-0.049,0.0367,0.05));
#16254=CARTESIAN_POINT('',(-0.049,0.0367,0.05));
#16255=CARTESIAN_POINT('',(-0.0483443650813896,0.0367,0.05));
#16256=CARTESIAN_POINT('',(-0.0483443650813896,0.0365,0.05));
#16257=CARTESIAN_POINT('',(-0.048061522368915,0.0365,0.05));
#16258=CARTESIAN_POINT('',(-0.048061522368915,0.0365,0.05));
#16259=CARTESIAN_POINT('',(-0.048061522368915,0.0337,0.05));
#16260=CARTESIAN_POINT('',(-0.0483443650813896,0.0337,0.05));
#16261=CARTESIAN_POINT('',(-0.0483443650813896,0.0335,0.05));
#16262=CARTESIAN_POINT('',(-0.05,0.0335,0.05));
#16263=CARTESIAN_POINT('',(-0.049,0.0335,0.05));
#16264=CARTESIAN_POINT('',(-0.049,0.1135,0.05));
#16265=CARTESIAN_POINT('',(-0.049,0.0226,0.05));
#16266=CARTESIAN_POINT('',(-0.049,0.0226,0.05));
#16267=CARTESIAN_POINT('',(-0.042,0.0226,0.05));
#16268=CARTESIAN_POINT('',(-0.042,0.1135,0.05));
#16269=CARTESIAN_POINT('',(-0.042,0.02574,0.05));
#16270=CARTESIAN_POINT('',(-0.027,0.02574,0.05));
#16271=CARTESIAN_POINT('',(-0.027,0.02574,0.05));
#16272=CARTESIAN_POINT('',(-0.0156973454445427,0.00924,0.05));
#16273=CARTESIAN_POINT('',(-0.0156973454445427,0.02924,0.05));
#16274=CARTESIAN_POINT('',(0.0156973454445427,0.02924,0.05));
#16275=CARTESIAN_POINT('',(0.0156973454445427,0.02924,0.05));
#16276=CARTESIAN_POINT('',(0.0156973454445427,0.00924,0.05));
#16277=CARTESIAN_POINT('',(0.027,0.02574,0.05));
#16278=CARTESIAN_POINT('',(0.027,0.02574,0.05));
#16279=CARTESIAN_POINT('',(0.042,0.02574,0.05));
#16280=CARTESIAN_POINT('',(0.042,0.1135,0.05));
#16281=CARTESIAN_POINT('',(0.042,0.0226,0.05));
#16282=CARTESIAN_POINT('',(0.049,0.0226,0.05));
#16283=CARTESIAN_POINT('',(0.05,0.0335,0.05));
#16284=CARTESIAN_POINT('',(0.0483443650813896,0.0335,0.05));
#16285=CARTESIAN_POINT('',(0.0483443650813896,0.0337,0.05));
#16286=CARTESIAN_POINT('',(0.048061522368915,0.0337,0.05));
#16287=CARTESIAN_POINT('',(0.048061522368915,0.0365,0.05));
#16288=CARTESIAN_POINT('',(0.048061522368915,0.0365,0.05));
#16289=CARTESIAN_POINT('',(0.0483443650813896,0.0365,0.05));
#16290=CARTESIAN_POINT('',(0.0483443650813896,0.0367,0.05));
#16291=CARTESIAN_POINT('',(0.049,0.0367,0.05));
#16292=CARTESIAN_POINT('',(0.05,0.0391,0.05));
#16293=CARTESIAN_POINT('',(0.05,0.1135,0.05));
#16294=CARTESIAN_POINT('',(0.05,0.0226,0.042));
#16295=CARTESIAN_POINT('',(0.05,0.02574,0.027));
#16296=CARTESIAN_POINT('',(0.05,0.02574,0.027));
#16297=CARTESIAN_POINT('',(0.05,0.00924,0.0156973454445428));
#16298=CARTESIAN_POINT('',(0.05,0.02924,0.0156973454445428));
#16299=CARTESIAN_POINT('',(0.05,0.02924,-0.0156973454445425));
#16300=CARTESIAN_POINT('',(0.05,0.02924,-0.0156973454445425));
#16301=CARTESIAN_POINT('',(0.05,0.00924,-0.0156973454445425));
#16302=CARTESIAN_POINT('',(0.05,0.02574,-0.027));
#16303=CARTESIAN_POINT('',(0.05,0.02574,-0.027));
#16304=CARTESIAN_POINT('',(0.05,0.02574,-0.042));
#16305=CARTESIAN_POINT('',(0.05,0.1135,-0.042));
#16306=CARTESIAN_POINT('',(0.05,0.0226,-0.042));
#16307=CARTESIAN_POINT('',(0.05,0.0226,-0.042));
#16308=CARTESIAN_POINT('',(0.05,0.0226,-0.049));
#16309=CARTESIAN_POINT('',(0.05,0.1135,-0.049));
#16310=CARTESIAN_POINT('',(0.05,0.0335,-0.049));
#16311=CARTESIAN_POINT('',(0.05,0.0335,-0.05));
#16312=CARTESIAN_POINT('',(0.05,0.0335,-0.0483443650813896));
#16313=CARTESIAN_POINT('',(0.05,0.0337,-0.0483443650813896));
#16314=CARTESIAN_POINT('',(0.05,0.0337,-0.048061522368915));
#16315=CARTESIAN_POINT('',(0.05,0.0337,-0.048061522368915));
#16316=CARTESIAN_POINT('',(0.05,0.0365,-0.048061522368915));
#16317=CARTESIAN_POINT('',(0.05,0.0365,-0.0483443650813896));
#16318=CARTESIAN_POINT('',(0.05,0.0367,-0.0483443650813896));
#16319=CARTESIAN_POINT('',(0.05,0.0367,-0.0484443650813896));
#16320=CARTESIAN_POINT('',(0.05,0.0367,-0.049));
#16321=CARTESIAN_POINT('',(0.05,0.1135,-0.049));
#16322=CARTESIAN_POINT('',(0.05,0.0391,-0.049));
#16323=CARTESIAN_POINT('',(0.05,0.0391,-0.05));
#16324=CARTESIAN_POINT('',(0.05,0.0391,-0.042));
#16325=CARTESIAN_POINT('',(0.05,0.1135,-0.042));
#16326=CARTESIAN_POINT('',(0.05,0.03774,-0.042));
#16327=CARTESIAN_POINT('',(0.05,0.03774,-0.027));
#16328=CARTESIAN_POINT('',(0.05,0.03774,-0.027));
#16329=CARTESIAN_POINT('',(0.05,0.05424,-0.0156973454445425));
#16330=CARTESIAN_POINT('',(0.05,0.03424,-0.0156973454445425));
#16331=CARTESIAN_POINT('',(0.05,0.03424,-0.0156973454445425));
#16332=CARTESIAN_POINT('',(0.05,0.03424,0.0156973454445428));
#16333=CARTESIAN_POINT('',(0.05,0.05424,0.0156973454445428));
#16334=CARTESIAN_POINT('',(0.05,0.03774,0.027));
#16335=CARTESIAN_POINT('',(0.05,0.03774,0.027));
#16336=CARTESIAN_POINT('',(0.05,0.03774,0.042));
#16337=CARTESIAN_POINT('',(0.05,0.1135,0.042));
#16338=CARTESIAN_POINT('',(0.05,0.0391,0.042));
#16339=CARTESIAN_POINT('',(0.05,0.0391,0.05));
#16340=CARTESIAN_POINT('',(0.05,0.0367,0.0484443650813896));
#16341=CARTESIAN_POINT('',(0.05,0.0367,0.0483443650813896));
#16342=CARTESIAN_POINT('',(0.05,0.0365,0.0483443650813896));
#16343=CARTESIAN_POINT('',(0.05,0.0365,0.048061522368915));
#16344=CARTESIAN_POINT('',(0.05,0.0337,0.048061522368915));
#16345=CARTESIAN_POINT('',(0.05,0.0337,0.048061522368915));
#16346=CARTESIAN_POINT('',(0.05,0.0337,0.0483443650813896));
#16347=CARTESIAN_POINT('',(0.05,0.0335,0.0483443650813896));
#16348=CARTESIAN_POINT('',(0.05,0.0335,0.05));
#16349=CARTESIAN_POINT('',(0.,0.0375,0.));
#16350=CARTESIAN_POINT('',(0.042,0.0375,0.042));
#16351=CARTESIAN_POINT('',(0.0465,0.0375,0.047));
#16352=CARTESIAN_POINT('',(0.0425,0.0375,0.047));
#16353=CARTESIAN_POINT('',(0.0425,0.0375,0.05));
#16354=CARTESIAN_POINT('',(0.0425,0.0375,0.0425));
#16355=CARTESIAN_POINT('',(0.05,0.0375,0.0425));
#16356=CARTESIAN_POINT('',(0.0465,0.0375,0.0425));
#16357=CARTESIAN_POINT('',(0.0465,0.0375,-0.047));
#16358=CARTESIAN_POINT('',(0.0465,0.0396,-0.047));
#16359=CARTESIAN_POINT('',(0.0465,0.0391,0.042));
#16360=CARTESIAN_POINT('',(0.0465,0.0375,-0.047));
#16361=CARTESIAN_POINT('',(0.0465,0.0396,0.047));
#16362=CARTESIAN_POINT('',(0.0465,0.0396,0.047));
#16363=CARTESIAN_POINT('',(0.042,0.0391,0.047));
#16364=CARTESIAN_POINT('',(0.0465,0.0375,0.047));
#16365=CARTESIAN_POINT('',(0.0483443650813896,0.0336,0.0499));
#16366=CARTESIAN_POINT('',(0.0483443650813896,0.0336,0.05));
#16367=CARTESIAN_POINT('',(0.0483443650813896,0.0335,0.05));
#16368=CARTESIAN_POINT('',(0.0482888288132634,0.0336,0.0498814879106245));
#16369=CARTESIAN_POINT('',(0.0482831638039198,0.0336204006405823,0.0499999999999994));
#16370=CARTESIAN_POINT('',(0.0482703167238882,0.033500000000578,0.05));
#16371=CARTESIAN_POINT('',(0.0481781992320523,0.0336216687222347,0.0498446113831687));
#16372=CARTESIAN_POINT('',(0.0481958722419425,0.0337378259228424,0.0500000000000006));
#16373=CARTESIAN_POINT('',(0.0481228106152207,0.0335433374441807,0.05));
#16374=CARTESIAN_POINT('',(0.0481322330481904,0.0336738198430561,0.0498292893230382));
#16375=CARTESIAN_POINT('',(0.0483029436551308,0.0337370286081264,0.0499999999999995));
#16376=CARTESIAN_POINT('',(0.0480615223712288,0.0336476396861114,0.05));
#16377=CARTESIAN_POINT('',(0.0481322330470336,0.0337,0.0498292893218813));
#16378=CARTESIAN_POINT('',(0.0483029437251523,0.0337,0.05));
#16379=CARTESIAN_POINT('',(0.048061522368915,0.0337,0.05));
#16380=CARTESIAN_POINT('',(0.0483443650813896,0.0335,0.0499));
#16381=CARTESIAN_POINT('',(0.0483443650813896,0.0336,0.0499));
#16382=CARTESIAN_POINT('',(0.0483443650813896,0.0337,0.0499));
#16383=CARTESIAN_POINT('',(0.0481322330470337,0.0337,0.0498292893218814));
#16384=CARTESIAN_POINT('',(0.048061522368915,0.0337,0.0499));
#16385=CARTESIAN_POINT('',(0.05,0.0335,0.0499));
#16386=CARTESIAN_POINT('',(0.049,0.0335,0.0499));
#16387=CARTESIAN_POINT('',(0.049,0.0336,0.0499));
#16388=CARTESIAN_POINT('',(0.0488,0.0336,0.0499));
#16389=CARTESIAN_POINT('',(0.049,0.0335,0.049));
#16390=CARTESIAN_POINT('',(0.0499,0.0335,0.049));
#16391=CARTESIAN_POINT('',(0.0499,0.0336,0.049));
#16392=CARTESIAN_POINT('',(0.049,0.0336,0.049));
#16393=CARTESIAN_POINT('',(0.0499,0.0335,0.05));
#16394=CARTESIAN_POINT('',(0.0499,0.0335,0.0483443650813896));
#16395=CARTESIAN_POINT('',(0.0499,0.0336,0.0483443650813896));
#16396=CARTESIAN_POINT('',(0.0499,0.0336,0.0488));
#16397=CARTESIAN_POINT('',(0.0498292893218813,0.0337,0.0481322330470336));
#16398=CARTESIAN_POINT('',(0.05,0.0337,0.0483029437251523));
#16399=CARTESIAN_POINT('',(0.05,0.0337,0.048061522368915));
#16400=CARTESIAN_POINT('',(0.0498292893230382,0.0336738198430561,0.0481322330481904));
#16401=CARTESIAN_POINT('',(0.0499999999999995,0.0337370286081264,0.0483029436551308));
#16402=CARTESIAN_POINT('',(0.05,0.0336476396861114,0.0480615223712288));
#16403=CARTESIAN_POINT('',(0.0498446113831687,0.0336216687222347,0.0481781992320523));
#16404=CARTESIAN_POINT('',(0.0500000000000006,0.0337378259228424,0.0481958722419425));
#16405=CARTESIAN_POINT('',(0.05,0.0335433374441807,0.0481228106152207));
#16406=CARTESIAN_POINT('',(0.0498814879106245,0.0336,0.0482888288132634));
#16407=CARTESIAN_POINT('',(0.0499999999999994,0.0336204006405823,0.0482831638039198));
#16408=CARTESIAN_POINT('',(0.05,0.033500000000578,0.0482703167238882));
#16409=CARTESIAN_POINT('',(0.0499,0.0336,0.0483443650813896));
#16410=CARTESIAN_POINT('',(0.05,0.0336,0.0483443650813896));
#16411=CARTESIAN_POINT('',(0.05,0.0335,0.0483443650813896));
#16412=CARTESIAN_POINT('',(0.0499,0.0337,0.048061522368915));
#16413=CARTESIAN_POINT('',(0.0498292893218814,0.0337,0.0481322330470337));
#16414=CARTESIAN_POINT('',(0.0499,0.0337,0.0483443650813896));
#16415=CARTESIAN_POINT('',(0.0472855642158846,0.0365903841269067,0.0490866233235997));
#16416=CARTESIAN_POINT('',(0.047273654403271,0.0365,0.0489707106781187));
#16417=CARTESIAN_POINT('',(0.0473225008366736,0.0365345396442957,0.0490195571115213));
#16418=CARTESIAN_POINT('',(0.0473676347314935,0.0365581098703353,0.049041089883368));
#16419=CARTESIAN_POINT('',(0.0473943650813896,0.0365707106781187,0.04905));
#16420=CARTESIAN_POINT('',(0.047273654403271,0.0365,0.0489707106781187));
#16421=CARTESIAN_POINT('',(0.0473943650813896,0.0365707106781187,0.04905));
#16422=CARTESIAN_POINT('',(0.0473443650813896,0.0366414213562373,0.049));
#16423=CARTESIAN_POINT('',(0.0473265448481255,0.0366162197406706,0.049));
#16424=CARTESIAN_POINT('',(0.0472980776199722,0.0365690792885915,0.0489951338948199));
#16425=CARTESIAN_POINT('',(0.0472736544032709,0.0365,0.0489707106781187));
#16426=CARTESIAN_POINT('',(0.0473443650813896,0.0366414213562373,0.049));
#16427=CARTESIAN_POINT('',(0.0473443664039638,0.0366414202699781,0.0489999319602879));
#16428=CARTESIAN_POINT('',(0.0473646489755079,0.0366127265590062,0.0490007843156478));
#16429=CARTESIAN_POINT('',(0.0473838245849179,0.0365856081521117,0.0490199599250578));
#16430=CARTESIAN_POINT('',(0.0473943989944315,0.0365706635019781,0.0490499645507556));
#16431=CARTESIAN_POINT('',(0.0488,0.0336,0.049));
#16432=CARTESIAN_POINT('',(0.0473443650813896,0.0396,0.049));
#16433=CARTESIAN_POINT('',(0.0473443650813896,0.0395,0.049));
#16434=CARTESIAN_POINT('',(0.0488,0.0395,0.049));
#16435=CARTESIAN_POINT('',(0.0488,0.0395,0.049));
#16436=CARTESIAN_POINT('',(0.0488,0.0336,0.049));
#16437=CARTESIAN_POINT('',(0.0488,0.0367,0.049));
#16438=CARTESIAN_POINT('',(0.0488,0.0367,0.049));
#16439=CARTESIAN_POINT('',(0.0475443650813896,0.0367,0.049));
#16440=CARTESIAN_POINT('',(0.0475443650813896,0.0367,0.049));
#16441=CARTESIAN_POINT('',(0.047469733502622,0.0367,0.049));
#16442=CARTESIAN_POINT('',(0.0473976766511769,0.0366791183287496,0.049));
#16443=CARTESIAN_POINT('',(0.0473443650813896,0.0366414213562373,0.049));
#16444=CARTESIAN_POINT('',(0.0488,0.0336,0.0488));
#16445=CARTESIAN_POINT('',(0.0488,0.0395,0.0488));
#16446=CARTESIAN_POINT('',(0.049,0.0395,0.0488));
#16447=CARTESIAN_POINT('',(0.049,0.0336,0.0488));
#16448=CARTESIAN_POINT('',(0.049,0.0367,0.0488));
#16449=CARTESIAN_POINT('',(0.0488,0.0367,0.0488));
#16450=CARTESIAN_POINT('',(0.0491,0.0395,0.05001));
#16451=CARTESIAN_POINT('',(0.0491,0.0395,0.0473443650813896));
#16452=CARTESIAN_POINT('',(0.049,0.0395,0.0473443650813896));
#16453=CARTESIAN_POINT('',(0.049,0.0395,0.0473443650813896));
#16454=CARTESIAN_POINT('',(0.0491,0.0395,0.0488));
#16455=CARTESIAN_POINT('',(0.0489,0.0395,0.0473443650813896));
#16456=CARTESIAN_POINT('',(0.0490414213562373,0.0395,0.0472029437251523));
#16457=CARTESIAN_POINT('',(0.0489707106781187,0.0395,0.047273654403271));
#16458=CARTESIAN_POINT('',(0.0489,0.0395,0.0473443650813896));
#16459=CARTESIAN_POINT('',(0.0509242388155425,0.0395,0.0490857611844575));
#16460=CARTESIAN_POINT('',(0.0478686291501015,0.0395,0.0460301515190165));
#16461=CARTESIAN_POINT('',(0.0477979184719829,0.0395,0.0461008621971352));
#16462=CARTESIAN_POINT('',(0.0477979184719829,0.0395,0.0461008621971352));
#16463=CARTESIAN_POINT('',(0.0477272077938642,0.0395,0.0461715728752538));
#16464=CARTESIAN_POINT('',(0.0475857864376269,0.0395,0.0460301515190165));
#16465=CARTESIAN_POINT('',(0.0476564971157456,0.0395,0.0461008621971352));
#16466=CARTESIAN_POINT('',(0.0477272077938642,0.0395,0.0461715728752538));
#16467=CARTESIAN_POINT('',(0.0477272077938642,0.0336,0.0460301515190165));
#16468=CARTESIAN_POINT('',(0.0476564971157456,0.0336,0.0461008621971352));
#16469=CARTESIAN_POINT('',(0.0476564971157456,0.0337,0.0461008621971352));
#16470=CARTESIAN_POINT('',(0.0477272077938642,0.0395,0.0460301515190165));
#16471=CARTESIAN_POINT('',(0.0461008621971352,0.0395,0.0476564971157456));
#16472=CARTESIAN_POINT('',(0.0461008621971352,0.0336,0.0476564971157456));
#16473=CARTESIAN_POINT('',(0.0461008621971352,0.0337,0.0476564971157456));
#16474=CARTESIAN_POINT('',(0.0477272077938642,0.0337,0.0460301515190165));
#16475=CARTESIAN_POINT('',(0.0461715728752538,0.0395,0.0477272077938642));
#16476=CARTESIAN_POINT('',(0.0460301515190165,0.0395,0.0475857864376269));
#16477=CARTESIAN_POINT('',(0.0460301515190165,0.0395,0.0478686291501015));
#16478=CARTESIAN_POINT('',(0.0461008621971352,0.0395,0.0477979184719829));
#16479=CARTESIAN_POINT('',(0.0461715728752538,0.0395,0.0477272077938642));
#16480=CARTESIAN_POINT('',(0.0476564971157456,0.0395,0.0459594408408979));
#16481=CARTESIAN_POINT('',(0.0477272077938642,0.0336,0.0461715728752538));
#16482=CARTESIAN_POINT('',(0.0477979184719829,0.0336,0.0461008621971352));
#16483=CARTESIAN_POINT('',(0.0477979184719829,0.0337,0.0461008621971352));
#16484=CARTESIAN_POINT('',(0.0477272077938642,0.0337,0.0461715728752538));
#16485=CARTESIAN_POINT('',(0.0477272077938642,0.0337,0.0461715728752538));
#16486=CARTESIAN_POINT('',(0.0477272077938642,0.0337,0.0461715728752538));
#16487=CARTESIAN_POINT('',(0.0477272077938642,0.0336,0.0461715728752538));
#16488=CARTESIAN_POINT('',(0.0477272077938642,0.0337,0.0461715728752538));
#16489=CARTESIAN_POINT('',(0.0476564971157456,0.0337,0.0461008621971352));
#16490=CARTESIAN_POINT('',(0.0495778174593052,0.0336,0.0480221825406948));
#16491=CARTESIAN_POINT('',(0.0477272077938642,0.0337,0.0460301515190165));
#16492=CARTESIAN_POINT('',(0.0499,0.0336,0.048061522368915));
#16493=CARTESIAN_POINT('',(0.0499,0.0365,0.048061522368915));
#16494=CARTESIAN_POINT('',(0.0498292893218814,0.0365,0.0481322330470337));
#16495=CARTESIAN_POINT('',(0.0498292893218814,0.0365,0.0481322330470337));
#16496=CARTESIAN_POINT('',(0.0499,0.0366,0.0483443650813896));
#16497=CARTESIAN_POINT('',(0.05,0.0366,0.0483443650813896));
#16498=CARTESIAN_POINT('',(0.05,0.0367,0.0483443650813896));
#16499=CARTESIAN_POINT('',(0.0498814879106245,0.0366,0.0482888288132634));
#16500=CARTESIAN_POINT('',(0.0499999999999994,0.0365795993594171,0.0482831638039198));
#16501=CARTESIAN_POINT('',(0.05,0.036699999999422,0.0482703167238882));
#16502=CARTESIAN_POINT('',(0.0498446113831687,0.036578331277765,0.0481781992320523));
#16503=CARTESIAN_POINT('',(0.0500000000000005,0.036462174077157,0.0481958722419425));
#16504=CARTESIAN_POINT('',(0.05,0.0366566625558193,0.0481228106152207));
#16505=CARTESIAN_POINT('',(0.0498292893230382,0.0365261801569447,0.0481322330481904));
#16506=CARTESIAN_POINT('',(0.0499999999999997,0.0364629713918761,0.0483029436551309));
#16507=CARTESIAN_POINT('',(0.05,0.0365523603138886,0.0480615223712288));
#16508=CARTESIAN_POINT('',(0.0498292893218813,0.0365,0.0481322330470336));
#16509=CARTESIAN_POINT('',(0.05,0.0365,0.0483029437251523));
#16510=CARTESIAN_POINT('',(0.05,0.0365,0.048061522368915));
#16511=CARTESIAN_POINT('',(0.0499,0.0367,0.0483443650813896));
#16512=CARTESIAN_POINT('',(0.0499,0.0366,0.0483443650813896));
#16513=CARTESIAN_POINT('',(0.0499,0.0365,0.0483443650813896));
#16514=CARTESIAN_POINT('',(0.0499,0.0367,-9.00340792280726E-18));
#16515=CARTESIAN_POINT('',(0.0499,0.0367,0.049));
#16516=CARTESIAN_POINT('',(0.0499,0.0366,0.049));
#16517=CARTESIAN_POINT('',(0.0499,0.0366,0.049));
#16518=CARTESIAN_POINT('',(0.049,0.0367,0.049));
#16519=CARTESIAN_POINT('',(0.049,0.0367,0.0499));
#16520=CARTESIAN_POINT('',(0.049,0.0366,0.0499));
#16521=CARTESIAN_POINT('',(0.049,0.0366,0.049));
#16522=CARTESIAN_POINT('',(-1.14524293006569E-17,0.0367,0.0499));
#16523=CARTESIAN_POINT('',(0.0483443650813896,0.0367,0.0499));
#16524=CARTESIAN_POINT('',(0.0483443650813896,0.0366,0.0499));
#16525=CARTESIAN_POINT('',(0.0484443650813896,0.0366,0.0499));
#16526=CARTESIAN_POINT('',(0.0481322330470336,0.0365,0.0498292893218813));
#16527=CARTESIAN_POINT('',(0.0483029437251523,0.0365,0.05));
#16528=CARTESIAN_POINT('',(0.048061522368915,0.0365,0.05));
#16529=CARTESIAN_POINT('',(0.0481322330481904,0.0365261801569447,0.0498292893230382));
#16530=CARTESIAN_POINT('',(0.0483029436551309,0.0364629713918761,0.0499999999999997));
#16531=CARTESIAN_POINT('',(0.0480615223712288,0.0365523603138886,0.05));
#16532=CARTESIAN_POINT('',(0.0481781992320523,0.036578331277765,0.0498446113831687));
#16533=CARTESIAN_POINT('',(0.0481958722419425,0.036462174077157,0.0500000000000006));
#16534=CARTESIAN_POINT('',(0.0481228106152207,0.0366566625558193,0.05));
#16535=CARTESIAN_POINT('',(0.0482888288132634,0.0366,0.0498814879106245));
#16536=CARTESIAN_POINT('',(0.0482831638039198,0.0365795993594171,0.0499999999999994));
#16537=CARTESIAN_POINT('',(0.0482703167238882,0.036699999999422,0.05));
#16538=CARTESIAN_POINT('',(0.0483443650813896,0.0366,0.0499));
#16539=CARTESIAN_POINT('',(0.0483443650813896,0.0366,0.05));
#16540=CARTESIAN_POINT('',(0.0483443650813896,0.0367,0.05));
#16541=CARTESIAN_POINT('',(0.048061522368915,0.0365,0.0499));
#16542=CARTESIAN_POINT('',(0.0481322330470337,0.0365,0.0498292893218814));
#16543=CARTESIAN_POINT('',(0.0483443650813896,0.0365,0.0499));
#16544=CARTESIAN_POINT('',(0.048061522368915,0.0336,0.0499));
#16545=CARTESIAN_POINT('',(0.0481322330470337,0.0337,0.0498292893218814));
#16546=CARTESIAN_POINT('',(0.047373654403271,0.0337,0.0489292893218814));
#16547=CARTESIAN_POINT('',(0.0473029437251523,0.0337,0.049));
#16548=CARTESIAN_POINT('',(0.0461008621971352,0.0337,0.0477979184719829));
#16549=CARTESIAN_POINT('',(0.0480221825406948,0.0336,0.0495778174593052));
#16550=CARTESIAN_POINT('',(0.0461715728752538,0.0336,0.0477272077938642));
#16551=CARTESIAN_POINT('',(0.0461715728752538,0.0337,0.0477272077938642));
#16552=CARTESIAN_POINT('',(0.0461715728752538,0.0337,0.0477272077938642));
#16553=CARTESIAN_POINT('',(0.0461715728752538,0.0337,0.0477272077938642));
#16554=CARTESIAN_POINT('',(0.0461715728752538,0.0337,0.0477272077938642));
#16555=CARTESIAN_POINT('',(0.0488,0.0336,0.0488));
#16556=CARTESIAN_POINT('',(0.0461008621971352,0.0336,0.0477979184719829));
#16557=CARTESIAN_POINT('',(0.046949390334559,0.0337,0.046949390334559));
#16558=CARTESIAN_POINT('',(0.0461715728752538,0.0336,0.0477272077938642));
#16559=CARTESIAN_POINT('',(0.0461008621971352,0.0336,0.0477979184719829));
#16560=CARTESIAN_POINT('',(0.0490857611844575,0.0395,0.0509242388155425));
#16561=CARTESIAN_POINT('',(0.0472029437251523,0.0395,0.0490414213562373));
#16562=CARTESIAN_POINT('',(0.047273654403271,0.0395,0.0489707106781187));
#16563=CARTESIAN_POINT('',(0.047273654403271,0.0395,0.0489707106781187));
#16564=CARTESIAN_POINT('',(0.0473443650813896,0.0395,0.0489));
#16565=CARTESIAN_POINT('',(0.0473443650813896,0.0395,0.0491));
#16566=CARTESIAN_POINT('',(0.0473443650813896,0.0395,0.0489));
#16567=CARTESIAN_POINT('',(0.05,0.0395,0.0491));
#16568=CARTESIAN_POINT('',(0.0488,0.0395,0.0491));
#16569=CARTESIAN_POINT('',(0.0488,0.0395,0.0488));
#16570=CARTESIAN_POINT('',(0.049,0.0336,0.0473029437251523));
#16571=CARTESIAN_POINT('',(0.049,0.0366,0.0473443650813896));
#16572=CARTESIAN_POINT('',(0.049,0.0366414213562373,0.0473443650813896));
#16573=CARTESIAN_POINT('',(0.049,0.0366414213562373,0.0473443650813896));
#16574=CARTESIAN_POINT('',(0.049,0.0366787371456213,0.0473971375768271));
#16575=CARTESIAN_POINT('',(0.049,0.0367,0.0474689711363654));
#16576=CARTESIAN_POINT('',(0.049,0.0367,0.0475443650813896));
#16577=CARTESIAN_POINT('',(0.049,0.0367,0.0475443650813896));
#16578=CARTESIAN_POINT('',(0.049,0.0367,0.0473029437251523));
#16579=CARTESIAN_POINT('',(0.0490972541517054,0.0363426372258759,0.0475388986223203));
#16580=CARTESIAN_POINT('',(0.049,0.0367,0.0475443650813896));
#16581=CARTESIAN_POINT('',(0.049,0.0366476401224402,0.0475443650813896));
#16582=CARTESIAN_POINT('',(0.0490476401224402,0.0366,0.0475443650813896));
#16583=CARTESIAN_POINT('',(0.0491,0.0366,0.0475443650813896));
#16584=CARTESIAN_POINT('',(0.0491,0.0366,0.0475443650813896));
#16585=CARTESIAN_POINT('',(0.0489999155080847,0.0366414210084879,0.047344365546697));
#16586=CARTESIAN_POINT('',(0.0490001437169451,0.0366130768337211,0.0473646212628283));
#16587=CARTESIAN_POINT('',(0.0490200172437375,0.0365850803541039,0.0473839944219522));
#16588=CARTESIAN_POINT('',(0.0490502242584747,0.0365710410882515,0.0473941549080442));
#16589=CARTESIAN_POINT('',(0.04905,0.0365707106781187,0.0473943650813896));
#16590=CARTESIAN_POINT('',(0.0491,0.0366,0.0475443650813896));
#16591=CARTESIAN_POINT('',(0.0490755767832987,0.0366,0.0474710954312858));
#16592=CARTESIAN_POINT('',(0.0490589101166321,0.036583311485902,0.0474210954312858));
#16593=CARTESIAN_POINT('',(0.04905,0.0365707106781187,0.0473943650813897));
#16594=CARTESIAN_POINT('',(0.0490866233251799,0.0365903841301608,0.0472855642189076));
#16595=CARTESIAN_POINT('',(0.0489707106781187,0.0365,0.0472736544032709));
#16596=CARTESIAN_POINT('',(0.0489951338948199,0.0365690792885915,0.0472980776199722));
#16597=CARTESIAN_POINT('',(0.049,0.0366162197406706,0.0473265448481255));
#16598=CARTESIAN_POINT('',(0.049,0.0366414213562373,0.0473443650813896));
#16599=CARTESIAN_POINT('',(0.0489707106781187,0.0365,0.047273654403271));
#16600=CARTESIAN_POINT('',(0.04905,0.0365707106781187,0.0473943650813897));
#16601=CARTESIAN_POINT('',(0.049041089883368,0.0365581098703353,0.0473676347314935));
#16602=CARTESIAN_POINT('',(0.0490195571115212,0.0365345396442957,0.0473225008366735));
#16603=CARTESIAN_POINT('',(0.0489707106781187,0.0365,0.047273654403271));
#16604=CARTESIAN_POINT('',(0.0489,0.0336,0.0473443650813896));
#16605=CARTESIAN_POINT('',(0.0489707106781187,0.0396,0.047273654403271));
#16606=CARTESIAN_POINT('',(0.0477272077938642,0.0336,0.0460301515190165));
#16607=CARTESIAN_POINT('',(0.049,0.0365,0.0473029437251523));
#16608=CARTESIAN_POINT('',(0.0476564971157456,0.0365,0.0461008621971352));
#16609=CARTESIAN_POINT('',(0.0499292893218814,0.0366,0.048373654403271));
#16610=CARTESIAN_POINT('',(0.0491,0.0367,0.0473029437251523));
#16611=CARTESIAN_POINT('',(0.0491,0.0367,0.0488));
#16612=CARTESIAN_POINT('',(0.0491,0.0366,0.0488));
#16613=CARTESIAN_POINT('',(0.0491,0.0366,-2.36527579938674E-16));
#16614=CARTESIAN_POINT('',(0.0488,0.0367,0.0488));
#16615=CARTESIAN_POINT('',(0.0488,0.0367,0.0491));
#16616=CARTESIAN_POINT('',(0.0488,0.0366,0.0491));
#16617=CARTESIAN_POINT('',(0.0488,0.0366,0.0488));
#16618=CARTESIAN_POINT('',(0.0488,0.0367,0.0491));
#16619=CARTESIAN_POINT('',(0.0475443650813896,0.0366,0.0491));
#16620=CARTESIAN_POINT('',(0.0475443650813896,0.0366,0.0490476401224402));
#16621=CARTESIAN_POINT('',(0.0475443650813896,0.0366476401224402,0.049));
#16622=CARTESIAN_POINT('',(0.0475443650813896,0.0367,0.049));
#16623=CARTESIAN_POINT('',(0.0475443650813896,0.0366,0.0491));
#16624=CARTESIAN_POINT('',(-2.38976601316523E-16,0.0366,0.0491));
#16625=CARTESIAN_POINT('',(0.0475388986226517,0.036342637224613,0.0490972541507436));
#16626=CARTESIAN_POINT('',(0.0473943650813897,0.0365707106781187,0.0490500000000001));
#16627=CARTESIAN_POINT('',(0.0474210954312858,0.036583311485902,0.0490589101166321));
#16628=CARTESIAN_POINT('',(0.0474710954312858,0.0366,0.0490755767832988));
#16629=CARTESIAN_POINT('',(0.0475443650813897,0.0366,0.0491));
#16630=CARTESIAN_POINT('',(0.0473443650813896,0.0336,0.0489));
#16631=CARTESIAN_POINT('',(0.047273654403271,0.0366,0.0489707106781187));
#16632=CARTESIAN_POINT('',(0.0473029437251523,0.0336,0.049));
#16633=CARTESIAN_POINT('',(0.0483029437251523,0.0365,0.05));
#16634=CARTESIAN_POINT('',(0.047373654403271,0.0365,0.0489292893218814));
#16635=CARTESIAN_POINT('',(0.047373654403271,0.0366,0.0489292893218814));
#16636=CARTESIAN_POINT('',(-1.13968527085408E-17,0.0366,-8.94783133069115E-18));
#16637=CARTESIAN_POINT('',(0.0495,0.0391,0.05));
#16638=CARTESIAN_POINT('',(0.0495,0.0391,0.042));
#16639=CARTESIAN_POINT('',(0.0495,0.0391,0.049));
#16640=CARTESIAN_POINT('',(0.049,0.0391,0.049));
#16641=CARTESIAN_POINT('',(0.049,0.0391,0.0495));
#16642=CARTESIAN_POINT('',(0.05,0.0391,0.0495));
#16643=CARTESIAN_POINT('',(0.042,0.0391,0.0495));
#16644=CARTESIAN_POINT('',(0.,0.0375,0.));
#16645=CARTESIAN_POINT('',(0.0461715728752538,0.0375,0.0477272077938642));
#16646=CARTESIAN_POINT('',(0.0451059348446489,0.0375,0.048));
#16647=CARTESIAN_POINT('',(0.,0.0375,0.048));
#16648=CARTESIAN_POINT('',(0.0425,0.0375,0.048));
#16649=CARTESIAN_POINT('',(0.0425,0.0375,0.05));
#16650=CARTESIAN_POINT('',(0.,0.0375,0.));
#16651=CARTESIAN_POINT('',(0.05,0.0375,0.0425));
#16652=CARTESIAN_POINT('',(0.0475,0.0375,0.0425));
#16653=CARTESIAN_POINT('',(0.0475,0.0375,0.));
#16654=CARTESIAN_POINT('',(0.0475,0.0375,0.0450952938136683));
#16655=CARTESIAN_POINT('',(0.0477272077938642,0.0375,0.0461715728752538));
#16656=CARTESIAN_POINT('',(0.046949390334559,0.0375,0.0453937554159486));
#16657=CARTESIAN_POINT('',(0.0461715728752538,0.0375,0.0461715728752538));
#16658=CARTESIAN_POINT('',(0.05,0.1135,0.0425));
#16659=CARTESIAN_POINT('',(0.0475,0.1135,0.0425));
#16660=CARTESIAN_POINT('',(0.0425,0.1135,0.0425));
#16661=CARTESIAN_POINT('',(0.0425,0.0231,0.0425));
#16662=CARTESIAN_POINT('',(0.05,0.0231,0.0425));
#16663=CARTESIAN_POINT('',(0.049,0.0231,0.0425));
#16664=CARTESIAN_POINT('',(0.049,0.1135,0.0425));
#16665=CARTESIAN_POINT('',(0.0425,0.1135,0.05));
#16666=CARTESIAN_POINT('',(0.0425,0.1135,0.049));
#16667=CARTESIAN_POINT('',(0.0425,0.0231,0.049));
#16668=CARTESIAN_POINT('',(0.0425,0.0231,0.05));
#16669=CARTESIAN_POINT('',(0.0425,0.1135,0.048));
#16670=CARTESIAN_POINT('',(0.05,0.0231,0.05001));
#16671=CARTESIAN_POINT('',(0.05,0.0231,0.049));
#16672=CARTESIAN_POINT('',(0.049,0.0231,0.049));
#16673=CARTESIAN_POINT('',(0.049,0.0231,0.05));
#16674=CARTESIAN_POINT('',(0.05,0.1135,0.049));
#16675=CARTESIAN_POINT('',(0.0458887301627792,0.1135,0.049));
#16676=CARTESIAN_POINT('',(0.0458887301627792,0.0337,0.049));
#16677=CARTESIAN_POINT('',(0.0474443650813896,0.0337,0.049));
#16678=CARTESIAN_POINT('',(0.0474443650813896,0.0326,0.049));
#16679=CARTESIAN_POINT('',(0.0488,0.0326,0.049));
#16680=CARTESIAN_POINT('',(0.049,0.0326,0.049));
#16681=CARTESIAN_POINT('',(0.049,0.1135,0.049));
#16682=CARTESIAN_POINT('',(0.049,0.1135,0.05));
#16683=CARTESIAN_POINT('',(0.049,0.0326,0.05));
#16684=CARTESIAN_POINT('',(0.049,0.0326,0.0474443650813896));
#16685=CARTESIAN_POINT('',(0.049,0.0337,0.0474443650813896));
#16686=CARTESIAN_POINT('',(0.049,0.0337,0.0458887301627792));
#16687=CARTESIAN_POINT('',(0.049,0.0336,0.0458887301627792));
#16688=CARTESIAN_POINT('',(0.0475,0.0396,-0.047));
#16689=CARTESIAN_POINT('',(0.0475,0.0336,0.0450952938136683));
#16690=CARTESIAN_POINT('',(0.0465,0.0396,0.048));
#16691=CARTESIAN_POINT('',(0.0451059348446489,0.0336,0.048));
#16692=CARTESIAN_POINT('',(0.0470201010126777,0.0336,0.04532304473783));
#16693=CARTESIAN_POINT('',(0.046949390334559,0.0336,0.0453937554159486));
#16694=CARTESIAN_POINT('',(0.046949390334559,0.0337,0.0453937554159486));
#16695=CARTESIAN_POINT('',(0.0470201010126777,0.0337,0.04532304473783));
#16696=CARTESIAN_POINT('',(0.0453937554159486,0.0337,0.046949390334559));
#16697=CARTESIAN_POINT('',(0.0453937554159486,0.0336,0.046949390334559));
#16698=CARTESIAN_POINT('',(0.0477272077938642,0.0336,0.0461715728752538));
#16699=CARTESIAN_POINT('',(0.0485050252531694,0.0336,0.0453937554159486));
#16700=CARTESIAN_POINT('',(0.0485050252531694,0.0337,0.0453937554159486));
#16701=CARTESIAN_POINT('',(0.0477272077938642,0.0337,0.0461715728752538));
#16702=CARTESIAN_POINT('',(0.0477272077938642,0.0337,0.0461715728752538));
#16703=CARTESIAN_POINT('',(0.0477272077938642,0.0337,0.0461715728752538));
#16704=CARTESIAN_POINT('',(0.0477272077938642,0.0326,0.0461715728752538));
#16705=CARTESIAN_POINT('',(0.0477272077938642,0.0337,0.0461715728752538));
#16706=CARTESIAN_POINT('',(0.0476564971157456,0.0337,0.0461008621971352));
#16707=CARTESIAN_POINT('',(0.0476564971157456,0.0326,0.0461008621971352));
#16708=CARTESIAN_POINT('',(0.0484343145750508,0.0337,0.04532304473783));
#16709=CARTESIAN_POINT('',(0.047373654403271,0.0337,0.0489292893218814));
#16710=CARTESIAN_POINT('',(0.0465958369439658,0.0337,0.0497071067811866));
#16711=CARTESIAN_POINT('',(0.0453937554159486,0.0337,0.0485050252531694));
#16712=CARTESIAN_POINT('',(0.0461715728752538,0.0337,0.0477272077938642));
#16713=CARTESIAN_POINT('',(0.0461715728752538,0.0326,0.0477272077938642));
#16714=CARTESIAN_POINT('',(0.047373654403271,0.0326,0.0489292893218814));
#16715=CARTESIAN_POINT('',(0.0461715728752538,0.0337,0.0477272077938642));
#16716=CARTESIAN_POINT('',(0.0461715728752538,0.0337,0.0477272077938642));
#16717=CARTESIAN_POINT('',(0.0461715728752538,0.0337,0.0477272077938642));
#16718=CARTESIAN_POINT('',(0.0488,0.0326,0.0488));
#16719=CARTESIAN_POINT('',(0.046949390334559,0.0326,0.046949390334559));
#16720=CARTESIAN_POINT('',(0.046949390334559,0.0337,0.046949390334559));
#16721=CARTESIAN_POINT('',(0.0461715728752538,0.0336,0.0477272077938642));
#16722=CARTESIAN_POINT('',(0.0453937554159486,0.0336,0.0485050252531694));
#16723=CARTESIAN_POINT('',(0.0484343145750508,0.0336,0.04532304473783));
#16724=CARTESIAN_POINT('',(0.0465958369439658,0.0336,0.0497071067811866));
#16725=CARTESIAN_POINT('',(0.042,0.1135,0.0495));
#16726=CARTESIAN_POINT('',(0.042,0.02574,0.0495));
#16727=CARTESIAN_POINT('',(0.042,0.0226,0.0495));
#16728=CARTESIAN_POINT('',(0.042,0.0391,0.0495));
#16729=CARTESIAN_POINT('',(0.042,0.0391,0.0495));
#16730=CARTESIAN_POINT('',(0.042,0.0391,0.05001));
#16731=CARTESIAN_POINT('',(0.0495,0.1135,0.042));
#16732=CARTESIAN_POINT('',(0.0495,0.03774,0.042));
#16733=CARTESIAN_POINT('',(0.0495,0.0391,0.042));
#16734=CARTESIAN_POINT('',(0.0495,0.0391,0.042));
#16735=CARTESIAN_POINT('',(0.0495,0.0391,0.042));
#16736=CARTESIAN_POINT('',(0.0415,0.0391,0.042));
#16737=CARTESIAN_POINT('',(0.042,0.1135,0.042));
#16738=CARTESIAN_POINT('',(0.042,0.0226,0.042));
#16739=CARTESIAN_POINT('',(0.049,0.0226,0.049));
#16740=CARTESIAN_POINT('',(0.0495,0.0226,0.049));
#16741=CARTESIAN_POINT('',(0.049,0.0226,0.0495));
#16742=CARTESIAN_POINT('',(0.05,0.0226,0.0495));
#16743=CARTESIAN_POINT('',(0.042,0.0226,0.0495));
#16744=CARTESIAN_POINT('',(0.0495,0.0226,0.05001));
#16745=CARTESIAN_POINT('',(0.0495,0.0226,0.042));
#16746=CARTESIAN_POINT('',(0.042,0.0226,0.0495));
#16747=CARTESIAN_POINT('',(0.042,0.0226,0.0495));
#16748=CARTESIAN_POINT('',(0.0495,0.0226,0.042));
#16749=CARTESIAN_POINT('',(0.0495,0.0226,0.042));
#16750=CARTESIAN_POINT('',(0.042,0.0226,0.05001));
#16751=CARTESIAN_POINT('',(0.042,0.0226,0.042));
#16752=CARTESIAN_POINT('',(0.05,0.0226,0.042));
#16753=CARTESIAN_POINT('',(0.042,0.0226,0.042));
#16754=CARTESIAN_POINT('',(0.042,0.0226,0.042));
#16755=CARTESIAN_POINT('',(0.048,0.05424,-0.0156973454445426));
#16756=CARTESIAN_POINT('',(0.048,0.03774,0.027));
#16757=CARTESIAN_POINT('',(0.048,0.03774,0.027));
#16758=CARTESIAN_POINT('',(0.048,0.05424,0.0156973454445428));
#16759=CARTESIAN_POINT('',(0.048,0.03424,0.0156973454445428));
#16760=CARTESIAN_POINT('',(0.048,0.03424,-0.0156973454445426));
#16761=CARTESIAN_POINT('',(0.048,0.03424,-0.0156973454445426));
#16762=CARTESIAN_POINT('',(0.048,0.05424,-0.0156973454445426));
#16763=CARTESIAN_POINT('',(0.048,0.03774,-0.027));
#16764=CARTESIAN_POINT('',(0.048,0.03774,-0.027));
#16765=CARTESIAN_POINT('',(0.048,0.03774,-0.0415));
#16766=CARTESIAN_POINT('',(0.048,0.05424,-0.0415));
#16767=CARTESIAN_POINT('',(0.048,0.02574,-0.0415));
#16768=CARTESIAN_POINT('',(0.048,0.02574,-0.027));
#16769=CARTESIAN_POINT('',(0.048,0.02574,-0.027));
#16770=CARTESIAN_POINT('',(0.048,0.00924,-0.0156973454445426));
#16771=CARTESIAN_POINT('',(0.048,0.02924,-0.0156973454445426));
#16772=CARTESIAN_POINT('',(0.048,0.02924,-0.0156973454445426));
#16773=CARTESIAN_POINT('',(0.048,0.02924,0.0156973454445428));
#16774=CARTESIAN_POINT('',(0.048,0.00924,0.0156973454445428));
#16775=CARTESIAN_POINT('',(0.048,0.02574,0.027));
#16776=CARTESIAN_POINT('',(0.048,0.02574,0.027));
#16777=CARTESIAN_POINT('',(0.0156973454445427,0.05424,0.048));
#16778=CARTESIAN_POINT('',(0.027,0.02574,0.048));
#16779=CARTESIAN_POINT('',(0.027,0.02574,0.048));
#16780=CARTESIAN_POINT('',(0.0156973454445427,0.00924,0.048));
#16781=CARTESIAN_POINT('',(0.0156973454445427,0.02924,0.048));
#16782=CARTESIAN_POINT('',(0.0156973454445427,0.02924,0.048));
#16783=CARTESIAN_POINT('',(-0.0156973454445427,0.02924,0.048));
#16784=CARTESIAN_POINT('',(-0.0156973454445427,0.00924,0.048));
#16785=CARTESIAN_POINT('',(-0.027,0.02574,0.048));
#16786=CARTESIAN_POINT('',(-0.027,0.02574,0.048));
#16787=CARTESIAN_POINT('',(-0.0415,0.02574,0.048));
#16788=CARTESIAN_POINT('',(-0.0415,0.1135,0.048));
#16789=CARTESIAN_POINT('',(-0.0415,0.03774,0.048));
#16790=CARTESIAN_POINT('',(-0.027,0.03774,0.048));
#16791=CARTESIAN_POINT('',(-0.027,0.03774,0.048));
#16792=CARTESIAN_POINT('',(-0.0156973454445427,0.05424,0.048));
#16793=CARTESIAN_POINT('',(-0.0156973454445427,0.03424,0.048));
#16794=CARTESIAN_POINT('',(0.0156973454445427,0.03424,0.048));
#16795=CARTESIAN_POINT('',(0.0156973454445427,0.03424,0.048));
#16796=CARTESIAN_POINT('',(0.0156973454445427,0.05424,0.048));
#16797=CARTESIAN_POINT('',(0.027,0.03774,0.048));
#16798=CARTESIAN_POINT('',(0.027,0.03774,0.048));
#16799=CARTESIAN_POINT('',(0.027,0.03774,0.048));
#16800=CARTESIAN_POINT('',(0.027,0.03774,0.048));
#16801=CARTESIAN_POINT('',(0.027,0.02574,0.048));
#16802=CARTESIAN_POINT('',(0.027,0.02574,0.048));
#16803=CARTESIAN_POINT('',(0.048,0.02574,0.027));
#16804=CARTESIAN_POINT('',(0.048,0.02574,0.027));
#16805=CARTESIAN_POINT('',(0.048,0.03774,0.027));
#16806=CARTESIAN_POINT('',(0.048,0.03774,0.027));
#16807=CARTESIAN_POINT('',(0.048,0.03774,-0.027));
#16808=CARTESIAN_POINT('',(0.0495,0.03774,-0.042));
#16809=CARTESIAN_POINT('',(0.0495,0.03774,-0.0415));
#16810=CARTESIAN_POINT('',(0.048,0.03774,-0.0415));
#16811=CARTESIAN_POINT('',(0.048,0.03774,-0.027));
#16812=CARTESIAN_POINT('',(0.048,0.02574,-0.027));
#16813=CARTESIAN_POINT('',(0.048,0.02574,-0.0415));
#16814=CARTESIAN_POINT('',(0.0495,0.02574,-0.0415));
#16815=CARTESIAN_POINT('',(0.0495,0.02574,-0.042));
#16816=CARTESIAN_POINT('',(0.048,0.02574,-0.027));
#16817=CARTESIAN_POINT('',(0.048,0.05424,-0.0156973454445426));
#16818=CARTESIAN_POINT('',(0.048,0.03424,-0.0156973454445426));
#16819=CARTESIAN_POINT('',(0.048,0.00924,-0.0156973454445426));
#16820=CARTESIAN_POINT('',(0.048,0.02924,-0.0156973454445426));
#16821=CARTESIAN_POINT('',(0.048,0.02924,-0.0156973454445426));
#16822=CARTESIAN_POINT('',(0.048,0.02924,0.0156973454445428));
#16823=CARTESIAN_POINT('',(0.048,0.00924,0.0156973454445428));
#16824=CARTESIAN_POINT('',(0.048,0.05424,0.0156973454445428));
#16825=CARTESIAN_POINT('',(0.048,0.03424,0.0156973454445428));
#16826=CARTESIAN_POINT('',(0.048,0.03424,-0.0156973454445426));
#16827=CARTESIAN_POINT('',(0.0495,0.1135,-0.042));
#16828=CARTESIAN_POINT('',(0.0495,0.1135,-0.0415));
#16829=CARTESIAN_POINT('',(0.0495,0.0391,-0.0415));
#16830=CARTESIAN_POINT('',(0.0495,0.0391,-0.042));
#16831=CARTESIAN_POINT('',(-0.0156973454445427,0.05424,-0.048));
#16832=CARTESIAN_POINT('',(-0.027,0.03774,-0.048));
#16833=CARTESIAN_POINT('',(-0.0415,0.03774,-0.048));
#16834=CARTESIAN_POINT('',(-0.027,0.03774,-0.048));
#16835=CARTESIAN_POINT('',(-0.0415,0.05424,-0.048));
#16836=CARTESIAN_POINT('',(-0.0415,0.02574,-0.048));
#16837=CARTESIAN_POINT('',(-0.027,0.02574,-0.048));
#16838=CARTESIAN_POINT('',(-0.027,0.02574,-0.048));
#16839=CARTESIAN_POINT('',(-0.0156973454445427,0.00924,-0.048));
#16840=CARTESIAN_POINT('',(-0.0156973454445427,0.02924,-0.048));
#16841=CARTESIAN_POINT('',(-0.0156973454445427,0.02924,-0.048));
#16842=CARTESIAN_POINT('',(0.0156973454445427,0.02924,-0.048));
#16843=CARTESIAN_POINT('',(0.0156973454445427,0.00924,-0.048));
#16844=CARTESIAN_POINT('',(0.027,0.02574,-0.048));
#16845=CARTESIAN_POINT('',(0.027,0.02574,-0.048));
#16846=CARTESIAN_POINT('',(0.0415,0.02574,-0.048));
#16847=CARTESIAN_POINT('',(0.0415,0.05424,-0.048));
#16848=CARTESIAN_POINT('',(0.0415,0.03774,-0.048));
#16849=CARTESIAN_POINT('',(0.027,0.03774,-0.048));
#16850=CARTESIAN_POINT('',(0.027,0.03774,-0.048));
#16851=CARTESIAN_POINT('',(0.0156973454445427,0.05424,-0.048));
#16852=CARTESIAN_POINT('',(0.0156973454445427,0.03424,-0.048));
#16853=CARTESIAN_POINT('',(-0.0156973454445427,0.03424,-0.048));
#16854=CARTESIAN_POINT('',(-0.0156973454445427,0.03424,-0.048));
#16855=CARTESIAN_POINT('',(-0.0156973454445427,0.05424,-0.048));
#16856=CARTESIAN_POINT('',(-0.027,0.03774,-0.048));
#16857=CARTESIAN_POINT('',(-0.042,0.03774,-0.0495));
#16858=CARTESIAN_POINT('',(-0.0415,0.03774,-0.0495));
#16859=CARTESIAN_POINT('',(-0.042,0.03774,-0.05));
#16860=CARTESIAN_POINT('',(-0.0415,0.03774,-0.048));
#16861=CARTESIAN_POINT('',(-0.027,0.03774,-0.048));
#16862=CARTESIAN_POINT('',(-0.027,0.03774,-0.05));
#16863=CARTESIAN_POINT('',(-0.027,0.03774,-0.05));
#16864=CARTESIAN_POINT('',(-0.027,0.02574,-0.048));
#16865=CARTESIAN_POINT('',(-0.0415,0.02574,-0.048));
#16866=CARTESIAN_POINT('',(-0.0415,0.02574,-0.0495));
#16867=CARTESIAN_POINT('',(-0.042,0.02574,-0.0495));
#16868=CARTESIAN_POINT('',(-0.042,0.02574,-0.05));
#16869=CARTESIAN_POINT('',(-0.027,0.02574,-0.05));
#16870=CARTESIAN_POINT('',(-0.027,0.02574,-0.05));
#16871=CARTESIAN_POINT('',(-0.027,0.02574,-0.048));
#16872=CARTESIAN_POINT('',(0.027,0.02574,-0.048));
#16873=CARTESIAN_POINT('',(0.042,0.02574,-0.0495));
#16874=CARTESIAN_POINT('',(0.0415,0.02574,-0.0495));
#16875=CARTESIAN_POINT('',(0.042,0.02574,-0.05));
#16876=CARTESIAN_POINT('',(0.0415,0.02574,-0.048));
#16877=CARTESIAN_POINT('',(0.027,0.02574,-0.048));
#16878=CARTESIAN_POINT('',(0.027,0.02574,-0.05));
#16879=CARTESIAN_POINT('',(0.027,0.02574,-0.05));
#16880=CARTESIAN_POINT('',(0.027,0.03774,-0.048));
#16881=CARTESIAN_POINT('',(0.0415,0.03774,-0.048));
#16882=CARTESIAN_POINT('',(0.0415,0.03774,-0.0495));
#16883=CARTESIAN_POINT('',(0.042,0.03774,-0.0495));
#16884=CARTESIAN_POINT('',(0.042,0.03774,-0.05));
#16885=CARTESIAN_POINT('',(0.027,0.03774,-0.05));
#16886=CARTESIAN_POINT('',(0.027,0.03774,-0.05));
#16887=CARTESIAN_POINT('',(0.027,0.03774,-0.048));
#16888=CARTESIAN_POINT('',(-0.0156973454445427,0.05424,-0.048));
#16889=CARTESIAN_POINT('',(-0.0156973454445427,0.05424,-0.05));
#16890=CARTESIAN_POINT('',(-0.0156973454445427,0.03424,-0.05));
#16891=CARTESIAN_POINT('',(-0.0156973454445427,0.03424,-0.048));
#16892=CARTESIAN_POINT('',(-0.0156973454445427,0.00924,-0.048));
#16893=CARTESIAN_POINT('',(-0.0156973454445427,0.00924,-0.05));
#16894=CARTESIAN_POINT('',(-0.0156973454445427,0.02924,-0.05));
#16895=CARTESIAN_POINT('',(-0.0156973454445427,0.02924,-0.048));
#16896=CARTESIAN_POINT('',(-0.0156973454445427,0.02924,-0.048));
#16897=CARTESIAN_POINT('',(-0.0156973454445427,0.02924,-0.05));
#16898=CARTESIAN_POINT('',(0.0156973454445427,0.02924,-0.05));
#16899=CARTESIAN_POINT('',(0.0156973454445427,0.02924,-0.048));
#16900=CARTESIAN_POINT('',(0.0156973454445427,0.00924,-0.048));
#16901=CARTESIAN_POINT('',(0.0156973454445427,0.00924,-0.05));
#16902=CARTESIAN_POINT('',(0.0156973454445427,0.05424,-0.048));
#16903=CARTESIAN_POINT('',(0.0156973454445427,0.05424,-0.05));
#16904=CARTESIAN_POINT('',(0.0156973454445427,0.03424,-0.05));
#16905=CARTESIAN_POINT('',(0.0156973454445427,0.03424,-0.048));
#16906=CARTESIAN_POINT('',(-0.0156973454445427,0.03424,-0.048));
#16907=CARTESIAN_POINT('',(-0.0156973454445427,0.03424,-0.05));
#16908=CARTESIAN_POINT('',(-0.0156973454445427,0.05424,-0.05));
#16909=CARTESIAN_POINT('',(0.042,0.1135,-0.05));
#16910=CARTESIAN_POINT('',(0.042,0.0391,-0.05));
#16911=CARTESIAN_POINT('',(0.05,0.0391,-0.05));
#16912=CARTESIAN_POINT('',(0.049,0.0391,-0.05));
#16913=CARTESIAN_POINT('',(0.049,0.1135,-0.05));
#16914=CARTESIAN_POINT('',(0.049,0.0367,-0.05));
#16915=CARTESIAN_POINT('',(0.049,0.0367,-0.05));
#16916=CARTESIAN_POINT('',(0.0483443650813896,0.0367,-0.05));
#16917=CARTESIAN_POINT('',(0.0483443650813896,0.0365,-0.05));
#16918=CARTESIAN_POINT('',(0.048061522368915,0.0365,-0.05));
#16919=CARTESIAN_POINT('',(0.048061522368915,0.0365,-0.05));
#16920=CARTESIAN_POINT('',(0.048061522368915,0.0337,-0.05));
#16921=CARTESIAN_POINT('',(0.0483443650813896,0.0337,-0.05));
#16922=CARTESIAN_POINT('',(0.0483443650813896,0.0335,-0.05));
#16923=CARTESIAN_POINT('',(0.05,0.0335,-0.05));
#16924=CARTESIAN_POINT('',(0.049,0.0335,-0.05));
#16925=CARTESIAN_POINT('',(0.049,0.1135,-0.05));
#16926=CARTESIAN_POINT('',(0.049,0.0226,-0.05));
#16927=CARTESIAN_POINT('',(0.049,0.0226,-0.05));
#16928=CARTESIAN_POINT('',(0.042,0.0226,-0.05));
#16929=CARTESIAN_POINT('',(0.042,0.1135,-0.05));
#16930=CARTESIAN_POINT('',(-0.042,0.1135,-0.05));
#16931=CARTESIAN_POINT('',(-0.042,0.0226,-0.05));
#16932=CARTESIAN_POINT('',(-0.049,0.0226,-0.05));
#16933=CARTESIAN_POINT('',(-0.049,0.0226,-0.05));
#16934=CARTESIAN_POINT('',(-0.049,0.1135,-0.05));
#16935=CARTESIAN_POINT('',(-0.049,0.0335,-0.05));
#16936=CARTESIAN_POINT('',(-0.05,0.0335,-0.05));
#16937=CARTESIAN_POINT('',(-0.0483443650813896,0.0335,-0.05));
#16938=CARTESIAN_POINT('',(-0.0483443650813896,0.0337,-0.05));
#16939=CARTESIAN_POINT('',(-0.048061522368915,0.0337,-0.05));
#16940=CARTESIAN_POINT('',(-0.048061522368915,0.0365,-0.05));
#16941=CARTESIAN_POINT('',(-0.048061522368915,0.0365,-0.05));
#16942=CARTESIAN_POINT('',(-0.0483443650813896,0.0365,-0.05));
#16943=CARTESIAN_POINT('',(-0.0483443650813896,0.0367,-0.05));
#16944=CARTESIAN_POINT('',(-0.049,0.0367,-0.05));
#16945=CARTESIAN_POINT('',(-0.049,0.0367,-0.05));
#16946=CARTESIAN_POINT('',(-0.049,0.1135,-0.05));
#16947=CARTESIAN_POINT('',(-0.049,0.0391,-0.05));
#16948=CARTESIAN_POINT('',(-0.05,0.0391,-0.05));
#16949=CARTESIAN_POINT('',(-0.042,0.0391,-0.05));
#16950=CARTESIAN_POINT('',(-0.042,0.1135,-0.05));
#16951=CARTESIAN_POINT('',(0.042,0.1135,-0.0495));
#16952=CARTESIAN_POINT('',(0.0415,0.1135,-0.0495));
#16953=CARTESIAN_POINT('',(0.0415,0.0226,-0.0495));
#16954=CARTESIAN_POINT('',(0.042,0.0226,-0.0495));
#16955=CARTESIAN_POINT('',(0.048437867965644,0.0221,-0.048437867965644));
#16956=CARTESIAN_POINT('',(0.048437867965644,0.0221,-0.04895));
#16957=CARTESIAN_POINT('',(0.048437867965644,0.01905,-0.04895));
#16958=CARTESIAN_POINT('',(0.048437867965644,0.0221,-0.04895));
#16959=CARTESIAN_POINT('',(0.048437867965644,0.0221,-0.048437867965644));
#16960=CARTESIAN_POINT('',(0.04895,0.0221,-0.048437867965644));
#16961=CARTESIAN_POINT('',(0.04895,0.0221,-0.048437867965644));
#16962=CARTESIAN_POINT('',(0.04895,0.01905,-0.048437867965644));
#16963=CARTESIAN_POINT('',(0.048437867965644,0.01905,-0.048437867965644));
#16964=CARTESIAN_POINT('',(0.043813340594773,0.0169770500882837,-0.0546081123589482));
#16965=CARTESIAN_POINT('',(0.0488085786437627,0.0165083271686377,-0.04895));
#16966=CARTESIAN_POINT('',(0.0485967392464233,0.0169770500882837,-0.0498247137072979));
#16967=CARTESIAN_POINT('',(0.0481721825406948,0.0165083271686377,-0.0495863961030679));
#16968=CARTESIAN_POINT('',(0.043813340594773,0.0169770500882837,-0.0546081123589482));
#16969=CARTESIAN_POINT('',(0.0498246039039356,0.0169771963213667,-0.0485966378329724));
#16970=CARTESIAN_POINT('',(0.0498247137653585,0.0169770502988607,-0.0485967394861635));
#16971=CARTESIAN_POINT('',(0.0497858511432106,0.016836101380992,-0.0484362702370598));
#16972=CARTESIAN_POINT('',(0.0497035187884796,0.0166739636588085,-0.0482893052261066));
#16973=CARTESIAN_POINT('',(0.0495863961030679,0.0165083271686377,-0.0481721825406949));
#16974=CARTESIAN_POINT('',(0.0495863961030679,0.0165083271686377,-0.0481721825406948));
#16975=CARTESIAN_POINT('',(0.049542639940012,0.0164464466094068,-0.0481284263776389));
#16976=CARTESIAN_POINT('',(0.049542639940012,0.0164464466094068,-0.0481284263776389));
#16977=CARTESIAN_POINT('',(0.0434381472767379,0.0164464466094068,-0.054232919040913));
#16978=CARTESIAN_POINT('',(0.0481284263776389,0.0164464466094068,-0.049542639940012));
#16979=CARTESIAN_POINT('',(0.0481222586343889,0.0164377241032533,-0.049536472196762));
#16980=CARTESIAN_POINT('',(0.043313340594773,0.0176841568694703,-0.0541081123589482));
#16981=CARTESIAN_POINT('',(0.0488217522930711,0.0172349152826822,-0.0498631736494395));
#16982=CARTESIAN_POINT('',(0.0488813199673999,0.0173230897922427,-0.0498663087901937));
#16983=CARTESIAN_POINT('',(0.0489222508731527,0.0174163992288945,-0.0498684630483912));
#16984=CARTESIAN_POINT('',(0.0489445450103292,0.0175105086918034,-0.049869636424032));
#16985=CARTESIAN_POINT('',(0.0489445450103293,0.0175105086918034,-0.049869636424032));
#16986=CARTESIAN_POINT('',(0.0488217520392448,0.0172349154632561,-0.0498631733935768));
#16987=CARTESIAN_POINT('',(0.0440097048350931,0.0175105086918034,-0.0548044765992682));
#16988=CARTESIAN_POINT('',(0.049869636424032,0.0175105086918034,-0.0489445450103292));
#16989=CARTESIAN_POINT('',(0.049869636424032,0.0175105086918034,-0.0489445450103293));
#16990=CARTESIAN_POINT('',(0.0498684630497975,0.0174163993416929,-0.0489222508998742));
#16991=CARTESIAN_POINT('',(0.0498663087955518,0.0173230900159926,-0.0488813200657129));
#16992=CARTESIAN_POINT('',(0.0498631736607127,0.0172349155997385,-0.0488217525072634));
#16993=CARTESIAN_POINT('',(0.0498631339005791,0.0172349439123156,-0.0488217126904296));
#16994=CARTESIAN_POINT('',(0.0498631736494468,0.0172349152828871,-0.0488217522932095));
#16995=CARTESIAN_POINT('',(0.0498604367728529,0.0171397725353679,-0.0487568310889078));
#16996=CARTESIAN_POINT('',(0.0498468685247721,0.0170523528086974,-0.0486810785131191));
#16997=CARTESIAN_POINT('',(0.0498247137505904,0.0169770502354318,-0.0485967394112296));
#16998=CARTESIAN_POINT('',(0.0485967392464233,0.0169770500882838,-0.049824713707298));
#16999=CARTESIAN_POINT('',(0.0486289966275267,0.0170064993779048,-0.0498341039109788));
#17000=CARTESIAN_POINT('',(0.048714139562995,0.017087267305877,-0.0498553112952696));
#17001=CARTESIAN_POINT('',(0.0488075622165172,0.0172139105505758,-0.0498624268033051));
#17002=CARTESIAN_POINT('',(0.0488217522932094,0.017234915282887,-0.0498631736494468));
#17003=CARTESIAN_POINT('',(0.0441661510346884,0.0187652703644666,-0.0549609227988635));
#17004=CARTESIAN_POINT('',(0.0490696364240321,0.0180121505082858,-0.049869636424032));
#17005=CARTESIAN_POINT('',(0.0491437422409628,0.0183093297911529,-0.049869636424032));
#17006=CARTESIAN_POINT('',(0.0492164444216292,0.0185603697432132,-0.0498595345718615));
#17007=CARTESIAN_POINT('',(0.0492877429660314,0.0187652703644666,-0.0498393308675206));
#17008=CARTESIAN_POINT('',(0.0492877429660313,0.0187652703644666,-0.0498393308675205));
#17009=CARTESIAN_POINT('',(0.049069636424032,0.0180121505082858,-0.049869636424032));
#17010=CARTESIAN_POINT('',(0.0441661510346884,0.0187652703644666,-0.0549609227988635));
#17011=CARTESIAN_POINT('',(0.0498393308675205,0.0187652703644666,-0.0492877429660313));
#17012=CARTESIAN_POINT('',(0.0498393308675206,0.0187652703644666,-0.0492877429660313));
#17013=CARTESIAN_POINT('',(0.0498595345718615,0.0185603697432132,-0.0492164444216292));
#17014=CARTESIAN_POINT('',(0.049869636424032,0.0183093297911529,-0.0491437422409627));
#17015=CARTESIAN_POINT('',(0.049869636424032,0.0180121505082857,-0.049069636424032));
#17016=CARTESIAN_POINT('',(0.049869636424032,0.0180121505082858,-0.049069636424032));
#17017=CARTESIAN_POINT('',(0.049869636424032,0.0201042531630218,-0.0495913315261816));
#17018=CARTESIAN_POINT('',(0.0489593827200185,0.0175700109023919,-0.049869636424032));
#17019=CARTESIAN_POINT('',(0.0440268781866244,0.0188,-0.0548216499507995));
#17020=CARTESIAN_POINT('',(0.0440268781866244,0.019,-0.0548216499507995));
#17021=CARTESIAN_POINT('',(0.0490500983300345,0.019,-0.0497984298073893));
#17022=CARTESIAN_POINT('',(0.0497984298073893,0.019,-0.0490500983300345));
#17023=CARTESIAN_POINT('',(0.0498393308675205,0.0187652703644666,-0.0492877429660313));
#17024=CARTESIAN_POINT('',(0.0498409712637598,0.0188910697999345,-0.0493174724211654));
#17025=CARTESIAN_POINT('',(0.0498327337378256,0.019,-0.0491742226170478));
#17026=CARTESIAN_POINT('',(0.0497984298073894,0.019,-0.0490500983300345));
#17027=CARTESIAN_POINT('',(0.0490500983300345,0.019,-0.0497984298073893));
#17028=CARTESIAN_POINT('',(0.0491743073525593,0.019,-0.0498327571559749));
#17029=CARTESIAN_POINT('',(0.0493174814159383,0.0188911078610881,-0.0498409717600686));
#17030=CARTESIAN_POINT('',(0.0492877429660313,0.0187652703644666,-0.0498393308675205));
#17031=CARTESIAN_POINT('',(0.0440268781866244,0.019,-0.0548216499507995));
#17032=CARTESIAN_POINT('',(0.0440268781866244,0.019,-0.0498));
#17033=CARTESIAN_POINT('',(0.0487585786437627,0.019,-0.0498));
#17034=CARTESIAN_POINT('',(0.049,0.019,-0.0498));
#17035=CARTESIAN_POINT('',(0.0487585786437627,0.019,-0.0489));
#17036=CARTESIAN_POINT('',(0.0481221825406948,0.019,-0.0495363961030679));
#17037=CARTESIAN_POINT('',(0.0481221825406948,0.019,-0.0495363961030679));
#17038=CARTESIAN_POINT('',(0.0475857864376269,0.019,-0.049));
#17039=CARTESIAN_POINT('',(0.0440268781866244,0.019,-0.049));
#17040=CARTESIAN_POINT('',(0.048437867965644,0.019,-0.049));
#17041=CARTESIAN_POINT('',(0.048437867965644,0.019,-0.048437867965644));
#17042=CARTESIAN_POINT('',(0.049,0.019,-0.048437867965644));
#17043=CARTESIAN_POINT('',(0.049,0.019,-0.0548216499507995));
#17044=CARTESIAN_POINT('',(0.049,0.019,-0.0475857864376269));
#17045=CARTESIAN_POINT('',(0.0489292893218814,0.019,-0.0475150757595083));
#17046=CARTESIAN_POINT('',(0.0495363961030679,0.019,-0.0481221825406948));
#17047=CARTESIAN_POINT('',(0.0489,0.019,-0.0487585786437627));
#17048=CARTESIAN_POINT('',(0.0498,0.019,-0.0487585786437627));
#17049=CARTESIAN_POINT('',(0.0498,0.019,-0.0548216499507995));
#17050=CARTESIAN_POINT('',(0.0498,0.019,-0.049));
#17051=CARTESIAN_POINT('',(0.049,0.019,-0.049));
#17052=CARTESIAN_POINT('',(0.049,0.019,-0.049));
#17053=CARTESIAN_POINT('',(0.047373654403271,0.0161,-0.0489292893218814));
#17054=CARTESIAN_POINT('',(0.0480221825406948,0.0221,-0.0495778174593052));
#17055=CARTESIAN_POINT('',(0.0473650757595083,0.0221,-0.0489207106781187));
#17056=CARTESIAN_POINT('',(0.0468908224620156,0.0221,-0.048446457380626));
#17057=CARTESIAN_POINT('',(0.0473650757595083,0.0161,-0.0489207106781187));
#17058=CARTESIAN_POINT('',(0.0473650757595083,0.01905,-0.0489207106781187));
#17059=CARTESIAN_POINT('',(0.0475150757595083,0.01905,-0.0490707106781187));
#17060=CARTESIAN_POINT('',(0.0475150757595083,0.0189,-0.0490707106781187));
#17061=CARTESIAN_POINT('',(0.0474443650813896,0.0189,-0.049));
#17062=CARTESIAN_POINT('',(0.0480514718625762,0.0189,-0.0496071067811865));
#17063=CARTESIAN_POINT('',(0.0480514718625762,0.019,-0.0496071067811865));
#17064=CARTESIAN_POINT('',(0.0480514718625762,0.0165790378467564,-0.0496071067811865));
#17065=CARTESIAN_POINT('',(0.0480077156995203,0.0165171572875254,-0.0495633506181307));
#17066=CARTESIAN_POINT('',(0.0480077156995203,0.0165171572875254,-0.0495633506181307));
#17067=CARTESIAN_POINT('',(0.0478077156995203,0.0168,-0.0493633506181307));
#17068=CARTESIAN_POINT('',(0.0478077156995203,0.0164,-0.0493633506181307));
#17069=CARTESIAN_POINT('',(0.0478077156995203,0.0164,-0.0493633506181307));
#17070=CARTESIAN_POINT('',(0.0472391240116843,0.0164,-0.0487947589302947));
#17071=CARTESIAN_POINT('',(0.0472391240116844,0.0168,-0.0487947589302947));
#17072=CARTESIAN_POINT('',(0.0469563243775248,0.0167930190374251,-0.0485119592961352));
#17073=CARTESIAN_POINT('',(0.0469563243775248,0.0167930190374251,-0.0485119592961352));
#17074=CARTESIAN_POINT('',(0.0476564971157456,0.0161,-0.0461008621971352));
#17075=CARTESIAN_POINT('',(0.0487947589302947,0.0168,-0.0472391240116843));
#17076=CARTESIAN_POINT('',(0.0487947589302947,0.0164,-0.0472391240116843));
#17077=CARTESIAN_POINT('',(0.0485119592961352,0.0167930190374251,-0.0469563243775248));
#17078=CARTESIAN_POINT('',(0.0487947589302947,0.0164,-0.0472391240116844));
#17079=CARTESIAN_POINT('',(0.0493633506181307,0.0164,-0.0478077156995203));
#17080=CARTESIAN_POINT('',(0.0493633506181307,0.0168,-0.0478077156995203));
#17081=CARTESIAN_POINT('',(0.0495633506181307,0.0165171572875254,-0.0480077156995203));
#17082=CARTESIAN_POINT('',(0.0495571828748807,0.016508434781372,-0.0480015479562703));
#17083=CARTESIAN_POINT('',(0.0496071067811866,0.0165790378467564,-0.0480514718625762));
#17084=CARTESIAN_POINT('',(0.0496071067811866,0.0168518300528922,-0.0480514718625762));
#17085=CARTESIAN_POINT('',(0.0496071067811866,0.0189,-0.0480514718625762));
#17086=CARTESIAN_POINT('',(0.0496071067811866,0.0189,-0.0480514718625762));
#17087=CARTESIAN_POINT('',(0.0490707106781187,0.0189,-0.0475150757595083));
#17088=CARTESIAN_POINT('',(0.0490707106781187,0.01905,-0.0475150757595083));
#17089=CARTESIAN_POINT('',(0.0489207106781187,0.01905,-0.0473650757595083));
#17090=CARTESIAN_POINT('',(0.0489207106781187,0.0161,-0.0473650757595083));
#17091=CARTESIAN_POINT('',(0.0489207106781187,0.0221,-0.0473650757595083));
#17092=CARTESIAN_POINT('',(0.0495778174593052,0.0221,-0.0480221825406948));
#17093=CARTESIAN_POINT('',(0.048446457380626,0.0221,-0.0468908224620156));
#17094=CARTESIAN_POINT('',(0.0484464358398279,0.0221017452406438,-0.0468908009212175));
#17095=CARTESIAN_POINT('',(0.0422660560462026,0.0167912737967813,-0.0530608278103777));
#17096=CARTESIAN_POINT('',(0.0422660560462026,0.0167912737967813,-0.0530608278103777));
#17097=CARTESIAN_POINT('',(0.0469563351471036,0.0167912737967813,-0.0483705487094767));
#17098=CARTESIAN_POINT('',(0.0483705487094767,0.0167912737967813,-0.0469563351471036));
#17099=CARTESIAN_POINT('',(0.0483705487094767,0.0167912737967813,-0.0469563351471036));
#17100=CARTESIAN_POINT('',(0.0483050252531694,0.0221,-0.0468908116907963));
#17101=CARTESIAN_POINT('',(0.0422005325898953,0.0221,-0.0529953043540704));
#17102=CARTESIAN_POINT('',(0.0468908116907963,0.0221,-0.0483050252531694));
#17103=CARTESIAN_POINT('',(0.0468908116907963,0.0221,-0.0483050252531694));
#17104=CARTESIAN_POINT('',(0.042619555588902,0.0168,-0.0534143273530771));
#17105=CARTESIAN_POINT('',(0.042619555588902,0.0163,-0.0534143273530771));
#17106=CARTESIAN_POINT('',(0.047309834689803,0.0163,-0.0487240482521761));
#17107=CARTESIAN_POINT('',(0.0487240482521761,0.0163,-0.047309834689803));
#17108=CARTESIAN_POINT('',(0.0487240482521761,0.0168,-0.047309834689803));
#17109=CARTESIAN_POINT('',(0.047309834689803,0.0168,-0.0487240482521761));
#17110=CARTESIAN_POINT('',(0.0431881472767379,0.0163,-0.053982919040913));
#17111=CARTESIAN_POINT('',(0.0431881472767379,0.0163,-0.053982919040913));
#17112=CARTESIAN_POINT('',(0.0478784263776389,0.0163,-0.049292639940012));
#17113=CARTESIAN_POINT('',(0.049292639940012,0.0163,-0.0478784263776389));
#17114=CARTESIAN_POINT('',(0.049292639940012,0.0163,-0.0478784263776389));
#17115=CARTESIAN_POINT('',(0.047309834689803,0.0163,-0.0487240482521761));
#17116=CARTESIAN_POINT('',(0.0431881472767379,0.0168,-0.053982919040913));
#17117=CARTESIAN_POINT('',(0.049292639940012,0.0168,-0.0478784263776389));
#17118=CARTESIAN_POINT('',(0.0478784263776389,0.0168,-0.049292639940012));
#17119=CARTESIAN_POINT('',(0.04895,0.015185786437627,-0.0473029437251523));
#17120=CARTESIAN_POINT('',(0.04895,0.01905,-0.0473029437251523));
#17121=CARTESIAN_POINT('',(0.04895,0.01905,-0.0474357864376269));
#17122=CARTESIAN_POINT('',(0.04895,0.0221,-0.0473029437251523));
#17123=CARTESIAN_POINT('',(0.04895,0.0221,-0.0474357864376269));
#17124=CARTESIAN_POINT('',(0.04895,0.015185786437627,-0.0474357864376269));
#17125=CARTESIAN_POINT('',(0.0488,0.015185786437627,-0.04895));
#17126=CARTESIAN_POINT('',(0.0488,0.0221,-0.04895));
#17127=CARTESIAN_POINT('',(0.0474357864376269,0.0221,-0.04895));
#17128=CARTESIAN_POINT('',(0.0488,0.01905,-0.04895));
#17129=CARTESIAN_POINT('',(0.0474357864376269,0.01905,-0.04895));
#17130=CARTESIAN_POINT('',(0.0474357864376269,0.015185786437627,-0.04895));
#17131=CARTESIAN_POINT('',(0.0499,0.363492188198565,-0.0415));
#17132=CARTESIAN_POINT('',(0.0499,0.341507328691112,-0.129663723887819));
#17133=CARTESIAN_POINT('',(0.0499,0.0180295153260524,-0.049));
#17134=CARTESIAN_POINT('',(0.0499,0.0175278735095701,-0.0488749085862972));
#17135=CARTESIAN_POINT('',(0.0499,0.363492188198565,-0.049));
#17136=CARTESIAN_POINT('',(0.0499,0.0189,-0.049));
#17137=CARTESIAN_POINT('',(0.0499,0.0189,-0.0415));
#17138=CARTESIAN_POINT('',(0.0499,0.0189,-0.0487585786437627));
#17139=CARTESIAN_POINT('',(0.0499,0.019,-0.0487585786437627));
#17140=CARTESIAN_POINT('',(0.0498999986234253,0.0172798394430063,-0.0487585786420951));
#17141=CARTESIAN_POINT('',(0.0499,0.0176841568694703,-0.0476214529537212));
#17142=CARTESIAN_POINT('',(0.049,0.363492188198565,-0.049));
#17143=CARTESIAN_POINT('',(0.049898233533313,0.0189,-0.0490563606212888));
#17144=CARTESIAN_POINT('',(0.0498955763998217,0.0189,-0.0490987080324734));
#17145=CARTESIAN_POINT('',(0.0498857916962506,0.0188880474662671,-0.0491767637271376));
#17146=CARTESIAN_POINT('',(0.0498614852347518,0.01882249007596,-0.0492609715469438));
#17147=CARTESIAN_POINT('',(0.0498659062489246,0.0187826351822333,-0.0492453698597492));
#17148=CARTESIAN_POINT('',(0.049898233533313,0.0189,-0.0490563606212888));
#17149=CARTESIAN_POINT('',(0.0498659062489246,0.0187826351822333,-0.0492453698597492));
#17150=CARTESIAN_POINT('',(0.049,0.0189,-0.049));
#17151=CARTESIAN_POINT('',(0.0499000000000003,0.018029515326052,-0.049));
#17152=CARTESIAN_POINT('',(0.0499000000000003,0.0183350908580973,-0.0490857244816832));
#17153=CARTESIAN_POINT('',(0.0498877040391765,0.0185861308101577,-0.049168445812065));
#17154=CARTESIAN_POINT('',(0.0498659062489249,0.018782635182233,-0.0492453698597492));
#17155=CARTESIAN_POINT('',(0.049,0.363492188198565,-0.0499));
#17156=CARTESIAN_POINT('',(0.0487585786437627,0.0168518300528922,-0.0499));
#17157=CARTESIAN_POINT('',(0.0487585786437627,0.0189,-0.0499));
#17158=CARTESIAN_POINT('',(0.0487585779073576,0.0172798378255958,-0.0498998533652348));
#17159=CARTESIAN_POINT('',(0.049,0.0189,-0.0499));
#17160=CARTESIAN_POINT('',(0.049,0.0189,-0.0499));
#17161=CARTESIAN_POINT('',(0.049,0.363492188198565,-0.0499));
#17162=CARTESIAN_POINT('',(0.049,0.0180295153260525,-0.0499));
#17163=CARTESIAN_POINT('',(0.130102789775432,0.343268071518284,-0.0499));
#17164=CARTESIAN_POINT('',(0.0488749085862973,0.0175278735095701,-0.0499));
#17165=CARTESIAN_POINT('',(0.0488749085862975,0.01752787350957,-0.0499));
#17166=CARTESIAN_POINT('',(0.0488532882740488,0.0174411716937673,-0.0499));
#17167=CARTESIAN_POINT('',(0.0488145112896973,0.0173584931974191,-0.0499));
#17168=CARTESIAN_POINT('',(0.0487585776332428,0.0172798380205255,-0.0499));
#17169=CARTESIAN_POINT('',(0.049,0.363492188198565,-0.049));
#17170=CARTESIAN_POINT('',(0.049,0.0189,-0.049));
#17171=CARTESIAN_POINT('',(0.0490563606212888,0.0189,-0.049898233533313));
#17172=CARTESIAN_POINT('',(0.0492453698597493,0.0187826351822333,-0.0498659062489246));
#17173=CARTESIAN_POINT('',(0.0492609701513346,0.0188224865108418,-0.0498614856302224));
#17174=CARTESIAN_POINT('',(0.0491767975795088,0.0188880181918793,-0.0498857797365807));
#17175=CARTESIAN_POINT('',(0.0490987806337588,0.0189,-0.0498955718443767));
#17176=CARTESIAN_POINT('',(0.0490563606212889,0.0189,-0.049898233533313));
#17177=CARTESIAN_POINT('',(0.0492453698597493,0.0187826351822333,-0.0498659062489246));
#17178=CARTESIAN_POINT('',(0.0492453698597495,0.018782635182233,-0.0498659062489246));
#17179=CARTESIAN_POINT('',(0.0491684458120653,0.018586130810158,-0.0498877040391762));
#17180=CARTESIAN_POINT('',(0.0490857244816835,0.0183350908580976,-0.0499));
#17181=CARTESIAN_POINT('',(0.0490000000000003,0.018029515326052,-0.0499));
#17182=CARTESIAN_POINT('',(0.0487585786437624,0.363492188198565,-0.0489));
#17183=CARTESIAN_POINT('',(0.0487585786437627,0.0189,-0.0489));
#17184=CARTESIAN_POINT('',(0.0487585775745938,0.0172798380884005,-0.0498999999999994));
#17185=CARTESIAN_POINT('',(0.0486921876776513,0.0171958148824812,-0.0498999999290174));
#17186=CARTESIAN_POINT('',(0.0486126300911645,0.0171184557751483,-0.0498935620527312));
#17187=CARTESIAN_POINT('',(0.0485232015356078,0.017047760766402,-0.0498719041192199));
#17188=CARTESIAN_POINT('',(0.0485232015356078,0.0170477607664024,-0.0498719041192199));
#17189=CARTESIAN_POINT('',(0.0487585786437627,0.0165790378467564,-0.0489));
#17190=CARTESIAN_POINT('',(0.0489,0.363492188198565,-0.0487585786437627));
#17191=CARTESIAN_POINT('',(0.0498719068941921,0.0170477698246715,-0.0485232129941397));
#17192=CARTESIAN_POINT('',(0.0498935627070684,0.0171184627627385,-0.048612637401939));
#17193=CARTESIAN_POINT('',(0.0499000000000003,0.0171958193016963,-0.0486921913635153));
#17194=CARTESIAN_POINT('',(0.0499000000000003,0.017279839441545,-0.0487585786437627));
#17195=CARTESIAN_POINT('',(0.0498708597380884,0.017047774134878,-0.0485234631754496));
#17196=CARTESIAN_POINT('',(0.0489,0.0189,-0.0487585786437627));
#17197=CARTESIAN_POINT('',(0.0496071067811868,0.016579037846756,-0.0480514718625762));
#17198=CARTESIAN_POINT('',(0.0497783944132286,0.0167970514098263,-0.048222759494618));
#17199=CARTESIAN_POINT('',(0.0498429651641158,0.0169532954024247,-0.0484037024919216));
#17200=CARTESIAN_POINT('',(0.0498719068941928,0.017047769824551,-0.0485232129941425));
#17201=CARTESIAN_POINT('',(0.049,0.01905,-0.0473029437251523));
#17202=CARTESIAN_POINT('',(0.049,0.01905,-0.048437867965644));
#17203=CARTESIAN_POINT('',(0.049,0.01905,-0.0475857864376269));
#17204=CARTESIAN_POINT('',(0.048437867965644,0.01905,-0.048437867965644));
#17205=CARTESIAN_POINT('',(0.048437867965644,0.01905,-0.049));
#17206=CARTESIAN_POINT('',(0.0488,0.01905,-0.049));
#17207=CARTESIAN_POINT('',(0.0475857864376269,0.01905,-0.049));
#17208=CARTESIAN_POINT('',(0.0474357864376269,0.0161,-0.04885));
#17209=CARTESIAN_POINT('',(0.0474357864376269,0.0221,-0.04885));
#17210=CARTESIAN_POINT('',(0.0474357864376269,0.01905,-0.04885));
#17211=CARTESIAN_POINT('',(0.0475150757595083,0.0189,-0.0490707106781187));
#17212=CARTESIAN_POINT('',(0.0475150757595083,0.019,-0.0490707106781186));
#17213=CARTESIAN_POINT('',(0.0475857864376269,0.019,-0.049));
#17214=CARTESIAN_POINT('',(0.0474365353613959,0.018900000002057,-0.0489921702800063));
#17215=CARTESIAN_POINT('',(0.0474708940197202,0.0189687584525898,-0.0490265289383297));
#17216=CARTESIAN_POINT('',(0.0475072460395146,0.019,-0.0489738198672967));
#17217=CARTESIAN_POINT('',(0.047365075765327,0.0189714590201254,-0.0489207106839374));
#17218=CARTESIAN_POINT('',(0.0473943650945976,0.0190021301753076,-0.0489500000132095));
#17219=CARTESIAN_POINT('',(0.0474357864434456,0.0190238196733753,-0.04895));
#17220=CARTESIAN_POINT('',(0.0473650757595083,0.01905,-0.0489207106781187));
#17221=CARTESIAN_POINT('',(0.0473943650813896,0.01905,-0.04895));
#17222=CARTESIAN_POINT('',(0.0474357864376269,0.01905,-0.04895));
#17223=CARTESIAN_POINT('',(0.0475857864376269,0.0189,-0.049));
#17224=CARTESIAN_POINT('',(0.0474443650813896,0.0189,-0.0488585786437627));
#17225=CARTESIAN_POINT('',(0.0481221825406948,0.0189,-0.0495363961030679));
#17226=CARTESIAN_POINT('',(0.0487585786437627,0.0189,-0.0489));
#17227=CARTESIAN_POINT('',(0.0487585786437627,0.0189,-0.0498));
#17228=CARTESIAN_POINT('',(0.0440268781866244,0.0189,-0.0498));
#17229=CARTESIAN_POINT('',(0.049,0.0189,-0.0498));
#17230=CARTESIAN_POINT('',(0.049,0.0189,-0.049));
#17231=CARTESIAN_POINT('',(0.0490500983300345,0.0189,-0.0497984298073893));
#17232=CARTESIAN_POINT('',(0.0490500983300344,0.019,-0.0497984298073892));
#17233=CARTESIAN_POINT('',(0.0490563606212887,0.0190000000000001,-0.049898233533313));
#17234=CARTESIAN_POINT('',(0.0490563606212888,0.0189,-0.049898233533313));
#17235=CARTESIAN_POINT('',(0.0491077222609422,0.019,-0.0498143551428832));
#17236=CARTESIAN_POINT('',(0.0491122205313418,0.0189822296746274,-0.0498947284204179));
#17237=CARTESIAN_POINT('',(0.0491005018150483,0.0188999996303631,-0.0498954638470204));
#17238=CARTESIAN_POINT('',(0.0492133420870665,0.0189721466306792,-0.0498362844309919));
#17239=CARTESIAN_POINT('',(0.0492021592701506,0.0189414280676485,-0.0498809439671197));
#17240=CARTESIAN_POINT('',(0.0491834502939669,0.0188860736310837,-0.0498842603036558));
#17241=CARTESIAN_POINT('',(0.0493053872025619,0.0188399218482486,-0.0498403020241539));
#17242=CARTESIAN_POINT('',(0.0492844867573878,0.0188300226212558,-0.049854376395565));
#17243=CARTESIAN_POINT('',(0.0492599853127169,0.0188199606622774,-0.0498617647016736));
#17244=CARTESIAN_POINT('',(0.0492877429660313,0.0187652703644666,-0.0498393308675205));
#17245=CARTESIAN_POINT('',(0.0492702077543297,0.0187732984384928,-0.049858867991934));
#17246=CARTESIAN_POINT('',(0.0492453698597492,0.0187826351822333,-0.0498659062489246));
#17247=CARTESIAN_POINT('',(0.0492472478285228,0.0187822467342246,-0.0498696787586553));
#17248=CARTESIAN_POINT('',(0.0492622513839193,0.0187766825163675,-0.0498616369986498));
#17249=CARTESIAN_POINT('',(0.0492761330922758,0.0187709187603897,-0.0498517104851195));
#17250=CARTESIAN_POINT('',(0.0492884815757739,0.0187650925913083,-0.0498402143323546));
#17251=CARTESIAN_POINT('',(0.0490115687581628,0.0180129030340996,-0.0498361619318652));
#17252=CARTESIAN_POINT('',(0.049,0.0180295153260525,-0.0499));
#17253=CARTESIAN_POINT('',(0.0490258897710837,0.018023059348981,-0.0499));
#17254=CARTESIAN_POINT('',(0.0490516077132593,0.0180166462198547,-0.0498887862034582));
#17255=CARTESIAN_POINT('',(0.049069636424032,0.0180121505082858,-0.049869636424032));
#17256=CARTESIAN_POINT('',(0.0488897462959865,0.0175873757201587,-0.0498));
#17257=CARTESIAN_POINT('',(0.0489445450103292,0.0175105086918034,-0.049869636424032));
#17258=CARTESIAN_POINT('',(0.0489265162995565,0.0175150044033723,-0.0498887862034582));
#17259=CARTESIAN_POINT('',(0.0489007983573809,0.0175214175324986,-0.0499));
#17260=CARTESIAN_POINT('',(0.0488749085862972,0.0175278735095701,-0.0499));
#17261=CARTESIAN_POINT('',(0.0481612017660806,0.0177123270617328,-0.0497994226585106));
#17262=CARTESIAN_POINT('',(0.0488216730865124,0.0172349725348709,-0.0498630941479003));
#17263=CARTESIAN_POINT('',(0.0488064334100747,0.017245713294229,-0.0498860139117364));
#17264=CARTESIAN_POINT('',(0.0487826247510321,0.0172626706177488,-0.0498999454198092));
#17265=CARTESIAN_POINT('',(0.0487585775205896,0.0172798359037728,-0.0498999931147046));
#17266=CARTESIAN_POINT('',(0.0480674530823186,0.0177712076366551,-0.0491123359580903));
#17267=CARTESIAN_POINT('',(0.0485967551709962,0.0169770276593382,-0.0498247295004986));
#17268=CARTESIAN_POINT('',(0.0485789127290781,0.0169881918849621,-0.0498585753995712));
#17269=CARTESIAN_POINT('',(0.0485484368317314,0.0170175717158509,-0.0498782602434885));
#17270=CARTESIAN_POINT('',(0.0485231402194131,0.0170477626257999,-0.0498721679318756));
#17271=CARTESIAN_POINT('',(0.0485967392464233,0.0169770500882837,-0.0498247137072979));
#17272=CARTESIAN_POINT('',(0.0485660792997665,0.0169960816286978,-0.0498822883165211));
#17273=CARTESIAN_POINT('',(0.0485232015356078,0.0170477607664024,-0.0498719041192199));
#17274=CARTESIAN_POINT('',(0.0484370189335185,0.0168367589692511,-0.0497860324169863));
#17275=CARTESIAN_POINT('',(0.0483877644652678,0.0168455647790201,-0.0498477401808344));
#17276=CARTESIAN_POINT('',(0.048345734521262,0.0169074696473702,-0.04982892490779));
#17277=CARTESIAN_POINT('',(0.0482883867119563,0.0166726646836194,-0.0497026002743003));
#17278=CARTESIAN_POINT('',(0.0482252695511018,0.0166712749921103,-0.0497637521145706));
#17279=CARTESIAN_POINT('',(0.0481805876084052,0.0167433753617395,-0.0497362225270156));
#17280=CARTESIAN_POINT('',(0.0481721825406948,0.0165083271686377,-0.0495863961030679));
#17281=CARTESIAN_POINT('',(0.0481014718625762,0.0165083271686377,-0.0496571067811865));
#17282=CARTESIAN_POINT('',(0.0480514718625762,0.0165790378467563,-0.0496071067811865));
#17283=CARTESIAN_POINT('',(0.0481221825406948,0.0165790378467564,-0.0495363961030679));
#17284=CARTESIAN_POINT('',(0.0484536196956741,0.0170477607664025,-0.0498678332580472));
#17285=CARTESIAN_POINT('',(0.0480784263776389,0.0165171572875254,-0.049492639940012));
#17286=CARTESIAN_POINT('',(0.0478784263776389,0.0168,-0.049292639940012));
#17287=CARTESIAN_POINT('',(0.0478784263776389,0.0164,-0.049292639940012));
#17288=CARTESIAN_POINT('',(0.0474443650813896,0.0164,-0.0488585786437627));
#17289=CARTESIAN_POINT('',(0.047309834689803,0.0164,-0.0487240482521761));
#17290=CARTESIAN_POINT('',(0.047309834689803,0.0168,-0.0487240482521761));
#17291=CARTESIAN_POINT('',(0.0470270350556435,0.0167930190374251,-0.0484412486180166));
#17292=CARTESIAN_POINT('',(0.0470357132165557,0.0160899123512551,-0.0484499267789288));
#17293=CARTESIAN_POINT('',(0.0469615331401343,0.0221,-0.0483757467025073));
#17294=CARTESIAN_POINT('',(0.04885,0.0161,-0.0474357864376269));
#17295=CARTESIAN_POINT('',(0.04885,0.0221,-0.0474357864376269));
#17296=CARTESIAN_POINT('',(0.04885,0.01905,-0.0474357864376269));
#17297=CARTESIAN_POINT('',(0.0489207106781187,0.01905,-0.0473650757595082));
#17298=CARTESIAN_POINT('',(0.04895,0.01905,-0.0473943650813896));
#17299=CARTESIAN_POINT('',(0.04895,0.01905,-0.0474357864376269));
#17300=CARTESIAN_POINT('',(0.0489207106839374,0.0189714590201254,-0.047365075765327));
#17301=CARTESIAN_POINT('',(0.0489500000132094,0.0190021301753076,-0.0473943650945976));
#17302=CARTESIAN_POINT('',(0.04895,0.0190238196733753,-0.0474357864434456));
#17303=CARTESIAN_POINT('',(0.0489921702800063,0.018900000002057,-0.0474365353613959));
#17304=CARTESIAN_POINT('',(0.0490265289383288,0.0189687584525906,-0.0474708940197195));
#17305=CARTESIAN_POINT('',(0.0489738198672955,0.019,-0.0475072460395146));
#17306=CARTESIAN_POINT('',(0.0490707106781187,0.0189,-0.0475150757595083));
#17307=CARTESIAN_POINT('',(0.0490707106781186,0.019,-0.0475150757595083));
#17308=CARTESIAN_POINT('',(0.049,0.019,-0.0475857864376269));
#17309=CARTESIAN_POINT('',(0.049,0.0189,-0.0475857864376269));
#17310=CARTESIAN_POINT('',(0.0501313708498985,0.0189,-0.0487171572875254));
#17311=CARTESIAN_POINT('',(0.0495363961030679,0.0189,-0.0481221825406948));
#17312=CARTESIAN_POINT('',(0.0489,0.0189,-0.0487585786437627));
#17313=CARTESIAN_POINT('',(0.0498,0.0189,-0.0487585786437627));
#17314=CARTESIAN_POINT('',(0.0498,0.0189,-0.0548216499507995));
#17315=CARTESIAN_POINT('',(0.0498,0.0189,-0.049));
#17316=CARTESIAN_POINT('',(0.049,0.0189,-0.049));
#17317=CARTESIAN_POINT('',(0.0497984298073894,0.0189,-0.0490500983300345));
#17318=CARTESIAN_POINT('',(0.0498393308675205,0.0187652703644666,-0.0492877429660313));
#17319=CARTESIAN_POINT('',(0.049858867991934,0.0187732984384927,-0.0492702077543297));
#17320=CARTESIAN_POINT('',(0.0498659062489246,0.0187826351822333,-0.0492453698597492));
#17321=CARTESIAN_POINT('',(0.0498403049895066,0.0188400582606013,-0.0493054182535401));
#17322=CARTESIAN_POINT('',(0.0498543689442095,0.0188301248608539,-0.0492845104009876));
#17323=CARTESIAN_POINT('',(0.0498617577273089,0.018820029036162,-0.0492600099251366));
#17324=CARTESIAN_POINT('',(0.0498363347957517,0.0189721421492141,-0.0492134712701691));
#17325=CARTESIAN_POINT('',(0.0498809587217054,0.0189413933161302,-0.0492022215025802));
#17326=CARTESIAN_POINT('',(0.0498842668467283,0.0188860712779542,-0.0491835455040998));
#17327=CARTESIAN_POINT('',(0.0498142283127426,0.0190000000000001,-0.0491072632643317));
#17328=CARTESIAN_POINT('',(0.0498947539074154,0.0189823588159528,-0.0491118148049013));
#17329=CARTESIAN_POINT('',(0.0498954859090731,0.018899999687451,-0.0491001502065173));
#17330=CARTESIAN_POINT('',(0.0497984298073896,0.0190000000000001,-0.0490500983300343));
#17331=CARTESIAN_POINT('',(0.0498982335333133,0.0190000000000001,-0.0490563606212885));
#17332=CARTESIAN_POINT('',(0.0498982335333133,0.0189000000000001,-0.0490563606212886));
#17333=CARTESIAN_POINT('',(0.0498402143323452,0.0187650925913108,-0.0492884815757643));
#17334=CARTESIAN_POINT('',(0.0498517104850913,0.0187709187603954,-0.0492761330922573));
#17335=CARTESIAN_POINT('',(0.0498616369986244,0.01877668251637,-0.0492622513839121));
#17336=CARTESIAN_POINT('',(0.0498696787586621,0.0187822467342211,-0.0492472478285359));
#17337=CARTESIAN_POINT('',(0.0498361619315206,0.0180129030338271,-0.0490115687582093));
#17338=CARTESIAN_POINT('',(0.049869636424032,0.0180121505082857,-0.049069636424032));
#17339=CARTESIAN_POINT('',(0.0498887862034582,0.0180166462198546,-0.0490516077132593));
#17340=CARTESIAN_POINT('',(0.0499,0.018023059348981,-0.0490258897710837));
#17341=CARTESIAN_POINT('',(0.0499,0.0180295153260524,-0.049));
#17342=CARTESIAN_POINT('',(0.0498,0.0201216179807885,-0.0495216951021496));
#17343=CARTESIAN_POINT('',(0.0499,0.0175278735095701,-0.0488749085862973));
#17344=CARTESIAN_POINT('',(0.0499,0.0175214175324986,-0.0489007983573809));
#17345=CARTESIAN_POINT('',(0.0498887862034582,0.0175150044033723,-0.0489265162995565));
#17346=CARTESIAN_POINT('',(0.049869636424032,0.0175105086918034,-0.0489445450103293));
#17347=CARTESIAN_POINT('',(0.0497994226589627,0.0177123270613007,-0.0481612017669593));
#17348=CARTESIAN_POINT('',(0.0498999931171265,0.0172798394488496,-0.0487585786354246));
#17349=CARTESIAN_POINT('',(0.0498999457688381,0.0172626730979186,-0.0487826255763299));
#17350=CARTESIAN_POINT('',(0.0498860142175975,0.0172457144965021,-0.048806433969941));
#17351=CARTESIAN_POINT('',(0.0498630941516703,0.0172349725417248,-0.048821673087677));
#17352=CARTESIAN_POINT('',(0.0491080813656912,0.0177484642931665,-0.0480978659844842));
#17353=CARTESIAN_POINT('',(0.0498698153569477,0.0170477875034011,-0.0485237248152525));
#17354=CARTESIAN_POINT('',(0.0498755893904595,0.0170178646882081,-0.0485483017881219));
#17355=CARTESIAN_POINT('',(0.0498570371486938,0.0169890573112853,-0.0485781931711413));
#17356=CARTESIAN_POINT('',(0.0498244941005298,0.0169773425544341,-0.048596536419546));
#17357=CARTESIAN_POINT('',(0.0483404415568412,0.0165892363645968,-0.0493236684556043));
#17358=CARTESIAN_POINT('',(0.0495863961030679,0.0165083271686378,-0.0481721825406949));
#17359=CARTESIAN_POINT('',(0.0496234201275526,0.0165083271686378,-0.0481351585162102));
#17360=CARTESIAN_POINT('',(0.0496332867199665,0.0165420138222718,-0.0480776518013561));
#17361=CARTESIAN_POINT('',(0.0496071067811866,0.0165790378467564,-0.0480514718625762));
#17362=CARTESIAN_POINT('',(0.0498678332580472,0.0170477607664025,-0.0484536196956741));
#17363=CARTESIAN_POINT('',(0.049492639940012,0.0165171572875254,-0.0480784263776389));
#17364=CARTESIAN_POINT('',(0.049292639940012,0.0168,-0.0478784263776389));
#17365=CARTESIAN_POINT('',(0.049292639940012,0.0164,-0.0478784263776389));
#17366=CARTESIAN_POINT('',(0.049292639940012,0.0164,-0.0478784263776389));
#17367=CARTESIAN_POINT('',(0.0487240482521761,0.0164,-0.047309834689803));
#17368=CARTESIAN_POINT('',(0.0487240482521761,0.0168,-0.047309834689803));
#17369=CARTESIAN_POINT('',(0.0484412486180166,0.0167930190374251,-0.0470270350556435));
#17370=CARTESIAN_POINT('',(0.0484412486180166,0.0167930190374251,-0.0470270350556435));
#17371=CARTESIAN_POINT('',(0.0483757467025073,0.0221,-0.0469615331401343));
#17372=CARTESIAN_POINT('',(0.05,0.0221,-0.05001));
#17373=CARTESIAN_POINT('',(0.042,0.0221,-0.0495));
#17374=CARTESIAN_POINT('',(0.049,0.0221,-0.0495));
#17375=CARTESIAN_POINT('',(0.042,0.0221,-0.0495));
#17376=CARTESIAN_POINT('',(0.049,0.0221,-0.049));
#17377=CARTESIAN_POINT('',(0.0495,0.0221,-0.049));
#17378=CARTESIAN_POINT('',(0.0495,0.0221,-0.049));
#17379=CARTESIAN_POINT('',(0.0495,0.0221,-0.042));
#17380=CARTESIAN_POINT('',(0.0495,0.0221,-0.042));
#17381=CARTESIAN_POINT('',(0.042,0.0221,-0.042));
#17382=CARTESIAN_POINT('',(0.042,0.0221,-0.042));
#17383=CARTESIAN_POINT('',(0.0415,0.0396,-0.05001));
#17384=CARTESIAN_POINT('',(0.0461715728752538,0.0396,-0.0477272077938642));
#17385=CARTESIAN_POINT('',(0.0453937554159486,0.0396,-0.0485050252531694));
#17386=CARTESIAN_POINT('',(0.0451059348446489,0.0396,-0.048));
#17387=CARTESIAN_POINT('',(0.0465,0.0396,-0.048));
#17388=CARTESIAN_POINT('',(0.0425,0.0396,-0.048));
#17389=CARTESIAN_POINT('',(0.0425,0.0396,-0.05));
#17390=CARTESIAN_POINT('',(0.0425,0.0396,-0.049));
#17391=CARTESIAN_POINT('',(0.05,0.0396,-0.049));
#17392=CARTESIAN_POINT('',(0.0458887301627792,0.0396,-0.049));
#17393=CARTESIAN_POINT('',(0.0441993650813896,0.0396,-0.0473106349186104));
#17394=CARTESIAN_POINT('',(0.0490414213562373,0.0396,-0.0472029437251523));
#17395=CARTESIAN_POINT('',(0.0478686291501015,0.0396,-0.0460301515190165));
#17396=CARTESIAN_POINT('',(0.0490414213562373,0.0396,-0.0472029437251523));
#17397=CARTESIAN_POINT('',(0.0477272077938642,0.0396,-0.0461715728752538));
#17398=CARTESIAN_POINT('',(0.0475857864376269,0.0396,-0.0460301515190165));
#17399=CARTESIAN_POINT('',(0.0468029689783217,0.0396,-0.0468129689783217));
#17400=CARTESIAN_POINT('',(0.0460301515190165,0.0396,-0.0475857864376269));
#17401=CARTESIAN_POINT('',(0.0461715728752538,0.0396,-0.0477272077938642));
#17402=CARTESIAN_POINT('',(0.0460301515190165,0.0396,-0.0478686291501015));
#17403=CARTESIAN_POINT('',(0.0460301515190165,0.0396,-0.0478686291501015));
#17404=CARTESIAN_POINT('',(0.0472029437251523,0.0396,-0.0490414213562373));
#17405=CARTESIAN_POINT('',(0.0473443650813896,0.0396,-0.0489));
#17406=CARTESIAN_POINT('',(0.0473443650813896,0.0396,-0.0491));
#17407=CARTESIAN_POINT('',(0.0473443650813896,0.0396,-0.0491));
#17408=CARTESIAN_POINT('',(0.0488,0.0396,-0.0491));
#17409=CARTESIAN_POINT('',(0.0488,0.0396,-0.0488));
#17410=CARTESIAN_POINT('',(0.0491,0.0396,-0.0488));
#17411=CARTESIAN_POINT('',(0.0491,0.0396,-0.0488));
#17412=CARTESIAN_POINT('',(0.0491,0.0396,-0.0473443650813896));
#17413=CARTESIAN_POINT('',(0.0489,0.0396,-0.0473443650813896));
#17414=CARTESIAN_POINT('',(0.0465,0.0396,-0.047));
#17415=CARTESIAN_POINT('',(0.042,0.0396,-0.047));
#17416=CARTESIAN_POINT('',(0.0465,0.0396,-0.047));
#17417=CARTESIAN_POINT('',(0.0465,0.0396,0.047));
#17418=CARTESIAN_POINT('',(0.0465,0.0396,-0.042));
#17419=CARTESIAN_POINT('',(0.0465,0.0396,-0.042));
#17420=CARTESIAN_POINT('',(0.0495,0.0396,-0.042));
#17421=CARTESIAN_POINT('',(0.0495,0.0396,-0.05001));
#17422=CARTESIAN_POINT('',(0.0495,0.0396,-0.049));
#17423=CARTESIAN_POINT('',(0.049,0.0396,-0.049));
#17424=CARTESIAN_POINT('',(0.049,0.0396,-0.0495));
#17425=CARTESIAN_POINT('',(0.05,0.0396,-0.0495));
#17426=CARTESIAN_POINT('',(0.042,0.0396,-0.0495));
#17427=CARTESIAN_POINT('',(0.042,0.0396,-0.0495));
#17428=CARTESIAN_POINT('',(0.0477272077938642,0.0396,-0.0461715728752538));
#17429=CARTESIAN_POINT('',(0.0475,0.0396,-0.0450952938136683));
#17430=CARTESIAN_POINT('',(0.0485050252531694,0.0396,-0.0453937554159486));
#17431=CARTESIAN_POINT('',(0.0484343145750508,0.0396,-0.04532304473783));
#17432=CARTESIAN_POINT('',(0.049,0.0396,-0.0458887301627792));
#17433=CARTESIAN_POINT('',(0.049,0.0396,-0.05));
#17434=CARTESIAN_POINT('',(0.049,0.0396,-0.0425));
#17435=CARTESIAN_POINT('',(0.05,0.0396,-0.0425));
#17436=CARTESIAN_POINT('',(0.0475,0.0396,-0.0425));
#17437=CARTESIAN_POINT('',(0.0475,0.0396,0.047));
#17438=CARTESIAN_POINT('',(0.,0.0375,0.));
#17439=CARTESIAN_POINT('',(0.0461715728752538,0.0375,-0.0477272077938642));
#17440=CARTESIAN_POINT('',(0.0453462433504317,0.0375,-0.047));
#17441=CARTESIAN_POINT('',(0.0453937554159486,0.0375,-0.046949390334559));
#17442=CARTESIAN_POINT('',(0.0461715728752538,0.0375,-0.0461715728752538));
#17443=CARTESIAN_POINT('',(0.0465,0.0375,-0.0458431457505076));
#17444=CARTESIAN_POINT('',(0.0465,0.0375,0.047));
#17445=CARTESIAN_POINT('',(0.0465,0.0375,-0.047));
#17446=CARTESIAN_POINT('',(0.0465,0.0375,-0.047));
#17447=CARTESIAN_POINT('',(0.05,0.1135,-0.0415));
#17448=CARTESIAN_POINT('',(0.0495,0.0391,-0.0415));
#17449=CARTESIAN_POINT('',(0.0465,0.0391,-0.0415));
#17450=CARTESIAN_POINT('',(0.0465,0.1135,-0.0415));
#17451=CARTESIAN_POINT('',(0.0465,0.0375,-0.0415));
#17452=CARTESIAN_POINT('',(0.05,0.0375,-0.0415));
#17453=CARTESIAN_POINT('',(0.042,0.0375,-0.0415));
#17454=CARTESIAN_POINT('',(0.042,0.1135,-0.0415));
#17455=CARTESIAN_POINT('',(0.042,0.0226,-0.0415));
#17456=CARTESIAN_POINT('',(0.042,0.0226,-0.0415));
#17457=CARTESIAN_POINT('',(0.0495,0.0226,-0.0415));
#17458=CARTESIAN_POINT('',(0.0495,0.1135,-0.0415));
#17459=CARTESIAN_POINT('',(0.0415,0.1135,-0.05));
#17460=CARTESIAN_POINT('',(0.0415,0.0226,-0.0495));
#17461=CARTESIAN_POINT('',(0.0415,0.0226,-0.042));
#17462=CARTESIAN_POINT('',(0.0415,0.1135,-0.042));
#17463=CARTESIAN_POINT('',(0.0415,0.0375,-0.042));
#17464=CARTESIAN_POINT('',(0.0415,0.0375,-0.05));
#17465=CARTESIAN_POINT('',(0.0415,0.0375,-0.047));
#17466=CARTESIAN_POINT('',(0.0415,0.1135,-0.047));
#17467=CARTESIAN_POINT('',(0.0415,0.0391,-0.047));
#17468=CARTESIAN_POINT('',(0.0415,0.0391,-0.047));
#17469=CARTESIAN_POINT('',(0.0415,0.0391,-0.0495));
#17470=CARTESIAN_POINT('',(0.0415,0.1135,-0.0495));
#17471=CARTESIAN_POINT('',(0.049,0.1135,-0.049));
#17472=CARTESIAN_POINT('',(0.049,0.0367,-0.049));
#17473=CARTESIAN_POINT('',(0.049,0.0391,-0.049));
#17474=CARTESIAN_POINT('',(0.049,0.1135,-0.049));
#17475=CARTESIAN_POINT('',(0.049,0.0335,-0.049));
#17476=CARTESIAN_POINT('',(0.049,0.0226,-0.049));
#17477=CARTESIAN_POINT('',(0.,0.0375,0.));
#17478=CARTESIAN_POINT('',(0.0465,0.0375,0.047));
#17479=CARTESIAN_POINT('',(0.0465,0.0375,-0.0425));
#17480=CARTESIAN_POINT('',(0.05,0.0375,-0.0425));
#17481=CARTESIAN_POINT('',(0.0425,0.0375,-0.0425));
#17482=CARTESIAN_POINT('',(0.0425,0.0375,-0.05));
#17483=CARTESIAN_POINT('',(0.0425,0.0375,-0.047));
#17484=CARTESIAN_POINT('',(0.0465,0.0375,-0.047));
#17485=CARTESIAN_POINT('',(0.042,0.0375,-0.042));
#17486=CARTESIAN_POINT('',(0.0465,0.0396,0.047));
#17487=CARTESIAN_POINT('',(0.0465,0.0396,-0.047));
#17488=CARTESIAN_POINT('',(0.0465,0.0375,0.047));
#17489=CARTESIAN_POINT('',(0.0465,0.0391,-0.042));
#17490=CARTESIAN_POINT('',(0.0465,0.0396,-0.047));
#17491=CARTESIAN_POINT('',(0.0465,0.0375,-0.047));
#17492=CARTESIAN_POINT('',(0.042,0.0391,-0.047));
#17493=CARTESIAN_POINT('',(0.0483443650813896,0.0335,-0.05));
#17494=CARTESIAN_POINT('',(0.0483443650813896,0.0336,-0.05));
#17495=CARTESIAN_POINT('',(0.0483443650813896,0.0336,-0.0499));
#17496=CARTESIAN_POINT('',(0.0482703167238882,0.033500000000578,-0.05));
#17497=CARTESIAN_POINT('',(0.0482831638039198,0.0336204006405823,-0.0499999999999994));
#17498=CARTESIAN_POINT('',(0.0482888288132634,0.0336,-0.0498814879106245));
#17499=CARTESIAN_POINT('',(0.0481228106152207,0.0335433374441807,-0.05));
#17500=CARTESIAN_POINT('',(0.0481958722419425,0.0337378259228424,-0.0500000000000006));
#17501=CARTESIAN_POINT('',(0.0481781992320523,0.0336216687222347,-0.0498446113831687));
#17502=CARTESIAN_POINT('',(0.0480615223712288,0.0336476396861114,-0.05));
#17503=CARTESIAN_POINT('',(0.0483029436551308,0.0337370286081264,-0.0499999999999995));
#17504=CARTESIAN_POINT('',(0.0481322330481904,0.0336738198430561,-0.0498292893230382));
#17505=CARTESIAN_POINT('',(0.048061522368915,0.0337,-0.05));
#17506=CARTESIAN_POINT('',(0.0483029437251523,0.0337,-0.05));
#17507=CARTESIAN_POINT('',(0.0481322330470336,0.0337,-0.0498292893218813));
#17508=CARTESIAN_POINT('',(0.0483443650813896,0.0335,-0.0499));
#17509=CARTESIAN_POINT('',(0.0483443650813896,0.0336,-0.0499));
#17510=CARTESIAN_POINT('',(0.048061522368915,0.0337,-0.0499));
#17511=CARTESIAN_POINT('',(0.0481322330470337,0.0337,-0.0498292893218814));
#17512=CARTESIAN_POINT('',(0.0483443650813896,0.0337,-0.0499));
#17513=CARTESIAN_POINT('',(0.05,0.0335,-0.0499));
#17514=CARTESIAN_POINT('',(0.049,0.0335,-0.0499));
#17515=CARTESIAN_POINT('',(0.049,0.0336,-0.0499));
#17516=CARTESIAN_POINT('',(0.0488,0.0336,-0.0499));
#17517=CARTESIAN_POINT('',(0.049,0.0335,-0.049));
#17518=CARTESIAN_POINT('',(0.0499,0.0335,-0.049));
#17519=CARTESIAN_POINT('',(0.0499,0.0336,-0.049));
#17520=CARTESIAN_POINT('',(0.049,0.0336,-0.049));
#17521=CARTESIAN_POINT('',(0.0499,0.0335,-0.05));
#17522=CARTESIAN_POINT('',(0.0499,0.0336,-0.0488));
#17523=CARTESIAN_POINT('',(0.0499,0.0336,-0.0483443650813896));
#17524=CARTESIAN_POINT('',(0.0499,0.0335,-0.0483443650813896));
#17525=CARTESIAN_POINT('',(0.05,0.0337,-0.048061522368915));
#17526=CARTESIAN_POINT('',(0.05,0.0337,-0.0483029437251523));
#17527=CARTESIAN_POINT('',(0.0498292893218813,0.0337,-0.0481322330470336));
#17528=CARTESIAN_POINT('',(0.05,0.0336476396861114,-0.0480615223712288));
#17529=CARTESIAN_POINT('',(0.0499999999999995,0.0337370286081264,-0.0483029436551308));
#17530=CARTESIAN_POINT('',(0.0498292893230382,0.0336738198430561,-0.0481322330481904));
#17531=CARTESIAN_POINT('',(0.05,0.0335433374441807,-0.0481228106152207));
#17532=CARTESIAN_POINT('',(0.0500000000000006,0.0337378259228424,-0.0481958722419425));
#17533=CARTESIAN_POINT('',(0.0498446113831687,0.0336216687222347,-0.0481781992320523));
#17534=CARTESIAN_POINT('',(0.05,0.033500000000578,-0.0482703167238882));
#17535=CARTESIAN_POINT('',(0.0499999999999994,0.0336204006405823,-0.0482831638039198));
#17536=CARTESIAN_POINT('',(0.0498814879106245,0.0336,-0.0482888288132634));
#17537=CARTESIAN_POINT('',(0.05,0.0335,-0.0483443650813896));
#17538=CARTESIAN_POINT('',(0.05,0.0336,-0.0483443650813896));
#17539=CARTESIAN_POINT('',(0.0499,0.0336,-0.0483443650813896));
#17540=CARTESIAN_POINT('',(0.0499,0.0337,-0.0483443650813896));
#17541=CARTESIAN_POINT('',(0.0498292893218814,0.0337,-0.0481322330470337));
#17542=CARTESIAN_POINT('',(0.0499,0.0337,-0.048061522368915));
#17543=CARTESIAN_POINT('',(0.0472855642155868,0.036590384126589,-0.0490866233234483));
#17544=CARTESIAN_POINT('',(0.0473943650813896,0.0365707106781187,-0.04905));
#17545=CARTESIAN_POINT('',(0.0473676347314935,0.0365581098703353,-0.049041089883368));
#17546=CARTESIAN_POINT('',(0.0473225008366736,0.0365345396442957,-0.0490195571115213));
#17547=CARTESIAN_POINT('',(0.047273654403271,0.0365,-0.0489707106781187));
#17548=CARTESIAN_POINT('',(0.047273654403271,0.0365,-0.0489707106781187));
#17549=CARTESIAN_POINT('',(0.0473943650813896,0.0365707106781187,-0.04905));
#17550=CARTESIAN_POINT('',(0.0473943989944335,0.0365706635019752,-0.0490499645507535));
#17551=CARTESIAN_POINT('',(0.0473838245849149,0.0365856081521162,-0.0490199599250569));
#17552=CARTESIAN_POINT('',(0.04736464897551,0.0366127265590033,-0.0490007843156521));
#17553=CARTESIAN_POINT('',(0.0473443664039639,0.036641420269978,-0.0489999319602839));
#17554=CARTESIAN_POINT('',(0.0473443650813896,0.0366414213562373,-0.049));
#17555=CARTESIAN_POINT('',(0.0472736544032709,0.0365,-0.0489707106781187));
#17556=CARTESIAN_POINT('',(0.0472980776199722,0.0365690792885915,-0.0489951338948199));
#17557=CARTESIAN_POINT('',(0.0473265448481255,0.0366162197406706,-0.049));
#17558=CARTESIAN_POINT('',(0.0473443650813896,0.0366414213562373,-0.049));
#17559=CARTESIAN_POINT('',(0.0488,0.0336,-0.049));
#17560=CARTESIAN_POINT('',(0.0473443650813896,0.0396,-0.049));
#17561=CARTESIAN_POINT('',(0.0473443650813896,0.0395,-0.049));
#17562=CARTESIAN_POINT('',(0.0475443650813896,0.0365,-0.049));
#17563=CARTESIAN_POINT('',(0.0475443650813896,0.0367,-0.049));
#17564=CARTESIAN_POINT('',(0.0488,0.0367,-0.049));
#17565=CARTESIAN_POINT('',(0.0488,0.0367,-0.049));
#17566=CARTESIAN_POINT('',(0.0488,0.0336,-0.049));
#17567=CARTESIAN_POINT('',(0.0488,0.0395,-0.049));
#17568=CARTESIAN_POINT('',(0.0488,0.0395,-0.049));
#17569=CARTESIAN_POINT('',(0.0488,0.0336,-0.0488));
#17570=CARTESIAN_POINT('',(0.0488,0.0367,-0.0488));
#17571=CARTESIAN_POINT('',(0.049,0.0367,-0.0488));
#17572=CARTESIAN_POINT('',(0.049,0.0336,-0.0488));
#17573=CARTESIAN_POINT('',(0.049,0.0395,-0.0488));
#17574=CARTESIAN_POINT('',(0.0488,0.0395,-0.0488));
#17575=CARTESIAN_POINT('',(0.0491,0.0395,-0.05001));
#17576=CARTESIAN_POINT('',(0.0491,0.0395,-0.0473443650813896));
#17577=CARTESIAN_POINT('',(0.049,0.0395,-0.0473443650813896));
#17578=CARTESIAN_POINT('',(0.0491,0.0395,-0.0488));
#17579=CARTESIAN_POINT('',(0.049,0.0395,-0.0473443650813896));
#17580=CARTESIAN_POINT('',(0.0489,0.0395,-0.0473443650813896));
#17581=CARTESIAN_POINT('',(0.0490414213562373,0.0395,-0.0472029437251523));
#17582=CARTESIAN_POINT('',(0.0489707106781187,0.0395,-0.047273654403271));
#17583=CARTESIAN_POINT('',(0.0489,0.0395,-0.0473443650813896));
#17584=CARTESIAN_POINT('',(0.0509242388155425,0.0395,-0.0490857611844575));
#17585=CARTESIAN_POINT('',(0.0478686291501015,0.0395,-0.0460301515190165));
#17586=CARTESIAN_POINT('',(0.0477979184719829,0.0395,-0.0461008621971352));
#17587=CARTESIAN_POINT('',(0.0477979184719829,0.0395,-0.0461008621971352));
#17588=CARTESIAN_POINT('',(0.0477272077938642,0.0395,-0.0461715728752538));
#17589=CARTESIAN_POINT('',(0.0477272077938642,0.0395,-0.0461715728752538));
#17590=CARTESIAN_POINT('',(0.0476564971157456,0.0395,-0.0461008621971352));
#17591=CARTESIAN_POINT('',(0.0475857864376269,0.0395,-0.0460301515190165));
#17592=CARTESIAN_POINT('',(0.0477272077938642,0.0336,-0.0460301515190165));
#17593=CARTESIAN_POINT('',(0.0476564971157456,0.0336,-0.0461008621971352));
#17594=CARTESIAN_POINT('',(0.0476564971157456,0.0337,-0.0461008621971352));
#17595=CARTESIAN_POINT('',(0.0477272077938642,0.0337,-0.0460301515190165));
#17596=CARTESIAN_POINT('',(0.0461008621971352,0.0337,-0.0476564971157456));
#17597=CARTESIAN_POINT('',(0.0461008621971352,0.0336,-0.0476564971157456));
#17598=CARTESIAN_POINT('',(0.0461008621971352,0.0395,-0.0476564971157456));
#17599=CARTESIAN_POINT('',(0.0477272077938642,0.0395,-0.0460301515190165));
#17600=CARTESIAN_POINT('',(0.0461715728752538,0.0395,-0.0477272077938642));
#17601=CARTESIAN_POINT('',(0.0460301515190165,0.0395,-0.0475857864376269));
#17602=CARTESIAN_POINT('',(0.0461715728752538,0.0395,-0.0477272077938642));
#17603=CARTESIAN_POINT('',(0.0461008621971352,0.0395,-0.0477979184719829));
#17604=CARTESIAN_POINT('',(0.0460301515190165,0.0395,-0.0478686291501015));
#17605=CARTESIAN_POINT('',(0.0476564971157456,0.0395,-0.0459594408408979));
#17606=CARTESIAN_POINT('',(0.0477272077938642,0.0336,-0.0461715728752538));
#17607=CARTESIAN_POINT('',(0.0477979184719829,0.0336,-0.0461008621971352));
#17608=CARTESIAN_POINT('',(0.0477979184719829,0.0337,-0.0461008621971352));
#17609=CARTESIAN_POINT('',(0.0477272077938642,0.0337,-0.0461715728752538));
#17610=CARTESIAN_POINT('',(0.0477272077938642,0.0337,-0.0461715728752538));
#17611=CARTESIAN_POINT('',(0.0477272077938642,0.0337,-0.0461715728752538));
#17612=CARTESIAN_POINT('',(0.0477272077938642,0.0336,-0.0461715728752538));
#17613=CARTESIAN_POINT('',(0.0477272077938642,0.0337,-0.0461715728752538));
#17614=CARTESIAN_POINT('',(0.0476564971157456,0.0337,-0.0461008621971352));
#17615=CARTESIAN_POINT('',(0.0495778174593052,0.0336,-0.0480221825406948));
#17616=CARTESIAN_POINT('',(0.0477272077938642,0.0337,-0.0460301515190165));
#17617=CARTESIAN_POINT('',(0.0499,0.0336,-0.048061522368915));
#17618=CARTESIAN_POINT('',(0.0498292893218814,0.0365,-0.0481322330470337));
#17619=CARTESIAN_POINT('',(0.0498292893218814,0.0365,-0.0481322330470337));
#17620=CARTESIAN_POINT('',(0.0499,0.0365,-0.048061522368915));
#17621=CARTESIAN_POINT('',(0.05,0.0367,-0.0483443650813896));
#17622=CARTESIAN_POINT('',(0.05,0.0366,-0.0483443650813896));
#17623=CARTESIAN_POINT('',(0.0499,0.0366,-0.0483443650813896));
#17624=CARTESIAN_POINT('',(0.05,0.036699999999422,-0.0482703167238882));
#17625=CARTESIAN_POINT('',(0.0499999999999994,0.0365795993594171,-0.0482831638039198));
#17626=CARTESIAN_POINT('',(0.0498814879106245,0.0366,-0.0482888288132634));
#17627=CARTESIAN_POINT('',(0.05,0.0366566625558193,-0.0481228106152207));
#17628=CARTESIAN_POINT('',(0.0500000000000005,0.036462174077157,-0.0481958722419425));
#17629=CARTESIAN_POINT('',(0.0498446113831687,0.036578331277765,-0.0481781992320523));
#17630=CARTESIAN_POINT('',(0.05,0.0365523603138886,-0.0480615223712288));
#17631=CARTESIAN_POINT('',(0.0499999999999997,0.0364629713918761,-0.0483029436551309));
#17632=CARTESIAN_POINT('',(0.0498292893230382,0.0365261801569447,-0.0481322330481904));
#17633=CARTESIAN_POINT('',(0.05,0.0365,-0.048061522368915));
#17634=CARTESIAN_POINT('',(0.05,0.0365,-0.0483029437251523));
#17635=CARTESIAN_POINT('',(0.0498292893218813,0.0365,-0.0481322330470336));
#17636=CARTESIAN_POINT('',(0.0499,0.0365,-0.0483443650813896));
#17637=CARTESIAN_POINT('',(0.0499,0.0366,-0.0483443650813896));
#17638=CARTESIAN_POINT('',(0.0499,0.0367,-0.0483443650813896));
#17639=CARTESIAN_POINT('',(0.0499,0.0367,9.00340792280726E-18));
#17640=CARTESIAN_POINT('',(0.0499,0.0366,-0.049));
#17641=CARTESIAN_POINT('',(0.0499,0.0366,-0.049));
#17642=CARTESIAN_POINT('',(0.0499,0.0367,-0.049));
#17643=CARTESIAN_POINT('',(0.049,0.0367,-0.049));
#17644=CARTESIAN_POINT('',(0.049,0.0366,-0.049));
#17645=CARTESIAN_POINT('',(0.049,0.0366,-0.0499));
#17646=CARTESIAN_POINT('',(0.049,0.0367,-0.0499));
#17647=CARTESIAN_POINT('',(-1.14524293006569E-17,0.0367,-0.0499));
#17648=CARTESIAN_POINT('',(0.0484443650813896,0.0366,-0.0499));
#17649=CARTESIAN_POINT('',(0.0483443650813896,0.0366,-0.0499));
#17650=CARTESIAN_POINT('',(0.0483443650813896,0.0367,-0.0499));
#17651=CARTESIAN_POINT('',(0.048061522368915,0.0365,-0.05));
#17652=CARTESIAN_POINT('',(0.0483029437251523,0.0365,-0.05));
#17653=CARTESIAN_POINT('',(0.0481322330470336,0.0365,-0.0498292893218813));
#17654=CARTESIAN_POINT('',(0.0480615223712288,0.0365523603138886,-0.05));
#17655=CARTESIAN_POINT('',(0.0483029436551309,0.0364629713918761,-0.0499999999999997));
#17656=CARTESIAN_POINT('',(0.0481322330481904,0.0365261801569447,-0.0498292893230382));
#17657=CARTESIAN_POINT('',(0.0481228106152207,0.0366566625558193,-0.05));
#17658=CARTESIAN_POINT('',(0.0481958722419425,0.036462174077157,-0.0500000000000006));
#17659=CARTESIAN_POINT('',(0.0481781992320523,0.036578331277765,-0.0498446113831687));
#17660=CARTESIAN_POINT('',(0.0482703167238882,0.036699999999422,-0.05));
#17661=CARTESIAN_POINT('',(0.0482831638039198,0.0365795993594171,-0.0499999999999994));
#17662=CARTESIAN_POINT('',(0.0482888288132634,0.0366,-0.0498814879106245));
#17663=CARTESIAN_POINT('',(0.0483443650813896,0.0367,-0.05));
#17664=CARTESIAN_POINT('',(0.0483443650813896,0.0366,-0.05));
#17665=CARTESIAN_POINT('',(0.0483443650813896,0.0366,-0.0499));
#17666=CARTESIAN_POINT('',(0.048061522368915,0.0365,-0.0499));
#17667=CARTESIAN_POINT('',(0.0481322330470337,0.0365,-0.0498292893218814));
#17668=CARTESIAN_POINT('',(0.0483443650813896,0.0365,-0.0499));
#17669=CARTESIAN_POINT('',(0.048061522368915,0.0336,-0.0499));
#17670=CARTESIAN_POINT('',(0.0481322330470337,0.0337,-0.0498292893218814));
#17671=CARTESIAN_POINT('',(0.047373654403271,0.0337,-0.0489292893218814));
#17672=CARTESIAN_POINT('',(0.0473029437251523,0.0337,-0.049));
#17673=CARTESIAN_POINT('',(0.0461008621971352,0.0337,-0.0477979184719829));
#17674=CARTESIAN_POINT('',(0.0461715728752538,0.0337,-0.0477272077938642));
#17675=CARTESIAN_POINT('',(0.0461715728752538,0.0336,-0.0477272077938642));
#17676=CARTESIAN_POINT('',(0.0480221825406948,0.0336,-0.0495778174593052));
#17677=CARTESIAN_POINT('',(0.0461715728752538,0.0337,-0.0477272077938642));
#17678=CARTESIAN_POINT('',(0.0461715728752538,0.0337,-0.0477272077938642));
#17679=CARTESIAN_POINT('',(0.0461715728752538,0.0337,-0.0477272077938642));
#17680=CARTESIAN_POINT('',(0.0488,0.0336,-0.0488));
#17681=CARTESIAN_POINT('',(0.0461008621971352,0.0336,-0.0477979184719829));
#17682=CARTESIAN_POINT('',(0.046949390334559,0.0337,-0.046949390334559));
#17683=CARTESIAN_POINT('',(0.0461715728752538,0.0336,-0.0477272077938642));
#17684=CARTESIAN_POINT('',(0.0461008621971352,0.0336,-0.0477979184719829));
#17685=CARTESIAN_POINT('',(0.0490857611844575,0.0395,-0.0509242388155425));
#17686=CARTESIAN_POINT('',(0.047273654403271,0.0395,-0.0489707106781187));
#17687=CARTESIAN_POINT('',(0.047273654403271,0.0395,-0.0489707106781187));
#17688=CARTESIAN_POINT('',(0.0472029437251523,0.0395,-0.0490414213562373));
#17689=CARTESIAN_POINT('',(0.0473443650813896,0.0395,-0.0489));
#17690=CARTESIAN_POINT('',(0.0473443650813896,0.0395,-0.0491));
#17691=CARTESIAN_POINT('',(0.0473443650813896,0.0395,-0.0489));
#17692=CARTESIAN_POINT('',(0.05,0.0395,-0.0491));
#17693=CARTESIAN_POINT('',(0.0488,0.0395,-0.0491));
#17694=CARTESIAN_POINT('',(0.0488,0.0395,-0.0488));
#17695=CARTESIAN_POINT('',(0.049,0.0336,-0.0473029437251523));
#17696=CARTESIAN_POINT('',(0.049,0.0367,-0.0473029437251523));
#17697=CARTESIAN_POINT('',(0.049,0.0367,-0.0475443650813896));
#17698=CARTESIAN_POINT('',(0.049,0.0367,-0.0475443650813896));
#17699=CARTESIAN_POINT('',(0.049,0.0367,-0.0474663666592496));
#17700=CARTESIAN_POINT('',(0.049,0.0366805269672565,-0.0473997752755902));
#17701=CARTESIAN_POINT('',(0.049,0.0366415809017694,-0.0473445909304114));
#17702=CARTESIAN_POINT('',(0.048997968967707,0.0366414334374692,-0.0473446950025792));
#17703=CARTESIAN_POINT('',(0.049,0.0366,-0.0473443650813896));
#17704=CARTESIAN_POINT('',(0.0490924741295462,0.0366557967897551,-0.0473708564587033));
#17705=CARTESIAN_POINT('',(0.0491,0.0366,-0.0475443650813896));
#17706=CARTESIAN_POINT('',(0.0490476401224402,0.0366,-0.0475443650813896));
#17707=CARTESIAN_POINT('',(0.049,0.0366476401224402,-0.0475443650813896));
#17708=CARTESIAN_POINT('',(0.049,0.0367,-0.0475443650813896));
#17709=CARTESIAN_POINT('',(0.0491,0.0366,-0.0475443650813896));
#17710=CARTESIAN_POINT('',(0.0490501180354979,0.0365708185891984,-0.0473946359594523));
#17711=CARTESIAN_POINT('',(0.0490703020971809,0.0365892663643635,-0.0474409889265825));
#17712=CARTESIAN_POINT('',(0.0490852074999728,0.0366,-0.0474926205526037));
#17713=CARTESIAN_POINT('',(0.0491,0.0366,-0.0475443650813896));
#17714=CARTESIAN_POINT('',(0.0490509400966074,0.0365726822326555,-0.0473935362972131));
#17715=CARTESIAN_POINT('',(0.0489932625654815,0.036638606224495,-0.0473474280830433));
#17716=CARTESIAN_POINT('',(0.0490098695736712,0.0366151195702802,-0.0473640343714853));
#17717=CARTESIAN_POINT('',(0.049026476581856,0.0365916329160634,-0.0473806406599294));
#17718=CARTESIAN_POINT('',(0.0490430835900358,0.0365681462618447,-0.0473972469483758));
#17719=CARTESIAN_POINT('',(0.0487551777180851,0.036522870765493,-0.0474690388836491));
#17720=CARTESIAN_POINT('',(0.0490432701136313,0.0365681424205766,-0.0473976684656869));
#17721=CARTESIAN_POINT('',(0.0490300440811665,0.0365484651805183,-0.0473496648241933));
#17722=CARTESIAN_POINT('',(0.0490050614688909,0.0365241557223369,-0.0473068668168054));
#17723=CARTESIAN_POINT('',(0.0489705279274642,0.0365000038930316,-0.0472738426595044));
#17724=CARTESIAN_POINT('',(0.0489707106781187,0.0365,-0.047273654403271));
#17725=CARTESIAN_POINT('',(0.0489705279274642,0.0365000038930316,-0.0472738426595044));
#17726=CARTESIAN_POINT('',(0.0489883433345732,0.0365477300815201,-0.0472901501022662));
#17727=CARTESIAN_POINT('',(0.0489966262429631,0.0365956137202682,-0.047316212712081));
#17728=CARTESIAN_POINT('',(0.0489931758049513,0.0366388781122466,-0.0473474760668563));
#17729=CARTESIAN_POINT('',(0.0489,0.0336,-0.0473443650813896));
#17730=CARTESIAN_POINT('',(0.0489707106781187,0.0396,-0.047273654403271));
#17731=CARTESIAN_POINT('',(0.0477272077938642,0.0336,-0.0460301515190165));
#17732=CARTESIAN_POINT('',(0.049,0.0365,-0.0473029437251523));
#17733=CARTESIAN_POINT('',(0.0476564971157456,0.0365,-0.0461008621971352));
#17734=CARTESIAN_POINT('',(0.0499292893218814,0.0366,-0.048373654403271));
#17735=CARTESIAN_POINT('',(0.0491,0.0367,-0.0473029437251523));
#17736=CARTESIAN_POINT('',(0.0491,0.0367,-0.0488));
#17737=CARTESIAN_POINT('',(0.0491,0.0366,-0.0488));
#17738=CARTESIAN_POINT('',(0.0491,0.0366,2.36527579938674E-16));
#17739=CARTESIAN_POINT('',(0.0488,0.0367,-0.0488));
#17740=CARTESIAN_POINT('',(0.0488,0.0367,-0.0491));
#17741=CARTESIAN_POINT('',(0.0488,0.0366,-0.0491));
#17742=CARTESIAN_POINT('',(0.0488,0.0366,-0.0488));
#17743=CARTESIAN_POINT('',(0.0488,0.0367,-0.0491));
#17744=CARTESIAN_POINT('',(0.0475443650813896,0.0367,-0.0491));
#17745=CARTESIAN_POINT('',(0.0475443650813896,0.0366,-0.0491));
#17746=CARTESIAN_POINT('',(-2.38976601316523E-16,0.0366,-0.0491));
#17747=CARTESIAN_POINT('',(0.0473943650813896,0.0365707106781187,-0.04905));
#17748=CARTESIAN_POINT('',(0.0473776984147229,0.0365942809041582,-0.049));
#17749=CARTESIAN_POINT('',(0.0473443650813896,0.0366414213562373,-0.049));
#17750=CARTESIAN_POINT('',(0.04743363520817,0.0365892227932051,-0.0490630900425569));
#17751=CARTESIAN_POINT('',(0.0474263646116973,0.0366157884266058,-0.0490000000000007));
#17752=CARTESIAN_POINT('',(0.0473967252507269,0.0366784455857797,-0.049));
#17753=CARTESIAN_POINT('',(0.0474888288132634,0.0366,-0.0490814879106245));
#17754=CARTESIAN_POINT('',(0.0474935335872959,0.0366169440059868,-0.0489999999999991));
#17755=CARTESIAN_POINT('',(0.0474703167238882,0.036699999999422,-0.049));
#17756=CARTESIAN_POINT('',(0.0475443650813896,0.0366,-0.0491));
#17757=CARTESIAN_POINT('',(0.0475443650813896,0.0366,-0.049));
#17758=CARTESIAN_POINT('',(0.0475443650813896,0.0367,-0.049));
#17759=CARTESIAN_POINT('',(0.0475443650813896,0.0365,-0.0491));
#17760=CARTESIAN_POINT('',(0.0473443650813896,0.0336,-0.0489));
#17761=CARTESIAN_POINT('',(0.047273654403271,0.0366,-0.0489707106781187));
#17762=CARTESIAN_POINT('',(0.0473029437251523,0.0336,-0.049));
#17763=CARTESIAN_POINT('',(0.0483029437251523,0.0365,-0.05));
#17764=CARTESIAN_POINT('',(0.047373654403271,0.0365,-0.0489292893218814));
#17765=CARTESIAN_POINT('',(0.047373654403271,0.0366,-0.0489292893218814));
#17766=CARTESIAN_POINT('',(-1.13968527085408E-17,0.0366,8.94783133069115E-18));
#17767=CARTESIAN_POINT('',(0.0495,0.0391,-0.05));
#17768=CARTESIAN_POINT('',(0.0495,0.0391,-0.049));
#17769=CARTESIAN_POINT('',(0.0495,0.0391,-0.042));
#17770=CARTESIAN_POINT('',(0.049,0.0391,-0.049));
#17771=CARTESIAN_POINT('',(0.049,0.0391,-0.0495));
#17772=CARTESIAN_POINT('',(0.05,0.0391,-0.0495));
#17773=CARTESIAN_POINT('',(0.042,0.0391,-0.0495));
#17774=CARTESIAN_POINT('',(0.,0.0375,0.));
#17775=CARTESIAN_POINT('',(0.0425,0.0375,-0.05));
#17776=CARTESIAN_POINT('',(0.0425,0.0375,-0.048));
#17777=CARTESIAN_POINT('',(0.,0.0375,-0.048));
#17778=CARTESIAN_POINT('',(0.0451059348446489,0.0375,-0.048));
#17779=CARTESIAN_POINT('',(0.0461715728752538,0.0375,-0.0477272077938642));
#17780=CARTESIAN_POINT('',(0.,0.0375,0.));
#17781=CARTESIAN_POINT('',(0.0461715728752538,0.0375,-0.0461715728752538));
#17782=CARTESIAN_POINT('',(0.046949390334559,0.0375,-0.0453937554159486));
#17783=CARTESIAN_POINT('',(0.0477272077938642,0.0375,-0.0461715728752538));
#17784=CARTESIAN_POINT('',(0.0475,0.0375,-0.0450952938136683));
#17785=CARTESIAN_POINT('',(0.0475,0.0375,0.));
#17786=CARTESIAN_POINT('',(0.0475,0.0375,-0.0425));
#17787=CARTESIAN_POINT('',(0.05,0.0375,-0.0425));
#17788=CARTESIAN_POINT('',(0.05,0.1135,-0.0425));
#17789=CARTESIAN_POINT('',(0.049,0.1135,-0.0425));
#17790=CARTESIAN_POINT('',(0.049,0.0231,-0.0425));
#17791=CARTESIAN_POINT('',(0.05,0.0231,-0.0425));
#17792=CARTESIAN_POINT('',(0.0425,0.0231,-0.0425));
#17793=CARTESIAN_POINT('',(0.0425,0.1135,-0.0425));
#17794=CARTESIAN_POINT('',(0.0475,0.1135,-0.0425));
#17795=CARTESIAN_POINT('',(0.0425,0.1135,-0.05));
#17796=CARTESIAN_POINT('',(0.0425,0.1135,-0.049));
#17797=CARTESIAN_POINT('',(0.0425,0.0231,-0.049));
#17798=CARTESIAN_POINT('',(0.0425,0.1135,-0.048));
#17799=CARTESIAN_POINT('',(0.0425,0.0231,-0.05));
#17800=CARTESIAN_POINT('',(0.05,0.0231,-0.05001));
#17801=CARTESIAN_POINT('',(0.049,0.0231,-0.05));
#17802=CARTESIAN_POINT('',(0.049,0.0231,-0.049));
#17803=CARTESIAN_POINT('',(0.05,0.0231,-0.049));
#17804=CARTESIAN_POINT('',(0.05,0.1135,-0.049));
#17805=CARTESIAN_POINT('',(0.0458887301627792,0.1135,-0.049));
#17806=CARTESIAN_POINT('',(0.0458887301627792,0.0337,-0.049));
#17807=CARTESIAN_POINT('',(0.049,0.1135,-0.049));
#17808=CARTESIAN_POINT('',(0.049,0.0326,-0.049));
#17809=CARTESIAN_POINT('',(0.0488,0.0326,-0.049));
#17810=CARTESIAN_POINT('',(0.0474443650813896,0.0326,-0.049));
#17811=CARTESIAN_POINT('',(0.0474443650813896,0.0337,-0.049));
#17812=CARTESIAN_POINT('',(0.049,0.1135,-0.05));
#17813=CARTESIAN_POINT('',(0.049,0.0336,-0.0458887301627792));
#17814=CARTESIAN_POINT('',(0.049,0.0337,-0.0458887301627792));
#17815=CARTESIAN_POINT('',(0.049,0.0337,-0.0474443650813896));
#17816=CARTESIAN_POINT('',(0.049,0.0326,-0.0474443650813896));
#17817=CARTESIAN_POINT('',(0.049,0.0326,-0.05));
#17818=CARTESIAN_POINT('',(0.0475,0.0396,0.047));
#17819=CARTESIAN_POINT('',(0.0475,0.0336,-0.0450952938136683));
#17820=CARTESIAN_POINT('',(0.0465,0.0396,-0.048));
#17821=CARTESIAN_POINT('',(0.0451059348446489,0.0336,-0.048));
#17822=CARTESIAN_POINT('',(0.0470201010126777,0.0336,-0.04532304473783));
#17823=CARTESIAN_POINT('',(0.0453937554159486,0.0336,-0.046949390334559));
#17824=CARTESIAN_POINT('',(0.0453937554159486,0.0337,-0.046949390334559));
#17825=CARTESIAN_POINT('',(0.0470201010126777,0.0337,-0.04532304473783));
#17826=CARTESIAN_POINT('',(0.046949390334559,0.0337,-0.0453937554159486));
#17827=CARTESIAN_POINT('',(0.046949390334559,0.0336,-0.0453937554159486));
#17828=CARTESIAN_POINT('',(0.0477272077938642,0.0336,-0.0461715728752538));
#17829=CARTESIAN_POINT('',(0.0477272077938642,0.0337,-0.0461715728752538));
#17830=CARTESIAN_POINT('',(0.0485050252531694,0.0337,-0.0453937554159486));
#17831=CARTESIAN_POINT('',(0.0485050252531694,0.0336,-0.0453937554159486));
#17832=CARTESIAN_POINT('',(0.0477272077938642,0.0337,-0.0461715728752538));
#17833=CARTESIAN_POINT('',(0.0477272077938642,0.0337,-0.0461715728752538));
#17834=CARTESIAN_POINT('',(0.0477272077938642,0.0326,-0.0461715728752538));
#17835=CARTESIAN_POINT('',(0.0477272077938642,0.0337,-0.0461715728752538));
#17836=CARTESIAN_POINT('',(0.0476564971157456,0.0337,-0.0461008621971352));
#17837=CARTESIAN_POINT('',(0.0476564971157456,0.0326,-0.0461008621971352));
#17838=CARTESIAN_POINT('',(0.0484343145750508,0.0337,-0.04532304473783));
#17839=CARTESIAN_POINT('',(0.047373654403271,0.0337,-0.0489292893218814));
#17840=CARTESIAN_POINT('',(0.0465958369439658,0.0337,-0.0497071067811866));
#17841=CARTESIAN_POINT('',(0.0453937554159486,0.0337,-0.0485050252531694));
#17842=CARTESIAN_POINT('',(0.047373654403271,0.0326,-0.0489292893218814));
#17843=CARTESIAN_POINT('',(0.0461715728752538,0.0326,-0.0477272077938642));
#17844=CARTESIAN_POINT('',(0.0461715728752538,0.0337,-0.0477272077938642));
#17845=CARTESIAN_POINT('',(0.0461715728752538,0.0337,-0.0477272077938642));
#17846=CARTESIAN_POINT('',(0.0461715728752538,0.0337,-0.0477272077938642));
#17847=CARTESIAN_POINT('',(0.0461715728752538,0.0337,-0.0477272077938642));
#17848=CARTESIAN_POINT('',(0.0488,0.0326,-0.0488));
#17849=CARTESIAN_POINT('',(0.046949390334559,0.0326,-0.046949390334559));
#17850=CARTESIAN_POINT('',(0.046949390334559,0.0337,-0.046949390334559));
#17851=CARTESIAN_POINT('',(0.0461715728752538,0.0336,-0.0477272077938642));
#17852=CARTESIAN_POINT('',(0.0453937554159486,0.0336,-0.0485050252531694));
#17853=CARTESIAN_POINT('',(0.0484343145750508,0.0336,-0.04532304473783));
#17854=CARTESIAN_POINT('',(0.0465958369439658,0.0336,-0.0497071067811866));
#17855=CARTESIAN_POINT('',(0.042,0.1135,-0.0495));
#17856=CARTESIAN_POINT('',(0.042,0.0391,-0.0495));
#17857=CARTESIAN_POINT('',(0.042,0.0391,-0.0495));
#17858=CARTESIAN_POINT('',(0.042,0.0391,-0.0495));
#17859=CARTESIAN_POINT('',(0.042,0.0391,-0.05001));
#17860=CARTESIAN_POINT('',(0.0495,0.1135,-0.042));
#17861=CARTESIAN_POINT('',(0.0495,0.0226,-0.042));
#17862=CARTESIAN_POINT('',(0.0495,0.0391,-0.042));
#17863=CARTESIAN_POINT('',(0.0495,0.0391,-0.042));
#17864=CARTESIAN_POINT('',(0.0415,0.0391,-0.042));
#17865=CARTESIAN_POINT('',(0.042,0.1135,-0.042));
#17866=CARTESIAN_POINT('',(0.042,0.0226,-0.042));
#17867=CARTESIAN_POINT('',(0.049,0.0226,-0.049));
#17868=CARTESIAN_POINT('',(0.0495,0.0226,-0.049));
#17869=CARTESIAN_POINT('',(0.049,0.0226,-0.0495));
#17870=CARTESIAN_POINT('',(0.05,0.0226,-0.0495));
#17871=CARTESIAN_POINT('',(0.042,0.0226,-0.0495));
#17872=CARTESIAN_POINT('',(0.0495,0.0226,-0.05001));
#17873=CARTESIAN_POINT('',(0.0495,0.0226,-0.042));
#17874=CARTESIAN_POINT('',(0.042,0.0226,-0.0495));
#17875=CARTESIAN_POINT('',(0.042,0.0226,-0.0495));
#17876=CARTESIAN_POINT('',(0.0495,0.0226,-0.042));
#17877=CARTESIAN_POINT('',(0.0495,0.0226,-0.042));
#17878=CARTESIAN_POINT('',(0.042,0.0226,-0.05001));
#17879=CARTESIAN_POINT('',(0.042,0.0226,-0.042));
#17880=CARTESIAN_POINT('',(0.05,0.0226,-0.042));
#17881=CARTESIAN_POINT('',(0.042,0.0226,-0.042));
#17882=CARTESIAN_POINT('',(0.042,0.0226,-0.042));
#17883=CARTESIAN_POINT('',(-0.042,0.1135,-0.0495));
#17884=CARTESIAN_POINT('',(-0.0415,0.1135,-0.0495));
#17885=CARTESIAN_POINT('',(-0.0415,0.0391,-0.0495));
#17886=CARTESIAN_POINT('',(-0.042,0.0391,-0.0495));
#17887=CARTESIAN_POINT('',(-0.0495,0.1135,0.042));
#17888=CARTESIAN_POINT('',(-0.0495,0.03774,0.042));
#17889=CARTESIAN_POINT('',(-0.05,0.03774,0.0419999999999995));
#17890=CARTESIAN_POINT('',(-0.0495,0.03774,0.0415));
#17891=CARTESIAN_POINT('',(-0.05,0.1135,0.042));
#17892=CARTESIAN_POINT('',(-0.05,0.0391,0.042));
#17893=CARTESIAN_POINT('',(-0.0495,0.0391,0.042));
#17894=CARTESIAN_POINT('',(-0.0495,0.0391,0.0415));
#17895=CARTESIAN_POINT('',(-0.0495,0.1135,0.0415));
#17896=CARTESIAN_POINT('',(-0.042,0.1135,0.0495));
#17897=CARTESIAN_POINT('',(-0.042,0.02574,0.0495));
#17898=CARTESIAN_POINT('',(-0.0415,0.02574,0.0495));
#17899=CARTESIAN_POINT('',(-0.042,0.0226,0.0495));
#17900=CARTESIAN_POINT('',(-0.0415,0.0226,0.0495));
#17901=CARTESIAN_POINT('',(-0.0415,0.1135,0.0495));
#17902=CARTESIAN_POINT('',(-0.048437867965644,0.0221,0.048437867965644));
#17903=CARTESIAN_POINT('',(-0.048437867965644,0.0221,0.04895));
#17904=CARTESIAN_POINT('',(-0.048437867965644,0.01905,0.04895));
#17905=CARTESIAN_POINT('',(-0.048437867965644,0.0221,0.04895));
#17906=CARTESIAN_POINT('',(-0.048437867965644,0.0221,0.048437867965644));
#17907=CARTESIAN_POINT('',(-0.04895,0.0221,0.048437867965644));
#17908=CARTESIAN_POINT('',(-0.04895,0.0221,0.048437867965644));
#17909=CARTESIAN_POINT('',(-0.04895,0.01905,0.048437867965644));
#17910=CARTESIAN_POINT('',(-0.048437867965644,0.01905,0.048437867965644));
#17911=CARTESIAN_POINT('',(-0.043813340594773,0.0169770500882837,0.0546081123589482));
#17912=CARTESIAN_POINT('',(-0.0481721825406948,0.0165083271686377,0.049586396103068));
#17913=CARTESIAN_POINT('',(-0.0482889315356458,0.0166734351806909,0.049703145098019));
#17914=CARTESIAN_POINT('',(-0.0484357565407742,0.0168356501404206,0.0497857266889601));
#17915=CARTESIAN_POINT('',(-0.0485967392464233,0.0169770500882837,0.049824713707298));
#17916=CARTESIAN_POINT('',(-0.0485967392464233,0.0169770500882837,0.0498247137072979));
#17917=CARTESIAN_POINT('',(-0.0481721825406948,0.0165083271686377,0.0495863961030679));
#17918=CARTESIAN_POINT('',(-0.043813340594773,0.0169770500882837,0.0546081123589482));
#17919=CARTESIAN_POINT('',(-0.0498247137072979,0.0169770500882837,0.0485967392464233));
#17920=CARTESIAN_POINT('',(-0.0498247137072979,0.0169770500882837,0.0485967392464233));
#17921=CARTESIAN_POINT('',(-0.0497858510608887,0.0168361012183682,0.048436270089397));
#17922=CARTESIAN_POINT('',(-0.0497035187292305,0.0166739635750176,0.0482893051668575));
#17923=CARTESIAN_POINT('',(-0.0495863961030679,0.0165083271686377,0.0481721825406949));
#17924=CARTESIAN_POINT('',(-0.0495863961030679,0.0165083271686377,0.0481721825406948));
#17925=CARTESIAN_POINT('',(-0.049542639940012,0.0164464466094068,0.0481284263776389));
#17926=CARTESIAN_POINT('',(-0.049542639940012,0.0164464466094068,0.0481284263776389));
#17927=CARTESIAN_POINT('',(-0.0434381472767379,0.0164464466094068,0.054232919040913));
#17928=CARTESIAN_POINT('',(-0.0481284263776389,0.0164464466094068,0.049542639940012));
#17929=CARTESIAN_POINT('',(-0.0481222586343889,0.0164377241032533,0.049536472196762));
#17930=CARTESIAN_POINT('',(-0.043313340594773,0.0176841568694703,0.0541081123589482));
#17931=CARTESIAN_POINT('',(-0.0488217522932094,0.017234915282887,0.0498631736494468));
#17932=CARTESIAN_POINT('',(-0.0488813199674632,0.0173230897923867,0.049866308790197));
#17933=CARTESIAN_POINT('',(-0.0489222508731698,0.0174163992289668,0.0498684630483921));
#17934=CARTESIAN_POINT('',(-0.0489445450103292,0.0175105086918034,0.049869636424032));
#17935=CARTESIAN_POINT('',(-0.0489445450103293,0.0175105086918034,0.049869636424032));
#17936=CARTESIAN_POINT('',(-0.0488217522932095,0.0172349152828871,0.0498631736494467));
#17937=CARTESIAN_POINT('',(-0.0440097048350931,0.0175105086918034,0.0548044765992682));
#17938=CARTESIAN_POINT('',(-0.049869636424032,0.0175105086918034,0.0489445450103292));
#17939=CARTESIAN_POINT('',(-0.049869636424032,0.0175105086918034,0.0489445450103293));
#17940=CARTESIAN_POINT('',(-0.049868463048392,0.0174163992289668,0.0489222508731698));
#17941=CARTESIAN_POINT('',(-0.049866308790197,0.0173230897923867,0.0488813199674632));
#17942=CARTESIAN_POINT('',(-0.0498631736494468,0.0172349152828871,0.0488217522932095));
#17943=CARTESIAN_POINT('',(-0.0498631736494468,0.0172349152828871,0.0488217522932095));
#17944=CARTESIAN_POINT('',(-0.0498631736494468,0.0172349152828871,0.0488217522932095));
#17945=CARTESIAN_POINT('',(-0.049862426803305,0.0172139105505753,0.0488075622165169));
#17946=CARTESIAN_POINT('',(-0.0498553112952695,0.0170872673058773,0.0487141395629952));
#17947=CARTESIAN_POINT('',(-0.0498341039109788,0.0170064993779049,0.0486289966275269));
#17948=CARTESIAN_POINT('',(-0.0498247137072979,0.0169770500882838,0.0485967392464233));
#17949=CARTESIAN_POINT('',(-0.0485967392464233,0.0169770500882838,0.049824713707298));
#17950=CARTESIAN_POINT('',(-0.0486810784143289,0.0170523526949283,0.0498468685069911));
#17951=CARTESIAN_POINT('',(-0.0487568310466204,0.0171397724733953,0.0498604367710702));
#17952=CARTESIAN_POINT('',(-0.0488217522932094,0.017234915282887,0.0498631736494468));
#17953=CARTESIAN_POINT('',(-0.0441661510346884,0.0187652703644666,0.0549609227988635));
#17954=CARTESIAN_POINT('',(-0.0490696364240321,0.0180121505082858,0.049869636424032));
#17955=CARTESIAN_POINT('',(-0.0491437422409628,0.0183093297911529,0.049869636424032));
#17956=CARTESIAN_POINT('',(-0.0492164444216292,0.0185603697432132,0.0498595345718615));
#17957=CARTESIAN_POINT('',(-0.0492877429660314,0.0187652703644666,0.0498393308675206));
#17958=CARTESIAN_POINT('',(-0.0492877429660313,0.0187652703644666,0.0498393308675205));
#17959=CARTESIAN_POINT('',(-0.049069636424032,0.0180121505082858,0.049869636424032));
#17960=CARTESIAN_POINT('',(-0.0441661510346884,0.0187652703644666,0.0549609227988635));
#17961=CARTESIAN_POINT('',(-0.0498393308675205,0.0187652703644666,0.0492877429660313));
#17962=CARTESIAN_POINT('',(-0.0498393308675206,0.0187652703644666,0.0492877429660313));
#17963=CARTESIAN_POINT('',(-0.0498595345718615,0.0185603697432132,0.0492164444216292));
#17964=CARTESIAN_POINT('',(-0.049869636424032,0.0183093297911529,0.0491437422409627));
#17965=CARTESIAN_POINT('',(-0.049869636424032,0.0180121505082857,0.049069636424032));
#17966=CARTESIAN_POINT('',(-0.049869636424032,0.0180121505082858,0.049069636424032));
#17967=CARTESIAN_POINT('',(-0.049869636424032,0.0201042531630218,0.0495913315261816));
#17968=CARTESIAN_POINT('',(-0.0489593827200185,0.0175700109023919,0.049869636424032));
#17969=CARTESIAN_POINT('',(-0.0440268781866244,0.0188,0.0548216499507995));
#17970=CARTESIAN_POINT('',(-0.0440268781866244,0.019,0.0548216499507995));
#17971=CARTESIAN_POINT('',(-0.0490500983300345,0.019,0.0497984298073893));
#17972=CARTESIAN_POINT('',(-0.0497984298073893,0.019,0.0490500983300345));
#17973=CARTESIAN_POINT('',(-0.0498393308675205,0.0187652703644666,0.0492877429660313));
#17974=CARTESIAN_POINT('',(-0.0498409712637598,0.0188910697999345,0.0493174724211654));
#17975=CARTESIAN_POINT('',(-0.0498327337378256,0.019,0.0491742226170478));
#17976=CARTESIAN_POINT('',(-0.0497984298073894,0.019,0.0490500983300345));
#17977=CARTESIAN_POINT('',(-0.0490500983300345,0.019,0.0497984298073893));
#17978=CARTESIAN_POINT('',(-0.0491743073525593,0.019,0.0498327571559749));
#17979=CARTESIAN_POINT('',(-0.0493174814159383,0.0188911078610881,0.0498409717600686));
#17980=CARTESIAN_POINT('',(-0.0492877429660313,0.0187652703644666,0.0498393308675205));
#17981=CARTESIAN_POINT('',(-0.0440268781866244,0.019,0.0548216499507995));
#17982=CARTESIAN_POINT('',(-0.0440268781866244,0.019,0.0498));
#17983=CARTESIAN_POINT('',(-0.0487585786437627,0.019,0.0498));
#17984=CARTESIAN_POINT('',(-0.049,0.019,0.0498));
#17985=CARTESIAN_POINT('',(-0.0487585786437627,0.019,0.0489));
#17986=CARTESIAN_POINT('',(-0.0481221825406948,0.019,0.0495363961030679));
#17987=CARTESIAN_POINT('',(-0.0481221825406948,0.019,0.0495363961030679));
#17988=CARTESIAN_POINT('',(-0.0475857864376269,0.019,0.049));
#17989=CARTESIAN_POINT('',(-0.0440268781866244,0.019,0.049));
#17990=CARTESIAN_POINT('',(-0.048437867965644,0.019,0.049));
#17991=CARTESIAN_POINT('',(-0.048437867965644,0.019,0.048437867965644));
#17992=CARTESIAN_POINT('',(-0.049,0.019,0.048437867965644));
#17993=CARTESIAN_POINT('',(-0.049,0.019,0.0548216499507995));
#17994=CARTESIAN_POINT('',(-0.049,0.019,0.0475857864376269));
#17995=CARTESIAN_POINT('',(-0.0489292893218814,0.019,0.0475150757595083));
#17996=CARTESIAN_POINT('',(-0.0495363961030679,0.019,0.0481221825406948));
#17997=CARTESIAN_POINT('',(-0.0489,0.019,0.0487585786437627));
#17998=CARTESIAN_POINT('',(-0.0498,0.019,0.0487585786437627));
#17999=CARTESIAN_POINT('',(-0.0498,0.019,0.0548216499507995));
#18000=CARTESIAN_POINT('',(-0.0498,0.019,0.049));
#18001=CARTESIAN_POINT('',(-0.049,0.019,0.049));
#18002=CARTESIAN_POINT('',(-0.049,0.019,0.049));
#18003=CARTESIAN_POINT('',(-0.047373654403271,0.0161,0.0489292893218814));
#18004=CARTESIAN_POINT('',(-0.0480221825406948,0.0221,0.0495778174593052));
#18005=CARTESIAN_POINT('',(-0.0473650757595083,0.0221,0.0489207106781187));
#18006=CARTESIAN_POINT('',(-0.0468908224620156,0.0221,0.048446457380626));
#18007=CARTESIAN_POINT('',(-0.0473650757595083,0.0161,0.0489207106781187));
#18008=CARTESIAN_POINT('',(-0.0473650757595083,0.01905,0.0489207106781187));
#18009=CARTESIAN_POINT('',(-0.0475150757595083,0.01905,0.0490707106781187));
#18010=CARTESIAN_POINT('',(-0.0475150757595083,0.0189,0.0490707106781187));
#18011=CARTESIAN_POINT('',(-0.0474443650813896,0.0189,0.049));
#18012=CARTESIAN_POINT('',(-0.0480514718625762,0.0189,0.0496071067811865));
#18013=CARTESIAN_POINT('',(-0.0480514718625762,0.019,0.0496071067811865));
#18014=CARTESIAN_POINT('',(-0.0480514718625762,0.0165790378467564,0.0496071067811865));
#18015=CARTESIAN_POINT('',(-0.0480077156995203,0.0165171572875254,0.0495633506181307));
#18016=CARTESIAN_POINT('',(-0.0480077156995203,0.0165171572875254,0.0495633506181307));
#18017=CARTESIAN_POINT('',(-0.0478077156995203,0.0168,0.0493633506181307));
#18018=CARTESIAN_POINT('',(-0.0478077156995203,0.0164,0.0493633506181307));
#18019=CARTESIAN_POINT('',(-0.0478077156995203,0.0164,0.0493633506181307));
#18020=CARTESIAN_POINT('',(-0.0472391240116843,0.0164,0.0487947589302947));
#18021=CARTESIAN_POINT('',(-0.0472391240116844,0.0168,0.0487947589302947));
#18022=CARTESIAN_POINT('',(-0.0469563243775248,0.0167930190374251,0.0485119592961352));
#18023=CARTESIAN_POINT('',(-0.0469563243775248,0.0167930190374251,0.0485119592961352));
#18024=CARTESIAN_POINT('',(-0.0476564971157456,0.0161,0.0461008621971352));
#18025=CARTESIAN_POINT('',(-0.0487947589302947,0.0168,0.0472391240116843));
#18026=CARTESIAN_POINT('',(-0.0487947589302947,0.0164,0.0472391240116843));
#18027=CARTESIAN_POINT('',(-0.0485119592961352,0.0167930190374251,0.0469563243775248));
#18028=CARTESIAN_POINT('',(-0.0487947589302947,0.0164,0.0472391240116844));
#18029=CARTESIAN_POINT('',(-0.0493633506181307,0.0164,0.0478077156995203));
#18030=CARTESIAN_POINT('',(-0.0493633506181307,0.0168,0.0478077156995203));
#18031=CARTESIAN_POINT('',(-0.0495633506181307,0.0165171572875254,0.0480077156995203));
#18032=CARTESIAN_POINT('',(-0.0495571828748807,0.016508434781372,0.0480015479562703));
#18033=CARTESIAN_POINT('',(-0.0496071067811866,0.0165790378467564,0.0480514718625762));
#18034=CARTESIAN_POINT('',(-0.0496071067811866,0.0168518300528922,0.0480514718625762));
#18035=CARTESIAN_POINT('',(-0.0496071067811866,0.0189,0.0480514718625762));
#18036=CARTESIAN_POINT('',(-0.0496071067811866,0.0189,0.0480514718625762));
#18037=CARTESIAN_POINT('',(-0.0490707106781187,0.0189,0.0475150757595083));
#18038=CARTESIAN_POINT('',(-0.0490707106781187,0.01905,0.0475150757595083));
#18039=CARTESIAN_POINT('',(-0.0489207106781187,0.01905,0.0473650757595083));
#18040=CARTESIAN_POINT('',(-0.0489207106781187,0.0161,0.0473650757595083));
#18041=CARTESIAN_POINT('',(-0.0489207106781187,0.0221,0.0473650757595083));
#18042=CARTESIAN_POINT('',(-0.0495778174593052,0.0221,0.0480221825406948));
#18043=CARTESIAN_POINT('',(-0.048446457380626,0.0221,0.0468908224620156));
#18044=CARTESIAN_POINT('',(-0.0484464358398279,0.0221017452406438,0.0468908009212175));
#18045=CARTESIAN_POINT('',(-0.0422660560462026,0.0167912737967813,0.0530608278103777));
#18046=CARTESIAN_POINT('',(-0.0422660560462026,0.0167912737967813,0.0530608278103777));
#18047=CARTESIAN_POINT('',(-0.0469563351471036,0.0167912737967813,0.0483705487094767));
#18048=CARTESIAN_POINT('',(-0.0483705487094767,0.0167912737967813,0.0469563351471036));
#18049=CARTESIAN_POINT('',(-0.0483705487094767,0.0167912737967813,0.0469563351471036));
#18050=CARTESIAN_POINT('',(-0.0483050252531694,0.0221,0.0468908116907963));
#18051=CARTESIAN_POINT('',(-0.0422005325898953,0.0221,0.0529953043540704));
#18052=CARTESIAN_POINT('',(-0.0468908116907963,0.0221,0.0483050252531694));
#18053=CARTESIAN_POINT('',(-0.0468908116907963,0.0221,0.0483050252531694));
#18054=CARTESIAN_POINT('',(-0.042619555588902,0.0168,0.0534143273530771));
#18055=CARTESIAN_POINT('',(-0.042619555588902,0.0163,0.0534143273530771));
#18056=CARTESIAN_POINT('',(-0.047309834689803,0.0163,0.0487240482521761));
#18057=CARTESIAN_POINT('',(-0.0487240482521761,0.0163,0.047309834689803));
#18058=CARTESIAN_POINT('',(-0.0487240482521761,0.0168,0.047309834689803));
#18059=CARTESIAN_POINT('',(-0.047309834689803,0.0168,0.0487240482521761));
#18060=CARTESIAN_POINT('',(-0.0431881472767379,0.0163,0.053982919040913));
#18061=CARTESIAN_POINT('',(-0.0431881472767379,0.0163,0.053982919040913));
#18062=CARTESIAN_POINT('',(-0.0478784263776389,0.0163,0.049292639940012));
#18063=CARTESIAN_POINT('',(-0.049292639940012,0.0163,0.0478784263776389));
#18064=CARTESIAN_POINT('',(-0.049292639940012,0.0163,0.0478784263776389));
#18065=CARTESIAN_POINT('',(-0.047309834689803,0.0163,0.0487240482521761));
#18066=CARTESIAN_POINT('',(-0.0431881472767379,0.0168,0.053982919040913));
#18067=CARTESIAN_POINT('',(-0.049292639940012,0.0168,0.0478784263776389));
#18068=CARTESIAN_POINT('',(-0.0478784263776389,0.0168,0.049292639940012));
#18069=CARTESIAN_POINT('',(-0.04895,0.015185786437627,0.0473029437251523));
#18070=CARTESIAN_POINT('',(-0.04895,0.01905,0.0473029437251523));
#18071=CARTESIAN_POINT('',(-0.04895,0.01905,0.0474357864376269));
#18072=CARTESIAN_POINT('',(-0.04895,0.0221,0.0473029437251523));
#18073=CARTESIAN_POINT('',(-0.04895,0.0221,0.0474357864376269));
#18074=CARTESIAN_POINT('',(-0.04895,0.015185786437627,0.0474357864376269));
#18075=CARTESIAN_POINT('',(-0.0488,0.015185786437627,0.04895));
#18076=CARTESIAN_POINT('',(-0.0488,0.0221,0.04895));
#18077=CARTESIAN_POINT('',(-0.0474357864376269,0.0221,0.04895));
#18078=CARTESIAN_POINT('',(-0.0488,0.01905,0.04895));
#18079=CARTESIAN_POINT('',(-0.0474357864376269,0.01905,0.04895));
#18080=CARTESIAN_POINT('',(-0.0474357864376269,0.015185786437627,0.04895));
#18081=CARTESIAN_POINT('',(-0.0499,0.363492188198565,0.0415));
#18082=CARTESIAN_POINT('',(-0.0499,0.341507328691112,0.129663723887819));
#18083=CARTESIAN_POINT('',(-0.0499,0.0180295153260524,0.049));
#18084=CARTESIAN_POINT('',(-0.0499,0.0175278735095701,0.0488749085862972));
#18085=CARTESIAN_POINT('',(-0.0499,0.363492188198565,0.049));
#18086=CARTESIAN_POINT('',(-0.0499,0.0189,0.049));
#18087=CARTESIAN_POINT('',(-0.0499,0.0189,0.0415));
#18088=CARTESIAN_POINT('',(-0.0499,0.0189,0.0487585786437627));
#18089=CARTESIAN_POINT('',(-0.0499,0.019,0.0487585786437627));
#18090=CARTESIAN_POINT('',(-0.0499,0.0172798394415454,0.0487585786437627));
#18091=CARTESIAN_POINT('',(-0.0499000000000003,0.017279839441545,0.0487585786437627));
#18092=CARTESIAN_POINT('',(-0.0499000000000003,0.017358494204465,0.048814511759541));
#18093=CARTESIAN_POINT('',(-0.0499000000000003,0.01744117222714,0.0488532884070525));
#18094=CARTESIAN_POINT('',(-0.0499000000000003,0.01752787350957,0.0488749085862972));
#18095=CARTESIAN_POINT('',(-0.049,0.363492188198565,0.049));
#18096=CARTESIAN_POINT('',(-0.049898233533313,0.0189,0.0490563606212888));
#18097=CARTESIAN_POINT('',(-0.0498955763998217,0.0189,0.0490987080324734));
#18098=CARTESIAN_POINT('',(-0.0498857916962506,0.0188880474662671,0.0491767637271376));
#18099=CARTESIAN_POINT('',(-0.0498614852347518,0.01882249007596,0.0492609715469438));
#18100=CARTESIAN_POINT('',(-0.0498659062489246,0.0187826351822333,0.0492453698597492));
#18101=CARTESIAN_POINT('',(-0.049898233533313,0.0189,0.0490563606212888));
#18102=CARTESIAN_POINT('',(-0.0498659062489246,0.0187826351822333,0.0492453698597492));
#18103=CARTESIAN_POINT('',(-0.049,0.0189,0.049));
#18104=CARTESIAN_POINT('',(-0.0499000000000003,0.018029515326052,0.049));
#18105=CARTESIAN_POINT('',(-0.0499000000000003,0.0183350908580973,0.0490857244816832));
#18106=CARTESIAN_POINT('',(-0.0498877040391765,0.0185861308101577,0.049168445812065));
#18107=CARTESIAN_POINT('',(-0.0498659062489249,0.018782635182233,0.0492453698597492));
#18108=CARTESIAN_POINT('',(-0.049,0.363492188198565,0.0499));
#18109=CARTESIAN_POINT('',(-0.0487585786437627,0.0168518300528922,0.0499));
#18110=CARTESIAN_POINT('',(-0.0487585786437627,0.0189,0.0499));
#18111=CARTESIAN_POINT('',(-0.0487585786437627,0.0172798394415454,0.0499));
#18112=CARTESIAN_POINT('',(-0.049,0.0189,0.0499));
#18113=CARTESIAN_POINT('',(-0.049,0.0189,0.0499));
#18114=CARTESIAN_POINT('',(-0.049,0.363492188198565,0.0499));
#18115=CARTESIAN_POINT('',(-0.049,0.0180295153260525,0.0499));
#18116=CARTESIAN_POINT('',(-0.130102789775432,0.343268071518284,0.0499));
#18117=CARTESIAN_POINT('',(-0.0488749085862973,0.0175278735095701,0.0499));
#18118=CARTESIAN_POINT('',(-0.0488749085862975,0.01752787350957,0.0499));
#18119=CARTESIAN_POINT('',(-0.0488532884070528,0.01744117222714,0.0499));
#18120=CARTESIAN_POINT('',(-0.0488145117595412,0.017358494204465,0.0499));
#18121=CARTESIAN_POINT('',(-0.048758578643763,0.017279839441545,0.0499));
#18122=CARTESIAN_POINT('',(-0.049,0.363492188198565,0.049));
#18123=CARTESIAN_POINT('',(-0.049,0.0189,0.049));
#18124=CARTESIAN_POINT('',(-0.0490563606212888,0.0189,0.049898233533313));
#18125=CARTESIAN_POINT('',(-0.0492453698597493,0.0187826351822333,0.0498659062489246));
#18126=CARTESIAN_POINT('',(-0.0492609701513346,0.0188224865108418,0.0498614856302224));
#18127=CARTESIAN_POINT('',(-0.0491767975795088,0.0188880181918793,0.0498857797365807));
#18128=CARTESIAN_POINT('',(-0.0490987806337588,0.0189,0.0498955718443767));
#18129=CARTESIAN_POINT('',(-0.0490563606212889,0.0189,0.049898233533313));
#18130=CARTESIAN_POINT('',(-0.0492453698597493,0.0187826351822333,0.0498659062489246));
#18131=CARTESIAN_POINT('',(-0.0492453698597495,0.018782635182233,0.0498659062489246));
#18132=CARTESIAN_POINT('',(-0.0491684458120653,0.018586130810158,0.0498877040391762));
#18133=CARTESIAN_POINT('',(-0.0490857244816835,0.0183350908580976,0.0499));
#18134=CARTESIAN_POINT('',(-0.0490000000000003,0.018029515326052,0.0499));
#18135=CARTESIAN_POINT('',(-0.0487585786437624,0.363492188198565,0.0489));
#18136=CARTESIAN_POINT('',(-0.0487585786437627,0.0189,0.0489));
#18137=CARTESIAN_POINT('',(-0.0487585786437627,0.017279839441545,0.0499));
#18138=CARTESIAN_POINT('',(-0.0486921885279832,0.01719581571303,0.0499));
#18139=CARTESIAN_POINT('',(-0.0486126305712291,0.017118456154649,0.0498935621689939));
#18140=CARTESIAN_POINT('',(-0.0485232015356078,0.017047760766402,0.0498719041192199));
#18141=CARTESIAN_POINT('',(-0.0485232015356078,0.0170477607664024,0.0498719041192199));
#18142=CARTESIAN_POINT('',(-0.0485232015356078,0.017047760766402,0.0498719041192199));
#18143=CARTESIAN_POINT('',(-0.048403693998744,0.0169532877391766,0.0498429616156607));
#18144=CARTESIAN_POINT('',(-0.048222755846053,0.0167970467659613,0.0497783907646634));
#18145=CARTESIAN_POINT('',(-0.0480514718625762,0.016579037846756,0.0496071067811866));
#18146=CARTESIAN_POINT('',(-0.0489,0.363492188198565,0.0487585786437627));
#18147=CARTESIAN_POINT('',(-0.0498719041192202,0.017047760766402,0.0485232015356078));
#18148=CARTESIAN_POINT('',(-0.0498935621689942,0.017118456154649,0.0486126305712291));
#18149=CARTESIAN_POINT('',(-0.0499000000000003,0.01719581571303,0.0486921885279832));
#18150=CARTESIAN_POINT('',(-0.0499000000000003,0.017279839441545,0.0487585786437627));
#18151=CARTESIAN_POINT('',(-0.0498719041192199,0.0170477607664024,0.0485232015356078));
#18152=CARTESIAN_POINT('',(-0.0489,0.0189,0.0487585786437627));
#18153=CARTESIAN_POINT('',(-0.0496071067811868,0.016579037846756,0.0480514718625762));
#18154=CARTESIAN_POINT('',(-0.0497783907646635,0.016797046765961,0.0482227558460528));
#18155=CARTESIAN_POINT('',(-0.0498429616156609,0.0169532877391763,0.0484036939987437));
#18156=CARTESIAN_POINT('',(-0.0498719041192202,0.017047760766402,0.0485232015356078));
#18157=CARTESIAN_POINT('',(-0.049,0.01905,0.0473029437251523));
#18158=CARTESIAN_POINT('',(-0.049,0.01905,0.048437867965644));
#18159=CARTESIAN_POINT('',(-0.049,0.01905,0.0475857864376269));
#18160=CARTESIAN_POINT('',(-0.048437867965644,0.01905,0.048437867965644));
#18161=CARTESIAN_POINT('',(-0.048437867965644,0.01905,0.049));
#18162=CARTESIAN_POINT('',(-0.0488,0.01905,0.049));
#18163=CARTESIAN_POINT('',(-0.0475857864376269,0.01905,0.049));
#18164=CARTESIAN_POINT('',(-0.0474357864376269,0.0161,0.04885));
#18165=CARTESIAN_POINT('',(-0.0474357864376269,0.0221,0.04885));
#18166=CARTESIAN_POINT('',(-0.0474357864376269,0.01905,0.04885));
#18167=CARTESIAN_POINT('',(-0.0475150757595083,0.0189,0.0490707106781187));
#18168=CARTESIAN_POINT('',(-0.0475150757595083,0.019,0.0490707106781186));
#18169=CARTESIAN_POINT('',(-0.0475857864376269,0.019,0.049));
#18170=CARTESIAN_POINT('',(-0.0474365353613959,0.018900000002057,0.0489921702800063));
#18171=CARTESIAN_POINT('',(-0.0474708940197202,0.0189687584525898,0.0490265289383297));
#18172=CARTESIAN_POINT('',(-0.0475072460395146,0.019,0.0489738198672967));
#18173=CARTESIAN_POINT('',(-0.047365075765327,0.0189714590201254,0.0489207106839374));
#18174=CARTESIAN_POINT('',(-0.0473943650945976,0.0190021301753076,0.0489500000132095));
#18175=CARTESIAN_POINT('',(-0.0474357864434456,0.0190238196733753,0.04895));
#18176=CARTESIAN_POINT('',(-0.0473650757595083,0.01905,0.0489207106781187));
#18177=CARTESIAN_POINT('',(-0.0473943650813896,0.01905,0.04895));
#18178=CARTESIAN_POINT('',(-0.0474357864376269,0.01905,0.04895));
#18179=CARTESIAN_POINT('',(-0.0475857864376269,0.0189,0.049));
#18180=CARTESIAN_POINT('',(-0.0474443650813896,0.0189,0.0488585786437627));
#18181=CARTESIAN_POINT('',(-0.0481221825406948,0.0189,0.0495363961030679));
#18182=CARTESIAN_POINT('',(-0.0487585786437627,0.0189,0.0489));
#18183=CARTESIAN_POINT('',(-0.0487585786437627,0.0189,0.0498));
#18184=CARTESIAN_POINT('',(-0.0440268781866244,0.0189,0.0498));
#18185=CARTESIAN_POINT('',(-0.049,0.0189,0.0498));
#18186=CARTESIAN_POINT('',(-0.049,0.0189,0.049));
#18187=CARTESIAN_POINT('',(-0.0490500983300345,0.0189,0.0497984298073893));
#18188=CARTESIAN_POINT('',(-0.0490500983300344,0.019,0.0497984298073892));
#18189=CARTESIAN_POINT('',(-0.0490563606212887,0.0190000000000001,0.049898233533313));
#18190=CARTESIAN_POINT('',(-0.0490563606212888,0.0189,0.049898233533313));
#18191=CARTESIAN_POINT('',(-0.0491077222609422,0.019,0.0498143551428832));
#18192=CARTESIAN_POINT('',(-0.0491122205313418,0.0189822296746274,0.0498947284204179));
#18193=CARTESIAN_POINT('',(-0.0491005018150483,0.0188999996303631,0.0498954638470204));
#18194=CARTESIAN_POINT('',(-0.0492133420870665,0.0189721466306792,0.0498362844309919));
#18195=CARTESIAN_POINT('',(-0.0492021592701506,0.0189414280676485,0.0498809439671197));
#18196=CARTESIAN_POINT('',(-0.0491834502939669,0.0188860736310837,0.0498842603036558));
#18197=CARTESIAN_POINT('',(-0.0493053872025619,0.0188399218482486,0.0498403020241539));
#18198=CARTESIAN_POINT('',(-0.0492844867573878,0.0188300226212558,0.049854376395565));
#18199=CARTESIAN_POINT('',(-0.0492599853127169,0.0188199606622774,0.0498617647016736));
#18200=CARTESIAN_POINT('',(-0.0492877429660313,0.0187652703644666,0.0498393308675205));
#18201=CARTESIAN_POINT('',(-0.0492702077543297,0.0187732984384928,0.049858867991934));
#18202=CARTESIAN_POINT('',(-0.0492453698597492,0.0187826351822333,0.0498659062489246));
#18203=CARTESIAN_POINT('',(-0.0492472478285228,0.0187822467342246,0.0498696787586553));
#18204=CARTESIAN_POINT('',(-0.0492622513839193,0.0187766825163675,0.0498616369986498));
#18205=CARTESIAN_POINT('',(-0.0492761330922758,0.0187709187603897,0.0498517104851195));
#18206=CARTESIAN_POINT('',(-0.0492884815757739,0.0187650925913083,0.0498402143323546));
#18207=CARTESIAN_POINT('',(-0.0490115687581628,0.0180129030340996,0.0498361619318652));
#18208=CARTESIAN_POINT('',(-0.049,0.0180295153260525,0.0499));
#18209=CARTESIAN_POINT('',(-0.0490258897710837,0.018023059348981,0.0499));
#18210=CARTESIAN_POINT('',(-0.0490516077132593,0.0180166462198547,0.0498887862034582));
#18211=CARTESIAN_POINT('',(-0.049069636424032,0.0180121505082858,0.049869636424032));
#18212=CARTESIAN_POINT('',(-0.0488897462959865,0.0175873757201587,0.0498));
#18213=CARTESIAN_POINT('',(-0.0489445450103292,0.0175105086918034,0.049869636424032));
#18214=CARTESIAN_POINT('',(-0.0489265162995565,0.0175150044033723,0.0498887862034582));
#18215=CARTESIAN_POINT('',(-0.0489007983573809,0.0175214175324986,0.0499));
#18216=CARTESIAN_POINT('',(-0.0488749085862972,0.0175278735095701,0.0499));
#18217=CARTESIAN_POINT('',(-0.0481612017660825,0.0177123270617317,0.0497994226585116));
#18218=CARTESIAN_POINT('',(-0.0488216730876795,0.017234972541723,0.0498630941516727));
#18219=CARTESIAN_POINT('',(-0.0488064339699425,0.0172457144965023,0.0498860142175984));
#18220=CARTESIAN_POINT('',(-0.0487826255763302,0.0172626730979188,0.0498999457688367));
#18221=CARTESIAN_POINT('',(-0.0487585786354246,0.0172798394488495,0.0498999931171231));
#18222=CARTESIAN_POINT('',(-0.0480978659870473,0.0177484642927644,0.0491080813569821));
#18223=CARTESIAN_POINT('',(-0.0485965364194804,0.0169773425545282,0.0498244941004601));
#18224=CARTESIAN_POINT('',(-0.0485781931711196,0.0169890573113166,0.0498570371486718));
#18225=CARTESIAN_POINT('',(-0.0485483017881056,0.0170178646882093,0.0498755893905165));
#18226=CARTESIAN_POINT('',(-0.0485237248152229,0.017047787503402,0.049869815357058));
#18227=CARTESIAN_POINT('',(-0.0493236684555933,0.0165892363645736,0.0483404415568994));
#18228=CARTESIAN_POINT('',(-0.0480514718625762,0.0165790378467564,0.0496071067811866));
#18229=CARTESIAN_POINT('',(-0.0480776518013561,0.0165420138222718,0.0496332867199665));
#18230=CARTESIAN_POINT('',(-0.0481351585162102,0.0165083271686378,0.0496234201275526));
#18231=CARTESIAN_POINT('',(-0.0481721825406949,0.0165083271686378,0.0495863961030679));
#18232=CARTESIAN_POINT('',(-0.0484536196956741,0.0170477607664025,0.0498678332580472));
#18233=CARTESIAN_POINT('',(-0.0480784263776389,0.0165171572875254,0.049492639940012));
#18234=CARTESIAN_POINT('',(-0.0478784263776389,0.0168,0.049292639940012));
#18235=CARTESIAN_POINT('',(-0.0478784263776389,0.0164,0.049292639940012));
#18236=CARTESIAN_POINT('',(-0.0474443650813896,0.0164,0.0488585786437627));
#18237=CARTESIAN_POINT('',(-0.047309834689803,0.0164,0.0487240482521761));
#18238=CARTESIAN_POINT('',(-0.047309834689803,0.0168,0.0487240482521761));
#18239=CARTESIAN_POINT('',(-0.0470270350556435,0.0167930190374251,0.0484412486180166));
#18240=CARTESIAN_POINT('',(-0.0470357132165557,0.0160899123512551,0.0484499267789288));
#18241=CARTESIAN_POINT('',(-0.0469615331401343,0.0221,0.0483757467025073));
#18242=CARTESIAN_POINT('',(-0.04885,0.0161,0.0474357864376269));
#18243=CARTESIAN_POINT('',(-0.04885,0.0221,0.0474357864376269));
#18244=CARTESIAN_POINT('',(-0.04885,0.01905,0.0474357864376269));
#18245=CARTESIAN_POINT('',(-0.0489207106781187,0.01905,0.0473650757595082));
#18246=CARTESIAN_POINT('',(-0.04895,0.01905,0.0473943650813896));
#18247=CARTESIAN_POINT('',(-0.04895,0.01905,0.0474357864376269));
#18248=CARTESIAN_POINT('',(-0.0489207106839374,0.0189714590201254,0.047365075765327));
#18249=CARTESIAN_POINT('',(-0.0489500000132094,0.0190021301753076,0.0473943650945976));
#18250=CARTESIAN_POINT('',(-0.04895,0.0190238196733753,0.0474357864434456));
#18251=CARTESIAN_POINT('',(-0.0489921702800063,0.018900000002057,0.0474365353613959));
#18252=CARTESIAN_POINT('',(-0.0490265289383288,0.0189687584525906,0.0474708940197195));
#18253=CARTESIAN_POINT('',(-0.0489738198672955,0.019,0.0475072460395146));
#18254=CARTESIAN_POINT('',(-0.0490707106781187,0.0189,0.0475150757595083));
#18255=CARTESIAN_POINT('',(-0.0490707106781186,0.019,0.0475150757595083));
#18256=CARTESIAN_POINT('',(-0.049,0.019,0.0475857864376269));
#18257=CARTESIAN_POINT('',(-0.049,0.0189,0.0475857864376269));
#18258=CARTESIAN_POINT('',(-0.0501313708498985,0.0189,0.0487171572875254));
#18259=CARTESIAN_POINT('',(-0.0495363961030679,0.0189,0.0481221825406948));
#18260=CARTESIAN_POINT('',(-0.0489,0.0189,0.0487585786437627));
#18261=CARTESIAN_POINT('',(-0.0498,0.0189,0.0487585786437627));
#18262=CARTESIAN_POINT('',(-0.0498,0.0189,0.0548216499507995));
#18263=CARTESIAN_POINT('',(-0.0498,0.0189,0.049));
#18264=CARTESIAN_POINT('',(-0.049,0.0189,0.049));
#18265=CARTESIAN_POINT('',(-0.0497984298073894,0.0189,0.0490500983300345));
#18266=CARTESIAN_POINT('',(-0.0498393308675205,0.0187652703644666,0.0492877429660313));
#18267=CARTESIAN_POINT('',(-0.049858867991934,0.0187732984384927,0.0492702077543297));
#18268=CARTESIAN_POINT('',(-0.0498659062489246,0.0187826351822333,0.0492453698597492));
#18269=CARTESIAN_POINT('',(-0.0498403049895066,0.0188400582606013,0.0493054182535401));
#18270=CARTESIAN_POINT('',(-0.0498543689442095,0.0188301248608539,0.0492845104009876));
#18271=CARTESIAN_POINT('',(-0.0498617577273089,0.018820029036162,0.0492600099251366));
#18272=CARTESIAN_POINT('',(-0.0498363347957517,0.0189721421492141,0.0492134712701691));
#18273=CARTESIAN_POINT('',(-0.0498809587217054,0.0189413933161302,0.0492022215025802));
#18274=CARTESIAN_POINT('',(-0.0498842668467283,0.0188860712779542,0.0491835455040998));
#18275=CARTESIAN_POINT('',(-0.0498142283127426,0.0190000000000001,0.0491072632643317));
#18276=CARTESIAN_POINT('',(-0.0498947539074154,0.0189823588159528,0.0491118148049013));
#18277=CARTESIAN_POINT('',(-0.0498954859090731,0.018899999687451,0.0491001502065173));
#18278=CARTESIAN_POINT('',(-0.0497984298073896,0.0190000000000001,0.0490500983300343));
#18279=CARTESIAN_POINT('',(-0.0498982335333133,0.0190000000000001,0.0490563606212885));
#18280=CARTESIAN_POINT('',(-0.0498982335333133,0.0189000000000001,0.0490563606212886));
#18281=CARTESIAN_POINT('',(-0.0498402143323546,0.0187650925913083,0.0492884815757738));
#18282=CARTESIAN_POINT('',(-0.0498517104851195,0.0187709187603897,0.0492761330922757));
#18283=CARTESIAN_POINT('',(-0.0498616369986499,0.0187766825163676,0.0492622513839192));
#18284=CARTESIAN_POINT('',(-0.0498696787586553,0.0187822467342246,0.0492472478285228));
#18285=CARTESIAN_POINT('',(-0.0498361619318652,0.0180129030340995,0.0490115687581627));
#18286=CARTESIAN_POINT('',(-0.049869636424032,0.0180121505082857,0.049069636424032));
#18287=CARTESIAN_POINT('',(-0.0498887862034582,0.0180166462198546,0.0490516077132593));
#18288=CARTESIAN_POINT('',(-0.0499,0.018023059348981,0.0490258897710837));
#18289=CARTESIAN_POINT('',(-0.0499,0.0180295153260524,0.049));
#18290=CARTESIAN_POINT('',(-0.0498,0.0201216179807885,0.0495216951021496));
#18291=CARTESIAN_POINT('',(-0.0499,0.0175278735095701,0.0488749085862973));
#18292=CARTESIAN_POINT('',(-0.0499,0.0175214175324986,0.0489007983573809));
#18293=CARTESIAN_POINT('',(-0.0498887862034582,0.0175150044033723,0.0489265162995565));
#18294=CARTESIAN_POINT('',(-0.049869636424032,0.0175105086918034,0.0489445450103293));
#18295=CARTESIAN_POINT('',(-0.0497994226589259,0.0177123270613653,0.0481612017668581));
#18296=CARTESIAN_POINT('',(-0.0498999931171276,0.0172798394488496,0.0487585786354245));
#18297=CARTESIAN_POINT('',(-0.0498999457688385,0.0172626730979186,0.04878262557633));
#18298=CARTESIAN_POINT('',(-0.0498860142175975,0.0172457144965022,0.0488064339699409));
#18299=CARTESIAN_POINT('',(-0.04986309415167,0.0172349725417249,0.0488216730876768));
#18300=CARTESIAN_POINT('',(-0.0491123359675242,0.0177712076371828,0.0480674530806087));
#18301=CARTESIAN_POINT('',(-0.0498721679319049,0.0170477626258001,0.0485231402194066));
#18302=CARTESIAN_POINT('',(-0.049878260243498,0.0170175717158525,0.0485484368317294));
#18303=CARTESIAN_POINT('',(-0.0498585753995605,0.0169881918849686,0.0485789127290645));
#18304=CARTESIAN_POINT('',(-0.0498247295004815,0.0169770276593624,0.048596755170979));
#18305=CARTESIAN_POINT('',(-0.0483404415568412,0.0165892363645968,0.0493236684556044));
#18306=CARTESIAN_POINT('',(-0.0495863961030679,0.0165083271686378,0.0481721825406949));
#18307=CARTESIAN_POINT('',(-0.0496234201275526,0.0165083271686378,0.0481351585162102));
#18308=CARTESIAN_POINT('',(-0.0496332867199665,0.0165420138222718,0.0480776518013561));
#18309=CARTESIAN_POINT('',(-0.0496071067811866,0.0165790378467564,0.0480514718625762));
#18310=CARTESIAN_POINT('',(-0.0498678332580472,0.0170477607664025,0.0484536196956741));
#18311=CARTESIAN_POINT('',(-0.049492639940012,0.0165171572875254,0.0480784263776389));
#18312=CARTESIAN_POINT('',(-0.049292639940012,0.0168,0.0478784263776389));
#18313=CARTESIAN_POINT('',(-0.049292639940012,0.0164,0.0478784263776389));
#18314=CARTESIAN_POINT('',(-0.049292639940012,0.0164,0.0478784263776389));
#18315=CARTESIAN_POINT('',(-0.0487240482521761,0.0164,0.047309834689803));
#18316=CARTESIAN_POINT('',(-0.0487240482521761,0.0168,0.047309834689803));
#18317=CARTESIAN_POINT('',(-0.0484412486180166,0.0167930190374251,0.0470270350556435));
#18318=CARTESIAN_POINT('',(-0.0484412486180166,0.0167930190374251,0.0470270350556435));
#18319=CARTESIAN_POINT('',(-0.0483757467025073,0.0221,0.0469615331401343));
#18320=CARTESIAN_POINT('',(-0.05,0.0221,0.05001));
#18321=CARTESIAN_POINT('',(-0.042,0.0221,0.0495));
#18322=CARTESIAN_POINT('',(-0.049,0.0221,0.0495));
#18323=CARTESIAN_POINT('',(-0.042,0.0221,0.0495));
#18324=CARTESIAN_POINT('',(-0.049,0.0221,0.049));
#18325=CARTESIAN_POINT('',(-0.0495,0.0221,0.049));
#18326=CARTESIAN_POINT('',(-0.0495,0.0221,0.049));
#18327=CARTESIAN_POINT('',(-0.0495,0.0221,0.042));
#18328=CARTESIAN_POINT('',(-0.0495,0.0221,0.042));
#18329=CARTESIAN_POINT('',(-0.042,0.0221,0.042));
#18330=CARTESIAN_POINT('',(-0.042,0.0221,0.042));
#18331=CARTESIAN_POINT('',(-0.0415,0.0396,0.05001));
#18332=CARTESIAN_POINT('',(-0.0461715728752538,0.0396,0.0477272077938642));
#18333=CARTESIAN_POINT('',(-0.0453937554159486,0.0396,0.0485050252531694));
#18334=CARTESIAN_POINT('',(-0.0451059348446489,0.0396,0.048));
#18335=CARTESIAN_POINT('',(-0.0465,0.0396,0.048));
#18336=CARTESIAN_POINT('',(-0.0425,0.0396,0.048));
#18337=CARTESIAN_POINT('',(-0.0425,0.0396,0.05));
#18338=CARTESIAN_POINT('',(-0.0425,0.0396,0.049));
#18339=CARTESIAN_POINT('',(-0.05,0.0396,0.049));
#18340=CARTESIAN_POINT('',(-0.0458887301627792,0.0396,0.049));
#18341=CARTESIAN_POINT('',(-0.0441993650813896,0.0396,0.0473106349186104));
#18342=CARTESIAN_POINT('',(-0.0490414213562373,0.0396,0.0472029437251523));
#18343=CARTESIAN_POINT('',(-0.0478686291501015,0.0396,0.0460301515190165));
#18344=CARTESIAN_POINT('',(-0.0490414213562373,0.0396,0.0472029437251523));
#18345=CARTESIAN_POINT('',(-0.0477272077938642,0.0396,0.0461715728752538));
#18346=CARTESIAN_POINT('',(-0.0475857864376269,0.0396,0.0460301515190165));
#18347=CARTESIAN_POINT('',(-0.0468029689783217,0.0396,0.0468129689783217));
#18348=CARTESIAN_POINT('',(-0.0460301515190165,0.0396,0.0475857864376269));
#18349=CARTESIAN_POINT('',(-0.0461715728752538,0.0396,0.0477272077938642));
#18350=CARTESIAN_POINT('',(-0.0460301515190165,0.0396,0.0478686291501015));
#18351=CARTESIAN_POINT('',(-0.0460301515190165,0.0396,0.0478686291501015));
#18352=CARTESIAN_POINT('',(-0.0472029437251523,0.0396,0.0490414213562373));
#18353=CARTESIAN_POINT('',(-0.0473443650813896,0.0396,0.0489));
#18354=CARTESIAN_POINT('',(-0.0473443650813896,0.0396,0.0491));
#18355=CARTESIAN_POINT('',(-0.0473443650813896,0.0396,0.0491));
#18356=CARTESIAN_POINT('',(-0.0488,0.0396,0.0491));
#18357=CARTESIAN_POINT('',(-0.0488,0.0396,0.0488));
#18358=CARTESIAN_POINT('',(-0.0491,0.0396,0.0488));
#18359=CARTESIAN_POINT('',(-0.0491,0.0396,0.0488));
#18360=CARTESIAN_POINT('',(-0.0491,0.0396,0.0473443650813896));
#18361=CARTESIAN_POINT('',(-0.0489,0.0396,0.0473443650813896));
#18362=CARTESIAN_POINT('',(-0.0465,0.0396,0.047));
#18363=CARTESIAN_POINT('',(-0.042,0.0396,0.047));
#18364=CARTESIAN_POINT('',(-0.0465,0.0396,0.047));
#18365=CARTESIAN_POINT('',(-0.0465,0.0396,-0.047));
#18366=CARTESIAN_POINT('',(-0.0465,0.0396,0.042));
#18367=CARTESIAN_POINT('',(-0.0465,0.0396,0.042));
#18368=CARTESIAN_POINT('',(-0.0495,0.0396,0.042));
#18369=CARTESIAN_POINT('',(-0.0495,0.0396,0.05001));
#18370=CARTESIAN_POINT('',(-0.0495,0.0396,0.049));
#18371=CARTESIAN_POINT('',(-0.049,0.0396,0.049));
#18372=CARTESIAN_POINT('',(-0.049,0.0396,0.0495));
#18373=CARTESIAN_POINT('',(-0.05,0.0396,0.0495));
#18374=CARTESIAN_POINT('',(-0.042,0.0396,0.0495));
#18375=CARTESIAN_POINT('',(-0.042,0.0396,0.0495));
#18376=CARTESIAN_POINT('',(-0.0477272077938642,0.0396,0.0461715728752538));
#18377=CARTESIAN_POINT('',(-0.0475,0.0396,0.0450952938136683));
#18378=CARTESIAN_POINT('',(-0.0485050252531694,0.0396,0.0453937554159486));
#18379=CARTESIAN_POINT('',(-0.0484343145750508,0.0396,0.04532304473783));
#18380=CARTESIAN_POINT('',(-0.049,0.0396,0.0458887301627792));
#18381=CARTESIAN_POINT('',(-0.049,0.0396,0.05));
#18382=CARTESIAN_POINT('',(-0.049,0.0396,0.0425));
#18383=CARTESIAN_POINT('',(-0.05,0.0396,0.0425));
#18384=CARTESIAN_POINT('',(-0.0475,0.0396,0.0425));
#18385=CARTESIAN_POINT('',(-0.0475,0.0396,-0.047));
#18386=CARTESIAN_POINT('',(0.,0.0375,0.));
#18387=CARTESIAN_POINT('',(-0.0461715728752538,0.0375,0.0477272077938642));
#18388=CARTESIAN_POINT('',(-0.0453462433504317,0.0375,0.047));
#18389=CARTESIAN_POINT('',(-0.0453937554159486,0.0375,0.046949390334559));
#18390=CARTESIAN_POINT('',(-0.0461715728752538,0.0375,0.0461715728752538));
#18391=CARTESIAN_POINT('',(-0.0465,0.0375,0.0458431457505076));
#18392=CARTESIAN_POINT('',(-0.0465,0.0375,-0.047));
#18393=CARTESIAN_POINT('',(-0.0465,0.0375,0.047));
#18394=CARTESIAN_POINT('',(-0.0465,0.0375,0.047));
#18395=CARTESIAN_POINT('',(-0.05,0.1135,0.0415));
#18396=CARTESIAN_POINT('',(-0.048,0.1135,0.0415));
#18397=CARTESIAN_POINT('',(-0.048,0.02574,0.0415));
#18398=CARTESIAN_POINT('',(-0.048,0.03774,0.0415));
#18399=CARTESIAN_POINT('',(-0.05,0.03774,0.0415));
#18400=CARTESIAN_POINT('',(-0.0495,0.0391,0.0415));
#18401=CARTESIAN_POINT('',(-0.0465,0.0391,0.0415));
#18402=CARTESIAN_POINT('',(-0.0465,0.1135,0.0415));
#18403=CARTESIAN_POINT('',(-0.0465,0.0375,0.0415));
#18404=CARTESIAN_POINT('',(-0.05,0.0375,0.0415));
#18405=CARTESIAN_POINT('',(-0.042,0.0375,0.0415));
#18406=CARTESIAN_POINT('',(-0.042,0.1135,0.0415));
#18407=CARTESIAN_POINT('',(-0.042,0.0226,0.0415));
#18408=CARTESIAN_POINT('',(-0.042,0.0226,0.0415));
#18409=CARTESIAN_POINT('',(-0.0495,0.0226,0.0415));
#18410=CARTESIAN_POINT('',(-0.0495,0.1135,0.0415));
#18411=CARTESIAN_POINT('',(-0.0495,0.02574,0.0415));
#18412=CARTESIAN_POINT('',(-0.05,0.02574,0.0415));
#18413=CARTESIAN_POINT('',(-0.0415,0.1135,0.05));
#18414=CARTESIAN_POINT('',(-0.0415,0.02574,0.05));
#18415=CARTESIAN_POINT('',(-0.0415,0.0226,0.0495));
#18416=CARTESIAN_POINT('',(-0.0415,0.0226,0.042));
#18417=CARTESIAN_POINT('',(-0.0415,0.1135,0.042));
#18418=CARTESIAN_POINT('',(-0.0415,0.0375,0.042));
#18419=CARTESIAN_POINT('',(-0.0415,0.0375,0.05));
#18420=CARTESIAN_POINT('',(-0.0415,0.0375,0.047));
#18421=CARTESIAN_POINT('',(-0.0415,0.1135,0.047));
#18422=CARTESIAN_POINT('',(-0.0415,0.0391,0.047));
#18423=CARTESIAN_POINT('',(-0.0415,0.0391,0.047));
#18424=CARTESIAN_POINT('',(-0.0415,0.0391,0.0495));
#18425=CARTESIAN_POINT('',(-0.0415,0.1135,0.0495));
#18426=CARTESIAN_POINT('',(-0.0415,0.03774,0.0495));
#18427=CARTESIAN_POINT('',(-0.0415,0.03774,0.05));
#18428=CARTESIAN_POINT('',(-0.049,0.1135,0.049));
#18429=CARTESIAN_POINT('',(-0.05,0.1135,0.049));
#18430=CARTESIAN_POINT('',(-0.05,0.0391,0.049));
#18431=CARTESIAN_POINT('',(-0.05,0.0367,0.049));
#18432=CARTESIAN_POINT('',(-0.049,0.0367,0.049));
#18433=CARTESIAN_POINT('',(-0.049,0.0391,0.049));
#18434=CARTESIAN_POINT('',(-0.049,0.1135,0.049));
#18435=CARTESIAN_POINT('',(-0.049,0.0335,0.049));
#18436=CARTESIAN_POINT('',(-0.05,0.0335,0.049));
#18437=CARTESIAN_POINT('',(-0.05,0.1135,0.049));
#18438=CARTESIAN_POINT('',(-0.05,0.0226,0.049));
#18439=CARTESIAN_POINT('',(-0.049,0.0226,0.049));
#18440=CARTESIAN_POINT('',(-0.05,0.1135,0.05));
#18441=CARTESIAN_POINT('',(-0.05,0.0335,0.05));
#18442=CARTESIAN_POINT('',(-0.05,0.0335,0.0483443650813896));
#18443=CARTESIAN_POINT('',(-0.05,0.0337,0.0483443650813896));
#18444=CARTESIAN_POINT('',(-0.05,0.0337,0.048061522368915));
#18445=CARTESIAN_POINT('',(-0.05,0.0337,0.048061522368915));
#18446=CARTESIAN_POINT('',(-0.05,0.0365,0.048061522368915));
#18447=CARTESIAN_POINT('',(-0.05,0.0365,0.0483443650813896));
#18448=CARTESIAN_POINT('',(-0.05,0.0367,0.0483443650813896));
#18449=CARTESIAN_POINT('',(-0.05,0.0367,0.0484443650813896));
#18450=CARTESIAN_POINT('',(-0.05,0.0391,0.05));
#18451=CARTESIAN_POINT('',(-0.05,0.03774,0.0269999999999995));
#18452=CARTESIAN_POINT('',(-0.05,0.03774,0.0269999999999995));
#18453=CARTESIAN_POINT('',(-0.05,0.05424,0.0156973454445422));
#18454=CARTESIAN_POINT('',(-0.05,0.03424,0.0156973454445422));
#18455=CARTESIAN_POINT('',(-0.05,0.03424,0.0156973454445422));
#18456=CARTESIAN_POINT('',(-0.05,0.03424,-0.0156973454445432));
#18457=CARTESIAN_POINT('',(-0.05,0.05424,-0.0156973454445432));
#18458=CARTESIAN_POINT('',(-0.05,0.03774,-0.0270000000000006));
#18459=CARTESIAN_POINT('',(-0.05,0.03774,-0.0270000000000006));
#18460=CARTESIAN_POINT('',(-0.05,0.03774,-0.042));
#18461=CARTESIAN_POINT('',(-0.05,0.1135,-0.042));
#18462=CARTESIAN_POINT('',(-0.05,0.0391,-0.042));
#18463=CARTESIAN_POINT('',(-0.05,0.0391,-0.05));
#18464=CARTESIAN_POINT('',(-0.05,0.0391,-0.049));
#18465=CARTESIAN_POINT('',(-0.05,0.1135,-0.049));
#18466=CARTESIAN_POINT('',(-0.05,0.0367,-0.049));
#18467=CARTESIAN_POINT('',(-0.05,0.0367,-0.0484443650813896));
#18468=CARTESIAN_POINT('',(-0.05,0.0367,-0.0483443650813896));
#18469=CARTESIAN_POINT('',(-0.05,0.0365,-0.0483443650813896));
#18470=CARTESIAN_POINT('',(-0.05,0.0365,-0.048061522368915));
#18471=CARTESIAN_POINT('',(-0.05,0.0337,-0.048061522368915));
#18472=CARTESIAN_POINT('',(-0.05,0.0337,-0.048061522368915));
#18473=CARTESIAN_POINT('',(-0.05,0.0337,-0.0483443650813896));
#18474=CARTESIAN_POINT('',(-0.05,0.0335,-0.0483443650813896));
#18475=CARTESIAN_POINT('',(-0.05,0.0335,-0.05));
#18476=CARTESIAN_POINT('',(-0.05,0.0335,-0.049));
#18477=CARTESIAN_POINT('',(-0.05,0.1135,-0.049));
#18478=CARTESIAN_POINT('',(-0.05,0.0226,-0.049));
#18479=CARTESIAN_POINT('',(-0.05,0.0226,-0.042));
#18480=CARTESIAN_POINT('',(-0.05,0.0226,-0.042));
#18481=CARTESIAN_POINT('',(-0.05,0.1135,-0.042));
#18482=CARTESIAN_POINT('',(-0.05,0.02574,-0.0420000000000006));
#18483=CARTESIAN_POINT('',(-0.05,0.02574,-0.0270000000000006));
#18484=CARTESIAN_POINT('',(-0.05,0.02574,-0.0270000000000006));
#18485=CARTESIAN_POINT('',(-0.05,0.00924,-0.0156973454445432));
#18486=CARTESIAN_POINT('',(-0.05,0.02924,-0.0156973454445432));
#18487=CARTESIAN_POINT('',(-0.05,0.02924,0.0156973454445422));
#18488=CARTESIAN_POINT('',(-0.05,0.02924,0.0156973454445422));
#18489=CARTESIAN_POINT('',(-0.05,0.00924,0.0156973454445422));
#18490=CARTESIAN_POINT('',(-0.05,0.02574,0.0269999999999995));
#18491=CARTESIAN_POINT('',(-0.05,0.02574,0.0269999999999995));
#18492=CARTESIAN_POINT('',(-0.05,0.02574,0.042));
#18493=CARTESIAN_POINT('',(-0.05,0.1135,0.042));
#18494=CARTESIAN_POINT('',(-0.05,0.0226,0.042));
#18495=CARTESIAN_POINT('',(-0.05,0.0226,0.042));
#18496=CARTESIAN_POINT('',(0.,0.0375,0.));
#18497=CARTESIAN_POINT('',(-0.0465,0.0375,-0.047));
#18498=CARTESIAN_POINT('',(-0.0465,0.0375,0.0425));
#18499=CARTESIAN_POINT('',(-0.05,0.0375,0.0425));
#18500=CARTESIAN_POINT('',(-0.0425,0.0375,0.0425));
#18501=CARTESIAN_POINT('',(-0.0425,0.0375,0.05));
#18502=CARTESIAN_POINT('',(-0.0425,0.0375,0.047));
#18503=CARTESIAN_POINT('',(-0.0465,0.0375,0.047));
#18504=CARTESIAN_POINT('',(-0.042,0.0375,0.042));
#18505=CARTESIAN_POINT('',(-0.0465,0.0396,-0.047));
#18506=CARTESIAN_POINT('',(-0.0465,0.0396,0.047));
#18507=CARTESIAN_POINT('',(-0.0465,0.0375,-0.047));
#18508=CARTESIAN_POINT('',(-0.0465,0.0391,0.042));
#18509=CARTESIAN_POINT('',(-0.0465,0.0396,0.047));
#18510=CARTESIAN_POINT('',(-0.0465,0.0375,0.047));
#18511=CARTESIAN_POINT('',(-0.042,0.0391,0.047));
#18512=CARTESIAN_POINT('',(-0.0483443650813896,0.0335,0.05));
#18513=CARTESIAN_POINT('',(-0.0483443650813896,0.0336,0.05));
#18514=CARTESIAN_POINT('',(-0.0483443650813896,0.0336,0.0499));
#18515=CARTESIAN_POINT('',(-0.0482703167238882,0.033500000000578,0.05));
#18516=CARTESIAN_POINT('',(-0.0482831638039198,0.0336204006405823,0.0499999999999994));
#18517=CARTESIAN_POINT('',(-0.0482888288132634,0.0336,0.0498814879106245));
#18518=CARTESIAN_POINT('',(-0.0481228106152207,0.0335433374441807,0.05));
#18519=CARTESIAN_POINT('',(-0.0481958722419425,0.0337378259228424,0.0500000000000006));
#18520=CARTESIAN_POINT('',(-0.0481781992320523,0.0336216687222347,0.0498446113831687));
#18521=CARTESIAN_POINT('',(-0.0480615223712288,0.0336476396861114,0.05));
#18522=CARTESIAN_POINT('',(-0.0483029436551308,0.0337370286081264,0.0499999999999995));
#18523=CARTESIAN_POINT('',(-0.0481322330481904,0.0336738198430561,0.0498292893230382));
#18524=CARTESIAN_POINT('',(-0.048061522368915,0.0337,0.05));
#18525=CARTESIAN_POINT('',(-0.0483029437251523,0.0337,0.05));
#18526=CARTESIAN_POINT('',(-0.0481322330470336,0.0337,0.0498292893218813));
#18527=CARTESIAN_POINT('',(-0.0483443650813896,0.0335,0.0499));
#18528=CARTESIAN_POINT('',(-0.0483443650813896,0.0336,0.0499));
#18529=CARTESIAN_POINT('',(-0.048061522368915,0.0337,0.0499));
#18530=CARTESIAN_POINT('',(-0.0481322330470337,0.0337,0.0498292893218814));
#18531=CARTESIAN_POINT('',(-0.0483443650813896,0.0337,0.0499));
#18532=CARTESIAN_POINT('',(-0.05,0.0335,0.0499));
#18533=CARTESIAN_POINT('',(-0.049,0.0335,0.0499));
#18534=CARTESIAN_POINT('',(-0.049,0.0336,0.0499));
#18535=CARTESIAN_POINT('',(-0.0488,0.0336,0.0499));
#18536=CARTESIAN_POINT('',(-0.049,0.0335,0.049));
#18537=CARTESIAN_POINT('',(-0.0499,0.0335,0.049));
#18538=CARTESIAN_POINT('',(-0.0499,0.0336,0.049));
#18539=CARTESIAN_POINT('',(-0.049,0.0336,0.049));
#18540=CARTESIAN_POINT('',(-0.0499,0.0335,0.05));
#18541=CARTESIAN_POINT('',(-0.0499,0.0336,0.0488));
#18542=CARTESIAN_POINT('',(-0.0499,0.0336,0.0483443650813896));
#18543=CARTESIAN_POINT('',(-0.0499,0.0335,0.0483443650813896));
#18544=CARTESIAN_POINT('',(-0.05,0.0337,0.048061522368915));
#18545=CARTESIAN_POINT('',(-0.05,0.0337,0.0483029437251523));
#18546=CARTESIAN_POINT('',(-0.0498292893218813,0.0337,0.0481322330470336));
#18547=CARTESIAN_POINT('',(-0.05,0.0336476396861114,0.0480615223712288));
#18548=CARTESIAN_POINT('',(-0.0499999999999995,0.0337370286081264,0.0483029436551308));
#18549=CARTESIAN_POINT('',(-0.0498292893230382,0.0336738198430561,0.0481322330481904));
#18550=CARTESIAN_POINT('',(-0.05,0.0335433374441807,0.0481228106152207));
#18551=CARTESIAN_POINT('',(-0.0500000000000006,0.0337378259228424,0.0481958722419425));
#18552=CARTESIAN_POINT('',(-0.0498446113831687,0.0336216687222347,0.0481781992320523));
#18553=CARTESIAN_POINT('',(-0.05,0.033500000000578,0.0482703167238882));
#18554=CARTESIAN_POINT('',(-0.0499999999999994,0.0336204006405823,0.0482831638039198));
#18555=CARTESIAN_POINT('',(-0.0498814879106245,0.0336,0.0482888288132634));
#18556=CARTESIAN_POINT('',(-0.05,0.0335,0.0483443650813896));
#18557=CARTESIAN_POINT('',(-0.05,0.0336,0.0483443650813896));
#18558=CARTESIAN_POINT('',(-0.0499,0.0336,0.0483443650813896));
#18559=CARTESIAN_POINT('',(-0.0499,0.0337,0.0483443650813896));
#18560=CARTESIAN_POINT('',(-0.0498292893218814,0.0337,0.0481322330470337));
#18561=CARTESIAN_POINT('',(-0.0499,0.0337,0.048061522368915));
#18562=CARTESIAN_POINT('',(-0.0472855642214941,0.0365903841329258,0.0490866233265045));
#18563=CARTESIAN_POINT('',(-0.0473943650813896,0.0365707106781187,0.04905));
#18564=CARTESIAN_POINT('',(-0.0473676347314935,0.0365581098703353,0.049041089883368));
#18565=CARTESIAN_POINT('',(-0.0473225008366736,0.0365345396442957,0.0490195571115213));
#18566=CARTESIAN_POINT('',(-0.047273654403271,0.0365,0.0489707106781187));
#18567=CARTESIAN_POINT('',(-0.047273654403271,0.0365,0.0489707106781187));
#18568=CARTESIAN_POINT('',(-0.0473943650813896,0.0365707106781187,0.04905));
#18569=CARTESIAN_POINT('',(-0.0473943989943957,0.0365706635020282,0.0490499645507936));
#18570=CARTESIAN_POINT('',(-0.0473875909061261,0.036587941780764,0.0490204574197642));
#18571=CARTESIAN_POINT('',(-0.0473679335134036,0.0366157415321528,0.0490008000270413));
#18572=CARTESIAN_POINT('',(-0.0473443664039625,0.0366414202699796,0.0489999319603592));
#18573=CARTESIAN_POINT('',(-0.0473443650813896,0.0366414213562373,0.049));
#18574=CARTESIAN_POINT('',(-0.0472736544032709,0.0365,0.0489707106781187));
#18575=CARTESIAN_POINT('',(-0.0472980776199722,0.0365690792885915,0.0489951338948199));
#18576=CARTESIAN_POINT('',(-0.0473265448481255,0.0366162197406706,0.049));
#18577=CARTESIAN_POINT('',(-0.0473443650813896,0.0366414213562373,0.049));
#18578=CARTESIAN_POINT('',(-0.0488,0.0336,0.049));
#18579=CARTESIAN_POINT('',(-0.0473443650813896,0.0396,0.049));
#18580=CARTESIAN_POINT('',(-0.0473443650813896,0.0395,0.049));
#18581=CARTESIAN_POINT('',(-0.0473443650813896,0.0366414213562373,0.049));
#18582=CARTESIAN_POINT('',(-0.0473995935563727,0.0366804737854124,0.049));
#18583=CARTESIAN_POINT('',(-0.0474662602230394,0.0367,0.049));
#18584=CARTESIAN_POINT('',(-0.0475443650813896,0.0367,0.049));
#18585=CARTESIAN_POINT('',(-0.0475443650813896,0.0367,0.049));
#18586=CARTESIAN_POINT('',(-0.0488,0.0367,0.049));
#18587=CARTESIAN_POINT('',(-0.0488,0.0367,0.049));
#18588=CARTESIAN_POINT('',(-0.0488,0.0336,0.049));
#18589=CARTESIAN_POINT('',(-0.0488,0.0395,0.049));
#18590=CARTESIAN_POINT('',(-0.0488,0.0395,0.049));
#18591=CARTESIAN_POINT('',(-0.0488,0.0336,0.0488));
#18592=CARTESIAN_POINT('',(-0.0488,0.0367,0.0488));
#18593=CARTESIAN_POINT('',(-0.049,0.0367,0.0488));
#18594=CARTESIAN_POINT('',(-0.049,0.0336,0.0488));
#18595=CARTESIAN_POINT('',(-0.049,0.0395,0.0488));
#18596=CARTESIAN_POINT('',(-0.0488,0.0395,0.0488));
#18597=CARTESIAN_POINT('',(-0.0491,0.0395,0.05001));
#18598=CARTESIAN_POINT('',(-0.0491,0.0395,0.0473443650813896));
#18599=CARTESIAN_POINT('',(-0.049,0.0395,0.0473443650813896));
#18600=CARTESIAN_POINT('',(-0.0491,0.0395,0.0488));
#18601=CARTESIAN_POINT('',(-0.049,0.0395,0.0473443650813896));
#18602=CARTESIAN_POINT('',(-0.0489,0.0395,0.0473443650813896));
#18603=CARTESIAN_POINT('',(-0.0490414213562373,0.0395,0.0472029437251523));
#18604=CARTESIAN_POINT('',(-0.0489707106781187,0.0395,0.047273654403271));
#18605=CARTESIAN_POINT('',(-0.0489,0.0395,0.0473443650813896));
#18606=CARTESIAN_POINT('',(-0.0509242388155425,0.0395,0.0490857611844575));
#18607=CARTESIAN_POINT('',(-0.0478686291501015,0.0395,0.0460301515190165));
#18608=CARTESIAN_POINT('',(-0.0477979184719829,0.0395,0.0461008621971352));
#18609=CARTESIAN_POINT('',(-0.0477979184719829,0.0395,0.0461008621971352));
#18610=CARTESIAN_POINT('',(-0.0477272077938642,0.0395,0.0461715728752538));
#18611=CARTESIAN_POINT('',(-0.0477272077938642,0.0395,0.0461715728752538));
#18612=CARTESIAN_POINT('',(-0.0476564971157456,0.0395,0.0461008621971352));
#18613=CARTESIAN_POINT('',(-0.0475857864376269,0.0395,0.0460301515190165));
#18614=CARTESIAN_POINT('',(-0.0477272077938642,0.0336,0.0460301515190165));
#18615=CARTESIAN_POINT('',(-0.0476564971157456,0.0336,0.0461008621971352));
#18616=CARTESIAN_POINT('',(-0.0476564971157456,0.0337,0.0461008621971352));
#18617=CARTESIAN_POINT('',(-0.0477272077938642,0.0337,0.0460301515190165));
#18618=CARTESIAN_POINT('',(-0.0461008621971352,0.0337,0.0476564971157456));
#18619=CARTESIAN_POINT('',(-0.0461008621971352,0.0336,0.0476564971157456));
#18620=CARTESIAN_POINT('',(-0.0461008621971352,0.0395,0.0476564971157456));
#18621=CARTESIAN_POINT('',(-0.0477272077938642,0.0395,0.0460301515190165));
#18622=CARTESIAN_POINT('',(-0.0461715728752538,0.0395,0.0477272077938642));
#18623=CARTESIAN_POINT('',(-0.0460301515190165,0.0395,0.0475857864376269));
#18624=CARTESIAN_POINT('',(-0.0461715728752538,0.0395,0.0477272077938642));
#18625=CARTESIAN_POINT('',(-0.0461008621971352,0.0395,0.0477979184719829));
#18626=CARTESIAN_POINT('',(-0.0460301515190165,0.0395,0.0478686291501015));
#18627=CARTESIAN_POINT('',(-0.0476564971157456,0.0395,0.0459594408408979));
#18628=CARTESIAN_POINT('',(-0.0477272077938642,0.0336,0.0461715728752538));
#18629=CARTESIAN_POINT('',(-0.0477979184719829,0.0336,0.0461008621971352));
#18630=CARTESIAN_POINT('',(-0.0477979184719829,0.0337,0.0461008621971352));
#18631=CARTESIAN_POINT('',(-0.0477272077938642,0.0337,0.0461715728752538));
#18632=CARTESIAN_POINT('',(-0.0477272077938642,0.0337,0.0461715728752538));
#18633=CARTESIAN_POINT('',(-0.0477272077938642,0.0337,0.0461715728752538));
#18634=CARTESIAN_POINT('',(-0.0477272077938642,0.0336,0.0461715728752538));
#18635=CARTESIAN_POINT('',(-0.0477272077938642,0.0337,0.0461715728752538));
#18636=CARTESIAN_POINT('',(-0.0476564971157456,0.0337,0.0461008621971352));
#18637=CARTESIAN_POINT('',(-0.0495778174593052,0.0336,0.0480221825406948));
#18638=CARTESIAN_POINT('',(-0.0477272077938642,0.0337,0.0460301515190165));
#18639=CARTESIAN_POINT('',(-0.0499,0.0336,0.048061522368915));
#18640=CARTESIAN_POINT('',(-0.0498292893218814,0.0365,0.0481322330470337));
#18641=CARTESIAN_POINT('',(-0.0498292893218814,0.0365,0.0481322330470337));
#18642=CARTESIAN_POINT('',(-0.0499,0.0365,0.048061522368915));
#18643=CARTESIAN_POINT('',(-0.05,0.0367,0.0483443650813896));
#18644=CARTESIAN_POINT('',(-0.05,0.0366,0.0483443650813896));
#18645=CARTESIAN_POINT('',(-0.0499,0.0366,0.0483443650813896));
#18646=CARTESIAN_POINT('',(-0.05,0.036699999999422,0.0482703167238882));
#18647=CARTESIAN_POINT('',(-0.0499999999999994,0.0365795993594171,0.0482831638039198));
#18648=CARTESIAN_POINT('',(-0.0498814879106245,0.0366,0.0482888288132634));
#18649=CARTESIAN_POINT('',(-0.05,0.0366566625558193,0.0481228106152207));
#18650=CARTESIAN_POINT('',(-0.0500000000000005,0.036462174077157,0.0481958722419425));
#18651=CARTESIAN_POINT('',(-0.0498446113831687,0.036578331277765,0.0481781992320523));
#18652=CARTESIAN_POINT('',(-0.05,0.0365523603138886,0.0480615223712288));
#18653=CARTESIAN_POINT('',(-0.0499999999999997,0.0364629713918761,0.0483029436551309));
#18654=CARTESIAN_POINT('',(-0.0498292893230382,0.0365261801569447,0.0481322330481904));
#18655=CARTESIAN_POINT('',(-0.05,0.0365,0.048061522368915));
#18656=CARTESIAN_POINT('',(-0.05,0.0365,0.0483029437251523));
#18657=CARTESIAN_POINT('',(-0.0498292893218813,0.0365,0.0481322330470336));
#18658=CARTESIAN_POINT('',(-0.0499,0.0365,0.0483443650813896));
#18659=CARTESIAN_POINT('',(-0.0499,0.0366,0.0483443650813896));
#18660=CARTESIAN_POINT('',(-0.0499,0.0367,0.0483443650813896));
#18661=CARTESIAN_POINT('',(-0.0499,0.0367,-9.00340792280726E-18));
#18662=CARTESIAN_POINT('',(-0.0499,0.0366,0.049));
#18663=CARTESIAN_POINT('',(-0.0499,0.0366,0.049));
#18664=CARTESIAN_POINT('',(-0.0499,0.0367,0.049));
#18665=CARTESIAN_POINT('',(-0.049,0.0367,0.049));
#18666=CARTESIAN_POINT('',(-0.049,0.0366,0.049));
#18667=CARTESIAN_POINT('',(-0.049,0.0366,0.0499));
#18668=CARTESIAN_POINT('',(-0.049,0.0367,0.0499));
#18669=CARTESIAN_POINT('',(1.14524293006569E-17,0.0367,0.0499));
#18670=CARTESIAN_POINT('',(-0.0484443650813896,0.0366,0.0499));
#18671=CARTESIAN_POINT('',(-0.0483443650813896,0.0366,0.0499));
#18672=CARTESIAN_POINT('',(-0.0483443650813896,0.0367,0.0499));
#18673=CARTESIAN_POINT('',(-0.048061522368915,0.0365,0.05));
#18674=CARTESIAN_POINT('',(-0.0483029437251523,0.0365,0.05));
#18675=CARTESIAN_POINT('',(-0.0481322330470336,0.0365,0.0498292893218813));
#18676=CARTESIAN_POINT('',(-0.0480615223712288,0.0365523603138886,0.05));
#18677=CARTESIAN_POINT('',(-0.0483029436551309,0.0364629713918761,0.0499999999999997));
#18678=CARTESIAN_POINT('',(-0.0481322330481904,0.0365261801569447,0.0498292893230382));
#18679=CARTESIAN_POINT('',(-0.0481228106152207,0.0366566625558193,0.05));
#18680=CARTESIAN_POINT('',(-0.0481958722419425,0.036462174077157,0.0500000000000006));
#18681=CARTESIAN_POINT('',(-0.0481781992320523,0.036578331277765,0.0498446113831687));
#18682=CARTESIAN_POINT('',(-0.0482703167238882,0.036699999999422,0.05));
#18683=CARTESIAN_POINT('',(-0.0482831638039198,0.0365795993594171,0.0499999999999994));
#18684=CARTESIAN_POINT('',(-0.0482888288132634,0.0366,0.0498814879106245));
#18685=CARTESIAN_POINT('',(-0.0483443650813896,0.0367,0.05));
#18686=CARTESIAN_POINT('',(-0.0483443650813896,0.0366,0.05));
#18687=CARTESIAN_POINT('',(-0.0483443650813896,0.0366,0.0499));
#18688=CARTESIAN_POINT('',(-0.048061522368915,0.0365,0.0499));
#18689=CARTESIAN_POINT('',(-0.0481322330470337,0.0365,0.0498292893218814));
#18690=CARTESIAN_POINT('',(-0.0483443650813896,0.0365,0.0499));
#18691=CARTESIAN_POINT('',(-0.048061522368915,0.0336,0.0499));
#18692=CARTESIAN_POINT('',(-0.0481322330470337,0.0337,0.0498292893218814));
#18693=CARTESIAN_POINT('',(-0.047373654403271,0.0337,0.0489292893218814));
#18694=CARTESIAN_POINT('',(-0.0473029437251523,0.0337,0.049));
#18695=CARTESIAN_POINT('',(-0.0461008621971352,0.0337,0.0477979184719829));
#18696=CARTESIAN_POINT('',(-0.0461715728752538,0.0337,0.0477272077938642));
#18697=CARTESIAN_POINT('',(-0.0461715728752538,0.0336,0.0477272077938642));
#18698=CARTESIAN_POINT('',(-0.0480221825406948,0.0336,0.0495778174593052));
#18699=CARTESIAN_POINT('',(-0.0461715728752538,0.0337,0.0477272077938642));
#18700=CARTESIAN_POINT('',(-0.0461715728752538,0.0337,0.0477272077938642));
#18701=CARTESIAN_POINT('',(-0.0461715728752538,0.0337,0.0477272077938642));
#18702=CARTESIAN_POINT('',(-0.0488,0.0336,0.0488));
#18703=CARTESIAN_POINT('',(-0.0461008621971352,0.0336,0.0477979184719829));
#18704=CARTESIAN_POINT('',(-0.046949390334559,0.0337,0.046949390334559));
#18705=CARTESIAN_POINT('',(-0.0461715728752538,0.0336,0.0477272077938642));
#18706=CARTESIAN_POINT('',(-0.0461008621971352,0.0336,0.0477979184719829));
#18707=CARTESIAN_POINT('',(-0.0490857611844575,0.0395,0.0509242388155425));
#18708=CARTESIAN_POINT('',(-0.047273654403271,0.0395,0.0489707106781187));
#18709=CARTESIAN_POINT('',(-0.047273654403271,0.0395,0.0489707106781187));
#18710=CARTESIAN_POINT('',(-0.0472029437251523,0.0395,0.0490414213562373));
#18711=CARTESIAN_POINT('',(-0.0473443650813896,0.0395,0.0489));
#18712=CARTESIAN_POINT('',(-0.0473443650813896,0.0395,0.0491));
#18713=CARTESIAN_POINT('',(-0.0473443650813896,0.0395,0.0489));
#18714=CARTESIAN_POINT('',(-0.05,0.0395,0.0491));
#18715=CARTESIAN_POINT('',(-0.0488,0.0395,0.0491));
#18716=CARTESIAN_POINT('',(-0.0488,0.0395,0.0488));
#18717=CARTESIAN_POINT('',(-0.049,0.0336,0.0473029437251523));
#18718=CARTESIAN_POINT('',(-0.049,0.0367,0.0473029437251523));
#18719=CARTESIAN_POINT('',(-0.049,0.0367,0.0475443650813896));
#18720=CARTESIAN_POINT('',(-0.049,0.0367,0.0475443650813896));
#18721=CARTESIAN_POINT('',(-0.049,0.0367,0.0474662602230393));
#18722=CARTESIAN_POINT('',(-0.049,0.0366804737854124,0.0473995935563727));
#18723=CARTESIAN_POINT('',(-0.049,0.0366414213562373,0.0473443650813896));
#18724=CARTESIAN_POINT('',(-0.049,0.0366414213562373,0.0473443650813896));
#18725=CARTESIAN_POINT('',(-0.049,0.0366,0.0473443650813896));
#18726=CARTESIAN_POINT('',(-0.0489928416532637,0.0366582756023652,0.047339787442519));
#18727=CARTESIAN_POINT('',(-0.0489883266384916,0.0365940467510448,0.0473580930261062));
#18728=CARTESIAN_POINT('',(-0.0490343203559286,0.0365472738946152,0.0473714235530483));
#18729=CARTESIAN_POINT('',(-0.0491012547531124,0.0365480259718314,0.0473712092068151));
#18730=CARTESIAN_POINT('',(-0.0490079727427906,0.0366768571485628,0.0474061191728159));
#18731=CARTESIAN_POINT('',(-0.0490036515502082,0.0366216976094252,0.0474218399514623));
#18732=CARTESIAN_POINT('',(-0.0490428497257062,0.0365812157818953,0.0474333774998128));
#18733=CARTESIAN_POINT('',(-0.049100367877408,0.0365814362812224,0.0474333146562654));
#18734=CARTESIAN_POINT('',(-0.0490041986573723,0.0366961417235793,0.0474735000133899));
#18735=CARTESIAN_POINT('',(-0.0489998291205185,0.0366387200632109,0.0474898655093));
#18736=CARTESIAN_POINT('',(-0.0490407222800885,0.0365966690902211,0.0475018502729251));
#18737=CARTESIAN_POINT('',(-0.0491005890871668,0.0365970221788343,0.047501749640686));
#18738=CARTESIAN_POINT('',(-0.0489926348609234,0.0367153567562846,0.0475400527374027));
#18739=CARTESIAN_POINT('',(-0.048988117197238,0.0366510039572281,0.0475583936467913));
#18740=CARTESIAN_POINT('',(-0.0490342037874334,0.0366041451230778,0.047571748677867));
#18741=CARTESIAN_POINT('',(-0.049101266873793,0.0366049044652193,0.0475715322610892));
#18742=CARTESIAN_POINT('',(-0.0491,0.0366,0.0475443650813896));
#18743=CARTESIAN_POINT('',(-0.0490476401224402,0.0366,0.0475443650813896));
#18744=CARTESIAN_POINT('',(-0.049,0.0366476401224402,0.0475443650813896));
#18745=CARTESIAN_POINT('',(-0.049,0.0367,0.0475443650813896));
#18746=CARTESIAN_POINT('',(-0.0491,0.0366,0.0475443650813896));
#18747=CARTESIAN_POINT('',(-0.04905,0.0365707106781187,0.0473943650813897));
#18748=CARTESIAN_POINT('',(-0.0490702433639434,0.036589222690361,0.0474407883841129));
#18749=CARTESIAN_POINT('',(-0.049085178678909,0.0366,0.047492519735814));
#18750=CARTESIAN_POINT('',(-0.0491,0.0366,0.0475443650813896));
#18751=CARTESIAN_POINT('',(-0.04905,0.0365707106781187,0.0473943650813896));
#18752=CARTESIAN_POINT('',(-0.048993186806119,0.0366387206416348,0.0473473588880449));
#18753=CARTESIAN_POINT('',(-0.0490098534727728,0.0366151504155882,0.0473640255547144));
#18754=CARTESIAN_POINT('',(-0.0490265201394267,0.0365915801895417,0.0473806922213839));
#18755=CARTESIAN_POINT('',(-0.0490431868060805,0.0365680099634951,0.0473973588880535));
#18756=CARTESIAN_POINT('',(-0.0487551777180851,0.036522870765493,0.0474690388836491));
#18757=CARTESIAN_POINT('',(-0.0490431868060805,0.0365680099634951,0.0473973588880535));
#18758=CARTESIAN_POINT('',(-0.0490299386454706,0.0365483570775326,0.0473494803374585));
#18759=CARTESIAN_POINT('',(-0.0490049874958298,0.03652410187727,0.0473067961205817));
#18760=CARTESIAN_POINT('',(-0.0489705279274642,0.0365000038930316,0.0472738426595044));
#18761=CARTESIAN_POINT('',(-0.0489707106781187,0.0365,0.047273654403271));
#18762=CARTESIAN_POINT('',(-0.0489705279274642,0.0365000038930316,0.0472738426595044));
#18763=CARTESIAN_POINT('',(-0.0489883208291243,0.0365476721033058,0.0472901294539485));
#18764=CARTESIAN_POINT('',(-0.0489966053121072,0.0365954975296036,0.047316147004144));
#18765=CARTESIAN_POINT('',(-0.048993186806119,0.0366387206416348,0.0473473588880449));
#18766=CARTESIAN_POINT('',(-0.0489,0.0336,0.0473443650813896));
#18767=CARTESIAN_POINT('',(-0.0489707106781187,0.0396,0.047273654403271));
#18768=CARTESIAN_POINT('',(-0.0477272077938642,0.0336,0.0460301515190165));
#18769=CARTESIAN_POINT('',(-0.049,0.0365,0.0473029437251523));
#18770=CARTESIAN_POINT('',(-0.0476564971157456,0.0365,0.0461008621971352));
#18771=CARTESIAN_POINT('',(-0.0499292893218814,0.0366,0.048373654403271));
#18772=CARTESIAN_POINT('',(-0.0491,0.0367,0.0473029437251523));
#18773=CARTESIAN_POINT('',(-0.0491,0.0367,0.0488));
#18774=CARTESIAN_POINT('',(-0.0491,0.0366,0.0488));
#18775=CARTESIAN_POINT('',(-0.0491,0.0366,-2.36527579938674E-16));
#18776=CARTESIAN_POINT('',(-0.0488,0.0367,0.0488));
#18777=CARTESIAN_POINT('',(-0.0488,0.0367,0.0491));
#18778=CARTESIAN_POINT('',(-0.0488,0.0366,0.0491));
#18779=CARTESIAN_POINT('',(-0.0488,0.0366,0.0488));
#18780=CARTESIAN_POINT('',(-0.0488,0.0367,0.0491));
#18781=CARTESIAN_POINT('',(-0.0475443650813896,0.0367,0.049));
#18782=CARTESIAN_POINT('',(-0.0475443650813896,0.0366476401224402,0.049));
#18783=CARTESIAN_POINT('',(-0.0475443650813896,0.0366,0.0490476401224402));
#18784=CARTESIAN_POINT('',(-0.0475443650813896,0.0366,0.0491));
#18785=CARTESIAN_POINT('',(-0.0475443650813896,0.0366,0.0491));
#18786=CARTESIAN_POINT('',(2.38976601316523E-16,0.0366,0.0491));
#18787=CARTESIAN_POINT('',(-0.0473708564587033,0.0366557967897551,0.0490924741295462));
#18788=CARTESIAN_POINT('',(-0.0475443650813897,0.0366,0.0491));
#18789=CARTESIAN_POINT('',(-0.047492519735814,0.0366,0.049085178678909));
#18790=CARTESIAN_POINT('',(-0.0474407883841129,0.036589222690361,0.0490702433639434));
#18791=CARTESIAN_POINT('',(-0.0473943650813897,0.0365707106781187,0.0490500000000001));
#18792=CARTESIAN_POINT('',(-0.0473443650813896,0.0336,0.0489));
#18793=CARTESIAN_POINT('',(-0.047273654403271,0.0366,0.0489707106781187));
#18794=CARTESIAN_POINT('',(-0.0473029437251523,0.0336,0.049));
#18795=CARTESIAN_POINT('',(-0.0483029437251523,0.0365,0.05));
#18796=CARTESIAN_POINT('',(-0.047373654403271,0.0365,0.0489292893218814));
#18797=CARTESIAN_POINT('',(-0.047373654403271,0.0366,0.0489292893218814));
#18798=CARTESIAN_POINT('',(1.13968527085408E-17,0.0366,-8.94783133069115E-18));
#18799=CARTESIAN_POINT('',(-0.0495,0.0391,0.05));
#18800=CARTESIAN_POINT('',(-0.0495,0.0391,0.049));
#18801=CARTESIAN_POINT('',(-0.0495,0.0391,0.042));
#18802=CARTESIAN_POINT('',(-0.049,0.0391,0.049));
#18803=CARTESIAN_POINT('',(-0.049,0.0391,0.0495));
#18804=CARTESIAN_POINT('',(-0.05,0.0391,0.0495));
#18805=CARTESIAN_POINT('',(-0.042,0.0391,0.0495));
#18806=CARTESIAN_POINT('',(0.,0.0375,0.));
#18807=CARTESIAN_POINT('',(-0.0425,0.0375,0.05));
#18808=CARTESIAN_POINT('',(-0.0425,0.0375,0.048));
#18809=CARTESIAN_POINT('',(0.,0.0375,0.048));
#18810=CARTESIAN_POINT('',(-0.0451059348446489,0.0375,0.048));
#18811=CARTESIAN_POINT('',(-0.0461715728752538,0.0375,0.0477272077938642));
#18812=CARTESIAN_POINT('',(0.,0.0375,0.));
#18813=CARTESIAN_POINT('',(-0.0461715728752538,0.0375,0.0461715728752538));
#18814=CARTESIAN_POINT('',(-0.046949390334559,0.0375,0.0453937554159486));
#18815=CARTESIAN_POINT('',(-0.0477272077938642,0.0375,0.0461715728752538));
#18816=CARTESIAN_POINT('',(-0.0475,0.0375,0.0450952938136683));
#18817=CARTESIAN_POINT('',(-0.0475,0.0375,0.));
#18818=CARTESIAN_POINT('',(-0.0475,0.0375,0.0425));
#18819=CARTESIAN_POINT('',(-0.05,0.0375,0.0425));
#18820=CARTESIAN_POINT('',(-0.05,0.1135,0.0425));
#18821=CARTESIAN_POINT('',(-0.049,0.1135,0.0425));
#18822=CARTESIAN_POINT('',(-0.049,0.0231,0.0425));
#18823=CARTESIAN_POINT('',(-0.05,0.0231,0.0425));
#18824=CARTESIAN_POINT('',(-0.0425,0.0231,0.0425));
#18825=CARTESIAN_POINT('',(-0.0425,0.1135,0.0425));
#18826=CARTESIAN_POINT('',(-0.0475,0.1135,0.0425));
#18827=CARTESIAN_POINT('',(-0.0425,0.1135,0.05));
#18828=CARTESIAN_POINT('',(-0.0425,0.1135,0.049));
#18829=CARTESIAN_POINT('',(-0.0425,0.0231,0.049));
#18830=CARTESIAN_POINT('',(-0.0425,0.1135,0.048));
#18831=CARTESIAN_POINT('',(-0.0425,0.0231,0.05));
#18832=CARTESIAN_POINT('',(-0.05,0.0231,0.05001));
#18833=CARTESIAN_POINT('',(-0.049,0.0231,0.05));
#18834=CARTESIAN_POINT('',(-0.049,0.0231,0.049));
#18835=CARTESIAN_POINT('',(-0.05,0.0231,0.049));
#18836=CARTESIAN_POINT('',(-0.05,0.1135,0.049));
#18837=CARTESIAN_POINT('',(-0.0458887301627792,0.1135,0.049));
#18838=CARTESIAN_POINT('',(-0.0458887301627792,0.0337,0.049));
#18839=CARTESIAN_POINT('',(-0.049,0.1135,0.049));
#18840=CARTESIAN_POINT('',(-0.049,0.0326,0.049));
#18841=CARTESIAN_POINT('',(-0.0488,0.0326,0.049));
#18842=CARTESIAN_POINT('',(-0.0474443650813896,0.0326,0.049));
#18843=CARTESIAN_POINT('',(-0.0474443650813896,0.0337,0.049));
#18844=CARTESIAN_POINT('',(-0.049,0.1135,0.05));
#18845=CARTESIAN_POINT('',(-0.049,0.0336,0.0458887301627792));
#18846=CARTESIAN_POINT('',(-0.049,0.0337,0.0458887301627792));
#18847=CARTESIAN_POINT('',(-0.049,0.0337,0.0474443650813896));
#18848=CARTESIAN_POINT('',(-0.049,0.0326,0.0474443650813896));
#18849=CARTESIAN_POINT('',(-0.049,0.0326,0.05));
#18850=CARTESIAN_POINT('',(-0.0475,0.0396,-0.047));
#18851=CARTESIAN_POINT('',(-0.0475,0.0336,0.0450952938136683));
#18852=CARTESIAN_POINT('',(-0.0465,0.0396,0.048));
#18853=CARTESIAN_POINT('',(-0.0451059348446489,0.0336,0.048));
#18854=CARTESIAN_POINT('',(-0.0470201010126777,0.0336,0.04532304473783));
#18855=CARTESIAN_POINT('',(-0.0453937554159486,0.0336,0.046949390334559));
#18856=CARTESIAN_POINT('',(-0.0453937554159486,0.0337,0.046949390334559));
#18857=CARTESIAN_POINT('',(-0.0470201010126777,0.0337,0.04532304473783));
#18858=CARTESIAN_POINT('',(-0.046949390334559,0.0337,0.0453937554159486));
#18859=CARTESIAN_POINT('',(-0.046949390334559,0.0336,0.0453937554159486));
#18860=CARTESIAN_POINT('',(-0.0477272077938642,0.0336,0.0461715728752538));
#18861=CARTESIAN_POINT('',(-0.0477272077938642,0.0337,0.0461715728752538));
#18862=CARTESIAN_POINT('',(-0.0485050252531694,0.0337,0.0453937554159486));
#18863=CARTESIAN_POINT('',(-0.0485050252531694,0.0336,0.0453937554159486));
#18864=CARTESIAN_POINT('',(-0.0477272077938642,0.0337,0.0461715728752538));
#18865=CARTESIAN_POINT('',(-0.0477272077938642,0.0337,0.0461715728752538));
#18866=CARTESIAN_POINT('',(-0.0477272077938642,0.0326,0.0461715728752538));
#18867=CARTESIAN_POINT('',(-0.0477272077938642,0.0337,0.0461715728752538));
#18868=CARTESIAN_POINT('',(-0.0476564971157456,0.0337,0.0461008621971352));
#18869=CARTESIAN_POINT('',(-0.0476564971157456,0.0326,0.0461008621971352));
#18870=CARTESIAN_POINT('',(-0.0484343145750508,0.0337,0.04532304473783));
#18871=CARTESIAN_POINT('',(-0.047373654403271,0.0337,0.0489292893218814));
#18872=CARTESIAN_POINT('',(-0.0465958369439658,0.0337,0.0497071067811866));
#18873=CARTESIAN_POINT('',(-0.0453937554159486,0.0337,0.0485050252531694));
#18874=CARTESIAN_POINT('',(-0.047373654403271,0.0326,0.0489292893218814));
#18875=CARTESIAN_POINT('',(-0.0461715728752538,0.0326,0.0477272077938642));
#18876=CARTESIAN_POINT('',(-0.0461715728752538,0.0337,0.0477272077938642));
#18877=CARTESIAN_POINT('',(-0.0461715728752538,0.0337,0.0477272077938642));
#18878=CARTESIAN_POINT('',(-0.0461715728752538,0.0337,0.0477272077938642));
#18879=CARTESIAN_POINT('',(-0.0461715728752538,0.0337,0.0477272077938642));
#18880=CARTESIAN_POINT('',(-0.0488,0.0326,0.0488));
#18881=CARTESIAN_POINT('',(-0.046949390334559,0.0326,0.046949390334559));
#18882=CARTESIAN_POINT('',(-0.046949390334559,0.0337,0.046949390334559));
#18883=CARTESIAN_POINT('',(-0.0461715728752538,0.0336,0.0477272077938642));
#18884=CARTESIAN_POINT('',(-0.0453937554159486,0.0336,0.0485050252531694));
#18885=CARTESIAN_POINT('',(-0.0484343145750508,0.0336,0.04532304473783));
#18886=CARTESIAN_POINT('',(-0.0465958369439658,0.0336,0.0497071067811866));
#18887=CARTESIAN_POINT('',(-0.042,0.1135,0.0495));
#18888=CARTESIAN_POINT('',(-0.042,0.03774,0.0495));
#18889=CARTESIAN_POINT('',(-0.042,0.0391,0.0495));
#18890=CARTESIAN_POINT('',(-0.042,0.0391,0.0495));
#18891=CARTESIAN_POINT('',(-0.042,0.0391,0.0495));
#18892=CARTESIAN_POINT('',(-0.042,0.0391,0.05001));
#18893=CARTESIAN_POINT('',(-0.0495,0.1135,0.042));
#18894=CARTESIAN_POINT('',(-0.0495,0.02574,0.042));
#18895=CARTESIAN_POINT('',(-0.0495,0.0226,0.042));
#18896=CARTESIAN_POINT('',(-0.0495,0.0391,0.042));
#18897=CARTESIAN_POINT('',(-0.0495,0.0391,0.042));
#18898=CARTESIAN_POINT('',(-0.0415,0.0391,0.042));
#18899=CARTESIAN_POINT('',(-0.042,0.1135,0.042));
#18900=CARTESIAN_POINT('',(-0.042,0.0226,0.042));
#18901=CARTESIAN_POINT('',(-0.049,0.0226,0.049));
#18902=CARTESIAN_POINT('',(-0.0495,0.0226,0.049));
#18903=CARTESIAN_POINT('',(-0.049,0.0226,0.0495));
#18904=CARTESIAN_POINT('',(-0.05,0.0226,0.0495));
#18905=CARTESIAN_POINT('',(-0.042,0.0226,0.0495));
#18906=CARTESIAN_POINT('',(-0.0495,0.0226,0.05001));
#18907=CARTESIAN_POINT('',(-0.0495,0.0226,0.042));
#18908=CARTESIAN_POINT('',(-0.042,0.0226,0.0495));
#18909=CARTESIAN_POINT('',(-0.042,0.0226,0.0495));
#18910=CARTESIAN_POINT('',(-0.0495,0.0226,0.042));
#18911=CARTESIAN_POINT('',(-0.0495,0.0226,0.042));
#18912=CARTESIAN_POINT('',(-0.042,0.0226,0.05001));
#18913=CARTESIAN_POINT('',(-0.042,0.0226,0.042));
#18914=CARTESIAN_POINT('',(-0.05,0.0226,0.042));
#18915=CARTESIAN_POINT('',(-0.042,0.0226,0.042));
#18916=CARTESIAN_POINT('',(-0.042,0.0226,0.042));
#18917=CARTESIAN_POINT('',(-0.027,0.02574,0.048));
#18918=CARTESIAN_POINT('',(-0.027,0.02574,0.048));
#18919=CARTESIAN_POINT('',(-0.027,0.03774,0.048));
#18920=CARTESIAN_POINT('',(-0.027,0.03774,0.048));
#18921=CARTESIAN_POINT('',(0.0156973454445427,0.05424,0.048));
#18922=CARTESIAN_POINT('',(0.0156973454445427,0.03424,0.048));
#18923=CARTESIAN_POINT('',(0.0156973454445427,0.00924,0.048));
#18924=CARTESIAN_POINT('',(0.0156973454445427,0.02924,0.048));
#18925=CARTESIAN_POINT('',(0.0156973454445427,0.02924,0.048));
#18926=CARTESIAN_POINT('',(-0.0156973454445427,0.02924,0.048));
#18927=CARTESIAN_POINT('',(-0.0156973454445427,0.00924,0.048));
#18928=CARTESIAN_POINT('',(-0.0156973454445427,0.05424,0.048));
#18929=CARTESIAN_POINT('',(-0.0156973454445427,0.03424,0.048));
#18930=CARTESIAN_POINT('',(0.0156973454445427,0.03424,0.048));
#18931=CARTESIAN_POINT('',(-0.048,0.05424,0.0156973454445422));
#18932=CARTESIAN_POINT('',(-0.048,0.02574,0.0269999999999995));
#18933=CARTESIAN_POINT('',(-0.048,0.02574,0.0269999999999995));
#18934=CARTESIAN_POINT('',(-0.048,0.00924,0.0156973454445422));
#18935=CARTESIAN_POINT('',(-0.048,0.02924,0.0156973454445422));
#18936=CARTESIAN_POINT('',(-0.048,0.02924,0.0156973454445422));
#18937=CARTESIAN_POINT('',(-0.048,0.02924,-0.0156973454445432));
#18938=CARTESIAN_POINT('',(-0.048,0.00924,-0.0156973454445432));
#18939=CARTESIAN_POINT('',(-0.048,0.02574,-0.0270000000000005));
#18940=CARTESIAN_POINT('',(-0.048,0.02574,-0.0270000000000005));
#18941=CARTESIAN_POINT('',(-0.048,0.02574,-0.0415));
#18942=CARTESIAN_POINT('',(-0.048,0.05424,-0.0415));
#18943=CARTESIAN_POINT('',(-0.048,0.03774,-0.0415));
#18944=CARTESIAN_POINT('',(-0.048,0.03774,-0.0270000000000005));
#18945=CARTESIAN_POINT('',(-0.048,0.03774,-0.0270000000000005));
#18946=CARTESIAN_POINT('',(-0.048,0.05424,-0.0156973454445432));
#18947=CARTESIAN_POINT('',(-0.048,0.03424,-0.0156973454445432));
#18948=CARTESIAN_POINT('',(-0.048,0.03424,0.0156973454445422));
#18949=CARTESIAN_POINT('',(-0.048,0.03424,0.0156973454445422));
#18950=CARTESIAN_POINT('',(-0.048,0.05424,0.0156973454445422));
#18951=CARTESIAN_POINT('',(-0.048,0.03774,0.0269999999999995));
#18952=CARTESIAN_POINT('',(-0.048,0.03774,0.0269999999999995));
#18953=CARTESIAN_POINT('',(-0.048,0.03774,0.0269999999999995));
#18954=CARTESIAN_POINT('',(-0.048,0.03774,0.0269999999999995));
#18955=CARTESIAN_POINT('',(-0.048,0.02574,0.0269999999999995));
#18956=CARTESIAN_POINT('',(-0.048,0.02574,0.0269999999999995));
#18957=CARTESIAN_POINT('',(-0.048,0.02574,-0.0270000000000005));
#18958=CARTESIAN_POINT('',(-0.0495,0.02574,-0.042));
#18959=CARTESIAN_POINT('',(-0.0495,0.02574,-0.0415));
#18960=CARTESIAN_POINT('',(-0.048,0.02574,-0.0415));
#18961=CARTESIAN_POINT('',(-0.048,0.02574,-0.0270000000000005));
#18962=CARTESIAN_POINT('',(-0.048,0.03774,-0.0270000000000005));
#18963=CARTESIAN_POINT('',(-0.048,0.03774,-0.0415));
#18964=CARTESIAN_POINT('',(-0.0495,0.03774,-0.0415));
#18965=CARTESIAN_POINT('',(-0.0495,0.03774,-0.042));
#18966=CARTESIAN_POINT('',(-0.048,0.03774,-0.0270000000000005));
#18967=CARTESIAN_POINT('',(-0.048,0.05424,0.0156973454445422));
#18968=CARTESIAN_POINT('',(-0.048,0.03424,0.0156973454445422));
#18969=CARTESIAN_POINT('',(-0.048,0.00924,0.0156973454445422));
#18970=CARTESIAN_POINT('',(-0.048,0.02924,0.0156973454445422));
#18971=CARTESIAN_POINT('',(-0.048,0.02924,0.0156973454445422));
#18972=CARTESIAN_POINT('',(-0.048,0.02924,-0.0156973454445432));
#18973=CARTESIAN_POINT('',(-0.048,0.00924,-0.0156973454445432));
#18974=CARTESIAN_POINT('',(-0.048,0.05424,-0.0156973454445432));
#18975=CARTESIAN_POINT('',(-0.048,0.03424,-0.0156973454445432));
#18976=CARTESIAN_POINT('',(-0.048,0.03424,0.0156973454445422));
#18977=CARTESIAN_POINT('',(-0.0495,0.1135,-0.042));
#18978=CARTESIAN_POINT('',(-0.0495,0.1135,-0.0415));
#18979=CARTESIAN_POINT('',(-0.0495,0.0226,-0.0415));
#18980=CARTESIAN_POINT('',(-0.0495,0.0226,-0.042));
#18981=CARTESIAN_POINT('',(-0.048437867965644,0.0221,-0.048437867965644));
#18982=CARTESIAN_POINT('',(-0.048437867965644,0.0221,-0.04895));
#18983=CARTESIAN_POINT('',(-0.048437867965644,0.01905,-0.04895));
#18984=CARTESIAN_POINT('',(-0.048437867965644,0.0221,-0.04895));
#18985=CARTESIAN_POINT('',(-0.048437867965644,0.01905,-0.048437867965644));
#18986=CARTESIAN_POINT('',(-0.04895,0.01905,-0.048437867965644));
#18987=CARTESIAN_POINT('',(-0.04895,0.0221,-0.048437867965644));
#18988=CARTESIAN_POINT('',(-0.04895,0.0221,-0.048437867965644));
#18989=CARTESIAN_POINT('',(-0.048437867965644,0.0221,-0.048437867965644));
#18990=CARTESIAN_POINT('',(-0.043813340594773,0.0169770500882837,-0.0546081123589482));
#18991=CARTESIAN_POINT('',(-0.0485967392464233,0.0169770500882837,-0.049824713707298));
#18992=CARTESIAN_POINT('',(-0.0484362700893942,0.0168361012183659,-0.0497858510608881));
#18993=CARTESIAN_POINT('',(-0.0482893051668554,0.0166739635750148,-0.0497035187292286));
#18994=CARTESIAN_POINT('',(-0.0481721825406948,0.0165083271686377,-0.049586396103068));
#18995=CARTESIAN_POINT('',(-0.0485967392464233,0.0169770500882837,-0.0498247137072979));
#18996=CARTESIAN_POINT('',(-0.0481721825406948,0.0165083271686377,-0.0495863961030679));
#18997=CARTESIAN_POINT('',(-0.0481222586343889,0.0164377241032533,-0.049536472196762));
#18998=CARTESIAN_POINT('',(-0.0481284263776389,0.0164464466094068,-0.049542639940012));
#18999=CARTESIAN_POINT('',(-0.0434381472767379,0.0164464466094068,-0.054232919040913));
#19000=CARTESIAN_POINT('',(-0.049542639940012,0.0164464466094068,-0.0481284263776389));
#19001=CARTESIAN_POINT('',(-0.049542639940012,0.0164464466094068,-0.0481284263776389));
#19002=CARTESIAN_POINT('',(-0.0495863961030679,0.0165083271686377,-0.0481721825406948));
#19003=CARTESIAN_POINT('',(-0.0495863961030679,0.0165083271686377,-0.0481721825406949));
#19004=CARTESIAN_POINT('',(-0.0497031450980178,0.0166734351806893,-0.0482889315356448));
#19005=CARTESIAN_POINT('',(-0.0497857266889597,0.0168356501404192,-0.0484357565407727));
#19006=CARTESIAN_POINT('',(-0.0498247137072979,0.0169770500882837,-0.0485967392464233));
#19007=CARTESIAN_POINT('',(-0.0498247137072979,0.0169770500882837,-0.0485967392464233));
#19008=CARTESIAN_POINT('',(-0.043813340594773,0.0169770500882837,-0.0546081123589482));
#19009=CARTESIAN_POINT('',(-0.043313340594773,0.0176841568694703,-0.0541081123589482));
#19010=CARTESIAN_POINT('',(-0.0489445450103292,0.0175105086918034,-0.049869636424032));
#19011=CARTESIAN_POINT('',(-0.0489222508731698,0.0174163992289668,-0.0498684630483921));
#19012=CARTESIAN_POINT('',(-0.0488813199674632,0.0173230897923867,-0.049866308790197));
#19013=CARTESIAN_POINT('',(-0.0488217522932094,0.017234915282887,-0.0498631736494468));
#19014=CARTESIAN_POINT('',(-0.0489445450103293,0.0175105086918034,-0.049869636424032));
#19015=CARTESIAN_POINT('',(-0.0488217522932095,0.0172349152828871,-0.0498631736494467));
#19016=CARTESIAN_POINT('',(-0.0488217522932094,0.017234915282887,-0.0498631736494468));
#19017=CARTESIAN_POINT('',(-0.0487568310466204,0.0171397724733953,-0.0498604367710702));
#19018=CARTESIAN_POINT('',(-0.0486810784143289,0.0170523526949283,-0.0498468685069911));
#19019=CARTESIAN_POINT('',(-0.0485967392464233,0.0169770500882838,-0.049824713707298));
#19020=CARTESIAN_POINT('',(-0.0498247137072979,0.0169770500882838,-0.0485967392464233));
#19021=CARTESIAN_POINT('',(-0.0498491158472312,0.0170535793852715,-0.048680565876209));
#19022=CARTESIAN_POINT('',(-0.049859755472402,0.0171387804971408,-0.0487568069293591));
#19023=CARTESIAN_POINT('',(-0.0498631736494468,0.0172349152828871,-0.0488217522932095));
#19024=CARTESIAN_POINT('',(-0.0498631736494468,0.0172349152828871,-0.0488217522932095));
#19025=CARTESIAN_POINT('',(-0.0498631736494468,0.0172349152828871,-0.0488217522932095));
#19026=CARTESIAN_POINT('',(-0.049866308790197,0.0173230897923867,-0.0488813199674632));
#19027=CARTESIAN_POINT('',(-0.049868463048392,0.0174163992289668,-0.0489222508731698));
#19028=CARTESIAN_POINT('',(-0.049869636424032,0.0175105086918034,-0.0489445450103293));
#19029=CARTESIAN_POINT('',(-0.049869636424032,0.0175105086918034,-0.0489445450103292));
#19030=CARTESIAN_POINT('',(-0.0440097048350931,0.0175105086918034,-0.0548044765992682));
#19031=CARTESIAN_POINT('',(-0.0441661510346884,0.0187652703644666,-0.0549609227988635));
#19032=CARTESIAN_POINT('',(-0.0492877429660314,0.0187652703644666,-0.0498393308675206));
#19033=CARTESIAN_POINT('',(-0.0492164444216292,0.0185603697432132,-0.0498595345718615));
#19034=CARTESIAN_POINT('',(-0.0491437422409628,0.0183093297911529,-0.049869636424032));
#19035=CARTESIAN_POINT('',(-0.0490696364240321,0.0180121505082858,-0.049869636424032));
#19036=CARTESIAN_POINT('',(-0.0492877429660313,0.0187652703644666,-0.0498393308675205));
#19037=CARTESIAN_POINT('',(-0.049069636424032,0.0180121505082858,-0.049869636424032));
#19038=CARTESIAN_POINT('',(-0.0489593827200185,0.0175700109023919,-0.049869636424032));
#19039=CARTESIAN_POINT('',(-0.049869636424032,0.0201042531630218,-0.0495913315261816));
#19040=CARTESIAN_POINT('',(-0.049869636424032,0.0180121505082858,-0.049069636424032));
#19041=CARTESIAN_POINT('',(-0.049869636424032,0.0180121505082857,-0.049069636424032));
#19042=CARTESIAN_POINT('',(-0.049869636424032,0.0183093297911529,-0.0491437422409627));
#19043=CARTESIAN_POINT('',(-0.0498595345718615,0.0185603697432132,-0.0492164444216292));
#19044=CARTESIAN_POINT('',(-0.0498393308675206,0.0187652703644666,-0.0492877429660313));
#19045=CARTESIAN_POINT('',(-0.0498393308675205,0.0187652703644666,-0.0492877429660313));
#19046=CARTESIAN_POINT('',(-0.0441661510346884,0.0187652703644666,-0.0549609227988635));
#19047=CARTESIAN_POINT('',(-0.0440268781866244,0.0188,-0.0548216499507995));
#19048=CARTESIAN_POINT('',(-0.0440268781866244,0.019,-0.0548216499507995));
#19049=CARTESIAN_POINT('',(-0.0490500983300345,0.019,-0.0497984298073893));
#19050=CARTESIAN_POINT('',(-0.0497984298073893,0.019,-0.0490500983300345));
#19051=CARTESIAN_POINT('',(-0.0490500983300345,0.019,-0.0497984298073893));
#19052=CARTESIAN_POINT('',(-0.0491743073525593,0.019,-0.0498327571559749));
#19053=CARTESIAN_POINT('',(-0.0493174814159383,0.0188911078610881,-0.0498409717600686));
#19054=CARTESIAN_POINT('',(-0.0492877429660313,0.0187652703644666,-0.0498393308675205));
#19055=CARTESIAN_POINT('',(-0.0498393308675205,0.0187652703644666,-0.0492877429660313));
#19056=CARTESIAN_POINT('',(-0.0498409712637598,0.0188910697999345,-0.0493174724211654));
#19057=CARTESIAN_POINT('',(-0.0498327337378256,0.019,-0.0491742226170478));
#19058=CARTESIAN_POINT('',(-0.0497984298073894,0.019,-0.0490500983300345));
#19059=CARTESIAN_POINT('',(-0.0440268781866244,0.019,-0.0548216499507995));
#19060=CARTESIAN_POINT('',(-0.0440268781866244,0.019,-0.0498));
#19061=CARTESIAN_POINT('',(-0.0487585786437627,0.019,-0.0498));
#19062=CARTESIAN_POINT('',(-0.049,0.019,-0.0498));
#19063=CARTESIAN_POINT('',(-0.049,0.019,-0.049));
#19064=CARTESIAN_POINT('',(-0.049,0.019,-0.049));
#19065=CARTESIAN_POINT('',(-0.0498,0.019,-0.049));
#19066=CARTESIAN_POINT('',(-0.0498,0.019,-0.0548216499507995));
#19067=CARTESIAN_POINT('',(-0.0498,0.019,-0.0487585786437627));
#19068=CARTESIAN_POINT('',(-0.0489,0.019,-0.0487585786437627));
#19069=CARTESIAN_POINT('',(-0.0495363961030679,0.019,-0.0481221825406948));
#19070=CARTESIAN_POINT('',(-0.0489292893218814,0.019,-0.0475150757595083));
#19071=CARTESIAN_POINT('',(-0.049,0.019,-0.0475857864376269));
#19072=CARTESIAN_POINT('',(-0.049,0.019,-0.0548216499507995));
#19073=CARTESIAN_POINT('',(-0.049,0.019,-0.048437867965644));
#19074=CARTESIAN_POINT('',(-0.048437867965644,0.019,-0.048437867965644));
#19075=CARTESIAN_POINT('',(-0.048437867965644,0.019,-0.049));
#19076=CARTESIAN_POINT('',(-0.0440268781866244,0.019,-0.049));
#19077=CARTESIAN_POINT('',(-0.0475857864376269,0.019,-0.049));
#19078=CARTESIAN_POINT('',(-0.0481221825406948,0.019,-0.0495363961030679));
#19079=CARTESIAN_POINT('',(-0.0481221825406948,0.019,-0.0495363961030679));
#19080=CARTESIAN_POINT('',(-0.0487585786437627,0.019,-0.0489));
#19081=CARTESIAN_POINT('',(-0.047373654403271,0.0161,-0.0489292893218814));
#19082=CARTESIAN_POINT('',(-0.0480221825406948,0.0221,-0.0495778174593052));
#19083=CARTESIAN_POINT('',(-0.0473650757595083,0.0221,-0.0489207106781187));
#19084=CARTESIAN_POINT('',(-0.0468908224620156,0.0221,-0.048446457380626));
#19085=CARTESIAN_POINT('',(-0.0469563243775248,0.0167930190374251,-0.0485119592961352));
#19086=CARTESIAN_POINT('',(-0.0469563243775248,0.0167930190374251,-0.0485119592961352));
#19087=CARTESIAN_POINT('',(-0.0472391240116844,0.0168,-0.0487947589302947));
#19088=CARTESIAN_POINT('',(-0.0472391240116843,0.0164,-0.0487947589302947));
#19089=CARTESIAN_POINT('',(-0.0478077156995203,0.0164,-0.0493633506181307));
#19090=CARTESIAN_POINT('',(-0.0478077156995203,0.0164,-0.0493633506181307));
#19091=CARTESIAN_POINT('',(-0.0478077156995203,0.0168,-0.0493633506181307));
#19092=CARTESIAN_POINT('',(-0.0480077156995203,0.0165171572875254,-0.0495633506181307));
#19093=CARTESIAN_POINT('',(-0.0480077156995203,0.0165171572875254,-0.0495633506181307));
#19094=CARTESIAN_POINT('',(-0.0480514718625762,0.0165790378467564,-0.0496071067811865));
#19095=CARTESIAN_POINT('',(-0.0480514718625762,0.019,-0.0496071067811865));
#19096=CARTESIAN_POINT('',(-0.0480514718625762,0.0189,-0.0496071067811865));
#19097=CARTESIAN_POINT('',(-0.0474443650813896,0.0189,-0.049));
#19098=CARTESIAN_POINT('',(-0.0475150757595083,0.0189,-0.0490707106781187));
#19099=CARTESIAN_POINT('',(-0.0475150757595083,0.01905,-0.0490707106781187));
#19100=CARTESIAN_POINT('',(-0.0473650757595083,0.01905,-0.0489207106781187));
#19101=CARTESIAN_POINT('',(-0.0473650757595083,0.0161,-0.0489207106781187));
#19102=CARTESIAN_POINT('',(-0.0476564971157456,0.0161,-0.0461008621971352));
#19103=CARTESIAN_POINT('',(-0.0487947589302947,0.0168,-0.0472391240116843));
#19104=CARTESIAN_POINT('',(-0.0487947589302947,0.0164,-0.0472391240116843));
#19105=CARTESIAN_POINT('',(-0.0485119592961352,0.0167930190374251,-0.0469563243775248));
#19106=CARTESIAN_POINT('',(-0.0484464358398279,0.0221017452406438,-0.0468908009212175));
#19107=CARTESIAN_POINT('',(-0.048446457380626,0.0221,-0.0468908224620156));
#19108=CARTESIAN_POINT('',(-0.0495778174593052,0.0221,-0.0480221825406948));
#19109=CARTESIAN_POINT('',(-0.0489207106781187,0.0221,-0.0473650757595083));
#19110=CARTESIAN_POINT('',(-0.0489207106781187,0.0161,-0.0473650757595083));
#19111=CARTESIAN_POINT('',(-0.0489207106781187,0.01905,-0.0473650757595083));
#19112=CARTESIAN_POINT('',(-0.0490707106781187,0.01905,-0.0475150757595083));
#19113=CARTESIAN_POINT('',(-0.0490707106781187,0.0189,-0.0475150757595083));
#19114=CARTESIAN_POINT('',(-0.0496071067811866,0.0189,-0.0480514718625762));
#19115=CARTESIAN_POINT('',(-0.0496071067811866,0.0189,-0.0480514718625762));
#19116=CARTESIAN_POINT('',(-0.0496071067811866,0.0168518300528922,-0.0480514718625762));
#19117=CARTESIAN_POINT('',(-0.0496071067811866,0.0165790378467564,-0.0480514718625762));
#19118=CARTESIAN_POINT('',(-0.0495571828748807,0.016508434781372,-0.0480015479562703));
#19119=CARTESIAN_POINT('',(-0.0495633506181307,0.0165171572875254,-0.0480077156995203));
#19120=CARTESIAN_POINT('',(-0.0493633506181307,0.0168,-0.0478077156995203));
#19121=CARTESIAN_POINT('',(-0.0493633506181307,0.0164,-0.0478077156995203));
#19122=CARTESIAN_POINT('',(-0.0487947589302947,0.0164,-0.0472391240116844));
#19123=CARTESIAN_POINT('',(-0.0422660560462026,0.0167912737967813,-0.0530608278103777));
#19124=CARTESIAN_POINT('',(-0.0422660560462026,0.0167912737967813,-0.0530608278103777));
#19125=CARTESIAN_POINT('',(-0.0469563351471036,0.0167912737967813,-0.0483705487094767));
#19126=CARTESIAN_POINT('',(-0.0483705487094767,0.0167912737967813,-0.0469563351471036));
#19127=CARTESIAN_POINT('',(-0.0468908116907963,0.0221,-0.0483050252531694));
#19128=CARTESIAN_POINT('',(-0.0468908116907963,0.0221,-0.0483050252531694));
#19129=CARTESIAN_POINT('',(-0.0422005325898953,0.0221,-0.0529953043540704));
#19130=CARTESIAN_POINT('',(-0.0483050252531694,0.0221,-0.0468908116907963));
#19131=CARTESIAN_POINT('',(-0.0483705487094767,0.0167912737967813,-0.0469563351471036));
#19132=CARTESIAN_POINT('',(-0.042619555588902,0.0168,-0.0534143273530771));
#19133=CARTESIAN_POINT('',(-0.042619555588902,0.0163,-0.0534143273530771));
#19134=CARTESIAN_POINT('',(-0.047309834689803,0.0163,-0.0487240482521761));
#19135=CARTESIAN_POINT('',(-0.0487240482521761,0.0163,-0.047309834689803));
#19136=CARTESIAN_POINT('',(-0.047309834689803,0.0168,-0.0487240482521761));
#19137=CARTESIAN_POINT('',(-0.0487240482521761,0.0168,-0.047309834689803));
#19138=CARTESIAN_POINT('',(-0.0431881472767379,0.0163,-0.053982919040913));
#19139=CARTESIAN_POINT('',(-0.0431881472767379,0.0163,-0.053982919040913));
#19140=CARTESIAN_POINT('',(-0.0478784263776389,0.0163,-0.049292639940012));
#19141=CARTESIAN_POINT('',(-0.049292639940012,0.0163,-0.0478784263776389));
#19142=CARTESIAN_POINT('',(-0.047309834689803,0.0163,-0.0487240482521761));
#19143=CARTESIAN_POINT('',(-0.049292639940012,0.0163,-0.0478784263776389));
#19144=CARTESIAN_POINT('',(-0.0431881472767379,0.0168,-0.053982919040913));
#19145=CARTESIAN_POINT('',(-0.0478784263776389,0.0168,-0.049292639940012));
#19146=CARTESIAN_POINT('',(-0.049292639940012,0.0168,-0.0478784263776389));
#19147=CARTESIAN_POINT('',(-0.04895,0.015185786437627,-0.0473029437251523));
#19148=CARTESIAN_POINT('',(-0.04895,0.01905,-0.0473029437251523));
#19149=CARTESIAN_POINT('',(-0.04895,0.01905,-0.0474357864376269));
#19150=CARTESIAN_POINT('',(-0.04895,0.015185786437627,-0.0474357864376269));
#19151=CARTESIAN_POINT('',(-0.04895,0.0221,-0.0474357864376269));
#19152=CARTESIAN_POINT('',(-0.04895,0.0221,-0.0473029437251523));
#19153=CARTESIAN_POINT('',(-0.0488,0.015185786437627,-0.04895));
#19154=CARTESIAN_POINT('',(-0.0488,0.0221,-0.04895));
#19155=CARTESIAN_POINT('',(-0.0474357864376269,0.0221,-0.04895));
#19156=CARTESIAN_POINT('',(-0.0474357864376269,0.015185786437627,-0.04895));
#19157=CARTESIAN_POINT('',(-0.0474357864376269,0.01905,-0.04895));
#19158=CARTESIAN_POINT('',(-0.0488,0.01905,-0.04895));
#19159=CARTESIAN_POINT('',(-0.0499,0.363492188198565,-0.0415));
#19160=CARTESIAN_POINT('',(-0.0499,0.341507328691112,-0.129663723887819));
#19161=CARTESIAN_POINT('',(-0.0499,0.0180295153260524,-0.049));
#19162=CARTESIAN_POINT('',(-0.0499,0.0175278735095701,-0.0488749085862972));
#19163=CARTESIAN_POINT('',(-0.0499,0.0176841568694703,-0.0476214529537212));
#19164=CARTESIAN_POINT('',(-0.0499,0.0172798394415454,-0.0487585786437627));
#19165=CARTESIAN_POINT('',(-0.0499,0.019,-0.0487585786437627));
#19166=CARTESIAN_POINT('',(-0.0499,0.0189,-0.0487585786437627));
#19167=CARTESIAN_POINT('',(-0.0499,0.0189,-0.0415));
#19168=CARTESIAN_POINT('',(-0.0499,0.0189,-0.049));
#19169=CARTESIAN_POINT('',(-0.0499,0.363492188198565,-0.049));
#19170=CARTESIAN_POINT('',(-0.049,0.363492188198565,-0.049));
#19171=CARTESIAN_POINT('',(-0.049898233533313,0.0189,-0.0490563606212888));
#19172=CARTESIAN_POINT('',(-0.0498955763998217,0.0189,-0.0490987080324734));
#19173=CARTESIAN_POINT('',(-0.0498857916962506,0.0188880474662671,-0.0491767637271376));
#19174=CARTESIAN_POINT('',(-0.0498614852347518,0.01882249007596,-0.0492609715469438));
#19175=CARTESIAN_POINT('',(-0.0498659062489246,0.0187826351822333,-0.0492453698597492));
#19176=CARTESIAN_POINT('',(-0.049898233533313,0.0189,-0.0490563606212888));
#19177=CARTESIAN_POINT('',(-0.0498659062489246,0.0187826351822333,-0.0492453698597492));
#19178=CARTESIAN_POINT('',(-0.0498659062489249,0.018782635182233,-0.0492453698597492));
#19179=CARTESIAN_POINT('',(-0.0498877040391765,0.0185861308101577,-0.049168445812065));
#19180=CARTESIAN_POINT('',(-0.0499000000000003,0.0183350908580973,-0.0490857244816832));
#19181=CARTESIAN_POINT('',(-0.0499000000000003,0.018029515326052,-0.049));
#19182=CARTESIAN_POINT('',(-0.049,0.0189,-0.049));
#19183=CARTESIAN_POINT('',(-0.049,0.363492188198565,-0.0499));
#19184=CARTESIAN_POINT('',(-0.0487585786437627,0.0168518300528922,-0.0499));
#19185=CARTESIAN_POINT('',(-0.0487585786437627,0.0189,-0.0499));
#19186=CARTESIAN_POINT('',(-0.0487585786437627,0.0172798394415454,-0.0499));
#19187=CARTESIAN_POINT('',(-0.048758578643763,0.017279839441545,-0.0499));
#19188=CARTESIAN_POINT('',(-0.0488145117595412,0.017358494204465,-0.0499));
#19189=CARTESIAN_POINT('',(-0.0488532884070528,0.01744117222714,-0.0499));
#19190=CARTESIAN_POINT('',(-0.0488749085862975,0.01752787350957,-0.0499));
#19191=CARTESIAN_POINT('',(-0.0488749085862973,0.0175278735095701,-0.0499));
#19192=CARTESIAN_POINT('',(-0.130102789775432,0.343268071518284,-0.0499));
#19193=CARTESIAN_POINT('',(-0.049,0.0180295153260525,-0.0499));
#19194=CARTESIAN_POINT('',(-0.049,0.363492188198565,-0.0499));
#19195=CARTESIAN_POINT('',(-0.049,0.0189,-0.0499));
#19196=CARTESIAN_POINT('',(-0.049,0.0189,-0.0499));
#19197=CARTESIAN_POINT('',(-0.049,0.363492188198565,-0.049));
#19198=CARTESIAN_POINT('',(-0.0490000000000003,0.018029515326052,-0.0499));
#19199=CARTESIAN_POINT('',(-0.0490857244816835,0.0183350908580976,-0.0499));
#19200=CARTESIAN_POINT('',(-0.0491684458120653,0.018586130810158,-0.0498877040391762));
#19201=CARTESIAN_POINT('',(-0.0492453698597495,0.018782635182233,-0.0498659062489246));
#19202=CARTESIAN_POINT('',(-0.0492453698597493,0.0187826351822333,-0.0498659062489246));
#19203=CARTESIAN_POINT('',(-0.0492453698597493,0.0187826351822333,-0.0498659062489246));
#19204=CARTESIAN_POINT('',(-0.0492609701513346,0.0188224865108418,-0.0498614856302224));
#19205=CARTESIAN_POINT('',(-0.0491767975795088,0.0188880181918793,-0.0498857797365807));
#19206=CARTESIAN_POINT('',(-0.0490987806337588,0.0189,-0.0498955718443767));
#19207=CARTESIAN_POINT('',(-0.0490563606212889,0.0189,-0.049898233533313));
#19208=CARTESIAN_POINT('',(-0.0490563606212888,0.0189,-0.049898233533313));
#19209=CARTESIAN_POINT('',(-0.049,0.0189,-0.049));
#19210=CARTESIAN_POINT('',(-0.0487585786437624,0.363492188198565,-0.0489));
#19211=CARTESIAN_POINT('',(-0.0480514718625762,0.016579037846756,-0.0496071067811866));
#19212=CARTESIAN_POINT('',(-0.048222755846053,0.0167970467659613,-0.0497783907646634));
#19213=CARTESIAN_POINT('',(-0.048403693998744,0.0169532877391766,-0.0498429616156607));
#19214=CARTESIAN_POINT('',(-0.0485232015356078,0.017047760766402,-0.0498719041192199));
#19215=CARTESIAN_POINT('',(-0.0485232015356078,0.0170477607664024,-0.0498719041192199));
#19216=CARTESIAN_POINT('',(-0.0485232015356078,0.017047760766402,-0.0498719041192199));
#19217=CARTESIAN_POINT('',(-0.0486126305712291,0.017118456154649,-0.0498935621689939));
#19218=CARTESIAN_POINT('',(-0.0486921885279832,0.01719581571303,-0.0499));
#19219=CARTESIAN_POINT('',(-0.0487585786437627,0.017279839441545,-0.0499));
#19220=CARTESIAN_POINT('',(-0.0487585786437627,0.0189,-0.0489));
#19221=CARTESIAN_POINT('',(-0.0489,0.363492188198565,-0.0487585786437627));
#19222=CARTESIAN_POINT('',(-0.0499,0.0172798394415454,-0.0487585786437627));
#19223=CARTESIAN_POINT('',(-0.0499,0.017192090726781,-0.0486892452847741));
#19224=CARTESIAN_POINT('',(-0.0498927764976076,0.0171158915957775,-0.048609386427129));
#19225=CARTESIAN_POINT('',(-0.0498719041192199,0.0170477607664025,-0.0485232015356078));
#19226=CARTESIAN_POINT('',(-0.0498719041192199,0.0170477607664024,-0.0485232015356078));
#19227=CARTESIAN_POINT('',(-0.0498719041192202,0.017047760766402,-0.0485232015356078));
#19228=CARTESIAN_POINT('',(-0.0498429616156609,0.0169532877391763,-0.0484036939987437));
#19229=CARTESIAN_POINT('',(-0.0497783907646635,0.016797046765961,-0.0482227558460528));
#19230=CARTESIAN_POINT('',(-0.0496071067811868,0.016579037846756,-0.0480514718625762));
#19231=CARTESIAN_POINT('',(-0.0489,0.0189,-0.0487585786437627));
#19232=CARTESIAN_POINT('',(-0.049,0.01905,-0.0473029437251523));
#19233=CARTESIAN_POINT('',(-0.049,0.01905,-0.0475857864376269));
#19234=CARTESIAN_POINT('',(-0.049,0.01905,-0.048437867965644));
#19235=CARTESIAN_POINT('',(-0.048437867965644,0.01905,-0.048437867965644));
#19236=CARTESIAN_POINT('',(-0.048437867965644,0.01905,-0.049));
#19237=CARTESIAN_POINT('',(-0.0488,0.01905,-0.049));
#19238=CARTESIAN_POINT('',(-0.0475857864376269,0.01905,-0.049));
#19239=CARTESIAN_POINT('',(-0.0474357864376269,0.0161,-0.04885));
#19240=CARTESIAN_POINT('',(-0.0474357864376269,0.0221,-0.04885));
#19241=CARTESIAN_POINT('',(-0.0474357864376269,0.01905,-0.04885));
#19242=CARTESIAN_POINT('',(-0.0475857864376269,0.019,-0.049));
#19243=CARTESIAN_POINT('',(-0.0475150757595083,0.019,-0.0490707106781186));
#19244=CARTESIAN_POINT('',(-0.0475150757595083,0.0189,-0.0490707106781187));
#19245=CARTESIAN_POINT('',(-0.0475072460395146,0.019,-0.0489738198672967));
#19246=CARTESIAN_POINT('',(-0.0474708940197202,0.0189687584525898,-0.0490265289383297));
#19247=CARTESIAN_POINT('',(-0.0474365353613959,0.018900000002057,-0.0489921702800063));
#19248=CARTESIAN_POINT('',(-0.0474357864434456,0.0190238196733753,-0.04895));
#19249=CARTESIAN_POINT('',(-0.0473943650945976,0.0190021301753076,-0.0489500000132095));
#19250=CARTESIAN_POINT('',(-0.047365075765327,0.0189714590201254,-0.0489207106839374));
#19251=CARTESIAN_POINT('',(-0.0474357864376269,0.01905,-0.04895));
#19252=CARTESIAN_POINT('',(-0.0473943650813896,0.01905,-0.04895));
#19253=CARTESIAN_POINT('',(-0.0473650757595083,0.01905,-0.0489207106781187));
#19254=CARTESIAN_POINT('',(-0.0475857864376269,0.0189,-0.049));
#19255=CARTESIAN_POINT('',(-0.0474443650813896,0.0189,-0.0488585786437627));
#19256=CARTESIAN_POINT('',(-0.0481221825406948,0.0189,-0.0495363961030679));
#19257=CARTESIAN_POINT('',(-0.0487585786437627,0.0189,-0.0489));
#19258=CARTESIAN_POINT('',(-0.0487585786437627,0.0189,-0.0498));
#19259=CARTESIAN_POINT('',(-0.0440268781866244,0.0189,-0.0498));
#19260=CARTESIAN_POINT('',(-0.049,0.0189,-0.0498));
#19261=CARTESIAN_POINT('',(-0.049,0.0189,-0.049));
#19262=CARTESIAN_POINT('',(-0.0490500983300345,0.0189,-0.0497984298073893));
#19263=CARTESIAN_POINT('',(-0.0490563606212888,0.0189,-0.049898233533313));
#19264=CARTESIAN_POINT('',(-0.0490563606212887,0.0190000000000001,-0.049898233533313));
#19265=CARTESIAN_POINT('',(-0.0490500983300344,0.019,-0.0497984298073892));
#19266=CARTESIAN_POINT('',(-0.0491005018150483,0.0188999996303631,-0.0498954638470204));
#19267=CARTESIAN_POINT('',(-0.0491122205313418,0.0189822296746274,-0.0498947284204179));
#19268=CARTESIAN_POINT('',(-0.0491077222609422,0.019,-0.0498143551428832));
#19269=CARTESIAN_POINT('',(-0.0491834502939669,0.0188860736310837,-0.0498842603036558));
#19270=CARTESIAN_POINT('',(-0.0492021592701506,0.0189414280676485,-0.0498809439671197));
#19271=CARTESIAN_POINT('',(-0.0492133420870665,0.0189721466306792,-0.0498362844309919));
#19272=CARTESIAN_POINT('',(-0.0492599853127169,0.0188199606622774,-0.0498617647016736));
#19273=CARTESIAN_POINT('',(-0.0492844867573878,0.0188300226212558,-0.049854376395565));
#19274=CARTESIAN_POINT('',(-0.0493053872025619,0.0188399218482486,-0.0498403020241539));
#19275=CARTESIAN_POINT('',(-0.0492453698597492,0.0187826351822333,-0.0498659062489246));
#19276=CARTESIAN_POINT('',(-0.0492702077543297,0.0187732984384928,-0.049858867991934));
#19277=CARTESIAN_POINT('',(-0.0492877429660313,0.0187652703644666,-0.0498393308675205));
#19278=CARTESIAN_POINT('',(-0.0492884815757739,0.0187650925913083,-0.0498402143323546));
#19279=CARTESIAN_POINT('',(-0.0492761330922758,0.0187709187603897,-0.0498517104851195));
#19280=CARTESIAN_POINT('',(-0.0492622513839193,0.0187766825163675,-0.0498616369986499));
#19281=CARTESIAN_POINT('',(-0.0492472478285228,0.0187822467342246,-0.0498696787586553));
#19282=CARTESIAN_POINT('',(-0.0490115687581628,0.0180129030340996,-0.0498361619318652));
#19283=CARTESIAN_POINT('',(-0.049069636424032,0.0180121505082858,-0.049869636424032));
#19284=CARTESIAN_POINT('',(-0.0490516077132593,0.0180166462198547,-0.0498887862034582));
#19285=CARTESIAN_POINT('',(-0.0490258897710837,0.018023059348981,-0.0499));
#19286=CARTESIAN_POINT('',(-0.049,0.0180295153260525,-0.0499));
#19287=CARTESIAN_POINT('',(-0.0488897462959865,0.0175873757201587,-0.0498));
#19288=CARTESIAN_POINT('',(-0.0488749085862972,0.0175278735095701,-0.0499));
#19289=CARTESIAN_POINT('',(-0.0489007983573809,0.0175214175324986,-0.0499));
#19290=CARTESIAN_POINT('',(-0.0489265162995565,0.0175150044033723,-0.0498887862034582));
#19291=CARTESIAN_POINT('',(-0.0489445450103292,0.0175105086918034,-0.049869636424032));
#19292=CARTESIAN_POINT('',(-0.0481612017660825,0.0177123270617316,-0.0497994226585116));
#19293=CARTESIAN_POINT('',(-0.0487585786354245,0.0172798394488495,-0.049899993117123));
#19294=CARTESIAN_POINT('',(-0.0487826255763301,0.0172626730979188,-0.0498999457688367));
#19295=CARTESIAN_POINT('',(-0.0488064339699425,0.0172457144965023,-0.0498860142175984));
#19296=CARTESIAN_POINT('',(-0.0488216730876794,0.017234972541723,-0.0498630941516727));
#19297=CARTESIAN_POINT('',(-0.0480978659870472,0.0177484642927644,-0.0491080813569821));
#19298=CARTESIAN_POINT('',(-0.0485237248152228,0.0170477875034021,-0.049869815357058));
#19299=CARTESIAN_POINT('',(-0.0485483017881055,0.0170178646882094,-0.0498755893905165));
#19300=CARTESIAN_POINT('',(-0.0485781931711196,0.0169890573113167,-0.0498570371486718));
#19301=CARTESIAN_POINT('',(-0.0485965364194804,0.0169773425545283,-0.0498244941004602));
#19302=CARTESIAN_POINT('',(-0.0493236684556044,0.016589236364597,-0.048340441556841));
#19303=CARTESIAN_POINT('',(-0.0481721825406949,0.0165083271686378,-0.0495863961030679));
#19304=CARTESIAN_POINT('',(-0.0481351585162102,0.0165083271686378,-0.0496234201275526));
#19305=CARTESIAN_POINT('',(-0.0480776518013561,0.0165420138222718,-0.0496332867199665));
#19306=CARTESIAN_POINT('',(-0.0480514718625762,0.0165790378467564,-0.0496071067811866));
#19307=CARTESIAN_POINT('',(-0.0484536196956741,0.0170477607664025,-0.0498678332580472));
#19308=CARTESIAN_POINT('',(-0.0480784263776389,0.0165171572875254,-0.049492639940012));
#19309=CARTESIAN_POINT('',(-0.0478784263776389,0.0168,-0.049292639940012));
#19310=CARTESIAN_POINT('',(-0.0478784263776389,0.0164,-0.049292639940012));
#19311=CARTESIAN_POINT('',(-0.0474443650813896,0.0164,-0.0488585786437627));
#19312=CARTESIAN_POINT('',(-0.047309834689803,0.0164,-0.0487240482521761));
#19313=CARTESIAN_POINT('',(-0.047309834689803,0.0168,-0.0487240482521761));
#19314=CARTESIAN_POINT('',(-0.0470270350556435,0.0167930190374251,-0.0484412486180166));
#19315=CARTESIAN_POINT('',(-0.0470357132165557,0.0160899123512551,-0.0484499267789288));
#19316=CARTESIAN_POINT('',(-0.0469615331401343,0.0221,-0.0483757467025073));
#19317=CARTESIAN_POINT('',(-0.04885,0.0161,-0.0474357864376269));
#19318=CARTESIAN_POINT('',(-0.04885,0.0221,-0.0474357864376269));
#19319=CARTESIAN_POINT('',(-0.04885,0.01905,-0.0474357864376269));
#19320=CARTESIAN_POINT('',(-0.04895,0.01905,-0.0474357864376269));
#19321=CARTESIAN_POINT('',(-0.04895,0.01905,-0.0473943650813896));
#19322=CARTESIAN_POINT('',(-0.0489207106781187,0.01905,-0.0473650757595082));
#19323=CARTESIAN_POINT('',(-0.04895,0.0190238196733753,-0.0474357864434456));
#19324=CARTESIAN_POINT('',(-0.0489500000132094,0.0190021301753076,-0.0473943650945976));
#19325=CARTESIAN_POINT('',(-0.0489207106839374,0.0189714590201254,-0.047365075765327));
#19326=CARTESIAN_POINT('',(-0.0489738198672955,0.019,-0.0475072460395146));
#19327=CARTESIAN_POINT('',(-0.0490265289383288,0.0189687584525906,-0.0474708940197195));
#19328=CARTESIAN_POINT('',(-0.0489921702800063,0.018900000002057,-0.0474365353613959));
#19329=CARTESIAN_POINT('',(-0.049,0.019,-0.0475857864376269));
#19330=CARTESIAN_POINT('',(-0.0490707106781186,0.019,-0.0475150757595083));
#19331=CARTESIAN_POINT('',(-0.0490707106781187,0.0189,-0.0475150757595083));
#19332=CARTESIAN_POINT('',(-0.049,0.0189,-0.0475857864376269));
#19333=CARTESIAN_POINT('',(-0.0501313708498985,0.0189,-0.0487171572875254));
#19334=CARTESIAN_POINT('',(-0.0495363961030679,0.0189,-0.0481221825406948));
#19335=CARTESIAN_POINT('',(-0.0489,0.0189,-0.0487585786437627));
#19336=CARTESIAN_POINT('',(-0.0498,0.0189,-0.0487585786437627));
#19337=CARTESIAN_POINT('',(-0.0498,0.0189,-0.0548216499507995));
#19338=CARTESIAN_POINT('',(-0.0498,0.0189,-0.049));
#19339=CARTESIAN_POINT('',(-0.049,0.0189,-0.049));
#19340=CARTESIAN_POINT('',(-0.0497984298073894,0.0189,-0.0490500983300345));
#19341=CARTESIAN_POINT('',(-0.0498659062489246,0.0187826351822333,-0.0492453698597492));
#19342=CARTESIAN_POINT('',(-0.049858867991934,0.0187732984384927,-0.0492702077543297));
#19343=CARTESIAN_POINT('',(-0.0498393308675205,0.0187652703644666,-0.0492877429660313));
#19344=CARTESIAN_POINT('',(-0.0498617577273089,0.018820029036162,-0.0492600099251366));
#19345=CARTESIAN_POINT('',(-0.0498543689442095,0.0188301248608539,-0.0492845104009876));
#19346=CARTESIAN_POINT('',(-0.0498403049895066,0.0188400582606013,-0.0493054182535401));
#19347=CARTESIAN_POINT('',(-0.0498842668467283,0.0188860712779542,-0.0491835455040998));
#19348=CARTESIAN_POINT('',(-0.0498809587217054,0.0189413933161302,-0.0492022215025802));
#19349=CARTESIAN_POINT('',(-0.0498363347957517,0.0189721421492141,-0.0492134712701691));
#19350=CARTESIAN_POINT('',(-0.0498954859090731,0.018899999687451,-0.0491001502065173));
#19351=CARTESIAN_POINT('',(-0.0498947539074154,0.0189823588159528,-0.0491118148049013));
#19352=CARTESIAN_POINT('',(-0.0498142283127426,0.0190000000000001,-0.0491072632643317));
#19353=CARTESIAN_POINT('',(-0.0498982335333133,0.0189000000000001,-0.0490563606212886));
#19354=CARTESIAN_POINT('',(-0.0498982335333133,0.0190000000000001,-0.0490563606212885));
#19355=CARTESIAN_POINT('',(-0.0497984298073896,0.0190000000000001,-0.0490500983300343));
#19356=CARTESIAN_POINT('',(-0.0498696787586621,0.0187822467342211,-0.0492472478285359));
#19357=CARTESIAN_POINT('',(-0.0498616369986244,0.01877668251637,-0.0492622513839121));
#19358=CARTESIAN_POINT('',(-0.0498517104850913,0.0187709187603954,-0.0492761330922573));
#19359=CARTESIAN_POINT('',(-0.0498402143323452,0.0187650925913108,-0.0492884815757643));
#19360=CARTESIAN_POINT('',(-0.0498361619315206,0.0180129030338271,-0.0490115687582093));
#19361=CARTESIAN_POINT('',(-0.0499,0.0180295153260524,-0.049));
#19362=CARTESIAN_POINT('',(-0.0499,0.018023059348981,-0.0490258897710837));
#19363=CARTESIAN_POINT('',(-0.0498887862034582,0.0180166462198546,-0.0490516077132593));
#19364=CARTESIAN_POINT('',(-0.049869636424032,0.0180121505082857,-0.049069636424032));
#19365=CARTESIAN_POINT('',(-0.0498,0.0201216179807885,-0.0495216951021496));
#19366=CARTESIAN_POINT('',(-0.049869636424032,0.0175105086918034,-0.0489445450103293));
#19367=CARTESIAN_POINT('',(-0.0498887862034582,0.0175150044033723,-0.0489265162995565));
#19368=CARTESIAN_POINT('',(-0.0499,0.0175214175324986,-0.0489007983573809));
#19369=CARTESIAN_POINT('',(-0.0499,0.0175278735095701,-0.0488749085862973));
#19370=CARTESIAN_POINT('',(-0.0497994226588372,0.0177123270614544,-0.0481612017666697));
#19371=CARTESIAN_POINT('',(-0.0498630941516707,0.0172349725417244,-0.0488216730876775));
#19372=CARTESIAN_POINT('',(-0.0498860142175979,0.0172457144965022,-0.0488064339699414));
#19373=CARTESIAN_POINT('',(-0.0498999457688382,0.0172626730979186,-0.0487826255763301));
#19374=CARTESIAN_POINT('',(-0.0498999931171266,0.0172798394488496,-0.0487585786354245));
#19375=CARTESIAN_POINT('',(-0.0498719041192199,0.0170477607664025,-0.0485232015356078));
#19376=CARTESIAN_POINT('',(-0.0498822883165211,0.0169960816286978,-0.0485660792997665));
#19377=CARTESIAN_POINT('',(-0.0498247137072979,0.0169770500882838,-0.0485967392464233));
#19378=CARTESIAN_POINT('',(-0.0498930360990172,0.0171167389887034,-0.0486104583566865));
#19379=CARTESIAN_POINT('',(-0.0498988439089341,0.017071618086089,-0.0486507078528409));
#19380=CARTESIAN_POINT('',(-0.0498491518903655,0.017053692535399,-0.0486806898515194));
#19381=CARTESIAN_POINT('',(-0.0499,0.0171932877463241,-0.0486901909985515));
#19382=CARTESIAN_POINT('',(-0.049902712027064,0.0171562792984817,-0.0487296917837655));
#19383=CARTESIAN_POINT('',(-0.0498597543314958,0.0171387467199411,-0.0487567840505626));
#19384=CARTESIAN_POINT('',(-0.0499,0.0172798394415454,-0.0487585786437627));
#19385=CARTESIAN_POINT('',(-0.0499,0.01725230793826,-0.0487972942388731));
#19386=CARTESIAN_POINT('',(-0.0498631736494468,0.0172349152828871,-0.0488217522932095));
#19387=CARTESIAN_POINT('',(-0.0498724048439931,0.0170477563002709,-0.0485230771309218));
#19388=CARTESIAN_POINT('',(-0.0498783585199954,0.0170172935852586,-0.0485481340934837));
#19389=CARTESIAN_POINT('',(-0.0498585763737892,0.0169880322071117,-0.0485787398844782));
#19390=CARTESIAN_POINT('',(-0.0498246831354864,0.016977093810838,-0.0485967081960338));
#19391=CARTESIAN_POINT('',(-0.0483404415568994,0.0165892363645746,-0.0493236684555941));
#19392=CARTESIAN_POINT('',(-0.0496071067811866,0.0165790378467564,-0.0480514718625762));
#19393=CARTESIAN_POINT('',(-0.0496332867199665,0.0165420138222718,-0.0480776518013561));
#19394=CARTESIAN_POINT('',(-0.0496234201275526,0.0165083271686378,-0.0481351585162102));
#19395=CARTESIAN_POINT('',(-0.0495863961030679,0.0165083271686378,-0.0481721825406949));
#19396=CARTESIAN_POINT('',(-0.0498678332580472,0.0170477607664025,-0.0484536196956741));
#19397=CARTESIAN_POINT('',(-0.049492639940012,0.0165171572875254,-0.0480784263776389));
#19398=CARTESIAN_POINT('',(-0.049292639940012,0.0168,-0.0478784263776389));
#19399=CARTESIAN_POINT('',(-0.049292639940012,0.0164,-0.0478784263776389));
#19400=CARTESIAN_POINT('',(-0.049292639940012,0.0164,-0.0478784263776389));
#19401=CARTESIAN_POINT('',(-0.0487240482521761,0.0164,-0.047309834689803));
#19402=CARTESIAN_POINT('',(-0.0487240482521761,0.0168,-0.047309834689803));
#19403=CARTESIAN_POINT('',(-0.0484412486180166,0.0167930190374251,-0.0470270350556435));
#19404=CARTESIAN_POINT('',(-0.0484412486180166,0.0167930190374251,-0.0470270350556435));
#19405=CARTESIAN_POINT('',(-0.0483757467025073,0.0221,-0.0469615331401343));
#19406=CARTESIAN_POINT('',(-0.05,0.0221,-0.05001));
#19407=CARTESIAN_POINT('',(-0.042,0.0221,-0.0495));
#19408=CARTESIAN_POINT('',(-0.049,0.0221,-0.0495));
#19409=CARTESIAN_POINT('',(-0.042,0.0221,-0.0495));
#19410=CARTESIAN_POINT('',(-0.042,0.0221,-0.042));
#19411=CARTESIAN_POINT('',(-0.042,0.0221,-0.042));
#19412=CARTESIAN_POINT('',(-0.0495,0.0221,-0.042));
#19413=CARTESIAN_POINT('',(-0.0495,0.0221,-0.042));
#19414=CARTESIAN_POINT('',(-0.0495,0.0221,-0.049));
#19415=CARTESIAN_POINT('',(-0.0495,0.0221,-0.049));
#19416=CARTESIAN_POINT('',(-0.049,0.0221,-0.049));
#19417=CARTESIAN_POINT('',(-0.0415,0.0396,-0.05001));
#19418=CARTESIAN_POINT('',(-0.0461715728752538,0.0396,-0.0477272077938642));
#19419=CARTESIAN_POINT('',(-0.0453937554159486,0.0396,-0.0485050252531694));
#19420=CARTESIAN_POINT('',(-0.0451059348446489,0.0396,-0.048));
#19421=CARTESIAN_POINT('',(-0.0441993650813896,0.0396,-0.0473106349186104));
#19422=CARTESIAN_POINT('',(-0.0458887301627792,0.0396,-0.049));
#19423=CARTESIAN_POINT('',(-0.05,0.0396,-0.049));
#19424=CARTESIAN_POINT('',(-0.0425,0.0396,-0.049));
#19425=CARTESIAN_POINT('',(-0.0425,0.0396,-0.05));
#19426=CARTESIAN_POINT('',(-0.0425,0.0396,-0.048));
#19427=CARTESIAN_POINT('',(-0.0465,0.0396,-0.048));
#19428=CARTESIAN_POINT('',(-0.0490414213562373,0.0396,-0.0472029437251523));
#19429=CARTESIAN_POINT('',(-0.0478686291501015,0.0396,-0.0460301515190165));
#19430=CARTESIAN_POINT('',(-0.0490414213562373,0.0396,-0.0472029437251523));
#19431=CARTESIAN_POINT('',(-0.0489,0.0396,-0.0473443650813896));
#19432=CARTESIAN_POINT('',(-0.0491,0.0396,-0.0473443650813896));
#19433=CARTESIAN_POINT('',(-0.0491,0.0396,-0.0488));
#19434=CARTESIAN_POINT('',(-0.0491,0.0396,-0.0488));
#19435=CARTESIAN_POINT('',(-0.0488,0.0396,-0.0488));
#19436=CARTESIAN_POINT('',(-0.0488,0.0396,-0.0491));
#19437=CARTESIAN_POINT('',(-0.0473443650813896,0.0396,-0.0491));
#19438=CARTESIAN_POINT('',(-0.0473443650813896,0.0396,-0.0491));
#19439=CARTESIAN_POINT('',(-0.0473443650813896,0.0396,-0.0489));
#19440=CARTESIAN_POINT('',(-0.0472029437251523,0.0396,-0.0490414213562373));
#19441=CARTESIAN_POINT('',(-0.0460301515190165,0.0396,-0.0478686291501015));
#19442=CARTESIAN_POINT('',(-0.0460301515190165,0.0396,-0.0478686291501015));
#19443=CARTESIAN_POINT('',(-0.0461715728752538,0.0396,-0.0477272077938642));
#19444=CARTESIAN_POINT('',(-0.0460301515190165,0.0396,-0.0475857864376269));
#19445=CARTESIAN_POINT('',(-0.0468029689783217,0.0396,-0.0468129689783217));
#19446=CARTESIAN_POINT('',(-0.0475857864376269,0.0396,-0.0460301515190165));
#19447=CARTESIAN_POINT('',(-0.0477272077938642,0.0396,-0.0461715728752538));
#19448=CARTESIAN_POINT('',(-0.0465,0.0396,-0.047));
#19449=CARTESIAN_POINT('',(-0.042,0.0396,-0.047));
#19450=CARTESIAN_POINT('',(-0.0465,0.0396,-0.047));
#19451=CARTESIAN_POINT('',(-0.042,0.0396,-0.0495));
#19452=CARTESIAN_POINT('',(-0.042,0.0396,-0.0495));
#19453=CARTESIAN_POINT('',(-0.05,0.0396,-0.0495));
#19454=CARTESIAN_POINT('',(-0.049,0.0396,-0.0495));
#19455=CARTESIAN_POINT('',(-0.049,0.0396,-0.049));
#19456=CARTESIAN_POINT('',(-0.0495,0.0396,-0.049));
#19457=CARTESIAN_POINT('',(-0.0495,0.0396,-0.05001));
#19458=CARTESIAN_POINT('',(-0.0495,0.0396,-0.042));
#19459=CARTESIAN_POINT('',(-0.0465,0.0396,-0.042));
#19460=CARTESIAN_POINT('',(-0.0465,0.0396,-0.042));
#19461=CARTESIAN_POINT('',(-0.0465,0.0396,0.047));
#19462=CARTESIAN_POINT('',(-0.0477272077938642,0.0396,-0.0461715728752538));
#19463=CARTESIAN_POINT('',(-0.0475,0.0396,-0.0450952938136683));
#19464=CARTESIAN_POINT('',(-0.0485050252531694,0.0396,-0.0453937554159486));
#19465=CARTESIAN_POINT('',(-0.0475,0.0396,0.047));
#19466=CARTESIAN_POINT('',(-0.0475,0.0396,-0.0425));
#19467=CARTESIAN_POINT('',(-0.05,0.0396,-0.0425));
#19468=CARTESIAN_POINT('',(-0.049,0.0396,-0.0425));
#19469=CARTESIAN_POINT('',(-0.049,0.0396,-0.05));
#19470=CARTESIAN_POINT('',(-0.049,0.0396,-0.0458887301627792));
#19471=CARTESIAN_POINT('',(-0.0484343145750508,0.0396,-0.04532304473783));
#19472=CARTESIAN_POINT('',(0.,0.0375,0.));
#19473=CARTESIAN_POINT('',(-0.0461715728752538,0.0375,-0.0477272077938642));
#19474=CARTESIAN_POINT('',(-0.0453462433504317,0.0375,-0.047));
#19475=CARTESIAN_POINT('',(-0.0453937554159486,0.0375,-0.046949390334559));
#19476=CARTESIAN_POINT('',(-0.0465,0.0375,-0.047));
#19477=CARTESIAN_POINT('',(-0.0465,0.0375,-0.047));
#19478=CARTESIAN_POINT('',(-0.0465,0.0375,0.047));
#19479=CARTESIAN_POINT('',(-0.0465,0.0375,-0.0458431457505076));
#19480=CARTESIAN_POINT('',(-0.0461715728752538,0.0375,-0.0461715728752538));
#19481=CARTESIAN_POINT('',(-0.05,0.1135,-0.0415));
#19482=CARTESIAN_POINT('',(-0.042,0.0226,-0.0415));
#19483=CARTESIAN_POINT('',(-0.042,0.0226,-0.0415));
#19484=CARTESIAN_POINT('',(-0.042,0.1135,-0.0415));
#19485=CARTESIAN_POINT('',(-0.042,0.0375,-0.0415));
#19486=CARTESIAN_POINT('',(-0.05,0.0375,-0.0415));
#19487=CARTESIAN_POINT('',(-0.0465,0.0375,-0.0415));
#19488=CARTESIAN_POINT('',(-0.0465,0.1135,-0.0415));
#19489=CARTESIAN_POINT('',(-0.0465,0.0391,-0.0415));
#19490=CARTESIAN_POINT('',(-0.0495,0.0391,-0.0415));
#19491=CARTESIAN_POINT('',(-0.0495,0.0391,-0.0415));
#19492=CARTESIAN_POINT('',(-0.0495,0.1135,-0.0415));
#19493=CARTESIAN_POINT('',(-0.0415,0.1135,-0.05));
#19494=CARTESIAN_POINT('',(-0.0415,0.0391,-0.047));
#19495=CARTESIAN_POINT('',(-0.0415,0.0391,-0.047));
#19496=CARTESIAN_POINT('',(-0.0415,0.1135,-0.047));
#19497=CARTESIAN_POINT('',(-0.0415,0.0375,-0.047));
#19498=CARTESIAN_POINT('',(-0.0415,0.0375,-0.05));
#19499=CARTESIAN_POINT('',(-0.0415,0.0375,-0.042));
#19500=CARTESIAN_POINT('',(-0.0415,0.1135,-0.042));
#19501=CARTESIAN_POINT('',(-0.0415,0.0226,-0.042));
#19502=CARTESIAN_POINT('',(-0.0415,0.0226,-0.0495));
#19503=CARTESIAN_POINT('',(-0.0415,0.0226,-0.0495));
#19504=CARTESIAN_POINT('',(-0.0415,0.1135,-0.0495));
#19505=CARTESIAN_POINT('',(-0.049,0.1135,-0.049));
#19506=CARTESIAN_POINT('',(-0.049,0.0391,-0.049));
#19507=CARTESIAN_POINT('',(-0.049,0.0367,-0.049));
#19508=CARTESIAN_POINT('',(-0.049,0.1135,-0.049));
#19509=CARTESIAN_POINT('',(-0.049,0.0226,-0.049));
#19510=CARTESIAN_POINT('',(-0.049,0.0335,-0.049));
#19511=CARTESIAN_POINT('',(0.,0.0375,0.));
#19512=CARTESIAN_POINT('',(-0.042,0.0375,-0.042));
#19513=CARTESIAN_POINT('',(-0.0465,0.0375,-0.047));
#19514=CARTESIAN_POINT('',(-0.0425,0.0375,-0.047));
#19515=CARTESIAN_POINT('',(-0.0425,0.0375,-0.05));
#19516=CARTESIAN_POINT('',(-0.0425,0.0375,-0.0425));
#19517=CARTESIAN_POINT('',(-0.05,0.0375,-0.0425));
#19518=CARTESIAN_POINT('',(-0.0465,0.0375,-0.0425));
#19519=CARTESIAN_POINT('',(-0.0465,0.0375,0.047));
#19520=CARTESIAN_POINT('',(-0.0465,0.0396,0.047));
#19521=CARTESIAN_POINT('',(-0.0465,0.0391,-0.042));
#19522=CARTESIAN_POINT('',(-0.0465,0.0375,0.047));
#19523=CARTESIAN_POINT('',(-0.0465,0.0396,-0.047));
#19524=CARTESIAN_POINT('',(-0.0465,0.0396,-0.047));
#19525=CARTESIAN_POINT('',(-0.042,0.0391,-0.047));
#19526=CARTESIAN_POINT('',(-0.0465,0.0375,-0.047));
#19527=CARTESIAN_POINT('',(-0.0483443650813896,0.0336,-0.0499));
#19528=CARTESIAN_POINT('',(-0.0483443650813896,0.0336,-0.05));
#19529=CARTESIAN_POINT('',(-0.0483443650813896,0.0335,-0.05));
#19530=CARTESIAN_POINT('',(-0.0482888288132634,0.0336,-0.0498814879106245));
#19531=CARTESIAN_POINT('',(-0.0482831638039198,0.0336204006405823,-0.0499999999999994));
#19532=CARTESIAN_POINT('',(-0.0482703167238882,0.033500000000578,-0.05));
#19533=CARTESIAN_POINT('',(-0.0481781992320523,0.0336216687222347,-0.0498446113831687));
#19534=CARTESIAN_POINT('',(-0.0481958722419425,0.0337378259228424,-0.0500000000000006));
#19535=CARTESIAN_POINT('',(-0.0481228106152207,0.0335433374441807,-0.05));
#19536=CARTESIAN_POINT('',(-0.0481322330481904,0.0336738198430561,-0.0498292893230382));
#19537=CARTESIAN_POINT('',(-0.0483029436551308,0.0337370286081264,-0.0499999999999995));
#19538=CARTESIAN_POINT('',(-0.0480615223712288,0.0336476396861114,-0.05));
#19539=CARTESIAN_POINT('',(-0.0481322330470336,0.0337,-0.0498292893218813));
#19540=CARTESIAN_POINT('',(-0.0483029437251523,0.0337,-0.05));
#19541=CARTESIAN_POINT('',(-0.048061522368915,0.0337,-0.05));
#19542=CARTESIAN_POINT('',(-0.0483443650813896,0.0335,-0.0499));
#19543=CARTESIAN_POINT('',(-0.0483443650813896,0.0336,-0.0499));
#19544=CARTESIAN_POINT('',(-0.0483443650813896,0.0337,-0.0499));
#19545=CARTESIAN_POINT('',(-0.0481322330470337,0.0337,-0.0498292893218814));
#19546=CARTESIAN_POINT('',(-0.048061522368915,0.0337,-0.0499));
#19547=CARTESIAN_POINT('',(-0.05,0.0335,-0.0499));
#19548=CARTESIAN_POINT('',(-0.049,0.0335,-0.0499));
#19549=CARTESIAN_POINT('',(-0.049,0.0336,-0.0499));
#19550=CARTESIAN_POINT('',(-0.0488,0.0336,-0.0499));
#19551=CARTESIAN_POINT('',(-0.049,0.0335,-0.049));
#19552=CARTESIAN_POINT('',(-0.0499,0.0335,-0.049));
#19553=CARTESIAN_POINT('',(-0.0499,0.0336,-0.049));
#19554=CARTESIAN_POINT('',(-0.049,0.0336,-0.049));
#19555=CARTESIAN_POINT('',(-0.0499,0.0335,-0.05));
#19556=CARTESIAN_POINT('',(-0.0499,0.0335,-0.0483443650813896));
#19557=CARTESIAN_POINT('',(-0.0499,0.0336,-0.0483443650813896));
#19558=CARTESIAN_POINT('',(-0.0499,0.0336,-0.0488));
#19559=CARTESIAN_POINT('',(-0.0498292893218813,0.0337,-0.0481322330470336));
#19560=CARTESIAN_POINT('',(-0.05,0.0337,-0.0483029437251523));
#19561=CARTESIAN_POINT('',(-0.05,0.0337,-0.048061522368915));
#19562=CARTESIAN_POINT('',(-0.0498292893230382,0.0336738198430561,-0.0481322330481904));
#19563=CARTESIAN_POINT('',(-0.0499999999999995,0.0337370286081264,-0.0483029436551308));
#19564=CARTESIAN_POINT('',(-0.05,0.0336476396861114,-0.0480615223712288));
#19565=CARTESIAN_POINT('',(-0.0498446113831687,0.0336216687222347,-0.0481781992320523));
#19566=CARTESIAN_POINT('',(-0.0500000000000006,0.0337378259228424,-0.0481958722419425));
#19567=CARTESIAN_POINT('',(-0.05,0.0335433374441807,-0.0481228106152207));
#19568=CARTESIAN_POINT('',(-0.0498814879106245,0.0336,-0.0482888288132634));
#19569=CARTESIAN_POINT('',(-0.0499999999999994,0.0336204006405823,-0.0482831638039198));
#19570=CARTESIAN_POINT('',(-0.05,0.033500000000578,-0.0482703167238882));
#19571=CARTESIAN_POINT('',(-0.0499,0.0336,-0.0483443650813896));
#19572=CARTESIAN_POINT('',(-0.05,0.0336,-0.0483443650813896));
#19573=CARTESIAN_POINT('',(-0.05,0.0335,-0.0483443650813896));
#19574=CARTESIAN_POINT('',(-0.0499,0.0337,-0.048061522368915));
#19575=CARTESIAN_POINT('',(-0.0498292893218814,0.0337,-0.0481322330470337));
#19576=CARTESIAN_POINT('',(-0.0499,0.0337,-0.0483443650813896));
#19577=CARTESIAN_POINT('',(-0.0472855642156384,0.036590384126641,-0.0490866233234702));
#19578=CARTESIAN_POINT('',(-0.047273654403271,0.0365,-0.0489707106781187));
#19579=CARTESIAN_POINT('',(-0.0473225008366736,0.0365345396442957,-0.0490195571115213));
#19580=CARTESIAN_POINT('',(-0.0473676347314935,0.0365581098703353,-0.049041089883368));
#19581=CARTESIAN_POINT('',(-0.0473943650813896,0.0365707106781187,-0.04905));
#19582=CARTESIAN_POINT('',(-0.047273654403271,0.0365,-0.0489707106781187));
#19583=CARTESIAN_POINT('',(-0.0473943650813896,0.0365707106781187,-0.04905));
#19584=CARTESIAN_POINT('',(-0.0473443650813896,0.0366414213562373,-0.049));
#19585=CARTESIAN_POINT('',(-0.0473265448481255,0.0366162197406706,-0.049));
#19586=CARTESIAN_POINT('',(-0.0472980776199722,0.0365690792885915,-0.0489951338948199));
#19587=CARTESIAN_POINT('',(-0.0472736544032709,0.0365,-0.0489707106781187));
#19588=CARTESIAN_POINT('',(-0.0473443650813896,0.0366414213562373,-0.049));
#19589=CARTESIAN_POINT('',(-0.0473443664039639,0.036641420269978,-0.0489999319602851));
#19590=CARTESIAN_POINT('',(-0.0473646489755097,0.0366127265590038,-0.0490007843156512));
#19591=CARTESIAN_POINT('',(-0.0473838245849155,0.0365856081521153,-0.0490199599250569));
#19592=CARTESIAN_POINT('',(-0.047394398994433,0.036570663501976,-0.0490499645507541));
#19593=CARTESIAN_POINT('',(-0.0488,0.0336,-0.049));
#19594=CARTESIAN_POINT('',(-0.0473443650813896,0.0396,-0.049));
#19595=CARTESIAN_POINT('',(-0.0473443650813896,0.0395,-0.049));
#19596=CARTESIAN_POINT('',(-0.0488,0.0395,-0.049));
#19597=CARTESIAN_POINT('',(-0.0488,0.0395,-0.049));
#19598=CARTESIAN_POINT('',(-0.0488,0.0336,-0.049));
#19599=CARTESIAN_POINT('',(-0.0488,0.0367,-0.049));
#19600=CARTESIAN_POINT('',(-0.0488,0.0367,-0.049));
#19601=CARTESIAN_POINT('',(-0.0475443650813896,0.0367,-0.049));
#19602=CARTESIAN_POINT('',(-0.0475443650813896,0.0367,-0.049));
#19603=CARTESIAN_POINT('',(-0.047469733502622,0.0367,-0.049));
#19604=CARTESIAN_POINT('',(-0.0473976766511769,0.0366791183287496,-0.049));
#19605=CARTESIAN_POINT('',(-0.0473443650813896,0.0366414213562373,-0.049));
#19606=CARTESIAN_POINT('',(-0.0488,0.0336,-0.0488));
#19607=CARTESIAN_POINT('',(-0.0488,0.0395,-0.0488));
#19608=CARTESIAN_POINT('',(-0.049,0.0395,-0.0488));
#19609=CARTESIAN_POINT('',(-0.049,0.0336,-0.0488));
#19610=CARTESIAN_POINT('',(-0.049,0.0367,-0.0488));
#19611=CARTESIAN_POINT('',(-0.0488,0.0367,-0.0488));
#19612=CARTESIAN_POINT('',(-0.0491,0.0395,-0.05001));
#19613=CARTESIAN_POINT('',(-0.0491,0.0395,-0.0473443650813896));
#19614=CARTESIAN_POINT('',(-0.049,0.0395,-0.0473443650813896));
#19615=CARTESIAN_POINT('',(-0.049,0.0395,-0.0473443650813896));
#19616=CARTESIAN_POINT('',(-0.0491,0.0395,-0.0488));
#19617=CARTESIAN_POINT('',(-0.0489,0.0395,-0.0473443650813896));
#19618=CARTESIAN_POINT('',(-0.0490414213562373,0.0395,-0.0472029437251523));
#19619=CARTESIAN_POINT('',(-0.0489707106781187,0.0395,-0.047273654403271));
#19620=CARTESIAN_POINT('',(-0.0489,0.0395,-0.0473443650813896));
#19621=CARTESIAN_POINT('',(-0.0509242388155425,0.0395,-0.0490857611844575));
#19622=CARTESIAN_POINT('',(-0.0478686291501015,0.0395,-0.0460301515190165));
#19623=CARTESIAN_POINT('',(-0.0477979184719829,0.0395,-0.0461008621971352));
#19624=CARTESIAN_POINT('',(-0.0477979184719829,0.0395,-0.0461008621971352));
#19625=CARTESIAN_POINT('',(-0.0477272077938642,0.0395,-0.0461715728752538));
#19626=CARTESIAN_POINT('',(-0.0475857864376269,0.0395,-0.0460301515190165));
#19627=CARTESIAN_POINT('',(-0.0476564971157456,0.0395,-0.0461008621971352));
#19628=CARTESIAN_POINT('',(-0.0477272077938642,0.0395,-0.0461715728752538));
#19629=CARTESIAN_POINT('',(-0.0477272077938642,0.0336,-0.0460301515190165));
#19630=CARTESIAN_POINT('',(-0.0476564971157456,0.0336,-0.0461008621971352));
#19631=CARTESIAN_POINT('',(-0.0476564971157456,0.0337,-0.0461008621971352));
#19632=CARTESIAN_POINT('',(-0.0477272077938642,0.0395,-0.0460301515190165));
#19633=CARTESIAN_POINT('',(-0.0461008621971352,0.0395,-0.0476564971157456));
#19634=CARTESIAN_POINT('',(-0.0461008621971352,0.0336,-0.0476564971157456));
#19635=CARTESIAN_POINT('',(-0.0461008621971352,0.0337,-0.0476564971157456));
#19636=CARTESIAN_POINT('',(-0.0477272077938642,0.0337,-0.0460301515190165));
#19637=CARTESIAN_POINT('',(-0.0461715728752538,0.0395,-0.0477272077938642));
#19638=CARTESIAN_POINT('',(-0.0460301515190165,0.0395,-0.0475857864376269));
#19639=CARTESIAN_POINT('',(-0.0460301515190165,0.0395,-0.0478686291501015));
#19640=CARTESIAN_POINT('',(-0.0461008621971352,0.0395,-0.0477979184719829));
#19641=CARTESIAN_POINT('',(-0.0461715728752538,0.0395,-0.0477272077938642));
#19642=CARTESIAN_POINT('',(-0.0476564971157456,0.0395,-0.0459594408408979));
#19643=CARTESIAN_POINT('',(-0.0477272077938642,0.0336,-0.0461715728752538));
#19644=CARTESIAN_POINT('',(-0.0477979184719829,0.0336,-0.0461008621971352));
#19645=CARTESIAN_POINT('',(-0.0477979184719829,0.0337,-0.0461008621971352));
#19646=CARTESIAN_POINT('',(-0.0477272077938642,0.0337,-0.0461715728752538));
#19647=CARTESIAN_POINT('',(-0.0477272077938642,0.0337,-0.0461715728752538));
#19648=CARTESIAN_POINT('',(-0.0477272077938642,0.0337,-0.0461715728752538));
#19649=CARTESIAN_POINT('',(-0.0477272077938642,0.0336,-0.0461715728752538));
#19650=CARTESIAN_POINT('',(-0.0477272077938642,0.0337,-0.0461715728752538));
#19651=CARTESIAN_POINT('',(-0.0476564971157456,0.0337,-0.0461008621971352));
#19652=CARTESIAN_POINT('',(-0.0495778174593052,0.0336,-0.0480221825406948));
#19653=CARTESIAN_POINT('',(-0.0477272077938642,0.0337,-0.0460301515190165));
#19654=CARTESIAN_POINT('',(-0.0499,0.0336,-0.048061522368915));
#19655=CARTESIAN_POINT('',(-0.0499,0.0365,-0.048061522368915));
#19656=CARTESIAN_POINT('',(-0.0498292893218814,0.0365,-0.0481322330470337));
#19657=CARTESIAN_POINT('',(-0.0498292893218814,0.0365,-0.0481322330470337));
#19658=CARTESIAN_POINT('',(-0.0499,0.0366,-0.0483443650813896));
#19659=CARTESIAN_POINT('',(-0.05,0.0366,-0.0483443650813896));
#19660=CARTESIAN_POINT('',(-0.05,0.0367,-0.0483443650813896));
#19661=CARTESIAN_POINT('',(-0.0498814879106245,0.0366,-0.0482888288132634));
#19662=CARTESIAN_POINT('',(-0.0499999999999994,0.0365795993594171,-0.0482831638039198));
#19663=CARTESIAN_POINT('',(-0.05,0.036699999999422,-0.0482703167238882));
#19664=CARTESIAN_POINT('',(-0.0498446113831687,0.036578331277765,-0.0481781992320523));
#19665=CARTESIAN_POINT('',(-0.0500000000000005,0.036462174077157,-0.0481958722419425));
#19666=CARTESIAN_POINT('',(-0.05,0.0366566625558193,-0.0481228106152207));
#19667=CARTESIAN_POINT('',(-0.0498292893230382,0.0365261801569447,-0.0481322330481904));
#19668=CARTESIAN_POINT('',(-0.0499999999999997,0.0364629713918761,-0.0483029436551309));
#19669=CARTESIAN_POINT('',(-0.05,0.0365523603138886,-0.0480615223712288));
#19670=CARTESIAN_POINT('',(-0.0498292893218813,0.0365,-0.0481322330470336));
#19671=CARTESIAN_POINT('',(-0.05,0.0365,-0.0483029437251523));
#19672=CARTESIAN_POINT('',(-0.05,0.0365,-0.048061522368915));
#19673=CARTESIAN_POINT('',(-0.0499,0.0367,-0.0483443650813896));
#19674=CARTESIAN_POINT('',(-0.0499,0.0366,-0.0483443650813896));
#19675=CARTESIAN_POINT('',(-0.0499,0.0365,-0.0483443650813896));
#19676=CARTESIAN_POINT('',(-0.0499,0.0367,9.00340792280726E-18));
#19677=CARTESIAN_POINT('',(-0.0499,0.0367,-0.049));
#19678=CARTESIAN_POINT('',(-0.0499,0.0366,-0.049));
#19679=CARTESIAN_POINT('',(-0.0499,0.0366,-0.049));
#19680=CARTESIAN_POINT('',(-0.049,0.0367,-0.049));
#19681=CARTESIAN_POINT('',(-0.049,0.0367,-0.0499));
#19682=CARTESIAN_POINT('',(-0.049,0.0366,-0.0499));
#19683=CARTESIAN_POINT('',(-0.049,0.0366,-0.049));
#19684=CARTESIAN_POINT('',(1.14524293006569E-17,0.0367,-0.0499));
#19685=CARTESIAN_POINT('',(-0.0483443650813896,0.0367,-0.0499));
#19686=CARTESIAN_POINT('',(-0.0483443650813896,0.0366,-0.0499));
#19687=CARTESIAN_POINT('',(-0.0484443650813896,0.0366,-0.0499));
#19688=CARTESIAN_POINT('',(-0.0481322330470336,0.0365,-0.0498292893218813));
#19689=CARTESIAN_POINT('',(-0.0483029437251523,0.0365,-0.05));
#19690=CARTESIAN_POINT('',(-0.048061522368915,0.0365,-0.05));
#19691=CARTESIAN_POINT('',(-0.0481322330481904,0.0365261801569447,-0.0498292893230382));
#19692=CARTESIAN_POINT('',(-0.0483029436551309,0.0364629713918761,-0.0499999999999997));
#19693=CARTESIAN_POINT('',(-0.0480615223712288,0.0365523603138886,-0.05));
#19694=CARTESIAN_POINT('',(-0.0481781992320523,0.036578331277765,-0.0498446113831687));
#19695=CARTESIAN_POINT('',(-0.0481958722419425,0.036462174077157,-0.0500000000000006));
#19696=CARTESIAN_POINT('',(-0.0481228106152207,0.0366566625558193,-0.05));
#19697=CARTESIAN_POINT('',(-0.0482888288132634,0.0366,-0.0498814879106245));
#19698=CARTESIAN_POINT('',(-0.0482831638039198,0.0365795993594171,-0.0499999999999994));
#19699=CARTESIAN_POINT('',(-0.0482703167238882,0.036699999999422,-0.05));
#19700=CARTESIAN_POINT('',(-0.0483443650813896,0.0366,-0.0499));
#19701=CARTESIAN_POINT('',(-0.0483443650813896,0.0366,-0.05));
#19702=CARTESIAN_POINT('',(-0.0483443650813896,0.0367,-0.05));
#19703=CARTESIAN_POINT('',(-0.048061522368915,0.0365,-0.0499));
#19704=CARTESIAN_POINT('',(-0.0481322330470337,0.0365,-0.0498292893218814));
#19705=CARTESIAN_POINT('',(-0.0483443650813896,0.0365,-0.0499));
#19706=CARTESIAN_POINT('',(-0.048061522368915,0.0336,-0.0499));
#19707=CARTESIAN_POINT('',(-0.0481322330470337,0.0337,-0.0498292893218814));
#19708=CARTESIAN_POINT('',(-0.047373654403271,0.0337,-0.0489292893218814));
#19709=CARTESIAN_POINT('',(-0.0473029437251523,0.0337,-0.049));
#19710=CARTESIAN_POINT('',(-0.0461008621971352,0.0337,-0.0477979184719829));
#19711=CARTESIAN_POINT('',(-0.0480221825406948,0.0336,-0.0495778174593052));
#19712=CARTESIAN_POINT('',(-0.0461715728752538,0.0336,-0.0477272077938642));
#19713=CARTESIAN_POINT('',(-0.0461715728752538,0.0337,-0.0477272077938642));
#19714=CARTESIAN_POINT('',(-0.0461715728752538,0.0337,-0.0477272077938642));
#19715=CARTESIAN_POINT('',(-0.0461715728752538,0.0337,-0.0477272077938642));
#19716=CARTESIAN_POINT('',(-0.0461715728752538,0.0337,-0.0477272077938642));
#19717=CARTESIAN_POINT('',(-0.0488,0.0336,-0.0488));
#19718=CARTESIAN_POINT('',(-0.0461008621971352,0.0336,-0.0477979184719829));
#19719=CARTESIAN_POINT('',(-0.046949390334559,0.0337,-0.046949390334559));
#19720=CARTESIAN_POINT('',(-0.0461715728752538,0.0336,-0.0477272077938642));
#19721=CARTESIAN_POINT('',(-0.0461008621971352,0.0336,-0.0477979184719829));
#19722=CARTESIAN_POINT('',(-0.0490857611844575,0.0395,-0.0509242388155425));
#19723=CARTESIAN_POINT('',(-0.0472029437251523,0.0395,-0.0490414213562373));
#19724=CARTESIAN_POINT('',(-0.047273654403271,0.0395,-0.0489707106781187));
#19725=CARTESIAN_POINT('',(-0.047273654403271,0.0395,-0.0489707106781187));
#19726=CARTESIAN_POINT('',(-0.0473443650813896,0.0395,-0.0489));
#19727=CARTESIAN_POINT('',(-0.0473443650813896,0.0395,-0.0491));
#19728=CARTESIAN_POINT('',(-0.0473443650813896,0.0395,-0.0489));
#19729=CARTESIAN_POINT('',(-0.05,0.0395,-0.0491));
#19730=CARTESIAN_POINT('',(-0.0488,0.0395,-0.0491));
#19731=CARTESIAN_POINT('',(-0.0488,0.0395,-0.0488));
#19732=CARTESIAN_POINT('',(-0.049,0.0336,-0.0473029437251523));
#19733=CARTESIAN_POINT('',(-0.049,0.0366,-0.0473443650813896));
#19734=CARTESIAN_POINT('',(-0.049,0.0366414213562373,-0.0473443650813896));
#19735=CARTESIAN_POINT('',(-0.049,0.0366414213562373,-0.0473443650813896));
#19736=CARTESIAN_POINT('',(-0.049,0.0366804737854124,-0.0473995935563727));
#19737=CARTESIAN_POINT('',(-0.049,0.0367,-0.0474662602230393));
#19738=CARTESIAN_POINT('',(-0.049,0.0367,-0.0475443650813896));
#19739=CARTESIAN_POINT('',(-0.049,0.0367,-0.0475443650813896));
#19740=CARTESIAN_POINT('',(-0.049,0.0367,-0.0473029437251523));
#19741=CARTESIAN_POINT('',(-0.0490924741295462,0.0366557967897551,-0.0473708564587033));
#19742=CARTESIAN_POINT('',(-0.049,0.0367,-0.0475443650813896));
#19743=CARTESIAN_POINT('',(-0.049,0.0366476401224402,-0.0475443650813896));
#19744=CARTESIAN_POINT('',(-0.0490476401224402,0.0366,-0.0475443650813896));
#19745=CARTESIAN_POINT('',(-0.0491,0.0366,-0.0475443650813896));
#19746=CARTESIAN_POINT('',(-0.0491,0.0366,-0.0475443650813896));
#19747=CARTESIAN_POINT('',(-0.0489959326479517,0.0366414083976761,-0.0473449889214493));
#19748=CARTESIAN_POINT('',(-0.0489990267323769,0.0366127609798392,-0.0473645668583259));
#19749=CARTESIAN_POINT('',(-0.0490212151376863,0.0365857485083149,-0.0473818336161146));
#19750=CARTESIAN_POINT('',(-0.0490519853517377,0.0365746041453016,-0.0473927426147594));
#19751=CARTESIAN_POINT('',(-0.04905,0.0365707106781187,-0.0473943650813896));
#19752=CARTESIAN_POINT('',(-0.0491,0.0366,-0.0475443650813896));
#19753=CARTESIAN_POINT('',(-0.049085178678909,0.0366,-0.047492519735814));
#19754=CARTESIAN_POINT('',(-0.0490702433639434,0.036589222690361,-0.0474407883841129));
#19755=CARTESIAN_POINT('',(-0.04905,0.0365707106781187,-0.0473943650813897));
#19756=CARTESIAN_POINT('',(-0.049086623326212,0.0365903841322944,-0.0472855642208935));
#19757=CARTESIAN_POINT('',(-0.0489707106781187,0.0365,-0.0472736544032709));
#19758=CARTESIAN_POINT('',(-0.0489951338948199,0.0365690792885915,-0.0472980776199722));
#19759=CARTESIAN_POINT('',(-0.049,0.0366162197406706,-0.0473265448481255));
#19760=CARTESIAN_POINT('',(-0.049,0.0366414213562373,-0.0473443650813896));
#19761=CARTESIAN_POINT('',(-0.0489707106781187,0.0365,-0.047273654403271));
#19762=CARTESIAN_POINT('',(-0.04905,0.0365707106781187,-0.0473943650813897));
#19763=CARTESIAN_POINT('',(-0.049041089883368,0.0365581098703353,-0.0473676347314935));
#19764=CARTESIAN_POINT('',(-0.0490195571115212,0.0365345396442957,-0.0473225008366735));
#19765=CARTESIAN_POINT('',(-0.0489707106781187,0.0365,-0.047273654403271));
#19766=CARTESIAN_POINT('',(-0.0489,0.0336,-0.0473443650813896));
#19767=CARTESIAN_POINT('',(-0.0489707106781187,0.0396,-0.047273654403271));
#19768=CARTESIAN_POINT('',(-0.0477272077938642,0.0336,-0.0460301515190165));
#19769=CARTESIAN_POINT('',(-0.049,0.0365,-0.0473029437251523));
#19770=CARTESIAN_POINT('',(-0.0476564971157456,0.0365,-0.0461008621971352));
#19771=CARTESIAN_POINT('',(-0.0499292893218814,0.0366,-0.048373654403271));
#19772=CARTESIAN_POINT('',(-0.0491,0.0367,-0.0473029437251523));
#19773=CARTESIAN_POINT('',(-0.0491,0.0367,-0.0488));
#19774=CARTESIAN_POINT('',(-0.0491,0.0366,-0.0488));
#19775=CARTESIAN_POINT('',(-0.0491,0.0366,2.36527579938674E-16));
#19776=CARTESIAN_POINT('',(-0.0488,0.0367,-0.0488));
#19777=CARTESIAN_POINT('',(-0.0488,0.0367,-0.0491));
#19778=CARTESIAN_POINT('',(-0.0488,0.0366,-0.0491));
#19779=CARTESIAN_POINT('',(-0.0488,0.0366,-0.0488));
#19780=CARTESIAN_POINT('',(-0.0488,0.0367,-0.0491));
#19781=CARTESIAN_POINT('',(-0.0475443650813896,0.0366,-0.0491));
#19782=CARTESIAN_POINT('',(-0.0475443650813896,0.0366,-0.0490476401224402));
#19783=CARTESIAN_POINT('',(-0.0475443650813896,0.0366476401224402,-0.049));
#19784=CARTESIAN_POINT('',(-0.0475443650813896,0.0367,-0.049));
#19785=CARTESIAN_POINT('',(-0.0475443650813896,0.0366,-0.0491));
#19786=CARTESIAN_POINT('',(2.38976601316523E-16,0.0366,-0.0491));
#19787=CARTESIAN_POINT('',(-0.0475388986226469,0.0363426372246314,-0.049097254150757));
#19788=CARTESIAN_POINT('',(-0.0473943650813897,0.0365707106781187,-0.0490500000000001));
#19789=CARTESIAN_POINT('',(-0.0474210954312858,0.036583311485902,-0.0490589101166321));
#19790=CARTESIAN_POINT('',(-0.0474710954312858,0.0366,-0.0490755767832988));
#19791=CARTESIAN_POINT('',(-0.0475443650813897,0.0366,-0.0491));
#19792=CARTESIAN_POINT('',(-0.0473443650813896,0.0336,-0.0489));
#19793=CARTESIAN_POINT('',(-0.047273654403271,0.0366,-0.0489707106781187));
#19794=CARTESIAN_POINT('',(-0.0473029437251523,0.0336,-0.049));
#19795=CARTESIAN_POINT('',(-0.0483029437251523,0.0365,-0.05));
#19796=CARTESIAN_POINT('',(-0.047373654403271,0.0365,-0.0489292893218814));
#19797=CARTESIAN_POINT('',(-0.047373654403271,0.0366,-0.0489292893218814));
#19798=CARTESIAN_POINT('',(1.13968527085408E-17,0.0366,8.94783133069115E-18));
#19799=CARTESIAN_POINT('',(-0.0495,0.0391,-0.05));
#19800=CARTESIAN_POINT('',(-0.0495,0.0391,-0.042));
#19801=CARTESIAN_POINT('',(-0.0495,0.0391,-0.049));
#19802=CARTESIAN_POINT('',(-0.049,0.0391,-0.049));
#19803=CARTESIAN_POINT('',(-0.049,0.0391,-0.0495));
#19804=CARTESIAN_POINT('',(-0.05,0.0391,-0.0495));
#19805=CARTESIAN_POINT('',(-0.042,0.0391,-0.0495));
#19806=CARTESIAN_POINT('',(0.,0.0375,0.));
#19807=CARTESIAN_POINT('',(-0.0461715728752538,0.0375,-0.0477272077938642));
#19808=CARTESIAN_POINT('',(-0.0451059348446489,0.0375,-0.048));
#19809=CARTESIAN_POINT('',(0.,0.0375,-0.048));
#19810=CARTESIAN_POINT('',(-0.0425,0.0375,-0.048));
#19811=CARTESIAN_POINT('',(-0.0425,0.0375,-0.05));
#19812=CARTESIAN_POINT('',(0.,0.0375,0.));
#19813=CARTESIAN_POINT('',(-0.05,0.0375,-0.0425));
#19814=CARTESIAN_POINT('',(-0.0475,0.0375,-0.0425));
#19815=CARTESIAN_POINT('',(-0.0475,0.0375,0.));
#19816=CARTESIAN_POINT('',(-0.0475,0.0375,-0.0450952938136683));
#19817=CARTESIAN_POINT('',(-0.0477272077938642,0.0375,-0.0461715728752538));
#19818=CARTESIAN_POINT('',(-0.046949390334559,0.0375,-0.0453937554159486));
#19819=CARTESIAN_POINT('',(-0.0461715728752538,0.0375,-0.0461715728752538));
#19820=CARTESIAN_POINT('',(-0.05,0.1135,-0.0425));
#19821=CARTESIAN_POINT('',(-0.0475,0.1135,-0.0425));
#19822=CARTESIAN_POINT('',(-0.0425,0.1135,-0.0425));
#19823=CARTESIAN_POINT('',(-0.0425,0.0231,-0.0425));
#19824=CARTESIAN_POINT('',(-0.05,0.0231,-0.0425));
#19825=CARTESIAN_POINT('',(-0.049,0.0231,-0.0425));
#19826=CARTESIAN_POINT('',(-0.049,0.1135,-0.0425));
#19827=CARTESIAN_POINT('',(-0.0425,0.1135,-0.05));
#19828=CARTESIAN_POINT('',(-0.0425,0.1135,-0.049));
#19829=CARTESIAN_POINT('',(-0.0425,0.0231,-0.049));
#19830=CARTESIAN_POINT('',(-0.0425,0.0231,-0.05));
#19831=CARTESIAN_POINT('',(-0.0425,0.1135,-0.048));
#19832=CARTESIAN_POINT('',(-0.05,0.1135,-0.049));
#19833=CARTESIAN_POINT('',(-0.0458887301627792,0.1135,-0.049));
#19834=CARTESIAN_POINT('',(-0.0458887301627792,0.0337,-0.049));
#19835=CARTESIAN_POINT('',(-0.0474443650813896,0.0337,-0.049));
#19836=CARTESIAN_POINT('',(-0.0474443650813896,0.0326,-0.049));
#19837=CARTESIAN_POINT('',(-0.0488,0.0326,-0.049));
#19838=CARTESIAN_POINT('',(-0.049,0.0326,-0.049));
#19839=CARTESIAN_POINT('',(-0.049,0.1135,-0.049));
#19840=CARTESIAN_POINT('',(-0.049,0.0231,-0.049));
#19841=CARTESIAN_POINT('',(-0.05,0.0231,-0.049));
#19842=CARTESIAN_POINT('',(-0.049,0.1135,-0.05));
#19843=CARTESIAN_POINT('',(-0.049,0.0231,-0.05));
#19844=CARTESIAN_POINT('',(-0.049,0.0326,-0.05));
#19845=CARTESIAN_POINT('',(-0.049,0.0326,-0.0474443650813896));
#19846=CARTESIAN_POINT('',(-0.049,0.0337,-0.0474443650813896));
#19847=CARTESIAN_POINT('',(-0.049,0.0337,-0.0458887301627792));
#19848=CARTESIAN_POINT('',(-0.049,0.0336,-0.0458887301627792));
#19849=CARTESIAN_POINT('',(-0.0475,0.0396,0.047));
#19850=CARTESIAN_POINT('',(-0.0475,0.0336,-0.0450952938136683));
#19851=CARTESIAN_POINT('',(-0.0465,0.0396,-0.048));
#19852=CARTESIAN_POINT('',(-0.0451059348446489,0.0336,-0.048));
#19853=CARTESIAN_POINT('',(-0.05,0.0231,-0.05001));
#19854=CARTESIAN_POINT('',(-0.0470201010126777,0.0336,-0.04532304473783));
#19855=CARTESIAN_POINT('',(-0.046949390334559,0.0336,-0.0453937554159486));
#19856=CARTESIAN_POINT('',(-0.046949390334559,0.0337,-0.0453937554159486));
#19857=CARTESIAN_POINT('',(-0.0470201010126777,0.0337,-0.04532304473783));
#19858=CARTESIAN_POINT('',(-0.0453937554159486,0.0337,-0.046949390334559));
#19859=CARTESIAN_POINT('',(-0.0453937554159486,0.0336,-0.046949390334559));
#19860=CARTESIAN_POINT('',(-0.0477272077938642,0.0336,-0.0461715728752538));
#19861=CARTESIAN_POINT('',(-0.0485050252531694,0.0336,-0.0453937554159486));
#19862=CARTESIAN_POINT('',(-0.0485050252531694,0.0337,-0.0453937554159486));
#19863=CARTESIAN_POINT('',(-0.0477272077938642,0.0337,-0.0461715728752538));
#19864=CARTESIAN_POINT('',(-0.0477272077938642,0.0337,-0.0461715728752538));
#19865=CARTESIAN_POINT('',(-0.0477272077938642,0.0337,-0.0461715728752538));
#19866=CARTESIAN_POINT('',(-0.0477272077938642,0.0326,-0.0461715728752538));
#19867=CARTESIAN_POINT('',(-0.0477272077938642,0.0337,-0.0461715728752538));
#19868=CARTESIAN_POINT('',(-0.0476564971157456,0.0337,-0.0461008621971352));
#19869=CARTESIAN_POINT('',(-0.0476564971157456,0.0326,-0.0461008621971352));
#19870=CARTESIAN_POINT('',(-0.0484343145750508,0.0337,-0.04532304473783));
#19871=CARTESIAN_POINT('',(-0.047373654403271,0.0337,-0.0489292893218814));
#19872=CARTESIAN_POINT('',(-0.0465958369439658,0.0337,-0.0497071067811866));
#19873=CARTESIAN_POINT('',(-0.0453937554159486,0.0337,-0.0485050252531694));
#19874=CARTESIAN_POINT('',(-0.0461715728752538,0.0337,-0.0477272077938642));
#19875=CARTESIAN_POINT('',(-0.0461715728752538,0.0326,-0.0477272077938642));
#19876=CARTESIAN_POINT('',(-0.047373654403271,0.0326,-0.0489292893218814));
#19877=CARTESIAN_POINT('',(-0.0461715728752538,0.0337,-0.0477272077938642));
#19878=CARTESIAN_POINT('',(-0.0461715728752538,0.0337,-0.0477272077938642));
#19879=CARTESIAN_POINT('',(-0.0461715728752538,0.0337,-0.0477272077938642));
#19880=CARTESIAN_POINT('',(-0.0488,0.0326,-0.0488));
#19881=CARTESIAN_POINT('',(-0.046949390334559,0.0326,-0.046949390334559));
#19882=CARTESIAN_POINT('',(-0.046949390334559,0.0337,-0.046949390334559));
#19883=CARTESIAN_POINT('',(-0.0461715728752538,0.0336,-0.0477272077938642));
#19884=CARTESIAN_POINT('',(-0.0453937554159486,0.0336,-0.0485050252531694));
#19885=CARTESIAN_POINT('',(-0.0484343145750508,0.0336,-0.04532304473783));
#19886=CARTESIAN_POINT('',(-0.0465958369439658,0.0336,-0.0497071067811866));
#19887=CARTESIAN_POINT('',(-0.042,0.1135,-0.0495));
#19888=CARTESIAN_POINT('',(-0.042,0.0226,-0.0495));
#19889=CARTESIAN_POINT('',(-0.042,0.0391,-0.0495));
#19890=CARTESIAN_POINT('',(-0.042,0.0391,-0.0495));
#19891=CARTESIAN_POINT('',(-0.042,0.0391,-0.05001));
#19892=CARTESIAN_POINT('',(-0.0495,0.1135,-0.042));
#19893=CARTESIAN_POINT('',(-0.0495,0.0391,-0.042));
#19894=CARTESIAN_POINT('',(-0.0495,0.0391,-0.042));
#19895=CARTESIAN_POINT('',(-0.0495,0.0391,-0.042));
#19896=CARTESIAN_POINT('',(-0.0415,0.0391,-0.042));
#19897=CARTESIAN_POINT('',(-0.042,0.1135,-0.042));
#19898=CARTESIAN_POINT('',(-0.042,0.0226,-0.042));
#19899=CARTESIAN_POINT('',(-0.049,0.0226,-0.049));
#19900=CARTESIAN_POINT('',(-0.0495,0.0226,-0.049));
#19901=CARTESIAN_POINT('',(-0.049,0.0226,-0.0495));
#19902=CARTESIAN_POINT('',(-0.05,0.0226,-0.0495));
#19903=CARTESIAN_POINT('',(-0.042,0.0226,-0.0495));
#19904=CARTESIAN_POINT('',(-0.0495,0.0226,-0.05001));
#19905=CARTESIAN_POINT('',(-0.0495,0.0226,-0.042));
#19906=CARTESIAN_POINT('',(-0.042,0.0226,-0.0495));
#19907=CARTESIAN_POINT('',(-0.042,0.0226,-0.0495));
#19908=CARTESIAN_POINT('',(-0.0495,0.0226,-0.042));
#19909=CARTESIAN_POINT('',(-0.0495,0.0226,-0.042));
#19910=CARTESIAN_POINT('',(-0.042,0.0226,-0.05001));
#19911=CARTESIAN_POINT('',(-0.042,0.0226,-0.042));
#19912=CARTESIAN_POINT('',(-0.05,0.0226,-0.042));
#19913=CARTESIAN_POINT('',(-0.042,0.0226,-0.042));
#19914=CARTESIAN_POINT('',(-0.042,0.0226,-0.042));
#19915=MECHANICAL_DESIGN_GEOMETRIC_PRESENTATION_REPRESENTATION('',(#11041),
#19916);
#19916=(
GEOMETRIC_REPRESENTATION_CONTEXT(3)
GLOBAL_UNCERTAINTY_ASSIGNED_CONTEXT((#19917))
GLOBAL_UNIT_ASSIGNED_CONTEXT((#19920,#19919,#19918))
REPRESENTATION_CONTEXT('Part 5','TOP_LEVEL_ASSEMBLY_PART')
);
#19917=UNCERTAINTY_MEASURE_WITH_UNIT(LENGTH_MEASURE(2.E-5),#19920,
'DISTANCE_ACCURACY_VALUE','Maximum Tolerance applied to model');
#19918=(
NAMED_UNIT(*)
SI_UNIT($,.STERADIAN.)
SOLID_ANGLE_UNIT()
);
#19919=(
NAMED_UNIT(*)
PLANE_ANGLE_UNIT()
SI_UNIT($,.RADIAN.)
);
#19920=(
LENGTH_UNIT()
NAMED_UNIT(*)
SI_UNIT($,.METRE.)
);
#19921=PRODUCT_DEFINITION_SHAPE('','',#19922);
#19922=PRODUCT_DEFINITION('','',#19924,#19923);
#19923=PRODUCT_DEFINITION_CONTEXT('',#19930,'design');
#19924=PRODUCT_DEFINITION_FORMATION_WITH_SPECIFIED_SOURCE('','',#19926,
 .NOT_KNOWN.);
#19925=PRODUCT_RELATED_PRODUCT_CATEGORY('','',(#19926));
#19926=PRODUCT('Part 5','Part 5','Part 5',(#19928));
#19927=PRODUCT_CATEGORY('','');
#19928=PRODUCT_CONTEXT('',#19930,'mechanical');
#19929=APPLICATION_PROTOCOL_DEFINITION('international standard',
'ap242_managed_model_based_3d_engineering',2020,#19930);
#19930=APPLICATION_CONTEXT('managed model based 3d engineering');
ENDSEC;
END-ISO-10303-21;
