ISO-10303-21;
HEADER;
/* Generated by software containing ST-Developer
 * from STEP Tools, Inc. (www.steptools.com) 
 */
/* OPTION: using custom renumber hook */

FILE_DESCRIPTION(
/* description */ ('STEP AP242 Edition 2',
'CAx-IF Rec.Pracs.---Representation and Presentation of Product Manufa
cturing Information (PMI)---4.0---2014-10-13',
'CAx-IF Rec.Pracs.---3D Tessellated Geometry---0.4---2014-09-14','2;1',
'CAx-IF Rec.Pracs.---User Defined Attributes---1.5---2016-08-15'),
/* implementation_level */ '2;1');

FILE_NAME(
/* name */ 'Cube Brick - Part 3',
/* time_stamp */ '2026-09-23T21:02:19Z',
/* author */ (''),
/* organization */ (''),
/* preprocessor_version */ 'ST-DEVELOPER v20',
/* originating_system */ 'ONSHAPE BY PTC INC, 1.221',
/* authorisation */ '  ');

FILE_SCHEMA (('AP242_MANAGED_MODEL_BASED_3D_ENGINEERING_MIM_LF { 1 0 10303 442 3 1 4 }'));
ENDSEC;

DATA;
#10=SHAPE_REPRESENTATION_RELATIONSHIP('','',#11051,#11);
#11=ADVANCED_BREP_SHAPE_REPRESENTATION('',(#11049),#19904);
#12=SPHERICAL_SURFACE('',#11244,0.0001);
#13=SPHERICAL_SURFACE('',#11264,0.0001);
#14=SPHERICAL_SURFACE('',#11318,0.0011);
#15=SPHERICAL_SURFACE('',#11324,0.0011);
#16=SPHERICAL_SURFACE('',#11335,0.0005);
#17=SPHERICAL_SURFACE('',#11341,0.0005);
#18=SPHERICAL_SURFACE('',#11346,0.0005);
#19=SPHERICAL_SURFACE('',#11355,0.0005);
#20=SPHERICAL_SURFACE('',#11361,0.0005);
#21=SPHERICAL_SURFACE('',#11587,0.0001);
#22=SPHERICAL_SURFACE('',#11607,0.0001);
#23=SPHERICAL_SURFACE('',#11662,0.0011);
#24=SPHERICAL_SURFACE('',#11668,0.0011);
#25=SPHERICAL_SURFACE('',#11678,0.0005);
#26=SPHERICAL_SURFACE('',#11683,0.0005);
#27=SPHERICAL_SURFACE('',#11688,0.0005);
#28=SPHERICAL_SURFACE('',#11697,0.0005);
#29=SPHERICAL_SURFACE('',#11703,0.0005);
#30=SPHERICAL_SURFACE('',#11883,0.0001);
#31=SPHERICAL_SURFACE('',#11903,0.0001);
#32=SPHERICAL_SURFACE('',#11957,0.0011);
#33=SPHERICAL_SURFACE('',#11963,0.0011);
#34=SPHERICAL_SURFACE('',#11973,0.0005);
#35=SPHERICAL_SURFACE('',#11979,0.0005);
#36=SPHERICAL_SURFACE('',#11984,0.0005);
#37=SPHERICAL_SURFACE('',#11993,0.0005);
#38=SPHERICAL_SURFACE('',#11999,0.0005);
#39=SPHERICAL_SURFACE('',#12187,0.0001);
#40=SPHERICAL_SURFACE('',#12207,0.0001);
#41=SPHERICAL_SURFACE('',#12261,0.0011);
#42=SPHERICAL_SURFACE('',#12267,0.0011);
#43=SPHERICAL_SURFACE('',#12278,0.0005);
#44=SPHERICAL_SURFACE('',#12283,0.0005);
#45=SPHERICAL_SURFACE('',#12288,0.0005);
#46=SPHERICAL_SURFACE('',#12297,0.0005);
#47=SPHERICAL_SURFACE('',#12303,0.0005);
#48=CONICAL_SURFACE('',#11121,6.50840713213249E-5,0.1954238342417);
#49=CONICAL_SURFACE('',#11148,6.50840710411762E-5,0.195423831011093);
#50=CONICAL_SURFACE('',#11481,6.50840710411709E-5,0.195423831011096);
#51=CONICAL_SURFACE('',#11508,6.50840710411754E-5,0.195423831011097);
#52=CONICAL_SURFACE('',#11770,6.508407104117E-5,0.195423831011106);
#53=CONICAL_SURFACE('',#11797,6.50840713213307E-5,0.19542383424169);
#54=CONICAL_SURFACE('',#12082,6.50840713213242E-5,0.195423834241691);
#55=CONICAL_SURFACE('',#12109,6.50840710411754E-5,0.195423831011098);
#56=(
BOUNDED_SURFACE()
B_SPLINE_SURFACE(3,2,((#15950,#15951,#15952),(#15953,#15954,#15955),(#15956,
#15957,#15958),(#15959,#15960,#15961)),.UNSPECIFIED.,.F.,.F.,.F.)
B_SPLINE_SURFACE_WITH_KNOTS((4,4),(3,3),(1.5707963267949,3.14159265358979),
(0.,1.),.PIECEWISE_BEZIER_KNOTS.)
GEOMETRIC_REPRESENTATION_ITEM()
RATIONAL_B_SPLINE_SURFACE(((1.,0.707106781186513,1.),(1.,0.838007078537092,
1.),(1.,0.923879529701469,1.),(1.,0.923879532511283,1.)))
REPRESENTATION_ITEM('')
SURFACE()
);
#57=(
BOUNDED_SURFACE()
B_SPLINE_SURFACE(3,2,((#15971,#15972,#15973),(#15974,#15975,#15976),(#15977,
#15978,#15979),(#15980,#15981,#15982),(#15983,#15984,#15985)),
 .UNSPECIFIED.,.F.,.F.,.F.)
B_SPLINE_SURFACE_WITH_KNOTS((4,1,4),(3,3),(1.68745903752002E-17,0.000116263244607087,
0.000232526489214157),(0.,1.),.UNSPECIFIED.)
GEOMETRIC_REPRESENTATION_ITEM()
RATIONAL_B_SPLINE_SURFACE(((1.,0.707106781186364,1.),(1.,0.776059130662341,
1.),(1.,0.893712461712869,1.),(1.,0.981324308837322,1.),(1.,0.96432271661463,
1.)))
REPRESENTATION_ITEM('')
SURFACE()
);
#58=(
BOUNDED_SURFACE()
B_SPLINE_SURFACE(3,2,((#16010,#16011,#16012),(#16013,#16014,#16015),(#16016,
#16017,#16018),(#16019,#16020,#16021)),.UNSPECIFIED.,.F.,.F.,.F.)
B_SPLINE_SURFACE_WITH_KNOTS((4,4),(3,3),(1.02300472290004,1.57079632679489),
(0.,1.),.PIECEWISE_BEZIER_KNOTS.)
GEOMETRIC_REPRESENTATION_ITEM()
RATIONAL_B_SPLINE_SURFACE(((1.,0.827122574209072,1.),(1.,0.793807349262746,
1.),(1.,0.752756087365118,1.),(1.,0.707106781186565,1.)))
REPRESENTATION_ITEM('')
SURFACE()
);
#59=(
BOUNDED_SURFACE()
B_SPLINE_SURFACE(3,2,((#16036,#16037,#16038),(#16039,#16040,#16041),(#16042,
#16043,#16044),(#16045,#16046,#16047)),.UNSPECIFIED.,.F.,.F.,.F.)
B_SPLINE_SURFACE_WITH_KNOTS((4,4),(3,3),(-8.88178419700125E-16,1.5707963267949),
(0.,1.),.PIECEWISE_BEZIER_KNOTS.)
GEOMETRIC_REPRESENTATION_ITEM()
RATIONAL_B_SPLINE_SURFACE(((1.,0.923879532511283,1.),(1.,0.923879529701469,
1.),(1.,0.838007078534224,1.),(1.,0.70710678118653,1.)))
REPRESENTATION_ITEM('')
SURFACE()
);
#60=(
BOUNDED_SURFACE()
B_SPLINE_SURFACE(3,2,((#16057,#16058,#16059),(#16060,#16061,#16062),(#16063,
#16064,#16065),(#16066,#16067,#16068),(#16069,#16070,#16071)),
 .UNSPECIFIED.,.F.,.F.,.F.)
B_SPLINE_SURFACE_WITH_KNOTS((4,1,4),(3,3),(-1.52838625002566E-17,0.000117283705291485,
0.000234567410582985),(0.,1.),.UNSPECIFIED.)
GEOMETRIC_REPRESENTATION_ITEM()
RATIONAL_B_SPLINE_SURFACE(((1.,0.96432271661469,1.),(1.,0.98135291183693,
1.),(1.,0.893884270287889,1.),(1.,0.775509924697423,1.),(1.,0.707106781186548,
1.)))
REPRESENTATION_ITEM('')
SURFACE()
);
#61=(
BOUNDED_SURFACE()
B_SPLINE_SURFACE(3,2,((#16368,#16369,#16370),(#16371,#16372,#16373),(#16374,
#16375,#16376),(#16377,#16378,#16379),(#16380,#16381,#16382)),
 .UNSPECIFIED.,.F.,.F.,.F.)
B_SPLINE_SURFACE_WITH_KNOTS((4,1,4),(3,3),(4.71238898038469,5.49778714378214,
6.28318530717959),(0.,1.),.UNSPECIFIED.)
GEOMETRIC_REPRESENTATION_ITEM()
RATIONAL_B_SPLINE_SURFACE(((1.,0.707106781186548,1.),(1.,0.641656763249457,
1.),(1.,0.487829893461174,1.),(1.,0.38268344982822,1.),(1.,0.38268343236509,
1.)))
REPRESENTATION_ITEM('')
SURFACE()
);
#62=(
BOUNDED_SURFACE()
B_SPLINE_SURFACE(3,2,((#16400,#16401,#16402),(#16403,#16404,#16405),(#16406,
#16407,#16408),(#16409,#16410,#16411),(#16412,#16413,#16414)),
 .UNSPECIFIED.,.F.,.F.,.F.)
B_SPLINE_SURFACE_WITH_KNOTS((4,1,4),(3,3),(3.14159265358979,3.92699081698724,
4.71238898038469),(0.,1.),.UNSPECIFIED.)
GEOMETRIC_REPRESENTATION_ITEM()
RATIONAL_B_SPLINE_SURFACE(((1.,0.38268343236509,1.),(1.,0.38268344982822,
1.),(1.,0.487829893461173,1.),(1.,0.641656763249457,1.),(1.,0.707106781186548,
1.)))
REPRESENTATION_ITEM('')
SURFACE()
);
#63=(
BOUNDED_SURFACE()
B_SPLINE_SURFACE(3,2,((#16499,#16500,#16501),(#16502,#16503,#16504),(#16505,
#16506,#16507),(#16508,#16509,#16510),(#16511,#16512,#16513)),
 .UNSPECIFIED.,.F.,.F.,.F.)
B_SPLINE_SURFACE_WITH_KNOTS((4,1,4),(3,3),(1.5707963267949,2.35619449019234,
3.14159265358979),(0.,1.),.UNSPECIFIED.)
GEOMETRIC_REPRESENTATION_ITEM()
RATIONAL_B_SPLINE_SURFACE(((1.,0.707106781186548,1.),(1.,0.641656763249449,
1.),(1.,0.487829893461178,1.),(1.,0.38268344982822,1.),(1.,0.38268343236509,
1.)))
REPRESENTATION_ITEM('')
SURFACE()
);
#64=(
BOUNDED_SURFACE()
B_SPLINE_SURFACE(3,2,((#16529,#16530,#16531),(#16532,#16533,#16534),(#16535,
#16536,#16537),(#16538,#16539,#16540),(#16541,#16542,#16543)),
 .UNSPECIFIED.,.F.,.F.,.F.)
B_SPLINE_SURFACE_WITH_KNOTS((4,1,4),(3,3),(1.57194340642116E-15,0.78539816339745,
1.5707963267949),(0.,1.),.UNSPECIFIED.)
GEOMETRIC_REPRESENTATION_ITEM()
RATIONAL_B_SPLINE_SURFACE(((1.,0.38268343236509,1.),(1.,0.38268344982822,
1.),(1.,0.487829893461177,1.),(1.,0.641656763249449,1.),(1.,0.707106781186548,
1.)))
REPRESENTATION_ITEM('')
SURFACE()
);
#65=(
BOUNDED_SURFACE()
B_SPLINE_SURFACE(3,2,((#17214,#17215,#17216),(#17217,#17218,#17219),(#17220,
#17221,#17222),(#17223,#17224,#17225)),.UNSPECIFIED.,.F.,.F.,.F.)
B_SPLINE_SURFACE_WITH_KNOTS((4,4),(3,3),(1.5707963267949,3.14159265358979),
(0.,1.),.PIECEWISE_BEZIER_KNOTS.)
GEOMETRIC_REPRESENTATION_ITEM()
RATIONAL_B_SPLINE_SURFACE(((1.,0.707106781186513,1.),(1.,0.838007078537092,
1.),(1.,0.923879529701469,1.),(1.,0.923879532511283,1.)))
REPRESENTATION_ITEM('')
SURFACE()
);
#66=(
BOUNDED_SURFACE()
B_SPLINE_SURFACE(3,2,((#17235,#17236,#17237),(#17238,#17239,#17240),(#17241,
#17242,#17243),(#17244,#17245,#17246),(#17247,#17248,#17249)),
 .UNSPECIFIED.,.F.,.F.,.F.)
B_SPLINE_SURFACE_WITH_KNOTS((4,1,4),(3,3),(1.68745903752002E-17,0.000116263244607087,
0.000232526489214157),(0.,1.),.UNSPECIFIED.)
GEOMETRIC_REPRESENTATION_ITEM()
RATIONAL_B_SPLINE_SURFACE(((1.,0.707106781186364,1.),(1.,0.776059130662341,
1.),(1.,0.893712461712869,1.),(1.,0.981324308837322,1.),(1.,0.96432271661463,
1.)))
REPRESENTATION_ITEM('')
SURFACE()
);
#67=(
BOUNDED_SURFACE()
B_SPLINE_SURFACE(3,2,((#17274,#17275,#17276),(#17277,#17278,#17279),(#17280,
#17281,#17282),(#17283,#17284,#17285)),.UNSPECIFIED.,.F.,.F.,.F.)
B_SPLINE_SURFACE_WITH_KNOTS((4,4),(3,3),(1.02300472290004,1.57079632679489),
(0.,1.),.PIECEWISE_BEZIER_KNOTS.)
GEOMETRIC_REPRESENTATION_ITEM()
RATIONAL_B_SPLINE_SURFACE(((1.,0.827122574209072,1.),(1.,0.793807349262746,
1.),(1.,0.752756087365118,1.),(1.,0.707106781186565,1.)))
REPRESENTATION_ITEM('')
SURFACE()
);
#68=(
BOUNDED_SURFACE()
B_SPLINE_SURFACE(3,2,((#17300,#17301,#17302),(#17303,#17304,#17305),(#17306,
#17307,#17308),(#17309,#17310,#17311)),.UNSPECIFIED.,.F.,.F.,.F.)
B_SPLINE_SURFACE_WITH_KNOTS((4,4),(3,3),(-8.88178419700125E-16,1.5707963267949),
(0.,1.),.PIECEWISE_BEZIER_KNOTS.)
GEOMETRIC_REPRESENTATION_ITEM()
RATIONAL_B_SPLINE_SURFACE(((1.,0.923879532511283,1.),(1.,0.923879529701469,
1.),(1.,0.838007078534224,1.),(1.,0.70710678118653,1.)))
REPRESENTATION_ITEM('')
SURFACE()
);
#69=(
BOUNDED_SURFACE()
B_SPLINE_SURFACE(3,2,((#17321,#17322,#17323),(#17324,#17325,#17326),(#17327,
#17328,#17329),(#17330,#17331,#17332),(#17333,#17334,#17335)),
 .UNSPECIFIED.,.F.,.F.,.F.)
B_SPLINE_SURFACE_WITH_KNOTS((4,1,4),(3,3),(-1.52838625002566E-17,0.000117283705291485,
0.000234567410582985),(0.,1.),.UNSPECIFIED.)
GEOMETRIC_REPRESENTATION_ITEM()
RATIONAL_B_SPLINE_SURFACE(((1.,0.96432271661469,1.),(1.,0.98135291183693,
1.),(1.,0.893884270287889,1.),(1.,0.775509924697423,1.),(1.,0.707106781186548,
1.)))
REPRESENTATION_ITEM('')
SURFACE()
);
#70=(
BOUNDED_SURFACE()
B_SPLINE_SURFACE(3,2,((#17496,#17497,#17498),(#17499,#17500,#17501),(#17502,
#17503,#17504),(#17505,#17506,#17507),(#17508,#17509,#17510)),
 .UNSPECIFIED.,.F.,.F.,.F.)
B_SPLINE_SURFACE_WITH_KNOTS((4,1,4),(3,3),(4.71238898038469,5.49778714378214,
6.28318530717959),(0.,1.),.UNSPECIFIED.)
GEOMETRIC_REPRESENTATION_ITEM()
RATIONAL_B_SPLINE_SURFACE(((1.,0.707106781186548,1.),(1.,0.641656763249457,
1.),(1.,0.487829893461174,1.),(1.,0.38268344982822,1.),(1.,0.38268343236509,
1.)))
REPRESENTATION_ITEM('')
SURFACE()
);
#71=(
BOUNDED_SURFACE()
B_SPLINE_SURFACE(3,2,((#17528,#17529,#17530),(#17531,#17532,#17533),(#17534,
#17535,#17536),(#17537,#17538,#17539),(#17540,#17541,#17542)),
 .UNSPECIFIED.,.F.,.F.,.F.)
B_SPLINE_SURFACE_WITH_KNOTS((4,1,4),(3,3),(3.14159265358979,3.92699081698724,
4.71238898038469),(0.,1.),.UNSPECIFIED.)
GEOMETRIC_REPRESENTATION_ITEM()
RATIONAL_B_SPLINE_SURFACE(((1.,0.38268343236509,1.),(1.,0.38268344982822,
1.),(1.,0.487829893461173,1.),(1.,0.641656763249457,1.),(1.,0.707106781186548,
1.)))
REPRESENTATION_ITEM('')
SURFACE()
);
#72=(
BOUNDED_SURFACE()
B_SPLINE_SURFACE(3,2,((#17624,#17625,#17626),(#17627,#17628,#17629),(#17630,
#17631,#17632),(#17633,#17634,#17635),(#17636,#17637,#17638)),
 .UNSPECIFIED.,.F.,.F.,.F.)
B_SPLINE_SURFACE_WITH_KNOTS((4,1,4),(3,3),(1.5707963267949,2.35619449019234,
3.14159265358979),(0.,1.),.UNSPECIFIED.)
GEOMETRIC_REPRESENTATION_ITEM()
RATIONAL_B_SPLINE_SURFACE(((1.,0.707106781186548,1.),(1.,0.641656763249449,
1.),(1.,0.487829893461178,1.),(1.,0.38268344982822,1.),(1.,0.38268343236509,
1.)))
REPRESENTATION_ITEM('')
SURFACE()
);
#73=(
BOUNDED_SURFACE()
B_SPLINE_SURFACE(3,2,((#17654,#17655,#17656),(#17657,#17658,#17659),(#17660,
#17661,#17662),(#17663,#17664,#17665),(#17666,#17667,#17668)),
 .UNSPECIFIED.,.F.,.F.,.F.)
B_SPLINE_SURFACE_WITH_KNOTS((4,1,4),(3,3),(1.57194340642116E-15,0.78539816339745,
1.5707963267949),(0.,1.),.UNSPECIFIED.)
GEOMETRIC_REPRESENTATION_ITEM()
RATIONAL_B_SPLINE_SURFACE(((1.,0.38268343236509,1.),(1.,0.38268344982822,
1.),(1.,0.487829893461177,1.),(1.,0.641656763249449,1.),(1.,0.707106781186548,
1.)))
REPRESENTATION_ITEM('')
SURFACE()
);
#74=(
BOUNDED_SURFACE()
B_SPLINE_SURFACE(3,2,((#17750,#17751,#17752),(#17753,#17754,#17755),(#17756,
#17757,#17758),(#17759,#17760,#17761)),.UNSPECIFIED.,.F.,.F.,.F.)
B_SPLINE_SURFACE_WITH_KNOTS((4,4),(3,3),(0.785398163397426,1.5707963267949),
(0.,1.),.PIECEWISE_BEZIER_KNOTS.)
GEOMETRIC_REPRESENTATION_ITEM()
RATIONAL_B_SPLINE_SURFACE(((1.,0.86602540378445,1.),(1.,0.828237829173728,
1.),(1.,0.772556798037056,1.),(1.,0.707106781186548,1.)))
REPRESENTATION_ITEM('')
SURFACE()
);
#75=(
BOUNDED_SURFACE()
B_SPLINE_SURFACE(3,2,((#18160,#18161,#18162),(#18163,#18164,#18165),(#18166,
#18167,#18168),(#18169,#18170,#18171)),.UNSPECIFIED.,.F.,.F.,.F.)
B_SPLINE_SURFACE_WITH_KNOTS((4,4),(3,3),(1.5707963267949,3.14159265358979),
(0.,1.),.PIECEWISE_BEZIER_KNOTS.)
GEOMETRIC_REPRESENTATION_ITEM()
RATIONAL_B_SPLINE_SURFACE(((1.,0.707106781186513,1.),(1.,0.838007078537092,
1.),(1.,0.923879529701469,1.),(1.,0.923879532511283,1.)))
REPRESENTATION_ITEM('')
SURFACE()
);
#76=(
BOUNDED_SURFACE()
B_SPLINE_SURFACE(3,2,((#18181,#18182,#18183),(#18184,#18185,#18186),(#18187,
#18188,#18189),(#18190,#18191,#18192),(#18193,#18194,#18195)),
 .UNSPECIFIED.,.F.,.F.,.F.)
B_SPLINE_SURFACE_WITH_KNOTS((4,1,4),(3,3),(1.68745903752002E-17,0.000116263244607087,
0.000232526489214157),(0.,1.),.UNSPECIFIED.)
GEOMETRIC_REPRESENTATION_ITEM()
RATIONAL_B_SPLINE_SURFACE(((1.,0.707106781186364,1.),(1.,0.776059130662341,
1.),(1.,0.893712461712869,1.),(1.,0.981324308837322,1.),(1.,0.96432271661463,
1.)))
REPRESENTATION_ITEM('')
SURFACE()
);
#77=(
BOUNDED_SURFACE()
B_SPLINE_SURFACE(3,2,((#18238,#18239,#18240),(#18241,#18242,#18243),(#18244,
#18245,#18246),(#18247,#18248,#18249)),.UNSPECIFIED.,.F.,.F.,.F.)
B_SPLINE_SURFACE_WITH_KNOTS((4,4),(3,3),(-8.88178419700125E-16,1.5707963267949),
(0.,1.),.PIECEWISE_BEZIER_KNOTS.)
GEOMETRIC_REPRESENTATION_ITEM()
RATIONAL_B_SPLINE_SURFACE(((1.,0.923879532511283,1.),(1.,0.923879529701469,
1.),(1.,0.838007078534224,1.),(1.,0.70710678118653,1.)))
REPRESENTATION_ITEM('')
SURFACE()
);
#78=(
BOUNDED_SURFACE()
B_SPLINE_SURFACE(3,2,((#18259,#18260,#18261),(#18262,#18263,#18264),(#18265,
#18266,#18267),(#18268,#18269,#18270),(#18271,#18272,#18273)),
 .UNSPECIFIED.,.F.,.F.,.F.)
B_SPLINE_SURFACE_WITH_KNOTS((4,1,4),(3,3),(-1.52838625002566E-17,0.000117283705291485,
0.000234567410582985),(0.,1.),.UNSPECIFIED.)
GEOMETRIC_REPRESENTATION_ITEM()
RATIONAL_B_SPLINE_SURFACE(((1.,0.96432271661469,1.),(1.,0.98135291183693,
1.),(1.,0.893884270287889,1.),(1.,0.775509924697423,1.),(1.,0.707106781186548,
1.)))
REPRESENTATION_ITEM('')
SURFACE()
);
#79=(
BOUNDED_SURFACE()
B_SPLINE_SURFACE(3,2,((#18293,#18294,#18295),(#18296,#18297,#18298),(#18299,
#18300,#18301),(#18302,#18303,#18304)),.UNSPECIFIED.,.F.,.F.,.F.)
B_SPLINE_SURFACE_WITH_KNOTS((4,4),(3,3),(-3.19839640883224E-17,0.00031523933498197),
(0.,1.),.PIECEWISE_BEZIER_KNOTS.)
GEOMETRIC_REPRESENTATION_ITEM()
RATIONAL_B_SPLINE_SURFACE(((1.,0.827122574209096,1.),(1.,0.855567612155775,
1.),(1.,0.881832602370541,1.),(1.,0.903254253925092,1.)))
REPRESENTATION_ITEM('')
SURFACE()
);
#80=(
BOUNDED_SURFACE()
B_SPLINE_SURFACE(3,2,((#18513,#18514,#18515),(#18516,#18517,#18518),(#18519,
#18520,#18521),(#18522,#18523,#18524),(#18525,#18526,#18527)),
 .UNSPECIFIED.,.F.,.F.,.F.)
B_SPLINE_SURFACE_WITH_KNOTS((4,1,4),(3,3),(4.71238898038469,5.49778714378214,
6.28318530717959),(0.,1.),.UNSPECIFIED.)
GEOMETRIC_REPRESENTATION_ITEM()
RATIONAL_B_SPLINE_SURFACE(((1.,0.707106781186548,1.),(1.,0.641656763249457,
1.),(1.,0.487829893461174,1.),(1.,0.38268344982822,1.),(1.,0.38268343236509,
1.)))
REPRESENTATION_ITEM('')
SURFACE()
);
#81=(
BOUNDED_SURFACE()
B_SPLINE_SURFACE(3,2,((#18545,#18546,#18547),(#18548,#18549,#18550),(#18551,
#18552,#18553),(#18554,#18555,#18556),(#18557,#18558,#18559)),
 .UNSPECIFIED.,.F.,.F.,.F.)
B_SPLINE_SURFACE_WITH_KNOTS((4,1,4),(3,3),(3.14159265358979,3.92699081698724,
4.71238898038469),(0.,1.),.UNSPECIFIED.)
GEOMETRIC_REPRESENTATION_ITEM()
RATIONAL_B_SPLINE_SURFACE(((1.,0.38268343236509,1.),(1.,0.38268344982822,
1.),(1.,0.487829893461173,1.),(1.,0.641656763249457,1.),(1.,0.707106781186548,
1.)))
REPRESENTATION_ITEM('')
SURFACE()
);
#82=(
BOUNDED_SURFACE()
B_SPLINE_SURFACE(3,2,((#18644,#18645,#18646),(#18647,#18648,#18649),(#18650,
#18651,#18652),(#18653,#18654,#18655),(#18656,#18657,#18658)),
 .UNSPECIFIED.,.F.,.F.,.F.)
B_SPLINE_SURFACE_WITH_KNOTS((4,1,4),(3,3),(1.5707963267949,2.35619449019234,
3.14159265358979),(0.,1.),.UNSPECIFIED.)
GEOMETRIC_REPRESENTATION_ITEM()
RATIONAL_B_SPLINE_SURFACE(((1.,0.707106781186548,1.),(1.,0.641656763249449,
1.),(1.,0.487829893461178,1.),(1.,0.38268344982822,1.),(1.,0.38268343236509,
1.)))
REPRESENTATION_ITEM('')
SURFACE()
);
#83=(
BOUNDED_SURFACE()
B_SPLINE_SURFACE(3,2,((#18674,#18675,#18676),(#18677,#18678,#18679),(#18680,
#18681,#18682),(#18683,#18684,#18685),(#18686,#18687,#18688)),
 .UNSPECIFIED.,.F.,.F.,.F.)
B_SPLINE_SURFACE_WITH_KNOTS((4,1,4),(3,3),(1.57194340642116E-15,0.78539816339745,
1.5707963267949),(0.,1.),.UNSPECIFIED.)
GEOMETRIC_REPRESENTATION_ITEM()
RATIONAL_B_SPLINE_SURFACE(((1.,0.38268343236509,1.),(1.,0.38268344982822,
1.),(1.,0.487829893461177,1.),(1.,0.641656763249449,1.),(1.,0.707106781186548,
1.)))
REPRESENTATION_ITEM('')
SURFACE()
);
#84=(
BOUNDED_SURFACE()
B_SPLINE_SURFACE(3,2,((#19223,#19224,#19225),(#19226,#19227,#19228),(#19229,
#19230,#19231),(#19232,#19233,#19234)),.UNSPECIFIED.,.F.,.F.,.F.)
B_SPLINE_SURFACE_WITH_KNOTS((4,4),(3,3),(1.5707963267949,3.14159265358979),
(0.,1.),.PIECEWISE_BEZIER_KNOTS.)
GEOMETRIC_REPRESENTATION_ITEM()
RATIONAL_B_SPLINE_SURFACE(((1.,0.707106781186513,1.),(1.,0.838007078537092,
1.),(1.,0.923879529701469,1.),(1.,0.923879532511283,1.)))
REPRESENTATION_ITEM('')
SURFACE()
);
#85=(
BOUNDED_SURFACE()
B_SPLINE_SURFACE(3,2,((#19244,#19245,#19246),(#19247,#19248,#19249),(#19250,
#19251,#19252),(#19253,#19254,#19255),(#19256,#19257,#19258)),
 .UNSPECIFIED.,.F.,.F.,.F.)
B_SPLINE_SURFACE_WITH_KNOTS((4,1,4),(3,3),(1.68745903752002E-17,0.000116263244607087,
0.000232526489214157),(0.,1.),.UNSPECIFIED.)
GEOMETRIC_REPRESENTATION_ITEM()
RATIONAL_B_SPLINE_SURFACE(((1.,0.707106781186364,1.),(1.,0.776059130662341,
1.),(1.,0.893712461712869,1.),(1.,0.981324308837322,1.),(1.,0.96432271661463,
1.)))
REPRESENTATION_ITEM('')
SURFACE()
);
#86=(
BOUNDED_SURFACE()
B_SPLINE_SURFACE(3,2,((#19301,#19302,#19303),(#19304,#19305,#19306),(#19307,
#19308,#19309),(#19310,#19311,#19312)),.UNSPECIFIED.,.F.,.F.,.F.)
B_SPLINE_SURFACE_WITH_KNOTS((4,4),(3,3),(-8.88178419700125E-16,1.5707963267949),
(0.,1.),.PIECEWISE_BEZIER_KNOTS.)
GEOMETRIC_REPRESENTATION_ITEM()
RATIONAL_B_SPLINE_SURFACE(((1.,0.923879532511283,1.),(1.,0.923879529701469,
1.),(1.,0.838007078534224,1.),(1.,0.70710678118653,1.)))
REPRESENTATION_ITEM('')
SURFACE()
);
#87=(
BOUNDED_SURFACE()
B_SPLINE_SURFACE(3,2,((#19322,#19323,#19324),(#19325,#19326,#19327),(#19328,
#19329,#19330),(#19331,#19332,#19333),(#19334,#19335,#19336)),
 .UNSPECIFIED.,.F.,.F.,.F.)
B_SPLINE_SURFACE_WITH_KNOTS((4,1,4),(3,3),(-1.52838625002566E-17,0.000117283705291485,
0.000234567410582985),(0.,1.),.UNSPECIFIED.)
GEOMETRIC_REPRESENTATION_ITEM()
RATIONAL_B_SPLINE_SURFACE(((1.,0.96432271661469,1.),(1.,0.98135291183693,
1.),(1.,0.893884270287889,1.),(1.,0.775509924697423,1.),(1.,0.707106781186548,
1.)))
REPRESENTATION_ITEM('')
SURFACE()
);
#88=(
BOUNDED_SURFACE()
B_SPLINE_SURFACE(3,2,((#19500,#19501,#19502),(#19503,#19504,#19505),(#19506,
#19507,#19508),(#19509,#19510,#19511),(#19512,#19513,#19514)),
 .UNSPECIFIED.,.F.,.F.,.F.)
B_SPLINE_SURFACE_WITH_KNOTS((4,1,4),(3,3),(4.71238898038469,5.49778714378214,
6.28318530717959),(0.,1.),.UNSPECIFIED.)
GEOMETRIC_REPRESENTATION_ITEM()
RATIONAL_B_SPLINE_SURFACE(((1.,0.707106781186548,1.),(1.,0.641656763249457,
1.),(1.,0.487829893461174,1.),(1.,0.38268344982822,1.),(1.,0.38268343236509,
1.)))
REPRESENTATION_ITEM('')
SURFACE()
);
#89=(
BOUNDED_SURFACE()
B_SPLINE_SURFACE(3,2,((#19532,#19533,#19534),(#19535,#19536,#19537),(#19538,
#19539,#19540),(#19541,#19542,#19543),(#19544,#19545,#19546)),
 .UNSPECIFIED.,.F.,.F.,.F.)
B_SPLINE_SURFACE_WITH_KNOTS((4,1,4),(3,3),(3.14159265358979,3.92699081698724,
4.71238898038469),(0.,1.),.UNSPECIFIED.)
GEOMETRIC_REPRESENTATION_ITEM()
RATIONAL_B_SPLINE_SURFACE(((1.,0.38268343236509,1.),(1.,0.38268344982822,
1.),(1.,0.487829893461173,1.),(1.,0.641656763249457,1.),(1.,0.707106781186548,
1.)))
REPRESENTATION_ITEM('')
SURFACE()
);
#90=(
BOUNDED_SURFACE()
B_SPLINE_SURFACE(3,2,((#19631,#19632,#19633),(#19634,#19635,#19636),(#19637,
#19638,#19639),(#19640,#19641,#19642),(#19643,#19644,#19645)),
 .UNSPECIFIED.,.F.,.F.,.F.)
B_SPLINE_SURFACE_WITH_KNOTS((4,1,4),(3,3),(1.5707963267949,2.35619449019234,
3.14159265358979),(0.,1.),.UNSPECIFIED.)
GEOMETRIC_REPRESENTATION_ITEM()
RATIONAL_B_SPLINE_SURFACE(((1.,0.707106781186548,1.),(1.,0.641656763249449,
1.),(1.,0.487829893461178,1.),(1.,0.38268344982822,1.),(1.,0.38268343236509,
1.)))
REPRESENTATION_ITEM('')
SURFACE()
);
#91=(
BOUNDED_SURFACE()
B_SPLINE_SURFACE(3,2,((#19661,#19662,#19663),(#19664,#19665,#19666),(#19667,
#19668,#19669),(#19670,#19671,#19672),(#19673,#19674,#19675)),
 .UNSPECIFIED.,.F.,.F.,.F.)
B_SPLINE_SURFACE_WITH_KNOTS((4,1,4),(3,3),(1.57194340642116E-15,0.78539816339745,
1.5707963267949),(0.,1.),.UNSPECIFIED.)
GEOMETRIC_REPRESENTATION_ITEM()
RATIONAL_B_SPLINE_SURFACE(((1.,0.38268343236509,1.),(1.,0.38268344982822,
1.),(1.,0.487829893461177,1.),(1.,0.641656763249449,1.),(1.,0.707106781186548,
1.)))
REPRESENTATION_ITEM('')
SURFACE()
);
#92=TOROIDAL_SURFACE('',#11105,0.000562132034356031,5.E-5);
#93=TOROIDAL_SURFACE('',#11115,0.0009,0.0001);
#94=TOROIDAL_SURFACE('',#11119,0.0008,0.0001);
#95=TOROIDAL_SURFACE('',#11123,0.000737338779432685,0.000100001710637107);
#96=TOROIDAL_SURFACE('',#11124,0.00106409258758885,0.000101322265017632);
#97=TOROIDAL_SURFACE('',#11128,0.0004,0.0001);
#98=TOROIDAL_SURFACE('',#11132,0.0004,0.0001);
#99=TOROIDAL_SURFACE('',#11142,0.0009,0.0001);
#100=TOROIDAL_SURFACE('',#11146,0.0008,0.0001);
#101=TOROIDAL_SURFACE('',#11150,0.000737338780391931,0.000100001710638024);
#102=TOROIDAL_SURFACE('',#11151,0.00109177444608367,0.000100004255185878);
#103=TOROIDAL_SURFACE('',#11152,0.00169497449552111,0.000100001921545063);
#104=TOROIDAL_SURFACE('',#11155,0.0004,0.0001);
#105=TOROIDAL_SURFACE('',#11159,0.0004,0.0001);
#106=TOROIDAL_SURFACE('',#11213,0.0009,0.0001);
#107=TOROIDAL_SURFACE('',#11220,0.000352176084194596,0.000256545177357513);
#108=TOROIDAL_SURFACE('',#11228,0.0002,0.0001);
#109=TOROIDAL_SURFACE('',#11233,0.0002,0.0001);
#110=TOROIDAL_SURFACE('',#11237,0.0002,0.0001);
#111=TOROIDAL_SURFACE('',#11254,0.0009,0.0001);
#112=TOROIDAL_SURFACE('',#11272,0.0002,0.0001);
#113=TOROIDAL_SURFACE('',#11277,0.000300000000000005,0.0001);
#114=TOROIDAL_SURFACE('',#11279,0.000357186988407103,9.99936330411413E-5);
#115=TOROIDAL_SURFACE('',#11280,0.000352176084200244,0.0002565451772917);
#116=TOROIDAL_SURFACE('',#11286,0.000300000000000005,0.0001);
#117=TOROIDAL_SURFACE('',#11290,0.000357186988388165,9.99936330411598E-5);
#118=TOROIDAL_SURFACE('',#11298,0.0005,0.0005);
#119=TOROIDAL_SURFACE('',#11353,0.0005,0.0005);
#120=TOROIDAL_SURFACE('',#11465,0.000562132034356031,5.E-5);
#121=TOROIDAL_SURFACE('',#11475,0.0009,0.0001);
#122=TOROIDAL_SURFACE('',#11479,0.0008,0.0001);
#123=TOROIDAL_SURFACE('',#11483,0.000737338780392013,0.000100001710638023);
#124=TOROIDAL_SURFACE('',#11484,0.00109177444614672,0.000100004255185719);
#125=TOROIDAL_SURFACE('',#11488,0.0004,0.0001);
#126=TOROIDAL_SURFACE('',#11492,0.0004,0.0001);
#127=TOROIDAL_SURFACE('',#11502,0.0009,0.0001);
#128=TOROIDAL_SURFACE('',#11506,0.0008,0.0001);
#129=TOROIDAL_SURFACE('',#11510,0.000737338780393849,0.000100001710638051);
#130=TOROIDAL_SURFACE('',#11511,0.00106409258353479,0.000101322265095963);
#131=TOROIDAL_SURFACE('',#11512,0.00169497449822004,0.000100001921614239);
#132=TOROIDAL_SURFACE('',#11515,0.0004,0.0001);
#133=TOROIDAL_SURFACE('',#11519,0.0004,0.0001);
#134=TOROIDAL_SURFACE('',#11555,0.0009,0.0001);
#135=TOROIDAL_SURFACE('',#11562,0.000352176084291527,0.000256545176226293);
#136=TOROIDAL_SURFACE('',#11571,0.0002,0.0001);
#137=TOROIDAL_SURFACE('',#11576,0.0002,0.0001);
#138=TOROIDAL_SURFACE('',#11580,0.0002,0.0001);
#139=TOROIDAL_SURFACE('',#11597,0.0009,0.0001);
#140=TOROIDAL_SURFACE('',#11615,0.0002,0.0001);
#141=TOROIDAL_SURFACE('',#11620,0.000300000000000005,0.0001);
#142=TOROIDAL_SURFACE('',#11622,1.43217525750546,1.43217525750546);
#143=TOROIDAL_SURFACE('',#11629,0.000300000000000005,0.0001);
#144=TOROIDAL_SURFACE('',#11642,0.0005,0.0005);
#145=TOROIDAL_SURFACE('',#11695,0.0005,0.0005);
#146=TOROIDAL_SURFACE('',#11754,0.000562132034356031,5.E-5);
#147=TOROIDAL_SURFACE('',#11764,0.0009,0.0001);
#148=TOROIDAL_SURFACE('',#11768,0.0008,0.0001);
#149=TOROIDAL_SURFACE('',#11772,0.000737338780393967,0.000100001710638058);
#150=TOROIDAL_SURFACE('',#11773,0.00106409258353476,0.000101322265095964);
#151=TOROIDAL_SURFACE('',#11774,0.00169497450135509,0.000100001921613872);
#152=TOROIDAL_SURFACE('',#11777,0.0004,0.0001);
#153=TOROIDAL_SURFACE('',#11781,0.0004,0.0001);
#154=TOROIDAL_SURFACE('',#11791,0.0009,0.0001);
#155=TOROIDAL_SURFACE('',#11795,0.0008,0.0001);
#156=TOROIDAL_SURFACE('',#11799,0.000737338780391931,0.000100001710638024);
#157=TOROIDAL_SURFACE('',#11800,0.00169497449576719,0.000100001921611129);
#158=TOROIDAL_SURFACE('',#11803,0.0004,0.0001);
#159=TOROIDAL_SURFACE('',#11807,0.0004,0.0001);
#160=TOROIDAL_SURFACE('',#11852,0.0009,0.0001);
#161=TOROIDAL_SURFACE('',#11859,0.000352176084291585,0.00025654517622625);
#162=TOROIDAL_SURFACE('',#11867,0.0002,0.0001);
#163=TOROIDAL_SURFACE('',#11872,0.0002,0.0001);
#164=TOROIDAL_SURFACE('',#11876,0.0002,0.0001);
#165=TOROIDAL_SURFACE('',#11893,0.0009,0.0001);
#166=TOROIDAL_SURFACE('',#11911,0.0002,0.0001);
#167=TOROIDAL_SURFACE('',#11916,0.000300000000000005,0.0001);
#168=TOROIDAL_SURFACE('',#11918,0.000755521166732611,0.000662770100156457);
#169=TOROIDAL_SURFACE('',#11919,0.00035217608419459,0.000256545177357525);
#170=TOROIDAL_SURFACE('',#11925,0.000300000000000005,0.0001);
#171=TOROIDAL_SURFACE('',#11929,0.000357186988409665,9.99936330408302E-5);
#172=TOROIDAL_SURFACE('',#11937,0.0005,0.0005);
#173=TOROIDAL_SURFACE('',#11991,0.0005,0.0005);
#174=TOROIDAL_SURFACE('',#12066,0.000562132034356031,5.E-5);
#175=TOROIDAL_SURFACE('',#12076,0.0009,0.0001);
#176=TOROIDAL_SURFACE('',#12080,0.0008,0.0001);
#177=TOROIDAL_SURFACE('',#12084,0.00073733877945762,0.000100001710637909);
#178=TOROIDAL_SURFACE('',#12085,0.00106409258353478,0.000101322265095964);
#179=TOROIDAL_SURFACE('',#12086,0.00169497450140363,0.00010000192161424);
#180=TOROIDAL_SURFACE('',#12089,0.0004,0.0001);
#181=TOROIDAL_SURFACE('',#12093,0.0004,0.0001);
#182=TOROIDAL_SURFACE('',#12103,0.0009,0.0001);
#183=TOROIDAL_SURFACE('',#12107,0.0008,0.0001);
#184=TOROIDAL_SURFACE('',#12111,0.000737338780391912,0.000100001710638019);
#185=TOROIDAL_SURFACE('',#12112,0.00109177444613229,0.000100004255185808);
#186=TOROIDAL_SURFACE('',#12113,0.00169497450140375,0.000100001921614257);
#187=TOROIDAL_SURFACE('',#12116,0.0004,0.0001);
#188=TOROIDAL_SURFACE('',#12120,0.0004,0.0001);
#189=TOROIDAL_SURFACE('',#12156,0.0009,0.0001);
#190=TOROIDAL_SURFACE('',#12163,0.000352176084201282,0.000256545177279583);
#191=TOROIDAL_SURFACE('',#12171,0.0002,0.0001);
#192=TOROIDAL_SURFACE('',#12176,0.0002,0.0001);
#193=TOROIDAL_SURFACE('',#12180,0.0002,0.0001);
#194=TOROIDAL_SURFACE('',#12197,0.0009,0.0001);
#195=TOROIDAL_SURFACE('',#12215,0.0002,0.0001);
#196=TOROIDAL_SURFACE('',#12220,0.000300000000000005,0.0001);
#197=TOROIDAL_SURFACE('',#12222,0.000755521167272725,0.000662770100545891);
#198=TOROIDAL_SURFACE('',#12229,0.000300000000000005,0.0001);
#199=TOROIDAL_SURFACE('',#12233,0.000755521167272507,0.000662770100545672);
#200=TOROIDAL_SURFACE('',#12241,0.0005,0.0005);
#201=TOROIDAL_SURFACE('',#12295,0.0005,0.0005);
#202=B_SPLINE_CURVE_WITH_KNOTS('',3,(#15710,#15711,#15712,#15713),
 .UNSPECIFIED.,.F.,.F.,(4,4),(0.,1.),.UNSPECIFIED.);
#203=B_SPLINE_CURVE_WITH_KNOTS('',3,(#15717,#15718,#15719,#15720),
 .UNSPECIFIED.,.F.,.F.,(4,4),(0.,1.),.UNSPECIFIED.);
#204=B_SPLINE_CURVE_WITH_KNOTS('',3,(#15723,#15724,#15725,#15726),
 .UNSPECIFIED.,.F.,.F.,(4,4),(0.,1.),.UNSPECIFIED.);
#205=B_SPLINE_CURVE_WITH_KNOTS('',3,(#15727,#15728,#15729,#15730,#15731),
 .UNSPECIFIED.,.F.,.F.,(4,1,4),(0.,0.5,1.),.UNSPECIFIED.);
#206=B_SPLINE_CURVE_WITH_KNOTS('',3,(#15733,#15734,#15735,#15736),
 .UNSPECIFIED.,.F.,.F.,(4,4),(0.,1.),.UNSPECIFIED.);
#207=B_SPLINE_CURVE_WITH_KNOTS('',3,(#15740,#15741,#15742,#15743),
 .UNSPECIFIED.,.F.,.F.,(4,4),(0.,1.),.UNSPECIFIED.);
#208=B_SPLINE_CURVE_WITH_KNOTS('',3,(#15749,#15750,#15751,#15752),
 .UNSPECIFIED.,.F.,.F.,(4,4),(0.,1.),.UNSPECIFIED.);
#209=B_SPLINE_CURVE_WITH_KNOTS('',3,(#15759,#15760,#15761,#15762),
 .UNSPECIFIED.,.F.,.F.,(4,4),(0.,0.000379524288001866),.UNSPECIFIED.);
#210=B_SPLINE_CURVE_WITH_KNOTS('',3,(#15763,#15764,#15765,#15766),
 .UNSPECIFIED.,.F.,.F.,(4,4),(0.,0.000384788563315275),.UNSPECIFIED.);
#211=B_SPLINE_CURVE_WITH_KNOTS('',3,(#15871,#15872,#15873,#15874),
 .UNSPECIFIED.,.F.,.F.,(4,4),(0.,1.),.UNSPECIFIED.);
#212=B_SPLINE_CURVE_WITH_KNOTS('',3,(#15882,#15883,#15884,#15885,#15886),
 .UNSPECIFIED.,.F.,.F.,(4,1,4),(0.,0.000126418695378185,0.00025283739075637),
 .UNSPECIFIED.);
#213=B_SPLINE_CURVE_WITH_KNOTS('',3,(#15889,#15890,#15891,#15892),
 .UNSPECIFIED.,.F.,.F.,(4,4),(0.,1.),.UNSPECIFIED.);
#214=B_SPLINE_CURVE_WITH_KNOTS('',3,(#15898,#15899,#15900,#15901),
 .UNSPECIFIED.,.F.,.F.,(4,4),(0.,1.),.UNSPECIFIED.);
#215=B_SPLINE_CURVE_WITH_KNOTS('',3,(#15909,#15910,#15911,#15912),
 .UNSPECIFIED.,.F.,.F.,(4,4),(0.,1.),.UNSPECIFIED.);
#216=B_SPLINE_CURVE_WITH_KNOTS('',3,(#15914,#15915,#15916,#15917,#15918),
 .UNSPECIFIED.,.F.,.F.,(4,1,4),(0.,0.000128960914813037,0.000257921829626074),
 .UNSPECIFIED.);
#217=B_SPLINE_CURVE_WITH_KNOTS('',3,(#15924,#15925,#15926,#15927),
 .UNSPECIFIED.,.F.,.F.,(4,4),(0.,1.),.UNSPECIFIED.);
#218=B_SPLINE_CURVE_WITH_KNOTS('',3,(#15930,#15931,#15932,#15933),
 .UNSPECIFIED.,.F.,.F.,(4,4),(0.,1.),.UNSPECIFIED.);
#219=B_SPLINE_CURVE_WITH_KNOTS('',3,(#15935,#15936,#15937,#15938),
 .UNSPECIFIED.,.F.,.F.,(4,4),(0.,1.),.UNSPECIFIED.);
#220=B_SPLINE_CURVE_WITH_KNOTS('',3,(#15986,#15987,#15988,#15989),
 .UNSPECIFIED.,.F.,.F.,(4,4),(0.,1.),.UNSPECIFIED.);
#221=B_SPLINE_CURVE_WITH_KNOTS('',3,(#15991,#15992,#15993,#15994),
 .UNSPECIFIED.,.F.,.F.,(4,4),(0.,1.),.UNSPECIFIED.);
#222=B_SPLINE_CURVE_WITH_KNOTS('',3,(#15996,#15997,#15998,#15999),
 .UNSPECIFIED.,.F.,.F.,(4,4),(0.,1.),.UNSPECIFIED.);
#223=B_SPLINE_CURVE_WITH_KNOTS('',3,(#16001,#16002,#16003,#16004),
 .UNSPECIFIED.,.F.,.F.,(4,4),(0.,1.),.UNSPECIFIED.);
#224=B_SPLINE_CURVE_WITH_KNOTS('',3,(#16006,#16007,#16008,#16009),
 .UNSPECIFIED.,.F.,.F.,(4,4),(0.,1.),.UNSPECIFIED.);
#225=B_SPLINE_CURVE_WITH_KNOTS('',3,(#16072,#16073,#16074,#16075),
 .UNSPECIFIED.,.F.,.F.,(4,4),(0.,1.),.UNSPECIFIED.);
#226=B_SPLINE_CURVE_WITH_KNOTS('',3,(#16077,#16078,#16079,#16080),
 .UNSPECIFIED.,.F.,.F.,(4,4),(0.,1.),.UNSPECIFIED.);
#227=B_SPLINE_CURVE_WITH_KNOTS('',3,(#16082,#16083,#16084,#16085),
 .UNSPECIFIED.,.F.,.F.,(4,4),(0.,1.),.UNSPECIFIED.);
#228=B_SPLINE_CURVE_WITH_KNOTS('',3,(#16087,#16088,#16089,#16090),
 .UNSPECIFIED.,.F.,.F.,(4,4),(0.,1.),.UNSPECIFIED.);
#229=B_SPLINE_CURVE_WITH_KNOTS('',3,(#16092,#16093,#16094,#16095),
 .UNSPECIFIED.,.F.,.F.,(4,4),(0.,1.),.UNSPECIFIED.);
#230=B_SPLINE_CURVE_WITH_KNOTS('',3,(#16097,#16098,#16099,#16100),
 .UNSPECIFIED.,.F.,.F.,(4,4),(0.,1.),.UNSPECIFIED.);
#231=B_SPLINE_CURVE_WITH_KNOTS('',3,(#16419,#16420,#16421,#16422),
 .UNSPECIFIED.,.F.,.F.,(4,4),(0.,1.),.UNSPECIFIED.);
#232=B_SPLINE_CURVE_WITH_KNOTS('',3,(#16425,#16426,#16427,#16428),
 .UNSPECIFIED.,.F.,.F.,(4,4),(0.,1.),.UNSPECIFIED.);
#233=B_SPLINE_CURVE_WITH_KNOTS('',3,(#16430,#16431,#16432,#16433),
 .UNSPECIFIED.,.F.,.F.,(4,4),(0.,1.),.UNSPECIFIED.);
#234=B_SPLINE_CURVE_WITH_KNOTS('',3,(#16443,#16444,#16445,#16446),
 .UNSPECIFIED.,.F.,.F.,(4,4),(0.,1.),.UNSPECIFIED.);
#235=B_SPLINE_CURVE_WITH_KNOTS('',3,(#16576,#16577,#16578,#16579),
 .UNSPECIFIED.,.F.,.F.,(4,4),(0.,1.),.UNSPECIFIED.);
#236=B_SPLINE_CURVE_WITH_KNOTS('',3,(#16583,#16584,#16585,#16586),
 .UNSPECIFIED.,.F.,.F.,(4,4),(0.,1.),.UNSPECIFIED.);
#237=B_SPLINE_CURVE_WITH_KNOTS('',3,(#16588,#16589,#16590,#16591),
 .UNSPECIFIED.,.F.,.F.,(4,4),(0.,1.),.UNSPECIFIED.);
#238=B_SPLINE_CURVE_WITH_KNOTS('',3,(#16593,#16594,#16595,#16596),
 .UNSPECIFIED.,.F.,.F.,(4,4),(0.,1.),.UNSPECIFIED.);
#239=B_SPLINE_CURVE_WITH_KNOTS('',3,(#16598,#16599,#16600,#16601),
 .UNSPECIFIED.,.F.,.F.,(4,4),(0.,1.),.UNSPECIFIED.);
#240=B_SPLINE_CURVE_WITH_KNOTS('',3,(#16603,#16604,#16605,#16606),
 .UNSPECIFIED.,.F.,.F.,(4,4),(0.,1.),.UNSPECIFIED.);
#241=B_SPLINE_CURVE_WITH_KNOTS('',3,(#16622,#16623,#16624,#16625),
 .UNSPECIFIED.,.F.,.F.,(4,4),(0.,1.),.UNSPECIFIED.);
#242=B_SPLINE_CURVE_WITH_KNOTS('',3,(#16629,#16630,#16631,#16632),
 .UNSPECIFIED.,.F.,.F.,(4,4),(0.,1.),.UNSPECIFIED.);
#243=B_SPLINE_CURVE_WITH_KNOTS('',3,(#16973,#16974,#16975,#16976),
 .UNSPECIFIED.,.F.,.F.,(4,4),(0.,1.),.UNSPECIFIED.);
#244=B_SPLINE_CURVE_WITH_KNOTS('',3,(#16984,#16985,#16986,#16987),
 .UNSPECIFIED.,.F.,.F.,(4,4),(0.,1.),.UNSPECIFIED.);
#245=B_SPLINE_CURVE_WITH_KNOTS('',3,(#16992,#16993,#16994,#16995),
 .UNSPECIFIED.,.F.,.F.,(4,4),(0.,0.999998801545353),.UNSPECIFIED.);
#246=B_SPLINE_CURVE_WITH_KNOTS('',3,(#16997,#16998,#16999,#17000),
 .UNSPECIFIED.,.F.,.F.,(4,4),(0.,0.999999348637623),.UNSPECIFIED.);
#247=B_SPLINE_CURVE_WITH_KNOTS('',3,(#17001,#17002,#17003,#17004,#17005),
 .UNSPECIFIED.,.F.,.F.,(4,1,4),(0.,0.5,1.),.UNSPECIFIED.);
#248=B_SPLINE_CURVE_WITH_KNOTS('',3,(#17007,#17008,#17009,#17010),
 .UNSPECIFIED.,.F.,.F.,(4,4),(0.,1.),.UNSPECIFIED.);
#249=B_SPLINE_CURVE_WITH_KNOTS('',3,(#17015,#17016,#17017,#17018),
 .UNSPECIFIED.,.F.,.F.,(4,4),(0.,1.),.UNSPECIFIED.);
#250=B_SPLINE_CURVE_WITH_KNOTS('',3,(#17026,#17027,#17028,#17029),
 .UNSPECIFIED.,.F.,.F.,(4,4),(0.,0.000384788563315275),.UNSPECIFIED.);
#251=B_SPLINE_CURVE_WITH_KNOTS('',3,(#17030,#17031,#17032,#17033),
 .UNSPECIFIED.,.F.,.F.,(4,4),(0.,0.000379524288001866),.UNSPECIFIED.);
#252=B_SPLINE_CURVE_WITH_KNOTS('',3,(#17146,#17147,#17148,#17149,#17150),
 .UNSPECIFIED.,.F.,.F.,(4,1,4),(0.,0.000126418695378185,0.00025283739075637),
 .UNSPECIFIED.);
#253=B_SPLINE_CURVE_WITH_KNOTS('',3,(#17154,#17155,#17156,#17157),
 .UNSPECIFIED.,.F.,.F.,(4,4),(0.,1.),.UNSPECIFIED.);
#254=B_SPLINE_CURVE_WITH_KNOTS('',3,(#17168,#17169,#17170,#17171),
 .UNSPECIFIED.,.F.,.F.,(4,4),(0.,1.),.UNSPECIFIED.);
#255=B_SPLINE_CURVE_WITH_KNOTS('',3,(#17175,#17176,#17177,#17178,#17179),
 .UNSPECIFIED.,.F.,.F.,(4,1,4),(0.,0.000128960914813037,0.000257921829626074),
 .UNSPECIFIED.);
#256=B_SPLINE_CURVE_WITH_KNOTS('',3,(#17181,#17182,#17183,#17184),
 .UNSPECIFIED.,.F.,.F.,(4,4),(0.,1.),.UNSPECIFIED.);
#257=B_SPLINE_CURVE_WITH_KNOTS('',3,(#17187,#17188,#17189,#17190),
 .UNSPECIFIED.,.F.,.F.,(4,4),(5.36810632539722E-6,1.),.UNSPECIFIED.);
#258=B_SPLINE_CURVE_WITH_KNOTS('',3,(#17194,#17195,#17196,#17197),
 .UNSPECIFIED.,.F.,.F.,(4,4),(4.27101539892615E-5,1.),.UNSPECIFIED.);
#259=B_SPLINE_CURVE_WITH_KNOTS('',3,(#17200,#17201,#17202,#17203),
 .UNSPECIFIED.,.F.,.F.,(4,4),(0.,1.),.UNSPECIFIED.);
#260=B_SPLINE_CURVE_WITH_KNOTS('',3,(#17250,#17251,#17252,#17253),
 .UNSPECIFIED.,.F.,.F.,(4,4),(0.,1.),.UNSPECIFIED.);
#261=B_SPLINE_CURVE_WITH_KNOTS('',3,(#17255,#17256,#17257,#17258),
 .UNSPECIFIED.,.F.,.F.,(4,4),(0.,1.),.UNSPECIFIED.);
#262=B_SPLINE_CURVE_WITH_KNOTS('',3,(#17260,#17261,#17262,#17263),
 .UNSPECIFIED.,.F.,.F.,(4,4),(0.,1.),.UNSPECIFIED.);
#263=B_SPLINE_CURVE_WITH_KNOTS('',3,(#17265,#17266,#17267,#17268),
 .UNSPECIFIED.,.F.,.F.,(4,4),(0.,1.),.UNSPECIFIED.);
#264=B_SPLINE_CURVE_WITH_KNOTS('',3,(#17270,#17271,#17272,#17273),
 .UNSPECIFIED.,.F.,.F.,(4,4),(0.,1.),.UNSPECIFIED.);
#265=B_SPLINE_CURVE_WITH_KNOTS('',3,(#17336,#17337,#17338,#17339),
 .UNSPECIFIED.,.F.,.F.,(4,4),(0.,1.),.UNSPECIFIED.);
#266=B_SPLINE_CURVE_WITH_KNOTS('',3,(#17341,#17342,#17343,#17344),
 .UNSPECIFIED.,.F.,.F.,(4,4),(0.,1.),.UNSPECIFIED.);
#267=B_SPLINE_CURVE_WITH_KNOTS('',3,(#17346,#17347,#17348,#17349),
 .UNSPECIFIED.,.F.,.F.,(4,4),(0.,1.),.UNSPECIFIED.);
#268=B_SPLINE_CURVE_WITH_KNOTS('',3,(#17351,#17352,#17353,#17354),
 .UNSPECIFIED.,.F.,.F.,(4,4),(0.,1.),.UNSPECIFIED.);
#269=B_SPLINE_CURVE_WITH_KNOTS('',3,(#17356,#17357,#17358,#17359),
 .UNSPECIFIED.,.F.,.F.,(4,4),(0.,1.),.UNSPECIFIED.);
#270=B_SPLINE_CURVE_WITH_KNOTS('',3,(#17361,#17362,#17363,#17364),
 .UNSPECIFIED.,.F.,.F.,(4,4),(0.,1.),.UNSPECIFIED.);
#271=B_SPLINE_CURVE_WITH_KNOTS('',3,(#17547,#17548,#17549,#17550),
 .UNSPECIFIED.,.F.,.F.,(4,4),(0.,1.),.UNSPECIFIED.);
#272=B_SPLINE_CURVE_WITH_KNOTS('',3,(#17553,#17554,#17555,#17556),
 .UNSPECIFIED.,.F.,.F.,(4,4),(0.,1.),.UNSPECIFIED.);
#273=B_SPLINE_CURVE_WITH_KNOTS('',3,(#17558,#17559,#17560,#17561),
 .UNSPECIFIED.,.F.,.F.,(4,4),(0.,1.),.UNSPECIFIED.);
#274=B_SPLINE_CURVE_WITH_KNOTS('',3,(#17701,#17702,#17703,#17704),
 .UNSPECIFIED.,.F.,.F.,(4,4),(0.,1.),.UNSPECIFIED.);
#275=B_SPLINE_CURVE_WITH_KNOTS('',3,(#17708,#17709,#17710,#17711),
 .UNSPECIFIED.,.F.,.F.,(4,4),(0.,1.),.UNSPECIFIED.);
#276=B_SPLINE_CURVE_WITH_KNOTS('',3,(#17713,#17714,#17715,#17716),
 .UNSPECIFIED.,.F.,.F.,(4,4),(0.,1.),.UNSPECIFIED.);
#277=B_SPLINE_CURVE_WITH_KNOTS('',3,(#17718,#17719,#17720,#17721),
 .UNSPECIFIED.,.F.,.F.,(4,4),(0.,1.),.UNSPECIFIED.);
#278=B_SPLINE_CURVE_WITH_KNOTS('',3,(#17723,#17724,#17725,#17726),
 .UNSPECIFIED.,.F.,.F.,(4,4),(0.00111329266399201,1.),.UNSPECIFIED.);
#279=B_SPLINE_CURVE_WITH_KNOTS('',3,(#17728,#17729,#17730,#17731),
 .UNSPECIFIED.,.F.,.F.,(4,4),(0.,1.),.UNSPECIFIED.);
#280=B_SPLINE_CURVE_WITH_KNOTS('',3,(#17909,#17910,#17911,#17912),
 .UNSPECIFIED.,.F.,.F.,(4,4),(0.,1.),.UNSPECIFIED.);
#281=B_SPLINE_CURVE_WITH_KNOTS('',3,(#17921,#17922,#17923,#17924),
 .UNSPECIFIED.,.F.,.F.,(4,4),(0.,1.),.UNSPECIFIED.);
#282=B_SPLINE_CURVE_WITH_KNOTS('',3,(#17928,#17929,#17930,#17931),
 .UNSPECIFIED.,.F.,.F.,(4,4),(0.,1.),.UNSPECIFIED.);
#283=B_SPLINE_CURVE_WITH_KNOTS('',3,(#17934,#17935,#17936,#17937),
 .UNSPECIFIED.,.F.,.F.,(4,4),(0.,1.),.UNSPECIFIED.);
#284=B_SPLINE_CURVE_WITH_KNOTS('',3,(#17938,#17939,#17940,#17941),
 .UNSPECIFIED.,.F.,.F.,(4,4),(0.,0.000344390036095547),.UNSPECIFIED.);
#285=B_SPLINE_CURVE_WITH_KNOTS('',3,(#17943,#17944,#17945,#17946),
 .UNSPECIFIED.,.F.,.F.,(4,4),(0.,1.),.UNSPECIFIED.);
#286=B_SPLINE_CURVE_WITH_KNOTS('',3,(#17950,#17951,#17952,#17953),
 .UNSPECIFIED.,.F.,.F.,(4,4),(0.,1.),.UNSPECIFIED.);
#287=B_SPLINE_CURVE_WITH_KNOTS('',3,(#17959,#17960,#17961,#17962),
 .UNSPECIFIED.,.F.,.F.,(4,4),(0.,1.),.UNSPECIFIED.);
#288=B_SPLINE_CURVE_WITH_KNOTS('',3,(#17969,#17970,#17971,#17972),
 .UNSPECIFIED.,.F.,.F.,(4,4),(0.,0.000379524288001866),.UNSPECIFIED.);
#289=B_SPLINE_CURVE_WITH_KNOTS('',3,(#17973,#17974,#17975,#17976),
 .UNSPECIFIED.,.F.,.F.,(4,4),(0.,0.000384788563315275),.UNSPECIFIED.);
#290=B_SPLINE_CURVE_WITH_KNOTS('',3,(#18089,#18090,#18091,#18092,#18093),
 .UNSPECIFIED.,.F.,.F.,(4,1,4),(0.,0.000126418695378185,0.00025283739075637),
 .UNSPECIFIED.);
#291=B_SPLINE_CURVE_WITH_KNOTS('',3,(#18096,#18097,#18098,#18099),
 .UNSPECIFIED.,.F.,.F.,(4,4),(0.,1.),.UNSPECIFIED.);
#292=B_SPLINE_CURVE_WITH_KNOTS('',3,(#18105,#18106,#18107,#18108),
 .UNSPECIFIED.,.F.,.F.,(4,4),(0.,1.),.UNSPECIFIED.);
#293=B_SPLINE_CURVE_WITH_KNOTS('',3,(#18116,#18117,#18118,#18119),
 .UNSPECIFIED.,.F.,.F.,(4,4),(0.,1.),.UNSPECIFIED.);
#294=B_SPLINE_CURVE_WITH_KNOTS('',3,(#18121,#18122,#18123,#18124,#18125),
 .UNSPECIFIED.,.F.,.F.,(4,1,4),(0.,0.000128960914813037,0.000257921829626074),
 .UNSPECIFIED.);
#295=B_SPLINE_CURVE_WITH_KNOTS('',3,(#18129,#18130,#18131,#18132),
 .UNSPECIFIED.,.F.,.F.,(4,4),(0.,1.),.UNSPECIFIED.);
#296=B_SPLINE_CURVE_WITH_KNOTS('',3,(#18134,#18135,#18136,#18137),
 .UNSPECIFIED.,.F.,.F.,(4,4),(0.,1.),.UNSPECIFIED.);
#297=B_SPLINE_CURVE_WITH_KNOTS('',3,(#18140,#18141,#18142,#18143),
 .UNSPECIFIED.,.F.,.F.,(4,4),(0.,0.000331741274212764),.UNSPECIFIED.);
#298=B_SPLINE_CURVE_WITH_KNOTS('',3,(#18145,#18146,#18147,#18148),
 .UNSPECIFIED.,.F.,.F.,(4,4),(0.,1.),.UNSPECIFIED.);
#299=B_SPLINE_CURVE_WITH_KNOTS('',3,(#18196,#18197,#18198,#18199),
 .UNSPECIFIED.,.F.,.F.,(4,4),(0.,1.),.UNSPECIFIED.);
#300=B_SPLINE_CURVE_WITH_KNOTS('',3,(#18201,#18202,#18203,#18204),
 .UNSPECIFIED.,.F.,.F.,(4,4),(0.,1.),.UNSPECIFIED.);
#301=B_SPLINE_CURVE_WITH_KNOTS('',3,(#18206,#18207,#18208,#18209),
 .UNSPECIFIED.,.F.,.F.,(4,4),(0.,1.),.UNSPECIFIED.);
#302=B_SPLINE_CURVE_WITH_KNOTS('',3,(#18211,#18212,#18213,#18214),
 .UNSPECIFIED.,.F.,.F.,(4,4),(0.,1.),.UNSPECIFIED.);
#303=B_SPLINE_CURVE_WITH_KNOTS('',3,(#18216,#18217,#18218,#18219),
 .UNSPECIFIED.,.F.,.F.,(4,4),(0.,1.),.UNSPECIFIED.);
#304=B_SPLINE_CURVE_WITH_KNOTS('',3,(#18221,#18222,#18223,#18224),
 .UNSPECIFIED.,.F.,.F.,(4,4),(0.,1.),.UNSPECIFIED.);
#305=B_SPLINE_CURVE_WITH_KNOTS('',3,(#18274,#18275,#18276,#18277),
 .UNSPECIFIED.,.F.,.F.,(4,4),(0.,1.),.UNSPECIFIED.);
#306=B_SPLINE_CURVE_WITH_KNOTS('',3,(#18279,#18280,#18281,#18282),
 .UNSPECIFIED.,.F.,.F.,(4,4),(0.,1.),.UNSPECIFIED.);
#307=B_SPLINE_CURVE_WITH_KNOTS('',3,(#18284,#18285,#18286,#18287),
 .UNSPECIFIED.,.F.,.F.,(4,4),(0.,1.),.UNSPECIFIED.);
#308=B_SPLINE_CURVE_WITH_KNOTS('',3,(#18289,#18290,#18291,#18292),
 .UNSPECIFIED.,.F.,.F.,(4,4),(0.,1.),.UNSPECIFIED.);
#309=B_SPLINE_CURVE_WITH_KNOTS('',3,(#18305,#18306,#18307,#18308),
 .UNSPECIFIED.,.F.,.F.,(4,4),(0.,1.),.UNSPECIFIED.);
#310=B_SPLINE_CURVE_WITH_KNOTS('',3,(#18310,#18311,#18312,#18313),
 .UNSPECIFIED.,.F.,.F.,(4,4),(0.,1.),.UNSPECIFIED.);
#311=B_SPLINE_CURVE_WITH_KNOTS('',3,(#18564,#18565,#18566,#18567),
 .UNSPECIFIED.,.F.,.F.,(4,4),(0.,1.),.UNSPECIFIED.);
#312=B_SPLINE_CURVE_WITH_KNOTS('',3,(#18570,#18571,#18572,#18573),
 .UNSPECIFIED.,.F.,.F.,(4,4),(0.,1.),.UNSPECIFIED.);
#313=B_SPLINE_CURVE_WITH_KNOTS('',3,(#18575,#18576,#18577,#18578),
 .UNSPECIFIED.,.F.,.F.,(4,4),(0.,1.),.UNSPECIFIED.);
#314=B_SPLINE_CURVE_WITH_KNOTS('',3,(#18588,#18589,#18590,#18591),
 .UNSPECIFIED.,.F.,.F.,(4,4),(0.,1.),.UNSPECIFIED.);
#315=B_SPLINE_CURVE_WITH_KNOTS('',3,(#18721,#18722,#18723,#18724),
 .UNSPECIFIED.,.F.,.F.,(4,4),(0.,1.),.UNSPECIFIED.);
#316=B_SPLINE_CURVE_WITH_KNOTS('',3,(#18728,#18729,#18730,#18731),
 .UNSPECIFIED.,.F.,.F.,(4,4),(0.,1.),.UNSPECIFIED.);
#317=B_SPLINE_CURVE_WITH_KNOTS('',3,(#18733,#18734,#18735,#18736),
 .UNSPECIFIED.,.F.,.F.,(4,4),(0.,1.),.UNSPECIFIED.);
#318=B_SPLINE_CURVE_WITH_KNOTS('',3,(#18738,#18739,#18740,#18741),
 .UNSPECIFIED.,.F.,.F.,(4,4),(0.,1.),.UNSPECIFIED.);
#319=B_SPLINE_CURVE_WITH_KNOTS('',3,(#18743,#18744,#18745,#18746),
 .UNSPECIFIED.,.F.,.F.,(4,4),(0.,1.),.UNSPECIFIED.);
#320=B_SPLINE_CURVE_WITH_KNOTS('',3,(#18748,#18749,#18750,#18751),
 .UNSPECIFIED.,.F.,.F.,(4,4),(0.,1.),.UNSPECIFIED.);
#321=B_SPLINE_CURVE_WITH_KNOTS('',3,(#18767,#18768,#18769,#18770),
 .UNSPECIFIED.,.F.,.F.,(4,4),(0.,1.),.UNSPECIFIED.);
#322=B_SPLINE_CURVE_WITH_KNOTS('',3,(#18774,#18775,#18776,#18777),
 .UNSPECIFIED.,.F.,.F.,(4,4),(0.,1.),.UNSPECIFIED.);
#323=B_SPLINE_CURVE_WITH_KNOTS('',3,(#18968,#18969,#18970,#18971),
 .UNSPECIFIED.,.F.,.F.,(4,4),(0.,1.),.UNSPECIFIED.);
#324=B_SPLINE_CURVE_WITH_KNOTS('',3,(#18976,#18977,#18978,#18979),
 .UNSPECIFIED.,.F.,.F.,(4,4),(0.,1.),.UNSPECIFIED.);
#325=B_SPLINE_CURVE_WITH_KNOTS('',3,(#18987,#18988,#18989,#18990),
 .UNSPECIFIED.,.F.,.F.,(4,4),(0.,1.),.UNSPECIFIED.);
#326=B_SPLINE_CURVE_WITH_KNOTS('',3,(#18995,#18996,#18997,#18998),
 .UNSPECIFIED.,.F.,.F.,(4,4),(0.,1.),.UNSPECIFIED.);
#327=B_SPLINE_CURVE_WITH_KNOTS('',3,(#19000,#19001,#19002,#19003,#19004),
 .UNSPECIFIED.,.F.,.F.,(4,1,4),(0.,0.5,1.),.UNSPECIFIED.);
#328=B_SPLINE_CURVE_WITH_KNOTS('',3,(#19005,#19006,#19007,#19008),
 .UNSPECIFIED.,.F.,.F.,(4,4),(0.,1.),.UNSPECIFIED.);
#329=B_SPLINE_CURVE_WITH_KNOTS('',3,(#19010,#19011,#19012,#19013),
 .UNSPECIFIED.,.F.,.F.,(4,4),(0.,1.),.UNSPECIFIED.);
#330=B_SPLINE_CURVE_WITH_KNOTS('',3,(#19018,#19019,#19020,#19021),
 .UNSPECIFIED.,.F.,.F.,(4,4),(0.,1.),.UNSPECIFIED.);
#331=B_SPLINE_CURVE_WITH_KNOTS('',3,(#19029,#19030,#19031,#19032),
 .UNSPECIFIED.,.F.,.F.,(4,4),(0.,0.000384788563315275),.UNSPECIFIED.);
#332=B_SPLINE_CURVE_WITH_KNOTS('',3,(#19033,#19034,#19035,#19036),
 .UNSPECIFIED.,.F.,.F.,(4,4),(0.,0.000379524288001866),.UNSPECIFIED.);
#333=B_SPLINE_CURVE_WITH_KNOTS('',3,(#19147,#19148,#19149,#19150),
 .UNSPECIFIED.,.F.,.F.,(4,4),(0.,1.),.UNSPECIFIED.);
#334=B_SPLINE_CURVE_WITH_KNOTS('',3,(#19152,#19153,#19154,#19155,#19156),
 .UNSPECIFIED.,.F.,.F.,(4,1,4),(0.,0.000126418695378185,0.00025283739075637),
 .UNSPECIFIED.);
#335=B_SPLINE_CURVE_WITH_KNOTS('',3,(#19160,#19161,#19162,#19163),
 .UNSPECIFIED.,.F.,.F.,(4,4),(0.,1.),.UNSPECIFIED.);
#336=B_SPLINE_CURVE_WITH_KNOTS('',3,(#19174,#19175,#19176,#19177),
 .UNSPECIFIED.,.F.,.F.,(4,4),(0.,1.),.UNSPECIFIED.);
#337=B_SPLINE_CURVE_WITH_KNOTS('',3,(#19181,#19182,#19183,#19184,#19185),
 .UNSPECIFIED.,.F.,.F.,(4,1,4),(0.,0.000128960914813037,0.000257921829626074),
 .UNSPECIFIED.);
#338=B_SPLINE_CURVE_WITH_KNOTS('',3,(#19187,#19188,#19189,#19190),
 .UNSPECIFIED.,.F.,.F.,(4,4),(0.,1.),.UNSPECIFIED.);
#339=B_SPLINE_CURVE_WITH_KNOTS('',3,(#19193,#19194,#19195,#19196),
 .UNSPECIFIED.,.F.,.F.,(4,4),(0.,1.),.UNSPECIFIED.);
#340=B_SPLINE_CURVE_WITH_KNOTS('',3,(#19198,#19199,#19200,#19201),
 .UNSPECIFIED.,.F.,.F.,(4,4),(0.,1.),.UNSPECIFIED.);
#341=B_SPLINE_CURVE_WITH_KNOTS('',3,(#19203,#19204,#19205,#19206),
 .UNSPECIFIED.,.F.,.F.,(4,4),(0.,1.),.UNSPECIFIED.);
#342=B_SPLINE_CURVE_WITH_KNOTS('',3,(#19209,#19210,#19211,#19212),
 .UNSPECIFIED.,.F.,.F.,(4,4),(0.,1.),.UNSPECIFIED.);
#343=B_SPLINE_CURVE_WITH_KNOTS('',3,(#19259,#19260,#19261,#19262),
 .UNSPECIFIED.,.F.,.F.,(4,4),(0.,1.),.UNSPECIFIED.);
#344=B_SPLINE_CURVE_WITH_KNOTS('',3,(#19264,#19265,#19266,#19267),
 .UNSPECIFIED.,.F.,.F.,(4,4),(0.,1.),.UNSPECIFIED.);
#345=B_SPLINE_CURVE_WITH_KNOTS('',3,(#19269,#19270,#19271,#19272),
 .UNSPECIFIED.,.F.,.F.,(4,4),(0.,1.),.UNSPECIFIED.);
#346=B_SPLINE_CURVE_WITH_KNOTS('',3,(#19274,#19275,#19276,#19277),
 .UNSPECIFIED.,.F.,.F.,(4,4),(0.,1.),.UNSPECIFIED.);
#347=B_SPLINE_CURVE_WITH_KNOTS('',3,(#19279,#19280,#19281,#19282),
 .UNSPECIFIED.,.F.,.F.,(4,4),(0.,1.),.UNSPECIFIED.);
#348=B_SPLINE_CURVE_WITH_KNOTS('',3,(#19284,#19285,#19286,#19287),
 .UNSPECIFIED.,.F.,.F.,(4,4),(0.,1.),.UNSPECIFIED.);
#349=B_SPLINE_CURVE_WITH_KNOTS('',3,(#19337,#19338,#19339,#19340),
 .UNSPECIFIED.,.F.,.F.,(4,4),(0.,1.),.UNSPECIFIED.);
#350=B_SPLINE_CURVE_WITH_KNOTS('',3,(#19342,#19343,#19344,#19345),
 .UNSPECIFIED.,.F.,.F.,(4,4),(0.,1.),.UNSPECIFIED.);
#351=B_SPLINE_CURVE_WITH_KNOTS('',3,(#19347,#19348,#19349,#19350),
 .UNSPECIFIED.,.F.,.F.,(4,4),(0.,1.),.UNSPECIFIED.);
#352=B_SPLINE_CURVE_WITH_KNOTS('',3,(#19352,#19353,#19354,#19355),
 .UNSPECIFIED.,.F.,.F.,(4,4),(0.,1.),.UNSPECIFIED.);
#353=B_SPLINE_CURVE_WITH_KNOTS('',3,(#19357,#19358,#19359,#19360),
 .UNSPECIFIED.,.F.,.F.,(4,4),(0.,1.),.UNSPECIFIED.);
#354=B_SPLINE_CURVE_WITH_KNOTS('',3,(#19362,#19363,#19364,#19365),
 .UNSPECIFIED.,.F.,.F.,(4,4),(0.,1.),.UNSPECIFIED.);
#355=B_SPLINE_CURVE_WITH_KNOTS('',3,(#19551,#19552,#19553,#19554),
 .UNSPECIFIED.,.F.,.F.,(4,4),(0.,1.),.UNSPECIFIED.);
#356=B_SPLINE_CURVE_WITH_KNOTS('',3,(#19557,#19558,#19559,#19560),
 .UNSPECIFIED.,.F.,.F.,(4,4),(0.,1.),.UNSPECIFIED.);
#357=B_SPLINE_CURVE_WITH_KNOTS('',3,(#19562,#19563,#19564,#19565),
 .UNSPECIFIED.,.F.,.F.,(4,4),(0.,1.),.UNSPECIFIED.);
#358=B_SPLINE_CURVE_WITH_KNOTS('',3,(#19569,#19570,#19571,#19572),
 .UNSPECIFIED.,.F.,.F.,(4,4),(0.,1.),.UNSPECIFIED.);
#359=B_SPLINE_CURVE_WITH_KNOTS('',3,(#19708,#19709,#19710,#19711),
 .UNSPECIFIED.,.F.,.F.,(4,4),(0.,1.),.UNSPECIFIED.);
#360=B_SPLINE_CURVE_WITH_KNOTS('',3,(#19715,#19716,#19717,#19718),
 .UNSPECIFIED.,.F.,.F.,(4,4),(0.,1.),.UNSPECIFIED.);
#361=B_SPLINE_CURVE_WITH_KNOTS('',3,(#19720,#19721,#19722,#19723),
 .UNSPECIFIED.,.F.,.F.,(4,4),(0.,1.),.UNSPECIFIED.);
#362=B_SPLINE_CURVE_WITH_KNOTS('',3,(#19725,#19726,#19727,#19728),
 .UNSPECIFIED.,.F.,.F.,(4,4),(0.,1.),.UNSPECIFIED.);
#363=B_SPLINE_CURVE_WITH_KNOTS('',3,(#19730,#19731,#19732,#19733),
 .UNSPECIFIED.,.F.,.F.,(4,4),(0.,1.),.UNSPECIFIED.);
#364=B_SPLINE_CURVE_WITH_KNOTS('',3,(#19735,#19736,#19737,#19738),
 .UNSPECIFIED.,.F.,.F.,(4,4),(0.,1.),.UNSPECIFIED.);
#365=B_SPLINE_CURVE_WITH_KNOTS('',3,(#19754,#19755,#19756,#19757),
 .UNSPECIFIED.,.F.,.F.,(4,4),(0.,1.),.UNSPECIFIED.);
#366=B_SPLINE_CURVE_WITH_KNOTS('',3,(#19761,#19762,#19763,#19764),
 .UNSPECIFIED.,.F.,.F.,(4,4),(0.,1.),.UNSPECIFIED.);
#367=ELLIPSE('',#11063,0.0012727922061358,0.0009);
#368=ELLIPSE('',#11076,0.000212132034355966,0.00015);
#369=ELLIPSE('',#11079,0.000212132034355966,0.00015);
#370=ELLIPSE('',#11098,0.00134536240470738,0.001);
#371=ELLIPSE('',#11103,0.000158113883008417,5.E-5);
#372=ELLIPSE('',#11108,0.000158113883008417,5.E-5);
#373=ELLIPSE('',#11135,0.000100015232804391,0.0001);
#374=ELLIPSE('',#11162,0.000100015232804391,0.0001);
#375=ELLIPSE('',#11187,0.000282842712474619,0.0002);
#376=ELLIPSE('',#11188,0.000282842712474619,0.0002);
#377=ELLIPSE('',#11191,0.000282842712474619,0.0002);
#378=ELLIPSE('',#11192,0.000282842712474619,0.0002);
#379=ELLIPSE('',#11196,0.000282842712474619,0.0002);
#380=ELLIPSE('',#11197,0.000282842712474619,0.0002);
#381=ELLIPSE('',#11200,0.000282842712474619,0.0002);
#382=ELLIPSE('',#11201,0.000282842712474619,0.0002);
#383=ELLIPSE('',#11209,0.000223606797749977,0.0001);
#384=ELLIPSE('',#11219,0.000223606797749981,0.0001);
#385=ELLIPSE('',#11251,0.000223606797749981,0.0001);
#386=ELLIPSE('',#11260,0.000223606797749977,0.0001);
#387=ELLIPSE('',#11310,0.0015556349186104,0.0011);
#388=ELLIPSE('',#11312,0.0015556349186104,0.0011);
#389=ELLIPSE('',#11412,0.000282842712474619,0.0002);
#390=ELLIPSE('',#11413,0.000282842712474619,0.0002);
#391=ELLIPSE('',#11414,0.000282842712474619,0.0002);
#392=ELLIPSE('',#11415,0.000282842712474619,0.0002);
#393=ELLIPSE('',#11422,0.0012727922061358,0.0009);
#394=ELLIPSE('',#11433,0.000212132034355966,0.00015);
#395=ELLIPSE('',#11439,0.000212132034355966,0.00015);
#396=ELLIPSE('',#11451,0.00127279220613578,0.0009);
#397=ELLIPSE('',#11459,0.00134536240470738,0.001);
#398=ELLIPSE('',#11464,0.000158113883008417,5.E-5);
#399=ELLIPSE('',#11468,0.000158113883008417,5.E-5);
#400=ELLIPSE('',#11495,0.000100015232804391,0.0001);
#401=ELLIPSE('',#11522,0.000100015232804391,0.0001);
#402=ELLIPSE('',#11552,0.000223606797749977,0.0001);
#403=ELLIPSE('',#11560,0.000223606797749981,0.0001);
#404=ELLIPSE('',#11564,0.00028284271247462,0.0002);
#405=ELLIPSE('',#11593,0.000223606797749981,0.0001);
#406=ELLIPSE('',#11603,0.000223606797749977,0.0001);
#407=ELLIPSE('',#11634,0.000223606797749978,0.0001);
#408=ELLIPSE('',#11654,0.0015556349186104,0.0011);
#409=ELLIPSE('',#11656,0.0015556349186104,0.0011);
#410=ELLIPSE('',#11725,0.000212132034355966,0.00015);
#411=ELLIPSE('',#11728,0.000212132034355966,0.00015);
#412=ELLIPSE('',#11741,0.00127279220613578,0.0009);
#413=ELLIPSE('',#11752,0.000158113883008417,5.E-5);
#414=ELLIPSE('',#11757,0.000158113883008417,5.E-5);
#415=ELLIPSE('',#11784,0.000100015232804391,0.0001);
#416=ELLIPSE('',#11810,0.000100015232804391,0.0001);
#417=ELLIPSE('',#11841,0.000282842712474619,0.0002);
#418=ELLIPSE('',#11842,0.000282842712474619,0.0002);
#419=ELLIPSE('',#11845,0.000282842712474619,0.0002);
#420=ELLIPSE('',#11846,0.000282842712474619,0.0002);
#421=ELLIPSE('',#11848,0.000223606797749977,0.0001);
#422=ELLIPSE('',#11858,0.000223606797749981,0.0001);
#423=ELLIPSE('',#11890,0.000223606797749981,0.0001);
#424=ELLIPSE('',#11899,0.000223606797749977,0.0001);
#425=ELLIPSE('',#11951,0.0015556349186104,0.0011);
#426=ELLIPSE('',#11953,0.0015556349186104,0.0011);
#427=ELLIPSE('',#12036,0.000212132034355966,0.00015);
#428=ELLIPSE('',#12042,0.000212132034355966,0.00015);
#429=ELLIPSE('',#12065,0.000158113883008417,5.E-5);
#430=ELLIPSE('',#12069,0.000158113883008417,5.E-5);
#431=ELLIPSE('',#12096,0.000100015232804391,0.0001);
#432=ELLIPSE('',#12123,0.000100015232804391,0.0001);
#433=ELLIPSE('',#12153,0.000223606797749977,0.0001);
#434=ELLIPSE('',#12161,0.000223606797749981,0.0001);
#435=ELLIPSE('',#12193,0.000223606797749981,0.0001);
#436=ELLIPSE('',#12203,0.000223606797749977,0.0001);
#437=ELLIPSE('',#12253,0.0015556349186104,0.0011);
#438=ELLIPSE('',#12255,0.0015556349186104,0.0011);
#439=PLANE('',#11062);
#440=PLANE('',#11065);
#441=PLANE('',#11067);
#442=PLANE('',#11073);
#443=PLANE('',#11077);
#444=PLANE('',#11081);
#445=PLANE('',#11085);
#446=PLANE('',#11089);
#447=PLANE('',#11090);
#448=PLANE('',#11091);
#449=PLANE('',#11094);
#450=PLANE('',#11163);
#451=PLANE('',#11165);
#452=PLANE('',#11174);
#453=PLANE('',#11176);
#454=PLANE('',#11177);
#455=PLANE('',#11184);
#456=PLANE('',#11193);
#457=PLANE('',#11202);
#458=PLANE('',#11204);
#459=PLANE('',#11206);
#460=PLANE('',#11221);
#461=PLANE('',#11236);
#462=PLANE('',#11267);
#463=PLANE('',#11278);
#464=PLANE('',#11282);
#465=PLANE('',#11292);
#466=PLANE('',#11294);
#467=PLANE('',#11302);
#468=PLANE('',#11304);
#469=PLANE('',#11306);
#470=PLANE('',#11307);
#471=PLANE('',#11308);
#472=PLANE('',#11309);
#473=PLANE('',#11311);
#474=PLANE('',#11313);
#475=PLANE('',#11314);
#476=PLANE('',#11315);
#477=PLANE('',#11327);
#478=PLANE('',#11330);
#479=PLANE('',#11331);
#480=PLANE('',#11362);
#481=PLANE('',#11367);
#482=PLANE('',#11372);
#483=PLANE('',#11373);
#484=PLANE('',#11374);
#485=PLANE('',#11375);
#486=PLANE('',#11376);
#487=PLANE('',#11378);
#488=PLANE('',#11382);
#489=PLANE('',#11385);
#490=PLANE('',#11388);
#491=PLANE('',#11393);
#492=PLANE('',#11395);
#493=PLANE('',#11397);
#494=PLANE('',#11399);
#495=PLANE('',#11405);
#496=PLANE('',#11410);
#497=PLANE('',#11411);
#498=PLANE('',#11421);
#499=PLANE('',#11424);
#500=PLANE('',#11426);
#501=PLANE('',#11432);
#502=PLANE('',#11436);
#503=PLANE('',#11440);
#504=PLANE('',#11444);
#505=PLANE('',#11448);
#506=PLANE('',#11449);
#507=PLANE('',#11450);
#508=PLANE('',#11454);
#509=PLANE('',#11523);
#510=PLANE('',#11525);
#511=PLANE('',#11534);
#512=PLANE('',#11536);
#513=PLANE('',#11537);
#514=PLANE('',#11544);
#515=PLANE('',#11546);
#516=PLANE('',#11548);
#517=PLANE('',#11563);
#518=PLANE('',#11579);
#519=PLANE('',#11610);
#520=PLANE('',#11621);
#521=PLANE('',#11625);
#522=PLANE('',#11636);
#523=PLANE('',#11638);
#524=PLANE('',#11646);
#525=PLANE('',#11648);
#526=PLANE('',#11650);
#527=PLANE('',#11651);
#528=PLANE('',#11652);
#529=PLANE('',#11653);
#530=PLANE('',#11655);
#531=PLANE('',#11657);
#532=PLANE('',#11658);
#533=PLANE('',#11659);
#534=PLANE('',#11671);
#535=PLANE('',#11674);
#536=PLANE('',#11675);
#537=PLANE('',#11712);
#538=PLANE('',#11714);
#539=PLANE('',#11716);
#540=PLANE('',#11722);
#541=PLANE('',#11726);
#542=PLANE('',#11730);
#543=PLANE('',#11734);
#544=PLANE('',#11738);
#545=PLANE('',#11739);
#546=PLANE('',#11740);
#547=PLANE('',#11744);
#548=PLANE('',#11811);
#549=PLANE('',#11813);
#550=PLANE('',#11822);
#551=PLANE('',#11824);
#552=PLANE('',#11825);
#553=PLANE('',#11832);
#554=PLANE('',#11834);
#555=PLANE('',#11836);
#556=PLANE('',#11838);
#557=PLANE('',#11860);
#558=PLANE('',#11875);
#559=PLANE('',#11906);
#560=PLANE('',#11917);
#561=PLANE('',#11921);
#562=PLANE('',#11931);
#563=PLANE('',#11933);
#564=PLANE('',#11941);
#565=PLANE('',#11943);
#566=PLANE('',#11945);
#567=PLANE('',#11946);
#568=PLANE('',#11947);
#569=PLANE('',#11948);
#570=PLANE('',#11949);
#571=PLANE('',#11950);
#572=PLANE('',#11952);
#573=PLANE('',#11954);
#574=PLANE('',#11966);
#575=PLANE('',#11969);
#576=PLANE('',#11970);
#577=PLANE('',#12000);
#578=PLANE('',#12005);
#579=PLANE('',#12006);
#580=PLANE('',#12007);
#581=PLANE('',#12009);
#582=PLANE('',#12013);
#583=PLANE('',#12016);
#584=PLANE('',#12025);
#585=PLANE('',#12027);
#586=PLANE('',#12029);
#587=PLANE('',#12035);
#588=PLANE('',#12039);
#589=PLANE('',#12043);
#590=PLANE('',#12047);
#591=PLANE('',#12051);
#592=PLANE('',#12052);
#593=PLANE('',#12053);
#594=PLANE('',#12056);
#595=PLANE('',#12124);
#596=PLANE('',#12126);
#597=PLANE('',#12135);
#598=PLANE('',#12137);
#599=PLANE('',#12138);
#600=PLANE('',#12145);
#601=PLANE('',#12147);
#602=PLANE('',#12149);
#603=PLANE('',#12164);
#604=PLANE('',#12179);
#605=PLANE('',#12210);
#606=PLANE('',#12221);
#607=PLANE('',#12225);
#608=PLANE('',#12235);
#609=PLANE('',#12237);
#610=PLANE('',#12245);
#611=PLANE('',#12247);
#612=PLANE('',#12249);
#613=PLANE('',#12250);
#614=PLANE('',#12251);
#615=PLANE('',#12252);
#616=PLANE('',#12254);
#617=PLANE('',#12256);
#618=PLANE('',#12257);
#619=PLANE('',#12258);
#620=PLANE('',#12270);
#621=PLANE('',#12273);
#622=PLANE('',#12274);
#623=PLANE('',#12304);
#624=PLANE('',#12305);
#625=PLANE('',#12308);
#626=PLANE('',#12311);
#627=LINE('',#15677,#1467);
#628=LINE('',#15681,#1468);
#629=LINE('',#15686,#1469);
#630=LINE('',#15690,#1470);
#631=LINE('',#15692,#1471);
#632=LINE('',#15697,#1472);
#633=LINE('',#15704,#1473);
#634=LINE('',#15706,#1474);
#635=LINE('',#15708,#1475);
#636=LINE('',#15715,#1476);
#637=LINE('',#15738,#1477);
#638=LINE('',#15746,#1478);
#639=LINE('',#15747,#1479);
#640=LINE('',#15754,#1480);
#641=LINE('',#15756,#1481);
#642=LINE('',#15768,#1482);
#643=LINE('',#15774,#1483);
#644=LINE('',#15778,#1484);
#645=LINE('',#15780,#1485);
#646=LINE('',#15784,#1486);
#647=LINE('',#15786,#1487);
#648=LINE('',#15790,#1488);
#649=LINE('',#15793,#1489);
#650=LINE('',#15797,#1490);
#651=LINE('',#15801,#1491);
#652=LINE('',#15803,#1492);
#653=LINE('',#15805,#1493);
#654=LINE('',#15809,#1494);
#655=LINE('',#15814,#1495);
#656=LINE('',#15816,#1496);
#657=LINE('',#15818,#1497);
#658=LINE('',#15822,#1498);
#659=LINE('',#15824,#1499);
#660=LINE('',#15826,#1500);
#661=LINE('',#15830,#1501);
#662=LINE('',#15832,#1502);
#663=LINE('',#15835,#1503);
#664=LINE('',#15837,#1504);
#665=LINE('',#15839,#1505);
#666=LINE('',#15841,#1506);
#667=LINE('',#15847,#1507);
#668=LINE('',#15850,#1508);
#669=LINE('',#15851,#1509);
#670=LINE('',#15856,#1510);
#671=LINE('',#15858,#1511);
#672=LINE('',#15860,#1512);
#673=LINE('',#15862,#1513);
#674=LINE('',#15864,#1514);
#675=LINE('',#15866,#1515);
#676=LINE('',#15868,#1516);
#677=LINE('',#15876,#1517);
#678=LINE('',#15878,#1518);
#679=LINE('',#15880,#1519);
#680=LINE('',#15895,#1520);
#681=LINE('',#15903,#1521);
#682=LINE('',#15905,#1522);
#683=LINE('',#15907,#1523);
#684=LINE('',#16115,#1524);
#685=LINE('',#16117,#1525);
#686=LINE('',#16119,#1526);
#687=LINE('',#16121,#1527);
#688=LINE('',#16126,#1528);
#689=LINE('',#16128,#1529);
#690=LINE('',#16130,#1530);
#691=LINE('',#16132,#1531);
#692=LINE('',#16133,#1532);
#693=LINE('',#16138,#1533);
#694=LINE('',#16142,#1534);
#695=LINE('',#16146,#1535);
#696=LINE('',#16150,#1536);
#697=LINE('',#16153,#1537);
#698=LINE('',#16156,#1538);
#699=LINE('',#16158,#1539);
#700=LINE('',#16162,#1540);
#701=LINE('',#16164,#1541);
#702=LINE('',#16166,#1542);
#703=LINE('',#16170,#1543);
#704=LINE('',#16172,#1544);
#705=LINE('',#16174,#1545);
#706=LINE('',#16176,#1546);
#707=LINE('',#16181,#1547);
#708=LINE('',#16183,#1548);
#709=LINE('',#16185,#1549);
#710=LINE('',#16187,#1550);
#711=LINE('',#16190,#1551);
#712=LINE('',#16191,#1552);
#713=LINE('',#16193,#1553);
#714=LINE('',#16195,#1554);
#715=LINE('',#16197,#1555);
#716=LINE('',#16199,#1556);
#717=LINE('',#16201,#1557);
#718=LINE('',#16203,#1558);
#719=LINE('',#16205,#1559);
#720=LINE('',#16208,#1560);
#721=LINE('',#16209,#1561);
#722=LINE('',#16211,#1562);
#723=LINE('',#16213,#1563);
#724=LINE('',#16215,#1564);
#725=LINE('',#16217,#1565);
#726=LINE('',#16219,#1566);
#727=LINE('',#16221,#1567);
#728=LINE('',#16223,#1568);
#729=LINE('',#16228,#1569);
#730=LINE('',#16232,#1570);
#731=LINE('',#16237,#1571);
#732=LINE('',#16241,#1572);
#733=LINE('',#16242,#1573);
#734=LINE('',#16246,#1574);
#735=LINE('',#16250,#1575);
#736=LINE('',#16252,#1576);
#737=LINE('',#16254,#1577);
#738=LINE('',#16256,#1578);
#739=LINE('',#16258,#1579);
#740=LINE('',#16262,#1580);
#741=LINE('',#16266,#1581);
#742=LINE('',#16268,#1582);
#743=LINE('',#16270,#1583);
#744=LINE('',#16272,#1584);
#745=LINE('',#16274,#1585);
#746=LINE('',#16278,#1586);
#747=LINE('',#16282,#1587);
#748=LINE('',#16284,#1588);
#749=LINE('',#16286,#1589);
#750=LINE('',#16287,#1590);
#751=LINE('',#16291,#1591);
#752=LINE('',#16295,#1592);
#753=LINE('',#16297,#1593);
#754=LINE('',#16301,#1594);
#755=LINE('',#16305,#1595);
#756=LINE('',#16307,#1596);
#757=LINE('',#16309,#1597);
#758=LINE('',#16311,#1598);
#759=LINE('',#16313,#1599);
#760=LINE('',#16317,#1600);
#761=LINE('',#16321,#1601);
#762=LINE('',#16323,#1602);
#763=LINE('',#16325,#1603);
#764=LINE('',#16327,#1604);
#765=LINE('',#16329,#1605);
#766=LINE('',#16333,#1606);
#767=LINE('',#16337,#1607);
#768=LINE('',#16339,#1608);
#769=LINE('',#16341,#1609);
#770=LINE('',#16342,#1610);
#771=LINE('',#16346,#1611);
#772=LINE('',#16350,#1612);
#773=LINE('',#16351,#1613);
#774=LINE('',#16354,#1614);
#775=LINE('',#16356,#1615);
#776=LINE('',#16358,#1616);
#777=LINE('',#16360,#1617);
#778=LINE('',#16363,#1618);
#779=LINE('',#16364,#1619);
#780=LINE('',#16367,#1620);
#781=LINE('',#16391,#1621);
#782=LINE('',#16399,#1622);
#783=LINE('',#16435,#1623);
#784=LINE('',#16437,#1624);
#785=LINE('',#16439,#1625);
#786=LINE('',#16441,#1626);
#787=LINE('',#16450,#1627);
#788=LINE('',#16456,#1628);
#789=LINE('',#16465,#1629);
#790=LINE('',#16471,#1630);
#791=LINE('',#16473,#1631);
#792=LINE('',#16475,#1632);
#793=LINE('',#16477,#1633);
#794=LINE('',#16485,#1634);
#795=LINE('',#16493,#1635);
#796=LINE('',#16494,#1636);
#797=LINE('',#16498,#1637);
#798=LINE('',#16520,#1638);
#799=LINE('',#16528,#1639);
#800=LINE('',#16548,#1640);
#801=LINE('',#16550,#1641);
#802=LINE('',#16552,#1642);
#803=LINE('',#16559,#1643);
#804=LINE('',#16562,#1644);
#805=LINE('',#16566,#1645);
#806=LINE('',#16574,#1646);
#807=LINE('',#16581,#1647);
#808=LINE('',#16608,#1648);
#809=LINE('',#16610,#1649);
#810=LINE('',#16612,#1650);
#811=LINE('',#16616,#1651);
#812=LINE('',#16627,#1652);
#813=LINE('',#16634,#1653);
#814=LINE('',#16636,#1654);
#815=LINE('',#16638,#1655);
#816=LINE('',#16650,#1656);
#817=LINE('',#16652,#1657);
#818=LINE('',#16654,#1658);
#819=LINE('',#16656,#1659);
#820=LINE('',#16660,#1660);
#821=LINE('',#16662,#1661);
#822=LINE('',#16663,#1662);
#823=LINE('',#16665,#1663);
#824=LINE('',#16667,#1664);
#825=LINE('',#16669,#1665);
#826=LINE('',#16671,#1666);
#827=LINE('',#16672,#1667);
#828=LINE('',#16674,#1668);
#829=LINE('',#16676,#1669);
#830=LINE('',#16678,#1670);
#831=LINE('',#16680,#1671);
#832=LINE('',#16684,#1672);
#833=LINE('',#16686,#1673);
#834=LINE('',#16690,#1674);
#835=LINE('',#16692,#1675);
#836=LINE('',#16694,#1676);
#837=LINE('',#16696,#1677);
#838=LINE('',#16698,#1678);
#839=LINE('',#16700,#1679);
#840=LINE('',#16702,#1680);
#841=LINE('',#16710,#1681);
#842=LINE('',#16711,#1682);
#843=LINE('',#16713,#1683);
#844=LINE('',#16717,#1684);
#845=LINE('',#16722,#1685);
#846=LINE('',#16725,#1686);
#847=LINE('',#16759,#1687);
#848=LINE('',#16763,#1688);
#849=LINE('',#16767,#1689);
#850=LINE('',#16769,#1690);
#851=LINE('',#16771,#1691);
#852=LINE('',#16775,#1692);
#853=LINE('',#16779,#1693);
#854=LINE('',#16781,#1694);
#855=LINE('',#16785,#1695);
#856=LINE('',#16789,#1696);
#857=LINE('',#16791,#1697);
#858=LINE('',#16793,#1698);
#859=LINE('',#16797,#1699);
#860=LINE('',#16801,#1700);
#861=LINE('',#16803,#1701);
#862=LINE('',#16805,#1702);
#863=LINE('',#16807,#1703);
#864=LINE('',#16809,#1704);
#865=LINE('',#16813,#1705);
#866=LINE('',#16814,#1706);
#867=LINE('',#16816,#1707);
#868=LINE('',#16819,#1708);
#869=LINE('',#16821,#1709);
#870=LINE('',#16823,#1710);
#871=LINE('',#16825,#1711);
#872=LINE('',#16828,#1712);
#873=LINE('',#16831,#1713);
#874=LINE('',#16835,#1714);
#875=LINE('',#16838,#1715);
#876=LINE('',#16840,#1716);
#877=LINE('',#16844,#1717);
#878=LINE('',#16848,#1718);
#879=LINE('',#16850,#1719);
#880=LINE('',#16852,#1720);
#881=LINE('',#16856,#1721);
#882=LINE('',#16863,#1722);
#883=LINE('',#16864,#1723);
#884=LINE('',#16866,#1724);
#885=LINE('',#16868,#1725);
#886=LINE('',#16872,#1726);
#887=LINE('',#16874,#1727);
#888=LINE('',#16879,#1728);
#889=LINE('',#16880,#1729);
#890=LINE('',#16882,#1730);
#891=LINE('',#16884,#1731);
#892=LINE('',#16888,#1732);
#893=LINE('',#16890,#1733);
#894=LINE('',#16894,#1734);
#895=LINE('',#16898,#1735);
#896=LINE('',#16900,#1736);
#897=LINE('',#16902,#1737);
#898=LINE('',#16908,#1738);
#899=LINE('',#16910,#1739);
#900=LINE('',#16912,#1740);
#901=LINE('',#16914,#1741);
#902=LINE('',#16916,#1742);
#903=LINE('',#16918,#1743);
#904=LINE('',#16922,#1744);
#905=LINE('',#16926,#1745);
#906=LINE('',#16928,#1746);
#907=LINE('',#16930,#1747);
#908=LINE('',#16932,#1748);
#909=LINE('',#16933,#1749);
#910=LINE('',#16935,#1750);
#911=LINE('',#16937,#1751);
#912=LINE('',#16939,#1752);
#913=LINE('',#16943,#1753);
#914=LINE('',#16947,#1754);
#915=LINE('',#16949,#1755);
#916=LINE('',#16951,#1756);
#917=LINE('',#16953,#1757);
#918=LINE('',#16955,#1758);
#919=LINE('',#16959,#1759);
#920=LINE('',#16964,#1760);
#921=LINE('',#16971,#1761);
#922=LINE('',#16978,#1762);
#923=LINE('',#16980,#1763);
#924=LINE('',#16982,#1764);
#925=LINE('',#16990,#1765);
#926=LINE('',#17013,#1766);
#927=LINE('',#17020,#1767);
#928=LINE('',#17021,#1768);
#929=LINE('',#17023,#1769);
#930=LINE('',#17035,#1770);
#931=LINE('',#17040,#1771);
#932=LINE('',#17042,#1772);
#933=LINE('',#17046,#1773);
#934=LINE('',#17048,#1774);
#935=LINE('',#17052,#1775);
#936=LINE('',#17057,#1776);
#937=LINE('',#17060,#1777);
#938=LINE('',#17064,#1778);
#939=LINE('',#17066,#1779);
#940=LINE('',#17068,#1780);
#941=LINE('',#17072,#1781);
#942=LINE('',#17076,#1782);
#943=LINE('',#17081,#1783);
#944=LINE('',#17085,#1784);
#945=LINE('',#17087,#1785);
#946=LINE('',#17089,#1786);
#947=LINE('',#17093,#1787);
#948=LINE('',#17095,#1788);
#949=LINE('',#17097,#1789);
#950=LINE('',#17099,#1790);
#951=LINE('',#17102,#1791);
#952=LINE('',#17104,#1792);
#953=LINE('',#17106,#1793);
#954=LINE('',#17108,#1794);
#955=LINE('',#17114,#1795);
#956=LINE('',#17117,#1796);
#957=LINE('',#17118,#1797);
#958=LINE('',#17123,#1798);
#959=LINE('',#17125,#1799);
#960=LINE('',#17127,#1800);
#961=LINE('',#17129,#1801);
#962=LINE('',#17131,#1802);
#963=LINE('',#17133,#1803);
#964=LINE('',#17135,#1804);
#965=LINE('',#17138,#1805);
#966=LINE('',#17140,#1806);
#967=LINE('',#17142,#1807);
#968=LINE('',#17159,#1808);
#969=LINE('',#17162,#1809);
#970=LINE('',#17164,#1810);
#971=LINE('',#17166,#1811);
#972=LINE('',#17379,#1812);
#973=LINE('',#17381,#1813);
#974=LINE('',#17383,#1814);
#975=LINE('',#17385,#1815);
#976=LINE('',#17390,#1816);
#977=LINE('',#17392,#1817);
#978=LINE('',#17394,#1818);
#979=LINE('',#17396,#1819);
#980=LINE('',#17397,#1820);
#981=LINE('',#17402,#1821);
#982=LINE('',#17406,#1822);
#983=LINE('',#17410,#1823);
#984=LINE('',#17414,#1824);
#985=LINE('',#17417,#1825);
#986=LINE('',#17420,#1826);
#987=LINE('',#17422,#1827);
#988=LINE('',#17424,#1828);
#989=LINE('',#17428,#1829);
#990=LINE('',#17430,#1830);
#991=LINE('',#17434,#1831);
#992=LINE('',#17436,#1832);
#993=LINE('',#17438,#1833);
#994=LINE('',#17440,#1834);
#995=LINE('',#17445,#1835);
#996=LINE('',#17447,#1836);
#997=LINE('',#17449,#1837);
#998=LINE('',#17451,#1838);
#999=LINE('',#17453,#1839);
#1000=LINE('',#17455,#1840);
#1001=LINE('',#17457,#1841);
#1002=LINE('',#17459,#1842);
#1003=LINE('',#17461,#1843);
#1004=LINE('',#17463,#1844);
#1005=LINE('',#17465,#1845);
#1006=LINE('',#17467,#1846);
#1007=LINE('',#17469,#1847);
#1008=LINE('',#17471,#1848);
#1009=LINE('',#17473,#1849);
#1010=LINE('',#17481,#1850);
#1011=LINE('',#17483,#1851);
#1012=LINE('',#17485,#1852);
#1013=LINE('',#17487,#1853);
#1014=LINE('',#17490,#1854);
#1015=LINE('',#17491,#1855);
#1016=LINE('',#17494,#1856);
#1017=LINE('',#17519,#1857);
#1018=LINE('',#17525,#1858);
#1019=LINE('',#17563,#1859);
#1020=LINE('',#17567,#1860);
#1021=LINE('',#17569,#1861);
#1022=LINE('',#17571,#1862);
#1023=LINE('',#17575,#1863);
#1024=LINE('',#17582,#1864);
#1025=LINE('',#17590,#1865);
#1026=LINE('',#17596,#1866);
#1027=LINE('',#17598,#1867);
#1028=LINE('',#17600,#1868);
#1029=LINE('',#17602,#1869);
#1030=LINE('',#17610,#1870);
#1031=LINE('',#17618,#1871);
#1032=LINE('',#17619,#1872);
#1033=LINE('',#17621,#1873);
#1034=LINE('',#17643,#1874);
#1035=LINE('',#17651,#1875);
#1036=LINE('',#17673,#1876);
#1037=LINE('',#17675,#1877);
#1038=LINE('',#17679,#1878);
#1039=LINE('',#17684,#1879);
#1040=LINE('',#17687,#1880);
#1041=LINE('',#17689,#1881);
#1042=LINE('',#17699,#1882);
#1043=LINE('',#17706,#1883);
#1044=LINE('',#17733,#1884);
#1045=LINE('',#17735,#1885);
#1046=LINE('',#17737,#1886);
#1047=LINE('',#17741,#1887);
#1048=LINE('',#17749,#1888);
#1049=LINE('',#17764,#1889);
#1050=LINE('',#17766,#1890);
#1051=LINE('',#17768,#1891);
#1052=LINE('',#17778,#1892);
#1053=LINE('',#17780,#1893);
#1054=LINE('',#17784,#1894);
#1055=LINE('',#17788,#1895);
#1056=LINE('',#17790,#1896);
#1057=LINE('',#17792,#1897);
#1058=LINE('',#17794,#1898);
#1059=LINE('',#17796,#1899);
#1060=LINE('',#17797,#1900);
#1061=LINE('',#17799,#1901);
#1062=LINE('',#17801,#1902);
#1063=LINE('',#17802,#1903);
#1064=LINE('',#17804,#1904);
#1065=LINE('',#17806,#1905);
#1066=LINE('',#17808,#1906);
#1067=LINE('',#17812,#1907);
#1068=LINE('',#17814,#1908);
#1069=LINE('',#17816,#1909);
#1070=LINE('',#17818,#1910);
#1071=LINE('',#17822,#1911);
#1072=LINE('',#17824,#1912);
#1073=LINE('',#17826,#1913);
#1074=LINE('',#17828,#1914);
#1075=LINE('',#17830,#1915);
#1076=LINE('',#17834,#1916);
#1077=LINE('',#17840,#1917);
#1078=LINE('',#17841,#1918);
#1079=LINE('',#17843,#1919);
#1080=LINE('',#17845,#1920);
#1081=LINE('',#17852,#1921);
#1082=LINE('',#17855,#1922);
#1083=LINE('',#17887,#1923);
#1084=LINE('',#17894,#1924);
#1085=LINE('',#17898,#1925);
#1086=LINE('',#17900,#1926);
#1087=LINE('',#17905,#1927);
#1088=LINE('',#17915,#1928);
#1089=LINE('',#17917,#1929);
#1090=LINE('',#17919,#1930);
#1091=LINE('',#17926,#1931);
#1092=LINE('',#17948,#1932);
#1093=LINE('',#17956,#1933);
#1094=LINE('',#17957,#1934);
#1095=LINE('',#17964,#1935);
#1096=LINE('',#17966,#1936);
#1097=LINE('',#17978,#1937);
#1098=LINE('',#17984,#1938);
#1099=LINE('',#17988,#1939);
#1100=LINE('',#17990,#1940);
#1101=LINE('',#17994,#1941);
#1102=LINE('',#17996,#1942);
#1103=LINE('',#18000,#1943);
#1104=LINE('',#18003,#1944);
#1105=LINE('',#18007,#1945);
#1106=LINE('',#18011,#1946);
#1107=LINE('',#18013,#1947);
#1108=LINE('',#18015,#1948);
#1109=LINE('',#18019,#1949);
#1110=LINE('',#18024,#1950);
#1111=LINE('',#18026,#1951);
#1112=LINE('',#18028,#1952);
#1113=LINE('',#18032,#1953);
#1114=LINE('',#18034,#1954);
#1115=LINE('',#18036,#1955);
#1116=LINE('',#18040,#1956);
#1117=LINE('',#18042,#1957);
#1118=LINE('',#18045,#1958);
#1119=LINE('',#18047,#1959);
#1120=LINE('',#18049,#1960);
#1121=LINE('',#18051,#1961);
#1122=LINE('',#18057,#1962);
#1123=LINE('',#18060,#1963);
#1124=LINE('',#18061,#1964);
#1125=LINE('',#18066,#1965);
#1126=LINE('',#18068,#1966);
#1127=LINE('',#18070,#1967);
#1128=LINE('',#18072,#1968);
#1129=LINE('',#18074,#1969);
#1130=LINE('',#18076,#1970);
#1131=LINE('',#18078,#1971);
#1132=LINE('',#18083,#1972);
#1133=LINE('',#18085,#1973);
#1134=LINE('',#18087,#1974);
#1135=LINE('',#18102,#1975);
#1136=LINE('',#18110,#1976);
#1137=LINE('',#18112,#1977);
#1138=LINE('',#18114,#1978);
#1139=LINE('',#18328,#1979);
#1140=LINE('',#18330,#1980);
#1141=LINE('',#18332,#1981);
#1142=LINE('',#18334,#1982);
#1143=LINE('',#18339,#1983);
#1144=LINE('',#18341,#1984);
#1145=LINE('',#18343,#1985);
#1146=LINE('',#18345,#1986);
#1147=LINE('',#18346,#1987);
#1148=LINE('',#18351,#1988);
#1149=LINE('',#18355,#1989);
#1150=LINE('',#18359,#1990);
#1151=LINE('',#18363,#1991);
#1152=LINE('',#18366,#1992);
#1153=LINE('',#18369,#1993);
#1154=LINE('',#18371,#1994);
#1155=LINE('',#18375,#1995);
#1156=LINE('',#18377,#1996);
#1157=LINE('',#18379,#1997);
#1158=LINE('',#18383,#1998);
#1159=LINE('',#18385,#1999);
#1160=LINE('',#18387,#2000);
#1161=LINE('',#18389,#2001);
#1162=LINE('',#18394,#2002);
#1163=LINE('',#18396,#2003);
#1164=LINE('',#18398,#2004);
#1165=LINE('',#18400,#2005);
#1166=LINE('',#18403,#2006);
#1167=LINE('',#18404,#2007);
#1168=LINE('',#18406,#2008);
#1169=LINE('',#18408,#2009);
#1170=LINE('',#18410,#2010);
#1171=LINE('',#18412,#2011);
#1172=LINE('',#18414,#2012);
#1173=LINE('',#18416,#2013);
#1174=LINE('',#18418,#2014);
#1175=LINE('',#18420,#2015);
#1176=LINE('',#18422,#2016);
#1177=LINE('',#18424,#2017);
#1178=LINE('',#18426,#2018);
#1179=LINE('',#18428,#2019);
#1180=LINE('',#18430,#2020);
#1181=LINE('',#18438,#2021);
#1182=LINE('',#18443,#2022);
#1183=LINE('',#18444,#2023);
#1184=LINE('',#18446,#2024);
#1185=LINE('',#18449,#2025);
#1186=LINE('',#18451,#2026);
#1187=LINE('',#18454,#2027);
#1188=LINE('',#18456,#2028);
#1189=LINE('',#18458,#2029);
#1190=LINE('',#18459,#2030);
#1191=LINE('',#18463,#2031);
#1192=LINE('',#18467,#2032);
#1193=LINE('',#18469,#2033);
#1194=LINE('',#18471,#2034);
#1195=LINE('',#18473,#2035);
#1196=LINE('',#18475,#2036);
#1197=LINE('',#18479,#2037);
#1198=LINE('',#18483,#2038);
#1199=LINE('',#18485,#2039);
#1200=LINE('',#18487,#2040);
#1201=LINE('',#18489,#2041);
#1202=LINE('',#18491,#2042);
#1203=LINE('',#18495,#2043);
#1204=LINE('',#18499,#2044);
#1205=LINE('',#18501,#2045);
#1206=LINE('',#18503,#2046);
#1207=LINE('',#18504,#2047);
#1208=LINE('',#18508,#2048);
#1209=LINE('',#18512,#2049);
#1210=LINE('',#18536,#2050);
#1211=LINE('',#18544,#2051);
#1212=LINE('',#18580,#2052);
#1213=LINE('',#18582,#2053);
#1214=LINE('',#18584,#2054);
#1215=LINE('',#18586,#2055);
#1216=LINE('',#18595,#2056);
#1217=LINE('',#18601,#2057);
#1218=LINE('',#18610,#2058);
#1219=LINE('',#18616,#2059);
#1220=LINE('',#18618,#2060);
#1221=LINE('',#18620,#2061);
#1222=LINE('',#18622,#2062);
#1223=LINE('',#18630,#2063);
#1224=LINE('',#18638,#2064);
#1225=LINE('',#18639,#2065);
#1226=LINE('',#18643,#2066);
#1227=LINE('',#18665,#2067);
#1228=LINE('',#18673,#2068);
#1229=LINE('',#18693,#2069);
#1230=LINE('',#18695,#2070);
#1231=LINE('',#18697,#2071);
#1232=LINE('',#18704,#2072);
#1233=LINE('',#18707,#2073);
#1234=LINE('',#18711,#2074);
#1235=LINE('',#18719,#2075);
#1236=LINE('',#18726,#2076);
#1237=LINE('',#18753,#2077);
#1238=LINE('',#18755,#2078);
#1239=LINE('',#18757,#2079);
#1240=LINE('',#18761,#2080);
#1241=LINE('',#18772,#2081);
#1242=LINE('',#18779,#2082);
#1243=LINE('',#18781,#2083);
#1244=LINE('',#18783,#2084);
#1245=LINE('',#18795,#2085);
#1246=LINE('',#18797,#2086);
#1247=LINE('',#18799,#2087);
#1248=LINE('',#18801,#2088);
#1249=LINE('',#18805,#2089);
#1250=LINE('',#18807,#2090);
#1251=LINE('',#18808,#2091);
#1252=LINE('',#18810,#2092);
#1253=LINE('',#18812,#2093);
#1254=LINE('',#18814,#2094);
#1255=LINE('',#18816,#2095);
#1256=LINE('',#18817,#2096);
#1257=LINE('',#18819,#2097);
#1258=LINE('',#18821,#2098);
#1259=LINE('',#18823,#2099);
#1260=LINE('',#18825,#2100);
#1261=LINE('',#18827,#2101);
#1262=LINE('',#18831,#2102);
#1263=LINE('',#18833,#2103);
#1264=LINE('',#18835,#2104);
#1265=LINE('',#18839,#2105);
#1266=LINE('',#18841,#2106);
#1267=LINE('',#18843,#2107);
#1268=LINE('',#18845,#2108);
#1269=LINE('',#18847,#2109);
#1270=LINE('',#18855,#2110);
#1271=LINE('',#18856,#2111);
#1272=LINE('',#18858,#2112);
#1273=LINE('',#18862,#2113);
#1274=LINE('',#18867,#2114);
#1275=LINE('',#18870,#2115);
#1276=LINE('',#18903,#2116);
#1277=LINE('',#18907,#2117);
#1278=LINE('',#18911,#2118);
#1279=LINE('',#18913,#2119);
#1280=LINE('',#18915,#2120);
#1281=LINE('',#18919,#2121);
#1282=LINE('',#18923,#2122);
#1283=LINE('',#18925,#2123);
#1284=LINE('',#18927,#2124);
#1285=LINE('',#18931,#2125);
#1286=LINE('',#18932,#2126);
#1287=LINE('',#18934,#2127);
#1288=LINE('',#18937,#2128);
#1289=LINE('',#18939,#2129);
#1290=LINE('',#18941,#2130);
#1291=LINE('',#18943,#2131);
#1292=LINE('',#18946,#2132);
#1293=LINE('',#18949,#2133);
#1294=LINE('',#18957,#2134);
#1295=LINE('',#18959,#2135);
#1296=LINE('',#18964,#2136);
#1297=LINE('',#18974,#2137);
#1298=LINE('',#18981,#2138);
#1299=LINE('',#18983,#2139);
#1300=LINE('',#18985,#2140);
#1301=LINE('',#18993,#2141);
#1302=LINE('',#19016,#2142);
#1303=LINE('',#19023,#2143);
#1304=LINE('',#19024,#2144);
#1305=LINE('',#19026,#2145);
#1306=LINE('',#19038,#2146);
#1307=LINE('',#19043,#2147);
#1308=LINE('',#19045,#2148);
#1309=LINE('',#19049,#2149);
#1310=LINE('',#19051,#2150);
#1311=LINE('',#19055,#2151);
#1312=LINE('',#19060,#2152);
#1313=LINE('',#19063,#2153);
#1314=LINE('',#19067,#2154);
#1315=LINE('',#19069,#2155);
#1316=LINE('',#19071,#2156);
#1317=LINE('',#19075,#2157);
#1318=LINE('',#19079,#2158);
#1319=LINE('',#19084,#2159);
#1320=LINE('',#19088,#2160);
#1321=LINE('',#19090,#2161);
#1322=LINE('',#19092,#2162);
#1323=LINE('',#19096,#2163);
#1324=LINE('',#19098,#2164);
#1325=LINE('',#19100,#2165);
#1326=LINE('',#19102,#2166);
#1327=LINE('',#19105,#2167);
#1328=LINE('',#19107,#2168);
#1329=LINE('',#19109,#2169);
#1330=LINE('',#19111,#2170);
#1331=LINE('',#19117,#2171);
#1332=LINE('',#19120,#2172);
#1333=LINE('',#19121,#2173);
#1334=LINE('',#19126,#2174);
#1335=LINE('',#19128,#2175);
#1336=LINE('',#19130,#2176);
#1337=LINE('',#19132,#2177);
#1338=LINE('',#19134,#2178);
#1339=LINE('',#19136,#2179);
#1340=LINE('',#19138,#2180);
#1341=LINE('',#19141,#2181);
#1342=LINE('',#19143,#2182);
#1343=LINE('',#19145,#2183);
#1344=LINE('',#19165,#2184);
#1345=LINE('',#19168,#2185);
#1346=LINE('',#19170,#2186);
#1347=LINE('',#19172,#2187);
#1348=LINE('',#19380,#2188);
#1349=LINE('',#19382,#2189);
#1350=LINE('',#19384,#2190);
#1351=LINE('',#19386,#2191);
#1352=LINE('',#19391,#2192);
#1353=LINE('',#19393,#2193);
#1354=LINE('',#19395,#2194);
#1355=LINE('',#19397,#2195);
#1356=LINE('',#19398,#2196);
#1357=LINE('',#19403,#2197);
#1358=LINE('',#19407,#2198);
#1359=LINE('',#19411,#2199);
#1360=LINE('',#19415,#2200);
#1361=LINE('',#19418,#2201);
#1362=LINE('',#19421,#2202);
#1363=LINE('',#19423,#2203);
#1364=LINE('',#19425,#2204);
#1365=LINE('',#19429,#2205);
#1366=LINE('',#19431,#2206);
#1367=LINE('',#19435,#2207);
#1368=LINE('',#19437,#2208);
#1369=LINE('',#19439,#2209);
#1370=LINE('',#19441,#2210);
#1371=LINE('',#19446,#2211);
#1372=LINE('',#19448,#2212);
#1373=LINE('',#19450,#2213);
#1374=LINE('',#19452,#2214);
#1375=LINE('',#19454,#2215);
#1376=LINE('',#19456,#2216);
#1377=LINE('',#19458,#2217);
#1378=LINE('',#19460,#2218);
#1379=LINE('',#19462,#2219);
#1380=LINE('',#19464,#2220);
#1381=LINE('',#19465,#2221);
#1382=LINE('',#19467,#2222);
#1383=LINE('',#19469,#2223);
#1384=LINE('',#19471,#2224);
#1385=LINE('',#19473,#2225);
#1386=LINE('',#19475,#2226);
#1387=LINE('',#19477,#2227);
#1388=LINE('',#19485,#2228);
#1389=LINE('',#19487,#2229);
#1390=LINE('',#19489,#2230);
#1391=LINE('',#19491,#2231);
#1392=LINE('',#19494,#2232);
#1393=LINE('',#19495,#2233);
#1394=LINE('',#19498,#2234);
#1395=LINE('',#19523,#2235);
#1396=LINE('',#19529,#2236);
#1397=LINE('',#19567,#2237);
#1398=LINE('',#19574,#2238);
#1399=LINE('',#19576,#2239);
#1400=LINE('',#19578,#2240);
#1401=LINE('',#19582,#2241);
#1402=LINE('',#19589,#2242);
#1403=LINE('',#19597,#2243);
#1404=LINE('',#19603,#2244);
#1405=LINE('',#19605,#2245);
#1406=LINE('',#19607,#2246);
#1407=LINE('',#19609,#2247);
#1408=LINE('',#19617,#2248);
#1409=LINE('',#19625,#2249);
#1410=LINE('',#19626,#2250);
#1411=LINE('',#19628,#2251);
#1412=LINE('',#19650,#2252);
#1413=LINE('',#19658,#2253);
#1414=LINE('',#19680,#2254);
#1415=LINE('',#19682,#2255);
#1416=LINE('',#19686,#2256);
#1417=LINE('',#19691,#2257);
#1418=LINE('',#19694,#2258);
#1419=LINE('',#19696,#2259);
#1420=LINE('',#19706,#2260);
#1421=LINE('',#19713,#2261);
#1422=LINE('',#19740,#2262);
#1423=LINE('',#19742,#2263);
#1424=LINE('',#19744,#2264);
#1425=LINE('',#19748,#2265);
#1426=LINE('',#19759,#2266);
#1427=LINE('',#19766,#2267);
#1428=LINE('',#19768,#2268);
#1429=LINE('',#19770,#2269);
#1430=LINE('',#19780,#2270);
#1431=LINE('',#19782,#2271);
#1432=LINE('',#19786,#2272);
#1433=LINE('',#19790,#2273);
#1434=LINE('',#19792,#2274);
#1435=LINE('',#19794,#2275);
#1436=LINE('',#19796,#2276);
#1437=LINE('',#19798,#2277);
#1438=LINE('',#19799,#2278);
#1439=LINE('',#19801,#2279);
#1440=LINE('',#19803,#2280);
#1441=LINE('',#19804,#2281);
#1442=LINE('',#19806,#2282);
#1443=LINE('',#19808,#2283);
#1444=LINE('',#19810,#2284);
#1445=LINE('',#19814,#2285);
#1446=LINE('',#19816,#2286);
#1447=LINE('',#19818,#2287);
#1448=LINE('',#19820,#2288);
#1449=LINE('',#19824,#2289);
#1450=LINE('',#19826,#2290);
#1451=LINE('',#19828,#2291);
#1452=LINE('',#19830,#2292);
#1453=LINE('',#19832,#2293);
#1454=LINE('',#19836,#2294);
#1455=LINE('',#19842,#2295);
#1456=LINE('',#19843,#2296);
#1457=LINE('',#19845,#2297);
#1458=LINE('',#19847,#2298);
#1459=LINE('',#19854,#2299);
#1460=LINE('',#19857,#2300);
#1461=LINE('',#19890,#2301);
#1462=LINE('',#19892,#2302);
#1463=LINE('',#19894,#2303);
#1464=LINE('',#19896,#2304);
#1465=LINE('',#19898,#2305);
#1466=LINE('',#19901,#2306);
#1467=VECTOR('',#12318,1.);
#1468=VECTOR('',#12321,1.);
#1469=VECTOR('',#12326,1.);
#1470=VECTOR('',#12329,1.);
#1471=VECTOR('',#12332,1.);
#1472=VECTOR('',#12335,1.);
#1473=VECTOR('',#12342,1.);
#1474=VECTOR('',#12343,1.);
#1475=VECTOR('',#12344,1.);
#1476=VECTOR('',#12345,1.);
#1477=VECTOR('',#12348,1.);
#1478=VECTOR('',#12351,1.);
#1479=VECTOR('',#12352,1.);
#1480=VECTOR('',#12353,1.);
#1481=VECTOR('',#12356,1.);
#1482=VECTOR('',#12359,1.);
#1483=VECTOR('',#12364,1.);
#1484=VECTOR('',#12367,1.);
#1485=VECTOR('',#12368,1.);
#1486=VECTOR('',#12371,1.);
#1487=VECTOR('',#12372,1.);
#1488=VECTOR('',#12377,1.);
#1489=VECTOR('',#12378,1.);
#1490=VECTOR('',#12381,1.);
#1491=VECTOR('',#12384,1.);
#1492=VECTOR('',#12385,1.);
#1493=VECTOR('',#12386,1.);
#1494=VECTOR('',#12389,1.);
#1495=VECTOR('',#12394,1.);
#1496=VECTOR('',#12395,1.);
#1497=VECTOR('',#12396,1.);
#1498=VECTOR('',#12399,1.);
#1499=VECTOR('',#12400,1.);
#1500=VECTOR('',#12401,1.);
#1501=VECTOR('',#12404,1.);
#1502=VECTOR('',#12407,1.);
#1503=VECTOR('',#12408,1.);
#1504=VECTOR('',#12409,1.);
#1505=VECTOR('',#12410,1.);
#1506=VECTOR('',#12413,1.);
#1507=VECTOR('',#12420,1.);
#1508=VECTOR('',#12421,1.);
#1509=VECTOR('',#12422,1.);
#1510=VECTOR('',#12431,1.);
#1511=VECTOR('',#12432,1.);
#1512=VECTOR('',#12433,1.);
#1513=VECTOR('',#12436,1.);
#1514=VECTOR('',#12437,1.);
#1515=VECTOR('',#12438,1.);
#1516=VECTOR('',#12441,1.);
#1517=VECTOR('',#12442,1.);
#1518=VECTOR('',#12443,1.);
#1519=VECTOR('',#12444,1.);
#1520=VECTOR('',#12451,1.);
#1521=VECTOR('',#12452,1.);
#1522=VECTOR('',#12453,1.);
#1523=VECTOR('',#12454,1.);
#1524=VECTOR('',#12595,1.);
#1525=VECTOR('',#12596,1.);
#1526=VECTOR('',#12597,1.);
#1527=VECTOR('',#12598,1.);
#1528=VECTOR('',#12603,1.);
#1529=VECTOR('',#12604,1.);
#1530=VECTOR('',#12605,1.);
#1531=VECTOR('',#12606,1.);
#1532=VECTOR('',#12607,1.);
#1533=VECTOR('',#12610,1.);
#1534=VECTOR('',#12613,1.);
#1535=VECTOR('',#12616,1.);
#1536=VECTOR('',#12619,1.);
#1537=VECTOR('',#12622,1.);
#1538=VECTOR('',#12623,1.);
#1539=VECTOR('',#12624,1.);
#1540=VECTOR('',#12627,1.);
#1541=VECTOR('',#12628,1.);
#1542=VECTOR('',#12629,1.);
#1543=VECTOR('',#12632,1.);
#1544=VECTOR('',#12633,1.);
#1545=VECTOR('',#12634,1.);
#1546=VECTOR('',#12635,1.);
#1547=VECTOR('',#12640,1.);
#1548=VECTOR('',#12641,1.);
#1549=VECTOR('',#12642,1.);
#1550=VECTOR('',#12645,1.);
#1551=VECTOR('',#12646,1.);
#1552=VECTOR('',#12647,1.);
#1553=VECTOR('',#12648,1.);
#1554=VECTOR('',#12649,1.);
#1555=VECTOR('',#12650,1.);
#1556=VECTOR('',#12651,1.);
#1557=VECTOR('',#12652,1.);
#1558=VECTOR('',#12653,1.);
#1559=VECTOR('',#12656,1.);
#1560=VECTOR('',#12657,1.);
#1561=VECTOR('',#12658,1.);
#1562=VECTOR('',#12659,1.);
#1563=VECTOR('',#12660,1.);
#1564=VECTOR('',#12661,1.);
#1565=VECTOR('',#12662,1.);
#1566=VECTOR('',#12663,1.);
#1567=VECTOR('',#12664,1.);
#1568=VECTOR('',#12667,1.);
#1569=VECTOR('',#12670,1.);
#1570=VECTOR('',#12675,1.);
#1571=VECTOR('',#12678,1.);
#1572=VECTOR('',#12683,1.);
#1573=VECTOR('',#12684,1.);
#1574=VECTOR('',#12687,1.);
#1575=VECTOR('',#12690,1.);
#1576=VECTOR('',#12691,1.);
#1577=VECTOR('',#12692,1.);
#1578=VECTOR('',#12693,1.);
#1579=VECTOR('',#12694,1.);
#1580=VECTOR('',#12697,1.);
#1581=VECTOR('',#12700,1.);
#1582=VECTOR('',#12701,1.);
#1583=VECTOR('',#12702,1.);
#1584=VECTOR('',#12703,1.);
#1585=VECTOR('',#12704,1.);
#1586=VECTOR('',#12707,1.);
#1587=VECTOR('',#12710,1.);
#1588=VECTOR('',#12711,1.);
#1589=VECTOR('',#12712,1.);
#1590=VECTOR('',#12713,1.);
#1591=VECTOR('',#12716,1.);
#1592=VECTOR('',#12719,1.);
#1593=VECTOR('',#12722,1.);
#1594=VECTOR('',#12725,1.);
#1595=VECTOR('',#12728,1.);
#1596=VECTOR('',#12729,1.);
#1597=VECTOR('',#12730,1.);
#1598=VECTOR('',#12731,1.);
#1599=VECTOR('',#12732,1.);
#1600=VECTOR('',#12735,1.);
#1601=VECTOR('',#12738,1.);
#1602=VECTOR('',#12739,1.);
#1603=VECTOR('',#12740,1.);
#1604=VECTOR('',#12741,1.);
#1605=VECTOR('',#12742,1.);
#1606=VECTOR('',#12745,1.);
#1607=VECTOR('',#12748,1.);
#1608=VECTOR('',#12749,1.);
#1609=VECTOR('',#12750,1.);
#1610=VECTOR('',#12751,1.);
#1611=VECTOR('',#12754,1.);
#1612=VECTOR('',#12757,1.);
#1613=VECTOR('',#12758,1.);
#1614=VECTOR('',#12763,1.);
#1615=VECTOR('',#12764,1.);
#1616=VECTOR('',#12765,1.);
#1617=VECTOR('',#12766,1.);
#1618=VECTOR('',#12771,1.);
#1619=VECTOR('',#12772,1.);
#1620=VECTOR('',#12777,1.);
#1621=VECTOR('',#12788,1.);
#1622=VECTOR('',#12799,1.);
#1623=VECTOR('',#12808,1.);
#1624=VECTOR('',#12809,1.);
#1625=VECTOR('',#12810,1.);
#1626=VECTOR('',#12811,1.);
#1627=VECTOR('',#12816,1.);
#1628=VECTOR('',#12823,1.);
#1629=VECTOR('',#12836,1.);
#1630=VECTOR('',#12845,1.);
#1631=VECTOR('',#12846,1.);
#1632=VECTOR('',#12847,1.);
#1633=VECTOR('',#12848,1.);
#1634=VECTOR('',#12861,1.);
#1635=VECTOR('',#12872,1.);
#1636=VECTOR('',#12873,1.);
#1637=VECTOR('',#12878,1.);
#1638=VECTOR('',#12887,1.);
#1639=VECTOR('',#12898,1.);
#1640=VECTOR('',#12905,1.);
#1641=VECTOR('',#12908,1.);
#1642=VECTOR('',#12909,1.);
#1643=VECTOR('',#12920,1.);
#1644=VECTOR('',#12925,1.);
#1645=VECTOR('',#12930,1.);
#1646=VECTOR('',#12945,1.);
#1647=VECTOR('',#12946,1.);
#1648=VECTOR('',#12953,1.);
#1649=VECTOR('',#12956,1.);
#1650=VECTOR('',#12959,1.);
#1651=VECTOR('',#12964,1.);
#1652=VECTOR('',#12973,1.);
#1653=VECTOR('',#12978,1.);
#1654=VECTOR('',#12981,1.);
#1655=VECTOR('',#12984,1.);
#1656=VECTOR('',#13005,1.);
#1657=VECTOR('',#13006,1.);
#1658=VECTOR('',#13009,1.);
#1659=VECTOR('',#13010,1.);
#1660=VECTOR('',#13013,1.);
#1661=VECTOR('',#13016,1.);
#1662=VECTOR('',#13017,1.);
#1663=VECTOR('',#13018,1.);
#1664=VECTOR('',#13019,1.);
#1665=VECTOR('',#13022,1.);
#1666=VECTOR('',#13023,1.);
#1667=VECTOR('',#13024,1.);
#1668=VECTOR('',#13027,1.);
#1669=VECTOR('',#13028,1.);
#1670=VECTOR('',#13031,1.);
#1671=VECTOR('',#13032,1.);
#1672=VECTOR('',#13035,1.);
#1673=VECTOR('',#13038,1.);
#1674=VECTOR('',#13041,1.);
#1675=VECTOR('',#13044,1.);
#1676=VECTOR('',#13047,1.);
#1677=VECTOR('',#13050,1.);
#1678=VECTOR('',#13051,1.);
#1679=VECTOR('',#13052,1.);
#1680=VECTOR('',#13055,1.);
#1681=VECTOR('',#13066,1.);
#1682=VECTOR('',#13067,1.);
#1683=VECTOR('',#13070,1.);
#1684=VECTOR('',#13073,1.);
#1685=VECTOR('',#13082,1.);
#1686=VECTOR('',#13087,1.);
#1687=VECTOR('',#13154,1.);
#1688=VECTOR('',#13157,1.);
#1689=VECTOR('',#13160,1.);
#1690=VECTOR('',#13161,1.);
#1691=VECTOR('',#13162,1.);
#1692=VECTOR('',#13165,1.);
#1693=VECTOR('',#13168,1.);
#1694=VECTOR('',#13171,1.);
#1695=VECTOR('',#13174,1.);
#1696=VECTOR('',#13177,1.);
#1697=VECTOR('',#13178,1.);
#1698=VECTOR('',#13179,1.);
#1699=VECTOR('',#13182,1.);
#1700=VECTOR('',#13185,1.);
#1701=VECTOR('',#13188,1.);
#1702=VECTOR('',#13191,1.);
#1703=VECTOR('',#13194,1.);
#1704=VECTOR('',#13197,1.);
#1705=VECTOR('',#13202,1.);
#1706=VECTOR('',#13203,1.);
#1707=VECTOR('',#13206,1.);
#1708=VECTOR('',#13209,1.);
#1709=VECTOR('',#13212,1.);
#1710=VECTOR('',#13215,1.);
#1711=VECTOR('',#13218,1.);
#1712=VECTOR('',#13223,1.);
#1713=VECTOR('',#13228,1.);
#1714=VECTOR('',#13233,1.);
#1715=VECTOR('',#13234,1.);
#1716=VECTOR('',#13235,1.);
#1717=VECTOR('',#13238,1.);
#1718=VECTOR('',#13241,1.);
#1719=VECTOR('',#13242,1.);
#1720=VECTOR('',#13243,1.);
#1721=VECTOR('',#13246,1.);
#1722=VECTOR('',#13253,1.);
#1723=VECTOR('',#13254,1.);
#1724=VECTOR('',#13255,1.);
#1725=VECTOR('',#13258,1.);
#1726=VECTOR('',#13261,1.);
#1727=VECTOR('',#13262,1.);
#1728=VECTOR('',#13267,1.);
#1729=VECTOR('',#13268,1.);
#1730=VECTOR('',#13269,1.);
#1731=VECTOR('',#13272,1.);
#1732=VECTOR('',#13275,1.);
#1733=VECTOR('',#13276,1.);
#1734=VECTOR('',#13281,1.);
#1735=VECTOR('',#13286,1.);
#1736=VECTOR('',#13289,1.);
#1737=VECTOR('',#13290,1.);
#1738=VECTOR('',#13299,1.);
#1739=VECTOR('',#13302,1.);
#1740=VECTOR('',#13305,1.);
#1741=VECTOR('',#13306,1.);
#1742=VECTOR('',#13307,1.);
#1743=VECTOR('',#13308,1.);
#1744=VECTOR('',#13311,1.);
#1745=VECTOR('',#13314,1.);
#1746=VECTOR('',#13315,1.);
#1747=VECTOR('',#13316,1.);
#1748=VECTOR('',#13317,1.);
#1749=VECTOR('',#13318,1.);
#1750=VECTOR('',#13319,1.);
#1751=VECTOR('',#13320,1.);
#1752=VECTOR('',#13321,1.);
#1753=VECTOR('',#13324,1.);
#1754=VECTOR('',#13327,1.);
#1755=VECTOR('',#13328,1.);
#1756=VECTOR('',#13329,1.);
#1757=VECTOR('',#13330,1.);
#1758=VECTOR('',#13333,1.);
#1759=VECTOR('',#13338,1.);
#1760=VECTOR('',#13341,1.);
#1761=VECTOR('',#13348,1.);
#1762=VECTOR('',#13349,1.);
#1763=VECTOR('',#13350,1.);
#1764=VECTOR('',#13351,1.);
#1765=VECTOR('',#13354,1.);
#1766=VECTOR('',#13357,1.);
#1767=VECTOR('',#13358,1.);
#1768=VECTOR('',#13359,1.);
#1769=VECTOR('',#13362,1.);
#1770=VECTOR('',#13365,1.);
#1771=VECTOR('',#13368,1.);
#1772=VECTOR('',#13369,1.);
#1773=VECTOR('',#13372,1.);
#1774=VECTOR('',#13373,1.);
#1775=VECTOR('',#13376,1.);
#1776=VECTOR('',#13383,1.);
#1777=VECTOR('',#13384,1.);
#1778=VECTOR('',#13387,1.);
#1779=VECTOR('',#13388,1.);
#1780=VECTOR('',#13389,1.);
#1781=VECTOR('',#13392,1.);
#1782=VECTOR('',#13395,1.);
#1783=VECTOR('',#13400,1.);
#1784=VECTOR('',#13403,1.);
#1785=VECTOR('',#13404,1.);
#1786=VECTOR('',#13405,1.);
#1787=VECTOR('',#13408,1.);
#1788=VECTOR('',#13409,1.);
#1789=VECTOR('',#13410,1.);
#1790=VECTOR('',#13413,1.);
#1791=VECTOR('',#13414,1.);
#1792=VECTOR('',#13415,1.);
#1793=VECTOR('',#13416,1.);
#1794=VECTOR('',#13419,1.);
#1795=VECTOR('',#13426,1.);
#1796=VECTOR('',#13427,1.);
#1797=VECTOR('',#13428,1.);
#1798=VECTOR('',#13437,1.);
#1799=VECTOR('',#13438,1.);
#1800=VECTOR('',#13439,1.);
#1801=VECTOR('',#13442,1.);
#1802=VECTOR('',#13443,1.);
#1803=VECTOR('',#13444,1.);
#1804=VECTOR('',#13447,1.);
#1805=VECTOR('',#13448,1.);
#1806=VECTOR('',#13449,1.);
#1807=VECTOR('',#13450,1.);
#1808=VECTOR('',#13459,1.);
#1809=VECTOR('',#13460,1.);
#1810=VECTOR('',#13461,1.);
#1811=VECTOR('',#13462,1.);
#1812=VECTOR('',#13603,1.);
#1813=VECTOR('',#13604,1.);
#1814=VECTOR('',#13605,1.);
#1815=VECTOR('',#13606,1.);
#1816=VECTOR('',#13611,1.);
#1817=VECTOR('',#13612,1.);
#1818=VECTOR('',#13613,1.);
#1819=VECTOR('',#13614,1.);
#1820=VECTOR('',#13615,1.);
#1821=VECTOR('',#13618,1.);
#1822=VECTOR('',#13621,1.);
#1823=VECTOR('',#13624,1.);
#1824=VECTOR('',#13627,1.);
#1825=VECTOR('',#13630,1.);
#1826=VECTOR('',#13631,1.);
#1827=VECTOR('',#13632,1.);
#1828=VECTOR('',#13633,1.);
#1829=VECTOR('',#13636,1.);
#1830=VECTOR('',#13637,1.);
#1831=VECTOR('',#13640,1.);
#1832=VECTOR('',#13641,1.);
#1833=VECTOR('',#13642,1.);
#1834=VECTOR('',#13643,1.);
#1835=VECTOR('',#13648,1.);
#1836=VECTOR('',#13649,1.);
#1837=VECTOR('',#13650,1.);
#1838=VECTOR('',#13653,1.);
#1839=VECTOR('',#13654,1.);
#1840=VECTOR('',#13655,1.);
#1841=VECTOR('',#13656,1.);
#1842=VECTOR('',#13657,1.);
#1843=VECTOR('',#13658,1.);
#1844=VECTOR('',#13661,1.);
#1845=VECTOR('',#13662,1.);
#1846=VECTOR('',#13663,1.);
#1847=VECTOR('',#13664,1.);
#1848=VECTOR('',#13665,1.);
#1849=VECTOR('',#13666,1.);
#1850=VECTOR('',#13681,1.);
#1851=VECTOR('',#13682,1.);
#1852=VECTOR('',#13683,1.);
#1853=VECTOR('',#13684,1.);
#1854=VECTOR('',#13689,1.);
#1855=VECTOR('',#13690,1.);
#1856=VECTOR('',#13695,1.);
#1857=VECTOR('',#13708,1.);
#1858=VECTOR('',#13717,1.);
#1859=VECTOR('',#13728,1.);
#1860=VECTOR('',#13731,1.);
#1861=VECTOR('',#13732,1.);
#1862=VECTOR('',#13733,1.);
#1863=VECTOR('',#13738,1.);
#1864=VECTOR('',#13747,1.);
#1865=VECTOR('',#13758,1.);
#1866=VECTOR('',#13767,1.);
#1867=VECTOR('',#13768,1.);
#1868=VECTOR('',#13769,1.);
#1869=VECTOR('',#13770,1.);
#1870=VECTOR('',#13783,1.);
#1871=VECTOR('',#13794,1.);
#1872=VECTOR('',#13795,1.);
#1873=VECTOR('',#13798,1.);
#1874=VECTOR('',#13807,1.);
#1875=VECTOR('',#13818,1.);
#1876=VECTOR('',#13827,1.);
#1877=VECTOR('',#13830,1.);
#1878=VECTOR('',#13833,1.);
#1879=VECTOR('',#13842,1.);
#1880=VECTOR('',#13847,1.);
#1881=VECTOR('',#13850,1.);
#1882=VECTOR('',#13867,1.);
#1883=VECTOR('',#13868,1.);
#1884=VECTOR('',#13875,1.);
#1885=VECTOR('',#13878,1.);
#1886=VECTOR('',#13881,1.);
#1887=VECTOR('',#13886,1.);
#1888=VECTOR('',#13897,1.);
#1889=VECTOR('',#13902,1.);
#1890=VECTOR('',#13905,1.);
#1891=VECTOR('',#13908,1.);
#1892=VECTOR('',#13927,1.);
#1893=VECTOR('',#13928,1.);
#1894=VECTOR('',#13933,1.);
#1895=VECTOR('',#13936,1.);
#1896=VECTOR('',#13937,1.);
#1897=VECTOR('',#13940,1.);
#1898=VECTOR('',#13941,1.);
#1899=VECTOR('',#13942,1.);
#1900=VECTOR('',#13943,1.);
#1901=VECTOR('',#13946,1.);
#1902=VECTOR('',#13947,1.);
#1903=VECTOR('',#13948,1.);
#1904=VECTOR('',#13951,1.);
#1905=VECTOR('',#13952,1.);
#1906=VECTOR('',#13955,1.);
#1907=VECTOR('',#13958,1.);
#1908=VECTOR('',#13959,1.);
#1909=VECTOR('',#13962,1.);
#1910=VECTOR('',#13963,1.);
#1911=VECTOR('',#13968,1.);
#1912=VECTOR('',#13971,1.);
#1913=VECTOR('',#13974,1.);
#1914=VECTOR('',#13975,1.);
#1915=VECTOR('',#13976,1.);
#1916=VECTOR('',#13981,1.);
#1917=VECTOR('',#13990,1.);
#1918=VECTOR('',#13991,1.);
#1919=VECTOR('',#13994,1.);
#1920=VECTOR('',#13995,1.);
#1921=VECTOR('',#14006,1.);
#1922=VECTOR('',#14011,1.);
#1923=VECTOR('',#14074,1.);
#1924=VECTOR('',#14081,1.);
#1925=VECTOR('',#14084,1.);
#1926=VECTOR('',#14087,1.);
#1927=VECTOR('',#14090,1.);
#1928=VECTOR('',#14095,1.);
#1929=VECTOR('',#14096,1.);
#1930=VECTOR('',#14097,1.);
#1931=VECTOR('',#14098,1.);
#1932=VECTOR('',#14101,1.);
#1933=VECTOR('',#14104,1.);
#1934=VECTOR('',#14105,1.);
#1935=VECTOR('',#14106,1.);
#1936=VECTOR('',#14109,1.);
#1937=VECTOR('',#14112,1.);
#1938=VECTOR('',#14117,1.);
#1939=VECTOR('',#14120,1.);
#1940=VECTOR('',#14121,1.);
#1941=VECTOR('',#14124,1.);
#1942=VECTOR('',#14125,1.);
#1943=VECTOR('',#14130,1.);
#1944=VECTOR('',#14131,1.);
#1945=VECTOR('',#14134,1.);
#1946=VECTOR('',#14137,1.);
#1947=VECTOR('',#14138,1.);
#1948=VECTOR('',#14139,1.);
#1949=VECTOR('',#14142,1.);
#1950=VECTOR('',#14147,1.);
#1951=VECTOR('',#14148,1.);
#1952=VECTOR('',#14149,1.);
#1953=VECTOR('',#14152,1.);
#1954=VECTOR('',#14153,1.);
#1955=VECTOR('',#14154,1.);
#1956=VECTOR('',#14157,1.);
#1957=VECTOR('',#14160,1.);
#1958=VECTOR('',#14161,1.);
#1959=VECTOR('',#14162,1.);
#1960=VECTOR('',#14163,1.);
#1961=VECTOR('',#14166,1.);
#1962=VECTOR('',#14173,1.);
#1963=VECTOR('',#14174,1.);
#1964=VECTOR('',#14175,1.);
#1965=VECTOR('',#14184,1.);
#1966=VECTOR('',#14185,1.);
#1967=VECTOR('',#14186,1.);
#1968=VECTOR('',#14189,1.);
#1969=VECTOR('',#14190,1.);
#1970=VECTOR('',#14191,1.);
#1971=VECTOR('',#14194,1.);
#1972=VECTOR('',#14197,1.);
#1973=VECTOR('',#14198,1.);
#1974=VECTOR('',#14199,1.);
#1975=VECTOR('',#14206,1.);
#1976=VECTOR('',#14207,1.);
#1977=VECTOR('',#14208,1.);
#1978=VECTOR('',#14209,1.);
#1979=VECTOR('',#14346,1.);
#1980=VECTOR('',#14347,1.);
#1981=VECTOR('',#14348,1.);
#1982=VECTOR('',#14349,1.);
#1983=VECTOR('',#14354,1.);
#1984=VECTOR('',#14355,1.);
#1985=VECTOR('',#14356,1.);
#1986=VECTOR('',#14357,1.);
#1987=VECTOR('',#14358,1.);
#1988=VECTOR('',#14361,1.);
#1989=VECTOR('',#14364,1.);
#1990=VECTOR('',#14367,1.);
#1991=VECTOR('',#14370,1.);
#1992=VECTOR('',#14373,1.);
#1993=VECTOR('',#14374,1.);
#1994=VECTOR('',#14375,1.);
#1995=VECTOR('',#14378,1.);
#1996=VECTOR('',#14379,1.);
#1997=VECTOR('',#14380,1.);
#1998=VECTOR('',#14383,1.);
#1999=VECTOR('',#14384,1.);
#2000=VECTOR('',#14385,1.);
#2001=VECTOR('',#14386,1.);
#2002=VECTOR('',#14391,1.);
#2003=VECTOR('',#14392,1.);
#2004=VECTOR('',#14393,1.);
#2005=VECTOR('',#14396,1.);
#2006=VECTOR('',#14397,1.);
#2007=VECTOR('',#14398,1.);
#2008=VECTOR('',#14399,1.);
#2009=VECTOR('',#14400,1.);
#2010=VECTOR('',#14401,1.);
#2011=VECTOR('',#14402,1.);
#2012=VECTOR('',#14403,1.);
#2013=VECTOR('',#14404,1.);
#2014=VECTOR('',#14407,1.);
#2015=VECTOR('',#14408,1.);
#2016=VECTOR('',#14409,1.);
#2017=VECTOR('',#14410,1.);
#2018=VECTOR('',#14411,1.);
#2019=VECTOR('',#14412,1.);
#2020=VECTOR('',#14415,1.);
#2021=VECTOR('',#14424,1.);
#2022=VECTOR('',#14431,1.);
#2023=VECTOR('',#14432,1.);
#2024=VECTOR('',#14433,1.);
#2025=VECTOR('',#14438,1.);
#2026=VECTOR('',#14439,1.);
#2027=VECTOR('',#14444,1.);
#2028=VECTOR('',#14445,1.);
#2029=VECTOR('',#14448,1.);
#2030=VECTOR('',#14449,1.);
#2031=VECTOR('',#14452,1.);
#2032=VECTOR('',#14455,1.);
#2033=VECTOR('',#14456,1.);
#2034=VECTOR('',#14457,1.);
#2035=VECTOR('',#14458,1.);
#2036=VECTOR('',#14459,1.);
#2037=VECTOR('',#14462,1.);
#2038=VECTOR('',#14465,1.);
#2039=VECTOR('',#14466,1.);
#2040=VECTOR('',#14467,1.);
#2041=VECTOR('',#14468,1.);
#2042=VECTOR('',#14469,1.);
#2043=VECTOR('',#14472,1.);
#2044=VECTOR('',#14475,1.);
#2045=VECTOR('',#14476,1.);
#2046=VECTOR('',#14477,1.);
#2047=VECTOR('',#14478,1.);
#2048=VECTOR('',#14481,1.);
#2049=VECTOR('',#14484,1.);
#2050=VECTOR('',#14495,1.);
#2051=VECTOR('',#14506,1.);
#2052=VECTOR('',#14515,1.);
#2053=VECTOR('',#14516,1.);
#2054=VECTOR('',#14517,1.);
#2055=VECTOR('',#14518,1.);
#2056=VECTOR('',#14523,1.);
#2057=VECTOR('',#14530,1.);
#2058=VECTOR('',#14543,1.);
#2059=VECTOR('',#14552,1.);
#2060=VECTOR('',#14553,1.);
#2061=VECTOR('',#14554,1.);
#2062=VECTOR('',#14555,1.);
#2063=VECTOR('',#14568,1.);
#2064=VECTOR('',#14579,1.);
#2065=VECTOR('',#14580,1.);
#2066=VECTOR('',#14585,1.);
#2067=VECTOR('',#14594,1.);
#2068=VECTOR('',#14605,1.);
#2069=VECTOR('',#14612,1.);
#2070=VECTOR('',#14615,1.);
#2071=VECTOR('',#14616,1.);
#2072=VECTOR('',#14627,1.);
#2073=VECTOR('',#14632,1.);
#2074=VECTOR('',#14637,1.);
#2075=VECTOR('',#14652,1.);
#2076=VECTOR('',#14653,1.);
#2077=VECTOR('',#14660,1.);
#2078=VECTOR('',#14663,1.);
#2079=VECTOR('',#14666,1.);
#2080=VECTOR('',#14671,1.);
#2081=VECTOR('',#14680,1.);
#2082=VECTOR('',#14685,1.);
#2083=VECTOR('',#14688,1.);
#2084=VECTOR('',#14691,1.);
#2085=VECTOR('',#14712,1.);
#2086=VECTOR('',#14713,1.);
#2087=VECTOR('',#14716,1.);
#2088=VECTOR('',#14717,1.);
#2089=VECTOR('',#14720,1.);
#2090=VECTOR('',#14723,1.);
#2091=VECTOR('',#14724,1.);
#2092=VECTOR('',#14725,1.);
#2093=VECTOR('',#14726,1.);
#2094=VECTOR('',#14729,1.);
#2095=VECTOR('',#14730,1.);
#2096=VECTOR('',#14731,1.);
#2097=VECTOR('',#14734,1.);
#2098=VECTOR('',#14735,1.);
#2099=VECTOR('',#14738,1.);
#2100=VECTOR('',#14741,1.);
#2101=VECTOR('',#14744,1.);
#2102=VECTOR('',#14747,1.);
#2103=VECTOR('',#14748,1.);
#2104=VECTOR('',#14751,1.);
#2105=VECTOR('',#14754,1.);
#2106=VECTOR('',#14757,1.);
#2107=VECTOR('',#14758,1.);
#2108=VECTOR('',#14759,1.);
#2109=VECTOR('',#14762,1.);
#2110=VECTOR('',#14773,1.);
#2111=VECTOR('',#14774,1.);
#2112=VECTOR('',#14777,1.);
#2113=VECTOR('',#14780,1.);
#2114=VECTOR('',#14789,1.);
#2115=VECTOR('',#14794,1.);
#2116=VECTOR('',#14859,1.);
#2117=VECTOR('',#14862,1.);
#2118=VECTOR('',#14865,1.);
#2119=VECTOR('',#14866,1.);
#2120=VECTOR('',#14867,1.);
#2121=VECTOR('',#14870,1.);
#2122=VECTOR('',#14873,1.);
#2123=VECTOR('',#14876,1.);
#2124=VECTOR('',#14879,1.);
#2125=VECTOR('',#14884,1.);
#2126=VECTOR('',#14885,1.);
#2127=VECTOR('',#14888,1.);
#2128=VECTOR('',#14891,1.);
#2129=VECTOR('',#14894,1.);
#2130=VECTOR('',#14897,1.);
#2131=VECTOR('',#14900,1.);
#2132=VECTOR('',#14905,1.);
#2133=VECTOR('',#14910,1.);
#2134=VECTOR('',#14919,1.);
#2135=VECTOR('',#14922,1.);
#2136=VECTOR('',#14925,1.);
#2137=VECTOR('',#14930,1.);
#2138=VECTOR('',#14931,1.);
#2139=VECTOR('',#14932,1.);
#2140=VECTOR('',#14933,1.);
#2141=VECTOR('',#14936,1.);
#2142=VECTOR('',#14939,1.);
#2143=VECTOR('',#14940,1.);
#2144=VECTOR('',#14941,1.);
#2145=VECTOR('',#14944,1.);
#2146=VECTOR('',#14947,1.);
#2147=VECTOR('',#14950,1.);
#2148=VECTOR('',#14951,1.);
#2149=VECTOR('',#14954,1.);
#2150=VECTOR('',#14955,1.);
#2151=VECTOR('',#14958,1.);
#2152=VECTOR('',#14965,1.);
#2153=VECTOR('',#14966,1.);
#2154=VECTOR('',#14969,1.);
#2155=VECTOR('',#14970,1.);
#2156=VECTOR('',#14971,1.);
#2157=VECTOR('',#14974,1.);
#2158=VECTOR('',#14977,1.);
#2159=VECTOR('',#14982,1.);
#2160=VECTOR('',#14985,1.);
#2161=VECTOR('',#14986,1.);
#2162=VECTOR('',#14987,1.);
#2163=VECTOR('',#14990,1.);
#2164=VECTOR('',#14991,1.);
#2165=VECTOR('',#14992,1.);
#2166=VECTOR('',#14995,1.);
#2167=VECTOR('',#14996,1.);
#2168=VECTOR('',#14997,1.);
#2169=VECTOR('',#14998,1.);
#2170=VECTOR('',#15001,1.);
#2171=VECTOR('',#15008,1.);
#2172=VECTOR('',#15009,1.);
#2173=VECTOR('',#15010,1.);
#2174=VECTOR('',#15019,1.);
#2175=VECTOR('',#15020,1.);
#2176=VECTOR('',#15021,1.);
#2177=VECTOR('',#15024,1.);
#2178=VECTOR('',#15025,1.);
#2179=VECTOR('',#15026,1.);
#2180=VECTOR('',#15029,1.);
#2181=VECTOR('',#15030,1.);
#2182=VECTOR('',#15031,1.);
#2183=VECTOR('',#15032,1.);
#2184=VECTOR('',#15039,1.);
#2185=VECTOR('',#15040,1.);
#2186=VECTOR('',#15041,1.);
#2187=VECTOR('',#15042,1.);
#2188=VECTOR('',#15181,1.);
#2189=VECTOR('',#15182,1.);
#2190=VECTOR('',#15183,1.);
#2191=VECTOR('',#15184,1.);
#2192=VECTOR('',#15189,1.);
#2193=VECTOR('',#15190,1.);
#2194=VECTOR('',#15191,1.);
#2195=VECTOR('',#15192,1.);
#2196=VECTOR('',#15193,1.);
#2197=VECTOR('',#15196,1.);
#2198=VECTOR('',#15199,1.);
#2199=VECTOR('',#15202,1.);
#2200=VECTOR('',#15205,1.);
#2201=VECTOR('',#15208,1.);
#2202=VECTOR('',#15209,1.);
#2203=VECTOR('',#15210,1.);
#2204=VECTOR('',#15211,1.);
#2205=VECTOR('',#15214,1.);
#2206=VECTOR('',#15215,1.);
#2207=VECTOR('',#15218,1.);
#2208=VECTOR('',#15219,1.);
#2209=VECTOR('',#15220,1.);
#2210=VECTOR('',#15221,1.);
#2211=VECTOR('',#15226,1.);
#2212=VECTOR('',#15227,1.);
#2213=VECTOR('',#15228,1.);
#2214=VECTOR('',#15231,1.);
#2215=VECTOR('',#15232,1.);
#2216=VECTOR('',#15233,1.);
#2217=VECTOR('',#15234,1.);
#2218=VECTOR('',#15235,1.);
#2219=VECTOR('',#15236,1.);
#2220=VECTOR('',#15239,1.);
#2221=VECTOR('',#15240,1.);
#2222=VECTOR('',#15241,1.);
#2223=VECTOR('',#15242,1.);
#2224=VECTOR('',#15243,1.);
#2225=VECTOR('',#15244,1.);
#2226=VECTOR('',#15245,1.);
#2227=VECTOR('',#15246,1.);
#2228=VECTOR('',#15261,1.);
#2229=VECTOR('',#15262,1.);
#2230=VECTOR('',#15263,1.);
#2231=VECTOR('',#15264,1.);
#2232=VECTOR('',#15269,1.);
#2233=VECTOR('',#15270,1.);
#2234=VECTOR('',#15275,1.);
#2235=VECTOR('',#15288,1.);
#2236=VECTOR('',#15297,1.);
#2237=VECTOR('',#15308,1.);
#2238=VECTOR('',#15309,1.);
#2239=VECTOR('',#15310,1.);
#2240=VECTOR('',#15311,1.);
#2241=VECTOR('',#15316,1.);
#2242=VECTOR('',#15325,1.);
#2243=VECTOR('',#15336,1.);
#2244=VECTOR('',#15345,1.);
#2245=VECTOR('',#15346,1.);
#2246=VECTOR('',#15347,1.);
#2247=VECTOR('',#15348,1.);
#2248=VECTOR('',#15361,1.);
#2249=VECTOR('',#15372,1.);
#2250=VECTOR('',#15373,1.);
#2251=VECTOR('',#15376,1.);
#2252=VECTOR('',#15385,1.);
#2253=VECTOR('',#15396,1.);
#2254=VECTOR('',#15405,1.);
#2255=VECTOR('',#15408,1.);
#2256=VECTOR('',#15411,1.);
#2257=VECTOR('',#15420,1.);
#2258=VECTOR('',#15425,1.);
#2259=VECTOR('',#15428,1.);
#2260=VECTOR('',#15445,1.);
#2261=VECTOR('',#15446,1.);
#2262=VECTOR('',#15453,1.);
#2263=VECTOR('',#15456,1.);
#2264=VECTOR('',#15459,1.);
#2265=VECTOR('',#15464,1.);
#2266=VECTOR('',#15473,1.);
#2267=VECTOR('',#15478,1.);
#2268=VECTOR('',#15481,1.);
#2269=VECTOR('',#15484,1.);
#2270=VECTOR('',#15503,1.);
#2271=VECTOR('',#15504,1.);
#2272=VECTOR('',#15509,1.);
#2273=VECTOR('',#15512,1.);
#2274=VECTOR('',#15513,1.);
#2275=VECTOR('',#15516,1.);
#2276=VECTOR('',#15517,1.);
#2277=VECTOR('',#15518,1.);
#2278=VECTOR('',#15519,1.);
#2279=VECTOR('',#15522,1.);
#2280=VECTOR('',#15523,1.);
#2281=VECTOR('',#15524,1.);
#2282=VECTOR('',#15527,1.);
#2283=VECTOR('',#15528,1.);
#2284=VECTOR('',#15531,1.);
#2285=VECTOR('',#15534,1.);
#2286=VECTOR('',#15535,1.);
#2287=VECTOR('',#15538,1.);
#2288=VECTOR('',#15539,1.);
#2289=VECTOR('',#15544,1.);
#2290=VECTOR('',#15547,1.);
#2291=VECTOR('',#15550,1.);
#2292=VECTOR('',#15551,1.);
#2293=VECTOR('',#15552,1.);
#2294=VECTOR('',#15557,1.);
#2295=VECTOR('',#15566,1.);
#2296=VECTOR('',#15567,1.);
#2297=VECTOR('',#15570,1.);
#2298=VECTOR('',#15571,1.);
#2299=VECTOR('',#15582,1.);
#2300=VECTOR('',#15587,1.);
#2301=VECTOR('',#15652,1.);
#2302=VECTOR('',#15655,1.);
#2303=VECTOR('',#15658,1.);
#2304=VECTOR('',#15661,1.);
#2305=VECTOR('',#15664,1.);
#2306=VECTOR('',#15669,1.);
#2307=ORIENTED_EDGE('',*,*,#5571,.F.);
#2308=ORIENTED_EDGE('',*,*,#5572,.F.);
#2309=ORIENTED_EDGE('',*,*,#5573,.F.);
#2310=ORIENTED_EDGE('',*,*,#5574,.F.);
#2311=ORIENTED_EDGE('',*,*,#5575,.F.);
#2312=ORIENTED_EDGE('',*,*,#5576,.F.);
#2313=ORIENTED_EDGE('',*,*,#5577,.T.);
#2314=ORIENTED_EDGE('',*,*,#5578,.F.);
#2315=ORIENTED_EDGE('',*,*,#5579,.F.);
#2316=ORIENTED_EDGE('',*,*,#5580,.T.);
#2317=ORIENTED_EDGE('',*,*,#5581,.F.);
#2318=ORIENTED_EDGE('',*,*,#5582,.F.);
#2319=ORIENTED_EDGE('',*,*,#5583,.T.);
#2320=ORIENTED_EDGE('',*,*,#5584,.T.);
#2321=ORIENTED_EDGE('',*,*,#5585,.T.);
#2322=ORIENTED_EDGE('',*,*,#5586,.T.);
#2323=ORIENTED_EDGE('',*,*,#5587,.T.);
#2324=ORIENTED_EDGE('',*,*,#5588,.F.);
#2325=ORIENTED_EDGE('',*,*,#5589,.T.);
#2326=ORIENTED_EDGE('',*,*,#5590,.T.);
#2327=ORIENTED_EDGE('',*,*,#5588,.T.);
#2328=ORIENTED_EDGE('',*,*,#5591,.T.);
#2329=ORIENTED_EDGE('',*,*,#5592,.T.);
#2330=ORIENTED_EDGE('',*,*,#5593,.F.);
#2331=ORIENTED_EDGE('',*,*,#5594,.T.);
#2332=ORIENTED_EDGE('',*,*,#5595,.T.);
#2333=ORIENTED_EDGE('',*,*,#5593,.T.);
#2334=ORIENTED_EDGE('',*,*,#5596,.T.);
#2335=ORIENTED_EDGE('',*,*,#5597,.T.);
#2336=ORIENTED_EDGE('',*,*,#5598,.F.);
#2337=ORIENTED_EDGE('',*,*,#5599,.F.);
#2338=ORIENTED_EDGE('',*,*,#5600,.T.);
#2339=ORIENTED_EDGE('',*,*,#5598,.T.);
#2340=ORIENTED_EDGE('',*,*,#5601,.T.);
#2341=ORIENTED_EDGE('',*,*,#5602,.T.);
#2342=ORIENTED_EDGE('',*,*,#5603,.T.);
#2343=ORIENTED_EDGE('',*,*,#5599,.T.);
#2344=ORIENTED_EDGE('',*,*,#5604,.T.);
#2345=ORIENTED_EDGE('',*,*,#5605,.T.);
#2346=ORIENTED_EDGE('',*,*,#5606,.T.);
#2347=ORIENTED_EDGE('',*,*,#5607,.T.);
#2348=ORIENTED_EDGE('',*,*,#5608,.T.);
#2349=ORIENTED_EDGE('',*,*,#5609,.T.);
#2350=ORIENTED_EDGE('',*,*,#5610,.T.);
#2351=ORIENTED_EDGE('',*,*,#5611,.T.);
#2352=ORIENTED_EDGE('',*,*,#5612,.T.);
#2353=ORIENTED_EDGE('',*,*,#5613,.T.);
#2354=ORIENTED_EDGE('',*,*,#5614,.T.);
#2355=ORIENTED_EDGE('',*,*,#5615,.T.);
#2356=ORIENTED_EDGE('',*,*,#5616,.T.);
#2357=ORIENTED_EDGE('',*,*,#5617,.T.);
#2358=ORIENTED_EDGE('',*,*,#5618,.T.);
#2359=ORIENTED_EDGE('',*,*,#5619,.T.);
#2360=ORIENTED_EDGE('',*,*,#5620,.T.);
#2361=ORIENTED_EDGE('',*,*,#5621,.T.);
#2362=ORIENTED_EDGE('',*,*,#5622,.T.);
#2363=ORIENTED_EDGE('',*,*,#5623,.T.);
#2364=ORIENTED_EDGE('',*,*,#5624,.T.);
#2365=ORIENTED_EDGE('',*,*,#5625,.F.);
#2366=ORIENTED_EDGE('',*,*,#5626,.T.);
#2367=ORIENTED_EDGE('',*,*,#5627,.T.);
#2368=ORIENTED_EDGE('',*,*,#5628,.T.);
#2369=ORIENTED_EDGE('',*,*,#5629,.T.);
#2370=ORIENTED_EDGE('',*,*,#5630,.T.);
#2371=ORIENTED_EDGE('',*,*,#5631,.T.);
#2372=ORIENTED_EDGE('',*,*,#5632,.T.);
#2373=ORIENTED_EDGE('',*,*,#5633,.F.);
#2374=ORIENTED_EDGE('',*,*,#5634,.T.);
#2375=ORIENTED_EDGE('',*,*,#5635,.T.);
#2376=ORIENTED_EDGE('',*,*,#5636,.T.);
#2377=ORIENTED_EDGE('',*,*,#5637,.F.);
#2378=ORIENTED_EDGE('',*,*,#5638,.T.);
#2379=ORIENTED_EDGE('',*,*,#5633,.T.);
#2380=ORIENTED_EDGE('',*,*,#5639,.T.);
#2381=ORIENTED_EDGE('',*,*,#5640,.F.);
#2382=ORIENTED_EDGE('',*,*,#5641,.T.);
#2383=ORIENTED_EDGE('',*,*,#5637,.T.);
#2384=ORIENTED_EDGE('',*,*,#5642,.T.);
#2385=ORIENTED_EDGE('',*,*,#5585,.F.);
#2386=ORIENTED_EDGE('',*,*,#5643,.T.);
#2387=ORIENTED_EDGE('',*,*,#5640,.T.);
#2388=ORIENTED_EDGE('',*,*,#5644,.T.);
#2389=ORIENTED_EDGE('',*,*,#5645,.T.);
#2390=ORIENTED_EDGE('',*,*,#5646,.T.);
#2391=ORIENTED_EDGE('',*,*,#5647,.T.);
#2392=ORIENTED_EDGE('',*,*,#5581,.T.);
#2393=ORIENTED_EDGE('',*,*,#5648,.T.);
#2394=ORIENTED_EDGE('',*,*,#5649,.T.);
#2395=ORIENTED_EDGE('',*,*,#5650,.T.);
#2396=ORIENTED_EDGE('',*,*,#5579,.T.);
#2397=ORIENTED_EDGE('',*,*,#5651,.T.);
#2398=ORIENTED_EDGE('',*,*,#5652,.T.);
#2399=ORIENTED_EDGE('',*,*,#5653,.T.);
#2400=ORIENTED_EDGE('',*,*,#5654,.T.);
#2401=ORIENTED_EDGE('',*,*,#5655,.T.);
#2402=ORIENTED_EDGE('',*,*,#5656,.T.);
#2403=ORIENTED_EDGE('',*,*,#5657,.T.);
#2404=ORIENTED_EDGE('',*,*,#5655,.F.);
#2405=ORIENTED_EDGE('',*,*,#5658,.T.);
#2406=ORIENTED_EDGE('',*,*,#5659,.T.);
#2407=ORIENTED_EDGE('',*,*,#5660,.T.);
#2408=ORIENTED_EDGE('',*,*,#5661,.T.);
#2409=ORIENTED_EDGE('',*,*,#5662,.F.);
#2410=ORIENTED_EDGE('',*,*,#5663,.T.);
#2411=ORIENTED_EDGE('',*,*,#5662,.T.);
#2412=ORIENTED_EDGE('',*,*,#5664,.T.);
#2413=ORIENTED_EDGE('',*,*,#5665,.T.);
#2414=ORIENTED_EDGE('',*,*,#5666,.T.);
#2415=ORIENTED_EDGE('',*,*,#5619,.F.);
#2416=ORIENTED_EDGE('',*,*,#5667,.T.);
#2417=ORIENTED_EDGE('',*,*,#5668,.T.);
#2418=ORIENTED_EDGE('',*,*,#5659,.F.);
#2419=ORIENTED_EDGE('',*,*,#5669,.T.);
#2420=ORIENTED_EDGE('',*,*,#5670,.T.);
#2421=ORIENTED_EDGE('',*,*,#5671,.T.);
#2422=ORIENTED_EDGE('',*,*,#5629,.F.);
#2423=ORIENTED_EDGE('',*,*,#5672,.T.);
#2424=ORIENTED_EDGE('',*,*,#5653,.F.);
#2425=ORIENTED_EDGE('',*,*,#5608,.F.);
#2426=ORIENTED_EDGE('',*,*,#5673,.T.);
#2427=ORIENTED_EDGE('',*,*,#5645,.F.);
#2428=ORIENTED_EDGE('',*,*,#5674,.F.);
#2429=ORIENTED_EDGE('',*,*,#5674,.T.);
#2430=ORIENTED_EDGE('',*,*,#5580,.F.);
#2431=ORIENTED_EDGE('',*,*,#5675,.F.);
#2432=ORIENTED_EDGE('',*,*,#5609,.F.);
#2433=ORIENTED_EDGE('',*,*,#5650,.F.);
#2434=ORIENTED_EDGE('',*,*,#5676,.T.);
#2435=ORIENTED_EDGE('',*,*,#5610,.F.);
#2436=ORIENTED_EDGE('',*,*,#5675,.T.);
#2437=ORIENTED_EDGE('',*,*,#5677,.F.);
#2438=ORIENTED_EDGE('',*,*,#5622,.F.);
#2439=ORIENTED_EDGE('',*,*,#5678,.F.);
#2440=ORIENTED_EDGE('',*,*,#5649,.F.);
#2441=ORIENTED_EDGE('',*,*,#5678,.T.);
#2442=ORIENTED_EDGE('',*,*,#5621,.F.);
#2443=ORIENTED_EDGE('',*,*,#5679,.F.);
#2444=ORIENTED_EDGE('',*,*,#5676,.F.);
#2445=ORIENTED_EDGE('',*,*,#5679,.T.);
#2446=ORIENTED_EDGE('',*,*,#5620,.F.);
#2447=ORIENTED_EDGE('',*,*,#5680,.F.);
#2448=ORIENTED_EDGE('',*,*,#5611,.F.);
#2449=ORIENTED_EDGE('',*,*,#5680,.T.);
#2450=ORIENTED_EDGE('',*,*,#5669,.F.);
#2451=ORIENTED_EDGE('',*,*,#5681,.F.);
#2452=ORIENTED_EDGE('',*,*,#5612,.F.);
#2453=ORIENTED_EDGE('',*,*,#5681,.T.);
#2454=ORIENTED_EDGE('',*,*,#5663,.F.);
#2455=ORIENTED_EDGE('',*,*,#5682,.F.);
#2456=ORIENTED_EDGE('',*,*,#5602,.F.);
#2457=ORIENTED_EDGE('',*,*,#5682,.T.);
#2458=ORIENTED_EDGE('',*,*,#5666,.F.);
#2459=ORIENTED_EDGE('',*,*,#5683,.F.);
#2460=ORIENTED_EDGE('',*,*,#5603,.F.);
#2461=ORIENTED_EDGE('',*,*,#5683,.T.);
#2462=ORIENTED_EDGE('',*,*,#5665,.F.);
#2463=ORIENTED_EDGE('',*,*,#5684,.F.);
#2464=ORIENTED_EDGE('',*,*,#5600,.F.);
#2465=ORIENTED_EDGE('',*,*,#5684,.T.);
#2466=ORIENTED_EDGE('',*,*,#5664,.F.);
#2467=ORIENTED_EDGE('',*,*,#5685,.F.);
#2468=ORIENTED_EDGE('',*,*,#5594,.F.);
#2469=ORIENTED_EDGE('',*,*,#5685,.T.);
#2470=ORIENTED_EDGE('',*,*,#5661,.F.);
#2471=ORIENTED_EDGE('',*,*,#5686,.F.);
#2472=ORIENTED_EDGE('',*,*,#5595,.F.);
#2473=ORIENTED_EDGE('',*,*,#5686,.T.);
#2474=ORIENTED_EDGE('',*,*,#5660,.F.);
#2475=ORIENTED_EDGE('',*,*,#5687,.F.);
#2476=ORIENTED_EDGE('',*,*,#5589,.F.);
#2477=ORIENTED_EDGE('',*,*,#5687,.T.);
#2478=ORIENTED_EDGE('',*,*,#5668,.F.);
#2479=ORIENTED_EDGE('',*,*,#5688,.F.);
#2480=ORIENTED_EDGE('',*,*,#5590,.F.);
#2481=ORIENTED_EDGE('',*,*,#5688,.T.);
#2482=ORIENTED_EDGE('',*,*,#5667,.F.);
#2483=ORIENTED_EDGE('',*,*,#5689,.F.);
#2484=ORIENTED_EDGE('',*,*,#5583,.F.);
#2485=ORIENTED_EDGE('',*,*,#5689,.T.);
#2486=ORIENTED_EDGE('',*,*,#5618,.F.);
#2487=ORIENTED_EDGE('',*,*,#5690,.F.);
#2488=ORIENTED_EDGE('',*,*,#5584,.F.);
#2489=ORIENTED_EDGE('',*,*,#5690,.T.);
#2490=ORIENTED_EDGE('',*,*,#5617,.F.);
#2491=ORIENTED_EDGE('',*,*,#5691,.F.);
#2492=ORIENTED_EDGE('',*,*,#5643,.F.);
#2493=ORIENTED_EDGE('',*,*,#5691,.T.);
#2494=ORIENTED_EDGE('',*,*,#5616,.F.);
#2495=ORIENTED_EDGE('',*,*,#5692,.F.);
#2496=ORIENTED_EDGE('',*,*,#5641,.F.);
#2497=ORIENTED_EDGE('',*,*,#5692,.T.);
#2498=ORIENTED_EDGE('',*,*,#5615,.F.);
#2499=ORIENTED_EDGE('',*,*,#5693,.F.);
#2500=ORIENTED_EDGE('',*,*,#5638,.F.);
#2501=ORIENTED_EDGE('',*,*,#5694,.F.);
#2502=ORIENTED_EDGE('',*,*,#5634,.F.);
#2503=ORIENTED_EDGE('',*,*,#5693,.T.);
#2504=ORIENTED_EDGE('',*,*,#5614,.F.);
#2505=ORIENTED_EDGE('',*,*,#5695,.F.);
#2506=ORIENTED_EDGE('',*,*,#5646,.F.);
#2507=ORIENTED_EDGE('',*,*,#5696,.F.);
#2508=ORIENTED_EDGE('',*,*,#5626,.F.);
#2509=ORIENTED_EDGE('',*,*,#5696,.T.);
#2510=ORIENTED_EDGE('',*,*,#5673,.F.);
#2511=ORIENTED_EDGE('',*,*,#5697,.F.);
#2512=ORIENTED_EDGE('',*,*,#5627,.F.);
#2513=ORIENTED_EDGE('',*,*,#5697,.T.);
#2514=ORIENTED_EDGE('',*,*,#5607,.F.);
#2515=ORIENTED_EDGE('',*,*,#5698,.F.);
#2516=ORIENTED_EDGE('',*,*,#5628,.F.);
#2517=ORIENTED_EDGE('',*,*,#5698,.T.);
#2518=ORIENTED_EDGE('',*,*,#5606,.F.);
#2519=ORIENTED_EDGE('',*,*,#5699,.F.);
#2520=ORIENTED_EDGE('',*,*,#5672,.F.);
#2521=ORIENTED_EDGE('',*,*,#5699,.T.);
#2522=ORIENTED_EDGE('',*,*,#5605,.F.);
#2523=ORIENTED_EDGE('',*,*,#5700,.F.);
#2524=ORIENTED_EDGE('',*,*,#5654,.F.);
#2525=ORIENTED_EDGE('',*,*,#5700,.T.);
#2526=ORIENTED_EDGE('',*,*,#5604,.F.);
#2527=ORIENTED_EDGE('',*,*,#5701,.F.);
#2528=ORIENTED_EDGE('',*,*,#5658,.F.);
#2529=ORIENTED_EDGE('',*,*,#5701,.T.);
#2530=ORIENTED_EDGE('',*,*,#5601,.F.);
#2531=ORIENTED_EDGE('',*,*,#5702,.F.);
#2532=ORIENTED_EDGE('',*,*,#5656,.F.);
#2533=ORIENTED_EDGE('',*,*,#5702,.T.);
#2534=ORIENTED_EDGE('',*,*,#5597,.F.);
#2535=ORIENTED_EDGE('',*,*,#5703,.F.);
#2536=ORIENTED_EDGE('',*,*,#5657,.F.);
#2537=ORIENTED_EDGE('',*,*,#5703,.T.);
#2538=ORIENTED_EDGE('',*,*,#5596,.F.);
#2539=ORIENTED_EDGE('',*,*,#5704,.F.);
#2540=ORIENTED_EDGE('',*,*,#5651,.F.);
#2541=ORIENTED_EDGE('',*,*,#5704,.T.);
#2542=ORIENTED_EDGE('',*,*,#5592,.F.);
#2543=ORIENTED_EDGE('',*,*,#5705,.F.);
#2544=ORIENTED_EDGE('',*,*,#5652,.F.);
#2545=ORIENTED_EDGE('',*,*,#5705,.T.);
#2546=ORIENTED_EDGE('',*,*,#5591,.F.);
#2547=ORIENTED_EDGE('',*,*,#5706,.F.);
#2548=ORIENTED_EDGE('',*,*,#5670,.F.);
#2549=ORIENTED_EDGE('',*,*,#5706,.T.);
#2550=ORIENTED_EDGE('',*,*,#5587,.F.);
#2551=ORIENTED_EDGE('',*,*,#5707,.F.);
#2552=ORIENTED_EDGE('',*,*,#5671,.F.);
#2553=ORIENTED_EDGE('',*,*,#5707,.T.);
#2554=ORIENTED_EDGE('',*,*,#5586,.F.);
#2555=ORIENTED_EDGE('',*,*,#5708,.F.);
#2556=ORIENTED_EDGE('',*,*,#5630,.F.);
#2557=ORIENTED_EDGE('',*,*,#5708,.T.);
#2558=ORIENTED_EDGE('',*,*,#5644,.F.);
#2559=ORIENTED_EDGE('',*,*,#5709,.F.);
#2560=ORIENTED_EDGE('',*,*,#5631,.F.);
#2561=ORIENTED_EDGE('',*,*,#5709,.T.);
#2562=ORIENTED_EDGE('',*,*,#5642,.F.);
#2563=ORIENTED_EDGE('',*,*,#5710,.F.);
#2564=ORIENTED_EDGE('',*,*,#5632,.F.);
#2565=ORIENTED_EDGE('',*,*,#5710,.T.);
#2566=ORIENTED_EDGE('',*,*,#5639,.F.);
#2567=ORIENTED_EDGE('',*,*,#5711,.F.);
#2568=ORIENTED_EDGE('',*,*,#5623,.F.);
#2569=ORIENTED_EDGE('',*,*,#5712,.F.);
#2570=ORIENTED_EDGE('',*,*,#5624,.F.);
#2571=ORIENTED_EDGE('',*,*,#5711,.T.);
#2572=ORIENTED_EDGE('',*,*,#5636,.F.);
#2573=ORIENTED_EDGE('',*,*,#5713,.T.);
#2574=ORIENTED_EDGE('',*,*,#5714,.T.);
#2575=ORIENTED_EDGE('',*,*,#5715,.T.);
#2576=ORIENTED_EDGE('',*,*,#5716,.T.);
#2577=ORIENTED_EDGE('',*,*,#5717,.T.);
#2578=ORIENTED_EDGE('',*,*,#5677,.T.);
#2579=ORIENTED_EDGE('',*,*,#5648,.F.);
#2580=ORIENTED_EDGE('',*,*,#5582,.T.);
#2581=ORIENTED_EDGE('',*,*,#5647,.F.);
#2582=ORIENTED_EDGE('',*,*,#5695,.T.);
#2583=ORIENTED_EDGE('',*,*,#5625,.T.);
#2584=ORIENTED_EDGE('',*,*,#5712,.T.);
#2585=ORIENTED_EDGE('',*,*,#5635,.F.);
#2586=ORIENTED_EDGE('',*,*,#5694,.T.);
#2587=ORIENTED_EDGE('',*,*,#5613,.F.);
#2588=ORIENTED_EDGE('',*,*,#5718,.F.);
#2589=ORIENTED_EDGE('',*,*,#5719,.F.);
#2590=ORIENTED_EDGE('',*,*,#5720,.F.);
#2591=ORIENTED_EDGE('',*,*,#5721,.F.);
#2592=ORIENTED_EDGE('',*,*,#5722,.T.);
#2593=ORIENTED_EDGE('',*,*,#5723,.T.);
#2594=ORIENTED_EDGE('',*,*,#5724,.T.);
#2595=ORIENTED_EDGE('',*,*,#5725,.T.);
#2596=ORIENTED_EDGE('',*,*,#5726,.T.);
#2597=ORIENTED_EDGE('',*,*,#5727,.T.);
#2598=ORIENTED_EDGE('',*,*,#5728,.T.);
#2599=ORIENTED_EDGE('',*,*,#5729,.T.);
#2600=ORIENTED_EDGE('',*,*,#5730,.T.);
#2601=ORIENTED_EDGE('',*,*,#5731,.T.);
#2602=ORIENTED_EDGE('',*,*,#5732,.T.);
#2603=ORIENTED_EDGE('',*,*,#5733,.F.);
#2604=ORIENTED_EDGE('',*,*,#5734,.T.);
#2605=ORIENTED_EDGE('',*,*,#5735,.T.);
#2606=ORIENTED_EDGE('',*,*,#5736,.T.);
#2607=ORIENTED_EDGE('',*,*,#5737,.T.);
#2608=ORIENTED_EDGE('',*,*,#5738,.T.);
#2609=ORIENTED_EDGE('',*,*,#5739,.F.);
#2610=ORIENTED_EDGE('',*,*,#5740,.F.);
#2611=ORIENTED_EDGE('',*,*,#5741,.T.);
#2612=ORIENTED_EDGE('',*,*,#5742,.F.);
#2613=ORIENTED_EDGE('',*,*,#5743,.F.);
#2614=ORIENTED_EDGE('',*,*,#5744,.T.);
#2615=ORIENTED_EDGE('',*,*,#5745,.F.);
#2616=ORIENTED_EDGE('',*,*,#5746,.T.);
#2617=ORIENTED_EDGE('',*,*,#5747,.T.);
#2618=ORIENTED_EDGE('',*,*,#5748,.F.);
#2619=ORIENTED_EDGE('',*,*,#5749,.T.);
#2620=ORIENTED_EDGE('',*,*,#5750,.T.);
#2621=ORIENTED_EDGE('',*,*,#5578,.T.);
#2622=ORIENTED_EDGE('',*,*,#5751,.T.);
#2623=ORIENTED_EDGE('',*,*,#5752,.T.);
#2624=ORIENTED_EDGE('',*,*,#5753,.T.);
#2625=ORIENTED_EDGE('',*,*,#5754,.F.);
#2626=ORIENTED_EDGE('',*,*,#5755,.T.);
#2627=ORIENTED_EDGE('',*,*,#5756,.T.);
#2628=ORIENTED_EDGE('',*,*,#5757,.T.);
#2629=ORIENTED_EDGE('',*,*,#5758,.T.);
#2630=ORIENTED_EDGE('',*,*,#5759,.T.);
#2631=ORIENTED_EDGE('',*,*,#5574,.T.);
#2632=ORIENTED_EDGE('',*,*,#5760,.T.);
#2633=ORIENTED_EDGE('',*,*,#5761,.F.);
#2634=ORIENTED_EDGE('',*,*,#5762,.T.);
#2635=ORIENTED_EDGE('',*,*,#5763,.T.);
#2636=ORIENTED_EDGE('',*,*,#5764,.T.);
#2637=ORIENTED_EDGE('',*,*,#5765,.T.);
#2638=ORIENTED_EDGE('',*,*,#5766,.T.);
#2639=ORIENTED_EDGE('',*,*,#5767,.F.);
#2640=ORIENTED_EDGE('',*,*,#5768,.T.);
#2641=ORIENTED_EDGE('',*,*,#5769,.F.);
#2642=ORIENTED_EDGE('',*,*,#5770,.T.);
#2643=ORIENTED_EDGE('',*,*,#5771,.F.);
#2644=ORIENTED_EDGE('',*,*,#5772,.T.);
#2645=ORIENTED_EDGE('',*,*,#5773,.F.);
#2646=ORIENTED_EDGE('',*,*,#5774,.T.);
#2647=ORIENTED_EDGE('',*,*,#5773,.T.);
#2648=ORIENTED_EDGE('',*,*,#5775,.T.);
#2649=ORIENTED_EDGE('',*,*,#5576,.T.);
#2650=ORIENTED_EDGE('',*,*,#5776,.T.);
#2651=ORIENTED_EDGE('',*,*,#5777,.T.);
#2652=ORIENTED_EDGE('',*,*,#5778,.T.);
#2653=ORIENTED_EDGE('',*,*,#5779,.T.);
#2654=ORIENTED_EDGE('',*,*,#5780,.T.);
#2655=ORIENTED_EDGE('',*,*,#5781,.F.);
#2656=ORIENTED_EDGE('',*,*,#5782,.F.);
#2657=ORIENTED_EDGE('',*,*,#5783,.F.);
#2658=ORIENTED_EDGE('',*,*,#5784,.F.);
#2659=ORIENTED_EDGE('',*,*,#5785,.F.);
#2660=ORIENTED_EDGE('',*,*,#5786,.F.);
#2661=ORIENTED_EDGE('',*,*,#5787,.F.);
#2662=ORIENTED_EDGE('',*,*,#5788,.F.);
#2663=ORIENTED_EDGE('',*,*,#5789,.F.);
#2664=ORIENTED_EDGE('',*,*,#5790,.F.);
#2665=ORIENTED_EDGE('',*,*,#5791,.F.);
#2666=ORIENTED_EDGE('',*,*,#5792,.T.);
#2667=ORIENTED_EDGE('',*,*,#5793,.T.);
#2668=ORIENTED_EDGE('',*,*,#5794,.T.);
#2669=ORIENTED_EDGE('',*,*,#5795,.T.);
#2670=ORIENTED_EDGE('',*,*,#5796,.T.);
#2671=ORIENTED_EDGE('',*,*,#5797,.T.);
#2672=ORIENTED_EDGE('',*,*,#5798,.T.);
#2673=ORIENTED_EDGE('',*,*,#5767,.T.);
#2674=ORIENTED_EDGE('',*,*,#5799,.T.);
#2675=ORIENTED_EDGE('',*,*,#5800,.T.);
#2676=ORIENTED_EDGE('',*,*,#5801,.T.);
#2677=ORIENTED_EDGE('',*,*,#5802,.T.);
#2678=ORIENTED_EDGE('',*,*,#5803,.T.);
#2679=ORIENTED_EDGE('',*,*,#5572,.T.);
#2680=ORIENTED_EDGE('',*,*,#5804,.T.);
#2681=ORIENTED_EDGE('',*,*,#5805,.T.);
#2682=ORIENTED_EDGE('',*,*,#5806,.T.);
#2683=ORIENTED_EDGE('',*,*,#5807,.T.);
#2684=ORIENTED_EDGE('',*,*,#5808,.T.);
#2685=ORIENTED_EDGE('',*,*,#5809,.F.);
#2686=ORIENTED_EDGE('',*,*,#5810,.F.);
#2687=ORIENTED_EDGE('',*,*,#5811,.F.);
#2688=ORIENTED_EDGE('',*,*,#5812,.F.);
#2689=ORIENTED_EDGE('',*,*,#5813,.F.);
#2690=ORIENTED_EDGE('',*,*,#5814,.F.);
#2691=ORIENTED_EDGE('',*,*,#5815,.F.);
#2692=ORIENTED_EDGE('',*,*,#5816,.F.);
#2693=ORIENTED_EDGE('',*,*,#5817,.F.);
#2694=ORIENTED_EDGE('',*,*,#5818,.F.);
#2695=ORIENTED_EDGE('',*,*,#5819,.F.);
#2696=ORIENTED_EDGE('',*,*,#5820,.T.);
#2697=ORIENTED_EDGE('',*,*,#5821,.T.);
#2698=ORIENTED_EDGE('',*,*,#5822,.T.);
#2699=ORIENTED_EDGE('',*,*,#5823,.T.);
#2700=ORIENTED_EDGE('',*,*,#5824,.T.);
#2701=ORIENTED_EDGE('',*,*,#5825,.T.);
#2702=ORIENTED_EDGE('',*,*,#5826,.T.);
#2703=ORIENTED_EDGE('',*,*,#5771,.T.);
#2704=ORIENTED_EDGE('',*,*,#5827,.T.);
#2705=ORIENTED_EDGE('',*,*,#5828,.T.);
#2706=ORIENTED_EDGE('',*,*,#5829,.T.);
#2707=ORIENTED_EDGE('',*,*,#5830,.T.);
#2708=ORIENTED_EDGE('',*,*,#5831,.T.);
#2709=ORIENTED_EDGE('',*,*,#5769,.T.);
#2710=ORIENTED_EDGE('',*,*,#5832,.T.);
#2711=ORIENTED_EDGE('',*,*,#5753,.F.);
#2712=ORIENTED_EDGE('',*,*,#5833,.T.);
#2713=ORIENTED_EDGE('',*,*,#5762,.F.);
#2714=ORIENTED_EDGE('',*,*,#5834,.T.);
#2715=ORIENTED_EDGE('',*,*,#5835,.T.);
#2716=ORIENTED_EDGE('',*,*,#5836,.T.);
#2717=ORIENTED_EDGE('',*,*,#5837,.T.);
#2718=ORIENTED_EDGE('',*,*,#5739,.T.);
#2719=ORIENTED_EDGE('',*,*,#5838,.T.);
#2720=ORIENTED_EDGE('',*,*,#5754,.T.);
#2721=ORIENTED_EDGE('',*,*,#5837,.F.);
#2722=ORIENTED_EDGE('',*,*,#5839,.F.);
#2723=ORIENTED_EDGE('',*,*,#5747,.F.);
#2724=ORIENTED_EDGE('',*,*,#5840,.F.);
#2725=ORIENTED_EDGE('',*,*,#5761,.T.);
#2726=ORIENTED_EDGE('',*,*,#5841,.T.);
#2727=ORIENTED_EDGE('',*,*,#5733,.T.);
#2728=ORIENTED_EDGE('',*,*,#5840,.T.);
#2729=ORIENTED_EDGE('',*,*,#5746,.F.);
#2730=ORIENTED_EDGE('',*,*,#5842,.F.);
#2731=ORIENTED_EDGE('',*,*,#5834,.F.);
#2732=ORIENTED_EDGE('',*,*,#5843,.T.);
#2733=ORIENTED_EDGE('',*,*,#5844,.F.);
#2734=ORIENTED_EDGE('',*,*,#5845,.F.);
#2735=ORIENTED_EDGE('',*,*,#5828,.F.);
#2736=ORIENTED_EDGE('',*,*,#5846,.T.);
#2737=ORIENTED_EDGE('',*,*,#5847,.F.);
#2738=ORIENTED_EDGE('',*,*,#5843,.F.);
#2739=ORIENTED_EDGE('',*,*,#5827,.F.);
#2740=ORIENTED_EDGE('',*,*,#5848,.T.);
#2741=ORIENTED_EDGE('',*,*,#5849,.F.);
#2742=ORIENTED_EDGE('',*,*,#5846,.F.);
#2743=ORIENTED_EDGE('',*,*,#5774,.F.);
#2744=ORIENTED_EDGE('',*,*,#5848,.F.);
#2745=ORIENTED_EDGE('',*,*,#5803,.F.);
#2746=ORIENTED_EDGE('',*,*,#5850,.F.);
#2747=ORIENTED_EDGE('',*,*,#5851,.F.);
#2748=ORIENTED_EDGE('',*,*,#5850,.T.);
#2749=ORIENTED_EDGE('',*,*,#5802,.F.);
#2750=ORIENTED_EDGE('',*,*,#5852,.F.);
#2751=ORIENTED_EDGE('',*,*,#5853,.F.);
#2752=ORIENTED_EDGE('',*,*,#5854,.F.);
#2753=ORIENTED_EDGE('',*,*,#5855,.F.);
#2754=ORIENTED_EDGE('',*,*,#5856,.F.);
#2755=ORIENTED_EDGE('',*,*,#5857,.T.);
#2756=ORIENTED_EDGE('',*,*,#5858,.T.);
#2757=ORIENTED_EDGE('',*,*,#5859,.F.);
#2758=ORIENTED_EDGE('',*,*,#5860,.T.);
#2759=ORIENTED_EDGE('',*,*,#5861,.T.);
#2760=ORIENTED_EDGE('',*,*,#5859,.T.);
#2761=ORIENTED_EDGE('',*,*,#5862,.T.);
#2762=ORIENTED_EDGE('',*,*,#5863,.F.);
#2763=ORIENTED_EDGE('',*,*,#5864,.T.);
#2764=ORIENTED_EDGE('',*,*,#5865,.T.);
#2765=ORIENTED_EDGE('',*,*,#5866,.F.);
#2766=ORIENTED_EDGE('',*,*,#5867,.F.);
#2767=ORIENTED_EDGE('',*,*,#5725,.F.);
#2768=ORIENTED_EDGE('',*,*,#5868,.T.);
#2769=ORIENTED_EDGE('',*,*,#5869,.F.);
#2770=ORIENTED_EDGE('',*,*,#5865,.F.);
#2771=ORIENTED_EDGE('',*,*,#5724,.F.);
#2772=ORIENTED_EDGE('',*,*,#5870,.F.);
#2773=ORIENTED_EDGE('',*,*,#5871,.F.);
#2774=ORIENTED_EDGE('',*,*,#5868,.F.);
#2775=ORIENTED_EDGE('',*,*,#5723,.F.);
#2776=ORIENTED_EDGE('',*,*,#5870,.T.);
#2777=ORIENTED_EDGE('',*,*,#5732,.F.);
#2778=ORIENTED_EDGE('',*,*,#5872,.F.);
#2779=ORIENTED_EDGE('',*,*,#5873,.F.);
#2780=ORIENTED_EDGE('',*,*,#5874,.T.);
#2781=ORIENTED_EDGE('',*,*,#5875,.T.);
#2782=ORIENTED_EDGE('',*,*,#5876,.T.);
#2783=ORIENTED_EDGE('',*,*,#5877,.T.);
#2784=ORIENTED_EDGE('',*,*,#5878,.T.);
#2785=ORIENTED_EDGE('',*,*,#5730,.F.);
#2786=ORIENTED_EDGE('',*,*,#5879,.F.);
#2787=ORIENTED_EDGE('',*,*,#5880,.F.);
#2788=ORIENTED_EDGE('',*,*,#5872,.T.);
#2789=ORIENTED_EDGE('',*,*,#5731,.F.);
#2790=ORIENTED_EDGE('',*,*,#5878,.F.);
#2791=ORIENTED_EDGE('',*,*,#5875,.F.);
#2792=ORIENTED_EDGE('',*,*,#5881,.F.);
#2793=ORIENTED_EDGE('',*,*,#5873,.T.);
#2794=ORIENTED_EDGE('',*,*,#5874,.F.);
#2795=ORIENTED_EDGE('',*,*,#5882,.F.);
#2796=ORIENTED_EDGE('',*,*,#5883,.T.);
#2797=ORIENTED_EDGE('',*,*,#5882,.T.);
#2798=ORIENTED_EDGE('',*,*,#5884,.F.);
#2799=ORIENTED_EDGE('',*,*,#5885,.F.);
#2800=ORIENTED_EDGE('',*,*,#5853,.T.);
#2801=ORIENTED_EDGE('',*,*,#5886,.F.);
#2802=ORIENTED_EDGE('',*,*,#5883,.F.);
#2803=ORIENTED_EDGE('',*,*,#5852,.T.);
#2804=ORIENTED_EDGE('',*,*,#5801,.F.);
#2805=ORIENTED_EDGE('',*,*,#5887,.F.);
#2806=ORIENTED_EDGE('',*,*,#5888,.F.);
#2807=ORIENTED_EDGE('',*,*,#5887,.T.);
#2808=ORIENTED_EDGE('',*,*,#5800,.F.);
#2809=ORIENTED_EDGE('',*,*,#5889,.F.);
#2810=ORIENTED_EDGE('',*,*,#5890,.F.);
#2811=ORIENTED_EDGE('',*,*,#5889,.T.);
#2812=ORIENTED_EDGE('',*,*,#5799,.F.);
#2813=ORIENTED_EDGE('',*,*,#5891,.F.);
#2814=ORIENTED_EDGE('',*,*,#5892,.F.);
#2815=ORIENTED_EDGE('',*,*,#5891,.T.);
#2816=ORIENTED_EDGE('',*,*,#5770,.F.);
#2817=ORIENTED_EDGE('',*,*,#5893,.F.);
#2818=ORIENTED_EDGE('',*,*,#5894,.F.);
#2819=ORIENTED_EDGE('',*,*,#5893,.T.);
#2820=ORIENTED_EDGE('',*,*,#5831,.F.);
#2821=ORIENTED_EDGE('',*,*,#5895,.T.);
#2822=ORIENTED_EDGE('',*,*,#5896,.F.);
#2823=ORIENTED_EDGE('',*,*,#5897,.T.);
#2824=ORIENTED_EDGE('',*,*,#5898,.F.);
#2825=ORIENTED_EDGE('',*,*,#5895,.F.);
#2826=ORIENTED_EDGE('',*,*,#5830,.F.);
#2827=ORIENTED_EDGE('',*,*,#5845,.T.);
#2828=ORIENTED_EDGE('',*,*,#5899,.F.);
#2829=ORIENTED_EDGE('',*,*,#5897,.F.);
#2830=ORIENTED_EDGE('',*,*,#5829,.F.);
#2831=ORIENTED_EDGE('',*,*,#5900,.F.);
#2832=ORIENTED_EDGE('',*,*,#5844,.T.);
#2833=ORIENTED_EDGE('',*,*,#5901,.F.);
#2834=ORIENTED_EDGE('',*,*,#5902,.F.);
#2835=ORIENTED_EDGE('',*,*,#5903,.T.);
#2836=ORIENTED_EDGE('',*,*,#5902,.T.);
#2837=ORIENTED_EDGE('',*,*,#5904,.F.);
#2838=ORIENTED_EDGE('',*,*,#5901,.T.);
#2839=ORIENTED_EDGE('',*,*,#5847,.T.);
#2840=ORIENTED_EDGE('',*,*,#5849,.T.);
#2841=ORIENTED_EDGE('',*,*,#5851,.T.);
#2842=ORIENTED_EDGE('',*,*,#5885,.T.);
#2843=ORIENTED_EDGE('',*,*,#5905,.T.);
#2844=ORIENTED_EDGE('',*,*,#5884,.T.);
#2845=ORIENTED_EDGE('',*,*,#5877,.F.);
#2846=ORIENTED_EDGE('',*,*,#5904,.T.);
#2847=ORIENTED_EDGE('',*,*,#5905,.F.);
#2848=ORIENTED_EDGE('',*,*,#5876,.F.);
#2849=ORIENTED_EDGE('',*,*,#5880,.T.);
#2850=ORIENTED_EDGE('',*,*,#5906,.F.);
#2851=ORIENTED_EDGE('',*,*,#5903,.F.);
#2852=ORIENTED_EDGE('',*,*,#5879,.T.);
#2853=ORIENTED_EDGE('',*,*,#5729,.F.);
#2854=ORIENTED_EDGE('',*,*,#5907,.F.);
#2855=ORIENTED_EDGE('',*,*,#5908,.F.);
#2856=ORIENTED_EDGE('',*,*,#5909,.T.);
#2857=ORIENTED_EDGE('',*,*,#5910,.F.);
#2858=ORIENTED_EDGE('',*,*,#5907,.T.);
#2859=ORIENTED_EDGE('',*,*,#5728,.F.);
#2860=ORIENTED_EDGE('',*,*,#5911,.T.);
#2861=ORIENTED_EDGE('',*,*,#5858,.F.);
#2862=ORIENTED_EDGE('',*,*,#5909,.F.);
#2863=ORIENTED_EDGE('',*,*,#5727,.F.);
#2864=ORIENTED_EDGE('',*,*,#5867,.T.);
#2865=ORIENTED_EDGE('',*,*,#5862,.F.);
#2866=ORIENTED_EDGE('',*,*,#5911,.F.);
#2867=ORIENTED_EDGE('',*,*,#5726,.F.);
#2868=ORIENTED_EDGE('',*,*,#5863,.T.);
#2869=ORIENTED_EDGE('',*,*,#5866,.T.);
#2870=ORIENTED_EDGE('',*,*,#5912,.T.);
#2871=ORIENTED_EDGE('',*,*,#5913,.T.);
#2872=ORIENTED_EDGE('',*,*,#5914,.T.);
#2873=ORIENTED_EDGE('',*,*,#5915,.T.);
#2874=ORIENTED_EDGE('',*,*,#5913,.F.);
#2875=ORIENTED_EDGE('',*,*,#5916,.F.);
#2876=ORIENTED_EDGE('',*,*,#5917,.F.);
#2877=ORIENTED_EDGE('',*,*,#5916,.T.);
#2878=ORIENTED_EDGE('',*,*,#5918,.F.);
#2879=ORIENTED_EDGE('',*,*,#5919,.F.);
#2880=ORIENTED_EDGE('',*,*,#5912,.F.);
#2881=ORIENTED_EDGE('',*,*,#5869,.T.);
#2882=ORIENTED_EDGE('',*,*,#5920,.F.);
#2883=ORIENTED_EDGE('',*,*,#5918,.T.);
#2884=ORIENTED_EDGE('',*,*,#5920,.T.);
#2885=ORIENTED_EDGE('',*,*,#5871,.T.);
#2886=ORIENTED_EDGE('',*,*,#5881,.T.);
#2887=ORIENTED_EDGE('',*,*,#5886,.T.);
#2888=ORIENTED_EDGE('',*,*,#5888,.T.);
#2889=ORIENTED_EDGE('',*,*,#5921,.T.);
#2890=ORIENTED_EDGE('',*,*,#5917,.T.);
#2891=ORIENTED_EDGE('',*,*,#5919,.T.);
#2892=ORIENTED_EDGE('',*,*,#5921,.F.);
#2893=ORIENTED_EDGE('',*,*,#5890,.T.);
#2894=ORIENTED_EDGE('',*,*,#5922,.F.);
#2895=ORIENTED_EDGE('',*,*,#5923,.T.);
#2896=ORIENTED_EDGE('',*,*,#5914,.F.);
#2897=ORIENTED_EDGE('',*,*,#5915,.F.);
#2898=ORIENTED_EDGE('',*,*,#5924,.F.);
#2899=ORIENTED_EDGE('',*,*,#5925,.T.);
#2900=ORIENTED_EDGE('',*,*,#5864,.F.);
#2901=ORIENTED_EDGE('',*,*,#5923,.F.);
#2902=ORIENTED_EDGE('',*,*,#5926,.F.);
#2903=ORIENTED_EDGE('',*,*,#5927,.T.);
#2904=ORIENTED_EDGE('',*,*,#5860,.F.);
#2905=ORIENTED_EDGE('',*,*,#5925,.F.);
#2906=ORIENTED_EDGE('',*,*,#5928,.F.);
#2907=ORIENTED_EDGE('',*,*,#5856,.T.);
#2908=ORIENTED_EDGE('',*,*,#5861,.F.);
#2909=ORIENTED_EDGE('',*,*,#5927,.F.);
#2910=ORIENTED_EDGE('',*,*,#5929,.F.);
#2911=ORIENTED_EDGE('',*,*,#5930,.F.);
#2912=ORIENTED_EDGE('',*,*,#5910,.T.);
#2913=ORIENTED_EDGE('',*,*,#5857,.F.);
#2914=ORIENTED_EDGE('',*,*,#5855,.T.);
#2915=ORIENTED_EDGE('',*,*,#5906,.T.);
#2916=ORIENTED_EDGE('',*,*,#5908,.T.);
#2917=ORIENTED_EDGE('',*,*,#5930,.T.);
#2918=ORIENTED_EDGE('',*,*,#5931,.T.);
#2919=ORIENTED_EDGE('',*,*,#5899,.T.);
#2920=ORIENTED_EDGE('',*,*,#5900,.T.);
#2921=ORIENTED_EDGE('',*,*,#5931,.F.);
#2922=ORIENTED_EDGE('',*,*,#5854,.T.);
#2923=ORIENTED_EDGE('',*,*,#5929,.T.);
#2924=ORIENTED_EDGE('',*,*,#5932,.F.);
#2925=ORIENTED_EDGE('',*,*,#5898,.T.);
#2926=ORIENTED_EDGE('',*,*,#5926,.T.);
#2927=ORIENTED_EDGE('',*,*,#5924,.T.);
#2928=ORIENTED_EDGE('',*,*,#5922,.T.);
#2929=ORIENTED_EDGE('',*,*,#5892,.T.);
#2930=ORIENTED_EDGE('',*,*,#5894,.T.);
#2931=ORIENTED_EDGE('',*,*,#5896,.T.);
#2932=ORIENTED_EDGE('',*,*,#5932,.T.);
#2933=ORIENTED_EDGE('',*,*,#5928,.T.);
#2934=ORIENTED_EDGE('',*,*,#5798,.F.);
#2935=ORIENTED_EDGE('',*,*,#5933,.T.);
#2936=ORIENTED_EDGE('',*,*,#5737,.F.);
#2937=ORIENTED_EDGE('',*,*,#5934,.F.);
#2938=ORIENTED_EDGE('',*,*,#5934,.T.);
#2939=ORIENTED_EDGE('',*,*,#5736,.F.);
#2940=ORIENTED_EDGE('',*,*,#5935,.F.);
#2941=ORIENTED_EDGE('',*,*,#5768,.F.);
#2942=ORIENTED_EDGE('',*,*,#5735,.F.);
#2943=ORIENTED_EDGE('',*,*,#5936,.T.);
#2944=ORIENTED_EDGE('',*,*,#5832,.F.);
#2945=ORIENTED_EDGE('',*,*,#5935,.T.);
#2946=ORIENTED_EDGE('',*,*,#5842,.T.);
#2947=ORIENTED_EDGE('',*,*,#5937,.F.);
#2948=ORIENTED_EDGE('',*,*,#5938,.F.);
#2949=ORIENTED_EDGE('',*,*,#5939,.T.);
#2950=ORIENTED_EDGE('',*,*,#5839,.T.);
#2951=ORIENTED_EDGE('',*,*,#5940,.T.);
#2952=ORIENTED_EDGE('',*,*,#5941,.F.);
#2953=ORIENTED_EDGE('',*,*,#5942,.T.);
#2954=ORIENTED_EDGE('',*,*,#5943,.F.);
#2955=ORIENTED_EDGE('',*,*,#5742,.T.);
#2956=ORIENTED_EDGE('',*,*,#5944,.T.);
#2957=ORIENTED_EDGE('',*,*,#5940,.F.);
#2958=ORIENTED_EDGE('',*,*,#5836,.F.);
#2959=ORIENTED_EDGE('',*,*,#5945,.T.);
#2960=ORIENTED_EDGE('',*,*,#5946,.T.);
#2961=ORIENTED_EDGE('',*,*,#5947,.F.);
#2962=ORIENTED_EDGE('',*,*,#5948,.T.);
#2963=ORIENTED_EDGE('',*,*,#5949,.T.);
#2964=ORIENTED_EDGE('',*,*,#5945,.F.);
#2965=ORIENTED_EDGE('',*,*,#5835,.F.);
#2966=ORIENTED_EDGE('',*,*,#5939,.F.);
#2967=ORIENTED_EDGE('',*,*,#5950,.T.);
#2968=ORIENTED_EDGE('',*,*,#5721,.T.);
#2969=ORIENTED_EDGE('',*,*,#5946,.F.);
#2970=ORIENTED_EDGE('',*,*,#5949,.F.);
#2971=ORIENTED_EDGE('',*,*,#5951,.T.);
#2972=ORIENTED_EDGE('',*,*,#5952,.T.);
#2973=ORIENTED_EDGE('',*,*,#5743,.T.);
#2974=ORIENTED_EDGE('',*,*,#5947,.T.);
#2975=ORIENTED_EDGE('',*,*,#5952,.F.);
#2976=ORIENTED_EDGE('',*,*,#5953,.T.);
#2977=ORIENTED_EDGE('',*,*,#5954,.F.);
#2978=ORIENTED_EDGE('',*,*,#5955,.F.);
#2979=ORIENTED_EDGE('',*,*,#5956,.F.);
#2980=ORIENTED_EDGE('',*,*,#5957,.T.);
#2981=ORIENTED_EDGE('',*,*,#5958,.T.);
#2982=ORIENTED_EDGE('',*,*,#5959,.T.);
#2983=ORIENTED_EDGE('',*,*,#5953,.F.);
#2984=ORIENTED_EDGE('',*,*,#5951,.F.);
#2985=ORIENTED_EDGE('',*,*,#5948,.F.);
#2986=ORIENTED_EDGE('',*,*,#5720,.T.);
#2987=ORIENTED_EDGE('',*,*,#5941,.T.);
#2988=ORIENTED_EDGE('',*,*,#5944,.F.);
#2989=ORIENTED_EDGE('',*,*,#5741,.F.);
#2990=ORIENTED_EDGE('',*,*,#5960,.F.);
#2991=ORIENTED_EDGE('',*,*,#5961,.T.);
#2992=ORIENTED_EDGE('',*,*,#5722,.F.);
#2993=ORIENTED_EDGE('',*,*,#5950,.F.);
#2994=ORIENTED_EDGE('',*,*,#5938,.T.);
#2995=ORIENTED_EDGE('',*,*,#5748,.T.);
#2996=ORIENTED_EDGE('',*,*,#5943,.T.);
#2997=ORIENTED_EDGE('',*,*,#5962,.F.);
#2998=ORIENTED_EDGE('',*,*,#5963,.F.);
#2999=ORIENTED_EDGE('',*,*,#5964,.F.);
#3000=ORIENTED_EDGE('',*,*,#5960,.T.);
#3001=ORIENTED_EDGE('',*,*,#5740,.T.);
#3002=ORIENTED_EDGE('',*,*,#5965,.T.);
#3003=ORIENTED_EDGE('',*,*,#5966,.T.);
#3004=ORIENTED_EDGE('',*,*,#5962,.T.);
#3005=ORIENTED_EDGE('',*,*,#5942,.F.);
#3006=ORIENTED_EDGE('',*,*,#5967,.F.);
#3007=ORIENTED_EDGE('',*,*,#5968,.T.);
#3008=ORIENTED_EDGE('',*,*,#5966,.F.);
#3009=ORIENTED_EDGE('',*,*,#5969,.T.);
#3010=ORIENTED_EDGE('',*,*,#5967,.T.);
#3011=ORIENTED_EDGE('',*,*,#5970,.T.);
#3012=ORIENTED_EDGE('',*,*,#5955,.T.);
#3013=ORIENTED_EDGE('',*,*,#5971,.T.);
#3014=ORIENTED_EDGE('',*,*,#5972,.T.);
#3015=ORIENTED_EDGE('',*,*,#5973,.T.);
#3016=ORIENTED_EDGE('',*,*,#5958,.F.);
#3017=ORIENTED_EDGE('',*,*,#5974,.F.);
#3018=ORIENTED_EDGE('',*,*,#5975,.T.);
#3019=ORIENTED_EDGE('',*,*,#5972,.F.);
#3020=ORIENTED_EDGE('',*,*,#5973,.F.);
#3021=ORIENTED_EDGE('',*,*,#5976,.F.);
#3022=ORIENTED_EDGE('',*,*,#5969,.F.);
#3023=ORIENTED_EDGE('',*,*,#5954,.T.);
#3024=ORIENTED_EDGE('',*,*,#5959,.F.);
#3025=ORIENTED_EDGE('',*,*,#5968,.F.);
#3026=ORIENTED_EDGE('',*,*,#5976,.T.);
#3027=ORIENTED_EDGE('',*,*,#5975,.F.);
#3028=ORIENTED_EDGE('',*,*,#5963,.T.);
#3029=ORIENTED_EDGE('',*,*,#5937,.T.);
#3030=ORIENTED_EDGE('',*,*,#5745,.T.);
#3031=ORIENTED_EDGE('',*,*,#5964,.T.);
#3032=ORIENTED_EDGE('',*,*,#5974,.T.);
#3033=ORIENTED_EDGE('',*,*,#5977,.T.);
#3034=ORIENTED_EDGE('',*,*,#5718,.T.);
#3035=ORIENTED_EDGE('',*,*,#5961,.F.);
#3036=ORIENTED_EDGE('',*,*,#5956,.T.);
#3037=ORIENTED_EDGE('',*,*,#5970,.F.);
#3038=ORIENTED_EDGE('',*,*,#5965,.F.);
#3039=ORIENTED_EDGE('',*,*,#5744,.F.);
#3040=ORIENTED_EDGE('',*,*,#5719,.T.);
#3041=ORIENTED_EDGE('',*,*,#5977,.F.);
#3042=ORIENTED_EDGE('',*,*,#5971,.F.);
#3043=ORIENTED_EDGE('',*,*,#5957,.F.);
#3044=ORIENTED_EDGE('',*,*,#5978,.F.);
#3045=ORIENTED_EDGE('',*,*,#5765,.F.);
#3046=ORIENTED_EDGE('',*,*,#5979,.T.);
#3047=ORIENTED_EDGE('',*,*,#5825,.F.);
#3048=ORIENTED_EDGE('',*,*,#5573,.T.);
#3049=ORIENTED_EDGE('',*,*,#5936,.F.);
#3050=ORIENTED_EDGE('',*,*,#5980,.F.);
#3051=ORIENTED_EDGE('',*,*,#5841,.F.);
#3052=ORIENTED_EDGE('',*,*,#5760,.F.);
#3053=ORIENTED_EDGE('',*,*,#5980,.T.);
#3054=ORIENTED_EDGE('',*,*,#5734,.F.);
#3055=ORIENTED_EDGE('',*,*,#5981,.F.);
#3056=ORIENTED_EDGE('',*,*,#5756,.F.);
#3057=ORIENTED_EDGE('',*,*,#5982,.F.);
#3058=ORIENTED_EDGE('',*,*,#5797,.F.);
#3059=ORIENTED_EDGE('',*,*,#5933,.F.);
#3060=ORIENTED_EDGE('',*,*,#5982,.T.);
#3061=ORIENTED_EDGE('',*,*,#5983,.F.);
#3062=ORIENTED_EDGE('',*,*,#5983,.T.);
#3063=ORIENTED_EDGE('',*,*,#5755,.F.);
#3064=ORIENTED_EDGE('',*,*,#5838,.F.);
#3065=ORIENTED_EDGE('',*,*,#5738,.F.);
#3066=ORIENTED_EDGE('',*,*,#5752,.F.);
#3067=ORIENTED_EDGE('',*,*,#5984,.T.);
#3068=ORIENTED_EDGE('',*,*,#5763,.F.);
#3069=ORIENTED_EDGE('',*,*,#5833,.F.);
#3070=ORIENTED_EDGE('',*,*,#5985,.F.);
#3071=ORIENTED_EDGE('',*,*,#5577,.F.);
#3072=ORIENTED_EDGE('',*,*,#5986,.F.);
#3073=ORIENTED_EDGE('',*,*,#5986,.T.);
#3074=ORIENTED_EDGE('',*,*,#5775,.F.);
#3075=ORIENTED_EDGE('',*,*,#5987,.F.);
#3076=ORIENTED_EDGE('',*,*,#5717,.F.);
#3077=ORIENTED_EDGE('',*,*,#5985,.T.);
#3078=ORIENTED_EDGE('',*,*,#5716,.F.);
#3079=ORIENTED_EDGE('',*,*,#5988,.F.);
#3080=ORIENTED_EDGE('',*,*,#5751,.F.);
#3081=ORIENTED_EDGE('',*,*,#5987,.T.);
#3082=ORIENTED_EDGE('',*,*,#5772,.F.);
#3083=ORIENTED_EDGE('',*,*,#5989,.F.);
#3084=ORIENTED_EDGE('',*,*,#5713,.F.);
#3085=ORIENTED_EDGE('',*,*,#5984,.F.);
#3086=ORIENTED_EDGE('',*,*,#5988,.T.);
#3087=ORIENTED_EDGE('',*,*,#5990,.F.);
#3088=ORIENTED_EDGE('',*,*,#5989,.T.);
#3089=ORIENTED_EDGE('',*,*,#5826,.F.);
#3090=ORIENTED_EDGE('',*,*,#5991,.F.);
#3091=ORIENTED_EDGE('',*,*,#5714,.F.);
#3092=ORIENTED_EDGE('',*,*,#5990,.T.);
#3093=ORIENTED_EDGE('',*,*,#5715,.F.);
#3094=ORIENTED_EDGE('',*,*,#5992,.F.);
#3095=ORIENTED_EDGE('',*,*,#5764,.F.);
#3096=ORIENTED_EDGE('',*,*,#5991,.T.);
#3097=ORIENTED_EDGE('',*,*,#5979,.F.);
#3098=ORIENTED_EDGE('',*,*,#5992,.T.);
#3099=ORIENTED_EDGE('',*,*,#5749,.F.);
#3100=ORIENTED_EDGE('',*,*,#5993,.F.);
#3101=ORIENTED_EDGE('',*,*,#5994,.F.);
#3102=ORIENTED_EDGE('',*,*,#5995,.F.);
#3103=ORIENTED_EDGE('',*,*,#5996,.F.);
#3104=ORIENTED_EDGE('',*,*,#5997,.F.);
#3105=ORIENTED_EDGE('',*,*,#5998,.T.);
#3106=ORIENTED_EDGE('',*,*,#5999,.F.);
#3107=ORIENTED_EDGE('',*,*,#6000,.F.);
#3108=ORIENTED_EDGE('',*,*,#6001,.F.);
#3109=ORIENTED_EDGE('',*,*,#6002,.F.);
#3110=ORIENTED_EDGE('',*,*,#6003,.F.);
#3111=ORIENTED_EDGE('',*,*,#5758,.F.);
#3112=ORIENTED_EDGE('',*,*,#6004,.F.);
#3113=ORIENTED_EDGE('',*,*,#6005,.F.);
#3114=ORIENTED_EDGE('',*,*,#6006,.F.);
#3115=ORIENTED_EDGE('',*,*,#6007,.F.);
#3116=ORIENTED_EDGE('',*,*,#6008,.F.);
#3117=ORIENTED_EDGE('',*,*,#6009,.F.);
#3118=ORIENTED_EDGE('',*,*,#6010,.F.);
#3119=ORIENTED_EDGE('',*,*,#6011,.F.);
#3120=ORIENTED_EDGE('',*,*,#6012,.F.);
#3121=ORIENTED_EDGE('',*,*,#6013,.F.);
#3122=ORIENTED_EDGE('',*,*,#6014,.F.);
#3123=ORIENTED_EDGE('',*,*,#5759,.F.);
#3124=ORIENTED_EDGE('',*,*,#6014,.T.);
#3125=ORIENTED_EDGE('',*,*,#6015,.T.);
#3126=ORIENTED_EDGE('',*,*,#5804,.F.);
#3127=ORIENTED_EDGE('',*,*,#5571,.T.);
#3128=ORIENTED_EDGE('',*,*,#5766,.F.);
#3129=ORIENTED_EDGE('',*,*,#5978,.T.);
#3130=ORIENTED_EDGE('',*,*,#5824,.F.);
#3131=ORIENTED_EDGE('',*,*,#6016,.F.);
#3132=ORIENTED_EDGE('',*,*,#6004,.T.);
#3133=ORIENTED_EDGE('',*,*,#5750,.F.);
#3134=ORIENTED_EDGE('',*,*,#6003,.T.);
#3135=ORIENTED_EDGE('',*,*,#6017,.T.);
#3136=ORIENTED_EDGE('',*,*,#5776,.F.);
#3137=ORIENTED_EDGE('',*,*,#5575,.T.);
#3138=ORIENTED_EDGE('',*,*,#5757,.F.);
#3139=ORIENTED_EDGE('',*,*,#5981,.T.);
#3140=ORIENTED_EDGE('',*,*,#5796,.F.);
#3141=ORIENTED_EDGE('',*,*,#6018,.F.);
#3142=ORIENTED_EDGE('',*,*,#5993,.T.);
#3143=ORIENTED_EDGE('',*,*,#6019,.F.);
#3144=ORIENTED_EDGE('',*,*,#6020,.T.);
#3145=ORIENTED_EDGE('',*,*,#5997,.T.);
#3146=ORIENTED_EDGE('',*,*,#6021,.T.);
#3147=ORIENTED_EDGE('',*,*,#5792,.F.);
#3148=ORIENTED_EDGE('',*,*,#5999,.T.);
#3149=ORIENTED_EDGE('',*,*,#6022,.T.);
#3150=ORIENTED_EDGE('',*,*,#6023,.F.);
#3151=ORIENTED_EDGE('',*,*,#5780,.F.);
#3152=ORIENTED_EDGE('',*,*,#6024,.F.);
#3153=ORIENTED_EDGE('',*,*,#5793,.F.);
#3154=ORIENTED_EDGE('',*,*,#6021,.F.);
#3155=ORIENTED_EDGE('',*,*,#5996,.T.);
#3156=ORIENTED_EDGE('',*,*,#6025,.T.);
#3157=ORIENTED_EDGE('',*,*,#5779,.F.);
#3158=ORIENTED_EDGE('',*,*,#6026,.F.);
#3159=ORIENTED_EDGE('',*,*,#6000,.T.);
#3160=ORIENTED_EDGE('',*,*,#6024,.T.);
#3161=ORIENTED_EDGE('',*,*,#5778,.F.);
#3162=ORIENTED_EDGE('',*,*,#6027,.F.);
#3163=ORIENTED_EDGE('',*,*,#6001,.T.);
#3164=ORIENTED_EDGE('',*,*,#6026,.T.);
#3165=ORIENTED_EDGE('',*,*,#5777,.F.);
#3166=ORIENTED_EDGE('',*,*,#6017,.F.);
#3167=ORIENTED_EDGE('',*,*,#6002,.T.);
#3168=ORIENTED_EDGE('',*,*,#6027,.T.);
#3169=ORIENTED_EDGE('',*,*,#5795,.F.);
#3170=ORIENTED_EDGE('',*,*,#6028,.F.);
#3171=ORIENTED_EDGE('',*,*,#5994,.T.);
#3172=ORIENTED_EDGE('',*,*,#6018,.T.);
#3173=ORIENTED_EDGE('',*,*,#5794,.F.);
#3174=ORIENTED_EDGE('',*,*,#6025,.F.);
#3175=ORIENTED_EDGE('',*,*,#5995,.T.);
#3176=ORIENTED_EDGE('',*,*,#6028,.T.);
#3177=ORIENTED_EDGE('',*,*,#6029,.T.);
#3178=ORIENTED_EDGE('',*,*,#6019,.T.);
#3179=ORIENTED_EDGE('',*,*,#5791,.T.);
#3180=ORIENTED_EDGE('',*,*,#6030,.T.);
#3181=ORIENTED_EDGE('',*,*,#6031,.F.);
#3182=ORIENTED_EDGE('',*,*,#6032,.T.);
#3183=ORIENTED_EDGE('',*,*,#6033,.F.);
#3184=ORIENTED_EDGE('',*,*,#6034,.F.);
#3185=ORIENTED_EDGE('',*,*,#6035,.F.);
#3186=ORIENTED_EDGE('',*,*,#6036,.F.);
#3187=ORIENTED_EDGE('',*,*,#6037,.F.);
#3188=ORIENTED_EDGE('',*,*,#6038,.T.);
#3189=ORIENTED_EDGE('',*,*,#6039,.F.);
#3190=ORIENTED_EDGE('',*,*,#6040,.F.);
#3191=ORIENTED_EDGE('',*,*,#6041,.F.);
#3192=ORIENTED_EDGE('',*,*,#6042,.F.);
#3193=ORIENTED_EDGE('',*,*,#6043,.F.);
#3194=ORIENTED_EDGE('',*,*,#6044,.T.);
#3195=ORIENTED_EDGE('',*,*,#6031,.T.);
#3196=ORIENTED_EDGE('',*,*,#6045,.T.);
#3197=ORIENTED_EDGE('',*,*,#6046,.F.);
#3198=ORIENTED_EDGE('',*,*,#6033,.T.);
#3199=ORIENTED_EDGE('',*,*,#6047,.T.);
#3200=ORIENTED_EDGE('',*,*,#6048,.F.);
#3201=ORIENTED_EDGE('',*,*,#6049,.F.);
#3202=ORIENTED_EDGE('',*,*,#6050,.F.);
#3203=ORIENTED_EDGE('',*,*,#6051,.F.);
#3204=ORIENTED_EDGE('',*,*,#6052,.T.);
#3205=ORIENTED_EDGE('',*,*,#6037,.T.);
#3206=ORIENTED_EDGE('',*,*,#6053,.T.);
#3207=ORIENTED_EDGE('',*,*,#6054,.F.);
#3208=ORIENTED_EDGE('',*,*,#6039,.T.);
#3209=ORIENTED_EDGE('',*,*,#6055,.T.);
#3210=ORIENTED_EDGE('',*,*,#6056,.F.);
#3211=ORIENTED_EDGE('',*,*,#6057,.F.);
#3212=ORIENTED_EDGE('',*,*,#6058,.F.);
#3213=ORIENTED_EDGE('',*,*,#6059,.F.);
#3214=ORIENTED_EDGE('',*,*,#6045,.F.);
#3215=ORIENTED_EDGE('',*,*,#6042,.T.);
#3216=ORIENTED_EDGE('',*,*,#6060,.T.);
#3217=ORIENTED_EDGE('',*,*,#6061,.F.);
#3218=ORIENTED_EDGE('',*,*,#6062,.F.);
#3219=ORIENTED_EDGE('',*,*,#6034,.T.);
#3220=ORIENTED_EDGE('',*,*,#6050,.T.);
#3221=ORIENTED_EDGE('',*,*,#6063,.F.);
#3222=ORIENTED_EDGE('',*,*,#6064,.F.);
#3223=ORIENTED_EDGE('',*,*,#6035,.T.);
#3224=ORIENTED_EDGE('',*,*,#6062,.T.);
#3225=ORIENTED_EDGE('',*,*,#6065,.F.);
#3226=ORIENTED_EDGE('',*,*,#6053,.F.);
#3227=ORIENTED_EDGE('',*,*,#6036,.T.);
#3228=ORIENTED_EDGE('',*,*,#6064,.T.);
#3229=ORIENTED_EDGE('',*,*,#6066,.F.);
#3230=ORIENTED_EDGE('',*,*,#6067,.F.);
#3231=ORIENTED_EDGE('',*,*,#6040,.T.);
#3232=ORIENTED_EDGE('',*,*,#6058,.T.);
#3233=ORIENTED_EDGE('',*,*,#6068,.F.);
#3234=ORIENTED_EDGE('',*,*,#6060,.F.);
#3235=ORIENTED_EDGE('',*,*,#6041,.T.);
#3236=ORIENTED_EDGE('',*,*,#6067,.T.);
#3237=ORIENTED_EDGE('',*,*,#6059,.T.);
#3238=ORIENTED_EDGE('',*,*,#6068,.T.);
#3239=ORIENTED_EDGE('',*,*,#6066,.T.);
#3240=ORIENTED_EDGE('',*,*,#6057,.T.);
#3241=ORIENTED_EDGE('',*,*,#6069,.F.);
#3242=ORIENTED_EDGE('',*,*,#6070,.F.);
#3243=ORIENTED_EDGE('',*,*,#6071,.F.);
#3244=ORIENTED_EDGE('',*,*,#6072,.F.);
#3245=ORIENTED_EDGE('',*,*,#6073,.F.);
#3246=ORIENTED_EDGE('',*,*,#6074,.F.);
#3247=ORIENTED_EDGE('',*,*,#6075,.F.);
#3248=ORIENTED_EDGE('',*,*,#6076,.F.);
#3249=ORIENTED_EDGE('',*,*,#6077,.F.);
#3250=ORIENTED_EDGE('',*,*,#6078,.F.);
#3251=ORIENTED_EDGE('',*,*,#6079,.F.);
#3252=ORIENTED_EDGE('',*,*,#6054,.T.);
#3253=ORIENTED_EDGE('',*,*,#6065,.T.);
#3254=ORIENTED_EDGE('',*,*,#6063,.T.);
#3255=ORIENTED_EDGE('',*,*,#6061,.T.);
#3256=ORIENTED_EDGE('',*,*,#6049,.T.);
#3257=ORIENTED_EDGE('',*,*,#6080,.T.);
#3258=ORIENTED_EDGE('',*,*,#6081,.T.);
#3259=ORIENTED_EDGE('',*,*,#6082,.T.);
#3260=ORIENTED_EDGE('',*,*,#6083,.T.);
#3261=ORIENTED_EDGE('',*,*,#6084,.T.);
#3262=ORIENTED_EDGE('',*,*,#6085,.T.);
#3263=ORIENTED_EDGE('',*,*,#6086,.T.);
#3264=ORIENTED_EDGE('',*,*,#6087,.T.);
#3265=ORIENTED_EDGE('',*,*,#6088,.T.);
#3266=ORIENTED_EDGE('',*,*,#6089,.T.);
#3267=ORIENTED_EDGE('',*,*,#6090,.T.);
#3268=ORIENTED_EDGE('',*,*,#6046,.T.);
#3269=ORIENTED_EDGE('',*,*,#6091,.T.);
#3270=ORIENTED_EDGE('',*,*,#6051,.T.);
#3271=ORIENTED_EDGE('',*,*,#6079,.T.);
#3272=ORIENTED_EDGE('',*,*,#6092,.F.);
#3273=ORIENTED_EDGE('',*,*,#6093,.T.);
#3274=ORIENTED_EDGE('',*,*,#6094,.T.);
#3275=ORIENTED_EDGE('',*,*,#6095,.T.);
#3276=ORIENTED_EDGE('',*,*,#6096,.F.);
#3277=ORIENTED_EDGE('',*,*,#6097,.F.);
#3278=ORIENTED_EDGE('',*,*,#6098,.T.);
#3279=ORIENTED_EDGE('',*,*,#6099,.F.);
#3280=ORIENTED_EDGE('',*,*,#6100,.F.);
#3281=ORIENTED_EDGE('',*,*,#6101,.F.);
#3282=ORIENTED_EDGE('',*,*,#6102,.F.);
#3283=ORIENTED_EDGE('',*,*,#6103,.F.);
#3284=ORIENTED_EDGE('',*,*,#6104,.T.);
#3285=ORIENTED_EDGE('',*,*,#6105,.F.);
#3286=ORIENTED_EDGE('',*,*,#6106,.F.);
#3287=ORIENTED_EDGE('',*,*,#6098,.F.);
#3288=ORIENTED_EDGE('',*,*,#6107,.F.);
#3289=ORIENTED_EDGE('',*,*,#6108,.F.);
#3290=ORIENTED_EDGE('',*,*,#6109,.T.);
#3291=ORIENTED_EDGE('',*,*,#6110,.F.);
#3292=ORIENTED_EDGE('',*,*,#6111,.F.);
#3293=ORIENTED_EDGE('',*,*,#6104,.F.);
#3294=ORIENTED_EDGE('',*,*,#6112,.F.);
#3295=ORIENTED_EDGE('',*,*,#6113,.T.);
#3296=ORIENTED_EDGE('',*,*,#6114,.F.);
#3297=ORIENTED_EDGE('',*,*,#6109,.F.);
#3298=ORIENTED_EDGE('',*,*,#6115,.F.);
#3299=ORIENTED_EDGE('',*,*,#6116,.F.);
#3300=ORIENTED_EDGE('',*,*,#6117,.F.);
#3301=ORIENTED_EDGE('',*,*,#6118,.F.);
#3302=ORIENTED_EDGE('',*,*,#6119,.F.);
#3303=ORIENTED_EDGE('',*,*,#6120,.F.);
#3304=ORIENTED_EDGE('',*,*,#6121,.F.);
#3305=ORIENTED_EDGE('',*,*,#6122,.F.);
#3306=ORIENTED_EDGE('',*,*,#6123,.F.);
#3307=ORIENTED_EDGE('',*,*,#6124,.F.);
#3308=ORIENTED_EDGE('',*,*,#6125,.F.);
#3309=ORIENTED_EDGE('',*,*,#6113,.F.);
#3310=ORIENTED_EDGE('',*,*,#6126,.F.);
#3311=ORIENTED_EDGE('',*,*,#6127,.F.);
#3312=ORIENTED_EDGE('',*,*,#6128,.F.);
#3313=ORIENTED_EDGE('',*,*,#6129,.F.);
#3314=ORIENTED_EDGE('',*,*,#6130,.F.);
#3315=ORIENTED_EDGE('',*,*,#6131,.F.);
#3316=ORIENTED_EDGE('',*,*,#6132,.F.);
#3317=ORIENTED_EDGE('',*,*,#6133,.F.);
#3318=ORIENTED_EDGE('',*,*,#6134,.F.);
#3319=ORIENTED_EDGE('',*,*,#6135,.F.);
#3320=ORIENTED_EDGE('',*,*,#6136,.F.);
#3321=ORIENTED_EDGE('',*,*,#6137,.F.);
#3322=ORIENTED_EDGE('',*,*,#6138,.F.);
#3323=ORIENTED_EDGE('',*,*,#6139,.F.);
#3324=ORIENTED_EDGE('',*,*,#6140,.F.);
#3325=ORIENTED_EDGE('',*,*,#6141,.F.);
#3326=ORIENTED_EDGE('',*,*,#6142,.F.);
#3327=ORIENTED_EDGE('',*,*,#6143,.F.);
#3328=ORIENTED_EDGE('',*,*,#6144,.F.);
#3329=ORIENTED_EDGE('',*,*,#6145,.T.);
#3330=ORIENTED_EDGE('',*,*,#6146,.F.);
#3331=ORIENTED_EDGE('',*,*,#6147,.T.);
#3332=ORIENTED_EDGE('',*,*,#6148,.F.);
#3333=ORIENTED_EDGE('',*,*,#6149,.F.);
#3334=ORIENTED_EDGE('',*,*,#6150,.F.);
#3335=ORIENTED_EDGE('',*,*,#6151,.T.);
#3336=ORIENTED_EDGE('',*,*,#6152,.F.);
#3337=ORIENTED_EDGE('',*,*,#6147,.F.);
#3338=ORIENTED_EDGE('',*,*,#6153,.F.);
#3339=ORIENTED_EDGE('',*,*,#6154,.T.);
#3340=ORIENTED_EDGE('',*,*,#6155,.F.);
#3341=ORIENTED_EDGE('',*,*,#6151,.F.);
#3342=ORIENTED_EDGE('',*,*,#6156,.F.);
#3343=ORIENTED_EDGE('',*,*,#6101,.T.);
#3344=ORIENTED_EDGE('',*,*,#6157,.F.);
#3345=ORIENTED_EDGE('',*,*,#6154,.F.);
#3346=ORIENTED_EDGE('',*,*,#6158,.F.);
#3347=ORIENTED_EDGE('',*,*,#6159,.F.);
#3348=ORIENTED_EDGE('',*,*,#6095,.F.);
#3349=ORIENTED_EDGE('',*,*,#6160,.F.);
#3350=ORIENTED_EDGE('',*,*,#6161,.F.);
#3351=ORIENTED_EDGE('',*,*,#6162,.F.);
#3352=ORIENTED_EDGE('',*,*,#6093,.F.);
#3353=ORIENTED_EDGE('',*,*,#6163,.F.);
#3354=ORIENTED_EDGE('',*,*,#6164,.F.);
#3355=ORIENTED_EDGE('',*,*,#6165,.F.);
#3356=ORIENTED_EDGE('',*,*,#6166,.F.);
#3357=ORIENTED_EDGE('',*,*,#6167,.F.);
#3358=ORIENTED_EDGE('',*,*,#6168,.F.);
#3359=ORIENTED_EDGE('',*,*,#6169,.F.);
#3360=ORIENTED_EDGE('',*,*,#6170,.F.);
#3361=ORIENTED_EDGE('',*,*,#6171,.F.);
#3362=ORIENTED_EDGE('',*,*,#6166,.T.);
#3363=ORIENTED_EDGE('',*,*,#6172,.F.);
#3364=ORIENTED_EDGE('',*,*,#6173,.F.);
#3365=ORIENTED_EDGE('',*,*,#6174,.F.);
#3366=ORIENTED_EDGE('',*,*,#6175,.T.);
#3367=ORIENTED_EDGE('',*,*,#6176,.F.);
#3368=ORIENTED_EDGE('',*,*,#6177,.F.);
#3369=ORIENTED_EDGE('',*,*,#6175,.F.);
#3370=ORIENTED_EDGE('',*,*,#6178,.F.);
#3371=ORIENTED_EDGE('',*,*,#6179,.F.);
#3372=ORIENTED_EDGE('',*,*,#6180,.F.);
#3373=ORIENTED_EDGE('',*,*,#6131,.T.);
#3374=ORIENTED_EDGE('',*,*,#6181,.F.);
#3375=ORIENTED_EDGE('',*,*,#6173,.T.);
#3376=ORIENTED_EDGE('',*,*,#6182,.F.);
#3377=ORIENTED_EDGE('',*,*,#6183,.F.);
#3378=ORIENTED_EDGE('',*,*,#6184,.F.);
#3379=ORIENTED_EDGE('',*,*,#6168,.T.);
#3380=ORIENTED_EDGE('',*,*,#6185,.F.);
#3381=ORIENTED_EDGE('',*,*,#6141,.T.);
#3382=ORIENTED_EDGE('',*,*,#6186,.F.);
#3383=ORIENTED_EDGE('',*,*,#6121,.T.);
#3384=ORIENTED_EDGE('',*,*,#6187,.T.);
#3385=ORIENTED_EDGE('',*,*,#6159,.T.);
#3386=ORIENTED_EDGE('',*,*,#6188,.F.);
#3387=ORIENTED_EDGE('',*,*,#6187,.F.);
#3388=ORIENTED_EDGE('',*,*,#6120,.T.);
#3389=ORIENTED_EDGE('',*,*,#6189,.T.);
#3390=ORIENTED_EDGE('',*,*,#6096,.T.);
#3391=ORIENTED_EDGE('',*,*,#6163,.T.);
#3392=ORIENTED_EDGE('',*,*,#6189,.F.);
#3393=ORIENTED_EDGE('',*,*,#6119,.T.);
#3394=ORIENTED_EDGE('',*,*,#6190,.F.);
#3395=ORIENTED_EDGE('',*,*,#6191,.T.);
#3396=ORIENTED_EDGE('',*,*,#6164,.T.);
#3397=ORIENTED_EDGE('',*,*,#6192,.T.);
#3398=ORIENTED_EDGE('',*,*,#6128,.T.);
#3399=ORIENTED_EDGE('',*,*,#6192,.F.);
#3400=ORIENTED_EDGE('',*,*,#6190,.T.);
#3401=ORIENTED_EDGE('',*,*,#6193,.T.);
#3402=ORIENTED_EDGE('',*,*,#6129,.T.);
#3403=ORIENTED_EDGE('',*,*,#6193,.F.);
#3404=ORIENTED_EDGE('',*,*,#6118,.T.);
#3405=ORIENTED_EDGE('',*,*,#6194,.T.);
#3406=ORIENTED_EDGE('',*,*,#6130,.T.);
#3407=ORIENTED_EDGE('',*,*,#6194,.F.);
#3408=ORIENTED_EDGE('',*,*,#6117,.T.);
#3409=ORIENTED_EDGE('',*,*,#6195,.T.);
#3410=ORIENTED_EDGE('',*,*,#6181,.T.);
#3411=ORIENTED_EDGE('',*,*,#6195,.F.);
#3412=ORIENTED_EDGE('',*,*,#6116,.T.);
#3413=ORIENTED_EDGE('',*,*,#6196,.T.);
#3414=ORIENTED_EDGE('',*,*,#6174,.T.);
#3415=ORIENTED_EDGE('',*,*,#6196,.F.);
#3416=ORIENTED_EDGE('',*,*,#6126,.T.);
#3417=ORIENTED_EDGE('',*,*,#6197,.T.);
#3418=ORIENTED_EDGE('',*,*,#6178,.T.);
#3419=ORIENTED_EDGE('',*,*,#6197,.F.);
#3420=ORIENTED_EDGE('',*,*,#6115,.T.);
#3421=ORIENTED_EDGE('',*,*,#6198,.T.);
#3422=ORIENTED_EDGE('',*,*,#6179,.T.);
#3423=ORIENTED_EDGE('',*,*,#6198,.F.);
#3424=ORIENTED_EDGE('',*,*,#6108,.T.);
#3425=ORIENTED_EDGE('',*,*,#6199,.T.);
#3426=ORIENTED_EDGE('',*,*,#6180,.T.);
#3427=ORIENTED_EDGE('',*,*,#6199,.F.);
#3428=ORIENTED_EDGE('',*,*,#6112,.T.);
#3429=ORIENTED_EDGE('',*,*,#6200,.T.);
#3430=ORIENTED_EDGE('',*,*,#6176,.T.);
#3431=ORIENTED_EDGE('',*,*,#6200,.F.);
#3432=ORIENTED_EDGE('',*,*,#6103,.T.);
#3433=ORIENTED_EDGE('',*,*,#6201,.T.);
#3434=ORIENTED_EDGE('',*,*,#6177,.T.);
#3435=ORIENTED_EDGE('',*,*,#6201,.F.);
#3436=ORIENTED_EDGE('',*,*,#6107,.T.);
#3437=ORIENTED_EDGE('',*,*,#6202,.T.);
#3438=ORIENTED_EDGE('',*,*,#6182,.T.);
#3439=ORIENTED_EDGE('',*,*,#6202,.F.);
#3440=ORIENTED_EDGE('',*,*,#6097,.T.);
#3441=ORIENTED_EDGE('',*,*,#6203,.T.);
#3442=ORIENTED_EDGE('',*,*,#6183,.T.);
#3443=ORIENTED_EDGE('',*,*,#6203,.F.);
#3444=ORIENTED_EDGE('',*,*,#6102,.T.);
#3445=ORIENTED_EDGE('',*,*,#6204,.T.);
#3446=ORIENTED_EDGE('',*,*,#6132,.T.);
#3447=ORIENTED_EDGE('',*,*,#6204,.F.);
#3448=ORIENTED_EDGE('',*,*,#6158,.T.);
#3449=ORIENTED_EDGE('',*,*,#6205,.T.);
#3450=ORIENTED_EDGE('',*,*,#6133,.T.);
#3451=ORIENTED_EDGE('',*,*,#6205,.F.);
#3452=ORIENTED_EDGE('',*,*,#6156,.T.);
#3453=ORIENTED_EDGE('',*,*,#6206,.T.);
#3454=ORIENTED_EDGE('',*,*,#6134,.T.);
#3455=ORIENTED_EDGE('',*,*,#6206,.F.);
#3456=ORIENTED_EDGE('',*,*,#6153,.T.);
#3457=ORIENTED_EDGE('',*,*,#6207,.T.);
#3458=ORIENTED_EDGE('',*,*,#6135,.T.);
#3459=ORIENTED_EDGE('',*,*,#6208,.T.);
#3460=ORIENTED_EDGE('',*,*,#6136,.T.);
#3461=ORIENTED_EDGE('',*,*,#6207,.F.);
#3462=ORIENTED_EDGE('',*,*,#6150,.T.);
#3463=ORIENTED_EDGE('',*,*,#6209,.T.);
#3464=ORIENTED_EDGE('',*,*,#6144,.T.);
#3465=ORIENTED_EDGE('',*,*,#6210,.T.);
#3466=ORIENTED_EDGE('',*,*,#6161,.T.);
#3467=ORIENTED_EDGE('',*,*,#6210,.F.);
#3468=ORIENTED_EDGE('',*,*,#6143,.T.);
#3469=ORIENTED_EDGE('',*,*,#6211,.T.);
#3470=ORIENTED_EDGE('',*,*,#6188,.T.);
#3471=ORIENTED_EDGE('',*,*,#6211,.F.);
#3472=ORIENTED_EDGE('',*,*,#6142,.T.);
#3473=ORIENTED_EDGE('',*,*,#6212,.T.);
#3474=ORIENTED_EDGE('',*,*,#6122,.T.);
#3475=ORIENTED_EDGE('',*,*,#6212,.F.);
#3476=ORIENTED_EDGE('',*,*,#6185,.T.);
#3477=ORIENTED_EDGE('',*,*,#6213,.T.);
#3478=ORIENTED_EDGE('',*,*,#6123,.T.);
#3479=ORIENTED_EDGE('',*,*,#6213,.F.);
#3480=ORIENTED_EDGE('',*,*,#6167,.T.);
#3481=ORIENTED_EDGE('',*,*,#6214,.T.);
#3482=ORIENTED_EDGE('',*,*,#6124,.T.);
#3483=ORIENTED_EDGE('',*,*,#6214,.F.);
#3484=ORIENTED_EDGE('',*,*,#6171,.T.);
#3485=ORIENTED_EDGE('',*,*,#6215,.T.);
#3486=ORIENTED_EDGE('',*,*,#6125,.T.);
#3487=ORIENTED_EDGE('',*,*,#6215,.F.);
#3488=ORIENTED_EDGE('',*,*,#6170,.T.);
#3489=ORIENTED_EDGE('',*,*,#6216,.T.);
#3490=ORIENTED_EDGE('',*,*,#6114,.T.);
#3491=ORIENTED_EDGE('',*,*,#6216,.F.);
#3492=ORIENTED_EDGE('',*,*,#6172,.T.);
#3493=ORIENTED_EDGE('',*,*,#6217,.T.);
#3494=ORIENTED_EDGE('',*,*,#6110,.T.);
#3495=ORIENTED_EDGE('',*,*,#6217,.F.);
#3496=ORIENTED_EDGE('',*,*,#6165,.T.);
#3497=ORIENTED_EDGE('',*,*,#6218,.T.);
#3498=ORIENTED_EDGE('',*,*,#6111,.T.);
#3499=ORIENTED_EDGE('',*,*,#6218,.F.);
#3500=ORIENTED_EDGE('',*,*,#6169,.T.);
#3501=ORIENTED_EDGE('',*,*,#6219,.T.);
#3502=ORIENTED_EDGE('',*,*,#6105,.T.);
#3503=ORIENTED_EDGE('',*,*,#6219,.F.);
#3504=ORIENTED_EDGE('',*,*,#6184,.T.);
#3505=ORIENTED_EDGE('',*,*,#6220,.T.);
#3506=ORIENTED_EDGE('',*,*,#6106,.T.);
#3507=ORIENTED_EDGE('',*,*,#6220,.F.);
#3508=ORIENTED_EDGE('',*,*,#6186,.T.);
#3509=ORIENTED_EDGE('',*,*,#6221,.T.);
#3510=ORIENTED_EDGE('',*,*,#6099,.T.);
#3511=ORIENTED_EDGE('',*,*,#6221,.F.);
#3512=ORIENTED_EDGE('',*,*,#6140,.T.);
#3513=ORIENTED_EDGE('',*,*,#6222,.T.);
#3514=ORIENTED_EDGE('',*,*,#6100,.T.);
#3515=ORIENTED_EDGE('',*,*,#6222,.F.);
#3516=ORIENTED_EDGE('',*,*,#6139,.T.);
#3517=ORIENTED_EDGE('',*,*,#6223,.T.);
#3518=ORIENTED_EDGE('',*,*,#6157,.T.);
#3519=ORIENTED_EDGE('',*,*,#6223,.F.);
#3520=ORIENTED_EDGE('',*,*,#6138,.T.);
#3521=ORIENTED_EDGE('',*,*,#6224,.T.);
#3522=ORIENTED_EDGE('',*,*,#6155,.T.);
#3523=ORIENTED_EDGE('',*,*,#6224,.F.);
#3524=ORIENTED_EDGE('',*,*,#6137,.T.);
#3525=ORIENTED_EDGE('',*,*,#6225,.T.);
#3526=ORIENTED_EDGE('',*,*,#6152,.T.);
#3527=ORIENTED_EDGE('',*,*,#6226,.T.);
#3528=ORIENTED_EDGE('',*,*,#6148,.T.);
#3529=ORIENTED_EDGE('',*,*,#6225,.F.);
#3530=ORIENTED_EDGE('',*,*,#6146,.T.);
#3531=ORIENTED_EDGE('',*,*,#6227,.F.);
#3532=ORIENTED_EDGE('',*,*,#6228,.F.);
#3533=ORIENTED_EDGE('',*,*,#6229,.F.);
#3534=ORIENTED_EDGE('',*,*,#6230,.F.);
#3535=ORIENTED_EDGE('',*,*,#6231,.F.);
#3536=ORIENTED_EDGE('',*,*,#6191,.F.);
#3537=ORIENTED_EDGE('',*,*,#6127,.T.);
#3538=ORIENTED_EDGE('',*,*,#6208,.F.);
#3539=ORIENTED_EDGE('',*,*,#6149,.T.);
#3540=ORIENTED_EDGE('',*,*,#6226,.F.);
#3541=ORIENTED_EDGE('',*,*,#6145,.F.);
#3542=ORIENTED_EDGE('',*,*,#6209,.F.);
#3543=ORIENTED_EDGE('',*,*,#6160,.T.);
#3544=ORIENTED_EDGE('',*,*,#6094,.F.);
#3545=ORIENTED_EDGE('',*,*,#6162,.T.);
#3546=ORIENTED_EDGE('',*,*,#6232,.T.);
#3547=ORIENTED_EDGE('',*,*,#6233,.F.);
#3548=ORIENTED_EDGE('',*,*,#6234,.T.);
#3549=ORIENTED_EDGE('',*,*,#6235,.T.);
#3550=ORIENTED_EDGE('',*,*,#6236,.T.);
#3551=ORIENTED_EDGE('',*,*,#6237,.F.);
#3552=ORIENTED_EDGE('',*,*,#6238,.F.);
#3553=ORIENTED_EDGE('',*,*,#6239,.F.);
#3554=ORIENTED_EDGE('',*,*,#6240,.F.);
#3555=ORIENTED_EDGE('',*,*,#6241,.F.);
#3556=ORIENTED_EDGE('',*,*,#6242,.F.);
#3557=ORIENTED_EDGE('',*,*,#6243,.F.);
#3558=ORIENTED_EDGE('',*,*,#6244,.F.);
#3559=ORIENTED_EDGE('',*,*,#6245,.F.);
#3560=ORIENTED_EDGE('',*,*,#6246,.F.);
#3561=ORIENTED_EDGE('',*,*,#6247,.T.);
#3562=ORIENTED_EDGE('',*,*,#6248,.T.);
#3563=ORIENTED_EDGE('',*,*,#6249,.F.);
#3564=ORIENTED_EDGE('',*,*,#6250,.F.);
#3565=ORIENTED_EDGE('',*,*,#6251,.F.);
#3566=ORIENTED_EDGE('',*,*,#6252,.F.);
#3567=ORIENTED_EDGE('',*,*,#6253,.F.);
#3568=ORIENTED_EDGE('',*,*,#6254,.T.);
#3569=ORIENTED_EDGE('',*,*,#6255,.F.);
#3570=ORIENTED_EDGE('',*,*,#6256,.T.);
#3571=ORIENTED_EDGE('',*,*,#6257,.T.);
#3572=ORIENTED_EDGE('',*,*,#6258,.F.);
#3573=ORIENTED_EDGE('',*,*,#6259,.T.);
#3574=ORIENTED_EDGE('',*,*,#6260,.T.);
#3575=ORIENTED_EDGE('',*,*,#6261,.F.);
#3576=ORIENTED_EDGE('',*,*,#6262,.F.);
#3577=ORIENTED_EDGE('',*,*,#6020,.F.);
#3578=ORIENTED_EDGE('',*,*,#6029,.F.);
#3579=ORIENTED_EDGE('',*,*,#6263,.F.);
#3580=ORIENTED_EDGE('',*,*,#6264,.T.);
#3581=ORIENTED_EDGE('',*,*,#6265,.F.);
#3582=ORIENTED_EDGE('',*,*,#6266,.F.);
#3583=ORIENTED_EDGE('',*,*,#6267,.F.);
#3584=ORIENTED_EDGE('',*,*,#6268,.F.);
#3585=ORIENTED_EDGE('',*,*,#6022,.F.);
#3586=ORIENTED_EDGE('',*,*,#5998,.F.);
#3587=ORIENTED_EDGE('',*,*,#6052,.F.);
#3588=ORIENTED_EDGE('',*,*,#6091,.F.);
#3589=ORIENTED_EDGE('',*,*,#6269,.F.);
#3590=ORIENTED_EDGE('',*,*,#6270,.F.);
#3591=ORIENTED_EDGE('',*,*,#6271,.F.);
#3592=ORIENTED_EDGE('',*,*,#6272,.T.);
#3593=ORIENTED_EDGE('',*,*,#6273,.F.);
#3594=ORIENTED_EDGE('',*,*,#6274,.F.);
#3595=ORIENTED_EDGE('',*,*,#6055,.F.);
#3596=ORIENTED_EDGE('',*,*,#6038,.F.);
#3597=ORIENTED_EDGE('',*,*,#5789,.T.);
#3598=ORIENTED_EDGE('',*,*,#6275,.F.);
#3599=ORIENTED_EDGE('',*,*,#6071,.T.);
#3600=ORIENTED_EDGE('',*,*,#6276,.F.);
#3601=ORIENTED_EDGE('',*,*,#6077,.T.);
#3602=ORIENTED_EDGE('',*,*,#6277,.F.);
#3603=ORIENTED_EDGE('',*,*,#5783,.T.);
#3604=ORIENTED_EDGE('',*,*,#6278,.F.);
#3605=ORIENTED_EDGE('',*,*,#6265,.T.);
#3606=ORIENTED_EDGE('',*,*,#6279,.F.);
#3607=ORIENTED_EDGE('',*,*,#6280,.F.);
#3608=ORIENTED_EDGE('',*,*,#6281,.F.);
#3609=ORIENTED_EDGE('',*,*,#6282,.F.);
#3610=ORIENTED_EDGE('',*,*,#6271,.T.);
#3611=ORIENTED_EDGE('',*,*,#6283,.F.);
#3612=ORIENTED_EDGE('',*,*,#6248,.F.);
#3613=ORIENTED_EDGE('',*,*,#6284,.T.);
#3614=ORIENTED_EDGE('',*,*,#6261,.T.);
#3615=ORIENTED_EDGE('',*,*,#6285,.T.);
#3616=ORIENTED_EDGE('',*,*,#6279,.T.);
#3617=ORIENTED_EDGE('',*,*,#6264,.F.);
#3618=ORIENTED_EDGE('',*,*,#6286,.F.);
#3619=ORIENTED_EDGE('',*,*,#6272,.F.);
#3620=ORIENTED_EDGE('',*,*,#6282,.T.);
#3621=ORIENTED_EDGE('',*,*,#6287,.T.);
#3622=ORIENTED_EDGE('',*,*,#6262,.T.);
#3623=ORIENTED_EDGE('',*,*,#6284,.F.);
#3624=ORIENTED_EDGE('',*,*,#6247,.F.);
#3625=ORIENTED_EDGE('',*,*,#6288,.F.);
#3626=ORIENTED_EDGE('',*,*,#6289,.F.);
#3627=ORIENTED_EDGE('',*,*,#6075,.T.);
#3628=ORIENTED_EDGE('',*,*,#6290,.T.);
#3629=ORIENTED_EDGE('',*,*,#6291,.T.);
#3630=ORIENTED_EDGE('',*,*,#6292,.F.);
#3631=ORIENTED_EDGE('',*,*,#6076,.T.);
#3632=ORIENTED_EDGE('',*,*,#6289,.T.);
#3633=ORIENTED_EDGE('',*,*,#6293,.T.);
#3634=ORIENTED_EDGE('',*,*,#6294,.F.);
#3635=ORIENTED_EDGE('',*,*,#6277,.T.);
#3636=ORIENTED_EDGE('',*,*,#6292,.T.);
#3637=ORIENTED_EDGE('',*,*,#6295,.T.);
#3638=ORIENTED_EDGE('',*,*,#6294,.T.);
#3639=ORIENTED_EDGE('',*,*,#6296,.T.);
#3640=ORIENTED_EDGE('',*,*,#6297,.T.);
#3641=ORIENTED_EDGE('',*,*,#5784,.T.);
#3642=ORIENTED_EDGE('',*,*,#6297,.F.);
#3643=ORIENTED_EDGE('',*,*,#6298,.T.);
#3644=ORIENTED_EDGE('',*,*,#6299,.T.);
#3645=ORIENTED_EDGE('',*,*,#5785,.T.);
#3646=ORIENTED_EDGE('',*,*,#6300,.T.);
#3647=ORIENTED_EDGE('',*,*,#6301,.T.);
#3648=ORIENTED_EDGE('',*,*,#6302,.T.);
#3649=ORIENTED_EDGE('',*,*,#6303,.F.);
#3650=ORIENTED_EDGE('',*,*,#6304,.F.);
#3651=ORIENTED_EDGE('',*,*,#6305,.F.);
#3652=ORIENTED_EDGE('',*,*,#6306,.T.);
#3653=ORIENTED_EDGE('',*,*,#6307,.F.);
#3654=ORIENTED_EDGE('',*,*,#6306,.F.);
#3655=ORIENTED_EDGE('',*,*,#6308,.F.);
#3656=ORIENTED_EDGE('',*,*,#6309,.T.);
#3657=ORIENTED_EDGE('',*,*,#6310,.F.);
#3658=ORIENTED_EDGE('',*,*,#6311,.F.);
#3659=ORIENTED_EDGE('',*,*,#6245,.T.);
#3660=ORIENTED_EDGE('',*,*,#6312,.T.);
#3661=ORIENTED_EDGE('',*,*,#6313,.T.);
#3662=ORIENTED_EDGE('',*,*,#6314,.F.);
#3663=ORIENTED_EDGE('',*,*,#6246,.T.);
#3664=ORIENTED_EDGE('',*,*,#6311,.T.);
#3665=ORIENTED_EDGE('',*,*,#6315,.T.);
#3666=ORIENTED_EDGE('',*,*,#6316,.T.);
#3667=ORIENTED_EDGE('',*,*,#6237,.T.);
#3668=ORIENTED_EDGE('',*,*,#6314,.T.);
#3669=ORIENTED_EDGE('',*,*,#6317,.T.);
#3670=ORIENTED_EDGE('',*,*,#6316,.F.);
#3671=ORIENTED_EDGE('',*,*,#6318,.T.);
#3672=ORIENTED_EDGE('',*,*,#6319,.T.);
#3673=ORIENTED_EDGE('',*,*,#6238,.T.);
#3674=ORIENTED_EDGE('',*,*,#6320,.F.);
#3675=ORIENTED_EDGE('',*,*,#6321,.F.);
#3676=ORIENTED_EDGE('',*,*,#6322,.F.);
#3677=ORIENTED_EDGE('',*,*,#6323,.F.);
#3678=ORIENTED_EDGE('',*,*,#6324,.F.);
#3679=ORIENTED_EDGE('',*,*,#6325,.T.);
#3680=ORIENTED_EDGE('',*,*,#6326,.T.);
#3681=ORIENTED_EDGE('',*,*,#6240,.T.);
#3682=ORIENTED_EDGE('',*,*,#6319,.F.);
#3683=ORIENTED_EDGE('',*,*,#6323,.T.);
#3684=ORIENTED_EDGE('',*,*,#6324,.T.);
#3685=ORIENTED_EDGE('',*,*,#6239,.T.);
#3686=ORIENTED_EDGE('',*,*,#6327,.T.);
#3687=ORIENTED_EDGE('',*,*,#6328,.T.);
#3688=ORIENTED_EDGE('',*,*,#6320,.T.);
#3689=ORIENTED_EDGE('',*,*,#6318,.F.);
#3690=ORIENTED_EDGE('',*,*,#6329,.F.);
#3691=ORIENTED_EDGE('',*,*,#6330,.T.);
#3692=ORIENTED_EDGE('',*,*,#6328,.F.);
#3693=ORIENTED_EDGE('',*,*,#6331,.T.);
#3694=ORIENTED_EDGE('',*,*,#6329,.T.);
#3695=ORIENTED_EDGE('',*,*,#6332,.T.);
#3696=ORIENTED_EDGE('',*,*,#6298,.F.);
#3697=ORIENTED_EDGE('',*,*,#6299,.F.);
#3698=ORIENTED_EDGE('',*,*,#6333,.T.);
#3699=ORIENTED_EDGE('',*,*,#6334,.T.);
#3700=ORIENTED_EDGE('',*,*,#5786,.T.);
#3701=ORIENTED_EDGE('',*,*,#6334,.F.);
#3702=ORIENTED_EDGE('',*,*,#6335,.T.);
#3703=ORIENTED_EDGE('',*,*,#6336,.T.);
#3704=ORIENTED_EDGE('',*,*,#5787,.T.);
#3705=ORIENTED_EDGE('',*,*,#6336,.F.);
#3706=ORIENTED_EDGE('',*,*,#6337,.T.);
#3707=ORIENTED_EDGE('',*,*,#6338,.T.);
#3708=ORIENTED_EDGE('',*,*,#5788,.T.);
#3709=ORIENTED_EDGE('',*,*,#6338,.F.);
#3710=ORIENTED_EDGE('',*,*,#6339,.T.);
#3711=ORIENTED_EDGE('',*,*,#6340,.T.);
#3712=ORIENTED_EDGE('',*,*,#6275,.T.);
#3713=ORIENTED_EDGE('',*,*,#6340,.F.);
#3714=ORIENTED_EDGE('',*,*,#6341,.T.);
#3715=ORIENTED_EDGE('',*,*,#6342,.F.);
#3716=ORIENTED_EDGE('',*,*,#6072,.T.);
#3717=ORIENTED_EDGE('',*,*,#6343,.F.);
#3718=ORIENTED_EDGE('',*,*,#6073,.T.);
#3719=ORIENTED_EDGE('',*,*,#6342,.T.);
#3720=ORIENTED_EDGE('',*,*,#6344,.T.);
#3721=ORIENTED_EDGE('',*,*,#6290,.F.);
#3722=ORIENTED_EDGE('',*,*,#6074,.T.);
#3723=ORIENTED_EDGE('',*,*,#6343,.T.);
#3724=ORIENTED_EDGE('',*,*,#6345,.T.);
#3725=ORIENTED_EDGE('',*,*,#6346,.T.);
#3726=ORIENTED_EDGE('',*,*,#6347,.T.);
#3727=ORIENTED_EDGE('',*,*,#6348,.T.);
#3728=ORIENTED_EDGE('',*,*,#6291,.F.);
#3729=ORIENTED_EDGE('',*,*,#6349,.F.);
#3730=ORIENTED_EDGE('',*,*,#6350,.T.);
#3731=ORIENTED_EDGE('',*,*,#6347,.F.);
#3732=ORIENTED_EDGE('',*,*,#6348,.F.);
#3733=ORIENTED_EDGE('',*,*,#6351,.F.);
#3734=ORIENTED_EDGE('',*,*,#6331,.F.);
#3735=ORIENTED_EDGE('',*,*,#6296,.F.);
#3736=ORIENTED_EDGE('',*,*,#6295,.F.);
#3737=ORIENTED_EDGE('',*,*,#6293,.F.);
#3738=ORIENTED_EDGE('',*,*,#6330,.F.);
#3739=ORIENTED_EDGE('',*,*,#6351,.T.);
#3740=ORIENTED_EDGE('',*,*,#6350,.F.);
#3741=ORIENTED_EDGE('',*,*,#6321,.T.);
#3742=ORIENTED_EDGE('',*,*,#6322,.T.);
#3743=ORIENTED_EDGE('',*,*,#6349,.T.);
#3744=ORIENTED_EDGE('',*,*,#6352,.T.);
#3745=ORIENTED_EDGE('',*,*,#6325,.F.);
#3746=ORIENTED_EDGE('',*,*,#6326,.F.);
#3747=ORIENTED_EDGE('',*,*,#6353,.T.);
#3748=ORIENTED_EDGE('',*,*,#6354,.T.);
#3749=ORIENTED_EDGE('',*,*,#6241,.T.);
#3750=ORIENTED_EDGE('',*,*,#6355,.F.);
#3751=ORIENTED_EDGE('',*,*,#6242,.T.);
#3752=ORIENTED_EDGE('',*,*,#6354,.F.);
#3753=ORIENTED_EDGE('',*,*,#6356,.T.);
#3754=ORIENTED_EDGE('',*,*,#6357,.F.);
#3755=ORIENTED_EDGE('',*,*,#6243,.T.);
#3756=ORIENTED_EDGE('',*,*,#6355,.T.);
#3757=ORIENTED_EDGE('',*,*,#6307,.T.);
#3758=ORIENTED_EDGE('',*,*,#6312,.F.);
#3759=ORIENTED_EDGE('',*,*,#6244,.T.);
#3760=ORIENTED_EDGE('',*,*,#6357,.T.);
#3761=ORIENTED_EDGE('',*,*,#6310,.T.);
#3762=ORIENTED_EDGE('',*,*,#6309,.F.);
#3763=ORIENTED_EDGE('',*,*,#6358,.F.);
#3764=ORIENTED_EDGE('',*,*,#6359,.F.);
#3765=ORIENTED_EDGE('',*,*,#6360,.F.);
#3766=ORIENTED_EDGE('',*,*,#6313,.F.);
#3767=ORIENTED_EDGE('',*,*,#6361,.F.);
#3768=ORIENTED_EDGE('',*,*,#6362,.T.);
#3769=ORIENTED_EDGE('',*,*,#6363,.T.);
#3770=ORIENTED_EDGE('',*,*,#6359,.T.);
#3771=ORIENTED_EDGE('',*,*,#6363,.F.);
#3772=ORIENTED_EDGE('',*,*,#6364,.T.);
#3773=ORIENTED_EDGE('',*,*,#6365,.T.);
#3774=ORIENTED_EDGE('',*,*,#6360,.T.);
#3775=ORIENTED_EDGE('',*,*,#6365,.F.);
#3776=ORIENTED_EDGE('',*,*,#6366,.T.);
#3777=ORIENTED_EDGE('',*,*,#6315,.F.);
#3778=ORIENTED_EDGE('',*,*,#6366,.F.);
#3779=ORIENTED_EDGE('',*,*,#6367,.F.);
#3780=ORIENTED_EDGE('',*,*,#6333,.F.);
#3781=ORIENTED_EDGE('',*,*,#6332,.F.);
#3782=ORIENTED_EDGE('',*,*,#6327,.F.);
#3783=ORIENTED_EDGE('',*,*,#6317,.F.);
#3784=ORIENTED_EDGE('',*,*,#6362,.F.);
#3785=ORIENTED_EDGE('',*,*,#6368,.T.);
#3786=ORIENTED_EDGE('',*,*,#6335,.F.);
#3787=ORIENTED_EDGE('',*,*,#6367,.T.);
#3788=ORIENTED_EDGE('',*,*,#6364,.F.);
#3789=ORIENTED_EDGE('',*,*,#6369,.F.);
#3790=ORIENTED_EDGE('',*,*,#6370,.T.);
#3791=ORIENTED_EDGE('',*,*,#6361,.T.);
#3792=ORIENTED_EDGE('',*,*,#6358,.T.);
#3793=ORIENTED_EDGE('',*,*,#6371,.F.);
#3794=ORIENTED_EDGE('',*,*,#6372,.T.);
#3795=ORIENTED_EDGE('',*,*,#6369,.T.);
#3796=ORIENTED_EDGE('',*,*,#6308,.T.);
#3797=ORIENTED_EDGE('',*,*,#6373,.F.);
#3798=ORIENTED_EDGE('',*,*,#6374,.T.);
#3799=ORIENTED_EDGE('',*,*,#6371,.T.);
#3800=ORIENTED_EDGE('',*,*,#6305,.T.);
#3801=ORIENTED_EDGE('',*,*,#6301,.F.);
#3802=ORIENTED_EDGE('',*,*,#6375,.T.);
#3803=ORIENTED_EDGE('',*,*,#6373,.T.);
#3804=ORIENTED_EDGE('',*,*,#6304,.T.);
#3805=ORIENTED_EDGE('',*,*,#6376,.T.);
#3806=ORIENTED_EDGE('',*,*,#6302,.F.);
#3807=ORIENTED_EDGE('',*,*,#6303,.T.);
#3808=ORIENTED_EDGE('',*,*,#6356,.F.);
#3809=ORIENTED_EDGE('',*,*,#6352,.F.);
#3810=ORIENTED_EDGE('',*,*,#6346,.F.);
#3811=ORIENTED_EDGE('',*,*,#6345,.F.);
#3812=ORIENTED_EDGE('',*,*,#6377,.F.);
#3813=ORIENTED_EDGE('',*,*,#6376,.F.);
#3814=ORIENTED_EDGE('',*,*,#6353,.F.);
#3815=ORIENTED_EDGE('',*,*,#6377,.T.);
#3816=ORIENTED_EDGE('',*,*,#6344,.F.);
#3817=ORIENTED_EDGE('',*,*,#6378,.T.);
#3818=ORIENTED_EDGE('',*,*,#6375,.F.);
#3819=ORIENTED_EDGE('',*,*,#6300,.F.);
#3820=ORIENTED_EDGE('',*,*,#6372,.F.);
#3821=ORIENTED_EDGE('',*,*,#6374,.F.);
#3822=ORIENTED_EDGE('',*,*,#6378,.F.);
#3823=ORIENTED_EDGE('',*,*,#6341,.F.);
#3824=ORIENTED_EDGE('',*,*,#6339,.F.);
#3825=ORIENTED_EDGE('',*,*,#6337,.F.);
#3826=ORIENTED_EDGE('',*,*,#6368,.F.);
#3827=ORIENTED_EDGE('',*,*,#6370,.F.);
#3828=ORIENTED_EDGE('',*,*,#5790,.T.);
#3829=ORIENTED_EDGE('',*,*,#6379,.T.);
#3830=ORIENTED_EDGE('',*,*,#6250,.T.);
#3831=ORIENTED_EDGE('',*,*,#6380,.F.);
#3832=ORIENTED_EDGE('',*,*,#6379,.F.);
#3833=ORIENTED_EDGE('',*,*,#6276,.T.);
#3834=ORIENTED_EDGE('',*,*,#6381,.T.);
#3835=ORIENTED_EDGE('',*,*,#6251,.T.);
#3836=ORIENTED_EDGE('',*,*,#6252,.T.);
#3837=ORIENTED_EDGE('',*,*,#6381,.F.);
#3838=ORIENTED_EDGE('',*,*,#6070,.T.);
#3839=ORIENTED_EDGE('',*,*,#6382,.F.);
#3840=ORIENTED_EDGE('',*,*,#6287,.F.);
#3841=ORIENTED_EDGE('',*,*,#6383,.F.);
#3842=ORIENTED_EDGE('',*,*,#6384,.T.);
#3843=ORIENTED_EDGE('',*,*,#6385,.T.);
#3844=ORIENTED_EDGE('',*,*,#6285,.F.);
#3845=ORIENTED_EDGE('',*,*,#6386,.T.);
#3846=ORIENTED_EDGE('',*,*,#6387,.F.);
#3847=ORIENTED_EDGE('',*,*,#6388,.T.);
#3848=ORIENTED_EDGE('',*,*,#6389,.F.);
#3849=ORIENTED_EDGE('',*,*,#6257,.F.);
#3850=ORIENTED_EDGE('',*,*,#6390,.T.);
#3851=ORIENTED_EDGE('',*,*,#6391,.F.);
#3852=ORIENTED_EDGE('',*,*,#6392,.F.);
#3853=ORIENTED_EDGE('',*,*,#6280,.T.);
#3854=ORIENTED_EDGE('',*,*,#6389,.T.);
#3855=ORIENTED_EDGE('',*,*,#6393,.F.);
#3856=ORIENTED_EDGE('',*,*,#6394,.F.);
#3857=ORIENTED_EDGE('',*,*,#6234,.F.);
#3858=ORIENTED_EDGE('',*,*,#6395,.F.);
#3859=ORIENTED_EDGE('',*,*,#6383,.T.);
#3860=ORIENTED_EDGE('',*,*,#6281,.T.);
#3861=ORIENTED_EDGE('',*,*,#6392,.T.);
#3862=ORIENTED_EDGE('',*,*,#6396,.F.);
#3863=ORIENTED_EDGE('',*,*,#6391,.T.);
#3864=ORIENTED_EDGE('',*,*,#6397,.F.);
#3865=ORIENTED_EDGE('',*,*,#6398,.F.);
#3866=ORIENTED_EDGE('',*,*,#6396,.T.);
#3867=ORIENTED_EDGE('',*,*,#6256,.F.);
#3868=ORIENTED_EDGE('',*,*,#6399,.T.);
#3869=ORIENTED_EDGE('',*,*,#6400,.T.);
#3870=ORIENTED_EDGE('',*,*,#6401,.T.);
#3871=ORIENTED_EDGE('',*,*,#6402,.F.);
#3872=ORIENTED_EDGE('',*,*,#6397,.T.);
#3873=ORIENTED_EDGE('',*,*,#6390,.F.);
#3874=ORIENTED_EDGE('',*,*,#6403,.F.);
#3875=ORIENTED_EDGE('',*,*,#6235,.F.);
#3876=ORIENTED_EDGE('',*,*,#6394,.T.);
#3877=ORIENTED_EDGE('',*,*,#6398,.T.);
#3878=ORIENTED_EDGE('',*,*,#6402,.T.);
#3879=ORIENTED_EDGE('',*,*,#6404,.F.);
#3880=ORIENTED_EDGE('',*,*,#6405,.F.);
#3881=ORIENTED_EDGE('',*,*,#6388,.F.);
#3882=ORIENTED_EDGE('',*,*,#6406,.T.);
#3883=ORIENTED_EDGE('',*,*,#6258,.T.);
#3884=ORIENTED_EDGE('',*,*,#6393,.T.);
#3885=ORIENTED_EDGE('',*,*,#6407,.F.);
#3886=ORIENTED_EDGE('',*,*,#6384,.F.);
#3887=ORIENTED_EDGE('',*,*,#6395,.T.);
#3888=ORIENTED_EDGE('',*,*,#6233,.T.);
#3889=ORIENTED_EDGE('',*,*,#6260,.F.);
#3890=ORIENTED_EDGE('',*,*,#6408,.T.);
#3891=ORIENTED_EDGE('',*,*,#6409,.T.);
#3892=ORIENTED_EDGE('',*,*,#6410,.T.);
#3893=ORIENTED_EDGE('',*,*,#6386,.F.);
#3894=ORIENTED_EDGE('',*,*,#6406,.F.);
#3895=ORIENTED_EDGE('',*,*,#6387,.T.);
#3896=ORIENTED_EDGE('',*,*,#6410,.F.);
#3897=ORIENTED_EDGE('',*,*,#6411,.F.);
#3898=ORIENTED_EDGE('',*,*,#6412,.F.);
#3899=ORIENTED_EDGE('',*,*,#6254,.F.);
#3900=ORIENTED_EDGE('',*,*,#6413,.T.);
#3901=ORIENTED_EDGE('',*,*,#6411,.T.);
#3902=ORIENTED_EDGE('',*,*,#6414,.F.);
#3903=ORIENTED_EDGE('',*,*,#6415,.F.);
#3904=ORIENTED_EDGE('',*,*,#6400,.F.);
#3905=ORIENTED_EDGE('',*,*,#6416,.F.);
#3906=ORIENTED_EDGE('',*,*,#6413,.F.);
#3907=ORIENTED_EDGE('',*,*,#6417,.F.);
#3908=ORIENTED_EDGE('',*,*,#6405,.T.);
#3909=ORIENTED_EDGE('',*,*,#6418,.F.);
#3910=ORIENTED_EDGE('',*,*,#6419,.F.);
#3911=ORIENTED_EDGE('',*,*,#6420,.T.);
#3912=ORIENTED_EDGE('',*,*,#6419,.T.);
#3913=ORIENTED_EDGE('',*,*,#6421,.F.);
#3914=ORIENTED_EDGE('',*,*,#6418,.T.);
#3915=ORIENTED_EDGE('',*,*,#6404,.T.);
#3916=ORIENTED_EDGE('',*,*,#6401,.F.);
#3917=ORIENTED_EDGE('',*,*,#6415,.T.);
#3918=ORIENTED_EDGE('',*,*,#6422,.T.);
#3919=ORIENTED_EDGE('',*,*,#6414,.T.);
#3920=ORIENTED_EDGE('',*,*,#6409,.F.);
#3921=ORIENTED_EDGE('',*,*,#6421,.T.);
#3922=ORIENTED_EDGE('',*,*,#6422,.F.);
#3923=ORIENTED_EDGE('',*,*,#6385,.F.);
#3924=ORIENTED_EDGE('',*,*,#6407,.T.);
#3925=ORIENTED_EDGE('',*,*,#6232,.F.);
#3926=ORIENTED_EDGE('',*,*,#6423,.F.);
#3927=ORIENTED_EDGE('',*,*,#6420,.F.);
#3928=ORIENTED_EDGE('',*,*,#6408,.F.);
#3929=ORIENTED_EDGE('',*,*,#6259,.F.);
#3930=ORIENTED_EDGE('',*,*,#6399,.F.);
#3931=ORIENTED_EDGE('',*,*,#6255,.T.);
#3932=ORIENTED_EDGE('',*,*,#6412,.T.);
#3933=ORIENTED_EDGE('',*,*,#6416,.T.);
#3934=ORIENTED_EDGE('',*,*,#6236,.F.);
#3935=ORIENTED_EDGE('',*,*,#6403,.T.);
#3936=ORIENTED_EDGE('',*,*,#6417,.T.);
#3937=ORIENTED_EDGE('',*,*,#6423,.T.);
#3938=ORIENTED_EDGE('',*,*,#6069,.T.);
#3939=ORIENTED_EDGE('',*,*,#6056,.T.);
#3940=ORIENTED_EDGE('',*,*,#6274,.T.);
#3941=ORIENTED_EDGE('',*,*,#6424,.T.);
#3942=ORIENTED_EDGE('',*,*,#6424,.F.);
#3943=ORIENTED_EDGE('',*,*,#6425,.T.);
#3944=ORIENTED_EDGE('',*,*,#6382,.T.);
#3945=ORIENTED_EDGE('',*,*,#6288,.T.);
#3946=ORIENTED_EDGE('',*,*,#6253,.T.);
#3947=ORIENTED_EDGE('',*,*,#6425,.F.);
#3948=ORIENTED_EDGE('',*,*,#6273,.T.);
#3949=ORIENTED_EDGE('',*,*,#5781,.T.);
#3950=ORIENTED_EDGE('',*,*,#6023,.T.);
#3951=ORIENTED_EDGE('',*,*,#6268,.T.);
#3952=ORIENTED_EDGE('',*,*,#6426,.F.);
#3953=ORIENTED_EDGE('',*,*,#6380,.T.);
#3954=ORIENTED_EDGE('',*,*,#6427,.T.);
#3955=ORIENTED_EDGE('',*,*,#6030,.F.);
#3956=ORIENTED_EDGE('',*,*,#6427,.F.);
#3957=ORIENTED_EDGE('',*,*,#6249,.T.);
#3958=ORIENTED_EDGE('',*,*,#6286,.T.);
#3959=ORIENTED_EDGE('',*,*,#6263,.T.);
#3960=ORIENTED_EDGE('',*,*,#6266,.T.);
#3961=ORIENTED_EDGE('',*,*,#6283,.T.);
#3962=ORIENTED_EDGE('',*,*,#6270,.T.);
#3963=ORIENTED_EDGE('',*,*,#6428,.F.);
#3964=ORIENTED_EDGE('',*,*,#6429,.T.);
#3965=ORIENTED_EDGE('',*,*,#6430,.T.);
#3966=ORIENTED_EDGE('',*,*,#6426,.T.);
#3967=ORIENTED_EDGE('',*,*,#6430,.F.);
#3968=ORIENTED_EDGE('',*,*,#6228,.T.);
#3969=ORIENTED_EDGE('',*,*,#6431,.T.);
#3970=ORIENTED_EDGE('',*,*,#5782,.T.);
#3971=ORIENTED_EDGE('',*,*,#6429,.F.);
#3972=ORIENTED_EDGE('',*,*,#6267,.T.);
#3973=ORIENTED_EDGE('',*,*,#6432,.T.);
#3974=ORIENTED_EDGE('',*,*,#6229,.T.);
#3975=ORIENTED_EDGE('',*,*,#6431,.F.);
#3976=ORIENTED_EDGE('',*,*,#6227,.T.);
#3977=ORIENTED_EDGE('',*,*,#6433,.T.);
#3978=ORIENTED_EDGE('',*,*,#6278,.T.);
#3979=ORIENTED_EDGE('',*,*,#6428,.T.);
#3980=ORIENTED_EDGE('',*,*,#6434,.T.);
#3981=ORIENTED_EDGE('',*,*,#6432,.F.);
#3982=ORIENTED_EDGE('',*,*,#6433,.F.);
#3983=ORIENTED_EDGE('',*,*,#6231,.T.);
#3984=ORIENTED_EDGE('',*,*,#6435,.T.);
#3985=ORIENTED_EDGE('',*,*,#6078,.T.);
#3986=ORIENTED_EDGE('',*,*,#6434,.F.);
#3987=ORIENTED_EDGE('',*,*,#6269,.T.);
#3988=ORIENTED_EDGE('',*,*,#6436,.T.);
#3989=ORIENTED_EDGE('',*,*,#6230,.T.);
#3990=ORIENTED_EDGE('',*,*,#6435,.F.);
#3991=ORIENTED_EDGE('',*,*,#6436,.F.);
#3992=ORIENTED_EDGE('',*,*,#6092,.T.);
#3993=ORIENTED_EDGE('',*,*,#6437,.F.);
#3994=ORIENTED_EDGE('',*,*,#6043,.T.);
#3995=ORIENTED_EDGE('',*,*,#6090,.F.);
#3996=ORIENTED_EDGE('',*,*,#6438,.F.);
#3997=ORIENTED_EDGE('',*,*,#6439,.F.);
#3998=ORIENTED_EDGE('',*,*,#6440,.F.);
#3999=ORIENTED_EDGE('',*,*,#6441,.T.);
#4000=ORIENTED_EDGE('',*,*,#6442,.F.);
#4001=ORIENTED_EDGE('',*,*,#6443,.F.);
#4002=ORIENTED_EDGE('',*,*,#6444,.T.);
#4003=ORIENTED_EDGE('',*,*,#6445,.F.);
#4004=ORIENTED_EDGE('',*,*,#6446,.F.);
#4005=ORIENTED_EDGE('',*,*,#6447,.T.);
#4006=ORIENTED_EDGE('',*,*,#6448,.T.);
#4007=ORIENTED_EDGE('',*,*,#6449,.T.);
#4008=ORIENTED_EDGE('',*,*,#6450,.T.);
#4009=ORIENTED_EDGE('',*,*,#6451,.T.);
#4010=ORIENTED_EDGE('',*,*,#6452,.F.);
#4011=ORIENTED_EDGE('',*,*,#6453,.T.);
#4012=ORIENTED_EDGE('',*,*,#6454,.T.);
#4013=ORIENTED_EDGE('',*,*,#6452,.T.);
#4014=ORIENTED_EDGE('',*,*,#6455,.T.);
#4015=ORIENTED_EDGE('',*,*,#6456,.T.);
#4016=ORIENTED_EDGE('',*,*,#6457,.F.);
#4017=ORIENTED_EDGE('',*,*,#6458,.T.);
#4018=ORIENTED_EDGE('',*,*,#6459,.T.);
#4019=ORIENTED_EDGE('',*,*,#6457,.T.);
#4020=ORIENTED_EDGE('',*,*,#6460,.T.);
#4021=ORIENTED_EDGE('',*,*,#6461,.T.);
#4022=ORIENTED_EDGE('',*,*,#6462,.F.);
#4023=ORIENTED_EDGE('',*,*,#6463,.F.);
#4024=ORIENTED_EDGE('',*,*,#6464,.T.);
#4025=ORIENTED_EDGE('',*,*,#6462,.T.);
#4026=ORIENTED_EDGE('',*,*,#6465,.T.);
#4027=ORIENTED_EDGE('',*,*,#6466,.T.);
#4028=ORIENTED_EDGE('',*,*,#6467,.T.);
#4029=ORIENTED_EDGE('',*,*,#6463,.T.);
#4030=ORIENTED_EDGE('',*,*,#6468,.T.);
#4031=ORIENTED_EDGE('',*,*,#6469,.T.);
#4032=ORIENTED_EDGE('',*,*,#6470,.T.);
#4033=ORIENTED_EDGE('',*,*,#6471,.T.);
#4034=ORIENTED_EDGE('',*,*,#6472,.T.);
#4035=ORIENTED_EDGE('',*,*,#6473,.T.);
#4036=ORIENTED_EDGE('',*,*,#6474,.T.);
#4037=ORIENTED_EDGE('',*,*,#6475,.T.);
#4038=ORIENTED_EDGE('',*,*,#6476,.T.);
#4039=ORIENTED_EDGE('',*,*,#6477,.T.);
#4040=ORIENTED_EDGE('',*,*,#6478,.T.);
#4041=ORIENTED_EDGE('',*,*,#6479,.T.);
#4042=ORIENTED_EDGE('',*,*,#6480,.T.);
#4043=ORIENTED_EDGE('',*,*,#6481,.T.);
#4044=ORIENTED_EDGE('',*,*,#6482,.T.);
#4045=ORIENTED_EDGE('',*,*,#6483,.T.);
#4046=ORIENTED_EDGE('',*,*,#6484,.T.);
#4047=ORIENTED_EDGE('',*,*,#6485,.T.);
#4048=ORIENTED_EDGE('',*,*,#6486,.T.);
#4049=ORIENTED_EDGE('',*,*,#6487,.T.);
#4050=ORIENTED_EDGE('',*,*,#6488,.T.);
#4051=ORIENTED_EDGE('',*,*,#6489,.F.);
#4052=ORIENTED_EDGE('',*,*,#6490,.T.);
#4053=ORIENTED_EDGE('',*,*,#6491,.T.);
#4054=ORIENTED_EDGE('',*,*,#6492,.T.);
#4055=ORIENTED_EDGE('',*,*,#6493,.T.);
#4056=ORIENTED_EDGE('',*,*,#6494,.T.);
#4057=ORIENTED_EDGE('',*,*,#6495,.T.);
#4058=ORIENTED_EDGE('',*,*,#6496,.T.);
#4059=ORIENTED_EDGE('',*,*,#6497,.F.);
#4060=ORIENTED_EDGE('',*,*,#6498,.T.);
#4061=ORIENTED_EDGE('',*,*,#6499,.T.);
#4062=ORIENTED_EDGE('',*,*,#6500,.T.);
#4063=ORIENTED_EDGE('',*,*,#6501,.F.);
#4064=ORIENTED_EDGE('',*,*,#6502,.T.);
#4065=ORIENTED_EDGE('',*,*,#6497,.T.);
#4066=ORIENTED_EDGE('',*,*,#6503,.T.);
#4067=ORIENTED_EDGE('',*,*,#6504,.F.);
#4068=ORIENTED_EDGE('',*,*,#6505,.T.);
#4069=ORIENTED_EDGE('',*,*,#6501,.T.);
#4070=ORIENTED_EDGE('',*,*,#6506,.T.);
#4071=ORIENTED_EDGE('',*,*,#6449,.F.);
#4072=ORIENTED_EDGE('',*,*,#6507,.T.);
#4073=ORIENTED_EDGE('',*,*,#6504,.T.);
#4074=ORIENTED_EDGE('',*,*,#6508,.T.);
#4075=ORIENTED_EDGE('',*,*,#6509,.T.);
#4076=ORIENTED_EDGE('',*,*,#6510,.T.);
#4077=ORIENTED_EDGE('',*,*,#6511,.T.);
#4078=ORIENTED_EDGE('',*,*,#6445,.T.);
#4079=ORIENTED_EDGE('',*,*,#6512,.T.);
#4080=ORIENTED_EDGE('',*,*,#6513,.T.);
#4081=ORIENTED_EDGE('',*,*,#6514,.T.);
#4082=ORIENTED_EDGE('',*,*,#6443,.T.);
#4083=ORIENTED_EDGE('',*,*,#6515,.T.);
#4084=ORIENTED_EDGE('',*,*,#6516,.T.);
#4085=ORIENTED_EDGE('',*,*,#6517,.T.);
#4086=ORIENTED_EDGE('',*,*,#6518,.T.);
#4087=ORIENTED_EDGE('',*,*,#6519,.T.);
#4088=ORIENTED_EDGE('',*,*,#6520,.T.);
#4089=ORIENTED_EDGE('',*,*,#6521,.T.);
#4090=ORIENTED_EDGE('',*,*,#6519,.F.);
#4091=ORIENTED_EDGE('',*,*,#6522,.T.);
#4092=ORIENTED_EDGE('',*,*,#6523,.T.);
#4093=ORIENTED_EDGE('',*,*,#6524,.T.);
#4094=ORIENTED_EDGE('',*,*,#6525,.T.);
#4095=ORIENTED_EDGE('',*,*,#6526,.F.);
#4096=ORIENTED_EDGE('',*,*,#6527,.T.);
#4097=ORIENTED_EDGE('',*,*,#6526,.T.);
#4098=ORIENTED_EDGE('',*,*,#6528,.T.);
#4099=ORIENTED_EDGE('',*,*,#6529,.T.);
#4100=ORIENTED_EDGE('',*,*,#6530,.T.);
#4101=ORIENTED_EDGE('',*,*,#6483,.F.);
#4102=ORIENTED_EDGE('',*,*,#6531,.T.);
#4103=ORIENTED_EDGE('',*,*,#6532,.T.);
#4104=ORIENTED_EDGE('',*,*,#6523,.F.);
#4105=ORIENTED_EDGE('',*,*,#6533,.T.);
#4106=ORIENTED_EDGE('',*,*,#6534,.T.);
#4107=ORIENTED_EDGE('',*,*,#6535,.T.);
#4108=ORIENTED_EDGE('',*,*,#6493,.F.);
#4109=ORIENTED_EDGE('',*,*,#6536,.T.);
#4110=ORIENTED_EDGE('',*,*,#6517,.F.);
#4111=ORIENTED_EDGE('',*,*,#6472,.F.);
#4112=ORIENTED_EDGE('',*,*,#6537,.T.);
#4113=ORIENTED_EDGE('',*,*,#6509,.F.);
#4114=ORIENTED_EDGE('',*,*,#6538,.F.);
#4115=ORIENTED_EDGE('',*,*,#6538,.T.);
#4116=ORIENTED_EDGE('',*,*,#6444,.F.);
#4117=ORIENTED_EDGE('',*,*,#6539,.F.);
#4118=ORIENTED_EDGE('',*,*,#6473,.F.);
#4119=ORIENTED_EDGE('',*,*,#6514,.F.);
#4120=ORIENTED_EDGE('',*,*,#6540,.T.);
#4121=ORIENTED_EDGE('',*,*,#6474,.F.);
#4122=ORIENTED_EDGE('',*,*,#6539,.T.);
#4123=ORIENTED_EDGE('',*,*,#6541,.F.);
#4124=ORIENTED_EDGE('',*,*,#6486,.F.);
#4125=ORIENTED_EDGE('',*,*,#6542,.F.);
#4126=ORIENTED_EDGE('',*,*,#6513,.F.);
#4127=ORIENTED_EDGE('',*,*,#6542,.T.);
#4128=ORIENTED_EDGE('',*,*,#6485,.F.);
#4129=ORIENTED_EDGE('',*,*,#6543,.F.);
#4130=ORIENTED_EDGE('',*,*,#6540,.F.);
#4131=ORIENTED_EDGE('',*,*,#6543,.T.);
#4132=ORIENTED_EDGE('',*,*,#6484,.F.);
#4133=ORIENTED_EDGE('',*,*,#6544,.F.);
#4134=ORIENTED_EDGE('',*,*,#6475,.F.);
#4135=ORIENTED_EDGE('',*,*,#6544,.T.);
#4136=ORIENTED_EDGE('',*,*,#6533,.F.);
#4137=ORIENTED_EDGE('',*,*,#6545,.F.);
#4138=ORIENTED_EDGE('',*,*,#6476,.F.);
#4139=ORIENTED_EDGE('',*,*,#6545,.T.);
#4140=ORIENTED_EDGE('',*,*,#6527,.F.);
#4141=ORIENTED_EDGE('',*,*,#6546,.F.);
#4142=ORIENTED_EDGE('',*,*,#6466,.F.);
#4143=ORIENTED_EDGE('',*,*,#6546,.T.);
#4144=ORIENTED_EDGE('',*,*,#6530,.F.);
#4145=ORIENTED_EDGE('',*,*,#6547,.F.);
#4146=ORIENTED_EDGE('',*,*,#6467,.F.);
#4147=ORIENTED_EDGE('',*,*,#6547,.T.);
#4148=ORIENTED_EDGE('',*,*,#6529,.F.);
#4149=ORIENTED_EDGE('',*,*,#6548,.F.);
#4150=ORIENTED_EDGE('',*,*,#6464,.F.);
#4151=ORIENTED_EDGE('',*,*,#6548,.T.);
#4152=ORIENTED_EDGE('',*,*,#6528,.F.);
#4153=ORIENTED_EDGE('',*,*,#6549,.F.);
#4154=ORIENTED_EDGE('',*,*,#6458,.F.);
#4155=ORIENTED_EDGE('',*,*,#6549,.T.);
#4156=ORIENTED_EDGE('',*,*,#6525,.F.);
#4157=ORIENTED_EDGE('',*,*,#6550,.F.);
#4158=ORIENTED_EDGE('',*,*,#6459,.F.);
#4159=ORIENTED_EDGE('',*,*,#6550,.T.);
#4160=ORIENTED_EDGE('',*,*,#6524,.F.);
#4161=ORIENTED_EDGE('',*,*,#6551,.F.);
#4162=ORIENTED_EDGE('',*,*,#6453,.F.);
#4163=ORIENTED_EDGE('',*,*,#6551,.T.);
#4164=ORIENTED_EDGE('',*,*,#6532,.F.);
#4165=ORIENTED_EDGE('',*,*,#6552,.F.);
#4166=ORIENTED_EDGE('',*,*,#6454,.F.);
#4167=ORIENTED_EDGE('',*,*,#6552,.T.);
#4168=ORIENTED_EDGE('',*,*,#6531,.F.);
#4169=ORIENTED_EDGE('',*,*,#6553,.F.);
#4170=ORIENTED_EDGE('',*,*,#6447,.F.);
#4171=ORIENTED_EDGE('',*,*,#6553,.T.);
#4172=ORIENTED_EDGE('',*,*,#6482,.F.);
#4173=ORIENTED_EDGE('',*,*,#6554,.F.);
#4174=ORIENTED_EDGE('',*,*,#6448,.F.);
#4175=ORIENTED_EDGE('',*,*,#6554,.T.);
#4176=ORIENTED_EDGE('',*,*,#6481,.F.);
#4177=ORIENTED_EDGE('',*,*,#6555,.F.);
#4178=ORIENTED_EDGE('',*,*,#6507,.F.);
#4179=ORIENTED_EDGE('',*,*,#6555,.T.);
#4180=ORIENTED_EDGE('',*,*,#6480,.F.);
#4181=ORIENTED_EDGE('',*,*,#6556,.F.);
#4182=ORIENTED_EDGE('',*,*,#6505,.F.);
#4183=ORIENTED_EDGE('',*,*,#6556,.T.);
#4184=ORIENTED_EDGE('',*,*,#6479,.F.);
#4185=ORIENTED_EDGE('',*,*,#6557,.F.);
#4186=ORIENTED_EDGE('',*,*,#6502,.F.);
#4187=ORIENTED_EDGE('',*,*,#6558,.F.);
#4188=ORIENTED_EDGE('',*,*,#6498,.F.);
#4189=ORIENTED_EDGE('',*,*,#6557,.T.);
#4190=ORIENTED_EDGE('',*,*,#6478,.F.);
#4191=ORIENTED_EDGE('',*,*,#6559,.F.);
#4192=ORIENTED_EDGE('',*,*,#6510,.F.);
#4193=ORIENTED_EDGE('',*,*,#6560,.F.);
#4194=ORIENTED_EDGE('',*,*,#6490,.F.);
#4195=ORIENTED_EDGE('',*,*,#6560,.T.);
#4196=ORIENTED_EDGE('',*,*,#6537,.F.);
#4197=ORIENTED_EDGE('',*,*,#6561,.F.);
#4198=ORIENTED_EDGE('',*,*,#6491,.F.);
#4199=ORIENTED_EDGE('',*,*,#6561,.T.);
#4200=ORIENTED_EDGE('',*,*,#6471,.F.);
#4201=ORIENTED_EDGE('',*,*,#6562,.F.);
#4202=ORIENTED_EDGE('',*,*,#6492,.F.);
#4203=ORIENTED_EDGE('',*,*,#6562,.T.);
#4204=ORIENTED_EDGE('',*,*,#6470,.F.);
#4205=ORIENTED_EDGE('',*,*,#6563,.F.);
#4206=ORIENTED_EDGE('',*,*,#6536,.F.);
#4207=ORIENTED_EDGE('',*,*,#6563,.T.);
#4208=ORIENTED_EDGE('',*,*,#6469,.F.);
#4209=ORIENTED_EDGE('',*,*,#6564,.F.);
#4210=ORIENTED_EDGE('',*,*,#6518,.F.);
#4211=ORIENTED_EDGE('',*,*,#6564,.T.);
#4212=ORIENTED_EDGE('',*,*,#6468,.F.);
#4213=ORIENTED_EDGE('',*,*,#6565,.F.);
#4214=ORIENTED_EDGE('',*,*,#6522,.F.);
#4215=ORIENTED_EDGE('',*,*,#6565,.T.);
#4216=ORIENTED_EDGE('',*,*,#6465,.F.);
#4217=ORIENTED_EDGE('',*,*,#6566,.F.);
#4218=ORIENTED_EDGE('',*,*,#6520,.F.);
#4219=ORIENTED_EDGE('',*,*,#6566,.T.);
#4220=ORIENTED_EDGE('',*,*,#6461,.F.);
#4221=ORIENTED_EDGE('',*,*,#6567,.F.);
#4222=ORIENTED_EDGE('',*,*,#6521,.F.);
#4223=ORIENTED_EDGE('',*,*,#6567,.T.);
#4224=ORIENTED_EDGE('',*,*,#6460,.F.);
#4225=ORIENTED_EDGE('',*,*,#6568,.F.);
#4226=ORIENTED_EDGE('',*,*,#6515,.F.);
#4227=ORIENTED_EDGE('',*,*,#6568,.T.);
#4228=ORIENTED_EDGE('',*,*,#6456,.F.);
#4229=ORIENTED_EDGE('',*,*,#6569,.F.);
#4230=ORIENTED_EDGE('',*,*,#6516,.F.);
#4231=ORIENTED_EDGE('',*,*,#6569,.T.);
#4232=ORIENTED_EDGE('',*,*,#6455,.F.);
#4233=ORIENTED_EDGE('',*,*,#6570,.F.);
#4234=ORIENTED_EDGE('',*,*,#6534,.F.);
#4235=ORIENTED_EDGE('',*,*,#6570,.T.);
#4236=ORIENTED_EDGE('',*,*,#6451,.F.);
#4237=ORIENTED_EDGE('',*,*,#6571,.F.);
#4238=ORIENTED_EDGE('',*,*,#6535,.F.);
#4239=ORIENTED_EDGE('',*,*,#6571,.T.);
#4240=ORIENTED_EDGE('',*,*,#6450,.F.);
#4241=ORIENTED_EDGE('',*,*,#6572,.F.);
#4242=ORIENTED_EDGE('',*,*,#6494,.F.);
#4243=ORIENTED_EDGE('',*,*,#6572,.T.);
#4244=ORIENTED_EDGE('',*,*,#6508,.F.);
#4245=ORIENTED_EDGE('',*,*,#6573,.F.);
#4246=ORIENTED_EDGE('',*,*,#6495,.F.);
#4247=ORIENTED_EDGE('',*,*,#6573,.T.);
#4248=ORIENTED_EDGE('',*,*,#6506,.F.);
#4249=ORIENTED_EDGE('',*,*,#6574,.F.);
#4250=ORIENTED_EDGE('',*,*,#6496,.F.);
#4251=ORIENTED_EDGE('',*,*,#6574,.T.);
#4252=ORIENTED_EDGE('',*,*,#6503,.F.);
#4253=ORIENTED_EDGE('',*,*,#6575,.F.);
#4254=ORIENTED_EDGE('',*,*,#6487,.F.);
#4255=ORIENTED_EDGE('',*,*,#6576,.F.);
#4256=ORIENTED_EDGE('',*,*,#6488,.F.);
#4257=ORIENTED_EDGE('',*,*,#6575,.T.);
#4258=ORIENTED_EDGE('',*,*,#6500,.F.);
#4259=ORIENTED_EDGE('',*,*,#6577,.T.);
#4260=ORIENTED_EDGE('',*,*,#6578,.T.);
#4261=ORIENTED_EDGE('',*,*,#6579,.T.);
#4262=ORIENTED_EDGE('',*,*,#6580,.T.);
#4263=ORIENTED_EDGE('',*,*,#6581,.T.);
#4264=ORIENTED_EDGE('',*,*,#6541,.T.);
#4265=ORIENTED_EDGE('',*,*,#6512,.F.);
#4266=ORIENTED_EDGE('',*,*,#6446,.T.);
#4267=ORIENTED_EDGE('',*,*,#6511,.F.);
#4268=ORIENTED_EDGE('',*,*,#6559,.T.);
#4269=ORIENTED_EDGE('',*,*,#6489,.T.);
#4270=ORIENTED_EDGE('',*,*,#6576,.T.);
#4271=ORIENTED_EDGE('',*,*,#6499,.F.);
#4272=ORIENTED_EDGE('',*,*,#6558,.T.);
#4273=ORIENTED_EDGE('',*,*,#6477,.F.);
#4274=ORIENTED_EDGE('',*,*,#6582,.F.);
#4275=ORIENTED_EDGE('',*,*,#6583,.F.);
#4276=ORIENTED_EDGE('',*,*,#6584,.F.);
#4277=ORIENTED_EDGE('',*,*,#6585,.F.);
#4278=ORIENTED_EDGE('',*,*,#6586,.T.);
#4279=ORIENTED_EDGE('',*,*,#6587,.T.);
#4280=ORIENTED_EDGE('',*,*,#6588,.T.);
#4281=ORIENTED_EDGE('',*,*,#6589,.T.);
#4282=ORIENTED_EDGE('',*,*,#6590,.T.);
#4283=ORIENTED_EDGE('',*,*,#6591,.T.);
#4284=ORIENTED_EDGE('',*,*,#6592,.T.);
#4285=ORIENTED_EDGE('',*,*,#6593,.T.);
#4286=ORIENTED_EDGE('',*,*,#6594,.T.);
#4287=ORIENTED_EDGE('',*,*,#6595,.T.);
#4288=ORIENTED_EDGE('',*,*,#6596,.T.);
#4289=ORIENTED_EDGE('',*,*,#6597,.F.);
#4290=ORIENTED_EDGE('',*,*,#6598,.T.);
#4291=ORIENTED_EDGE('',*,*,#6599,.T.);
#4292=ORIENTED_EDGE('',*,*,#6600,.T.);
#4293=ORIENTED_EDGE('',*,*,#6601,.T.);
#4294=ORIENTED_EDGE('',*,*,#6602,.T.);
#4295=ORIENTED_EDGE('',*,*,#6603,.F.);
#4296=ORIENTED_EDGE('',*,*,#6604,.F.);
#4297=ORIENTED_EDGE('',*,*,#6605,.T.);
#4298=ORIENTED_EDGE('',*,*,#6606,.F.);
#4299=ORIENTED_EDGE('',*,*,#6607,.F.);
#4300=ORIENTED_EDGE('',*,*,#6608,.T.);
#4301=ORIENTED_EDGE('',*,*,#6609,.F.);
#4302=ORIENTED_EDGE('',*,*,#6610,.T.);
#4303=ORIENTED_EDGE('',*,*,#6611,.T.);
#4304=ORIENTED_EDGE('',*,*,#6612,.F.);
#4305=ORIENTED_EDGE('',*,*,#6613,.T.);
#4306=ORIENTED_EDGE('',*,*,#6614,.T.);
#4307=ORIENTED_EDGE('',*,*,#6442,.T.);
#4308=ORIENTED_EDGE('',*,*,#6615,.T.);
#4309=ORIENTED_EDGE('',*,*,#6616,.T.);
#4310=ORIENTED_EDGE('',*,*,#6617,.T.);
#4311=ORIENTED_EDGE('',*,*,#6618,.F.);
#4312=ORIENTED_EDGE('',*,*,#6619,.T.);
#4313=ORIENTED_EDGE('',*,*,#6620,.T.);
#4314=ORIENTED_EDGE('',*,*,#6621,.T.);
#4315=ORIENTED_EDGE('',*,*,#6044,.F.);
#4316=ORIENTED_EDGE('',*,*,#6437,.T.);
#4317=ORIENTED_EDGE('',*,*,#6622,.T.);
#4318=ORIENTED_EDGE('',*,*,#6623,.F.);
#4319=ORIENTED_EDGE('',*,*,#6624,.T.);
#4320=ORIENTED_EDGE('',*,*,#6625,.T.);
#4321=ORIENTED_EDGE('',*,*,#6626,.T.);
#4322=ORIENTED_EDGE('',*,*,#6627,.T.);
#4323=ORIENTED_EDGE('',*,*,#6047,.F.);
#4324=ORIENTED_EDGE('',*,*,#6032,.F.);
#4325=ORIENTED_EDGE('',*,*,#6628,.F.);
#4326=ORIENTED_EDGE('',*,*,#6629,.T.);
#4327=ORIENTED_EDGE('',*,*,#6088,.F.);
#4328=ORIENTED_EDGE('',*,*,#6630,.T.);
#4329=ORIENTED_EDGE('',*,*,#6082,.F.);
#4330=ORIENTED_EDGE('',*,*,#6631,.T.);
#4331=ORIENTED_EDGE('',*,*,#6632,.F.);
#4332=ORIENTED_EDGE('',*,*,#6633,.T.);
#4333=ORIENTED_EDGE('',*,*,#6623,.T.);
#4334=ORIENTED_EDGE('',*,*,#6634,.T.);
#4335=ORIENTED_EDGE('',*,*,#6597,.T.);
#4336=ORIENTED_EDGE('',*,*,#6635,.T.);
#4337=ORIENTED_EDGE('',*,*,#6610,.F.);
#4338=ORIENTED_EDGE('',*,*,#6636,.F.);
#4339=ORIENTED_EDGE('',*,*,#6637,.F.);
#4340=ORIENTED_EDGE('',*,*,#6603,.T.);
#4341=ORIENTED_EDGE('',*,*,#6638,.T.);
#4342=ORIENTED_EDGE('',*,*,#6618,.T.);
#4343=ORIENTED_EDGE('',*,*,#6639,.F.);
#4344=ORIENTED_EDGE('',*,*,#6640,.F.);
#4345=ORIENTED_EDGE('',*,*,#6611,.F.);
#4346=ORIENTED_EDGE('',*,*,#6635,.F.);
#4347=ORIENTED_EDGE('',*,*,#6617,.F.);
#4348=ORIENTED_EDGE('',*,*,#6641,.T.);
#4349=ORIENTED_EDGE('',*,*,#6624,.F.);
#4350=ORIENTED_EDGE('',*,*,#6637,.T.);
#4351=ORIENTED_EDGE('',*,*,#6642,.T.);
#4352=ORIENTED_EDGE('',*,*,#6643,.T.);
#4353=ORIENTED_EDGE('',*,*,#6639,.T.);
#4354=ORIENTED_EDGE('',*,*,#6632,.T.);
#4355=ORIENTED_EDGE('',*,*,#6644,.T.);
#4356=ORIENTED_EDGE('',*,*,#6440,.T.);
#4357=ORIENTED_EDGE('',*,*,#6645,.T.);
#4358=ORIENTED_EDGE('',*,*,#6646,.T.);
#4359=ORIENTED_EDGE('',*,*,#6647,.T.);
#4360=ORIENTED_EDGE('',*,*,#6648,.T.);
#4361=ORIENTED_EDGE('',*,*,#6649,.T.);
#4362=ORIENTED_EDGE('',*,*,#6650,.F.);
#4363=ORIENTED_EDGE('',*,*,#6651,.F.);
#4364=ORIENTED_EDGE('',*,*,#6652,.F.);
#4365=ORIENTED_EDGE('',*,*,#6653,.F.);
#4366=ORIENTED_EDGE('',*,*,#6654,.F.);
#4367=ORIENTED_EDGE('',*,*,#6655,.F.);
#4368=ORIENTED_EDGE('',*,*,#6656,.F.);
#4369=ORIENTED_EDGE('',*,*,#6657,.F.);
#4370=ORIENTED_EDGE('',*,*,#6658,.F.);
#4371=ORIENTED_EDGE('',*,*,#6659,.F.);
#4372=ORIENTED_EDGE('',*,*,#6660,.F.);
#4373=ORIENTED_EDGE('',*,*,#6661,.T.);
#4374=ORIENTED_EDGE('',*,*,#6662,.T.);
#4375=ORIENTED_EDGE('',*,*,#6663,.T.);
#4376=ORIENTED_EDGE('',*,*,#6664,.T.);
#4377=ORIENTED_EDGE('',*,*,#6665,.T.);
#4378=ORIENTED_EDGE('',*,*,#6666,.T.);
#4379=ORIENTED_EDGE('',*,*,#6667,.T.);
#4380=ORIENTED_EDGE('',*,*,#6628,.T.);
#4381=ORIENTED_EDGE('',*,*,#6668,.T.);
#4382=ORIENTED_EDGE('',*,*,#6669,.T.);
#4383=ORIENTED_EDGE('',*,*,#6670,.T.);
#4384=ORIENTED_EDGE('',*,*,#6671,.T.);
#4385=ORIENTED_EDGE('',*,*,#6672,.T.);
#4386=ORIENTED_EDGE('',*,*,#6673,.T.);
#4387=ORIENTED_EDGE('',*,*,#6674,.F.);
#4388=ORIENTED_EDGE('',*,*,#6675,.F.);
#4389=ORIENTED_EDGE('',*,*,#6084,.F.);
#4390=ORIENTED_EDGE('',*,*,#6676,.T.);
#4391=ORIENTED_EDGE('',*,*,#6677,.F.);
#4392=ORIENTED_EDGE('',*,*,#6673,.F.);
#4393=ORIENTED_EDGE('',*,*,#6083,.F.);
#4394=ORIENTED_EDGE('',*,*,#6678,.T.);
#4395=ORIENTED_EDGE('',*,*,#6679,.F.);
#4396=ORIENTED_EDGE('',*,*,#6676,.F.);
#4397=ORIENTED_EDGE('',*,*,#6633,.F.);
#4398=ORIENTED_EDGE('',*,*,#6678,.F.);
#4399=ORIENTED_EDGE('',*,*,#6672,.F.);
#4400=ORIENTED_EDGE('',*,*,#6680,.F.);
#4401=ORIENTED_EDGE('',*,*,#6681,.F.);
#4402=ORIENTED_EDGE('',*,*,#6680,.T.);
#4403=ORIENTED_EDGE('',*,*,#6671,.F.);
#4404=ORIENTED_EDGE('',*,*,#6682,.F.);
#4405=ORIENTED_EDGE('',*,*,#6683,.F.);
#4406=ORIENTED_EDGE('',*,*,#6684,.F.);
#4407=ORIENTED_EDGE('',*,*,#6685,.F.);
#4408=ORIENTED_EDGE('',*,*,#6686,.F.);
#4409=ORIENTED_EDGE('',*,*,#6687,.T.);
#4410=ORIENTED_EDGE('',*,*,#6688,.T.);
#4411=ORIENTED_EDGE('',*,*,#6689,.F.);
#4412=ORIENTED_EDGE('',*,*,#6690,.T.);
#4413=ORIENTED_EDGE('',*,*,#6691,.T.);
#4414=ORIENTED_EDGE('',*,*,#6689,.T.);
#4415=ORIENTED_EDGE('',*,*,#6692,.T.);
#4416=ORIENTED_EDGE('',*,*,#6693,.F.);
#4417=ORIENTED_EDGE('',*,*,#6694,.T.);
#4418=ORIENTED_EDGE('',*,*,#6695,.T.);
#4419=ORIENTED_EDGE('',*,*,#6696,.F.);
#4420=ORIENTED_EDGE('',*,*,#6697,.F.);
#4421=ORIENTED_EDGE('',*,*,#6589,.F.);
#4422=ORIENTED_EDGE('',*,*,#6698,.T.);
#4423=ORIENTED_EDGE('',*,*,#6699,.F.);
#4424=ORIENTED_EDGE('',*,*,#6695,.F.);
#4425=ORIENTED_EDGE('',*,*,#6588,.F.);
#4426=ORIENTED_EDGE('',*,*,#6700,.F.);
#4427=ORIENTED_EDGE('',*,*,#6701,.F.);
#4428=ORIENTED_EDGE('',*,*,#6698,.F.);
#4429=ORIENTED_EDGE('',*,*,#6587,.F.);
#4430=ORIENTED_EDGE('',*,*,#6700,.T.);
#4431=ORIENTED_EDGE('',*,*,#6596,.F.);
#4432=ORIENTED_EDGE('',*,*,#6702,.F.);
#4433=ORIENTED_EDGE('',*,*,#6703,.F.);
#4434=ORIENTED_EDGE('',*,*,#6704,.T.);
#4435=ORIENTED_EDGE('',*,*,#6705,.T.);
#4436=ORIENTED_EDGE('',*,*,#6706,.T.);
#4437=ORIENTED_EDGE('',*,*,#6707,.T.);
#4438=ORIENTED_EDGE('',*,*,#6708,.T.);
#4439=ORIENTED_EDGE('',*,*,#6594,.F.);
#4440=ORIENTED_EDGE('',*,*,#6709,.F.);
#4441=ORIENTED_EDGE('',*,*,#6710,.F.);
#4442=ORIENTED_EDGE('',*,*,#6702,.T.);
#4443=ORIENTED_EDGE('',*,*,#6595,.F.);
#4444=ORIENTED_EDGE('',*,*,#6708,.F.);
#4445=ORIENTED_EDGE('',*,*,#6705,.F.);
#4446=ORIENTED_EDGE('',*,*,#6711,.F.);
#4447=ORIENTED_EDGE('',*,*,#6703,.T.);
#4448=ORIENTED_EDGE('',*,*,#6704,.F.);
#4449=ORIENTED_EDGE('',*,*,#6712,.F.);
#4450=ORIENTED_EDGE('',*,*,#6713,.T.);
#4451=ORIENTED_EDGE('',*,*,#6712,.T.);
#4452=ORIENTED_EDGE('',*,*,#6714,.F.);
#4453=ORIENTED_EDGE('',*,*,#6715,.F.);
#4454=ORIENTED_EDGE('',*,*,#6683,.T.);
#4455=ORIENTED_EDGE('',*,*,#6716,.F.);
#4456=ORIENTED_EDGE('',*,*,#6713,.F.);
#4457=ORIENTED_EDGE('',*,*,#6682,.T.);
#4458=ORIENTED_EDGE('',*,*,#6670,.F.);
#4459=ORIENTED_EDGE('',*,*,#6717,.F.);
#4460=ORIENTED_EDGE('',*,*,#6718,.F.);
#4461=ORIENTED_EDGE('',*,*,#6717,.T.);
#4462=ORIENTED_EDGE('',*,*,#6669,.F.);
#4463=ORIENTED_EDGE('',*,*,#6719,.F.);
#4464=ORIENTED_EDGE('',*,*,#6720,.F.);
#4465=ORIENTED_EDGE('',*,*,#6719,.T.);
#4466=ORIENTED_EDGE('',*,*,#6668,.F.);
#4467=ORIENTED_EDGE('',*,*,#6721,.F.);
#4468=ORIENTED_EDGE('',*,*,#6722,.F.);
#4469=ORIENTED_EDGE('',*,*,#6721,.T.);
#4470=ORIENTED_EDGE('',*,*,#6630,.F.);
#4471=ORIENTED_EDGE('',*,*,#6723,.F.);
#4472=ORIENTED_EDGE('',*,*,#6724,.F.);
#4473=ORIENTED_EDGE('',*,*,#6723,.T.);
#4474=ORIENTED_EDGE('',*,*,#6087,.F.);
#4475=ORIENTED_EDGE('',*,*,#6725,.T.);
#4476=ORIENTED_EDGE('',*,*,#6726,.F.);
#4477=ORIENTED_EDGE('',*,*,#6727,.T.);
#4478=ORIENTED_EDGE('',*,*,#6728,.F.);
#4479=ORIENTED_EDGE('',*,*,#6725,.F.);
#4480=ORIENTED_EDGE('',*,*,#6086,.F.);
#4481=ORIENTED_EDGE('',*,*,#6675,.T.);
#4482=ORIENTED_EDGE('',*,*,#6729,.F.);
#4483=ORIENTED_EDGE('',*,*,#6727,.F.);
#4484=ORIENTED_EDGE('',*,*,#6085,.F.);
#4485=ORIENTED_EDGE('',*,*,#6730,.F.);
#4486=ORIENTED_EDGE('',*,*,#6674,.T.);
#4487=ORIENTED_EDGE('',*,*,#6731,.F.);
#4488=ORIENTED_EDGE('',*,*,#6732,.F.);
#4489=ORIENTED_EDGE('',*,*,#6733,.T.);
#4490=ORIENTED_EDGE('',*,*,#6732,.T.);
#4491=ORIENTED_EDGE('',*,*,#6734,.F.);
#4492=ORIENTED_EDGE('',*,*,#6731,.T.);
#4493=ORIENTED_EDGE('',*,*,#6677,.T.);
#4494=ORIENTED_EDGE('',*,*,#6679,.T.);
#4495=ORIENTED_EDGE('',*,*,#6681,.T.);
#4496=ORIENTED_EDGE('',*,*,#6715,.T.);
#4497=ORIENTED_EDGE('',*,*,#6735,.T.);
#4498=ORIENTED_EDGE('',*,*,#6714,.T.);
#4499=ORIENTED_EDGE('',*,*,#6707,.F.);
#4500=ORIENTED_EDGE('',*,*,#6734,.T.);
#4501=ORIENTED_EDGE('',*,*,#6735,.F.);
#4502=ORIENTED_EDGE('',*,*,#6706,.F.);
#4503=ORIENTED_EDGE('',*,*,#6710,.T.);
#4504=ORIENTED_EDGE('',*,*,#6736,.F.);
#4505=ORIENTED_EDGE('',*,*,#6733,.F.);
#4506=ORIENTED_EDGE('',*,*,#6709,.T.);
#4507=ORIENTED_EDGE('',*,*,#6593,.F.);
#4508=ORIENTED_EDGE('',*,*,#6737,.F.);
#4509=ORIENTED_EDGE('',*,*,#6738,.F.);
#4510=ORIENTED_EDGE('',*,*,#6739,.T.);
#4511=ORIENTED_EDGE('',*,*,#6740,.F.);
#4512=ORIENTED_EDGE('',*,*,#6737,.T.);
#4513=ORIENTED_EDGE('',*,*,#6592,.F.);
#4514=ORIENTED_EDGE('',*,*,#6741,.T.);
#4515=ORIENTED_EDGE('',*,*,#6688,.F.);
#4516=ORIENTED_EDGE('',*,*,#6739,.F.);
#4517=ORIENTED_EDGE('',*,*,#6591,.F.);
#4518=ORIENTED_EDGE('',*,*,#6697,.T.);
#4519=ORIENTED_EDGE('',*,*,#6692,.F.);
#4520=ORIENTED_EDGE('',*,*,#6741,.F.);
#4521=ORIENTED_EDGE('',*,*,#6590,.F.);
#4522=ORIENTED_EDGE('',*,*,#6693,.T.);
#4523=ORIENTED_EDGE('',*,*,#6696,.T.);
#4524=ORIENTED_EDGE('',*,*,#6742,.T.);
#4525=ORIENTED_EDGE('',*,*,#6743,.T.);
#4526=ORIENTED_EDGE('',*,*,#6744,.T.);
#4527=ORIENTED_EDGE('',*,*,#6745,.T.);
#4528=ORIENTED_EDGE('',*,*,#6743,.F.);
#4529=ORIENTED_EDGE('',*,*,#6746,.F.);
#4530=ORIENTED_EDGE('',*,*,#6747,.F.);
#4531=ORIENTED_EDGE('',*,*,#6746,.T.);
#4532=ORIENTED_EDGE('',*,*,#6748,.F.);
#4533=ORIENTED_EDGE('',*,*,#6749,.F.);
#4534=ORIENTED_EDGE('',*,*,#6742,.F.);
#4535=ORIENTED_EDGE('',*,*,#6699,.T.);
#4536=ORIENTED_EDGE('',*,*,#6750,.F.);
#4537=ORIENTED_EDGE('',*,*,#6748,.T.);
#4538=ORIENTED_EDGE('',*,*,#6750,.T.);
#4539=ORIENTED_EDGE('',*,*,#6701,.T.);
#4540=ORIENTED_EDGE('',*,*,#6711,.T.);
#4541=ORIENTED_EDGE('',*,*,#6716,.T.);
#4542=ORIENTED_EDGE('',*,*,#6718,.T.);
#4543=ORIENTED_EDGE('',*,*,#6751,.T.);
#4544=ORIENTED_EDGE('',*,*,#6747,.T.);
#4545=ORIENTED_EDGE('',*,*,#6749,.T.);
#4546=ORIENTED_EDGE('',*,*,#6751,.F.);
#4547=ORIENTED_EDGE('',*,*,#6720,.T.);
#4548=ORIENTED_EDGE('',*,*,#6752,.F.);
#4549=ORIENTED_EDGE('',*,*,#6753,.T.);
#4550=ORIENTED_EDGE('',*,*,#6744,.F.);
#4551=ORIENTED_EDGE('',*,*,#6745,.F.);
#4552=ORIENTED_EDGE('',*,*,#6754,.F.);
#4553=ORIENTED_EDGE('',*,*,#6755,.T.);
#4554=ORIENTED_EDGE('',*,*,#6694,.F.);
#4555=ORIENTED_EDGE('',*,*,#6753,.F.);
#4556=ORIENTED_EDGE('',*,*,#6756,.F.);
#4557=ORIENTED_EDGE('',*,*,#6757,.T.);
#4558=ORIENTED_EDGE('',*,*,#6690,.F.);
#4559=ORIENTED_EDGE('',*,*,#6755,.F.);
#4560=ORIENTED_EDGE('',*,*,#6758,.F.);
#4561=ORIENTED_EDGE('',*,*,#6686,.T.);
#4562=ORIENTED_EDGE('',*,*,#6691,.F.);
#4563=ORIENTED_EDGE('',*,*,#6757,.F.);
#4564=ORIENTED_EDGE('',*,*,#6759,.F.);
#4565=ORIENTED_EDGE('',*,*,#6760,.F.);
#4566=ORIENTED_EDGE('',*,*,#6740,.T.);
#4567=ORIENTED_EDGE('',*,*,#6687,.F.);
#4568=ORIENTED_EDGE('',*,*,#6685,.T.);
#4569=ORIENTED_EDGE('',*,*,#6736,.T.);
#4570=ORIENTED_EDGE('',*,*,#6738,.T.);
#4571=ORIENTED_EDGE('',*,*,#6760,.T.);
#4572=ORIENTED_EDGE('',*,*,#6761,.T.);
#4573=ORIENTED_EDGE('',*,*,#6729,.T.);
#4574=ORIENTED_EDGE('',*,*,#6730,.T.);
#4575=ORIENTED_EDGE('',*,*,#6761,.F.);
#4576=ORIENTED_EDGE('',*,*,#6684,.T.);
#4577=ORIENTED_EDGE('',*,*,#6759,.T.);
#4578=ORIENTED_EDGE('',*,*,#6762,.F.);
#4579=ORIENTED_EDGE('',*,*,#6728,.T.);
#4580=ORIENTED_EDGE('',*,*,#6756,.T.);
#4581=ORIENTED_EDGE('',*,*,#6754,.T.);
#4582=ORIENTED_EDGE('',*,*,#6752,.T.);
#4583=ORIENTED_EDGE('',*,*,#6722,.T.);
#4584=ORIENTED_EDGE('',*,*,#6724,.T.);
#4585=ORIENTED_EDGE('',*,*,#6726,.T.);
#4586=ORIENTED_EDGE('',*,*,#6762,.T.);
#4587=ORIENTED_EDGE('',*,*,#6758,.T.);
#4588=ORIENTED_EDGE('',*,*,#6667,.F.);
#4589=ORIENTED_EDGE('',*,*,#6763,.T.);
#4590=ORIENTED_EDGE('',*,*,#6601,.F.);
#4591=ORIENTED_EDGE('',*,*,#6764,.F.);
#4592=ORIENTED_EDGE('',*,*,#6764,.T.);
#4593=ORIENTED_EDGE('',*,*,#6600,.F.);
#4594=ORIENTED_EDGE('',*,*,#6765,.F.);
#4595=ORIENTED_EDGE('',*,*,#6629,.F.);
#4596=ORIENTED_EDGE('',*,*,#6599,.F.);
#4597=ORIENTED_EDGE('',*,*,#6766,.T.);
#4598=ORIENTED_EDGE('',*,*,#6089,.F.);
#4599=ORIENTED_EDGE('',*,*,#6765,.T.);
#4600=ORIENTED_EDGE('',*,*,#6636,.T.);
#4601=ORIENTED_EDGE('',*,*,#6767,.F.);
#4602=ORIENTED_EDGE('',*,*,#6768,.F.);
#4603=ORIENTED_EDGE('',*,*,#6769,.T.);
#4604=ORIENTED_EDGE('',*,*,#6640,.T.);
#4605=ORIENTED_EDGE('',*,*,#6770,.T.);
#4606=ORIENTED_EDGE('',*,*,#6771,.F.);
#4607=ORIENTED_EDGE('',*,*,#6772,.T.);
#4608=ORIENTED_EDGE('',*,*,#6773,.F.);
#4609=ORIENTED_EDGE('',*,*,#6606,.T.);
#4610=ORIENTED_EDGE('',*,*,#6774,.T.);
#4611=ORIENTED_EDGE('',*,*,#6770,.F.);
#4612=ORIENTED_EDGE('',*,*,#6643,.F.);
#4613=ORIENTED_EDGE('',*,*,#6775,.T.);
#4614=ORIENTED_EDGE('',*,*,#6776,.T.);
#4615=ORIENTED_EDGE('',*,*,#6777,.F.);
#4616=ORIENTED_EDGE('',*,*,#6778,.T.);
#4617=ORIENTED_EDGE('',*,*,#6779,.T.);
#4618=ORIENTED_EDGE('',*,*,#6775,.F.);
#4619=ORIENTED_EDGE('',*,*,#6642,.F.);
#4620=ORIENTED_EDGE('',*,*,#6769,.F.);
#4621=ORIENTED_EDGE('',*,*,#6780,.T.);
#4622=ORIENTED_EDGE('',*,*,#6585,.T.);
#4623=ORIENTED_EDGE('',*,*,#6776,.F.);
#4624=ORIENTED_EDGE('',*,*,#6779,.F.);
#4625=ORIENTED_EDGE('',*,*,#6781,.T.);
#4626=ORIENTED_EDGE('',*,*,#6782,.T.);
#4627=ORIENTED_EDGE('',*,*,#6783,.T.);
#4628=ORIENTED_EDGE('',*,*,#6586,.F.);
#4629=ORIENTED_EDGE('',*,*,#6780,.F.);
#4630=ORIENTED_EDGE('',*,*,#6768,.T.);
#4631=ORIENTED_EDGE('',*,*,#6771,.T.);
#4632=ORIENTED_EDGE('',*,*,#6774,.F.);
#4633=ORIENTED_EDGE('',*,*,#6605,.F.);
#4634=ORIENTED_EDGE('',*,*,#6784,.F.);
#4635=ORIENTED_EDGE('',*,*,#6785,.T.);
#4636=ORIENTED_EDGE('',*,*,#6786,.T.);
#4637=ORIENTED_EDGE('',*,*,#6787,.T.);
#4638=ORIENTED_EDGE('',*,*,#6788,.F.);
#4639=ORIENTED_EDGE('',*,*,#6781,.F.);
#4640=ORIENTED_EDGE('',*,*,#6778,.F.);
#4641=ORIENTED_EDGE('',*,*,#6584,.T.);
#4642=ORIENTED_EDGE('',*,*,#6607,.T.);
#4643=ORIENTED_EDGE('',*,*,#6777,.T.);
#4644=ORIENTED_EDGE('',*,*,#6782,.F.);
#4645=ORIENTED_EDGE('',*,*,#6788,.T.);
#4646=ORIENTED_EDGE('',*,*,#6789,.F.);
#4647=ORIENTED_EDGE('',*,*,#6790,.F.);
#4648=ORIENTED_EDGE('',*,*,#6791,.F.);
#4649=ORIENTED_EDGE('',*,*,#6612,.T.);
#4650=ORIENTED_EDGE('',*,*,#6773,.T.);
#4651=ORIENTED_EDGE('',*,*,#6792,.F.);
#4652=ORIENTED_EDGE('',*,*,#6793,.F.);
#4653=ORIENTED_EDGE('',*,*,#6794,.F.);
#4654=ORIENTED_EDGE('',*,*,#6784,.T.);
#4655=ORIENTED_EDGE('',*,*,#6604,.T.);
#4656=ORIENTED_EDGE('',*,*,#6795,.T.);
#4657=ORIENTED_EDGE('',*,*,#6796,.T.);
#4658=ORIENTED_EDGE('',*,*,#6792,.T.);
#4659=ORIENTED_EDGE('',*,*,#6772,.F.);
#4660=ORIENTED_EDGE('',*,*,#6797,.F.);
#4661=ORIENTED_EDGE('',*,*,#6798,.T.);
#4662=ORIENTED_EDGE('',*,*,#6796,.F.);
#4663=ORIENTED_EDGE('',*,*,#6799,.T.);
#4664=ORIENTED_EDGE('',*,*,#6797,.T.);
#4665=ORIENTED_EDGE('',*,*,#6800,.T.);
#4666=ORIENTED_EDGE('',*,*,#6790,.T.);
#4667=ORIENTED_EDGE('',*,*,#6801,.T.);
#4668=ORIENTED_EDGE('',*,*,#6802,.T.);
#4669=ORIENTED_EDGE('',*,*,#6803,.T.);
#4670=ORIENTED_EDGE('',*,*,#6786,.F.);
#4671=ORIENTED_EDGE('',*,*,#6804,.F.);
#4672=ORIENTED_EDGE('',*,*,#6805,.T.);
#4673=ORIENTED_EDGE('',*,*,#6802,.F.);
#4674=ORIENTED_EDGE('',*,*,#6803,.F.);
#4675=ORIENTED_EDGE('',*,*,#6806,.F.);
#4676=ORIENTED_EDGE('',*,*,#6799,.F.);
#4677=ORIENTED_EDGE('',*,*,#6789,.T.);
#4678=ORIENTED_EDGE('',*,*,#6787,.F.);
#4679=ORIENTED_EDGE('',*,*,#6798,.F.);
#4680=ORIENTED_EDGE('',*,*,#6806,.T.);
#4681=ORIENTED_EDGE('',*,*,#6805,.F.);
#4682=ORIENTED_EDGE('',*,*,#6793,.T.);
#4683=ORIENTED_EDGE('',*,*,#6767,.T.);
#4684=ORIENTED_EDGE('',*,*,#6609,.T.);
#4685=ORIENTED_EDGE('',*,*,#6794,.T.);
#4686=ORIENTED_EDGE('',*,*,#6804,.T.);
#4687=ORIENTED_EDGE('',*,*,#6807,.T.);
#4688=ORIENTED_EDGE('',*,*,#6582,.T.);
#4689=ORIENTED_EDGE('',*,*,#6783,.F.);
#4690=ORIENTED_EDGE('',*,*,#6791,.T.);
#4691=ORIENTED_EDGE('',*,*,#6800,.F.);
#4692=ORIENTED_EDGE('',*,*,#6795,.F.);
#4693=ORIENTED_EDGE('',*,*,#6608,.F.);
#4694=ORIENTED_EDGE('',*,*,#6583,.T.);
#4695=ORIENTED_EDGE('',*,*,#6807,.F.);
#4696=ORIENTED_EDGE('',*,*,#6801,.F.);
#4697=ORIENTED_EDGE('',*,*,#6785,.F.);
#4698=ORIENTED_EDGE('',*,*,#6080,.F.);
#4699=ORIENTED_EDGE('',*,*,#6048,.T.);
#4700=ORIENTED_EDGE('',*,*,#6627,.F.);
#4701=ORIENTED_EDGE('',*,*,#6808,.T.);
#4702=ORIENTED_EDGE('',*,*,#6438,.T.);
#4703=ORIENTED_EDGE('',*,*,#6766,.F.);
#4704=ORIENTED_EDGE('',*,*,#6809,.F.);
#4705=ORIENTED_EDGE('',*,*,#6634,.F.);
#4706=ORIENTED_EDGE('',*,*,#6622,.F.);
#4707=ORIENTED_EDGE('',*,*,#6809,.T.);
#4708=ORIENTED_EDGE('',*,*,#6598,.F.);
#4709=ORIENTED_EDGE('',*,*,#6810,.F.);
#4710=ORIENTED_EDGE('',*,*,#6620,.F.);
#4711=ORIENTED_EDGE('',*,*,#6811,.F.);
#4712=ORIENTED_EDGE('',*,*,#6666,.F.);
#4713=ORIENTED_EDGE('',*,*,#6763,.F.);
#4714=ORIENTED_EDGE('',*,*,#6811,.T.);
#4715=ORIENTED_EDGE('',*,*,#6812,.F.);
#4716=ORIENTED_EDGE('',*,*,#6812,.T.);
#4717=ORIENTED_EDGE('',*,*,#6619,.F.);
#4718=ORIENTED_EDGE('',*,*,#6638,.F.);
#4719=ORIENTED_EDGE('',*,*,#6602,.F.);
#4720=ORIENTED_EDGE('',*,*,#6616,.F.);
#4721=ORIENTED_EDGE('',*,*,#6813,.T.);
#4722=ORIENTED_EDGE('',*,*,#6625,.F.);
#4723=ORIENTED_EDGE('',*,*,#6641,.F.);
#4724=ORIENTED_EDGE('',*,*,#6814,.F.);
#4725=ORIENTED_EDGE('',*,*,#6441,.F.);
#4726=ORIENTED_EDGE('',*,*,#6815,.F.);
#4727=ORIENTED_EDGE('',*,*,#6815,.T.);
#4728=ORIENTED_EDGE('',*,*,#6644,.F.);
#4729=ORIENTED_EDGE('',*,*,#6816,.F.);
#4730=ORIENTED_EDGE('',*,*,#6581,.F.);
#4731=ORIENTED_EDGE('',*,*,#6814,.T.);
#4732=ORIENTED_EDGE('',*,*,#6580,.F.);
#4733=ORIENTED_EDGE('',*,*,#6817,.F.);
#4734=ORIENTED_EDGE('',*,*,#6615,.F.);
#4735=ORIENTED_EDGE('',*,*,#6816,.T.);
#4736=ORIENTED_EDGE('',*,*,#6631,.F.);
#4737=ORIENTED_EDGE('',*,*,#6818,.F.);
#4738=ORIENTED_EDGE('',*,*,#6577,.F.);
#4739=ORIENTED_EDGE('',*,*,#6813,.F.);
#4740=ORIENTED_EDGE('',*,*,#6817,.T.);
#4741=ORIENTED_EDGE('',*,*,#6819,.F.);
#4742=ORIENTED_EDGE('',*,*,#6818,.T.);
#4743=ORIENTED_EDGE('',*,*,#6081,.F.);
#4744=ORIENTED_EDGE('',*,*,#6820,.F.);
#4745=ORIENTED_EDGE('',*,*,#6578,.F.);
#4746=ORIENTED_EDGE('',*,*,#6819,.T.);
#4747=ORIENTED_EDGE('',*,*,#6579,.F.);
#4748=ORIENTED_EDGE('',*,*,#6821,.F.);
#4749=ORIENTED_EDGE('',*,*,#6626,.F.);
#4750=ORIENTED_EDGE('',*,*,#6820,.T.);
#4751=ORIENTED_EDGE('',*,*,#6808,.F.);
#4752=ORIENTED_EDGE('',*,*,#6821,.T.);
#4753=ORIENTED_EDGE('',*,*,#6613,.F.);
#4754=ORIENTED_EDGE('',*,*,#6822,.F.);
#4755=ORIENTED_EDGE('',*,*,#6823,.F.);
#4756=ORIENTED_EDGE('',*,*,#6824,.F.);
#4757=ORIENTED_EDGE('',*,*,#6825,.F.);
#4758=ORIENTED_EDGE('',*,*,#6826,.F.);
#4759=ORIENTED_EDGE('',*,*,#6827,.T.);
#4760=ORIENTED_EDGE('',*,*,#6828,.F.);
#4761=ORIENTED_EDGE('',*,*,#6829,.F.);
#4762=ORIENTED_EDGE('',*,*,#6830,.F.);
#4763=ORIENTED_EDGE('',*,*,#6831,.F.);
#4764=ORIENTED_EDGE('',*,*,#6832,.F.);
#4765=ORIENTED_EDGE('',*,*,#6614,.F.);
#4766=ORIENTED_EDGE('',*,*,#6832,.T.);
#4767=ORIENTED_EDGE('',*,*,#6833,.T.);
#4768=ORIENTED_EDGE('',*,*,#6645,.F.);
#4769=ORIENTED_EDGE('',*,*,#6439,.T.);
#4770=ORIENTED_EDGE('',*,*,#6621,.F.);
#4771=ORIENTED_EDGE('',*,*,#6810,.T.);
#4772=ORIENTED_EDGE('',*,*,#6665,.F.);
#4773=ORIENTED_EDGE('',*,*,#6834,.F.);
#4774=ORIENTED_EDGE('',*,*,#6822,.T.);
#4775=ORIENTED_EDGE('',*,*,#6835,.F.);
#4776=ORIENTED_EDGE('',*,*,#6836,.T.);
#4777=ORIENTED_EDGE('',*,*,#6826,.T.);
#4778=ORIENTED_EDGE('',*,*,#6837,.T.);
#4779=ORIENTED_EDGE('',*,*,#6661,.F.);
#4780=ORIENTED_EDGE('',*,*,#6828,.T.);
#4781=ORIENTED_EDGE('',*,*,#6838,.T.);
#4782=ORIENTED_EDGE('',*,*,#6839,.F.);
#4783=ORIENTED_EDGE('',*,*,#6649,.F.);
#4784=ORIENTED_EDGE('',*,*,#6840,.F.);
#4785=ORIENTED_EDGE('',*,*,#6662,.F.);
#4786=ORIENTED_EDGE('',*,*,#6837,.F.);
#4787=ORIENTED_EDGE('',*,*,#6825,.T.);
#4788=ORIENTED_EDGE('',*,*,#6841,.T.);
#4789=ORIENTED_EDGE('',*,*,#6648,.F.);
#4790=ORIENTED_EDGE('',*,*,#6842,.F.);
#4791=ORIENTED_EDGE('',*,*,#6829,.T.);
#4792=ORIENTED_EDGE('',*,*,#6840,.T.);
#4793=ORIENTED_EDGE('',*,*,#6647,.F.);
#4794=ORIENTED_EDGE('',*,*,#6843,.F.);
#4795=ORIENTED_EDGE('',*,*,#6830,.T.);
#4796=ORIENTED_EDGE('',*,*,#6842,.T.);
#4797=ORIENTED_EDGE('',*,*,#6646,.F.);
#4798=ORIENTED_EDGE('',*,*,#6833,.F.);
#4799=ORIENTED_EDGE('',*,*,#6831,.T.);
#4800=ORIENTED_EDGE('',*,*,#6843,.T.);
#4801=ORIENTED_EDGE('',*,*,#6664,.F.);
#4802=ORIENTED_EDGE('',*,*,#6844,.F.);
#4803=ORIENTED_EDGE('',*,*,#6823,.T.);
#4804=ORIENTED_EDGE('',*,*,#6834,.T.);
#4805=ORIENTED_EDGE('',*,*,#6663,.F.);
#4806=ORIENTED_EDGE('',*,*,#6841,.F.);
#4807=ORIENTED_EDGE('',*,*,#6824,.T.);
#4808=ORIENTED_EDGE('',*,*,#6844,.T.);
#4809=ORIENTED_EDGE('',*,*,#6845,.T.);
#4810=ORIENTED_EDGE('',*,*,#6835,.T.);
#4811=ORIENTED_EDGE('',*,*,#6660,.T.);
#4812=ORIENTED_EDGE('',*,*,#6846,.T.);
#4813=ORIENTED_EDGE('',*,*,#6847,.F.);
#4814=ORIENTED_EDGE('',*,*,#5819,.T.);
#4815=ORIENTED_EDGE('',*,*,#6848,.F.);
#4816=ORIENTED_EDGE('',*,*,#6849,.T.);
#4817=ORIENTED_EDGE('',*,*,#6850,.T.);
#4818=ORIENTED_EDGE('',*,*,#6851,.T.);
#4819=ORIENTED_EDGE('',*,*,#6852,.T.);
#4820=ORIENTED_EDGE('',*,*,#6853,.F.);
#4821=ORIENTED_EDGE('',*,*,#6854,.F.);
#4822=ORIENTED_EDGE('',*,*,#6855,.T.);
#4823=ORIENTED_EDGE('',*,*,#6856,.F.);
#4824=ORIENTED_EDGE('',*,*,#6857,.F.);
#4825=ORIENTED_EDGE('',*,*,#6858,.F.);
#4826=ORIENTED_EDGE('',*,*,#6859,.F.);
#4827=ORIENTED_EDGE('',*,*,#6860,.F.);
#4828=ORIENTED_EDGE('',*,*,#6861,.T.);
#4829=ORIENTED_EDGE('',*,*,#6862,.F.);
#4830=ORIENTED_EDGE('',*,*,#6863,.F.);
#4831=ORIENTED_EDGE('',*,*,#6855,.F.);
#4832=ORIENTED_EDGE('',*,*,#6864,.F.);
#4833=ORIENTED_EDGE('',*,*,#6865,.F.);
#4834=ORIENTED_EDGE('',*,*,#6866,.T.);
#4835=ORIENTED_EDGE('',*,*,#6867,.F.);
#4836=ORIENTED_EDGE('',*,*,#6868,.F.);
#4837=ORIENTED_EDGE('',*,*,#6861,.F.);
#4838=ORIENTED_EDGE('',*,*,#6869,.F.);
#4839=ORIENTED_EDGE('',*,*,#6870,.T.);
#4840=ORIENTED_EDGE('',*,*,#6871,.F.);
#4841=ORIENTED_EDGE('',*,*,#6866,.F.);
#4842=ORIENTED_EDGE('',*,*,#6872,.F.);
#4843=ORIENTED_EDGE('',*,*,#6873,.F.);
#4844=ORIENTED_EDGE('',*,*,#6874,.F.);
#4845=ORIENTED_EDGE('',*,*,#6875,.F.);
#4846=ORIENTED_EDGE('',*,*,#6876,.F.);
#4847=ORIENTED_EDGE('',*,*,#6877,.F.);
#4848=ORIENTED_EDGE('',*,*,#6878,.F.);
#4849=ORIENTED_EDGE('',*,*,#6879,.F.);
#4850=ORIENTED_EDGE('',*,*,#6880,.F.);
#4851=ORIENTED_EDGE('',*,*,#6881,.F.);
#4852=ORIENTED_EDGE('',*,*,#6882,.F.);
#4853=ORIENTED_EDGE('',*,*,#6870,.F.);
#4854=ORIENTED_EDGE('',*,*,#6883,.F.);
#4855=ORIENTED_EDGE('',*,*,#6884,.F.);
#4856=ORIENTED_EDGE('',*,*,#6885,.F.);
#4857=ORIENTED_EDGE('',*,*,#6886,.F.);
#4858=ORIENTED_EDGE('',*,*,#6887,.F.);
#4859=ORIENTED_EDGE('',*,*,#6888,.F.);
#4860=ORIENTED_EDGE('',*,*,#6889,.F.);
#4861=ORIENTED_EDGE('',*,*,#6890,.F.);
#4862=ORIENTED_EDGE('',*,*,#6891,.F.);
#4863=ORIENTED_EDGE('',*,*,#6892,.F.);
#4864=ORIENTED_EDGE('',*,*,#6893,.F.);
#4865=ORIENTED_EDGE('',*,*,#6894,.F.);
#4866=ORIENTED_EDGE('',*,*,#6895,.F.);
#4867=ORIENTED_EDGE('',*,*,#6896,.F.);
#4868=ORIENTED_EDGE('',*,*,#6897,.F.);
#4869=ORIENTED_EDGE('',*,*,#6898,.F.);
#4870=ORIENTED_EDGE('',*,*,#6899,.F.);
#4871=ORIENTED_EDGE('',*,*,#6900,.F.);
#4872=ORIENTED_EDGE('',*,*,#6901,.F.);
#4873=ORIENTED_EDGE('',*,*,#6902,.T.);
#4874=ORIENTED_EDGE('',*,*,#6903,.F.);
#4875=ORIENTED_EDGE('',*,*,#6904,.T.);
#4876=ORIENTED_EDGE('',*,*,#6905,.F.);
#4877=ORIENTED_EDGE('',*,*,#6906,.F.);
#4878=ORIENTED_EDGE('',*,*,#6907,.F.);
#4879=ORIENTED_EDGE('',*,*,#6908,.T.);
#4880=ORIENTED_EDGE('',*,*,#6909,.F.);
#4881=ORIENTED_EDGE('',*,*,#6904,.F.);
#4882=ORIENTED_EDGE('',*,*,#6910,.F.);
#4883=ORIENTED_EDGE('',*,*,#6911,.T.);
#4884=ORIENTED_EDGE('',*,*,#6912,.F.);
#4885=ORIENTED_EDGE('',*,*,#6908,.F.);
#4886=ORIENTED_EDGE('',*,*,#6913,.F.);
#4887=ORIENTED_EDGE('',*,*,#6858,.T.);
#4888=ORIENTED_EDGE('',*,*,#6914,.F.);
#4889=ORIENTED_EDGE('',*,*,#6911,.F.);
#4890=ORIENTED_EDGE('',*,*,#6915,.F.);
#4891=ORIENTED_EDGE('',*,*,#6916,.F.);
#4892=ORIENTED_EDGE('',*,*,#6852,.F.);
#4893=ORIENTED_EDGE('',*,*,#6917,.F.);
#4894=ORIENTED_EDGE('',*,*,#6918,.F.);
#4895=ORIENTED_EDGE('',*,*,#6919,.F.);
#4896=ORIENTED_EDGE('',*,*,#6850,.F.);
#4897=ORIENTED_EDGE('',*,*,#6920,.F.);
#4898=ORIENTED_EDGE('',*,*,#6921,.F.);
#4899=ORIENTED_EDGE('',*,*,#6922,.F.);
#4900=ORIENTED_EDGE('',*,*,#6923,.F.);
#4901=ORIENTED_EDGE('',*,*,#6924,.F.);
#4902=ORIENTED_EDGE('',*,*,#6925,.F.);
#4903=ORIENTED_EDGE('',*,*,#6926,.F.);
#4904=ORIENTED_EDGE('',*,*,#6927,.F.);
#4905=ORIENTED_EDGE('',*,*,#6928,.F.);
#4906=ORIENTED_EDGE('',*,*,#6923,.T.);
#4907=ORIENTED_EDGE('',*,*,#6929,.F.);
#4908=ORIENTED_EDGE('',*,*,#6930,.F.);
#4909=ORIENTED_EDGE('',*,*,#6931,.F.);
#4910=ORIENTED_EDGE('',*,*,#6932,.T.);
#4911=ORIENTED_EDGE('',*,*,#6933,.F.);
#4912=ORIENTED_EDGE('',*,*,#6934,.F.);
#4913=ORIENTED_EDGE('',*,*,#6932,.F.);
#4914=ORIENTED_EDGE('',*,*,#6935,.F.);
#4915=ORIENTED_EDGE('',*,*,#6936,.F.);
#4916=ORIENTED_EDGE('',*,*,#6937,.F.);
#4917=ORIENTED_EDGE('',*,*,#6888,.T.);
#4918=ORIENTED_EDGE('',*,*,#6938,.F.);
#4919=ORIENTED_EDGE('',*,*,#6930,.T.);
#4920=ORIENTED_EDGE('',*,*,#6939,.F.);
#4921=ORIENTED_EDGE('',*,*,#6940,.F.);
#4922=ORIENTED_EDGE('',*,*,#6941,.F.);
#4923=ORIENTED_EDGE('',*,*,#6925,.T.);
#4924=ORIENTED_EDGE('',*,*,#6942,.F.);
#4925=ORIENTED_EDGE('',*,*,#6898,.T.);
#4926=ORIENTED_EDGE('',*,*,#6943,.F.);
#4927=ORIENTED_EDGE('',*,*,#6878,.T.);
#4928=ORIENTED_EDGE('',*,*,#6944,.T.);
#4929=ORIENTED_EDGE('',*,*,#6916,.T.);
#4930=ORIENTED_EDGE('',*,*,#6945,.F.);
#4931=ORIENTED_EDGE('',*,*,#6944,.F.);
#4932=ORIENTED_EDGE('',*,*,#6877,.T.);
#4933=ORIENTED_EDGE('',*,*,#6946,.T.);
#4934=ORIENTED_EDGE('',*,*,#6853,.T.);
#4935=ORIENTED_EDGE('',*,*,#6920,.T.);
#4936=ORIENTED_EDGE('',*,*,#6946,.F.);
#4937=ORIENTED_EDGE('',*,*,#6876,.T.);
#4938=ORIENTED_EDGE('',*,*,#6947,.F.);
#4939=ORIENTED_EDGE('',*,*,#6948,.T.);
#4940=ORIENTED_EDGE('',*,*,#6921,.T.);
#4941=ORIENTED_EDGE('',*,*,#6949,.T.);
#4942=ORIENTED_EDGE('',*,*,#6885,.T.);
#4943=ORIENTED_EDGE('',*,*,#6949,.F.);
#4944=ORIENTED_EDGE('',*,*,#6947,.T.);
#4945=ORIENTED_EDGE('',*,*,#6950,.T.);
#4946=ORIENTED_EDGE('',*,*,#6886,.T.);
#4947=ORIENTED_EDGE('',*,*,#6950,.F.);
#4948=ORIENTED_EDGE('',*,*,#6875,.T.);
#4949=ORIENTED_EDGE('',*,*,#6951,.T.);
#4950=ORIENTED_EDGE('',*,*,#6887,.T.);
#4951=ORIENTED_EDGE('',*,*,#6951,.F.);
#4952=ORIENTED_EDGE('',*,*,#6874,.T.);
#4953=ORIENTED_EDGE('',*,*,#6952,.T.);
#4954=ORIENTED_EDGE('',*,*,#6938,.T.);
#4955=ORIENTED_EDGE('',*,*,#6952,.F.);
#4956=ORIENTED_EDGE('',*,*,#6873,.T.);
#4957=ORIENTED_EDGE('',*,*,#6953,.T.);
#4958=ORIENTED_EDGE('',*,*,#6931,.T.);
#4959=ORIENTED_EDGE('',*,*,#6953,.F.);
#4960=ORIENTED_EDGE('',*,*,#6883,.T.);
#4961=ORIENTED_EDGE('',*,*,#6954,.T.);
#4962=ORIENTED_EDGE('',*,*,#6935,.T.);
#4963=ORIENTED_EDGE('',*,*,#6954,.F.);
#4964=ORIENTED_EDGE('',*,*,#6872,.T.);
#4965=ORIENTED_EDGE('',*,*,#6955,.T.);
#4966=ORIENTED_EDGE('',*,*,#6936,.T.);
#4967=ORIENTED_EDGE('',*,*,#6955,.F.);
#4968=ORIENTED_EDGE('',*,*,#6865,.T.);
#4969=ORIENTED_EDGE('',*,*,#6956,.T.);
#4970=ORIENTED_EDGE('',*,*,#6937,.T.);
#4971=ORIENTED_EDGE('',*,*,#6956,.F.);
#4972=ORIENTED_EDGE('',*,*,#6869,.T.);
#4973=ORIENTED_EDGE('',*,*,#6957,.T.);
#4974=ORIENTED_EDGE('',*,*,#6933,.T.);
#4975=ORIENTED_EDGE('',*,*,#6957,.F.);
#4976=ORIENTED_EDGE('',*,*,#6860,.T.);
#4977=ORIENTED_EDGE('',*,*,#6958,.T.);
#4978=ORIENTED_EDGE('',*,*,#6934,.T.);
#4979=ORIENTED_EDGE('',*,*,#6958,.F.);
#4980=ORIENTED_EDGE('',*,*,#6864,.T.);
#4981=ORIENTED_EDGE('',*,*,#6959,.T.);
#4982=ORIENTED_EDGE('',*,*,#6939,.T.);
#4983=ORIENTED_EDGE('',*,*,#6959,.F.);
#4984=ORIENTED_EDGE('',*,*,#6854,.T.);
#4985=ORIENTED_EDGE('',*,*,#6960,.T.);
#4986=ORIENTED_EDGE('',*,*,#6940,.T.);
#4987=ORIENTED_EDGE('',*,*,#6960,.F.);
#4988=ORIENTED_EDGE('',*,*,#6859,.T.);
#4989=ORIENTED_EDGE('',*,*,#6961,.T.);
#4990=ORIENTED_EDGE('',*,*,#6889,.T.);
#4991=ORIENTED_EDGE('',*,*,#6961,.F.);
#4992=ORIENTED_EDGE('',*,*,#6915,.T.);
#4993=ORIENTED_EDGE('',*,*,#6962,.T.);
#4994=ORIENTED_EDGE('',*,*,#6890,.T.);
#4995=ORIENTED_EDGE('',*,*,#6962,.F.);
#4996=ORIENTED_EDGE('',*,*,#6913,.T.);
#4997=ORIENTED_EDGE('',*,*,#6963,.T.);
#4998=ORIENTED_EDGE('',*,*,#6891,.T.);
#4999=ORIENTED_EDGE('',*,*,#6963,.F.);
#5000=ORIENTED_EDGE('',*,*,#6910,.T.);
#5001=ORIENTED_EDGE('',*,*,#6964,.T.);
#5002=ORIENTED_EDGE('',*,*,#6892,.T.);
#5003=ORIENTED_EDGE('',*,*,#6965,.T.);
#5004=ORIENTED_EDGE('',*,*,#6893,.T.);
#5005=ORIENTED_EDGE('',*,*,#6964,.F.);
#5006=ORIENTED_EDGE('',*,*,#6907,.T.);
#5007=ORIENTED_EDGE('',*,*,#6966,.T.);
#5008=ORIENTED_EDGE('',*,*,#6901,.T.);
#5009=ORIENTED_EDGE('',*,*,#6967,.T.);
#5010=ORIENTED_EDGE('',*,*,#6918,.T.);
#5011=ORIENTED_EDGE('',*,*,#6967,.F.);
#5012=ORIENTED_EDGE('',*,*,#6900,.T.);
#5013=ORIENTED_EDGE('',*,*,#6968,.T.);
#5014=ORIENTED_EDGE('',*,*,#6945,.T.);
#5015=ORIENTED_EDGE('',*,*,#6968,.F.);
#5016=ORIENTED_EDGE('',*,*,#6899,.T.);
#5017=ORIENTED_EDGE('',*,*,#6969,.T.);
#5018=ORIENTED_EDGE('',*,*,#6879,.T.);
#5019=ORIENTED_EDGE('',*,*,#6969,.F.);
#5020=ORIENTED_EDGE('',*,*,#6942,.T.);
#5021=ORIENTED_EDGE('',*,*,#6970,.T.);
#5022=ORIENTED_EDGE('',*,*,#6880,.T.);
#5023=ORIENTED_EDGE('',*,*,#6970,.F.);
#5024=ORIENTED_EDGE('',*,*,#6924,.T.);
#5025=ORIENTED_EDGE('',*,*,#6971,.T.);
#5026=ORIENTED_EDGE('',*,*,#6881,.T.);
#5027=ORIENTED_EDGE('',*,*,#6971,.F.);
#5028=ORIENTED_EDGE('',*,*,#6928,.T.);
#5029=ORIENTED_EDGE('',*,*,#6972,.T.);
#5030=ORIENTED_EDGE('',*,*,#6882,.T.);
#5031=ORIENTED_EDGE('',*,*,#6972,.F.);
#5032=ORIENTED_EDGE('',*,*,#6927,.T.);
#5033=ORIENTED_EDGE('',*,*,#6973,.T.);
#5034=ORIENTED_EDGE('',*,*,#6871,.T.);
#5035=ORIENTED_EDGE('',*,*,#6973,.F.);
#5036=ORIENTED_EDGE('',*,*,#6929,.T.);
#5037=ORIENTED_EDGE('',*,*,#6974,.T.);
#5038=ORIENTED_EDGE('',*,*,#6867,.T.);
#5039=ORIENTED_EDGE('',*,*,#6974,.F.);
#5040=ORIENTED_EDGE('',*,*,#6922,.T.);
#5041=ORIENTED_EDGE('',*,*,#6975,.T.);
#5042=ORIENTED_EDGE('',*,*,#6868,.T.);
#5043=ORIENTED_EDGE('',*,*,#6975,.F.);
#5044=ORIENTED_EDGE('',*,*,#6926,.T.);
#5045=ORIENTED_EDGE('',*,*,#6976,.T.);
#5046=ORIENTED_EDGE('',*,*,#6862,.T.);
#5047=ORIENTED_EDGE('',*,*,#6976,.F.);
#5048=ORIENTED_EDGE('',*,*,#6941,.T.);
#5049=ORIENTED_EDGE('',*,*,#6977,.T.);
#5050=ORIENTED_EDGE('',*,*,#6863,.T.);
#5051=ORIENTED_EDGE('',*,*,#6977,.F.);
#5052=ORIENTED_EDGE('',*,*,#6943,.T.);
#5053=ORIENTED_EDGE('',*,*,#6978,.T.);
#5054=ORIENTED_EDGE('',*,*,#6856,.T.);
#5055=ORIENTED_EDGE('',*,*,#6978,.F.);
#5056=ORIENTED_EDGE('',*,*,#6897,.T.);
#5057=ORIENTED_EDGE('',*,*,#6979,.T.);
#5058=ORIENTED_EDGE('',*,*,#6857,.T.);
#5059=ORIENTED_EDGE('',*,*,#6979,.F.);
#5060=ORIENTED_EDGE('',*,*,#6896,.T.);
#5061=ORIENTED_EDGE('',*,*,#6980,.T.);
#5062=ORIENTED_EDGE('',*,*,#6914,.T.);
#5063=ORIENTED_EDGE('',*,*,#6980,.F.);
#5064=ORIENTED_EDGE('',*,*,#6895,.T.);
#5065=ORIENTED_EDGE('',*,*,#6981,.T.);
#5066=ORIENTED_EDGE('',*,*,#6912,.T.);
#5067=ORIENTED_EDGE('',*,*,#6981,.F.);
#5068=ORIENTED_EDGE('',*,*,#6894,.T.);
#5069=ORIENTED_EDGE('',*,*,#6982,.T.);
#5070=ORIENTED_EDGE('',*,*,#6909,.T.);
#5071=ORIENTED_EDGE('',*,*,#6983,.T.);
#5072=ORIENTED_EDGE('',*,*,#6905,.T.);
#5073=ORIENTED_EDGE('',*,*,#6982,.F.);
#5074=ORIENTED_EDGE('',*,*,#6903,.T.);
#5075=ORIENTED_EDGE('',*,*,#6984,.F.);
#5076=ORIENTED_EDGE('',*,*,#6985,.F.);
#5077=ORIENTED_EDGE('',*,*,#6986,.F.);
#5078=ORIENTED_EDGE('',*,*,#6987,.F.);
#5079=ORIENTED_EDGE('',*,*,#6988,.F.);
#5080=ORIENTED_EDGE('',*,*,#6948,.F.);
#5081=ORIENTED_EDGE('',*,*,#6884,.T.);
#5082=ORIENTED_EDGE('',*,*,#6965,.F.);
#5083=ORIENTED_EDGE('',*,*,#6906,.T.);
#5084=ORIENTED_EDGE('',*,*,#6983,.F.);
#5085=ORIENTED_EDGE('',*,*,#6902,.F.);
#5086=ORIENTED_EDGE('',*,*,#6966,.F.);
#5087=ORIENTED_EDGE('',*,*,#6917,.T.);
#5088=ORIENTED_EDGE('',*,*,#6851,.F.);
#5089=ORIENTED_EDGE('',*,*,#6919,.T.);
#5090=ORIENTED_EDGE('',*,*,#6989,.T.);
#5091=ORIENTED_EDGE('',*,*,#6990,.F.);
#5092=ORIENTED_EDGE('',*,*,#6991,.T.);
#5093=ORIENTED_EDGE('',*,*,#6992,.T.);
#5094=ORIENTED_EDGE('',*,*,#6993,.T.);
#5095=ORIENTED_EDGE('',*,*,#6994,.F.);
#5096=ORIENTED_EDGE('',*,*,#6995,.F.);
#5097=ORIENTED_EDGE('',*,*,#6996,.F.);
#5098=ORIENTED_EDGE('',*,*,#6997,.F.);
#5099=ORIENTED_EDGE('',*,*,#6998,.F.);
#5100=ORIENTED_EDGE('',*,*,#6999,.F.);
#5101=ORIENTED_EDGE('',*,*,#7000,.F.);
#5102=ORIENTED_EDGE('',*,*,#7001,.F.);
#5103=ORIENTED_EDGE('',*,*,#7002,.F.);
#5104=ORIENTED_EDGE('',*,*,#7003,.F.);
#5105=ORIENTED_EDGE('',*,*,#7004,.T.);
#5106=ORIENTED_EDGE('',*,*,#7005,.T.);
#5107=ORIENTED_EDGE('',*,*,#7006,.F.);
#5108=ORIENTED_EDGE('',*,*,#7007,.F.);
#5109=ORIENTED_EDGE('',*,*,#7008,.F.);
#5110=ORIENTED_EDGE('',*,*,#7009,.F.);
#5111=ORIENTED_EDGE('',*,*,#7010,.F.);
#5112=ORIENTED_EDGE('',*,*,#7011,.T.);
#5113=ORIENTED_EDGE('',*,*,#7012,.F.);
#5114=ORIENTED_EDGE('',*,*,#7013,.T.);
#5115=ORIENTED_EDGE('',*,*,#7014,.T.);
#5116=ORIENTED_EDGE('',*,*,#7015,.F.);
#5117=ORIENTED_EDGE('',*,*,#7016,.T.);
#5118=ORIENTED_EDGE('',*,*,#7017,.T.);
#5119=ORIENTED_EDGE('',*,*,#7018,.F.);
#5120=ORIENTED_EDGE('',*,*,#7019,.F.);
#5121=ORIENTED_EDGE('',*,*,#6836,.F.);
#5122=ORIENTED_EDGE('',*,*,#6845,.F.);
#5123=ORIENTED_EDGE('',*,*,#7020,.F.);
#5124=ORIENTED_EDGE('',*,*,#7021,.T.);
#5125=ORIENTED_EDGE('',*,*,#7022,.F.);
#5126=ORIENTED_EDGE('',*,*,#7023,.F.);
#5127=ORIENTED_EDGE('',*,*,#7024,.F.);
#5128=ORIENTED_EDGE('',*,*,#7025,.F.);
#5129=ORIENTED_EDGE('',*,*,#6838,.F.);
#5130=ORIENTED_EDGE('',*,*,#6827,.F.);
#5131=ORIENTED_EDGE('',*,*,#6009,.T.);
#5132=ORIENTED_EDGE('',*,*,#7026,.T.);
#5133=ORIENTED_EDGE('',*,*,#6849,.F.);
#5134=ORIENTED_EDGE('',*,*,#7027,.F.);
#5135=ORIENTED_EDGE('',*,*,#7028,.F.);
#5136=ORIENTED_EDGE('',*,*,#7029,.F.);
#5137=ORIENTED_EDGE('',*,*,#7030,.T.);
#5138=ORIENTED_EDGE('',*,*,#7031,.F.);
#5139=ORIENTED_EDGE('',*,*,#7032,.F.);
#5140=ORIENTED_EDGE('',*,*,#7033,.T.);
#5141=ORIENTED_EDGE('',*,*,#6658,.T.);
#5142=ORIENTED_EDGE('',*,*,#7034,.F.);
#5143=ORIENTED_EDGE('',*,*,#5811,.T.);
#5144=ORIENTED_EDGE('',*,*,#7035,.F.);
#5145=ORIENTED_EDGE('',*,*,#5817,.T.);
#5146=ORIENTED_EDGE('',*,*,#7036,.F.);
#5147=ORIENTED_EDGE('',*,*,#6652,.T.);
#5148=ORIENTED_EDGE('',*,*,#7037,.F.);
#5149=ORIENTED_EDGE('',*,*,#7022,.T.);
#5150=ORIENTED_EDGE('',*,*,#7038,.F.);
#5151=ORIENTED_EDGE('',*,*,#7039,.F.);
#5152=ORIENTED_EDGE('',*,*,#7040,.F.);
#5153=ORIENTED_EDGE('',*,*,#7041,.F.);
#5154=ORIENTED_EDGE('',*,*,#7029,.T.);
#5155=ORIENTED_EDGE('',*,*,#7042,.F.);
#5156=ORIENTED_EDGE('',*,*,#7005,.F.);
#5157=ORIENTED_EDGE('',*,*,#7043,.T.);
#5158=ORIENTED_EDGE('',*,*,#7018,.T.);
#5159=ORIENTED_EDGE('',*,*,#7044,.T.);
#5160=ORIENTED_EDGE('',*,*,#7038,.T.);
#5161=ORIENTED_EDGE('',*,*,#7021,.F.);
#5162=ORIENTED_EDGE('',*,*,#7045,.F.);
#5163=ORIENTED_EDGE('',*,*,#7030,.F.);
#5164=ORIENTED_EDGE('',*,*,#7041,.T.);
#5165=ORIENTED_EDGE('',*,*,#7046,.T.);
#5166=ORIENTED_EDGE('',*,*,#7019,.T.);
#5167=ORIENTED_EDGE('',*,*,#7043,.F.);
#5168=ORIENTED_EDGE('',*,*,#7004,.F.);
#5169=ORIENTED_EDGE('',*,*,#7047,.F.);
#5170=ORIENTED_EDGE('',*,*,#7048,.F.);
#5171=ORIENTED_EDGE('',*,*,#5815,.T.);
#5172=ORIENTED_EDGE('',*,*,#7049,.T.);
#5173=ORIENTED_EDGE('',*,*,#7050,.T.);
#5174=ORIENTED_EDGE('',*,*,#7051,.F.);
#5175=ORIENTED_EDGE('',*,*,#5816,.T.);
#5176=ORIENTED_EDGE('',*,*,#7048,.T.);
#5177=ORIENTED_EDGE('',*,*,#7052,.T.);
#5178=ORIENTED_EDGE('',*,*,#7053,.F.);
#5179=ORIENTED_EDGE('',*,*,#7036,.T.);
#5180=ORIENTED_EDGE('',*,*,#7051,.T.);
#5181=ORIENTED_EDGE('',*,*,#7054,.T.);
#5182=ORIENTED_EDGE('',*,*,#7053,.T.);
#5183=ORIENTED_EDGE('',*,*,#7055,.T.);
#5184=ORIENTED_EDGE('',*,*,#7056,.T.);
#5185=ORIENTED_EDGE('',*,*,#6653,.T.);
#5186=ORIENTED_EDGE('',*,*,#7056,.F.);
#5187=ORIENTED_EDGE('',*,*,#7057,.T.);
#5188=ORIENTED_EDGE('',*,*,#7058,.T.);
#5189=ORIENTED_EDGE('',*,*,#6654,.T.);
#5190=ORIENTED_EDGE('',*,*,#7059,.T.);
#5191=ORIENTED_EDGE('',*,*,#7060,.T.);
#5192=ORIENTED_EDGE('',*,*,#7061,.T.);
#5193=ORIENTED_EDGE('',*,*,#7062,.F.);
#5194=ORIENTED_EDGE('',*,*,#7063,.F.);
#5195=ORIENTED_EDGE('',*,*,#7064,.F.);
#5196=ORIENTED_EDGE('',*,*,#7065,.T.);
#5197=ORIENTED_EDGE('',*,*,#7066,.F.);
#5198=ORIENTED_EDGE('',*,*,#7065,.F.);
#5199=ORIENTED_EDGE('',*,*,#7067,.F.);
#5200=ORIENTED_EDGE('',*,*,#7068,.T.);
#5201=ORIENTED_EDGE('',*,*,#7069,.F.);
#5202=ORIENTED_EDGE('',*,*,#7070,.F.);
#5203=ORIENTED_EDGE('',*,*,#7002,.T.);
#5204=ORIENTED_EDGE('',*,*,#7071,.T.);
#5205=ORIENTED_EDGE('',*,*,#7072,.T.);
#5206=ORIENTED_EDGE('',*,*,#7073,.F.);
#5207=ORIENTED_EDGE('',*,*,#7003,.T.);
#5208=ORIENTED_EDGE('',*,*,#7070,.T.);
#5209=ORIENTED_EDGE('',*,*,#7074,.T.);
#5210=ORIENTED_EDGE('',*,*,#7075,.T.);
#5211=ORIENTED_EDGE('',*,*,#6994,.T.);
#5212=ORIENTED_EDGE('',*,*,#7073,.T.);
#5213=ORIENTED_EDGE('',*,*,#7076,.T.);
#5214=ORIENTED_EDGE('',*,*,#7075,.F.);
#5215=ORIENTED_EDGE('',*,*,#7077,.T.);
#5216=ORIENTED_EDGE('',*,*,#7078,.T.);
#5217=ORIENTED_EDGE('',*,*,#6995,.T.);
#5218=ORIENTED_EDGE('',*,*,#7079,.F.);
#5219=ORIENTED_EDGE('',*,*,#7080,.F.);
#5220=ORIENTED_EDGE('',*,*,#7081,.F.);
#5221=ORIENTED_EDGE('',*,*,#7082,.F.);
#5222=ORIENTED_EDGE('',*,*,#7083,.F.);
#5223=ORIENTED_EDGE('',*,*,#7084,.T.);
#5224=ORIENTED_EDGE('',*,*,#7085,.T.);
#5225=ORIENTED_EDGE('',*,*,#6997,.T.);
#5226=ORIENTED_EDGE('',*,*,#7078,.F.);
#5227=ORIENTED_EDGE('',*,*,#7082,.T.);
#5228=ORIENTED_EDGE('',*,*,#7083,.T.);
#5229=ORIENTED_EDGE('',*,*,#6996,.T.);
#5230=ORIENTED_EDGE('',*,*,#7086,.T.);
#5231=ORIENTED_EDGE('',*,*,#7087,.T.);
#5232=ORIENTED_EDGE('',*,*,#7079,.T.);
#5233=ORIENTED_EDGE('',*,*,#7077,.F.);
#5234=ORIENTED_EDGE('',*,*,#7088,.F.);
#5235=ORIENTED_EDGE('',*,*,#7089,.T.);
#5236=ORIENTED_EDGE('',*,*,#7087,.F.);
#5237=ORIENTED_EDGE('',*,*,#7090,.T.);
#5238=ORIENTED_EDGE('',*,*,#7088,.T.);
#5239=ORIENTED_EDGE('',*,*,#7091,.T.);
#5240=ORIENTED_EDGE('',*,*,#7057,.F.);
#5241=ORIENTED_EDGE('',*,*,#7058,.F.);
#5242=ORIENTED_EDGE('',*,*,#7092,.T.);
#5243=ORIENTED_EDGE('',*,*,#7093,.T.);
#5244=ORIENTED_EDGE('',*,*,#6655,.T.);
#5245=ORIENTED_EDGE('',*,*,#7093,.F.);
#5246=ORIENTED_EDGE('',*,*,#7094,.T.);
#5247=ORIENTED_EDGE('',*,*,#7095,.T.);
#5248=ORIENTED_EDGE('',*,*,#6656,.T.);
#5249=ORIENTED_EDGE('',*,*,#7095,.F.);
#5250=ORIENTED_EDGE('',*,*,#7096,.T.);
#5251=ORIENTED_EDGE('',*,*,#7097,.T.);
#5252=ORIENTED_EDGE('',*,*,#6657,.T.);
#5253=ORIENTED_EDGE('',*,*,#7097,.F.);
#5254=ORIENTED_EDGE('',*,*,#7098,.T.);
#5255=ORIENTED_EDGE('',*,*,#7099,.T.);
#5256=ORIENTED_EDGE('',*,*,#7034,.T.);
#5257=ORIENTED_EDGE('',*,*,#7099,.F.);
#5258=ORIENTED_EDGE('',*,*,#7100,.T.);
#5259=ORIENTED_EDGE('',*,*,#7101,.F.);
#5260=ORIENTED_EDGE('',*,*,#5812,.T.);
#5261=ORIENTED_EDGE('',*,*,#7102,.F.);
#5262=ORIENTED_EDGE('',*,*,#5813,.T.);
#5263=ORIENTED_EDGE('',*,*,#7101,.T.);
#5264=ORIENTED_EDGE('',*,*,#7103,.T.);
#5265=ORIENTED_EDGE('',*,*,#7049,.F.);
#5266=ORIENTED_EDGE('',*,*,#5814,.T.);
#5267=ORIENTED_EDGE('',*,*,#7102,.T.);
#5268=ORIENTED_EDGE('',*,*,#7104,.T.);
#5269=ORIENTED_EDGE('',*,*,#7105,.T.);
#5270=ORIENTED_EDGE('',*,*,#7106,.T.);
#5271=ORIENTED_EDGE('',*,*,#7107,.T.);
#5272=ORIENTED_EDGE('',*,*,#7050,.F.);
#5273=ORIENTED_EDGE('',*,*,#7108,.F.);
#5274=ORIENTED_EDGE('',*,*,#7109,.T.);
#5275=ORIENTED_EDGE('',*,*,#7106,.F.);
#5276=ORIENTED_EDGE('',*,*,#7107,.F.);
#5277=ORIENTED_EDGE('',*,*,#7110,.F.);
#5278=ORIENTED_EDGE('',*,*,#7090,.F.);
#5279=ORIENTED_EDGE('',*,*,#7055,.F.);
#5280=ORIENTED_EDGE('',*,*,#7054,.F.);
#5281=ORIENTED_EDGE('',*,*,#7052,.F.);
#5282=ORIENTED_EDGE('',*,*,#7089,.F.);
#5283=ORIENTED_EDGE('',*,*,#7110,.T.);
#5284=ORIENTED_EDGE('',*,*,#7109,.F.);
#5285=ORIENTED_EDGE('',*,*,#7080,.T.);
#5286=ORIENTED_EDGE('',*,*,#7081,.T.);
#5287=ORIENTED_EDGE('',*,*,#7108,.T.);
#5288=ORIENTED_EDGE('',*,*,#7111,.T.);
#5289=ORIENTED_EDGE('',*,*,#7084,.F.);
#5290=ORIENTED_EDGE('',*,*,#7085,.F.);
#5291=ORIENTED_EDGE('',*,*,#7112,.T.);
#5292=ORIENTED_EDGE('',*,*,#7113,.T.);
#5293=ORIENTED_EDGE('',*,*,#6998,.T.);
#5294=ORIENTED_EDGE('',*,*,#7114,.F.);
#5295=ORIENTED_EDGE('',*,*,#6999,.T.);
#5296=ORIENTED_EDGE('',*,*,#7113,.F.);
#5297=ORIENTED_EDGE('',*,*,#7115,.T.);
#5298=ORIENTED_EDGE('',*,*,#7116,.F.);
#5299=ORIENTED_EDGE('',*,*,#7000,.T.);
#5300=ORIENTED_EDGE('',*,*,#7114,.T.);
#5301=ORIENTED_EDGE('',*,*,#7066,.T.);
#5302=ORIENTED_EDGE('',*,*,#7071,.F.);
#5303=ORIENTED_EDGE('',*,*,#7001,.T.);
#5304=ORIENTED_EDGE('',*,*,#7116,.T.);
#5305=ORIENTED_EDGE('',*,*,#7069,.T.);
#5306=ORIENTED_EDGE('',*,*,#7068,.F.);
#5307=ORIENTED_EDGE('',*,*,#7117,.F.);
#5308=ORIENTED_EDGE('',*,*,#7118,.F.);
#5309=ORIENTED_EDGE('',*,*,#7119,.F.);
#5310=ORIENTED_EDGE('',*,*,#7072,.F.);
#5311=ORIENTED_EDGE('',*,*,#7120,.F.);
#5312=ORIENTED_EDGE('',*,*,#7121,.T.);
#5313=ORIENTED_EDGE('',*,*,#7122,.T.);
#5314=ORIENTED_EDGE('',*,*,#7118,.T.);
#5315=ORIENTED_EDGE('',*,*,#7122,.F.);
#5316=ORIENTED_EDGE('',*,*,#7123,.T.);
#5317=ORIENTED_EDGE('',*,*,#7124,.T.);
#5318=ORIENTED_EDGE('',*,*,#7119,.T.);
#5319=ORIENTED_EDGE('',*,*,#7124,.F.);
#5320=ORIENTED_EDGE('',*,*,#7125,.T.);
#5321=ORIENTED_EDGE('',*,*,#7074,.F.);
#5322=ORIENTED_EDGE('',*,*,#7125,.F.);
#5323=ORIENTED_EDGE('',*,*,#7126,.F.);
#5324=ORIENTED_EDGE('',*,*,#7092,.F.);
#5325=ORIENTED_EDGE('',*,*,#7091,.F.);
#5326=ORIENTED_EDGE('',*,*,#7086,.F.);
#5327=ORIENTED_EDGE('',*,*,#7076,.F.);
#5328=ORIENTED_EDGE('',*,*,#7121,.F.);
#5329=ORIENTED_EDGE('',*,*,#7127,.T.);
#5330=ORIENTED_EDGE('',*,*,#7094,.F.);
#5331=ORIENTED_EDGE('',*,*,#7126,.T.);
#5332=ORIENTED_EDGE('',*,*,#7123,.F.);
#5333=ORIENTED_EDGE('',*,*,#7128,.F.);
#5334=ORIENTED_EDGE('',*,*,#7129,.T.);
#5335=ORIENTED_EDGE('',*,*,#7120,.T.);
#5336=ORIENTED_EDGE('',*,*,#7117,.T.);
#5337=ORIENTED_EDGE('',*,*,#7130,.F.);
#5338=ORIENTED_EDGE('',*,*,#7131,.T.);
#5339=ORIENTED_EDGE('',*,*,#7128,.T.);
#5340=ORIENTED_EDGE('',*,*,#7067,.T.);
#5341=ORIENTED_EDGE('',*,*,#7132,.F.);
#5342=ORIENTED_EDGE('',*,*,#7133,.T.);
#5343=ORIENTED_EDGE('',*,*,#7130,.T.);
#5344=ORIENTED_EDGE('',*,*,#7064,.T.);
#5345=ORIENTED_EDGE('',*,*,#7060,.F.);
#5346=ORIENTED_EDGE('',*,*,#7134,.T.);
#5347=ORIENTED_EDGE('',*,*,#7132,.T.);
#5348=ORIENTED_EDGE('',*,*,#7063,.T.);
#5349=ORIENTED_EDGE('',*,*,#7135,.T.);
#5350=ORIENTED_EDGE('',*,*,#7061,.F.);
#5351=ORIENTED_EDGE('',*,*,#7062,.T.);
#5352=ORIENTED_EDGE('',*,*,#7115,.F.);
#5353=ORIENTED_EDGE('',*,*,#7111,.F.);
#5354=ORIENTED_EDGE('',*,*,#7105,.F.);
#5355=ORIENTED_EDGE('',*,*,#7104,.F.);
#5356=ORIENTED_EDGE('',*,*,#7136,.F.);
#5357=ORIENTED_EDGE('',*,*,#7135,.F.);
#5358=ORIENTED_EDGE('',*,*,#7112,.F.);
#5359=ORIENTED_EDGE('',*,*,#7136,.T.);
#5360=ORIENTED_EDGE('',*,*,#7103,.F.);
#5361=ORIENTED_EDGE('',*,*,#7137,.T.);
#5362=ORIENTED_EDGE('',*,*,#7134,.F.);
#5363=ORIENTED_EDGE('',*,*,#7059,.F.);
#5364=ORIENTED_EDGE('',*,*,#7131,.F.);
#5365=ORIENTED_EDGE('',*,*,#7133,.F.);
#5366=ORIENTED_EDGE('',*,*,#7137,.F.);
#5367=ORIENTED_EDGE('',*,*,#7100,.F.);
#5368=ORIENTED_EDGE('',*,*,#7098,.F.);
#5369=ORIENTED_EDGE('',*,*,#7096,.F.);
#5370=ORIENTED_EDGE('',*,*,#7127,.F.);
#5371=ORIENTED_EDGE('',*,*,#7129,.F.);
#5372=ORIENTED_EDGE('',*,*,#6659,.T.);
#5373=ORIENTED_EDGE('',*,*,#7138,.T.);
#5374=ORIENTED_EDGE('',*,*,#7007,.T.);
#5375=ORIENTED_EDGE('',*,*,#7139,.F.);
#5376=ORIENTED_EDGE('',*,*,#7138,.F.);
#5377=ORIENTED_EDGE('',*,*,#7035,.T.);
#5378=ORIENTED_EDGE('',*,*,#7140,.T.);
#5379=ORIENTED_EDGE('',*,*,#7008,.T.);
#5380=ORIENTED_EDGE('',*,*,#7009,.T.);
#5381=ORIENTED_EDGE('',*,*,#7140,.F.);
#5382=ORIENTED_EDGE('',*,*,#5810,.T.);
#5383=ORIENTED_EDGE('',*,*,#7141,.F.);
#5384=ORIENTED_EDGE('',*,*,#7046,.F.);
#5385=ORIENTED_EDGE('',*,*,#7142,.F.);
#5386=ORIENTED_EDGE('',*,*,#7143,.T.);
#5387=ORIENTED_EDGE('',*,*,#7144,.T.);
#5388=ORIENTED_EDGE('',*,*,#7044,.F.);
#5389=ORIENTED_EDGE('',*,*,#7145,.T.);
#5390=ORIENTED_EDGE('',*,*,#7146,.F.);
#5391=ORIENTED_EDGE('',*,*,#7147,.T.);
#5392=ORIENTED_EDGE('',*,*,#7148,.F.);
#5393=ORIENTED_EDGE('',*,*,#7014,.F.);
#5394=ORIENTED_EDGE('',*,*,#7149,.T.);
#5395=ORIENTED_EDGE('',*,*,#7150,.F.);
#5396=ORIENTED_EDGE('',*,*,#7151,.F.);
#5397=ORIENTED_EDGE('',*,*,#7039,.T.);
#5398=ORIENTED_EDGE('',*,*,#7148,.T.);
#5399=ORIENTED_EDGE('',*,*,#7152,.F.);
#5400=ORIENTED_EDGE('',*,*,#7153,.F.);
#5401=ORIENTED_EDGE('',*,*,#6991,.F.);
#5402=ORIENTED_EDGE('',*,*,#7154,.F.);
#5403=ORIENTED_EDGE('',*,*,#7142,.T.);
#5404=ORIENTED_EDGE('',*,*,#7040,.T.);
#5405=ORIENTED_EDGE('',*,*,#7151,.T.);
#5406=ORIENTED_EDGE('',*,*,#7155,.F.);
#5407=ORIENTED_EDGE('',*,*,#7150,.T.);
#5408=ORIENTED_EDGE('',*,*,#7156,.F.);
#5409=ORIENTED_EDGE('',*,*,#7157,.F.);
#5410=ORIENTED_EDGE('',*,*,#7155,.T.);
#5411=ORIENTED_EDGE('',*,*,#7013,.F.);
#5412=ORIENTED_EDGE('',*,*,#7158,.T.);
#5413=ORIENTED_EDGE('',*,*,#7159,.T.);
#5414=ORIENTED_EDGE('',*,*,#7160,.T.);
#5415=ORIENTED_EDGE('',*,*,#7161,.F.);
#5416=ORIENTED_EDGE('',*,*,#7156,.T.);
#5417=ORIENTED_EDGE('',*,*,#7149,.F.);
#5418=ORIENTED_EDGE('',*,*,#7162,.F.);
#5419=ORIENTED_EDGE('',*,*,#6992,.F.);
#5420=ORIENTED_EDGE('',*,*,#7153,.T.);
#5421=ORIENTED_EDGE('',*,*,#7157,.T.);
#5422=ORIENTED_EDGE('',*,*,#7161,.T.);
#5423=ORIENTED_EDGE('',*,*,#7163,.F.);
#5424=ORIENTED_EDGE('',*,*,#7164,.F.);
#5425=ORIENTED_EDGE('',*,*,#7147,.F.);
#5426=ORIENTED_EDGE('',*,*,#7165,.T.);
#5427=ORIENTED_EDGE('',*,*,#7015,.T.);
#5428=ORIENTED_EDGE('',*,*,#7152,.T.);
#5429=ORIENTED_EDGE('',*,*,#7166,.F.);
#5430=ORIENTED_EDGE('',*,*,#7143,.F.);
#5431=ORIENTED_EDGE('',*,*,#7154,.T.);
#5432=ORIENTED_EDGE('',*,*,#6990,.T.);
#5433=ORIENTED_EDGE('',*,*,#7017,.F.);
#5434=ORIENTED_EDGE('',*,*,#7167,.T.);
#5435=ORIENTED_EDGE('',*,*,#7168,.T.);
#5436=ORIENTED_EDGE('',*,*,#7169,.T.);
#5437=ORIENTED_EDGE('',*,*,#7145,.F.);
#5438=ORIENTED_EDGE('',*,*,#7165,.F.);
#5439=ORIENTED_EDGE('',*,*,#7146,.T.);
#5440=ORIENTED_EDGE('',*,*,#7169,.F.);
#5441=ORIENTED_EDGE('',*,*,#7170,.F.);
#5442=ORIENTED_EDGE('',*,*,#7171,.F.);
#5443=ORIENTED_EDGE('',*,*,#7011,.F.);
#5444=ORIENTED_EDGE('',*,*,#7172,.T.);
#5445=ORIENTED_EDGE('',*,*,#7170,.T.);
#5446=ORIENTED_EDGE('',*,*,#7173,.F.);
#5447=ORIENTED_EDGE('',*,*,#7174,.F.);
#5448=ORIENTED_EDGE('',*,*,#7159,.F.);
#5449=ORIENTED_EDGE('',*,*,#7175,.F.);
#5450=ORIENTED_EDGE('',*,*,#7172,.F.);
#5451=ORIENTED_EDGE('',*,*,#7176,.F.);
#5452=ORIENTED_EDGE('',*,*,#7164,.T.);
#5453=ORIENTED_EDGE('',*,*,#7177,.F.);
#5454=ORIENTED_EDGE('',*,*,#7178,.F.);
#5455=ORIENTED_EDGE('',*,*,#7179,.T.);
#5456=ORIENTED_EDGE('',*,*,#7178,.T.);
#5457=ORIENTED_EDGE('',*,*,#7180,.F.);
#5458=ORIENTED_EDGE('',*,*,#7177,.T.);
#5459=ORIENTED_EDGE('',*,*,#7163,.T.);
#5460=ORIENTED_EDGE('',*,*,#7160,.F.);
#5461=ORIENTED_EDGE('',*,*,#7174,.T.);
#5462=ORIENTED_EDGE('',*,*,#7181,.T.);
#5463=ORIENTED_EDGE('',*,*,#7173,.T.);
#5464=ORIENTED_EDGE('',*,*,#7168,.F.);
#5465=ORIENTED_EDGE('',*,*,#7180,.T.);
#5466=ORIENTED_EDGE('',*,*,#7181,.F.);
#5467=ORIENTED_EDGE('',*,*,#7144,.F.);
#5468=ORIENTED_EDGE('',*,*,#7166,.T.);
#5469=ORIENTED_EDGE('',*,*,#6989,.F.);
#5470=ORIENTED_EDGE('',*,*,#7182,.F.);
#5471=ORIENTED_EDGE('',*,*,#7179,.F.);
#5472=ORIENTED_EDGE('',*,*,#7167,.F.);
#5473=ORIENTED_EDGE('',*,*,#7016,.F.);
#5474=ORIENTED_EDGE('',*,*,#7158,.F.);
#5475=ORIENTED_EDGE('',*,*,#7012,.T.);
#5476=ORIENTED_EDGE('',*,*,#7171,.T.);
#5477=ORIENTED_EDGE('',*,*,#7175,.T.);
#5478=ORIENTED_EDGE('',*,*,#6993,.F.);
#5479=ORIENTED_EDGE('',*,*,#7162,.T.);
#5480=ORIENTED_EDGE('',*,*,#7176,.T.);
#5481=ORIENTED_EDGE('',*,*,#7182,.T.);
#5482=ORIENTED_EDGE('',*,*,#7183,.F.);
#5483=ORIENTED_EDGE('',*,*,#7032,.T.);
#5484=ORIENTED_EDGE('',*,*,#7184,.T.);
#5485=ORIENTED_EDGE('',*,*,#5809,.T.);
#5486=ORIENTED_EDGE('',*,*,#7184,.F.);
#5487=ORIENTED_EDGE('',*,*,#7185,.T.);
#5488=ORIENTED_EDGE('',*,*,#7141,.T.);
#5489=ORIENTED_EDGE('',*,*,#7047,.T.);
#5490=ORIENTED_EDGE('',*,*,#7010,.T.);
#5491=ORIENTED_EDGE('',*,*,#7185,.F.);
#5492=ORIENTED_EDGE('',*,*,#7031,.T.);
#5493=ORIENTED_EDGE('',*,*,#6650,.T.);
#5494=ORIENTED_EDGE('',*,*,#6839,.T.);
#5495=ORIENTED_EDGE('',*,*,#7025,.T.);
#5496=ORIENTED_EDGE('',*,*,#7186,.F.);
#5497=ORIENTED_EDGE('',*,*,#7139,.T.);
#5498=ORIENTED_EDGE('',*,*,#7187,.T.);
#5499=ORIENTED_EDGE('',*,*,#6846,.F.);
#5500=ORIENTED_EDGE('',*,*,#7187,.F.);
#5501=ORIENTED_EDGE('',*,*,#7006,.T.);
#5502=ORIENTED_EDGE('',*,*,#7045,.T.);
#5503=ORIENTED_EDGE('',*,*,#7020,.T.);
#5504=ORIENTED_EDGE('',*,*,#7023,.T.);
#5505=ORIENTED_EDGE('',*,*,#7042,.T.);
#5506=ORIENTED_EDGE('',*,*,#7028,.T.);
#5507=ORIENTED_EDGE('',*,*,#7188,.F.);
#5508=ORIENTED_EDGE('',*,*,#7189,.T.);
#5509=ORIENTED_EDGE('',*,*,#7190,.T.);
#5510=ORIENTED_EDGE('',*,*,#7186,.T.);
#5511=ORIENTED_EDGE('',*,*,#7190,.F.);
#5512=ORIENTED_EDGE('',*,*,#6985,.T.);
#5513=ORIENTED_EDGE('',*,*,#7191,.T.);
#5514=ORIENTED_EDGE('',*,*,#6651,.T.);
#5515=ORIENTED_EDGE('',*,*,#7189,.F.);
#5516=ORIENTED_EDGE('',*,*,#7024,.T.);
#5517=ORIENTED_EDGE('',*,*,#7192,.T.);
#5518=ORIENTED_EDGE('',*,*,#6986,.T.);
#5519=ORIENTED_EDGE('',*,*,#7191,.F.);
#5520=ORIENTED_EDGE('',*,*,#6984,.T.);
#5521=ORIENTED_EDGE('',*,*,#7193,.T.);
#5522=ORIENTED_EDGE('',*,*,#7037,.T.);
#5523=ORIENTED_EDGE('',*,*,#7188,.T.);
#5524=ORIENTED_EDGE('',*,*,#7194,.T.);
#5525=ORIENTED_EDGE('',*,*,#7192,.F.);
#5526=ORIENTED_EDGE('',*,*,#7193,.F.);
#5527=ORIENTED_EDGE('',*,*,#6988,.T.);
#5528=ORIENTED_EDGE('',*,*,#7195,.T.);
#5529=ORIENTED_EDGE('',*,*,#5818,.T.);
#5530=ORIENTED_EDGE('',*,*,#7194,.F.);
#5531=ORIENTED_EDGE('',*,*,#7027,.T.);
#5532=ORIENTED_EDGE('',*,*,#7196,.T.);
#5533=ORIENTED_EDGE('',*,*,#6987,.T.);
#5534=ORIENTED_EDGE('',*,*,#7195,.F.);
#5535=ORIENTED_EDGE('',*,*,#7196,.F.);
#5536=ORIENTED_EDGE('',*,*,#6848,.T.);
#5537=ORIENTED_EDGE('',*,*,#7026,.F.);
#5538=ORIENTED_EDGE('',*,*,#6008,.T.);
#5539=ORIENTED_EDGE('',*,*,#7197,.T.);
#5540=ORIENTED_EDGE('',*,*,#5820,.F.);
#5541=ORIENTED_EDGE('',*,*,#6847,.T.);
#5542=ORIENTED_EDGE('',*,*,#7033,.F.);
#5543=ORIENTED_EDGE('',*,*,#7183,.T.);
#5544=ORIENTED_EDGE('',*,*,#5808,.F.);
#5545=ORIENTED_EDGE('',*,*,#7198,.F.);
#5546=ORIENTED_EDGE('',*,*,#6010,.T.);
#5547=ORIENTED_EDGE('',*,*,#5805,.F.);
#5548=ORIENTED_EDGE('',*,*,#6015,.F.);
#5549=ORIENTED_EDGE('',*,*,#6013,.T.);
#5550=ORIENTED_EDGE('',*,*,#7199,.T.);
#5551=ORIENTED_EDGE('',*,*,#5823,.F.);
#5552=ORIENTED_EDGE('',*,*,#7200,.F.);
#5553=ORIENTED_EDGE('',*,*,#6005,.T.);
#5554=ORIENTED_EDGE('',*,*,#6016,.T.);
#5555=ORIENTED_EDGE('',*,*,#5822,.F.);
#5556=ORIENTED_EDGE('',*,*,#7201,.F.);
#5557=ORIENTED_EDGE('',*,*,#6006,.T.);
#5558=ORIENTED_EDGE('',*,*,#7200,.T.);
#5559=ORIENTED_EDGE('',*,*,#5821,.F.);
#5560=ORIENTED_EDGE('',*,*,#7197,.F.);
#5561=ORIENTED_EDGE('',*,*,#6007,.T.);
#5562=ORIENTED_EDGE('',*,*,#7201,.T.);
#5563=ORIENTED_EDGE('',*,*,#5807,.F.);
#5564=ORIENTED_EDGE('',*,*,#7202,.F.);
#5565=ORIENTED_EDGE('',*,*,#6011,.T.);
#5566=ORIENTED_EDGE('',*,*,#7198,.T.);
#5567=ORIENTED_EDGE('',*,*,#5806,.F.);
#5568=ORIENTED_EDGE('',*,*,#7199,.F.);
#5569=ORIENTED_EDGE('',*,*,#6012,.T.);
#5570=ORIENTED_EDGE('',*,*,#7202,.T.);
#5571=EDGE_CURVE('',#7203,#7204,#8159,.F.);
#5572=EDGE_CURVE('',#7205,#7203,#627,.T.);
#5573=EDGE_CURVE('',#7206,#7205,#8160,.T.);
#5574=EDGE_CURVE('',#7204,#7206,#628,.F.);
#5575=EDGE_CURVE('',#7207,#7208,#8161,.F.);
#5576=EDGE_CURVE('',#7209,#7207,#629,.F.);
#5577=EDGE_CURVE('',#7209,#7210,#8162,.F.);
#5578=EDGE_CURVE('',#7208,#7210,#630,.T.);
#5579=EDGE_CURVE('',#7211,#7212,#631,.T.);
#5580=EDGE_CURVE('',#7211,#7213,#8163,.T.);
#5581=EDGE_CURVE('',#7214,#7213,#632,.F.);
#5582=EDGE_CURVE('',#7212,#7214,#8164,.T.);
#5583=EDGE_CURVE('',#7215,#7216,#367,.T.);
#5584=EDGE_CURVE('',#7216,#7217,#633,.T.);
#5585=EDGE_CURVE('',#7217,#7218,#634,.T.);
#5586=EDGE_CURVE('',#7218,#7219,#635,.T.);
#5587=EDGE_CURVE('',#7219,#7220,#202,.T.);
#5588=EDGE_CURVE('',#7215,#7220,#636,.T.);
#5589=EDGE_CURVE('',#7221,#7222,#203,.T.);
#5590=EDGE_CURVE('',#7222,#7215,#204,.T.);
#5591=EDGE_CURVE('',#7220,#7223,#205,.T.);
#5592=EDGE_CURVE('',#7223,#7224,#206,.T.);
#5593=EDGE_CURVE('',#7221,#7224,#637,.T.);
#5594=EDGE_CURVE('',#7225,#7226,#207,.T.);
#5595=EDGE_CURVE('',#7226,#7221,#638,.T.);
#5596=EDGE_CURVE('',#7224,#7227,#639,.T.);
#5597=EDGE_CURVE('',#7227,#7228,#208,.T.);
#5598=EDGE_CURVE('',#7225,#7228,#640,.T.);
#5599=EDGE_CURVE('',#7229,#7230,#641,.T.);
#5600=EDGE_CURVE('',#7229,#7225,#209,.T.);
#5601=EDGE_CURVE('',#7228,#7230,#210,.T.);
#5602=EDGE_CURVE('',#7231,#7232,#642,.T.);
#5603=EDGE_CURVE('',#7232,#7229,#8165,.T.);
#5604=EDGE_CURVE('',#7230,#7233,#8166,.T.);
#5605=EDGE_CURVE('',#7233,#7234,#643,.T.);
#5606=EDGE_CURVE('',#7234,#7235,#8167,.T.);
#5607=EDGE_CURVE('',#7235,#7236,#644,.T.);
#5608=EDGE_CURVE('',#7236,#7237,#645,.F.);
#5609=EDGE_CURVE('',#7237,#7238,#8168,.F.);
#5610=EDGE_CURVE('',#7238,#7239,#646,.F.);
#5611=EDGE_CURVE('',#7239,#7240,#647,.F.);
#5612=EDGE_CURVE('',#7240,#7231,#8169,.T.);
#5613=EDGE_CURVE('',#7241,#7242,#648,.T.);
#5614=EDGE_CURVE('',#7242,#7243,#649,.T.);
#5615=EDGE_CURVE('',#7243,#7244,#8170,.F.);
#5616=EDGE_CURVE('',#7244,#7245,#650,.T.);
#5617=EDGE_CURVE('',#7245,#7246,#8171,.F.);
#5618=EDGE_CURVE('',#7246,#7247,#651,.F.);
#5619=EDGE_CURVE('',#7247,#7248,#652,.F.);
#5620=EDGE_CURVE('',#7248,#7249,#653,.T.);
#5621=EDGE_CURVE('',#7249,#7250,#368,.T.);
#5622=EDGE_CURVE('',#7250,#7241,#654,.T.);
#5623=EDGE_CURVE('',#7251,#7252,#8172,.F.);
#5624=EDGE_CURVE('',#7252,#7253,#655,.F.);
#5625=EDGE_CURVE('',#7254,#7253,#656,.T.);
#5626=EDGE_CURVE('',#7254,#7255,#657,.T.);
#5627=EDGE_CURVE('',#7255,#7256,#369,.T.);
#5628=EDGE_CURVE('',#7256,#7257,#658,.F.);
#5629=EDGE_CURVE('',#7257,#7258,#659,.F.);
#5630=EDGE_CURVE('',#7258,#7259,#660,.F.);
#5631=EDGE_CURVE('',#7259,#7260,#8173,.F.);
#5632=EDGE_CURVE('',#7260,#7251,#661,.F.);
#5633=EDGE_CURVE('',#7261,#7262,#662,.T.);
#5634=EDGE_CURVE('',#7261,#7263,#663,.F.);
#5635=EDGE_CURVE('',#7263,#7264,#664,.T.);
#5636=EDGE_CURVE('',#7264,#7262,#665,.T.);
#5637=EDGE_CURVE('',#7265,#7266,#666,.T.);
#5638=EDGE_CURVE('',#7265,#7261,#8174,.T.);
#5639=EDGE_CURVE('',#7262,#7266,#8175,.T.);
#5640=EDGE_CURVE('',#7267,#7268,#667,.T.);
#5641=EDGE_CURVE('',#7267,#7265,#668,.F.);
#5642=EDGE_CURVE('',#7266,#7268,#669,.T.);
#5643=EDGE_CURVE('',#7217,#7267,#8176,.T.);
#5644=EDGE_CURVE('',#7268,#7218,#8177,.T.);
#5645=EDGE_CURVE('',#7213,#7269,#670,.T.);
#5646=EDGE_CURVE('',#7269,#7270,#671,.F.);
#5647=EDGE_CURVE('',#7270,#7214,#672,.T.);
#5648=EDGE_CURVE('',#7212,#7271,#673,.T.);
#5649=EDGE_CURVE('',#7271,#7272,#674,.F.);
#5650=EDGE_CURVE('',#7272,#7211,#675,.T.);
#5651=EDGE_CURVE('',#7273,#7274,#676,.F.);
#5652=EDGE_CURVE('',#7274,#7275,#211,.T.);
#5653=EDGE_CURVE('',#7275,#7276,#677,.T.);
#5654=EDGE_CURVE('',#7276,#7277,#678,.F.);
#5655=EDGE_CURVE('',#7277,#7273,#679,.T.);
#5656=EDGE_CURVE('',#7278,#7279,#212,.T.);
#5657=EDGE_CURVE('',#7279,#7273,#213,.T.);
#5658=EDGE_CURVE('',#7277,#7278,#8178,.F.);
#5659=EDGE_CURVE('',#7280,#7281,#680,.T.);
#5660=EDGE_CURVE('',#7281,#7282,#214,.T.);
#5661=EDGE_CURVE('',#7282,#7283,#681,.F.);
#5662=EDGE_CURVE('',#7284,#7283,#682,.T.);
#5663=EDGE_CURVE('',#7284,#7280,#683,.F.);
#5664=EDGE_CURVE('',#7283,#7285,#215,.T.);
#5665=EDGE_CURVE('',#7285,#7286,#216,.T.);
#5666=EDGE_CURVE('',#7286,#7284,#8179,.F.);
#5667=EDGE_CURVE('',#7247,#7287,#370,.T.);
#5668=EDGE_CURVE('',#7287,#7281,#217,.T.);
#5669=EDGE_CURVE('',#7280,#7248,#8180,.F.);
#5670=EDGE_CURVE('',#7275,#7288,#218,.T.);
#5671=EDGE_CURVE('',#7288,#7258,#219,.T.);
#5672=EDGE_CURVE('',#7257,#7276,#8181,.F.);
#5673=EDGE_CURVE('',#7236,#7269,#371,.T.);
#5674=EDGE_CURVE('',#7237,#7213,#8182,.T.);
#5675=EDGE_CURVE('',#7238,#7211,#8183,.T.);
#5676=EDGE_CURVE('',#7272,#7239,#372,.T.);
#5677=EDGE_CURVE('',#7241,#7271,#8184,.T.);
#5678=EDGE_CURVE('',#7272,#7250,#8185,.T.);
#5679=EDGE_CURVE('',#7239,#7249,#8186,.T.);
#5680=EDGE_CURVE('',#7240,#7248,#8187,.T.);
#5681=EDGE_CURVE('',#7231,#7280,#8188,.T.);
#5682=EDGE_CURVE('',#7232,#7284,#8189,.T.);
#5683=EDGE_CURVE('',#7229,#7286,#8190,.T.);
#5684=EDGE_CURVE('',#7225,#7285,#220,.T.);
#5685=EDGE_CURVE('',#7226,#7283,#221,.T.);
#5686=EDGE_CURVE('',#7221,#7282,#222,.F.);
#5687=EDGE_CURVE('',#7222,#7281,#223,.F.);
#5688=EDGE_CURVE('',#7215,#7287,#224,.F.);
#5689=EDGE_CURVE('',#7216,#7247,#8191,.T.);
#5690=EDGE_CURVE('',#7217,#7246,#8192,.T.);
#5691=EDGE_CURVE('',#7267,#7245,#8193,.T.);
#5692=EDGE_CURVE('',#7265,#7244,#8194,.T.);
#5693=EDGE_CURVE('',#7261,#7243,#8195,.T.);
#5694=EDGE_CURVE('',#7263,#7242,#373,.T.);
#5695=EDGE_CURVE('',#7270,#7254,#8196,.T.);
#5696=EDGE_CURVE('',#7255,#7269,#8197,.T.);
#5697=EDGE_CURVE('',#7256,#7236,#8198,.T.);
#5698=EDGE_CURVE('',#7257,#7235,#8199,.T.);
#5699=EDGE_CURVE('',#7276,#7234,#8200,.T.);
#5700=EDGE_CURVE('',#7277,#7233,#8201,.T.);
#5701=EDGE_CURVE('',#7278,#7230,#8202,.T.);
#5702=EDGE_CURVE('',#7279,#7228,#225,.T.);
#5703=EDGE_CURVE('',#7273,#7227,#226,.T.);
#5704=EDGE_CURVE('',#7274,#7224,#227,.F.);
#5705=EDGE_CURVE('',#7275,#7223,#228,.F.);
#5706=EDGE_CURVE('',#7288,#7220,#229,.F.);
#5707=EDGE_CURVE('',#7258,#7219,#230,.T.);
#5708=EDGE_CURVE('',#7259,#7218,#8203,.T.);
#5709=EDGE_CURVE('',#7260,#7268,#8204,.T.);
#5710=EDGE_CURVE('',#7251,#7266,#8205,.T.);
#5711=EDGE_CURVE('',#7252,#7262,#8206,.T.);
#5712=EDGE_CURVE('',#7253,#7264,#374,.T.);
#5713=EDGE_CURVE('',#7289,#7290,#8207,.F.);
#5714=EDGE_CURVE('',#7290,#7291,#684,.F.);
#5715=EDGE_CURVE('',#7291,#7292,#685,.T.);
#5716=EDGE_CURVE('',#7292,#7293,#686,.T.);
#5717=EDGE_CURVE('',#7293,#7289,#687,.F.);
#5718=EDGE_CURVE('',#7294,#7295,#8208,.F.);
#5719=EDGE_CURVE('',#7296,#7294,#688,.T.);
#5720=EDGE_CURVE('',#7297,#7296,#689,.T.);
#5721=EDGE_CURVE('',#7298,#7297,#690,.T.);
#5722=EDGE_CURVE('',#7298,#7295,#691,.T.);
#5723=EDGE_CURVE('',#7299,#7300,#692,.T.);
#5724=EDGE_CURVE('',#7300,#7301,#8209,.T.);
#5725=EDGE_CURVE('',#7301,#7302,#693,.T.);
#5726=EDGE_CURVE('',#7302,#7303,#8210,.T.);
#5727=EDGE_CURVE('',#7303,#7304,#694,.T.);
#5728=EDGE_CURVE('',#7304,#7305,#8211,.T.);
#5729=EDGE_CURVE('',#7305,#7306,#695,.T.);
#5730=EDGE_CURVE('',#7306,#7307,#8212,.T.);
#5731=EDGE_CURVE('',#7307,#7308,#696,.F.);
#5732=EDGE_CURVE('',#7308,#7299,#8213,.T.);
#5733=EDGE_CURVE('',#7309,#7310,#697,.T.);
#5734=EDGE_CURVE('',#7309,#7311,#698,.T.);
#5735=EDGE_CURVE('',#7311,#7312,#699,.F.);
#5736=EDGE_CURVE('',#7312,#7313,#8214,.F.);
#5737=EDGE_CURVE('',#7313,#7314,#700,.F.);
#5738=EDGE_CURVE('',#7314,#7315,#701,.T.);
#5739=EDGE_CURVE('',#7310,#7315,#702,.T.);
#5740=EDGE_CURVE('',#7316,#7317,#8215,.F.);
#5741=EDGE_CURVE('',#7316,#7318,#703,.T.);
#5742=EDGE_CURVE('',#7319,#7318,#704,.T.);
#5743=EDGE_CURVE('',#7320,#7319,#705,.T.);
#5744=EDGE_CURVE('',#7320,#7317,#706,.T.);
#5745=EDGE_CURVE('',#7321,#7322,#8216,.T.);
#5746=EDGE_CURVE('',#7321,#7323,#707,.T.);
#5747=EDGE_CURVE('',#7323,#7324,#708,.T.);
#5748=EDGE_CURVE('',#7322,#7324,#709,.T.);
#5749=EDGE_CURVE('',#7325,#7326,#710,.T.);
#5750=EDGE_CURVE('',#7326,#7208,#711,.T.);
#5751=EDGE_CURVE('',#7210,#7327,#712,.F.);
#5752=EDGE_CURVE('',#7327,#7328,#713,.F.);
#5753=EDGE_CURVE('',#7328,#7329,#714,.T.);
#5754=EDGE_CURVE('',#7330,#7329,#715,.T.);
#5755=EDGE_CURVE('',#7330,#7331,#716,.F.);
#5756=EDGE_CURVE('',#7331,#7332,#717,.T.);
#5757=EDGE_CURVE('',#7332,#7325,#718,.T.);
#5758=EDGE_CURVE('',#7333,#7334,#719,.T.);
#5759=EDGE_CURVE('',#7334,#7204,#720,.T.);
#5760=EDGE_CURVE('',#7206,#7335,#721,.F.);
#5761=EDGE_CURVE('',#7336,#7335,#722,.T.);
#5762=EDGE_CURVE('',#7336,#7337,#723,.T.);
#5763=EDGE_CURVE('',#7337,#7338,#724,.T.);
#5764=EDGE_CURVE('',#7338,#7339,#725,.F.);
#5765=EDGE_CURVE('',#7339,#7340,#726,.F.);
#5766=EDGE_CURVE('',#7340,#7333,#727,.T.);
#5767=EDGE_CURVE('',#7341,#7342,#728,.T.);
#5768=EDGE_CURVE('',#7341,#7343,#8217,.T.);
#5769=EDGE_CURVE('',#7344,#7343,#729,.F.);
#5770=EDGE_CURVE('',#7344,#7342,#8218,.F.);
#5771=EDGE_CURVE('',#7345,#7346,#730,.F.);
#5772=EDGE_CURVE('',#7345,#7347,#8219,.T.);
#5773=EDGE_CURVE('',#7348,#7347,#731,.T.);
#5774=EDGE_CURVE('',#7348,#7346,#8220,.T.);
#5775=EDGE_CURVE('',#7347,#7209,#732,.T.);
#5776=EDGE_CURVE('',#7207,#7349,#733,.T.);
#5777=EDGE_CURVE('',#7349,#7350,#8221,.T.);
#5778=EDGE_CURVE('',#7350,#7351,#734,.T.);
#5779=EDGE_CURVE('',#7351,#7352,#8222,.T.);
#5780=EDGE_CURVE('',#7352,#7353,#735,.T.);
#5781=EDGE_CURVE('',#7354,#7353,#736,.F.);
#5782=EDGE_CURVE('',#7355,#7354,#737,.T.);
#5783=EDGE_CURVE('',#7356,#7355,#738,.T.);
#5784=EDGE_CURVE('',#7357,#7356,#739,.T.);
#5785=EDGE_CURVE('',#7358,#7357,#375,.T.);
#5786=EDGE_CURVE('',#7359,#7358,#740,.F.);
#5787=EDGE_CURVE('',#7360,#7359,#376,.T.);
#5788=EDGE_CURVE('',#7361,#7360,#741,.F.);
#5789=EDGE_CURVE('',#7362,#7361,#742,.T.);
#5790=EDGE_CURVE('',#7363,#7362,#743,.T.);
#5791=EDGE_CURVE('',#7364,#7363,#744,.F.);
#5792=EDGE_CURVE('',#7364,#7365,#745,.T.);
#5793=EDGE_CURVE('',#7365,#7366,#8223,.T.);
#5794=EDGE_CURVE('',#7366,#7367,#746,.T.);
#5795=EDGE_CURVE('',#7367,#7368,#8224,.T.);
#5796=EDGE_CURVE('',#7368,#7369,#747,.T.);
#5797=EDGE_CURVE('',#7369,#7370,#748,.F.);
#5798=EDGE_CURVE('',#7370,#7341,#749,.T.);
#5799=EDGE_CURVE('',#7342,#7371,#750,.F.);
#5800=EDGE_CURVE('',#7371,#7372,#377,.T.);
#5801=EDGE_CURVE('',#7372,#7373,#751,.F.);
#5802=EDGE_CURVE('',#7373,#7374,#378,.T.);
#5803=EDGE_CURVE('',#7374,#7348,#752,.T.);
#5804=EDGE_CURVE('',#7203,#7375,#753,.T.);
#5805=EDGE_CURVE('',#7375,#7376,#8225,.T.);
#5806=EDGE_CURVE('',#7376,#7377,#754,.T.);
#5807=EDGE_CURVE('',#7377,#7378,#8226,.T.);
#5808=EDGE_CURVE('',#7378,#7379,#755,.T.);
#5809=EDGE_CURVE('',#7380,#7379,#756,.T.);
#5810=EDGE_CURVE('',#7381,#7380,#757,.T.);
#5811=EDGE_CURVE('',#7382,#7381,#758,.F.);
#5812=EDGE_CURVE('',#7383,#7382,#759,.F.);
#5813=EDGE_CURVE('',#7384,#7383,#379,.T.);
#5814=EDGE_CURVE('',#7385,#7384,#760,.F.);
#5815=EDGE_CURVE('',#7386,#7385,#380,.T.);
#5816=EDGE_CURVE('',#7387,#7386,#761,.T.);
#5817=EDGE_CURVE('',#7388,#7387,#762,.F.);
#5818=EDGE_CURVE('',#7389,#7388,#763,.T.);
#5819=EDGE_CURVE('',#7390,#7389,#764,.T.);
#5820=EDGE_CURVE('',#7390,#7391,#765,.T.);
#5821=EDGE_CURVE('',#7391,#7392,#8227,.T.);
#5822=EDGE_CURVE('',#7392,#7393,#766,.T.);
#5823=EDGE_CURVE('',#7393,#7394,#8228,.T.);
#5824=EDGE_CURVE('',#7394,#7395,#767,.T.);
#5825=EDGE_CURVE('',#7395,#7396,#768,.T.);
#5826=EDGE_CURVE('',#7396,#7345,#769,.T.);
#5827=EDGE_CURVE('',#7346,#7397,#770,.T.);
#5828=EDGE_CURVE('',#7397,#7398,#381,.T.);
#5829=EDGE_CURVE('',#7398,#7399,#771,.F.);
#5830=EDGE_CURVE('',#7399,#7400,#382,.T.);
#5831=EDGE_CURVE('',#7400,#7344,#772,.F.);
#5832=EDGE_CURVE('',#7343,#7205,#773,.T.);
#5833=EDGE_CURVE('',#7328,#7337,#8229,.F.);
#5834=EDGE_CURVE('',#7336,#7401,#774,.T.);
#5835=EDGE_CURVE('',#7401,#7402,#775,.T.);
#5836=EDGE_CURVE('',#7402,#7403,#776,.T.);
#5837=EDGE_CURVE('',#7403,#7329,#777,.T.);
#5838=EDGE_CURVE('',#7315,#7330,#8230,.T.);
#5839=EDGE_CURVE('',#7324,#7403,#778,.T.);
#5840=EDGE_CURVE('',#7310,#7323,#779,.T.);
#5841=EDGE_CURVE('',#7335,#7309,#8231,.T.);
#5842=EDGE_CURVE('',#7401,#7321,#780,.T.);
#5843=EDGE_CURVE('',#7397,#7404,#8232,.T.);
#5844=EDGE_CURVE('',#7405,#7404,#383,.T.);
#5845=EDGE_CURVE('',#7398,#7405,#8233,.T.);
#5846=EDGE_CURVE('',#7346,#7406,#8234,.T.);
#5847=EDGE_CURVE('',#7404,#7406,#781,.F.);
#5848=EDGE_CURVE('',#7348,#7407,#8235,.T.);
#5849=EDGE_CURVE('',#7406,#7407,#8236,.F.);
#5850=EDGE_CURVE('',#7408,#7374,#8237,.T.);
#5851=EDGE_CURVE('',#7407,#7408,#782,.F.);
#5852=EDGE_CURVE('',#7409,#7373,#8238,.T.);
#5853=EDGE_CURVE('',#7408,#7409,#384,.T.);
#5854=EDGE_CURVE('',#7410,#7411,#231,.T.);
#5855=EDGE_CURVE('',#7412,#7410,#232,.T.);
#5856=EDGE_CURVE('',#7411,#7412,#233,.F.);
#5857=EDGE_CURVE('',#7412,#7413,#783,.T.);
#5858=EDGE_CURVE('',#7413,#7414,#784,.F.);
#5859=EDGE_CURVE('',#7415,#7414,#785,.T.);
#5860=EDGE_CURVE('',#7415,#7416,#786,.T.);
#5861=EDGE_CURVE('',#7416,#7412,#234,.T.);
#5862=EDGE_CURVE('',#7414,#7417,#8239,.F.);
#5863=EDGE_CURVE('',#7418,#7417,#787,.T.);
#5864=EDGE_CURVE('',#7418,#7415,#8240,.T.);
#5865=EDGE_CURVE('',#7301,#7419,#8241,.T.);
#5866=EDGE_CURVE('',#7417,#7419,#788,.F.);
#5867=EDGE_CURVE('',#7302,#7417,#8242,.T.);
#5868=EDGE_CURVE('',#7300,#7420,#8243,.T.);
#5869=EDGE_CURVE('',#7419,#7420,#8244,.F.);
#5870=EDGE_CURVE('',#7421,#7299,#8245,.T.);
#5871=EDGE_CURVE('',#7420,#7421,#789,.F.);
#5872=EDGE_CURVE('',#7422,#7308,#8246,.T.);
#5873=EDGE_CURVE('',#7421,#7422,#8247,.F.);
#5874=EDGE_CURVE('',#7423,#7422,#790,.T.);
#5875=EDGE_CURVE('',#7422,#7424,#791,.T.);
#5876=EDGE_CURVE('',#7424,#7425,#792,.F.);
#5877=EDGE_CURVE('',#7425,#7423,#793,.F.);
#5878=EDGE_CURVE('',#7424,#7307,#8248,.T.);
#5879=EDGE_CURVE('',#7426,#7306,#8249,.T.);
#5880=EDGE_CURVE('',#7424,#7426,#8250,.F.);
#5881=EDGE_CURVE('',#7421,#7427,#794,.F.);
#5882=EDGE_CURVE('',#7427,#7423,#8251,.T.);
#5883=EDGE_CURVE('',#7428,#7427,#8252,.T.);
#5884=EDGE_CURVE('',#7428,#7423,#8253,.F.);
#5885=EDGE_CURVE('',#7408,#7428,#795,.F.);
#5886=EDGE_CURVE('',#7427,#7409,#796,.T.);
#5887=EDGE_CURVE('',#7429,#7372,#8254,.T.);
#5888=EDGE_CURVE('',#7409,#7429,#797,.T.);
#5889=EDGE_CURVE('',#7430,#7371,#8255,.T.);
#5890=EDGE_CURVE('',#7429,#7430,#385,.T.);
#5891=EDGE_CURVE('',#7431,#7342,#8256,.T.);
#5892=EDGE_CURVE('',#7430,#7431,#798,.T.);
#5893=EDGE_CURVE('',#7432,#7344,#8257,.T.);
#5894=EDGE_CURVE('',#7431,#7432,#8258,.T.);
#5895=EDGE_CURVE('',#7400,#7433,#8259,.T.);
#5896=EDGE_CURVE('',#7432,#7433,#799,.T.);
#5897=EDGE_CURVE('',#7399,#7434,#8260,.T.);
#5898=EDGE_CURVE('',#7433,#7434,#386,.T.);
#5899=EDGE_CURVE('',#7434,#7405,#800,.T.);
#5900=EDGE_CURVE('',#7405,#7435,#801,.T.);
#5901=EDGE_CURVE('',#7436,#7404,#802,.F.);
#5902=EDGE_CURVE('',#7435,#7436,#8261,.T.);
#5903=EDGE_CURVE('',#7425,#7435,#8262,.T.);
#5904=EDGE_CURVE('',#7425,#7436,#8263,.F.);
#5905=EDGE_CURVE('',#7428,#7436,#803,.T.);
#5906=EDGE_CURVE('',#7435,#7426,#804,.T.);
#5907=EDGE_CURVE('',#7437,#7305,#8264,.T.);
#5908=EDGE_CURVE('',#7426,#7437,#805,.F.);
#5909=EDGE_CURVE('',#7304,#7413,#8265,.T.);
#5910=EDGE_CURVE('',#7437,#7413,#8266,.F.);
#5911=EDGE_CURVE('',#7303,#7414,#8267,.T.);
#5912=EDGE_CURVE('',#7419,#7438,#806,.F.);
#5913=EDGE_CURVE('',#7438,#7439,#235,.T.);
#5914=EDGE_CURVE('',#7439,#7418,#807,.T.);
#5915=EDGE_CURVE('',#7440,#7439,#236,.F.);
#5916=EDGE_CURVE('',#7441,#7438,#237,.F.);
#5917=EDGE_CURVE('',#7440,#7441,#238,.T.);
#5918=EDGE_CURVE('',#7442,#7438,#239,.T.);
#5919=EDGE_CURVE('',#7441,#7442,#240,.T.);
#5920=EDGE_CURVE('',#7442,#7420,#808,.T.);
#5921=EDGE_CURVE('',#7429,#7442,#809,.T.);
#5922=EDGE_CURVE('',#7440,#7430,#810,.F.);
#5923=EDGE_CURVE('',#7443,#7418,#8268,.T.);
#5924=EDGE_CURVE('',#7443,#7440,#811,.F.);
#5925=EDGE_CURVE('',#7444,#7415,#8269,.T.);
#5926=EDGE_CURVE('',#7444,#7443,#8270,.F.);
#5927=EDGE_CURVE('',#7445,#7416,#241,.T.);
#5928=EDGE_CURVE('',#7445,#7444,#812,.F.);
#5929=EDGE_CURVE('',#7411,#7445,#242,.T.);
#5930=EDGE_CURVE('',#7437,#7410,#813,.F.);
#5931=EDGE_CURVE('',#7410,#7434,#814,.T.);
#5932=EDGE_CURVE('',#7433,#7445,#815,.F.);
#5933=EDGE_CURVE('',#7370,#7314,#8271,.T.);
#5934=EDGE_CURVE('',#7341,#7313,#8272,.T.);
#5935=EDGE_CURVE('',#7343,#7312,#8273,.T.);
#5936=EDGE_CURVE('',#7311,#7205,#8274,.F.);
#5937=EDGE_CURVE('',#7446,#7321,#8275,.T.);
#5938=EDGE_CURVE('',#7447,#7446,#816,.T.);
#5939=EDGE_CURVE('',#7447,#7401,#817,.T.);
#5940=EDGE_CURVE('',#7403,#7448,#818,.T.);
#5941=EDGE_CURVE('',#7449,#7448,#819,.T.);
#5942=EDGE_CURVE('',#7449,#7450,#8276,.F.);
#5943=EDGE_CURVE('',#7324,#7450,#820,.T.);
#5944=EDGE_CURVE('',#7318,#7448,#821,.T.);
#5945=EDGE_CURVE('',#7402,#7451,#822,.T.);
#5946=EDGE_CURVE('',#7451,#7452,#823,.T.);
#5947=EDGE_CURVE('',#7319,#7452,#824,.T.);
#5948=EDGE_CURVE('',#7297,#7453,#825,.T.);
#5949=EDGE_CURVE('',#7453,#7451,#826,.T.);
#5950=EDGE_CURVE('',#7447,#7298,#827,.T.);
#5951=EDGE_CURVE('',#7453,#7454,#828,.T.);
#5952=EDGE_CURVE('',#7454,#7452,#829,.T.);
#5953=EDGE_CURVE('',#7454,#7455,#830,.T.);
#5954=EDGE_CURVE('',#7456,#7455,#831,.T.);
#5955=EDGE_CURVE('',#7457,#7456,#387,.T.);
#5956=EDGE_CURVE('',#7320,#7457,#832,.T.);
#5957=EDGE_CURVE('',#7296,#7458,#833,.T.);
#5958=EDGE_CURVE('',#7458,#7459,#388,.F.);
#5959=EDGE_CURVE('',#7459,#7455,#834,.T.);
#5960=EDGE_CURVE('',#7449,#7316,#835,.T.);
#5961=EDGE_CURVE('',#7446,#7295,#836,.T.);
#5962=EDGE_CURVE('',#7460,#7450,#837,.T.);
#5963=EDGE_CURVE('',#7461,#7460,#838,.F.);
#5964=EDGE_CURVE('',#7322,#7461,#839,.F.);
#5965=EDGE_CURVE('',#7317,#7462,#840,.F.);
#5966=EDGE_CURVE('',#7462,#7460,#8277,.T.);
#5967=EDGE_CURVE('',#7463,#7462,#8278,.T.);
#5968=EDGE_CURVE('',#7463,#7460,#8279,.T.);
#5969=EDGE_CURVE('',#7456,#7463,#841,.F.);
#5970=EDGE_CURVE('',#7462,#7457,#842,.T.);
#5971=EDGE_CURVE('',#7458,#7464,#843,.T.);
#5972=EDGE_CURVE('',#7464,#7465,#8280,.F.);
#5973=EDGE_CURVE('',#7465,#7459,#844,.F.);
#5974=EDGE_CURVE('',#7461,#7464,#8281,.F.);
#5975=EDGE_CURVE('',#7461,#7465,#8282,.F.);
#5976=EDGE_CURVE('',#7463,#7465,#845,.F.);
#5977=EDGE_CURVE('',#7464,#7294,#846,.T.);
#5978=EDGE_CURVE('',#7340,#7395,#8283,.F.);
#5979=EDGE_CURVE('',#7339,#7396,#8284,.F.);
#5980=EDGE_CURVE('',#7206,#7311,#8285,.T.);
#5981=EDGE_CURVE('',#7332,#7369,#8286,.F.);
#5982=EDGE_CURVE('',#7370,#7331,#8287,.T.);
#5983=EDGE_CURVE('',#7314,#7331,#8288,.T.);
#5984=EDGE_CURVE('',#7327,#7338,#8289,.F.);
#5985=EDGE_CURVE('',#7210,#7293,#8290,.T.);
#5986=EDGE_CURVE('',#7293,#7209,#8291,.T.);
#5987=EDGE_CURVE('',#7289,#7347,#8292,.T.);
#5988=EDGE_CURVE('',#7327,#7292,#8293,.T.);
#5989=EDGE_CURVE('',#7290,#7345,#8294,.T.);
#5990=EDGE_CURVE('',#7338,#7292,#8295,.T.);
#5991=EDGE_CURVE('',#7291,#7396,#8296,.T.);
#5992=EDGE_CURVE('',#7339,#7291,#8297,.T.);
#5993=EDGE_CURVE('',#7466,#7325,#847,.T.);
#5994=EDGE_CURVE('',#7467,#7466,#8298,.T.);
#5995=EDGE_CURVE('',#7468,#7467,#848,.T.);
#5996=EDGE_CURVE('',#7469,#7468,#8299,.T.);
#5997=EDGE_CURVE('',#7470,#7469,#849,.T.);
#5998=EDGE_CURVE('',#7470,#7471,#850,.T.);
#5999=EDGE_CURVE('',#7472,#7471,#851,.T.);
#6000=EDGE_CURVE('',#7473,#7472,#8300,.T.);
#6001=EDGE_CURVE('',#7474,#7473,#852,.T.);
#6002=EDGE_CURVE('',#7475,#7474,#8301,.T.);
#6003=EDGE_CURVE('',#7326,#7475,#853,.T.);
#6004=EDGE_CURVE('',#7476,#7333,#854,.T.);
#6005=EDGE_CURVE('',#7477,#7476,#8302,.T.);
#6006=EDGE_CURVE('',#7478,#7477,#855,.T.);
#6007=EDGE_CURVE('',#7479,#7478,#8303,.T.);
#6008=EDGE_CURVE('',#7480,#7479,#856,.T.);
#6009=EDGE_CURVE('',#7481,#7480,#857,.T.);
#6010=EDGE_CURVE('',#7482,#7481,#858,.T.);
#6011=EDGE_CURVE('',#7483,#7482,#8304,.T.);
#6012=EDGE_CURVE('',#7484,#7483,#859,.T.);
#6013=EDGE_CURVE('',#7485,#7484,#8305,.T.);
#6014=EDGE_CURVE('',#7334,#7485,#860,.T.);
#6015=EDGE_CURVE('',#7485,#7375,#861,.T.);
#6016=EDGE_CURVE('',#7476,#7394,#862,.T.);
#6017=EDGE_CURVE('',#7475,#7349,#863,.T.);
#6018=EDGE_CURVE('',#7466,#7368,#864,.T.);
#6019=EDGE_CURVE('',#7486,#7364,#8306,.T.);
#6020=EDGE_CURVE('',#7486,#7470,#865,.T.);
#6021=EDGE_CURVE('',#7469,#7365,#866,.T.);
#6022=EDGE_CURVE('',#7471,#7487,#867,.T.);
#6023=EDGE_CURVE('',#7353,#7487,#8307,.T.);
#6024=EDGE_CURVE('',#7472,#7352,#868,.T.);
#6025=EDGE_CURVE('',#7468,#7366,#869,.T.);
#6026=EDGE_CURVE('',#7473,#7351,#870,.T.);
#6027=EDGE_CURVE('',#7474,#7350,#871,.T.);
#6028=EDGE_CURVE('',#7467,#7367,#872,.T.);
#6029=EDGE_CURVE('',#7488,#7486,#873,.T.);
#6030=EDGE_CURVE('',#7363,#7488,#8308,.T.);
#6031=EDGE_CURVE('',#7489,#7490,#874,.T.);
#6032=EDGE_CURVE('',#7489,#7491,#875,.T.);
#6033=EDGE_CURVE('',#7492,#7491,#876,.T.);
#6034=EDGE_CURVE('',#7493,#7492,#8309,.T.);
#6035=EDGE_CURVE('',#7494,#7493,#877,.T.);
#6036=EDGE_CURVE('',#7495,#7494,#8310,.T.);
#6037=EDGE_CURVE('',#7496,#7495,#878,.T.);
#6038=EDGE_CURVE('',#7496,#7497,#879,.T.);
#6039=EDGE_CURVE('',#7498,#7497,#880,.T.);
#6040=EDGE_CURVE('',#7499,#7498,#8311,.T.);
#6041=EDGE_CURVE('',#7500,#7499,#881,.T.);
#6042=EDGE_CURVE('',#7490,#7500,#8312,.T.);
#6043=EDGE_CURVE('',#7501,#7502,#8313,.T.);
#6044=EDGE_CURVE('',#7501,#7489,#882,.T.);
#6045=EDGE_CURVE('',#7490,#7503,#883,.T.);
#6046=EDGE_CURVE('',#7502,#7503,#884,.T.);
#6047=EDGE_CURVE('',#7491,#7504,#885,.T.);
#6048=EDGE_CURVE('',#7505,#7504,#8314,.T.);
#6049=EDGE_CURVE('',#7506,#7505,#886,.T.);
#6050=EDGE_CURVE('',#7492,#7506,#887,.T.);
#6051=EDGE_CURVE('',#7507,#7508,#8315,.T.);
#6052=EDGE_CURVE('',#7507,#7496,#888,.T.);
#6053=EDGE_CURVE('',#7495,#7509,#889,.T.);
#6054=EDGE_CURVE('',#7508,#7509,#890,.T.);
#6055=EDGE_CURVE('',#7497,#7510,#891,.T.);
#6056=EDGE_CURVE('',#7511,#7510,#8316,.T.);
#6057=EDGE_CURVE('',#7512,#7511,#892,.T.);
#6058=EDGE_CURVE('',#7498,#7512,#893,.T.);
#6059=EDGE_CURVE('',#7503,#7513,#8317,.T.);
#6060=EDGE_CURVE('',#7500,#7513,#894,.T.);
#6061=EDGE_CURVE('',#7514,#7506,#8318,.T.);
#6062=EDGE_CURVE('',#7493,#7514,#895,.T.);
#6063=EDGE_CURVE('',#7515,#7514,#896,.T.);
#6064=EDGE_CURVE('',#7494,#7515,#897,.T.);
#6065=EDGE_CURVE('',#7509,#7515,#8319,.T.);
#6066=EDGE_CURVE('',#7516,#7512,#8320,.T.);
#6067=EDGE_CURVE('',#7499,#7516,#898,.T.);
#6068=EDGE_CURVE('',#7513,#7516,#899,.T.);
#6069=EDGE_CURVE('',#7517,#7511,#900,.T.);
#6070=EDGE_CURVE('',#7518,#7517,#901,.T.);
#6071=EDGE_CURVE('',#7519,#7518,#902,.F.);
#6072=EDGE_CURVE('',#7520,#7519,#903,.F.);
#6073=EDGE_CURVE('',#7521,#7520,#389,.T.);
#6074=EDGE_CURVE('',#7522,#7521,#904,.F.);
#6075=EDGE_CURVE('',#7523,#7522,#390,.T.);
#6076=EDGE_CURVE('',#7524,#7523,#905,.T.);
#6077=EDGE_CURVE('',#7525,#7524,#906,.F.);
#6078=EDGE_CURVE('',#7526,#7525,#907,.T.);
#6079=EDGE_CURVE('',#7508,#7526,#908,.T.);
#6080=EDGE_CURVE('',#7505,#7527,#909,.T.);
#6081=EDGE_CURVE('',#7527,#7528,#910,.T.);
#6082=EDGE_CURVE('',#7528,#7529,#911,.F.);
#6083=EDGE_CURVE('',#7529,#7530,#912,.T.);
#6084=EDGE_CURVE('',#7530,#7531,#391,.T.);
#6085=EDGE_CURVE('',#7531,#7532,#913,.F.);
#6086=EDGE_CURVE('',#7532,#7533,#392,.T.);
#6087=EDGE_CURVE('',#7533,#7534,#914,.F.);
#6088=EDGE_CURVE('',#7534,#7535,#915,.F.);
#6089=EDGE_CURVE('',#7535,#7536,#916,.T.);
#6090=EDGE_CURVE('',#7536,#7502,#917,.T.);
#6091=EDGE_CURVE('',#7537,#7507,#918,.F.);
#6092=EDGE_CURVE('',#7537,#7526,#8321,.F.);
#6093=EDGE_CURVE('',#7538,#7539,#919,.T.);
#6094=EDGE_CURVE('',#7539,#7540,#8322,.T.);
#6095=EDGE_CURVE('',#7540,#7541,#920,.F.);
#6096=EDGE_CURVE('',#7538,#7541,#8323,.T.);
#6097=EDGE_CURVE('',#7542,#7543,#393,.T.);
#6098=EDGE_CURVE('',#7542,#7544,#921,.T.);
#6099=EDGE_CURVE('',#7545,#7544,#243,.F.);
#6100=EDGE_CURVE('',#7546,#7545,#922,.T.);
#6101=EDGE_CURVE('',#7547,#7546,#923,.T.);
#6102=EDGE_CURVE('',#7543,#7547,#924,.T.);
#6103=EDGE_CURVE('',#7548,#7549,#244,.F.);
#6104=EDGE_CURVE('',#7548,#7550,#925,.T.);
#6105=EDGE_CURVE('',#7551,#7550,#245,.F.);
#6106=EDGE_CURVE('',#7544,#7551,#246,.F.);
#6107=EDGE_CURVE('',#7549,#7542,#247,.F.);
#6108=EDGE_CURVE('',#7552,#7553,#248,.F.);
#6109=EDGE_CURVE('',#7552,#7554,#926,.T.);
#6110=EDGE_CURVE('',#7555,#7554,#249,.F.);
#6111=EDGE_CURVE('',#7550,#7555,#927,.T.);
#6112=EDGE_CURVE('',#7553,#7548,#928,.T.);
#6113=EDGE_CURVE('',#7556,#7557,#929,.T.);
#6114=EDGE_CURVE('',#7554,#7557,#250,.T.);
#6115=EDGE_CURVE('',#7556,#7552,#251,.T.);
#6116=EDGE_CURVE('',#7558,#7559,#930,.T.);
#6117=EDGE_CURVE('',#7560,#7558,#8324,.T.);
#6118=EDGE_CURVE('',#7561,#7560,#931,.F.);
#6119=EDGE_CURVE('',#7562,#7561,#932,.F.);
#6120=EDGE_CURVE('',#7563,#7562,#8325,.F.);
#6121=EDGE_CURVE('',#7564,#7563,#933,.F.);
#6122=EDGE_CURVE('',#7565,#7564,#934,.T.);
#6123=EDGE_CURVE('',#7566,#7565,#8326,.T.);
#6124=EDGE_CURVE('',#7567,#7566,#935,.T.);
#6125=EDGE_CURVE('',#7557,#7567,#8327,.T.);
#6126=EDGE_CURVE('',#7559,#7556,#8328,.T.);
#6127=EDGE_CURVE('',#7568,#7569,#936,.T.);
#6128=EDGE_CURVE('',#7570,#7568,#937,.T.);
#6129=EDGE_CURVE('',#7571,#7570,#394,.T.);
#6130=EDGE_CURVE('',#7572,#7571,#938,.T.);
#6131=EDGE_CURVE('',#7573,#7572,#939,.F.);
#6132=EDGE_CURVE('',#7574,#7573,#940,.F.);
#6133=EDGE_CURVE('',#7575,#7574,#8329,.F.);
#6134=EDGE_CURVE('',#7576,#7575,#941,.T.);
#6135=EDGE_CURVE('',#7577,#7576,#8330,.F.);
#6136=EDGE_CURVE('',#7569,#7577,#942,.T.);
#6137=EDGE_CURVE('',#7578,#7579,#8331,.F.);
#6138=EDGE_CURVE('',#7580,#7578,#943,.F.);
#6139=EDGE_CURVE('',#7581,#7580,#8332,.F.);
#6140=EDGE_CURVE('',#7582,#7581,#944,.F.);
#6141=EDGE_CURVE('',#7583,#7582,#945,.F.);
#6142=EDGE_CURVE('',#7584,#7583,#946,.F.);
#6143=EDGE_CURVE('',#7585,#7584,#395,.T.);
#6144=EDGE_CURVE('',#7586,#7585,#947,.T.);
#6145=EDGE_CURVE('',#7586,#7587,#948,.T.);
#6146=EDGE_CURVE('',#7579,#7587,#949,.F.);
#6147=EDGE_CURVE('',#7588,#7589,#950,.T.);
#6148=EDGE_CURVE('',#7590,#7589,#951,.T.);
#6149=EDGE_CURVE('',#7591,#7590,#952,.T.);
#6150=EDGE_CURVE('',#7588,#7591,#953,.F.);
#6151=EDGE_CURVE('',#7592,#7593,#954,.T.);
#6152=EDGE_CURVE('',#7589,#7593,#8333,.T.);
#6153=EDGE_CURVE('',#7592,#7588,#8334,.T.);
#6154=EDGE_CURVE('',#7594,#7595,#955,.T.);
#6155=EDGE_CURVE('',#7593,#7595,#956,.T.);
#6156=EDGE_CURVE('',#7594,#7592,#957,.F.);
#6157=EDGE_CURVE('',#7595,#7546,#8335,.T.);
#6158=EDGE_CURVE('',#7547,#7594,#8336,.T.);
#6159=EDGE_CURVE('',#7541,#7596,#958,.T.);
#6160=EDGE_CURVE('',#7597,#7540,#959,.T.);
#6161=EDGE_CURVE('',#7596,#7597,#960,.F.);
#6162=EDGE_CURVE('',#7539,#7598,#961,.T.);
#6163=EDGE_CURVE('',#7599,#7538,#962,.T.);
#6164=EDGE_CURVE('',#7598,#7599,#963,.F.);
#6165=EDGE_CURVE('',#7600,#7601,#964,.F.);
#6166=EDGE_CURVE('',#7602,#7600,#965,.T.);
#6167=EDGE_CURVE('',#7603,#7602,#966,.F.);
#6168=EDGE_CURVE('',#7604,#7603,#967,.T.);
#6169=EDGE_CURVE('',#7601,#7604,#396,.T.);
#6170=EDGE_CURVE('',#7605,#7606,#252,.T.);
#6171=EDGE_CURVE('',#7602,#7605,#8337,.F.);
#6172=EDGE_CURVE('',#7606,#7600,#253,.F.);
#6173=EDGE_CURVE('',#7607,#7608,#968,.T.);
#6174=EDGE_CURVE('',#7609,#7607,#969,.F.);
#6175=EDGE_CURVE('',#7609,#7610,#970,.T.);
#6176=EDGE_CURVE('',#7611,#7610,#971,.F.);
#6177=EDGE_CURVE('',#7608,#7611,#254,.F.);
#6178=EDGE_CURVE('',#7612,#7609,#8338,.F.);
#6179=EDGE_CURVE('',#7613,#7612,#255,.T.);
#6180=EDGE_CURVE('',#7610,#7613,#256,.F.);
#6181=EDGE_CURVE('',#7607,#7572,#8339,.F.);
#6182=EDGE_CURVE('',#7614,#7608,#257,.F.);
#6183=EDGE_CURVE('',#7573,#7614,#397,.T.);
#6184=EDGE_CURVE('',#7604,#7615,#258,.F.);
#6185=EDGE_CURVE('',#7583,#7603,#8340,.F.);
#6186=EDGE_CURVE('',#7615,#7582,#259,.F.);
#6187=EDGE_CURVE('',#7563,#7541,#8341,.T.);
#6188=EDGE_CURVE('',#7564,#7596,#398,.T.);
#6189=EDGE_CURVE('',#7562,#7538,#8342,.T.);
#6190=EDGE_CURVE('',#7599,#7561,#399,.T.);
#6191=EDGE_CURVE('',#7568,#7598,#8343,.T.);
#6192=EDGE_CURVE('',#7599,#7570,#8344,.T.);
#6193=EDGE_CURVE('',#7561,#7571,#8345,.T.);
#6194=EDGE_CURVE('',#7560,#7572,#8346,.T.);
#6195=EDGE_CURVE('',#7558,#7607,#8347,.T.);
#6196=EDGE_CURVE('',#7559,#7609,#8348,.T.);
#6197=EDGE_CURVE('',#7556,#7612,#8349,.T.);
#6198=EDGE_CURVE('',#7552,#7613,#260,.F.);
#6199=EDGE_CURVE('',#7553,#7610,#261,.F.);
#6200=EDGE_CURVE('',#7548,#7611,#262,.T.);
#6201=EDGE_CURVE('',#7549,#7608,#263,.T.);
#6202=EDGE_CURVE('',#7542,#7614,#264,.T.);
#6203=EDGE_CURVE('',#7543,#7573,#8350,.T.);
#6204=EDGE_CURVE('',#7547,#7574,#8351,.T.);
#6205=EDGE_CURVE('',#7594,#7575,#8352,.T.);
#6206=EDGE_CURVE('',#7592,#7576,#8353,.T.);
#6207=EDGE_CURVE('',#7588,#7577,#8354,.T.);
#6208=EDGE_CURVE('',#7591,#7569,#400,.T.);
#6209=EDGE_CURVE('',#7597,#7586,#8355,.T.);
#6210=EDGE_CURVE('',#7585,#7596,#8356,.T.);
#6211=EDGE_CURVE('',#7584,#7564,#8357,.T.);
#6212=EDGE_CURVE('',#7583,#7565,#8358,.T.);
#6213=EDGE_CURVE('',#7603,#7566,#8359,.T.);
#6214=EDGE_CURVE('',#7602,#7567,#8360,.T.);
#6215=EDGE_CURVE('',#7605,#7557,#8361,.T.);
#6216=EDGE_CURVE('',#7606,#7554,#265,.F.);
#6217=EDGE_CURVE('',#7600,#7555,#266,.F.);
#6218=EDGE_CURVE('',#7601,#7550,#267,.T.);
#6219=EDGE_CURVE('',#7604,#7551,#268,.T.);
#6220=EDGE_CURVE('',#7615,#7544,#269,.T.);
#6221=EDGE_CURVE('',#7582,#7545,#270,.F.);
#6222=EDGE_CURVE('',#7581,#7546,#8362,.T.);
#6223=EDGE_CURVE('',#7580,#7595,#8363,.T.);
#6224=EDGE_CURVE('',#7578,#7593,#8364,.T.);
#6225=EDGE_CURVE('',#7579,#7589,#8365,.T.);
#6226=EDGE_CURVE('',#7587,#7590,#401,.T.);
#6227=EDGE_CURVE('',#7616,#7617,#8366,.F.);
#6228=EDGE_CURVE('',#7618,#7616,#972,.F.);
#6229=EDGE_CURVE('',#7619,#7618,#973,.T.);
#6230=EDGE_CURVE('',#7620,#7619,#974,.T.);
#6231=EDGE_CURVE('',#7617,#7620,#975,.F.);
#6232=EDGE_CURVE('',#7621,#7622,#8367,.F.);
#6233=EDGE_CURVE('',#7623,#7622,#976,.T.);
#6234=EDGE_CURVE('',#7623,#7624,#977,.T.);
#6235=EDGE_CURVE('',#7624,#7625,#978,.T.);
#6236=EDGE_CURVE('',#7625,#7621,#979,.T.);
#6237=EDGE_CURVE('',#7626,#7627,#980,.T.);
#6238=EDGE_CURVE('',#7628,#7626,#8368,.T.);
#6239=EDGE_CURVE('',#7629,#7628,#981,.F.);
#6240=EDGE_CURVE('',#7630,#7629,#8369,.T.);
#6241=EDGE_CURVE('',#7631,#7630,#982,.T.);
#6242=EDGE_CURVE('',#7632,#7631,#8370,.T.);
#6243=EDGE_CURVE('',#7633,#7632,#983,.T.);
#6244=EDGE_CURVE('',#7634,#7633,#8371,.T.);
#6245=EDGE_CURVE('',#7635,#7634,#984,.T.);
#6246=EDGE_CURVE('',#7627,#7635,#8372,.T.);
#6247=EDGE_CURVE('',#7636,#7637,#985,.T.);
#6248=EDGE_CURVE('',#7637,#7638,#986,.T.);
#6249=EDGE_CURVE('',#7639,#7638,#987,.T.);
#6250=EDGE_CURVE('',#7640,#7639,#988,.F.);
#6251=EDGE_CURVE('',#7641,#7640,#8373,.F.);
#6252=EDGE_CURVE('',#7642,#7641,#989,.F.);
#6253=EDGE_CURVE('',#7636,#7642,#990,.T.);
#6254=EDGE_CURVE('',#7643,#7644,#8374,.F.);
#6255=EDGE_CURVE('',#7645,#7644,#991,.T.);
#6256=EDGE_CURVE('',#7645,#7646,#992,.T.);
#6257=EDGE_CURVE('',#7646,#7647,#993,.T.);
#6258=EDGE_CURVE('',#7643,#7647,#994,.T.);
#6259=EDGE_CURVE('',#7648,#7649,#8375,.T.);
#6260=EDGE_CURVE('',#7649,#7650,#995,.T.);
#6261=EDGE_CURVE('',#7651,#7650,#996,.T.);
#6262=EDGE_CURVE('',#7648,#7651,#997,.T.);
#6263=EDGE_CURVE('',#7652,#7488,#998,.F.);
#6264=EDGE_CURVE('',#7652,#7653,#999,.T.);
#6265=EDGE_CURVE('',#7654,#7653,#1000,.T.);
#6266=EDGE_CURVE('',#7655,#7654,#1001,.F.);
#6267=EDGE_CURVE('',#7656,#7655,#1002,.F.);
#6268=EDGE_CURVE('',#7487,#7656,#1003,.T.);
#6269=EDGE_CURVE('',#7657,#7537,#1004,.F.);
#6270=EDGE_CURVE('',#7658,#7657,#1005,.T.);
#6271=EDGE_CURVE('',#7659,#7658,#1006,.T.);
#6272=EDGE_CURVE('',#7659,#7660,#1007,.T.);
#6273=EDGE_CURVE('',#7661,#7660,#1008,.F.);
#6274=EDGE_CURVE('',#7510,#7661,#1009,.F.);
#6275=EDGE_CURVE('',#7519,#7361,#8376,.F.);
#6276=EDGE_CURVE('',#7362,#7518,#8377,.T.);
#6277=EDGE_CURVE('',#7356,#7524,#8378,.T.);
#6278=EDGE_CURVE('',#7525,#7355,#8379,.T.);
#6279=EDGE_CURVE('',#7662,#7653,#1010,.T.);
#6280=EDGE_CURVE('',#7663,#7662,#1011,.T.);
#6281=EDGE_CURVE('',#7664,#7663,#1012,.T.);
#6282=EDGE_CURVE('',#7659,#7664,#1013,.T.);
#6283=EDGE_CURVE('',#7654,#7658,#8380,.F.);
#6284=EDGE_CURVE('',#7637,#7651,#1014,.T.);
#6285=EDGE_CURVE('',#7650,#7662,#1015,.T.);
#6286=EDGE_CURVE('',#7638,#7652,#8381,.T.);
#6287=EDGE_CURVE('',#7664,#7648,#1016,.T.);
#6288=EDGE_CURVE('',#7660,#7636,#8382,.T.);
#6289=EDGE_CURVE('',#7523,#7665,#8383,.T.);
#6290=EDGE_CURVE('',#7522,#7666,#8384,.T.);
#6291=EDGE_CURVE('',#7666,#7665,#402,.T.);
#6292=EDGE_CURVE('',#7524,#7667,#8385,.T.);
#6293=EDGE_CURVE('',#7665,#7667,#1017,.F.);
#6294=EDGE_CURVE('',#7356,#7668,#8386,.T.);
#6295=EDGE_CURVE('',#7667,#7668,#8387,.F.);
#6296=EDGE_CURVE('',#7668,#7669,#1018,.F.);
#6297=EDGE_CURVE('',#7669,#7357,#8388,.T.);
#6298=EDGE_CURVE('',#7669,#7670,#403,.T.);
#6299=EDGE_CURVE('',#7670,#7358,#8389,.T.);
#6300=EDGE_CURVE('',#7671,#7672,#271,.F.);
#6301=EDGE_CURVE('',#7672,#7673,#272,.T.);
#6302=EDGE_CURVE('',#7673,#7671,#273,.F.);
#6303=EDGE_CURVE('',#7673,#7674,#1019,.T.);
#6304=EDGE_CURVE('',#7675,#7673,#404,.F.);
#6305=EDGE_CURVE('',#7676,#7675,#1020,.T.);
#6306=EDGE_CURVE('',#7676,#7677,#1021,.T.);
#6307=EDGE_CURVE('',#7674,#7677,#1022,.F.);
#6308=EDGE_CURVE('',#7678,#7676,#8390,.T.);
#6309=EDGE_CURVE('',#7678,#7679,#1023,.T.);
#6310=EDGE_CURVE('',#7677,#7679,#8391,.F.);
#6311=EDGE_CURVE('',#7635,#7680,#8392,.T.);
#6312=EDGE_CURVE('',#7634,#7679,#8393,.T.);
#6313=EDGE_CURVE('',#7679,#7680,#1024,.F.);
#6314=EDGE_CURVE('',#7627,#7681,#8394,.T.);
#6315=EDGE_CURVE('',#7680,#7681,#8395,.F.);
#6316=EDGE_CURVE('',#7682,#7626,#8396,.T.);
#6317=EDGE_CURVE('',#7681,#7682,#1025,.F.);
#6318=EDGE_CURVE('',#7682,#7683,#8397,.F.);
#6319=EDGE_CURVE('',#7683,#7628,#8398,.T.);
#6320=EDGE_CURVE('',#7684,#7683,#1026,.T.);
#6321=EDGE_CURVE('',#7685,#7684,#1027,.F.);
#6322=EDGE_CURVE('',#7686,#7685,#1028,.F.);
#6323=EDGE_CURVE('',#7683,#7686,#1029,.T.);
#6324=EDGE_CURVE('',#7686,#7629,#8399,.T.);
#6325=EDGE_CURVE('',#7686,#7687,#8400,.F.);
#6326=EDGE_CURVE('',#7687,#7630,#8401,.T.);
#6327=EDGE_CURVE('',#7682,#7688,#1030,.F.);
#6328=EDGE_CURVE('',#7688,#7684,#8402,.T.);
#6329=EDGE_CURVE('',#7689,#7688,#8403,.T.);
#6330=EDGE_CURVE('',#7689,#7684,#8404,.F.);
#6331=EDGE_CURVE('',#7669,#7689,#1031,.F.);
#6332=EDGE_CURVE('',#7688,#7670,#1032,.T.);
#6333=EDGE_CURVE('',#7670,#7690,#1033,.T.);
#6334=EDGE_CURVE('',#7690,#7359,#8405,.T.);
#6335=EDGE_CURVE('',#7690,#7691,#405,.T.);
#6336=EDGE_CURVE('',#7691,#7360,#8406,.T.);
#6337=EDGE_CURVE('',#7691,#7692,#1034,.T.);
#6338=EDGE_CURVE('',#7692,#7361,#8407,.T.);
#6339=EDGE_CURVE('',#7692,#7693,#8408,.T.);
#6340=EDGE_CURVE('',#7693,#7519,#8409,.T.);
#6341=EDGE_CURVE('',#7693,#7694,#1035,.T.);
#6342=EDGE_CURVE('',#7520,#7694,#8410,.T.);
#6343=EDGE_CURVE('',#7521,#7695,#8411,.T.);
#6344=EDGE_CURVE('',#7694,#7695,#406,.T.);
#6345=EDGE_CURVE('',#7695,#7666,#1036,.T.);
#6346=EDGE_CURVE('',#7666,#7696,#1037,.T.);
#6347=EDGE_CURVE('',#7696,#7697,#8412,.T.);
#6348=EDGE_CURVE('',#7697,#7665,#1038,.F.);
#6349=EDGE_CURVE('',#7685,#7696,#8413,.T.);
#6350=EDGE_CURVE('',#7685,#7697,#8414,.F.);
#6351=EDGE_CURVE('',#7689,#7697,#1039,.T.);
#6352=EDGE_CURVE('',#7696,#7687,#1040,.T.);
#6353=EDGE_CURVE('',#7687,#7698,#1041,.F.);
#6354=EDGE_CURVE('',#7698,#7631,#8415,.T.);
#6355=EDGE_CURVE('',#7632,#7674,#8416,.T.);
#6356=EDGE_CURVE('',#7698,#7674,#8417,.F.);
#6357=EDGE_CURVE('',#7633,#7677,#8418,.T.);
#6358=EDGE_CURVE('',#7699,#7678,#1042,.T.);
#6359=EDGE_CURVE('',#7700,#7699,#274,.F.);
#6360=EDGE_CURVE('',#7680,#7700,#1043,.F.);
#6361=EDGE_CURVE('',#7701,#7699,#275,.T.);
#6362=EDGE_CURVE('',#7701,#7702,#276,.F.);
#6363=EDGE_CURVE('',#7702,#7700,#277,.F.);
#6364=EDGE_CURVE('',#7702,#7703,#278,.T.);
#6365=EDGE_CURVE('',#7703,#7700,#279,.T.);
#6366=EDGE_CURVE('',#7703,#7681,#1044,.T.);
#6367=EDGE_CURVE('',#7690,#7703,#1045,.T.);
#6368=EDGE_CURVE('',#7701,#7691,#1046,.F.);
#6369=EDGE_CURVE('',#7704,#7678,#8419,.T.);
#6370=EDGE_CURVE('',#7704,#7701,#1047,.F.);
#6371=EDGE_CURVE('',#7705,#7676,#8420,.T.);
#6372=EDGE_CURVE('',#7705,#7704,#8421,.F.);
#6373=EDGE_CURVE('',#7706,#7675,#8422,.T.);
#6374=EDGE_CURVE('',#7706,#7705,#1048,.F.);
#6375=EDGE_CURVE('',#7672,#7706,#407,.F.);
#6376=EDGE_CURVE('',#7698,#7671,#1049,.F.);
#6377=EDGE_CURVE('',#7671,#7695,#1050,.T.);
#6378=EDGE_CURVE('',#7694,#7706,#1051,.F.);
#6379=EDGE_CURVE('',#7362,#7640,#8423,.T.);
#6380=EDGE_CURVE('',#7363,#7639,#8424,.T.);
#6381=EDGE_CURVE('',#7518,#7641,#8425,.T.);
#6382=EDGE_CURVE('',#7642,#7517,#8426,.F.);
#6383=EDGE_CURVE('',#7707,#7664,#1052,.T.);
#6384=EDGE_CURVE('',#7707,#7708,#1053,.T.);
#6385=EDGE_CURVE('',#7708,#7648,#8427,.T.);
#6386=EDGE_CURVE('',#7650,#7709,#1054,.T.);
#6387=EDGE_CURVE('',#7710,#7709,#8428,.F.);
#6388=EDGE_CURVE('',#7710,#7711,#1055,.T.);
#6389=EDGE_CURVE('',#7662,#7711,#1056,.T.);
#6390=EDGE_CURVE('',#7646,#7712,#1057,.T.);
#6391=EDGE_CURVE('',#7713,#7712,#1058,.T.);
#6392=EDGE_CURVE('',#7663,#7713,#1059,.T.);
#6393=EDGE_CURVE('',#7647,#7711,#1060,.T.);
#6394=EDGE_CURVE('',#7624,#7714,#1061,.T.);
#6395=EDGE_CURVE('',#7707,#7623,#1062,.T.);
#6396=EDGE_CURVE('',#7714,#7713,#1063,.T.);
#6397=EDGE_CURVE('',#7715,#7712,#1064,.T.);
#6398=EDGE_CURVE('',#7714,#7715,#1065,.T.);
#6399=EDGE_CURVE('',#7645,#7716,#1066,.T.);
#6400=EDGE_CURVE('',#7716,#7717,#408,.T.);
#6401=EDGE_CURVE('',#7717,#7718,#1067,.T.);
#6402=EDGE_CURVE('',#7715,#7718,#1068,.T.);
#6403=EDGE_CURVE('',#7625,#7719,#1069,.T.);
#6404=EDGE_CURVE('',#7720,#7718,#1070,.T.);
#6405=EDGE_CURVE('',#7719,#7720,#409,.F.);
#6406=EDGE_CURVE('',#7710,#7643,#1071,.T.);
#6407=EDGE_CURVE('',#7708,#7622,#1072,.T.);
#6408=EDGE_CURVE('',#7649,#7721,#1073,.F.);
#6409=EDGE_CURVE('',#7721,#7722,#1074,.F.);
#6410=EDGE_CURVE('',#7722,#7709,#1075,.T.);
#6411=EDGE_CURVE('',#7723,#7722,#8429,.T.);
#6412=EDGE_CURVE('',#7644,#7723,#1076,.F.);
#6413=EDGE_CURVE('',#7724,#7723,#8430,.T.);
#6414=EDGE_CURVE('',#7724,#7722,#8431,.T.);
#6415=EDGE_CURVE('',#7717,#7724,#1077,.F.);
#6416=EDGE_CURVE('',#7723,#7716,#1078,.T.);
#6417=EDGE_CURVE('',#7719,#7725,#1079,.T.);
#6418=EDGE_CURVE('',#7726,#7720,#1080,.F.);
#6419=EDGE_CURVE('',#7725,#7726,#8432,.F.);
#6420=EDGE_CURVE('',#7721,#7725,#8433,.F.);
#6421=EDGE_CURVE('',#7721,#7726,#8434,.F.);
#6422=EDGE_CURVE('',#7724,#7726,#1081,.F.);
#6423=EDGE_CURVE('',#7725,#7621,#1082,.T.);
#6424=EDGE_CURVE('',#7661,#7517,#8435,.T.);
#6425=EDGE_CURVE('',#7661,#7642,#8436,.T.);
#6426=EDGE_CURVE('',#7354,#7656,#8437,.F.);
#6427=EDGE_CURVE('',#7639,#7488,#8438,.T.);
#6428=EDGE_CURVE('',#7655,#7657,#8439,.F.);
#6429=EDGE_CURVE('',#7656,#7618,#8440,.T.);
#6430=EDGE_CURVE('',#7618,#7354,#8441,.T.);
#6431=EDGE_CURVE('',#7616,#7355,#8442,.T.);
#6432=EDGE_CURVE('',#7655,#7619,#8443,.T.);
#6433=EDGE_CURVE('',#7617,#7525,#8444,.T.);
#6434=EDGE_CURVE('',#7657,#7619,#8445,.T.);
#6435=EDGE_CURVE('',#7620,#7526,#8446,.T.);
#6436=EDGE_CURVE('',#7537,#7620,#8447,.T.);
#6437=EDGE_CURVE('',#7501,#7727,#1083,.F.);
#6438=EDGE_CURVE('',#7727,#7536,#8448,.T.);
#6439=EDGE_CURVE('',#7728,#7729,#8449,.F.);
#6440=EDGE_CURVE('',#7730,#7728,#1084,.F.);
#6441=EDGE_CURVE('',#7730,#7731,#8450,.F.);
#6442=EDGE_CURVE('',#7729,#7731,#1085,.T.);
#6443=EDGE_CURVE('',#7732,#7733,#1086,.T.);
#6444=EDGE_CURVE('',#7732,#7734,#8451,.T.);
#6445=EDGE_CURVE('',#7735,#7734,#1087,.F.);
#6446=EDGE_CURVE('',#7733,#7735,#8452,.T.);
#6447=EDGE_CURVE('',#7736,#7737,#280,.T.);
#6448=EDGE_CURVE('',#7737,#7738,#1088,.T.);
#6449=EDGE_CURVE('',#7738,#7739,#1089,.T.);
#6450=EDGE_CURVE('',#7739,#7740,#1090,.T.);
#6451=EDGE_CURVE('',#7740,#7741,#281,.T.);
#6452=EDGE_CURVE('',#7736,#7741,#1091,.T.);
#6453=EDGE_CURVE('',#7742,#7743,#282,.T.);
#6454=EDGE_CURVE('',#7743,#7736,#283,.T.);
#6455=EDGE_CURVE('',#7741,#7744,#284,.T.);
#6456=EDGE_CURVE('',#7744,#7745,#285,.T.);
#6457=EDGE_CURVE('',#7742,#7745,#1092,.T.);
#6458=EDGE_CURVE('',#7746,#7747,#286,.T.);
#6459=EDGE_CURVE('',#7747,#7742,#1093,.T.);
#6460=EDGE_CURVE('',#7745,#7748,#1094,.T.);
#6461=EDGE_CURVE('',#7748,#7749,#287,.T.);
#6462=EDGE_CURVE('',#7746,#7749,#1095,.T.);
#6463=EDGE_CURVE('',#7750,#7751,#1096,.T.);
#6464=EDGE_CURVE('',#7750,#7746,#288,.T.);
#6465=EDGE_CURVE('',#7749,#7751,#289,.T.);
#6466=EDGE_CURVE('',#7752,#7753,#1097,.T.);
#6467=EDGE_CURVE('',#7753,#7750,#8453,.T.);
#6468=EDGE_CURVE('',#7751,#7754,#8454,.T.);
#6469=EDGE_CURVE('',#7754,#7755,#1098,.T.);
#6470=EDGE_CURVE('',#7755,#7756,#8455,.T.);
#6471=EDGE_CURVE('',#7756,#7757,#1099,.T.);
#6472=EDGE_CURVE('',#7757,#7758,#1100,.F.);
#6473=EDGE_CURVE('',#7758,#7759,#8456,.F.);
#6474=EDGE_CURVE('',#7759,#7760,#1101,.F.);
#6475=EDGE_CURVE('',#7760,#7761,#1102,.F.);
#6476=EDGE_CURVE('',#7761,#7752,#8457,.T.);
#6477=EDGE_CURVE('',#7762,#7763,#1103,.T.);
#6478=EDGE_CURVE('',#7763,#7764,#1104,.T.);
#6479=EDGE_CURVE('',#7764,#7765,#8458,.F.);
#6480=EDGE_CURVE('',#7765,#7766,#1105,.T.);
#6481=EDGE_CURVE('',#7766,#7767,#8459,.F.);
#6482=EDGE_CURVE('',#7767,#7768,#1106,.F.);
#6483=EDGE_CURVE('',#7768,#7769,#1107,.F.);
#6484=EDGE_CURVE('',#7769,#7770,#1108,.T.);
#6485=EDGE_CURVE('',#7770,#7771,#410,.T.);
#6486=EDGE_CURVE('',#7771,#7762,#1109,.T.);
#6487=EDGE_CURVE('',#7772,#7773,#8460,.F.);
#6488=EDGE_CURVE('',#7773,#7774,#1110,.F.);
#6489=EDGE_CURVE('',#7775,#7774,#1111,.T.);
#6490=EDGE_CURVE('',#7775,#7776,#1112,.T.);
#6491=EDGE_CURVE('',#7776,#7777,#411,.T.);
#6492=EDGE_CURVE('',#7777,#7778,#1113,.F.);
#6493=EDGE_CURVE('',#7778,#7779,#1114,.F.);
#6494=EDGE_CURVE('',#7779,#7780,#1115,.F.);
#6495=EDGE_CURVE('',#7780,#7781,#8461,.F.);
#6496=EDGE_CURVE('',#7781,#7772,#1116,.F.);
#6497=EDGE_CURVE('',#7782,#7783,#1117,.T.);
#6498=EDGE_CURVE('',#7782,#7784,#1118,.F.);
#6499=EDGE_CURVE('',#7784,#7785,#1119,.T.);
#6500=EDGE_CURVE('',#7785,#7783,#1120,.T.);
#6501=EDGE_CURVE('',#7786,#7787,#1121,.T.);
#6502=EDGE_CURVE('',#7786,#7782,#8462,.T.);
#6503=EDGE_CURVE('',#7783,#7787,#8463,.T.);
#6504=EDGE_CURVE('',#7788,#7789,#1122,.T.);
#6505=EDGE_CURVE('',#7788,#7786,#1123,.F.);
#6506=EDGE_CURVE('',#7787,#7789,#1124,.T.);
#6507=EDGE_CURVE('',#7738,#7788,#8464,.T.);
#6508=EDGE_CURVE('',#7789,#7739,#8465,.T.);
#6509=EDGE_CURVE('',#7734,#7790,#1125,.T.);
#6510=EDGE_CURVE('',#7790,#7791,#1126,.F.);
#6511=EDGE_CURVE('',#7791,#7735,#1127,.T.);
#6512=EDGE_CURVE('',#7733,#7792,#1128,.T.);
#6513=EDGE_CURVE('',#7792,#7793,#1129,.F.);
#6514=EDGE_CURVE('',#7793,#7732,#1130,.T.);
#6515=EDGE_CURVE('',#7794,#7795,#1131,.F.);
#6516=EDGE_CURVE('',#7795,#7796,#412,.T.);
#6517=EDGE_CURVE('',#7796,#7797,#1132,.T.);
#6518=EDGE_CURVE('',#7797,#7798,#1133,.F.);
#6519=EDGE_CURVE('',#7798,#7794,#1134,.T.);
#6520=EDGE_CURVE('',#7799,#7800,#290,.T.);
#6521=EDGE_CURVE('',#7800,#7794,#291,.T.);
#6522=EDGE_CURVE('',#7798,#7799,#8466,.F.);
#6523=EDGE_CURVE('',#7801,#7802,#1135,.T.);
#6524=EDGE_CURVE('',#7802,#7803,#292,.T.);
#6525=EDGE_CURVE('',#7803,#7804,#1136,.F.);
#6526=EDGE_CURVE('',#7805,#7804,#1137,.T.);
#6527=EDGE_CURVE('',#7805,#7801,#1138,.F.);
#6528=EDGE_CURVE('',#7804,#7806,#293,.T.);
#6529=EDGE_CURVE('',#7806,#7807,#294,.T.);
#6530=EDGE_CURVE('',#7807,#7805,#8467,.F.);
#6531=EDGE_CURVE('',#7768,#7808,#295,.T.);
#6532=EDGE_CURVE('',#7808,#7802,#296,.T.);
#6533=EDGE_CURVE('',#7801,#7769,#8468,.F.);
#6534=EDGE_CURVE('',#7796,#7809,#297,.T.);
#6535=EDGE_CURVE('',#7809,#7779,#298,.T.);
#6536=EDGE_CURVE('',#7778,#7797,#8469,.F.);
#6537=EDGE_CURVE('',#7757,#7790,#413,.T.);
#6538=EDGE_CURVE('',#7758,#7734,#8470,.T.);
#6539=EDGE_CURVE('',#7759,#7732,#8471,.T.);
#6540=EDGE_CURVE('',#7793,#7760,#414,.T.);
#6541=EDGE_CURVE('',#7762,#7792,#8472,.T.);
#6542=EDGE_CURVE('',#7793,#7771,#8473,.T.);
#6543=EDGE_CURVE('',#7760,#7770,#8474,.T.);
#6544=EDGE_CURVE('',#7761,#7769,#8475,.T.);
#6545=EDGE_CURVE('',#7752,#7801,#8476,.T.);
#6546=EDGE_CURVE('',#7753,#7805,#8477,.T.);
#6547=EDGE_CURVE('',#7750,#7807,#8478,.T.);
#6548=EDGE_CURVE('',#7746,#7806,#299,.T.);
#6549=EDGE_CURVE('',#7747,#7804,#300,.T.);
#6550=EDGE_CURVE('',#7742,#7803,#301,.F.);
#6551=EDGE_CURVE('',#7743,#7802,#302,.F.);
#6552=EDGE_CURVE('',#7736,#7808,#303,.F.);
#6553=EDGE_CURVE('',#7737,#7768,#304,.T.);
#6554=EDGE_CURVE('',#7738,#7767,#8479,.T.);
#6555=EDGE_CURVE('',#7788,#7766,#8480,.T.);
#6556=EDGE_CURVE('',#7786,#7765,#8481,.T.);
#6557=EDGE_CURVE('',#7782,#7764,#8482,.T.);
#6558=EDGE_CURVE('',#7784,#7763,#415,.T.);
#6559=EDGE_CURVE('',#7791,#7775,#8483,.T.);
#6560=EDGE_CURVE('',#7776,#7790,#8484,.T.);
#6561=EDGE_CURVE('',#7777,#7757,#8485,.T.);
#6562=EDGE_CURVE('',#7778,#7756,#8486,.T.);
#6563=EDGE_CURVE('',#7797,#7755,#8487,.T.);
#6564=EDGE_CURVE('',#7798,#7754,#8488,.T.);
#6565=EDGE_CURVE('',#7799,#7751,#8489,.T.);
#6566=EDGE_CURVE('',#7800,#7749,#305,.T.);
#6567=EDGE_CURVE('',#7794,#7748,#306,.T.);
#6568=EDGE_CURVE('',#7795,#7745,#307,.F.);
#6569=EDGE_CURVE('',#7796,#7744,#308,.F.);
#6570=EDGE_CURVE('',#7809,#7741,#309,.T.);
#6571=EDGE_CURVE('',#7779,#7740,#310,.T.);
#6572=EDGE_CURVE('',#7780,#7739,#8490,.T.);
#6573=EDGE_CURVE('',#7781,#7789,#8491,.T.);
#6574=EDGE_CURVE('',#7772,#7787,#8492,.T.);
#6575=EDGE_CURVE('',#7773,#7783,#8493,.T.);
#6576=EDGE_CURVE('',#7774,#7785,#416,.T.);
#6577=EDGE_CURVE('',#7810,#7811,#8494,.F.);
#6578=EDGE_CURVE('',#7811,#7812,#1139,.F.);
#6579=EDGE_CURVE('',#7812,#7813,#1140,.T.);
#6580=EDGE_CURVE('',#7813,#7814,#1141,.T.);
#6581=EDGE_CURVE('',#7814,#7810,#1142,.F.);
#6582=EDGE_CURVE('',#7815,#7816,#8495,.F.);
#6583=EDGE_CURVE('',#7817,#7815,#1143,.T.);
#6584=EDGE_CURVE('',#7818,#7817,#1144,.T.);
#6585=EDGE_CURVE('',#7819,#7818,#1145,.T.);
#6586=EDGE_CURVE('',#7819,#7816,#1146,.T.);
#6587=EDGE_CURVE('',#7820,#7821,#1147,.T.);
#6588=EDGE_CURVE('',#7821,#7822,#8496,.T.);
#6589=EDGE_CURVE('',#7822,#7823,#1148,.T.);
#6590=EDGE_CURVE('',#7823,#7824,#8497,.T.);
#6591=EDGE_CURVE('',#7824,#7825,#1149,.T.);
#6592=EDGE_CURVE('',#7825,#7826,#8498,.T.);
#6593=EDGE_CURVE('',#7826,#7827,#1150,.T.);
#6594=EDGE_CURVE('',#7827,#7828,#8499,.T.);
#6595=EDGE_CURVE('',#7828,#7829,#1151,.F.);
#6596=EDGE_CURVE('',#7829,#7820,#8500,.T.);
#6597=EDGE_CURVE('',#7830,#7831,#1152,.T.);
#6598=EDGE_CURVE('',#7830,#7832,#1153,.T.);
#6599=EDGE_CURVE('',#7832,#7833,#1154,.F.);
#6600=EDGE_CURVE('',#7833,#7834,#8501,.F.);
#6601=EDGE_CURVE('',#7834,#7835,#1155,.F.);
#6602=EDGE_CURVE('',#7835,#7836,#1156,.T.);
#6603=EDGE_CURVE('',#7831,#7836,#1157,.T.);
#6604=EDGE_CURVE('',#7837,#7838,#8502,.F.);
#6605=EDGE_CURVE('',#7837,#7839,#1158,.T.);
#6606=EDGE_CURVE('',#7840,#7839,#1159,.T.);
#6607=EDGE_CURVE('',#7841,#7840,#1160,.T.);
#6608=EDGE_CURVE('',#7841,#7838,#1161,.T.);
#6609=EDGE_CURVE('',#7842,#7843,#8503,.T.);
#6610=EDGE_CURVE('',#7842,#7844,#1162,.T.);
#6611=EDGE_CURVE('',#7844,#7845,#1163,.T.);
#6612=EDGE_CURVE('',#7843,#7845,#1164,.T.);
#6613=EDGE_CURVE('',#7846,#7847,#1165,.T.);
#6614=EDGE_CURVE('',#7847,#7729,#1166,.T.);
#6615=EDGE_CURVE('',#7731,#7848,#1167,.F.);
#6616=EDGE_CURVE('',#7848,#7849,#1168,.F.);
#6617=EDGE_CURVE('',#7849,#7850,#1169,.T.);
#6618=EDGE_CURVE('',#7851,#7850,#1170,.T.);
#6619=EDGE_CURVE('',#7851,#7852,#1171,.F.);
#6620=EDGE_CURVE('',#7852,#7853,#1172,.T.);
#6621=EDGE_CURVE('',#7853,#7846,#1173,.T.);
#6622=EDGE_CURVE('',#7727,#7854,#1174,.F.);
#6623=EDGE_CURVE('',#7855,#7854,#1175,.T.);
#6624=EDGE_CURVE('',#7855,#7856,#1176,.T.);
#6625=EDGE_CURVE('',#7856,#7857,#1177,.T.);
#6626=EDGE_CURVE('',#7857,#7858,#1178,.F.);
#6627=EDGE_CURVE('',#7858,#7504,#1179,.F.);
#6628=EDGE_CURVE('',#7859,#7860,#1180,.T.);
#6629=EDGE_CURVE('',#7859,#7535,#8504,.T.);
#6630=EDGE_CURVE('',#7534,#7860,#8505,.F.);
#6631=EDGE_CURVE('',#7528,#7861,#8506,.T.);
#6632=EDGE_CURVE('',#7862,#7861,#1181,.T.);
#6633=EDGE_CURVE('',#7862,#7529,#8507,.T.);
#6634=EDGE_CURVE('',#7854,#7830,#8508,.T.);
#6635=EDGE_CURVE('',#7831,#7844,#1182,.T.);
#6636=EDGE_CURVE('',#7863,#7842,#1183,.T.);
#6637=EDGE_CURVE('',#7855,#7863,#1184,.T.);
#6638=EDGE_CURVE('',#7836,#7851,#8509,.T.);
#6639=EDGE_CURVE('',#7864,#7850,#1185,.T.);
#6640=EDGE_CURVE('',#7845,#7864,#1186,.T.);
#6641=EDGE_CURVE('',#7849,#7856,#8510,.F.);
#6642=EDGE_CURVE('',#7863,#7865,#1187,.T.);
#6643=EDGE_CURVE('',#7865,#7864,#1188,.T.);
#6644=EDGE_CURVE('',#7861,#7730,#1189,.T.);
#6645=EDGE_CURVE('',#7728,#7866,#1190,.T.);
#6646=EDGE_CURVE('',#7866,#7867,#8511,.T.);
#6647=EDGE_CURVE('',#7867,#7868,#1191,.T.);
#6648=EDGE_CURVE('',#7868,#7869,#8512,.T.);
#6649=EDGE_CURVE('',#7869,#7870,#1192,.T.);
#6650=EDGE_CURVE('',#7871,#7870,#1193,.F.);
#6651=EDGE_CURVE('',#7872,#7871,#1194,.T.);
#6652=EDGE_CURVE('',#7873,#7872,#1195,.T.);
#6653=EDGE_CURVE('',#7874,#7873,#1196,.T.);
#6654=EDGE_CURVE('',#7875,#7874,#417,.T.);
#6655=EDGE_CURVE('',#7876,#7875,#1197,.F.);
#6656=EDGE_CURVE('',#7877,#7876,#418,.T.);
#6657=EDGE_CURVE('',#7878,#7877,#1198,.F.);
#6658=EDGE_CURVE('',#7879,#7878,#1199,.T.);
#6659=EDGE_CURVE('',#7880,#7879,#1200,.T.);
#6660=EDGE_CURVE('',#7881,#7880,#1201,.F.);
#6661=EDGE_CURVE('',#7881,#7882,#1202,.T.);
#6662=EDGE_CURVE('',#7882,#7883,#8513,.T.);
#6663=EDGE_CURVE('',#7883,#7884,#1203,.T.);
#6664=EDGE_CURVE('',#7884,#7885,#8514,.T.);
#6665=EDGE_CURVE('',#7885,#7886,#1204,.T.);
#6666=EDGE_CURVE('',#7886,#7887,#1205,.F.);
#6667=EDGE_CURVE('',#7887,#7859,#1206,.T.);
#6668=EDGE_CURVE('',#7860,#7888,#1207,.F.);
#6669=EDGE_CURVE('',#7888,#7889,#419,.T.);
#6670=EDGE_CURVE('',#7889,#7890,#1208,.F.);
#6671=EDGE_CURVE('',#7890,#7891,#420,.T.);
#6672=EDGE_CURVE('',#7891,#7862,#1209,.T.);
#6673=EDGE_CURVE('',#7530,#7892,#8515,.T.);
#6674=EDGE_CURVE('',#7893,#7892,#421,.T.);
#6675=EDGE_CURVE('',#7531,#7893,#8516,.T.);
#6676=EDGE_CURVE('',#7529,#7894,#8517,.T.);
#6677=EDGE_CURVE('',#7892,#7894,#1210,.F.);
#6678=EDGE_CURVE('',#7862,#7895,#8518,.T.);
#6679=EDGE_CURVE('',#7894,#7895,#8519,.F.);
#6680=EDGE_CURVE('',#7896,#7891,#8520,.T.);
#6681=EDGE_CURVE('',#7895,#7896,#1211,.F.);
#6682=EDGE_CURVE('',#7897,#7890,#8521,.T.);
#6683=EDGE_CURVE('',#7896,#7897,#422,.T.);
#6684=EDGE_CURVE('',#7898,#7899,#311,.T.);
#6685=EDGE_CURVE('',#7900,#7898,#312,.T.);
#6686=EDGE_CURVE('',#7899,#7900,#313,.F.);
#6687=EDGE_CURVE('',#7900,#7901,#1212,.T.);
#6688=EDGE_CURVE('',#7901,#7902,#1213,.F.);
#6689=EDGE_CURVE('',#7903,#7902,#1214,.T.);
#6690=EDGE_CURVE('',#7903,#7904,#1215,.T.);
#6691=EDGE_CURVE('',#7904,#7900,#314,.T.);
#6692=EDGE_CURVE('',#7902,#7905,#8522,.F.);
#6693=EDGE_CURVE('',#7906,#7905,#1216,.T.);
#6694=EDGE_CURVE('',#7906,#7903,#8523,.T.);
#6695=EDGE_CURVE('',#7822,#7907,#8524,.T.);
#6696=EDGE_CURVE('',#7905,#7907,#1217,.F.);
#6697=EDGE_CURVE('',#7823,#7905,#8525,.T.);
#6698=EDGE_CURVE('',#7821,#7908,#8526,.T.);
#6699=EDGE_CURVE('',#7907,#7908,#8527,.F.);
#6700=EDGE_CURVE('',#7909,#7820,#8528,.T.);
#6701=EDGE_CURVE('',#7908,#7909,#1218,.F.);
#6702=EDGE_CURVE('',#7910,#7829,#8529,.T.);
#6703=EDGE_CURVE('',#7909,#7910,#8530,.F.);
#6704=EDGE_CURVE('',#7911,#7910,#1219,.T.);
#6705=EDGE_CURVE('',#7910,#7912,#1220,.T.);
#6706=EDGE_CURVE('',#7912,#7913,#1221,.F.);
#6707=EDGE_CURVE('',#7913,#7911,#1222,.F.);
#6708=EDGE_CURVE('',#7912,#7828,#8531,.T.);
#6709=EDGE_CURVE('',#7914,#7827,#8532,.T.);
#6710=EDGE_CURVE('',#7912,#7914,#8533,.F.);
#6711=EDGE_CURVE('',#7909,#7915,#1223,.F.);
#6712=EDGE_CURVE('',#7915,#7911,#8534,.T.);
#6713=EDGE_CURVE('',#7916,#7915,#8535,.T.);
#6714=EDGE_CURVE('',#7916,#7911,#8536,.F.);
#6715=EDGE_CURVE('',#7896,#7916,#1224,.F.);
#6716=EDGE_CURVE('',#7915,#7897,#1225,.T.);
#6717=EDGE_CURVE('',#7917,#7889,#8537,.T.);
#6718=EDGE_CURVE('',#7897,#7917,#1226,.T.);
#6719=EDGE_CURVE('',#7918,#7888,#8538,.T.);
#6720=EDGE_CURVE('',#7917,#7918,#423,.T.);
#6721=EDGE_CURVE('',#7919,#7860,#8539,.T.);
#6722=EDGE_CURVE('',#7918,#7919,#1227,.T.);
#6723=EDGE_CURVE('',#7920,#7534,#8540,.T.);
#6724=EDGE_CURVE('',#7919,#7920,#8541,.T.);
#6725=EDGE_CURVE('',#7533,#7921,#8542,.T.);
#6726=EDGE_CURVE('',#7920,#7921,#1228,.T.);
#6727=EDGE_CURVE('',#7532,#7922,#8543,.T.);
#6728=EDGE_CURVE('',#7921,#7922,#424,.T.);
#6729=EDGE_CURVE('',#7922,#7893,#1229,.T.);
#6730=EDGE_CURVE('',#7893,#7923,#1230,.T.);
#6731=EDGE_CURVE('',#7924,#7892,#1231,.F.);
#6732=EDGE_CURVE('',#7923,#7924,#8544,.T.);
#6733=EDGE_CURVE('',#7913,#7923,#8545,.T.);
#6734=EDGE_CURVE('',#7913,#7924,#8546,.F.);
#6735=EDGE_CURVE('',#7916,#7924,#1232,.T.);
#6736=EDGE_CURVE('',#7923,#7914,#1233,.T.);
#6737=EDGE_CURVE('',#7925,#7826,#8547,.T.);
#6738=EDGE_CURVE('',#7914,#7925,#1234,.F.);
#6739=EDGE_CURVE('',#7825,#7901,#8548,.T.);
#6740=EDGE_CURVE('',#7925,#7901,#8549,.F.);
#6741=EDGE_CURVE('',#7824,#7902,#8550,.T.);
#6742=EDGE_CURVE('',#7907,#7926,#1235,.F.);
#6743=EDGE_CURVE('',#7926,#7927,#315,.T.);
#6744=EDGE_CURVE('',#7927,#7906,#1236,.T.);
#6745=EDGE_CURVE('',#7928,#7927,#316,.F.);
#6746=EDGE_CURVE('',#7929,#7926,#317,.F.);
#6747=EDGE_CURVE('',#7928,#7929,#318,.T.);
#6748=EDGE_CURVE('',#7930,#7926,#319,.T.);
#6749=EDGE_CURVE('',#7929,#7930,#320,.T.);
#6750=EDGE_CURVE('',#7930,#7908,#1237,.T.);
#6751=EDGE_CURVE('',#7917,#7930,#1238,.T.);
#6752=EDGE_CURVE('',#7928,#7918,#1239,.F.);
#6753=EDGE_CURVE('',#7931,#7906,#8551,.T.);
#6754=EDGE_CURVE('',#7931,#7928,#1240,.F.);
#6755=EDGE_CURVE('',#7932,#7903,#8552,.T.);
#6756=EDGE_CURVE('',#7932,#7931,#8553,.F.);
#6757=EDGE_CURVE('',#7933,#7904,#321,.T.);
#6758=EDGE_CURVE('',#7933,#7932,#1241,.F.);
#6759=EDGE_CURVE('',#7899,#7933,#322,.T.);
#6760=EDGE_CURVE('',#7925,#7898,#1242,.F.);
#6761=EDGE_CURVE('',#7898,#7922,#1243,.T.);
#6762=EDGE_CURVE('',#7921,#7933,#1244,.F.);
#6763=EDGE_CURVE('',#7887,#7835,#8554,.T.);
#6764=EDGE_CURVE('',#7859,#7834,#8555,.T.);
#6765=EDGE_CURVE('',#7535,#7833,#8556,.T.);
#6766=EDGE_CURVE('',#7832,#7536,#8557,.F.);
#6767=EDGE_CURVE('',#7934,#7842,#8558,.T.);
#6768=EDGE_CURVE('',#7935,#7934,#1245,.T.);
#6769=EDGE_CURVE('',#7935,#7863,#1246,.T.);
#6770=EDGE_CURVE('',#7864,#7936,#1247,.T.);
#6771=EDGE_CURVE('',#7937,#7936,#1248,.T.);
#6772=EDGE_CURVE('',#7937,#7938,#8559,.F.);
#6773=EDGE_CURVE('',#7845,#7938,#1249,.T.);
#6774=EDGE_CURVE('',#7839,#7936,#1250,.T.);
#6775=EDGE_CURVE('',#7865,#7939,#1251,.T.);
#6776=EDGE_CURVE('',#7939,#7940,#1252,.T.);
#6777=EDGE_CURVE('',#7840,#7940,#1253,.T.);
#6778=EDGE_CURVE('',#7818,#7941,#1254,.T.);
#6779=EDGE_CURVE('',#7941,#7939,#1255,.T.);
#6780=EDGE_CURVE('',#7935,#7819,#1256,.T.);
#6781=EDGE_CURVE('',#7941,#7942,#1257,.T.);
#6782=EDGE_CURVE('',#7942,#7940,#1258,.T.);
#6783=EDGE_CURVE('',#7934,#7816,#1259,.T.);
#6784=EDGE_CURVE('',#7937,#7837,#1260,.T.);
#6785=EDGE_CURVE('',#7817,#7943,#1261,.T.);
#6786=EDGE_CURVE('',#7943,#7944,#425,.F.);
#6787=EDGE_CURVE('',#7944,#7945,#1262,.T.);
#6788=EDGE_CURVE('',#7942,#7945,#1263,.T.);
#6789=EDGE_CURVE('',#7946,#7945,#1264,.T.);
#6790=EDGE_CURVE('',#7947,#7946,#426,.T.);
#6791=EDGE_CURVE('',#7841,#7947,#1265,.T.);
#6792=EDGE_CURVE('',#7948,#7938,#1266,.T.);
#6793=EDGE_CURVE('',#7949,#7948,#1267,.F.);
#6794=EDGE_CURVE('',#7843,#7949,#1268,.F.);
#6795=EDGE_CURVE('',#7838,#7950,#1269,.F.);
#6796=EDGE_CURVE('',#7950,#7948,#8560,.T.);
#6797=EDGE_CURVE('',#7951,#7950,#8561,.T.);
#6798=EDGE_CURVE('',#7951,#7948,#8562,.T.);
#6799=EDGE_CURVE('',#7946,#7951,#1270,.F.);
#6800=EDGE_CURVE('',#7950,#7947,#1271,.T.);
#6801=EDGE_CURVE('',#7943,#7952,#1272,.T.);
#6802=EDGE_CURVE('',#7952,#7953,#8563,.F.);
#6803=EDGE_CURVE('',#7953,#7944,#1273,.F.);
#6804=EDGE_CURVE('',#7949,#7952,#8564,.F.);
#6805=EDGE_CURVE('',#7949,#7953,#8565,.F.);
#6806=EDGE_CURVE('',#7951,#7953,#1274,.F.);
#6807=EDGE_CURVE('',#7952,#7815,#1275,.T.);
#6808=EDGE_CURVE('',#7858,#7527,#8566,.F.);
#6809=EDGE_CURVE('',#7727,#7832,#8567,.T.);
#6810=EDGE_CURVE('',#7853,#7886,#8568,.F.);
#6811=EDGE_CURVE('',#7887,#7852,#8569,.T.);
#6812=EDGE_CURVE('',#7835,#7852,#8570,.T.);
#6813=EDGE_CURVE('',#7848,#7857,#8571,.F.);
#6814=EDGE_CURVE('',#7731,#7814,#8572,.T.);
#6815=EDGE_CURVE('',#7814,#7730,#8573,.T.);
#6816=EDGE_CURVE('',#7810,#7861,#8574,.T.);
#6817=EDGE_CURVE('',#7848,#7813,#8575,.T.);
#6818=EDGE_CURVE('',#7811,#7528,#8576,.T.);
#6819=EDGE_CURVE('',#7857,#7813,#8577,.T.);
#6820=EDGE_CURVE('',#7812,#7527,#8578,.T.);
#6821=EDGE_CURVE('',#7858,#7812,#8579,.T.);
#6822=EDGE_CURVE('',#7954,#7846,#1276,.T.);
#6823=EDGE_CURVE('',#7955,#7954,#8580,.T.);
#6824=EDGE_CURVE('',#7956,#7955,#1277,.T.);
#6825=EDGE_CURVE('',#7957,#7956,#8581,.T.);
#6826=EDGE_CURVE('',#7958,#7957,#1278,.T.);
#6827=EDGE_CURVE('',#7958,#7959,#1279,.T.);
#6828=EDGE_CURVE('',#7960,#7959,#1280,.T.);
#6829=EDGE_CURVE('',#7961,#7960,#8582,.T.);
#6830=EDGE_CURVE('',#7962,#7961,#1281,.T.);
#6831=EDGE_CURVE('',#7963,#7962,#8583,.T.);
#6832=EDGE_CURVE('',#7847,#7963,#1282,.T.);
#6833=EDGE_CURVE('',#7963,#7866,#1283,.T.);
#6834=EDGE_CURVE('',#7954,#7885,#1284,.T.);
#6835=EDGE_CURVE('',#7964,#7881,#8584,.T.);
#6836=EDGE_CURVE('',#7964,#7958,#1285,.T.);
#6837=EDGE_CURVE('',#7957,#7882,#1286,.T.);
#6838=EDGE_CURVE('',#7959,#7965,#1287,.T.);
#6839=EDGE_CURVE('',#7870,#7965,#8585,.T.);
#6840=EDGE_CURVE('',#7960,#7869,#1288,.T.);
#6841=EDGE_CURVE('',#7956,#7883,#1289,.T.);
#6842=EDGE_CURVE('',#7961,#7868,#1290,.T.);
#6843=EDGE_CURVE('',#7962,#7867,#1291,.T.);
#6844=EDGE_CURVE('',#7955,#7884,#1292,.T.);
#6845=EDGE_CURVE('',#7966,#7964,#1293,.T.);
#6846=EDGE_CURVE('',#7880,#7966,#8586,.T.);
#6847=EDGE_CURVE('',#7390,#7967,#8587,.F.);
#6848=EDGE_CURVE('',#7968,#7389,#8588,.F.);
#6849=EDGE_CURVE('',#7968,#7967,#1294,.F.);
#6850=EDGE_CURVE('',#7969,#7970,#1295,.T.);
#6851=EDGE_CURVE('',#7970,#7971,#8589,.T.);
#6852=EDGE_CURVE('',#7971,#7972,#1296,.F.);
#6853=EDGE_CURVE('',#7969,#7972,#8590,.T.);
#6854=EDGE_CURVE('',#7973,#7974,#323,.F.);
#6855=EDGE_CURVE('',#7973,#7975,#1297,.T.);
#6856=EDGE_CURVE('',#7976,#7975,#324,.F.);
#6857=EDGE_CURVE('',#7977,#7976,#1298,.T.);
#6858=EDGE_CURVE('',#7978,#7977,#1299,.T.);
#6859=EDGE_CURVE('',#7974,#7978,#1300,.T.);
#6860=EDGE_CURVE('',#7979,#7980,#325,.F.);
#6861=EDGE_CURVE('',#7979,#7981,#1301,.T.);
#6862=EDGE_CURVE('',#7982,#7981,#326,.F.);
#6863=EDGE_CURVE('',#7975,#7982,#327,.F.);
#6864=EDGE_CURVE('',#7980,#7973,#328,.F.);
#6865=EDGE_CURVE('',#7983,#7984,#329,.F.);
#6866=EDGE_CURVE('',#7983,#7985,#1302,.T.);
#6867=EDGE_CURVE('',#7986,#7985,#330,.F.);
#6868=EDGE_CURVE('',#7981,#7986,#1303,.T.);
#6869=EDGE_CURVE('',#7984,#7979,#1304,.T.);
#6870=EDGE_CURVE('',#7987,#7988,#1305,.T.);
#6871=EDGE_CURVE('',#7985,#7988,#331,.T.);
#6872=EDGE_CURVE('',#7987,#7983,#332,.T.);
#6873=EDGE_CURVE('',#7989,#7990,#1306,.T.);
#6874=EDGE_CURVE('',#7991,#7989,#8591,.T.);
#6875=EDGE_CURVE('',#7992,#7991,#1307,.F.);
#6876=EDGE_CURVE('',#7993,#7992,#1308,.F.);
#6877=EDGE_CURVE('',#7994,#7993,#8592,.F.);
#6878=EDGE_CURVE('',#7995,#7994,#1309,.F.);
#6879=EDGE_CURVE('',#7996,#7995,#1310,.T.);
#6880=EDGE_CURVE('',#7997,#7996,#8593,.T.);
#6881=EDGE_CURVE('',#7998,#7997,#1311,.T.);
#6882=EDGE_CURVE('',#7988,#7998,#8594,.T.);
#6883=EDGE_CURVE('',#7990,#7987,#8595,.T.);
#6884=EDGE_CURVE('',#7999,#8000,#1312,.T.);
#6885=EDGE_CURVE('',#8001,#7999,#1313,.T.);
#6886=EDGE_CURVE('',#8002,#8001,#427,.T.);
#6887=EDGE_CURVE('',#8003,#8002,#1314,.T.);
#6888=EDGE_CURVE('',#8004,#8003,#1315,.F.);
#6889=EDGE_CURVE('',#8005,#8004,#1316,.F.);
#6890=EDGE_CURVE('',#8006,#8005,#8596,.F.);
#6891=EDGE_CURVE('',#8007,#8006,#1317,.T.);
#6892=EDGE_CURVE('',#8008,#8007,#8597,.F.);
#6893=EDGE_CURVE('',#8000,#8008,#1318,.T.);
#6894=EDGE_CURVE('',#8009,#8010,#8598,.F.);
#6895=EDGE_CURVE('',#8011,#8009,#1319,.F.);
#6896=EDGE_CURVE('',#8012,#8011,#8599,.F.);
#6897=EDGE_CURVE('',#8013,#8012,#1320,.F.);
#6898=EDGE_CURVE('',#8014,#8013,#1321,.F.);
#6899=EDGE_CURVE('',#8015,#8014,#1322,.F.);
#6900=EDGE_CURVE('',#8016,#8015,#428,.T.);
#6901=EDGE_CURVE('',#8017,#8016,#1323,.T.);
#6902=EDGE_CURVE('',#8017,#8018,#1324,.T.);
#6903=EDGE_CURVE('',#8010,#8018,#1325,.F.);
#6904=EDGE_CURVE('',#8019,#8020,#1326,.T.);
#6905=EDGE_CURVE('',#8021,#8020,#1327,.T.);
#6906=EDGE_CURVE('',#8022,#8021,#1328,.T.);
#6907=EDGE_CURVE('',#8019,#8022,#1329,.F.);
#6908=EDGE_CURVE('',#8023,#8024,#1330,.T.);
#6909=EDGE_CURVE('',#8020,#8024,#8600,.T.);
#6910=EDGE_CURVE('',#8023,#8019,#8601,.T.);
#6911=EDGE_CURVE('',#8025,#8026,#1331,.T.);
#6912=EDGE_CURVE('',#8024,#8026,#1332,.T.);
#6913=EDGE_CURVE('',#8025,#8023,#1333,.F.);
#6914=EDGE_CURVE('',#8026,#7977,#8602,.T.);
#6915=EDGE_CURVE('',#7978,#8025,#8603,.T.);
#6916=EDGE_CURVE('',#7972,#8027,#1334,.T.);
#6917=EDGE_CURVE('',#8028,#7971,#1335,.T.);
#6918=EDGE_CURVE('',#8027,#8028,#1336,.F.);
#6919=EDGE_CURVE('',#7970,#8029,#1337,.T.);
#6920=EDGE_CURVE('',#8030,#7969,#1338,.T.);
#6921=EDGE_CURVE('',#8029,#8030,#1339,.F.);
#6922=EDGE_CURVE('',#8031,#8032,#1340,.F.);
#6923=EDGE_CURVE('',#8033,#8031,#1341,.T.);
#6924=EDGE_CURVE('',#8034,#8033,#1342,.F.);
#6925=EDGE_CURVE('',#8035,#8034,#1343,.T.);
#6926=EDGE_CURVE('',#8032,#8035,#333,.F.);
#6927=EDGE_CURVE('',#8036,#8037,#334,.T.);
#6928=EDGE_CURVE('',#8033,#8036,#8604,.F.);
#6929=EDGE_CURVE('',#8037,#8031,#335,.F.);
#6930=EDGE_CURVE('',#8038,#8039,#1344,.T.);
#6931=EDGE_CURVE('',#8040,#8038,#1345,.F.);
#6932=EDGE_CURVE('',#8040,#8041,#1346,.T.);
#6933=EDGE_CURVE('',#8042,#8041,#1347,.F.);
#6934=EDGE_CURVE('',#8039,#8042,#336,.F.);
#6935=EDGE_CURVE('',#8043,#8040,#8605,.F.);
#6936=EDGE_CURVE('',#8044,#8043,#337,.T.);
#6937=EDGE_CURVE('',#8041,#8044,#338,.F.);
#6938=EDGE_CURVE('',#8038,#8003,#8606,.F.);
#6939=EDGE_CURVE('',#8045,#8039,#339,.F.);
#6940=EDGE_CURVE('',#8004,#8045,#340,.F.);
#6941=EDGE_CURVE('',#8035,#8046,#341,.F.);
#6942=EDGE_CURVE('',#8014,#8034,#8607,.F.);
#6943=EDGE_CURVE('',#8046,#8013,#342,.F.);
#6944=EDGE_CURVE('',#7994,#7972,#8608,.T.);
#6945=EDGE_CURVE('',#7995,#8027,#429,.T.);
#6946=EDGE_CURVE('',#7993,#7969,#8609,.T.);
#6947=EDGE_CURVE('',#8030,#7992,#430,.T.);
#6948=EDGE_CURVE('',#7999,#8029,#8610,.T.);
#6949=EDGE_CURVE('',#8030,#8001,#8611,.T.);
#6950=EDGE_CURVE('',#7992,#8002,#8612,.T.);
#6951=EDGE_CURVE('',#7991,#8003,#8613,.T.);
#6952=EDGE_CURVE('',#7989,#8038,#8614,.T.);
#6953=EDGE_CURVE('',#7990,#8040,#8615,.T.);
#6954=EDGE_CURVE('',#7987,#8043,#8616,.T.);
#6955=EDGE_CURVE('',#7983,#8044,#343,.F.);
#6956=EDGE_CURVE('',#7984,#8041,#344,.F.);
#6957=EDGE_CURVE('',#7979,#8042,#345,.T.);
#6958=EDGE_CURVE('',#7980,#8039,#346,.T.);
#6959=EDGE_CURVE('',#7973,#8045,#347,.T.);
#6960=EDGE_CURVE('',#7974,#8004,#348,.F.);
#6961=EDGE_CURVE('',#7978,#8005,#8617,.T.);
#6962=EDGE_CURVE('',#8025,#8006,#8618,.T.);
#6963=EDGE_CURVE('',#8023,#8007,#8619,.T.);
#6964=EDGE_CURVE('',#8019,#8008,#8620,.T.);
#6965=EDGE_CURVE('',#8022,#8000,#431,.T.);
#6966=EDGE_CURVE('',#8028,#8017,#8621,.T.);
#6967=EDGE_CURVE('',#8016,#8027,#8622,.T.);
#6968=EDGE_CURVE('',#8015,#7995,#8623,.T.);
#6969=EDGE_CURVE('',#8014,#7996,#8624,.T.);
#6970=EDGE_CURVE('',#8034,#7997,#8625,.T.);
#6971=EDGE_CURVE('',#8033,#7998,#8626,.T.);
#6972=EDGE_CURVE('',#8036,#7988,#8627,.T.);
#6973=EDGE_CURVE('',#8037,#7985,#349,.F.);
#6974=EDGE_CURVE('',#8031,#7986,#350,.F.);
#6975=EDGE_CURVE('',#8032,#7981,#351,.T.);
#6976=EDGE_CURVE('',#8035,#7982,#352,.T.);
#6977=EDGE_CURVE('',#8046,#7975,#353,.T.);
#6978=EDGE_CURVE('',#8013,#7976,#354,.F.);
#6979=EDGE_CURVE('',#8012,#7977,#8628,.T.);
#6980=EDGE_CURVE('',#8011,#8026,#8629,.T.);
#6981=EDGE_CURVE('',#8009,#8024,#8630,.T.);
#6982=EDGE_CURVE('',#8010,#8020,#8631,.T.);
#6983=EDGE_CURVE('',#8018,#8021,#432,.T.);
#6984=EDGE_CURVE('',#8047,#8048,#8632,.F.);
#6985=EDGE_CURVE('',#8049,#8047,#1348,.F.);
#6986=EDGE_CURVE('',#8050,#8049,#1349,.T.);
#6987=EDGE_CURVE('',#8051,#8050,#1350,.T.);
#6988=EDGE_CURVE('',#8048,#8051,#1351,.F.);
#6989=EDGE_CURVE('',#8052,#8053,#8633,.F.);
#6990=EDGE_CURVE('',#8054,#8053,#1352,.T.);
#6991=EDGE_CURVE('',#8054,#8055,#1353,.T.);
#6992=EDGE_CURVE('',#8055,#8056,#1354,.T.);
#6993=EDGE_CURVE('',#8056,#8052,#1355,.T.);
#6994=EDGE_CURVE('',#8057,#8058,#1356,.T.);
#6995=EDGE_CURVE('',#8059,#8057,#8634,.T.);
#6996=EDGE_CURVE('',#8060,#8059,#1357,.F.);
#6997=EDGE_CURVE('',#8061,#8060,#8635,.T.);
#6998=EDGE_CURVE('',#8062,#8061,#1358,.T.);
#6999=EDGE_CURVE('',#8063,#8062,#8636,.T.);
#7000=EDGE_CURVE('',#8064,#8063,#1359,.T.);
#7001=EDGE_CURVE('',#8065,#8064,#8637,.T.);
#7002=EDGE_CURVE('',#8066,#8065,#1360,.T.);
#7003=EDGE_CURVE('',#8058,#8066,#8638,.T.);
#7004=EDGE_CURVE('',#8067,#8068,#1361,.T.);
#7005=EDGE_CURVE('',#8068,#8069,#1362,.T.);
#7006=EDGE_CURVE('',#8070,#8069,#1363,.T.);
#7007=EDGE_CURVE('',#8071,#8070,#1364,.F.);
#7008=EDGE_CURVE('',#8072,#8071,#8639,.F.);
#7009=EDGE_CURVE('',#8073,#8072,#1365,.F.);
#7010=EDGE_CURVE('',#8067,#8073,#1366,.T.);
#7011=EDGE_CURVE('',#8074,#8075,#8640,.F.);
#7012=EDGE_CURVE('',#8076,#8075,#1367,.T.);
#7013=EDGE_CURVE('',#8076,#8077,#1368,.T.);
#7014=EDGE_CURVE('',#8077,#8078,#1369,.T.);
#7015=EDGE_CURVE('',#8074,#8078,#1370,.T.);
#7016=EDGE_CURVE('',#8079,#8080,#8641,.T.);
#7017=EDGE_CURVE('',#8080,#8081,#1371,.T.);
#7018=EDGE_CURVE('',#8082,#8081,#1372,.T.);
#7019=EDGE_CURVE('',#8079,#8082,#1373,.T.);
#7020=EDGE_CURVE('',#8083,#7966,#1374,.F.);
#7021=EDGE_CURVE('',#8083,#8084,#1375,.T.);
#7022=EDGE_CURVE('',#8085,#8084,#1376,.T.);
#7023=EDGE_CURVE('',#8086,#8085,#1377,.F.);
#7024=EDGE_CURVE('',#8087,#8086,#1378,.F.);
#7025=EDGE_CURVE('',#7965,#8087,#1379,.T.);
#7026=EDGE_CURVE('',#7480,#7967,#1380,.T.);
#7027=EDGE_CURVE('',#8088,#7968,#1381,.F.);
#7028=EDGE_CURVE('',#8089,#8088,#1382,.T.);
#7029=EDGE_CURVE('',#8090,#8089,#1383,.T.);
#7030=EDGE_CURVE('',#8090,#8091,#1384,.T.);
#7031=EDGE_CURVE('',#8092,#8091,#1385,.F.);
#7032=EDGE_CURVE('',#8093,#8092,#1386,.F.);
#7033=EDGE_CURVE('',#8093,#7481,#1387,.T.);
#7034=EDGE_CURVE('',#7382,#7878,#8642,.F.);
#7035=EDGE_CURVE('',#7879,#7381,#8643,.T.);
#7036=EDGE_CURVE('',#7873,#7387,#8644,.T.);
#7037=EDGE_CURVE('',#7388,#7872,#8645,.T.);
#7038=EDGE_CURVE('',#8094,#8084,#1388,.T.);
#7039=EDGE_CURVE('',#8095,#8094,#1389,.T.);
#7040=EDGE_CURVE('',#8096,#8095,#1390,.T.);
#7041=EDGE_CURVE('',#8090,#8096,#1391,.T.);
#7042=EDGE_CURVE('',#8085,#8089,#8646,.F.);
#7043=EDGE_CURVE('',#8068,#8082,#1392,.T.);
#7044=EDGE_CURVE('',#8081,#8094,#1393,.T.);
#7045=EDGE_CURVE('',#8069,#8083,#8647,.T.);
#7046=EDGE_CURVE('',#8096,#8079,#1394,.T.);
#7047=EDGE_CURVE('',#8091,#8067,#8648,.T.);
#7048=EDGE_CURVE('',#7386,#8097,#8649,.T.);
#7049=EDGE_CURVE('',#7385,#8098,#8650,.T.);
#7050=EDGE_CURVE('',#8098,#8097,#433,.T.);
#7051=EDGE_CURVE('',#7387,#8099,#8651,.T.);
#7052=EDGE_CURVE('',#8097,#8099,#1395,.F.);
#7053=EDGE_CURVE('',#7873,#8100,#8652,.T.);
#7054=EDGE_CURVE('',#8099,#8100,#8653,.F.);
#7055=EDGE_CURVE('',#8100,#8101,#1396,.F.);
#7056=EDGE_CURVE('',#8101,#7874,#8654,.T.);
#7057=EDGE_CURVE('',#8101,#8102,#434,.T.);
#7058=EDGE_CURVE('',#8102,#7875,#8655,.T.);
#7059=EDGE_CURVE('',#8103,#8104,#355,.F.);
#7060=EDGE_CURVE('',#8104,#8105,#356,.T.);
#7061=EDGE_CURVE('',#8105,#8103,#357,.F.);
#7062=EDGE_CURVE('',#8105,#8106,#1397,.T.);
#7063=EDGE_CURVE('',#8107,#8105,#358,.F.);
#7064=EDGE_CURVE('',#8108,#8107,#1398,.T.);
#7065=EDGE_CURVE('',#8108,#8109,#1399,.T.);
#7066=EDGE_CURVE('',#8106,#8109,#1400,.F.);
#7067=EDGE_CURVE('',#8110,#8108,#8656,.T.);
#7068=EDGE_CURVE('',#8110,#8111,#1401,.T.);
#7069=EDGE_CURVE('',#8109,#8111,#8657,.F.);
#7070=EDGE_CURVE('',#8066,#8112,#8658,.T.);
#7071=EDGE_CURVE('',#8065,#8111,#8659,.T.);
#7072=EDGE_CURVE('',#8111,#8112,#1402,.F.);
#7073=EDGE_CURVE('',#8058,#8113,#8660,.T.);
#7074=EDGE_CURVE('',#8112,#8113,#8661,.F.);
#7075=EDGE_CURVE('',#8114,#8057,#8662,.T.);
#7076=EDGE_CURVE('',#8113,#8114,#1403,.F.);
#7077=EDGE_CURVE('',#8114,#8115,#8663,.F.);
#7078=EDGE_CURVE('',#8115,#8059,#8664,.T.);
#7079=EDGE_CURVE('',#8116,#8115,#1404,.T.);
#7080=EDGE_CURVE('',#8117,#8116,#1405,.F.);
#7081=EDGE_CURVE('',#8118,#8117,#1406,.F.);
#7082=EDGE_CURVE('',#8115,#8118,#1407,.T.);
#7083=EDGE_CURVE('',#8118,#8060,#8665,.T.);
#7084=EDGE_CURVE('',#8118,#8119,#8666,.F.);
#7085=EDGE_CURVE('',#8119,#8061,#8667,.T.);
#7086=EDGE_CURVE('',#8114,#8120,#1408,.F.);
#7087=EDGE_CURVE('',#8120,#8116,#8668,.T.);
#7088=EDGE_CURVE('',#8121,#8120,#8669,.T.);
#7089=EDGE_CURVE('',#8121,#8116,#8670,.F.);
#7090=EDGE_CURVE('',#8101,#8121,#1409,.F.);
#7091=EDGE_CURVE('',#8120,#8102,#1410,.T.);
#7092=EDGE_CURVE('',#8102,#8122,#1411,.T.);
#7093=EDGE_CURVE('',#8122,#7876,#8671,.T.);
#7094=EDGE_CURVE('',#8122,#8123,#435,.T.);
#7095=EDGE_CURVE('',#8123,#7877,#8672,.T.);
#7096=EDGE_CURVE('',#8123,#8124,#1412,.T.);
#7097=EDGE_CURVE('',#8124,#7878,#8673,.T.);
#7098=EDGE_CURVE('',#8124,#8125,#8674,.T.);
#7099=EDGE_CURVE('',#8125,#7382,#8675,.T.);
#7100=EDGE_CURVE('',#8125,#8126,#1413,.T.);
#7101=EDGE_CURVE('',#7383,#8126,#8676,.T.);
#7102=EDGE_CURVE('',#7384,#8127,#8677,.T.);
#7103=EDGE_CURVE('',#8126,#8127,#436,.T.);
#7104=EDGE_CURVE('',#8127,#8098,#1414,.T.);
#7105=EDGE_CURVE('',#8098,#8128,#1415,.T.);
#7106=EDGE_CURVE('',#8128,#8129,#8678,.T.);
#7107=EDGE_CURVE('',#8129,#8097,#1416,.F.);
#7108=EDGE_CURVE('',#8117,#8128,#8679,.T.);
#7109=EDGE_CURVE('',#8117,#8129,#8680,.F.);
#7110=EDGE_CURVE('',#8121,#8129,#1417,.T.);
#7111=EDGE_CURVE('',#8128,#8119,#1418,.T.);
#7112=EDGE_CURVE('',#8119,#8130,#1419,.F.);
#7113=EDGE_CURVE('',#8130,#8062,#8681,.T.);
#7114=EDGE_CURVE('',#8063,#8106,#8682,.T.);
#7115=EDGE_CURVE('',#8130,#8106,#8683,.F.);
#7116=EDGE_CURVE('',#8064,#8109,#8684,.T.);
#7117=EDGE_CURVE('',#8131,#8110,#1420,.T.);
#7118=EDGE_CURVE('',#8132,#8131,#359,.F.);
#7119=EDGE_CURVE('',#8112,#8132,#1421,.F.);
#7120=EDGE_CURVE('',#8133,#8131,#360,.T.);
#7121=EDGE_CURVE('',#8133,#8134,#361,.F.);
#7122=EDGE_CURVE('',#8134,#8132,#362,.F.);
#7123=EDGE_CURVE('',#8134,#8135,#363,.T.);
#7124=EDGE_CURVE('',#8135,#8132,#364,.T.);
#7125=EDGE_CURVE('',#8135,#8113,#1422,.T.);
#7126=EDGE_CURVE('',#8122,#8135,#1423,.T.);
#7127=EDGE_CURVE('',#8133,#8123,#1424,.F.);
#7128=EDGE_CURVE('',#8136,#8110,#8685,.T.);
#7129=EDGE_CURVE('',#8136,#8133,#1425,.F.);
#7130=EDGE_CURVE('',#8137,#8108,#8686,.T.);
#7131=EDGE_CURVE('',#8137,#8136,#8687,.F.);
#7132=EDGE_CURVE('',#8138,#8107,#365,.F.);
#7133=EDGE_CURVE('',#8138,#8137,#1426,.F.);
#7134=EDGE_CURVE('',#8104,#8138,#366,.F.);
#7135=EDGE_CURVE('',#8130,#8103,#1427,.F.);
#7136=EDGE_CURVE('',#8103,#8127,#1428,.T.);
#7137=EDGE_CURVE('',#8126,#8138,#1429,.F.);
#7138=EDGE_CURVE('',#7879,#8071,#8688,.T.);
#7139=EDGE_CURVE('',#7880,#8070,#8689,.T.);
#7140=EDGE_CURVE('',#7381,#8072,#8690,.T.);
#7141=EDGE_CURVE('',#8073,#7380,#8691,.F.);
#7142=EDGE_CURVE('',#8139,#8096,#1430,.T.);
#7143=EDGE_CURVE('',#8139,#8140,#1431,.T.);
#7144=EDGE_CURVE('',#8140,#8079,#8692,.T.);
#7145=EDGE_CURVE('',#8081,#8141,#1432,.T.);
#7146=EDGE_CURVE('',#8142,#8141,#8693,.F.);
#7147=EDGE_CURVE('',#8142,#8143,#1433,.T.);
#7148=EDGE_CURVE('',#8094,#8143,#1434,.T.);
#7149=EDGE_CURVE('',#8077,#8144,#1435,.T.);
#7150=EDGE_CURVE('',#8145,#8144,#1436,.T.);
#7151=EDGE_CURVE('',#8095,#8145,#1437,.T.);
#7152=EDGE_CURVE('',#8078,#8143,#1438,.T.);
#7153=EDGE_CURVE('',#8055,#8146,#1439,.T.);
#7154=EDGE_CURVE('',#8139,#8054,#1440,.T.);
#7155=EDGE_CURVE('',#8146,#8145,#1441,.T.);
#7156=EDGE_CURVE('',#8147,#8144,#1442,.T.);
#7157=EDGE_CURVE('',#8146,#8147,#1443,.T.);
#7158=EDGE_CURVE('',#8076,#8148,#1444,.T.);
#7159=EDGE_CURVE('',#8148,#8149,#437,.T.);
#7160=EDGE_CURVE('',#8149,#8150,#1445,.T.);
#7161=EDGE_CURVE('',#8147,#8150,#1446,.T.);
#7162=EDGE_CURVE('',#8056,#8151,#1447,.T.);
#7163=EDGE_CURVE('',#8152,#8150,#1448,.T.);
#7164=EDGE_CURVE('',#8151,#8152,#438,.F.);
#7165=EDGE_CURVE('',#8142,#8074,#1449,.T.);
#7166=EDGE_CURVE('',#8140,#8053,#1450,.T.);
#7167=EDGE_CURVE('',#8080,#8153,#1451,.F.);
#7168=EDGE_CURVE('',#8153,#8154,#1452,.F.);
#7169=EDGE_CURVE('',#8154,#8141,#1453,.T.);
#7170=EDGE_CURVE('',#8155,#8154,#8694,.T.);
#7171=EDGE_CURVE('',#8075,#8155,#1454,.F.);
#7172=EDGE_CURVE('',#8156,#8155,#8695,.T.);
#7173=EDGE_CURVE('',#8156,#8154,#8696,.T.);
#7174=EDGE_CURVE('',#8149,#8156,#1455,.F.);
#7175=EDGE_CURVE('',#8155,#8148,#1456,.T.);
#7176=EDGE_CURVE('',#8151,#8157,#1457,.T.);
#7177=EDGE_CURVE('',#8158,#8152,#1458,.F.);
#7178=EDGE_CURVE('',#8157,#8158,#8697,.F.);
#7179=EDGE_CURVE('',#8153,#8157,#8698,.F.);
#7180=EDGE_CURVE('',#8153,#8158,#8699,.F.);
#7181=EDGE_CURVE('',#8156,#8158,#1459,.F.);
#7182=EDGE_CURVE('',#8157,#8052,#1460,.T.);
#7183=EDGE_CURVE('',#8093,#7379,#8700,.F.);
#7184=EDGE_CURVE('',#8092,#7380,#8701,.T.);
#7185=EDGE_CURVE('',#8092,#8073,#8702,.T.);
#7186=EDGE_CURVE('',#7871,#8087,#8703,.F.);
#7187=EDGE_CURVE('',#8070,#7966,#8704,.T.);
#7188=EDGE_CURVE('',#8086,#8088,#8705,.F.);
#7189=EDGE_CURVE('',#8087,#8049,#8706,.T.);
#7190=EDGE_CURVE('',#8049,#7871,#8707,.T.);
#7191=EDGE_CURVE('',#8047,#7872,#8708,.T.);
#7192=EDGE_CURVE('',#8086,#8050,#8709,.T.);
#7193=EDGE_CURVE('',#8048,#7388,#8710,.T.);
#7194=EDGE_CURVE('',#8088,#8050,#8711,.T.);
#7195=EDGE_CURVE('',#8051,#7389,#8712,.T.);
#7196=EDGE_CURVE('',#7968,#8051,#8713,.T.);
#7197=EDGE_CURVE('',#7479,#7391,#1461,.T.);
#7198=EDGE_CURVE('',#7482,#7378,#1462,.T.);
#7199=EDGE_CURVE('',#7484,#7376,#1463,.T.);
#7200=EDGE_CURVE('',#7477,#7393,#1464,.T.);
#7201=EDGE_CURVE('',#7478,#7392,#1465,.T.);
#7202=EDGE_CURVE('',#7483,#7377,#1466,.T.);
#7203=VERTEX_POINT('',#15675);
#7204=VERTEX_POINT('',#15676);
#7205=VERTEX_POINT('',#15678);
#7206=VERTEX_POINT('',#15680);
#7207=VERTEX_POINT('',#15684);
#7208=VERTEX_POINT('',#15685);
#7209=VERTEX_POINT('',#15687);
#7210=VERTEX_POINT('',#15689);
#7211=VERTEX_POINT('',#15693);
#7212=VERTEX_POINT('',#15694);
#7213=VERTEX_POINT('',#15696);
#7214=VERTEX_POINT('',#15698);
#7215=VERTEX_POINT('',#15702);
#7216=VERTEX_POINT('',#15703);
#7217=VERTEX_POINT('',#15705);
#7218=VERTEX_POINT('',#15707);
#7219=VERTEX_POINT('',#15709);
#7220=VERTEX_POINT('',#15714);
#7221=VERTEX_POINT('',#15721);
#7222=VERTEX_POINT('',#15722);
#7223=VERTEX_POINT('',#15732);
#7224=VERTEX_POINT('',#15737);
#7225=VERTEX_POINT('',#15744);
#7226=VERTEX_POINT('',#15745);
#7227=VERTEX_POINT('',#15748);
#7228=VERTEX_POINT('',#15753);
#7229=VERTEX_POINT('',#15757);
#7230=VERTEX_POINT('',#15758);
#7231=VERTEX_POINT('',#15769);
#7232=VERTEX_POINT('',#15770);
#7233=VERTEX_POINT('',#15773);
#7234=VERTEX_POINT('',#15775);
#7235=VERTEX_POINT('',#15777);
#7236=VERTEX_POINT('',#15779);
#7237=VERTEX_POINT('',#15781);
#7238=VERTEX_POINT('',#15783);
#7239=VERTEX_POINT('',#15785);
#7240=VERTEX_POINT('',#15787);
#7241=VERTEX_POINT('',#15791);
#7242=VERTEX_POINT('',#15792);
#7243=VERTEX_POINT('',#15794);
#7244=VERTEX_POINT('',#15796);
#7245=VERTEX_POINT('',#15798);
#7246=VERTEX_POINT('',#15800);
#7247=VERTEX_POINT('',#15802);
#7248=VERTEX_POINT('',#15804);
#7249=VERTEX_POINT('',#15806);
#7250=VERTEX_POINT('',#15808);
#7251=VERTEX_POINT('',#15812);
#7252=VERTEX_POINT('',#15813);
#7253=VERTEX_POINT('',#15815);
#7254=VERTEX_POINT('',#15817);
#7255=VERTEX_POINT('',#15819);
#7256=VERTEX_POINT('',#15821);
#7257=VERTEX_POINT('',#15823);
#7258=VERTEX_POINT('',#15825);
#7259=VERTEX_POINT('',#15827);
#7260=VERTEX_POINT('',#15829);
#7261=VERTEX_POINT('',#15833);
#7262=VERTEX_POINT('',#15834);
#7263=VERTEX_POINT('',#15836);
#7264=VERTEX_POINT('',#15838);
#7265=VERTEX_POINT('',#15842);
#7266=VERTEX_POINT('',#15843);
#7267=VERTEX_POINT('',#15848);
#7268=VERTEX_POINT('',#15849);
#7269=VERTEX_POINT('',#15857);
#7270=VERTEX_POINT('',#15859);
#7271=VERTEX_POINT('',#15863);
#7272=VERTEX_POINT('',#15865);
#7273=VERTEX_POINT('',#15869);
#7274=VERTEX_POINT('',#15870);
#7275=VERTEX_POINT('',#15875);
#7276=VERTEX_POINT('',#15877);
#7277=VERTEX_POINT('',#15879);
#7278=VERTEX_POINT('',#15887);
#7279=VERTEX_POINT('',#15888);
#7280=VERTEX_POINT('',#15896);
#7281=VERTEX_POINT('',#15897);
#7282=VERTEX_POINT('',#15902);
#7283=VERTEX_POINT('',#15904);
#7284=VERTEX_POINT('',#15906);
#7285=VERTEX_POINT('',#15913);
#7286=VERTEX_POINT('',#15919);
#7287=VERTEX_POINT('',#15923);
#7288=VERTEX_POINT('',#15934);
#7289=VERTEX_POINT('',#16113);
#7290=VERTEX_POINT('',#16114);
#7291=VERTEX_POINT('',#16116);
#7292=VERTEX_POINT('',#16118);
#7293=VERTEX_POINT('',#16120);
#7294=VERTEX_POINT('',#16124);
#7295=VERTEX_POINT('',#16125);
#7296=VERTEX_POINT('',#16127);
#7297=VERTEX_POINT('',#16129);
#7298=VERTEX_POINT('',#16131);
#7299=VERTEX_POINT('',#16134);
#7300=VERTEX_POINT('',#16135);
#7301=VERTEX_POINT('',#16137);
#7302=VERTEX_POINT('',#16139);
#7303=VERTEX_POINT('',#16141);
#7304=VERTEX_POINT('',#16143);
#7305=VERTEX_POINT('',#16145);
#7306=VERTEX_POINT('',#16147);
#7307=VERTEX_POINT('',#16149);
#7308=VERTEX_POINT('',#16151);
#7309=VERTEX_POINT('',#16154);
#7310=VERTEX_POINT('',#16155);
#7311=VERTEX_POINT('',#16157);
#7312=VERTEX_POINT('',#16159);
#7313=VERTEX_POINT('',#16161);
#7314=VERTEX_POINT('',#16163);
#7315=VERTEX_POINT('',#16165);
#7316=VERTEX_POINT('',#16168);
#7317=VERTEX_POINT('',#16169);
#7318=VERTEX_POINT('',#16171);
#7319=VERTEX_POINT('',#16173);
#7320=VERTEX_POINT('',#16175);
#7321=VERTEX_POINT('',#16179);
#7322=VERTEX_POINT('',#16180);
#7323=VERTEX_POINT('',#16182);
#7324=VERTEX_POINT('',#16184);
#7325=VERTEX_POINT('',#16188);
#7326=VERTEX_POINT('',#16189);
#7327=VERTEX_POINT('',#16192);
#7328=VERTEX_POINT('',#16194);
#7329=VERTEX_POINT('',#16196);
#7330=VERTEX_POINT('',#16198);
#7331=VERTEX_POINT('',#16200);
#7332=VERTEX_POINT('',#16202);
#7333=VERTEX_POINT('',#16206);
#7334=VERTEX_POINT('',#16207);
#7335=VERTEX_POINT('',#16210);
#7336=VERTEX_POINT('',#16212);
#7337=VERTEX_POINT('',#16214);
#7338=VERTEX_POINT('',#16216);
#7339=VERTEX_POINT('',#16218);
#7340=VERTEX_POINT('',#16220);
#7341=VERTEX_POINT('',#16224);
#7342=VERTEX_POINT('',#16225);
#7343=VERTEX_POINT('',#16227);
#7344=VERTEX_POINT('',#16229);
#7345=VERTEX_POINT('',#16233);
#7346=VERTEX_POINT('',#16234);
#7347=VERTEX_POINT('',#16236);
#7348=VERTEX_POINT('',#16238);
#7349=VERTEX_POINT('',#16243);
#7350=VERTEX_POINT('',#16245);
#7351=VERTEX_POINT('',#16247);
#7352=VERTEX_POINT('',#16249);
#7353=VERTEX_POINT('',#16251);
#7354=VERTEX_POINT('',#16253);
#7355=VERTEX_POINT('',#16255);
#7356=VERTEX_POINT('',#16257);
#7357=VERTEX_POINT('',#16259);
#7358=VERTEX_POINT('',#16261);
#7359=VERTEX_POINT('',#16263);
#7360=VERTEX_POINT('',#16265);
#7361=VERTEX_POINT('',#16267);
#7362=VERTEX_POINT('',#16269);
#7363=VERTEX_POINT('',#16271);
#7364=VERTEX_POINT('',#16273);
#7365=VERTEX_POINT('',#16275);
#7366=VERTEX_POINT('',#16277);
#7367=VERTEX_POINT('',#16279);
#7368=VERTEX_POINT('',#16281);
#7369=VERTEX_POINT('',#16283);
#7370=VERTEX_POINT('',#16285);
#7371=VERTEX_POINT('',#16288);
#7372=VERTEX_POINT('',#16290);
#7373=VERTEX_POINT('',#16292);
#7374=VERTEX_POINT('',#16294);
#7375=VERTEX_POINT('',#16298);
#7376=VERTEX_POINT('',#16300);
#7377=VERTEX_POINT('',#16302);
#7378=VERTEX_POINT('',#16304);
#7379=VERTEX_POINT('',#16306);
#7380=VERTEX_POINT('',#16308);
#7381=VERTEX_POINT('',#16310);
#7382=VERTEX_POINT('',#16312);
#7383=VERTEX_POINT('',#16314);
#7384=VERTEX_POINT('',#16316);
#7385=VERTEX_POINT('',#16318);
#7386=VERTEX_POINT('',#16320);
#7387=VERTEX_POINT('',#16322);
#7388=VERTEX_POINT('',#16324);
#7389=VERTEX_POINT('',#16326);
#7390=VERTEX_POINT('',#16328);
#7391=VERTEX_POINT('',#16330);
#7392=VERTEX_POINT('',#16332);
#7393=VERTEX_POINT('',#16334);
#7394=VERTEX_POINT('',#16336);
#7395=VERTEX_POINT('',#16338);
#7396=VERTEX_POINT('',#16340);
#7397=VERTEX_POINT('',#16343);
#7398=VERTEX_POINT('',#16345);
#7399=VERTEX_POINT('',#16347);
#7400=VERTEX_POINT('',#16349);
#7401=VERTEX_POINT('',#16355);
#7402=VERTEX_POINT('',#16357);
#7403=VERTEX_POINT('',#16359);
#7404=VERTEX_POINT('',#16384);
#7405=VERTEX_POINT('',#16386);
#7406=VERTEX_POINT('',#16390);
#7407=VERTEX_POINT('',#16394);
#7408=VERTEX_POINT('',#16398);
#7409=VERTEX_POINT('',#16416);
#7410=VERTEX_POINT('',#16423);
#7411=VERTEX_POINT('',#16424);
#7412=VERTEX_POINT('',#16429);
#7413=VERTEX_POINT('',#16436);
#7414=VERTEX_POINT('',#16438);
#7415=VERTEX_POINT('',#16440);
#7416=VERTEX_POINT('',#16442);
#7417=VERTEX_POINT('',#16449);
#7418=VERTEX_POINT('',#16451);
#7419=VERTEX_POINT('',#16455);
#7420=VERTEX_POINT('',#16460);
#7421=VERTEX_POINT('',#16464);
#7422=VERTEX_POINT('',#16468);
#7423=VERTEX_POINT('',#16472);
#7424=VERTEX_POINT('',#16474);
#7425=VERTEX_POINT('',#16476);
#7426=VERTEX_POINT('',#16481);
#7427=VERTEX_POINT('',#16486);
#7428=VERTEX_POINT('',#16490);
#7429=VERTEX_POINT('',#16497);
#7430=VERTEX_POINT('',#16515);
#7431=VERTEX_POINT('',#16519);
#7432=VERTEX_POINT('',#16523);
#7433=VERTEX_POINT('',#16527);
#7434=VERTEX_POINT('',#16545);
#7435=VERTEX_POINT('',#16551);
#7436=VERTEX_POINT('',#16553);
#7437=VERTEX_POINT('',#16565);
#7438=VERTEX_POINT('',#16575);
#7439=VERTEX_POINT('',#16580);
#7440=VERTEX_POINT('',#16587);
#7441=VERTEX_POINT('',#16592);
#7442=VERTEX_POINT('',#16602);
#7443=VERTEX_POINT('',#16615);
#7444=VERTEX_POINT('',#16619);
#7445=VERTEX_POINT('',#16626);
#7446=VERTEX_POINT('',#16649);
#7447=VERTEX_POINT('',#16651);
#7448=VERTEX_POINT('',#16655);
#7449=VERTEX_POINT('',#16657);
#7450=VERTEX_POINT('',#16659);
#7451=VERTEX_POINT('',#16664);
#7452=VERTEX_POINT('',#16666);
#7453=VERTEX_POINT('',#16670);
#7454=VERTEX_POINT('',#16675);
#7455=VERTEX_POINT('',#16679);
#7456=VERTEX_POINT('',#16681);
#7457=VERTEX_POINT('',#16683);
#7458=VERTEX_POINT('',#16687);
#7459=VERTEX_POINT('',#16689);
#7460=VERTEX_POINT('',#16697);
#7461=VERTEX_POINT('',#16699);
#7462=VERTEX_POINT('',#16703);
#7463=VERTEX_POINT('',#16707);
#7464=VERTEX_POINT('',#16714);
#7465=VERTEX_POINT('',#16716);
#7466=VERTEX_POINT('',#16760);
#7467=VERTEX_POINT('',#16762);
#7468=VERTEX_POINT('',#16764);
#7469=VERTEX_POINT('',#16766);
#7470=VERTEX_POINT('',#16768);
#7471=VERTEX_POINT('',#16770);
#7472=VERTEX_POINT('',#16772);
#7473=VERTEX_POINT('',#16774);
#7474=VERTEX_POINT('',#16776);
#7475=VERTEX_POINT('',#16778);
#7476=VERTEX_POINT('',#16782);
#7477=VERTEX_POINT('',#16784);
#7478=VERTEX_POINT('',#16786);
#7479=VERTEX_POINT('',#16788);
#7480=VERTEX_POINT('',#16790);
#7481=VERTEX_POINT('',#16792);
#7482=VERTEX_POINT('',#16794);
#7483=VERTEX_POINT('',#16796);
#7484=VERTEX_POINT('',#16798);
#7485=VERTEX_POINT('',#16800);
#7486=VERTEX_POINT('',#16812);
#7487=VERTEX_POINT('',#16817);
#7488=VERTEX_POINT('',#16832);
#7489=VERTEX_POINT('',#16836);
#7490=VERTEX_POINT('',#16837);
#7491=VERTEX_POINT('',#16839);
#7492=VERTEX_POINT('',#16841);
#7493=VERTEX_POINT('',#16843);
#7494=VERTEX_POINT('',#16845);
#7495=VERTEX_POINT('',#16847);
#7496=VERTEX_POINT('',#16849);
#7497=VERTEX_POINT('',#16851);
#7498=VERTEX_POINT('',#16853);
#7499=VERTEX_POINT('',#16855);
#7500=VERTEX_POINT('',#16857);
#7501=VERTEX_POINT('',#16861);
#7502=VERTEX_POINT('',#16862);
#7503=VERTEX_POINT('',#16865);
#7504=VERTEX_POINT('',#16869);
#7505=VERTEX_POINT('',#16871);
#7506=VERTEX_POINT('',#16873);
#7507=VERTEX_POINT('',#16877);
#7508=VERTEX_POINT('',#16878);
#7509=VERTEX_POINT('',#16881);
#7510=VERTEX_POINT('',#16885);
#7511=VERTEX_POINT('',#16887);
#7512=VERTEX_POINT('',#16889);
#7513=VERTEX_POINT('',#16893);
#7514=VERTEX_POINT('',#16897);
#7515=VERTEX_POINT('',#16901);
#7516=VERTEX_POINT('',#16907);
#7517=VERTEX_POINT('',#16913);
#7518=VERTEX_POINT('',#16915);
#7519=VERTEX_POINT('',#16917);
#7520=VERTEX_POINT('',#16919);
#7521=VERTEX_POINT('',#16921);
#7522=VERTEX_POINT('',#16923);
#7523=VERTEX_POINT('',#16925);
#7524=VERTEX_POINT('',#16927);
#7525=VERTEX_POINT('',#16929);
#7526=VERTEX_POINT('',#16931);
#7527=VERTEX_POINT('',#16934);
#7528=VERTEX_POINT('',#16936);
#7529=VERTEX_POINT('',#16938);
#7530=VERTEX_POINT('',#16940);
#7531=VERTEX_POINT('',#16942);
#7532=VERTEX_POINT('',#16944);
#7533=VERTEX_POINT('',#16946);
#7534=VERTEX_POINT('',#16948);
#7535=VERTEX_POINT('',#16950);
#7536=VERTEX_POINT('',#16952);
#7537=VERTEX_POINT('',#16956);
#7538=VERTEX_POINT('',#16960);
#7539=VERTEX_POINT('',#16961);
#7540=VERTEX_POINT('',#16963);
#7541=VERTEX_POINT('',#16965);
#7542=VERTEX_POINT('',#16969);
#7543=VERTEX_POINT('',#16970);
#7544=VERTEX_POINT('',#16972);
#7545=VERTEX_POINT('',#16977);
#7546=VERTEX_POINT('',#16979);
#7547=VERTEX_POINT('',#16981);
#7548=VERTEX_POINT('',#16988);
#7549=VERTEX_POINT('',#16989);
#7550=VERTEX_POINT('',#16991);
#7551=VERTEX_POINT('',#16996);
#7552=VERTEX_POINT('',#17011);
#7553=VERTEX_POINT('',#17012);
#7554=VERTEX_POINT('',#17014);
#7555=VERTEX_POINT('',#17019);
#7556=VERTEX_POINT('',#17024);
#7557=VERTEX_POINT('',#17025);
#7558=VERTEX_POINT('',#17036);
#7559=VERTEX_POINT('',#17037);
#7560=VERTEX_POINT('',#17039);
#7561=VERTEX_POINT('',#17041);
#7562=VERTEX_POINT('',#17043);
#7563=VERTEX_POINT('',#17045);
#7564=VERTEX_POINT('',#17047);
#7565=VERTEX_POINT('',#17049);
#7566=VERTEX_POINT('',#17051);
#7567=VERTEX_POINT('',#17053);
#7568=VERTEX_POINT('',#17058);
#7569=VERTEX_POINT('',#17059);
#7570=VERTEX_POINT('',#17061);
#7571=VERTEX_POINT('',#17063);
#7572=VERTEX_POINT('',#17065);
#7573=VERTEX_POINT('',#17067);
#7574=VERTEX_POINT('',#17069);
#7575=VERTEX_POINT('',#17071);
#7576=VERTEX_POINT('',#17073);
#7577=VERTEX_POINT('',#17075);
#7578=VERTEX_POINT('',#17079);
#7579=VERTEX_POINT('',#17080);
#7580=VERTEX_POINT('',#17082);
#7581=VERTEX_POINT('',#17084);
#7582=VERTEX_POINT('',#17086);
#7583=VERTEX_POINT('',#17088);
#7584=VERTEX_POINT('',#17090);
#7585=VERTEX_POINT('',#17092);
#7586=VERTEX_POINT('',#17094);
#7587=VERTEX_POINT('',#17096);
#7588=VERTEX_POINT('',#17100);
#7589=VERTEX_POINT('',#17101);
#7590=VERTEX_POINT('',#17103);
#7591=VERTEX_POINT('',#17105);
#7592=VERTEX_POINT('',#17109);
#7593=VERTEX_POINT('',#17110);
#7594=VERTEX_POINT('',#17115);
#7595=VERTEX_POINT('',#17116);
#7596=VERTEX_POINT('',#17124);
#7597=VERTEX_POINT('',#17126);
#7598=VERTEX_POINT('',#17130);
#7599=VERTEX_POINT('',#17132);
#7600=VERTEX_POINT('',#17136);
#7601=VERTEX_POINT('',#17137);
#7602=VERTEX_POINT('',#17139);
#7603=VERTEX_POINT('',#17141);
#7604=VERTEX_POINT('',#17143);
#7605=VERTEX_POINT('',#17151);
#7606=VERTEX_POINT('',#17152);
#7607=VERTEX_POINT('',#17160);
#7608=VERTEX_POINT('',#17161);
#7609=VERTEX_POINT('',#17163);
#7610=VERTEX_POINT('',#17165);
#7611=VERTEX_POINT('',#17167);
#7612=VERTEX_POINT('',#17174);
#7613=VERTEX_POINT('',#17180);
#7614=VERTEX_POINT('',#17191);
#7615=VERTEX_POINT('',#17198);
#7616=VERTEX_POINT('',#17377);
#7617=VERTEX_POINT('',#17378);
#7618=VERTEX_POINT('',#17380);
#7619=VERTEX_POINT('',#17382);
#7620=VERTEX_POINT('',#17384);
#7621=VERTEX_POINT('',#17388);
#7622=VERTEX_POINT('',#17389);
#7623=VERTEX_POINT('',#17391);
#7624=VERTEX_POINT('',#17393);
#7625=VERTEX_POINT('',#17395);
#7626=VERTEX_POINT('',#17398);
#7627=VERTEX_POINT('',#17399);
#7628=VERTEX_POINT('',#17401);
#7629=VERTEX_POINT('',#17403);
#7630=VERTEX_POINT('',#17405);
#7631=VERTEX_POINT('',#17407);
#7632=VERTEX_POINT('',#17409);
#7633=VERTEX_POINT('',#17411);
#7634=VERTEX_POINT('',#17413);
#7635=VERTEX_POINT('',#17415);
#7636=VERTEX_POINT('',#17418);
#7637=VERTEX_POINT('',#17419);
#7638=VERTEX_POINT('',#17421);
#7639=VERTEX_POINT('',#17423);
#7640=VERTEX_POINT('',#17425);
#7641=VERTEX_POINT('',#17427);
#7642=VERTEX_POINT('',#17429);
#7643=VERTEX_POINT('',#17432);
#7644=VERTEX_POINT('',#17433);
#7645=VERTEX_POINT('',#17435);
#7646=VERTEX_POINT('',#17437);
#7647=VERTEX_POINT('',#17439);
#7648=VERTEX_POINT('',#17443);
#7649=VERTEX_POINT('',#17444);
#7650=VERTEX_POINT('',#17446);
#7651=VERTEX_POINT('',#17448);
#7652=VERTEX_POINT('',#17452);
#7653=VERTEX_POINT('',#17454);
#7654=VERTEX_POINT('',#17456);
#7655=VERTEX_POINT('',#17458);
#7656=VERTEX_POINT('',#17460);
#7657=VERTEX_POINT('',#17464);
#7658=VERTEX_POINT('',#17466);
#7659=VERTEX_POINT('',#17468);
#7660=VERTEX_POINT('',#17470);
#7661=VERTEX_POINT('',#17472);
#7662=VERTEX_POINT('',#17482);
#7663=VERTEX_POINT('',#17484);
#7664=VERTEX_POINT('',#17486);
#7665=VERTEX_POINT('',#17512);
#7666=VERTEX_POINT('',#17514);
#7667=VERTEX_POINT('',#17518);
#7668=VERTEX_POINT('',#17522);
#7669=VERTEX_POINT('',#17526);
#7670=VERTEX_POINT('',#17544);
#7671=VERTEX_POINT('',#17551);
#7672=VERTEX_POINT('',#17552);
#7673=VERTEX_POINT('',#17557);
#7674=VERTEX_POINT('',#17564);
#7675=VERTEX_POINT('',#17566);
#7676=VERTEX_POINT('',#17568);
#7677=VERTEX_POINT('',#17570);
#7678=VERTEX_POINT('',#17574);
#7679=VERTEX_POINT('',#17576);
#7680=VERTEX_POINT('',#17580);
#7681=VERTEX_POINT('',#17585);
#7682=VERTEX_POINT('',#17589);
#7683=VERTEX_POINT('',#17593);
#7684=VERTEX_POINT('',#17597);
#7685=VERTEX_POINT('',#17599);
#7686=VERTEX_POINT('',#17601);
#7687=VERTEX_POINT('',#17606);
#7688=VERTEX_POINT('',#17611);
#7689=VERTEX_POINT('',#17615);
#7690=VERTEX_POINT('',#17622);
#7691=VERTEX_POINT('',#17640);
#7692=VERTEX_POINT('',#17644);
#7693=VERTEX_POINT('',#17648);
#7694=VERTEX_POINT('',#17652);
#7695=VERTEX_POINT('',#17670);
#7696=VERTEX_POINT('',#17676);
#7697=VERTEX_POINT('',#17678);
#7698=VERTEX_POINT('',#17690);
#7699=VERTEX_POINT('',#17700);
#7700=VERTEX_POINT('',#17705);
#7701=VERTEX_POINT('',#17712);
#7702=VERTEX_POINT('',#17717);
#7703=VERTEX_POINT('',#17727);
#7704=VERTEX_POINT('',#17740);
#7705=VERTEX_POINT('',#17744);
#7706=VERTEX_POINT('',#17748);
#7707=VERTEX_POINT('',#17779);
#7708=VERTEX_POINT('',#17781);
#7709=VERTEX_POINT('',#17785);
#7710=VERTEX_POINT('',#17787);
#7711=VERTEX_POINT('',#17789);
#7712=VERTEX_POINT('',#17793);
#7713=VERTEX_POINT('',#17795);
#7714=VERTEX_POINT('',#17800);
#7715=VERTEX_POINT('',#17805);
#7716=VERTEX_POINT('',#17809);
#7717=VERTEX_POINT('',#17811);
#7718=VERTEX_POINT('',#17813);
#7719=VERTEX_POINT('',#17817);
#7720=VERTEX_POINT('',#17819);
#7721=VERTEX_POINT('',#17827);
#7722=VERTEX_POINT('',#17829);
#7723=VERTEX_POINT('',#17833);
#7724=VERTEX_POINT('',#17837);
#7725=VERTEX_POINT('',#17844);
#7726=VERTEX_POINT('',#17846);
#7727=VERTEX_POINT('',#17888);
#7728=VERTEX_POINT('',#17892);
#7729=VERTEX_POINT('',#17893);
#7730=VERTEX_POINT('',#17895);
#7731=VERTEX_POINT('',#17897);
#7732=VERTEX_POINT('',#17901);
#7733=VERTEX_POINT('',#17902);
#7734=VERTEX_POINT('',#17904);
#7735=VERTEX_POINT('',#17906);
#7736=VERTEX_POINT('',#17913);
#7737=VERTEX_POINT('',#17914);
#7738=VERTEX_POINT('',#17916);
#7739=VERTEX_POINT('',#17918);
#7740=VERTEX_POINT('',#17920);
#7741=VERTEX_POINT('',#17925);
#7742=VERTEX_POINT('',#17932);
#7743=VERTEX_POINT('',#17933);
#7744=VERTEX_POINT('',#17942);
#7745=VERTEX_POINT('',#17947);
#7746=VERTEX_POINT('',#17954);
#7747=VERTEX_POINT('',#17955);
#7748=VERTEX_POINT('',#17958);
#7749=VERTEX_POINT('',#17963);
#7750=VERTEX_POINT('',#17967);
#7751=VERTEX_POINT('',#17968);
#7752=VERTEX_POINT('',#17979);
#7753=VERTEX_POINT('',#17980);
#7754=VERTEX_POINT('',#17983);
#7755=VERTEX_POINT('',#17985);
#7756=VERTEX_POINT('',#17987);
#7757=VERTEX_POINT('',#17989);
#7758=VERTEX_POINT('',#17991);
#7759=VERTEX_POINT('',#17993);
#7760=VERTEX_POINT('',#17995);
#7761=VERTEX_POINT('',#17997);
#7762=VERTEX_POINT('',#18001);
#7763=VERTEX_POINT('',#18002);
#7764=VERTEX_POINT('',#18004);
#7765=VERTEX_POINT('',#18006);
#7766=VERTEX_POINT('',#18008);
#7767=VERTEX_POINT('',#18010);
#7768=VERTEX_POINT('',#18012);
#7769=VERTEX_POINT('',#18014);
#7770=VERTEX_POINT('',#18016);
#7771=VERTEX_POINT('',#18018);
#7772=VERTEX_POINT('',#18022);
#7773=VERTEX_POINT('',#18023);
#7774=VERTEX_POINT('',#18025);
#7775=VERTEX_POINT('',#18027);
#7776=VERTEX_POINT('',#18029);
#7777=VERTEX_POINT('',#18031);
#7778=VERTEX_POINT('',#18033);
#7779=VERTEX_POINT('',#18035);
#7780=VERTEX_POINT('',#18037);
#7781=VERTEX_POINT('',#18039);
#7782=VERTEX_POINT('',#18043);
#7783=VERTEX_POINT('',#18044);
#7784=VERTEX_POINT('',#18046);
#7785=VERTEX_POINT('',#18048);
#7786=VERTEX_POINT('',#18052);
#7787=VERTEX_POINT('',#18053);
#7788=VERTEX_POINT('',#18058);
#7789=VERTEX_POINT('',#18059);
#7790=VERTEX_POINT('',#18067);
#7791=VERTEX_POINT('',#18069);
#7792=VERTEX_POINT('',#18073);
#7793=VERTEX_POINT('',#18075);
#7794=VERTEX_POINT('',#18079);
#7795=VERTEX_POINT('',#18080);
#7796=VERTEX_POINT('',#18082);
#7797=VERTEX_POINT('',#18084);
#7798=VERTEX_POINT('',#18086);
#7799=VERTEX_POINT('',#18094);
#7800=VERTEX_POINT('',#18095);
#7801=VERTEX_POINT('',#18103);
#7802=VERTEX_POINT('',#18104);
#7803=VERTEX_POINT('',#18109);
#7804=VERTEX_POINT('',#18111);
#7805=VERTEX_POINT('',#18113);
#7806=VERTEX_POINT('',#18120);
#7807=VERTEX_POINT('',#18126);
#7808=VERTEX_POINT('',#18133);
#7809=VERTEX_POINT('',#18144);
#7810=VERTEX_POINT('',#18326);
#7811=VERTEX_POINT('',#18327);
#7812=VERTEX_POINT('',#18329);
#7813=VERTEX_POINT('',#18331);
#7814=VERTEX_POINT('',#18333);
#7815=VERTEX_POINT('',#18337);
#7816=VERTEX_POINT('',#18338);
#7817=VERTEX_POINT('',#18340);
#7818=VERTEX_POINT('',#18342);
#7819=VERTEX_POINT('',#18344);
#7820=VERTEX_POINT('',#18347);
#7821=VERTEX_POINT('',#18348);
#7822=VERTEX_POINT('',#18350);
#7823=VERTEX_POINT('',#18352);
#7824=VERTEX_POINT('',#18354);
#7825=VERTEX_POINT('',#18356);
#7826=VERTEX_POINT('',#18358);
#7827=VERTEX_POINT('',#18360);
#7828=VERTEX_POINT('',#18362);
#7829=VERTEX_POINT('',#18364);
#7830=VERTEX_POINT('',#18367);
#7831=VERTEX_POINT('',#18368);
#7832=VERTEX_POINT('',#18370);
#7833=VERTEX_POINT('',#18372);
#7834=VERTEX_POINT('',#18374);
#7835=VERTEX_POINT('',#18376);
#7836=VERTEX_POINT('',#18378);
#7837=VERTEX_POINT('',#18381);
#7838=VERTEX_POINT('',#18382);
#7839=VERTEX_POINT('',#18384);
#7840=VERTEX_POINT('',#18386);
#7841=VERTEX_POINT('',#18388);
#7842=VERTEX_POINT('',#18392);
#7843=VERTEX_POINT('',#18393);
#7844=VERTEX_POINT('',#18395);
#7845=VERTEX_POINT('',#18397);
#7846=VERTEX_POINT('',#18401);
#7847=VERTEX_POINT('',#18402);
#7848=VERTEX_POINT('',#18405);
#7849=VERTEX_POINT('',#18407);
#7850=VERTEX_POINT('',#18409);
#7851=VERTEX_POINT('',#18411);
#7852=VERTEX_POINT('',#18413);
#7853=VERTEX_POINT('',#18415);
#7854=VERTEX_POINT('',#18419);
#7855=VERTEX_POINT('',#18421);
#7856=VERTEX_POINT('',#18423);
#7857=VERTEX_POINT('',#18425);
#7858=VERTEX_POINT('',#18427);
#7859=VERTEX_POINT('',#18431);
#7860=VERTEX_POINT('',#18432);
#7861=VERTEX_POINT('',#18437);
#7862=VERTEX_POINT('',#18439);
#7863=VERTEX_POINT('',#18445);
#7864=VERTEX_POINT('',#18450);
#7865=VERTEX_POINT('',#18455);
#7866=VERTEX_POINT('',#18460);
#7867=VERTEX_POINT('',#18462);
#7868=VERTEX_POINT('',#18464);
#7869=VERTEX_POINT('',#18466);
#7870=VERTEX_POINT('',#18468);
#7871=VERTEX_POINT('',#18470);
#7872=VERTEX_POINT('',#18472);
#7873=VERTEX_POINT('',#18474);
#7874=VERTEX_POINT('',#18476);
#7875=VERTEX_POINT('',#18478);
#7876=VERTEX_POINT('',#18480);
#7877=VERTEX_POINT('',#18482);
#7878=VERTEX_POINT('',#18484);
#7879=VERTEX_POINT('',#18486);
#7880=VERTEX_POINT('',#18488);
#7881=VERTEX_POINT('',#18490);
#7882=VERTEX_POINT('',#18492);
#7883=VERTEX_POINT('',#18494);
#7884=VERTEX_POINT('',#18496);
#7885=VERTEX_POINT('',#18498);
#7886=VERTEX_POINT('',#18500);
#7887=VERTEX_POINT('',#18502);
#7888=VERTEX_POINT('',#18505);
#7889=VERTEX_POINT('',#18507);
#7890=VERTEX_POINT('',#18509);
#7891=VERTEX_POINT('',#18511);
#7892=VERTEX_POINT('',#18529);
#7893=VERTEX_POINT('',#18531);
#7894=VERTEX_POINT('',#18535);
#7895=VERTEX_POINT('',#18539);
#7896=VERTEX_POINT('',#18543);
#7897=VERTEX_POINT('',#18561);
#7898=VERTEX_POINT('',#18568);
#7899=VERTEX_POINT('',#18569);
#7900=VERTEX_POINT('',#18574);
#7901=VERTEX_POINT('',#18581);
#7902=VERTEX_POINT('',#18583);
#7903=VERTEX_POINT('',#18585);
#7904=VERTEX_POINT('',#18587);
#7905=VERTEX_POINT('',#18594);
#7906=VERTEX_POINT('',#18596);
#7907=VERTEX_POINT('',#18600);
#7908=VERTEX_POINT('',#18605);
#7909=VERTEX_POINT('',#18609);
#7910=VERTEX_POINT('',#18613);
#7911=VERTEX_POINT('',#18617);
#7912=VERTEX_POINT('',#18619);
#7913=VERTEX_POINT('',#18621);
#7914=VERTEX_POINT('',#18626);
#7915=VERTEX_POINT('',#18631);
#7916=VERTEX_POINT('',#18635);
#7917=VERTEX_POINT('',#18642);
#7918=VERTEX_POINT('',#18660);
#7919=VERTEX_POINT('',#18664);
#7920=VERTEX_POINT('',#18668);
#7921=VERTEX_POINT('',#18672);
#7922=VERTEX_POINT('',#18690);
#7923=VERTEX_POINT('',#18696);
#7924=VERTEX_POINT('',#18698);
#7925=VERTEX_POINT('',#18710);
#7926=VERTEX_POINT('',#18720);
#7927=VERTEX_POINT('',#18725);
#7928=VERTEX_POINT('',#18732);
#7929=VERTEX_POINT('',#18737);
#7930=VERTEX_POINT('',#18747);
#7931=VERTEX_POINT('',#18760);
#7932=VERTEX_POINT('',#18764);
#7933=VERTEX_POINT('',#18771);
#7934=VERTEX_POINT('',#18794);
#7935=VERTEX_POINT('',#18796);
#7936=VERTEX_POINT('',#18800);
#7937=VERTEX_POINT('',#18802);
#7938=VERTEX_POINT('',#18804);
#7939=VERTEX_POINT('',#18809);
#7940=VERTEX_POINT('',#18811);
#7941=VERTEX_POINT('',#18815);
#7942=VERTEX_POINT('',#18820);
#7943=VERTEX_POINT('',#18828);
#7944=VERTEX_POINT('',#18830);
#7945=VERTEX_POINT('',#18832);
#7946=VERTEX_POINT('',#18836);
#7947=VERTEX_POINT('',#18838);
#7948=VERTEX_POINT('',#18842);
#7949=VERTEX_POINT('',#18844);
#7950=VERTEX_POINT('',#18848);
#7951=VERTEX_POINT('',#18852);
#7952=VERTEX_POINT('',#18859);
#7953=VERTEX_POINT('',#18861);
#7954=VERTEX_POINT('',#18904);
#7955=VERTEX_POINT('',#18906);
#7956=VERTEX_POINT('',#18908);
#7957=VERTEX_POINT('',#18910);
#7958=VERTEX_POINT('',#18912);
#7959=VERTEX_POINT('',#18914);
#7960=VERTEX_POINT('',#18916);
#7961=VERTEX_POINT('',#18918);
#7962=VERTEX_POINT('',#18920);
#7963=VERTEX_POINT('',#18922);
#7964=VERTEX_POINT('',#18930);
#7965=VERTEX_POINT('',#18935);
#7966=VERTEX_POINT('',#18950);
#7967=VERTEX_POINT('',#18954);
#7968=VERTEX_POINT('',#18956);
#7969=VERTEX_POINT('',#18960);
#7970=VERTEX_POINT('',#18961);
#7971=VERTEX_POINT('',#18963);
#7972=VERTEX_POINT('',#18965);
#7973=VERTEX_POINT('',#18972);
#7974=VERTEX_POINT('',#18973);
#7975=VERTEX_POINT('',#18975);
#7976=VERTEX_POINT('',#18980);
#7977=VERTEX_POINT('',#18982);
#7978=VERTEX_POINT('',#18984);
#7979=VERTEX_POINT('',#18991);
#7980=VERTEX_POINT('',#18992);
#7981=VERTEX_POINT('',#18994);
#7982=VERTEX_POINT('',#18999);
#7983=VERTEX_POINT('',#19014);
#7984=VERTEX_POINT('',#19015);
#7985=VERTEX_POINT('',#19017);
#7986=VERTEX_POINT('',#19022);
#7987=VERTEX_POINT('',#19027);
#7988=VERTEX_POINT('',#19028);
#7989=VERTEX_POINT('',#19039);
#7990=VERTEX_POINT('',#19040);
#7991=VERTEX_POINT('',#19042);
#7992=VERTEX_POINT('',#19044);
#7993=VERTEX_POINT('',#19046);
#7994=VERTEX_POINT('',#19048);
#7995=VERTEX_POINT('',#19050);
#7996=VERTEX_POINT('',#19052);
#7997=VERTEX_POINT('',#19054);
#7998=VERTEX_POINT('',#19056);
#7999=VERTEX_POINT('',#19061);
#8000=VERTEX_POINT('',#19062);
#8001=VERTEX_POINT('',#19064);
#8002=VERTEX_POINT('',#19066);
#8003=VERTEX_POINT('',#19068);
#8004=VERTEX_POINT('',#19070);
#8005=VERTEX_POINT('',#19072);
#8006=VERTEX_POINT('',#19074);
#8007=VERTEX_POINT('',#19076);
#8008=VERTEX_POINT('',#19078);
#8009=VERTEX_POINT('',#19082);
#8010=VERTEX_POINT('',#19083);
#8011=VERTEX_POINT('',#19085);
#8012=VERTEX_POINT('',#19087);
#8013=VERTEX_POINT('',#19089);
#8014=VERTEX_POINT('',#19091);
#8015=VERTEX_POINT('',#19093);
#8016=VERTEX_POINT('',#19095);
#8017=VERTEX_POINT('',#19097);
#8018=VERTEX_POINT('',#19099);
#8019=VERTEX_POINT('',#19103);
#8020=VERTEX_POINT('',#19104);
#8021=VERTEX_POINT('',#19106);
#8022=VERTEX_POINT('',#19108);
#8023=VERTEX_POINT('',#19112);
#8024=VERTEX_POINT('',#19113);
#8025=VERTEX_POINT('',#19118);
#8026=VERTEX_POINT('',#19119);
#8027=VERTEX_POINT('',#19127);
#8028=VERTEX_POINT('',#19129);
#8029=VERTEX_POINT('',#19133);
#8030=VERTEX_POINT('',#19135);
#8031=VERTEX_POINT('',#19139);
#8032=VERTEX_POINT('',#19140);
#8033=VERTEX_POINT('',#19142);
#8034=VERTEX_POINT('',#19144);
#8035=VERTEX_POINT('',#19146);
#8036=VERTEX_POINT('',#19157);
#8037=VERTEX_POINT('',#19158);
#8038=VERTEX_POINT('',#19166);
#8039=VERTEX_POINT('',#19167);
#8040=VERTEX_POINT('',#19169);
#8041=VERTEX_POINT('',#19171);
#8042=VERTEX_POINT('',#19173);
#8043=VERTEX_POINT('',#19180);
#8044=VERTEX_POINT('',#19186);
#8045=VERTEX_POINT('',#19197);
#8046=VERTEX_POINT('',#19207);
#8047=VERTEX_POINT('',#19378);
#8048=VERTEX_POINT('',#19379);
#8049=VERTEX_POINT('',#19381);
#8050=VERTEX_POINT('',#19383);
#8051=VERTEX_POINT('',#19385);
#8052=VERTEX_POINT('',#19389);
#8053=VERTEX_POINT('',#19390);
#8054=VERTEX_POINT('',#19392);
#8055=VERTEX_POINT('',#19394);
#8056=VERTEX_POINT('',#19396);
#8057=VERTEX_POINT('',#19399);
#8058=VERTEX_POINT('',#19400);
#8059=VERTEX_POINT('',#19402);
#8060=VERTEX_POINT('',#19404);
#8061=VERTEX_POINT('',#19406);
#8062=VERTEX_POINT('',#19408);
#8063=VERTEX_POINT('',#19410);
#8064=VERTEX_POINT('',#19412);
#8065=VERTEX_POINT('',#19414);
#8066=VERTEX_POINT('',#19416);
#8067=VERTEX_POINT('',#19419);
#8068=VERTEX_POINT('',#19420);
#8069=VERTEX_POINT('',#19422);
#8070=VERTEX_POINT('',#19424);
#8071=VERTEX_POINT('',#19426);
#8072=VERTEX_POINT('',#19428);
#8073=VERTEX_POINT('',#19430);
#8074=VERTEX_POINT('',#19433);
#8075=VERTEX_POINT('',#19434);
#8076=VERTEX_POINT('',#19436);
#8077=VERTEX_POINT('',#19438);
#8078=VERTEX_POINT('',#19440);
#8079=VERTEX_POINT('',#19444);
#8080=VERTEX_POINT('',#19445);
#8081=VERTEX_POINT('',#19447);
#8082=VERTEX_POINT('',#19449);
#8083=VERTEX_POINT('',#19453);
#8084=VERTEX_POINT('',#19455);
#8085=VERTEX_POINT('',#19457);
#8086=VERTEX_POINT('',#19459);
#8087=VERTEX_POINT('',#19461);
#8088=VERTEX_POINT('',#19466);
#8089=VERTEX_POINT('',#19468);
#8090=VERTEX_POINT('',#19470);
#8091=VERTEX_POINT('',#19472);
#8092=VERTEX_POINT('',#19474);
#8093=VERTEX_POINT('',#19476);
#8094=VERTEX_POINT('',#19486);
#8095=VERTEX_POINT('',#19488);
#8096=VERTEX_POINT('',#19490);
#8097=VERTEX_POINT('',#19516);
#8098=VERTEX_POINT('',#19518);
#8099=VERTEX_POINT('',#19522);
#8100=VERTEX_POINT('',#19526);
#8101=VERTEX_POINT('',#19530);
#8102=VERTEX_POINT('',#19548);
#8103=VERTEX_POINT('',#19555);
#8104=VERTEX_POINT('',#19556);
#8105=VERTEX_POINT('',#19561);
#8106=VERTEX_POINT('',#19568);
#8107=VERTEX_POINT('',#19573);
#8108=VERTEX_POINT('',#19575);
#8109=VERTEX_POINT('',#19577);
#8110=VERTEX_POINT('',#19581);
#8111=VERTEX_POINT('',#19583);
#8112=VERTEX_POINT('',#19587);
#8113=VERTEX_POINT('',#19592);
#8114=VERTEX_POINT('',#19596);
#8115=VERTEX_POINT('',#19600);
#8116=VERTEX_POINT('',#19604);
#8117=VERTEX_POINT('',#19606);
#8118=VERTEX_POINT('',#19608);
#8119=VERTEX_POINT('',#19613);
#8120=VERTEX_POINT('',#19618);
#8121=VERTEX_POINT('',#19622);
#8122=VERTEX_POINT('',#19629);
#8123=VERTEX_POINT('',#19647);
#8124=VERTEX_POINT('',#19651);
#8125=VERTEX_POINT('',#19655);
#8126=VERTEX_POINT('',#19659);
#8127=VERTEX_POINT('',#19677);
#8128=VERTEX_POINT('',#19683);
#8129=VERTEX_POINT('',#19685);
#8130=VERTEX_POINT('',#19697);
#8131=VERTEX_POINT('',#19707);
#8132=VERTEX_POINT('',#19712);
#8133=VERTEX_POINT('',#19719);
#8134=VERTEX_POINT('',#19724);
#8135=VERTEX_POINT('',#19734);
#8136=VERTEX_POINT('',#19747);
#8137=VERTEX_POINT('',#19751);
#8138=VERTEX_POINT('',#19758);
#8139=VERTEX_POINT('',#19781);
#8140=VERTEX_POINT('',#19783);
#8141=VERTEX_POINT('',#19787);
#8142=VERTEX_POINT('',#19789);
#8143=VERTEX_POINT('',#19791);
#8144=VERTEX_POINT('',#19795);
#8145=VERTEX_POINT('',#19797);
#8146=VERTEX_POINT('',#19802);
#8147=VERTEX_POINT('',#19807);
#8148=VERTEX_POINT('',#19811);
#8149=VERTEX_POINT('',#19813);
#8150=VERTEX_POINT('',#19815);
#8151=VERTEX_POINT('',#19819);
#8152=VERTEX_POINT('',#19821);
#8153=VERTEX_POINT('',#19829);
#8154=VERTEX_POINT('',#19831);
#8155=VERTEX_POINT('',#19835);
#8156=VERTEX_POINT('',#19839);
#8157=VERTEX_POINT('',#19846);
#8158=VERTEX_POINT('',#19848);
#8159=CIRCLE('',#11054,0.0005);
#8160=CIRCLE('',#11055,0.0005);
#8161=CIRCLE('',#11057,0.0005);
#8162=CIRCLE('',#11058,0.0005);
#8163=CIRCLE('',#11060,0.000512132034356031);
#8164=CIRCLE('',#11061,0.000512132034356031);
#8165=CIRCLE('',#11068,0.0008);
#8166=CIRCLE('',#11069,0.0008);
#8167=CIRCLE('',#11070,0.0009);
#8168=CIRCLE('',#11071,0.000562132034356031);
#8169=CIRCLE('',#11072,0.0009);
#8170=CIRCLE('',#11074,0.0004);
#8171=CIRCLE('',#11075,0.0004);
#8172=CIRCLE('',#11078,0.0004);
#8173=CIRCLE('',#11080,0.0004);
#8174=CIRCLE('',#11083,0.0005);
#8175=CIRCLE('',#11084,0.0005);
#8176=CIRCLE('',#11087,0.0005);
#8177=CIRCLE('',#11088,0.0005);
#8178=CIRCLE('',#11093,0.0009);
#8179=CIRCLE('',#11096,0.0009);
#8180=CIRCLE('',#11099,0.001);
#8181=CIRCLE('',#11101,0.001);
#8182=CIRCLE('',#11104,5.E-5);
#8183=CIRCLE('',#11106,5.E-5);
#8184=CIRCLE('',#11110,0.0001);
#8185=CIRCLE('',#11111,0.0001);
#8186=CIRCLE('',#11112,0.0001);
#8187=CIRCLE('',#11114,0.0001);
#8188=CIRCLE('',#11116,0.0001);
#8189=CIRCLE('',#11118,0.0001);
#8190=CIRCLE('',#11120,0.0001);
#8191=CIRCLE('',#11125,0.0001);
#8192=CIRCLE('',#11127,0.0001);
#8193=CIRCLE('',#11129,0.0001);
#8194=CIRCLE('',#11131,0.0001);
#8195=CIRCLE('',#11133,0.0001);
#8196=CIRCLE('',#11137,0.0001);
#8197=CIRCLE('',#11138,0.0001);
#8198=CIRCLE('',#11139,0.0001);
#8199=CIRCLE('',#11141,0.0001);
#8200=CIRCLE('',#11143,0.0001);
#8201=CIRCLE('',#11145,0.0001);
#8202=CIRCLE('',#11147,0.0001);
#8203=CIRCLE('',#11154,0.0001);
#8204=CIRCLE('',#11156,0.0001);
#8205=CIRCLE('',#11158,0.0001);
#8206=CIRCLE('',#11160,0.0001);
#8207=CIRCLE('',#11164,0.0005);
#8208=CIRCLE('',#11166,0.0011);
#8209=CIRCLE('',#11167,0.0002);
#8210=CIRCLE('',#11168,0.000300000000000005);
#8211=CIRCLE('',#11169,0.0002);
#8212=CIRCLE('',#11170,0.0002);
#8213=CIRCLE('',#11171,0.0002);
#8214=CIRCLE('',#11172,0.0005);
#8215=CIRCLE('',#11173,0.0011);
#8216=CIRCLE('',#11175,0.0011);
#8217=CIRCLE('',#11179,0.001);
#8218=CIRCLE('',#11180,0.001);
#8219=CIRCLE('',#11182,0.001);
#8220=CIRCLE('',#11183,0.001);
#8221=CIRCLE('',#11185,0.02);
#8222=CIRCLE('',#11186,0.02);
#8223=CIRCLE('',#11189,0.02);
#8224=CIRCLE('',#11190,0.02);
#8225=CIRCLE('',#11194,0.02);
#8226=CIRCLE('',#11195,0.02);
#8227=CIRCLE('',#11198,0.02);
#8228=CIRCLE('',#11199,0.02);
#8229=CIRCLE('',#11203,0.0005);
#8230=CIRCLE('',#11205,0.0005);
#8231=CIRCLE('',#11207,0.0005);
#8232=CIRCLE('',#11208,0.0001);
#8233=CIRCLE('',#11210,0.0001);
#8234=CIRCLE('',#11212,0.0001);
#8235=CIRCLE('',#11214,0.0001);
#8236=CIRCLE('',#11215,0.0009);
#8237=CIRCLE('',#11217,0.0001);
#8238=CIRCLE('',#11218,0.0001);
#8239=CIRCLE('',#11223,0.000200000000000006);
#8240=CIRCLE('',#11224,0.000200000000000006);
#8241=CIRCLE('',#11226,0.0001);
#8242=CIRCLE('',#11227,0.0001);
#8243=CIRCLE('',#11229,0.0001);
#8244=CIRCLE('',#11230,0.0001);
#8245=CIRCLE('',#11232,0.0001);
#8246=CIRCLE('',#11234,0.0001);
#8247=CIRCLE('',#11235,0.0001);
#8248=CIRCLE('',#11238,0.0001);
#8249=CIRCLE('',#11239,0.0001);
#8250=CIRCLE('',#11240,0.0001);
#8251=CIRCLE('',#11243,0.0001);
#8252=CIRCLE('',#11245,0.0001);
#8253=CIRCLE('',#11246,0.0001);
#8254=CIRCLE('',#11249,0.0001);
#8255=CIRCLE('',#11250,0.0001);
#8256=CIRCLE('',#11253,0.0001);
#8257=CIRCLE('',#11255,0.0001);
#8258=CIRCLE('',#11256,0.0009);
#8259=CIRCLE('',#11258,0.0001);
#8260=CIRCLE('',#11259,0.0001);
#8261=CIRCLE('',#11263,0.0001);
#8262=CIRCLE('',#11265,0.0001);
#8263=CIRCLE('',#11266,0.0001);
#8264=CIRCLE('',#11271,0.0001);
#8265=CIRCLE('',#11273,0.0001);
#8266=CIRCLE('',#11274,0.0001);
#8267=CIRCLE('',#11276,0.0001);
#8268=CIRCLE('',#11285,0.0001);
#8269=CIRCLE('',#11287,0.0001);
#8270=CIRCLE('',#11288,0.000300000000000005);
#8271=CIRCLE('',#11296,0.0005);
#8272=CIRCLE('',#11297,0.0005);
#8273=CIRCLE('',#11299,0.0005);
#8274=CIRCLE('',#11301,0.0005);
#8275=CIRCLE('',#11303,0.0011);
#8276=CIRCLE('',#11305,0.0011);
#8277=CIRCLE('',#11317,0.0011);
#8278=CIRCLE('',#11319,0.0011);
#8279=CIRCLE('',#11320,0.0011);
#8280=CIRCLE('',#11323,0.0011);
#8281=CIRCLE('',#11325,0.0011);
#8282=CIRCLE('',#11326,0.0011);
#8283=CIRCLE('',#11333,0.0005);
#8284=CIRCLE('',#11334,0.0005);
#8285=CIRCLE('',#11336,0.0005);
#8286=CIRCLE('',#11339,0.0005);
#8287=CIRCLE('',#11340,0.0005);
#8288=CIRCLE('',#11342,0.0005);
#8289=CIRCLE('',#11345,0.0005);
#8290=CIRCLE('',#11347,0.0005);
#8291=CIRCLE('',#11348,0.0005);
#8292=CIRCLE('',#11350,0.0005);
#8293=CIRCLE('',#11352,0.0005);
#8294=CIRCLE('',#11354,0.0005);
#8295=CIRCLE('',#11356,0.0005);
#8296=CIRCLE('',#11358,0.0005);
#8297=CIRCLE('',#11360,0.0005);
#8298=CIRCLE('',#11363,0.02);
#8299=CIRCLE('',#11364,0.02);
#8300=CIRCLE('',#11365,0.02);
#8301=CIRCLE('',#11366,0.02);
#8302=CIRCLE('',#11368,0.02);
#8303=CIRCLE('',#11369,0.02);
#8304=CIRCLE('',#11370,0.02);
#8305=CIRCLE('',#11371,0.02);
#8306=CIRCLE('',#11377,0.0005);
#8307=CIRCLE('',#11379,0.0005);
#8308=CIRCLE('',#11387,0.0005);
#8309=CIRCLE('',#11389,0.02);
#8310=CIRCLE('',#11390,0.02);
#8311=CIRCLE('',#11391,0.02);
#8312=CIRCLE('',#11392,0.02);
#8313=CIRCLE('',#11394,0.0005);
#8314=CIRCLE('',#11396,0.0005);
#8315=CIRCLE('',#11398,0.0005);
#8316=CIRCLE('',#11400,0.0005);
#8317=CIRCLE('',#11402,0.02);
#8318=CIRCLE('',#11404,0.02);
#8319=CIRCLE('',#11407,0.02);
#8320=CIRCLE('',#11409,0.02);
#8321=CIRCLE('',#11417,0.0005);
#8322=CIRCLE('',#11419,0.000512132034356031);
#8323=CIRCLE('',#11420,0.000512132034356031);
#8324=CIRCLE('',#11427,0.0009);
#8325=CIRCLE('',#11428,0.000562132034356031);
#8326=CIRCLE('',#11429,0.0009);
#8327=CIRCLE('',#11430,0.0008);
#8328=CIRCLE('',#11431,0.0008);
#8329=CIRCLE('',#11434,0.0004);
#8330=CIRCLE('',#11435,0.0004);
#8331=CIRCLE('',#11437,0.0004);
#8332=CIRCLE('',#11438,0.0004);
#8333=CIRCLE('',#11442,0.0005);
#8334=CIRCLE('',#11443,0.0005);
#8335=CIRCLE('',#11446,0.0005);
#8336=CIRCLE('',#11447,0.0005);
#8337=CIRCLE('',#11453,0.0009);
#8338=CIRCLE('',#11456,0.0009);
#8339=CIRCLE('',#11458,0.001);
#8340=CIRCLE('',#11461,0.001);
#8341=CIRCLE('',#11463,5.E-5);
#8342=CIRCLE('',#11466,5.E-5);
#8343=CIRCLE('',#11470,0.0001);
#8344=CIRCLE('',#11471,0.0001);
#8345=CIRCLE('',#11472,0.0001);
#8346=CIRCLE('',#11474,0.0001);
#8347=CIRCLE('',#11476,0.0001);
#8348=CIRCLE('',#11478,0.0001);
#8349=CIRCLE('',#11480,0.0001);
#8350=CIRCLE('',#11485,0.0001);
#8351=CIRCLE('',#11487,0.0001);
#8352=CIRCLE('',#11489,0.0001);
#8353=CIRCLE('',#11491,0.0001);
#8354=CIRCLE('',#11493,0.0001);
#8355=CIRCLE('',#11497,0.0001);
#8356=CIRCLE('',#11498,0.0001);
#8357=CIRCLE('',#11499,0.0001);
#8358=CIRCLE('',#11501,0.0001);
#8359=CIRCLE('',#11503,0.0001);
#8360=CIRCLE('',#11505,0.0001);
#8361=CIRCLE('',#11507,0.0001);
#8362=CIRCLE('',#11514,0.0001);
#8363=CIRCLE('',#11516,0.0001);
#8364=CIRCLE('',#11518,0.0001);
#8365=CIRCLE('',#11520,0.0001);
#8366=CIRCLE('',#11524,0.0005);
#8367=CIRCLE('',#11526,0.0011);
#8368=CIRCLE('',#11527,0.0002);
#8369=CIRCLE('',#11528,0.0002);
#8370=CIRCLE('',#11529,0.0002);
#8371=CIRCLE('',#11530,0.000300000000000005);
#8372=CIRCLE('',#11531,0.0002);
#8373=CIRCLE('',#11532,0.0005);
#8374=CIRCLE('',#11533,0.0011);
#8375=CIRCLE('',#11535,0.0011);
#8376=CIRCLE('',#11539,0.001);
#8377=CIRCLE('',#11540,0.001);
#8378=CIRCLE('',#11542,0.001);
#8379=CIRCLE('',#11543,0.001);
#8380=CIRCLE('',#11545,0.0005);
#8381=CIRCLE('',#11547,0.0005);
#8382=CIRCLE('',#11549,0.0005);
#8383=CIRCLE('',#11550,0.0001);
#8384=CIRCLE('',#11551,0.0001);
#8385=CIRCLE('',#11554,0.0001);
#8386=CIRCLE('',#11556,0.0001);
#8387=CIRCLE('',#11557,0.0009);
#8388=CIRCLE('',#11559,0.0001);
#8389=CIRCLE('',#11561,0.0001);
#8390=CIRCLE('',#11566,0.000200000000000006);
#8391=CIRCLE('',#11567,0.000200000000000006);
#8392=CIRCLE('',#11569,0.0001);
#8393=CIRCLE('',#11570,0.0001);
#8394=CIRCLE('',#11572,0.0001);
#8395=CIRCLE('',#11573,0.0001);
#8396=CIRCLE('',#11575,0.0001);
#8397=CIRCLE('',#11577,0.0001);
#8398=CIRCLE('',#11578,0.0001);
#8399=CIRCLE('',#11581,0.0001);
#8400=CIRCLE('',#11582,0.0001);
#8401=CIRCLE('',#11583,0.0001);
#8402=CIRCLE('',#11586,0.0001);
#8403=CIRCLE('',#11588,0.0001);
#8404=CIRCLE('',#11589,0.0001);
#8405=CIRCLE('',#11592,0.0001);
#8406=CIRCLE('',#11594,0.0001);
#8407=CIRCLE('',#11596,0.0001);
#8408=CIRCLE('',#11598,0.0009);
#8409=CIRCLE('',#11599,0.0001);
#8410=CIRCLE('',#11601,0.0001);
#8411=CIRCLE('',#11602,0.0001);
#8412=CIRCLE('',#11606,0.0001);
#8413=CIRCLE('',#11608,0.0001);
#8414=CIRCLE('',#11609,0.0001);
#8415=CIRCLE('',#11614,0.0001);
#8416=CIRCLE('',#11616,0.0001);
#8417=CIRCLE('',#11617,0.0001);
#8418=CIRCLE('',#11619,0.0001);
#8419=CIRCLE('',#11628,0.0001);
#8420=CIRCLE('',#11630,0.0001);
#8421=CIRCLE('',#11631,0.000300000000000005);
#8422=CIRCLE('',#11633,0.0001);
#8423=CIRCLE('',#11640,0.0005);
#8424=CIRCLE('',#11641,0.0005);
#8425=CIRCLE('',#11643,0.0005);
#8426=CIRCLE('',#11645,0.0005);
#8427=CIRCLE('',#11647,0.0011);
#8428=CIRCLE('',#11649,0.0011);
#8429=CIRCLE('',#11661,0.0011);
#8430=CIRCLE('',#11663,0.0011);
#8431=CIRCLE('',#11664,0.0011);
#8432=CIRCLE('',#11667,0.0011);
#8433=CIRCLE('',#11669,0.0011);
#8434=CIRCLE('',#11670,0.0011);
#8435=CIRCLE('',#11677,0.0005);
#8436=CIRCLE('',#11679,0.0005);
#8437=CIRCLE('',#11682,0.0005);
#8438=CIRCLE('',#11684,0.0005);
#8439=CIRCLE('',#11687,0.0005);
#8440=CIRCLE('',#11689,0.0005);
#8441=CIRCLE('',#11690,0.0005);
#8442=CIRCLE('',#11692,0.0005);
#8443=CIRCLE('',#11694,0.0005);
#8444=CIRCLE('',#11696,0.0005);
#8445=CIRCLE('',#11698,0.0005);
#8446=CIRCLE('',#11700,0.0005);
#8447=CIRCLE('',#11702,0.0005);
#8448=CIRCLE('',#11705,0.0005);
#8449=CIRCLE('',#11707,0.0005);
#8450=CIRCLE('',#11708,0.0005);
#8451=CIRCLE('',#11710,0.000512132034356031);
#8452=CIRCLE('',#11711,0.000512132034356031);
#8453=CIRCLE('',#11717,0.0008);
#8454=CIRCLE('',#11718,0.0008);
#8455=CIRCLE('',#11719,0.0009);
#8456=CIRCLE('',#11720,0.000562132034356031);
#8457=CIRCLE('',#11721,0.0009);
#8458=CIRCLE('',#11723,0.0004);
#8459=CIRCLE('',#11724,0.0004);
#8460=CIRCLE('',#11727,0.0004);
#8461=CIRCLE('',#11729,0.0004);
#8462=CIRCLE('',#11732,0.0005);
#8463=CIRCLE('',#11733,0.0005);
#8464=CIRCLE('',#11736,0.0005);
#8465=CIRCLE('',#11737,0.0005);
#8466=CIRCLE('',#11743,0.0009);
#8467=CIRCLE('',#11746,0.0009);
#8468=CIRCLE('',#11748,0.001);
#8469=CIRCLE('',#11750,0.001);
#8470=CIRCLE('',#11753,5.E-5);
#8471=CIRCLE('',#11755,5.E-5);
#8472=CIRCLE('',#11759,0.0001);
#8473=CIRCLE('',#11760,0.0001);
#8474=CIRCLE('',#11761,0.0001);
#8475=CIRCLE('',#11763,0.0001);
#8476=CIRCLE('',#11765,0.0001);
#8477=CIRCLE('',#11767,0.0001);
#8478=CIRCLE('',#11769,0.0001);
#8479=CIRCLE('',#11776,0.0001);
#8480=CIRCLE('',#11778,0.0001);
#8481=CIRCLE('',#11780,0.0001);
#8482=CIRCLE('',#11782,0.0001);
#8483=CIRCLE('',#11786,0.0001);
#8484=CIRCLE('',#11787,0.0001);
#8485=CIRCLE('',#11788,0.0001);
#8486=CIRCLE('',#11790,0.0001);
#8487=CIRCLE('',#11792,0.0001);
#8488=CIRCLE('',#11794,0.0001);
#8489=CIRCLE('',#11796,0.0001);
#8490=CIRCLE('',#11802,0.0001);
#8491=CIRCLE('',#11804,0.0001);
#8492=CIRCLE('',#11806,0.0001);
#8493=CIRCLE('',#11808,0.0001);
#8494=CIRCLE('',#11812,0.0005);
#8495=CIRCLE('',#11814,0.0011);
#8496=CIRCLE('',#11815,0.0002);
#8497=CIRCLE('',#11816,0.000300000000000005);
#8498=CIRCLE('',#11817,0.0002);
#8499=CIRCLE('',#11818,0.0002);
#8500=CIRCLE('',#11819,0.0002);
#8501=CIRCLE('',#11820,0.0005);
#8502=CIRCLE('',#11821,0.0011);
#8503=CIRCLE('',#11823,0.0011);
#8504=CIRCLE('',#11827,0.001);
#8505=CIRCLE('',#11828,0.001);
#8506=CIRCLE('',#11830,0.001);
#8507=CIRCLE('',#11831,0.001);
#8508=CIRCLE('',#11833,0.0005);
#8509=CIRCLE('',#11835,0.0005);
#8510=CIRCLE('',#11837,0.0005);
#8511=CIRCLE('',#11839,0.02);
#8512=CIRCLE('',#11840,0.02);
#8513=CIRCLE('',#11843,0.02);
#8514=CIRCLE('',#11844,0.02);
#8515=CIRCLE('',#11847,0.0001);
#8516=CIRCLE('',#11849,0.0001);
#8517=CIRCLE('',#11851,0.0001);
#8518=CIRCLE('',#11853,0.0001);
#8519=CIRCLE('',#11854,0.0009);
#8520=CIRCLE('',#11856,0.0001);
#8521=CIRCLE('',#11857,0.0001);
#8522=CIRCLE('',#11862,0.000200000000000006);
#8523=CIRCLE('',#11863,0.000200000000000006);
#8524=CIRCLE('',#11865,0.0001);
#8525=CIRCLE('',#11866,0.0001);
#8526=CIRCLE('',#11868,0.0001);
#8527=CIRCLE('',#11869,0.0001);
#8528=CIRCLE('',#11871,0.0001);
#8529=CIRCLE('',#11873,0.0001);
#8530=CIRCLE('',#11874,0.0001);
#8531=CIRCLE('',#11877,0.0001);
#8532=CIRCLE('',#11878,0.0001);
#8533=CIRCLE('',#11879,0.0001);
#8534=CIRCLE('',#11882,0.0001);
#8535=CIRCLE('',#11884,0.0001);
#8536=CIRCLE('',#11885,0.0001);
#8537=CIRCLE('',#11888,0.0001);
#8538=CIRCLE('',#11889,0.0001);
#8539=CIRCLE('',#11892,0.0001);
#8540=CIRCLE('',#11894,0.0001);
#8541=CIRCLE('',#11895,0.0009);
#8542=CIRCLE('',#11897,0.0001);
#8543=CIRCLE('',#11898,0.0001);
#8544=CIRCLE('',#11902,0.0001);
#8545=CIRCLE('',#11904,0.0001);
#8546=CIRCLE('',#11905,0.0001);
#8547=CIRCLE('',#11910,0.0001);
#8548=CIRCLE('',#11912,0.0001);
#8549=CIRCLE('',#11913,0.0001);
#8550=CIRCLE('',#11915,0.0001);
#8551=CIRCLE('',#11924,0.0001);
#8552=CIRCLE('',#11926,0.0001);
#8553=CIRCLE('',#11927,0.000300000000000005);
#8554=CIRCLE('',#11935,0.0005);
#8555=CIRCLE('',#11936,0.0005);
#8556=CIRCLE('',#11938,0.0005);
#8557=CIRCLE('',#11940,0.0005);
#8558=CIRCLE('',#11942,0.0011);
#8559=CIRCLE('',#11944,0.0011);
#8560=CIRCLE('',#11956,0.0011);
#8561=CIRCLE('',#11958,0.0011);
#8562=CIRCLE('',#11959,0.0011);
#8563=CIRCLE('',#11962,0.0011);
#8564=CIRCLE('',#11964,0.0011);
#8565=CIRCLE('',#11965,0.0011);
#8566=CIRCLE('',#11972,0.0005);
#8567=CIRCLE('',#11974,0.0005);
#8568=CIRCLE('',#11977,0.0005);
#8569=CIRCLE('',#11978,0.0005);
#8570=CIRCLE('',#11980,0.0005);
#8571=CIRCLE('',#11983,0.0005);
#8572=CIRCLE('',#11985,0.0005);
#8573=CIRCLE('',#11986,0.0005);
#8574=CIRCLE('',#11988,0.0005);
#8575=CIRCLE('',#11990,0.0005);
#8576=CIRCLE('',#11992,0.0005);
#8577=CIRCLE('',#11994,0.0005);
#8578=CIRCLE('',#11996,0.0005);
#8579=CIRCLE('',#11998,0.0005);
#8580=CIRCLE('',#12001,0.02);
#8581=CIRCLE('',#12002,0.02);
#8582=CIRCLE('',#12003,0.02);
#8583=CIRCLE('',#12004,0.02);
#8584=CIRCLE('',#12008,0.0005);
#8585=CIRCLE('',#12010,0.0005);
#8586=CIRCLE('',#12018,0.0005);
#8587=CIRCLE('',#12020,0.0005);
#8588=CIRCLE('',#12021,0.0005);
#8589=CIRCLE('',#12023,0.000512132034356031);
#8590=CIRCLE('',#12024,0.000512132034356031);
#8591=CIRCLE('',#12030,0.0009);
#8592=CIRCLE('',#12031,0.000562132034356031);
#8593=CIRCLE('',#12032,0.0009);
#8594=CIRCLE('',#12033,0.0008);
#8595=CIRCLE('',#12034,0.0008);
#8596=CIRCLE('',#12037,0.0004);
#8597=CIRCLE('',#12038,0.0004);
#8598=CIRCLE('',#12040,0.0004);
#8599=CIRCLE('',#12041,0.0004);
#8600=CIRCLE('',#12045,0.0005);
#8601=CIRCLE('',#12046,0.0005);
#8602=CIRCLE('',#12049,0.0005);
#8603=CIRCLE('',#12050,0.0005);
#8604=CIRCLE('',#12055,0.0009);
#8605=CIRCLE('',#12058,0.0009);
#8606=CIRCLE('',#12060,0.001);
#8607=CIRCLE('',#12062,0.001);
#8608=CIRCLE('',#12064,5.E-5);
#8609=CIRCLE('',#12067,5.E-5);
#8610=CIRCLE('',#12071,0.0001);
#8611=CIRCLE('',#12072,0.0001);
#8612=CIRCLE('',#12073,0.0001);
#8613=CIRCLE('',#12075,0.0001);
#8614=CIRCLE('',#12077,0.0001);
#8615=CIRCLE('',#12079,0.0001);
#8616=CIRCLE('',#12081,0.0001);
#8617=CIRCLE('',#12088,0.0001);
#8618=CIRCLE('',#12090,0.0001);
#8619=CIRCLE('',#12092,0.0001);
#8620=CIRCLE('',#12094,0.0001);
#8621=CIRCLE('',#12098,0.0001);
#8622=CIRCLE('',#12099,0.0001);
#8623=CIRCLE('',#12100,0.0001);
#8624=CIRCLE('',#12102,0.0001);
#8625=CIRCLE('',#12104,0.0001);
#8626=CIRCLE('',#12106,0.0001);
#8627=CIRCLE('',#12108,0.0001);
#8628=CIRCLE('',#12115,0.0001);
#8629=CIRCLE('',#12117,0.0001);
#8630=CIRCLE('',#12119,0.0001);
#8631=CIRCLE('',#12121,0.0001);
#8632=CIRCLE('',#12125,0.0005);
#8633=CIRCLE('',#12127,0.0011);
#8634=CIRCLE('',#12128,0.0002);
#8635=CIRCLE('',#12129,0.0002);
#8636=CIRCLE('',#12130,0.0002);
#8637=CIRCLE('',#12131,0.000300000000000005);
#8638=CIRCLE('',#12132,0.0002);
#8639=CIRCLE('',#12133,0.0005);
#8640=CIRCLE('',#12134,0.0011);
#8641=CIRCLE('',#12136,0.0011);
#8642=CIRCLE('',#12140,0.001);
#8643=CIRCLE('',#12141,0.001);
#8644=CIRCLE('',#12143,0.001);
#8645=CIRCLE('',#12144,0.001);
#8646=CIRCLE('',#12146,0.0005);
#8647=CIRCLE('',#12148,0.0005);
#8648=CIRCLE('',#12150,0.0005);
#8649=CIRCLE('',#12151,0.0001);
#8650=CIRCLE('',#12152,0.0001);
#8651=CIRCLE('',#12155,0.0001);
#8652=CIRCLE('',#12157,0.0001);
#8653=CIRCLE('',#12158,0.0009);
#8654=CIRCLE('',#12160,0.0001);
#8655=CIRCLE('',#12162,0.0001);
#8656=CIRCLE('',#12166,0.000200000000000006);
#8657=CIRCLE('',#12167,0.000200000000000006);
#8658=CIRCLE('',#12169,0.0001);
#8659=CIRCLE('',#12170,0.0001);
#8660=CIRCLE('',#12172,0.0001);
#8661=CIRCLE('',#12173,0.0001);
#8662=CIRCLE('',#12175,0.0001);
#8663=CIRCLE('',#12177,0.0001);
#8664=CIRCLE('',#12178,0.0001);
#8665=CIRCLE('',#12181,0.0001);
#8666=CIRCLE('',#12182,0.0001);
#8667=CIRCLE('',#12183,0.0001);
#8668=CIRCLE('',#12186,0.0001);
#8669=CIRCLE('',#12188,0.0001);
#8670=CIRCLE('',#12189,0.0001);
#8671=CIRCLE('',#12192,0.0001);
#8672=CIRCLE('',#12194,0.0001);
#8673=CIRCLE('',#12196,0.0001);
#8674=CIRCLE('',#12198,0.0009);
#8675=CIRCLE('',#12199,0.0001);
#8676=CIRCLE('',#12201,0.0001);
#8677=CIRCLE('',#12202,0.0001);
#8678=CIRCLE('',#12206,0.0001);
#8679=CIRCLE('',#12208,0.0001);
#8680=CIRCLE('',#12209,0.0001);
#8681=CIRCLE('',#12214,0.0001);
#8682=CIRCLE('',#12216,0.0001);
#8683=CIRCLE('',#12217,0.0001);
#8684=CIRCLE('',#12219,0.0001);
#8685=CIRCLE('',#12228,0.0001);
#8686=CIRCLE('',#12230,0.0001);
#8687=CIRCLE('',#12231,0.000300000000000005);
#8688=CIRCLE('',#12239,0.0005);
#8689=CIRCLE('',#12240,0.0005);
#8690=CIRCLE('',#12242,0.0005);
#8691=CIRCLE('',#12244,0.0005);
#8692=CIRCLE('',#12246,0.0011);
#8693=CIRCLE('',#12248,0.0011);
#8694=CIRCLE('',#12260,0.0011);
#8695=CIRCLE('',#12262,0.0011);
#8696=CIRCLE('',#12263,0.0011);
#8697=CIRCLE('',#12266,0.0011);
#8698=CIRCLE('',#12268,0.0011);
#8699=CIRCLE('',#12269,0.0011);
#8700=CIRCLE('',#12276,0.0005);
#8701=CIRCLE('',#12277,0.0005);
#8702=CIRCLE('',#12279,0.0005);
#8703=CIRCLE('',#12282,0.0005);
#8704=CIRCLE('',#12284,0.0005);
#8705=CIRCLE('',#12287,0.0005);
#8706=CIRCLE('',#12289,0.0005);
#8707=CIRCLE('',#12290,0.0005);
#8708=CIRCLE('',#12292,0.0005);
#8709=CIRCLE('',#12294,0.0005);
#8710=CIRCLE('',#12296,0.0005);
#8711=CIRCLE('',#12298,0.0005);
#8712=CIRCLE('',#12300,0.0005);
#8713=CIRCLE('',#12302,0.0005);
#8714=EDGE_LOOP('',(#2307,#2308,#2309,#2310));
#8715=EDGE_LOOP('',(#2311,#2312,#2313,#2314));
#8716=EDGE_LOOP('',(#2315,#2316,#2317,#2318));
#8717=EDGE_LOOP('',(#2319,#2320,#2321,#2322,#2323,#2324));
#8718=EDGE_LOOP('',(#2325,#2326,#2327,#2328,#2329,#2330));
#8719=EDGE_LOOP('',(#2331,#2332,#2333,#2334,#2335,#2336));
#8720=EDGE_LOOP('',(#2337,#2338,#2339,#2340));
#8721=EDGE_LOOP('',(#2341,#2342,#2343,#2344,#2345,#2346,#2347,#2348,#2349,
#2350,#2351,#2352));
#8722=EDGE_LOOP('',(#2353,#2354,#2355,#2356,#2357,#2358,#2359,#2360,#2361,
#2362));
#8723=EDGE_LOOP('',(#2363,#2364,#2365,#2366,#2367,#2368,#2369,#2370,#2371,
#2372));
#8724=EDGE_LOOP('',(#2373,#2374,#2375,#2376));
#8725=EDGE_LOOP('',(#2377,#2378,#2379,#2380));
#8726=EDGE_LOOP('',(#2381,#2382,#2383,#2384));
#8727=EDGE_LOOP('',(#2385,#2386,#2387,#2388));
#8728=EDGE_LOOP('',(#2389,#2390,#2391,#2392));
#8729=EDGE_LOOP('',(#2393,#2394,#2395,#2396));
#8730=EDGE_LOOP('',(#2397,#2398,#2399,#2400,#2401));
#8731=EDGE_LOOP('',(#2402,#2403,#2404,#2405));
#8732=EDGE_LOOP('',(#2406,#2407,#2408,#2409,#2410));
#8733=EDGE_LOOP('',(#2411,#2412,#2413,#2414));
#8734=EDGE_LOOP('',(#2415,#2416,#2417,#2418,#2419));
#8735=EDGE_LOOP('',(#2420,#2421,#2422,#2423,#2424));
#8736=EDGE_LOOP('',(#2425,#2426,#2427,#2428));
#8737=EDGE_LOOP('',(#2429,#2430,#2431,#2432));
#8738=EDGE_LOOP('',(#2433,#2434,#2435,#2436));
#8739=EDGE_LOOP('',(#2437,#2438,#2439,#2440));
#8740=EDGE_LOOP('',(#2441,#2442,#2443,#2444));
#8741=EDGE_LOOP('',(#2445,#2446,#2447,#2448));
#8742=EDGE_LOOP('',(#2449,#2450,#2451,#2452));
#8743=EDGE_LOOP('',(#2453,#2454,#2455,#2456));
#8744=EDGE_LOOP('',(#2457,#2458,#2459,#2460));
#8745=EDGE_LOOP('',(#2461,#2462,#2463,#2464));
#8746=EDGE_LOOP('',(#2465,#2466,#2467,#2468));
#8747=EDGE_LOOP('',(#2469,#2470,#2471,#2472));
#8748=EDGE_LOOP('',(#2473,#2474,#2475,#2476));
#8749=EDGE_LOOP('',(#2477,#2478,#2479,#2480));
#8750=EDGE_LOOP('',(#2481,#2482,#2483,#2484));
#8751=EDGE_LOOP('',(#2485,#2486,#2487,#2488));
#8752=EDGE_LOOP('',(#2489,#2490,#2491,#2492));
#8753=EDGE_LOOP('',(#2493,#2494,#2495,#2496));
#8754=EDGE_LOOP('',(#2497,#2498,#2499,#2500));
#8755=EDGE_LOOP('',(#2501,#2502,#2503,#2504));
#8756=EDGE_LOOP('',(#2505,#2506,#2507,#2508));
#8757=EDGE_LOOP('',(#2509,#2510,#2511,#2512));
#8758=EDGE_LOOP('',(#2513,#2514,#2515,#2516));
#8759=EDGE_LOOP('',(#2517,#2518,#2519,#2520));
#8760=EDGE_LOOP('',(#2521,#2522,#2523,#2524));
#8761=EDGE_LOOP('',(#2525,#2526,#2527,#2528));
#8762=EDGE_LOOP('',(#2529,#2530,#2531,#2532));
#8763=EDGE_LOOP('',(#2533,#2534,#2535,#2536));
#8764=EDGE_LOOP('',(#2537,#2538,#2539,#2540));
#8765=EDGE_LOOP('',(#2541,#2542,#2543,#2544));
#8766=EDGE_LOOP('',(#2545,#2546,#2547,#2548));
#8767=EDGE_LOOP('',(#2549,#2550,#2551,#2552));
#8768=EDGE_LOOP('',(#2553,#2554,#2555,#2556));
#8769=EDGE_LOOP('',(#2557,#2558,#2559,#2560));
#8770=EDGE_LOOP('',(#2561,#2562,#2563,#2564));
#8771=EDGE_LOOP('',(#2565,#2566,#2567,#2568));
#8772=EDGE_LOOP('',(#2569,#2570,#2571,#2572));
#8773=EDGE_LOOP('',(#2573,#2574,#2575,#2576,#2577));
#8774=EDGE_LOOP('',(#2578,#2579,#2580,#2581,#2582,#2583,#2584,#2585,#2586,
#2587));
#8775=EDGE_LOOP('',(#2588,#2589,#2590,#2591,#2592));
#8776=EDGE_LOOP('',(#2593,#2594,#2595,#2596,#2597,#2598,#2599,#2600,#2601,
#2602));
#8777=EDGE_LOOP('',(#2603,#2604,#2605,#2606,#2607,#2608,#2609));
#8778=EDGE_LOOP('',(#2610,#2611,#2612,#2613,#2614));
#8779=EDGE_LOOP('',(#2615,#2616,#2617,#2618));
#8780=EDGE_LOOP('',(#2619,#2620,#2621,#2622,#2623,#2624,#2625,#2626,#2627,
#2628));
#8781=EDGE_LOOP('',(#2629,#2630,#2631,#2632,#2633,#2634,#2635,#2636,#2637,
#2638));
#8782=EDGE_LOOP('',(#2639,#2640,#2641,#2642));
#8783=EDGE_LOOP('',(#2643,#2644,#2645,#2646));
#8784=EDGE_LOOP('',(#2647,#2648,#2649,#2650,#2651,#2652,#2653,#2654,#2655,
#2656,#2657,#2658,#2659,#2660,#2661,#2662,#2663,#2664,#2665,#2666,#2667,
#2668,#2669,#2670,#2671,#2672,#2673,#2674,#2675,#2676,#2677,#2678));
#8785=EDGE_LOOP('',(#2679,#2680,#2681,#2682,#2683,#2684,#2685,#2686,#2687,
#2688,#2689,#2690,#2691,#2692,#2693,#2694,#2695,#2696,#2697,#2698,#2699,
#2700,#2701,#2702,#2703,#2704,#2705,#2706,#2707,#2708,#2709,#2710));
#8786=EDGE_LOOP('',(#2711,#2712,#2713,#2714,#2715,#2716,#2717));
#8787=EDGE_LOOP('',(#2718,#2719,#2720,#2721,#2722,#2723,#2724));
#8788=EDGE_LOOP('',(#2725,#2726,#2727,#2728,#2729,#2730,#2731));
#8789=EDGE_LOOP('',(#2732,#2733,#2734,#2735));
#8790=EDGE_LOOP('',(#2736,#2737,#2738,#2739));
#8791=EDGE_LOOP('',(#2740,#2741,#2742,#2743));
#8792=EDGE_LOOP('',(#2744,#2745,#2746,#2747));
#8793=EDGE_LOOP('',(#2748,#2749,#2750,#2751));
#8794=EDGE_LOOP('',(#2752,#2753,#2754));
#8795=EDGE_LOOP('',(#2755,#2756,#2757,#2758,#2759));
#8796=EDGE_LOOP('',(#2760,#2761,#2762,#2763));
#8797=EDGE_LOOP('',(#2764,#2765,#2766,#2767));
#8798=EDGE_LOOP('',(#2768,#2769,#2770,#2771));
#8799=EDGE_LOOP('',(#2772,#2773,#2774,#2775));
#8800=EDGE_LOOP('',(#2776,#2777,#2778,#2779));
#8801=EDGE_LOOP('',(#2780,#2781,#2782,#2783));
#8802=EDGE_LOOP('',(#2784,#2785,#2786,#2787));
#8803=EDGE_LOOP('',(#2788,#2789,#2790,#2791));
#8804=EDGE_LOOP('',(#2792,#2793,#2794,#2795));
#8805=EDGE_LOOP('',(#2796,#2797,#2798));
#8806=EDGE_LOOP('',(#2799,#2800,#2801,#2802));
#8807=EDGE_LOOP('',(#2803,#2804,#2805,#2806));
#8808=EDGE_LOOP('',(#2807,#2808,#2809,#2810));
#8809=EDGE_LOOP('',(#2811,#2812,#2813,#2814));
#8810=EDGE_LOOP('',(#2815,#2816,#2817,#2818));
#8811=EDGE_LOOP('',(#2819,#2820,#2821,#2822));
#8812=EDGE_LOOP('',(#2823,#2824,#2825,#2826));
#8813=EDGE_LOOP('',(#2827,#2828,#2829,#2830));
#8814=EDGE_LOOP('',(#2831,#2832,#2833,#2834));
#8815=EDGE_LOOP('',(#2835,#2836,#2837));
#8816=EDGE_LOOP('',(#2838,#2839,#2840,#2841,#2842,#2843));
#8817=EDGE_LOOP('',(#2844,#2845,#2846,#2847));
#8818=EDGE_LOOP('',(#2848,#2849,#2850,#2851));
#8819=EDGE_LOOP('',(#2852,#2853,#2854,#2855));
#8820=EDGE_LOOP('',(#2856,#2857,#2858,#2859));
#8821=EDGE_LOOP('',(#2860,#2861,#2862,#2863));
#8822=EDGE_LOOP('',(#2864,#2865,#2866,#2867));
#8823=EDGE_LOOP('',(#2868,#2869,#2870,#2871,#2872));
#8824=EDGE_LOOP('',(#2873,#2874,#2875,#2876));
#8825=EDGE_LOOP('',(#2877,#2878,#2879));
#8826=EDGE_LOOP('',(#2880,#2881,#2882,#2883));
#8827=EDGE_LOOP('',(#2884,#2885,#2886,#2887,#2888,#2889));
#8828=EDGE_LOOP('',(#2890,#2891,#2892,#2893,#2894));
#8829=EDGE_LOOP('',(#2895,#2896,#2897,#2898));
#8830=EDGE_LOOP('',(#2899,#2900,#2901,#2902));
#8831=EDGE_LOOP('',(#2903,#2904,#2905,#2906));
#8832=EDGE_LOOP('',(#2907,#2908,#2909,#2910));
#8833=EDGE_LOOP('',(#2911,#2912,#2913,#2914));
#8834=EDGE_LOOP('',(#2915,#2916,#2917,#2918,#2919,#2920));
#8835=EDGE_LOOP('',(#2921,#2922,#2923,#2924,#2925));
#8836=EDGE_LOOP('',(#2926,#2927,#2928,#2929,#2930,#2931,#2932,#2933));
#8837=EDGE_LOOP('',(#2934,#2935,#2936,#2937));
#8838=EDGE_LOOP('',(#2938,#2939,#2940,#2941));
#8839=EDGE_LOOP('',(#2942,#2943,#2944,#2945));
#8840=EDGE_LOOP('',(#2946,#2947,#2948,#2949));
#8841=EDGE_LOOP('',(#2950,#2951,#2952,#2953,#2954));
#8842=EDGE_LOOP('',(#2955,#2956,#2957,#2958,#2959,#2960,#2961));
#8843=EDGE_LOOP('',(#2962,#2963,#2964,#2965,#2966,#2967,#2968));
#8844=EDGE_LOOP('',(#2969,#2970,#2971,#2972));
#8845=EDGE_LOOP('',(#2973,#2974,#2975,#2976,#2977,#2978,#2979));
#8846=EDGE_LOOP('',(#2980,#2981,#2982,#2983,#2984,#2985,#2986));
#8847=EDGE_LOOP('',(#2987,#2988,#2989,#2990));
#8848=EDGE_LOOP('',(#2991,#2992,#2993,#2994));
#8849=EDGE_LOOP('',(#2995,#2996,#2997,#2998,#2999));
#8850=EDGE_LOOP('',(#3000,#3001,#3002,#3003,#3004,#3005));
#8851=EDGE_LOOP('',(#3006,#3007,#3008));
#8852=EDGE_LOOP('',(#3009,#3010,#3011,#3012));
#8853=EDGE_LOOP('',(#3013,#3014,#3015,#3016));
#8854=EDGE_LOOP('',(#3017,#3018,#3019));
#8855=EDGE_LOOP('',(#3020,#3021,#3022,#3023,#3024));
#8856=EDGE_LOOP('',(#3025,#3026,#3027,#3028));
#8857=EDGE_LOOP('',(#3029,#3030,#3031,#3032,#3033,#3034,#3035));
#8858=EDGE_LOOP('',(#3036,#3037,#3038,#3039));
#8859=EDGE_LOOP('',(#3040,#3041,#3042,#3043));
#8860=EDGE_LOOP('',(#3044,#3045,#3046,#3047));
#8861=EDGE_LOOP('',(#3048,#3049,#3050));
#8862=EDGE_LOOP('',(#3051,#3052,#3053,#3054));
#8863=EDGE_LOOP('',(#3055,#3056,#3057,#3058));
#8864=EDGE_LOOP('',(#3059,#3060,#3061));
#8865=EDGE_LOOP('',(#3062,#3063,#3064,#3065));
#8866=EDGE_LOOP('',(#3066,#3067,#3068,#3069));
#8867=EDGE_LOOP('',(#3070,#3071,#3072));
#8868=EDGE_LOOP('',(#3073,#3074,#3075,#3076));
#8869=EDGE_LOOP('',(#3077,#3078,#3079,#3080));
#8870=EDGE_LOOP('',(#3081,#3082,#3083,#3084));
#8871=EDGE_LOOP('',(#3085,#3086,#3087));
#8872=EDGE_LOOP('',(#3088,#3089,#3090,#3091));
#8873=EDGE_LOOP('',(#3092,#3093,#3094,#3095));
#8874=EDGE_LOOP('',(#3096,#3097,#3098));
#8875=EDGE_LOOP('',(#3099,#3100,#3101,#3102,#3103,#3104,#3105,#3106,#3107,
#3108,#3109,#3110));
#8876=EDGE_LOOP('',(#3111,#3112,#3113,#3114,#3115,#3116,#3117,#3118,#3119,
#3120,#3121,#3122));
#8877=EDGE_LOOP('',(#3123,#3124,#3125,#3126,#3127));
#8878=EDGE_LOOP('',(#3128,#3129,#3130,#3131,#3132));
#8879=EDGE_LOOP('',(#3133,#3134,#3135,#3136,#3137));
#8880=EDGE_LOOP('',(#3138,#3139,#3140,#3141,#3142));
#8881=EDGE_LOOP('',(#3143,#3144,#3145,#3146,#3147));
#8882=EDGE_LOOP('',(#3148,#3149,#3150,#3151,#3152));
#8883=EDGE_LOOP('',(#3153,#3154,#3155,#3156));
#8884=EDGE_LOOP('',(#3157,#3158,#3159,#3160));
#8885=EDGE_LOOP('',(#3161,#3162,#3163,#3164));
#8886=EDGE_LOOP('',(#3165,#3166,#3167,#3168));
#8887=EDGE_LOOP('',(#3169,#3170,#3171,#3172));
#8888=EDGE_LOOP('',(#3173,#3174,#3175,#3176));
#8889=EDGE_LOOP('',(#3177,#3178,#3179,#3180));
#8890=EDGE_LOOP('',(#3181,#3182,#3183,#3184,#3185,#3186,#3187,#3188,#3189,
#3190,#3191,#3192));
#8891=EDGE_LOOP('',(#3193,#3194,#3195,#3196,#3197));
#8892=EDGE_LOOP('',(#3198,#3199,#3200,#3201,#3202));
#8893=EDGE_LOOP('',(#3203,#3204,#3205,#3206,#3207));
#8894=EDGE_LOOP('',(#3208,#3209,#3210,#3211,#3212));
#8895=EDGE_LOOP('',(#3213,#3214,#3215,#3216));
#8896=EDGE_LOOP('',(#3217,#3218,#3219,#3220));
#8897=EDGE_LOOP('',(#3221,#3222,#3223,#3224));
#8898=EDGE_LOOP('',(#3225,#3226,#3227,#3228));
#8899=EDGE_LOOP('',(#3229,#3230,#3231,#3232));
#8900=EDGE_LOOP('',(#3233,#3234,#3235,#3236));
#8901=EDGE_LOOP('',(#3237,#3238,#3239,#3240,#3241,#3242,#3243,#3244,#3245,
#3246,#3247,#3248,#3249,#3250,#3251,#3252,#3253,#3254,#3255,#3256,#3257,
#3258,#3259,#3260,#3261,#3262,#3263,#3264,#3265,#3266,#3267,#3268));
#8902=EDGE_LOOP('',(#3269,#3270,#3271,#3272));
#8903=EDGE_LOOP('',(#3273,#3274,#3275,#3276));
#8904=EDGE_LOOP('',(#3277,#3278,#3279,#3280,#3281,#3282));
#8905=EDGE_LOOP('',(#3283,#3284,#3285,#3286,#3287,#3288));
#8906=EDGE_LOOP('',(#3289,#3290,#3291,#3292,#3293,#3294));
#8907=EDGE_LOOP('',(#3295,#3296,#3297,#3298));
#8908=EDGE_LOOP('',(#3299,#3300,#3301,#3302,#3303,#3304,#3305,#3306,#3307,
#3308,#3309,#3310));
#8909=EDGE_LOOP('',(#3311,#3312,#3313,#3314,#3315,#3316,#3317,#3318,#3319,
#3320));
#8910=EDGE_LOOP('',(#3321,#3322,#3323,#3324,#3325,#3326,#3327,#3328,#3329,
#3330));
#8911=EDGE_LOOP('',(#3331,#3332,#3333,#3334));
#8912=EDGE_LOOP('',(#3335,#3336,#3337,#3338));
#8913=EDGE_LOOP('',(#3339,#3340,#3341,#3342));
#8914=EDGE_LOOP('',(#3343,#3344,#3345,#3346));
#8915=EDGE_LOOP('',(#3347,#3348,#3349,#3350));
#8916=EDGE_LOOP('',(#3351,#3352,#3353,#3354));
#8917=EDGE_LOOP('',(#3355,#3356,#3357,#3358,#3359));
#8918=EDGE_LOOP('',(#3360,#3361,#3362,#3363));
#8919=EDGE_LOOP('',(#3364,#3365,#3366,#3367,#3368));
#8920=EDGE_LOOP('',(#3369,#3370,#3371,#3372));
#8921=EDGE_LOOP('',(#3373,#3374,#3375,#3376,#3377));
#8922=EDGE_LOOP('',(#3378,#3379,#3380,#3381,#3382));
#8923=EDGE_LOOP('',(#3383,#3384,#3385,#3386));
#8924=EDGE_LOOP('',(#3387,#3388,#3389,#3390));
#8925=EDGE_LOOP('',(#3391,#3392,#3393,#3394));
#8926=EDGE_LOOP('',(#3395,#3396,#3397,#3398));
#8927=EDGE_LOOP('',(#3399,#3400,#3401,#3402));
#8928=EDGE_LOOP('',(#3403,#3404,#3405,#3406));
#8929=EDGE_LOOP('',(#3407,#3408,#3409,#3410));
#8930=EDGE_LOOP('',(#3411,#3412,#3413,#3414));
#8931=EDGE_LOOP('',(#3415,#3416,#3417,#3418));
#8932=EDGE_LOOP('',(#3419,#3420,#3421,#3422));
#8933=EDGE_LOOP('',(#3423,#3424,#3425,#3426));
#8934=EDGE_LOOP('',(#3427,#3428,#3429,#3430));
#8935=EDGE_LOOP('',(#3431,#3432,#3433,#3434));
#8936=EDGE_LOOP('',(#3435,#3436,#3437,#3438));
#8937=EDGE_LOOP('',(#3439,#3440,#3441,#3442));
#8938=EDGE_LOOP('',(#3443,#3444,#3445,#3446));
#8939=EDGE_LOOP('',(#3447,#3448,#3449,#3450));
#8940=EDGE_LOOP('',(#3451,#3452,#3453,#3454));
#8941=EDGE_LOOP('',(#3455,#3456,#3457,#3458));
#8942=EDGE_LOOP('',(#3459,#3460,#3461,#3462));
#8943=EDGE_LOOP('',(#3463,#3464,#3465,#3466));
#8944=EDGE_LOOP('',(#3467,#3468,#3469,#3470));
#8945=EDGE_LOOP('',(#3471,#3472,#3473,#3474));
#8946=EDGE_LOOP('',(#3475,#3476,#3477,#3478));
#8947=EDGE_LOOP('',(#3479,#3480,#3481,#3482));
#8948=EDGE_LOOP('',(#3483,#3484,#3485,#3486));
#8949=EDGE_LOOP('',(#3487,#3488,#3489,#3490));
#8950=EDGE_LOOP('',(#3491,#3492,#3493,#3494));
#8951=EDGE_LOOP('',(#3495,#3496,#3497,#3498));
#8952=EDGE_LOOP('',(#3499,#3500,#3501,#3502));
#8953=EDGE_LOOP('',(#3503,#3504,#3505,#3506));
#8954=EDGE_LOOP('',(#3507,#3508,#3509,#3510));
#8955=EDGE_LOOP('',(#3511,#3512,#3513,#3514));
#8956=EDGE_LOOP('',(#3515,#3516,#3517,#3518));
#8957=EDGE_LOOP('',(#3519,#3520,#3521,#3522));
#8958=EDGE_LOOP('',(#3523,#3524,#3525,#3526));
#8959=EDGE_LOOP('',(#3527,#3528,#3529,#3530));
#8960=EDGE_LOOP('',(#3531,#3532,#3533,#3534,#3535));
#8961=EDGE_LOOP('',(#3536,#3537,#3538,#3539,#3540,#3541,#3542,#3543,#3544,
#3545));
#8962=EDGE_LOOP('',(#3546,#3547,#3548,#3549,#3550));
#8963=EDGE_LOOP('',(#3551,#3552,#3553,#3554,#3555,#3556,#3557,#3558,#3559,
#3560));
#8964=EDGE_LOOP('',(#3561,#3562,#3563,#3564,#3565,#3566,#3567));
#8965=EDGE_LOOP('',(#3568,#3569,#3570,#3571,#3572));
#8966=EDGE_LOOP('',(#3573,#3574,#3575,#3576));
#8967=EDGE_LOOP('',(#3577,#3578,#3579,#3580,#3581,#3582,#3583,#3584,#3585,
#3586));
#8968=EDGE_LOOP('',(#3587,#3588,#3589,#3590,#3591,#3592,#3593,#3594,#3595,
#3596));
#8969=EDGE_LOOP('',(#3597,#3598,#3599,#3600));
#8970=EDGE_LOOP('',(#3601,#3602,#3603,#3604));
#8971=EDGE_LOOP('',(#3605,#3606,#3607,#3608,#3609,#3610,#3611));
#8972=EDGE_LOOP('',(#3612,#3613,#3614,#3615,#3616,#3617,#3618));
#8973=EDGE_LOOP('',(#3619,#3620,#3621,#3622,#3623,#3624,#3625));
#8974=EDGE_LOOP('',(#3626,#3627,#3628,#3629));
#8975=EDGE_LOOP('',(#3630,#3631,#3632,#3633));
#8976=EDGE_LOOP('',(#3634,#3635,#3636,#3637));
#8977=EDGE_LOOP('',(#3638,#3639,#3640,#3641));
#8978=EDGE_LOOP('',(#3642,#3643,#3644,#3645));
#8979=EDGE_LOOP('',(#3646,#3647,#3648));
#8980=EDGE_LOOP('',(#3649,#3650,#3651,#3652,#3653));
#8981=EDGE_LOOP('',(#3654,#3655,#3656,#3657));
#8982=EDGE_LOOP('',(#3658,#3659,#3660,#3661));
#8983=EDGE_LOOP('',(#3662,#3663,#3664,#3665));
#8984=EDGE_LOOP('',(#3666,#3667,#3668,#3669));
#8985=EDGE_LOOP('',(#3670,#3671,#3672,#3673));
#8986=EDGE_LOOP('',(#3674,#3675,#3676,#3677));
#8987=EDGE_LOOP('',(#3678,#3679,#3680,#3681));
#8988=EDGE_LOOP('',(#3682,#3683,#3684,#3685));
#8989=EDGE_LOOP('',(#3686,#3687,#3688,#3689));
#8990=EDGE_LOOP('',(#3690,#3691,#3692));
#8991=EDGE_LOOP('',(#3693,#3694,#3695,#3696));
#8992=EDGE_LOOP('',(#3697,#3698,#3699,#3700));
#8993=EDGE_LOOP('',(#3701,#3702,#3703,#3704));
#8994=EDGE_LOOP('',(#3705,#3706,#3707,#3708));
#8995=EDGE_LOOP('',(#3709,#3710,#3711,#3712));
#8996=EDGE_LOOP('',(#3713,#3714,#3715,#3716));
#8997=EDGE_LOOP('',(#3717,#3718,#3719,#3720));
#8998=EDGE_LOOP('',(#3721,#3722,#3723,#3724));
#8999=EDGE_LOOP('',(#3725,#3726,#3727,#3728));
#9000=EDGE_LOOP('',(#3729,#3730,#3731));
#9001=EDGE_LOOP('',(#3732,#3733,#3734,#3735,#3736,#3737));
#9002=EDGE_LOOP('',(#3738,#3739,#3740,#3741));
#9003=EDGE_LOOP('',(#3742,#3743,#3744,#3745));
#9004=EDGE_LOOP('',(#3746,#3747,#3748,#3749));
#9005=EDGE_LOOP('',(#3750,#3751,#3752,#3753));
#9006=EDGE_LOOP('',(#3754,#3755,#3756,#3757));
#9007=EDGE_LOOP('',(#3758,#3759,#3760,#3761));
#9008=EDGE_LOOP('',(#3762,#3763,#3764,#3765,#3766));
#9009=EDGE_LOOP('',(#3767,#3768,#3769,#3770));
#9010=EDGE_LOOP('',(#3771,#3772,#3773));
#9011=EDGE_LOOP('',(#3774,#3775,#3776,#3777));
#9012=EDGE_LOOP('',(#3778,#3779,#3780,#3781,#3782,#3783));
#9013=EDGE_LOOP('',(#3784,#3785,#3786,#3787,#3788));
#9014=EDGE_LOOP('',(#3789,#3790,#3791,#3792));
#9015=EDGE_LOOP('',(#3793,#3794,#3795,#3796));
#9016=EDGE_LOOP('',(#3797,#3798,#3799,#3800));
#9017=EDGE_LOOP('',(#3801,#3802,#3803,#3804));
#9018=EDGE_LOOP('',(#3805,#3806,#3807,#3808));
#9019=EDGE_LOOP('',(#3809,#3810,#3811,#3812,#3813,#3814));
#9020=EDGE_LOOP('',(#3815,#3816,#3817,#3818,#3819));
#9021=EDGE_LOOP('',(#3820,#3821,#3822,#3823,#3824,#3825,#3826,#3827));
#9022=EDGE_LOOP('',(#3828,#3829,#3830,#3831));
#9023=EDGE_LOOP('',(#3832,#3833,#3834,#3835));
#9024=EDGE_LOOP('',(#3836,#3837,#3838,#3839));
#9025=EDGE_LOOP('',(#3840,#3841,#3842,#3843));
#9026=EDGE_LOOP('',(#3844,#3845,#3846,#3847,#3848));
#9027=EDGE_LOOP('',(#3849,#3850,#3851,#3852,#3853,#3854,#3855));
#9028=EDGE_LOOP('',(#3856,#3857,#3858,#3859,#3860,#3861,#3862));
#9029=EDGE_LOOP('',(#3863,#3864,#3865,#3866));
#9030=EDGE_LOOP('',(#3867,#3868,#3869,#3870,#3871,#3872,#3873));
#9031=EDGE_LOOP('',(#3874,#3875,#3876,#3877,#3878,#3879,#3880));
#9032=EDGE_LOOP('',(#3881,#3882,#3883,#3884));
#9033=EDGE_LOOP('',(#3885,#3886,#3887,#3888));
#9034=EDGE_LOOP('',(#3889,#3890,#3891,#3892,#3893));
#9035=EDGE_LOOP('',(#3894,#3895,#3896,#3897,#3898,#3899));
#9036=EDGE_LOOP('',(#3900,#3901,#3902));
#9037=EDGE_LOOP('',(#3903,#3904,#3905,#3906));
#9038=EDGE_LOOP('',(#3907,#3908,#3909,#3910));
#9039=EDGE_LOOP('',(#3911,#3912,#3913));
#9040=EDGE_LOOP('',(#3914,#3915,#3916,#3917,#3918));
#9041=EDGE_LOOP('',(#3919,#3920,#3921,#3922));
#9042=EDGE_LOOP('',(#3923,#3924,#3925,#3926,#3927,#3928,#3929));
#9043=EDGE_LOOP('',(#3930,#3931,#3932,#3933));
#9044=EDGE_LOOP('',(#3934,#3935,#3936,#3937));
#9045=EDGE_LOOP('',(#3938,#3939,#3940,#3941));
#9046=EDGE_LOOP('',(#3942,#3943,#3944));
#9047=EDGE_LOOP('',(#3945,#3946,#3947,#3948));
#9048=EDGE_LOOP('',(#3949,#3950,#3951,#3952));
#9049=EDGE_LOOP('',(#3953,#3954,#3955));
#9050=EDGE_LOOP('',(#3956,#3957,#3958,#3959));
#9051=EDGE_LOOP('',(#3960,#3961,#3962,#3963));
#9052=EDGE_LOOP('',(#3964,#3965,#3966));
#9053=EDGE_LOOP('',(#3967,#3968,#3969,#3970));
#9054=EDGE_LOOP('',(#3971,#3972,#3973,#3974));
#9055=EDGE_LOOP('',(#3975,#3976,#3977,#3978));
#9056=EDGE_LOOP('',(#3979,#3980,#3981));
#9057=EDGE_LOOP('',(#3982,#3983,#3984,#3985));
#9058=EDGE_LOOP('',(#3986,#3987,#3988,#3989));
#9059=EDGE_LOOP('',(#3990,#3991,#3992));
#9060=EDGE_LOOP('',(#3993,#3994,#3995,#3996));
#9061=EDGE_LOOP('',(#3997,#3998,#3999,#4000));
#9062=EDGE_LOOP('',(#4001,#4002,#4003,#4004));
#9063=EDGE_LOOP('',(#4005,#4006,#4007,#4008,#4009,#4010));
#9064=EDGE_LOOP('',(#4011,#4012,#4013,#4014,#4015,#4016));
#9065=EDGE_LOOP('',(#4017,#4018,#4019,#4020,#4021,#4022));
#9066=EDGE_LOOP('',(#4023,#4024,#4025,#4026));
#9067=EDGE_LOOP('',(#4027,#4028,#4029,#4030,#4031,#4032,#4033,#4034,#4035,
#4036,#4037,#4038));
#9068=EDGE_LOOP('',(#4039,#4040,#4041,#4042,#4043,#4044,#4045,#4046,#4047,
#4048));
#9069=EDGE_LOOP('',(#4049,#4050,#4051,#4052,#4053,#4054,#4055,#4056,#4057,
#4058));
#9070=EDGE_LOOP('',(#4059,#4060,#4061,#4062));
#9071=EDGE_LOOP('',(#4063,#4064,#4065,#4066));
#9072=EDGE_LOOP('',(#4067,#4068,#4069,#4070));
#9073=EDGE_LOOP('',(#4071,#4072,#4073,#4074));
#9074=EDGE_LOOP('',(#4075,#4076,#4077,#4078));
#9075=EDGE_LOOP('',(#4079,#4080,#4081,#4082));
#9076=EDGE_LOOP('',(#4083,#4084,#4085,#4086,#4087));
#9077=EDGE_LOOP('',(#4088,#4089,#4090,#4091));
#9078=EDGE_LOOP('',(#4092,#4093,#4094,#4095,#4096));
#9079=EDGE_LOOP('',(#4097,#4098,#4099,#4100));
#9080=EDGE_LOOP('',(#4101,#4102,#4103,#4104,#4105));
#9081=EDGE_LOOP('',(#4106,#4107,#4108,#4109,#4110));
#9082=EDGE_LOOP('',(#4111,#4112,#4113,#4114));
#9083=EDGE_LOOP('',(#4115,#4116,#4117,#4118));
#9084=EDGE_LOOP('',(#4119,#4120,#4121,#4122));
#9085=EDGE_LOOP('',(#4123,#4124,#4125,#4126));
#9086=EDGE_LOOP('',(#4127,#4128,#4129,#4130));
#9087=EDGE_LOOP('',(#4131,#4132,#4133,#4134));
#9088=EDGE_LOOP('',(#4135,#4136,#4137,#4138));
#9089=EDGE_LOOP('',(#4139,#4140,#4141,#4142));
#9090=EDGE_LOOP('',(#4143,#4144,#4145,#4146));
#9091=EDGE_LOOP('',(#4147,#4148,#4149,#4150));
#9092=EDGE_LOOP('',(#4151,#4152,#4153,#4154));
#9093=EDGE_LOOP('',(#4155,#4156,#4157,#4158));
#9094=EDGE_LOOP('',(#4159,#4160,#4161,#4162));
#9095=EDGE_LOOP('',(#4163,#4164,#4165,#4166));
#9096=EDGE_LOOP('',(#4167,#4168,#4169,#4170));
#9097=EDGE_LOOP('',(#4171,#4172,#4173,#4174));
#9098=EDGE_LOOP('',(#4175,#4176,#4177,#4178));
#9099=EDGE_LOOP('',(#4179,#4180,#4181,#4182));
#9100=EDGE_LOOP('',(#4183,#4184,#4185,#4186));
#9101=EDGE_LOOP('',(#4187,#4188,#4189,#4190));
#9102=EDGE_LOOP('',(#4191,#4192,#4193,#4194));
#9103=EDGE_LOOP('',(#4195,#4196,#4197,#4198));
#9104=EDGE_LOOP('',(#4199,#4200,#4201,#4202));
#9105=EDGE_LOOP('',(#4203,#4204,#4205,#4206));
#9106=EDGE_LOOP('',(#4207,#4208,#4209,#4210));
#9107=EDGE_LOOP('',(#4211,#4212,#4213,#4214));
#9108=EDGE_LOOP('',(#4215,#4216,#4217,#4218));
#9109=EDGE_LOOP('',(#4219,#4220,#4221,#4222));
#9110=EDGE_LOOP('',(#4223,#4224,#4225,#4226));
#9111=EDGE_LOOP('',(#4227,#4228,#4229,#4230));
#9112=EDGE_LOOP('',(#4231,#4232,#4233,#4234));
#9113=EDGE_LOOP('',(#4235,#4236,#4237,#4238));
#9114=EDGE_LOOP('',(#4239,#4240,#4241,#4242));
#9115=EDGE_LOOP('',(#4243,#4244,#4245,#4246));
#9116=EDGE_LOOP('',(#4247,#4248,#4249,#4250));
#9117=EDGE_LOOP('',(#4251,#4252,#4253,#4254));
#9118=EDGE_LOOP('',(#4255,#4256,#4257,#4258));
#9119=EDGE_LOOP('',(#4259,#4260,#4261,#4262,#4263));
#9120=EDGE_LOOP('',(#4264,#4265,#4266,#4267,#4268,#4269,#4270,#4271,#4272,
#4273));
#9121=EDGE_LOOP('',(#4274,#4275,#4276,#4277,#4278));
#9122=EDGE_LOOP('',(#4279,#4280,#4281,#4282,#4283,#4284,#4285,#4286,#4287,
#4288));
#9123=EDGE_LOOP('',(#4289,#4290,#4291,#4292,#4293,#4294,#4295));
#9124=EDGE_LOOP('',(#4296,#4297,#4298,#4299,#4300));
#9125=EDGE_LOOP('',(#4301,#4302,#4303,#4304));
#9126=EDGE_LOOP('',(#4305,#4306,#4307,#4308,#4309,#4310,#4311,#4312,#4313,
#4314));
#9127=EDGE_LOOP('',(#4315,#4316,#4317,#4318,#4319,#4320,#4321,#4322,#4323,
#4324));
#9128=EDGE_LOOP('',(#4325,#4326,#4327,#4328));
#9129=EDGE_LOOP('',(#4329,#4330,#4331,#4332));
#9130=EDGE_LOOP('',(#4333,#4334,#4335,#4336,#4337,#4338,#4339));
#9131=EDGE_LOOP('',(#4340,#4341,#4342,#4343,#4344,#4345,#4346));
#9132=EDGE_LOOP('',(#4347,#4348,#4349,#4350,#4351,#4352,#4353));
#9133=EDGE_LOOP('',(#4354,#4355,#4356,#4357,#4358,#4359,#4360,#4361,#4362,
#4363,#4364,#4365,#4366,#4367,#4368,#4369,#4370,#4371,#4372,#4373,#4374,
#4375,#4376,#4377,#4378,#4379,#4380,#4381,#4382,#4383,#4384,#4385));
#9134=EDGE_LOOP('',(#4386,#4387,#4388,#4389));
#9135=EDGE_LOOP('',(#4390,#4391,#4392,#4393));
#9136=EDGE_LOOP('',(#4394,#4395,#4396,#4397));
#9137=EDGE_LOOP('',(#4398,#4399,#4400,#4401));
#9138=EDGE_LOOP('',(#4402,#4403,#4404,#4405));
#9139=EDGE_LOOP('',(#4406,#4407,#4408));
#9140=EDGE_LOOP('',(#4409,#4410,#4411,#4412,#4413));
#9141=EDGE_LOOP('',(#4414,#4415,#4416,#4417));
#9142=EDGE_LOOP('',(#4418,#4419,#4420,#4421));
#9143=EDGE_LOOP('',(#4422,#4423,#4424,#4425));
#9144=EDGE_LOOP('',(#4426,#4427,#4428,#4429));
#9145=EDGE_LOOP('',(#4430,#4431,#4432,#4433));
#9146=EDGE_LOOP('',(#4434,#4435,#4436,#4437));
#9147=EDGE_LOOP('',(#4438,#4439,#4440,#4441));
#9148=EDGE_LOOP('',(#4442,#4443,#4444,#4445));
#9149=EDGE_LOOP('',(#4446,#4447,#4448,#4449));
#9150=EDGE_LOOP('',(#4450,#4451,#4452));
#9151=EDGE_LOOP('',(#4453,#4454,#4455,#4456));
#9152=EDGE_LOOP('',(#4457,#4458,#4459,#4460));
#9153=EDGE_LOOP('',(#4461,#4462,#4463,#4464));
#9154=EDGE_LOOP('',(#4465,#4466,#4467,#4468));
#9155=EDGE_LOOP('',(#4469,#4470,#4471,#4472));
#9156=EDGE_LOOP('',(#4473,#4474,#4475,#4476));
#9157=EDGE_LOOP('',(#4477,#4478,#4479,#4480));
#9158=EDGE_LOOP('',(#4481,#4482,#4483,#4484));
#9159=EDGE_LOOP('',(#4485,#4486,#4487,#4488));
#9160=EDGE_LOOP('',(#4489,#4490,#4491));
#9161=EDGE_LOOP('',(#4492,#4493,#4494,#4495,#4496,#4497));
#9162=EDGE_LOOP('',(#4498,#4499,#4500,#4501));
#9163=EDGE_LOOP('',(#4502,#4503,#4504,#4505));
#9164=EDGE_LOOP('',(#4506,#4507,#4508,#4509));
#9165=EDGE_LOOP('',(#4510,#4511,#4512,#4513));
#9166=EDGE_LOOP('',(#4514,#4515,#4516,#4517));
#9167=EDGE_LOOP('',(#4518,#4519,#4520,#4521));
#9168=EDGE_LOOP('',(#4522,#4523,#4524,#4525,#4526));
#9169=EDGE_LOOP('',(#4527,#4528,#4529,#4530));
#9170=EDGE_LOOP('',(#4531,#4532,#4533));
#9171=EDGE_LOOP('',(#4534,#4535,#4536,#4537));
#9172=EDGE_LOOP('',(#4538,#4539,#4540,#4541,#4542,#4543));
#9173=EDGE_LOOP('',(#4544,#4545,#4546,#4547,#4548));
#9174=EDGE_LOOP('',(#4549,#4550,#4551,#4552));
#9175=EDGE_LOOP('',(#4553,#4554,#4555,#4556));
#9176=EDGE_LOOP('',(#4557,#4558,#4559,#4560));
#9177=EDGE_LOOP('',(#4561,#4562,#4563,#4564));
#9178=EDGE_LOOP('',(#4565,#4566,#4567,#4568));
#9179=EDGE_LOOP('',(#4569,#4570,#4571,#4572,#4573,#4574));
#9180=EDGE_LOOP('',(#4575,#4576,#4577,#4578,#4579));
#9181=EDGE_LOOP('',(#4580,#4581,#4582,#4583,#4584,#4585,#4586,#4587));
#9182=EDGE_LOOP('',(#4588,#4589,#4590,#4591));
#9183=EDGE_LOOP('',(#4592,#4593,#4594,#4595));
#9184=EDGE_LOOP('',(#4596,#4597,#4598,#4599));
#9185=EDGE_LOOP('',(#4600,#4601,#4602,#4603));
#9186=EDGE_LOOP('',(#4604,#4605,#4606,#4607,#4608));
#9187=EDGE_LOOP('',(#4609,#4610,#4611,#4612,#4613,#4614,#4615));
#9188=EDGE_LOOP('',(#4616,#4617,#4618,#4619,#4620,#4621,#4622));
#9189=EDGE_LOOP('',(#4623,#4624,#4625,#4626));
#9190=EDGE_LOOP('',(#4627,#4628,#4629,#4630));
#9191=EDGE_LOOP('',(#4631,#4632,#4633,#4634));
#9192=EDGE_LOOP('',(#4635,#4636,#4637,#4638,#4639,#4640,#4641));
#9193=EDGE_LOOP('',(#4642,#4643,#4644,#4645,#4646,#4647,#4648));
#9194=EDGE_LOOP('',(#4649,#4650,#4651,#4652,#4653));
#9195=EDGE_LOOP('',(#4654,#4655,#4656,#4657,#4658,#4659));
#9196=EDGE_LOOP('',(#4660,#4661,#4662));
#9197=EDGE_LOOP('',(#4663,#4664,#4665,#4666));
#9198=EDGE_LOOP('',(#4667,#4668,#4669,#4670));
#9199=EDGE_LOOP('',(#4671,#4672,#4673));
#9200=EDGE_LOOP('',(#4674,#4675,#4676,#4677,#4678));
#9201=EDGE_LOOP('',(#4679,#4680,#4681,#4682));
#9202=EDGE_LOOP('',(#4683,#4684,#4685,#4686,#4687,#4688,#4689));
#9203=EDGE_LOOP('',(#4690,#4691,#4692,#4693));
#9204=EDGE_LOOP('',(#4694,#4695,#4696,#4697));
#9205=EDGE_LOOP('',(#4698,#4699,#4700,#4701));
#9206=EDGE_LOOP('',(#4702,#4703,#4704));
#9207=EDGE_LOOP('',(#4705,#4706,#4707,#4708));
#9208=EDGE_LOOP('',(#4709,#4710,#4711,#4712));
#9209=EDGE_LOOP('',(#4713,#4714,#4715));
#9210=EDGE_LOOP('',(#4716,#4717,#4718,#4719));
#9211=EDGE_LOOP('',(#4720,#4721,#4722,#4723));
#9212=EDGE_LOOP('',(#4724,#4725,#4726));
#9213=EDGE_LOOP('',(#4727,#4728,#4729,#4730));
#9214=EDGE_LOOP('',(#4731,#4732,#4733,#4734));
#9215=EDGE_LOOP('',(#4735,#4736,#4737,#4738));
#9216=EDGE_LOOP('',(#4739,#4740,#4741));
#9217=EDGE_LOOP('',(#4742,#4743,#4744,#4745));
#9218=EDGE_LOOP('',(#4746,#4747,#4748,#4749));
#9219=EDGE_LOOP('',(#4750,#4751,#4752));
#9220=EDGE_LOOP('',(#4753,#4754,#4755,#4756,#4757,#4758,#4759,#4760,#4761,
#4762,#4763,#4764));
#9221=EDGE_LOOP('',(#4765,#4766,#4767,#4768,#4769));
#9222=EDGE_LOOP('',(#4770,#4771,#4772,#4773,#4774));
#9223=EDGE_LOOP('',(#4775,#4776,#4777,#4778,#4779));
#9224=EDGE_LOOP('',(#4780,#4781,#4782,#4783,#4784));
#9225=EDGE_LOOP('',(#4785,#4786,#4787,#4788));
#9226=EDGE_LOOP('',(#4789,#4790,#4791,#4792));
#9227=EDGE_LOOP('',(#4793,#4794,#4795,#4796));
#9228=EDGE_LOOP('',(#4797,#4798,#4799,#4800));
#9229=EDGE_LOOP('',(#4801,#4802,#4803,#4804));
#9230=EDGE_LOOP('',(#4805,#4806,#4807,#4808));
#9231=EDGE_LOOP('',(#4809,#4810,#4811,#4812));
#9232=EDGE_LOOP('',(#4813,#4814,#4815,#4816));
#9233=EDGE_LOOP('',(#4817,#4818,#4819,#4820));
#9234=EDGE_LOOP('',(#4821,#4822,#4823,#4824,#4825,#4826));
#9235=EDGE_LOOP('',(#4827,#4828,#4829,#4830,#4831,#4832));
#9236=EDGE_LOOP('',(#4833,#4834,#4835,#4836,#4837,#4838));
#9237=EDGE_LOOP('',(#4839,#4840,#4841,#4842));
#9238=EDGE_LOOP('',(#4843,#4844,#4845,#4846,#4847,#4848,#4849,#4850,#4851,
#4852,#4853,#4854));
#9239=EDGE_LOOP('',(#4855,#4856,#4857,#4858,#4859,#4860,#4861,#4862,#4863,
#4864));
#9240=EDGE_LOOP('',(#4865,#4866,#4867,#4868,#4869,#4870,#4871,#4872,#4873,
#4874));
#9241=EDGE_LOOP('',(#4875,#4876,#4877,#4878));
#9242=EDGE_LOOP('',(#4879,#4880,#4881,#4882));
#9243=EDGE_LOOP('',(#4883,#4884,#4885,#4886));
#9244=EDGE_LOOP('',(#4887,#4888,#4889,#4890));
#9245=EDGE_LOOP('',(#4891,#4892,#4893,#4894));
#9246=EDGE_LOOP('',(#4895,#4896,#4897,#4898));
#9247=EDGE_LOOP('',(#4899,#4900,#4901,#4902,#4903));
#9248=EDGE_LOOP('',(#4904,#4905,#4906,#4907));
#9249=EDGE_LOOP('',(#4908,#4909,#4910,#4911,#4912));
#9250=EDGE_LOOP('',(#4913,#4914,#4915,#4916));
#9251=EDGE_LOOP('',(#4917,#4918,#4919,#4920,#4921));
#9252=EDGE_LOOP('',(#4922,#4923,#4924,#4925,#4926));
#9253=EDGE_LOOP('',(#4927,#4928,#4929,#4930));
#9254=EDGE_LOOP('',(#4931,#4932,#4933,#4934));
#9255=EDGE_LOOP('',(#4935,#4936,#4937,#4938));
#9256=EDGE_LOOP('',(#4939,#4940,#4941,#4942));
#9257=EDGE_LOOP('',(#4943,#4944,#4945,#4946));
#9258=EDGE_LOOP('',(#4947,#4948,#4949,#4950));
#9259=EDGE_LOOP('',(#4951,#4952,#4953,#4954));
#9260=EDGE_LOOP('',(#4955,#4956,#4957,#4958));
#9261=EDGE_LOOP('',(#4959,#4960,#4961,#4962));
#9262=EDGE_LOOP('',(#4963,#4964,#4965,#4966));
#9263=EDGE_LOOP('',(#4967,#4968,#4969,#4970));
#9264=EDGE_LOOP('',(#4971,#4972,#4973,#4974));
#9265=EDGE_LOOP('',(#4975,#4976,#4977,#4978));
#9266=EDGE_LOOP('',(#4979,#4980,#4981,#4982));
#9267=EDGE_LOOP('',(#4983,#4984,#4985,#4986));
#9268=EDGE_LOOP('',(#4987,#4988,#4989,#4990));
#9269=EDGE_LOOP('',(#4991,#4992,#4993,#4994));
#9270=EDGE_LOOP('',(#4995,#4996,#4997,#4998));
#9271=EDGE_LOOP('',(#4999,#5000,#5001,#5002));
#9272=EDGE_LOOP('',(#5003,#5004,#5005,#5006));
#9273=EDGE_LOOP('',(#5007,#5008,#5009,#5010));
#9274=EDGE_LOOP('',(#5011,#5012,#5013,#5014));
#9275=EDGE_LOOP('',(#5015,#5016,#5017,#5018));
#9276=EDGE_LOOP('',(#5019,#5020,#5021,#5022));
#9277=EDGE_LOOP('',(#5023,#5024,#5025,#5026));
#9278=EDGE_LOOP('',(#5027,#5028,#5029,#5030));
#9279=EDGE_LOOP('',(#5031,#5032,#5033,#5034));
#9280=EDGE_LOOP('',(#5035,#5036,#5037,#5038));
#9281=EDGE_LOOP('',(#5039,#5040,#5041,#5042));
#9282=EDGE_LOOP('',(#5043,#5044,#5045,#5046));
#9283=EDGE_LOOP('',(#5047,#5048,#5049,#5050));
#9284=EDGE_LOOP('',(#5051,#5052,#5053,#5054));
#9285=EDGE_LOOP('',(#5055,#5056,#5057,#5058));
#9286=EDGE_LOOP('',(#5059,#5060,#5061,#5062));
#9287=EDGE_LOOP('',(#5063,#5064,#5065,#5066));
#9288=EDGE_LOOP('',(#5067,#5068,#5069,#5070));
#9289=EDGE_LOOP('',(#5071,#5072,#5073,#5074));
#9290=EDGE_LOOP('',(#5075,#5076,#5077,#5078,#5079));
#9291=EDGE_LOOP('',(#5080,#5081,#5082,#5083,#5084,#5085,#5086,#5087,#5088,
#5089));
#9292=EDGE_LOOP('',(#5090,#5091,#5092,#5093,#5094));
#9293=EDGE_LOOP('',(#5095,#5096,#5097,#5098,#5099,#5100,#5101,#5102,#5103,
#5104));
#9294=EDGE_LOOP('',(#5105,#5106,#5107,#5108,#5109,#5110,#5111));
#9295=EDGE_LOOP('',(#5112,#5113,#5114,#5115,#5116));
#9296=EDGE_LOOP('',(#5117,#5118,#5119,#5120));
#9297=EDGE_LOOP('',(#5121,#5122,#5123,#5124,#5125,#5126,#5127,#5128,#5129,
#5130));
#9298=EDGE_LOOP('',(#5131,#5132,#5133,#5134,#5135,#5136,#5137,#5138,#5139,
#5140));
#9299=EDGE_LOOP('',(#5141,#5142,#5143,#5144));
#9300=EDGE_LOOP('',(#5145,#5146,#5147,#5148));
#9301=EDGE_LOOP('',(#5149,#5150,#5151,#5152,#5153,#5154,#5155));
#9302=EDGE_LOOP('',(#5156,#5157,#5158,#5159,#5160,#5161,#5162));
#9303=EDGE_LOOP('',(#5163,#5164,#5165,#5166,#5167,#5168,#5169));
#9304=EDGE_LOOP('',(#5170,#5171,#5172,#5173));
#9305=EDGE_LOOP('',(#5174,#5175,#5176,#5177));
#9306=EDGE_LOOP('',(#5178,#5179,#5180,#5181));
#9307=EDGE_LOOP('',(#5182,#5183,#5184,#5185));
#9308=EDGE_LOOP('',(#5186,#5187,#5188,#5189));
#9309=EDGE_LOOP('',(#5190,#5191,#5192));
#9310=EDGE_LOOP('',(#5193,#5194,#5195,#5196,#5197));
#9311=EDGE_LOOP('',(#5198,#5199,#5200,#5201));
#9312=EDGE_LOOP('',(#5202,#5203,#5204,#5205));
#9313=EDGE_LOOP('',(#5206,#5207,#5208,#5209));
#9314=EDGE_LOOP('',(#5210,#5211,#5212,#5213));
#9315=EDGE_LOOP('',(#5214,#5215,#5216,#5217));
#9316=EDGE_LOOP('',(#5218,#5219,#5220,#5221));
#9317=EDGE_LOOP('',(#5222,#5223,#5224,#5225));
#9318=EDGE_LOOP('',(#5226,#5227,#5228,#5229));
#9319=EDGE_LOOP('',(#5230,#5231,#5232,#5233));
#9320=EDGE_LOOP('',(#5234,#5235,#5236));
#9321=EDGE_LOOP('',(#5237,#5238,#5239,#5240));
#9322=EDGE_LOOP('',(#5241,#5242,#5243,#5244));
#9323=EDGE_LOOP('',(#5245,#5246,#5247,#5248));
#9324=EDGE_LOOP('',(#5249,#5250,#5251,#5252));
#9325=EDGE_LOOP('',(#5253,#5254,#5255,#5256));
#9326=EDGE_LOOP('',(#5257,#5258,#5259,#5260));
#9327=EDGE_LOOP('',(#5261,#5262,#5263,#5264));
#9328=EDGE_LOOP('',(#5265,#5266,#5267,#5268));
#9329=EDGE_LOOP('',(#5269,#5270,#5271,#5272));
#9330=EDGE_LOOP('',(#5273,#5274,#5275));
#9331=EDGE_LOOP('',(#5276,#5277,#5278,#5279,#5280,#5281));
#9332=EDGE_LOOP('',(#5282,#5283,#5284,#5285));
#9333=EDGE_LOOP('',(#5286,#5287,#5288,#5289));
#9334=EDGE_LOOP('',(#5290,#5291,#5292,#5293));
#9335=EDGE_LOOP('',(#5294,#5295,#5296,#5297));
#9336=EDGE_LOOP('',(#5298,#5299,#5300,#5301));
#9337=EDGE_LOOP('',(#5302,#5303,#5304,#5305));
#9338=EDGE_LOOP('',(#5306,#5307,#5308,#5309,#5310));
#9339=EDGE_LOOP('',(#5311,#5312,#5313,#5314));
#9340=EDGE_LOOP('',(#5315,#5316,#5317));
#9341=EDGE_LOOP('',(#5318,#5319,#5320,#5321));
#9342=EDGE_LOOP('',(#5322,#5323,#5324,#5325,#5326,#5327));
#9343=EDGE_LOOP('',(#5328,#5329,#5330,#5331,#5332));
#9344=EDGE_LOOP('',(#5333,#5334,#5335,#5336));
#9345=EDGE_LOOP('',(#5337,#5338,#5339,#5340));
#9346=EDGE_LOOP('',(#5341,#5342,#5343,#5344));
#9347=EDGE_LOOP('',(#5345,#5346,#5347,#5348));
#9348=EDGE_LOOP('',(#5349,#5350,#5351,#5352));
#9349=EDGE_LOOP('',(#5353,#5354,#5355,#5356,#5357,#5358));
#9350=EDGE_LOOP('',(#5359,#5360,#5361,#5362,#5363));
#9351=EDGE_LOOP('',(#5364,#5365,#5366,#5367,#5368,#5369,#5370,#5371));
#9352=EDGE_LOOP('',(#5372,#5373,#5374,#5375));
#9353=EDGE_LOOP('',(#5376,#5377,#5378,#5379));
#9354=EDGE_LOOP('',(#5380,#5381,#5382,#5383));
#9355=EDGE_LOOP('',(#5384,#5385,#5386,#5387));
#9356=EDGE_LOOP('',(#5388,#5389,#5390,#5391,#5392));
#9357=EDGE_LOOP('',(#5393,#5394,#5395,#5396,#5397,#5398,#5399));
#9358=EDGE_LOOP('',(#5400,#5401,#5402,#5403,#5404,#5405,#5406));
#9359=EDGE_LOOP('',(#5407,#5408,#5409,#5410));
#9360=EDGE_LOOP('',(#5411,#5412,#5413,#5414,#5415,#5416,#5417));
#9361=EDGE_LOOP('',(#5418,#5419,#5420,#5421,#5422,#5423,#5424));
#9362=EDGE_LOOP('',(#5425,#5426,#5427,#5428));
#9363=EDGE_LOOP('',(#5429,#5430,#5431,#5432));
#9364=EDGE_LOOP('',(#5433,#5434,#5435,#5436,#5437));
#9365=EDGE_LOOP('',(#5438,#5439,#5440,#5441,#5442,#5443));
#9366=EDGE_LOOP('',(#5444,#5445,#5446));
#9367=EDGE_LOOP('',(#5447,#5448,#5449,#5450));
#9368=EDGE_LOOP('',(#5451,#5452,#5453,#5454));
#9369=EDGE_LOOP('',(#5455,#5456,#5457));
#9370=EDGE_LOOP('',(#5458,#5459,#5460,#5461,#5462));
#9371=EDGE_LOOP('',(#5463,#5464,#5465,#5466));
#9372=EDGE_LOOP('',(#5467,#5468,#5469,#5470,#5471,#5472,#5473));
#9373=EDGE_LOOP('',(#5474,#5475,#5476,#5477));
#9374=EDGE_LOOP('',(#5478,#5479,#5480,#5481));
#9375=EDGE_LOOP('',(#5482,#5483,#5484,#5485));
#9376=EDGE_LOOP('',(#5486,#5487,#5488));
#9377=EDGE_LOOP('',(#5489,#5490,#5491,#5492));
#9378=EDGE_LOOP('',(#5493,#5494,#5495,#5496));
#9379=EDGE_LOOP('',(#5497,#5498,#5499));
#9380=EDGE_LOOP('',(#5500,#5501,#5502,#5503));
#9381=EDGE_LOOP('',(#5504,#5505,#5506,#5507));
#9382=EDGE_LOOP('',(#5508,#5509,#5510));
#9383=EDGE_LOOP('',(#5511,#5512,#5513,#5514));
#9384=EDGE_LOOP('',(#5515,#5516,#5517,#5518));
#9385=EDGE_LOOP('',(#5519,#5520,#5521,#5522));
#9386=EDGE_LOOP('',(#5523,#5524,#5525));
#9387=EDGE_LOOP('',(#5526,#5527,#5528,#5529));
#9388=EDGE_LOOP('',(#5530,#5531,#5532,#5533));
#9389=EDGE_LOOP('',(#5534,#5535,#5536));
#9390=EDGE_LOOP('',(#5537,#5538,#5539,#5540,#5541));
#9391=EDGE_LOOP('',(#5542,#5543,#5544,#5545,#5546));
#9392=EDGE_LOOP('',(#5547,#5548,#5549,#5550));
#9393=EDGE_LOOP('',(#5551,#5552,#5553,#5554));
#9394=EDGE_LOOP('',(#5555,#5556,#5557,#5558));
#9395=EDGE_LOOP('',(#5559,#5560,#5561,#5562));
#9396=EDGE_LOOP('',(#5563,#5564,#5565,#5566));
#9397=EDGE_LOOP('',(#5567,#5568,#5569,#5570));
#9398=FACE_BOUND('',#8714,.T.);
#9399=FACE_BOUND('',#8715,.T.);
#9400=FACE_BOUND('',#8716,.T.);
#9401=FACE_BOUND('',#8717,.T.);
#9402=FACE_BOUND('',#8718,.T.);
#9403=FACE_BOUND('',#8719,.T.);
#9404=FACE_BOUND('',#8720,.T.);
#9405=FACE_BOUND('',#8721,.T.);
#9406=FACE_BOUND('',#8722,.T.);
#9407=FACE_BOUND('',#8723,.T.);
#9408=FACE_BOUND('',#8724,.T.);
#9409=FACE_BOUND('',#8725,.T.);
#9410=FACE_BOUND('',#8726,.T.);
#9411=FACE_BOUND('',#8727,.T.);
#9412=FACE_BOUND('',#8728,.T.);
#9413=FACE_BOUND('',#8729,.T.);
#9414=FACE_BOUND('',#8730,.T.);
#9415=FACE_BOUND('',#8731,.T.);
#9416=FACE_BOUND('',#8732,.T.);
#9417=FACE_BOUND('',#8733,.T.);
#9418=FACE_BOUND('',#8734,.T.);
#9419=FACE_BOUND('',#8735,.T.);
#9420=FACE_BOUND('',#8736,.T.);
#9421=FACE_BOUND('',#8737,.T.);
#9422=FACE_BOUND('',#8738,.T.);
#9423=FACE_BOUND('',#8739,.T.);
#9424=FACE_BOUND('',#8740,.T.);
#9425=FACE_BOUND('',#8741,.T.);
#9426=FACE_BOUND('',#8742,.T.);
#9427=FACE_BOUND('',#8743,.T.);
#9428=FACE_BOUND('',#8744,.T.);
#9429=FACE_BOUND('',#8745,.T.);
#9430=FACE_BOUND('',#8746,.T.);
#9431=FACE_BOUND('',#8747,.T.);
#9432=FACE_BOUND('',#8748,.T.);
#9433=FACE_BOUND('',#8749,.T.);
#9434=FACE_BOUND('',#8750,.T.);
#9435=FACE_BOUND('',#8751,.T.);
#9436=FACE_BOUND('',#8752,.T.);
#9437=FACE_BOUND('',#8753,.T.);
#9438=FACE_BOUND('',#8754,.T.);
#9439=FACE_BOUND('',#8755,.T.);
#9440=FACE_BOUND('',#8756,.T.);
#9441=FACE_BOUND('',#8757,.T.);
#9442=FACE_BOUND('',#8758,.T.);
#9443=FACE_BOUND('',#8759,.T.);
#9444=FACE_BOUND('',#8760,.T.);
#9445=FACE_BOUND('',#8761,.T.);
#9446=FACE_BOUND('',#8762,.T.);
#9447=FACE_BOUND('',#8763,.T.);
#9448=FACE_BOUND('',#8764,.T.);
#9449=FACE_BOUND('',#8765,.T.);
#9450=FACE_BOUND('',#8766,.T.);
#9451=FACE_BOUND('',#8767,.T.);
#9452=FACE_BOUND('',#8768,.T.);
#9453=FACE_BOUND('',#8769,.T.);
#9454=FACE_BOUND('',#8770,.T.);
#9455=FACE_BOUND('',#8771,.T.);
#9456=FACE_BOUND('',#8772,.T.);
#9457=FACE_BOUND('',#8773,.T.);
#9458=FACE_BOUND('',#8774,.T.);
#9459=FACE_BOUND('',#8775,.T.);
#9460=FACE_BOUND('',#8776,.T.);
#9461=FACE_BOUND('',#8777,.T.);
#9462=FACE_BOUND('',#8778,.T.);
#9463=FACE_BOUND('',#8779,.T.);
#9464=FACE_BOUND('',#8780,.T.);
#9465=FACE_BOUND('',#8781,.T.);
#9466=FACE_BOUND('',#8782,.T.);
#9467=FACE_BOUND('',#8783,.T.);
#9468=FACE_BOUND('',#8784,.T.);
#9469=FACE_BOUND('',#8785,.T.);
#9470=FACE_BOUND('',#8786,.T.);
#9471=FACE_BOUND('',#8787,.T.);
#9472=FACE_BOUND('',#8788,.T.);
#9473=FACE_BOUND('',#8789,.T.);
#9474=FACE_BOUND('',#8790,.T.);
#9475=FACE_BOUND('',#8791,.T.);
#9476=FACE_BOUND('',#8792,.T.);
#9477=FACE_BOUND('',#8793,.T.);
#9478=FACE_BOUND('',#8794,.T.);
#9479=FACE_BOUND('',#8795,.T.);
#9480=FACE_BOUND('',#8796,.T.);
#9481=FACE_BOUND('',#8797,.T.);
#9482=FACE_BOUND('',#8798,.T.);
#9483=FACE_BOUND('',#8799,.T.);
#9484=FACE_BOUND('',#8800,.T.);
#9485=FACE_BOUND('',#8801,.T.);
#9486=FACE_BOUND('',#8802,.T.);
#9487=FACE_BOUND('',#8803,.T.);
#9488=FACE_BOUND('',#8804,.T.);
#9489=FACE_BOUND('',#8805,.T.);
#9490=FACE_BOUND('',#8806,.T.);
#9491=FACE_BOUND('',#8807,.T.);
#9492=FACE_BOUND('',#8808,.T.);
#9493=FACE_BOUND('',#8809,.T.);
#9494=FACE_BOUND('',#8810,.T.);
#9495=FACE_BOUND('',#8811,.T.);
#9496=FACE_BOUND('',#8812,.T.);
#9497=FACE_BOUND('',#8813,.T.);
#9498=FACE_BOUND('',#8814,.T.);
#9499=FACE_BOUND('',#8815,.T.);
#9500=FACE_BOUND('',#8816,.T.);
#9501=FACE_BOUND('',#8817,.T.);
#9502=FACE_BOUND('',#8818,.T.);
#9503=FACE_BOUND('',#8819,.T.);
#9504=FACE_BOUND('',#8820,.T.);
#9505=FACE_BOUND('',#8821,.T.);
#9506=FACE_BOUND('',#8822,.T.);
#9507=FACE_BOUND('',#8823,.T.);
#9508=FACE_BOUND('',#8824,.T.);
#9509=FACE_BOUND('',#8825,.T.);
#9510=FACE_BOUND('',#8826,.T.);
#9511=FACE_BOUND('',#8827,.T.);
#9512=FACE_BOUND('',#8828,.T.);
#9513=FACE_BOUND('',#8829,.T.);
#9514=FACE_BOUND('',#8830,.T.);
#9515=FACE_BOUND('',#8831,.T.);
#9516=FACE_BOUND('',#8832,.T.);
#9517=FACE_BOUND('',#8833,.T.);
#9518=FACE_BOUND('',#8834,.T.);
#9519=FACE_BOUND('',#8835,.T.);
#9520=FACE_BOUND('',#8836,.T.);
#9521=FACE_BOUND('',#8837,.T.);
#9522=FACE_BOUND('',#8838,.T.);
#9523=FACE_BOUND('',#8839,.T.);
#9524=FACE_BOUND('',#8840,.T.);
#9525=FACE_BOUND('',#8841,.T.);
#9526=FACE_BOUND('',#8842,.T.);
#9527=FACE_BOUND('',#8843,.T.);
#9528=FACE_BOUND('',#8844,.T.);
#9529=FACE_BOUND('',#8845,.T.);
#9530=FACE_BOUND('',#8846,.T.);
#9531=FACE_BOUND('',#8847,.T.);
#9532=FACE_BOUND('',#8848,.T.);
#9533=FACE_BOUND('',#8849,.T.);
#9534=FACE_BOUND('',#8850,.T.);
#9535=FACE_BOUND('',#8851,.T.);
#9536=FACE_BOUND('',#8852,.T.);
#9537=FACE_BOUND('',#8853,.T.);
#9538=FACE_BOUND('',#8854,.T.);
#9539=FACE_BOUND('',#8855,.T.);
#9540=FACE_BOUND('',#8856,.T.);
#9541=FACE_BOUND('',#8857,.T.);
#9542=FACE_BOUND('',#8858,.T.);
#9543=FACE_BOUND('',#8859,.T.);
#9544=FACE_BOUND('',#8860,.T.);
#9545=FACE_BOUND('',#8861,.T.);
#9546=FACE_BOUND('',#8862,.T.);
#9547=FACE_BOUND('',#8863,.T.);
#9548=FACE_BOUND('',#8864,.T.);
#9549=FACE_BOUND('',#8865,.T.);
#9550=FACE_BOUND('',#8866,.T.);
#9551=FACE_BOUND('',#8867,.T.);
#9552=FACE_BOUND('',#8868,.T.);
#9553=FACE_BOUND('',#8869,.T.);
#9554=FACE_BOUND('',#8870,.T.);
#9555=FACE_BOUND('',#8871,.T.);
#9556=FACE_BOUND('',#8872,.T.);
#9557=FACE_BOUND('',#8873,.T.);
#9558=FACE_BOUND('',#8874,.T.);
#9559=FACE_BOUND('',#8875,.T.);
#9560=FACE_BOUND('',#8876,.T.);
#9561=FACE_BOUND('',#8877,.T.);
#9562=FACE_BOUND('',#8878,.T.);
#9563=FACE_BOUND('',#8879,.T.);
#9564=FACE_BOUND('',#8880,.T.);
#9565=FACE_BOUND('',#8881,.T.);
#9566=FACE_BOUND('',#8882,.T.);
#9567=FACE_BOUND('',#8883,.T.);
#9568=FACE_BOUND('',#8884,.T.);
#9569=FACE_BOUND('',#8885,.T.);
#9570=FACE_BOUND('',#8886,.T.);
#9571=FACE_BOUND('',#8887,.T.);
#9572=FACE_BOUND('',#8888,.T.);
#9573=FACE_BOUND('',#8889,.T.);
#9574=FACE_BOUND('',#8890,.T.);
#9575=FACE_BOUND('',#8891,.T.);
#9576=FACE_BOUND('',#8892,.T.);
#9577=FACE_BOUND('',#8893,.T.);
#9578=FACE_BOUND('',#8894,.T.);
#9579=FACE_BOUND('',#8895,.T.);
#9580=FACE_BOUND('',#8896,.T.);
#9581=FACE_BOUND('',#8897,.T.);
#9582=FACE_BOUND('',#8898,.T.);
#9583=FACE_BOUND('',#8899,.T.);
#9584=FACE_BOUND('',#8900,.T.);
#9585=FACE_BOUND('',#8901,.T.);
#9586=FACE_BOUND('',#8902,.T.);
#9587=FACE_BOUND('',#8903,.T.);
#9588=FACE_BOUND('',#8904,.T.);
#9589=FACE_BOUND('',#8905,.T.);
#9590=FACE_BOUND('',#8906,.T.);
#9591=FACE_BOUND('',#8907,.T.);
#9592=FACE_BOUND('',#8908,.T.);
#9593=FACE_BOUND('',#8909,.T.);
#9594=FACE_BOUND('',#8910,.T.);
#9595=FACE_BOUND('',#8911,.T.);
#9596=FACE_BOUND('',#8912,.T.);
#9597=FACE_BOUND('',#8913,.T.);
#9598=FACE_BOUND('',#8914,.T.);
#9599=FACE_BOUND('',#8915,.T.);
#9600=FACE_BOUND('',#8916,.T.);
#9601=FACE_BOUND('',#8917,.T.);
#9602=FACE_BOUND('',#8918,.T.);
#9603=FACE_BOUND('',#8919,.T.);
#9604=FACE_BOUND('',#8920,.T.);
#9605=FACE_BOUND('',#8921,.T.);
#9606=FACE_BOUND('',#8922,.T.);
#9607=FACE_BOUND('',#8923,.T.);
#9608=FACE_BOUND('',#8924,.T.);
#9609=FACE_BOUND('',#8925,.T.);
#9610=FACE_BOUND('',#8926,.T.);
#9611=FACE_BOUND('',#8927,.T.);
#9612=FACE_BOUND('',#8928,.T.);
#9613=FACE_BOUND('',#8929,.T.);
#9614=FACE_BOUND('',#8930,.T.);
#9615=FACE_BOUND('',#8931,.T.);
#9616=FACE_BOUND('',#8932,.T.);
#9617=FACE_BOUND('',#8933,.T.);
#9618=FACE_BOUND('',#8934,.T.);
#9619=FACE_BOUND('',#8935,.T.);
#9620=FACE_BOUND('',#8936,.T.);
#9621=FACE_BOUND('',#8937,.T.);
#9622=FACE_BOUND('',#8938,.T.);
#9623=FACE_BOUND('',#8939,.T.);
#9624=FACE_BOUND('',#8940,.T.);
#9625=FACE_BOUND('',#8941,.T.);
#9626=FACE_BOUND('',#8942,.T.);
#9627=FACE_BOUND('',#8943,.T.);
#9628=FACE_BOUND('',#8944,.T.);
#9629=FACE_BOUND('',#8945,.T.);
#9630=FACE_BOUND('',#8946,.T.);
#9631=FACE_BOUND('',#8947,.T.);
#9632=FACE_BOUND('',#8948,.T.);
#9633=FACE_BOUND('',#8949,.T.);
#9634=FACE_BOUND('',#8950,.T.);
#9635=FACE_BOUND('',#8951,.T.);
#9636=FACE_BOUND('',#8952,.T.);
#9637=FACE_BOUND('',#8953,.T.);
#9638=FACE_BOUND('',#8954,.T.);
#9639=FACE_BOUND('',#8955,.T.);
#9640=FACE_BOUND('',#8956,.T.);
#9641=FACE_BOUND('',#8957,.T.);
#9642=FACE_BOUND('',#8958,.T.);
#9643=FACE_BOUND('',#8959,.T.);
#9644=FACE_BOUND('',#8960,.T.);
#9645=FACE_BOUND('',#8961,.T.);
#9646=FACE_BOUND('',#8962,.T.);
#9647=FACE_BOUND('',#8963,.T.);
#9648=FACE_BOUND('',#8964,.T.);
#9649=FACE_BOUND('',#8965,.T.);
#9650=FACE_BOUND('',#8966,.T.);
#9651=FACE_BOUND('',#8967,.T.);
#9652=FACE_BOUND('',#8968,.T.);
#9653=FACE_BOUND('',#8969,.T.);
#9654=FACE_BOUND('',#8970,.T.);
#9655=FACE_BOUND('',#8971,.T.);
#9656=FACE_BOUND('',#8972,.T.);
#9657=FACE_BOUND('',#8973,.T.);
#9658=FACE_BOUND('',#8974,.T.);
#9659=FACE_BOUND('',#8975,.T.);
#9660=FACE_BOUND('',#8976,.T.);
#9661=FACE_BOUND('',#8977,.T.);
#9662=FACE_BOUND('',#8978,.T.);
#9663=FACE_BOUND('',#8979,.T.);
#9664=FACE_BOUND('',#8980,.T.);
#9665=FACE_BOUND('',#8981,.T.);
#9666=FACE_BOUND('',#8982,.T.);
#9667=FACE_BOUND('',#8983,.T.);
#9668=FACE_BOUND('',#8984,.T.);
#9669=FACE_BOUND('',#8985,.T.);
#9670=FACE_BOUND('',#8986,.T.);
#9671=FACE_BOUND('',#8987,.T.);
#9672=FACE_BOUND('',#8988,.T.);
#9673=FACE_BOUND('',#8989,.T.);
#9674=FACE_BOUND('',#8990,.T.);
#9675=FACE_BOUND('',#8991,.T.);
#9676=FACE_BOUND('',#8992,.T.);
#9677=FACE_BOUND('',#8993,.T.);
#9678=FACE_BOUND('',#8994,.T.);
#9679=FACE_BOUND('',#8995,.T.);
#9680=FACE_BOUND('',#8996,.T.);
#9681=FACE_BOUND('',#8997,.T.);
#9682=FACE_BOUND('',#8998,.T.);
#9683=FACE_BOUND('',#8999,.T.);
#9684=FACE_BOUND('',#9000,.T.);
#9685=FACE_BOUND('',#9001,.T.);
#9686=FACE_BOUND('',#9002,.T.);
#9687=FACE_BOUND('',#9003,.T.);
#9688=FACE_BOUND('',#9004,.T.);
#9689=FACE_BOUND('',#9005,.T.);
#9690=FACE_BOUND('',#9006,.T.);
#9691=FACE_BOUND('',#9007,.T.);
#9692=FACE_BOUND('',#9008,.T.);
#9693=FACE_BOUND('',#9009,.T.);
#9694=FACE_BOUND('',#9010,.T.);
#9695=FACE_BOUND('',#9011,.T.);
#9696=FACE_BOUND('',#9012,.T.);
#9697=FACE_BOUND('',#9013,.T.);
#9698=FACE_BOUND('',#9014,.T.);
#9699=FACE_BOUND('',#9015,.T.);
#9700=FACE_BOUND('',#9016,.T.);
#9701=FACE_BOUND('',#9017,.T.);
#9702=FACE_BOUND('',#9018,.T.);
#9703=FACE_BOUND('',#9019,.T.);
#9704=FACE_BOUND('',#9020,.T.);
#9705=FACE_BOUND('',#9021,.T.);
#9706=FACE_BOUND('',#9022,.T.);
#9707=FACE_BOUND('',#9023,.T.);
#9708=FACE_BOUND('',#9024,.T.);
#9709=FACE_BOUND('',#9025,.T.);
#9710=FACE_BOUND('',#9026,.T.);
#9711=FACE_BOUND('',#9027,.T.);
#9712=FACE_BOUND('',#9028,.T.);
#9713=FACE_BOUND('',#9029,.T.);
#9714=FACE_BOUND('',#9030,.T.);
#9715=FACE_BOUND('',#9031,.T.);
#9716=FACE_BOUND('',#9032,.T.);
#9717=FACE_BOUND('',#9033,.T.);
#9718=FACE_BOUND('',#9034,.T.);
#9719=FACE_BOUND('',#9035,.T.);
#9720=FACE_BOUND('',#9036,.T.);
#9721=FACE_BOUND('',#9037,.T.);
#9722=FACE_BOUND('',#9038,.T.);
#9723=FACE_BOUND('',#9039,.T.);
#9724=FACE_BOUND('',#9040,.T.);
#9725=FACE_BOUND('',#9041,.T.);
#9726=FACE_BOUND('',#9042,.T.);
#9727=FACE_BOUND('',#9043,.T.);
#9728=FACE_BOUND('',#9044,.T.);
#9729=FACE_BOUND('',#9045,.T.);
#9730=FACE_BOUND('',#9046,.T.);
#9731=FACE_BOUND('',#9047,.T.);
#9732=FACE_BOUND('',#9048,.T.);
#9733=FACE_BOUND('',#9049,.T.);
#9734=FACE_BOUND('',#9050,.T.);
#9735=FACE_BOUND('',#9051,.T.);
#9736=FACE_BOUND('',#9052,.T.);
#9737=FACE_BOUND('',#9053,.T.);
#9738=FACE_BOUND('',#9054,.T.);
#9739=FACE_BOUND('',#9055,.T.);
#9740=FACE_BOUND('',#9056,.T.);
#9741=FACE_BOUND('',#9057,.T.);
#9742=FACE_BOUND('',#9058,.T.);
#9743=FACE_BOUND('',#9059,.T.);
#9744=FACE_BOUND('',#9060,.T.);
#9745=FACE_BOUND('',#9061,.T.);
#9746=FACE_BOUND('',#9062,.T.);
#9747=FACE_BOUND('',#9063,.T.);
#9748=FACE_BOUND('',#9064,.T.);
#9749=FACE_BOUND('',#9065,.T.);
#9750=FACE_BOUND('',#9066,.T.);
#9751=FACE_BOUND('',#9067,.T.);
#9752=FACE_BOUND('',#9068,.T.);
#9753=FACE_BOUND('',#9069,.T.);
#9754=FACE_BOUND('',#9070,.T.);
#9755=FACE_BOUND('',#9071,.T.);
#9756=FACE_BOUND('',#9072,.T.);
#9757=FACE_BOUND('',#9073,.T.);
#9758=FACE_BOUND('',#9074,.T.);
#9759=FACE_BOUND('',#9075,.T.);
#9760=FACE_BOUND('',#9076,.T.);
#9761=FACE_BOUND('',#9077,.T.);
#9762=FACE_BOUND('',#9078,.T.);
#9763=FACE_BOUND('',#9079,.T.);
#9764=FACE_BOUND('',#9080,.T.);
#9765=FACE_BOUND('',#9081,.T.);
#9766=FACE_BOUND('',#9082,.T.);
#9767=FACE_BOUND('',#9083,.T.);
#9768=FACE_BOUND('',#9084,.T.);
#9769=FACE_BOUND('',#9085,.T.);
#9770=FACE_BOUND('',#9086,.T.);
#9771=FACE_BOUND('',#9087,.T.);
#9772=FACE_BOUND('',#9088,.T.);
#9773=FACE_BOUND('',#9089,.T.);
#9774=FACE_BOUND('',#9090,.T.);
#9775=FACE_BOUND('',#9091,.T.);
#9776=FACE_BOUND('',#9092,.T.);
#9777=FACE_BOUND('',#9093,.T.);
#9778=FACE_BOUND('',#9094,.T.);
#9779=FACE_BOUND('',#9095,.T.);
#9780=FACE_BOUND('',#9096,.T.);
#9781=FACE_BOUND('',#9097,.T.);
#9782=FACE_BOUND('',#9098,.T.);
#9783=FACE_BOUND('',#9099,.T.);
#9784=FACE_BOUND('',#9100,.T.);
#9785=FACE_BOUND('',#9101,.T.);
#9786=FACE_BOUND('',#9102,.T.);
#9787=FACE_BOUND('',#9103,.T.);
#9788=FACE_BOUND('',#9104,.T.);
#9789=FACE_BOUND('',#9105,.T.);
#9790=FACE_BOUND('',#9106,.T.);
#9791=FACE_BOUND('',#9107,.T.);
#9792=FACE_BOUND('',#9108,.T.);
#9793=FACE_BOUND('',#9109,.T.);
#9794=FACE_BOUND('',#9110,.T.);
#9795=FACE_BOUND('',#9111,.T.);
#9796=FACE_BOUND('',#9112,.T.);
#9797=FACE_BOUND('',#9113,.T.);
#9798=FACE_BOUND('',#9114,.T.);
#9799=FACE_BOUND('',#9115,.T.);
#9800=FACE_BOUND('',#9116,.T.);
#9801=FACE_BOUND('',#9117,.T.);
#9802=FACE_BOUND('',#9118,.T.);
#9803=FACE_BOUND('',#9119,.T.);
#9804=FACE_BOUND('',#9120,.T.);
#9805=FACE_BOUND('',#9121,.T.);
#9806=FACE_BOUND('',#9122,.T.);
#9807=FACE_BOUND('',#9123,.T.);
#9808=FACE_BOUND('',#9124,.T.);
#9809=FACE_BOUND('',#9125,.T.);
#9810=FACE_BOUND('',#9126,.T.);
#9811=FACE_BOUND('',#9127,.T.);
#9812=FACE_BOUND('',#9128,.T.);
#9813=FACE_BOUND('',#9129,.T.);
#9814=FACE_BOUND('',#9130,.T.);
#9815=FACE_BOUND('',#9131,.T.);
#9816=FACE_BOUND('',#9132,.T.);
#9817=FACE_BOUND('',#9133,.T.);
#9818=FACE_BOUND('',#9134,.T.);
#9819=FACE_BOUND('',#9135,.T.);
#9820=FACE_BOUND('',#9136,.T.);
#9821=FACE_BOUND('',#9137,.T.);
#9822=FACE_BOUND('',#9138,.T.);
#9823=FACE_BOUND('',#9139,.T.);
#9824=FACE_BOUND('',#9140,.T.);
#9825=FACE_BOUND('',#9141,.T.);
#9826=FACE_BOUND('',#9142,.T.);
#9827=FACE_BOUND('',#9143,.T.);
#9828=FACE_BOUND('',#9144,.T.);
#9829=FACE_BOUND('',#9145,.T.);
#9830=FACE_BOUND('',#9146,.T.);
#9831=FACE_BOUND('',#9147,.T.);
#9832=FACE_BOUND('',#9148,.T.);
#9833=FACE_BOUND('',#9149,.T.);
#9834=FACE_BOUND('',#9150,.T.);
#9835=FACE_BOUND('',#9151,.T.);
#9836=FACE_BOUND('',#9152,.T.);
#9837=FACE_BOUND('',#9153,.T.);
#9838=FACE_BOUND('',#9154,.T.);
#9839=FACE_BOUND('',#9155,.T.);
#9840=FACE_BOUND('',#9156,.T.);
#9841=FACE_BOUND('',#9157,.T.);
#9842=FACE_BOUND('',#9158,.T.);
#9843=FACE_BOUND('',#9159,.T.);
#9844=FACE_BOUND('',#9160,.T.);
#9845=FACE_BOUND('',#9161,.T.);
#9846=FACE_BOUND('',#9162,.T.);
#9847=FACE_BOUND('',#9163,.T.);
#9848=FACE_BOUND('',#9164,.T.);
#9849=FACE_BOUND('',#9165,.T.);
#9850=FACE_BOUND('',#9166,.T.);
#9851=FACE_BOUND('',#9167,.T.);
#9852=FACE_BOUND('',#9168,.T.);
#9853=FACE_BOUND('',#9169,.T.);
#9854=FACE_BOUND('',#9170,.T.);
#9855=FACE_BOUND('',#9171,.T.);
#9856=FACE_BOUND('',#9172,.T.);
#9857=FACE_BOUND('',#9173,.T.);
#9858=FACE_BOUND('',#9174,.T.);
#9859=FACE_BOUND('',#9175,.T.);
#9860=FACE_BOUND('',#9176,.T.);
#9861=FACE_BOUND('',#9177,.T.);
#9862=FACE_BOUND('',#9178,.T.);
#9863=FACE_BOUND('',#9179,.T.);
#9864=FACE_BOUND('',#9180,.T.);
#9865=FACE_BOUND('',#9181,.T.);
#9866=FACE_BOUND('',#9182,.T.);
#9867=FACE_BOUND('',#9183,.T.);
#9868=FACE_BOUND('',#9184,.T.);
#9869=FACE_BOUND('',#9185,.T.);
#9870=FACE_BOUND('',#9186,.T.);
#9871=FACE_BOUND('',#9187,.T.);
#9872=FACE_BOUND('',#9188,.T.);
#9873=FACE_BOUND('',#9189,.T.);
#9874=FACE_BOUND('',#9190,.T.);
#9875=FACE_BOUND('',#9191,.T.);
#9876=FACE_BOUND('',#9192,.T.);
#9877=FACE_BOUND('',#9193,.T.);
#9878=FACE_BOUND('',#9194,.T.);
#9879=FACE_BOUND('',#9195,.T.);
#9880=FACE_BOUND('',#9196,.T.);
#9881=FACE_BOUND('',#9197,.T.);
#9882=FACE_BOUND('',#9198,.T.);
#9883=FACE_BOUND('',#9199,.T.);
#9884=FACE_BOUND('',#9200,.T.);
#9885=FACE_BOUND('',#9201,.T.);
#9886=FACE_BOUND('',#9202,.T.);
#9887=FACE_BOUND('',#9203,.T.);
#9888=FACE_BOUND('',#9204,.T.);
#9889=FACE_BOUND('',#9205,.T.);
#9890=FACE_BOUND('',#9206,.T.);
#9891=FACE_BOUND('',#9207,.T.);
#9892=FACE_BOUND('',#9208,.T.);
#9893=FACE_BOUND('',#9209,.T.);
#9894=FACE_BOUND('',#9210,.T.);
#9895=FACE_BOUND('',#9211,.T.);
#9896=FACE_BOUND('',#9212,.T.);
#9897=FACE_BOUND('',#9213,.T.);
#9898=FACE_BOUND('',#9214,.T.);
#9899=FACE_BOUND('',#9215,.T.);
#9900=FACE_BOUND('',#9216,.T.);
#9901=FACE_BOUND('',#9217,.T.);
#9902=FACE_BOUND('',#9218,.T.);
#9903=FACE_BOUND('',#9219,.T.);
#9904=FACE_BOUND('',#9220,.T.);
#9905=FACE_BOUND('',#9221,.T.);
#9906=FACE_BOUND('',#9222,.T.);
#9907=FACE_BOUND('',#9223,.T.);
#9908=FACE_BOUND('',#9224,.T.);
#9909=FACE_BOUND('',#9225,.T.);
#9910=FACE_BOUND('',#9226,.T.);
#9911=FACE_BOUND('',#9227,.T.);
#9912=FACE_BOUND('',#9228,.T.);
#9913=FACE_BOUND('',#9229,.T.);
#9914=FACE_BOUND('',#9230,.T.);
#9915=FACE_BOUND('',#9231,.T.);
#9916=FACE_BOUND('',#9232,.T.);
#9917=FACE_BOUND('',#9233,.T.);
#9918=FACE_BOUND('',#9234,.T.);
#9919=FACE_BOUND('',#9235,.T.);
#9920=FACE_BOUND('',#9236,.T.);
#9921=FACE_BOUND('',#9237,.T.);
#9922=FACE_BOUND('',#9238,.T.);
#9923=FACE_BOUND('',#9239,.T.);
#9924=FACE_BOUND('',#9240,.T.);
#9925=FACE_BOUND('',#9241,.T.);
#9926=FACE_BOUND('',#9242,.T.);
#9927=FACE_BOUND('',#9243,.T.);
#9928=FACE_BOUND('',#9244,.T.);
#9929=FACE_BOUND('',#9245,.T.);
#9930=FACE_BOUND('',#9246,.T.);
#9931=FACE_BOUND('',#9247,.T.);
#9932=FACE_BOUND('',#9248,.T.);
#9933=FACE_BOUND('',#9249,.T.);
#9934=FACE_BOUND('',#9250,.T.);
#9935=FACE_BOUND('',#9251,.T.);
#9936=FACE_BOUND('',#9252,.T.);
#9937=FACE_BOUND('',#9253,.T.);
#9938=FACE_BOUND('',#9254,.T.);
#9939=FACE_BOUND('',#9255,.T.);
#9940=FACE_BOUND('',#9256,.T.);
#9941=FACE_BOUND('',#9257,.T.);
#9942=FACE_BOUND('',#9258,.T.);
#9943=FACE_BOUND('',#9259,.T.);
#9944=FACE_BOUND('',#9260,.T.);
#9945=FACE_BOUND('',#9261,.T.);
#9946=FACE_BOUND('',#9262,.T.);
#9947=FACE_BOUND('',#9263,.T.);
#9948=FACE_BOUND('',#9264,.T.);
#9949=FACE_BOUND('',#9265,.T.);
#9950=FACE_BOUND('',#9266,.T.);
#9951=FACE_BOUND('',#9267,.T.);
#9952=FACE_BOUND('',#9268,.T.);
#9953=FACE_BOUND('',#9269,.T.);
#9954=FACE_BOUND('',#9270,.T.);
#9955=FACE_BOUND('',#9271,.T.);
#9956=FACE_BOUND('',#9272,.T.);
#9957=FACE_BOUND('',#9273,.T.);
#9958=FACE_BOUND('',#9274,.T.);
#9959=FACE_BOUND('',#9275,.T.);
#9960=FACE_BOUND('',#9276,.T.);
#9961=FACE_BOUND('',#9277,.T.);
#9962=FACE_BOUND('',#9278,.T.);
#9963=FACE_BOUND('',#9279,.T.);
#9964=FACE_BOUND('',#9280,.T.);
#9965=FACE_BOUND('',#9281,.T.);
#9966=FACE_BOUND('',#9282,.T.);
#9967=FACE_BOUND('',#9283,.T.);
#9968=FACE_BOUND('',#9284,.T.);
#9969=FACE_BOUND('',#9285,.T.);
#9970=FACE_BOUND('',#9286,.T.);
#9971=FACE_BOUND('',#9287,.T.);
#9972=FACE_BOUND('',#9288,.T.);
#9973=FACE_BOUND('',#9289,.T.);
#9974=FACE_BOUND('',#9290,.T.);
#9975=FACE_BOUND('',#9291,.T.);
#9976=FACE_BOUND('',#9292,.T.);
#9977=FACE_BOUND('',#9293,.T.);
#9978=FACE_BOUND('',#9294,.T.);
#9979=FACE_BOUND('',#9295,.T.);
#9980=FACE_BOUND('',#9296,.T.);
#9981=FACE_BOUND('',#9297,.T.);
#9982=FACE_BOUND('',#9298,.T.);
#9983=FACE_BOUND('',#9299,.T.);
#9984=FACE_BOUND('',#9300,.T.);
#9985=FACE_BOUND('',#9301,.T.);
#9986=FACE_BOUND('',#9302,.T.);
#9987=FACE_BOUND('',#9303,.T.);
#9988=FACE_BOUND('',#9304,.T.);
#9989=FACE_BOUND('',#9305,.T.);
#9990=FACE_BOUND('',#9306,.T.);
#9991=FACE_BOUND('',#9307,.T.);
#9992=FACE_BOUND('',#9308,.T.);
#9993=FACE_BOUND('',#9309,.T.);
#9994=FACE_BOUND('',#9310,.T.);
#9995=FACE_BOUND('',#9311,.T.);
#9996=FACE_BOUND('',#9312,.T.);
#9997=FACE_BOUND('',#9313,.T.);
#9998=FACE_BOUND('',#9314,.T.);
#9999=FACE_BOUND('',#9315,.T.);
#10000=FACE_BOUND('',#9316,.T.);
#10001=FACE_BOUND('',#9317,.T.);
#10002=FACE_BOUND('',#9318,.T.);
#10003=FACE_BOUND('',#9319,.T.);
#10004=FACE_BOUND('',#9320,.T.);
#10005=FACE_BOUND('',#9321,.T.);
#10006=FACE_BOUND('',#9322,.T.);
#10007=FACE_BOUND('',#9323,.T.);
#10008=FACE_BOUND('',#9324,.T.);
#10009=FACE_BOUND('',#9325,.T.);
#10010=FACE_BOUND('',#9326,.T.);
#10011=FACE_BOUND('',#9327,.T.);
#10012=FACE_BOUND('',#9328,.T.);
#10013=FACE_BOUND('',#9329,.T.);
#10014=FACE_BOUND('',#9330,.T.);
#10015=FACE_BOUND('',#9331,.T.);
#10016=FACE_BOUND('',#9332,.T.);
#10017=FACE_BOUND('',#9333,.T.);
#10018=FACE_BOUND('',#9334,.T.);
#10019=FACE_BOUND('',#9335,.T.);
#10020=FACE_BOUND('',#9336,.T.);
#10021=FACE_BOUND('',#9337,.T.);
#10022=FACE_BOUND('',#9338,.T.);
#10023=FACE_BOUND('',#9339,.T.);
#10024=FACE_BOUND('',#9340,.T.);
#10025=FACE_BOUND('',#9341,.T.);
#10026=FACE_BOUND('',#9342,.T.);
#10027=FACE_BOUND('',#9343,.T.);
#10028=FACE_BOUND('',#9344,.T.);
#10029=FACE_BOUND('',#9345,.T.);
#10030=FACE_BOUND('',#9346,.T.);
#10031=FACE_BOUND('',#9347,.T.);
#10032=FACE_BOUND('',#9348,.T.);
#10033=FACE_BOUND('',#9349,.T.);
#10034=FACE_BOUND('',#9350,.T.);
#10035=FACE_BOUND('',#9351,.T.);
#10036=FACE_BOUND('',#9352,.T.);
#10037=FACE_BOUND('',#9353,.T.);
#10038=FACE_BOUND('',#9354,.T.);
#10039=FACE_BOUND('',#9355,.T.);
#10040=FACE_BOUND('',#9356,.T.);
#10041=FACE_BOUND('',#9357,.T.);
#10042=FACE_BOUND('',#9358,.T.);
#10043=FACE_BOUND('',#9359,.T.);
#10044=FACE_BOUND('',#9360,.T.);
#10045=FACE_BOUND('',#9361,.T.);
#10046=FACE_BOUND('',#9362,.T.);
#10047=FACE_BOUND('',#9363,.T.);
#10048=FACE_BOUND('',#9364,.T.);
#10049=FACE_BOUND('',#9365,.T.);
#10050=FACE_BOUND('',#9366,.T.);
#10051=FACE_BOUND('',#9367,.T.);
#10052=FACE_BOUND('',#9368,.T.);
#10053=FACE_BOUND('',#9369,.T.);
#10054=FACE_BOUND('',#9370,.T.);
#10055=FACE_BOUND('',#9371,.T.);
#10056=FACE_BOUND('',#9372,.T.);
#10057=FACE_BOUND('',#9373,.T.);
#10058=FACE_BOUND('',#9374,.T.);
#10059=FACE_BOUND('',#9375,.T.);
#10060=FACE_BOUND('',#9376,.T.);
#10061=FACE_BOUND('',#9377,.T.);
#10062=FACE_BOUND('',#9378,.T.);
#10063=FACE_BOUND('',#9379,.T.);
#10064=FACE_BOUND('',#9380,.T.);
#10065=FACE_BOUND('',#9381,.T.);
#10066=FACE_BOUND('',#9382,.T.);
#10067=FACE_BOUND('',#9383,.T.);
#10068=FACE_BOUND('',#9384,.T.);
#10069=FACE_BOUND('',#9385,.T.);
#10070=FACE_BOUND('',#9386,.T.);
#10071=FACE_BOUND('',#9387,.T.);
#10072=FACE_BOUND('',#9388,.T.);
#10073=FACE_BOUND('',#9389,.T.);
#10074=FACE_BOUND('',#9390,.T.);
#10075=FACE_BOUND('',#9391,.T.);
#10076=FACE_BOUND('',#9392,.T.);
#10077=FACE_BOUND('',#9393,.T.);
#10078=FACE_BOUND('',#9394,.T.);
#10079=FACE_BOUND('',#9395,.T.);
#10080=FACE_BOUND('',#9396,.T.);
#10081=FACE_BOUND('',#9397,.T.);
#10082=CYLINDRICAL_SURFACE('',#11053,0.0005);
#10083=CYLINDRICAL_SURFACE('',#11056,0.0005);
#10084=CYLINDRICAL_SURFACE('',#11059,0.000512132034356031);
#10085=CYLINDRICAL_SURFACE('',#11064,0.001);
#10086=CYLINDRICAL_SURFACE('',#11066,0.0002);
#10087=CYLINDRICAL_SURFACE('',#11082,0.0005);
#10088=CYLINDRICAL_SURFACE('',#11086,0.0005);
#10089=CYLINDRICAL_SURFACE('',#11092,0.0009);
#10090=CYLINDRICAL_SURFACE('',#11095,0.0009);
#10091=CYLINDRICAL_SURFACE('',#11097,0.001);
#10092=CYLINDRICAL_SURFACE('',#11100,0.001);
#10093=CYLINDRICAL_SURFACE('',#11102,5.E-5);
#10094=CYLINDRICAL_SURFACE('',#11107,5.E-5);
#10095=CYLINDRICAL_SURFACE('',#11109,0.0001);
#10096=CYLINDRICAL_SURFACE('',#11113,0.0001);
#10097=CYLINDRICAL_SURFACE('',#11117,0.0001);
#10098=CYLINDRICAL_SURFACE('',#11122,0.0001);
#10099=CYLINDRICAL_SURFACE('',#11126,0.0001);
#10100=CYLINDRICAL_SURFACE('',#11130,0.0001);
#10101=CYLINDRICAL_SURFACE('',#11134,0.0001);
#10102=CYLINDRICAL_SURFACE('',#11136,0.0001);
#10103=CYLINDRICAL_SURFACE('',#11140,0.0001);
#10104=CYLINDRICAL_SURFACE('',#11144,0.0001);
#10105=CYLINDRICAL_SURFACE('',#11149,0.0001);
#10106=CYLINDRICAL_SURFACE('',#11153,0.0001);
#10107=CYLINDRICAL_SURFACE('',#11157,0.0001);
#10108=CYLINDRICAL_SURFACE('',#11161,0.0001);
#10109=CYLINDRICAL_SURFACE('',#11178,0.001);
#10110=CYLINDRICAL_SURFACE('',#11181,0.001);
#10111=CYLINDRICAL_SURFACE('',#11211,0.0001);
#10112=CYLINDRICAL_SURFACE('',#11216,0.0001);
#10113=CYLINDRICAL_SURFACE('',#11222,0.000200000000000006);
#10114=CYLINDRICAL_SURFACE('',#11225,0.0001);
#10115=CYLINDRICAL_SURFACE('',#11231,0.0001);
#10116=CYLINDRICAL_SURFACE('',#11241,0.0001);
#10117=CYLINDRICAL_SURFACE('',#11242,0.0001);
#10118=CYLINDRICAL_SURFACE('',#11247,0.0001);
#10119=CYLINDRICAL_SURFACE('',#11248,0.0001);
#10120=CYLINDRICAL_SURFACE('',#11252,0.0001);
#10121=CYLINDRICAL_SURFACE('',#11257,0.0001);
#10122=CYLINDRICAL_SURFACE('',#11261,0.0001);
#10123=CYLINDRICAL_SURFACE('',#11262,0.0001);
#10124=CYLINDRICAL_SURFACE('',#11268,0.0001);
#10125=CYLINDRICAL_SURFACE('',#11269,0.0001);
#10126=CYLINDRICAL_SURFACE('',#11270,0.0001);
#10127=CYLINDRICAL_SURFACE('',#11275,0.0001);
#10128=CYLINDRICAL_SURFACE('',#11281,0.0001);
#10129=CYLINDRICAL_SURFACE('',#11283,0.0001);
#10130=CYLINDRICAL_SURFACE('',#11284,0.0001);
#10131=CYLINDRICAL_SURFACE('',#11289,0.0001);
#10132=CYLINDRICAL_SURFACE('',#11291,0.0001);
#10133=CYLINDRICAL_SURFACE('',#11293,0.0001);
#10134=CYLINDRICAL_SURFACE('',#11295,0.0005);
#10135=CYLINDRICAL_SURFACE('',#11300,0.0005);
#10136=CYLINDRICAL_SURFACE('',#11316,0.0011);
#10137=CYLINDRICAL_SURFACE('',#11321,0.0011);
#10138=CYLINDRICAL_SURFACE('',#11322,0.0011);
#10139=CYLINDRICAL_SURFACE('',#11328,0.0011);
#10140=CYLINDRICAL_SURFACE('',#11329,0.0011);
#10141=CYLINDRICAL_SURFACE('',#11332,0.0005);
#10142=CYLINDRICAL_SURFACE('',#11337,0.0005);
#10143=CYLINDRICAL_SURFACE('',#11338,0.0005);
#10144=CYLINDRICAL_SURFACE('',#11343,0.0005);
#10145=CYLINDRICAL_SURFACE('',#11344,0.0005);
#10146=CYLINDRICAL_SURFACE('',#11349,0.0005);
#10147=CYLINDRICAL_SURFACE('',#11351,0.0005);
#10148=CYLINDRICAL_SURFACE('',#11357,0.0005);
#10149=CYLINDRICAL_SURFACE('',#11359,0.0005);
#10150=CYLINDRICAL_SURFACE('',#11380,0.02);
#10151=CYLINDRICAL_SURFACE('',#11381,0.02);
#10152=CYLINDRICAL_SURFACE('',#11383,0.02);
#10153=CYLINDRICAL_SURFACE('',#11384,0.02);
#10154=CYLINDRICAL_SURFACE('',#11386,0.0005);
#10155=CYLINDRICAL_SURFACE('',#11401,0.02);
#10156=CYLINDRICAL_SURFACE('',#11403,0.02);
#10157=CYLINDRICAL_SURFACE('',#11406,0.02);
#10158=CYLINDRICAL_SURFACE('',#11408,0.02);
#10159=CYLINDRICAL_SURFACE('',#11416,0.0005);
#10160=CYLINDRICAL_SURFACE('',#11418,0.000512132034356031);
#10161=CYLINDRICAL_SURFACE('',#11423,0.001);
#10162=CYLINDRICAL_SURFACE('',#11425,0.0002);
#10163=CYLINDRICAL_SURFACE('',#11441,0.0005);
#10164=CYLINDRICAL_SURFACE('',#11445,0.0005);
#10165=CYLINDRICAL_SURFACE('',#11452,0.0009);
#10166=CYLINDRICAL_SURFACE('',#11455,0.0009);
#10167=CYLINDRICAL_SURFACE('',#11457,0.001);
#10168=CYLINDRICAL_SURFACE('',#11460,0.001);
#10169=CYLINDRICAL_SURFACE('',#11462,5.E-5);
#10170=CYLINDRICAL_SURFACE('',#11467,5.E-5);
#10171=CYLINDRICAL_SURFACE('',#11469,0.0001);
#10172=CYLINDRICAL_SURFACE('',#11473,0.0001);
#10173=CYLINDRICAL_SURFACE('',#11477,0.0001);
#10174=CYLINDRICAL_SURFACE('',#11482,0.0001);
#10175=CYLINDRICAL_SURFACE('',#11486,0.0001);
#10176=CYLINDRICAL_SURFACE('',#11490,0.0001);
#10177=CYLINDRICAL_SURFACE('',#11494,0.0001);
#10178=CYLINDRICAL_SURFACE('',#11496,0.0001);
#10179=CYLINDRICAL_SURFACE('',#11500,0.0001);
#10180=CYLINDRICAL_SURFACE('',#11504,0.0001);
#10181=CYLINDRICAL_SURFACE('',#11509,0.0001);
#10182=CYLINDRICAL_SURFACE('',#11513,0.0001);
#10183=CYLINDRICAL_SURFACE('',#11517,0.0001);
#10184=CYLINDRICAL_SURFACE('',#11521,0.0001);
#10185=CYLINDRICAL_SURFACE('',#11538,0.001);
#10186=CYLINDRICAL_SURFACE('',#11541,0.001);
#10187=CYLINDRICAL_SURFACE('',#11553,0.0001);
#10188=CYLINDRICAL_SURFACE('',#11558,0.0001);
#10189=CYLINDRICAL_SURFACE('',#11565,0.000200000000000006);
#10190=CYLINDRICAL_SURFACE('',#11568,0.0001);
#10191=CYLINDRICAL_SURFACE('',#11574,0.0001);
#10192=CYLINDRICAL_SURFACE('',#11584,0.0001);
#10193=CYLINDRICAL_SURFACE('',#11585,0.0001);
#10194=CYLINDRICAL_SURFACE('',#11590,0.0001);
#10195=CYLINDRICAL_SURFACE('',#11591,0.0001);
#10196=CYLINDRICAL_SURFACE('',#11595,0.0001);
#10197=CYLINDRICAL_SURFACE('',#11600,0.0001);
#10198=CYLINDRICAL_SURFACE('',#11604,0.0001);
#10199=CYLINDRICAL_SURFACE('',#11605,0.0001);
#10200=CYLINDRICAL_SURFACE('',#11611,0.0001);
#10201=CYLINDRICAL_SURFACE('',#11612,0.0001);
#10202=CYLINDRICAL_SURFACE('',#11613,0.0001);
#10203=CYLINDRICAL_SURFACE('',#11618,0.0001);
#10204=CYLINDRICAL_SURFACE('',#11623,0.000290364087786762);
#10205=CYLINDRICAL_SURFACE('',#11624,0.0001);
#10206=CYLINDRICAL_SURFACE('',#11626,0.0001);
#10207=CYLINDRICAL_SURFACE('',#11627,0.0001);
#10208=CYLINDRICAL_SURFACE('',#11632,0.0001);
#10209=CYLINDRICAL_SURFACE('',#11635,0.0001);
#10210=CYLINDRICAL_SURFACE('',#11637,0.0001);
#10211=CYLINDRICAL_SURFACE('',#11639,0.0005);
#10212=CYLINDRICAL_SURFACE('',#11644,0.0005);
#10213=CYLINDRICAL_SURFACE('',#11660,0.0011);
#10214=CYLINDRICAL_SURFACE('',#11665,0.0011);
#10215=CYLINDRICAL_SURFACE('',#11666,0.0011);
#10216=CYLINDRICAL_SURFACE('',#11672,0.0011);
#10217=CYLINDRICAL_SURFACE('',#11673,0.0011);
#10218=CYLINDRICAL_SURFACE('',#11676,0.0005);
#10219=CYLINDRICAL_SURFACE('',#11680,0.0005);
#10220=CYLINDRICAL_SURFACE('',#11681,0.0005);
#10221=CYLINDRICAL_SURFACE('',#11685,0.0005);
#10222=CYLINDRICAL_SURFACE('',#11686,0.0005);
#10223=CYLINDRICAL_SURFACE('',#11691,0.0005);
#10224=CYLINDRICAL_SURFACE('',#11693,0.0005);
#10225=CYLINDRICAL_SURFACE('',#11699,0.0005);
#10226=CYLINDRICAL_SURFACE('',#11701,0.0005);
#10227=CYLINDRICAL_SURFACE('',#11704,0.0005);
#10228=CYLINDRICAL_SURFACE('',#11706,0.0005);
#10229=CYLINDRICAL_SURFACE('',#11709,0.000512132034356031);
#10230=CYLINDRICAL_SURFACE('',#11713,0.001);
#10231=CYLINDRICAL_SURFACE('',#11715,0.0002);
#10232=CYLINDRICAL_SURFACE('',#11731,0.0005);
#10233=CYLINDRICAL_SURFACE('',#11735,0.0005);
#10234=CYLINDRICAL_SURFACE('',#11742,0.0009);
#10235=CYLINDRICAL_SURFACE('',#11745,0.0009);
#10236=CYLINDRICAL_SURFACE('',#11747,0.001);
#10237=CYLINDRICAL_SURFACE('',#11749,0.001);
#10238=CYLINDRICAL_SURFACE('',#11751,5.E-5);
#10239=CYLINDRICAL_SURFACE('',#11756,5.E-5);
#10240=CYLINDRICAL_SURFACE('',#11758,0.0001);
#10241=CYLINDRICAL_SURFACE('',#11762,0.0001);
#10242=CYLINDRICAL_SURFACE('',#11766,0.0001);
#10243=CYLINDRICAL_SURFACE('',#11771,0.0001);
#10244=CYLINDRICAL_SURFACE('',#11775,0.0001);
#10245=CYLINDRICAL_SURFACE('',#11779,0.0001);
#10246=CYLINDRICAL_SURFACE('',#11783,0.0001);
#10247=CYLINDRICAL_SURFACE('',#11785,0.0001);
#10248=CYLINDRICAL_SURFACE('',#11789,0.0001);
#10249=CYLINDRICAL_SURFACE('',#11793,0.0001);
#10250=CYLINDRICAL_SURFACE('',#11798,0.0001);
#10251=CYLINDRICAL_SURFACE('',#11801,0.0001);
#10252=CYLINDRICAL_SURFACE('',#11805,0.0001);
#10253=CYLINDRICAL_SURFACE('',#11809,0.0001);
#10254=CYLINDRICAL_SURFACE('',#11826,0.001);
#10255=CYLINDRICAL_SURFACE('',#11829,0.001);
#10256=CYLINDRICAL_SURFACE('',#11850,0.0001);
#10257=CYLINDRICAL_SURFACE('',#11855,0.0001);
#10258=CYLINDRICAL_SURFACE('',#11861,0.000200000000000006);
#10259=CYLINDRICAL_SURFACE('',#11864,0.0001);
#10260=CYLINDRICAL_SURFACE('',#11870,0.0001);
#10261=CYLINDRICAL_SURFACE('',#11880,0.0001);
#10262=CYLINDRICAL_SURFACE('',#11881,0.0001);
#10263=CYLINDRICAL_SURFACE('',#11886,0.0001);
#10264=CYLINDRICAL_SURFACE('',#11887,0.0001);
#10265=CYLINDRICAL_SURFACE('',#11891,0.0001);
#10266=CYLINDRICAL_SURFACE('',#11896,0.0001);
#10267=CYLINDRICAL_SURFACE('',#11900,0.0001);
#10268=CYLINDRICAL_SURFACE('',#11901,0.0001);
#10269=CYLINDRICAL_SURFACE('',#11907,0.0001);
#10270=CYLINDRICAL_SURFACE('',#11908,0.0001);
#10271=CYLINDRICAL_SURFACE('',#11909,0.0001);
#10272=CYLINDRICAL_SURFACE('',#11914,0.0001);
#10273=CYLINDRICAL_SURFACE('',#11920,0.0001);
#10274=CYLINDRICAL_SURFACE('',#11922,0.0001);
#10275=CYLINDRICAL_SURFACE('',#11923,0.0001);
#10276=CYLINDRICAL_SURFACE('',#11928,0.0001);
#10277=CYLINDRICAL_SURFACE('',#11930,0.0001);
#10278=CYLINDRICAL_SURFACE('',#11932,0.0001);
#10279=CYLINDRICAL_SURFACE('',#11934,0.0005);
#10280=CYLINDRICAL_SURFACE('',#11939,0.0005);
#10281=CYLINDRICAL_SURFACE('',#11955,0.0011);
#10282=CYLINDRICAL_SURFACE('',#11960,0.0011);
#10283=CYLINDRICAL_SURFACE('',#11961,0.0011);
#10284=CYLINDRICAL_SURFACE('',#11967,0.0011);
#10285=CYLINDRICAL_SURFACE('',#11968,0.0011);
#10286=CYLINDRICAL_SURFACE('',#11971,0.0005);
#10287=CYLINDRICAL_SURFACE('',#11975,0.0005);
#10288=CYLINDRICAL_SURFACE('',#11976,0.0005);
#10289=CYLINDRICAL_SURFACE('',#11981,0.0005);
#10290=CYLINDRICAL_SURFACE('',#11982,0.0005);
#10291=CYLINDRICAL_SURFACE('',#11987,0.0005);
#10292=CYLINDRICAL_SURFACE('',#11989,0.0005);
#10293=CYLINDRICAL_SURFACE('',#11995,0.0005);
#10294=CYLINDRICAL_SURFACE('',#11997,0.0005);
#10295=CYLINDRICAL_SURFACE('',#12011,0.02);
#10296=CYLINDRICAL_SURFACE('',#12012,0.02);
#10297=CYLINDRICAL_SURFACE('',#12014,0.02);
#10298=CYLINDRICAL_SURFACE('',#12015,0.02);
#10299=CYLINDRICAL_SURFACE('',#12017,0.0005);
#10300=CYLINDRICAL_SURFACE('',#12019,0.0005);
#10301=CYLINDRICAL_SURFACE('',#12022,0.000512132034356031);
#10302=CYLINDRICAL_SURFACE('',#12026,0.001);
#10303=CYLINDRICAL_SURFACE('',#12028,0.0002);
#10304=CYLINDRICAL_SURFACE('',#12044,0.0005);
#10305=CYLINDRICAL_SURFACE('',#12048,0.0005);
#10306=CYLINDRICAL_SURFACE('',#12054,0.0009);
#10307=CYLINDRICAL_SURFACE('',#12057,0.0009);
#10308=CYLINDRICAL_SURFACE('',#12059,0.001);
#10309=CYLINDRICAL_SURFACE('',#12061,0.001);
#10310=CYLINDRICAL_SURFACE('',#12063,5.E-5);
#10311=CYLINDRICAL_SURFACE('',#12068,5.E-5);
#10312=CYLINDRICAL_SURFACE('',#12070,0.0001);
#10313=CYLINDRICAL_SURFACE('',#12074,0.0001);
#10314=CYLINDRICAL_SURFACE('',#12078,0.0001);
#10315=CYLINDRICAL_SURFACE('',#12083,0.0001);
#10316=CYLINDRICAL_SURFACE('',#12087,0.0001);
#10317=CYLINDRICAL_SURFACE('',#12091,0.0001);
#10318=CYLINDRICAL_SURFACE('',#12095,0.0001);
#10319=CYLINDRICAL_SURFACE('',#12097,0.0001);
#10320=CYLINDRICAL_SURFACE('',#12101,0.0001);
#10321=CYLINDRICAL_SURFACE('',#12105,0.0001);
#10322=CYLINDRICAL_SURFACE('',#12110,0.0001);
#10323=CYLINDRICAL_SURFACE('',#12114,0.0001);
#10324=CYLINDRICAL_SURFACE('',#12118,0.0001);
#10325=CYLINDRICAL_SURFACE('',#12122,0.0001);
#10326=CYLINDRICAL_SURFACE('',#12139,0.001);
#10327=CYLINDRICAL_SURFACE('',#12142,0.001);
#10328=CYLINDRICAL_SURFACE('',#12154,0.0001);
#10329=CYLINDRICAL_SURFACE('',#12159,0.0001);
#10330=CYLINDRICAL_SURFACE('',#12165,0.000200000000000006);
#10331=CYLINDRICAL_SURFACE('',#12168,0.0001);
#10332=CYLINDRICAL_SURFACE('',#12174,0.0001);
#10333=CYLINDRICAL_SURFACE('',#12184,0.0001);
#10334=CYLINDRICAL_SURFACE('',#12185,0.0001);
#10335=CYLINDRICAL_SURFACE('',#12190,0.0001);
#10336=CYLINDRICAL_SURFACE('',#12191,0.0001);
#10337=CYLINDRICAL_SURFACE('',#12195,0.0001);
#10338=CYLINDRICAL_SURFACE('',#12200,0.0001);
#10339=CYLINDRICAL_SURFACE('',#12204,0.0001);
#10340=CYLINDRICAL_SURFACE('',#12205,0.0001);
#10341=CYLINDRICAL_SURFACE('',#12211,0.0001);
#10342=CYLINDRICAL_SURFACE('',#12212,0.0001);
#10343=CYLINDRICAL_SURFACE('',#12213,0.0001);
#10344=CYLINDRICAL_SURFACE('',#12218,0.0001);
#10345=CYLINDRICAL_SURFACE('',#12223,0.000290364087786762);
#10346=CYLINDRICAL_SURFACE('',#12224,0.0001);
#10347=CYLINDRICAL_SURFACE('',#12226,0.0001);
#10348=CYLINDRICAL_SURFACE('',#12227,0.0001);
#10349=CYLINDRICAL_SURFACE('',#12232,0.0001);
#10350=CYLINDRICAL_SURFACE('',#12234,0.0001);
#10351=CYLINDRICAL_SURFACE('',#12236,0.0001);
#10352=CYLINDRICAL_SURFACE('',#12238,0.0005);
#10353=CYLINDRICAL_SURFACE('',#12243,0.0005);
#10354=CYLINDRICAL_SURFACE('',#12259,0.0011);
#10355=CYLINDRICAL_SURFACE('',#12264,0.0011);
#10356=CYLINDRICAL_SURFACE('',#12265,0.0011);
#10357=CYLINDRICAL_SURFACE('',#12271,0.0011);
#10358=CYLINDRICAL_SURFACE('',#12272,0.0011);
#10359=CYLINDRICAL_SURFACE('',#12275,0.0005);
#10360=CYLINDRICAL_SURFACE('',#12280,0.0005);
#10361=CYLINDRICAL_SURFACE('',#12281,0.0005);
#10362=CYLINDRICAL_SURFACE('',#12285,0.0005);
#10363=CYLINDRICAL_SURFACE('',#12286,0.0005);
#10364=CYLINDRICAL_SURFACE('',#12291,0.0005);
#10365=CYLINDRICAL_SURFACE('',#12293,0.0005);
#10366=CYLINDRICAL_SURFACE('',#12299,0.0005);
#10367=CYLINDRICAL_SURFACE('',#12301,0.0005);
#10368=CYLINDRICAL_SURFACE('',#12306,0.02);
#10369=CYLINDRICAL_SURFACE('',#12307,0.02);
#10370=CYLINDRICAL_SURFACE('',#12309,0.02);
#10371=CYLINDRICAL_SURFACE('',#12310,0.02);
#10372=ADVANCED_FACE('',(#9398),#10082,.T.);
#10373=ADVANCED_FACE('',(#9399),#10083,.T.);
#10374=ADVANCED_FACE('',(#9400),#10084,.T.);
#10375=ADVANCED_FACE('',(#9401),#439,.T.);
#10376=ADVANCED_FACE('',(#9402),#10085,.T.);
#10377=ADVANCED_FACE('',(#9403),#440,.T.);
#10378=ADVANCED_FACE('',(#9404),#10086,.T.);
#10379=ADVANCED_FACE('',(#9405),#441,.T.);
#10380=ADVANCED_FACE('',(#9406),#442,.F.);
#10381=ADVANCED_FACE('',(#9407),#443,.F.);
#10382=ADVANCED_FACE('',(#9408),#444,.T.);
#10383=ADVANCED_FACE('',(#9409),#10087,.T.);
#10384=ADVANCED_FACE('',(#9410),#445,.T.);
#10385=ADVANCED_FACE('',(#9411),#10088,.T.);
#10386=ADVANCED_FACE('',(#9412),#446,.F.);
#10387=ADVANCED_FACE('',(#9413),#447,.F.);
#10388=ADVANCED_FACE('',(#9414),#448,.T.);
#10389=ADVANCED_FACE('',(#9415),#10089,.T.);
#10390=ADVANCED_FACE('',(#9416),#449,.T.);
#10391=ADVANCED_FACE('',(#9417),#10090,.T.);
#10392=ADVANCED_FACE('',(#9418),#10091,.T.);
#10393=ADVANCED_FACE('',(#9419),#10092,.T.);
#10394=ADVANCED_FACE('',(#9420),#10093,.F.);
#10395=ADVANCED_FACE('',(#9421),#92,.F.);
#10396=ADVANCED_FACE('',(#9422),#10094,.F.);
#10397=ADVANCED_FACE('',(#9423),#10095,.T.);
#10398=ADVANCED_FACE('',(#9424),#56,.T.);
#10399=ADVANCED_FACE('',(#9425),#10096,.T.);
#10400=ADVANCED_FACE('',(#9426),#93,.T.);
#10401=ADVANCED_FACE('',(#9427),#10097,.T.);
#10402=ADVANCED_FACE('',(#9428),#94,.T.);
#10403=ADVANCED_FACE('',(#9429),#57,.T.);
#10404=ADVANCED_FACE('',(#9430),#48,.T.);
#10405=ADVANCED_FACE('',(#9431),#10098,.T.);
#10406=ADVANCED_FACE('',(#9432),#95,.T.);
#10407=ADVANCED_FACE('',(#9433),#96,.T.);
#10408=ADVANCED_FACE('',(#9434),#58,.T.);
#10409=ADVANCED_FACE('',(#9435),#10099,.T.);
#10410=ADVANCED_FACE('',(#9436),#97,.T.);
#10411=ADVANCED_FACE('',(#9437),#10100,.T.);
#10412=ADVANCED_FACE('',(#9438),#98,.T.);
#10413=ADVANCED_FACE('',(#9439),#10101,.T.);
#10414=ADVANCED_FACE('',(#9440),#10102,.T.);
#10415=ADVANCED_FACE('',(#9441),#59,.T.);
#10416=ADVANCED_FACE('',(#9442),#10103,.T.);
#10417=ADVANCED_FACE('',(#9443),#99,.T.);
#10418=ADVANCED_FACE('',(#9444),#10104,.T.);
#10419=ADVANCED_FACE('',(#9445),#100,.T.);
#10420=ADVANCED_FACE('',(#9446),#60,.T.);
#10421=ADVANCED_FACE('',(#9447),#49,.T.);
#10422=ADVANCED_FACE('',(#9448),#10105,.T.);
#10423=ADVANCED_FACE('',(#9449),#101,.T.);
#10424=ADVANCED_FACE('',(#9450),#102,.T.);
#10425=ADVANCED_FACE('',(#9451),#103,.T.);
#10426=ADVANCED_FACE('',(#9452),#10106,.T.);
#10427=ADVANCED_FACE('',(#9453),#104,.T.);
#10428=ADVANCED_FACE('',(#9454),#10107,.T.);
#10429=ADVANCED_FACE('',(#9455),#105,.T.);
#10430=ADVANCED_FACE('',(#9456),#10108,.T.);
#10431=ADVANCED_FACE('',(#9457,#9458),#450,.F.);
#10432=ADVANCED_FACE('',(#9459,#9460,#9461,#9462),#451,.T.);
#10433=ADVANCED_FACE('',(#9463),#452,.F.);
#10434=ADVANCED_FACE('',(#9464),#453,.F.);
#10435=ADVANCED_FACE('',(#9465),#454,.F.);
#10436=ADVANCED_FACE('',(#9466),#10109,.T.);
#10437=ADVANCED_FACE('',(#9467),#10110,.T.);
#10438=ADVANCED_FACE('',(#9468),#455,.F.);
#10439=ADVANCED_FACE('',(#9469),#456,.F.);
#10440=ADVANCED_FACE('',(#9470),#457,.F.);
#10441=ADVANCED_FACE('',(#9471),#458,.T.);
#10442=ADVANCED_FACE('',(#9472),#459,.T.);
#10443=ADVANCED_FACE('',(#9473),#61,.T.);
#10444=ADVANCED_FACE('',(#9474),#10111,.T.);
#10445=ADVANCED_FACE('',(#9475),#106,.T.);
#10446=ADVANCED_FACE('',(#9476),#10112,.T.);
#10447=ADVANCED_FACE('',(#9477),#62,.T.);
#10448=ADVANCED_FACE('',(#9478),#107,.F.);
#10449=ADVANCED_FACE('',(#9479),#460,.T.);
#10450=ADVANCED_FACE('',(#9480),#10113,.F.);
#10451=ADVANCED_FACE('',(#9481),#10114,.T.);
#10452=ADVANCED_FACE('',(#9482),#108,.T.);
#10453=ADVANCED_FACE('',(#9483),#10115,.T.);
#10454=ADVANCED_FACE('',(#9484),#109,.T.);
#10455=ADVANCED_FACE('',(#9485),#461,.F.);
#10456=ADVANCED_FACE('',(#9486),#110,.T.);
#10457=ADVANCED_FACE('',(#9487),#10116,.T.);
#10458=ADVANCED_FACE('',(#9488),#10117,.F.);
#10459=ADVANCED_FACE('',(#9489),#12,.F.);
#10460=ADVANCED_FACE('',(#9490),#10118,.F.);
#10461=ADVANCED_FACE('',(#9491),#10119,.T.);
#10462=ADVANCED_FACE('',(#9492),#63,.T.);
#10463=ADVANCED_FACE('',(#9493),#10120,.T.);
#10464=ADVANCED_FACE('',(#9494),#111,.T.);
#10465=ADVANCED_FACE('',(#9495),#10121,.T.);
#10466=ADVANCED_FACE('',(#9496),#64,.T.);
#10467=ADVANCED_FACE('',(#9497),#10122,.T.);
#10468=ADVANCED_FACE('',(#9498),#10123,.F.);
#10469=ADVANCED_FACE('',(#9499),#13,.F.);
#10470=ADVANCED_FACE('',(#9500),#462,.F.);
#10471=ADVANCED_FACE('',(#9501),#10124,.F.);
#10472=ADVANCED_FACE('',(#9502),#10125,.F.);
#10473=ADVANCED_FACE('',(#9503),#10126,.T.);
#10474=ADVANCED_FACE('',(#9504),#112,.T.);
#10475=ADVANCED_FACE('',(#9505),#10127,.T.);
#10476=ADVANCED_FACE('',(#9506),#113,.T.);
#10477=ADVANCED_FACE('',(#9507),#463,.T.);
#10478=ADVANCED_FACE('',(#9508),#114,.T.);
#10479=ADVANCED_FACE('',(#9509),#115,.F.);
#10480=ADVANCED_FACE('',(#9510),#10128,.F.);
#10481=ADVANCED_FACE('',(#9511),#464,.T.);
#10482=ADVANCED_FACE('',(#9512),#10129,.F.);
#10483=ADVANCED_FACE('',(#9513),#10130,.T.);
#10484=ADVANCED_FACE('',(#9514),#116,.T.);
#10485=ADVANCED_FACE('',(#9515),#10131,.T.);
#10486=ADVANCED_FACE('',(#9516),#117,.T.);
#10487=ADVANCED_FACE('',(#9517),#10132,.F.);
#10488=ADVANCED_FACE('',(#9518),#465,.T.);
#10489=ADVANCED_FACE('',(#9519),#10133,.F.);
#10490=ADVANCED_FACE('',(#9520),#466,.T.);
#10491=ADVANCED_FACE('',(#9521),#10134,.T.);
#10492=ADVANCED_FACE('',(#9522),#118,.T.);
#10493=ADVANCED_FACE('',(#9523),#10135,.T.);
#10494=ADVANCED_FACE('',(#9524),#467,.T.);
#10495=ADVANCED_FACE('',(#9525),#468,.T.);
#10496=ADVANCED_FACE('',(#9526),#469,.T.);
#10497=ADVANCED_FACE('',(#9527),#470,.T.);
#10498=ADVANCED_FACE('',(#9528),#471,.T.);
#10499=ADVANCED_FACE('',(#9529),#472,.T.);
#10500=ADVANCED_FACE('',(#9530),#473,.T.);
#10501=ADVANCED_FACE('',(#9531),#474,.F.);
#10502=ADVANCED_FACE('',(#9532),#475,.F.);
#10503=ADVANCED_FACE('',(#9533),#476,.T.);
#10504=ADVANCED_FACE('',(#9534),#10136,.T.);
#10505=ADVANCED_FACE('',(#9535),#14,.T.);
#10506=ADVANCED_FACE('',(#9536),#10137,.T.);
#10507=ADVANCED_FACE('',(#9537),#10138,.T.);
#10508=ADVANCED_FACE('',(#9538),#15,.T.);
#10509=ADVANCED_FACE('',(#9539),#477,.T.);
#10510=ADVANCED_FACE('',(#9540),#10139,.T.);
#10511=ADVANCED_FACE('',(#9541),#10140,.T.);
#10512=ADVANCED_FACE('',(#9542),#478,.F.);
#10513=ADVANCED_FACE('',(#9543),#479,.F.);
#10514=ADVANCED_FACE('',(#9544),#10141,.T.);
#10515=ADVANCED_FACE('',(#9545),#16,.T.);
#10516=ADVANCED_FACE('',(#9546),#10142,.T.);
#10517=ADVANCED_FACE('',(#9547),#10143,.T.);
#10518=ADVANCED_FACE('',(#9548),#17,.T.);
#10519=ADVANCED_FACE('',(#9549),#10144,.T.);
#10520=ADVANCED_FACE('',(#9550),#10145,.T.);
#10521=ADVANCED_FACE('',(#9551),#18,.T.);
#10522=ADVANCED_FACE('',(#9552),#10146,.T.);
#10523=ADVANCED_FACE('',(#9553),#10147,.T.);
#10524=ADVANCED_FACE('',(#9554),#119,.T.);
#10525=ADVANCED_FACE('',(#9555),#19,.T.);
#10526=ADVANCED_FACE('',(#9556),#10148,.T.);
#10527=ADVANCED_FACE('',(#9557),#10149,.T.);
#10528=ADVANCED_FACE('',(#9558),#20,.T.);
#10529=ADVANCED_FACE('',(#9559),#480,.T.);
#10530=ADVANCED_FACE('',(#9560),#481,.T.);
#10531=ADVANCED_FACE('',(#9561),#482,.T.);
#10532=ADVANCED_FACE('',(#9562),#483,.T.);
#10533=ADVANCED_FACE('',(#9563),#484,.T.);
#10534=ADVANCED_FACE('',(#9564),#485,.T.);
#10535=ADVANCED_FACE('',(#9565),#486,.T.);
#10536=ADVANCED_FACE('',(#9566),#487,.T.);
#10537=ADVANCED_FACE('',(#9567),#10150,.F.);
#10538=ADVANCED_FACE('',(#9568),#10151,.F.);
#10539=ADVANCED_FACE('',(#9569),#488,.T.);
#10540=ADVANCED_FACE('',(#9570),#10152,.F.);
#10541=ADVANCED_FACE('',(#9571),#10153,.F.);
#10542=ADVANCED_FACE('',(#9572),#489,.T.);
#10543=ADVANCED_FACE('',(#9573),#10154,.T.);
#10544=ADVANCED_FACE('',(#9574),#490,.T.);
#10545=ADVANCED_FACE('',(#9575),#491,.T.);
#10546=ADVANCED_FACE('',(#9576),#492,.T.);
#10547=ADVANCED_FACE('',(#9577),#493,.T.);
#10548=ADVANCED_FACE('',(#9578),#494,.T.);
#10549=ADVANCED_FACE('',(#9579),#10155,.F.);
#10550=ADVANCED_FACE('',(#9580),#10156,.F.);
#10551=ADVANCED_FACE('',(#9581),#495,.T.);
#10552=ADVANCED_FACE('',(#9582),#10157,.F.);
#10553=ADVANCED_FACE('',(#9583),#10158,.F.);
#10554=ADVANCED_FACE('',(#9584),#496,.T.);
#10555=ADVANCED_FACE('',(#9585),#497,.F.);
#10556=ADVANCED_FACE('',(#9586),#10159,.T.);
#10557=ADVANCED_FACE('',(#9587),#10160,.T.);
#10558=ADVANCED_FACE('',(#9588),#498,.T.);
#10559=ADVANCED_FACE('',(#9589),#10161,.T.);
#10560=ADVANCED_FACE('',(#9590),#499,.T.);
#10561=ADVANCED_FACE('',(#9591),#10162,.T.);
#10562=ADVANCED_FACE('',(#9592),#500,.T.);
#10563=ADVANCED_FACE('',(#9593),#501,.F.);
#10564=ADVANCED_FACE('',(#9594),#502,.F.);
#10565=ADVANCED_FACE('',(#9595),#503,.T.);
#10566=ADVANCED_FACE('',(#9596),#10163,.T.);
#10567=ADVANCED_FACE('',(#9597),#504,.T.);
#10568=ADVANCED_FACE('',(#9598),#10164,.T.);
#10569=ADVANCED_FACE('',(#9599),#505,.F.);
#10570=ADVANCED_FACE('',(#9600),#506,.F.);
#10571=ADVANCED_FACE('',(#9601),#507,.T.);
#10572=ADVANCED_FACE('',(#9602),#10165,.T.);
#10573=ADVANCED_FACE('',(#9603),#508,.T.);
#10574=ADVANCED_FACE('',(#9604),#10166,.T.);
#10575=ADVANCED_FACE('',(#9605),#10167,.T.);
#10576=ADVANCED_FACE('',(#9606),#10168,.T.);
#10577=ADVANCED_FACE('',(#9607),#10169,.F.);
#10578=ADVANCED_FACE('',(#9608),#120,.F.);
#10579=ADVANCED_FACE('',(#9609),#10170,.F.);
#10580=ADVANCED_FACE('',(#9610),#10171,.T.);
#10581=ADVANCED_FACE('',(#9611),#65,.T.);
#10582=ADVANCED_FACE('',(#9612),#10172,.T.);
#10583=ADVANCED_FACE('',(#9613),#121,.T.);
#10584=ADVANCED_FACE('',(#9614),#10173,.T.);
#10585=ADVANCED_FACE('',(#9615),#122,.T.);
#10586=ADVANCED_FACE('',(#9616),#66,.T.);
#10587=ADVANCED_FACE('',(#9617),#50,.T.);
#10588=ADVANCED_FACE('',(#9618),#10174,.T.);
#10589=ADVANCED_FACE('',(#9619),#123,.T.);
#10590=ADVANCED_FACE('',(#9620),#124,.T.);
#10591=ADVANCED_FACE('',(#9621),#67,.T.);
#10592=ADVANCED_FACE('',(#9622),#10175,.T.);
#10593=ADVANCED_FACE('',(#9623),#125,.T.);
#10594=ADVANCED_FACE('',(#9624),#10176,.T.);
#10595=ADVANCED_FACE('',(#9625),#126,.T.);
#10596=ADVANCED_FACE('',(#9626),#10177,.T.);
#10597=ADVANCED_FACE('',(#9627),#10178,.T.);
#10598=ADVANCED_FACE('',(#9628),#68,.T.);
#10599=ADVANCED_FACE('',(#9629),#10179,.T.);
#10600=ADVANCED_FACE('',(#9630),#127,.T.);
#10601=ADVANCED_FACE('',(#9631),#10180,.T.);
#10602=ADVANCED_FACE('',(#9632),#128,.T.);
#10603=ADVANCED_FACE('',(#9633),#69,.T.);
#10604=ADVANCED_FACE('',(#9634),#51,.T.);
#10605=ADVANCED_FACE('',(#9635),#10181,.T.);
#10606=ADVANCED_FACE('',(#9636),#129,.T.);
#10607=ADVANCED_FACE('',(#9637),#130,.T.);
#10608=ADVANCED_FACE('',(#9638),#131,.T.);
#10609=ADVANCED_FACE('',(#9639),#10182,.T.);
#10610=ADVANCED_FACE('',(#9640),#132,.T.);
#10611=ADVANCED_FACE('',(#9641),#10183,.T.);
#10612=ADVANCED_FACE('',(#9642),#133,.T.);
#10613=ADVANCED_FACE('',(#9643),#10184,.T.);
#10614=ADVANCED_FACE('',(#9644,#9645),#509,.F.);
#10615=ADVANCED_FACE('',(#9646,#9647,#9648,#9649),#510,.T.);
#10616=ADVANCED_FACE('',(#9650),#511,.F.);
#10617=ADVANCED_FACE('',(#9651),#512,.F.);
#10618=ADVANCED_FACE('',(#9652),#513,.F.);
#10619=ADVANCED_FACE('',(#9653),#10185,.T.);
#10620=ADVANCED_FACE('',(#9654),#10186,.T.);
#10621=ADVANCED_FACE('',(#9655),#514,.F.);
#10622=ADVANCED_FACE('',(#9656),#515,.T.);
#10623=ADVANCED_FACE('',(#9657),#516,.T.);
#10624=ADVANCED_FACE('',(#9658),#70,.T.);
#10625=ADVANCED_FACE('',(#9659),#10187,.T.);
#10626=ADVANCED_FACE('',(#9660),#134,.T.);
#10627=ADVANCED_FACE('',(#9661),#10188,.T.);
#10628=ADVANCED_FACE('',(#9662),#71,.T.);
#10629=ADVANCED_FACE('',(#9663),#135,.F.);
#10630=ADVANCED_FACE('',(#9664),#517,.T.);
#10631=ADVANCED_FACE('',(#9665),#10189,.F.);
#10632=ADVANCED_FACE('',(#9666),#10190,.T.);
#10633=ADVANCED_FACE('',(#9667),#136,.T.);
#10634=ADVANCED_FACE('',(#9668),#10191,.T.);
#10635=ADVANCED_FACE('',(#9669),#137,.T.);
#10636=ADVANCED_FACE('',(#9670),#518,.F.);
#10637=ADVANCED_FACE('',(#9671),#138,.T.);
#10638=ADVANCED_FACE('',(#9672),#10192,.T.);
#10639=ADVANCED_FACE('',(#9673),#10193,.F.);
#10640=ADVANCED_FACE('',(#9674),#21,.F.);
#10641=ADVANCED_FACE('',(#9675),#10194,.F.);
#10642=ADVANCED_FACE('',(#9676),#10195,.T.);
#10643=ADVANCED_FACE('',(#9677),#72,.T.);
#10644=ADVANCED_FACE('',(#9678),#10196,.T.);
#10645=ADVANCED_FACE('',(#9679),#139,.T.);
#10646=ADVANCED_FACE('',(#9680),#10197,.T.);
#10647=ADVANCED_FACE('',(#9681),#73,.T.);
#10648=ADVANCED_FACE('',(#9682),#10198,.T.);
#10649=ADVANCED_FACE('',(#9683),#10199,.F.);
#10650=ADVANCED_FACE('',(#9684),#22,.F.);
#10651=ADVANCED_FACE('',(#9685),#519,.F.);
#10652=ADVANCED_FACE('',(#9686),#10200,.F.);
#10653=ADVANCED_FACE('',(#9687),#10201,.F.);
#10654=ADVANCED_FACE('',(#9688),#10202,.T.);
#10655=ADVANCED_FACE('',(#9689),#140,.T.);
#10656=ADVANCED_FACE('',(#9690),#10203,.T.);
#10657=ADVANCED_FACE('',(#9691),#141,.T.);
#10658=ADVANCED_FACE('',(#9692),#520,.T.);
#10659=ADVANCED_FACE('',(#9693),#142,.F.);
#10660=ADVANCED_FACE('',(#9694),#10204,.F.);
#10661=ADVANCED_FACE('',(#9695),#10205,.F.);
#10662=ADVANCED_FACE('',(#9696),#521,.T.);
#10663=ADVANCED_FACE('',(#9697),#10206,.F.);
#10664=ADVANCED_FACE('',(#9698),#10207,.T.);
#10665=ADVANCED_FACE('',(#9699),#143,.T.);
#10666=ADVANCED_FACE('',(#9700),#10208,.T.);
#10667=ADVANCED_FACE('',(#9701),#74,.T.);
#10668=ADVANCED_FACE('',(#9702),#10209,.F.);
#10669=ADVANCED_FACE('',(#9703),#522,.T.);
#10670=ADVANCED_FACE('',(#9704),#10210,.F.);
#10671=ADVANCED_FACE('',(#9705),#523,.T.);
#10672=ADVANCED_FACE('',(#9706),#10211,.T.);
#10673=ADVANCED_FACE('',(#9707),#144,.T.);
#10674=ADVANCED_FACE('',(#9708),#10212,.T.);
#10675=ADVANCED_FACE('',(#9709),#524,.T.);
#10676=ADVANCED_FACE('',(#9710),#525,.T.);
#10677=ADVANCED_FACE('',(#9711),#526,.T.);
#10678=ADVANCED_FACE('',(#9712),#527,.T.);
#10679=ADVANCED_FACE('',(#9713),#528,.T.);
#10680=ADVANCED_FACE('',(#9714),#529,.T.);
#10681=ADVANCED_FACE('',(#9715),#530,.T.);
#10682=ADVANCED_FACE('',(#9716),#531,.F.);
#10683=ADVANCED_FACE('',(#9717),#532,.F.);
#10684=ADVANCED_FACE('',(#9718),#533,.T.);
#10685=ADVANCED_FACE('',(#9719),#10213,.T.);
#10686=ADVANCED_FACE('',(#9720),#23,.T.);
#10687=ADVANCED_FACE('',(#9721),#10214,.T.);
#10688=ADVANCED_FACE('',(#9722),#10215,.T.);
#10689=ADVANCED_FACE('',(#9723),#24,.T.);
#10690=ADVANCED_FACE('',(#9724),#534,.T.);
#10691=ADVANCED_FACE('',(#9725),#10216,.T.);
#10692=ADVANCED_FACE('',(#9726),#10217,.T.);
#10693=ADVANCED_FACE('',(#9727),#535,.F.);
#10694=ADVANCED_FACE('',(#9728),#536,.F.);
#10695=ADVANCED_FACE('',(#9729),#10218,.T.);
#10696=ADVANCED_FACE('',(#9730),#25,.T.);
#10697=ADVANCED_FACE('',(#9731),#10219,.T.);
#10698=ADVANCED_FACE('',(#9732),#10220,.T.);
#10699=ADVANCED_FACE('',(#9733),#26,.T.);
#10700=ADVANCED_FACE('',(#9734),#10221,.T.);
#10701=ADVANCED_FACE('',(#9735),#10222,.T.);
#10702=ADVANCED_FACE('',(#9736),#27,.T.);
#10703=ADVANCED_FACE('',(#9737),#10223,.T.);
#10704=ADVANCED_FACE('',(#9738),#10224,.T.);
#10705=ADVANCED_FACE('',(#9739),#145,.T.);
#10706=ADVANCED_FACE('',(#9740),#28,.T.);
#10707=ADVANCED_FACE('',(#9741),#10225,.T.);
#10708=ADVANCED_FACE('',(#9742),#10226,.T.);
#10709=ADVANCED_FACE('',(#9743),#29,.T.);
#10710=ADVANCED_FACE('',(#9744),#10227,.T.);
#10711=ADVANCED_FACE('',(#9745),#10228,.T.);
#10712=ADVANCED_FACE('',(#9746),#10229,.T.);
#10713=ADVANCED_FACE('',(#9747),#537,.T.);
#10714=ADVANCED_FACE('',(#9748),#10230,.T.);
#10715=ADVANCED_FACE('',(#9749),#538,.T.);
#10716=ADVANCED_FACE('',(#9750),#10231,.T.);
#10717=ADVANCED_FACE('',(#9751),#539,.T.);
#10718=ADVANCED_FACE('',(#9752),#540,.F.);
#10719=ADVANCED_FACE('',(#9753),#541,.F.);
#10720=ADVANCED_FACE('',(#9754),#542,.T.);
#10721=ADVANCED_FACE('',(#9755),#10232,.T.);
#10722=ADVANCED_FACE('',(#9756),#543,.T.);
#10723=ADVANCED_FACE('',(#9757),#10233,.T.);
#10724=ADVANCED_FACE('',(#9758),#544,.F.);
#10725=ADVANCED_FACE('',(#9759),#545,.F.);
#10726=ADVANCED_FACE('',(#9760),#546,.T.);
#10727=ADVANCED_FACE('',(#9761),#10234,.T.);
#10728=ADVANCED_FACE('',(#9762),#547,.T.);
#10729=ADVANCED_FACE('',(#9763),#10235,.T.);
#10730=ADVANCED_FACE('',(#9764),#10236,.T.);
#10731=ADVANCED_FACE('',(#9765),#10237,.T.);
#10732=ADVANCED_FACE('',(#9766),#10238,.F.);
#10733=ADVANCED_FACE('',(#9767),#146,.F.);
#10734=ADVANCED_FACE('',(#9768),#10239,.F.);
#10735=ADVANCED_FACE('',(#9769),#10240,.T.);
#10736=ADVANCED_FACE('',(#9770),#75,.T.);
#10737=ADVANCED_FACE('',(#9771),#10241,.T.);
#10738=ADVANCED_FACE('',(#9772),#147,.T.);
#10739=ADVANCED_FACE('',(#9773),#10242,.T.);
#10740=ADVANCED_FACE('',(#9774),#148,.T.);
#10741=ADVANCED_FACE('',(#9775),#76,.T.);
#10742=ADVANCED_FACE('',(#9776),#52,.T.);
#10743=ADVANCED_FACE('',(#9777),#10243,.T.);
#10744=ADVANCED_FACE('',(#9778),#149,.T.);
#10745=ADVANCED_FACE('',(#9779),#150,.T.);
#10746=ADVANCED_FACE('',(#9780),#151,.T.);
#10747=ADVANCED_FACE('',(#9781),#10244,.T.);
#10748=ADVANCED_FACE('',(#9782),#152,.T.);
#10749=ADVANCED_FACE('',(#9783),#10245,.T.);
#10750=ADVANCED_FACE('',(#9784),#153,.T.);
#10751=ADVANCED_FACE('',(#9785),#10246,.T.);
#10752=ADVANCED_FACE('',(#9786),#10247,.T.);
#10753=ADVANCED_FACE('',(#9787),#77,.T.);
#10754=ADVANCED_FACE('',(#9788),#10248,.T.);
#10755=ADVANCED_FACE('',(#9789),#154,.T.);
#10756=ADVANCED_FACE('',(#9790),#10249,.T.);
#10757=ADVANCED_FACE('',(#9791),#155,.T.);
#10758=ADVANCED_FACE('',(#9792),#78,.T.);
#10759=ADVANCED_FACE('',(#9793),#53,.T.);
#10760=ADVANCED_FACE('',(#9794),#10250,.T.);
#10761=ADVANCED_FACE('',(#9795),#156,.T.);
#10762=ADVANCED_FACE('',(#9796),#79,.T.);
#10763=ADVANCED_FACE('',(#9797),#157,.T.);
#10764=ADVANCED_FACE('',(#9798),#10251,.T.);
#10765=ADVANCED_FACE('',(#9799),#158,.T.);
#10766=ADVANCED_FACE('',(#9800),#10252,.T.);
#10767=ADVANCED_FACE('',(#9801),#159,.T.);
#10768=ADVANCED_FACE('',(#9802),#10253,.T.);
#10769=ADVANCED_FACE('',(#9803,#9804),#548,.F.);
#10770=ADVANCED_FACE('',(#9805,#9806,#9807,#9808),#549,.T.);
#10771=ADVANCED_FACE('',(#9809),#550,.F.);
#10772=ADVANCED_FACE('',(#9810),#551,.F.);
#10773=ADVANCED_FACE('',(#9811),#552,.F.);
#10774=ADVANCED_FACE('',(#9812),#10254,.T.);
#10775=ADVANCED_FACE('',(#9813),#10255,.T.);
#10776=ADVANCED_FACE('',(#9814),#553,.T.);
#10777=ADVANCED_FACE('',(#9815),#554,.T.);
#10778=ADVANCED_FACE('',(#9816),#555,.F.);
#10779=ADVANCED_FACE('',(#9817),#556,.F.);
#10780=ADVANCED_FACE('',(#9818),#80,.T.);
#10781=ADVANCED_FACE('',(#9819),#10256,.T.);
#10782=ADVANCED_FACE('',(#9820),#160,.T.);
#10783=ADVANCED_FACE('',(#9821),#10257,.T.);
#10784=ADVANCED_FACE('',(#9822),#81,.T.);
#10785=ADVANCED_FACE('',(#9823),#161,.F.);
#10786=ADVANCED_FACE('',(#9824),#557,.T.);
#10787=ADVANCED_FACE('',(#9825),#10258,.F.);
#10788=ADVANCED_FACE('',(#9826),#10259,.T.);
#10789=ADVANCED_FACE('',(#9827),#162,.T.);
#10790=ADVANCED_FACE('',(#9828),#10260,.T.);
#10791=ADVANCED_FACE('',(#9829),#163,.T.);
#10792=ADVANCED_FACE('',(#9830),#558,.F.);
#10793=ADVANCED_FACE('',(#9831),#164,.T.);
#10794=ADVANCED_FACE('',(#9832),#10261,.T.);
#10795=ADVANCED_FACE('',(#9833),#10262,.F.);
#10796=ADVANCED_FACE('',(#9834),#30,.F.);
#10797=ADVANCED_FACE('',(#9835),#10263,.F.);
#10798=ADVANCED_FACE('',(#9836),#10264,.T.);
#10799=ADVANCED_FACE('',(#9837),#82,.T.);
#10800=ADVANCED_FACE('',(#9838),#10265,.T.);
#10801=ADVANCED_FACE('',(#9839),#165,.T.);
#10802=ADVANCED_FACE('',(#9840),#10266,.T.);
#10803=ADVANCED_FACE('',(#9841),#83,.T.);
#10804=ADVANCED_FACE('',(#9842),#10267,.T.);
#10805=ADVANCED_FACE('',(#9843),#10268,.F.);
#10806=ADVANCED_FACE('',(#9844),#31,.F.);
#10807=ADVANCED_FACE('',(#9845),#559,.F.);
#10808=ADVANCED_FACE('',(#9846),#10269,.F.);
#10809=ADVANCED_FACE('',(#9847),#10270,.F.);
#10810=ADVANCED_FACE('',(#9848),#10271,.T.);
#10811=ADVANCED_FACE('',(#9849),#166,.T.);
#10812=ADVANCED_FACE('',(#9850),#10272,.T.);
#10813=ADVANCED_FACE('',(#9851),#167,.T.);
#10814=ADVANCED_FACE('',(#9852),#560,.T.);
#10815=ADVANCED_FACE('',(#9853),#168,.F.);
#10816=ADVANCED_FACE('',(#9854),#169,.F.);
#10817=ADVANCED_FACE('',(#9855),#10273,.F.);
#10818=ADVANCED_FACE('',(#9856),#561,.T.);
#10819=ADVANCED_FACE('',(#9857),#10274,.F.);
#10820=ADVANCED_FACE('',(#9858),#10275,.T.);
#10821=ADVANCED_FACE('',(#9859),#170,.T.);
#10822=ADVANCED_FACE('',(#9860),#10276,.T.);
#10823=ADVANCED_FACE('',(#9861),#171,.T.);
#10824=ADVANCED_FACE('',(#9862),#10277,.F.);
#10825=ADVANCED_FACE('',(#9863),#562,.T.);
#10826=ADVANCED_FACE('',(#9864),#10278,.F.);
#10827=ADVANCED_FACE('',(#9865),#563,.T.);
#10828=ADVANCED_FACE('',(#9866),#10279,.T.);
#10829=ADVANCED_FACE('',(#9867),#172,.T.);
#10830=ADVANCED_FACE('',(#9868),#10280,.T.);
#10831=ADVANCED_FACE('',(#9869),#564,.T.);
#10832=ADVANCED_FACE('',(#9870),#565,.T.);
#10833=ADVANCED_FACE('',(#9871),#566,.T.);
#10834=ADVANCED_FACE('',(#9872),#567,.T.);
#10835=ADVANCED_FACE('',(#9873),#568,.T.);
#10836=ADVANCED_FACE('',(#9874),#569,.F.);
#10837=ADVANCED_FACE('',(#9875),#570,.F.);
#10838=ADVANCED_FACE('',(#9876),#571,.T.);
#10839=ADVANCED_FACE('',(#9877),#572,.T.);
#10840=ADVANCED_FACE('',(#9878),#573,.T.);
#10841=ADVANCED_FACE('',(#9879),#10281,.T.);
#10842=ADVANCED_FACE('',(#9880),#32,.T.);
#10843=ADVANCED_FACE('',(#9881),#10282,.T.);
#10844=ADVANCED_FACE('',(#9882),#10283,.T.);
#10845=ADVANCED_FACE('',(#9883),#33,.T.);
#10846=ADVANCED_FACE('',(#9884),#574,.T.);
#10847=ADVANCED_FACE('',(#9885),#10284,.T.);
#10848=ADVANCED_FACE('',(#9886),#10285,.T.);
#10849=ADVANCED_FACE('',(#9887),#575,.F.);
#10850=ADVANCED_FACE('',(#9888),#576,.F.);
#10851=ADVANCED_FACE('',(#9889),#10286,.T.);
#10852=ADVANCED_FACE('',(#9890),#34,.T.);
#10853=ADVANCED_FACE('',(#9891),#10287,.T.);
#10854=ADVANCED_FACE('',(#9892),#10288,.T.);
#10855=ADVANCED_FACE('',(#9893),#35,.T.);
#10856=ADVANCED_FACE('',(#9894),#10289,.T.);
#10857=ADVANCED_FACE('',(#9895),#10290,.T.);
#10858=ADVANCED_FACE('',(#9896),#36,.T.);
#10859=ADVANCED_FACE('',(#9897),#10291,.T.);
#10860=ADVANCED_FACE('',(#9898),#10292,.T.);
#10861=ADVANCED_FACE('',(#9899),#173,.T.);
#10862=ADVANCED_FACE('',(#9900),#37,.T.);
#10863=ADVANCED_FACE('',(#9901),#10293,.T.);
#10864=ADVANCED_FACE('',(#9902),#10294,.T.);
#10865=ADVANCED_FACE('',(#9903),#38,.T.);
#10866=ADVANCED_FACE('',(#9904),#577,.T.);
#10867=ADVANCED_FACE('',(#9905),#578,.T.);
#10868=ADVANCED_FACE('',(#9906),#579,.T.);
#10869=ADVANCED_FACE('',(#9907),#580,.T.);
#10870=ADVANCED_FACE('',(#9908),#581,.T.);
#10871=ADVANCED_FACE('',(#9909),#10295,.F.);
#10872=ADVANCED_FACE('',(#9910),#10296,.F.);
#10873=ADVANCED_FACE('',(#9911),#582,.T.);
#10874=ADVANCED_FACE('',(#9912),#10297,.F.);
#10875=ADVANCED_FACE('',(#9913),#10298,.F.);
#10876=ADVANCED_FACE('',(#9914),#583,.T.);
#10877=ADVANCED_FACE('',(#9915),#10299,.T.);
#10878=ADVANCED_FACE('',(#9916),#10300,.T.);
#10879=ADVANCED_FACE('',(#9917),#10301,.T.);
#10880=ADVANCED_FACE('',(#9918),#584,.T.);
#10881=ADVANCED_FACE('',(#9919),#10302,.T.);
#10882=ADVANCED_FACE('',(#9920),#585,.T.);
#10883=ADVANCED_FACE('',(#9921),#10303,.T.);
#10884=ADVANCED_FACE('',(#9922),#586,.T.);
#10885=ADVANCED_FACE('',(#9923),#587,.F.);
#10886=ADVANCED_FACE('',(#9924),#588,.F.);
#10887=ADVANCED_FACE('',(#9925),#589,.T.);
#10888=ADVANCED_FACE('',(#9926),#10304,.T.);
#10889=ADVANCED_FACE('',(#9927),#590,.T.);
#10890=ADVANCED_FACE('',(#9928),#10305,.T.);
#10891=ADVANCED_FACE('',(#9929),#591,.F.);
#10892=ADVANCED_FACE('',(#9930),#592,.F.);
#10893=ADVANCED_FACE('',(#9931),#593,.T.);
#10894=ADVANCED_FACE('',(#9932),#10306,.T.);
#10895=ADVANCED_FACE('',(#9933),#594,.T.);
#10896=ADVANCED_FACE('',(#9934),#10307,.T.);
#10897=ADVANCED_FACE('',(#9935),#10308,.T.);
#10898=ADVANCED_FACE('',(#9936),#10309,.T.);
#10899=ADVANCED_FACE('',(#9937),#10310,.F.);
#10900=ADVANCED_FACE('',(#9938),#174,.F.);
#10901=ADVANCED_FACE('',(#9939),#10311,.F.);
#10902=ADVANCED_FACE('',(#9940),#10312,.T.);
#10903=ADVANCED_FACE('',(#9941),#84,.T.);
#10904=ADVANCED_FACE('',(#9942),#10313,.T.);
#10905=ADVANCED_FACE('',(#9943),#175,.T.);
#10906=ADVANCED_FACE('',(#9944),#10314,.T.);
#10907=ADVANCED_FACE('',(#9945),#176,.T.);
#10908=ADVANCED_FACE('',(#9946),#85,.T.);
#10909=ADVANCED_FACE('',(#9947),#54,.T.);
#10910=ADVANCED_FACE('',(#9948),#10315,.T.);
#10911=ADVANCED_FACE('',(#9949),#177,.T.);
#10912=ADVANCED_FACE('',(#9950),#178,.T.);
#10913=ADVANCED_FACE('',(#9951),#179,.T.);
#10914=ADVANCED_FACE('',(#9952),#10316,.T.);
#10915=ADVANCED_FACE('',(#9953),#180,.T.);
#10916=ADVANCED_FACE('',(#9954),#10317,.T.);
#10917=ADVANCED_FACE('',(#9955),#181,.T.);
#10918=ADVANCED_FACE('',(#9956),#10318,.T.);
#10919=ADVANCED_FACE('',(#9957),#10319,.T.);
#10920=ADVANCED_FACE('',(#9958),#86,.T.);
#10921=ADVANCED_FACE('',(#9959),#10320,.T.);
#10922=ADVANCED_FACE('',(#9960),#182,.T.);
#10923=ADVANCED_FACE('',(#9961),#10321,.T.);
#10924=ADVANCED_FACE('',(#9962),#183,.T.);
#10925=ADVANCED_FACE('',(#9963),#87,.T.);
#10926=ADVANCED_FACE('',(#9964),#55,.T.);
#10927=ADVANCED_FACE('',(#9965),#10322,.T.);
#10928=ADVANCED_FACE('',(#9966),#184,.T.);
#10929=ADVANCED_FACE('',(#9967),#185,.T.);
#10930=ADVANCED_FACE('',(#9968),#186,.T.);
#10931=ADVANCED_FACE('',(#9969),#10323,.T.);
#10932=ADVANCED_FACE('',(#9970),#187,.T.);
#10933=ADVANCED_FACE('',(#9971),#10324,.T.);
#10934=ADVANCED_FACE('',(#9972),#188,.T.);
#10935=ADVANCED_FACE('',(#9973),#10325,.T.);
#10936=ADVANCED_FACE('',(#9974,#9975),#595,.F.);
#10937=ADVANCED_FACE('',(#9976,#9977,#9978,#9979),#596,.T.);
#10938=ADVANCED_FACE('',(#9980),#597,.F.);
#10939=ADVANCED_FACE('',(#9981),#598,.F.);
#10940=ADVANCED_FACE('',(#9982),#599,.F.);
#10941=ADVANCED_FACE('',(#9983),#10326,.T.);
#10942=ADVANCED_FACE('',(#9984),#10327,.T.);
#10943=ADVANCED_FACE('',(#9985),#600,.F.);
#10944=ADVANCED_FACE('',(#9986),#601,.T.);
#10945=ADVANCED_FACE('',(#9987),#602,.T.);
#10946=ADVANCED_FACE('',(#9988),#88,.T.);
#10947=ADVANCED_FACE('',(#9989),#10328,.T.);
#10948=ADVANCED_FACE('',(#9990),#189,.T.);
#10949=ADVANCED_FACE('',(#9991),#10329,.T.);
#10950=ADVANCED_FACE('',(#9992),#89,.T.);
#10951=ADVANCED_FACE('',(#9993),#190,.F.);
#10952=ADVANCED_FACE('',(#9994),#603,.T.);
#10953=ADVANCED_FACE('',(#9995),#10330,.F.);
#10954=ADVANCED_FACE('',(#9996),#10331,.T.);
#10955=ADVANCED_FACE('',(#9997),#191,.T.);
#10956=ADVANCED_FACE('',(#9998),#10332,.T.);
#10957=ADVANCED_FACE('',(#9999),#192,.T.);
#10958=ADVANCED_FACE('',(#10000),#604,.F.);
#10959=ADVANCED_FACE('',(#10001),#193,.T.);
#10960=ADVANCED_FACE('',(#10002),#10333,.T.);
#10961=ADVANCED_FACE('',(#10003),#10334,.F.);
#10962=ADVANCED_FACE('',(#10004),#39,.F.);
#10963=ADVANCED_FACE('',(#10005),#10335,.F.);
#10964=ADVANCED_FACE('',(#10006),#10336,.T.);
#10965=ADVANCED_FACE('',(#10007),#90,.T.);
#10966=ADVANCED_FACE('',(#10008),#10337,.T.);
#10967=ADVANCED_FACE('',(#10009),#194,.T.);
#10968=ADVANCED_FACE('',(#10010),#10338,.T.);
#10969=ADVANCED_FACE('',(#10011),#91,.T.);
#10970=ADVANCED_FACE('',(#10012),#10339,.T.);
#10971=ADVANCED_FACE('',(#10013),#10340,.F.);
#10972=ADVANCED_FACE('',(#10014),#40,.F.);
#10973=ADVANCED_FACE('',(#10015),#605,.F.);
#10974=ADVANCED_FACE('',(#10016),#10341,.F.);
#10975=ADVANCED_FACE('',(#10017),#10342,.F.);
#10976=ADVANCED_FACE('',(#10018),#10343,.T.);
#10977=ADVANCED_FACE('',(#10019),#195,.T.);
#10978=ADVANCED_FACE('',(#10020),#10344,.T.);
#10979=ADVANCED_FACE('',(#10021),#196,.T.);
#10980=ADVANCED_FACE('',(#10022),#606,.T.);
#10981=ADVANCED_FACE('',(#10023),#197,.F.);
#10982=ADVANCED_FACE('',(#10024),#10345,.F.);
#10983=ADVANCED_FACE('',(#10025),#10346,.F.);
#10984=ADVANCED_FACE('',(#10026),#607,.T.);
#10985=ADVANCED_FACE('',(#10027),#10347,.F.);
#10986=ADVANCED_FACE('',(#10028),#10348,.T.);
#10987=ADVANCED_FACE('',(#10029),#198,.T.);
#10988=ADVANCED_FACE('',(#10030),#10349,.T.);
#10989=ADVANCED_FACE('',(#10031),#199,.F.);
#10990=ADVANCED_FACE('',(#10032),#10350,.F.);
#10991=ADVANCED_FACE('',(#10033),#608,.T.);
#10992=ADVANCED_FACE('',(#10034),#10351,.F.);
#10993=ADVANCED_FACE('',(#10035),#609,.T.);
#10994=ADVANCED_FACE('',(#10036),#10352,.T.);
#10995=ADVANCED_FACE('',(#10037),#200,.T.);
#10996=ADVANCED_FACE('',(#10038),#10353,.T.);
#10997=ADVANCED_FACE('',(#10039),#610,.T.);
#10998=ADVANCED_FACE('',(#10040),#611,.T.);
#10999=ADVANCED_FACE('',(#10041),#612,.T.);
#11000=ADVANCED_FACE('',(#10042),#613,.T.);
#11001=ADVANCED_FACE('',(#10043),#614,.T.);
#11002=ADVANCED_FACE('',(#10044),#615,.T.);
#11003=ADVANCED_FACE('',(#10045),#616,.T.);
#11004=ADVANCED_FACE('',(#10046),#617,.F.);
#11005=ADVANCED_FACE('',(#10047),#618,.F.);
#11006=ADVANCED_FACE('',(#10048),#619,.T.);
#11007=ADVANCED_FACE('',(#10049),#10354,.T.);
#11008=ADVANCED_FACE('',(#10050),#41,.T.);
#11009=ADVANCED_FACE('',(#10051),#10355,.T.);
#11010=ADVANCED_FACE('',(#10052),#10356,.T.);
#11011=ADVANCED_FACE('',(#10053),#42,.T.);
#11012=ADVANCED_FACE('',(#10054),#620,.T.);
#11013=ADVANCED_FACE('',(#10055),#10357,.T.);
#11014=ADVANCED_FACE('',(#10056),#10358,.T.);
#11015=ADVANCED_FACE('',(#10057),#621,.F.);
#11016=ADVANCED_FACE('',(#10058),#622,.F.);
#11017=ADVANCED_FACE('',(#10059),#10359,.T.);
#11018=ADVANCED_FACE('',(#10060),#43,.T.);
#11019=ADVANCED_FACE('',(#10061),#10360,.T.);
#11020=ADVANCED_FACE('',(#10062),#10361,.T.);
#11021=ADVANCED_FACE('',(#10063),#44,.T.);
#11022=ADVANCED_FACE('',(#10064),#10362,.T.);
#11023=ADVANCED_FACE('',(#10065),#10363,.T.);
#11024=ADVANCED_FACE('',(#10066),#45,.T.);
#11025=ADVANCED_FACE('',(#10067),#10364,.T.);
#11026=ADVANCED_FACE('',(#10068),#10365,.T.);
#11027=ADVANCED_FACE('',(#10069),#201,.T.);
#11028=ADVANCED_FACE('',(#10070),#46,.T.);
#11029=ADVANCED_FACE('',(#10071),#10366,.T.);
#11030=ADVANCED_FACE('',(#10072),#10367,.T.);
#11031=ADVANCED_FACE('',(#10073),#47,.T.);
#11032=ADVANCED_FACE('',(#10074),#623,.T.);
#11033=ADVANCED_FACE('',(#10075),#624,.T.);
#11034=ADVANCED_FACE('',(#10076),#10368,.F.);
#11035=ADVANCED_FACE('',(#10077),#10369,.F.);
#11036=ADVANCED_FACE('',(#10078),#625,.T.);
#11037=ADVANCED_FACE('',(#10079),#10370,.F.);
#11038=ADVANCED_FACE('',(#10080),#10371,.F.);
#11039=ADVANCED_FACE('',(#10081),#626,.T.);
#11040=CLOSED_SHELL('',(#10372,#10373,#10374,#10375,#10376,#10377,#10378,
#10379,#10380,#10381,#10382,#10383,#10384,#10385,#10386,#10387,#10388,#10389,
#10390,#10391,#10392,#10393,#10394,#10395,#10396,#10397,#10398,#10399,#10400,
#10401,#10402,#10403,#10404,#10405,#10406,#10407,#10408,#10409,#10410,#10411,
#10412,#10413,#10414,#10415,#10416,#10417,#10418,#10419,#10420,#10421,#10422,
#10423,#10424,#10425,#10426,#10427,#10428,#10429,#10430,#10431,#10432,#10433,
#10434,#10435,#10436,#10437,#10438,#10439,#10440,#10441,#10442,#10443,#10444,
#10445,#10446,#10447,#10448,#10449,#10450,#10451,#10452,#10453,#10454,#10455,
#10456,#10457,#10458,#10459,#10460,#10461,#10462,#10463,#10464,#10465,#10466,
#10467,#10468,#10469,#10470,#10471,#10472,#10473,#10474,#10475,#10476,#10477,
#10478,#10479,#10480,#10481,#10482,#10483,#10484,#10485,#10486,#10487,#10488,
#10489,#10490,#10491,#10492,#10493,#10494,#10495,#10496,#10497,#10498,#10499,
#10500,#10501,#10502,#10503,#10504,#10505,#10506,#10507,#10508,#10509,#10510,
#10511,#10512,#10513,#10514,#10515,#10516,#10517,#10518,#10519,#10520,#10521,
#10522,#10523,#10524,#10525,#10526,#10527,#10528,#10529,#10530,#10531,#10532,
#10533,#10534,#10535,#10536,#10537,#10538,#10539,#10540,#10541,#10542,#10543,
#10544,#10545,#10546,#10547,#10548,#10549,#10550,#10551,#10552,#10553,#10554,
#10555,#10556,#10557,#10558,#10559,#10560,#10561,#10562,#10563,#10564,#10565,
#10566,#10567,#10568,#10569,#10570,#10571,#10572,#10573,#10574,#10575,#10576,
#10577,#10578,#10579,#10580,#10581,#10582,#10583,#10584,#10585,#10586,#10587,
#10588,#10589,#10590,#10591,#10592,#10593,#10594,#10595,#10596,#10597,#10598,
#10599,#10600,#10601,#10602,#10603,#10604,#10605,#10606,#10607,#10608,#10609,
#10610,#10611,#10612,#10613,#10614,#10615,#10616,#10617,#10618,#10619,#10620,
#10621,#10622,#10623,#10624,#10625,#10626,#10627,#10628,#10629,#10630,#10631,
#10632,#10633,#10634,#10635,#10636,#10637,#10638,#10639,#10640,#10641,#10642,
#10643,#10644,#10645,#10646,#10647,#10648,#10649,#10650,#10651,#10652,#10653,
#10654,#10655,#10656,#10657,#10658,#10659,#10660,#10661,#10662,#10663,#10664,
#10665,#10666,#10667,#10668,#10669,#10670,#10671,#10672,#10673,#10674,#10675,
#10676,#10677,#10678,#10679,#10680,#10681,#10682,#10683,#10684,#10685,#10686,
#10687,#10688,#10689,#10690,#10691,#10692,#10693,#10694,#10695,#10696,#10697,
#10698,#10699,#10700,#10701,#10702,#10703,#10704,#10705,#10706,#10707,#10708,
#10709,#10710,#10711,#10712,#10713,#10714,#10715,#10716,#10717,#10718,#10719,
#10720,#10721,#10722,#10723,#10724,#10725,#10726,#10727,#10728,#10729,#10730,
#10731,#10732,#10733,#10734,#10735,#10736,#10737,#10738,#10739,#10740,#10741,
#10742,#10743,#10744,#10745,#10746,#10747,#10748,#10749,#10750,#10751,#10752,
#10753,#10754,#10755,#10756,#10757,#10758,#10759,#10760,#10761,#10762,#10763,
#10764,#10765,#10766,#10767,#10768,#10769,#10770,#10771,#10772,#10773,#10774,
#10775,#10776,#10777,#10778,#10779,#10780,#10781,#10782,#10783,#10784,#10785,
#10786,#10787,#10788,#10789,#10790,#10791,#10792,#10793,#10794,#10795,#10796,
#10797,#10798,#10799,#10800,#10801,#10802,#10803,#10804,#10805,#10806,#10807,
#10808,#10809,#10810,#10811,#10812,#10813,#10814,#10815,#10816,#10817,#10818,
#10819,#10820,#10821,#10822,#10823,#10824,#10825,#10826,#10827,#10828,#10829,
#10830,#10831,#10832,#10833,#10834,#10835,#10836,#10837,#10838,#10839,#10840,
#10841,#10842,#10843,#10844,#10845,#10846,#10847,#10848,#10849,#10850,#10851,
#10852,#10853,#10854,#10855,#10856,#10857,#10858,#10859,#10860,#10861,#10862,
#10863,#10864,#10865,#10866,#10867,#10868,#10869,#10870,#10871,#10872,#10873,
#10874,#10875,#10876,#10877,#10878,#10879,#10880,#10881,#10882,#10883,#10884,
#10885,#10886,#10887,#10888,#10889,#10890,#10891,#10892,#10893,#10894,#10895,
#10896,#10897,#10898,#10899,#10900,#10901,#10902,#10903,#10904,#10905,#10906,
#10907,#10908,#10909,#10910,#10911,#10912,#10913,#10914,#10915,#10916,#10917,
#10918,#10919,#10920,#10921,#10922,#10923,#10924,#10925,#10926,#10927,#10928,
#10929,#10930,#10931,#10932,#10933,#10934,#10935,#10936,#10937,#10938,#10939,
#10940,#10941,#10942,#10943,#10944,#10945,#10946,#10947,#10948,#10949,#10950,
#10951,#10952,#10953,#10954,#10955,#10956,#10957,#10958,#10959,#10960,#10961,
#10962,#10963,#10964,#10965,#10966,#10967,#10968,#10969,#10970,#10971,#10972,
#10973,#10974,#10975,#10976,#10977,#10978,#10979,#10980,#10981,#10982,#10983,
#10984,#10985,#10986,#10987,#10988,#10989,#10990,#10991,#10992,#10993,#10994,
#10995,#10996,#10997,#10998,#10999,#11000,#11001,#11002,#11003,#11004,#11005,
#11006,#11007,#11008,#11009,#11010,#11011,#11012,#11013,#11014,#11015,#11016,
#11017,#11018,#11019,#11020,#11021,#11022,#11023,#11024,#11025,#11026,#11027,
#11028,#11029,#11030,#11031,#11032,#11033,#11034,#11035,#11036,#11037,#11038,
#11039));
#11041=STYLED_ITEM('',(#11042),#11049);
#11042=PRESENTATION_STYLE_ASSIGNMENT((#11043));
#11043=SURFACE_STYLE_USAGE(.BOTH.,#11044);
#11044=SURFACE_SIDE_STYLE('',(#11045));
#11045=SURFACE_STYLE_FILL_AREA(#11046);
#11046=FILL_AREA_STYLE('',(#11047));
#11047=FILL_AREA_STYLE_COLOUR('',#11048);
#11048=COLOUR_RGB('',0.796078431372549,0.823529411764706,0.937254901960784);
#11049=MANIFOLD_SOLID_BREP('Part 3',#11040);
#11050=SHAPE_DEFINITION_REPRESENTATION(#19909,#11051);
#11051=SHAPE_REPRESENTATION('Part 3',(#11052),#19904);
#11052=AXIS2_PLACEMENT_3D('',#15672,#12312,#12313);
#11053=AXIS2_PLACEMENT_3D('',#15673,#12314,#12315);
#11054=AXIS2_PLACEMENT_3D('',#15674,#12316,#12317);
#11055=AXIS2_PLACEMENT_3D('',#15679,#12319,#12320);
#11056=AXIS2_PLACEMENT_3D('',#15682,#12322,#12323);
#11057=AXIS2_PLACEMENT_3D('',#15683,#12324,#12325);
#11058=AXIS2_PLACEMENT_3D('',#15688,#12327,#12328);
#11059=AXIS2_PLACEMENT_3D('',#15691,#12330,#12331);
#11060=AXIS2_PLACEMENT_3D('',#15695,#12333,#12334);
#11061=AXIS2_PLACEMENT_3D('',#15699,#12336,#12337);
#11062=AXIS2_PLACEMENT_3D('',#15700,#12338,#12339);
#11063=AXIS2_PLACEMENT_3D('',#15701,#12340,#12341);
#11064=AXIS2_PLACEMENT_3D('',#15716,#12346,#12347);
#11065=AXIS2_PLACEMENT_3D('',#15739,#12349,#12350);
#11066=AXIS2_PLACEMENT_3D('',#15755,#12354,#12355);
#11067=AXIS2_PLACEMENT_3D('',#15767,#12357,#12358);
#11068=AXIS2_PLACEMENT_3D('',#15771,#12360,#12361);
#11069=AXIS2_PLACEMENT_3D('',#15772,#12362,#12363);
#11070=AXIS2_PLACEMENT_3D('',#15776,#12365,#12366);
#11071=AXIS2_PLACEMENT_3D('',#15782,#12369,#12370);
#11072=AXIS2_PLACEMENT_3D('',#15788,#12373,#12374);
#11073=AXIS2_PLACEMENT_3D('',#15789,#12375,#12376);
#11074=AXIS2_PLACEMENT_3D('',#15795,#12379,#12380);
#11075=AXIS2_PLACEMENT_3D('',#15799,#12382,#12383);
#11076=AXIS2_PLACEMENT_3D('',#15807,#12387,#12388);
#11077=AXIS2_PLACEMENT_3D('',#15810,#12390,#12391);
#11078=AXIS2_PLACEMENT_3D('',#15811,#12392,#12393);
#11079=AXIS2_PLACEMENT_3D('',#15820,#12397,#12398);
#11080=AXIS2_PLACEMENT_3D('',#15828,#12402,#12403);
#11081=AXIS2_PLACEMENT_3D('',#15831,#12405,#12406);
#11082=AXIS2_PLACEMENT_3D('',#15840,#12411,#12412);
#11083=AXIS2_PLACEMENT_3D('',#15844,#12414,#12415);
#11084=AXIS2_PLACEMENT_3D('',#15845,#12416,#12417);
#11085=AXIS2_PLACEMENT_3D('',#15846,#12418,#12419);
#11086=AXIS2_PLACEMENT_3D('',#15852,#12423,#12424);
#11087=AXIS2_PLACEMENT_3D('',#15853,#12425,#12426);
#11088=AXIS2_PLACEMENT_3D('',#15854,#12427,#12428);
#11089=AXIS2_PLACEMENT_3D('',#15855,#12429,#12430);
#11090=AXIS2_PLACEMENT_3D('',#15861,#12434,#12435);
#11091=AXIS2_PLACEMENT_3D('',#15867,#12439,#12440);
#11092=AXIS2_PLACEMENT_3D('',#15881,#12445,#12446);
#11093=AXIS2_PLACEMENT_3D('',#15893,#12447,#12448);
#11094=AXIS2_PLACEMENT_3D('',#15894,#12449,#12450);
#11095=AXIS2_PLACEMENT_3D('',#15908,#12455,#12456);
#11096=AXIS2_PLACEMENT_3D('',#15920,#12457,#12458);
#11097=AXIS2_PLACEMENT_3D('',#15921,#12459,#12460);
#11098=AXIS2_PLACEMENT_3D('',#15922,#12461,#12462);
#11099=AXIS2_PLACEMENT_3D('',#15928,#12463,#12464);
#11100=AXIS2_PLACEMENT_3D('',#15929,#12465,#12466);
#11101=AXIS2_PLACEMENT_3D('',#15939,#12467,#12468);
#11102=AXIS2_PLACEMENT_3D('',#15940,#12469,#12470);
#11103=AXIS2_PLACEMENT_3D('',#15941,#12471,#12472);
#11104=AXIS2_PLACEMENT_3D('',#15942,#12473,#12474);
#11105=AXIS2_PLACEMENT_3D('',#15943,#12475,#12476);
#11106=AXIS2_PLACEMENT_3D('',#15944,#12477,#12478);
#11107=AXIS2_PLACEMENT_3D('',#15945,#12479,#12480);
#11108=AXIS2_PLACEMENT_3D('',#15946,#12481,#12482);
#11109=AXIS2_PLACEMENT_3D('',#15947,#12483,#12484);
#11110=AXIS2_PLACEMENT_3D('',#15948,#12485,#12486);
#11111=AXIS2_PLACEMENT_3D('',#15949,#12487,#12488);
#11112=AXIS2_PLACEMENT_3D('',#15962,#12489,#12490);
#11113=AXIS2_PLACEMENT_3D('',#15963,#12491,#12492);
#11114=AXIS2_PLACEMENT_3D('',#15964,#12493,#12494);
#11115=AXIS2_PLACEMENT_3D('',#15965,#12495,#12496);
#11116=AXIS2_PLACEMENT_3D('',#15966,#12497,#12498);
#11117=AXIS2_PLACEMENT_3D('',#15967,#12499,#12500);
#11118=AXIS2_PLACEMENT_3D('',#15968,#12501,#12502);
#11119=AXIS2_PLACEMENT_3D('',#15969,#12503,#12504);
#11120=AXIS2_PLACEMENT_3D('',#15970,#12505,#12506);
#11121=AXIS2_PLACEMENT_3D('',#15990,#12507,#12508);
#11122=AXIS2_PLACEMENT_3D('',#15995,#12509,#12510);
#11123=AXIS2_PLACEMENT_3D('',#16000,#12511,#12512);
#11124=AXIS2_PLACEMENT_3D('',#16005,#12513,#12514);
#11125=AXIS2_PLACEMENT_3D('',#16022,#12515,#12516);
#11126=AXIS2_PLACEMENT_3D('',#16023,#12517,#12518);
#11127=AXIS2_PLACEMENT_3D('',#16024,#12519,#12520);
#11128=AXIS2_PLACEMENT_3D('',#16025,#12521,#12522);
#11129=AXIS2_PLACEMENT_3D('',#16026,#12523,#12524);
#11130=AXIS2_PLACEMENT_3D('',#16027,#12525,#12526);
#11131=AXIS2_PLACEMENT_3D('',#16028,#12527,#12528);
#11132=AXIS2_PLACEMENT_3D('',#16029,#12529,#12530);
#11133=AXIS2_PLACEMENT_3D('',#16030,#12531,#12532);
#11134=AXIS2_PLACEMENT_3D('',#16031,#12533,#12534);
#11135=AXIS2_PLACEMENT_3D('',#16032,#12535,#12536);
#11136=AXIS2_PLACEMENT_3D('',#16033,#12537,#12538);
#11137=AXIS2_PLACEMENT_3D('',#16034,#12539,#12540);
#11138=AXIS2_PLACEMENT_3D('',#16035,#12541,#12542);
#11139=AXIS2_PLACEMENT_3D('',#16048,#12543,#12544);
#11140=AXIS2_PLACEMENT_3D('',#16049,#12545,#12546);
#11141=AXIS2_PLACEMENT_3D('',#16050,#12547,#12548);
#11142=AXIS2_PLACEMENT_3D('',#16051,#12549,#12550);
#11143=AXIS2_PLACEMENT_3D('',#16052,#12551,#12552);
#11144=AXIS2_PLACEMENT_3D('',#16053,#12553,#12554);
#11145=AXIS2_PLACEMENT_3D('',#16054,#12555,#12556);
#11146=AXIS2_PLACEMENT_3D('',#16055,#12557,#12558);
#11147=AXIS2_PLACEMENT_3D('',#16056,#12559,#12560);
#11148=AXIS2_PLACEMENT_3D('',#16076,#12561,#12562);
#11149=AXIS2_PLACEMENT_3D('',#16081,#12563,#12564);
#11150=AXIS2_PLACEMENT_3D('',#16086,#12565,#12566);
#11151=AXIS2_PLACEMENT_3D('',#16091,#12567,#12568);
#11152=AXIS2_PLACEMENT_3D('',#16096,#12569,#12570);
#11153=AXIS2_PLACEMENT_3D('',#16101,#12571,#12572);
#11154=AXIS2_PLACEMENT_3D('',#16102,#12573,#12574);
#11155=AXIS2_PLACEMENT_3D('',#16103,#12575,#12576);
#11156=AXIS2_PLACEMENT_3D('',#16104,#12577,#12578);
#11157=AXIS2_PLACEMENT_3D('',#16105,#12579,#12580);
#11158=AXIS2_PLACEMENT_3D('',#16106,#12581,#12582);
#11159=AXIS2_PLACEMENT_3D('',#16107,#12583,#12584);
#11160=AXIS2_PLACEMENT_3D('',#16108,#12585,#12586);
#11161=AXIS2_PLACEMENT_3D('',#16109,#12587,#12588);
#11162=AXIS2_PLACEMENT_3D('',#16110,#12589,#12590);
#11163=AXIS2_PLACEMENT_3D('',#16111,#12591,#12592);
#11164=AXIS2_PLACEMENT_3D('',#16112,#12593,#12594);
#11165=AXIS2_PLACEMENT_3D('',#16122,#12599,#12600);
#11166=AXIS2_PLACEMENT_3D('',#16123,#12601,#12602);
#11167=AXIS2_PLACEMENT_3D('',#16136,#12608,#12609);
#11168=AXIS2_PLACEMENT_3D('',#16140,#12611,#12612);
#11169=AXIS2_PLACEMENT_3D('',#16144,#12614,#12615);
#11170=AXIS2_PLACEMENT_3D('',#16148,#12617,#12618);
#11171=AXIS2_PLACEMENT_3D('',#16152,#12620,#12621);
#11172=AXIS2_PLACEMENT_3D('',#16160,#12625,#12626);
#11173=AXIS2_PLACEMENT_3D('',#16167,#12630,#12631);
#11174=AXIS2_PLACEMENT_3D('',#16177,#12636,#12637);
#11175=AXIS2_PLACEMENT_3D('',#16178,#12638,#12639);
#11176=AXIS2_PLACEMENT_3D('',#16186,#12643,#12644);
#11177=AXIS2_PLACEMENT_3D('',#16204,#12654,#12655);
#11178=AXIS2_PLACEMENT_3D('',#16222,#12665,#12666);
#11179=AXIS2_PLACEMENT_3D('',#16226,#12668,#12669);
#11180=AXIS2_PLACEMENT_3D('',#16230,#12671,#12672);
#11181=AXIS2_PLACEMENT_3D('',#16231,#12673,#12674);
#11182=AXIS2_PLACEMENT_3D('',#16235,#12676,#12677);
#11183=AXIS2_PLACEMENT_3D('',#16239,#12679,#12680);
#11184=AXIS2_PLACEMENT_3D('',#16240,#12681,#12682);
#11185=AXIS2_PLACEMENT_3D('',#16244,#12685,#12686);
#11186=AXIS2_PLACEMENT_3D('',#16248,#12688,#12689);
#11187=AXIS2_PLACEMENT_3D('',#16260,#12695,#12696);
#11188=AXIS2_PLACEMENT_3D('',#16264,#12698,#12699);
#11189=AXIS2_PLACEMENT_3D('',#16276,#12705,#12706);
#11190=AXIS2_PLACEMENT_3D('',#16280,#12708,#12709);
#11191=AXIS2_PLACEMENT_3D('',#16289,#12714,#12715);
#11192=AXIS2_PLACEMENT_3D('',#16293,#12717,#12718);
#11193=AXIS2_PLACEMENT_3D('',#16296,#12720,#12721);
#11194=AXIS2_PLACEMENT_3D('',#16299,#12723,#12724);
#11195=AXIS2_PLACEMENT_3D('',#16303,#12726,#12727);
#11196=AXIS2_PLACEMENT_3D('',#16315,#12733,#12734);
#11197=AXIS2_PLACEMENT_3D('',#16319,#12736,#12737);
#11198=AXIS2_PLACEMENT_3D('',#16331,#12743,#12744);
#11199=AXIS2_PLACEMENT_3D('',#16335,#12746,#12747);
#11200=AXIS2_PLACEMENT_3D('',#16344,#12752,#12753);
#11201=AXIS2_PLACEMENT_3D('',#16348,#12755,#12756);
#11202=AXIS2_PLACEMENT_3D('',#16352,#12759,#12760);
#11203=AXIS2_PLACEMENT_3D('',#16353,#12761,#12762);
#11204=AXIS2_PLACEMENT_3D('',#16361,#12767,#12768);
#11205=AXIS2_PLACEMENT_3D('',#16362,#12769,#12770);
#11206=AXIS2_PLACEMENT_3D('',#16365,#12773,#12774);
#11207=AXIS2_PLACEMENT_3D('',#16366,#12775,#12776);
#11208=AXIS2_PLACEMENT_3D('',#16383,#12778,#12779);
#11209=AXIS2_PLACEMENT_3D('',#16385,#12780,#12781);
#11210=AXIS2_PLACEMENT_3D('',#16387,#12782,#12783);
#11211=AXIS2_PLACEMENT_3D('',#16388,#12784,#12785);
#11212=AXIS2_PLACEMENT_3D('',#16389,#12786,#12787);
#11213=AXIS2_PLACEMENT_3D('',#16392,#12789,#12790);
#11214=AXIS2_PLACEMENT_3D('',#16393,#12791,#12792);
#11215=AXIS2_PLACEMENT_3D('',#16395,#12793,#12794);
#11216=AXIS2_PLACEMENT_3D('',#16396,#12795,#12796);
#11217=AXIS2_PLACEMENT_3D('',#16397,#12797,#12798);
#11218=AXIS2_PLACEMENT_3D('',#16415,#12800,#12801);
#11219=AXIS2_PLACEMENT_3D('',#16417,#12802,#12803);
#11220=AXIS2_PLACEMENT_3D('',#16418,#12804,#12805);
#11221=AXIS2_PLACEMENT_3D('',#16434,#12806,#12807);
#11222=AXIS2_PLACEMENT_3D('',#16447,#12812,#12813);
#11223=AXIS2_PLACEMENT_3D('',#16448,#12814,#12815);
#11224=AXIS2_PLACEMENT_3D('',#16452,#12817,#12818);
#11225=AXIS2_PLACEMENT_3D('',#16453,#12819,#12820);
#11226=AXIS2_PLACEMENT_3D('',#16454,#12821,#12822);
#11227=AXIS2_PLACEMENT_3D('',#16457,#12824,#12825);
#11228=AXIS2_PLACEMENT_3D('',#16458,#12826,#12827);
#11229=AXIS2_PLACEMENT_3D('',#16459,#12828,#12829);
#11230=AXIS2_PLACEMENT_3D('',#16461,#12830,#12831);
#11231=AXIS2_PLACEMENT_3D('',#16462,#12832,#12833);
#11232=AXIS2_PLACEMENT_3D('',#16463,#12834,#12835);
#11233=AXIS2_PLACEMENT_3D('',#16466,#12837,#12838);
#11234=AXIS2_PLACEMENT_3D('',#16467,#12839,#12840);
#11235=AXIS2_PLACEMENT_3D('',#16469,#12841,#12842);
#11236=AXIS2_PLACEMENT_3D('',#16470,#12843,#12844);
#11237=AXIS2_PLACEMENT_3D('',#16478,#12849,#12850);
#11238=AXIS2_PLACEMENT_3D('',#16479,#12851,#12852);
#11239=AXIS2_PLACEMENT_3D('',#16480,#12853,#12854);
#11240=AXIS2_PLACEMENT_3D('',#16482,#12855,#12856);
#11241=AXIS2_PLACEMENT_3D('',#16483,#12857,#12858);
#11242=AXIS2_PLACEMENT_3D('',#16484,#12859,#12860);
#11243=AXIS2_PLACEMENT_3D('',#16487,#12862,#12863);
#11244=AXIS2_PLACEMENT_3D('',#16488,#12864,#12865);
#11245=AXIS2_PLACEMENT_3D('',#16489,#12866,#12867);
#11246=AXIS2_PLACEMENT_3D('',#16491,#12868,#12869);
#11247=AXIS2_PLACEMENT_3D('',#16492,#12870,#12871);
#11248=AXIS2_PLACEMENT_3D('',#16495,#12874,#12875);
#11249=AXIS2_PLACEMENT_3D('',#16496,#12876,#12877);
#11250=AXIS2_PLACEMENT_3D('',#16514,#12879,#12880);
#11251=AXIS2_PLACEMENT_3D('',#16516,#12881,#12882);
#11252=AXIS2_PLACEMENT_3D('',#16517,#12883,#12884);
#11253=AXIS2_PLACEMENT_3D('',#16518,#12885,#12886);
#11254=AXIS2_PLACEMENT_3D('',#16521,#12888,#12889);
#11255=AXIS2_PLACEMENT_3D('',#16522,#12890,#12891);
#11256=AXIS2_PLACEMENT_3D('',#16524,#12892,#12893);
#11257=AXIS2_PLACEMENT_3D('',#16525,#12894,#12895);
#11258=AXIS2_PLACEMENT_3D('',#16526,#12896,#12897);
#11259=AXIS2_PLACEMENT_3D('',#16544,#12899,#12900);
#11260=AXIS2_PLACEMENT_3D('',#16546,#12901,#12902);
#11261=AXIS2_PLACEMENT_3D('',#16547,#12903,#12904);
#11262=AXIS2_PLACEMENT_3D('',#16549,#12906,#12907);
#11263=AXIS2_PLACEMENT_3D('',#16554,#12910,#12911);
#11264=AXIS2_PLACEMENT_3D('',#16555,#12912,#12913);
#11265=AXIS2_PLACEMENT_3D('',#16556,#12914,#12915);
#11266=AXIS2_PLACEMENT_3D('',#16557,#12916,#12917);
#11267=AXIS2_PLACEMENT_3D('',#16558,#12918,#12919);
#11268=AXIS2_PLACEMENT_3D('',#16560,#12921,#12922);
#11269=AXIS2_PLACEMENT_3D('',#16561,#12923,#12924);
#11270=AXIS2_PLACEMENT_3D('',#16563,#12926,#12927);
#11271=AXIS2_PLACEMENT_3D('',#16564,#12928,#12929);
#11272=AXIS2_PLACEMENT_3D('',#16567,#12931,#12932);
#11273=AXIS2_PLACEMENT_3D('',#16568,#12933,#12934);
#11274=AXIS2_PLACEMENT_3D('',#16569,#12935,#12936);
#11275=AXIS2_PLACEMENT_3D('',#16570,#12937,#12938);
#11276=AXIS2_PLACEMENT_3D('',#16571,#12939,#12940);
#11277=AXIS2_PLACEMENT_3D('',#16572,#12941,#12942);
#11278=AXIS2_PLACEMENT_3D('',#16573,#12943,#12944);
#11279=AXIS2_PLACEMENT_3D('',#16582,#12947,#12948);
#11280=AXIS2_PLACEMENT_3D('',#16597,#12949,#12950);
#11281=AXIS2_PLACEMENT_3D('',#16607,#12951,#12952);
#11282=AXIS2_PLACEMENT_3D('',#16609,#12954,#12955);
#11283=AXIS2_PLACEMENT_3D('',#16611,#12957,#12958);
#11284=AXIS2_PLACEMENT_3D('',#16613,#12960,#12961);
#11285=AXIS2_PLACEMENT_3D('',#16614,#12962,#12963);
#11286=AXIS2_PLACEMENT_3D('',#16617,#12965,#12966);
#11287=AXIS2_PLACEMENT_3D('',#16618,#12967,#12968);
#11288=AXIS2_PLACEMENT_3D('',#16620,#12969,#12970);
#11289=AXIS2_PLACEMENT_3D('',#16621,#12971,#12972);
#11290=AXIS2_PLACEMENT_3D('',#16628,#12974,#12975);
#11291=AXIS2_PLACEMENT_3D('',#16633,#12976,#12977);
#11292=AXIS2_PLACEMENT_3D('',#16635,#12979,#12980);
#11293=AXIS2_PLACEMENT_3D('',#16637,#12982,#12983);
#11294=AXIS2_PLACEMENT_3D('',#16639,#12985,#12986);
#11295=AXIS2_PLACEMENT_3D('',#16640,#12987,#12988);
#11296=AXIS2_PLACEMENT_3D('',#16641,#12989,#12990);
#11297=AXIS2_PLACEMENT_3D('',#16642,#12991,#12992);
#11298=AXIS2_PLACEMENT_3D('',#16643,#12993,#12994);
#11299=AXIS2_PLACEMENT_3D('',#16644,#12995,#12996);
#11300=AXIS2_PLACEMENT_3D('',#16645,#12997,#12998);
#11301=AXIS2_PLACEMENT_3D('',#16646,#12999,#13000);
#11302=AXIS2_PLACEMENT_3D('',#16647,#13001,#13002);
#11303=AXIS2_PLACEMENT_3D('',#16648,#13003,#13004);
#11304=AXIS2_PLACEMENT_3D('',#16653,#13007,#13008);
#11305=AXIS2_PLACEMENT_3D('',#16658,#13011,#13012);
#11306=AXIS2_PLACEMENT_3D('',#16661,#13014,#13015);
#11307=AXIS2_PLACEMENT_3D('',#16668,#13020,#13021);
#11308=AXIS2_PLACEMENT_3D('',#16673,#13025,#13026);
#11309=AXIS2_PLACEMENT_3D('',#16677,#13029,#13030);
#11310=AXIS2_PLACEMENT_3D('',#16682,#13033,#13034);
#11311=AXIS2_PLACEMENT_3D('',#16685,#13036,#13037);
#11312=AXIS2_PLACEMENT_3D('',#16688,#13039,#13040);
#11313=AXIS2_PLACEMENT_3D('',#16691,#13042,#13043);
#11314=AXIS2_PLACEMENT_3D('',#16693,#13045,#13046);
#11315=AXIS2_PLACEMENT_3D('',#16695,#13048,#13049);
#11316=AXIS2_PLACEMENT_3D('',#16701,#13053,#13054);
#11317=AXIS2_PLACEMENT_3D('',#16704,#13056,#13057);
#11318=AXIS2_PLACEMENT_3D('',#16705,#13058,#13059);
#11319=AXIS2_PLACEMENT_3D('',#16706,#13060,#13061);
#11320=AXIS2_PLACEMENT_3D('',#16708,#13062,#13063);
#11321=AXIS2_PLACEMENT_3D('',#16709,#13064,#13065);
#11322=AXIS2_PLACEMENT_3D('',#16712,#13068,#13069);
#11323=AXIS2_PLACEMENT_3D('',#16715,#13071,#13072);
#11324=AXIS2_PLACEMENT_3D('',#16718,#13074,#13075);
#11325=AXIS2_PLACEMENT_3D('',#16719,#13076,#13077);
#11326=AXIS2_PLACEMENT_3D('',#16720,#13078,#13079);
#11327=AXIS2_PLACEMENT_3D('',#16721,#13080,#13081);
#11328=AXIS2_PLACEMENT_3D('',#16723,#13083,#13084);
#11329=AXIS2_PLACEMENT_3D('',#16724,#13085,#13086);
#11330=AXIS2_PLACEMENT_3D('',#16726,#13088,#13089);
#11331=AXIS2_PLACEMENT_3D('',#16727,#13090,#13091);
#11332=AXIS2_PLACEMENT_3D('',#16728,#13092,#13093);
#11333=AXIS2_PLACEMENT_3D('',#16729,#13094,#13095);
#11334=AXIS2_PLACEMENT_3D('',#16730,#13096,#13097);
#11335=AXIS2_PLACEMENT_3D('',#16731,#13098,#13099);
#11336=AXIS2_PLACEMENT_3D('',#16732,#13100,#13101);
#11337=AXIS2_PLACEMENT_3D('',#16733,#13102,#13103);
#11338=AXIS2_PLACEMENT_3D('',#16734,#13104,#13105);
#11339=AXIS2_PLACEMENT_3D('',#16735,#13106,#13107);
#11340=AXIS2_PLACEMENT_3D('',#16736,#13108,#13109);
#11341=AXIS2_PLACEMENT_3D('',#16737,#13110,#13111);
#11342=AXIS2_PLACEMENT_3D('',#16738,#13112,#13113);
#11343=AXIS2_PLACEMENT_3D('',#16739,#13114,#13115);
#11344=AXIS2_PLACEMENT_3D('',#16740,#13116,#13117);
#11345=AXIS2_PLACEMENT_3D('',#16741,#13118,#13119);
#11346=AXIS2_PLACEMENT_3D('',#16742,#13120,#13121);
#11347=AXIS2_PLACEMENT_3D('',#16743,#13122,#13123);
#11348=AXIS2_PLACEMENT_3D('',#16744,#13124,#13125);
#11349=AXIS2_PLACEMENT_3D('',#16745,#13126,#13127);
#11350=AXIS2_PLACEMENT_3D('',#16746,#13128,#13129);
#11351=AXIS2_PLACEMENT_3D('',#16747,#13130,#13131);
#11352=AXIS2_PLACEMENT_3D('',#16748,#13132,#13133);
#11353=AXIS2_PLACEMENT_3D('',#16749,#13134,#13135);
#11354=AXIS2_PLACEMENT_3D('',#16750,#13136,#13137);
#11355=AXIS2_PLACEMENT_3D('',#16751,#13138,#13139);
#11356=AXIS2_PLACEMENT_3D('',#16752,#13140,#13141);
#11357=AXIS2_PLACEMENT_3D('',#16753,#13142,#13143);
#11358=AXIS2_PLACEMENT_3D('',#16754,#13144,#13145);
#11359=AXIS2_PLACEMENT_3D('',#16755,#13146,#13147);
#11360=AXIS2_PLACEMENT_3D('',#16756,#13148,#13149);
#11361=AXIS2_PLACEMENT_3D('',#16757,#13150,#13151);
#11362=AXIS2_PLACEMENT_3D('',#16758,#13152,#13153);
#11363=AXIS2_PLACEMENT_3D('',#16761,#13155,#13156);
#11364=AXIS2_PLACEMENT_3D('',#16765,#13158,#13159);
#11365=AXIS2_PLACEMENT_3D('',#16773,#13163,#13164);
#11366=AXIS2_PLACEMENT_3D('',#16777,#13166,#13167);
#11367=AXIS2_PLACEMENT_3D('',#16780,#13169,#13170);
#11368=AXIS2_PLACEMENT_3D('',#16783,#13172,#13173);
#11369=AXIS2_PLACEMENT_3D('',#16787,#13175,#13176);
#11370=AXIS2_PLACEMENT_3D('',#16795,#13180,#13181);
#11371=AXIS2_PLACEMENT_3D('',#16799,#13183,#13184);
#11372=AXIS2_PLACEMENT_3D('',#16802,#13186,#13187);
#11373=AXIS2_PLACEMENT_3D('',#16804,#13189,#13190);
#11374=AXIS2_PLACEMENT_3D('',#16806,#13192,#13193);
#11375=AXIS2_PLACEMENT_3D('',#16808,#13195,#13196);
#11376=AXIS2_PLACEMENT_3D('',#16810,#13198,#13199);
#11377=AXIS2_PLACEMENT_3D('',#16811,#13200,#13201);
#11378=AXIS2_PLACEMENT_3D('',#16815,#13204,#13205);
#11379=AXIS2_PLACEMENT_3D('',#16818,#13207,#13208);
#11380=AXIS2_PLACEMENT_3D('',#16820,#13210,#13211);
#11381=AXIS2_PLACEMENT_3D('',#16822,#13213,#13214);
#11382=AXIS2_PLACEMENT_3D('',#16824,#13216,#13217);
#11383=AXIS2_PLACEMENT_3D('',#16826,#13219,#13220);
#11384=AXIS2_PLACEMENT_3D('',#16827,#13221,#13222);
#11385=AXIS2_PLACEMENT_3D('',#16829,#13224,#13225);
#11386=AXIS2_PLACEMENT_3D('',#16830,#13226,#13227);
#11387=AXIS2_PLACEMENT_3D('',#16833,#13229,#13230);
#11388=AXIS2_PLACEMENT_3D('',#16834,#13231,#13232);
#11389=AXIS2_PLACEMENT_3D('',#16842,#13236,#13237);
#11390=AXIS2_PLACEMENT_3D('',#16846,#13239,#13240);
#11391=AXIS2_PLACEMENT_3D('',#16854,#13244,#13245);
#11392=AXIS2_PLACEMENT_3D('',#16858,#13247,#13248);
#11393=AXIS2_PLACEMENT_3D('',#16859,#13249,#13250);
#11394=AXIS2_PLACEMENT_3D('',#16860,#13251,#13252);
#11395=AXIS2_PLACEMENT_3D('',#16867,#13256,#13257);
#11396=AXIS2_PLACEMENT_3D('',#16870,#13259,#13260);
#11397=AXIS2_PLACEMENT_3D('',#16875,#13263,#13264);
#11398=AXIS2_PLACEMENT_3D('',#16876,#13265,#13266);
#11399=AXIS2_PLACEMENT_3D('',#16883,#13270,#13271);
#11400=AXIS2_PLACEMENT_3D('',#16886,#13273,#13274);
#11401=AXIS2_PLACEMENT_3D('',#16891,#13277,#13278);
#11402=AXIS2_PLACEMENT_3D('',#16892,#13279,#13280);
#11403=AXIS2_PLACEMENT_3D('',#16895,#13282,#13283);
#11404=AXIS2_PLACEMENT_3D('',#16896,#13284,#13285);
#11405=AXIS2_PLACEMENT_3D('',#16899,#13287,#13288);
#11406=AXIS2_PLACEMENT_3D('',#16903,#13291,#13292);
#11407=AXIS2_PLACEMENT_3D('',#16904,#13293,#13294);
#11408=AXIS2_PLACEMENT_3D('',#16905,#13295,#13296);
#11409=AXIS2_PLACEMENT_3D('',#16906,#13297,#13298);
#11410=AXIS2_PLACEMENT_3D('',#16909,#13300,#13301);
#11411=AXIS2_PLACEMENT_3D('',#16911,#13303,#13304);
#11412=AXIS2_PLACEMENT_3D('',#16920,#13309,#13310);
#11413=AXIS2_PLACEMENT_3D('',#16924,#13312,#13313);
#11414=AXIS2_PLACEMENT_3D('',#16941,#13322,#13323);
#11415=AXIS2_PLACEMENT_3D('',#16945,#13325,#13326);
#11416=AXIS2_PLACEMENT_3D('',#16954,#13331,#13332);
#11417=AXIS2_PLACEMENT_3D('',#16957,#13334,#13335);
#11418=AXIS2_PLACEMENT_3D('',#16958,#13336,#13337);
#11419=AXIS2_PLACEMENT_3D('',#16962,#13339,#13340);
#11420=AXIS2_PLACEMENT_3D('',#16966,#13342,#13343);
#11421=AXIS2_PLACEMENT_3D('',#16967,#13344,#13345);
#11422=AXIS2_PLACEMENT_3D('',#16968,#13346,#13347);
#11423=AXIS2_PLACEMENT_3D('',#16983,#13352,#13353);
#11424=AXIS2_PLACEMENT_3D('',#17006,#13355,#13356);
#11425=AXIS2_PLACEMENT_3D('',#17022,#13360,#13361);
#11426=AXIS2_PLACEMENT_3D('',#17034,#13363,#13364);
#11427=AXIS2_PLACEMENT_3D('',#17038,#13366,#13367);
#11428=AXIS2_PLACEMENT_3D('',#17044,#13370,#13371);
#11429=AXIS2_PLACEMENT_3D('',#17050,#13374,#13375);
#11430=AXIS2_PLACEMENT_3D('',#17054,#13377,#13378);
#11431=AXIS2_PLACEMENT_3D('',#17055,#13379,#13380);
#11432=AXIS2_PLACEMENT_3D('',#17056,#13381,#13382);
#11433=AXIS2_PLACEMENT_3D('',#17062,#13385,#13386);
#11434=AXIS2_PLACEMENT_3D('',#17070,#13390,#13391);
#11435=AXIS2_PLACEMENT_3D('',#17074,#13393,#13394);
#11436=AXIS2_PLACEMENT_3D('',#17077,#13396,#13397);
#11437=AXIS2_PLACEMENT_3D('',#17078,#13398,#13399);
#11438=AXIS2_PLACEMENT_3D('',#17083,#13401,#13402);
#11439=AXIS2_PLACEMENT_3D('',#17091,#13406,#13407);
#11440=AXIS2_PLACEMENT_3D('',#17098,#13411,#13412);
#11441=AXIS2_PLACEMENT_3D('',#17107,#13417,#13418);
#11442=AXIS2_PLACEMENT_3D('',#17111,#13420,#13421);
#11443=AXIS2_PLACEMENT_3D('',#17112,#13422,#13423);
#11444=AXIS2_PLACEMENT_3D('',#17113,#13424,#13425);
#11445=AXIS2_PLACEMENT_3D('',#17119,#13429,#13430);
#11446=AXIS2_PLACEMENT_3D('',#17120,#13431,#13432);
#11447=AXIS2_PLACEMENT_3D('',#17121,#13433,#13434);
#11448=AXIS2_PLACEMENT_3D('',#17122,#13435,#13436);
#11449=AXIS2_PLACEMENT_3D('',#17128,#13440,#13441);
#11450=AXIS2_PLACEMENT_3D('',#17134,#13445,#13446);
#11451=AXIS2_PLACEMENT_3D('',#17144,#13451,#13452);
#11452=AXIS2_PLACEMENT_3D('',#17145,#13453,#13454);
#11453=AXIS2_PLACEMENT_3D('',#17153,#13455,#13456);
#11454=AXIS2_PLACEMENT_3D('',#17158,#13457,#13458);
#11455=AXIS2_PLACEMENT_3D('',#17172,#13463,#13464);
#11456=AXIS2_PLACEMENT_3D('',#17173,#13465,#13466);
#11457=AXIS2_PLACEMENT_3D('',#17185,#13467,#13468);
#11458=AXIS2_PLACEMENT_3D('',#17186,#13469,#13470);
#11459=AXIS2_PLACEMENT_3D('',#17192,#13471,#13472);
#11460=AXIS2_PLACEMENT_3D('',#17193,#13473,#13474);
#11461=AXIS2_PLACEMENT_3D('',#17199,#13475,#13476);
#11462=AXIS2_PLACEMENT_3D('',#17204,#13477,#13478);
#11463=AXIS2_PLACEMENT_3D('',#17205,#13479,#13480);
#11464=AXIS2_PLACEMENT_3D('',#17206,#13481,#13482);
#11465=AXIS2_PLACEMENT_3D('',#17207,#13483,#13484);
#11466=AXIS2_PLACEMENT_3D('',#17208,#13485,#13486);
#11467=AXIS2_PLACEMENT_3D('',#17209,#13487,#13488);
#11468=AXIS2_PLACEMENT_3D('',#17210,#13489,#13490);
#11469=AXIS2_PLACEMENT_3D('',#17211,#13491,#13492);
#11470=AXIS2_PLACEMENT_3D('',#17212,#13493,#13494);
#11471=AXIS2_PLACEMENT_3D('',#17213,#13495,#13496);
#11472=AXIS2_PLACEMENT_3D('',#17226,#13497,#13498);
#11473=AXIS2_PLACEMENT_3D('',#17227,#13499,#13500);
#11474=AXIS2_PLACEMENT_3D('',#17228,#13501,#13502);
#11475=AXIS2_PLACEMENT_3D('',#17229,#13503,#13504);
#11476=AXIS2_PLACEMENT_3D('',#17230,#13505,#13506);
#11477=AXIS2_PLACEMENT_3D('',#17231,#13507,#13508);
#11478=AXIS2_PLACEMENT_3D('',#17232,#13509,#13510);
#11479=AXIS2_PLACEMENT_3D('',#17233,#13511,#13512);
#11480=AXIS2_PLACEMENT_3D('',#17234,#13513,#13514);
#11481=AXIS2_PLACEMENT_3D('',#17254,#13515,#13516);
#11482=AXIS2_PLACEMENT_3D('',#17259,#13517,#13518);
#11483=AXIS2_PLACEMENT_3D('',#17264,#13519,#13520);
#11484=AXIS2_PLACEMENT_3D('',#17269,#13521,#13522);
#11485=AXIS2_PLACEMENT_3D('',#17286,#13523,#13524);
#11486=AXIS2_PLACEMENT_3D('',#17287,#13525,#13526);
#11487=AXIS2_PLACEMENT_3D('',#17288,#13527,#13528);
#11488=AXIS2_PLACEMENT_3D('',#17289,#13529,#13530);
#11489=AXIS2_PLACEMENT_3D('',#17290,#13531,#13532);
#11490=AXIS2_PLACEMENT_3D('',#17291,#13533,#13534);
#11491=AXIS2_PLACEMENT_3D('',#17292,#13535,#13536);
#11492=AXIS2_PLACEMENT_3D('',#17293,#13537,#13538);
#11493=AXIS2_PLACEMENT_3D('',#17294,#13539,#13540);
#11494=AXIS2_PLACEMENT_3D('',#17295,#13541,#13542);
#11495=AXIS2_PLACEMENT_3D('',#17296,#13543,#13544);
#11496=AXIS2_PLACEMENT_3D('',#17297,#13545,#13546);
#11497=AXIS2_PLACEMENT_3D('',#17298,#13547,#13548);
#11498=AXIS2_PLACEMENT_3D('',#17299,#13549,#13550);
#11499=AXIS2_PLACEMENT_3D('',#17312,#13551,#13552);
#11500=AXIS2_PLACEMENT_3D('',#17313,#13553,#13554);
#11501=AXIS2_PLACEMENT_3D('',#17314,#13555,#13556);
#11502=AXIS2_PLACEMENT_3D('',#17315,#13557,#13558);
#11503=AXIS2_PLACEMENT_3D('',#17316,#13559,#13560);
#11504=AXIS2_PLACEMENT_3D('',#17317,#13561,#13562);
#11505=AXIS2_PLACEMENT_3D('',#17318,#13563,#13564);
#11506=AXIS2_PLACEMENT_3D('',#17319,#13565,#13566);
#11507=AXIS2_PLACEMENT_3D('',#17320,#13567,#13568);
#11508=AXIS2_PLACEMENT_3D('',#17340,#13569,#13570);
#11509=AXIS2_PLACEMENT_3D('',#17345,#13571,#13572);
#11510=AXIS2_PLACEMENT_3D('',#17350,#13573,#13574);
#11511=AXIS2_PLACEMENT_3D('',#17355,#13575,#13576);
#11512=AXIS2_PLACEMENT_3D('',#17360,#13577,#13578);
#11513=AXIS2_PLACEMENT_3D('',#17365,#13579,#13580);
#11514=AXIS2_PLACEMENT_3D('',#17366,#13581,#13582);
#11515=AXIS2_PLACEMENT_3D('',#17367,#13583,#13584);
#11516=AXIS2_PLACEMENT_3D('',#17368,#13585,#13586);
#11517=AXIS2_PLACEMENT_3D('',#17369,#13587,#13588);
#11518=AXIS2_PLACEMENT_3D('',#17370,#13589,#13590);
#11519=AXIS2_PLACEMENT_3D('',#17371,#13591,#13592);
#11520=AXIS2_PLACEMENT_3D('',#17372,#13593,#13594);
#11521=AXIS2_PLACEMENT_3D('',#17373,#13595,#13596);
#11522=AXIS2_PLACEMENT_3D('',#17374,#13597,#13598);
#11523=AXIS2_PLACEMENT_3D('',#17375,#13599,#13600);
#11524=AXIS2_PLACEMENT_3D('',#17376,#13601,#13602);
#11525=AXIS2_PLACEMENT_3D('',#17386,#13607,#13608);
#11526=AXIS2_PLACEMENT_3D('',#17387,#13609,#13610);
#11527=AXIS2_PLACEMENT_3D('',#17400,#13616,#13617);
#11528=AXIS2_PLACEMENT_3D('',#17404,#13619,#13620);
#11529=AXIS2_PLACEMENT_3D('',#17408,#13622,#13623);
#11530=AXIS2_PLACEMENT_3D('',#17412,#13625,#13626);
#11531=AXIS2_PLACEMENT_3D('',#17416,#13628,#13629);
#11532=AXIS2_PLACEMENT_3D('',#17426,#13634,#13635);
#11533=AXIS2_PLACEMENT_3D('',#17431,#13638,#13639);
#11534=AXIS2_PLACEMENT_3D('',#17441,#13644,#13645);
#11535=AXIS2_PLACEMENT_3D('',#17442,#13646,#13647);
#11536=AXIS2_PLACEMENT_3D('',#17450,#13651,#13652);
#11537=AXIS2_PLACEMENT_3D('',#17462,#13659,#13660);
#11538=AXIS2_PLACEMENT_3D('',#17474,#13667,#13668);
#11539=AXIS2_PLACEMENT_3D('',#17475,#13669,#13670);
#11540=AXIS2_PLACEMENT_3D('',#17476,#13671,#13672);
#11541=AXIS2_PLACEMENT_3D('',#17477,#13673,#13674);
#11542=AXIS2_PLACEMENT_3D('',#17478,#13675,#13676);
#11543=AXIS2_PLACEMENT_3D('',#17479,#13677,#13678);
#11544=AXIS2_PLACEMENT_3D('',#17480,#13679,#13680);
#11545=AXIS2_PLACEMENT_3D('',#17488,#13685,#13686);
#11546=AXIS2_PLACEMENT_3D('',#17489,#13687,#13688);
#11547=AXIS2_PLACEMENT_3D('',#17492,#13691,#13692);
#11548=AXIS2_PLACEMENT_3D('',#17493,#13693,#13694);
#11549=AXIS2_PLACEMENT_3D('',#17495,#13696,#13697);
#11550=AXIS2_PLACEMENT_3D('',#17511,#13698,#13699);
#11551=AXIS2_PLACEMENT_3D('',#17513,#13700,#13701);
#11552=AXIS2_PLACEMENT_3D('',#17515,#13702,#13703);
#11553=AXIS2_PLACEMENT_3D('',#17516,#13704,#13705);
#11554=AXIS2_PLACEMENT_3D('',#17517,#13706,#13707);
#11555=AXIS2_PLACEMENT_3D('',#17520,#13709,#13710);
#11556=AXIS2_PLACEMENT_3D('',#17521,#13711,#13712);
#11557=AXIS2_PLACEMENT_3D('',#17523,#13713,#13714);
#11558=AXIS2_PLACEMENT_3D('',#17524,#13715,#13716);
#11559=AXIS2_PLACEMENT_3D('',#17527,#13718,#13719);
#11560=AXIS2_PLACEMENT_3D('',#17543,#13720,#13721);
#11561=AXIS2_PLACEMENT_3D('',#17545,#13722,#13723);
#11562=AXIS2_PLACEMENT_3D('',#17546,#13724,#13725);
#11563=AXIS2_PLACEMENT_3D('',#17562,#13726,#13727);
#11564=AXIS2_PLACEMENT_3D('',#17565,#13729,#13730);
#11565=AXIS2_PLACEMENT_3D('',#17572,#13734,#13735);
#11566=AXIS2_PLACEMENT_3D('',#17573,#13736,#13737);
#11567=AXIS2_PLACEMENT_3D('',#17577,#13739,#13740);
#11568=AXIS2_PLACEMENT_3D('',#17578,#13741,#13742);
#11569=AXIS2_PLACEMENT_3D('',#17579,#13743,#13744);
#11570=AXIS2_PLACEMENT_3D('',#17581,#13745,#13746);
#11571=AXIS2_PLACEMENT_3D('',#17583,#13748,#13749);
#11572=AXIS2_PLACEMENT_3D('',#17584,#13750,#13751);
#11573=AXIS2_PLACEMENT_3D('',#17586,#13752,#13753);
#11574=AXIS2_PLACEMENT_3D('',#17587,#13754,#13755);
#11575=AXIS2_PLACEMENT_3D('',#17588,#13756,#13757);
#11576=AXIS2_PLACEMENT_3D('',#17591,#13759,#13760);
#11577=AXIS2_PLACEMENT_3D('',#17592,#13761,#13762);
#11578=AXIS2_PLACEMENT_3D('',#17594,#13763,#13764);
#11579=AXIS2_PLACEMENT_3D('',#17595,#13765,#13766);
#11580=AXIS2_PLACEMENT_3D('',#17603,#13771,#13772);
#11581=AXIS2_PLACEMENT_3D('',#17604,#13773,#13774);
#11582=AXIS2_PLACEMENT_3D('',#17605,#13775,#13776);
#11583=AXIS2_PLACEMENT_3D('',#17607,#13777,#13778);
#11584=AXIS2_PLACEMENT_3D('',#17608,#13779,#13780);
#11585=AXIS2_PLACEMENT_3D('',#17609,#13781,#13782);
#11586=AXIS2_PLACEMENT_3D('',#17612,#13784,#13785);
#11587=AXIS2_PLACEMENT_3D('',#17613,#13786,#13787);
#11588=AXIS2_PLACEMENT_3D('',#17614,#13788,#13789);
#11589=AXIS2_PLACEMENT_3D('',#17616,#13790,#13791);
#11590=AXIS2_PLACEMENT_3D('',#17617,#13792,#13793);
#11591=AXIS2_PLACEMENT_3D('',#17620,#13796,#13797);
#11592=AXIS2_PLACEMENT_3D('',#17623,#13799,#13800);
#11593=AXIS2_PLACEMENT_3D('',#17639,#13801,#13802);
#11594=AXIS2_PLACEMENT_3D('',#17641,#13803,#13804);
#11595=AXIS2_PLACEMENT_3D('',#17642,#13805,#13806);
#11596=AXIS2_PLACEMENT_3D('',#17645,#13808,#13809);
#11597=AXIS2_PLACEMENT_3D('',#17646,#13810,#13811);
#11598=AXIS2_PLACEMENT_3D('',#17647,#13812,#13813);
#11599=AXIS2_PLACEMENT_3D('',#17649,#13814,#13815);
#11600=AXIS2_PLACEMENT_3D('',#17650,#13816,#13817);
#11601=AXIS2_PLACEMENT_3D('',#17653,#13819,#13820);
#11602=AXIS2_PLACEMENT_3D('',#17669,#13821,#13822);
#11603=AXIS2_PLACEMENT_3D('',#17671,#13823,#13824);
#11604=AXIS2_PLACEMENT_3D('',#17672,#13825,#13826);
#11605=AXIS2_PLACEMENT_3D('',#17674,#13828,#13829);
#11606=AXIS2_PLACEMENT_3D('',#17677,#13831,#13832);
#11607=AXIS2_PLACEMENT_3D('',#17680,#13834,#13835);
#11608=AXIS2_PLACEMENT_3D('',#17681,#13836,#13837);
#11609=AXIS2_PLACEMENT_3D('',#17682,#13838,#13839);
#11610=AXIS2_PLACEMENT_3D('',#17683,#13840,#13841);
#11611=AXIS2_PLACEMENT_3D('',#17685,#13843,#13844);
#11612=AXIS2_PLACEMENT_3D('',#17686,#13845,#13846);
#11613=AXIS2_PLACEMENT_3D('',#17688,#13848,#13849);
#11614=AXIS2_PLACEMENT_3D('',#17691,#13851,#13852);
#11615=AXIS2_PLACEMENT_3D('',#17692,#13853,#13854);
#11616=AXIS2_PLACEMENT_3D('',#17693,#13855,#13856);
#11617=AXIS2_PLACEMENT_3D('',#17694,#13857,#13858);
#11618=AXIS2_PLACEMENT_3D('',#17695,#13859,#13860);
#11619=AXIS2_PLACEMENT_3D('',#17696,#13861,#13862);
#11620=AXIS2_PLACEMENT_3D('',#17697,#13863,#13864);
#11621=AXIS2_PLACEMENT_3D('',#17698,#13865,#13866);
#11622=AXIS2_PLACEMENT_3D('',#17707,#13869,#13870);
#11623=AXIS2_PLACEMENT_3D('',#17722,#13871,#13872);
#11624=AXIS2_PLACEMENT_3D('',#17732,#13873,#13874);
#11625=AXIS2_PLACEMENT_3D('',#17734,#13876,#13877);
#11626=AXIS2_PLACEMENT_3D('',#17736,#13879,#13880);
#11627=AXIS2_PLACEMENT_3D('',#17738,#13882,#13883);
#11628=AXIS2_PLACEMENT_3D('',#17739,#13884,#13885);
#11629=AXIS2_PLACEMENT_3D('',#17742,#13887,#13888);
#11630=AXIS2_PLACEMENT_3D('',#17743,#13889,#13890);
#11631=AXIS2_PLACEMENT_3D('',#17745,#13891,#13892);
#11632=AXIS2_PLACEMENT_3D('',#17746,#13893,#13894);
#11633=AXIS2_PLACEMENT_3D('',#17747,#13895,#13896);
#11634=AXIS2_PLACEMENT_3D('',#17762,#13898,#13899);
#11635=AXIS2_PLACEMENT_3D('',#17763,#13900,#13901);
#11636=AXIS2_PLACEMENT_3D('',#17765,#13903,#13904);
#11637=AXIS2_PLACEMENT_3D('',#17767,#13906,#13907);
#11638=AXIS2_PLACEMENT_3D('',#17769,#13909,#13910);
#11639=AXIS2_PLACEMENT_3D('',#17770,#13911,#13912);
#11640=AXIS2_PLACEMENT_3D('',#17771,#13913,#13914);
#11641=AXIS2_PLACEMENT_3D('',#17772,#13915,#13916);
#11642=AXIS2_PLACEMENT_3D('',#17773,#13917,#13918);
#11643=AXIS2_PLACEMENT_3D('',#17774,#13919,#13920);
#11644=AXIS2_PLACEMENT_3D('',#17775,#13921,#13922);
#11645=AXIS2_PLACEMENT_3D('',#17776,#13923,#13924);
#11646=AXIS2_PLACEMENT_3D('',#17777,#13925,#13926);
#11647=AXIS2_PLACEMENT_3D('',#17782,#13929,#13930);
#11648=AXIS2_PLACEMENT_3D('',#17783,#13931,#13932);
#11649=AXIS2_PLACEMENT_3D('',#17786,#13934,#13935);
#11650=AXIS2_PLACEMENT_3D('',#17791,#13938,#13939);
#11651=AXIS2_PLACEMENT_3D('',#17798,#13944,#13945);
#11652=AXIS2_PLACEMENT_3D('',#17803,#13949,#13950);
#11653=AXIS2_PLACEMENT_3D('',#17807,#13953,#13954);
#11654=AXIS2_PLACEMENT_3D('',#17810,#13956,#13957);
#11655=AXIS2_PLACEMENT_3D('',#17815,#13960,#13961);
#11656=AXIS2_PLACEMENT_3D('',#17820,#13964,#13965);
#11657=AXIS2_PLACEMENT_3D('',#17821,#13966,#13967);
#11658=AXIS2_PLACEMENT_3D('',#17823,#13969,#13970);
#11659=AXIS2_PLACEMENT_3D('',#17825,#13972,#13973);
#11660=AXIS2_PLACEMENT_3D('',#17831,#13977,#13978);
#11661=AXIS2_PLACEMENT_3D('',#17832,#13979,#13980);
#11662=AXIS2_PLACEMENT_3D('',#17835,#13982,#13983);
#11663=AXIS2_PLACEMENT_3D('',#17836,#13984,#13985);
#11664=AXIS2_PLACEMENT_3D('',#17838,#13986,#13987);
#11665=AXIS2_PLACEMENT_3D('',#17839,#13988,#13989);
#11666=AXIS2_PLACEMENT_3D('',#17842,#13992,#13993);
#11667=AXIS2_PLACEMENT_3D('',#17847,#13996,#13997);
#11668=AXIS2_PLACEMENT_3D('',#17848,#13998,#13999);
#11669=AXIS2_PLACEMENT_3D('',#17849,#14000,#14001);
#11670=AXIS2_PLACEMENT_3D('',#17850,#14002,#14003);
#11671=AXIS2_PLACEMENT_3D('',#17851,#14004,#14005);
#11672=AXIS2_PLACEMENT_3D('',#17853,#14007,#14008);
#11673=AXIS2_PLACEMENT_3D('',#17854,#14009,#14010);
#11674=AXIS2_PLACEMENT_3D('',#17856,#14012,#14013);
#11675=AXIS2_PLACEMENT_3D('',#17857,#14014,#14015);
#11676=AXIS2_PLACEMENT_3D('',#17858,#14016,#14017);
#11677=AXIS2_PLACEMENT_3D('',#17859,#14018,#14019);
#11678=AXIS2_PLACEMENT_3D('',#17860,#14020,#14021);
#11679=AXIS2_PLACEMENT_3D('',#17861,#14022,#14023);
#11680=AXIS2_PLACEMENT_3D('',#17862,#14024,#14025);
#11681=AXIS2_PLACEMENT_3D('',#17863,#14026,#14027);
#11682=AXIS2_PLACEMENT_3D('',#17864,#14028,#14029);
#11683=AXIS2_PLACEMENT_3D('',#17865,#14030,#14031);
#11684=AXIS2_PLACEMENT_3D('',#17866,#14032,#14033);
#11685=AXIS2_PLACEMENT_3D('',#17867,#14034,#14035);
#11686=AXIS2_PLACEMENT_3D('',#17868,#14036,#14037);
#11687=AXIS2_PLACEMENT_3D('',#17869,#14038,#14039);
#11688=AXIS2_PLACEMENT_3D('',#17870,#14040,#14041);
#11689=AXIS2_PLACEMENT_3D('',#17871,#14042,#14043);
#11690=AXIS2_PLACEMENT_3D('',#17872,#14044,#14045);
#11691=AXIS2_PLACEMENT_3D('',#17873,#14046,#14047);
#11692=AXIS2_PLACEMENT_3D('',#17874,#14048,#14049);
#11693=AXIS2_PLACEMENT_3D('',#17875,#14050,#14051);
#11694=AXIS2_PLACEMENT_3D('',#17876,#14052,#14053);
#11695=AXIS2_PLACEMENT_3D('',#17877,#14054,#14055);
#11696=AXIS2_PLACEMENT_3D('',#17878,#14056,#14057);
#11697=AXIS2_PLACEMENT_3D('',#17879,#14058,#14059);
#11698=AXIS2_PLACEMENT_3D('',#17880,#14060,#14061);
#11699=AXIS2_PLACEMENT_3D('',#17881,#14062,#14063);
#11700=AXIS2_PLACEMENT_3D('',#17882,#14064,#14065);
#11701=AXIS2_PLACEMENT_3D('',#17883,#14066,#14067);
#11702=AXIS2_PLACEMENT_3D('',#17884,#14068,#14069);
#11703=AXIS2_PLACEMENT_3D('',#17885,#14070,#14071);
#11704=AXIS2_PLACEMENT_3D('',#17886,#14072,#14073);
#11705=AXIS2_PLACEMENT_3D('',#17889,#14075,#14076);
#11706=AXIS2_PLACEMENT_3D('',#17890,#14077,#14078);
#11707=AXIS2_PLACEMENT_3D('',#17891,#14079,#14080);
#11708=AXIS2_PLACEMENT_3D('',#17896,#14082,#14083);
#11709=AXIS2_PLACEMENT_3D('',#17899,#14085,#14086);
#11710=AXIS2_PLACEMENT_3D('',#17903,#14088,#14089);
#11711=AXIS2_PLACEMENT_3D('',#17907,#14091,#14092);
#11712=AXIS2_PLACEMENT_3D('',#17908,#14093,#14094);
#11713=AXIS2_PLACEMENT_3D('',#17927,#14099,#14100);
#11714=AXIS2_PLACEMENT_3D('',#17949,#14102,#14103);
#11715=AXIS2_PLACEMENT_3D('',#17965,#14107,#14108);
#11716=AXIS2_PLACEMENT_3D('',#17977,#14110,#14111);
#11717=AXIS2_PLACEMENT_3D('',#17981,#14113,#14114);
#11718=AXIS2_PLACEMENT_3D('',#17982,#14115,#14116);
#11719=AXIS2_PLACEMENT_3D('',#17986,#14118,#14119);
#11720=AXIS2_PLACEMENT_3D('',#17992,#14122,#14123);
#11721=AXIS2_PLACEMENT_3D('',#17998,#14126,#14127);
#11722=AXIS2_PLACEMENT_3D('',#17999,#14128,#14129);
#11723=AXIS2_PLACEMENT_3D('',#18005,#14132,#14133);
#11724=AXIS2_PLACEMENT_3D('',#18009,#14135,#14136);
#11725=AXIS2_PLACEMENT_3D('',#18017,#14140,#14141);
#11726=AXIS2_PLACEMENT_3D('',#18020,#14143,#14144);
#11727=AXIS2_PLACEMENT_3D('',#18021,#14145,#14146);
#11728=AXIS2_PLACEMENT_3D('',#18030,#14150,#14151);
#11729=AXIS2_PLACEMENT_3D('',#18038,#14155,#14156);
#11730=AXIS2_PLACEMENT_3D('',#18041,#14158,#14159);
#11731=AXIS2_PLACEMENT_3D('',#18050,#14164,#14165);
#11732=AXIS2_PLACEMENT_3D('',#18054,#14167,#14168);
#11733=AXIS2_PLACEMENT_3D('',#18055,#14169,#14170);
#11734=AXIS2_PLACEMENT_3D('',#18056,#14171,#14172);
#11735=AXIS2_PLACEMENT_3D('',#18062,#14176,#14177);
#11736=AXIS2_PLACEMENT_3D('',#18063,#14178,#14179);
#11737=AXIS2_PLACEMENT_3D('',#18064,#14180,#14181);
#11738=AXIS2_PLACEMENT_3D('',#18065,#14182,#14183);
#11739=AXIS2_PLACEMENT_3D('',#18071,#14187,#14188);
#11740=AXIS2_PLACEMENT_3D('',#18077,#14192,#14193);
#11741=AXIS2_PLACEMENT_3D('',#18081,#14195,#14196);
#11742=AXIS2_PLACEMENT_3D('',#18088,#14200,#14201);
#11743=AXIS2_PLACEMENT_3D('',#18100,#14202,#14203);
#11744=AXIS2_PLACEMENT_3D('',#18101,#14204,#14205);
#11745=AXIS2_PLACEMENT_3D('',#18115,#14210,#14211);
#11746=AXIS2_PLACEMENT_3D('',#18127,#14212,#14213);
#11747=AXIS2_PLACEMENT_3D('',#18128,#14214,#14215);
#11748=AXIS2_PLACEMENT_3D('',#18138,#14216,#14217);
#11749=AXIS2_PLACEMENT_3D('',#18139,#14218,#14219);
#11750=AXIS2_PLACEMENT_3D('',#18149,#14220,#14221);
#11751=AXIS2_PLACEMENT_3D('',#18150,#14222,#14223);
#11752=AXIS2_PLACEMENT_3D('',#18151,#14224,#14225);
#11753=AXIS2_PLACEMENT_3D('',#18152,#14226,#14227);
#11754=AXIS2_PLACEMENT_3D('',#18153,#14228,#14229);
#11755=AXIS2_PLACEMENT_3D('',#18154,#14230,#14231);
#11756=AXIS2_PLACEMENT_3D('',#18155,#14232,#14233);
#11757=AXIS2_PLACEMENT_3D('',#18156,#14234,#14235);
#11758=AXIS2_PLACEMENT_3D('',#18157,#14236,#14237);
#11759=AXIS2_PLACEMENT_3D('',#18158,#14238,#14239);
#11760=AXIS2_PLACEMENT_3D('',#18159,#14240,#14241);
#11761=AXIS2_PLACEMENT_3D('',#18172,#14242,#14243);
#11762=AXIS2_PLACEMENT_3D('',#18173,#14244,#14245);
#11763=AXIS2_PLACEMENT_3D('',#18174,#14246,#14247);
#11764=AXIS2_PLACEMENT_3D('',#18175,#14248,#14249);
#11765=AXIS2_PLACEMENT_3D('',#18176,#14250,#14251);
#11766=AXIS2_PLACEMENT_3D('',#18177,#14252,#14253);
#11767=AXIS2_PLACEMENT_3D('',#18178,#14254,#14255);
#11768=AXIS2_PLACEMENT_3D('',#18179,#14256,#14257);
#11769=AXIS2_PLACEMENT_3D('',#18180,#14258,#14259);
#11770=AXIS2_PLACEMENT_3D('',#18200,#14260,#14261);
#11771=AXIS2_PLACEMENT_3D('',#18205,#14262,#14263);
#11772=AXIS2_PLACEMENT_3D('',#18210,#14264,#14265);
#11773=AXIS2_PLACEMENT_3D('',#18215,#14266,#14267);
#11774=AXIS2_PLACEMENT_3D('',#18220,#14268,#14269);
#11775=AXIS2_PLACEMENT_3D('',#18225,#14270,#14271);
#11776=AXIS2_PLACEMENT_3D('',#18226,#14272,#14273);
#11777=AXIS2_PLACEMENT_3D('',#18227,#14274,#14275);
#11778=AXIS2_PLACEMENT_3D('',#18228,#14276,#14277);
#11779=AXIS2_PLACEMENT_3D('',#18229,#14278,#14279);
#11780=AXIS2_PLACEMENT_3D('',#18230,#14280,#14281);
#11781=AXIS2_PLACEMENT_3D('',#18231,#14282,#14283);
#11782=AXIS2_PLACEMENT_3D('',#18232,#14284,#14285);
#11783=AXIS2_PLACEMENT_3D('',#18233,#14286,#14287);
#11784=AXIS2_PLACEMENT_3D('',#18234,#14288,#14289);
#11785=AXIS2_PLACEMENT_3D('',#18235,#14290,#14291);
#11786=AXIS2_PLACEMENT_3D('',#18236,#14292,#14293);
#11787=AXIS2_PLACEMENT_3D('',#18237,#14294,#14295);
#11788=AXIS2_PLACEMENT_3D('',#18250,#14296,#14297);
#11789=AXIS2_PLACEMENT_3D('',#18251,#14298,#14299);
#11790=AXIS2_PLACEMENT_3D('',#18252,#14300,#14301);
#11791=AXIS2_PLACEMENT_3D('',#18253,#14302,#14303);
#11792=AXIS2_PLACEMENT_3D('',#18254,#14304,#14305);
#11793=AXIS2_PLACEMENT_3D('',#18255,#14306,#14307);
#11794=AXIS2_PLACEMENT_3D('',#18256,#14308,#14309);
#11795=AXIS2_PLACEMENT_3D('',#18257,#14310,#14311);
#11796=AXIS2_PLACEMENT_3D('',#18258,#14312,#14313);
#11797=AXIS2_PLACEMENT_3D('',#18278,#14314,#14315);
#11798=AXIS2_PLACEMENT_3D('',#18283,#14316,#14317);
#11799=AXIS2_PLACEMENT_3D('',#18288,#14318,#14319);
#11800=AXIS2_PLACEMENT_3D('',#18309,#14320,#14321);
#11801=AXIS2_PLACEMENT_3D('',#18314,#14322,#14323);
#11802=AXIS2_PLACEMENT_3D('',#18315,#14324,#14325);
#11803=AXIS2_PLACEMENT_3D('',#18316,#14326,#14327);
#11804=AXIS2_PLACEMENT_3D('',#18317,#14328,#14329);
#11805=AXIS2_PLACEMENT_3D('',#18318,#14330,#14331);
#11806=AXIS2_PLACEMENT_3D('',#18319,#14332,#14333);
#11807=AXIS2_PLACEMENT_3D('',#18320,#14334,#14335);
#11808=AXIS2_PLACEMENT_3D('',#18321,#14336,#14337);
#11809=AXIS2_PLACEMENT_3D('',#18322,#14338,#14339);
#11810=AXIS2_PLACEMENT_3D('',#18323,#14340,#14341);
#11811=AXIS2_PLACEMENT_3D('',#18324,#14342,#14343);
#11812=AXIS2_PLACEMENT_3D('',#18325,#14344,#14345);
#11813=AXIS2_PLACEMENT_3D('',#18335,#14350,#14351);
#11814=AXIS2_PLACEMENT_3D('',#18336,#14352,#14353);
#11815=AXIS2_PLACEMENT_3D('',#18349,#14359,#14360);
#11816=AXIS2_PLACEMENT_3D('',#18353,#14362,#14363);
#11817=AXIS2_PLACEMENT_3D('',#18357,#14365,#14366);
#11818=AXIS2_PLACEMENT_3D('',#18361,#14368,#14369);
#11819=AXIS2_PLACEMENT_3D('',#18365,#14371,#14372);
#11820=AXIS2_PLACEMENT_3D('',#18373,#14376,#14377);
#11821=AXIS2_PLACEMENT_3D('',#18380,#14381,#14382);
#11822=AXIS2_PLACEMENT_3D('',#18390,#14387,#14388);
#11823=AXIS2_PLACEMENT_3D('',#18391,#14389,#14390);
#11824=AXIS2_PLACEMENT_3D('',#18399,#14394,#14395);
#11825=AXIS2_PLACEMENT_3D('',#18417,#14405,#14406);
#11826=AXIS2_PLACEMENT_3D('',#18429,#14413,#14414);
#11827=AXIS2_PLACEMENT_3D('',#18433,#14416,#14417);
#11828=AXIS2_PLACEMENT_3D('',#18434,#14418,#14419);
#11829=AXIS2_PLACEMENT_3D('',#18435,#14420,#14421);
#11830=AXIS2_PLACEMENT_3D('',#18436,#14422,#14423);
#11831=AXIS2_PLACEMENT_3D('',#18440,#14425,#14426);
#11832=AXIS2_PLACEMENT_3D('',#18441,#14427,#14428);
#11833=AXIS2_PLACEMENT_3D('',#18442,#14429,#14430);
#11834=AXIS2_PLACEMENT_3D('',#18447,#14434,#14435);
#11835=AXIS2_PLACEMENT_3D('',#18448,#14436,#14437);
#11836=AXIS2_PLACEMENT_3D('',#18452,#14440,#14441);
#11837=AXIS2_PLACEMENT_3D('',#18453,#14442,#14443);
#11838=AXIS2_PLACEMENT_3D('',#18457,#14446,#14447);
#11839=AXIS2_PLACEMENT_3D('',#18461,#14450,#14451);
#11840=AXIS2_PLACEMENT_3D('',#18465,#14453,#14454);
#11841=AXIS2_PLACEMENT_3D('',#18477,#14460,#14461);
#11842=AXIS2_PLACEMENT_3D('',#18481,#14463,#14464);
#11843=AXIS2_PLACEMENT_3D('',#18493,#14470,#14471);
#11844=AXIS2_PLACEMENT_3D('',#18497,#14473,#14474);
#11845=AXIS2_PLACEMENT_3D('',#18506,#14479,#14480);
#11846=AXIS2_PLACEMENT_3D('',#18510,#14482,#14483);
#11847=AXIS2_PLACEMENT_3D('',#18528,#14485,#14486);
#11848=AXIS2_PLACEMENT_3D('',#18530,#14487,#14488);
#11849=AXIS2_PLACEMENT_3D('',#18532,#14489,#14490);
#11850=AXIS2_PLACEMENT_3D('',#18533,#14491,#14492);
#11851=AXIS2_PLACEMENT_3D('',#18534,#14493,#14494);
#11852=AXIS2_PLACEMENT_3D('',#18537,#14496,#14497);
#11853=AXIS2_PLACEMENT_3D('',#18538,#14498,#14499);
#11854=AXIS2_PLACEMENT_3D('',#18540,#14500,#14501);
#11855=AXIS2_PLACEMENT_3D('',#18541,#14502,#14503);
#11856=AXIS2_PLACEMENT_3D('',#18542,#14504,#14505);
#11857=AXIS2_PLACEMENT_3D('',#18560,#14507,#14508);
#11858=AXIS2_PLACEMENT_3D('',#18562,#14509,#14510);
#11859=AXIS2_PLACEMENT_3D('',#18563,#14511,#14512);
#11860=AXIS2_PLACEMENT_3D('',#18579,#14513,#14514);
#11861=AXIS2_PLACEMENT_3D('',#18592,#14519,#14520);
#11862=AXIS2_PLACEMENT_3D('',#18593,#14521,#14522);
#11863=AXIS2_PLACEMENT_3D('',#18597,#14524,#14525);
#11864=AXIS2_PLACEMENT_3D('',#18598,#14526,#14527);
#11865=AXIS2_PLACEMENT_3D('',#18599,#14528,#14529);
#11866=AXIS2_PLACEMENT_3D('',#18602,#14531,#14532);
#11867=AXIS2_PLACEMENT_3D('',#18603,#14533,#14534);
#11868=AXIS2_PLACEMENT_3D('',#18604,#14535,#14536);
#11869=AXIS2_PLACEMENT_3D('',#18606,#14537,#14538);
#11870=AXIS2_PLACEMENT_3D('',#18607,#14539,#14540);
#11871=AXIS2_PLACEMENT_3D('',#18608,#14541,#14542);
#11872=AXIS2_PLACEMENT_3D('',#18611,#14544,#14545);
#11873=AXIS2_PLACEMENT_3D('',#18612,#14546,#14547);
#11874=AXIS2_PLACEMENT_3D('',#18614,#14548,#14549);
#11875=AXIS2_PLACEMENT_3D('',#18615,#14550,#14551);
#11876=AXIS2_PLACEMENT_3D('',#18623,#14556,#14557);
#11877=AXIS2_PLACEMENT_3D('',#18624,#14558,#14559);
#11878=AXIS2_PLACEMENT_3D('',#18625,#14560,#14561);
#11879=AXIS2_PLACEMENT_3D('',#18627,#14562,#14563);
#11880=AXIS2_PLACEMENT_3D('',#18628,#14564,#14565);
#11881=AXIS2_PLACEMENT_3D('',#18629,#14566,#14567);
#11882=AXIS2_PLACEMENT_3D('',#18632,#14569,#14570);
#11883=AXIS2_PLACEMENT_3D('',#18633,#14571,#14572);
#11884=AXIS2_PLACEMENT_3D('',#18634,#14573,#14574);
#11885=AXIS2_PLACEMENT_3D('',#18636,#14575,#14576);
#11886=AXIS2_PLACEMENT_3D('',#18637,#14577,#14578);
#11887=AXIS2_PLACEMENT_3D('',#18640,#14581,#14582);
#11888=AXIS2_PLACEMENT_3D('',#18641,#14583,#14584);
#11889=AXIS2_PLACEMENT_3D('',#18659,#14586,#14587);
#11890=AXIS2_PLACEMENT_3D('',#18661,#14588,#14589);
#11891=AXIS2_PLACEMENT_3D('',#18662,#14590,#14591);
#11892=AXIS2_PLACEMENT_3D('',#18663,#14592,#14593);
#11893=AXIS2_PLACEMENT_3D('',#18666,#14595,#14596);
#11894=AXIS2_PLACEMENT_3D('',#18667,#14597,#14598);
#11895=AXIS2_PLACEMENT_3D('',#18669,#14599,#14600);
#11896=AXIS2_PLACEMENT_3D('',#18670,#14601,#14602);
#11897=AXIS2_PLACEMENT_3D('',#18671,#14603,#14604);
#11898=AXIS2_PLACEMENT_3D('',#18689,#14606,#14607);
#11899=AXIS2_PLACEMENT_3D('',#18691,#14608,#14609);
#11900=AXIS2_PLACEMENT_3D('',#18692,#14610,#14611);
#11901=AXIS2_PLACEMENT_3D('',#18694,#14613,#14614);
#11902=AXIS2_PLACEMENT_3D('',#18699,#14617,#14618);
#11903=AXIS2_PLACEMENT_3D('',#18700,#14619,#14620);
#11904=AXIS2_PLACEMENT_3D('',#18701,#14621,#14622);
#11905=AXIS2_PLACEMENT_3D('',#18702,#14623,#14624);
#11906=AXIS2_PLACEMENT_3D('',#18703,#14625,#14626);
#11907=AXIS2_PLACEMENT_3D('',#18705,#14628,#14629);
#11908=AXIS2_PLACEMENT_3D('',#18706,#14630,#14631);
#11909=AXIS2_PLACEMENT_3D('',#18708,#14633,#14634);
#11910=AXIS2_PLACEMENT_3D('',#18709,#14635,#14636);
#11911=AXIS2_PLACEMENT_3D('',#18712,#14638,#14639);
#11912=AXIS2_PLACEMENT_3D('',#18713,#14640,#14641);
#11913=AXIS2_PLACEMENT_3D('',#18714,#14642,#14643);
#11914=AXIS2_PLACEMENT_3D('',#18715,#14644,#14645);
#11915=AXIS2_PLACEMENT_3D('',#18716,#14646,#14647);
#11916=AXIS2_PLACEMENT_3D('',#18717,#14648,#14649);
#11917=AXIS2_PLACEMENT_3D('',#18718,#14650,#14651);
#11918=AXIS2_PLACEMENT_3D('',#18727,#14654,#14655);
#11919=AXIS2_PLACEMENT_3D('',#18742,#14656,#14657);
#11920=AXIS2_PLACEMENT_3D('',#18752,#14658,#14659);
#11921=AXIS2_PLACEMENT_3D('',#18754,#14661,#14662);
#11922=AXIS2_PLACEMENT_3D('',#18756,#14664,#14665);
#11923=AXIS2_PLACEMENT_3D('',#18758,#14667,#14668);
#11924=AXIS2_PLACEMENT_3D('',#18759,#14669,#14670);
#11925=AXIS2_PLACEMENT_3D('',#18762,#14672,#14673);
#11926=AXIS2_PLACEMENT_3D('',#18763,#14674,#14675);
#11927=AXIS2_PLACEMENT_3D('',#18765,#14676,#14677);
#11928=AXIS2_PLACEMENT_3D('',#18766,#14678,#14679);
#11929=AXIS2_PLACEMENT_3D('',#18773,#14681,#14682);
#11930=AXIS2_PLACEMENT_3D('',#18778,#14683,#14684);
#11931=AXIS2_PLACEMENT_3D('',#18780,#14686,#14687);
#11932=AXIS2_PLACEMENT_3D('',#18782,#14689,#14690);
#11933=AXIS2_PLACEMENT_3D('',#18784,#14692,#14693);
#11934=AXIS2_PLACEMENT_3D('',#18785,#14694,#14695);
#11935=AXIS2_PLACEMENT_3D('',#18786,#14696,#14697);
#11936=AXIS2_PLACEMENT_3D('',#18787,#14698,#14699);
#11937=AXIS2_PLACEMENT_3D('',#18788,#14700,#14701);
#11938=AXIS2_PLACEMENT_3D('',#18789,#14702,#14703);
#11939=AXIS2_PLACEMENT_3D('',#18790,#14704,#14705);
#11940=AXIS2_PLACEMENT_3D('',#18791,#14706,#14707);
#11941=AXIS2_PLACEMENT_3D('',#18792,#14708,#14709);
#11942=AXIS2_PLACEMENT_3D('',#18793,#14710,#14711);
#11943=AXIS2_PLACEMENT_3D('',#18798,#14714,#14715);
#11944=AXIS2_PLACEMENT_3D('',#18803,#14718,#14719);
#11945=AXIS2_PLACEMENT_3D('',#18806,#14721,#14722);
#11946=AXIS2_PLACEMENT_3D('',#18813,#14727,#14728);
#11947=AXIS2_PLACEMENT_3D('',#18818,#14732,#14733);
#11948=AXIS2_PLACEMENT_3D('',#18822,#14736,#14737);
#11949=AXIS2_PLACEMENT_3D('',#18824,#14739,#14740);
#11950=AXIS2_PLACEMENT_3D('',#18826,#14742,#14743);
#11951=AXIS2_PLACEMENT_3D('',#18829,#14745,#14746);
#11952=AXIS2_PLACEMENT_3D('',#18834,#14749,#14750);
#11953=AXIS2_PLACEMENT_3D('',#18837,#14752,#14753);
#11954=AXIS2_PLACEMENT_3D('',#18840,#14755,#14756);
#11955=AXIS2_PLACEMENT_3D('',#18846,#14760,#14761);
#11956=AXIS2_PLACEMENT_3D('',#18849,#14763,#14764);
#11957=AXIS2_PLACEMENT_3D('',#18850,#14765,#14766);
#11958=AXIS2_PLACEMENT_3D('',#18851,#14767,#14768);
#11959=AXIS2_PLACEMENT_3D('',#18853,#14769,#14770);
#11960=AXIS2_PLACEMENT_3D('',#18854,#14771,#14772);
#11961=AXIS2_PLACEMENT_3D('',#18857,#14775,#14776);
#11962=AXIS2_PLACEMENT_3D('',#18860,#14778,#14779);
#11963=AXIS2_PLACEMENT_3D('',#18863,#14781,#14782);
#11964=AXIS2_PLACEMENT_3D('',#18864,#14783,#14784);
#11965=AXIS2_PLACEMENT_3D('',#18865,#14785,#14786);
#11966=AXIS2_PLACEMENT_3D('',#18866,#14787,#14788);
#11967=AXIS2_PLACEMENT_3D('',#18868,#14790,#14791);
#11968=AXIS2_PLACEMENT_3D('',#18869,#14792,#14793);
#11969=AXIS2_PLACEMENT_3D('',#18871,#14795,#14796);
#11970=AXIS2_PLACEMENT_3D('',#18872,#14797,#14798);
#11971=AXIS2_PLACEMENT_3D('',#18873,#14799,#14800);
#11972=AXIS2_PLACEMENT_3D('',#18874,#14801,#14802);
#11973=AXIS2_PLACEMENT_3D('',#18875,#14803,#14804);
#11974=AXIS2_PLACEMENT_3D('',#18876,#14805,#14806);
#11975=AXIS2_PLACEMENT_3D('',#18877,#14807,#14808);
#11976=AXIS2_PLACEMENT_3D('',#18878,#14809,#14810);
#11977=AXIS2_PLACEMENT_3D('',#18879,#14811,#14812);
#11978=AXIS2_PLACEMENT_3D('',#18880,#14813,#14814);
#11979=AXIS2_PLACEMENT_3D('',#18881,#14815,#14816);
#11980=AXIS2_PLACEMENT_3D('',#18882,#14817,#14818);
#11981=AXIS2_PLACEMENT_3D('',#18883,#14819,#14820);
#11982=AXIS2_PLACEMENT_3D('',#18884,#14821,#14822);
#11983=AXIS2_PLACEMENT_3D('',#18885,#14823,#14824);
#11984=AXIS2_PLACEMENT_3D('',#18886,#14825,#14826);
#11985=AXIS2_PLACEMENT_3D('',#18887,#14827,#14828);
#11986=AXIS2_PLACEMENT_3D('',#18888,#14829,#14830);
#11987=AXIS2_PLACEMENT_3D('',#18889,#14831,#14832);
#11988=AXIS2_PLACEMENT_3D('',#18890,#14833,#14834);
#11989=AXIS2_PLACEMENT_3D('',#18891,#14835,#14836);
#11990=AXIS2_PLACEMENT_3D('',#18892,#14837,#14838);
#11991=AXIS2_PLACEMENT_3D('',#18893,#14839,#14840);
#11992=AXIS2_PLACEMENT_3D('',#18894,#14841,#14842);
#11993=AXIS2_PLACEMENT_3D('',#18895,#14843,#14844);
#11994=AXIS2_PLACEMENT_3D('',#18896,#14845,#14846);
#11995=AXIS2_PLACEMENT_3D('',#18897,#14847,#14848);
#11996=AXIS2_PLACEMENT_3D('',#18898,#14849,#14850);
#11997=AXIS2_PLACEMENT_3D('',#18899,#14851,#14852);
#11998=AXIS2_PLACEMENT_3D('',#18900,#14853,#14854);
#11999=AXIS2_PLACEMENT_3D('',#18901,#14855,#14856);
#12000=AXIS2_PLACEMENT_3D('',#18902,#14857,#14858);
#12001=AXIS2_PLACEMENT_3D('',#18905,#14860,#14861);
#12002=AXIS2_PLACEMENT_3D('',#18909,#14863,#14864);
#12003=AXIS2_PLACEMENT_3D('',#18917,#14868,#14869);
#12004=AXIS2_PLACEMENT_3D('',#18921,#14871,#14872);
#12005=AXIS2_PLACEMENT_3D('',#18924,#14874,#14875);
#12006=AXIS2_PLACEMENT_3D('',#18926,#14877,#14878);
#12007=AXIS2_PLACEMENT_3D('',#18928,#14880,#14881);
#12008=AXIS2_PLACEMENT_3D('',#18929,#14882,#14883);
#12009=AXIS2_PLACEMENT_3D('',#18933,#14886,#14887);
#12010=AXIS2_PLACEMENT_3D('',#18936,#14889,#14890);
#12011=AXIS2_PLACEMENT_3D('',#18938,#14892,#14893);
#12012=AXIS2_PLACEMENT_3D('',#18940,#14895,#14896);
#12013=AXIS2_PLACEMENT_3D('',#18942,#14898,#14899);
#12014=AXIS2_PLACEMENT_3D('',#18944,#14901,#14902);
#12015=AXIS2_PLACEMENT_3D('',#18945,#14903,#14904);
#12016=AXIS2_PLACEMENT_3D('',#18947,#14906,#14907);
#12017=AXIS2_PLACEMENT_3D('',#18948,#14908,#14909);
#12018=AXIS2_PLACEMENT_3D('',#18951,#14911,#14912);
#12019=AXIS2_PLACEMENT_3D('',#18952,#14913,#14914);
#12020=AXIS2_PLACEMENT_3D('',#18953,#14915,#14916);
#12021=AXIS2_PLACEMENT_3D('',#18955,#14917,#14918);
#12022=AXIS2_PLACEMENT_3D('',#18958,#14920,#14921);
#12023=AXIS2_PLACEMENT_3D('',#18962,#14923,#14924);
#12024=AXIS2_PLACEMENT_3D('',#18966,#14926,#14927);
#12025=AXIS2_PLACEMENT_3D('',#18967,#14928,#14929);
#12026=AXIS2_PLACEMENT_3D('',#18986,#14934,#14935);
#12027=AXIS2_PLACEMENT_3D('',#19009,#14937,#14938);
#12028=AXIS2_PLACEMENT_3D('',#19025,#14942,#14943);
#12029=AXIS2_PLACEMENT_3D('',#19037,#14945,#14946);
#12030=AXIS2_PLACEMENT_3D('',#19041,#14948,#14949);
#12031=AXIS2_PLACEMENT_3D('',#19047,#14952,#14953);
#12032=AXIS2_PLACEMENT_3D('',#19053,#14956,#14957);
#12033=AXIS2_PLACEMENT_3D('',#19057,#14959,#14960);
#12034=AXIS2_PLACEMENT_3D('',#19058,#14961,#14962);
#12035=AXIS2_PLACEMENT_3D('',#19059,#14963,#14964);
#12036=AXIS2_PLACEMENT_3D('',#19065,#14967,#14968);
#12037=AXIS2_PLACEMENT_3D('',#19073,#14972,#14973);
#12038=AXIS2_PLACEMENT_3D('',#19077,#14975,#14976);
#12039=AXIS2_PLACEMENT_3D('',#19080,#14978,#14979);
#12040=AXIS2_PLACEMENT_3D('',#19081,#14980,#14981);
#12041=AXIS2_PLACEMENT_3D('',#19086,#14983,#14984);
#12042=AXIS2_PLACEMENT_3D('',#19094,#14988,#14989);
#12043=AXIS2_PLACEMENT_3D('',#19101,#14993,#14994);
#12044=AXIS2_PLACEMENT_3D('',#19110,#14999,#15000);
#12045=AXIS2_PLACEMENT_3D('',#19114,#15002,#15003);
#12046=AXIS2_PLACEMENT_3D('',#19115,#15004,#15005);
#12047=AXIS2_PLACEMENT_3D('',#19116,#15006,#15007);
#12048=AXIS2_PLACEMENT_3D('',#19122,#15011,#15012);
#12049=AXIS2_PLACEMENT_3D('',#19123,#15013,#15014);
#12050=AXIS2_PLACEMENT_3D('',#19124,#15015,#15016);
#12051=AXIS2_PLACEMENT_3D('',#19125,#15017,#15018);
#12052=AXIS2_PLACEMENT_3D('',#19131,#15022,#15023);
#12053=AXIS2_PLACEMENT_3D('',#19137,#15027,#15028);
#12054=AXIS2_PLACEMENT_3D('',#19151,#15033,#15034);
#12055=AXIS2_PLACEMENT_3D('',#19159,#15035,#15036);
#12056=AXIS2_PLACEMENT_3D('',#19164,#15037,#15038);
#12057=AXIS2_PLACEMENT_3D('',#19178,#15043,#15044);
#12058=AXIS2_PLACEMENT_3D('',#19179,#15045,#15046);
#12059=AXIS2_PLACEMENT_3D('',#19191,#15047,#15048);
#12060=AXIS2_PLACEMENT_3D('',#19192,#15049,#15050);
#12061=AXIS2_PLACEMENT_3D('',#19202,#15051,#15052);
#12062=AXIS2_PLACEMENT_3D('',#19208,#15053,#15054);
#12063=AXIS2_PLACEMENT_3D('',#19213,#15055,#15056);
#12064=AXIS2_PLACEMENT_3D('',#19214,#15057,#15058);
#12065=AXIS2_PLACEMENT_3D('',#19215,#15059,#15060);
#12066=AXIS2_PLACEMENT_3D('',#19216,#15061,#15062);
#12067=AXIS2_PLACEMENT_3D('',#19217,#15063,#15064);
#12068=AXIS2_PLACEMENT_3D('',#19218,#15065,#15066);
#12069=AXIS2_PLACEMENT_3D('',#19219,#15067,#15068);
#12070=AXIS2_PLACEMENT_3D('',#19220,#15069,#15070);
#12071=AXIS2_PLACEMENT_3D('',#19221,#15071,#15072);
#12072=AXIS2_PLACEMENT_3D('',#19222,#15073,#15074);
#12073=AXIS2_PLACEMENT_3D('',#19235,#15075,#15076);
#12074=AXIS2_PLACEMENT_3D('',#19236,#15077,#15078);
#12075=AXIS2_PLACEMENT_3D('',#19237,#15079,#15080);
#12076=AXIS2_PLACEMENT_3D('',#19238,#15081,#15082);
#12077=AXIS2_PLACEMENT_3D('',#19239,#15083,#15084);
#12078=AXIS2_PLACEMENT_3D('',#19240,#15085,#15086);
#12079=AXIS2_PLACEMENT_3D('',#19241,#15087,#15088);
#12080=AXIS2_PLACEMENT_3D('',#19242,#15089,#15090);
#12081=AXIS2_PLACEMENT_3D('',#19243,#15091,#15092);
#12082=AXIS2_PLACEMENT_3D('',#19263,#15093,#15094);
#12083=AXIS2_PLACEMENT_3D('',#19268,#15095,#15096);
#12084=AXIS2_PLACEMENT_3D('',#19273,#15097,#15098);
#12085=AXIS2_PLACEMENT_3D('',#19278,#15099,#15100);
#12086=AXIS2_PLACEMENT_3D('',#19283,#15101,#15102);
#12087=AXIS2_PLACEMENT_3D('',#19288,#15103,#15104);
#12088=AXIS2_PLACEMENT_3D('',#19289,#15105,#15106);
#12089=AXIS2_PLACEMENT_3D('',#19290,#15107,#15108);
#12090=AXIS2_PLACEMENT_3D('',#19291,#15109,#15110);
#12091=AXIS2_PLACEMENT_3D('',#19292,#15111,#15112);
#12092=AXIS2_PLACEMENT_3D('',#19293,#15113,#15114);
#12093=AXIS2_PLACEMENT_3D('',#19294,#15115,#15116);
#12094=AXIS2_PLACEMENT_3D('',#19295,#15117,#15118);
#12095=AXIS2_PLACEMENT_3D('',#19296,#15119,#15120);
#12096=AXIS2_PLACEMENT_3D('',#19297,#15121,#15122);
#12097=AXIS2_PLACEMENT_3D('',#19298,#15123,#15124);
#12098=AXIS2_PLACEMENT_3D('',#19299,#15125,#15126);
#12099=AXIS2_PLACEMENT_3D('',#19300,#15127,#15128);
#12100=AXIS2_PLACEMENT_3D('',#19313,#15129,#15130);
#12101=AXIS2_PLACEMENT_3D('',#19314,#15131,#15132);
#12102=AXIS2_PLACEMENT_3D('',#19315,#15133,#15134);
#12103=AXIS2_PLACEMENT_3D('',#19316,#15135,#15136);
#12104=AXIS2_PLACEMENT_3D('',#19317,#15137,#15138);
#12105=AXIS2_PLACEMENT_3D('',#19318,#15139,#15140);
#12106=AXIS2_PLACEMENT_3D('',#19319,#15141,#15142);
#12107=AXIS2_PLACEMENT_3D('',#19320,#15143,#15144);
#12108=AXIS2_PLACEMENT_3D('',#19321,#15145,#15146);
#12109=AXIS2_PLACEMENT_3D('',#19341,#15147,#15148);
#12110=AXIS2_PLACEMENT_3D('',#19346,#15149,#15150);
#12111=AXIS2_PLACEMENT_3D('',#19351,#15151,#15152);
#12112=AXIS2_PLACEMENT_3D('',#19356,#15153,#15154);
#12113=AXIS2_PLACEMENT_3D('',#19361,#15155,#15156);
#12114=AXIS2_PLACEMENT_3D('',#19366,#15157,#15158);
#12115=AXIS2_PLACEMENT_3D('',#19367,#15159,#15160);
#12116=AXIS2_PLACEMENT_3D('',#19368,#15161,#15162);
#12117=AXIS2_PLACEMENT_3D('',#19369,#15163,#15164);
#12118=AXIS2_PLACEMENT_3D('',#19370,#15165,#15166);
#12119=AXIS2_PLACEMENT_3D('',#19371,#15167,#15168);
#12120=AXIS2_PLACEMENT_3D('',#19372,#15169,#15170);
#12121=AXIS2_PLACEMENT_3D('',#19373,#15171,#15172);
#12122=AXIS2_PLACEMENT_3D('',#19374,#15173,#15174);
#12123=AXIS2_PLACEMENT_3D('',#19375,#15175,#15176);
#12124=AXIS2_PLACEMENT_3D('',#19376,#15177,#15178);
#12125=AXIS2_PLACEMENT_3D('',#19377,#15179,#15180);
#12126=AXIS2_PLACEMENT_3D('',#19387,#15185,#15186);
#12127=AXIS2_PLACEMENT_3D('',#19388,#15187,#15188);
#12128=AXIS2_PLACEMENT_3D('',#19401,#15194,#15195);
#12129=AXIS2_PLACEMENT_3D('',#19405,#15197,#15198);
#12130=AXIS2_PLACEMENT_3D('',#19409,#15200,#15201);
#12131=AXIS2_PLACEMENT_3D('',#19413,#15203,#15204);
#12132=AXIS2_PLACEMENT_3D('',#19417,#15206,#15207);
#12133=AXIS2_PLACEMENT_3D('',#19427,#15212,#15213);
#12134=AXIS2_PLACEMENT_3D('',#19432,#15216,#15217);
#12135=AXIS2_PLACEMENT_3D('',#19442,#15222,#15223);
#12136=AXIS2_PLACEMENT_3D('',#19443,#15224,#15225);
#12137=AXIS2_PLACEMENT_3D('',#19451,#15229,#15230);
#12138=AXIS2_PLACEMENT_3D('',#19463,#15237,#15238);
#12139=AXIS2_PLACEMENT_3D('',#19478,#15247,#15248);
#12140=AXIS2_PLACEMENT_3D('',#19479,#15249,#15250);
#12141=AXIS2_PLACEMENT_3D('',#19480,#15251,#15252);
#12142=AXIS2_PLACEMENT_3D('',#19481,#15253,#15254);
#12143=AXIS2_PLACEMENT_3D('',#19482,#15255,#15256);
#12144=AXIS2_PLACEMENT_3D('',#19483,#15257,#15258);
#12145=AXIS2_PLACEMENT_3D('',#19484,#15259,#15260);
#12146=AXIS2_PLACEMENT_3D('',#19492,#15265,#15266);
#12147=AXIS2_PLACEMENT_3D('',#19493,#15267,#15268);
#12148=AXIS2_PLACEMENT_3D('',#19496,#15271,#15272);
#12149=AXIS2_PLACEMENT_3D('',#19497,#15273,#15274);
#12150=AXIS2_PLACEMENT_3D('',#19499,#15276,#15277);
#12151=AXIS2_PLACEMENT_3D('',#19515,#15278,#15279);
#12152=AXIS2_PLACEMENT_3D('',#19517,#15280,#15281);
#12153=AXIS2_PLACEMENT_3D('',#19519,#15282,#15283);
#12154=AXIS2_PLACEMENT_3D('',#19520,#15284,#15285);
#12155=AXIS2_PLACEMENT_3D('',#19521,#15286,#15287);
#12156=AXIS2_PLACEMENT_3D('',#19524,#15289,#15290);
#12157=AXIS2_PLACEMENT_3D('',#19525,#15291,#15292);
#12158=AXIS2_PLACEMENT_3D('',#19527,#15293,#15294);
#12159=AXIS2_PLACEMENT_3D('',#19528,#15295,#15296);
#12160=AXIS2_PLACEMENT_3D('',#19531,#15298,#15299);
#12161=AXIS2_PLACEMENT_3D('',#19547,#15300,#15301);
#12162=AXIS2_PLACEMENT_3D('',#19549,#15302,#15303);
#12163=AXIS2_PLACEMENT_3D('',#19550,#15304,#15305);
#12164=AXIS2_PLACEMENT_3D('',#19566,#15306,#15307);
#12165=AXIS2_PLACEMENT_3D('',#19579,#15312,#15313);
#12166=AXIS2_PLACEMENT_3D('',#19580,#15314,#15315);
#12167=AXIS2_PLACEMENT_3D('',#19584,#15317,#15318);
#12168=AXIS2_PLACEMENT_3D('',#19585,#15319,#15320);
#12169=AXIS2_PLACEMENT_3D('',#19586,#15321,#15322);
#12170=AXIS2_PLACEMENT_3D('',#19588,#15323,#15324);
#12171=AXIS2_PLACEMENT_3D('',#19590,#15326,#15327);
#12172=AXIS2_PLACEMENT_3D('',#19591,#15328,#15329);
#12173=AXIS2_PLACEMENT_3D('',#19593,#15330,#15331);
#12174=AXIS2_PLACEMENT_3D('',#19594,#15332,#15333);
#12175=AXIS2_PLACEMENT_3D('',#19595,#15334,#15335);
#12176=AXIS2_PLACEMENT_3D('',#19598,#15337,#15338);
#12177=AXIS2_PLACEMENT_3D('',#19599,#15339,#15340);
#12178=AXIS2_PLACEMENT_3D('',#19601,#15341,#15342);
#12179=AXIS2_PLACEMENT_3D('',#19602,#15343,#15344);
#12180=AXIS2_PLACEMENT_3D('',#19610,#15349,#15350);
#12181=AXIS2_PLACEMENT_3D('',#19611,#15351,#15352);
#12182=AXIS2_PLACEMENT_3D('',#19612,#15353,#15354);
#12183=AXIS2_PLACEMENT_3D('',#19614,#15355,#15356);
#12184=AXIS2_PLACEMENT_3D('',#19615,#15357,#15358);
#12185=AXIS2_PLACEMENT_3D('',#19616,#15359,#15360);
#12186=AXIS2_PLACEMENT_3D('',#19619,#15362,#15363);
#12187=AXIS2_PLACEMENT_3D('',#19620,#15364,#15365);
#12188=AXIS2_PLACEMENT_3D('',#19621,#15366,#15367);
#12189=AXIS2_PLACEMENT_3D('',#19623,#15368,#15369);
#12190=AXIS2_PLACEMENT_3D('',#19624,#15370,#15371);
#12191=AXIS2_PLACEMENT_3D('',#19627,#15374,#15375);
#12192=AXIS2_PLACEMENT_3D('',#19630,#15377,#15378);
#12193=AXIS2_PLACEMENT_3D('',#19646,#15379,#15380);
#12194=AXIS2_PLACEMENT_3D('',#19648,#15381,#15382);
#12195=AXIS2_PLACEMENT_3D('',#19649,#15383,#15384);
#12196=AXIS2_PLACEMENT_3D('',#19652,#15386,#15387);
#12197=AXIS2_PLACEMENT_3D('',#19653,#15388,#15389);
#12198=AXIS2_PLACEMENT_3D('',#19654,#15390,#15391);
#12199=AXIS2_PLACEMENT_3D('',#19656,#15392,#15393);
#12200=AXIS2_PLACEMENT_3D('',#19657,#15394,#15395);
#12201=AXIS2_PLACEMENT_3D('',#19660,#15397,#15398);
#12202=AXIS2_PLACEMENT_3D('',#19676,#15399,#15400);
#12203=AXIS2_PLACEMENT_3D('',#19678,#15401,#15402);
#12204=AXIS2_PLACEMENT_3D('',#19679,#15403,#15404);
#12205=AXIS2_PLACEMENT_3D('',#19681,#15406,#15407);
#12206=AXIS2_PLACEMENT_3D('',#19684,#15409,#15410);
#12207=AXIS2_PLACEMENT_3D('',#19687,#15412,#15413);
#12208=AXIS2_PLACEMENT_3D('',#19688,#15414,#15415);
#12209=AXIS2_PLACEMENT_3D('',#19689,#15416,#15417);
#12210=AXIS2_PLACEMENT_3D('',#19690,#15418,#15419);
#12211=AXIS2_PLACEMENT_3D('',#19692,#15421,#15422);
#12212=AXIS2_PLACEMENT_3D('',#19693,#15423,#15424);
#12213=AXIS2_PLACEMENT_3D('',#19695,#15426,#15427);
#12214=AXIS2_PLACEMENT_3D('',#19698,#15429,#15430);
#12215=AXIS2_PLACEMENT_3D('',#19699,#15431,#15432);
#12216=AXIS2_PLACEMENT_3D('',#19700,#15433,#15434);
#12217=AXIS2_PLACEMENT_3D('',#19701,#15435,#15436);
#12218=AXIS2_PLACEMENT_3D('',#19702,#15437,#15438);
#12219=AXIS2_PLACEMENT_3D('',#19703,#15439,#15440);
#12220=AXIS2_PLACEMENT_3D('',#19704,#15441,#15442);
#12221=AXIS2_PLACEMENT_3D('',#19705,#15443,#15444);
#12222=AXIS2_PLACEMENT_3D('',#19714,#15447,#15448);
#12223=AXIS2_PLACEMENT_3D('',#19729,#15449,#15450);
#12224=AXIS2_PLACEMENT_3D('',#19739,#15451,#15452);
#12225=AXIS2_PLACEMENT_3D('',#19741,#15454,#15455);
#12226=AXIS2_PLACEMENT_3D('',#19743,#15457,#15458);
#12227=AXIS2_PLACEMENT_3D('',#19745,#15460,#15461);
#12228=AXIS2_PLACEMENT_3D('',#19746,#15462,#15463);
#12229=AXIS2_PLACEMENT_3D('',#19749,#15465,#15466);
#12230=AXIS2_PLACEMENT_3D('',#19750,#15467,#15468);
#12231=AXIS2_PLACEMENT_3D('',#19752,#15469,#15470);
#12232=AXIS2_PLACEMENT_3D('',#19753,#15471,#15472);
#12233=AXIS2_PLACEMENT_3D('',#19760,#15474,#15475);
#12234=AXIS2_PLACEMENT_3D('',#19765,#15476,#15477);
#12235=AXIS2_PLACEMENT_3D('',#19767,#15479,#15480);
#12236=AXIS2_PLACEMENT_3D('',#19769,#15482,#15483);
#12237=AXIS2_PLACEMENT_3D('',#19771,#15485,#15486);
#12238=AXIS2_PLACEMENT_3D('',#19772,#15487,#15488);
#12239=AXIS2_PLACEMENT_3D('',#19773,#15489,#15490);
#12240=AXIS2_PLACEMENT_3D('',#19774,#15491,#15492);
#12241=AXIS2_PLACEMENT_3D('',#19775,#15493,#15494);
#12242=AXIS2_PLACEMENT_3D('',#19776,#15495,#15496);
#12243=AXIS2_PLACEMENT_3D('',#19777,#15497,#15498);
#12244=AXIS2_PLACEMENT_3D('',#19778,#15499,#15500);
#12245=AXIS2_PLACEMENT_3D('',#19779,#15501,#15502);
#12246=AXIS2_PLACEMENT_3D('',#19784,#15505,#15506);
#12247=AXIS2_PLACEMENT_3D('',#19785,#15507,#15508);
#12248=AXIS2_PLACEMENT_3D('',#19788,#15510,#15511);
#12249=AXIS2_PLACEMENT_3D('',#19793,#15514,#15515);
#12250=AXIS2_PLACEMENT_3D('',#19800,#15520,#15521);
#12251=AXIS2_PLACEMENT_3D('',#19805,#15525,#15526);
#12252=AXIS2_PLACEMENT_3D('',#19809,#15529,#15530);
#12253=AXIS2_PLACEMENT_3D('',#19812,#15532,#15533);
#12254=AXIS2_PLACEMENT_3D('',#19817,#15536,#15537);
#12255=AXIS2_PLACEMENT_3D('',#19822,#15540,#15541);
#12256=AXIS2_PLACEMENT_3D('',#19823,#15542,#15543);
#12257=AXIS2_PLACEMENT_3D('',#19825,#15545,#15546);
#12258=AXIS2_PLACEMENT_3D('',#19827,#15548,#15549);
#12259=AXIS2_PLACEMENT_3D('',#19833,#15553,#15554);
#12260=AXIS2_PLACEMENT_3D('',#19834,#15555,#15556);
#12261=AXIS2_PLACEMENT_3D('',#19837,#15558,#15559);
#12262=AXIS2_PLACEMENT_3D('',#19838,#15560,#15561);
#12263=AXIS2_PLACEMENT_3D('',#19840,#15562,#15563);
#12264=AXIS2_PLACEMENT_3D('',#19841,#15564,#15565);
#12265=AXIS2_PLACEMENT_3D('',#19844,#15568,#15569);
#12266=AXIS2_PLACEMENT_3D('',#19849,#15572,#15573);
#12267=AXIS2_PLACEMENT_3D('',#19850,#15574,#15575);
#12268=AXIS2_PLACEMENT_3D('',#19851,#15576,#15577);
#12269=AXIS2_PLACEMENT_3D('',#19852,#15578,#15579);
#12270=AXIS2_PLACEMENT_3D('',#19853,#15580,#15581);
#12271=AXIS2_PLACEMENT_3D('',#19855,#15583,#15584);
#12272=AXIS2_PLACEMENT_3D('',#19856,#15585,#15586);
#12273=AXIS2_PLACEMENT_3D('',#19858,#15588,#15589);
#12274=AXIS2_PLACEMENT_3D('',#19859,#15590,#15591);
#12275=AXIS2_PLACEMENT_3D('',#19860,#15592,#15593);
#12276=AXIS2_PLACEMENT_3D('',#19861,#15594,#15595);
#12277=AXIS2_PLACEMENT_3D('',#19862,#15596,#15597);
#12278=AXIS2_PLACEMENT_3D('',#19863,#15598,#15599);
#12279=AXIS2_PLACEMENT_3D('',#19864,#15600,#15601);
#12280=AXIS2_PLACEMENT_3D('',#19865,#15602,#15603);
#12281=AXIS2_PLACEMENT_3D('',#19866,#15604,#15605);
#12282=AXIS2_PLACEMENT_3D('',#19867,#15606,#15607);
#12283=AXIS2_PLACEMENT_3D('',#19868,#15608,#15609);
#12284=AXIS2_PLACEMENT_3D('',#19869,#15610,#15611);
#12285=AXIS2_PLACEMENT_3D('',#19870,#15612,#15613);
#12286=AXIS2_PLACEMENT_3D('',#19871,#15614,#15615);
#12287=AXIS2_PLACEMENT_3D('',#19872,#15616,#15617);
#12288=AXIS2_PLACEMENT_3D('',#19873,#15618,#15619);
#12289=AXIS2_PLACEMENT_3D('',#19874,#15620,#15621);
#12290=AXIS2_PLACEMENT_3D('',#19875,#15622,#15623);
#12291=AXIS2_PLACEMENT_3D('',#19876,#15624,#15625);
#12292=AXIS2_PLACEMENT_3D('',#19877,#15626,#15627);
#12293=AXIS2_PLACEMENT_3D('',#19878,#15628,#15629);
#12294=AXIS2_PLACEMENT_3D('',#19879,#15630,#15631);
#12295=AXIS2_PLACEMENT_3D('',#19880,#15632,#15633);
#12296=AXIS2_PLACEMENT_3D('',#19881,#15634,#15635);
#12297=AXIS2_PLACEMENT_3D('',#19882,#15636,#15637);
#12298=AXIS2_PLACEMENT_3D('',#19883,#15638,#15639);
#12299=AXIS2_PLACEMENT_3D('',#19884,#15640,#15641);
#12300=AXIS2_PLACEMENT_3D('',#19885,#15642,#15643);
#12301=AXIS2_PLACEMENT_3D('',#19886,#15644,#15645);
#12302=AXIS2_PLACEMENT_3D('',#19887,#15646,#15647);
#12303=AXIS2_PLACEMENT_3D('',#19888,#15648,#15649);
#12304=AXIS2_PLACEMENT_3D('',#19889,#15650,#15651);
#12305=AXIS2_PLACEMENT_3D('',#19891,#15653,#15654);
#12306=AXIS2_PLACEMENT_3D('',#19893,#15656,#15657);
#12307=AXIS2_PLACEMENT_3D('',#19895,#15659,#15660);
#12308=AXIS2_PLACEMENT_3D('',#19897,#15662,#15663);
#12309=AXIS2_PLACEMENT_3D('',#19899,#15665,#15666);
#12310=AXIS2_PLACEMENT_3D('',#19900,#15667,#15668);
#12311=AXIS2_PLACEMENT_3D('',#19902,#15670,#15671);
#12312=DIRECTION('',(0.,0.,1.));
#12313=DIRECTION('',(1.,0.,0.));
#12314=DIRECTION('',(0.,-1.,0.));
#12315=DIRECTION('',(0.,0.,1.));
#12316=DIRECTION('',(0.,1.,0.));
#12317=DIRECTION('',(0.,0.,1.));
#12318=DIRECTION('',(0.,-1.,0.));
#12319=DIRECTION('',(0.,1.,0.));
#12320=DIRECTION('',(0.,0.,-1.));
#12321=DIRECTION('',(0.,-1.,0.));
#12322=DIRECTION('',(0.,-1.,0.));
#12323=DIRECTION('',(0.,0.,1.));
#12324=DIRECTION('',(0.,-1.,0.));
#12325=DIRECTION('',(0.,0.,-1.));
#12326=DIRECTION('',(0.,-1.,0.));
#12327=DIRECTION('',(0.,-1.,0.));
#12328=DIRECTION('',(0.,0.,1.));
#12329=DIRECTION('',(0.,-1.,0.));
#12330=DIRECTION('',(8.163404592832E-16,-1.,-8.16340459283199E-16));
#12331=DIRECTION('',(-1.,-8.163404592832E-16,0.));
#12332=DIRECTION('',(-8.16340459283196E-16,1.,3.50324616081205E-44));
#12333=DIRECTION('',(0.,1.,0.));
#12334=DIRECTION('',(0.,0.,-1.));
#12335=DIRECTION('',(-8.163404592832E-16,1.,8.16340459283199E-16));
#12336=DIRECTION('',(0.,1.,0.));
#12337=DIRECTION('',(0.,0.,-1.));
#12338=DIRECTION('',(0.5,-0.707106781186541,0.5));
#12339=DIRECTION('',(0.,0.577350269189634,0.816496580927721));
#12340=DIRECTION('',(0.5,-0.707106781186541,0.5));
#12341=DIRECTION('',(0.499999999999994,0.707106781186555,0.5));
#12342=DIRECTION('',(-0.5,-0.707106781186555,-0.5));
#12343=DIRECTION('',(0.707106781186548,0.,-0.707106781186547));
#12344=DIRECTION('',(0.5,0.707106781186555,0.5));
#12345=DIRECTION('',(0.707106781186548,0.,-0.707106781186547));
#12346=DIRECTION('',(0.707106781186548,0.,-0.707106781186547));
#12347=DIRECTION('',(-0.707106781186547,0.,-0.707106781186548));
#12348=DIRECTION('',(0.707106781186548,0.,-0.707106781186547));
#12349=DIRECTION('',(0.696364240320019,-0.173648177666926,0.69636424032002));
#12350=DIRECTION('',(0.707106781186548,0.,-0.707106781186547));
#12351=DIRECTION('',(-0.24195478575236,-0.970287525247815,-5.90629767889809E-18));
#12352=DIRECTION('',(-7.91033905045424E-16,0.970287525247815,0.24195478575236));
#12353=DIRECTION('',(0.707106781186548,0.,-0.707106781186547));
#12354=DIRECTION('',(0.707106781186548,0.,-0.707106781186547));
#12355=DIRECTION('',(-0.707106781186547,0.,-0.707106781186548));
#12356=DIRECTION('',(0.707106781186548,0.,-0.707106781186547));
#12357=DIRECTION('',(0.,1.,0.));
#12358=DIRECTION('',(0.,0.,-1.));
#12359=DIRECTION('',(1.,0.,0.));
#12360=DIRECTION('',(0.,1.,0.));
#12361=DIRECTION('',(0.,0.,-1.));
#12362=DIRECTION('',(0.,1.,0.));
#12363=DIRECTION('',(0.,0.,-1.));
#12364=DIRECTION('',(0.,0.,-1.));
#12365=DIRECTION('',(0.,1.,0.));
#12366=DIRECTION('',(0.,0.,-1.));
#12367=DIRECTION('',(-0.707106781186548,0.,-0.707106781186548));
#12368=DIRECTION('',(-4.63502542989784E-15,0.,-1.));
#12369=DIRECTION('',(0.,1.,0.));
#12370=DIRECTION('',(0.,0.,-1.));
#12371=DIRECTION('',(1.,0.,4.63502542989784E-15));
#12372=DIRECTION('',(-0.707106781186548,0.,-0.707106781186548));
#12373=DIRECTION('',(0.,1.,0.));
#12374=DIRECTION('',(0.,0.,-1.));
#12375=DIRECTION('',(0.707106781186548,5.77239874516094E-16,-0.707106781186548));
#12376=DIRECTION('',(-0.707106781186548,0.,-0.707106781186548));
#12377=DIRECTION('',(-0.707106781186548,0.,-0.707106781186548));
#12378=DIRECTION('',(0.0123407149398269,-0.999847695156391,0.0123407149398261));
#12379=DIRECTION('',(0.707106781186548,5.77239874516094E-16,-0.707106781186548));
#12380=DIRECTION('',(-0.707106781186548,0.,-0.707106781186548));
#12381=DIRECTION('',(0.707106781186548,-4.31464180567002E-15,0.707106781186548));
#12382=DIRECTION('',(0.707106781186548,5.77239874516094E-16,-0.707106781186548));
#12383=DIRECTION('',(-0.707106781186548,0.,-0.707106781186548));
#12384=DIRECTION('',(-0.5,-0.707106781186555,-0.5));
#12385=DIRECTION('',(8.16340459283203E-16,-1.,0.));
#12386=DIRECTION('',(-0.707106781186548,0.,-0.707106781186548));
#12387=DIRECTION('',(0.707106781186548,5.77239874516094E-16,-0.707106781186548));
#12388=DIRECTION('',(0.707106781186548,-5.77239874516088E-16,0.707106781186548));
#12389=DIRECTION('',(-8.16340459283203E-16,1.,0.));
#12390=DIRECTION('',(-0.707106781186548,-5.77239874516094E-16,0.707106781186548));
#12391=DIRECTION('',(0.707106781186548,0.,0.707106781186548));
#12392=DIRECTION('',(-0.707106781186548,-5.77239874516094E-16,0.707106781186548));
#12393=DIRECTION('',(0.707106781186548,0.,0.707106781186548));
#12394=DIRECTION('',(0.0123407149398269,-0.999847695156391,0.0123407149398261));
#12395=DIRECTION('',(-0.707106781186548,0.,-0.707106781186548));
#12396=DIRECTION('',(8.16340459283203E-16,-1.,2.70808094030918E-31));
#12397=DIRECTION('',(-0.707106781186548,-5.77239874516094E-16,0.707106781186548));
#12398=DIRECTION('',(-0.707106781186548,-5.77239874516088E-16,-0.707106781186548));
#12399=DIRECTION('',(-0.707106781186548,0.,-0.707106781186548));
#12400=DIRECTION('',(-8.16340459283203E-16,1.,-1.2924107119342E-31));
#12401=DIRECTION('',(0.5,0.707106781186555,0.5));
#12402=DIRECTION('',(-0.707106781186548,-5.77239874516094E-16,0.707106781186548));
#12403=DIRECTION('',(0.707106781186548,0.,0.707106781186548));
#12404=DIRECTION('',(0.707106781186548,-4.31464180567002E-15,0.707106781186548));
#12405=DIRECTION('',(-0.706999085398824,-0.0174524064372829,-0.706999085398825));
#12406=DIRECTION('',(-0.707106781186548,0.,0.707106781186547));
#12407=DIRECTION('',(0.707106781186548,0.,-0.707106781186547));
#12408=DIRECTION('',(0.0123407149398269,-0.999847695156391,0.0123407149398261));
#12409=DIRECTION('',(0.707106781186548,0.,-0.707106781186547));
#12410=DIRECTION('',(0.0123407149398269,-0.999847695156391,0.0123407149398261));
#12411=DIRECTION('',(0.707106781186548,0.,-0.707106781186547));
#12412=DIRECTION('',(-0.707106781186547,0.,-0.707106781186548));
#12413=DIRECTION('',(0.707106781186548,0.,-0.707106781186547));
#12414=DIRECTION('',(0.707106781186548,5.77239874516094E-16,-0.707106781186548));
#12415=DIRECTION('',(-0.707106781186548,0.,-0.707106781186548));
#12416=DIRECTION('',(-0.707106781186548,-5.77239874516094E-16,0.707106781186548));
#12417=DIRECTION('',(0.707106781186548,0.,0.707106781186548));
#12418=DIRECTION('',(-3.05091247918024E-15,-1.,-3.05091247918024E-15));
#12419=DIRECTION('',(0.,-3.05091247918024E-15,1.));
#12420=DIRECTION('',(0.707106781186548,0.,-0.707106781186547));
#12421=DIRECTION('',(0.707106781186548,-4.31464180567002E-15,0.707106781186548));
#12422=DIRECTION('',(0.707106781186548,-4.31464180567002E-15,0.707106781186548));
#12423=DIRECTION('',(0.707106781186548,0.,-0.707106781186547));
#12424=DIRECTION('',(-0.707106781186547,0.,-0.707106781186548));
#12425=DIRECTION('',(0.707106781186548,5.77239874516094E-16,-0.707106781186548));
#12426=DIRECTION('',(-0.707106781186548,0.,-0.707106781186548));
#12427=DIRECTION('',(-0.707106781186548,-5.77239874516094E-16,0.707106781186548));
#12428=DIRECTION('',(0.707106781186548,0.,0.707106781186548));
#12429=DIRECTION('',(-1.,-8.16340459283203E-16,4.63502542989784E-15));
#12430=DIRECTION('',(4.63502542989784E-15,0.,1.));
#12431=DIRECTION('',(-4.63502542989784E-15,0.,-1.));
#12432=DIRECTION('',(8.16340459283203E-16,-1.,3.3666745017894E-31));
#12433=DIRECTION('',(4.63502542989784E-15,0.,1.));
#12434=DIRECTION('',(4.63502542989784E-15,3.78375878823212E-30,-1.));
#12435=DIRECTION('',(-1.,0.,-4.63502542989784E-15));
#12436=DIRECTION('',(-1.,0.,-4.63502542989784E-15));
#12437=DIRECTION('',(-8.16340459283203E-16,1.,7.00649232162408E-46));
#12438=DIRECTION('',(1.,0.,4.63502542989784E-15));
#12439=DIRECTION('',(1.,8.16340459283203E-16,0.));
#12440=DIRECTION('',(8.16340459283203E-16,-1.,0.));
#12441=DIRECTION('',(-7.92084963997564E-16,0.970287525247815,0.24195478575236));
#12442=DIRECTION('',(-8.16340459283203E-16,1.,-1.68333725089469E-31));
#12443=DIRECTION('',(0.,0.,-1.));
#12444=DIRECTION('',(8.16340459283203E-16,-1.,0.));
#12445=DIRECTION('',(8.16340459283203E-16,-1.,0.));
#12446=DIRECTION('',(-1.,-8.16340459283203E-16,0.));
#12447=DIRECTION('',(0.,1.,0.));
#12448=DIRECTION('',(0.,0.,-1.));
#12449=DIRECTION('',(0.,0.,1.));
#12450=DIRECTION('',(1.,0.,0.));
#12451=DIRECTION('',(8.16340459283203E-16,-1.,0.));
#12452=DIRECTION('',(-0.24195478575236,-0.970287525247815,0.));
#12453=DIRECTION('',(8.16340459283203E-16,-1.,0.));
#12454=DIRECTION('',(1.,0.,0.));
#12455=DIRECTION('',(8.16340459283203E-16,-1.,0.));
#12456=DIRECTION('',(-1.,-8.16340459283203E-16,0.));
#12457=DIRECTION('',(0.,1.,0.));
#12458=DIRECTION('',(0.,0.,-1.));
#12459=DIRECTION('',(-8.16340459283203E-16,1.,0.));
#12460=DIRECTION('',(1.,8.16340459283203E-16,0.));
#12461=DIRECTION('',(-0.473029498104879,0.743294146247158,-0.47302949810488));
#12462=DIRECTION('',(0.525588331227631,0.668964731622459,0.525588331227631));
#12463=DIRECTION('',(0.,1.,0.));
#12464=DIRECTION('',(0.,0.,-1.));
#12465=DIRECTION('',(8.16340459283203E-16,-1.,1.68333725089469E-31));
#12466=DIRECTION('',(-1.,-8.16340459283203E-16,0.));
#12467=DIRECTION('',(0.,1.,0.));
#12468=DIRECTION('',(0.,0.,-1.));
#12469=DIRECTION('',(-4.63502542989784E-15,0.,-1.));
#12470=DIRECTION('',(-1.,0.,4.63502542989784E-15));
#12471=DIRECTION('',(0.948683298050509,7.74448559244855E-16,-0.316227766016851));
#12472=DIRECTION('',(-0.316227766016851,0.,-0.948683298050509));
#12473=DIRECTION('',(0.,0.,-1.));
#12474=DIRECTION('',(-1.,0.,0.));
#12475=DIRECTION('',(0.,1.,0.));
#12476=DIRECTION('',(0.,0.,-1.));
#12477=DIRECTION('',(1.,0.,0.));
#12478=DIRECTION('',(0.,0.,-1.));
#12479=DIRECTION('',(1.,0.,4.63502542989784E-15));
#12480=DIRECTION('',(4.63502542989784E-15,0.,-1.));
#12481=DIRECTION('',(-0.316227766016851,-7.74448559244855E-16,0.948683298050509));
#12482=DIRECTION('',(0.948683298050509,0.,0.316227766016851));
#12483=DIRECTION('',(-8.16340459283203E-16,1.,9.90867646590378E-46));
#12484=DIRECTION('',(1.,8.16340459283203E-16,0.));
#12485=DIRECTION('',(0.,1.,0.));
#12486=DIRECTION('',(0.,0.,-1.));
#12487=DIRECTION('',(0.,-1.,0.));
#12488=DIRECTION('',(0.,0.,1.));
#12489=DIRECTION('',(0.707106781186548,0.,0.707106781186548));
#12490=DIRECTION('',(0.707106781186548,0.,-0.707106781186548));
#12491=DIRECTION('',(0.707106781186548,0.,0.707106781186548));
#12492=DIRECTION('',(0.707106781186548,0.,-0.707106781186548));
#12493=DIRECTION('',(0.707106781186548,0.,0.707106781186548));
#12494=DIRECTION('',(0.707106781186548,0.,-0.707106781186548));
#12495=DIRECTION('',(0.,1.,0.));
#12496=DIRECTION('',(0.,0.,-1.));
#12497=DIRECTION('',(1.,0.,0.));
#12498=DIRECTION('',(0.,0.,-1.));
#12499=DIRECTION('',(1.,0.,0.));
#12500=DIRECTION('',(0.,0.,-1.));
#12501=DIRECTION('',(1.,0.,0.));
#12502=DIRECTION('',(0.,0.,-1.));
#12503=DIRECTION('',(0.,1.,0.));
#12504=DIRECTION('',(0.,0.,-1.));
#12505=DIRECTION('',(0.998037259236656,0.,-0.0626229125431237));
#12506=DIRECTION('',(-0.0626229125431237,0.,-0.998037259236656));
#12507=DIRECTION('',(0.167194949694745,0.965073547458826,-0.201690100877086));
#12508=DIRECTION('',(0.,0.204569652876205,0.978852009816657));
#12509=DIRECTION('',(-0.24195478575236,-0.970287525247815,0.));
#12510=DIRECTION('',(-0.970287525247815,0.24195478575236,0.));
#12511=DIRECTION('',(-0.000712441762250437,0.000331575534794097,0.999999691242152));
#12512=DIRECTION('',(0.999999746213308,0.,0.000712441801414195));
#12513=DIRECTION('',(-0.533537847350268,0.375326108203339,0.757936460361803));
#12514=DIRECTION('',(0.817717473251137,0.,0.575619782443044));
#12515=DIRECTION('',(-0.5,-0.707106781186566,-0.49999999999997));
#12516=DIRECTION('',(-0.816496580927731,0.577350269189619,0.));
#12517=DIRECTION('',(0.5,0.707106781186555,0.5));
#12518=DIRECTION('',(0.,0.577350269189618,-0.816496580927731));
#12519=DIRECTION('',(-0.5,-0.707106781186566,-0.49999999999997));
#12520=DIRECTION('',(-0.816496580927731,0.577350269189619,0.));
#12521=DIRECTION('',(0.707106781186548,5.77239874516094E-16,-0.707106781186548));
#12522=DIRECTION('',(-0.707106781186548,0.,-0.707106781186548));
#12523=DIRECTION('',(-0.707106781186548,0.,-0.707106781186548));
#12524=DIRECTION('',(-0.707106781186548,0.,0.707106781186548));
#12525=DIRECTION('',(-0.707106781186548,4.31464180567002E-15,-0.707106781186548));
#12526=DIRECTION('',(-0.707106781186548,0.,0.707106781186548));
#12527=DIRECTION('',(-0.707106781186548,0.,-0.707106781186548));
#12528=DIRECTION('',(-0.707106781186548,0.,0.707106781186548));
#12529=DIRECTION('',(0.707106781186548,5.77239874516094E-16,-0.707106781186548));
#12530=DIRECTION('',(-0.707106781186548,0.,-0.707106781186548));
#12531=DIRECTION('',(-0.012340714939825,0.999847695156391,-0.012340714939825));
#12532=DIRECTION('',(0.,-0.0123416547509348,-0.999923838878746));
#12533=DIRECTION('',(-0.0123407149398269,0.999847695156391,-0.0123407149398261));
#12534=DIRECTION('',(0.999923838878746,0.0123416547509367,0.));
#12535=DIRECTION('',(0.,1.,0.));
#12536=DIRECTION('',(-0.707106781186571,0.,-0.707106781186524));
#12537=DIRECTION('',(8.16340459283203E-16,-1.,3.36667450178939E-31));
#12538=DIRECTION('',(-1.,-8.16340459283203E-16,0.));
#12539=DIRECTION('',(0.,1.,0.));
#12540=DIRECTION('',(0.,0.,-1.));
#12541=DIRECTION('',(0.,-1.,0.));
#12542=DIRECTION('',(0.,0.,1.));
#12543=DIRECTION('',(0.707106781186548,0.,0.707106781186548));
#12544=DIRECTION('',(0.707106781186548,0.,-0.707106781186548));
#12545=DIRECTION('',(0.707106781186548,0.,0.707106781186548));
#12546=DIRECTION('',(0.707106781186548,0.,-0.707106781186548));
#12547=DIRECTION('',(0.707106781186548,0.,0.707106781186548));
#12548=DIRECTION('',(0.707106781186548,0.,-0.707106781186548));
#12549=DIRECTION('',(0.,1.,0.));
#12550=DIRECTION('',(0.,0.,-1.));
#12551=DIRECTION('',(0.,0.,1.));
#12552=DIRECTION('',(1.,0.,0.));
#12553=DIRECTION('',(0.,0.,-1.));
#12554=DIRECTION('',(-1.,0.,0.));
#12555=DIRECTION('',(0.,0.,1.));
#12556=DIRECTION('',(1.,0.,0.));
#12557=DIRECTION('',(0.,1.,0.));
#12558=DIRECTION('',(0.,0.,-1.));
#12559=DIRECTION('',(-0.0626229125431238,0.,0.998037259236656));
#12560=DIRECTION('',(0.998037259236656,0.,0.0626229125431238));
#12561=DIRECTION('',(-0.201690098516411,0.965073547552123,0.167194952003945));
#12562=DIRECTION('',(-0.978852010300076,-0.20456965056308,0.));
#12563=DIRECTION('',(-7.92084963997564E-16,0.970287525247815,0.24195478575236));
#12564=DIRECTION('',(0.,0.24195478575236,-0.970287525247815));
#12565=DIRECTION('',(0.999999691241674,0.000331575794774132,-0.000712442313189659));
#12566=DIRECTION('',(-0.00071244235235351,0.,-0.999999746212915));
#12567=DIRECTION('',(0.77683430984722,0.377927938103967,-0.503685346863176));
#12568=DIRECTION('',(-0.544033590341556,0.,-0.839063437756691));
#12569=DIRECTION('',(0.497913749578572,-0.70745893512416,0.50158125273339));
#12570=DIRECTION('',(0.,-0.578373955164315,-0.815771762190618));
#12571=DIRECTION('',(-0.5,-0.707106781186555,-0.5));
#12572=DIRECTION('',(0.,-0.577350269189618,0.816496580927731));
#12573=DIRECTION('',(-0.499999999999987,-0.707106781186566,-0.499999999999987));
#12574=DIRECTION('',(0.,-0.577350269189606,0.81649658092774));
#12575=DIRECTION('',(-0.707106781186548,-5.77239874516094E-16,0.707106781186548));
#12576=DIRECTION('',(0.707106781186548,0.,0.707106781186548));
#12577=DIRECTION('',(-0.707106781186548,0.,-0.707106781186548));
#12578=DIRECTION('',(-0.707106781186548,0.,0.707106781186548));
#12579=DIRECTION('',(-0.707106781186548,4.31464180567002E-15,-0.707106781186548));
#12580=DIRECTION('',(-0.707106781186548,0.,0.707106781186548));
#12581=DIRECTION('',(-0.707106781186548,0.,-0.707106781186548));
#12582=DIRECTION('',(-0.707106781186548,0.,0.707106781186548));
#12583=DIRECTION('',(-0.707106781186548,-5.77239874516094E-16,0.707106781186548));
#12584=DIRECTION('',(0.707106781186548,0.,0.707106781186548));
#12585=DIRECTION('',(-0.012340714939825,0.999847695156391,-0.012340714939825));
#12586=DIRECTION('',(0.,-0.0123416547509348,-0.999923838878746));
#12587=DIRECTION('',(-0.0123407149398269,0.999847695156391,-0.0123407149398261));
#12588=DIRECTION('',(0.999923838878746,0.0123416547509367,0.));
#12589=DIRECTION('',(0.,1.,0.));
#12590=DIRECTION('',(-0.707106781186571,0.,-0.707106781186524));
#12591=DIRECTION('',(0.,1.,0.));
#12592=DIRECTION('',(0.,0.,-1.));
#12593=DIRECTION('',(0.,1.,0.));
#12594=DIRECTION('',(0.,0.,-1.));
#12595=DIRECTION('',(1.,0.,0.));
#12596=DIRECTION('',(0.,0.,-1.));
#12597=DIRECTION('',(1.,0.,0.));
#12598=DIRECTION('',(0.,0.,-1.));
#12599=DIRECTION('',(0.,1.,0.));
#12600=DIRECTION('',(0.,0.,-1.));
#12601=DIRECTION('',(0.,1.,0.));
#12602=DIRECTION('',(0.,0.,-1.));
#12603=DIRECTION('',(-0.707106781186548,0.,-0.707106781186548));
#12604=DIRECTION('',(1.,0.,0.));
#12605=DIRECTION('',(0.,0.,1.));
#12606=DIRECTION('',(1.,0.,0.));
#12607=DIRECTION('',(0.707106781186548,5.77239874516094E-16,0.707106781186548));
#12608=DIRECTION('',(8.16340459283203E-16,-1.,0.));
#12609=DIRECTION('',(-1.,-8.16340459283203E-16,0.));
#12610=DIRECTION('',(4.63502542989784E-15,3.78375878823212E-30,1.));
#12611=DIRECTION('',(8.16340459283203E-16,-1.,0.));
#12612=DIRECTION('',(-1.,-8.16340459283203E-16,0.));
#12613=DIRECTION('',(-1.,-8.16340459283203E-16,-4.63502542989784E-15));
#12614=DIRECTION('',(8.16340459283203E-16,-1.,0.));
#12615=DIRECTION('',(-1.,-8.16340459283203E-16,0.));
#12616=DIRECTION('',(-0.707106781186548,-5.77239874516094E-16,-0.707106781186548));
#12617=DIRECTION('',(8.16340459283203E-16,-1.,0.));
#12618=DIRECTION('',(-1.,-8.16340459283203E-16,0.));
#12619=DIRECTION('',(-0.707106781186548,-5.77239874516094E-16,0.707106781186548));
#12620=DIRECTION('',(8.16340459283203E-16,-1.,0.));
#12621=DIRECTION('',(-1.,-8.16340459283203E-16,0.));
#12622=DIRECTION('',(1.,0.,0.));
#12623=DIRECTION('',(0.,0.,1.));
#12624=DIRECTION('',(-1.,-8.16340459283203E-16,0.));
#12625=DIRECTION('',(8.16340459283203E-16,-1.,0.));
#12626=DIRECTION('',(-1.,-8.16340459283203E-16,0.));
#12627=DIRECTION('',(0.,0.,1.));
#12628=DIRECTION('',(-1.,0.,0.));
#12629=DIRECTION('',(0.,0.,-1.));
#12630=DIRECTION('',(0.,1.,0.));
#12631=DIRECTION('',(0.,0.,-1.));
#12632=DIRECTION('',(0.,0.,-1.));
#12633=DIRECTION('',(-1.,0.,0.));
#12634=DIRECTION('',(0.,0.,-1.));
#12635=DIRECTION('',(-0.707106781186548,0.,-0.707106781186548));
#12636=DIRECTION('',(0.,-1.,0.));
#12637=DIRECTION('',(0.,0.,1.));
#12638=DIRECTION('',(0.,-1.,0.));
#12639=DIRECTION('',(0.,0.,1.));
#12640=DIRECTION('',(1.,0.,0.));
#12641=DIRECTION('',(0.,0.,-1.));
#12642=DIRECTION('',(0.707106781186548,0.,-0.707106781186548));
#12643=DIRECTION('',(0.,0.,1.));
#12644=DIRECTION('',(1.,0.,0.));
#12645=DIRECTION('',(0.,-1.,0.));
#12646=DIRECTION('',(1.,0.,0.));
#12647=DIRECTION('',(1.,0.,0.));
#12648=DIRECTION('',(0.,-1.,0.));
#12649=DIRECTION('',(1.,0.,0.));
#12650=DIRECTION('',(0.,-1.,0.));
#12651=DIRECTION('',(-1.,0.,0.));
#12652=DIRECTION('',(0.,-1.,0.));
#12653=DIRECTION('',(-1.,0.,0.));
#12654=DIRECTION('',(1.,0.,0.));
#12655=DIRECTION('',(0.,0.,-1.));
#12656=DIRECTION('',(0.,1.,0.));
#12657=DIRECTION('',(0.,0.,1.));
#12658=DIRECTION('',(0.,0.,1.));
#12659=DIRECTION('',(0.,1.,0.));
#12660=DIRECTION('',(0.,0.,-1.));
#12661=DIRECTION('',(0.,-1.,0.));
#12662=DIRECTION('',(0.,0.,-1.));
#12663=DIRECTION('',(0.,-1.,0.));
#12664=DIRECTION('',(0.,0.,-1.));
#12665=DIRECTION('',(0.,-1.,0.));
#12666=DIRECTION('',(0.,0.,1.));
#12667=DIRECTION('',(0.,-1.,0.));
#12668=DIRECTION('',(8.16340459283203E-16,-1.,0.));
#12669=DIRECTION('',(-1.,-8.16340459283203E-16,0.));
#12670=DIRECTION('',(0.,-1.,0.));
#12671=DIRECTION('',(5.55765921160943E-16,-1.,5.55765921160943E-16));
#12672=DIRECTION('',(0.,5.55765921160943E-16,1.));
#12673=DIRECTION('',(0.,-1.,0.));
#12674=DIRECTION('',(0.,0.,1.));
#12675=DIRECTION('',(0.,-1.,0.));
#12676=DIRECTION('',(0.,1.,0.));
#12677=DIRECTION('',(0.,0.,-1.));
#12678=DIRECTION('',(0.,-1.,0.));
#12679=DIRECTION('',(8.16340459283203E-16,-1.,0.));
#12680=DIRECTION('',(-1.,-8.16340459283203E-16,0.));
#12681=DIRECTION('',(-1.,0.,0.));
#12682=DIRECTION('',(0.,0.,1.));
#12683=DIRECTION('',(0.,0.,-1.));
#12684=DIRECTION('',(3.49148133884314E-15,0.,-1.));
#12685=DIRECTION('',(-1.,0.,-3.49148133884314E-15));
#12686=DIRECTION('',(-3.49148133884314E-15,0.,1.));
#12687=DIRECTION('',(3.49148133884314E-15,0.,-1.));
#12688=DIRECTION('',(-1.,0.,-3.49148133884314E-15));
#12689=DIRECTION('',(3.49148133884314E-15,0.,-1.));
#12690=DIRECTION('',(3.49148133884314E-15,0.,-1.));
#12691=DIRECTION('',(0.,-1.,0.));
#12692=DIRECTION('',(0.,0.,1.));
#12693=DIRECTION('',(0.,-1.,0.));
#12694=DIRECTION('',(0.,0.,-1.));
#12695=DIRECTION('',(1.,0.,0.));
#12696=DIRECTION('',(0.,8.16340459283203E-16,-1.));
#12697=DIRECTION('',(0.,1.,-8.16340459283203E-16));
#12698=DIRECTION('',(1.,0.,0.));
#12699=DIRECTION('',(0.,1.11153184232188E-15,-1.));
#12700=DIRECTION('',(0.,5.55765921160943E-16,-1.));
#12701=DIRECTION('',(0.,-1.,0.));
#12702=DIRECTION('',(0.,0.,-1.));
#12703=DIRECTION('',(0.,-1.,0.));
#12704=DIRECTION('',(-3.49148133884314E-15,0.,1.));
#12705=DIRECTION('',(-1.,0.,-3.49148133884314E-15));
#12706=DIRECTION('',(-3.49148133884314E-15,0.,1.));
#12707=DIRECTION('',(-3.49148133884314E-15,0.,1.));
#12708=DIRECTION('',(-1.,0.,-3.49148133884314E-15));
#12709=DIRECTION('',(3.49148133884314E-15,0.,-1.));
#12710=DIRECTION('',(-3.49148133884314E-15,0.,1.));
#12711=DIRECTION('',(0.,-1.,0.));
#12712=DIRECTION('',(0.,0.,1.));
#12713=DIRECTION('',(0.,5.55765921160943E-16,1.));
#12714=DIRECTION('',(-1.,0.,0.));
#12715=DIRECTION('',(0.,1.11153184232188E-15,1.));
#12716=DIRECTION('',(0.,1.,8.16340459283203E-16));
#12717=DIRECTION('',(-1.,0.,0.));
#12718=DIRECTION('',(0.,8.16340459283203E-16,1.));
#12719=DIRECTION('',(0.,0.,1.));
#12720=DIRECTION('',(0.,0.,-1.));
#12721=DIRECTION('',(-1.,0.,0.));
#12722=DIRECTION('',(-1.,0.,0.));
#12723=DIRECTION('',(0.,0.,-1.));
#12724=DIRECTION('',(-1.,0.,0.));
#12725=DIRECTION('',(-1.,0.,0.));
#12726=DIRECTION('',(0.,0.,-1.));
#12727=DIRECTION('',(1.,0.,0.));
#12728=DIRECTION('',(-1.,0.,0.));
#12729=DIRECTION('',(0.,-1.,0.));
#12730=DIRECTION('',(1.,-8.16340459283204E-16,0.));
#12731=DIRECTION('',(0.,-1.,0.));
#12732=DIRECTION('',(1.,-5.55765921160943E-16,0.));
#12733=DIRECTION('',(0.,0.,1.));
#12734=DIRECTION('',(1.,-1.11153184232188E-15,0.));
#12735=DIRECTION('',(-8.16340459283203E-16,-1.,0.));
#12736=DIRECTION('',(0.,0.,1.));
#12737=DIRECTION('',(1.,-8.16340459283203E-16,0.));
#12738=DIRECTION('',(1.,-8.16340459283204E-16,0.));
#12739=DIRECTION('',(0.,-1.,0.));
#12740=DIRECTION('',(-1.,0.,0.));
#12741=DIRECTION('',(0.,-1.,0.));
#12742=DIRECTION('',(1.,0.,0.));
#12743=DIRECTION('',(0.,0.,-1.));
#12744=DIRECTION('',(-1.,0.,0.));
#12745=DIRECTION('',(1.,0.,0.));
#12746=DIRECTION('',(0.,0.,-1.));
#12747=DIRECTION('',(1.,0.,0.));
#12748=DIRECTION('',(1.,0.,0.));
#12749=DIRECTION('',(0.,-1.,0.));
#12750=DIRECTION('',(1.,0.,0.));
#12751=DIRECTION('',(-1.,-8.16340459283204E-16,0.));
#12752=DIRECTION('',(0.,0.,-1.));
#12753=DIRECTION('',(-1.,-8.16340459283203E-16,0.));
#12754=DIRECTION('',(8.16340459283203E-16,-1.,0.));
#12755=DIRECTION('',(0.,0.,-1.));
#12756=DIRECTION('',(-1.,-1.11153184232188E-15,0.));
#12757=DIRECTION('',(-1.,-5.55765921160943E-16,0.));
#12758=DIRECTION('',(-1.,-8.16340459283204E-16,0.));
#12759=DIRECTION('',(0.,-1.,0.));
#12760=DIRECTION('',(0.,0.,1.));
#12761=DIRECTION('',(0.,-1.,0.));
#12762=DIRECTION('',(0.,0.,1.));
#12763=DIRECTION('',(1.,0.,0.));
#12764=DIRECTION('',(0.,0.,-1.));
#12765=DIRECTION('',(1.,0.,0.));
#12766=DIRECTION('',(0.,0.,-1.));
#12767=DIRECTION('',(-1.,0.,0.));
#12768=DIRECTION('',(0.,0.,1.));
#12769=DIRECTION('',(-1.,0.,0.));
#12770=DIRECTION('',(0.,0.,1.));
#12771=DIRECTION('',(0.,0.,-1.));
#12772=DIRECTION('',(0.,-1.,0.));
#12773=DIRECTION('',(0.,0.,-1.));
#12774=DIRECTION('',(-1.,0.,0.));
#12775=DIRECTION('',(0.,0.,-1.));
#12776=DIRECTION('',(-1.,0.,0.));
#12777=DIRECTION('',(1.,0.,0.));
#12778=DIRECTION('',(-1.,0.,0.));
#12779=DIRECTION('',(0.,0.,1.));
#12780=DIRECTION('',(-0.316227766016833,-2.58149519748283E-16,0.948683298050515));
#12781=DIRECTION('',(-0.948683298050515,0.,-0.316227766016834));
#12782=DIRECTION('',(0.,1.,0.));
#12783=DIRECTION('',(0.,0.,-1.));
#12784=DIRECTION('',(-1.,-8.16340459283203E-16,0.));
#12785=DIRECTION('',(-8.16340459283203E-16,1.,0.));
#12786=DIRECTION('',(-1.,0.,0.));
#12787=DIRECTION('',(0.,0.,1.));
#12788=DIRECTION('',(-1.,-8.16340459283203E-16,0.));
#12789=DIRECTION('',(8.16340459283203E-16,-1.,0.));
#12790=DIRECTION('',(-1.,-8.16340459283203E-16,0.));
#12791=DIRECTION('',(0.,0.,1.));
#12792=DIRECTION('',(1.,0.,0.));
#12793=DIRECTION('',(8.16340459283203E-16,-1.,0.));
#12794=DIRECTION('',(-1.,-8.16340459283203E-16,0.));
#12795=DIRECTION('',(0.,0.,1.));
#12796=DIRECTION('',(1.,0.,0.));
#12797=DIRECTION('',(0.,0.,-1.));
#12798=DIRECTION('',(-1.,0.,0.));
#12799=DIRECTION('',(0.,0.,1.));
#12800=DIRECTION('',(0.,1.,0.));
#12801=DIRECTION('',(0.,0.,-1.));
#12802=DIRECTION('',(0.948683298050512,-2.5814951974829E-16,-0.316227766016843));
#12803=DIRECTION('',(0.316227766016843,0.,0.948683298050512));
#12804=DIRECTION('',(0.714337645042446,0.663151233182122,0.223499822828218));
#12805=DIRECTION('',(-0.680361682696835,0.732876511233599,0.));
#12806=DIRECTION('',(4.63502542989784E-15,3.78375878823212E-30,-1.));
#12807=DIRECTION('',(-1.,0.,-4.63502542989784E-15));
#12808=DIRECTION('',(-8.16340459283203E-16,1.,0.));
#12809=DIRECTION('',(-1.,-8.16340459283203E-16,-4.63502542989784E-15));
#12810=DIRECTION('',(-8.16340459283203E-16,1.,0.));
#12811=DIRECTION('',(-1.,-5.55765921160945E-16,-4.63502542989784E-15));
#12812=DIRECTION('',(-8.16340459283203E-16,1.,0.));
#12813=DIRECTION('',(1.,8.16340459283203E-16,0.));
#12814=DIRECTION('',(8.16340459283203E-16,-1.,0.));
#12815=DIRECTION('',(-1.,-8.16340459283203E-16,0.));
#12816=DIRECTION('',(-8.16340459283203E-16,1.,0.));
#12817=DIRECTION('',(5.55765921160943E-16,-1.,5.55765921160943E-16));
#12818=DIRECTION('',(0.,5.55765921160943E-16,1.));
#12819=DIRECTION('',(-4.63502542989784E-15,-3.78375878823212E-30,-1.));
#12820=DIRECTION('',(-1.,0.,4.63502542989784E-15));
#12821=DIRECTION('',(0.,0.,1.));
#12822=DIRECTION('',(1.,0.,0.));
#12823=DIRECTION('',(4.63502542989784E-15,3.78375878823212E-30,1.));
#12824=DIRECTION('',(0.,0.,1.));
#12825=DIRECTION('',(1.,0.,0.));
#12826=DIRECTION('',(8.16340459283203E-16,-1.,0.));
#12827=DIRECTION('',(-1.,-8.16340459283203E-16,0.));
#12828=DIRECTION('',(0.707106781186513,0.,0.707106781186582));
#12829=DIRECTION('',(0.707106781186582,0.,-0.707106781186513));
#12830=DIRECTION('',(8.16340459283203E-16,-1.,0.));
#12831=DIRECTION('',(-1.,-8.16340459283203E-16,0.));
#12832=DIRECTION('',(-0.707106781186548,-5.77239874516094E-16,-0.707106781186548));
#12833=DIRECTION('',(-0.707106781186548,0.,0.707106781186548));
#12834=DIRECTION('',(-0.707106781186548,0.,-0.707106781186548));
#12835=DIRECTION('',(-0.707106781186548,0.,0.707106781186548));
#12836=DIRECTION('',(0.707106781186548,5.77239874516094E-16,0.707106781186548));
#12837=DIRECTION('',(8.16340459283203E-16,-1.,0.));
#12838=DIRECTION('',(-1.,-8.16340459283203E-16,0.));
#12839=DIRECTION('',(-0.707106781186548,0.,0.707106781186548));
#12840=DIRECTION('',(0.707106781186548,0.,0.707106781186548));
#12841=DIRECTION('',(8.16340459283203E-16,-1.,0.));
#12842=DIRECTION('',(-1.,-8.16340459283203E-16,0.));
#12843=DIRECTION('',(-0.707106781186548,-5.77239874516094E-16,-0.707106781186548));
#12844=DIRECTION('',(-0.707106781186548,0.,0.707106781186548));
#12845=DIRECTION('',(-8.16340459283203E-16,1.,0.));
#12846=DIRECTION('',(-0.707106781186548,-5.77239874516094E-16,0.707106781186548));
#12847=DIRECTION('',(-8.16340459283203E-16,1.,0.));
#12848=DIRECTION('',(-0.707106781186548,-5.77239874516094E-16,0.707106781186548));
#12849=DIRECTION('',(8.16340459283203E-16,-1.,0.));
#12850=DIRECTION('',(-1.,-8.16340459283203E-16,0.));
#12851=DIRECTION('',(-0.707106781186548,0.,0.707106781186548));
#12852=DIRECTION('',(0.707106781186548,0.,0.707106781186548));
#12853=DIRECTION('',(0.707106781186548,0.,0.707106781186548));
#12854=DIRECTION('',(0.707106781186548,0.,-0.707106781186548));
#12855=DIRECTION('',(8.16340459283203E-16,-1.,0.));
#12856=DIRECTION('',(-1.,-8.16340459283203E-16,0.));
#12857=DIRECTION('',(-0.707106781186548,-5.77239874516094E-16,0.707106781186548));
#12858=DIRECTION('',(0.707106781186548,0.,0.707106781186548));
#12859=DIRECTION('',(-8.16340459283203E-16,1.,0.));
#12860=DIRECTION('',(1.,8.16340459283203E-16,0.));
#12861=DIRECTION('',(-8.16340459283203E-16,1.,0.));
#12862=DIRECTION('',(0.,1.,0.));
#12863=DIRECTION('',(0.,0.,-1.));
#12864=DIRECTION('',(0.,0.,-1.));
#12865=DIRECTION('',(-1.,0.,0.));
#12866=DIRECTION('',(0.707106781186548,0.,0.707106781186548));
#12867=DIRECTION('',(0.707106781186548,0.,-0.707106781186548));
#12868=DIRECTION('',(-0.707106781186548,0.,0.707106781186548));
#12869=DIRECTION('',(0.707106781186548,0.,0.707106781186548));
#12870=DIRECTION('',(0.707106781186548,5.77239874516094E-16,0.707106781186548));
#12871=DIRECTION('',(0.707106781186548,0.,-0.707106781186548));
#12872=DIRECTION('',(0.707106781186548,5.77239874516094E-16,0.707106781186548));
#12873=DIRECTION('',(0.707106781186548,5.77239874516094E-16,0.707106781186548));
#12874=DIRECTION('',(0.,-1.,-8.16340459283203E-16));
#12875=DIRECTION('',(0.,-8.16340459283203E-16,1.));
#12876=DIRECTION('',(0.,1.,0.));
#12877=DIRECTION('',(0.,0.,-1.));
#12878=DIRECTION('',(0.,1.,8.16340459283203E-16));
#12879=DIRECTION('',(0.,0.,1.));
#12880=DIRECTION('',(1.,0.,0.));
#12881=DIRECTION('',(0.948683298050512,-3.51497231354035E-16,-0.316227766016843));
#12882=DIRECTION('',(0.316227766016843,0.,0.948683298050512));
#12883=DIRECTION('',(0.,-5.55765921160943E-16,-1.));
#12884=DIRECTION('',(0.,-1.,5.55765921160943E-16));
#12885=DIRECTION('',(0.,0.,1.));
#12886=DIRECTION('',(1.,0.,0.));
#12887=DIRECTION('',(0.,5.55765921160943E-16,1.));
#12888=DIRECTION('',(5.55765921160943E-16,-1.,5.55765921160943E-16));
#12889=DIRECTION('',(0.,5.55765921160943E-16,1.));
#12890=DIRECTION('',(-1.,0.,0.));
#12891=DIRECTION('',(0.,0.,1.));
#12892=DIRECTION('',(5.55765921160943E-16,-1.,5.55765921160943E-16));
#12893=DIRECTION('',(0.,5.55765921160943E-16,1.));
#12894=DIRECTION('',(1.,5.55765921160943E-16,0.));
#12895=DIRECTION('',(5.55765921160943E-16,-1.,0.));
#12896=DIRECTION('',(1.,0.,0.));
#12897=DIRECTION('',(0.,0.,-1.));
#12898=DIRECTION('',(-1.,-5.55765921160943E-16,0.));
#12899=DIRECTION('',(0.,1.,0.));
#12900=DIRECTION('',(0.,0.,-1.));
#12901=DIRECTION('',(-0.316227766016833,-3.51497231354025E-16,0.948683298050515));
#12902=DIRECTION('',(-0.948683298050515,0.,-0.316227766016834));
#12903=DIRECTION('',(-8.16340459283203E-16,1.,0.));
#12904=DIRECTION('',(1.,8.16340459283203E-16,0.));
#12905=DIRECTION('',(8.16340459283203E-16,-1.,0.));
#12906=DIRECTION('',(-0.707106781186548,-5.77239874516094E-16,-0.707106781186548));
#12907=DIRECTION('',(-0.707106781186548,0.,0.707106781186548));
#12908=DIRECTION('',(-0.707106781186548,-5.77239874516094E-16,-0.707106781186548));
#12909=DIRECTION('',(-0.707106781186548,-5.77239874516094E-16,-0.707106781186548));
#12910=DIRECTION('',(0.707106781186548,0.,0.707106781186548));
#12911=DIRECTION('',(0.707106781186548,0.,-0.707106781186548));
#12912=DIRECTION('',(0.,0.,-1.));
#12913=DIRECTION('',(-1.,0.,0.));
#12914=DIRECTION('',(0.,1.,0.));
#12915=DIRECTION('',(0.,0.,-1.));
#12916=DIRECTION('',(0.707106781186548,0.,-0.707106781186548));
#12917=DIRECTION('',(-0.707106781186548,0.,-0.707106781186548));
#12918=DIRECTION('',(8.16340459283203E-16,-1.,0.));
#12919=DIRECTION('',(-1.,-8.16340459283203E-16,0.));
#12920=DIRECTION('',(-0.707106781186548,-5.77239874516094E-16,0.707106781186548));
#12921=DIRECTION('',(0.707106781186548,5.77239874516094E-16,-0.707106781186548));
#12922=DIRECTION('',(-0.707106781186548,0.,-0.707106781186548));
#12923=DIRECTION('',(-8.16340459283203E-16,1.,0.));
#12924=DIRECTION('',(1.,8.16340459283203E-16,0.));
#12925=DIRECTION('',(-8.16340459283203E-16,1.,0.));
#12926=DIRECTION('',(0.707106781186548,5.77239874516094E-16,0.707106781186548));
#12927=DIRECTION('',(0.707106781186548,0.,-0.707106781186548));
#12928=DIRECTION('',(0.707106781186548,-4.906538933387E-14,0.707106781186548));
#12929=DIRECTION('',(0.707106781186548,0.,-0.707106781186548));
#12930=DIRECTION('',(-0.707106781186548,-5.77239874516094E-16,-0.707106781186548));
#12931=DIRECTION('',(8.16340459283203E-16,-1.,0.));
#12932=DIRECTION('',(-1.,-8.16340459283203E-16,0.));
#12933=DIRECTION('',(-1.,0.,0.));
#12934=DIRECTION('',(0.,0.,1.));
#12935=DIRECTION('',(8.16340459283203E-16,-1.,0.));
#12936=DIRECTION('',(-1.,-8.16340459283203E-16,0.));
#12937=DIRECTION('',(1.,8.16340459283203E-16,4.63502542989784E-15));
#12938=DIRECTION('',(4.63502542989784E-15,0.,-1.));
#12939=DIRECTION('',(-1.,0.,0.));
#12940=DIRECTION('',(0.,0.,1.));
#12941=DIRECTION('',(8.16340459283203E-16,-1.,0.));
#12942=DIRECTION('',(-1.,-8.16340459283203E-16,0.));
#12943=DIRECTION('',(-1.,-8.16340459283203E-16,4.63502542989784E-15));
#12944=DIRECTION('',(4.63502542989784E-15,0.,1.));
#12945=DIRECTION('',(-8.16340459283203E-16,1.,-4.93038065763132E-32));
#12946=DIRECTION('',(4.63502542989784E-15,5.55765921160945E-16,1.));
#12947=DIRECTION('',(0.999969626270675,-0.00751277025460057,0.00207480581921267));
#12948=DIRECTION('',(0.00751278642521155,0.999971778621842,0.));
#12949=DIRECTION('',(0.22349982146988,0.66315123278361,0.714337645837395));
#12950=DIRECTION('',(0.,-0.732876511814988,0.68036168207057));
#12951=DIRECTION('',(8.16340459283203E-16,-1.,4.93038065763135E-32));
#12952=DIRECTION('',(-1.,-8.16340459283203E-16,0.));
#12953=DIRECTION('',(-8.16340459283203E-16,1.,0.));
#12954=DIRECTION('',(-0.707106781186548,-5.77239874516094E-16,0.707106781186548));
#12955=DIRECTION('',(0.707106781186548,0.,0.707106781186548));
#12956=DIRECTION('',(-0.707106781186548,-7.85971703210581E-16,-0.707106781186548));
#12957=DIRECTION('',(0.707106781186548,7.85971703210581E-16,0.707106781186548));
#12958=DIRECTION('',(0.707106781186548,0.,-0.707106781186548));
#12959=DIRECTION('',(-0.707106781186548,-7.85971703210581E-16,-0.707106781186548));
#12960=DIRECTION('',(4.63502542989784E-15,5.55765921160945E-16,1.));
#12961=DIRECTION('',(1.,0.,-4.63502542989784E-15));
#12962=DIRECTION('',(0.,0.,-1.));
#12963=DIRECTION('',(-1.,0.,0.));
#12964=DIRECTION('',(4.63502542989784E-15,5.55765921160945E-16,1.));
#12965=DIRECTION('',(5.55765921160943E-16,-1.,5.55765921160943E-16));
#12966=DIRECTION('',(0.,5.55765921160943E-16,1.));
#12967=DIRECTION('',(1.,0.,0.));
#12968=DIRECTION('',(0.,0.,-1.));
#12969=DIRECTION('',(5.55765921160943E-16,-1.,5.55765921160943E-16));
#12970=DIRECTION('',(0.,5.55765921160943E-16,1.));
#12971=DIRECTION('',(-1.,-5.55765921160945E-16,-4.63502542989784E-15));
#12972=DIRECTION('',(-4.63502542989784E-15,0.,1.));
#12973=DIRECTION('',(-1.,-5.55765921160945E-16,-4.63502542989784E-15));
#12974=DIRECTION('',(0.00207480580916069,-0.00751277021803228,0.999969626270971));
#12975=DIRECTION('',(0.,-0.999971778622116,-0.00751278638864302));
#12976=DIRECTION('',(8.16340459283203E-16,-1.,4.93038065763135E-32));
#12977=DIRECTION('',(-1.,-8.16340459283203E-16,0.));
#12978=DIRECTION('',(-8.16340459283203E-16,1.,0.));
#12979=DIRECTION('',(0.707106781186548,5.77239874516094E-16,-0.707106781186548));
#12980=DIRECTION('',(-0.707106781186548,0.,-0.707106781186548));
#12981=DIRECTION('',(0.707106781186548,7.85971703210581E-16,0.707106781186548));
#12982=DIRECTION('',(-0.707106781186548,-7.85971703210581E-16,-0.707106781186548));
#12983=DIRECTION('',(-0.707106781186548,0.,0.707106781186548));
#12984=DIRECTION('',(0.707106781186548,7.85971703210581E-16,0.707106781186548));
#12985=DIRECTION('',(5.55765921160943E-16,-1.,5.55765921160943E-16));
#12986=DIRECTION('',(0.,5.55765921160943E-16,1.));
#12987=DIRECTION('',(0.,0.,1.));
#12988=DIRECTION('',(1.,0.,0.));
#12989=DIRECTION('',(0.,0.,1.));
#12990=DIRECTION('',(1.,0.,0.));
#12991=DIRECTION('',(0.,0.,1.));
#12992=DIRECTION('',(1.,0.,0.));
#12993=DIRECTION('',(8.16340459283203E-16,-1.,0.));
#12994=DIRECTION('',(-1.,-8.16340459283203E-16,0.));
#12995=DIRECTION('',(-1.,0.,0.));
#12996=DIRECTION('',(0.,0.,1.));
#12997=DIRECTION('',(-1.,-8.16340459283203E-16,0.));
#12998=DIRECTION('',(-8.16340459283203E-16,1.,0.));
#12999=DIRECTION('',(-1.,-8.16340459283203E-16,0.));
#13000=DIRECTION('',(-8.16340459283203E-16,1.,0.));
#13001=DIRECTION('',(0.,-1.,0.));
#13002=DIRECTION('',(0.,0.,1.));
#13003=DIRECTION('',(0.,-1.,0.));
#13004=DIRECTION('',(0.,0.,1.));
#13005=DIRECTION('',(1.,0.,0.));
#13006=DIRECTION('',(0.,0.,-1.));
#13007=DIRECTION('',(0.,-1.,0.));
#13008=DIRECTION('',(0.,0.,1.));
#13009=DIRECTION('',(1.,0.,0.));
#13010=DIRECTION('',(0.,0.,-1.));
#13011=DIRECTION('',(0.,-1.,0.));
#13012=DIRECTION('',(0.,0.,1.));
#13013=DIRECTION('',(0.707106781186548,0.,-0.707106781186548));
#13014=DIRECTION('',(0.,0.,1.));
#13015=DIRECTION('',(1.,0.,0.));
#13016=DIRECTION('',(0.,-1.,0.));
#13017=DIRECTION('',(0.,-1.,0.));
#13018=DIRECTION('',(1.,0.,0.));
#13019=DIRECTION('',(0.,-1.,0.));
#13020=DIRECTION('',(1.,0.,0.));
#13021=DIRECTION('',(0.,0.,-1.));
#13022=DIRECTION('',(0.,-1.,0.));
#13023=DIRECTION('',(0.,0.,-1.));
#13024=DIRECTION('',(0.,1.,0.));
#13025=DIRECTION('',(0.,1.,0.));
#13026=DIRECTION('',(0.,0.,-1.));
#13027=DIRECTION('',(1.,0.,0.));
#13028=DIRECTION('',(0.,0.,-1.));
#13029=DIRECTION('',(-1.,0.,0.));
#13030=DIRECTION('',(0.,0.,1.));
#13031=DIRECTION('',(0.,1.,0.));
#13032=DIRECTION('',(0.,0.,1.));
#13033=DIRECTION('',(-1.,0.,0.));
#13034=DIRECTION('',(0.,8.16340459283203E-16,1.));
#13035=DIRECTION('',(0.,-1.,-8.16340459283203E-16));
#13036=DIRECTION('',(0.,0.,-1.));
#13037=DIRECTION('',(-1.,0.,0.));
#13038=DIRECTION('',(8.16340459283203E-16,-1.,0.));
#13039=DIRECTION('',(0.,0.,-1.));
#13040=DIRECTION('',(-1.,-8.16340459283203E-16,0.));
#13041=DIRECTION('',(1.,8.16340459283203E-16,0.));
#13042=DIRECTION('',(-1.,0.,0.));
#13043=DIRECTION('',(0.,0.,1.));
#13044=DIRECTION('',(-8.16340459283203E-16,1.,0.));
#13045=DIRECTION('',(0.,0.,-1.));
#13046=DIRECTION('',(-1.,0.,0.));
#13047=DIRECTION('',(-8.16340459283203E-16,1.,0.));
#13048=DIRECTION('',(-0.707106781186548,-5.77239874516094E-16,-0.707106781186548));
#13049=DIRECTION('',(-0.707106781186548,0.,0.707106781186548));
#13050=DIRECTION('',(-4.08170229641602E-16,1.,-4.08170229641602E-16));
#13051=DIRECTION('',(-0.707106781186548,0.,0.707106781186548));
#13052=DIRECTION('',(-4.08170229641602E-16,1.,-4.08170229641602E-16));
#13053=DIRECTION('',(-8.16340459283203E-16,1.,0.));
#13054=DIRECTION('',(1.,8.16340459283203E-16,0.));
#13055=DIRECTION('',(-4.08170229641602E-16,1.,4.08170229641602E-16));
#13056=DIRECTION('',(-8.16340459283203E-16,1.,0.));
#13057=DIRECTION('',(1.,8.16340459283203E-16,0.));
#13058=DIRECTION('',(0.,0.,-1.));
#13059=DIRECTION('',(-1.,0.,0.));
#13060=DIRECTION('',(0.707106781186548,5.77239874516094E-16,0.707106781186548));
#13061=DIRECTION('',(0.707106781186548,0.,-0.707106781186548));
#13062=DIRECTION('',(0.707106781186548,5.77239874516094E-16,-0.707106781186548));
#13063=DIRECTION('',(-0.707106781186548,0.,-0.707106781186548));
#13064=DIRECTION('',(0.707106781186548,5.77239874516094E-16,0.707106781186548));
#13065=DIRECTION('',(0.707106781186548,0.,-0.707106781186548));
#13066=DIRECTION('',(0.707106781186548,5.77239874516094E-16,0.707106781186548));
#13067=DIRECTION('',(0.707106781186548,0.,0.707106781186548));
#13068=DIRECTION('',(-0.707106781186548,-5.77239874516094E-16,-0.707106781186548));
#13069=DIRECTION('',(-0.707106781186548,0.,0.707106781186548));
#13070=DIRECTION('',(-0.707106781186548,0.,-0.707106781186548));
#13071=DIRECTION('',(-0.707106781186548,-5.77239874516094E-16,-0.707106781186548));
#13072=DIRECTION('',(-0.707106781186548,0.,0.707106781186548));
#13073=DIRECTION('',(-0.707106781186548,-5.77239874516094E-16,-0.707106781186548));
#13074=DIRECTION('',(0.,0.,-1.));
#13075=DIRECTION('',(-1.,0.,0.));
#13076=DIRECTION('',(0.,-1.,0.));
#13077=DIRECTION('',(0.,0.,1.));
#13078=DIRECTION('',(0.707106781186548,5.77239874516094E-16,-0.707106781186548));
#13079=DIRECTION('',(-0.707106781186548,0.,-0.707106781186548));
#13080=DIRECTION('',(8.16340459283203E-16,-1.,0.));
#13081=DIRECTION('',(-1.,-8.16340459283203E-16,0.));
#13082=DIRECTION('',(0.707106781186548,5.77239874516094E-16,-0.707106781186548));
#13083=DIRECTION('',(0.707106781186548,5.77239874516094E-16,-0.707106781186548));
#13084=DIRECTION('',(-0.707106781186548,0.,-0.707106781186548));
#13085=DIRECTION('',(-8.16340459283203E-16,1.,0.));
#13086=DIRECTION('',(1.,8.16340459283203E-16,0.));
#13087=DIRECTION('',(-4.08170229641602E-16,1.,4.08170229641602E-16));
#13088=DIRECTION('',(-0.707106781186548,-5.77239874516094E-16,0.707106781186548));
#13089=DIRECTION('',(0.707106781186548,0.,0.707106781186548));
#13090=DIRECTION('',(0.707106781186548,5.77239874516094E-16,-0.707106781186548));
#13091=DIRECTION('',(-0.707106781186548,0.,-0.707106781186548));
#13092=DIRECTION('',(0.,-1.,0.));
#13093=DIRECTION('',(0.,0.,1.));
#13094=DIRECTION('',(0.,-1.,0.));
#13095=DIRECTION('',(0.,0.,-1.));
#13096=DIRECTION('',(0.,-1.,0.));
#13097=DIRECTION('',(0.,0.,1.));
#13098=DIRECTION('',(0.,0.,-1.));
#13099=DIRECTION('',(-1.,0.,0.));
#13100=DIRECTION('',(0.,0.,-1.));
#13101=DIRECTION('',(-1.,0.,0.));
#13102=DIRECTION('',(0.,0.,-1.));
#13103=DIRECTION('',(-1.,0.,0.));
#13104=DIRECTION('',(0.,-1.,0.));
#13105=DIRECTION('',(0.,0.,1.));
#13106=DIRECTION('',(0.,1.,0.));
#13107=DIRECTION('',(0.,0.,1.));
#13108=DIRECTION('',(0.,1.,0.));
#13109=DIRECTION('',(0.,0.,-1.));
#13110=DIRECTION('',(0.,0.,-1.));
#13111=DIRECTION('',(-1.,0.,0.));
#13112=DIRECTION('',(-1.,0.,0.));
#13113=DIRECTION('',(0.,0.,1.));
#13114=DIRECTION('',(1.,0.,0.));
#13115=DIRECTION('',(0.,0.,-1.));
#13116=DIRECTION('',(0.,-1.,0.));
#13117=DIRECTION('',(0.,0.,1.));
#13118=DIRECTION('',(0.,-1.,0.));
#13119=DIRECTION('',(0.,0.,1.));
#13120=DIRECTION('',(0.,0.,-1.));
#13121=DIRECTION('',(-1.,0.,0.));
#13122=DIRECTION('',(-1.,0.,0.));
#13123=DIRECTION('',(0.,0.,1.));
#13124=DIRECTION('',(0.,0.,1.));
#13125=DIRECTION('',(1.,0.,0.));
#13126=DIRECTION('',(0.,0.,-1.));
#13127=DIRECTION('',(-1.,0.,0.));
#13128=DIRECTION('',(0.,0.,1.));
#13129=DIRECTION('',(1.,0.,0.));
#13130=DIRECTION('',(1.,0.,0.));
#13131=DIRECTION('',(0.,0.,-1.));
#13132=DIRECTION('',(-1.,0.,0.));
#13133=DIRECTION('',(0.,0.,1.));
#13134=DIRECTION('',(0.,1.,0.));
#13135=DIRECTION('',(0.,0.,-1.));
#13136=DIRECTION('',(-1.,0.,0.));
#13137=DIRECTION('',(0.,0.,1.));
#13138=DIRECTION('',(0.,0.,-1.));
#13139=DIRECTION('',(-1.,0.,0.));
#13140=DIRECTION('',(0.,0.,1.));
#13141=DIRECTION('',(1.,0.,0.));
#13142=DIRECTION('',(1.,0.,0.));
#13143=DIRECTION('',(0.,0.,-1.));
#13144=DIRECTION('',(-1.,0.,0.));
#13145=DIRECTION('',(0.,0.,1.));
#13146=DIRECTION('',(0.,0.,-1.));
#13147=DIRECTION('',(-1.,0.,0.));
#13148=DIRECTION('',(0.,0.,1.));
#13149=DIRECTION('',(1.,0.,0.));
#13150=DIRECTION('',(0.,0.,-1.));
#13151=DIRECTION('',(-1.,0.,0.));
#13152=DIRECTION('',(-1.,0.,-3.49148133884314E-15));
#13153=DIRECTION('',(-3.49148133884314E-15,0.,1.));
#13154=DIRECTION('',(-3.49148133884314E-15,0.,1.));
#13155=DIRECTION('',(-1.,0.,-3.49148133884314E-15));
#13156=DIRECTION('',(3.49148133884314E-15,0.,-1.));
#13157=DIRECTION('',(-3.49148133884314E-15,0.,1.));
#13158=DIRECTION('',(-1.,0.,-3.49148133884314E-15));
#13159=DIRECTION('',(-3.49148133884314E-15,0.,1.));
#13160=DIRECTION('',(-3.49148133884314E-15,0.,1.));
#13161=DIRECTION('',(0.,-1.,0.));
#13162=DIRECTION('',(3.49148133884314E-15,0.,-1.));
#13163=DIRECTION('',(-1.,0.,-3.49148133884314E-15));
#13164=DIRECTION('',(3.49148133884314E-15,0.,-1.));
#13165=DIRECTION('',(3.49148133884314E-15,0.,-1.));
#13166=DIRECTION('',(-1.,0.,-3.49148133884314E-15));
#13167=DIRECTION('',(-3.49148133884314E-15,0.,1.));
#13168=DIRECTION('',(3.49148133884314E-15,0.,-1.));
#13169=DIRECTION('',(0.,0.,-1.));
#13170=DIRECTION('',(-1.,0.,0.));
#13171=DIRECTION('',(1.,0.,0.));
#13172=DIRECTION('',(0.,0.,-1.));
#13173=DIRECTION('',(1.,0.,0.));
#13174=DIRECTION('',(1.,0.,0.));
#13175=DIRECTION('',(0.,0.,-1.));
#13176=DIRECTION('',(-1.,0.,0.));
#13177=DIRECTION('',(1.,0.,0.));
#13178=DIRECTION('',(0.,-1.,0.));
#13179=DIRECTION('',(-1.,0.,0.));
#13180=DIRECTION('',(0.,0.,-1.));
#13181=DIRECTION('',(1.,0.,0.));
#13182=DIRECTION('',(-1.,0.,0.));
#13183=DIRECTION('',(0.,0.,-1.));
#13184=DIRECTION('',(-1.,0.,0.));
#13185=DIRECTION('',(-1.,0.,0.));
#13186=DIRECTION('',(0.,1.,0.));
#13187=DIRECTION('',(0.,0.,-1.));
#13188=DIRECTION('',(0.,0.,1.));
#13189=DIRECTION('',(0.,-1.,0.));
#13190=DIRECTION('',(0.,0.,1.));
#13191=DIRECTION('',(0.,0.,1.));
#13192=DIRECTION('',(0.,-1.,0.));
#13193=DIRECTION('',(1.,0.,3.49148133884314E-15));
#13194=DIRECTION('',(1.,0.,3.49148133884314E-15));
#13195=DIRECTION('',(0.,1.,0.));
#13196=DIRECTION('',(-1.,0.,-3.49148133884314E-15));
#13197=DIRECTION('',(1.,0.,3.49148133884314E-15));
#13198=DIRECTION('',(0.,1.,0.));
#13199=DIRECTION('',(-1.,0.,-3.49148133884314E-15));
#13200=DIRECTION('',(0.,1.,0.));
#13201=DIRECTION('',(0.,0.,1.));
#13202=DIRECTION('',(-1.,0.,0.));
#13203=DIRECTION('',(1.,0.,3.49148133884314E-15));
#13204=DIRECTION('',(0.,-1.,0.));
#13205=DIRECTION('',(1.,0.,3.49148133884314E-15));
#13206=DIRECTION('',(1.,0.,0.));
#13207=DIRECTION('',(0.,-1.,0.));
#13208=DIRECTION('',(0.,0.,-1.));
#13209=DIRECTION('',(1.,0.,3.49148133884314E-15));
#13210=DIRECTION('',(1.,0.,3.49148133884314E-15));
#13211=DIRECTION('',(3.49148133884314E-15,0.,-1.));
#13212=DIRECTION('',(1.,0.,3.49148133884314E-15));
#13213=DIRECTION('',(1.,0.,3.49148133884314E-15));
#13214=DIRECTION('',(3.49148133884314E-15,0.,-1.));
#13215=DIRECTION('',(1.,0.,3.49148133884314E-15));
#13216=DIRECTION('',(0.,-1.,0.));
#13217=DIRECTION('',(1.,0.,3.49148133884314E-15));
#13218=DIRECTION('',(1.,0.,3.49148133884314E-15));
#13219=DIRECTION('',(1.,0.,3.49148133884314E-15));
#13220=DIRECTION('',(3.49148133884314E-15,0.,-1.));
#13221=DIRECTION('',(1.,0.,3.49148133884314E-15));
#13222=DIRECTION('',(3.49148133884314E-15,0.,-1.));
#13223=DIRECTION('',(1.,0.,3.49148133884314E-15));
#13224=DIRECTION('',(0.,1.,0.));
#13225=DIRECTION('',(-1.,0.,-3.49148133884314E-15));
#13226=DIRECTION('',(0.,-1.,0.));
#13227=DIRECTION('',(0.,0.,-1.));
#13228=DIRECTION('',(0.,-1.,0.));
#13229=DIRECTION('',(0.,-1.,0.));
#13230=DIRECTION('',(0.,0.,1.));
#13231=DIRECTION('',(0.,0.,1.));
#13232=DIRECTION('',(1.,0.,0.));
#13233=DIRECTION('',(1.,0.,0.));
#13234=DIRECTION('',(0.,-1.,0.));
#13235=DIRECTION('',(-1.,0.,0.));
#13236=DIRECTION('',(0.,0.,1.));
#13237=DIRECTION('',(-1.,0.,0.));
#13238=DIRECTION('',(-1.,0.,0.));
#13239=DIRECTION('',(0.,0.,1.));
#13240=DIRECTION('',(1.,0.,0.));
#13241=DIRECTION('',(-1.,0.,0.));
#13242=DIRECTION('',(0.,1.,0.));
#13243=DIRECTION('',(1.,0.,0.));
#13244=DIRECTION('',(0.,0.,1.));
#13245=DIRECTION('',(-1.,0.,0.));
#13246=DIRECTION('',(1.,0.,0.));
#13247=DIRECTION('',(0.,0.,1.));
#13248=DIRECTION('',(1.,0.,0.));
#13249=DIRECTION('',(0.,1.,0.));
#13250=DIRECTION('',(0.,0.,1.));
#13251=DIRECTION('',(0.,1.,0.));
#13252=DIRECTION('',(0.,0.,1.));
#13253=DIRECTION('',(0.,0.,1.));
#13254=DIRECTION('',(0.,0.,-1.));
#13255=DIRECTION('',(1.,0.,0.));
#13256=DIRECTION('',(0.,-1.,0.));
#13257=DIRECTION('',(0.,0.,-1.));
#13258=DIRECTION('',(0.,0.,-1.));
#13259=DIRECTION('',(0.,-1.,0.));
#13260=DIRECTION('',(0.,0.,-1.));
#13261=DIRECTION('',(-1.,0.,0.));
#13262=DIRECTION('',(0.,0.,-1.));
#13263=DIRECTION('',(0.,-1.,0.));
#13264=DIRECTION('',(0.,0.,-1.));
#13265=DIRECTION('',(0.,-1.,0.));
#13266=DIRECTION('',(0.,0.,-1.));
#13267=DIRECTION('',(0.,0.,1.));
#13268=DIRECTION('',(0.,0.,-1.));
#13269=DIRECTION('',(-1.,0.,0.));
#13270=DIRECTION('',(0.,1.,0.));
#13271=DIRECTION('',(0.,0.,1.));
#13272=DIRECTION('',(0.,0.,-1.));
#13273=DIRECTION('',(0.,1.,0.));
#13274=DIRECTION('',(0.,0.,1.));
#13275=DIRECTION('',(1.,0.,0.));
#13276=DIRECTION('',(0.,0.,-1.));
#13277=DIRECTION('',(0.,0.,-1.));
#13278=DIRECTION('',(-1.,0.,0.));
#13279=DIRECTION('',(0.,0.,1.));
#13280=DIRECTION('',(1.,0.,0.));
#13281=DIRECTION('',(0.,0.,-1.));
#13282=DIRECTION('',(0.,0.,-1.));
#13283=DIRECTION('',(-1.,0.,0.));
#13284=DIRECTION('',(0.,0.,1.));
#13285=DIRECTION('',(-1.,0.,0.));
#13286=DIRECTION('',(0.,0.,-1.));
#13287=DIRECTION('',(0.,-1.,0.));
#13288=DIRECTION('',(0.,0.,-1.));
#13289=DIRECTION('',(-1.,0.,0.));
#13290=DIRECTION('',(0.,0.,-1.));
#13291=DIRECTION('',(0.,0.,-1.));
#13292=DIRECTION('',(-1.,0.,0.));
#13293=DIRECTION('',(0.,0.,1.));
#13294=DIRECTION('',(1.,0.,0.));
#13295=DIRECTION('',(0.,0.,-1.));
#13296=DIRECTION('',(-1.,0.,0.));
#13297=DIRECTION('',(0.,0.,1.));
#13298=DIRECTION('',(-1.,0.,0.));
#13299=DIRECTION('',(0.,0.,-1.));
#13300=DIRECTION('',(0.,1.,0.));
#13301=DIRECTION('',(0.,0.,1.));
#13302=DIRECTION('',(1.,0.,0.));
#13303=DIRECTION('',(0.,0.,1.));
#13304=DIRECTION('',(1.,0.,0.));
#13305=DIRECTION('',(0.,-1.,0.));
#13306=DIRECTION('',(-1.,-8.16340459283204E-16,0.));
#13307=DIRECTION('',(0.,-1.,0.));
#13308=DIRECTION('',(-1.,-5.55765921160943E-16,0.));
#13309=DIRECTION('',(0.,0.,-1.));
#13310=DIRECTION('',(-1.,-1.11153184232188E-15,0.));
#13311=DIRECTION('',(8.16340459283203E-16,-1.,0.));
#13312=DIRECTION('',(0.,0.,-1.));
#13313=DIRECTION('',(-1.,-8.16340459283203E-16,0.));
#13314=DIRECTION('',(-1.,-8.16340459283204E-16,0.));
#13315=DIRECTION('',(0.,-1.,0.));
#13316=DIRECTION('',(1.,0.,0.));
#13317=DIRECTION('',(0.,-1.,0.));
#13318=DIRECTION('',(0.,-1.,0.));
#13319=DIRECTION('',(-1.,0.,0.));
#13320=DIRECTION('',(0.,-1.,0.));
#13321=DIRECTION('',(1.,-8.16340459283204E-16,0.));
#13322=DIRECTION('',(0.,0.,1.));
#13323=DIRECTION('',(1.,-8.16340459283203E-16,0.));
#13324=DIRECTION('',(-8.16340459283203E-16,-1.,0.));
#13325=DIRECTION('',(0.,0.,1.));
#13326=DIRECTION('',(1.,-1.11153184232188E-15,0.));
#13327=DIRECTION('',(1.,-5.55765921160943E-16,0.));
#13328=DIRECTION('',(0.,-1.,0.));
#13329=DIRECTION('',(1.,-8.16340459283204E-16,0.));
#13330=DIRECTION('',(0.,-1.,0.));
#13331=DIRECTION('',(0.,-1.,0.));
#13332=DIRECTION('',(0.,0.,-1.));
#13333=DIRECTION('',(0.,-1.,0.));
#13334=DIRECTION('',(0.,1.,0.));
#13335=DIRECTION('',(0.,0.,-1.));
#13336=DIRECTION('',(8.163404592832E-16,-1.,8.16340459283199E-16));
#13337=DIRECTION('',(-1.,-8.163404592832E-16,0.));
#13338=DIRECTION('',(-8.16340459283196E-16,1.,-3.50324616081205E-44));
#13339=DIRECTION('',(0.,-1.,0.));
#13340=DIRECTION('',(0.,0.,1.));
#13341=DIRECTION('',(-8.163404592832E-16,1.,-8.16340459283199E-16));
#13342=DIRECTION('',(0.,-1.,0.));
#13343=DIRECTION('',(0.,0.,1.));
#13344=DIRECTION('',(0.5,-0.707106781186541,-0.5));
#13345=DIRECTION('',(0.,0.577350269189634,-0.816496580927721));
#13346=DIRECTION('',(-0.5,0.707106781186541,0.5));
#13347=DIRECTION('',(0.499999999999994,0.707106781186555,-0.5));
#13348=DIRECTION('',(0.707106781186548,0.,0.707106781186547));
#13349=DIRECTION('',(0.5,0.707106781186555,-0.5));
#13350=DIRECTION('',(0.707106781186548,0.,0.707106781186547));
#13351=DIRECTION('',(-0.5,-0.707106781186555,0.5));
#13352=DIRECTION('',(0.707106781186548,0.,0.707106781186547));
#13353=DIRECTION('',(-0.707106781186547,0.,0.707106781186548));
#13354=DIRECTION('',(0.707106781186548,0.,0.707106781186547));
#13355=DIRECTION('',(0.696364240320019,-0.173648177666926,-0.69636424032002));
#13356=DIRECTION('',(0.707106781186548,0.,0.707106781186547));
#13357=DIRECTION('',(0.707106781186548,0.,0.707106781186547));
#13358=DIRECTION('',(-7.91033905045424E-16,0.970287525247815,-0.24195478575236));
#13359=DIRECTION('',(-0.24195478575236,-0.970287525247815,5.90629767889809E-18));
#13360=DIRECTION('',(0.707106781186548,0.,0.707106781186547));
#13361=DIRECTION('',(-0.707106781186547,0.,0.707106781186548));
#13362=DIRECTION('',(0.707106781186548,0.,0.707106781186547));
#13363=DIRECTION('',(0.,1.,0.));
#13364=DIRECTION('',(0.,0.,1.));
#13365=DIRECTION('',(1.,0.,0.));
#13366=DIRECTION('',(0.,-1.,0.));
#13367=DIRECTION('',(0.,0.,1.));
#13368=DIRECTION('',(-0.707106781186548,0.,0.707106781186548));
#13369=DIRECTION('',(1.,0.,-4.63502542989784E-15));
#13370=DIRECTION('',(0.,-1.,0.));
#13371=DIRECTION('',(0.,0.,1.));
#13372=DIRECTION('',(-4.63502542989784E-15,0.,1.));
#13373=DIRECTION('',(-0.707106781186548,0.,0.707106781186548));
#13374=DIRECTION('',(0.,-1.,0.));
#13375=DIRECTION('',(0.,0.,1.));
#13376=DIRECTION('',(0.,0.,1.));
#13377=DIRECTION('',(0.,-1.,0.));
#13378=DIRECTION('',(0.,0.,1.));
#13379=DIRECTION('',(0.,-1.,0.));
#13380=DIRECTION('',(0.,0.,1.));
#13381=DIRECTION('',(0.707106781186548,5.77239874516094E-16,0.707106781186548));
#13382=DIRECTION('',(-0.707106781186548,0.,0.707106781186548));
#13383=DIRECTION('',(-0.707106781186548,0.,0.707106781186548));
#13384=DIRECTION('',(-8.16340459283203E-16,1.,0.));
#13385=DIRECTION('',(-0.707106781186548,-5.77239874516094E-16,-0.707106781186548));
#13386=DIRECTION('',(0.707106781186548,-5.77239874516088E-16,-0.707106781186548));
#13387=DIRECTION('',(-0.707106781186548,0.,0.707106781186548));
#13388=DIRECTION('',(8.16340459283203E-16,-1.,0.));
#13389=DIRECTION('',(-0.5,-0.707106781186555,0.5));
#13390=DIRECTION('',(-0.707106781186548,-5.77239874516094E-16,-0.707106781186548));
#13391=DIRECTION('',(-0.707106781186548,0.,0.707106781186548));
#13392=DIRECTION('',(0.707106781186548,-4.31464180567002E-15,-0.707106781186548));
#13393=DIRECTION('',(-0.707106781186548,-5.77239874516094E-16,-0.707106781186548));
#13394=DIRECTION('',(-0.707106781186548,0.,0.707106781186548));
#13395=DIRECTION('',(0.0123407149398269,-0.999847695156391,-0.0123407149398261));
#13396=DIRECTION('',(-0.707106781186548,-5.77239874516094E-16,-0.707106781186548));
#13397=DIRECTION('',(0.707106781186548,0.,-0.707106781186548));
#13398=DIRECTION('',(0.707106781186548,5.77239874516094E-16,0.707106781186548));
#13399=DIRECTION('',(0.707106781186548,0.,-0.707106781186548));
#13400=DIRECTION('',(0.707106781186548,-4.31464180567002E-15,-0.707106781186548));
#13401=DIRECTION('',(0.707106781186548,5.77239874516094E-16,0.707106781186548));
#13402=DIRECTION('',(0.707106781186548,0.,-0.707106781186548));
#13403=DIRECTION('',(0.5,0.707106781186555,-0.5));
#13404=DIRECTION('',(-8.16340459283203E-16,1.,1.2924107119342E-31));
#13405=DIRECTION('',(-0.707106781186548,0.,0.707106781186548));
#13406=DIRECTION('',(0.707106781186548,5.77239874516094E-16,0.707106781186548));
#13407=DIRECTION('',(-0.707106781186548,-5.77239874516088E-16,0.707106781186548));
#13408=DIRECTION('',(8.16340459283203E-16,-1.,-2.70808094030918E-31));
#13409=DIRECTION('',(-0.707106781186548,0.,0.707106781186548));
#13410=DIRECTION('',(0.0123407149398269,-0.999847695156391,-0.0123407149398261));
#13411=DIRECTION('',(-0.706999085398824,-0.0174524064372829,0.706999085398825));
#13412=DIRECTION('',(-0.707106781186548,0.,-0.707106781186547));
#13413=DIRECTION('',(0.707106781186548,0.,0.707106781186547));
#13414=DIRECTION('',(0.0123407149398269,-0.999847695156391,-0.0123407149398261));
#13415=DIRECTION('',(0.707106781186548,0.,0.707106781186547));
#13416=DIRECTION('',(0.0123407149398269,-0.999847695156391,-0.0123407149398261));
#13417=DIRECTION('',(0.707106781186548,0.,0.707106781186547));
#13418=DIRECTION('',(-0.707106781186547,0.,0.707106781186548));
#13419=DIRECTION('',(0.707106781186548,0.,0.707106781186547));
#13420=DIRECTION('',(0.707106781186548,5.77239874516094E-16,0.707106781186548));
#13421=DIRECTION('',(0.707106781186548,0.,-0.707106781186548));
#13422=DIRECTION('',(-0.707106781186548,-5.77239874516094E-16,-0.707106781186548));
#13423=DIRECTION('',(-0.707106781186548,0.,0.707106781186548));
#13424=DIRECTION('',(-3.05091247918024E-15,-1.,3.05091247918024E-15));
#13425=DIRECTION('',(0.,-3.05091247918024E-15,-1.));
#13426=DIRECTION('',(0.707106781186548,0.,0.707106781186547));
#13427=DIRECTION('',(0.707106781186548,-4.31464180567002E-15,-0.707106781186548));
#13428=DIRECTION('',(0.707106781186548,-4.31464180567002E-15,-0.707106781186548));
#13429=DIRECTION('',(0.707106781186548,0.,0.707106781186547));
#13430=DIRECTION('',(-0.707106781186547,0.,0.707106781186548));
#13431=DIRECTION('',(0.707106781186548,5.77239874516094E-16,0.707106781186548));
#13432=DIRECTION('',(0.707106781186548,0.,-0.707106781186548));
#13433=DIRECTION('',(-0.707106781186548,-5.77239874516094E-16,-0.707106781186548));
#13434=DIRECTION('',(-0.707106781186548,0.,0.707106781186548));
#13435=DIRECTION('',(-1.,-8.16340459283203E-16,-4.63502542989784E-15));
#13436=DIRECTION('',(4.63502542989784E-15,0.,-1.));
#13437=DIRECTION('',(-4.63502542989784E-15,0.,1.));
#13438=DIRECTION('',(4.63502542989784E-15,0.,-1.));
#13439=DIRECTION('',(8.16340459283203E-16,-1.,-3.3666745017894E-31));
#13440=DIRECTION('',(4.63502542989784E-15,3.78375878823212E-30,1.));
#13441=DIRECTION('',(-1.,0.,4.63502542989784E-15));
#13442=DIRECTION('',(-1.,0.,4.63502542989784E-15));
#13443=DIRECTION('',(1.,0.,-4.63502542989784E-15));
#13444=DIRECTION('',(-8.16340459283203E-16,1.,-7.00649232162408E-46));
#13445=DIRECTION('',(1.,8.16340459283203E-16,0.));
#13446=DIRECTION('',(8.16340459283203E-16,-1.,0.));
#13447=DIRECTION('',(-7.92084963997564E-16,0.970287525247815,-0.24195478575236));
#13448=DIRECTION('',(8.16340459283203E-16,-1.,0.));
#13449=DIRECTION('',(0.,0.,1.));
#13450=DIRECTION('',(-8.16340459283203E-16,1.,1.68333725089469E-31));
#13451=DIRECTION('',(-1.,-8.16340459283203E-16,0.));
#13452=DIRECTION('',(6.66411745462712E-31,-8.16340459283204E-16,1.));
#13453=DIRECTION('',(8.16340459283203E-16,-1.,0.));
#13454=DIRECTION('',(-1.,-8.16340459283203E-16,0.));
#13455=DIRECTION('',(0.,-1.,0.));
#13456=DIRECTION('',(0.,0.,1.));
#13457=DIRECTION('',(0.,0.,-1.));
#13458=DIRECTION('',(1.,0.,0.));
#13459=DIRECTION('',(8.16340459283203E-16,-1.,0.));
#13460=DIRECTION('',(1.,0.,0.));
#13461=DIRECTION('',(8.16340459283203E-16,-1.,0.));
#13462=DIRECTION('',(-0.24195478575236,-0.970287525247815,0.));
#13463=DIRECTION('',(8.16340459283203E-16,-1.,0.));
#13464=DIRECTION('',(-1.,-8.16340459283203E-16,0.));
#13465=DIRECTION('',(0.,-1.,0.));
#13466=DIRECTION('',(0.,0.,1.));
#13467=DIRECTION('',(-8.16340459283203E-16,1.,0.));
#13468=DIRECTION('',(1.,8.16340459283203E-16,0.));
#13469=DIRECTION('',(0.,-1.,0.));
#13470=DIRECTION('',(0.,0.,1.));
#13471=DIRECTION('',(0.473029498104879,-0.743294146247158,-0.47302949810488));
#13472=DIRECTION('',(0.525588331227631,0.668964731622459,-0.525588331227631));
#13473=DIRECTION('',(8.16340459283203E-16,-1.,-1.68333725089469E-31));
#13474=DIRECTION('',(-1.,-8.16340459283203E-16,0.));
#13475=DIRECTION('',(0.,-1.,0.));
#13476=DIRECTION('',(0.,0.,1.));
#13477=DIRECTION('',(-4.63502542989784E-15,0.,1.));
#13478=DIRECTION('',(-1.,0.,-4.63502542989784E-15));
#13479=DIRECTION('',(0.,0.,-1.));
#13480=DIRECTION('',(-1.,0.,0.));
#13481=DIRECTION('',(-0.948683298050509,-7.74448559244855E-16,-0.316227766016851));
#13482=DIRECTION('',(-0.316227766016851,0.,0.948683298050509));
#13483=DIRECTION('',(0.,1.,0.));
#13484=DIRECTION('',(0.,0.,1.));
#13485=DIRECTION('',(-1.,0.,0.));
#13486=DIRECTION('',(0.,0.,1.));
#13487=DIRECTION('',(1.,0.,-4.63502542989784E-15));
#13488=DIRECTION('',(4.63502542989784E-15,0.,1.));
#13489=DIRECTION('',(0.316227766016851,7.74448559244855E-16,0.948683298050509));
#13490=DIRECTION('',(0.948683298050509,0.,-0.316227766016851));
#13491=DIRECTION('',(-8.16340459283203E-16,1.,-9.90867646590378E-46));
#13492=DIRECTION('',(1.,8.16340459283203E-16,0.));
#13493=DIRECTION('',(0.,-1.,0.));
#13494=DIRECTION('',(0.,0.,1.));
#13495=DIRECTION('',(0.,1.,0.));
#13496=DIRECTION('',(0.,0.,-1.));
#13497=DIRECTION('',(-0.707106781186548,0.,0.707106781186548));
#13498=DIRECTION('',(0.707106781186548,0.,0.707106781186548));
#13499=DIRECTION('',(0.707106781186548,0.,-0.707106781186548));
#13500=DIRECTION('',(0.707106781186548,0.,0.707106781186548));
#13501=DIRECTION('',(-0.707106781186548,0.,0.707106781186548));
#13502=DIRECTION('',(0.707106781186548,0.,0.707106781186548));
#13503=DIRECTION('',(0.,1.,0.));
#13504=DIRECTION('',(0.,0.,1.));
#13505=DIRECTION('',(-1.,0.,0.));
#13506=DIRECTION('',(0.,0.,1.));
#13507=DIRECTION('',(1.,0.,0.));
#13508=DIRECTION('',(0.,0.,1.));
#13509=DIRECTION('',(-1.,0.,0.));
#13510=DIRECTION('',(0.,0.,1.));
#13511=DIRECTION('',(0.,1.,0.));
#13512=DIRECTION('',(0.,0.,1.));
#13513=DIRECTION('',(-0.998037259236656,0.,-0.0626229125431237));
#13514=DIRECTION('',(-0.0626229125431237,0.,0.998037259236656));
#13515=DIRECTION('',(0.167194952003956,0.965073547552118,0.201690098516423));
#13516=DIRECTION('',(0.,-0.204569650563092,0.978852010300073));
#13517=DIRECTION('',(-0.24195478575236,-0.970287525247815,0.));
#13518=DIRECTION('',(-0.970287525247815,0.24195478575236,0.));
#13519=DIRECTION('',(0.000712442313182968,-0.000331575794764364,0.999999691241674));
#13520=DIRECTION('',(0.999999746212915,0.,-0.000712442352346819));
#13521=DIRECTION('',(0.503685346922847,-0.377927938174117,0.776834309774403));
#13522=DIRECTION('',(0.839063437703992,0.,-0.544033590422834));
#13523=DIRECTION('',(0.5,0.707106781186566,-0.49999999999997));
#13524=DIRECTION('',(-0.816496580927731,0.577350269189619,0.));
#13525=DIRECTION('',(0.5,0.707106781186555,-0.5));
#13526=DIRECTION('',(0.,0.577350269189618,0.816496580927731));
#13527=DIRECTION('',(0.5,0.707106781186566,-0.49999999999997));
#13528=DIRECTION('',(-0.816496580927731,0.577350269189619,0.));
#13529=DIRECTION('',(0.707106781186548,5.77239874516094E-16,0.707106781186548));
#13530=DIRECTION('',(-0.707106781186548,0.,0.707106781186548));
#13531=DIRECTION('',(0.707106781186548,0.,-0.707106781186548));
#13532=DIRECTION('',(-0.707106781186548,0.,-0.707106781186548));
#13533=DIRECTION('',(-0.707106781186548,4.31464180567002E-15,0.707106781186548));
#13534=DIRECTION('',(-0.707106781186548,0.,-0.707106781186548));
#13535=DIRECTION('',(0.707106781186548,0.,-0.707106781186548));
#13536=DIRECTION('',(-0.707106781186548,0.,-0.707106781186548));
#13537=DIRECTION('',(0.707106781186548,5.77239874516094E-16,0.707106781186548));
#13538=DIRECTION('',(-0.707106781186548,0.,0.707106781186548));
#13539=DIRECTION('',(0.012340714939825,-0.999847695156391,-0.012340714939825));
#13540=DIRECTION('',(0.,-0.0123416547509348,0.999923838878746));
#13541=DIRECTION('',(-0.0123407149398269,0.999847695156391,0.0123407149398261));
#13542=DIRECTION('',(0.999923838878746,0.0123416547509367,0.));
#13543=DIRECTION('',(0.,-1.,0.));
#13544=DIRECTION('',(-0.707106781186571,0.,0.707106781186524));
#13545=DIRECTION('',(8.16340459283203E-16,-1.,-3.36667450178939E-31));
#13546=DIRECTION('',(-1.,-8.16340459283203E-16,0.));
#13547=DIRECTION('',(0.,-1.,0.));
#13548=DIRECTION('',(0.,0.,1.));
#13549=DIRECTION('',(0.,1.,0.));
#13550=DIRECTION('',(0.,0.,-1.));
#13551=DIRECTION('',(-0.707106781186548,0.,0.707106781186548));
#13552=DIRECTION('',(0.707106781186548,0.,0.707106781186548));
#13553=DIRECTION('',(0.707106781186548,0.,-0.707106781186548));
#13554=DIRECTION('',(0.707106781186548,0.,0.707106781186548));
#13555=DIRECTION('',(-0.707106781186548,0.,0.707106781186548));
#13556=DIRECTION('',(0.707106781186548,0.,0.707106781186548));
#13557=DIRECTION('',(0.,1.,0.));
#13558=DIRECTION('',(0.,0.,1.));
#13559=DIRECTION('',(0.,0.,1.));
#13560=DIRECTION('',(1.,0.,0.));
#13561=DIRECTION('',(0.,0.,1.));
#13562=DIRECTION('',(-1.,0.,0.));
#13563=DIRECTION('',(0.,0.,1.));
#13564=DIRECTION('',(1.,0.,0.));
#13565=DIRECTION('',(0.,1.,0.));
#13566=DIRECTION('',(0.,0.,1.));
#13567=DIRECTION('',(0.0626229125431238,0.,0.998037259236656));
#13568=DIRECTION('',(0.998037259236656,0.,-0.0626229125431238));
#13569=DIRECTION('',(-0.201690098516414,0.965073547552122,-0.167194952003942));
#13570=DIRECTION('',(-0.978852010300075,-0.204569650563083,0.));
#13571=DIRECTION('',(-7.92084963997564E-16,0.970287525247815,-0.24195478575236));
#13572=DIRECTION('',(0.,0.24195478575236,0.970287525247815));
#13573=DIRECTION('',(0.999999691241673,0.000331575795389836,0.000712442314134012));
#13574=DIRECTION('',(0.000712442353297862,0.,-0.999999746212914));
#13575=DIRECTION('',(0.757936465272388,0.375326103083445,0.533537843976033));
#13576=DIRECTION('',(0.575619777515175,0.,-0.817717476720035));
#13577=DIRECTION('',(0.497913748702253,-0.707458935175365,-0.501581253531078));
#13578=DIRECTION('',(0.,0.578373955748579,-0.815771761776381));
#13579=DIRECTION('',(-0.5,-0.707106781186555,0.5));
#13580=DIRECTION('',(0.,-0.577350269189618,-0.816496580927731));
#13581=DIRECTION('',(0.499999999999987,0.707106781186566,-0.499999999999987));
#13582=DIRECTION('',(0.,-0.577350269189606,-0.81649658092774));
#13583=DIRECTION('',(-0.707106781186548,-5.77239874516094E-16,-0.707106781186548));
#13584=DIRECTION('',(0.707106781186548,0.,-0.707106781186548));
#13585=DIRECTION('',(0.707106781186548,0.,-0.707106781186548));
#13586=DIRECTION('',(-0.707106781186548,0.,-0.707106781186548));
#13587=DIRECTION('',(-0.707106781186548,4.31464180567002E-15,0.707106781186548));
#13588=DIRECTION('',(-0.707106781186548,0.,-0.707106781186548));
#13589=DIRECTION('',(0.707106781186548,0.,-0.707106781186548));
#13590=DIRECTION('',(-0.707106781186548,0.,-0.707106781186548));
#13591=DIRECTION('',(-0.707106781186548,-5.77239874516094E-16,-0.707106781186548));
#13592=DIRECTION('',(0.707106781186548,0.,-0.707106781186548));
#13593=DIRECTION('',(0.012340714939825,-0.999847695156391,-0.012340714939825));
#13594=DIRECTION('',(0.,-0.0123416547509348,0.999923838878746));
#13595=DIRECTION('',(-0.0123407149398269,0.999847695156391,0.0123407149398261));
#13596=DIRECTION('',(0.999923838878746,0.0123416547509367,0.));
#13597=DIRECTION('',(0.,-1.,0.));
#13598=DIRECTION('',(-0.707106781186571,0.,0.707106781186524));
#13599=DIRECTION('',(0.,1.,0.));
#13600=DIRECTION('',(0.,0.,1.));
#13601=DIRECTION('',(0.,-1.,0.));
#13602=DIRECTION('',(0.,0.,1.));
#13603=DIRECTION('',(0.,0.,1.));
#13604=DIRECTION('',(1.,0.,0.));
#13605=DIRECTION('',(0.,0.,1.));
#13606=DIRECTION('',(1.,0.,0.));
#13607=DIRECTION('',(0.,1.,0.));
#13608=DIRECTION('',(0.,0.,1.));
#13609=DIRECTION('',(0.,-1.,0.));
#13610=DIRECTION('',(0.,0.,1.));
#13611=DIRECTION('',(1.,0.,0.));
#13612=DIRECTION('',(0.,0.,-1.));
#13613=DIRECTION('',(1.,0.,0.));
#13614=DIRECTION('',(-0.707106781186548,0.,0.707106781186548));
#13615=DIRECTION('',(0.707106781186548,5.77239874516094E-16,-0.707106781186548));
#13616=DIRECTION('',(-8.16340459283203E-16,1.,0.));
#13617=DIRECTION('',(-1.,-8.16340459283203E-16,0.));
#13618=DIRECTION('',(-0.707106781186548,-5.77239874516094E-16,-0.707106781186548));
#13619=DIRECTION('',(-8.16340459283203E-16,1.,0.));
#13620=DIRECTION('',(-1.,-8.16340459283203E-16,0.));
#13621=DIRECTION('',(-0.707106781186548,-5.77239874516094E-16,0.707106781186548));
#13622=DIRECTION('',(-8.16340459283203E-16,1.,0.));
#13623=DIRECTION('',(-1.,-8.16340459283203E-16,0.));
#13624=DIRECTION('',(-1.,-8.16340459283203E-16,4.63502542989784E-15));
#13625=DIRECTION('',(-8.16340459283203E-16,1.,0.));
#13626=DIRECTION('',(-1.,-8.16340459283203E-16,0.));
#13627=DIRECTION('',(4.63502542989784E-15,3.78375878823212E-30,-1.));
#13628=DIRECTION('',(-8.16340459283203E-16,1.,0.));
#13629=DIRECTION('',(-1.,-8.16340459283203E-16,0.));
#13630=DIRECTION('',(1.,0.,0.));
#13631=DIRECTION('',(0.,0.,1.));
#13632=DIRECTION('',(-1.,0.,0.));
#13633=DIRECTION('',(0.,0.,-1.));
#13634=DIRECTION('',(-8.16340459283203E-16,1.,0.));
#13635=DIRECTION('',(-1.,-8.16340459283203E-16,0.));
#13636=DIRECTION('',(-1.,-8.16340459283203E-16,0.));
#13637=DIRECTION('',(0.,0.,-1.));
#13638=DIRECTION('',(0.,-1.,0.));
#13639=DIRECTION('',(0.,0.,1.));
#13640=DIRECTION('',(-0.707106781186548,0.,0.707106781186548));
#13641=DIRECTION('',(0.,0.,1.));
#13642=DIRECTION('',(-1.,0.,0.));
#13643=DIRECTION('',(0.,0.,1.));
#13644=DIRECTION('',(0.,-1.,0.));
#13645=DIRECTION('',(0.,0.,-1.));
#13646=DIRECTION('',(0.,1.,0.));
#13647=DIRECTION('',(0.,0.,-1.));
#13648=DIRECTION('',(0.707106781186548,0.,0.707106781186548));
#13649=DIRECTION('',(0.,0.,1.));
#13650=DIRECTION('',(1.,0.,0.));
#13651=DIRECTION('',(0.,0.,-1.));
#13652=DIRECTION('',(1.,0.,0.));
#13653=DIRECTION('',(-1.,0.,0.));
#13654=DIRECTION('',(0.,-1.,0.));
#13655=DIRECTION('',(1.,0.,0.));
#13656=DIRECTION('',(0.,-1.,0.));
#13657=DIRECTION('',(1.,0.,0.));
#13658=DIRECTION('',(0.,-1.,0.));
#13659=DIRECTION('',(1.,0.,0.));
#13660=DIRECTION('',(0.,0.,1.));
#13661=DIRECTION('',(0.,0.,1.));
#13662=DIRECTION('',(0.,-1.,0.));
#13663=DIRECTION('',(0.,0.,1.));
#13664=DIRECTION('',(0.,1.,0.));
#13665=DIRECTION('',(0.,0.,-1.));
#13666=DIRECTION('',(0.,-1.,0.));
#13667=DIRECTION('',(0.,-1.,0.));
#13668=DIRECTION('',(0.,0.,-1.));
#13669=DIRECTION('',(-5.55765921160943E-16,1.,5.55765921160943E-16));
#13670=DIRECTION('',(0.,5.55765921160943E-16,-1.));
#13671=DIRECTION('',(-8.16340459283203E-16,1.,0.));
#13672=DIRECTION('',(-1.,-8.16340459283203E-16,0.));
#13673=DIRECTION('',(0.,-1.,0.));
#13674=DIRECTION('',(0.,0.,-1.));
#13675=DIRECTION('',(-8.16340459283203E-16,1.,0.));
#13676=DIRECTION('',(-1.,-8.16340459283203E-16,0.));
#13677=DIRECTION('',(0.,-1.,0.));
#13678=DIRECTION('',(0.,0.,1.));
#13679=DIRECTION('',(0.,-1.,0.));
#13680=DIRECTION('',(0.,0.,-1.));
#13681=DIRECTION('',(0.,0.,1.));
#13682=DIRECTION('',(1.,0.,0.));
#13683=DIRECTION('',(0.,0.,1.));
#13684=DIRECTION('',(1.,0.,0.));
#13685=DIRECTION('',(0.,1.,0.));
#13686=DIRECTION('',(0.,0.,-1.));
#13687=DIRECTION('',(-1.,0.,0.));
#13688=DIRECTION('',(0.,0.,-1.));
#13689=DIRECTION('',(0.,-1.,0.));
#13690=DIRECTION('',(0.,0.,1.));
#13691=DIRECTION('',(1.,0.,0.));
#13692=DIRECTION('',(0.,0.,-1.));
#13693=DIRECTION('',(0.,0.,1.));
#13694=DIRECTION('',(-1.,0.,0.));
#13695=DIRECTION('',(1.,0.,0.));
#13696=DIRECTION('',(0.,0.,-1.));
#13697=DIRECTION('',(-1.,0.,0.));
#13698=DIRECTION('',(1.,0.,0.));
#13699=DIRECTION('',(0.,0.,-1.));
#13700=DIRECTION('',(0.,-1.,0.));
#13701=DIRECTION('',(0.,0.,1.));
#13702=DIRECTION('',(0.316227766016833,2.58149519748283E-16,0.948683298050515));
#13703=DIRECTION('',(-0.948683298050515,0.,0.316227766016834));
#13704=DIRECTION('',(-1.,-8.16340459283203E-16,0.));
#13705=DIRECTION('',(-8.16340459283203E-16,1.,0.));
#13706=DIRECTION('',(1.,0.,0.));
#13707=DIRECTION('',(0.,0.,-1.));
#13708=DIRECTION('',(-1.,-8.16340459283203E-16,0.));
#13709=DIRECTION('',(8.16340459283203E-16,-1.,0.));
#13710=DIRECTION('',(-1.,-8.16340459283203E-16,0.));
#13711=DIRECTION('',(0.,0.,1.));
#13712=DIRECTION('',(1.,0.,0.));
#13713=DIRECTION('',(-8.16340459283203E-16,1.,0.));
#13714=DIRECTION('',(-1.,-8.16340459283203E-16,0.));
#13715=DIRECTION('',(0.,0.,-1.));
#13716=DIRECTION('',(1.,0.,0.));
#13717=DIRECTION('',(0.,0.,-1.));
#13718=DIRECTION('',(0.,0.,-1.));
#13719=DIRECTION('',(-1.,0.,0.));
#13720=DIRECTION('',(-0.948683298050512,2.5814951974829E-16,-0.316227766016843));
#13721=DIRECTION('',(0.316227766016843,0.,-0.948683298050512));
#13722=DIRECTION('',(0.,-1.,0.));
#13723=DIRECTION('',(0.,0.,1.));
#13724=DIRECTION('',(0.714337658701911,0.663151226336468,-0.223499799482488));
#13725=DIRECTION('',(-0.680361671936898,0.732876521222524,0.));
#13726=DIRECTION('',(4.63502542989784E-15,3.78375878823212E-30,1.));
#13727=DIRECTION('',(-1.,0.,4.63502542989784E-15));
#13728=DIRECTION('',(-8.16340459283203E-16,1.,0.));
#13729=DIRECTION('',(-4.63502542989784E-15,-3.78375878823212E-30,-1.));
#13730=DIRECTION('',(-1.,-1.11153184232188E-15,4.63502542989784E-15));
#13731=DIRECTION('',(-1.,-5.55765921160945E-16,4.63502542989784E-15));
#13732=DIRECTION('',(-8.16340459283203E-16,1.,0.));
#13733=DIRECTION('',(-1.,-8.16340459283203E-16,4.63502542989784E-15));
#13734=DIRECTION('',(-8.16340459283203E-16,1.,0.));
#13735=DIRECTION('',(1.,8.16340459283203E-16,0.));
#13736=DIRECTION('',(-5.55765921160943E-16,1.,5.55765921160943E-16));
#13737=DIRECTION('',(0.,5.55765921160943E-16,-1.));
#13738=DIRECTION('',(-8.16340459283203E-16,1.,0.));
#13739=DIRECTION('',(-8.16340459283203E-16,1.,0.));
#13740=DIRECTION('',(-1.,-8.16340459283203E-16,0.));
#13741=DIRECTION('',(-4.63502542989784E-15,-3.78375878823212E-30,1.));
#13742=DIRECTION('',(-1.,0.,-4.63502542989784E-15));
#13743=DIRECTION('',(0.,0.,1.));
#13744=DIRECTION('',(1.,0.,0.));
#13745=DIRECTION('',(0.,0.,1.));
#13746=DIRECTION('',(1.,0.,0.));
#13747=DIRECTION('',(4.63502542989784E-15,3.78375878823212E-30,-1.));
#13748=DIRECTION('',(8.16340459283203E-16,-1.,0.));
#13749=DIRECTION('',(-1.,-8.16340459283203E-16,0.));
#13750=DIRECTION('',(-0.707106781186513,0.,0.707106781186582));
#13751=DIRECTION('',(0.707106781186582,0.,0.707106781186513));
#13752=DIRECTION('',(-8.16340459283203E-16,1.,0.));
#13753=DIRECTION('',(-1.,-8.16340459283203E-16,0.));
#13754=DIRECTION('',(-0.707106781186548,-5.77239874516094E-16,0.707106781186548));
#13755=DIRECTION('',(-0.707106781186548,0.,-0.707106781186548));
#13756=DIRECTION('',(0.707106781186548,0.,-0.707106781186548));
#13757=DIRECTION('',(-0.707106781186548,0.,-0.707106781186548));
#13758=DIRECTION('',(0.707106781186548,5.77239874516094E-16,-0.707106781186548));
#13759=DIRECTION('',(8.16340459283203E-16,-1.,0.));
#13760=DIRECTION('',(-1.,-8.16340459283203E-16,0.));
#13761=DIRECTION('',(-8.16340459283203E-16,1.,0.));
#13762=DIRECTION('',(-1.,-8.16340459283203E-16,0.));
#13763=DIRECTION('',(0.707106781186548,0.,0.707106781186548));
#13764=DIRECTION('',(0.707106781186548,0.,-0.707106781186548));
#13765=DIRECTION('',(-0.707106781186548,-5.77239874516094E-16,0.707106781186548));
#13766=DIRECTION('',(-0.707106781186548,0.,-0.707106781186548));
#13767=DIRECTION('',(-8.16340459283203E-16,1.,0.));
#13768=DIRECTION('',(-0.707106781186548,-5.77239874516094E-16,-0.707106781186548));
#13769=DIRECTION('',(-8.16340459283203E-16,1.,0.));
#13770=DIRECTION('',(-0.707106781186548,-5.77239874516094E-16,-0.707106781186548));
#13771=DIRECTION('',(8.16340459283203E-16,-1.,0.));
#13772=DIRECTION('',(-1.,-8.16340459283203E-16,0.));
#13773=DIRECTION('',(0.707106781186548,0.,0.707106781186548));
#13774=DIRECTION('',(0.707106781186548,0.,-0.707106781186548));
#13775=DIRECTION('',(-8.16340459283203E-16,1.,0.));
#13776=DIRECTION('',(-1.,-8.16340459283203E-16,0.));
#13777=DIRECTION('',(-0.707106781186548,0.,0.707106781186548));
#13778=DIRECTION('',(0.707106781186548,0.,0.707106781186548));
#13779=DIRECTION('',(-0.707106781186548,-5.77239874516094E-16,-0.707106781186548));
#13780=DIRECTION('',(0.707106781186548,0.,-0.707106781186548));
#13781=DIRECTION('',(-8.16340459283203E-16,1.,0.));
#13782=DIRECTION('',(1.,8.16340459283203E-16,0.));
#13783=DIRECTION('',(-8.16340459283203E-16,1.,0.));
#13784=DIRECTION('',(0.,-1.,0.));
#13785=DIRECTION('',(0.,0.,1.));
#13786=DIRECTION('',(0.,0.,1.));
#13787=DIRECTION('',(-1.,0.,0.));
#13788=DIRECTION('',(-0.707106781186548,0.,0.707106781186548));
#13789=DIRECTION('',(0.707106781186548,0.,0.707106781186548));
#13790=DIRECTION('',(0.707106781186548,0.,0.707106781186548));
#13791=DIRECTION('',(0.707106781186548,0.,-0.707106781186548));
#13792=DIRECTION('',(0.707106781186548,5.77239874516094E-16,-0.707106781186548));
#13793=DIRECTION('',(0.707106781186548,0.,0.707106781186548));
#13794=DIRECTION('',(0.707106781186548,5.77239874516094E-16,-0.707106781186548));
#13795=DIRECTION('',(0.707106781186548,5.77239874516094E-16,-0.707106781186548));
#13796=DIRECTION('',(0.,-1.,8.16340459283203E-16));
#13797=DIRECTION('',(0.,-8.16340459283203E-16,-1.));
#13798=DIRECTION('',(0.,1.,-8.16340459283203E-16));
#13799=DIRECTION('',(0.,-1.,0.));
#13800=DIRECTION('',(0.,0.,1.));
#13801=DIRECTION('',(-0.948683298050512,3.51497231354035E-16,-0.316227766016843));
#13802=DIRECTION('',(0.316227766016843,0.,-0.948683298050512));
#13803=DIRECTION('',(0.,0.,1.));
#13804=DIRECTION('',(1.,0.,0.));
#13805=DIRECTION('',(0.,-5.55765921160943E-16,1.));
#13806=DIRECTION('',(0.,-1.,-5.55765921160943E-16));
#13807=DIRECTION('',(0.,5.55765921160943E-16,-1.));
#13808=DIRECTION('',(0.,0.,1.));
#13809=DIRECTION('',(1.,0.,0.));
#13810=DIRECTION('',(5.55765921160943E-16,-1.,-5.55765921160943E-16));
#13811=DIRECTION('',(0.,5.55765921160943E-16,-1.));
#13812=DIRECTION('',(-5.55765921160943E-16,1.,5.55765921160943E-16));
#13813=DIRECTION('',(0.,5.55765921160943E-16,-1.));
#13814=DIRECTION('',(1.,0.,0.));
#13815=DIRECTION('',(0.,0.,-1.));
#13816=DIRECTION('',(1.,5.55765921160943E-16,0.));
#13817=DIRECTION('',(5.55765921160943E-16,-1.,0.));
#13818=DIRECTION('',(-1.,-5.55765921160943E-16,0.));
#13819=DIRECTION('',(-1.,0.,0.));
#13820=DIRECTION('',(0.,0.,1.));
#13821=DIRECTION('',(0.,-1.,0.));
#13822=DIRECTION('',(0.,0.,1.));
#13823=DIRECTION('',(0.316227766016833,3.51497231354025E-16,0.948683298050515));
#13824=DIRECTION('',(-0.948683298050515,0.,0.316227766016834));
#13825=DIRECTION('',(-8.16340459283203E-16,1.,0.));
#13826=DIRECTION('',(1.,8.16340459283203E-16,0.));
#13827=DIRECTION('',(8.16340459283203E-16,-1.,0.));
#13828=DIRECTION('',(-0.707106781186548,-5.77239874516094E-16,0.707106781186548));
#13829=DIRECTION('',(-0.707106781186548,0.,-0.707106781186548));
#13830=DIRECTION('',(-0.707106781186548,-5.77239874516094E-16,0.707106781186548));
#13831=DIRECTION('',(-0.707106781186548,0.,0.707106781186548));
#13832=DIRECTION('',(0.707106781186548,0.,0.707106781186548));
#13833=DIRECTION('',(-0.707106781186548,-5.77239874516094E-16,0.707106781186548));
#13834=DIRECTION('',(0.,0.,1.));
#13835=DIRECTION('',(-1.,0.,0.));
#13836=DIRECTION('',(0.,-1.,0.));
#13837=DIRECTION('',(0.,0.,1.));
#13838=DIRECTION('',(-0.707106781186548,0.,-0.707106781186548));
#13839=DIRECTION('',(-0.707106781186548,0.,0.707106781186548));
#13840=DIRECTION('',(8.16340459283203E-16,-1.,0.));
#13841=DIRECTION('',(-1.,-8.16340459283203E-16,0.));
#13842=DIRECTION('',(-0.707106781186548,-5.77239874516094E-16,-0.707106781186548));
#13843=DIRECTION('',(0.707106781186548,5.77239874516094E-16,0.707106781186548));
#13844=DIRECTION('',(-0.707106781186548,0.,0.707106781186548));
#13845=DIRECTION('',(-8.16340459283203E-16,1.,0.));
#13846=DIRECTION('',(1.,8.16340459283203E-16,0.));
#13847=DIRECTION('',(-8.16340459283203E-16,1.,0.));
#13848=DIRECTION('',(0.707106781186548,5.77239874516094E-16,-0.707106781186548));
#13849=DIRECTION('',(0.707106781186548,0.,0.707106781186548));
#13850=DIRECTION('',(-0.707106781186548,-5.77239874516094E-16,0.707106781186548));
#13851=DIRECTION('',(-0.707106781186548,4.906538933387E-14,0.707106781186548));
#13852=DIRECTION('',(0.707106781186548,0.,0.707106781186548));
#13853=DIRECTION('',(8.16340459283203E-16,-1.,0.));
#13854=DIRECTION('',(-1.,-8.16340459283203E-16,0.));
#13855=DIRECTION('',(1.,0.,0.));
#13856=DIRECTION('',(0.,0.,-1.));
#13857=DIRECTION('',(-8.16340459283203E-16,1.,0.));
#13858=DIRECTION('',(-1.,-8.16340459283203E-16,0.));
#13859=DIRECTION('',(1.,8.16340459283203E-16,-4.63502542989784E-15));
#13860=DIRECTION('',(4.63502542989784E-15,0.,1.));
#13861=DIRECTION('',(1.,0.,0.));
#13862=DIRECTION('',(0.,0.,-1.));
#13863=DIRECTION('',(8.16340459283203E-16,-1.,0.));
#13864=DIRECTION('',(-1.,-8.16340459283203E-16,0.));
#13865=DIRECTION('',(-1.,-8.16340459283203E-16,-4.63502542989784E-15));
#13866=DIRECTION('',(4.63502542989784E-15,0.,-1.));
#13867=DIRECTION('',(4.63502542989784E-15,5.55765921160945E-16,-1.));
#13868=DIRECTION('',(-8.16340459283203E-16,1.,4.93038065763132E-32));
#13869=DIRECTION('',(-0.0199390556279198,-0.265716011280312,0.963845130407343));
#13870=DIRECTION('',(0.,-0.96403678355263,-0.265768846852863));
#13871=DIRECTION('',(-0.499999997546012,0.707106789459115,0.49999999075481));
#13872=DIRECTION('',(-0.816496585447621,-0.577350262797529,0.));
#13873=DIRECTION('',(8.16340459283203E-16,-1.,-4.93038065763135E-32));
#13874=DIRECTION('',(-1.,-8.16340459283203E-16,0.));
#13875=DIRECTION('',(-8.16340459283203E-16,1.,0.));
#13876=DIRECTION('',(-0.707106781186548,-5.77239874516094E-16,-0.707106781186548));
#13877=DIRECTION('',(0.707106781186548,0.,-0.707106781186548));
#13878=DIRECTION('',(-0.707106781186548,-7.85971703210581E-16,0.707106781186548));
#13879=DIRECTION('',(0.707106781186548,7.85971703210581E-16,-0.707106781186548));
#13880=DIRECTION('',(0.707106781186548,0.,0.707106781186548));
#13881=DIRECTION('',(-0.707106781186548,-7.85971703210581E-16,0.707106781186548));
#13882=DIRECTION('',(4.63502542989784E-15,5.55765921160945E-16,-1.));
#13883=DIRECTION('',(1.,0.,4.63502542989784E-15));
#13884=DIRECTION('',(0.,0.,-1.));
#13885=DIRECTION('',(-1.,0.,0.));
#13886=DIRECTION('',(4.63502542989784E-15,5.55765921160945E-16,-1.));
#13887=DIRECTION('',(5.55765921160943E-16,-1.,-5.55765921160943E-16));
#13888=DIRECTION('',(0.,5.55765921160943E-16,-1.));
#13889=DIRECTION('',(-1.,0.,0.));
#13890=DIRECTION('',(0.,0.,1.));
#13891=DIRECTION('',(-5.55765921160943E-16,1.,5.55765921160943E-16));
#13892=DIRECTION('',(0.,5.55765921160943E-16,-1.));
#13893=DIRECTION('',(-1.,-5.55765921160945E-16,4.63502542989784E-15));
#13894=DIRECTION('',(-4.63502542989784E-15,0.,-1.));
#13895=DIRECTION('',(-1.,0.,0.));
#13896=DIRECTION('',(0.,0.,1.));
#13897=DIRECTION('',(-1.,-5.55765921160945E-16,4.63502542989784E-15));
#13898=DIRECTION('',(0.316227766016848,3.51497231354039E-16,0.948683298050511));
#13899=DIRECTION('',(-0.948683298050511,0.,0.316227766016848));
#13900=DIRECTION('',(8.16340459283203E-16,-1.,-4.93038065763135E-32));
#13901=DIRECTION('',(-1.,-8.16340459283203E-16,0.));
#13902=DIRECTION('',(-8.16340459283203E-16,1.,0.));
#13903=DIRECTION('',(0.707106781186548,5.77239874516094E-16,0.707106781186548));
#13904=DIRECTION('',(-0.707106781186548,0.,0.707106781186548));
#13905=DIRECTION('',(0.707106781186548,7.85971703210581E-16,-0.707106781186548));
#13906=DIRECTION('',(-0.707106781186548,-7.85971703210581E-16,0.707106781186548));
#13907=DIRECTION('',(-0.707106781186548,0.,-0.707106781186548));
#13908=DIRECTION('',(0.707106781186548,7.85971703210581E-16,-0.707106781186548));
#13909=DIRECTION('',(5.55765921160943E-16,-1.,-5.55765921160943E-16));
#13910=DIRECTION('',(0.,5.55765921160943E-16,-1.));
#13911=DIRECTION('',(0.,0.,-1.));
#13912=DIRECTION('',(1.,0.,0.));
#13913=DIRECTION('',(0.,0.,1.));
#13914=DIRECTION('',(1.,0.,0.));
#13915=DIRECTION('',(0.,0.,1.));
#13916=DIRECTION('',(1.,0.,0.));
#13917=DIRECTION('',(8.16340459283203E-16,-1.,0.));
#13918=DIRECTION('',(-1.,-8.16340459283203E-16,0.));
#13919=DIRECTION('',(1.,0.,0.));
#13920=DIRECTION('',(0.,0.,-1.));
#13921=DIRECTION('',(-1.,-8.16340459283203E-16,0.));
#13922=DIRECTION('',(-8.16340459283203E-16,1.,0.));
#13923=DIRECTION('',(1.,8.16340459283203E-16,0.));
#13924=DIRECTION('',(-8.16340459283203E-16,1.,0.));
#13925=DIRECTION('',(0.,-1.,0.));
#13926=DIRECTION('',(0.,0.,-1.));
#13927=DIRECTION('',(0.,0.,1.));
#13928=DIRECTION('',(1.,0.,0.));
#13929=DIRECTION('',(0.,1.,0.));
#13930=DIRECTION('',(0.,0.,-1.));
#13931=DIRECTION('',(0.,-1.,0.));
#13932=DIRECTION('',(0.,0.,-1.));
#13933=DIRECTION('',(0.707106781186548,0.,0.707106781186548));
#13934=DIRECTION('',(0.,1.,0.));
#13935=DIRECTION('',(0.,0.,-1.));
#13936=DIRECTION('',(0.,0.,1.));
#13937=DIRECTION('',(1.,0.,0.));
#13938=DIRECTION('',(0.,0.,-1.));
#13939=DIRECTION('',(1.,0.,0.));
#13940=DIRECTION('',(0.,-1.,0.));
#13941=DIRECTION('',(1.,0.,0.));
#13942=DIRECTION('',(0.,-1.,0.));
#13943=DIRECTION('',(0.,-1.,0.));
#13944=DIRECTION('',(1.,0.,0.));
#13945=DIRECTION('',(0.,0.,1.));
#13946=DIRECTION('',(0.,-1.,0.));
#13947=DIRECTION('',(0.,1.,0.));
#13948=DIRECTION('',(0.,0.,1.));
#13949=DIRECTION('',(0.,1.,0.));
#13950=DIRECTION('',(0.,0.,1.));
#13951=DIRECTION('',(0.,0.,1.));
#13952=DIRECTION('',(1.,0.,0.));
#13953=DIRECTION('',(-1.,0.,0.));
#13954=DIRECTION('',(0.,0.,-1.));
#13955=DIRECTION('',(0.,-1.,8.16340459283203E-16));
#13956=DIRECTION('',(1.,0.,0.));
#13957=DIRECTION('',(0.,8.16340459283203E-16,-1.));
#13958=DIRECTION('',(0.,0.,-1.));
#13959=DIRECTION('',(0.,1.,0.));
#13960=DIRECTION('',(0.,0.,1.));
#13961=DIRECTION('',(-1.,0.,0.));
#13962=DIRECTION('',(8.16340459283203E-16,-1.,0.));
#13963=DIRECTION('',(1.,8.16340459283203E-16,0.));
#13964=DIRECTION('',(0.,0.,-1.));
#13965=DIRECTION('',(-1.,-8.16340459283203E-16,0.));
#13966=DIRECTION('',(-1.,0.,0.));
#13967=DIRECTION('',(0.,0.,-1.));
#13968=DIRECTION('',(-8.16340459283203E-16,1.,0.));
#13969=DIRECTION('',(0.,0.,1.));
#13970=DIRECTION('',(-1.,0.,0.));
#13971=DIRECTION('',(-8.16340459283203E-16,1.,0.));
#13972=DIRECTION('',(-0.707106781186548,-5.77239874516094E-16,0.707106781186548));
#13973=DIRECTION('',(-0.707106781186548,0.,-0.707106781186548));
#13974=DIRECTION('',(-4.08170229641602E-16,1.,4.08170229641602E-16));
#13975=DIRECTION('',(-0.707106781186548,0.,-0.707106781186548));
#13976=DIRECTION('',(-4.08170229641602E-16,1.,4.08170229641602E-16));
#13977=DIRECTION('',(-8.16340459283203E-16,1.,0.));
#13978=DIRECTION('',(1.,8.16340459283203E-16,0.));
#13979=DIRECTION('',(8.16340459283203E-16,-1.,0.));
#13980=DIRECTION('',(1.,8.16340459283203E-16,0.));
#13981=DIRECTION('',(-4.08170229641602E-16,1.,-4.08170229641602E-16));
#13982=DIRECTION('',(0.,0.,1.));
#13983=DIRECTION('',(-1.,0.,0.));
#13984=DIRECTION('',(-0.707106781186548,-5.77239874516094E-16,0.707106781186548));
#13985=DIRECTION('',(0.707106781186548,0.,0.707106781186548));
#13986=DIRECTION('',(-0.707106781186548,-5.77239874516094E-16,-0.707106781186548));
#13987=DIRECTION('',(-0.707106781186548,0.,0.707106781186548));
#13988=DIRECTION('',(0.707106781186548,5.77239874516094E-16,-0.707106781186548));
#13989=DIRECTION('',(0.707106781186548,0.,0.707106781186548));
#13990=DIRECTION('',(0.707106781186548,5.77239874516094E-16,-0.707106781186548));
#13991=DIRECTION('',(0.707106781186548,0.,-0.707106781186548));
#13992=DIRECTION('',(-0.707106781186548,-5.77239874516094E-16,0.707106781186548));
#13993=DIRECTION('',(-0.707106781186548,0.,-0.707106781186548));
#13994=DIRECTION('',(-0.707106781186548,0.,0.707106781186548));
#13995=DIRECTION('',(-0.707106781186548,-5.77239874516094E-16,0.707106781186548));
#13996=DIRECTION('',(0.707106781186548,5.77239874516094E-16,-0.707106781186548));
#13997=DIRECTION('',(-0.707106781186548,0.,-0.707106781186548));
#13998=DIRECTION('',(0.,0.,1.));
#13999=DIRECTION('',(-1.,0.,0.));
#14000=DIRECTION('',(0.,1.,0.));
#14001=DIRECTION('',(0.,0.,-1.));
#14002=DIRECTION('',(-0.707106781186548,-5.77239874516094E-16,-0.707106781186548));
#14003=DIRECTION('',(-0.707106781186548,0.,0.707106781186548));
#14004=DIRECTION('',(8.16340459283203E-16,-1.,0.));
#14005=DIRECTION('',(-1.,-8.16340459283203E-16,0.));
#14006=DIRECTION('',(0.707106781186548,5.77239874516094E-16,0.707106781186548));
#14007=DIRECTION('',(0.707106781186548,5.77239874516094E-16,0.707106781186548));
#14008=DIRECTION('',(-0.707106781186548,0.,0.707106781186548));
#14009=DIRECTION('',(-8.16340459283203E-16,1.,0.));
#14010=DIRECTION('',(1.,8.16340459283203E-16,0.));
#14011=DIRECTION('',(-4.08170229641602E-16,1.,-4.08170229641602E-16));
#14012=DIRECTION('',(-0.707106781186548,-5.77239874516094E-16,-0.707106781186548));
#14013=DIRECTION('',(0.707106781186548,0.,-0.707106781186548));
#14014=DIRECTION('',(0.707106781186548,5.77239874516094E-16,0.707106781186548));
#14015=DIRECTION('',(-0.707106781186548,0.,0.707106781186548));
#14016=DIRECTION('',(0.,-1.,0.));
#14017=DIRECTION('',(0.,0.,-1.));
#14018=DIRECTION('',(0.,-1.,0.));
#14019=DIRECTION('',(0.,0.,1.));
#14020=DIRECTION('',(0.,0.,1.));
#14021=DIRECTION('',(-1.,0.,0.));
#14022=DIRECTION('',(0.,0.,-1.));
#14023=DIRECTION('',(-1.,0.,0.));
#14024=DIRECTION('',(0.,0.,1.));
#14025=DIRECTION('',(-1.,0.,0.));
#14026=DIRECTION('',(0.,-1.,0.));
#14027=DIRECTION('',(0.,0.,-1.));
#14028=DIRECTION('',(0.,1.,0.));
#14029=DIRECTION('',(0.,0.,-1.));
#14030=DIRECTION('',(0.,0.,1.));
#14031=DIRECTION('',(-1.,0.,0.));
#14032=DIRECTION('',(1.,0.,0.));
#14033=DIRECTION('',(0.,0.,-1.));
#14034=DIRECTION('',(1.,0.,0.));
#14035=DIRECTION('',(0.,0.,1.));
#14036=DIRECTION('',(0.,-1.,0.));
#14037=DIRECTION('',(0.,0.,-1.));
#14038=DIRECTION('',(0.,1.,0.));
#14039=DIRECTION('',(0.,0.,-1.));
#14040=DIRECTION('',(0.,0.,1.));
#14041=DIRECTION('',(-1.,0.,0.));
#14042=DIRECTION('',(1.,0.,0.));
#14043=DIRECTION('',(0.,0.,-1.));
#14044=DIRECTION('',(0.,0.,1.));
#14045=DIRECTION('',(1.,0.,0.));
#14046=DIRECTION('',(0.,0.,1.));
#14047=DIRECTION('',(-1.,0.,0.));
#14048=DIRECTION('',(0.,0.,1.));
#14049=DIRECTION('',(1.,0.,0.));
#14050=DIRECTION('',(1.,0.,0.));
#14051=DIRECTION('',(0.,0.,1.));
#14052=DIRECTION('',(1.,0.,0.));
#14053=DIRECTION('',(0.,0.,-1.));
#14054=DIRECTION('',(0.,1.,0.));
#14055=DIRECTION('',(0.,0.,1.));
#14056=DIRECTION('',(1.,0.,0.));
#14057=DIRECTION('',(0.,0.,-1.));
#14058=DIRECTION('',(0.,0.,1.));
#14059=DIRECTION('',(-1.,0.,0.));
#14060=DIRECTION('',(0.,0.,1.));
#14061=DIRECTION('',(1.,0.,0.));
#14062=DIRECTION('',(1.,0.,0.));
#14063=DIRECTION('',(0.,0.,1.));
#14064=DIRECTION('',(1.,0.,0.));
#14065=DIRECTION('',(0.,0.,-1.));
#14066=DIRECTION('',(0.,0.,1.));
#14067=DIRECTION('',(-1.,0.,0.));
#14068=DIRECTION('',(0.,0.,1.));
#14069=DIRECTION('',(1.,0.,0.));
#14070=DIRECTION('',(0.,0.,1.));
#14071=DIRECTION('',(-1.,0.,0.));
#14072=DIRECTION('',(0.,-1.,0.));
#14073=DIRECTION('',(0.,0.,-1.));
#14074=DIRECTION('',(0.,-1.,0.));
#14075=DIRECTION('',(0.,1.,0.));
#14076=DIRECTION('',(0.,0.,1.));
#14077=DIRECTION('',(0.,-1.,0.));
#14078=DIRECTION('',(0.,0.,-1.));
#14079=DIRECTION('',(0.,-1.,0.));
#14080=DIRECTION('',(0.,0.,-1.));
#14081=DIRECTION('',(0.,-1.,0.));
#14082=DIRECTION('',(0.,-1.,0.));
#14083=DIRECTION('',(0.,0.,-1.));
#14084=DIRECTION('',(0.,-1.,0.));
#14085=DIRECTION('',(-8.163404592832E-16,-1.,8.16340459283199E-16));
#14086=DIRECTION('',(1.,-8.163404592832E-16,0.));
#14087=DIRECTION('',(8.16340459283196E-16,1.,-3.50324616081205E-44));
#14088=DIRECTION('',(0.,1.,0.));
#14089=DIRECTION('',(0.,0.,1.));
#14090=DIRECTION('',(8.163404592832E-16,1.,-8.16340459283199E-16));
#14091=DIRECTION('',(0.,1.,0.));
#14092=DIRECTION('',(0.,0.,1.));
#14093=DIRECTION('',(-0.5,-0.707106781186541,-0.5));
#14094=DIRECTION('',(0.,0.577350269189634,-0.816496580927721));
#14095=DIRECTION('',(0.5,-0.707106781186555,0.5));
#14096=DIRECTION('',(-0.707106781186548,0.,0.707106781186547));
#14097=DIRECTION('',(-0.5,0.707106781186555,-0.5));
#14098=DIRECTION('',(-0.707106781186548,0.,0.707106781186547));
#14099=DIRECTION('',(-0.707106781186548,0.,0.707106781186547));
#14100=DIRECTION('',(0.707106781186547,0.,0.707106781186548));
#14101=DIRECTION('',(-0.707106781186548,0.,0.707106781186547));
#14102=DIRECTION('',(-0.696364240320019,-0.173648177666926,-0.69636424032002));
#14103=DIRECTION('',(-0.707106781186548,0.,0.707106781186547));
#14104=DIRECTION('',(0.24195478575236,-0.970287525247815,5.90629767889809E-18));
#14105=DIRECTION('',(7.91033905045424E-16,0.970287525247815,-0.24195478575236));
#14106=DIRECTION('',(-0.707106781186548,0.,0.707106781186547));
#14107=DIRECTION('',(-0.707106781186548,0.,0.707106781186547));
#14108=DIRECTION('',(0.707106781186547,0.,0.707106781186548));
#14109=DIRECTION('',(-0.707106781186548,0.,0.707106781186547));
#14110=DIRECTION('',(0.,1.,0.));
#14111=DIRECTION('',(0.,0.,1.));
#14112=DIRECTION('',(-1.,0.,0.));
#14113=DIRECTION('',(0.,1.,0.));
#14114=DIRECTION('',(0.,0.,1.));
#14115=DIRECTION('',(0.,1.,0.));
#14116=DIRECTION('',(0.,0.,1.));
#14117=DIRECTION('',(0.,0.,1.));
#14118=DIRECTION('',(0.,1.,0.));
#14119=DIRECTION('',(0.,0.,1.));
#14120=DIRECTION('',(0.707106781186548,0.,0.707106781186548));
#14121=DIRECTION('',(4.63502542989784E-15,0.,1.));
#14122=DIRECTION('',(0.,1.,0.));
#14123=DIRECTION('',(0.,0.,1.));
#14124=DIRECTION('',(-1.,0.,-4.63502542989784E-15));
#14125=DIRECTION('',(0.707106781186548,0.,0.707106781186548));
#14126=DIRECTION('',(0.,1.,0.));
#14127=DIRECTION('',(0.,0.,1.));
#14128=DIRECTION('',(-0.707106781186548,5.77239874516094E-16,0.707106781186548));
#14129=DIRECTION('',(0.707106781186548,0.,0.707106781186548));
#14130=DIRECTION('',(0.707106781186548,0.,0.707106781186548));
#14131=DIRECTION('',(-0.0123407149398269,-0.999847695156391,-0.0123407149398261));
#14132=DIRECTION('',(-0.707106781186548,5.77239874516094E-16,0.707106781186548));
#14133=DIRECTION('',(0.707106781186548,0.,0.707106781186548));
#14134=DIRECTION('',(-0.707106781186548,-4.31464180567002E-15,-0.707106781186548));
#14135=DIRECTION('',(-0.707106781186548,5.77239874516094E-16,0.707106781186548));
#14136=DIRECTION('',(0.707106781186548,0.,0.707106781186548));
#14137=DIRECTION('',(0.5,-0.707106781186555,0.5));
#14138=DIRECTION('',(-8.16340459283203E-16,-1.,0.));
#14139=DIRECTION('',(0.707106781186548,0.,0.707106781186548));
#14140=DIRECTION('',(-0.707106781186548,5.77239874516094E-16,0.707106781186548));
#14141=DIRECTION('',(-0.707106781186548,-5.77239874516088E-16,-0.707106781186548));
#14142=DIRECTION('',(8.16340459283203E-16,1.,0.));
#14143=DIRECTION('',(0.707106781186548,-5.77239874516094E-16,-0.707106781186548));
#14144=DIRECTION('',(-0.707106781186548,0.,-0.707106781186548));
#14145=DIRECTION('',(0.707106781186548,-5.77239874516094E-16,-0.707106781186548));
#14146=DIRECTION('',(-0.707106781186548,0.,-0.707106781186548));
#14147=DIRECTION('',(-0.0123407149398269,-0.999847695156391,-0.0123407149398261));
#14148=DIRECTION('',(0.707106781186548,0.,0.707106781186548));
#14149=DIRECTION('',(-8.16340459283203E-16,-1.,-2.70808094030918E-31));
#14150=DIRECTION('',(0.707106781186548,-5.77239874516094E-16,-0.707106781186548));
#14151=DIRECTION('',(0.707106781186548,-5.77239874516088E-16,0.707106781186548));
#14152=DIRECTION('',(0.707106781186548,0.,0.707106781186548));
#14153=DIRECTION('',(8.16340459283203E-16,1.,1.2924107119342E-31));
#14154=DIRECTION('',(-0.5,0.707106781186555,-0.5));
#14155=DIRECTION('',(0.707106781186548,-5.77239874516094E-16,-0.707106781186548));
#14156=DIRECTION('',(-0.707106781186548,0.,-0.707106781186548));
#14157=DIRECTION('',(-0.707106781186548,-4.31464180567002E-15,-0.707106781186548));
#14158=DIRECTION('',(0.706999085398824,-0.0174524064372829,0.706999085398825));
#14159=DIRECTION('',(0.707106781186548,0.,-0.707106781186547));
#14160=DIRECTION('',(-0.707106781186548,0.,0.707106781186547));
#14161=DIRECTION('',(-0.0123407149398269,-0.999847695156391,-0.0123407149398261));
#14162=DIRECTION('',(-0.707106781186548,0.,0.707106781186547));
#14163=DIRECTION('',(-0.0123407149398269,-0.999847695156391,-0.0123407149398261));
#14164=DIRECTION('',(-0.707106781186548,0.,0.707106781186547));
#14165=DIRECTION('',(0.707106781186547,0.,0.707106781186548));
#14166=DIRECTION('',(-0.707106781186548,0.,0.707106781186547));
#14167=DIRECTION('',(-0.707106781186548,5.77239874516094E-16,0.707106781186548));
#14168=DIRECTION('',(0.707106781186548,0.,0.707106781186548));
#14169=DIRECTION('',(0.707106781186548,-5.77239874516094E-16,-0.707106781186548));
#14170=DIRECTION('',(-0.707106781186548,0.,-0.707106781186548));
#14171=DIRECTION('',(3.05091247918024E-15,-1.,3.05091247918024E-15));
#14172=DIRECTION('',(0.,-3.05091247918024E-15,-1.));
#14173=DIRECTION('',(-0.707106781186548,0.,0.707106781186547));
#14174=DIRECTION('',(-0.707106781186548,-4.31464180567002E-15,-0.707106781186548));
#14175=DIRECTION('',(-0.707106781186548,-4.31464180567002E-15,-0.707106781186548));
#14176=DIRECTION('',(-0.707106781186548,0.,0.707106781186547));
#14177=DIRECTION('',(0.707106781186547,0.,0.707106781186548));
#14178=DIRECTION('',(-0.707106781186548,5.77239874516094E-16,0.707106781186548));
#14179=DIRECTION('',(0.707106781186548,0.,0.707106781186548));
#14180=DIRECTION('',(0.707106781186548,-5.77239874516094E-16,-0.707106781186548));
#14181=DIRECTION('',(-0.707106781186548,0.,-0.707106781186548));
#14182=DIRECTION('',(1.,-8.16340459283203E-16,-4.63502542989784E-15));
#14183=DIRECTION('',(-4.63502542989784E-15,0.,-1.));
#14184=DIRECTION('',(4.63502542989784E-15,0.,1.));
#14185=DIRECTION('',(-8.16340459283203E-16,-1.,-3.3666745017894E-31));
#14186=DIRECTION('',(-4.63502542989784E-15,0.,-1.));
#14187=DIRECTION('',(-4.63502542989784E-15,3.78375878823212E-30,1.));
#14188=DIRECTION('',(1.,0.,4.63502542989784E-15));
#14189=DIRECTION('',(1.,0.,4.63502542989784E-15));
#14190=DIRECTION('',(8.16340459283203E-16,1.,-7.00649232162408E-46));
#14191=DIRECTION('',(-1.,0.,-4.63502542989784E-15));
#14192=DIRECTION('',(-1.,8.16340459283203E-16,0.));
#14193=DIRECTION('',(-8.16340459283203E-16,-1.,0.));
#14194=DIRECTION('',(7.92084963997564E-16,0.970287525247815,-0.24195478575236));
#14195=DIRECTION('',(-1.,8.16340459283203E-16,0.));
#14196=DIRECTION('',(-6.66411745462712E-31,-8.16340459283204E-16,1.));
#14197=DIRECTION('',(8.16340459283203E-16,1.,1.68333725089469E-31));
#14198=DIRECTION('',(0.,0.,1.));
#14199=DIRECTION('',(-8.16340459283203E-16,-1.,0.));
#14200=DIRECTION('',(-8.16340459283203E-16,-1.,0.));
#14201=DIRECTION('',(1.,-8.16340459283203E-16,0.));
#14202=DIRECTION('',(0.,1.,0.));
#14203=DIRECTION('',(0.,0.,1.));
#14204=DIRECTION('',(0.,0.,-1.));
#14205=DIRECTION('',(-1.,0.,0.));
#14206=DIRECTION('',(-8.16340459283203E-16,-1.,0.));
#14207=DIRECTION('',(0.24195478575236,-0.970287525247815,0.));
#14208=DIRECTION('',(-8.16340459283203E-16,-1.,0.));
#14209=DIRECTION('',(-1.,0.,0.));
#14210=DIRECTION('',(-8.16340459283203E-16,-1.,0.));
#14211=DIRECTION('',(1.,-8.16340459283203E-16,0.));
#14212=DIRECTION('',(0.,1.,0.));
#14213=DIRECTION('',(0.,0.,1.));
#14214=DIRECTION('',(8.16340459283203E-16,1.,0.));
#14215=DIRECTION('',(-1.,8.16340459283203E-16,0.));
#14216=DIRECTION('',(0.,1.,0.));
#14217=DIRECTION('',(0.,0.,1.));
#14218=DIRECTION('',(-8.16340459283203E-16,-1.,-1.68333725089469E-31));
#14219=DIRECTION('',(1.,-8.16340459283203E-16,0.));
#14220=DIRECTION('',(0.,1.,0.));
#14221=DIRECTION('',(0.,0.,1.));
#14222=DIRECTION('',(4.63502542989784E-15,0.,1.));
#14223=DIRECTION('',(1.,0.,-4.63502542989784E-15));
#14224=DIRECTION('',(-0.948683298050509,7.74448559244855E-16,0.316227766016851));
#14225=DIRECTION('',(0.316227766016851,0.,0.948683298050509));
#14226=DIRECTION('',(0.,0.,1.));
#14227=DIRECTION('',(1.,0.,0.));
#14228=DIRECTION('',(0.,1.,0.));
#14229=DIRECTION('',(0.,0.,1.));
#14230=DIRECTION('',(-1.,0.,0.));
#14231=DIRECTION('',(0.,0.,1.));
#14232=DIRECTION('',(-1.,0.,-4.63502542989784E-15));
#14233=DIRECTION('',(-4.63502542989784E-15,0.,1.));
#14234=DIRECTION('',(0.316227766016851,-7.74448559244855E-16,-0.948683298050509));
#14235=DIRECTION('',(-0.948683298050509,0.,-0.316227766016851));
#14236=DIRECTION('',(8.16340459283203E-16,1.,-9.90867646590378E-46));
#14237=DIRECTION('',(-1.,8.16340459283203E-16,0.));
#14238=DIRECTION('',(0.,1.,0.));
#14239=DIRECTION('',(0.,0.,1.));
#14240=DIRECTION('',(0.,-1.,0.));
#14241=DIRECTION('',(0.,0.,-1.));
#14242=DIRECTION('',(-0.707106781186548,0.,-0.707106781186548));
#14243=DIRECTION('',(-0.707106781186548,0.,0.707106781186548));
#14244=DIRECTION('',(-0.707106781186548,0.,-0.707106781186548));
#14245=DIRECTION('',(-0.707106781186548,0.,0.707106781186548));
#14246=DIRECTION('',(-0.707106781186548,0.,-0.707106781186548));
#14247=DIRECTION('',(-0.707106781186548,0.,0.707106781186548));
#14248=DIRECTION('',(0.,1.,0.));
#14249=DIRECTION('',(0.,0.,1.));
#14250=DIRECTION('',(-1.,0.,0.));
#14251=DIRECTION('',(0.,0.,1.));
#14252=DIRECTION('',(-1.,0.,0.));
#14253=DIRECTION('',(0.,0.,1.));
#14254=DIRECTION('',(-1.,0.,0.));
#14255=DIRECTION('',(0.,0.,1.));
#14256=DIRECTION('',(0.,1.,0.));
#14257=DIRECTION('',(0.,0.,1.));
#14258=DIRECTION('',(-0.998037259236656,0.,0.0626229125431237));
#14259=DIRECTION('',(0.0626229125431237,0.,0.998037259236656));
#14260=DIRECTION('',(-0.167194952003952,0.965073547552117,0.201690098516432));
#14261=DIRECTION('',(0.,-0.204569650563101,0.978852010300071));
#14262=DIRECTION('',(0.24195478575236,-0.970287525247815,0.));
#14263=DIRECTION('',(0.970287525247815,0.24195478575236,0.));
#14264=DIRECTION('',(-0.000712442314222786,-0.000331575795421079,0.999999691241673));
#14265=DIRECTION('',(0.999999746212914,0.,0.000712442353386637));
#14266=DIRECTION('',(-0.533537843976008,-0.375326103083457,0.7579364652724));
#14267=DIRECTION('',(0.817717476720052,0.,0.575619777515151));
#14268=DIRECTION('',(0.501581254466725,0.707458935383704,0.497913747463697));
#14269=DIRECTION('',(-0.815771761347698,0.578373956353218,0.));
#14270=DIRECTION('',(-0.5,0.707106781186555,-0.5));
#14271=DIRECTION('',(0.,0.577350269189618,0.816496580927731));
#14272=DIRECTION('',(0.5,-0.707106781186566,0.49999999999997));
#14273=DIRECTION('',(0.816496580927731,0.577350269189619,0.));
#14274=DIRECTION('',(-0.707106781186548,5.77239874516094E-16,0.707106781186548));
#14275=DIRECTION('',(0.707106781186548,0.,0.707106781186548));
#14276=DIRECTION('',(0.707106781186548,0.,0.707106781186548));
#14277=DIRECTION('',(0.707106781186548,0.,-0.707106781186548));
#14278=DIRECTION('',(0.707106781186548,4.31464180567002E-15,0.707106781186548));
#14279=DIRECTION('',(0.707106781186548,0.,-0.707106781186548));
#14280=DIRECTION('',(0.707106781186548,0.,0.707106781186548));
#14281=DIRECTION('',(0.707106781186548,0.,-0.707106781186548));
#14282=DIRECTION('',(-0.707106781186548,5.77239874516094E-16,0.707106781186548));
#14283=DIRECTION('',(0.707106781186548,0.,0.707106781186548));
#14284=DIRECTION('',(0.012340714939825,0.999847695156391,0.012340714939825));
#14285=DIRECTION('',(0.,-0.0123416547509348,0.999923838878746));
#14286=DIRECTION('',(0.0123407149398269,0.999847695156391,0.0123407149398261));
#14287=DIRECTION('',(-0.999923838878746,0.0123416547509367,0.));
#14288=DIRECTION('',(0.,1.,0.));
#14289=DIRECTION('',(0.707106781186571,0.,0.707106781186524));
#14290=DIRECTION('',(-8.16340459283203E-16,-1.,-3.36667450178939E-31));
#14291=DIRECTION('',(1.,-8.16340459283203E-16,0.));
#14292=DIRECTION('',(0.,1.,0.));
#14293=DIRECTION('',(0.,0.,1.));
#14294=DIRECTION('',(0.,-1.,0.));
#14295=DIRECTION('',(0.,0.,-1.));
#14296=DIRECTION('',(-0.707106781186548,0.,-0.707106781186548));
#14297=DIRECTION('',(-0.707106781186548,0.,0.707106781186548));
#14298=DIRECTION('',(-0.707106781186548,0.,-0.707106781186548));
#14299=DIRECTION('',(-0.707106781186548,0.,0.707106781186548));
#14300=DIRECTION('',(-0.707106781186548,0.,-0.707106781186548));
#14301=DIRECTION('',(-0.707106781186548,0.,0.707106781186548));
#14302=DIRECTION('',(0.,1.,0.));
#14303=DIRECTION('',(0.,0.,1.));
#14304=DIRECTION('',(0.,0.,-1.));
#14305=DIRECTION('',(-1.,0.,0.));
#14306=DIRECTION('',(0.,0.,1.));
#14307=DIRECTION('',(1.,0.,0.));
#14308=DIRECTION('',(0.,0.,-1.));
#14309=DIRECTION('',(-1.,0.,0.));
#14310=DIRECTION('',(0.,1.,0.));
#14311=DIRECTION('',(0.,0.,1.));
#14312=DIRECTION('',(0.0626229125431238,0.,-0.998037259236656));
#14313=DIRECTION('',(-0.998037259236656,0.,-0.0626229125431238));
#14314=DIRECTION('',(0.201690100877067,0.965073547458831,-0.167194949694735));
#14315=DIRECTION('',(-0.978852009816661,0.204569652876186,0.));
#14316=DIRECTION('',(7.92084963997564E-16,0.970287525247815,-0.24195478575236));
#14317=DIRECTION('',(0.,0.24195478575236,0.970287525247815));
#14318=DIRECTION('',(0.999999691241674,-0.000331575794774132,-0.000712442313189659));
#14319=DIRECTION('',(-0.00071244235235351,0.,-0.999999746212915));
#14320=DIRECTION('',(0.4979137495688,0.707458935031981,0.501581252873106));
#14321=DIRECTION('',(0.,-0.57837395532168,0.815771762079048));
#14322=DIRECTION('',(0.5,-0.707106781186555,0.5));
#14323=DIRECTION('',(0.,-0.577350269189618,-0.816496580927731));
#14324=DIRECTION('',(0.499999999999987,-0.707106781186566,0.499999999999987));
#14325=DIRECTION('',(0.,-0.577350269189606,-0.81649658092774));
#14326=DIRECTION('',(0.707106781186548,-5.77239874516094E-16,-0.707106781186548));
#14327=DIRECTION('',(-0.707106781186548,0.,-0.707106781186548));
#14328=DIRECTION('',(0.707106781186548,0.,0.707106781186548));
#14329=DIRECTION('',(0.707106781186548,0.,-0.707106781186548));
#14330=DIRECTION('',(0.707106781186548,4.31464180567002E-15,0.707106781186548));
#14331=DIRECTION('',(0.707106781186548,0.,-0.707106781186548));
#14332=DIRECTION('',(0.707106781186548,0.,0.707106781186548));
#14333=DIRECTION('',(0.707106781186548,0.,-0.707106781186548));
#14334=DIRECTION('',(0.707106781186548,-5.77239874516094E-16,-0.707106781186548));
#14335=DIRECTION('',(-0.707106781186548,0.,-0.707106781186548));
#14336=DIRECTION('',(0.012340714939825,0.999847695156391,0.012340714939825));
#14337=DIRECTION('',(0.,-0.0123416547509348,0.999923838878746));
#14338=DIRECTION('',(0.0123407149398269,0.999847695156391,0.0123407149398261));
#14339=DIRECTION('',(-0.999923838878746,0.0123416547509367,0.));
#14340=DIRECTION('',(0.,1.,0.));
#14341=DIRECTION('',(0.707106781186571,0.,0.707106781186524));
#14342=DIRECTION('',(0.,1.,0.));
#14343=DIRECTION('',(0.,0.,1.));
#14344=DIRECTION('',(0.,1.,0.));
#14345=DIRECTION('',(0.,0.,1.));
#14346=DIRECTION('',(-1.,0.,0.));
#14347=DIRECTION('',(0.,0.,1.));
#14348=DIRECTION('',(-1.,0.,0.));
#14349=DIRECTION('',(0.,0.,1.));
#14350=DIRECTION('',(0.,1.,0.));
#14351=DIRECTION('',(0.,0.,1.));
#14352=DIRECTION('',(0.,1.,0.));
#14353=DIRECTION('',(0.,0.,1.));
#14354=DIRECTION('',(0.707106781186548,0.,0.707106781186548));
#14355=DIRECTION('',(-1.,0.,0.));
#14356=DIRECTION('',(0.,0.,-1.));
#14357=DIRECTION('',(-1.,0.,0.));
#14358=DIRECTION('',(-0.707106781186548,5.77239874516094E-16,-0.707106781186548));
#14359=DIRECTION('',(-8.16340459283203E-16,-1.,0.));
#14360=DIRECTION('',(1.,-8.16340459283203E-16,0.));
#14361=DIRECTION('',(-4.63502542989784E-15,3.78375878823212E-30,-1.));
#14362=DIRECTION('',(-8.16340459283203E-16,-1.,0.));
#14363=DIRECTION('',(1.,-8.16340459283203E-16,0.));
#14364=DIRECTION('',(1.,-8.16340459283203E-16,4.63502542989784E-15));
#14365=DIRECTION('',(-8.16340459283203E-16,-1.,0.));
#14366=DIRECTION('',(1.,-8.16340459283203E-16,0.));
#14367=DIRECTION('',(0.707106781186548,-5.77239874516094E-16,0.707106781186548));
#14368=DIRECTION('',(-8.16340459283203E-16,-1.,0.));
#14369=DIRECTION('',(1.,-8.16340459283203E-16,0.));
#14370=DIRECTION('',(0.707106781186548,-5.77239874516094E-16,-0.707106781186548));
#14371=DIRECTION('',(-8.16340459283203E-16,-1.,0.));
#14372=DIRECTION('',(1.,-8.16340459283203E-16,0.));
#14373=DIRECTION('',(-1.,0.,0.));
#14374=DIRECTION('',(0.,0.,-1.));
#14375=DIRECTION('',(1.,-8.16340459283203E-16,0.));
#14376=DIRECTION('',(-8.16340459283203E-16,-1.,0.));
#14377=DIRECTION('',(1.,-8.16340459283203E-16,0.));
#14378=DIRECTION('',(0.,0.,-1.));
#14379=DIRECTION('',(1.,0.,0.));
#14380=DIRECTION('',(0.,0.,1.));
#14381=DIRECTION('',(0.,1.,0.));
#14382=DIRECTION('',(0.,0.,1.));
#14383=DIRECTION('',(0.,0.,1.));
#14384=DIRECTION('',(1.,0.,0.));
#14385=DIRECTION('',(0.,0.,1.));
#14386=DIRECTION('',(0.707106781186548,0.,0.707106781186548));
#14387=DIRECTION('',(0.,-1.,0.));
#14388=DIRECTION('',(0.,0.,-1.));
#14389=DIRECTION('',(0.,-1.,0.));
#14390=DIRECTION('',(0.,0.,-1.));
#14391=DIRECTION('',(-1.,0.,0.));
#14392=DIRECTION('',(0.,0.,1.));
#14393=DIRECTION('',(-0.707106781186548,0.,0.707106781186548));
#14394=DIRECTION('',(0.,0.,-1.));
#14395=DIRECTION('',(-1.,0.,0.));
#14396=DIRECTION('',(0.,-1.,0.));
#14397=DIRECTION('',(-1.,0.,0.));
#14398=DIRECTION('',(-1.,0.,0.));
#14399=DIRECTION('',(0.,-1.,0.));
#14400=DIRECTION('',(-1.,0.,0.));
#14401=DIRECTION('',(0.,-1.,0.));
#14402=DIRECTION('',(1.,0.,0.));
#14403=DIRECTION('',(0.,-1.,0.));
#14404=DIRECTION('',(1.,0.,0.));
#14405=DIRECTION('',(-1.,0.,0.));
#14406=DIRECTION('',(0.,0.,1.));
#14407=DIRECTION('',(0.,0.,-1.));
#14408=DIRECTION('',(0.,1.,0.));
#14409=DIRECTION('',(0.,0.,1.));
#14410=DIRECTION('',(0.,-1.,0.));
#14411=DIRECTION('',(0.,0.,1.));
#14412=DIRECTION('',(0.,-1.,0.));
#14413=DIRECTION('',(0.,-1.,0.));
#14414=DIRECTION('',(0.,0.,-1.));
#14415=DIRECTION('',(0.,-1.,0.));
#14416=DIRECTION('',(-8.16340459283203E-16,-1.,0.));
#14417=DIRECTION('',(1.,-8.16340459283203E-16,0.));
#14418=DIRECTION('',(-5.55765921160943E-16,-1.,-5.55765921160943E-16));
#14419=DIRECTION('',(0.,5.55765921160943E-16,-1.));
#14420=DIRECTION('',(0.,-1.,0.));
#14421=DIRECTION('',(0.,0.,-1.));
#14422=DIRECTION('',(0.,1.,0.));
#14423=DIRECTION('',(0.,0.,1.));
#14424=DIRECTION('',(0.,-1.,0.));
#14425=DIRECTION('',(-8.16340459283203E-16,-1.,0.));
#14426=DIRECTION('',(1.,-8.16340459283203E-16,0.));
#14427=DIRECTION('',(0.,0.,1.));
#14428=DIRECTION('',(1.,0.,0.));
#14429=DIRECTION('',(0.,0.,1.));
#14430=DIRECTION('',(1.,0.,0.));
#14431=DIRECTION('',(0.,-1.,0.));
#14432=DIRECTION('',(-1.,0.,0.));
#14433=DIRECTION('',(-1.,0.,0.));
#14434=DIRECTION('',(1.,0.,0.));
#14435=DIRECTION('',(0.,0.,-1.));
#14436=DIRECTION('',(1.,0.,0.));
#14437=DIRECTION('',(0.,0.,-1.));
#14438=DIRECTION('',(0.,0.,1.));
#14439=DIRECTION('',(0.,0.,1.));
#14440=DIRECTION('',(0.,-1.,0.));
#14441=DIRECTION('',(0.,0.,-1.));
#14442=DIRECTION('',(0.,-1.,0.));
#14443=DIRECTION('',(0.,0.,-1.));
#14444=DIRECTION('',(0.,0.,1.));
#14445=DIRECTION('',(-1.,0.,0.));
#14446=DIRECTION('',(1.,0.,0.));
#14447=DIRECTION('',(0.,0.,-1.));
#14448=DIRECTION('',(0.,0.,1.));
#14449=DIRECTION('',(-1.04744440165294E-14,0.,1.));
#14450=DIRECTION('',(1.,0.,1.04744440165294E-14));
#14451=DIRECTION('',(1.04744440165294E-14,0.,-1.));
#14452=DIRECTION('',(-1.04744440165294E-14,0.,1.));
#14453=DIRECTION('',(1.,0.,1.04744440165294E-14));
#14454=DIRECTION('',(-1.04744440165294E-14,0.,1.));
#14455=DIRECTION('',(-1.04744440165294E-14,0.,1.));
#14456=DIRECTION('',(0.,-1.,0.));
#14457=DIRECTION('',(0.,0.,-1.));
#14458=DIRECTION('',(0.,-1.,0.));
#14459=DIRECTION('',(0.,0.,1.));
#14460=DIRECTION('',(-1.,0.,0.));
#14461=DIRECTION('',(0.,8.16340459283203E-16,1.));
#14462=DIRECTION('',(0.,1.,8.16340459283203E-16));
#14463=DIRECTION('',(-1.,0.,0.));
#14464=DIRECTION('',(0.,1.11153184232188E-15,1.));
#14465=DIRECTION('',(0.,5.55765921160943E-16,1.));
#14466=DIRECTION('',(0.,-1.,0.));
#14467=DIRECTION('',(0.,0.,1.));
#14468=DIRECTION('',(0.,-1.,0.));
#14469=DIRECTION('',(1.04744440165294E-14,0.,-1.));
#14470=DIRECTION('',(1.,0.,1.04744440165294E-14));
#14471=DIRECTION('',(1.04744440165294E-14,0.,-1.));
#14472=DIRECTION('',(1.04744440165294E-14,0.,-1.));
#14473=DIRECTION('',(1.,0.,1.04744440165294E-14));
#14474=DIRECTION('',(-1.04744440165294E-14,0.,1.));
#14475=DIRECTION('',(1.04744440165294E-14,0.,-1.));
#14476=DIRECTION('',(0.,-1.,0.));
#14477=DIRECTION('',(0.,0.,-1.));
#14478=DIRECTION('',(0.,5.55765921160943E-16,-1.));
#14479=DIRECTION('',(1.,0.,0.));
#14480=DIRECTION('',(0.,1.11153184232188E-15,-1.));
#14481=DIRECTION('',(0.,1.,-8.16340459283203E-16));
#14482=DIRECTION('',(1.,0.,0.));
#14483=DIRECTION('',(0.,8.16340459283203E-16,-1.));
#14484=DIRECTION('',(0.,0.,-1.));
#14485=DIRECTION('',(1.,0.,0.));
#14486=DIRECTION('',(0.,0.,-1.));
#14487=DIRECTION('',(0.316227766016833,-2.58149519748283E-16,-0.948683298050515));
#14488=DIRECTION('',(0.948683298050515,0.,0.316227766016834));
#14489=DIRECTION('',(0.,1.,0.));
#14490=DIRECTION('',(0.,0.,1.));
#14491=DIRECTION('',(1.,-8.16340459283203E-16,0.));
#14492=DIRECTION('',(8.16340459283203E-16,1.,0.));
#14493=DIRECTION('',(1.,0.,0.));
#14494=DIRECTION('',(0.,0.,-1.));
#14495=DIRECTION('',(1.,-8.16340459283203E-16,0.));
#14496=DIRECTION('',(-8.16340459283203E-16,-1.,0.));
#14497=DIRECTION('',(1.,-8.16340459283203E-16,0.));
#14498=DIRECTION('',(0.,0.,-1.));
#14499=DIRECTION('',(-1.,0.,0.));
#14500=DIRECTION('',(-8.16340459283203E-16,-1.,0.));
#14501=DIRECTION('',(1.,-8.16340459283203E-16,0.));
#14502=DIRECTION('',(0.,0.,-1.));
#14503=DIRECTION('',(-1.,0.,0.));
#14504=DIRECTION('',(0.,0.,1.));
#14505=DIRECTION('',(1.,0.,0.));
#14506=DIRECTION('',(0.,0.,-1.));
#14507=DIRECTION('',(0.,1.,0.));
#14508=DIRECTION('',(0.,0.,1.));
#14509=DIRECTION('',(-0.948683298050512,-2.5814951974829E-16,0.316227766016843));
#14510=DIRECTION('',(-0.316227766016843,0.,-0.948683298050512));
#14511=DIRECTION('',(0.714337658687647,-0.663151226346847,0.223499799497279));
#14512=DIRECTION('',(0.680361671949914,0.732876521210441,0.));
#14513=DIRECTION('',(-4.63502542989784E-15,3.78375878823212E-30,1.));
#14514=DIRECTION('',(1.,0.,4.63502542989784E-15));
#14515=DIRECTION('',(8.16340459283203E-16,1.,0.));
#14516=DIRECTION('',(1.,-8.16340459283203E-16,4.63502542989784E-15));
#14517=DIRECTION('',(8.16340459283203E-16,1.,0.));
#14518=DIRECTION('',(1.,-5.55765921160945E-16,4.63502542989784E-15));
#14519=DIRECTION('',(8.16340459283203E-16,1.,0.));
#14520=DIRECTION('',(-1.,8.16340459283203E-16,0.));
#14521=DIRECTION('',(-8.16340459283203E-16,-1.,0.));
#14522=DIRECTION('',(1.,-8.16340459283203E-16,0.));
#14523=DIRECTION('',(8.16340459283203E-16,1.,0.));
#14524=DIRECTION('',(-5.55765921160943E-16,-1.,-5.55765921160943E-16));
#14525=DIRECTION('',(0.,5.55765921160943E-16,-1.));
#14526=DIRECTION('',(4.63502542989784E-15,-3.78375878823212E-30,1.));
#14527=DIRECTION('',(1.,0.,-4.63502542989784E-15));
#14528=DIRECTION('',(0.,0.,-1.));
#14529=DIRECTION('',(-1.,0.,0.));
#14530=DIRECTION('',(-4.63502542989784E-15,3.78375878823212E-30,-1.));
#14531=DIRECTION('',(0.,0.,-1.));
#14532=DIRECTION('',(-1.,0.,0.));
#14533=DIRECTION('',(-8.16340459283203E-16,-1.,0.));
#14534=DIRECTION('',(1.,-8.16340459283203E-16,0.));
#14535=DIRECTION('',(-0.707106781186513,0.,-0.707106781186582));
#14536=DIRECTION('',(-0.707106781186582,0.,0.707106781186513));
#14537=DIRECTION('',(-8.16340459283203E-16,-1.,0.));
#14538=DIRECTION('',(1.,-8.16340459283203E-16,0.));
#14539=DIRECTION('',(0.707106781186548,-5.77239874516094E-16,0.707106781186548));
#14540=DIRECTION('',(0.707106781186548,0.,-0.707106781186548));
#14541=DIRECTION('',(0.707106781186548,0.,0.707106781186548));
#14542=DIRECTION('',(0.707106781186548,0.,-0.707106781186548));
#14543=DIRECTION('',(-0.707106781186548,5.77239874516094E-16,-0.707106781186548));
#14544=DIRECTION('',(-8.16340459283203E-16,-1.,0.));
#14545=DIRECTION('',(1.,-8.16340459283203E-16,0.));
#14546=DIRECTION('',(0.707106781186548,0.,-0.707106781186548));
#14547=DIRECTION('',(-0.707106781186548,0.,-0.707106781186548));
#14548=DIRECTION('',(-8.16340459283203E-16,-1.,0.));
#14549=DIRECTION('',(1.,-8.16340459283203E-16,0.));
#14550=DIRECTION('',(0.707106781186548,-5.77239874516094E-16,0.707106781186548));
#14551=DIRECTION('',(0.707106781186548,0.,-0.707106781186548));
#14552=DIRECTION('',(8.16340459283203E-16,1.,0.));
#14553=DIRECTION('',(0.707106781186548,-5.77239874516094E-16,-0.707106781186548));
#14554=DIRECTION('',(8.16340459283203E-16,1.,0.));
#14555=DIRECTION('',(0.707106781186548,-5.77239874516094E-16,-0.707106781186548));
#14556=DIRECTION('',(-8.16340459283203E-16,-1.,0.));
#14557=DIRECTION('',(1.,-8.16340459283203E-16,0.));
#14558=DIRECTION('',(0.707106781186548,0.,-0.707106781186548));
#14559=DIRECTION('',(-0.707106781186548,0.,-0.707106781186548));
#14560=DIRECTION('',(-0.707106781186548,0.,-0.707106781186548));
#14561=DIRECTION('',(-0.707106781186548,0.,0.707106781186548));
#14562=DIRECTION('',(-8.16340459283203E-16,-1.,0.));
#14563=DIRECTION('',(1.,-8.16340459283203E-16,0.));
#14564=DIRECTION('',(0.707106781186548,-5.77239874516094E-16,-0.707106781186548));
#14565=DIRECTION('',(-0.707106781186548,0.,-0.707106781186548));
#14566=DIRECTION('',(8.16340459283203E-16,1.,0.));
#14567=DIRECTION('',(-1.,8.16340459283203E-16,0.));
#14568=DIRECTION('',(8.16340459283203E-16,1.,0.));
#14569=DIRECTION('',(0.,1.,0.));
#14570=DIRECTION('',(0.,0.,1.));
#14571=DIRECTION('',(0.,0.,1.));
#14572=DIRECTION('',(1.,0.,0.));
#14573=DIRECTION('',(-0.707106781186548,0.,-0.707106781186548));
#14574=DIRECTION('',(-0.707106781186548,0.,0.707106781186548));
#14575=DIRECTION('',(0.707106781186548,0.,-0.707106781186548));
#14576=DIRECTION('',(-0.707106781186548,0.,-0.707106781186548));
#14577=DIRECTION('',(-0.707106781186548,5.77239874516094E-16,-0.707106781186548));
#14578=DIRECTION('',(-0.707106781186548,0.,0.707106781186548));
#14579=DIRECTION('',(-0.707106781186548,5.77239874516094E-16,-0.707106781186548));
#14580=DIRECTION('',(-0.707106781186548,5.77239874516094E-16,-0.707106781186548));
#14581=DIRECTION('',(0.,-1.,8.16340459283203E-16));
#14582=DIRECTION('',(0.,-8.16340459283203E-16,-1.));
#14583=DIRECTION('',(0.,1.,0.));
#14584=DIRECTION('',(0.,0.,1.));
#14585=DIRECTION('',(0.,1.,-8.16340459283203E-16));
#14586=DIRECTION('',(0.,0.,-1.));
#14587=DIRECTION('',(-1.,0.,0.));
#14588=DIRECTION('',(-0.948683298050512,-3.51497231354035E-16,0.316227766016843));
#14589=DIRECTION('',(-0.316227766016843,0.,-0.948683298050512));
#14590=DIRECTION('',(0.,-5.55765921160943E-16,1.));
#14591=DIRECTION('',(0.,-1.,-5.55765921160943E-16));
#14592=DIRECTION('',(0.,0.,-1.));
#14593=DIRECTION('',(-1.,0.,0.));
#14594=DIRECTION('',(0.,5.55765921160943E-16,-1.));
#14595=DIRECTION('',(-5.55765921160943E-16,-1.,-5.55765921160943E-16));
#14596=DIRECTION('',(0.,5.55765921160943E-16,-1.));
#14597=DIRECTION('',(1.,0.,0.));
#14598=DIRECTION('',(0.,0.,-1.));
#14599=DIRECTION('',(-5.55765921160943E-16,-1.,-5.55765921160943E-16));
#14600=DIRECTION('',(0.,5.55765921160943E-16,-1.));
#14601=DIRECTION('',(-1.,5.55765921160943E-16,0.));
#14602=DIRECTION('',(-5.55765921160943E-16,-1.,0.));
#14603=DIRECTION('',(-1.,0.,0.));
#14604=DIRECTION('',(0.,0.,1.));
#14605=DIRECTION('',(1.,-5.55765921160943E-16,0.));
#14606=DIRECTION('',(0.,1.,0.));
#14607=DIRECTION('',(0.,0.,1.));
#14608=DIRECTION('',(0.316227766016833,-3.51497231354025E-16,-0.948683298050515));
#14609=DIRECTION('',(0.948683298050515,0.,0.316227766016834));
#14610=DIRECTION('',(8.16340459283203E-16,1.,0.));
#14611=DIRECTION('',(-1.,8.16340459283203E-16,0.));
#14612=DIRECTION('',(-8.16340459283203E-16,-1.,0.));
#14613=DIRECTION('',(0.707106781186548,-5.77239874516094E-16,0.707106781186548));
#14614=DIRECTION('',(0.707106781186548,0.,-0.707106781186548));
#14615=DIRECTION('',(0.707106781186548,-5.77239874516094E-16,0.707106781186548));
#14616=DIRECTION('',(0.707106781186548,-5.77239874516094E-16,0.707106781186548));
#14617=DIRECTION('',(-0.707106781186548,0.,-0.707106781186548));
#14618=DIRECTION('',(-0.707106781186548,0.,0.707106781186548));
#14619=DIRECTION('',(0.,0.,1.));
#14620=DIRECTION('',(1.,0.,0.));
#14621=DIRECTION('',(0.,1.,0.));
#14622=DIRECTION('',(0.,0.,1.));
#14623=DIRECTION('',(-0.707106781186548,0.,0.707106781186548));
#14624=DIRECTION('',(0.707106781186548,0.,0.707106781186548));
#14625=DIRECTION('',(-8.16340459283203E-16,-1.,0.));
#14626=DIRECTION('',(1.,-8.16340459283203E-16,0.));
#14627=DIRECTION('',(0.707106781186548,-5.77239874516094E-16,-0.707106781186548));
#14628=DIRECTION('',(-0.707106781186548,5.77239874516094E-16,0.707106781186548));
#14629=DIRECTION('',(0.707106781186548,0.,0.707106781186548));
#14630=DIRECTION('',(8.16340459283203E-16,1.,0.));
#14631=DIRECTION('',(-1.,8.16340459283203E-16,0.));
#14632=DIRECTION('',(8.16340459283203E-16,1.,0.));
#14633=DIRECTION('',(-0.707106781186548,5.77239874516094E-16,-0.707106781186548));
#14634=DIRECTION('',(-0.707106781186548,0.,0.707106781186548));
#14635=DIRECTION('',(-0.707106781186548,-4.906538933387E-14,-0.707106781186548));
#14636=DIRECTION('',(-0.707106781186548,0.,0.707106781186548));
#14637=DIRECTION('',(0.707106781186548,-5.77239874516094E-16,0.707106781186548));
#14638=DIRECTION('',(-8.16340459283203E-16,-1.,0.));
#14639=DIRECTION('',(1.,-8.16340459283203E-16,0.));
#14640=DIRECTION('',(1.,0.,0.));
#14641=DIRECTION('',(0.,0.,-1.));
#14642=DIRECTION('',(-8.16340459283203E-16,-1.,0.));
#14643=DIRECTION('',(1.,-8.16340459283203E-16,0.));
#14644=DIRECTION('',(-1.,8.16340459283203E-16,-4.63502542989784E-15));
#14645=DIRECTION('',(-4.63502542989784E-15,0.,1.));
#14646=DIRECTION('',(1.,0.,0.));
#14647=DIRECTION('',(0.,0.,-1.));
#14648=DIRECTION('',(-8.16340459283203E-16,-1.,0.));
#14649=DIRECTION('',(1.,-8.16340459283203E-16,0.));
#14650=DIRECTION('',(1.,-8.16340459283203E-16,-4.63502542989784E-15));
#14651=DIRECTION('',(-4.63502542989784E-15,0.,-1.));
#14652=DIRECTION('',(8.16340459283203E-16,1.,4.93038065763132E-32));
#14653=DIRECTION('',(-4.63502542989784E-15,5.55765921160945E-16,-1.));
#14654=DIRECTION('',(0.0860652884653447,-0.330240961588743,0.939964719237015));
#14655=DIRECTION('',(0.,-0.943465448583648,-0.331470884586952));
#14656=DIRECTION('',(0.223499822828457,-0.663151233182121,0.714337645042371));
#14657=DIRECTION('',(0.,-0.732876511233564,-0.680361682696872));
#14658=DIRECTION('',(-8.16340459283203E-16,-1.,-4.93038065763135E-32));
#14659=DIRECTION('',(1.,-8.16340459283203E-16,0.));
#14660=DIRECTION('',(8.16340459283203E-16,1.,0.));
#14661=DIRECTION('',(0.707106781186548,-5.77239874516094E-16,-0.707106781186548));
#14662=DIRECTION('',(-0.707106781186548,0.,-0.707106781186548));
#14663=DIRECTION('',(0.707106781186548,-7.85971703210581E-16,0.707106781186548));
#14664=DIRECTION('',(-0.707106781186548,7.85971703210581E-16,-0.707106781186548));
#14665=DIRECTION('',(-0.707106781186548,0.,0.707106781186548));
#14666=DIRECTION('',(0.707106781186548,-7.85971703210581E-16,0.707106781186548));
#14667=DIRECTION('',(-4.63502542989784E-15,5.55765921160945E-16,-1.));
#14668=DIRECTION('',(-1.,0.,4.63502542989784E-15));
#14669=DIRECTION('',(0.,0.,1.));
#14670=DIRECTION('',(1.,0.,0.));
#14671=DIRECTION('',(-4.63502542989784E-15,5.55765921160945E-16,-1.));
#14672=DIRECTION('',(-5.55765921160943E-16,-1.,-5.55765921160943E-16));
#14673=DIRECTION('',(0.,5.55765921160943E-16,-1.));
#14674=DIRECTION('',(-1.,0.,0.));
#14675=DIRECTION('',(0.,0.,1.));
#14676=DIRECTION('',(-5.55765921160943E-16,-1.,-5.55765921160943E-16));
#14677=DIRECTION('',(0.,5.55765921160943E-16,-1.));
#14678=DIRECTION('',(1.,-5.55765921160945E-16,4.63502542989784E-15));
#14679=DIRECTION('',(4.63502542989784E-15,0.,-1.));
#14680=DIRECTION('',(1.,-5.55765921160945E-16,4.63502542989784E-15));
#14681=DIRECTION('',(0.00207480581853958,0.00751277025736043,0.999969626270656));
#14682=DIRECTION('',(0.,-0.999971778621821,0.0075127864279714));
#14683=DIRECTION('',(-8.16340459283203E-16,-1.,-4.93038065763135E-32));
#14684=DIRECTION('',(1.,-8.16340459283203E-16,0.));
#14685=DIRECTION('',(8.16340459283203E-16,1.,0.));
#14686=DIRECTION('',(-0.707106781186548,5.77239874516094E-16,0.707106781186548));
#14687=DIRECTION('',(0.707106781186548,0.,0.707106781186548));
#14688=DIRECTION('',(-0.707106781186548,7.85971703210581E-16,-0.707106781186548));
#14689=DIRECTION('',(0.707106781186548,-7.85971703210581E-16,0.707106781186548));
#14690=DIRECTION('',(0.707106781186548,0.,-0.707106781186548));
#14691=DIRECTION('',(-0.707106781186548,7.85971703210581E-16,-0.707106781186548));
#14692=DIRECTION('',(-5.55765921160943E-16,-1.,-5.55765921160943E-16));
#14693=DIRECTION('',(0.,5.55765921160943E-16,-1.));
#14694=DIRECTION('',(0.,0.,-1.));
#14695=DIRECTION('',(-1.,0.,0.));
#14696=DIRECTION('',(0.,0.,-1.));
#14697=DIRECTION('',(-1.,0.,0.));
#14698=DIRECTION('',(0.,0.,-1.));
#14699=DIRECTION('',(-1.,0.,0.));
#14700=DIRECTION('',(-8.16340459283203E-16,-1.,0.));
#14701=DIRECTION('',(1.,-8.16340459283203E-16,0.));
#14702=DIRECTION('',(1.,0.,0.));
#14703=DIRECTION('',(0.,0.,-1.));
#14704=DIRECTION('',(1.,-8.16340459283203E-16,0.));
#14705=DIRECTION('',(8.16340459283203E-16,1.,0.));
#14706=DIRECTION('',(1.,-8.16340459283203E-16,0.));
#14707=DIRECTION('',(8.16340459283203E-16,1.,0.));
#14708=DIRECTION('',(0.,-1.,0.));
#14709=DIRECTION('',(0.,0.,-1.));
#14710=DIRECTION('',(0.,-1.,0.));
#14711=DIRECTION('',(0.,0.,-1.));
#14712=DIRECTION('',(-1.,0.,0.));
#14713=DIRECTION('',(0.,0.,1.));
#14714=DIRECTION('',(0.,-1.,0.));
#14715=DIRECTION('',(0.,0.,-1.));
#14716=DIRECTION('',(-1.,0.,0.));
#14717=DIRECTION('',(0.,0.,1.));
#14718=DIRECTION('',(0.,-1.,0.));
#14719=DIRECTION('',(0.,0.,-1.));
#14720=DIRECTION('',(-0.707106781186548,0.,0.707106781186548));
#14721=DIRECTION('',(0.,0.,-1.));
#14722=DIRECTION('',(-1.,0.,0.));
#14723=DIRECTION('',(0.,-1.,0.));
#14724=DIRECTION('',(0.,-1.,0.));
#14725=DIRECTION('',(-1.,0.,0.));
#14726=DIRECTION('',(0.,-1.,0.));
#14727=DIRECTION('',(-1.,0.,0.));
#14728=DIRECTION('',(0.,0.,1.));
#14729=DIRECTION('',(0.,-1.,0.));
#14730=DIRECTION('',(0.,0.,1.));
#14731=DIRECTION('',(0.,1.,0.));
#14732=DIRECTION('',(0.,1.,0.));
#14733=DIRECTION('',(0.,0.,1.));
#14734=DIRECTION('',(-1.,0.,0.));
#14735=DIRECTION('',(0.,0.,1.));
#14736=DIRECTION('',(0.,0.,1.));
#14737=DIRECTION('',(1.,0.,0.));
#14738=DIRECTION('',(8.16340459283203E-16,1.,0.));
#14739=DIRECTION('',(1.,0.,0.));
#14740=DIRECTION('',(0.,0.,-1.));
#14741=DIRECTION('',(8.16340459283203E-16,1.,0.));
#14742=DIRECTION('',(0.,0.,1.));
#14743=DIRECTION('',(1.,0.,0.));
#14744=DIRECTION('',(-8.16340459283203E-16,-1.,0.));
#14745=DIRECTION('',(0.,0.,1.));
#14746=DIRECTION('',(1.,-8.16340459283203E-16,0.));
#14747=DIRECTION('',(-1.,8.16340459283203E-16,0.));
#14748=DIRECTION('',(0.,1.,0.));
#14749=DIRECTION('',(1.,0.,0.));
#14750=DIRECTION('',(0.,0.,-1.));
#14751=DIRECTION('',(0.,0.,-1.));
#14752=DIRECTION('',(1.,0.,0.));
#14753=DIRECTION('',(0.,8.16340459283203E-16,-1.));
#14754=DIRECTION('',(0.,-1.,8.16340459283203E-16));
#14755=DIRECTION('',(0.707106781186548,-5.77239874516094E-16,0.707106781186548));
#14756=DIRECTION('',(0.707106781186548,0.,-0.707106781186548));
#14757=DIRECTION('',(4.08170229641602E-16,1.,4.08170229641602E-16));
#14758=DIRECTION('',(0.707106781186548,0.,-0.707106781186548));
#14759=DIRECTION('',(4.08170229641602E-16,1.,4.08170229641602E-16));
#14760=DIRECTION('',(8.16340459283203E-16,1.,0.));
#14761=DIRECTION('',(-1.,8.16340459283203E-16,0.));
#14762=DIRECTION('',(4.08170229641602E-16,1.,-4.08170229641602E-16));
#14763=DIRECTION('',(8.16340459283203E-16,1.,0.));
#14764=DIRECTION('',(-1.,8.16340459283203E-16,0.));
#14765=DIRECTION('',(0.,0.,1.));
#14766=DIRECTION('',(1.,0.,0.));
#14767=DIRECTION('',(-0.707106781186548,5.77239874516094E-16,-0.707106781186548));
#14768=DIRECTION('',(-0.707106781186548,0.,0.707106781186548));
#14769=DIRECTION('',(-0.707106781186548,5.77239874516094E-16,0.707106781186548));
#14770=DIRECTION('',(0.707106781186548,0.,0.707106781186548));
#14771=DIRECTION('',(-0.707106781186548,5.77239874516094E-16,-0.707106781186548));
#14772=DIRECTION('',(-0.707106781186548,0.,0.707106781186548));
#14773=DIRECTION('',(-0.707106781186548,5.77239874516094E-16,-0.707106781186548));
#14774=DIRECTION('',(-0.707106781186548,0.,-0.707106781186548));
#14775=DIRECTION('',(0.707106781186548,-5.77239874516094E-16,0.707106781186548));
#14776=DIRECTION('',(0.707106781186548,0.,-0.707106781186548));
#14777=DIRECTION('',(0.707106781186548,0.,0.707106781186548));
#14778=DIRECTION('',(0.707106781186548,-5.77239874516094E-16,0.707106781186548));
#14779=DIRECTION('',(0.707106781186548,0.,-0.707106781186548));
#14780=DIRECTION('',(0.707106781186548,-5.77239874516094E-16,0.707106781186548));
#14781=DIRECTION('',(0.,0.,1.));
#14782=DIRECTION('',(1.,0.,0.));
#14783=DIRECTION('',(0.,-1.,0.));
#14784=DIRECTION('',(0.,0.,-1.));
#14785=DIRECTION('',(-0.707106781186548,5.77239874516094E-16,0.707106781186548));
#14786=DIRECTION('',(0.707106781186548,0.,0.707106781186548));
#14787=DIRECTION('',(-8.16340459283203E-16,-1.,0.));
#14788=DIRECTION('',(1.,-8.16340459283203E-16,0.));
#14789=DIRECTION('',(-0.707106781186548,5.77239874516094E-16,0.707106781186548));
#14790=DIRECTION('',(-0.707106781186548,5.77239874516094E-16,0.707106781186548));
#14791=DIRECTION('',(0.707106781186548,0.,0.707106781186548));
#14792=DIRECTION('',(8.16340459283203E-16,1.,0.));
#14793=DIRECTION('',(-1.,8.16340459283203E-16,0.));
#14794=DIRECTION('',(4.08170229641602E-16,1.,-4.08170229641602E-16));
#14795=DIRECTION('',(0.707106781186548,-5.77239874516094E-16,-0.707106781186548));
#14796=DIRECTION('',(-0.707106781186548,0.,-0.707106781186548));
#14797=DIRECTION('',(-0.707106781186548,5.77239874516094E-16,0.707106781186548));
#14798=DIRECTION('',(0.707106781186548,0.,0.707106781186548));
#14799=DIRECTION('',(0.,-1.,0.));
#14800=DIRECTION('',(0.,0.,-1.));
#14801=DIRECTION('',(0.,-1.,0.));
#14802=DIRECTION('',(0.,0.,-1.));
#14803=DIRECTION('',(0.,0.,1.));
#14804=DIRECTION('',(1.,0.,0.));
#14805=DIRECTION('',(0.,0.,1.));
#14806=DIRECTION('',(1.,0.,0.));
#14807=DIRECTION('',(0.,0.,1.));
#14808=DIRECTION('',(1.,0.,0.));
#14809=DIRECTION('',(0.,-1.,0.));
#14810=DIRECTION('',(0.,0.,-1.));
#14811=DIRECTION('',(0.,1.,0.));
#14812=DIRECTION('',(0.,0.,1.));
#14813=DIRECTION('',(0.,1.,0.));
#14814=DIRECTION('',(0.,0.,1.));
#14815=DIRECTION('',(0.,0.,1.));
#14816=DIRECTION('',(1.,0.,0.));
#14817=DIRECTION('',(1.,0.,0.));
#14818=DIRECTION('',(0.,0.,-1.));
#14819=DIRECTION('',(-1.,0.,0.));
#14820=DIRECTION('',(0.,0.,1.));
#14821=DIRECTION('',(0.,-1.,0.));
#14822=DIRECTION('',(0.,0.,-1.));
#14823=DIRECTION('',(0.,-1.,0.));
#14824=DIRECTION('',(0.,0.,-1.));
#14825=DIRECTION('',(0.,0.,1.));
#14826=DIRECTION('',(1.,0.,0.));
#14827=DIRECTION('',(1.,0.,0.));
#14828=DIRECTION('',(0.,0.,-1.));
#14829=DIRECTION('',(0.,0.,-1.));
#14830=DIRECTION('',(-1.,0.,0.));
#14831=DIRECTION('',(0.,0.,1.));
#14832=DIRECTION('',(1.,0.,0.));
#14833=DIRECTION('',(0.,0.,-1.));
#14834=DIRECTION('',(-1.,0.,0.));
#14835=DIRECTION('',(-1.,0.,0.));
#14836=DIRECTION('',(0.,0.,1.));
#14837=DIRECTION('',(1.,0.,0.));
#14838=DIRECTION('',(0.,0.,-1.));
#14839=DIRECTION('',(0.,1.,0.));
#14840=DIRECTION('',(0.,0.,1.));
#14841=DIRECTION('',(1.,0.,0.));
#14842=DIRECTION('',(0.,0.,-1.));
#14843=DIRECTION('',(0.,0.,1.));
#14844=DIRECTION('',(1.,0.,0.));
#14845=DIRECTION('',(0.,0.,-1.));
#14846=DIRECTION('',(-1.,0.,0.));
#14847=DIRECTION('',(-1.,0.,0.));
#14848=DIRECTION('',(0.,0.,1.));
#14849=DIRECTION('',(1.,0.,0.));
#14850=DIRECTION('',(0.,0.,-1.));
#14851=DIRECTION('',(0.,0.,1.));
#14852=DIRECTION('',(1.,0.,0.));
#14853=DIRECTION('',(0.,0.,-1.));
#14854=DIRECTION('',(-1.,0.,0.));
#14855=DIRECTION('',(0.,0.,1.));
#14856=DIRECTION('',(1.,0.,0.));
#14857=DIRECTION('',(1.,0.,1.04744440165294E-14));
#14858=DIRECTION('',(1.04744440165294E-14,0.,-1.));
#14859=DIRECTION('',(1.04744440165294E-14,0.,-1.));
#14860=DIRECTION('',(1.,0.,1.04744440165294E-14));
#14861=DIRECTION('',(-1.04744440165294E-14,0.,1.));
#14862=DIRECTION('',(1.04744440165294E-14,0.,-1.));
#14863=DIRECTION('',(1.,0.,1.04744440165294E-14));
#14864=DIRECTION('',(1.04744440165294E-14,0.,-1.));
#14865=DIRECTION('',(1.04744440165294E-14,0.,-1.));
#14866=DIRECTION('',(0.,-1.,0.));
#14867=DIRECTION('',(-1.04744440165294E-14,0.,1.));
#14868=DIRECTION('',(1.,0.,1.04744440165294E-14));
#14869=DIRECTION('',(-1.04744440165294E-14,0.,1.));
#14870=DIRECTION('',(-1.04744440165294E-14,0.,1.));
#14871=DIRECTION('',(1.,0.,1.04744440165294E-14));
#14872=DIRECTION('',(1.04744440165294E-14,0.,-1.));
#14873=DIRECTION('',(-1.04744440165294E-14,0.,1.));
#14874=DIRECTION('',(0.,-1.,0.));
#14875=DIRECTION('',(-1.,0.,-1.04744440165294E-14));
#14876=DIRECTION('',(-1.,0.,-1.04744440165294E-14));
#14877=DIRECTION('',(0.,1.,0.));
#14878=DIRECTION('',(1.,0.,1.04744440165294E-14));
#14879=DIRECTION('',(-1.,0.,-1.04744440165294E-14));
#14880=DIRECTION('',(0.,1.,0.));
#14881=DIRECTION('',(1.,0.,1.04744440165294E-14));
#14882=DIRECTION('',(0.,1.,0.));
#14883=DIRECTION('',(0.,0.,1.));
#14884=DIRECTION('',(1.,0.,0.));
#14885=DIRECTION('',(-1.,0.,-1.04744440165294E-14));
#14886=DIRECTION('',(0.,-1.,0.));
#14887=DIRECTION('',(-1.,0.,-1.04744440165294E-14));
#14888=DIRECTION('',(-1.,0.,0.));
#14889=DIRECTION('',(0.,-1.,0.));
#14890=DIRECTION('',(0.,0.,-1.));
#14891=DIRECTION('',(-1.,0.,-1.04744440165294E-14));
#14892=DIRECTION('',(-1.,0.,-1.04744440165294E-14));
#14893=DIRECTION('',(-1.04744440165294E-14,0.,1.));
#14894=DIRECTION('',(-1.,0.,-1.04744440165294E-14));
#14895=DIRECTION('',(-1.,0.,-1.04744440165294E-14));
#14896=DIRECTION('',(-1.04744440165294E-14,0.,1.));
#14897=DIRECTION('',(-1.,0.,-1.04744440165294E-14));
#14898=DIRECTION('',(0.,-1.,0.));
#14899=DIRECTION('',(-1.,0.,-1.04744440165294E-14));
#14900=DIRECTION('',(-1.,0.,-1.04744440165294E-14));
#14901=DIRECTION('',(-1.,0.,-1.04744440165294E-14));
#14902=DIRECTION('',(-1.04744440165294E-14,0.,1.));
#14903=DIRECTION('',(-1.,0.,-1.04744440165294E-14));
#14904=DIRECTION('',(-1.04744440165294E-14,0.,1.));
#14905=DIRECTION('',(-1.,0.,-1.04744440165294E-14));
#14906=DIRECTION('',(0.,1.,0.));
#14907=DIRECTION('',(1.,0.,1.04744440165294E-14));
#14908=DIRECTION('',(0.,-1.,0.));
#14909=DIRECTION('',(0.,0.,1.));
#14910=DIRECTION('',(0.,-1.,0.));
#14911=DIRECTION('',(0.,-1.,0.));
#14912=DIRECTION('',(0.,0.,-1.));
#14913=DIRECTION('',(0.,-1.,0.));
#14914=DIRECTION('',(0.,0.,1.));
#14915=DIRECTION('',(0.,-1.,0.));
#14916=DIRECTION('',(0.,0.,-1.));
#14917=DIRECTION('',(0.,1.,0.));
#14918=DIRECTION('',(0.,0.,1.));
#14919=DIRECTION('',(0.,-1.,0.));
#14920=DIRECTION('',(-8.163404592832E-16,-1.,-8.16340459283199E-16));
#14921=DIRECTION('',(1.,-8.163404592832E-16,0.));
#14922=DIRECTION('',(8.16340459283196E-16,1.,3.50324616081205E-44));
#14923=DIRECTION('',(0.,-1.,0.));
#14924=DIRECTION('',(0.,0.,-1.));
#14925=DIRECTION('',(8.163404592832E-16,1.,8.16340459283199E-16));
#14926=DIRECTION('',(0.,-1.,0.));
#14927=DIRECTION('',(0.,0.,-1.));
#14928=DIRECTION('',(-0.5,-0.707106781186541,0.5));
#14929=DIRECTION('',(0.,0.577350269189634,0.816496580927721));
#14930=DIRECTION('',(-0.707106781186548,0.,-0.707106781186547));
#14931=DIRECTION('',(-0.5,0.707106781186555,0.5));
#14932=DIRECTION('',(-0.707106781186548,0.,-0.707106781186547));
#14933=DIRECTION('',(0.5,-0.707106781186555,-0.5));
#14934=DIRECTION('',(-0.707106781186548,0.,-0.707106781186547));
#14935=DIRECTION('',(0.707106781186547,0.,-0.707106781186548));
#14936=DIRECTION('',(-0.707106781186548,0.,-0.707106781186547));
#14937=DIRECTION('',(-0.696364240320019,-0.173648177666926,0.69636424032002));
#14938=DIRECTION('',(-0.707106781186548,0.,-0.707106781186547));
#14939=DIRECTION('',(-0.707106781186548,0.,-0.707106781186547));
#14940=DIRECTION('',(7.91033905045424E-16,0.970287525247815,0.24195478575236));
#14941=DIRECTION('',(0.24195478575236,-0.970287525247815,-5.90629767889809E-18));
#14942=DIRECTION('',(-0.707106781186548,0.,-0.707106781186547));
#14943=DIRECTION('',(0.707106781186547,0.,-0.707106781186548));
#14944=DIRECTION('',(-0.707106781186548,0.,-0.707106781186547));
#14945=DIRECTION('',(0.,1.,0.));
#14946=DIRECTION('',(0.,0.,-1.));
#14947=DIRECTION('',(-1.,0.,0.));
#14948=DIRECTION('',(0.,-1.,0.));
#14949=DIRECTION('',(0.,0.,-1.));
#14950=DIRECTION('',(0.707106781186548,0.,-0.707106781186548));
#14951=DIRECTION('',(-1.,0.,4.63502542989784E-15));
#14952=DIRECTION('',(0.,-1.,0.));
#14953=DIRECTION('',(0.,0.,-1.));
#14954=DIRECTION('',(4.63502542989784E-15,0.,-1.));
#14955=DIRECTION('',(0.707106781186548,0.,-0.707106781186548));
#14956=DIRECTION('',(0.,-1.,0.));
#14957=DIRECTION('',(0.,0.,-1.));
#14958=DIRECTION('',(0.,0.,-1.));
#14959=DIRECTION('',(0.,-1.,0.));
#14960=DIRECTION('',(0.,0.,-1.));
#14961=DIRECTION('',(0.,-1.,0.));
#14962=DIRECTION('',(0.,0.,-1.));
#14963=DIRECTION('',(-0.707106781186548,5.77239874516094E-16,-0.707106781186548));
#14964=DIRECTION('',(0.707106781186548,0.,-0.707106781186548));
#14965=DIRECTION('',(0.707106781186548,0.,-0.707106781186548));
#14966=DIRECTION('',(8.16340459283203E-16,1.,0.));
#14967=DIRECTION('',(0.707106781186548,-5.77239874516094E-16,0.707106781186548));
#14968=DIRECTION('',(-0.707106781186548,-5.77239874516088E-16,0.707106781186548));
#14969=DIRECTION('',(0.707106781186548,0.,-0.707106781186548));
#14970=DIRECTION('',(-8.16340459283203E-16,-1.,0.));
#14971=DIRECTION('',(0.5,-0.707106781186555,-0.5));
#14972=DIRECTION('',(0.707106781186548,-5.77239874516094E-16,0.707106781186548));
#14973=DIRECTION('',(0.707106781186548,0.,-0.707106781186548));
#14974=DIRECTION('',(-0.707106781186548,-4.31464180567002E-15,0.707106781186548));
#14975=DIRECTION('',(0.707106781186548,-5.77239874516094E-16,0.707106781186548));
#14976=DIRECTION('',(0.707106781186548,0.,-0.707106781186548));
#14977=DIRECTION('',(-0.0123407149398269,-0.999847695156391,0.0123407149398261));
#14978=DIRECTION('',(0.707106781186548,-5.77239874516094E-16,0.707106781186548));
#14979=DIRECTION('',(-0.707106781186548,0.,0.707106781186548));
#14980=DIRECTION('',(-0.707106781186548,5.77239874516094E-16,-0.707106781186548));
#14981=DIRECTION('',(-0.707106781186548,0.,0.707106781186548));
#14982=DIRECTION('',(-0.707106781186548,-4.31464180567002E-15,0.707106781186548));
#14983=DIRECTION('',(-0.707106781186548,5.77239874516094E-16,-0.707106781186548));
#14984=DIRECTION('',(-0.707106781186548,0.,0.707106781186548));
#14985=DIRECTION('',(-0.5,0.707106781186555,0.5));
#14986=DIRECTION('',(8.16340459283203E-16,1.,-1.2924107119342E-31));
#14987=DIRECTION('',(0.707106781186548,0.,-0.707106781186548));
#14988=DIRECTION('',(-0.707106781186548,5.77239874516094E-16,-0.707106781186548));
#14989=DIRECTION('',(0.707106781186548,-5.77239874516088E-16,-0.707106781186548));
#14990=DIRECTION('',(-8.16340459283203E-16,-1.,2.70808094030918E-31));
#14991=DIRECTION('',(0.707106781186548,0.,-0.707106781186548));
#14992=DIRECTION('',(-0.0123407149398269,-0.999847695156391,0.0123407149398261));
#14993=DIRECTION('',(0.706999085398824,-0.0174524064372829,-0.706999085398825));
#14994=DIRECTION('',(0.707106781186548,0.,0.707106781186547));
#14995=DIRECTION('',(-0.707106781186548,0.,-0.707106781186547));
#14996=DIRECTION('',(-0.0123407149398269,-0.999847695156391,0.0123407149398261));
#14997=DIRECTION('',(-0.707106781186548,0.,-0.707106781186547));
#14998=DIRECTION('',(-0.0123407149398269,-0.999847695156391,0.0123407149398261));
#14999=DIRECTION('',(-0.707106781186548,0.,-0.707106781186547));
#15000=DIRECTION('',(0.707106781186547,0.,-0.707106781186548));
#15001=DIRECTION('',(-0.707106781186548,0.,-0.707106781186547));
#15002=DIRECTION('',(-0.707106781186548,5.77239874516094E-16,-0.707106781186548));
#15003=DIRECTION('',(-0.707106781186548,0.,0.707106781186548));
#15004=DIRECTION('',(0.707106781186548,-5.77239874516094E-16,0.707106781186548));
#15005=DIRECTION('',(0.707106781186548,0.,-0.707106781186548));
#15006=DIRECTION('',(3.05091247918024E-15,-1.,-3.05091247918024E-15));
#15007=DIRECTION('',(0.,-3.05091247918024E-15,1.));
#15008=DIRECTION('',(-0.707106781186548,0.,-0.707106781186547));
#15009=DIRECTION('',(-0.707106781186548,-4.31464180567002E-15,0.707106781186548));
#15010=DIRECTION('',(-0.707106781186548,-4.31464180567002E-15,0.707106781186548));
#15011=DIRECTION('',(-0.707106781186548,0.,-0.707106781186547));
#15012=DIRECTION('',(0.707106781186547,0.,-0.707106781186548));
#15013=DIRECTION('',(-0.707106781186548,5.77239874516094E-16,-0.707106781186548));
#15014=DIRECTION('',(-0.707106781186548,0.,0.707106781186548));
#15015=DIRECTION('',(0.707106781186548,-5.77239874516094E-16,0.707106781186548));
#15016=DIRECTION('',(0.707106781186548,0.,-0.707106781186548));
#15017=DIRECTION('',(1.,-8.16340459283203E-16,4.63502542989784E-15));
#15018=DIRECTION('',(-4.63502542989784E-15,0.,1.));
#15019=DIRECTION('',(4.63502542989784E-15,0.,-1.));
#15020=DIRECTION('',(-4.63502542989784E-15,0.,1.));
#15021=DIRECTION('',(-8.16340459283203E-16,-1.,3.3666745017894E-31));
#15022=DIRECTION('',(-4.63502542989784E-15,3.78375878823212E-30,-1.));
#15023=DIRECTION('',(1.,0.,-4.63502542989784E-15));
#15024=DIRECTION('',(1.,0.,-4.63502542989784E-15));
#15025=DIRECTION('',(-1.,0.,4.63502542989784E-15));
#15026=DIRECTION('',(8.16340459283203E-16,1.,7.00649232162408E-46));
#15027=DIRECTION('',(-1.,8.16340459283203E-16,0.));
#15028=DIRECTION('',(-8.16340459283203E-16,-1.,0.));
#15029=DIRECTION('',(7.92084963997564E-16,0.970287525247815,0.24195478575236));
#15030=DIRECTION('',(-8.16340459283203E-16,-1.,0.));
#15031=DIRECTION('',(0.,0.,-1.));
#15032=DIRECTION('',(8.16340459283203E-16,1.,-1.68333725089469E-31));
#15033=DIRECTION('',(-8.16340459283203E-16,-1.,0.));
#15034=DIRECTION('',(1.,-8.16340459283203E-16,0.));
#15035=DIRECTION('',(0.,-1.,0.));
#15036=DIRECTION('',(0.,0.,-1.));
#15037=DIRECTION('',(0.,0.,1.));
#15038=DIRECTION('',(-1.,0.,0.));
#15039=DIRECTION('',(-8.16340459283203E-16,-1.,0.));
#15040=DIRECTION('',(-1.,0.,0.));
#15041=DIRECTION('',(-8.16340459283203E-16,-1.,0.));
#15042=DIRECTION('',(0.24195478575236,-0.970287525247815,0.));
#15043=DIRECTION('',(-8.16340459283203E-16,-1.,0.));
#15044=DIRECTION('',(1.,-8.16340459283203E-16,0.));
#15045=DIRECTION('',(0.,-1.,0.));
#15046=DIRECTION('',(0.,0.,-1.));
#15047=DIRECTION('',(8.16340459283203E-16,1.,0.));
#15048=DIRECTION('',(-1.,8.16340459283203E-16,0.));
#15049=DIRECTION('',(0.,-1.,0.));
#15050=DIRECTION('',(0.,0.,-1.));
#15051=DIRECTION('',(-8.16340459283203E-16,-1.,1.68333725089469E-31));
#15052=DIRECTION('',(1.,-8.16340459283203E-16,0.));
#15053=DIRECTION('',(0.,-1.,0.));
#15054=DIRECTION('',(0.,0.,-1.));
#15055=DIRECTION('',(4.63502542989784E-15,0.,-1.));
#15056=DIRECTION('',(1.,0.,4.63502542989784E-15));
#15057=DIRECTION('',(0.,0.,1.));
#15058=DIRECTION('',(1.,0.,0.));
#15059=DIRECTION('',(0.948683298050509,-7.74448559244855E-16,0.316227766016851));
#15060=DIRECTION('',(0.316227766016851,0.,-0.948683298050509));
#15061=DIRECTION('',(0.,1.,0.));
#15062=DIRECTION('',(0.,0.,-1.));
#15063=DIRECTION('',(1.,0.,0.));
#15064=DIRECTION('',(0.,0.,-1.));
#15065=DIRECTION('',(-1.,0.,4.63502542989784E-15));
#15066=DIRECTION('',(-4.63502542989784E-15,0.,-1.));
#15067=DIRECTION('',(-0.316227766016851,7.74448559244855E-16,-0.948683298050509));
#15068=DIRECTION('',(-0.948683298050509,0.,0.316227766016851));
#15069=DIRECTION('',(8.16340459283203E-16,1.,9.90867646590378E-46));
#15070=DIRECTION('',(-1.,8.16340459283203E-16,0.));
#15071=DIRECTION('',(0.,-1.,0.));
#15072=DIRECTION('',(0.,0.,-1.));
#15073=DIRECTION('',(0.,1.,0.));
#15074=DIRECTION('',(0.,0.,1.));
#15075=DIRECTION('',(0.707106781186548,0.,-0.707106781186548));
#15076=DIRECTION('',(-0.707106781186548,0.,-0.707106781186548));
#15077=DIRECTION('',(-0.707106781186548,0.,0.707106781186548));
#15078=DIRECTION('',(-0.707106781186548,0.,-0.707106781186548));
#15079=DIRECTION('',(0.707106781186548,0.,-0.707106781186548));
#15080=DIRECTION('',(-0.707106781186548,0.,-0.707106781186548));
#15081=DIRECTION('',(0.,1.,0.));
#15082=DIRECTION('',(0.,0.,-1.));
#15083=DIRECTION('',(1.,0.,0.));
#15084=DIRECTION('',(0.,0.,-1.));
#15085=DIRECTION('',(-1.,0.,0.));
#15086=DIRECTION('',(0.,0.,-1.));
#15087=DIRECTION('',(1.,0.,0.));
#15088=DIRECTION('',(0.,0.,-1.));
#15089=DIRECTION('',(0.,1.,0.));
#15090=DIRECTION('',(0.,0.,-1.));
#15091=DIRECTION('',(0.998037259236656,0.,0.0626229125431237));
#15092=DIRECTION('',(0.0626229125431237,0.,-0.998037259236656));
#15093=DIRECTION('',(-0.167194949694748,0.965073547458827,-0.201690100877078));
#15094=DIRECTION('',(0.,0.204569652876197,0.978852009816659));
#15095=DIRECTION('',(0.24195478575236,-0.970287525247815,0.));
#15096=DIRECTION('',(0.970287525247815,0.24195478575236,0.));
#15097=DIRECTION('',(0.000712441768594272,0.00033157553858354,0.999999691242147));
#15098=DIRECTION('',(0.999999746213303,0.,-0.000712441807758032));
#15099=DIRECTION('',(0.533537843976,0.375326103083457,0.757936465272405));
#15100=DIRECTION('',(0.817717476720058,0.,-0.575619777515142));
#15101=DIRECTION('',(0.50158125448091,0.707458935386517,-0.497913747445411));
#15102=DIRECTION('',(-0.815771761341066,0.578373956362573,0.));
#15103=DIRECTION('',(-0.5,0.707106781186555,0.5));
#15104=DIRECTION('',(0.,0.577350269189618,-0.816496580927731));
#15105=DIRECTION('',(-0.5,0.707106781186566,0.49999999999997));
#15106=DIRECTION('',(0.816496580927731,0.577350269189619,0.));
#15107=DIRECTION('',(-0.707106781186548,5.77239874516094E-16,-0.707106781186548));
#15108=DIRECTION('',(0.707106781186548,0.,-0.707106781186548));
#15109=DIRECTION('',(-0.707106781186548,0.,0.707106781186548));
#15110=DIRECTION('',(0.707106781186548,0.,0.707106781186548));
#15111=DIRECTION('',(0.707106781186548,4.31464180567002E-15,-0.707106781186548));
#15112=DIRECTION('',(0.707106781186548,0.,0.707106781186548));
#15113=DIRECTION('',(-0.707106781186548,0.,0.707106781186548));
#15114=DIRECTION('',(0.707106781186548,0.,0.707106781186548));
#15115=DIRECTION('',(-0.707106781186548,5.77239874516094E-16,-0.707106781186548));
#15116=DIRECTION('',(0.707106781186548,0.,-0.707106781186548));
#15117=DIRECTION('',(-0.012340714939825,-0.999847695156391,0.012340714939825));
#15118=DIRECTION('',(0.,-0.0123416547509348,-0.999923838878746));
#15119=DIRECTION('',(0.0123407149398269,0.999847695156391,-0.0123407149398261));
#15120=DIRECTION('',(-0.999923838878746,0.0123416547509367,0.));
#15121=DIRECTION('',(0.,-1.,0.));
#15122=DIRECTION('',(0.707106781186571,0.,-0.707106781186524));
#15123=DIRECTION('',(-8.16340459283203E-16,-1.,3.36667450178939E-31));
#15124=DIRECTION('',(1.,-8.16340459283203E-16,0.));
#15125=DIRECTION('',(0.,-1.,0.));
#15126=DIRECTION('',(0.,0.,-1.));
#15127=DIRECTION('',(0.,1.,0.));
#15128=DIRECTION('',(0.,0.,1.));
#15129=DIRECTION('',(0.707106781186548,0.,-0.707106781186548));
#15130=DIRECTION('',(-0.707106781186548,0.,-0.707106781186548));
#15131=DIRECTION('',(-0.707106781186548,0.,0.707106781186548));
#15132=DIRECTION('',(-0.707106781186548,0.,-0.707106781186548));
#15133=DIRECTION('',(0.707106781186548,0.,-0.707106781186548));
#15134=DIRECTION('',(-0.707106781186548,0.,-0.707106781186548));
#15135=DIRECTION('',(0.,1.,0.));
#15136=DIRECTION('',(0.,0.,-1.));
#15137=DIRECTION('',(0.,0.,-1.));
#15138=DIRECTION('',(-1.,0.,0.));
#15139=DIRECTION('',(0.,0.,-1.));
#15140=DIRECTION('',(1.,0.,0.));
#15141=DIRECTION('',(0.,0.,-1.));
#15142=DIRECTION('',(-1.,0.,0.));
#15143=DIRECTION('',(0.,1.,0.));
#15144=DIRECTION('',(0.,0.,-1.));
#15145=DIRECTION('',(-0.0626229125431238,0.,-0.998037259236656));
#15146=DIRECTION('',(-0.998037259236656,0.,0.0626229125431238));
#15147=DIRECTION('',(0.201690098516415,0.965073547552122,0.167194952003942));
#15148=DIRECTION('',(-0.978852010300075,0.204569650563083,0.));
#15149=DIRECTION('',(7.92084963997564E-16,0.970287525247815,0.24195478575236));
#15150=DIRECTION('',(0.,0.24195478575236,-0.970287525247815));
#15151=DIRECTION('',(0.999999691241674,-0.000331575794748166,0.000712442313126162));
#15152=DIRECTION('',(0.000712442352290012,0.,-0.999999746212915));
#15153=DIRECTION('',(0.776834309791367,-0.377927938156284,0.503685346910063));
#15154=DIRECTION('',(0.544033590404748,0.,-0.839063437715718));
#15155=DIRECTION('',(0.497913747445348,0.707458935386525,-0.501581254480961));
#15156=DIRECTION('',(0.,0.578373956362607,0.815771761341041));
#15157=DIRECTION('',(0.5,-0.707106781186555,-0.5));
#15158=DIRECTION('',(0.,-0.577350269189618,0.816496580927731));
#15159=DIRECTION('',(-0.499999999999987,0.707106781186566,0.499999999999987));
#15160=DIRECTION('',(0.,-0.577350269189606,0.81649658092774));
#15161=DIRECTION('',(0.707106781186548,-5.77239874516094E-16,0.707106781186548));
#15162=DIRECTION('',(-0.707106781186548,0.,0.707106781186548));
#15163=DIRECTION('',(-0.707106781186548,0.,0.707106781186548));
#15164=DIRECTION('',(0.707106781186548,0.,0.707106781186548));
#15165=DIRECTION('',(0.707106781186548,4.31464180567002E-15,-0.707106781186548));
#15166=DIRECTION('',(0.707106781186548,0.,0.707106781186548));
#15167=DIRECTION('',(-0.707106781186548,0.,0.707106781186548));
#15168=DIRECTION('',(0.707106781186548,0.,0.707106781186548));
#15169=DIRECTION('',(0.707106781186548,-5.77239874516094E-16,0.707106781186548));
#15170=DIRECTION('',(-0.707106781186548,0.,0.707106781186548));
#15171=DIRECTION('',(-0.012340714939825,-0.999847695156391,0.012340714939825));
#15172=DIRECTION('',(0.,-0.0123416547509348,-0.999923838878746));
#15173=DIRECTION('',(0.0123407149398269,0.999847695156391,-0.0123407149398261));
#15174=DIRECTION('',(-0.999923838878746,0.0123416547509367,0.));
#15175=DIRECTION('',(0.,-1.,0.));
#15176=DIRECTION('',(0.707106781186571,0.,-0.707106781186524));
#15177=DIRECTION('',(0.,1.,0.));
#15178=DIRECTION('',(0.,0.,-1.));
#15179=DIRECTION('',(0.,-1.,0.));
#15180=DIRECTION('',(0.,0.,-1.));
#15181=DIRECTION('',(0.,0.,-1.));
#15182=DIRECTION('',(-1.,0.,0.));
#15183=DIRECTION('',(0.,0.,-1.));
#15184=DIRECTION('',(-1.,0.,0.));
#15185=DIRECTION('',(0.,1.,0.));
#15186=DIRECTION('',(0.,0.,-1.));
#15187=DIRECTION('',(0.,-1.,0.));
#15188=DIRECTION('',(0.,0.,-1.));
#15189=DIRECTION('',(-1.,0.,0.));
#15190=DIRECTION('',(0.,0.,1.));
#15191=DIRECTION('',(-1.,0.,0.));
#15192=DIRECTION('',(0.707106781186548,0.,-0.707106781186548));
#15193=DIRECTION('',(-0.707106781186548,5.77239874516094E-16,0.707106781186548));
#15194=DIRECTION('',(8.16340459283203E-16,1.,0.));
#15195=DIRECTION('',(1.,-8.16340459283203E-16,0.));
#15196=DIRECTION('',(0.707106781186548,-5.77239874516094E-16,0.707106781186548));
#15197=DIRECTION('',(8.16340459283203E-16,1.,0.));
#15198=DIRECTION('',(1.,-8.16340459283203E-16,0.));
#15199=DIRECTION('',(0.707106781186548,-5.77239874516094E-16,-0.707106781186548));
#15200=DIRECTION('',(8.16340459283203E-16,1.,0.));
#15201=DIRECTION('',(1.,-8.16340459283203E-16,0.));
#15202=DIRECTION('',(1.,-8.16340459283203E-16,-4.63502542989784E-15));
#15203=DIRECTION('',(8.16340459283203E-16,1.,0.));
#15204=DIRECTION('',(1.,-8.16340459283203E-16,0.));
#15205=DIRECTION('',(-4.63502542989784E-15,3.78375878823212E-30,1.));
#15206=DIRECTION('',(8.16340459283203E-16,1.,0.));
#15207=DIRECTION('',(1.,-8.16340459283203E-16,0.));
#15208=DIRECTION('',(-1.,0.,0.));
#15209=DIRECTION('',(0.,0.,-1.));
#15210=DIRECTION('',(1.,0.,0.));
#15211=DIRECTION('',(0.,0.,1.));
#15212=DIRECTION('',(8.16340459283203E-16,1.,0.));
#15213=DIRECTION('',(1.,-8.16340459283203E-16,0.));
#15214=DIRECTION('',(1.,-8.16340459283203E-16,0.));
#15215=DIRECTION('',(0.,0.,1.));
#15216=DIRECTION('',(0.,-1.,0.));
#15217=DIRECTION('',(0.,0.,-1.));
#15218=DIRECTION('',(0.707106781186548,0.,-0.707106781186548));
#15219=DIRECTION('',(0.,0.,-1.));
#15220=DIRECTION('',(1.,0.,0.));
#15221=DIRECTION('',(0.,0.,-1.));
#15222=DIRECTION('',(0.,-1.,0.));
#15223=DIRECTION('',(0.,0.,1.));
#15224=DIRECTION('',(0.,1.,0.));
#15225=DIRECTION('',(0.,0.,1.));
#15226=DIRECTION('',(-0.707106781186548,0.,-0.707106781186548));
#15227=DIRECTION('',(0.,0.,-1.));
#15228=DIRECTION('',(-1.,0.,0.));
#15229=DIRECTION('',(0.,0.,1.));
#15230=DIRECTION('',(-1.,0.,0.));
#15231=DIRECTION('',(1.,0.,0.));
#15232=DIRECTION('',(0.,-1.,0.));
#15233=DIRECTION('',(-1.,0.,0.));
#15234=DIRECTION('',(0.,-1.,0.));
#15235=DIRECTION('',(-1.,0.,0.));
#15236=DIRECTION('',(0.,-1.,0.));
#15237=DIRECTION('',(-1.,0.,0.));
#15238=DIRECTION('',(0.,0.,-1.));
#15239=DIRECTION('',(0.,0.,1.));
#15240=DIRECTION('',(0.,0.,-1.));
#15241=DIRECTION('',(0.,-1.,0.));
#15242=DIRECTION('',(0.,0.,-1.));
#15243=DIRECTION('',(0.,1.,0.));
#15244=DIRECTION('',(0.,0.,1.));
#15245=DIRECTION('',(0.,-1.,0.));
#15246=DIRECTION('',(0.,0.,-1.));
#15247=DIRECTION('',(0.,-1.,0.));
#15248=DIRECTION('',(0.,0.,1.));
#15249=DIRECTION('',(5.55765921160943E-16,1.,-5.55765921160943E-16));
#15250=DIRECTION('',(0.,5.55765921160943E-16,1.));
#15251=DIRECTION('',(8.16340459283203E-16,1.,0.));
#15252=DIRECTION('',(1.,-8.16340459283203E-16,0.));
#15253=DIRECTION('',(0.,-1.,0.));
#15254=DIRECTION('',(0.,0.,1.));
#15255=DIRECTION('',(8.16340459283203E-16,1.,0.));
#15256=DIRECTION('',(1.,-8.16340459283203E-16,0.));
#15257=DIRECTION('',(0.,-1.,0.));
#15258=DIRECTION('',(0.,0.,-1.));
#15259=DIRECTION('',(0.,-1.,0.));
#15260=DIRECTION('',(0.,0.,1.));
#15261=DIRECTION('',(0.,0.,-1.));
#15262=DIRECTION('',(-1.,0.,0.));
#15263=DIRECTION('',(0.,0.,-1.));
#15264=DIRECTION('',(-1.,0.,0.));
#15265=DIRECTION('',(0.,1.,0.));
#15266=DIRECTION('',(0.,0.,1.));
#15267=DIRECTION('',(1.,0.,0.));
#15268=DIRECTION('',(0.,0.,1.));
#15269=DIRECTION('',(0.,-1.,0.));
#15270=DIRECTION('',(0.,0.,-1.));
#15271=DIRECTION('',(-1.,0.,0.));
#15272=DIRECTION('',(0.,0.,1.));
#15273=DIRECTION('',(0.,0.,-1.));
#15274=DIRECTION('',(1.,0.,0.));
#15275=DIRECTION('',(-1.,0.,0.));
#15276=DIRECTION('',(0.,0.,1.));
#15277=DIRECTION('',(1.,0.,0.));
#15278=DIRECTION('',(-1.,0.,0.));
#15279=DIRECTION('',(0.,0.,1.));
#15280=DIRECTION('',(0.,-1.,0.));
#15281=DIRECTION('',(0.,0.,-1.));
#15282=DIRECTION('',(-0.316227766016833,2.58149519748283E-16,-0.948683298050515));
#15283=DIRECTION('',(0.948683298050515,0.,-0.316227766016834));
#15284=DIRECTION('',(1.,-8.16340459283203E-16,0.));
#15285=DIRECTION('',(8.16340459283203E-16,1.,0.));
#15286=DIRECTION('',(-1.,0.,0.));
#15287=DIRECTION('',(0.,0.,1.));
#15288=DIRECTION('',(1.,-8.16340459283203E-16,0.));
#15289=DIRECTION('',(-8.16340459283203E-16,-1.,0.));
#15290=DIRECTION('',(1.,-8.16340459283203E-16,0.));
#15291=DIRECTION('',(0.,0.,-1.));
#15292=DIRECTION('',(-1.,0.,0.));
#15293=DIRECTION('',(8.16340459283203E-16,1.,0.));
#15294=DIRECTION('',(1.,-8.16340459283203E-16,0.));
#15295=DIRECTION('',(0.,0.,1.));
#15296=DIRECTION('',(-1.,0.,0.));
#15297=DIRECTION('',(0.,0.,1.));
#15298=DIRECTION('',(0.,0.,1.));
#15299=DIRECTION('',(1.,0.,0.));
#15300=DIRECTION('',(0.948683298050512,2.5814951974829E-16,0.316227766016843));
#15301=DIRECTION('',(-0.316227766016843,0.,0.948683298050512));
#15302=DIRECTION('',(0.,-1.,0.));
#15303=DIRECTION('',(0.,0.,-1.));
#15304=DIRECTION('',(0.714337645983805,-0.663151232710265,-0.223499821219555));
#15305=DIRECTION('',(0.680361681955256,0.73287651192204,0.));
#15306=DIRECTION('',(-4.63502542989784E-15,3.78375878823212E-30,-1.));
#15307=DIRECTION('',(1.,0.,-4.63502542989784E-15));
#15308=DIRECTION('',(8.16340459283203E-16,1.,0.));
#15309=DIRECTION('',(1.,-5.55765921160945E-16,-4.63502542989784E-15));
#15310=DIRECTION('',(8.16340459283203E-16,1.,0.));
#15311=DIRECTION('',(1.,-8.16340459283203E-16,-4.63502542989784E-15));
#15312=DIRECTION('',(8.16340459283203E-16,1.,0.));
#15313=DIRECTION('',(-1.,8.16340459283203E-16,0.));
#15314=DIRECTION('',(5.55765921160943E-16,1.,-5.55765921160943E-16));
#15315=DIRECTION('',(0.,5.55765921160943E-16,1.));
#15316=DIRECTION('',(8.16340459283203E-16,1.,0.));
#15317=DIRECTION('',(8.16340459283203E-16,1.,0.));
#15318=DIRECTION('',(1.,-8.16340459283203E-16,0.));
#15319=DIRECTION('',(4.63502542989784E-15,-3.78375878823212E-30,-1.));
#15320=DIRECTION('',(1.,0.,4.63502542989784E-15));
#15321=DIRECTION('',(0.,0.,-1.));
#15322=DIRECTION('',(-1.,0.,0.));
#15323=DIRECTION('',(0.,0.,-1.));
#15324=DIRECTION('',(-1.,0.,0.));
#15325=DIRECTION('',(-4.63502542989784E-15,3.78375878823212E-30,1.));
#15326=DIRECTION('',(-8.16340459283203E-16,-1.,0.));
#15327=DIRECTION('',(1.,-8.16340459283203E-16,0.));
#15328=DIRECTION('',(0.707106781186513,0.,-0.707106781186582));
#15329=DIRECTION('',(-0.707106781186582,0.,-0.707106781186513));
#15330=DIRECTION('',(8.16340459283203E-16,1.,0.));
#15331=DIRECTION('',(1.,-8.16340459283203E-16,0.));
#15332=DIRECTION('',(0.707106781186548,-5.77239874516094E-16,-0.707106781186548));
#15333=DIRECTION('',(0.707106781186548,0.,0.707106781186548));
#15334=DIRECTION('',(-0.707106781186548,0.,0.707106781186548));
#15335=DIRECTION('',(0.707106781186548,0.,0.707106781186548));
#15336=DIRECTION('',(-0.707106781186548,5.77239874516094E-16,0.707106781186548));
#15337=DIRECTION('',(-8.16340459283203E-16,-1.,0.));
#15338=DIRECTION('',(1.,-8.16340459283203E-16,0.));
#15339=DIRECTION('',(8.16340459283203E-16,1.,0.));
#15340=DIRECTION('',(1.,-8.16340459283203E-16,0.));
#15341=DIRECTION('',(-0.707106781186548,0.,-0.707106781186548));
#15342=DIRECTION('',(-0.707106781186548,0.,0.707106781186548));
#15343=DIRECTION('',(0.707106781186548,-5.77239874516094E-16,-0.707106781186548));
#15344=DIRECTION('',(0.707106781186548,0.,0.707106781186548));
#15345=DIRECTION('',(8.16340459283203E-16,1.,0.));
#15346=DIRECTION('',(0.707106781186548,-5.77239874516094E-16,0.707106781186548));
#15347=DIRECTION('',(8.16340459283203E-16,1.,0.));
#15348=DIRECTION('',(0.707106781186548,-5.77239874516094E-16,0.707106781186548));
#15349=DIRECTION('',(-8.16340459283203E-16,-1.,0.));
#15350=DIRECTION('',(1.,-8.16340459283203E-16,0.));
#15351=DIRECTION('',(-0.707106781186548,0.,-0.707106781186548));
#15352=DIRECTION('',(-0.707106781186548,0.,0.707106781186548));
#15353=DIRECTION('',(8.16340459283203E-16,1.,0.));
#15354=DIRECTION('',(1.,-8.16340459283203E-16,0.));
#15355=DIRECTION('',(0.707106781186548,0.,-0.707106781186548));
#15356=DIRECTION('',(-0.707106781186548,0.,-0.707106781186548));
#15357=DIRECTION('',(0.707106781186548,-5.77239874516094E-16,0.707106781186548));
#15358=DIRECTION('',(-0.707106781186548,0.,0.707106781186548));
#15359=DIRECTION('',(8.16340459283203E-16,1.,0.));
#15360=DIRECTION('',(-1.,8.16340459283203E-16,0.));
#15361=DIRECTION('',(8.16340459283203E-16,1.,0.));
#15362=DIRECTION('',(0.,-1.,0.));
#15363=DIRECTION('',(0.,0.,-1.));
#15364=DIRECTION('',(0.,0.,-1.));
#15365=DIRECTION('',(1.,0.,0.));
#15366=DIRECTION('',(0.707106781186548,0.,-0.707106781186548));
#15367=DIRECTION('',(-0.707106781186548,0.,-0.707106781186548));
#15368=DIRECTION('',(-0.707106781186548,0.,-0.707106781186548));
#15369=DIRECTION('',(-0.707106781186548,0.,0.707106781186548));
#15370=DIRECTION('',(-0.707106781186548,5.77239874516094E-16,0.707106781186548));
#15371=DIRECTION('',(-0.707106781186548,0.,-0.707106781186548));
#15372=DIRECTION('',(-0.707106781186548,5.77239874516094E-16,0.707106781186548));
#15373=DIRECTION('',(-0.707106781186548,5.77239874516094E-16,0.707106781186548));
#15374=DIRECTION('',(0.,-1.,-8.16340459283203E-16));
#15375=DIRECTION('',(0.,-8.16340459283203E-16,1.));
#15376=DIRECTION('',(0.,1.,8.16340459283203E-16));
#15377=DIRECTION('',(0.,-1.,0.));
#15378=DIRECTION('',(0.,0.,-1.));
#15379=DIRECTION('',(0.948683298050512,3.51497231354035E-16,0.316227766016843));
#15380=DIRECTION('',(-0.316227766016843,0.,0.948683298050512));
#15381=DIRECTION('',(0.,0.,-1.));
#15382=DIRECTION('',(-1.,0.,0.));
#15383=DIRECTION('',(0.,-5.55765921160943E-16,-1.));
#15384=DIRECTION('',(0.,-1.,5.55765921160943E-16));
#15385=DIRECTION('',(0.,5.55765921160943E-16,1.));
#15386=DIRECTION('',(0.,0.,-1.));
#15387=DIRECTION('',(-1.,0.,0.));
#15388=DIRECTION('',(-5.55765921160943E-16,-1.,5.55765921160943E-16));
#15389=DIRECTION('',(0.,5.55765921160943E-16,1.));
#15390=DIRECTION('',(5.55765921160943E-16,1.,-5.55765921160943E-16));
#15391=DIRECTION('',(0.,5.55765921160943E-16,1.));
#15392=DIRECTION('',(-1.,0.,0.));
#15393=DIRECTION('',(0.,0.,1.));
#15394=DIRECTION('',(-1.,5.55765921160943E-16,0.));
#15395=DIRECTION('',(-5.55765921160943E-16,-1.,0.));
#15396=DIRECTION('',(1.,-5.55765921160943E-16,0.));
#15397=DIRECTION('',(1.,0.,0.));
#15398=DIRECTION('',(0.,0.,-1.));
#15399=DIRECTION('',(0.,-1.,0.));
#15400=DIRECTION('',(0.,0.,-1.));
#15401=DIRECTION('',(-0.316227766016833,3.51497231354025E-16,-0.948683298050515));
#15402=DIRECTION('',(0.948683298050515,0.,-0.316227766016834));
#15403=DIRECTION('',(8.16340459283203E-16,1.,0.));
#15404=DIRECTION('',(-1.,8.16340459283203E-16,0.));
#15405=DIRECTION('',(-8.16340459283203E-16,-1.,0.));
#15406=DIRECTION('',(0.707106781186548,-5.77239874516094E-16,-0.707106781186548));
#15407=DIRECTION('',(0.707106781186548,0.,0.707106781186548));
#15408=DIRECTION('',(0.707106781186548,-5.77239874516094E-16,-0.707106781186548));
#15409=DIRECTION('',(0.707106781186548,0.,-0.707106781186548));
#15410=DIRECTION('',(-0.707106781186548,0.,-0.707106781186548));
#15411=DIRECTION('',(0.707106781186548,-5.77239874516094E-16,-0.707106781186548));
#15412=DIRECTION('',(0.,0.,-1.));
#15413=DIRECTION('',(1.,0.,0.));
#15414=DIRECTION('',(0.,-1.,0.));
#15415=DIRECTION('',(0.,0.,-1.));
#15416=DIRECTION('',(0.707106781186548,0.,0.707106781186548));
#15417=DIRECTION('',(0.707106781186548,0.,-0.707106781186548));
#15418=DIRECTION('',(-8.16340459283203E-16,-1.,0.));
#15419=DIRECTION('',(1.,-8.16340459283203E-16,0.));
#15420=DIRECTION('',(0.707106781186548,-5.77239874516094E-16,0.707106781186548));
#15421=DIRECTION('',(-0.707106781186548,5.77239874516094E-16,-0.707106781186548));
#15422=DIRECTION('',(0.707106781186548,0.,-0.707106781186548));
#15423=DIRECTION('',(8.16340459283203E-16,1.,0.));
#15424=DIRECTION('',(-1.,8.16340459283203E-16,0.));
#15425=DIRECTION('',(8.16340459283203E-16,1.,0.));
#15426=DIRECTION('',(-0.707106781186548,5.77239874516094E-16,0.707106781186548));
#15427=DIRECTION('',(-0.707106781186548,0.,-0.707106781186548));
#15428=DIRECTION('',(0.707106781186548,-5.77239874516094E-16,-0.707106781186548));
#15429=DIRECTION('',(0.707106781186548,4.906538933387E-14,-0.707106781186548));
#15430=DIRECTION('',(-0.707106781186548,0.,-0.707106781186548));
#15431=DIRECTION('',(-8.16340459283203E-16,-1.,0.));
#15432=DIRECTION('',(1.,-8.16340459283203E-16,0.));
#15433=DIRECTION('',(-1.,0.,0.));
#15434=DIRECTION('',(0.,0.,1.));
#15435=DIRECTION('',(8.16340459283203E-16,1.,0.));
#15436=DIRECTION('',(1.,-8.16340459283203E-16,0.));
#15437=DIRECTION('',(-1.,8.16340459283203E-16,4.63502542989784E-15));
#15438=DIRECTION('',(-4.63502542989784E-15,0.,-1.));
#15439=DIRECTION('',(-1.,0.,0.));
#15440=DIRECTION('',(0.,0.,1.));
#15441=DIRECTION('',(-8.16340459283203E-16,-1.,0.));
#15442=DIRECTION('',(1.,-8.16340459283203E-16,0.));
#15443=DIRECTION('',(1.,-8.16340459283203E-16,4.63502542989784E-15));
#15444=DIRECTION('',(-4.63502542989784E-15,0.,1.));
#15445=DIRECTION('',(-4.63502542989784E-15,5.55765921160945E-16,1.));
#15446=DIRECTION('',(8.16340459283203E-16,1.,-4.93038065763132E-32));
#15447=DIRECTION('',(-0.0860652868022248,0.33024095976229,0.939964720030987));
#15448=DIRECTION('',(0.,-0.943465449244525,0.331470882705896));
#15449=DIRECTION('',(-0.499999997546012,-0.707106789459116,0.49999999075481));
#15450=DIRECTION('',(0.816496585447621,-0.577350262797529,0.));
#15451=DIRECTION('',(-8.16340459283203E-16,-1.,4.93038065763135E-32));
#15452=DIRECTION('',(1.,-8.16340459283203E-16,0.));
#15453=DIRECTION('',(8.16340459283203E-16,1.,0.));
#15454=DIRECTION('',(0.707106781186548,-5.77239874516094E-16,0.707106781186548));
#15455=DIRECTION('',(-0.707106781186548,0.,0.707106781186548));
#15456=DIRECTION('',(0.707106781186548,-7.85971703210581E-16,-0.707106781186548));
#15457=DIRECTION('',(-0.707106781186548,7.85971703210581E-16,0.707106781186548));
#15458=DIRECTION('',(-0.707106781186548,0.,-0.707106781186548));
#15459=DIRECTION('',(0.707106781186548,-7.85971703210581E-16,-0.707106781186548));
#15460=DIRECTION('',(-4.63502542989784E-15,5.55765921160945E-16,1.));
#15461=DIRECTION('',(-1.,0.,-4.63502542989784E-15));
#15462=DIRECTION('',(0.,0.,1.));
#15463=DIRECTION('',(1.,0.,0.));
#15464=DIRECTION('',(-4.63502542989784E-15,5.55765921160945E-16,1.));
#15465=DIRECTION('',(-5.55765921160943E-16,-1.,5.55765921160943E-16));
#15466=DIRECTION('',(0.,5.55765921160943E-16,1.));
#15467=DIRECTION('',(1.,0.,0.));
#15468=DIRECTION('',(0.,0.,-1.));
#15469=DIRECTION('',(5.55765921160943E-16,1.,-5.55765921160943E-16));
#15470=DIRECTION('',(0.,5.55765921160943E-16,1.));
#15471=DIRECTION('',(1.,-5.55765921160945E-16,-4.63502542989784E-15));
#15472=DIRECTION('',(4.63502542989784E-15,0.,1.));
#15473=DIRECTION('',(1.,-5.55765921160945E-16,-4.63502542989784E-15));
#15474=DIRECTION('',(0.939964720030972,-0.330240959762329,-0.086065286802246));
#15475=DIRECTION('',(0.331470882705936,0.943465449244511,0.));
#15476=DIRECTION('',(-8.16340459283203E-16,-1.,4.93038065763135E-32));
#15477=DIRECTION('',(1.,-8.16340459283203E-16,0.));
#15478=DIRECTION('',(8.16340459283203E-16,1.,0.));
#15479=DIRECTION('',(-0.707106781186548,5.77239874516094E-16,-0.707106781186548));
#15480=DIRECTION('',(0.707106781186548,0.,-0.707106781186548));
#15481=DIRECTION('',(-0.707106781186548,7.85971703210581E-16,0.707106781186548));
#15482=DIRECTION('',(0.707106781186548,-7.85971703210581E-16,-0.707106781186548));
#15483=DIRECTION('',(0.707106781186548,0.,0.707106781186548));
#15484=DIRECTION('',(-0.707106781186548,7.85971703210581E-16,0.707106781186548));
#15485=DIRECTION('',(-5.55765921160943E-16,-1.,5.55765921160943E-16));
#15486=DIRECTION('',(0.,5.55765921160943E-16,1.));
#15487=DIRECTION('',(0.,0.,1.));
#15488=DIRECTION('',(-1.,0.,0.));
#15489=DIRECTION('',(0.,0.,-1.));
#15490=DIRECTION('',(-1.,0.,0.));
#15491=DIRECTION('',(0.,0.,-1.));
#15492=DIRECTION('',(-1.,0.,0.));
#15493=DIRECTION('',(-8.16340459283203E-16,-1.,0.));
#15494=DIRECTION('',(1.,-8.16340459283203E-16,0.));
#15495=DIRECTION('',(-1.,0.,0.));
#15496=DIRECTION('',(0.,0.,1.));
#15497=DIRECTION('',(1.,-8.16340459283203E-16,0.));
#15498=DIRECTION('',(8.16340459283203E-16,1.,0.));
#15499=DIRECTION('',(-1.,8.16340459283203E-16,0.));
#15500=DIRECTION('',(8.16340459283203E-16,1.,0.));
#15501=DIRECTION('',(0.,-1.,0.));
#15502=DIRECTION('',(0.,0.,1.));
#15503=DIRECTION('',(0.,0.,-1.));
#15504=DIRECTION('',(-1.,0.,0.));
#15505=DIRECTION('',(0.,1.,0.));
#15506=DIRECTION('',(0.,0.,1.));
#15507=DIRECTION('',(0.,-1.,0.));
#15508=DIRECTION('',(0.,0.,1.));
#15509=DIRECTION('',(-0.707106781186548,0.,-0.707106781186548));
#15510=DIRECTION('',(0.,1.,0.));
#15511=DIRECTION('',(0.,0.,1.));
#15512=DIRECTION('',(0.,0.,-1.));
#15513=DIRECTION('',(-1.,0.,0.));
#15514=DIRECTION('',(0.,0.,1.));
#15515=DIRECTION('',(-1.,0.,0.));
#15516=DIRECTION('',(0.,-1.,0.));
#15517=DIRECTION('',(-1.,0.,0.));
#15518=DIRECTION('',(0.,-1.,0.));
#15519=DIRECTION('',(0.,-1.,0.));
#15520=DIRECTION('',(-1.,0.,0.));
#15521=DIRECTION('',(0.,0.,-1.));
#15522=DIRECTION('',(0.,-1.,0.));
#15523=DIRECTION('',(0.,1.,0.));
#15524=DIRECTION('',(0.,0.,-1.));
#15525=DIRECTION('',(0.,1.,0.));
#15526=DIRECTION('',(0.,0.,-1.));
#15527=DIRECTION('',(0.,0.,-1.));
#15528=DIRECTION('',(-1.,0.,0.));
#15529=DIRECTION('',(1.,0.,0.));
#15530=DIRECTION('',(0.,0.,1.));
#15531=DIRECTION('',(0.,-1.,-8.16340459283203E-16));
#15532=DIRECTION('',(-1.,0.,0.));
#15533=DIRECTION('',(0.,8.16340459283203E-16,1.));
#15534=DIRECTION('',(0.,0.,1.));
#15535=DIRECTION('',(0.,1.,0.));
#15536=DIRECTION('',(0.,0.,-1.));
#15537=DIRECTION('',(1.,0.,0.));
#15538=DIRECTION('',(-8.16340459283203E-16,-1.,0.));
#15539=DIRECTION('',(-1.,8.16340459283203E-16,0.));
#15540=DIRECTION('',(0.,0.,1.));
#15541=DIRECTION('',(1.,-8.16340459283203E-16,0.));
#15542=DIRECTION('',(1.,0.,0.));
#15543=DIRECTION('',(0.,0.,1.));
#15544=DIRECTION('',(8.16340459283203E-16,1.,0.));
#15545=DIRECTION('',(0.,0.,-1.));
#15546=DIRECTION('',(1.,0.,0.));
#15547=DIRECTION('',(8.16340459283203E-16,1.,0.));
#15548=DIRECTION('',(0.707106781186548,-5.77239874516094E-16,-0.707106781186548));
#15549=DIRECTION('',(0.707106781186548,0.,0.707106781186548));
#15550=DIRECTION('',(4.08170229641602E-16,1.,-4.08170229641602E-16));
#15551=DIRECTION('',(0.707106781186548,0.,0.707106781186548));
#15552=DIRECTION('',(4.08170229641602E-16,1.,-4.08170229641602E-16));
#15553=DIRECTION('',(8.16340459283203E-16,1.,0.));
#15554=DIRECTION('',(-1.,8.16340459283203E-16,0.));
#15555=DIRECTION('',(-8.16340459283203E-16,-1.,0.));
#15556=DIRECTION('',(-1.,8.16340459283203E-16,0.));
#15557=DIRECTION('',(4.08170229641602E-16,1.,4.08170229641602E-16));
#15558=DIRECTION('',(0.,0.,-1.));
#15559=DIRECTION('',(1.,0.,0.));
#15560=DIRECTION('',(0.707106781186548,-5.77239874516094E-16,-0.707106781186548));
#15561=DIRECTION('',(-0.707106781186548,0.,-0.707106781186548));
#15562=DIRECTION('',(0.707106781186548,-5.77239874516094E-16,0.707106781186548));
#15563=DIRECTION('',(0.707106781186548,0.,-0.707106781186548));
#15564=DIRECTION('',(-0.707106781186548,5.77239874516094E-16,0.707106781186548));
#15565=DIRECTION('',(-0.707106781186548,0.,-0.707106781186548));
#15566=DIRECTION('',(-0.707106781186548,5.77239874516094E-16,0.707106781186548));
#15567=DIRECTION('',(-0.707106781186548,0.,0.707106781186548));
#15568=DIRECTION('',(0.707106781186548,-5.77239874516094E-16,-0.707106781186548));
#15569=DIRECTION('',(0.707106781186548,0.,0.707106781186548));
#15570=DIRECTION('',(0.707106781186548,0.,-0.707106781186548));
#15571=DIRECTION('',(0.707106781186548,-5.77239874516094E-16,-0.707106781186548));
#15572=DIRECTION('',(-0.707106781186548,5.77239874516094E-16,0.707106781186548));
#15573=DIRECTION('',(0.707106781186548,0.,0.707106781186548));
#15574=DIRECTION('',(0.,0.,-1.));
#15575=DIRECTION('',(1.,0.,0.));
#15576=DIRECTION('',(0.,1.,0.));
#15577=DIRECTION('',(0.,0.,1.));
#15578=DIRECTION('',(0.707106781186548,-5.77239874516094E-16,0.707106781186548));
#15579=DIRECTION('',(0.707106781186548,0.,-0.707106781186548));
#15580=DIRECTION('',(-8.16340459283203E-16,-1.,0.));
#15581=DIRECTION('',(1.,-8.16340459283203E-16,0.));
#15582=DIRECTION('',(-0.707106781186548,5.77239874516094E-16,-0.707106781186548));
#15583=DIRECTION('',(-0.707106781186548,5.77239874516094E-16,-0.707106781186548));
#15584=DIRECTION('',(0.707106781186548,0.,-0.707106781186548));
#15585=DIRECTION('',(8.16340459283203E-16,1.,0.));
#15586=DIRECTION('',(-1.,8.16340459283203E-16,0.));
#15587=DIRECTION('',(4.08170229641602E-16,1.,4.08170229641602E-16));
#15588=DIRECTION('',(0.707106781186548,-5.77239874516094E-16,0.707106781186548));
#15589=DIRECTION('',(-0.707106781186548,0.,0.707106781186548));
#15590=DIRECTION('',(-0.707106781186548,5.77239874516094E-16,-0.707106781186548));
#15591=DIRECTION('',(0.707106781186548,0.,-0.707106781186548));
#15592=DIRECTION('',(0.,-1.,0.));
#15593=DIRECTION('',(0.,0.,1.));
#15594=DIRECTION('',(0.,1.,0.));
#15595=DIRECTION('',(0.,0.,1.));
#15596=DIRECTION('',(0.,-1.,0.));
#15597=DIRECTION('',(0.,0.,-1.));
#15598=DIRECTION('',(0.,0.,-1.));
#15599=DIRECTION('',(1.,0.,0.));
#15600=DIRECTION('',(0.,0.,1.));
#15601=DIRECTION('',(1.,0.,0.));
#15602=DIRECTION('',(0.,0.,-1.));
#15603=DIRECTION('',(1.,0.,0.));
#15604=DIRECTION('',(0.,-1.,0.));
#15605=DIRECTION('',(0.,0.,1.));
#15606=DIRECTION('',(0.,1.,0.));
#15607=DIRECTION('',(0.,0.,1.));
#15608=DIRECTION('',(0.,0.,-1.));
#15609=DIRECTION('',(1.,0.,0.));
#15610=DIRECTION('',(-1.,0.,0.));
#15611=DIRECTION('',(0.,0.,1.));
#15612=DIRECTION('',(-1.,0.,0.));
#15613=DIRECTION('',(0.,0.,-1.));
#15614=DIRECTION('',(0.,-1.,0.));
#15615=DIRECTION('',(0.,0.,1.));
#15616=DIRECTION('',(0.,1.,0.));
#15617=DIRECTION('',(0.,0.,1.));
#15618=DIRECTION('',(0.,0.,-1.));
#15619=DIRECTION('',(1.,0.,0.));
#15620=DIRECTION('',(-1.,0.,0.));
#15621=DIRECTION('',(0.,0.,1.));
#15622=DIRECTION('',(0.,0.,-1.));
#15623=DIRECTION('',(-1.,0.,0.));
#15624=DIRECTION('',(0.,0.,-1.));
#15625=DIRECTION('',(1.,0.,0.));
#15626=DIRECTION('',(0.,0.,-1.));
#15627=DIRECTION('',(-1.,0.,0.));
#15628=DIRECTION('',(-1.,0.,0.));
#15629=DIRECTION('',(0.,0.,-1.));
#15630=DIRECTION('',(-1.,0.,0.));
#15631=DIRECTION('',(0.,0.,1.));
#15632=DIRECTION('',(0.,1.,0.));
#15633=DIRECTION('',(0.,0.,-1.));
#15634=DIRECTION('',(-1.,0.,0.));
#15635=DIRECTION('',(0.,0.,1.));
#15636=DIRECTION('',(0.,0.,-1.));
#15637=DIRECTION('',(1.,0.,0.));
#15638=DIRECTION('',(0.,0.,-1.));
#15639=DIRECTION('',(-1.,0.,0.));
#15640=DIRECTION('',(-1.,0.,0.));
#15641=DIRECTION('',(0.,0.,-1.));
#15642=DIRECTION('',(-1.,0.,0.));
#15643=DIRECTION('',(0.,0.,1.));
#15644=DIRECTION('',(0.,0.,-1.));
#15645=DIRECTION('',(1.,0.,0.));
#15646=DIRECTION('',(0.,0.,-1.));
#15647=DIRECTION('',(-1.,0.,0.));
#15648=DIRECTION('',(0.,0.,-1.));
#15649=DIRECTION('',(1.,0.,0.));
#15650=DIRECTION('',(0.,-1.,0.));
#15651=DIRECTION('',(0.,0.,1.));
#15652=DIRECTION('',(0.,0.,1.));
#15653=DIRECTION('',(0.,1.,0.));
#15654=DIRECTION('',(0.,0.,-1.));
#15655=DIRECTION('',(0.,0.,1.));
#15656=DIRECTION('',(0.,0.,1.));
#15657=DIRECTION('',(1.,0.,0.));
#15658=DIRECTION('',(0.,0.,1.));
#15659=DIRECTION('',(0.,0.,1.));
#15660=DIRECTION('',(1.,0.,0.));
#15661=DIRECTION('',(0.,0.,1.));
#15662=DIRECTION('',(0.,-1.,0.));
#15663=DIRECTION('',(0.,0.,1.));
#15664=DIRECTION('',(0.,0.,1.));
#15665=DIRECTION('',(0.,0.,1.));
#15666=DIRECTION('',(1.,0.,0.));
#15667=DIRECTION('',(0.,0.,1.));
#15668=DIRECTION('',(1.,0.,0.));
#15669=DIRECTION('',(0.,0.,1.));
#15670=DIRECTION('',(0.,1.,0.));
#15671=DIRECTION('',(0.,0.,-1.));
#15672=CARTESIAN_POINT('',(0.,0.,0.));
#15673=CARTESIAN_POINT('',(0.042,0.1135,0.0495));
#15674=CARTESIAN_POINT('',(0.042,0.07142,0.0495));
#15675=CARTESIAN_POINT('',(0.042,0.07142,0.05));
#15676=CARTESIAN_POINT('',(0.0415,0.07142,0.0495));
#15677=CARTESIAN_POINT('',(0.042,0.1135,0.05));
#15678=CARTESIAN_POINT('',(0.042,0.0741,0.05));
#15679=CARTESIAN_POINT('',(0.042,0.0741,0.0495));
#15680=CARTESIAN_POINT('',(0.0415,0.0741,0.0495));
#15681=CARTESIAN_POINT('',(0.0415,0.1135,0.0495));
#15682=CARTESIAN_POINT('',(0.0495,0.1135,0.042));
#15683=CARTESIAN_POINT('',(0.0495,0.05942,0.042));
#15684=CARTESIAN_POINT('',(0.05,0.05942,0.042));
#15685=CARTESIAN_POINT('',(0.0495,0.05942,0.0415));
#15686=CARTESIAN_POINT('',(0.05,0.1135,0.042));
#15687=CARTESIAN_POINT('',(0.05,0.0576,0.042));
#15688=CARTESIAN_POINT('',(0.0495,0.0576,0.042));
#15689=CARTESIAN_POINT('',(0.0495,0.0576,0.0415));
#15690=CARTESIAN_POINT('',(0.0495,0.1135,0.0415));
#15691=CARTESIAN_POINT('',(0.048437867965644,0.0571,0.048437867965644));
#15692=CARTESIAN_POINT('',(0.048437867965644,0.0571,0.04895));
#15693=CARTESIAN_POINT('',(0.048437867965644,0.05405,0.04895));
#15694=CARTESIAN_POINT('',(0.048437867965644,0.0571,0.04895));
#15695=CARTESIAN_POINT('',(0.048437867965644,0.05405,0.048437867965644));
#15696=CARTESIAN_POINT('',(0.04895,0.05405,0.048437867965644));
#15697=CARTESIAN_POINT('',(0.04895,0.0571,0.048437867965644));
#15698=CARTESIAN_POINT('',(0.04895,0.0571,0.048437867965644));
#15699=CARTESIAN_POINT('',(0.048437867965644,0.0571,0.048437867965644));
#15700=CARTESIAN_POINT('',(0.043813340594773,0.0519770500882838,0.0546081123589482));
#15701=CARTESIAN_POINT('',(0.0488085786437627,0.0515083271686377,0.04895));
#15702=CARTESIAN_POINT('',(0.0485967392464233,0.0519770500882838,0.0498247137072979));
#15703=CARTESIAN_POINT('',(0.0481721825406948,0.0515083271686378,0.0495863961030679));
#15704=CARTESIAN_POINT('',(0.0481222586343889,0.0514377241032533,0.049536472196762));
#15705=CARTESIAN_POINT('',(0.0481284263776389,0.0514464466094067,0.049542639940012));
#15706=CARTESIAN_POINT('',(0.0434381472767379,0.0514464466094067,0.054232919040913));
#15707=CARTESIAN_POINT('',(0.049542639940012,0.0514464466094067,0.0481284263776389));
#15708=CARTESIAN_POINT('',(0.049542639940012,0.0514464466094067,0.0481284263776389));
#15709=CARTESIAN_POINT('',(0.0495863961030679,0.0515083271686378,0.0481721825406948));
#15710=CARTESIAN_POINT('',(0.0495863961030679,0.0515083271686378,0.0481721825406949));
#15711=CARTESIAN_POINT('',(0.0497031450980173,0.0516734351806886,0.0482889315356442));
#15712=CARTESIAN_POINT('',(0.0497857266889595,0.0518356501404186,0.048435756540772));
#15713=CARTESIAN_POINT('',(0.0498247137072979,0.0519770500882838,0.0485967392464233));
#15714=CARTESIAN_POINT('',(0.0498247137072979,0.0519770500882838,0.0485967392464233));
#15715=CARTESIAN_POINT('',(0.043813340594773,0.0519770500882838,0.0546081123589482));
#15716=CARTESIAN_POINT('',(0.043313340594773,0.0526841568694703,0.0541081123589482));
#15717=CARTESIAN_POINT('',(0.0489445450103292,0.0525105086918034,0.049869636424032));
#15718=CARTESIAN_POINT('',(0.0489222508731698,0.0524163992289668,0.0498684630483921));
#15719=CARTESIAN_POINT('',(0.0488813199674632,0.0523230897923867,0.049866308790197));
#15720=CARTESIAN_POINT('',(0.0488217522932094,0.052234915282887,0.0498631736494468));
#15721=CARTESIAN_POINT('',(0.0489445450103293,0.0525105086918034,0.049869636424032));
#15722=CARTESIAN_POINT('',(0.0488217522932095,0.0522349152828871,0.0498631736494467));
#15723=CARTESIAN_POINT('',(0.0488217522932094,0.052234915282887,0.0498631736494468));
#15724=CARTESIAN_POINT('',(0.0487568310466204,0.0521397724733953,0.0498604367710702));
#15725=CARTESIAN_POINT('',(0.0486810784143289,0.0520523526949283,0.0498468685069911));
#15726=CARTESIAN_POINT('',(0.0485967392464233,0.0519770500882838,0.049824713707298));
#15727=CARTESIAN_POINT('',(0.0498247137072979,0.0519770500882838,0.0485967392464233));
#15728=CARTESIAN_POINT('',(0.0498341039109788,0.0520064993779049,0.0486289966275269));
#15729=CARTESIAN_POINT('',(0.0498553112952695,0.0520872673058774,0.0487141395629953));
#15730=CARTESIAN_POINT('',(0.0498624268033051,0.0522139105505752,0.0488075622165168));
#15731=CARTESIAN_POINT('',(0.0498631736494468,0.0522349152828871,0.0488217522932095));
#15732=CARTESIAN_POINT('',(0.0498631736494468,0.0522349152828871,0.0488217522932095));
#15733=CARTESIAN_POINT('',(0.0498631736494468,0.0522349152828871,0.0488217522932095));
#15734=CARTESIAN_POINT('',(0.049866308790197,0.0523230897923867,0.0488813199674632));
#15735=CARTESIAN_POINT('',(0.049868463048392,0.0524163992289668,0.0489222508731698));
#15736=CARTESIAN_POINT('',(0.049869636424032,0.0525105086918034,0.0489445450103293));
#15737=CARTESIAN_POINT('',(0.049869636424032,0.0525105086918034,0.0489445450103292));
#15738=CARTESIAN_POINT('',(0.0440097048350931,0.0525105086918034,0.0548044765992682));
#15739=CARTESIAN_POINT('',(0.0441661510346884,0.0537652703644666,0.0549609227988635));
#15740=CARTESIAN_POINT('',(0.0492877429660314,0.0537652703644666,0.0498393308675205));
#15741=CARTESIAN_POINT('',(0.0492164444216292,0.0535603697432132,0.0498595345718615));
#15742=CARTESIAN_POINT('',(0.0491437422409628,0.0533093297911529,0.049869636424032));
#15743=CARTESIAN_POINT('',(0.0490696364240321,0.0530121505082858,0.049869636424032));
#15744=CARTESIAN_POINT('',(0.0492877429660313,0.0537652703644666,0.0498393308675205));
#15745=CARTESIAN_POINT('',(0.049069636424032,0.0530121505082858,0.049869636424032));
#15746=CARTESIAN_POINT('',(0.0489593827200185,0.052570010902392,0.049869636424032));
#15747=CARTESIAN_POINT('',(0.049869636424032,0.0551042531630218,0.0495913315261816));
#15748=CARTESIAN_POINT('',(0.049869636424032,0.0530121505082857,0.049069636424032));
#15749=CARTESIAN_POINT('',(0.049869636424032,0.0530121505082857,0.049069636424032));
#15750=CARTESIAN_POINT('',(0.049869636424032,0.0533093297911529,0.0491437422409627));
#15751=CARTESIAN_POINT('',(0.0498595345718615,0.0535603697432132,0.0492164444216292));
#15752=CARTESIAN_POINT('',(0.0498393308675206,0.0537652703644666,0.0492877429660313));
#15753=CARTESIAN_POINT('',(0.0498393308675205,0.0537652703644666,0.0492877429660313));
#15754=CARTESIAN_POINT('',(0.0441661510346884,0.0537652703644666,0.0549609227988635));
#15755=CARTESIAN_POINT('',(0.0440268781866244,0.0538,0.0548216499507995));
#15756=CARTESIAN_POINT('',(0.0440268781866244,0.054,0.0548216499507995));
#15757=CARTESIAN_POINT('',(0.0490500983300345,0.054,0.0497984298073893));
#15758=CARTESIAN_POINT('',(0.0497984298073893,0.054,0.0490500983300345));
#15759=CARTESIAN_POINT('',(0.0490500983300345,0.054,0.0497984298073893));
#15760=CARTESIAN_POINT('',(0.0491743073525593,0.054,0.0498327571559749));
#15761=CARTESIAN_POINT('',(0.0493174814159383,0.053891107861088,0.0498409717600686));
#15762=CARTESIAN_POINT('',(0.0492877429660313,0.0537652703644666,0.0498393308675205));
#15763=CARTESIAN_POINT('',(0.0498393308675205,0.0537652703644666,0.0492877429660313));
#15764=CARTESIAN_POINT('',(0.0498409712637598,0.0538910697999345,0.0493174724211654));
#15765=CARTESIAN_POINT('',(0.0498327337378256,0.054,0.0491742226170477));
#15766=CARTESIAN_POINT('',(0.0497984298073894,0.054,0.0490500983300345));
#15767=CARTESIAN_POINT('',(0.0440268781866244,0.054,0.0548216499507995));
#15768=CARTESIAN_POINT('',(0.0440268781866244,0.054,0.0498));
#15769=CARTESIAN_POINT('',(0.0487585786437627,0.054,0.0498));
#15770=CARTESIAN_POINT('',(0.049,0.054,0.0498));
#15771=CARTESIAN_POINT('',(0.049,0.054,0.049));
#15772=CARTESIAN_POINT('',(0.049,0.054,0.049));
#15773=CARTESIAN_POINT('',(0.0498,0.054,0.049));
#15774=CARTESIAN_POINT('',(0.0498,0.054,0.0548216499507995));
#15775=CARTESIAN_POINT('',(0.0498,0.054,0.0487585786437627));
#15776=CARTESIAN_POINT('',(0.0489,0.054,0.0487585786437627));
#15777=CARTESIAN_POINT('',(0.0495363961030679,0.054,0.0481221825406948));
#15778=CARTESIAN_POINT('',(0.0489292893218814,0.054,0.0475150757595083));
#15779=CARTESIAN_POINT('',(0.049,0.054,0.0475857864376269));
#15780=CARTESIAN_POINT('',(0.049,0.054,0.0548216499507995));
#15781=CARTESIAN_POINT('',(0.049,0.054,0.048437867965644));
#15782=CARTESIAN_POINT('',(0.048437867965644,0.054,0.048437867965644));
#15783=CARTESIAN_POINT('',(0.048437867965644,0.054,0.049));
#15784=CARTESIAN_POINT('',(0.0440268781866244,0.054,0.049));
#15785=CARTESIAN_POINT('',(0.0475857864376269,0.054,0.049));
#15786=CARTESIAN_POINT('',(0.0481221825406948,0.054,0.0495363961030679));
#15787=CARTESIAN_POINT('',(0.0481221825406948,0.054,0.0495363961030679));
#15788=CARTESIAN_POINT('',(0.0487585786437627,0.054,0.0489));
#15789=CARTESIAN_POINT('',(0.047373654403271,0.0511,0.0489292893218814));
#15790=CARTESIAN_POINT('',(0.0480221825406948,0.0571,0.0495778174593052));
#15791=CARTESIAN_POINT('',(0.0473650757595083,0.0571,0.0489207106781187));
#15792=CARTESIAN_POINT('',(0.0468908224620156,0.0571,0.048446457380626));
#15793=CARTESIAN_POINT('',(0.0469563243775248,0.0517930190374251,0.0485119592961352));
#15794=CARTESIAN_POINT('',(0.0469563243775248,0.0517930190374251,0.0485119592961352));
#15795=CARTESIAN_POINT('',(0.0472391240116844,0.0518,0.0487947589302947));
#15796=CARTESIAN_POINT('',(0.0472391240116843,0.0514,0.0487947589302947));
#15797=CARTESIAN_POINT('',(0.0478077156995203,0.0514,0.0493633506181307));
#15798=CARTESIAN_POINT('',(0.0478077156995203,0.0514,0.0493633506181307));
#15799=CARTESIAN_POINT('',(0.0478077156995203,0.0518,0.0493633506181307));
#15800=CARTESIAN_POINT('',(0.0480077156995203,0.0515171572875254,0.0495633506181307));
#15801=CARTESIAN_POINT('',(0.0480077156995203,0.0515171572875254,0.0495633506181307));
#15802=CARTESIAN_POINT('',(0.0480514718625762,0.0515790378467564,0.0496071067811865));
#15803=CARTESIAN_POINT('',(0.0480514718625762,0.054,0.0496071067811865));
#15804=CARTESIAN_POINT('',(0.0480514718625762,0.0539,0.0496071067811865));
#15805=CARTESIAN_POINT('',(0.0474443650813896,0.0539,0.049));
#15806=CARTESIAN_POINT('',(0.0475150757595083,0.0539,0.0490707106781187));
#15807=CARTESIAN_POINT('',(0.0475150757595083,0.05405,0.0490707106781187));
#15808=CARTESIAN_POINT('',(0.0473650757595083,0.05405,0.0489207106781187));
#15809=CARTESIAN_POINT('',(0.0473650757595083,0.0511,0.0489207106781187));
#15810=CARTESIAN_POINT('',(0.0476564971157456,0.0511,0.0461008621971352));
#15811=CARTESIAN_POINT('',(0.0487947589302947,0.0518,0.0472391240116843));
#15812=CARTESIAN_POINT('',(0.0487947589302947,0.0514,0.0472391240116843));
#15813=CARTESIAN_POINT('',(0.0485119592961352,0.0517930190374251,0.0469563243775248));
#15814=CARTESIAN_POINT('',(0.0484464358398279,0.0571017452406438,0.0468908009212175));
#15815=CARTESIAN_POINT('',(0.048446457380626,0.0571,0.0468908224620156));
#15816=CARTESIAN_POINT('',(0.0495778174593052,0.0571,0.0480221825406948));
#15817=CARTESIAN_POINT('',(0.0489207106781187,0.0571,0.0473650757595083));
#15818=CARTESIAN_POINT('',(0.0489207106781187,0.0511,0.0473650757595083));
#15819=CARTESIAN_POINT('',(0.0489207106781187,0.05405,0.0473650757595083));
#15820=CARTESIAN_POINT('',(0.0490707106781187,0.05405,0.0475150757595083));
#15821=CARTESIAN_POINT('',(0.0490707106781187,0.0539,0.0475150757595083));
#15822=CARTESIAN_POINT('',(0.0496071067811866,0.0539,0.0480514718625762));
#15823=CARTESIAN_POINT('',(0.0496071067811866,0.0539,0.0480514718625762));
#15824=CARTESIAN_POINT('',(0.0496071067811866,0.0518518300528922,0.0480514718625762));
#15825=CARTESIAN_POINT('',(0.0496071067811866,0.0515790378467564,0.0480514718625762));
#15826=CARTESIAN_POINT('',(0.0495571828748807,0.051508434781372,0.0480015479562703));
#15827=CARTESIAN_POINT('',(0.0495633506181307,0.0515171572875254,0.0480077156995203));
#15828=CARTESIAN_POINT('',(0.0493633506181307,0.0518,0.0478077156995203));
#15829=CARTESIAN_POINT('',(0.0493633506181307,0.0514,0.0478077156995203));
#15830=CARTESIAN_POINT('',(0.0487947589302947,0.0514,0.0472391240116844));
#15831=CARTESIAN_POINT('',(0.0422660560462026,0.0517912737967814,0.0530608278103777));
#15832=CARTESIAN_POINT('',(0.0422660560462026,0.0517912737967814,0.0530608278103777));
#15833=CARTESIAN_POINT('',(0.0469563351471036,0.0517912737967814,0.0483705487094767));
#15834=CARTESIAN_POINT('',(0.0483705487094767,0.0517912737967814,0.0469563351471036));
#15835=CARTESIAN_POINT('',(0.0468908116907963,0.0571,0.0483050252531694));
#15836=CARTESIAN_POINT('',(0.0468908116907963,0.0571,0.0483050252531694));
#15837=CARTESIAN_POINT('',(0.0422005325898953,0.0571,0.0529953043540704));
#15838=CARTESIAN_POINT('',(0.0483050252531694,0.0571,0.0468908116907963));
#15839=CARTESIAN_POINT('',(0.0483705487094767,0.0517912737967814,0.0469563351471036));
#15840=CARTESIAN_POINT('',(0.042619555588902,0.0518,0.0534143273530771));
#15841=CARTESIAN_POINT('',(0.042619555588902,0.0513,0.0534143273530771));
#15842=CARTESIAN_POINT('',(0.047309834689803,0.0513,0.0487240482521761));
#15843=CARTESIAN_POINT('',(0.0487240482521761,0.0513,0.047309834689803));
#15844=CARTESIAN_POINT('',(0.047309834689803,0.0518,0.0487240482521761));
#15845=CARTESIAN_POINT('',(0.0487240482521761,0.0518,0.047309834689803));
#15846=CARTESIAN_POINT('',(0.0431881472767379,0.0513,0.053982919040913));
#15847=CARTESIAN_POINT('',(0.0431881472767379,0.0513,0.053982919040913));
#15848=CARTESIAN_POINT('',(0.0478784263776389,0.0513,0.049292639940012));
#15849=CARTESIAN_POINT('',(0.049292639940012,0.0513,0.0478784263776389));
#15850=CARTESIAN_POINT('',(0.047309834689803,0.0513,0.0487240482521761));
#15851=CARTESIAN_POINT('',(0.049292639940012,0.0513,0.0478784263776389));
#15852=CARTESIAN_POINT('',(0.0431881472767379,0.0518,0.053982919040913));
#15853=CARTESIAN_POINT('',(0.0478784263776389,0.0518,0.049292639940012));
#15854=CARTESIAN_POINT('',(0.049292639940012,0.0518,0.0478784263776389));
#15855=CARTESIAN_POINT('',(0.04895,0.0501857864376269,0.0473029437251523));
#15856=CARTESIAN_POINT('',(0.04895,0.05405,0.0473029437251523));
#15857=CARTESIAN_POINT('',(0.04895,0.05405,0.0474357864376269));
#15858=CARTESIAN_POINT('',(0.04895,0.0501857864376269,0.0474357864376269));
#15859=CARTESIAN_POINT('',(0.04895,0.0571,0.0474357864376269));
#15860=CARTESIAN_POINT('',(0.04895,0.0571,0.0473029437251523));
#15861=CARTESIAN_POINT('',(0.0488,0.0501857864376269,0.04895));
#15862=CARTESIAN_POINT('',(0.0488,0.0571,0.04895));
#15863=CARTESIAN_POINT('',(0.0474357864376269,0.0571,0.04895));
#15864=CARTESIAN_POINT('',(0.0474357864376269,0.0501857864376269,0.04895));
#15865=CARTESIAN_POINT('',(0.0474357864376269,0.05405,0.04895));
#15866=CARTESIAN_POINT('',(0.0488,0.05405,0.04895));
#15867=CARTESIAN_POINT('',(0.0499,0.398492188198566,0.0415));
#15868=CARTESIAN_POINT('',(0.0499,0.376507328691112,0.129663723887819));
#15869=CARTESIAN_POINT('',(0.0499,0.0530295153260524,0.049));
#15870=CARTESIAN_POINT('',(0.0499,0.0525278735095701,0.0488749085862972));
#15871=CARTESIAN_POINT('',(0.0499000000000003,0.0525278735095705,0.0488749085862972));
#15872=CARTESIAN_POINT('',(0.0499000000000003,0.0524411722271405,0.0488532884070525));
#15873=CARTESIAN_POINT('',(0.0499000000000003,0.0523584942044655,0.048814511759541));
#15874=CARTESIAN_POINT('',(0.0499000000000003,0.0522798394415455,0.0487585786437627));
#15875=CARTESIAN_POINT('',(0.0499,0.0522798394415454,0.0487585786437627));
#15876=CARTESIAN_POINT('',(0.0499,0.054,0.0487585786437627));
#15877=CARTESIAN_POINT('',(0.0499,0.0539,0.0487585786437627));
#15878=CARTESIAN_POINT('',(0.0499,0.0539,0.0415));
#15879=CARTESIAN_POINT('',(0.0499,0.0539,0.049));
#15880=CARTESIAN_POINT('',(0.0499,0.398492188198566,0.049));
#15881=CARTESIAN_POINT('',(0.049,0.398492188198566,0.049));
#15882=CARTESIAN_POINT('',(0.049898233533313,0.0539,0.0490563606212888));
#15883=CARTESIAN_POINT('',(0.0498955763998217,0.0539,0.0490987080324734));
#15884=CARTESIAN_POINT('',(0.0498857916962506,0.0538880474662671,0.0491767637271376));
#15885=CARTESIAN_POINT('',(0.0498614852347518,0.05382249007596,0.0492609715469438));
#15886=CARTESIAN_POINT('',(0.0498659062489246,0.0537826351822333,0.0492453698597492));
#15887=CARTESIAN_POINT('',(0.049898233533313,0.0539,0.0490563606212888));
#15888=CARTESIAN_POINT('',(0.0498659062489246,0.0537826351822333,0.0492453698597492));
#15889=CARTESIAN_POINT('',(0.0498659062489249,0.0537826351822335,0.0492453698597492));
#15890=CARTESIAN_POINT('',(0.0498877040391765,0.0535861308101582,0.049168445812065));
#15891=CARTESIAN_POINT('',(0.0499000000000003,0.0533350908580978,0.0490857244816832));
#15892=CARTESIAN_POINT('',(0.0499000000000003,0.0530295153260525,0.049));
#15893=CARTESIAN_POINT('',(0.049,0.0539,0.049));
#15894=CARTESIAN_POINT('',(0.049,0.398492188198566,0.0499));
#15895=CARTESIAN_POINT('',(0.0487585786437627,0.0518518300528922,0.0499));
#15896=CARTESIAN_POINT('',(0.0487585786437627,0.0539,0.0499));
#15897=CARTESIAN_POINT('',(0.0487585786437627,0.0522798394415454,0.0499));
#15898=CARTESIAN_POINT('',(0.048758578643763,0.0522798394415455,0.0499));
#15899=CARTESIAN_POINT('',(0.0488145117595412,0.0523584942044652,0.0499));
#15900=CARTESIAN_POINT('',(0.0488532884070527,0.0524411722271402,0.0499));
#15901=CARTESIAN_POINT('',(0.0488749085862975,0.0525278735095705,0.0499));
#15902=CARTESIAN_POINT('',(0.0488749085862973,0.0525278735095701,0.0499));
#15903=CARTESIAN_POINT('',(0.130102789775432,0.378268071518284,0.0499));
#15904=CARTESIAN_POINT('',(0.049,0.0530295153260525,0.0499));
#15905=CARTESIAN_POINT('',(0.049,0.398492188198566,0.0499));
#15906=CARTESIAN_POINT('',(0.049,0.0539,0.0499));
#15907=CARTESIAN_POINT('',(0.049,0.0539,0.0499));
#15908=CARTESIAN_POINT('',(0.049,0.398492188198566,0.049));
#15909=CARTESIAN_POINT('',(0.0490000000000003,0.0530295153260525,0.0499));
#15910=CARTESIAN_POINT('',(0.0490857244816835,0.0533350908580978,0.0499));
#15911=CARTESIAN_POINT('',(0.0491684458120652,0.0535861308101582,0.0498877040391762));
#15912=CARTESIAN_POINT('',(0.0492453698597495,0.0537826351822335,0.0498659062489246));
#15913=CARTESIAN_POINT('',(0.0492453698597493,0.0537826351822333,0.0498659062489246));
#15914=CARTESIAN_POINT('',(0.0492453698597493,0.0537826351822333,0.0498659062489246));
#15915=CARTESIAN_POINT('',(0.0492609701513346,0.0538224865108418,0.0498614856302224));
#15916=CARTESIAN_POINT('',(0.0491767975795088,0.0538880181918793,0.0498857797365807));
#15917=CARTESIAN_POINT('',(0.0490987806337588,0.0539,0.0498955718443767));
#15918=CARTESIAN_POINT('',(0.0490563606212889,0.0539,0.049898233533313));
#15919=CARTESIAN_POINT('',(0.0490563606212888,0.0539,0.049898233533313));
#15920=CARTESIAN_POINT('',(0.049,0.0539,0.049));
#15921=CARTESIAN_POINT('',(0.0487585786437624,0.398492188198566,0.0489));
#15922=CARTESIAN_POINT('',(0.0487585786437627,0.0515790378467564,0.0489));
#15923=CARTESIAN_POINT('',(0.0485232015356078,0.0520477607664024,0.0498719041192199));
#15924=CARTESIAN_POINT('',(0.0485232015356078,0.0520477607664025,0.0498719041192199));
#15925=CARTESIAN_POINT('',(0.0486126305712292,0.0521184561546495,0.0498935621689939));
#15926=CARTESIAN_POINT('',(0.0486921885279833,0.0521958157130305,0.0499));
#15927=CARTESIAN_POINT('',(0.0487585786437627,0.0522798394415455,0.0499));
#15928=CARTESIAN_POINT('',(0.0487585786437627,0.0539,0.0489));
#15929=CARTESIAN_POINT('',(0.0489,0.398492188198566,0.0487585786437627));
#15930=CARTESIAN_POINT('',(0.0499000000000003,0.0522798394415455,0.0487585786437627));
#15931=CARTESIAN_POINT('',(0.0499000000000003,0.0521958157130305,0.0486921885279833));
#15932=CARTESIAN_POINT('',(0.0498935621689942,0.0521184561546495,0.0486126305712291));
#15933=CARTESIAN_POINT('',(0.0498719041192202,0.0520477607664025,0.0485232015356078));
#15934=CARTESIAN_POINT('',(0.0498719041192199,0.0520477607664024,0.0485232015356078));
#15935=CARTESIAN_POINT('',(0.0498719041192202,0.0520477607664025,0.0485232015356078));
#15936=CARTESIAN_POINT('',(0.0498429616156609,0.0519532877391768,0.0484036939987437));
#15937=CARTESIAN_POINT('',(0.0497783907646635,0.0517970467659615,0.0482227558460528));
#15938=CARTESIAN_POINT('',(0.0496071067811868,0.0515790378467565,0.0480514718625762));
#15939=CARTESIAN_POINT('',(0.0489,0.0539,0.0487585786437627));
#15940=CARTESIAN_POINT('',(0.049,0.05405,0.0473029437251523));
#15941=CARTESIAN_POINT('',(0.049,0.05405,0.0475857864376269));
#15942=CARTESIAN_POINT('',(0.049,0.05405,0.048437867965644));
#15943=CARTESIAN_POINT('',(0.048437867965644,0.05405,0.048437867965644));
#15944=CARTESIAN_POINT('',(0.048437867965644,0.05405,0.049));
#15945=CARTESIAN_POINT('',(0.0488,0.05405,0.049));
#15946=CARTESIAN_POINT('',(0.0475857864376269,0.05405,0.049));
#15947=CARTESIAN_POINT('',(0.0474357864376269,0.0511,0.04885));
#15948=CARTESIAN_POINT('',(0.0474357864376269,0.0571,0.04885));
#15949=CARTESIAN_POINT('',(0.0474357864376269,0.05405,0.04885));
#15950=CARTESIAN_POINT('',(0.0475857864376269,0.054,0.049));
#15951=CARTESIAN_POINT('',(0.0475150757595083,0.054,0.0490707106781186));
#15952=CARTESIAN_POINT('',(0.0475150757595083,0.0539,0.0490707106781187));
#15953=CARTESIAN_POINT('',(0.0475072460395146,0.054,0.0489738198672967));
#15954=CARTESIAN_POINT('',(0.0474708940197202,0.0539687584525881,0.0490265289383297));
#15955=CARTESIAN_POINT('',(0.0474365353613959,0.0539000000020567,0.0489921702800063));
#15956=CARTESIAN_POINT('',(0.0474357864434456,0.0540238196733753,0.04895));
#15957=CARTESIAN_POINT('',(0.0473943650945977,0.0540021301753085,0.0489500000132096));
#15958=CARTESIAN_POINT('',(0.047365075765327,0.0539714590201258,0.0489207106839374));
#15959=CARTESIAN_POINT('',(0.0474357864376269,0.05405,0.04895));
#15960=CARTESIAN_POINT('',(0.0473943650813896,0.05405,0.04895));
#15961=CARTESIAN_POINT('',(0.0473650757595083,0.05405,0.0489207106781187));
#15962=CARTESIAN_POINT('',(0.0475857864376269,0.0539,0.049));
#15963=CARTESIAN_POINT('',(0.0474443650813896,0.0539,0.0488585786437627));
#15964=CARTESIAN_POINT('',(0.0481221825406948,0.0539,0.0495363961030679));
#15965=CARTESIAN_POINT('',(0.0487585786437627,0.0539,0.0489));
#15966=CARTESIAN_POINT('',(0.0487585786437627,0.0539,0.0498));
#15967=CARTESIAN_POINT('',(0.0440268781866244,0.0539,0.0498));
#15968=CARTESIAN_POINT('',(0.049,0.0539,0.0498));
#15969=CARTESIAN_POINT('',(0.049,0.0539,0.049));
#15970=CARTESIAN_POINT('',(0.0490500983300345,0.0539,0.0497984298073893));
#15971=CARTESIAN_POINT('',(0.0490563606212888,0.0539,0.049898233533313));
#15972=CARTESIAN_POINT('',(0.0490563606212887,0.0540000000000001,0.049898233533313));
#15973=CARTESIAN_POINT('',(0.0490500983300345,0.054,0.0497984298073893));
#15974=CARTESIAN_POINT('',(0.0491005018150483,0.0538999996303628,0.0498954638470204));
#15975=CARTESIAN_POINT('',(0.0491122205313422,0.0539822296746272,0.0498947284204182));
#15976=CARTESIAN_POINT('',(0.0491077222609418,0.0540000000000001,0.0498143551428828));
#15977=CARTESIAN_POINT('',(0.0491834502939669,0.0538860736310838,0.0498842603036558));
#15978=CARTESIAN_POINT('',(0.0492021592701503,0.053941428067649,0.0498809439671195));
#15979=CARTESIAN_POINT('',(0.0492133420870667,0.0539721466306791,0.0498362844309921));
#15980=CARTESIAN_POINT('',(0.049259985312717,0.0538199606622774,0.0498617647016735));
#15981=CARTESIAN_POINT('',(0.049284486757388,0.0538300226212551,0.0498543763955652));
#15982=CARTESIAN_POINT('',(0.049305387202562,0.0538399218482488,0.0498403020241539));
#15983=CARTESIAN_POINT('',(0.0492453698597492,0.0537826351822333,0.0498659062489246));
#15984=CARTESIAN_POINT('',(0.0492702077543297,0.0537732984384927,0.049858867991934));
#15985=CARTESIAN_POINT('',(0.0492877429660313,0.0537652703644666,0.0498393308675205));
#15986=CARTESIAN_POINT('',(0.0492884815757643,0.0537650925913108,0.0498402143323452));
#15987=CARTESIAN_POINT('',(0.0492761330922573,0.0537709187603954,0.0498517104850913));
#15988=CARTESIAN_POINT('',(0.0492622513839121,0.05377668251637,0.0498616369986244));
#15989=CARTESIAN_POINT('',(0.0492472478285359,0.0537822467342211,0.0498696787586621));
#15990=CARTESIAN_POINT('',(0.0490115687582093,0.0530129030338272,0.0498361619315206));
#15991=CARTESIAN_POINT('',(0.049069636424032,0.0530121505082858,0.049869636424032));
#15992=CARTESIAN_POINT('',(0.0490516077132593,0.0530166462198547,0.0498887862034582));
#15993=CARTESIAN_POINT('',(0.0490258897710837,0.053023059348981,0.0499));
#15994=CARTESIAN_POINT('',(0.049,0.0530295153260525,0.0499));
#15995=CARTESIAN_POINT('',(0.0488897462959865,0.0525873757201587,0.0498));
#15996=CARTESIAN_POINT('',(0.0488749085862972,0.0525278735095701,0.0499));
#15997=CARTESIAN_POINT('',(0.0489007983573809,0.0525214175324987,0.0499));
#15998=CARTESIAN_POINT('',(0.0489265162995565,0.0525150044033723,0.0498887862034582));
#15999=CARTESIAN_POINT('',(0.0489445450103292,0.0525105086918034,0.049869636424032));
#16000=CARTESIAN_POINT('',(0.0481612017669551,0.0527123270613183,0.0497994226589596));
#16001=CARTESIAN_POINT('',(0.0487585786354246,0.0522798394488495,0.0498999931171278));
#16002=CARTESIAN_POINT('',(0.04878262557633,0.0522626730979185,0.0498999457688385));
#16003=CARTESIAN_POINT('',(0.0488064339699407,0.0522457144965021,0.0498860142175973));
#16004=CARTESIAN_POINT('',(0.0488216730876765,0.0522349725417251,0.0498630941516697));
#16005=CARTESIAN_POINT('',(0.0480978659870473,0.0527484642927644,0.0491080813569821));
#16006=CARTESIAN_POINT('',(0.0485237248152229,0.0520477875034021,0.049869815357058));
#16007=CARTESIAN_POINT('',(0.0485483017881056,0.0520178646882094,0.0498755893905165));
#16008=CARTESIAN_POINT('',(0.0485781931711196,0.0519890573113167,0.0498570371486718));
#16009=CARTESIAN_POINT('',(0.0485965364194804,0.0519773425545283,0.0498244941004601));
#16010=CARTESIAN_POINT('',(0.0485232015356078,0.0520477607664024,0.0498719041192199));
#16011=CARTESIAN_POINT('',(0.0485660792997665,0.0519960816286978,0.0498822883165211));
#16012=CARTESIAN_POINT('',(0.0485967392464233,0.0519770500882838,0.0498247137072979));
#16013=CARTESIAN_POINT('',(0.048345734521262,0.0519074696473699,0.04982892490779));
#16014=CARTESIAN_POINT('',(0.0483877644652671,0.0518455647790229,0.0498477401808336));
#16015=CARTESIAN_POINT('',(0.0484370189335184,0.051836758969251,0.0497860324169862));
#16016=CARTESIAN_POINT('',(0.0481805876084084,0.0517433753617384,0.0497362225270188));
#16017=CARTESIAN_POINT('',(0.048225269551105,0.0516712749921135,0.0497637521145778));
#16018=CARTESIAN_POINT('',(0.0482883867119574,0.0516726646836211,0.0497026002743015));
#16019=CARTESIAN_POINT('',(0.0480514718625762,0.0515790378467564,0.0496071067811865));
#16020=CARTESIAN_POINT('',(0.0481014718625762,0.0515083271686377,0.0496571067811865));
#16021=CARTESIAN_POINT('',(0.0481721825406948,0.0515083271686377,0.0495863961030679));
#16022=CARTESIAN_POINT('',(0.0481221825406948,0.0515790378467564,0.0495363961030679));
#16023=CARTESIAN_POINT('',(0.0484536196956741,0.0520477607664024,0.0498678332580472));
#16024=CARTESIAN_POINT('',(0.0480784263776389,0.0515171572875254,0.049492639940012));
#16025=CARTESIAN_POINT('',(0.0478784263776389,0.0518,0.049292639940012));
#16026=CARTESIAN_POINT('',(0.0478784263776389,0.0514,0.049292639940012));
#16027=CARTESIAN_POINT('',(0.0474443650813896,0.0514,0.0488585786437627));
#16028=CARTESIAN_POINT('',(0.047309834689803,0.0514,0.0487240482521761));
#16029=CARTESIAN_POINT('',(0.047309834689803,0.0518,0.0487240482521761));
#16030=CARTESIAN_POINT('',(0.0470270350556435,0.0517930190374251,0.0484412486180166));
#16031=CARTESIAN_POINT('',(0.0470357132165557,0.0510899123512552,0.0484499267789288));
#16032=CARTESIAN_POINT('',(0.0469615331401343,0.0571,0.0483757467025073));
#16033=CARTESIAN_POINT('',(0.04885,0.0511,0.0474357864376269));
#16034=CARTESIAN_POINT('',(0.04885,0.0571,0.0474357864376269));
#16035=CARTESIAN_POINT('',(0.04885,0.05405,0.0474357864376269));
#16036=CARTESIAN_POINT('',(0.04895,0.05405,0.0474357864376269));
#16037=CARTESIAN_POINT('',(0.04895,0.05405,0.0473943650813896));
#16038=CARTESIAN_POINT('',(0.0489207106781187,0.05405,0.0473650757595082));
#16039=CARTESIAN_POINT('',(0.04895,0.0540238196733753,0.0474357864434456));
#16040=CARTESIAN_POINT('',(0.0489500000132096,0.0540021301753085,0.0473943650945977));
#16041=CARTESIAN_POINT('',(0.0489207106839374,0.0539714590201258,0.047365075765327));
#16042=CARTESIAN_POINT('',(0.0489738198672955,0.054,0.0475072460395146));
#16043=CARTESIAN_POINT('',(0.0490265289383288,0.0539687584525877,0.0474708940197195));
#16044=CARTESIAN_POINT('',(0.0489921702800063,0.0539000000020567,0.0474365353613959));
#16045=CARTESIAN_POINT('',(0.049,0.054,0.0475857864376269));
#16046=CARTESIAN_POINT('',(0.0490707106781186,0.054,0.0475150757595083));
#16047=CARTESIAN_POINT('',(0.0490707106781187,0.0539,0.0475150757595083));
#16048=CARTESIAN_POINT('',(0.049,0.0539,0.0475857864376269));
#16049=CARTESIAN_POINT('',(0.0501313708498985,0.0539,0.0487171572875254));
#16050=CARTESIAN_POINT('',(0.0495363961030679,0.0539,0.0481221825406948));
#16051=CARTESIAN_POINT('',(0.0489,0.0539,0.0487585786437627));
#16052=CARTESIAN_POINT('',(0.0498,0.0539,0.0487585786437627));
#16053=CARTESIAN_POINT('',(0.0498,0.0539,0.0548216499507995));
#16054=CARTESIAN_POINT('',(0.0498,0.0539,0.049));
#16055=CARTESIAN_POINT('',(0.049,0.0539,0.049));
#16056=CARTESIAN_POINT('',(0.0497984298073894,0.0539,0.0490500983300345));
#16057=CARTESIAN_POINT('',(0.0498659062489246,0.0537826351822333,0.0492453698597492));
#16058=CARTESIAN_POINT('',(0.049858867991934,0.0537732984384927,0.0492702077543297));
#16059=CARTESIAN_POINT('',(0.0498393308675205,0.0537652703644666,0.0492877429660313));
#16060=CARTESIAN_POINT('',(0.049861757727309,0.0538200290361614,0.0492600099251361));
#16061=CARTESIAN_POINT('',(0.0498543689442094,0.053830124860853,0.0492845104009859));
#16062=CARTESIAN_POINT('',(0.0498403049895065,0.0538400582605999,0.0493054182535399));
#16063=CARTESIAN_POINT('',(0.0498842668467282,0.0538860712779548,0.0491835455041002));
#16064=CARTESIAN_POINT('',(0.0498809587217055,0.0539413933161308,0.0492022215025812));
#16065=CARTESIAN_POINT('',(0.0498363347957518,0.0539721421492148,0.0492134712701693));
#16066=CARTESIAN_POINT('',(0.0498954859090731,0.0538999996874505,0.0491001502065173));
#16067=CARTESIAN_POINT('',(0.0498947539074154,0.0539823588159523,0.0491118148049014));
#16068=CARTESIAN_POINT('',(0.0498142283127426,0.0540000000000001,0.0491072632643317));
#16069=CARTESIAN_POINT('',(0.0498982335333133,0.0539000000000001,0.0490563606212886));
#16070=CARTESIAN_POINT('',(0.0498982335333133,0.0540000000000001,0.0490563606212885));
#16071=CARTESIAN_POINT('',(0.0497984298073896,0.0540000000000001,0.0490500983300343));
#16072=CARTESIAN_POINT('',(0.0498696787586553,0.0537822467342247,0.0492472478285228));
#16073=CARTESIAN_POINT('',(0.0498616369986499,0.0537766825163676,0.0492622513839192));
#16074=CARTESIAN_POINT('',(0.0498517104851195,0.0537709187603897,0.0492761330922757));
#16075=CARTESIAN_POINT('',(0.0498402143323546,0.0537650925913083,0.0492884815757738));
#16076=CARTESIAN_POINT('',(0.0498361619318652,0.0530129030340996,0.0490115687581627));
#16077=CARTESIAN_POINT('',(0.0499,0.0530295153260524,0.049));
#16078=CARTESIAN_POINT('',(0.0499,0.053023059348981,0.0490258897710837));
#16079=CARTESIAN_POINT('',(0.0498887862034582,0.0530166462198546,0.0490516077132593));
#16080=CARTESIAN_POINT('',(0.049869636424032,0.0530121505082857,0.049069636424032));
#16081=CARTESIAN_POINT('',(0.0498,0.0551216179807885,0.0495216951021496));
#16082=CARTESIAN_POINT('',(0.049869636424032,0.0525105086918034,0.0489445450103293));
#16083=CARTESIAN_POINT('',(0.0498887862034582,0.0525150044033723,0.0489265162995565));
#16084=CARTESIAN_POINT('',(0.0499,0.0525214175324986,0.0489007983573809));
#16085=CARTESIAN_POINT('',(0.0499,0.0525278735095701,0.0488749085862973));
#16086=CARTESIAN_POINT('',(0.0497994226585116,0.0527123270617316,0.0481612017660825));
#16087=CARTESIAN_POINT('',(0.0498630941516727,0.052234972541723,0.0488216730876794));
#16088=CARTESIAN_POINT('',(0.0498860142175984,0.0522457144965023,0.0488064339699425));
#16089=CARTESIAN_POINT('',(0.0498999457688366,0.0522626730979188,0.0487826255763302));
#16090=CARTESIAN_POINT('',(0.049899993117123,0.0522798394488496,0.0487585786354246));
#16091=CARTESIAN_POINT('',(0.0491123359676621,0.0527712076371933,0.0480674530805764));
#16092=CARTESIAN_POINT('',(0.0498247295004816,0.0519770276593624,0.0485967551709789));
#16093=CARTESIAN_POINT('',(0.0498585753995605,0.0519881918849685,0.0485789127290644));
#16094=CARTESIAN_POINT('',(0.0498782602434981,0.0520175717158525,0.0485484368317294));
#16095=CARTESIAN_POINT('',(0.049872167931905,0.0520477626258,0.0485231402194065));
#16096=CARTESIAN_POINT('',(0.0483404415637909,0.0515892363618276,0.0493236684541957));
#16097=CARTESIAN_POINT('',(0.0496071067811866,0.0515790378467564,0.0480514718625762));
#16098=CARTESIAN_POINT('',(0.0496332867199665,0.0515420138222717,0.0480776518013561));
#16099=CARTESIAN_POINT('',(0.0496234201275526,0.0515083271686377,0.0481351585162102));
#16100=CARTESIAN_POINT('',(0.0495863961030679,0.0515083271686377,0.0481721825406949));
#16101=CARTESIAN_POINT('',(0.0498678332580472,0.0520477607664024,0.0484536196956741));
#16102=CARTESIAN_POINT('',(0.049492639940012,0.0515171572875254,0.0480784263776389));
#16103=CARTESIAN_POINT('',(0.049292639940012,0.0518,0.0478784263776389));
#16104=CARTESIAN_POINT('',(0.049292639940012,0.0514,0.0478784263776389));
#16105=CARTESIAN_POINT('',(0.049292639940012,0.0514,0.0478784263776389));
#16106=CARTESIAN_POINT('',(0.0487240482521761,0.0514,0.047309834689803));
#16107=CARTESIAN_POINT('',(0.0487240482521761,0.0518,0.047309834689803));
#16108=CARTESIAN_POINT('',(0.0484412486180166,0.0517930190374251,0.0470270350556435));
#16109=CARTESIAN_POINT('',(0.0484412486180166,0.0517930190374251,0.0470270350556435));
#16110=CARTESIAN_POINT('',(0.0483757467025073,0.0571,0.0469615331401343));
#16111=CARTESIAN_POINT('',(0.0415,0.0571,0.05001));
#16112=CARTESIAN_POINT('',(0.049,0.0571,0.049));
#16113=CARTESIAN_POINT('',(0.0495,0.0571,0.049));
#16114=CARTESIAN_POINT('',(0.049,0.0571,0.0495));
#16115=CARTESIAN_POINT('',(0.0415,0.0571,0.0495));
#16116=CARTESIAN_POINT('',(0.042,0.0571,0.0495));
#16117=CARTESIAN_POINT('',(0.042,0.0571,0.05001));
#16118=CARTESIAN_POINT('',(0.042,0.0571,0.042));
#16119=CARTESIAN_POINT('',(0.0415,0.0571,0.042));
#16120=CARTESIAN_POINT('',(0.0495,0.0571,0.042));
#16121=CARTESIAN_POINT('',(0.0495,0.0571,0.05001));
#16122=CARTESIAN_POINT('',(0.0415,0.0746,0.05001));
#16123=CARTESIAN_POINT('',(0.0461715728752538,0.0746,0.0477272077938642));
#16124=CARTESIAN_POINT('',(0.0453937554159486,0.0746,0.0485050252531694));
#16125=CARTESIAN_POINT('',(0.0451059348446489,0.0746,0.048));
#16126=CARTESIAN_POINT('',(0.0441993650813896,0.0746,0.0473106349186104));
#16127=CARTESIAN_POINT('',(0.0458887301627792,0.0746,0.049));
#16128=CARTESIAN_POINT('',(0.05,0.0746,0.049));
#16129=CARTESIAN_POINT('',(0.0425,0.0746,0.049));
#16130=CARTESIAN_POINT('',(0.0425,0.0746,0.05));
#16131=CARTESIAN_POINT('',(0.0425,0.0746,0.048));
#16132=CARTESIAN_POINT('',(0.0465,0.0746,0.048));
#16133=CARTESIAN_POINT('',(0.0490414213562373,0.0746,0.0472029437251523));
#16134=CARTESIAN_POINT('',(0.0478686291501015,0.0746,0.0460301515190165));
#16135=CARTESIAN_POINT('',(0.0490414213562373,0.0746,0.0472029437251523));
#16136=CARTESIAN_POINT('',(0.0489,0.0746,0.0473443650813896));
#16137=CARTESIAN_POINT('',(0.0491,0.0746,0.0473443650813896));
#16138=CARTESIAN_POINT('',(0.0491,0.0746,0.0488));
#16139=CARTESIAN_POINT('',(0.0491,0.0746,0.0488));
#16140=CARTESIAN_POINT('',(0.0488,0.0746,0.0488));
#16141=CARTESIAN_POINT('',(0.0488,0.0746,0.0491));
#16142=CARTESIAN_POINT('',(0.0473443650813896,0.0746,0.0491));
#16143=CARTESIAN_POINT('',(0.0473443650813896,0.0746,0.0491));
#16144=CARTESIAN_POINT('',(0.0473443650813896,0.0746,0.0489));
#16145=CARTESIAN_POINT('',(0.0472029437251523,0.0746,0.0490414213562373));
#16146=CARTESIAN_POINT('',(0.0460301515190165,0.0746,0.0478686291501015));
#16147=CARTESIAN_POINT('',(0.0460301515190165,0.0746,0.0478686291501015));
#16148=CARTESIAN_POINT('',(0.0461715728752538,0.0746,0.0477272077938642));
#16149=CARTESIAN_POINT('',(0.0460301515190165,0.0746,0.0475857864376269));
#16150=CARTESIAN_POINT('',(0.0468029689783217,0.0746,0.0468129689783217));
#16151=CARTESIAN_POINT('',(0.0475857864376269,0.0746,0.0460301515190165));
#16152=CARTESIAN_POINT('',(0.0477272077938642,0.0746,0.0461715728752538));
#16153=CARTESIAN_POINT('',(0.0465,0.0746,0.047));
#16154=CARTESIAN_POINT('',(0.042,0.0746,0.047));
#16155=CARTESIAN_POINT('',(0.0465,0.0746,0.047));
#16156=CARTESIAN_POINT('',(0.042,0.0746,0.0495));
#16157=CARTESIAN_POINT('',(0.042,0.0746,0.0495));
#16158=CARTESIAN_POINT('',(0.05,0.0746,0.0495));
#16159=CARTESIAN_POINT('',(0.049,0.0746,0.0495));
#16160=CARTESIAN_POINT('',(0.049,0.0746,0.049));
#16161=CARTESIAN_POINT('',(0.0495,0.0746,0.049));
#16162=CARTESIAN_POINT('',(0.0495,0.0746,0.05001));
#16163=CARTESIAN_POINT('',(0.0495,0.0746,0.042));
#16164=CARTESIAN_POINT('',(0.0465,0.0746,0.042));
#16165=CARTESIAN_POINT('',(0.0465,0.0746,0.042));
#16166=CARTESIAN_POINT('',(0.0465,0.0746,-0.047));
#16167=CARTESIAN_POINT('',(0.0477272077938642,0.0746,0.0461715728752538));
#16168=CARTESIAN_POINT('',(0.0475,0.0746,0.0450952938136683));
#16169=CARTESIAN_POINT('',(0.0485050252531694,0.0746,0.0453937554159486));
#16170=CARTESIAN_POINT('',(0.0475,0.0746,-0.047));
#16171=CARTESIAN_POINT('',(0.0475,0.0746,0.0425));
#16172=CARTESIAN_POINT('',(0.05,0.0746,0.0425));
#16173=CARTESIAN_POINT('',(0.049,0.0746,0.0425));
#16174=CARTESIAN_POINT('',(0.049,0.0746,0.05));
#16175=CARTESIAN_POINT('',(0.049,0.0746,0.0458887301627792));
#16176=CARTESIAN_POINT('',(0.0484343145750508,0.0746,0.04532304473783));
#16177=CARTESIAN_POINT('',(0.,0.0725,0.));
#16178=CARTESIAN_POINT('',(0.0461715728752538,0.0725,0.0477272077938642));
#16179=CARTESIAN_POINT('',(0.0453462433504317,0.0725,0.047));
#16180=CARTESIAN_POINT('',(0.0453937554159486,0.0725,0.046949390334559));
#16181=CARTESIAN_POINT('',(0.0465,0.0725,0.047));
#16182=CARTESIAN_POINT('',(0.0465,0.0725,0.047));
#16183=CARTESIAN_POINT('',(0.0465,0.0725,-0.047));
#16184=CARTESIAN_POINT('',(0.0465,0.0725,0.0458431457505076));
#16185=CARTESIAN_POINT('',(0.0461715728752538,0.0725,0.0461715728752538));
#16186=CARTESIAN_POINT('',(0.05,0.1135,0.0415));
#16187=CARTESIAN_POINT('',(0.048,0.1135,0.0415));
#16188=CARTESIAN_POINT('',(0.048,0.07142,0.0415));
#16189=CARTESIAN_POINT('',(0.048,0.05942,0.0415));
#16190=CARTESIAN_POINT('',(0.05,0.05942,0.0415));
#16191=CARTESIAN_POINT('',(0.05,0.0576,0.0415));
#16192=CARTESIAN_POINT('',(0.042,0.0576,0.0415));
#16193=CARTESIAN_POINT('',(0.042,0.1135,0.0415));
#16194=CARTESIAN_POINT('',(0.042,0.0725,0.0415));
#16195=CARTESIAN_POINT('',(0.05,0.0725,0.0415));
#16196=CARTESIAN_POINT('',(0.0465,0.0725,0.0415));
#16197=CARTESIAN_POINT('',(0.0465,0.1135,0.0415));
#16198=CARTESIAN_POINT('',(0.0465,0.0741,0.0415));
#16199=CARTESIAN_POINT('',(0.0495,0.0741,0.0415));
#16200=CARTESIAN_POINT('',(0.0495,0.0741,0.0415));
#16201=CARTESIAN_POINT('',(0.0495,0.1135,0.0415));
#16202=CARTESIAN_POINT('',(0.0495,0.07142,0.0415));
#16203=CARTESIAN_POINT('',(0.05,0.07142,0.0415));
#16204=CARTESIAN_POINT('',(0.0415,0.1135,0.05));
#16205=CARTESIAN_POINT('',(0.0415,0.1135,0.048));
#16206=CARTESIAN_POINT('',(0.0415,0.05942,0.048));
#16207=CARTESIAN_POINT('',(0.0415,0.07142,0.048));
#16208=CARTESIAN_POINT('',(0.0415,0.07142,0.05));
#16209=CARTESIAN_POINT('',(0.0415,0.0741,0.047));
#16210=CARTESIAN_POINT('',(0.0415,0.0741,0.047));
#16211=CARTESIAN_POINT('',(0.0415,0.1135,0.047));
#16212=CARTESIAN_POINT('',(0.0415,0.0725,0.047));
#16213=CARTESIAN_POINT('',(0.0415,0.0725,0.05));
#16214=CARTESIAN_POINT('',(0.0415,0.0725,0.042));
#16215=CARTESIAN_POINT('',(0.0415,0.1135,0.042));
#16216=CARTESIAN_POINT('',(0.0415,0.0576,0.042));
#16217=CARTESIAN_POINT('',(0.0415,0.0576,0.05));
#16218=CARTESIAN_POINT('',(0.0415,0.0576,0.0495));
#16219=CARTESIAN_POINT('',(0.0415,0.1135,0.0495));
#16220=CARTESIAN_POINT('',(0.0415,0.05942,0.0495));
#16221=CARTESIAN_POINT('',(0.0415,0.05942,0.05));
#16222=CARTESIAN_POINT('',(0.049,0.1135,0.049));
#16223=CARTESIAN_POINT('',(0.05,0.1135,0.049));
#16224=CARTESIAN_POINT('',(0.05,0.0741,0.049));
#16225=CARTESIAN_POINT('',(0.05,0.0717,0.049));
#16226=CARTESIAN_POINT('',(0.049,0.0741,0.049));
#16227=CARTESIAN_POINT('',(0.049,0.0741,0.05));
#16228=CARTESIAN_POINT('',(0.049,0.1135,0.05));
#16229=CARTESIAN_POINT('',(0.049,0.0717,0.05));
#16230=CARTESIAN_POINT('',(0.049,0.0717,0.049));
#16231=CARTESIAN_POINT('',(0.049,0.1135,0.049));
#16232=CARTESIAN_POINT('',(0.049,0.1135,0.05));
#16233=CARTESIAN_POINT('',(0.049,0.0576,0.05));
#16234=CARTESIAN_POINT('',(0.049,0.0685,0.05));
#16235=CARTESIAN_POINT('',(0.049,0.0576,0.049));
#16236=CARTESIAN_POINT('',(0.05,0.0576,0.049));
#16237=CARTESIAN_POINT('',(0.05,0.1135,0.049));
#16238=CARTESIAN_POINT('',(0.05,0.0685,0.049));
#16239=CARTESIAN_POINT('',(0.049,0.0685,0.049));
#16240=CARTESIAN_POINT('',(0.05,0.1135,0.05));
#16241=CARTESIAN_POINT('',(0.05,0.0576,0.05));
#16242=CARTESIAN_POINT('',(0.05,0.05942,0.027));
#16243=CARTESIAN_POINT('',(0.05,0.05942,0.027));
#16244=CARTESIAN_POINT('',(0.05,0.04292,0.0156973454445428));
#16245=CARTESIAN_POINT('',(0.05,0.06292,0.0156973454445428));
#16246=CARTESIAN_POINT('',(0.05,0.06292,-0.0156973454445425));
#16247=CARTESIAN_POINT('',(0.05,0.06292,-0.0156973454445425));
#16248=CARTESIAN_POINT('',(0.05,0.04292,-0.0156973454445425));
#16249=CARTESIAN_POINT('',(0.05,0.05942,-0.027));
#16250=CARTESIAN_POINT('',(0.05,0.05942,-0.027));
#16251=CARTESIAN_POINT('',(0.05,0.05942,-0.042));
#16252=CARTESIAN_POINT('',(0.05,0.1135,-0.042));
#16253=CARTESIAN_POINT('',(0.05,0.0576,-0.042));
#16254=CARTESIAN_POINT('',(0.05,0.0576,-0.05));
#16255=CARTESIAN_POINT('',(0.05,0.0576,-0.049));
#16256=CARTESIAN_POINT('',(0.05,0.1135,-0.049));
#16257=CARTESIAN_POINT('',(0.05,0.0685,-0.049));
#16258=CARTESIAN_POINT('',(0.05,0.0685,-0.05));
#16259=CARTESIAN_POINT('',(0.05,0.0685,-0.0483443650813896));
#16260=CARTESIAN_POINT('',(0.05,0.0687,-0.0483443650813896));
#16261=CARTESIAN_POINT('',(0.05,0.0687,-0.048061522368915));
#16262=CARTESIAN_POINT('',(0.05,0.0687,-0.048061522368915));
#16263=CARTESIAN_POINT('',(0.05,0.0715,-0.048061522368915));
#16264=CARTESIAN_POINT('',(0.05,0.0715,-0.0483443650813896));
#16265=CARTESIAN_POINT('',(0.05,0.0717,-0.0483443650813896));
#16266=CARTESIAN_POINT('',(0.05,0.0717,-0.0484443650813896));
#16267=CARTESIAN_POINT('',(0.05,0.0717,-0.049));
#16268=CARTESIAN_POINT('',(0.05,0.1135,-0.049));
#16269=CARTESIAN_POINT('',(0.05,0.0741,-0.049));
#16270=CARTESIAN_POINT('',(0.05,0.0741,-0.05));
#16271=CARTESIAN_POINT('',(0.05,0.0741,-0.042));
#16272=CARTESIAN_POINT('',(0.05,0.1135,-0.042));
#16273=CARTESIAN_POINT('',(0.05,0.07142,-0.042));
#16274=CARTESIAN_POINT('',(0.05,0.07142,-0.027));
#16275=CARTESIAN_POINT('',(0.05,0.07142,-0.027));
#16276=CARTESIAN_POINT('',(0.05,0.08792,-0.0156973454445425));
#16277=CARTESIAN_POINT('',(0.05,0.06792,-0.0156973454445425));
#16278=CARTESIAN_POINT('',(0.05,0.06792,-0.0156973454445425));
#16279=CARTESIAN_POINT('',(0.05,0.06792,0.0156973454445428));
#16280=CARTESIAN_POINT('',(0.05,0.08792,0.0156973454445428));
#16281=CARTESIAN_POINT('',(0.05,0.07142,0.027));
#16282=CARTESIAN_POINT('',(0.05,0.07142,0.027));
#16283=CARTESIAN_POINT('',(0.05,0.07142,0.042));
#16284=CARTESIAN_POINT('',(0.05,0.1135,0.042));
#16285=CARTESIAN_POINT('',(0.05,0.0741,0.042));
#16286=CARTESIAN_POINT('',(0.05,0.0741,0.05));
#16287=CARTESIAN_POINT('',(0.05,0.0717,0.0484443650813896));
#16288=CARTESIAN_POINT('',(0.05,0.0717,0.0483443650813896));
#16289=CARTESIAN_POINT('',(0.05,0.0715,0.0483443650813896));
#16290=CARTESIAN_POINT('',(0.05,0.0715,0.048061522368915));
#16291=CARTESIAN_POINT('',(0.05,0.0687,0.048061522368915));
#16292=CARTESIAN_POINT('',(0.05,0.0687,0.048061522368915));
#16293=CARTESIAN_POINT('',(0.05,0.0687,0.0483443650813896));
#16294=CARTESIAN_POINT('',(0.05,0.0685,0.0483443650813896));
#16295=CARTESIAN_POINT('',(0.05,0.0685,0.05));
#16296=CARTESIAN_POINT('',(0.05,0.1135,0.05));
#16297=CARTESIAN_POINT('',(0.027,0.07142,0.05));
#16298=CARTESIAN_POINT('',(0.027,0.07142,0.05));
#16299=CARTESIAN_POINT('',(0.0156973454445427,0.08792,0.05));
#16300=CARTESIAN_POINT('',(0.0156973454445427,0.06792,0.05));
#16301=CARTESIAN_POINT('',(0.0156973454445427,0.06792,0.05));
#16302=CARTESIAN_POINT('',(-0.0156973454445427,0.06792,0.05));
#16303=CARTESIAN_POINT('',(-0.0156973454445427,0.08792,0.05));
#16304=CARTESIAN_POINT('',(-0.027,0.07142,0.05));
#16305=CARTESIAN_POINT('',(-0.027,0.07142,0.05));
#16306=CARTESIAN_POINT('',(-0.042,0.07142,0.05));
#16307=CARTESIAN_POINT('',(-0.042,0.1135,0.05));
#16308=CARTESIAN_POINT('',(-0.042,0.0741,0.05));
#16309=CARTESIAN_POINT('',(-0.05,0.0741,0.05));
#16310=CARTESIAN_POINT('',(-0.049,0.0741,0.05));
#16311=CARTESIAN_POINT('',(-0.049,0.1135,0.05));
#16312=CARTESIAN_POINT('',(-0.049,0.0717,0.05));
#16313=CARTESIAN_POINT('',(-0.049,0.0717,0.05));
#16314=CARTESIAN_POINT('',(-0.0483443650813896,0.0717,0.05));
#16315=CARTESIAN_POINT('',(-0.0483443650813896,0.0715,0.05));
#16316=CARTESIAN_POINT('',(-0.048061522368915,0.0715,0.05));
#16317=CARTESIAN_POINT('',(-0.048061522368915,0.0715,0.05));
#16318=CARTESIAN_POINT('',(-0.048061522368915,0.0687,0.05));
#16319=CARTESIAN_POINT('',(-0.0483443650813896,0.0687,0.05));
#16320=CARTESIAN_POINT('',(-0.0483443650813896,0.0685,0.05));
#16321=CARTESIAN_POINT('',(-0.05,0.0685,0.05));
#16322=CARTESIAN_POINT('',(-0.049,0.0685,0.05));
#16323=CARTESIAN_POINT('',(-0.049,0.1135,0.05));
#16324=CARTESIAN_POINT('',(-0.049,0.0576,0.05));
#16325=CARTESIAN_POINT('',(-0.05,0.0576,0.05));
#16326=CARTESIAN_POINT('',(-0.042,0.0576,0.05));
#16327=CARTESIAN_POINT('',(-0.042,0.1135,0.05));
#16328=CARTESIAN_POINT('',(-0.042,0.05942,0.05));
#16329=CARTESIAN_POINT('',(-0.027,0.05942,0.05));
#16330=CARTESIAN_POINT('',(-0.027,0.05942,0.05));
#16331=CARTESIAN_POINT('',(-0.0156973454445427,0.04292,0.05));
#16332=CARTESIAN_POINT('',(-0.0156973454445427,0.06292,0.05));
#16333=CARTESIAN_POINT('',(0.0156973454445427,0.06292,0.05));
#16334=CARTESIAN_POINT('',(0.0156973454445427,0.06292,0.05));
#16335=CARTESIAN_POINT('',(0.0156973454445427,0.04292,0.05));
#16336=CARTESIAN_POINT('',(0.027,0.05942,0.05));
#16337=CARTESIAN_POINT('',(0.027,0.05942,0.05));
#16338=CARTESIAN_POINT('',(0.042,0.05942,0.05));
#16339=CARTESIAN_POINT('',(0.042,0.1135,0.05));
#16340=CARTESIAN_POINT('',(0.042,0.0576,0.05));
#16341=CARTESIAN_POINT('',(0.05,0.0576,0.05));
#16342=CARTESIAN_POINT('',(0.05,0.0685,0.05));
#16343=CARTESIAN_POINT('',(0.0483443650813896,0.0685,0.05));
#16344=CARTESIAN_POINT('',(0.0483443650813896,0.0687,0.05));
#16345=CARTESIAN_POINT('',(0.048061522368915,0.0687,0.05));
#16346=CARTESIAN_POINT('',(0.048061522368915,0.0715,0.05));
#16347=CARTESIAN_POINT('',(0.048061522368915,0.0715,0.05));
#16348=CARTESIAN_POINT('',(0.0483443650813896,0.0715,0.05));
#16349=CARTESIAN_POINT('',(0.0483443650813896,0.0717,0.05));
#16350=CARTESIAN_POINT('',(0.049,0.0717,0.05));
#16351=CARTESIAN_POINT('',(0.05,0.0741,0.05));
#16352=CARTESIAN_POINT('',(0.,0.0725,0.));
#16353=CARTESIAN_POINT('',(0.042,0.0725,0.042));
#16354=CARTESIAN_POINT('',(0.0465,0.0725,0.047));
#16355=CARTESIAN_POINT('',(0.0425,0.0725,0.047));
#16356=CARTESIAN_POINT('',(0.0425,0.0725,0.05));
#16357=CARTESIAN_POINT('',(0.0425,0.0725,0.0425));
#16358=CARTESIAN_POINT('',(0.05,0.0725,0.0425));
#16359=CARTESIAN_POINT('',(0.0465,0.0725,0.0425));
#16360=CARTESIAN_POINT('',(0.0465,0.0725,-0.047));
#16361=CARTESIAN_POINT('',(0.0465,0.0746,-0.047));
#16362=CARTESIAN_POINT('',(0.0465,0.0741,0.042));
#16363=CARTESIAN_POINT('',(0.0465,0.0725,-0.047));
#16364=CARTESIAN_POINT('',(0.0465,0.0746,0.047));
#16365=CARTESIAN_POINT('',(0.0465,0.0746,0.047));
#16366=CARTESIAN_POINT('',(0.042,0.0741,0.047));
#16367=CARTESIAN_POINT('',(0.0465,0.0725,0.047));
#16368=CARTESIAN_POINT('',(0.0483443650813896,0.0686,0.0499));
#16369=CARTESIAN_POINT('',(0.0483443650813896,0.0686,0.05));
#16370=CARTESIAN_POINT('',(0.0483443650813896,0.0685,0.05));
#16371=CARTESIAN_POINT('',(0.0482888288132634,0.0686,0.0498814879106245));
#16372=CARTESIAN_POINT('',(0.0482831638039195,0.0686204006405822,0.049999999999999));
#16373=CARTESIAN_POINT('',(0.0482703167238882,0.0685000000005791,0.05));
#16374=CARTESIAN_POINT('',(0.0481781992320523,0.0686216687222347,0.0498446113831687));
#16375=CARTESIAN_POINT('',(0.0481958722419426,0.0687378259228434,0.0500000000000008));
#16376=CARTESIAN_POINT('',(0.0481228106152207,0.0685433374441798,0.05));
#16377=CARTESIAN_POINT('',(0.0481322330481904,0.0686738198430561,0.0498292893230382));
#16378=CARTESIAN_POINT('',(0.0483029436551309,0.0687370286081238,0.0499999999999997));
#16379=CARTESIAN_POINT('',(0.0480615223712288,0.0686476396861121,0.05));
#16380=CARTESIAN_POINT('',(0.0481322330470336,0.0687,0.0498292893218813));
#16381=CARTESIAN_POINT('',(0.0483029437251523,0.0687,0.05));
#16382=CARTESIAN_POINT('',(0.048061522368915,0.0687,0.05));
#16383=CARTESIAN_POINT('',(0.0483443650813896,0.0685,0.0499));
#16384=CARTESIAN_POINT('',(0.0483443650813896,0.0686,0.0499));
#16385=CARTESIAN_POINT('',(0.0483443650813896,0.0687,0.0499));
#16386=CARTESIAN_POINT('',(0.0481322330470337,0.0687,0.0498292893218814));
#16387=CARTESIAN_POINT('',(0.048061522368915,0.0687,0.0499));
#16388=CARTESIAN_POINT('',(0.05,0.0685,0.0499));
#16389=CARTESIAN_POINT('',(0.049,0.0685,0.0499));
#16390=CARTESIAN_POINT('',(0.049,0.0686,0.0499));
#16391=CARTESIAN_POINT('',(0.0488,0.0686,0.0499));
#16392=CARTESIAN_POINT('',(0.049,0.0685,0.049));
#16393=CARTESIAN_POINT('',(0.0499,0.0685,0.049));
#16394=CARTESIAN_POINT('',(0.0499,0.0686,0.049));
#16395=CARTESIAN_POINT('',(0.049,0.0686,0.049));
#16396=CARTESIAN_POINT('',(0.0499,0.0685,0.05));
#16397=CARTESIAN_POINT('',(0.0499,0.0685,0.0483443650813896));
#16398=CARTESIAN_POINT('',(0.0499,0.0686,0.0483443650813896));
#16399=CARTESIAN_POINT('',(0.0499,0.0686,0.0488));
#16400=CARTESIAN_POINT('',(0.0498292893218813,0.0687,0.0481322330470336));
#16401=CARTESIAN_POINT('',(0.05,0.0687,0.0483029437251523));
#16402=CARTESIAN_POINT('',(0.05,0.0687,0.048061522368915));
#16403=CARTESIAN_POINT('',(0.0498292893230382,0.0686738198430561,0.0481322330481904));
#16404=CARTESIAN_POINT('',(0.0499999999999997,0.0687370286081238,0.0483029436551309));
#16405=CARTESIAN_POINT('',(0.05,0.0686476396861121,0.0480615223712288));
#16406=CARTESIAN_POINT('',(0.0498446113831687,0.0686216687222347,0.0481781992320523));
#16407=CARTESIAN_POINT('',(0.0500000000000008,0.0687378259228434,0.0481958722419427));
#16408=CARTESIAN_POINT('',(0.05,0.0685433374441798,0.0481228106152207));
#16409=CARTESIAN_POINT('',(0.0498814879106245,0.0686,0.0482888288132634));
#16410=CARTESIAN_POINT('',(0.049999999999999,0.0686204006405823,0.0482831638039195));
#16411=CARTESIAN_POINT('',(0.05,0.0685000000005791,0.0482703167238882));
#16412=CARTESIAN_POINT('',(0.0499,0.0686,0.0483443650813896));
#16413=CARTESIAN_POINT('',(0.05,0.0686,0.0483443650813896));
#16414=CARTESIAN_POINT('',(0.05,0.0685,0.0483443650813896));
#16415=CARTESIAN_POINT('',(0.0499,0.0687,0.048061522368915));
#16416=CARTESIAN_POINT('',(0.0498292893218814,0.0687,0.0481322330470337));
#16417=CARTESIAN_POINT('',(0.0499,0.0687,0.0483443650813896));
#16418=CARTESIAN_POINT('',(0.0472855642155867,0.0715903841265889,0.0490866233234482));
#16419=CARTESIAN_POINT('',(0.047273654403271,0.0715,0.0489707106781187));
#16420=CARTESIAN_POINT('',(0.0473225008366736,0.0715345396442957,0.0490195571115213));
#16421=CARTESIAN_POINT('',(0.0473676347314935,0.0715581098703353,0.049041089883368));
#16422=CARTESIAN_POINT('',(0.0473943650813896,0.0715707106781186,0.04905));
#16423=CARTESIAN_POINT('',(0.047273654403271,0.0715,0.0489707106781187));
#16424=CARTESIAN_POINT('',(0.0473943650813896,0.0715707106781187,0.04905));
#16425=CARTESIAN_POINT('',(0.0473443650813896,0.0716414213562373,0.049));
#16426=CARTESIAN_POINT('',(0.0473265448481255,0.0716162197406706,0.049));
#16427=CARTESIAN_POINT('',(0.0472980776199722,0.0715690792885915,0.0489951338948199));
#16428=CARTESIAN_POINT('',(0.0472736544032709,0.0715,0.0489707106781187));
#16429=CARTESIAN_POINT('',(0.0473443650813896,0.0716414213562373,0.049));
#16430=CARTESIAN_POINT('',(0.0473443664039639,0.071641420269978,0.0489999319602838));
#16431=CARTESIAN_POINT('',(0.04736464897551,0.0716127265590033,0.049000784315652));
#16432=CARTESIAN_POINT('',(0.0473838245849149,0.0715856081521162,0.0490199599250569));
#16433=CARTESIAN_POINT('',(0.0473943989944335,0.0715706635019752,0.0490499645507535));
#16434=CARTESIAN_POINT('',(0.0488,0.0686,0.049));
#16435=CARTESIAN_POINT('',(0.0473443650813896,0.0746,0.049));
#16436=CARTESIAN_POINT('',(0.0473443650813896,0.0745,0.049));
#16437=CARTESIAN_POINT('',(0.0488,0.0745,0.049));
#16438=CARTESIAN_POINT('',(0.0488,0.0745,0.049));
#16439=CARTESIAN_POINT('',(0.0488,0.0686,0.049));
#16440=CARTESIAN_POINT('',(0.0488,0.0717,0.049));
#16441=CARTESIAN_POINT('',(0.0488,0.0717,0.049));
#16442=CARTESIAN_POINT('',(0.0475443650813896,0.0717,0.049));
#16443=CARTESIAN_POINT('',(0.0475443650813896,0.0717,0.049));
#16444=CARTESIAN_POINT('',(0.0474697335026232,0.0717,0.049));
#16445=CARTESIAN_POINT('',(0.0473976766511777,0.0716791183287502,0.049));
#16446=CARTESIAN_POINT('',(0.0473443650813896,0.0716414213562373,0.049));
#16447=CARTESIAN_POINT('',(0.0488,0.0686,0.0488));
#16448=CARTESIAN_POINT('',(0.0488,0.0745,0.0488));
#16449=CARTESIAN_POINT('',(0.049,0.0745,0.0488));
#16450=CARTESIAN_POINT('',(0.049,0.0686,0.0488));
#16451=CARTESIAN_POINT('',(0.049,0.0717,0.0488));
#16452=CARTESIAN_POINT('',(0.0488,0.0717,0.0488));
#16453=CARTESIAN_POINT('',(0.0491,0.0745,0.05001));
#16454=CARTESIAN_POINT('',(0.0491,0.0745,0.0473443650813896));
#16455=CARTESIAN_POINT('',(0.049,0.0745,0.0473443650813896));
#16456=CARTESIAN_POINT('',(0.049,0.0745,0.0473443650813896));
#16457=CARTESIAN_POINT('',(0.0491,0.0745,0.0488));
#16458=CARTESIAN_POINT('',(0.0489,0.0745,0.0473443650813896));
#16459=CARTESIAN_POINT('',(0.0490414213562373,0.0745,0.0472029437251523));
#16460=CARTESIAN_POINT('',(0.0489707106781187,0.0745,0.047273654403271));
#16461=CARTESIAN_POINT('',(0.0489,0.0745,0.0473443650813896));
#16462=CARTESIAN_POINT('',(0.0509242388155425,0.0745,0.0490857611844575));
#16463=CARTESIAN_POINT('',(0.0478686291501015,0.0745,0.0460301515190165));
#16464=CARTESIAN_POINT('',(0.0477979184719829,0.0745,0.0461008621971352));
#16465=CARTESIAN_POINT('',(0.0477979184719829,0.0745,0.0461008621971352));
#16466=CARTESIAN_POINT('',(0.0477272077938642,0.0745,0.0461715728752538));
#16467=CARTESIAN_POINT('',(0.0475857864376269,0.0745,0.0460301515190165));
#16468=CARTESIAN_POINT('',(0.0476564971157456,0.0745,0.0461008621971352));
#16469=CARTESIAN_POINT('',(0.0477272077938642,0.0745,0.0461715728752538));
#16470=CARTESIAN_POINT('',(0.0477272077938642,0.0686,0.0460301515190165));
#16471=CARTESIAN_POINT('',(0.0476564971157456,0.0686,0.0461008621971352));
#16472=CARTESIAN_POINT('',(0.0476564971157456,0.0687,0.0461008621971352));
#16473=CARTESIAN_POINT('',(0.0477272077938642,0.0745,0.0460301515190165));
#16474=CARTESIAN_POINT('',(0.0461008621971352,0.0745,0.0476564971157456));
#16475=CARTESIAN_POINT('',(0.0461008621971352,0.0686,0.0476564971157456));
#16476=CARTESIAN_POINT('',(0.0461008621971352,0.0687,0.0476564971157456));
#16477=CARTESIAN_POINT('',(0.0477272077938642,0.0687,0.0460301515190165));
#16478=CARTESIAN_POINT('',(0.0461715728752538,0.0745,0.0477272077938642));
#16479=CARTESIAN_POINT('',(0.0460301515190165,0.0745,0.0475857864376269));
#16480=CARTESIAN_POINT('',(0.0460301515190165,0.0745,0.0478686291501015));
#16481=CARTESIAN_POINT('',(0.0461008621971352,0.0745,0.0477979184719829));
#16482=CARTESIAN_POINT('',(0.0461715728752538,0.0745,0.0477272077938642));
#16483=CARTESIAN_POINT('',(0.0476564971157456,0.0745,0.0459594408408979));
#16484=CARTESIAN_POINT('',(0.0477272077938642,0.0686,0.0461715728752538));
#16485=CARTESIAN_POINT('',(0.0477979184719829,0.0686,0.0461008621971352));
#16486=CARTESIAN_POINT('',(0.0477979184719829,0.0687,0.0461008621971352));
#16487=CARTESIAN_POINT('',(0.0477272077938642,0.0687,0.0461715728752538));
#16488=CARTESIAN_POINT('',(0.0477272077938642,0.0687,0.0461715728752538));
#16489=CARTESIAN_POINT('',(0.0477272077938642,0.0687,0.0461715728752538));
#16490=CARTESIAN_POINT('',(0.0477272077938642,0.0686,0.0461715728752538));
#16491=CARTESIAN_POINT('',(0.0477272077938642,0.0687,0.0461715728752538));
#16492=CARTESIAN_POINT('',(0.0476564971157456,0.0687,0.0461008621971352));
#16493=CARTESIAN_POINT('',(0.0495778174593052,0.0686,0.0480221825406948));
#16494=CARTESIAN_POINT('',(0.0477272077938642,0.0687,0.0460301515190165));
#16495=CARTESIAN_POINT('',(0.0499,0.0686,0.048061522368915));
#16496=CARTESIAN_POINT('',(0.0499,0.0715,0.048061522368915));
#16497=CARTESIAN_POINT('',(0.0498292893218814,0.0715,0.0481322330470337));
#16498=CARTESIAN_POINT('',(0.0498292893218814,0.0715,0.0481322330470337));
#16499=CARTESIAN_POINT('',(0.0499,0.0716,0.0483443650813896));
#16500=CARTESIAN_POINT('',(0.05,0.0716,0.0483443650813896));
#16501=CARTESIAN_POINT('',(0.05,0.0717,0.0483443650813896));
#16502=CARTESIAN_POINT('',(0.0498814879106245,0.0716,0.0482888288132634));
#16503=CARTESIAN_POINT('',(0.049999999999999,0.0715795993594172,0.0482831638039195));
#16504=CARTESIAN_POINT('',(0.05,0.0716999999994209,0.0482703167238882));
#16505=CARTESIAN_POINT('',(0.0498446113831687,0.0715783312777653,0.0481781992320523));
#16506=CARTESIAN_POINT('',(0.0500000000000008,0.071462174077157,0.0481958722419427));
#16507=CARTESIAN_POINT('',(0.05,0.0716566625558202,0.0481228106152207));
#16508=CARTESIAN_POINT('',(0.0498292893230382,0.0715261801569439,0.0481322330481904));
#16509=CARTESIAN_POINT('',(0.0499999999999997,0.0714629713918758,0.0483029436551309));
#16510=CARTESIAN_POINT('',(0.05,0.0715523603138879,0.0480615223712288));
#16511=CARTESIAN_POINT('',(0.0498292893218813,0.0715,0.0481322330470336));
#16512=CARTESIAN_POINT('',(0.05,0.0715,0.0483029437251523));
#16513=CARTESIAN_POINT('',(0.05,0.0715,0.048061522368915));
#16514=CARTESIAN_POINT('',(0.0499,0.0717,0.0483443650813896));
#16515=CARTESIAN_POINT('',(0.0499,0.0716,0.0483443650813896));
#16516=CARTESIAN_POINT('',(0.0499,0.0715,0.0483443650813896));
#16517=CARTESIAN_POINT('',(0.0499,0.0717,-9.00340792280726E-18));
#16518=CARTESIAN_POINT('',(0.0499,0.0717,0.049));
#16519=CARTESIAN_POINT('',(0.0499,0.0716,0.049));
#16520=CARTESIAN_POINT('',(0.0499,0.0716,0.049));
#16521=CARTESIAN_POINT('',(0.049,0.0717,0.049));
#16522=CARTESIAN_POINT('',(0.049,0.0717,0.0499));
#16523=CARTESIAN_POINT('',(0.049,0.0716,0.0499));
#16524=CARTESIAN_POINT('',(0.049,0.0716,0.049));
#16525=CARTESIAN_POINT('',(-1.14524293006569E-17,0.0717,0.0499));
#16526=CARTESIAN_POINT('',(0.0483443650813896,0.0717,0.0499));
#16527=CARTESIAN_POINT('',(0.0483443650813896,0.0716,0.0499));
#16528=CARTESIAN_POINT('',(0.0484443650813896,0.0716,0.0499));
#16529=CARTESIAN_POINT('',(0.0481322330470336,0.0715,0.0498292893218813));
#16530=CARTESIAN_POINT('',(0.0483029437251523,0.0715,0.05));
#16531=CARTESIAN_POINT('',(0.048061522368915,0.0715,0.05));
#16532=CARTESIAN_POINT('',(0.0481322330481904,0.0715261801569439,0.0498292893230382));
#16533=CARTESIAN_POINT('',(0.0483029436551309,0.0714629713918758,0.0499999999999997));
#16534=CARTESIAN_POINT('',(0.0480615223712288,0.0715523603138879,0.05));
#16535=CARTESIAN_POINT('',(0.0481781992320523,0.0715783312777653,0.0498446113831687));
#16536=CARTESIAN_POINT('',(0.0481958722419427,0.0714621740771571,0.0500000000000008));
#16537=CARTESIAN_POINT('',(0.0481228106152207,0.0716566625558202,0.05));
#16538=CARTESIAN_POINT('',(0.0482888288132634,0.0716,0.0498814879106245));
#16539=CARTESIAN_POINT('',(0.0482831638039195,0.0715795993594172,0.049999999999999));
#16540=CARTESIAN_POINT('',(0.0482703167238882,0.0716999999994209,0.05));
#16541=CARTESIAN_POINT('',(0.0483443650813896,0.0716,0.0499));
#16542=CARTESIAN_POINT('',(0.0483443650813896,0.0716,0.05));
#16543=CARTESIAN_POINT('',(0.0483443650813896,0.0717,0.05));
#16544=CARTESIAN_POINT('',(0.048061522368915,0.0715,0.0499));
#16545=CARTESIAN_POINT('',(0.0481322330470337,0.0715,0.0498292893218814));
#16546=CARTESIAN_POINT('',(0.0483443650813896,0.0715,0.0499));
#16547=CARTESIAN_POINT('',(0.048061522368915,0.0686,0.0499));
#16548=CARTESIAN_POINT('',(0.0481322330470337,0.0687,0.0498292893218814));
#16549=CARTESIAN_POINT('',(0.047373654403271,0.0687,0.0489292893218814));
#16550=CARTESIAN_POINT('',(0.0473029437251523,0.0687,0.049));
#16551=CARTESIAN_POINT('',(0.0461008621971352,0.0687,0.0477979184719829));
#16552=CARTESIAN_POINT('',(0.0480221825406948,0.0686,0.0495778174593052));
#16553=CARTESIAN_POINT('',(0.0461715728752538,0.0686,0.0477272077938642));
#16554=CARTESIAN_POINT('',(0.0461715728752538,0.0687,0.0477272077938642));
#16555=CARTESIAN_POINT('',(0.0461715728752538,0.0687,0.0477272077938642));
#16556=CARTESIAN_POINT('',(0.0461715728752538,0.0687,0.0477272077938642));
#16557=CARTESIAN_POINT('',(0.0461715728752538,0.0687,0.0477272077938642));
#16558=CARTESIAN_POINT('',(0.0488,0.0686,0.0488));
#16559=CARTESIAN_POINT('',(0.0461008621971352,0.0686,0.0477979184719829));
#16560=CARTESIAN_POINT('',(0.046949390334559,0.0687,0.046949390334559));
#16561=CARTESIAN_POINT('',(0.0461715728752538,0.0686,0.0477272077938642));
#16562=CARTESIAN_POINT('',(0.0461008621971352,0.0686,0.0477979184719829));
#16563=CARTESIAN_POINT('',(0.0490857611844575,0.0745,0.0509242388155425));
#16564=CARTESIAN_POINT('',(0.0472029437251523,0.0745,0.0490414213562373));
#16565=CARTESIAN_POINT('',(0.047273654403271,0.0745,0.0489707106781187));
#16566=CARTESIAN_POINT('',(0.047273654403271,0.0745,0.0489707106781187));
#16567=CARTESIAN_POINT('',(0.0473443650813896,0.0745,0.0489));
#16568=CARTESIAN_POINT('',(0.0473443650813896,0.0745,0.0491));
#16569=CARTESIAN_POINT('',(0.0473443650813896,0.0745,0.0489));
#16570=CARTESIAN_POINT('',(0.05,0.0745,0.0491));
#16571=CARTESIAN_POINT('',(0.0488,0.0745,0.0491));
#16572=CARTESIAN_POINT('',(0.0488,0.0745,0.0488));
#16573=CARTESIAN_POINT('',(0.049,0.0686,0.0473029437251523));
#16574=CARTESIAN_POINT('',(0.049,0.0716,0.0473443650813896));
#16575=CARTESIAN_POINT('',(0.049,0.0716414213562373,0.0473443650813896));
#16576=CARTESIAN_POINT('',(0.049,0.0716414213562373,0.0473443650813896));
#16577=CARTESIAN_POINT('',(0.049,0.0716787371456205,0.047397137576826));
#16578=CARTESIAN_POINT('',(0.049,0.0717,0.0474689711363638));
#16579=CARTESIAN_POINT('',(0.049,0.0717,0.0475443650813896));
#16580=CARTESIAN_POINT('',(0.049,0.0717,0.0475443650813896));
#16581=CARTESIAN_POINT('',(0.049,0.0717,0.0473029437251523));
#16582=CARTESIAN_POINT('',(0.0490972541507437,0.0713426372246131,0.0475388986226517));
#16583=CARTESIAN_POINT('',(0.049,0.0717,0.0475443650813896));
#16584=CARTESIAN_POINT('',(0.049,0.0716476401224402,0.0475443650813896));
#16585=CARTESIAN_POINT('',(0.0490476401224402,0.0716,0.0475443650813896));
#16586=CARTESIAN_POINT('',(0.0491,0.0716,0.0475443650813896));
#16587=CARTESIAN_POINT('',(0.0491,0.0716,0.0475443650813896));
#16588=CARTESIAN_POINT('',(0.0489999155080558,0.0716414210084878,0.0473443655466972));
#16589=CARTESIAN_POINT('',(0.0490001437169325,0.0716130768337308,0.0473646212628444));
#16590=CARTESIAN_POINT('',(0.0490200172437406,0.0715850803541134,0.0473839944219535));
#16591=CARTESIAN_POINT('',(0.0490502242584859,0.0715710410882686,0.0473941549080337));
#16592=CARTESIAN_POINT('',(0.04905,0.0715707106781187,0.0473943650813896));
#16593=CARTESIAN_POINT('',(0.0491,0.0716,0.0475443650813896));
#16594=CARTESIAN_POINT('',(0.0490755767832987,0.0716,0.0474710954312858));
#16595=CARTESIAN_POINT('',(0.0490589101166321,0.071583311485902,0.0474210954312858));
#16596=CARTESIAN_POINT('',(0.04905,0.0715707106781187,0.0473943650813897));
#16597=CARTESIAN_POINT('',(0.0490866233236352,0.0715903841269811,0.0472855642159543));
#16598=CARTESIAN_POINT('',(0.0489707106781187,0.0715,0.0472736544032709));
#16599=CARTESIAN_POINT('',(0.0489951338948199,0.0715690792885915,0.0472980776199722));
#16600=CARTESIAN_POINT('',(0.049,0.0716162197406706,0.0473265448481255));
#16601=CARTESIAN_POINT('',(0.049,0.0716414213562373,0.0473443650813896));
#16602=CARTESIAN_POINT('',(0.0489707106781187,0.0715,0.047273654403271));
#16603=CARTESIAN_POINT('',(0.04905,0.0715707106781187,0.0473943650813897));
#16604=CARTESIAN_POINT('',(0.049041089883368,0.0715581098703353,0.0473676347314935));
#16605=CARTESIAN_POINT('',(0.0490195571115212,0.0715345396442957,0.0473225008366735));
#16606=CARTESIAN_POINT('',(0.0489707106781187,0.0715,0.047273654403271));
#16607=CARTESIAN_POINT('',(0.0489,0.0686,0.0473443650813896));
#16608=CARTESIAN_POINT('',(0.0489707106781187,0.0746,0.047273654403271));
#16609=CARTESIAN_POINT('',(0.0477272077938642,0.0686,0.0460301515190165));
#16610=CARTESIAN_POINT('',(0.049,0.0715,0.0473029437251523));
#16611=CARTESIAN_POINT('',(0.0476564971157456,0.0715,0.0461008621971352));
#16612=CARTESIAN_POINT('',(0.0499292893218814,0.0716,0.048373654403271));
#16613=CARTESIAN_POINT('',(0.0491,0.0717,0.0473029437251523));
#16614=CARTESIAN_POINT('',(0.0491,0.0717,0.0488));
#16615=CARTESIAN_POINT('',(0.0491,0.0716,0.0488));
#16616=CARTESIAN_POINT('',(0.0491,0.0716,-2.36527579938674E-16));
#16617=CARTESIAN_POINT('',(0.0488,0.0717,0.0488));
#16618=CARTESIAN_POINT('',(0.0488,0.0717,0.0491));
#16619=CARTESIAN_POINT('',(0.0488,0.0716,0.0491));
#16620=CARTESIAN_POINT('',(0.0488,0.0716,0.0488));
#16621=CARTESIAN_POINT('',(0.0488,0.0717,0.0491));
#16622=CARTESIAN_POINT('',(0.0475443650813896,0.0716,0.0491));
#16623=CARTESIAN_POINT('',(0.0475443650813896,0.0716,0.0490476401224402));
#16624=CARTESIAN_POINT('',(0.0475443650813896,0.0716476401224402,0.049));
#16625=CARTESIAN_POINT('',(0.0475443650813896,0.0717,0.049));
#16626=CARTESIAN_POINT('',(0.0475443650813896,0.0716,0.0491));
#16627=CARTESIAN_POINT('',(-2.38976601316523E-16,0.0716,0.0491));
#16628=CARTESIAN_POINT('',(0.0475388986226469,0.0713426372246316,0.0490972541507572));
#16629=CARTESIAN_POINT('',(0.0473943650813897,0.0715707106781187,0.04905));
#16630=CARTESIAN_POINT('',(0.0474210954312858,0.071583311485902,0.0490589101166321));
#16631=CARTESIAN_POINT('',(0.0474710954312858,0.0716,0.0490755767832988));
#16632=CARTESIAN_POINT('',(0.0475443650813897,0.0716,0.0491));
#16633=CARTESIAN_POINT('',(0.0473443650813896,0.0686,0.0489));
#16634=CARTESIAN_POINT('',(0.047273654403271,0.0716,0.0489707106781187));
#16635=CARTESIAN_POINT('',(0.0473029437251523,0.0686,0.049));
#16636=CARTESIAN_POINT('',(0.0483029437251523,0.0715,0.05));
#16637=CARTESIAN_POINT('',(0.047373654403271,0.0715,0.0489292893218814));
#16638=CARTESIAN_POINT('',(0.047373654403271,0.0716,0.0489292893218814));
#16639=CARTESIAN_POINT('',(-1.13968527085408E-17,0.0716,-8.94783133069115E-18));
#16640=CARTESIAN_POINT('',(0.0495,0.0741,0.05));
#16641=CARTESIAN_POINT('',(0.0495,0.0741,0.042));
#16642=CARTESIAN_POINT('',(0.0495,0.0741,0.049));
#16643=CARTESIAN_POINT('',(0.049,0.0741,0.049));
#16644=CARTESIAN_POINT('',(0.049,0.0741,0.0495));
#16645=CARTESIAN_POINT('',(0.05,0.0741,0.0495));
#16646=CARTESIAN_POINT('',(0.042,0.0741,0.0495));
#16647=CARTESIAN_POINT('',(0.,0.0725,0.));
#16648=CARTESIAN_POINT('',(0.0461715728752538,0.0725,0.0477272077938642));
#16649=CARTESIAN_POINT('',(0.0451059348446489,0.0725,0.048));
#16650=CARTESIAN_POINT('',(0.,0.0725,0.048));
#16651=CARTESIAN_POINT('',(0.0425,0.0725,0.048));
#16652=CARTESIAN_POINT('',(0.0425,0.0725,0.05));
#16653=CARTESIAN_POINT('',(0.,0.0725,0.));
#16654=CARTESIAN_POINT('',(0.05,0.0725,0.0425));
#16655=CARTESIAN_POINT('',(0.0475,0.0725,0.0425));
#16656=CARTESIAN_POINT('',(0.0475,0.0725,0.));
#16657=CARTESIAN_POINT('',(0.0475,0.0725,0.0450952938136683));
#16658=CARTESIAN_POINT('',(0.0477272077938642,0.0725,0.0461715728752538));
#16659=CARTESIAN_POINT('',(0.046949390334559,0.0725,0.0453937554159486));
#16660=CARTESIAN_POINT('',(0.0461715728752538,0.0725,0.0461715728752538));
#16661=CARTESIAN_POINT('',(0.05,0.1135,0.0425));
#16662=CARTESIAN_POINT('',(0.0475,0.1135,0.0425));
#16663=CARTESIAN_POINT('',(0.0425,0.1135,0.0425));
#16664=CARTESIAN_POINT('',(0.0425,0.0581,0.0425));
#16665=CARTESIAN_POINT('',(0.0415,0.0581,0.0425));
#16666=CARTESIAN_POINT('',(0.049,0.0581,0.0425));
#16667=CARTESIAN_POINT('',(0.049,0.1135,0.0425));
#16668=CARTESIAN_POINT('',(0.0425,0.1135,0.05));
#16669=CARTESIAN_POINT('',(0.0425,0.1135,0.049));
#16670=CARTESIAN_POINT('',(0.0425,0.0581,0.049));
#16671=CARTESIAN_POINT('',(0.0425,0.0581,0.05001));
#16672=CARTESIAN_POINT('',(0.0425,0.1135,0.048));
#16673=CARTESIAN_POINT('',(0.0415,0.0581,0.05001));
#16674=CARTESIAN_POINT('',(0.05,0.0581,0.049));
#16675=CARTESIAN_POINT('',(0.049,0.0581,0.049));
#16676=CARTESIAN_POINT('',(0.049,0.0581,0.05));
#16677=CARTESIAN_POINT('',(0.049,0.1135,0.05));
#16678=CARTESIAN_POINT('',(0.049,0.1135,0.049));
#16679=CARTESIAN_POINT('',(0.049,0.0676,0.049));
#16680=CARTESIAN_POINT('',(0.049,0.0676,0.05));
#16681=CARTESIAN_POINT('',(0.049,0.0676,0.0474443650813896));
#16682=CARTESIAN_POINT('',(0.049,0.0687,0.0474443650813896));
#16683=CARTESIAN_POINT('',(0.049,0.0687,0.0458887301627792));
#16684=CARTESIAN_POINT('',(0.049,0.0686,0.0458887301627792));
#16685=CARTESIAN_POINT('',(0.05,0.1135,0.049));
#16686=CARTESIAN_POINT('',(0.0458887301627792,0.1135,0.049));
#16687=CARTESIAN_POINT('',(0.0458887301627792,0.0687,0.049));
#16688=CARTESIAN_POINT('',(0.0474443650813896,0.0687,0.049));
#16689=CARTESIAN_POINT('',(0.0474443650813896,0.0676,0.049));
#16690=CARTESIAN_POINT('',(0.0488,0.0676,0.049));
#16691=CARTESIAN_POINT('',(0.0475,0.0746,-0.047));
#16692=CARTESIAN_POINT('',(0.0475,0.0686,0.0450952938136683));
#16693=CARTESIAN_POINT('',(0.0465,0.0746,0.048));
#16694=CARTESIAN_POINT('',(0.0451059348446489,0.0686,0.048));
#16695=CARTESIAN_POINT('',(0.0470201010126777,0.0686,0.04532304473783));
#16696=CARTESIAN_POINT('',(0.046949390334559,0.0686,0.0453937554159486));
#16697=CARTESIAN_POINT('',(0.046949390334559,0.0687,0.0453937554159486));
#16698=CARTESIAN_POINT('',(0.0470201010126777,0.0687,0.04532304473783));
#16699=CARTESIAN_POINT('',(0.0453937554159486,0.0687,0.046949390334559));
#16700=CARTESIAN_POINT('',(0.0453937554159486,0.0686,0.046949390334559));
#16701=CARTESIAN_POINT('',(0.0477272077938642,0.0686,0.0461715728752538));
#16702=CARTESIAN_POINT('',(0.0485050252531694,0.0686,0.0453937554159486));
#16703=CARTESIAN_POINT('',(0.0485050252531694,0.0687,0.0453937554159486));
#16704=CARTESIAN_POINT('',(0.0477272077938642,0.0687,0.0461715728752538));
#16705=CARTESIAN_POINT('',(0.0477272077938642,0.0687,0.0461715728752538));
#16706=CARTESIAN_POINT('',(0.0477272077938642,0.0687,0.0461715728752538));
#16707=CARTESIAN_POINT('',(0.0477272077938642,0.0676,0.0461715728752538));
#16708=CARTESIAN_POINT('',(0.0477272077938642,0.0687,0.0461715728752538));
#16709=CARTESIAN_POINT('',(0.0476564971157456,0.0687,0.0461008621971352));
#16710=CARTESIAN_POINT('',(0.0476564971157456,0.0676,0.0461008621971352));
#16711=CARTESIAN_POINT('',(0.0484343145750508,0.0687,0.04532304473783));
#16712=CARTESIAN_POINT('',(0.047373654403271,0.0687,0.0489292893218814));
#16713=CARTESIAN_POINT('',(0.0465958369439658,0.0687,0.0497071067811866));
#16714=CARTESIAN_POINT('',(0.0453937554159486,0.0687,0.0485050252531694));
#16715=CARTESIAN_POINT('',(0.0461715728752538,0.0687,0.0477272077938642));
#16716=CARTESIAN_POINT('',(0.0461715728752538,0.0676,0.0477272077938642));
#16717=CARTESIAN_POINT('',(0.047373654403271,0.0676,0.0489292893218814));
#16718=CARTESIAN_POINT('',(0.0461715728752538,0.0687,0.0477272077938642));
#16719=CARTESIAN_POINT('',(0.0461715728752538,0.0687,0.0477272077938642));
#16720=CARTESIAN_POINT('',(0.0461715728752538,0.0687,0.0477272077938642));
#16721=CARTESIAN_POINT('',(0.0488,0.0676,0.0488));
#16722=CARTESIAN_POINT('',(0.046949390334559,0.0676,0.046949390334559));
#16723=CARTESIAN_POINT('',(0.046949390334559,0.0687,0.046949390334559));
#16724=CARTESIAN_POINT('',(0.0461715728752538,0.0686,0.0477272077938642));
#16725=CARTESIAN_POINT('',(0.0453937554159486,0.0686,0.0485050252531694));
#16726=CARTESIAN_POINT('',(0.0484343145750508,0.0686,0.04532304473783));
#16727=CARTESIAN_POINT('',(0.0465958369439658,0.0686,0.0497071067811866));
#16728=CARTESIAN_POINT('',(0.042,0.1135,0.0495));
#16729=CARTESIAN_POINT('',(0.042,0.05942,0.0495));
#16730=CARTESIAN_POINT('',(0.042,0.0576,0.0495));
#16731=CARTESIAN_POINT('',(0.042,0.0741,0.0495));
#16732=CARTESIAN_POINT('',(0.042,0.0741,0.0495));
#16733=CARTESIAN_POINT('',(0.042,0.0741,0.05001));
#16734=CARTESIAN_POINT('',(0.0495,0.1135,0.042));
#16735=CARTESIAN_POINT('',(0.0495,0.07142,0.042));
#16736=CARTESIAN_POINT('',(0.0495,0.0741,0.042));
#16737=CARTESIAN_POINT('',(0.0495,0.0741,0.042));
#16738=CARTESIAN_POINT('',(0.0495,0.0741,0.042));
#16739=CARTESIAN_POINT('',(0.0415,0.0741,0.042));
#16740=CARTESIAN_POINT('',(0.042,0.1135,0.042));
#16741=CARTESIAN_POINT('',(0.042,0.0576,0.042));
#16742=CARTESIAN_POINT('',(0.0495,0.0576,0.042));
#16743=CARTESIAN_POINT('',(0.0495,0.0576,0.042));
#16744=CARTESIAN_POINT('',(0.0495,0.0576,0.042));
#16745=CARTESIAN_POINT('',(0.0495,0.0576,0.05));
#16746=CARTESIAN_POINT('',(0.0495,0.0576,0.049));
#16747=CARTESIAN_POINT('',(0.0415,0.0576,0.042));
#16748=CARTESIAN_POINT('',(0.042,0.0576,0.042));
#16749=CARTESIAN_POINT('',(0.049,0.0576,0.049));
#16750=CARTESIAN_POINT('',(0.049,0.0576,0.0495));
#16751=CARTESIAN_POINT('',(0.042,0.0576,0.042));
#16752=CARTESIAN_POINT('',(0.042,0.0576,0.042));
#16753=CARTESIAN_POINT('',(0.05,0.0576,0.0495));
#16754=CARTESIAN_POINT('',(0.042,0.0576,0.0495));
#16755=CARTESIAN_POINT('',(0.042,0.0576,0.05001));
#16756=CARTESIAN_POINT('',(0.042,0.0576,0.0495));
#16757=CARTESIAN_POINT('',(0.042,0.0576,0.0495));
#16758=CARTESIAN_POINT('',(0.048,0.08792,-0.0156973454445426));
#16759=CARTESIAN_POINT('',(0.048,0.07142,0.027));
#16760=CARTESIAN_POINT('',(0.048,0.07142,0.027));
#16761=CARTESIAN_POINT('',(0.048,0.08792,0.0156973454445428));
#16762=CARTESIAN_POINT('',(0.048,0.06792,0.0156973454445428));
#16763=CARTESIAN_POINT('',(0.048,0.06792,-0.0156973454445426));
#16764=CARTESIAN_POINT('',(0.048,0.06792,-0.0156973454445426));
#16765=CARTESIAN_POINT('',(0.048,0.08792,-0.0156973454445426));
#16766=CARTESIAN_POINT('',(0.048,0.07142,-0.027));
#16767=CARTESIAN_POINT('',(0.048,0.07142,-0.027));
#16768=CARTESIAN_POINT('',(0.048,0.07142,-0.0415));
#16769=CARTESIAN_POINT('',(0.048,0.08792,-0.0415));
#16770=CARTESIAN_POINT('',(0.048,0.05942,-0.0415));
#16771=CARTESIAN_POINT('',(0.048,0.05942,-0.027));
#16772=CARTESIAN_POINT('',(0.048,0.05942,-0.027));
#16773=CARTESIAN_POINT('',(0.048,0.04292,-0.0156973454445426));
#16774=CARTESIAN_POINT('',(0.048,0.06292,-0.0156973454445426));
#16775=CARTESIAN_POINT('',(0.048,0.06292,-0.0156973454445426));
#16776=CARTESIAN_POINT('',(0.048,0.06292,0.0156973454445428));
#16777=CARTESIAN_POINT('',(0.048,0.04292,0.0156973454445428));
#16778=CARTESIAN_POINT('',(0.048,0.05942,0.027));
#16779=CARTESIAN_POINT('',(0.048,0.05942,0.027));
#16780=CARTESIAN_POINT('',(0.0156973454445427,0.08792,0.048));
#16781=CARTESIAN_POINT('',(0.027,0.05942,0.048));
#16782=CARTESIAN_POINT('',(0.027,0.05942,0.048));
#16783=CARTESIAN_POINT('',(0.0156973454445427,0.04292,0.048));
#16784=CARTESIAN_POINT('',(0.0156973454445427,0.06292,0.048));
#16785=CARTESIAN_POINT('',(0.0156973454445427,0.06292,0.048));
#16786=CARTESIAN_POINT('',(-0.0156973454445427,0.06292,0.048));
#16787=CARTESIAN_POINT('',(-0.0156973454445427,0.04292,0.048));
#16788=CARTESIAN_POINT('',(-0.027,0.05942,0.048));
#16789=CARTESIAN_POINT('',(-0.027,0.05942,0.048));
#16790=CARTESIAN_POINT('',(-0.0415,0.05942,0.048));
#16791=CARTESIAN_POINT('',(-0.0415,0.1135,0.048));
#16792=CARTESIAN_POINT('',(-0.0415,0.07142,0.048));
#16793=CARTESIAN_POINT('',(-0.027,0.07142,0.048));
#16794=CARTESIAN_POINT('',(-0.027,0.07142,0.048));
#16795=CARTESIAN_POINT('',(-0.0156973454445427,0.08792,0.048));
#16796=CARTESIAN_POINT('',(-0.0156973454445427,0.06792,0.048));
#16797=CARTESIAN_POINT('',(0.0156973454445427,0.06792,0.048));
#16798=CARTESIAN_POINT('',(0.0156973454445427,0.06792,0.048));
#16799=CARTESIAN_POINT('',(0.0156973454445427,0.08792,0.048));
#16800=CARTESIAN_POINT('',(0.027,0.07142,0.048));
#16801=CARTESIAN_POINT('',(0.027,0.07142,0.048));
#16802=CARTESIAN_POINT('',(0.027,0.07142,0.048));
#16803=CARTESIAN_POINT('',(0.027,0.07142,0.048));
#16804=CARTESIAN_POINT('',(0.027,0.05942,0.048));
#16805=CARTESIAN_POINT('',(0.027,0.05942,0.048));
#16806=CARTESIAN_POINT('',(0.048,0.05942,0.027));
#16807=CARTESIAN_POINT('',(0.048,0.05942,0.027));
#16808=CARTESIAN_POINT('',(0.048,0.07142,0.027));
#16809=CARTESIAN_POINT('',(0.048,0.07142,0.027));
#16810=CARTESIAN_POINT('',(0.048,0.07142,-0.027));
#16811=CARTESIAN_POINT('',(0.0495,0.07142,-0.042));
#16812=CARTESIAN_POINT('',(0.0495,0.07142,-0.0415));
#16813=CARTESIAN_POINT('',(0.048,0.07142,-0.0415));
#16814=CARTESIAN_POINT('',(0.048,0.07142,-0.027));
#16815=CARTESIAN_POINT('',(0.048,0.05942,-0.027));
#16816=CARTESIAN_POINT('',(0.048,0.05942,-0.0415));
#16817=CARTESIAN_POINT('',(0.0495,0.05942,-0.0415));
#16818=CARTESIAN_POINT('',(0.0495,0.05942,-0.042));
#16819=CARTESIAN_POINT('',(0.048,0.05942,-0.027));
#16820=CARTESIAN_POINT('',(0.048,0.08792,-0.0156973454445426));
#16821=CARTESIAN_POINT('',(0.048,0.06792,-0.0156973454445426));
#16822=CARTESIAN_POINT('',(0.048,0.04292,-0.0156973454445426));
#16823=CARTESIAN_POINT('',(0.048,0.06292,-0.0156973454445426));
#16824=CARTESIAN_POINT('',(0.048,0.06292,-0.0156973454445426));
#16825=CARTESIAN_POINT('',(0.048,0.06292,0.0156973454445428));
#16826=CARTESIAN_POINT('',(0.048,0.04292,0.0156973454445428));
#16827=CARTESIAN_POINT('',(0.048,0.08792,0.0156973454445428));
#16828=CARTESIAN_POINT('',(0.048,0.06792,0.0156973454445428));
#16829=CARTESIAN_POINT('',(0.048,0.06792,-0.0156973454445426));
#16830=CARTESIAN_POINT('',(0.0495,0.1135,-0.042));
#16831=CARTESIAN_POINT('',(0.0495,0.1135,-0.0415));
#16832=CARTESIAN_POINT('',(0.0495,0.0741,-0.0415));
#16833=CARTESIAN_POINT('',(0.0495,0.0741,-0.042));
#16834=CARTESIAN_POINT('',(-0.0156973454445427,0.08792,-0.048));
#16835=CARTESIAN_POINT('',(-0.027,0.07142,-0.048));
#16836=CARTESIAN_POINT('',(-0.0415,0.07142,-0.048));
#16837=CARTESIAN_POINT('',(-0.027,0.07142,-0.048));
#16838=CARTESIAN_POINT('',(-0.0415,0.08792,-0.048));
#16839=CARTESIAN_POINT('',(-0.0415,0.05942,-0.048));
#16840=CARTESIAN_POINT('',(-0.027,0.05942,-0.048));
#16841=CARTESIAN_POINT('',(-0.027,0.05942,-0.048));
#16842=CARTESIAN_POINT('',(-0.0156973454445427,0.04292,-0.048));
#16843=CARTESIAN_POINT('',(-0.0156973454445427,0.06292,-0.048));
#16844=CARTESIAN_POINT('',(-0.0156973454445427,0.06292,-0.048));
#16845=CARTESIAN_POINT('',(0.0156973454445427,0.06292,-0.048));
#16846=CARTESIAN_POINT('',(0.0156973454445427,0.04292,-0.048));
#16847=CARTESIAN_POINT('',(0.027,0.05942,-0.048));
#16848=CARTESIAN_POINT('',(0.027,0.05942,-0.048));
#16849=CARTESIAN_POINT('',(0.0415,0.05942,-0.048));
#16850=CARTESIAN_POINT('',(0.0415,0.08792,-0.048));
#16851=CARTESIAN_POINT('',(0.0415,0.07142,-0.048));
#16852=CARTESIAN_POINT('',(0.027,0.07142,-0.048));
#16853=CARTESIAN_POINT('',(0.027,0.07142,-0.048));
#16854=CARTESIAN_POINT('',(0.0156973454445427,0.08792,-0.048));
#16855=CARTESIAN_POINT('',(0.0156973454445427,0.06792,-0.048));
#16856=CARTESIAN_POINT('',(-0.0156973454445427,0.06792,-0.048));
#16857=CARTESIAN_POINT('',(-0.0156973454445427,0.06792,-0.048));
#16858=CARTESIAN_POINT('',(-0.0156973454445427,0.08792,-0.048));
#16859=CARTESIAN_POINT('',(-0.027,0.07142,-0.048));
#16860=CARTESIAN_POINT('',(-0.042,0.07142,-0.0495));
#16861=CARTESIAN_POINT('',(-0.0415,0.07142,-0.0495));
#16862=CARTESIAN_POINT('',(-0.042,0.07142,-0.05));
#16863=CARTESIAN_POINT('',(-0.0415,0.07142,-0.048));
#16864=CARTESIAN_POINT('',(-0.027,0.07142,-0.048));
#16865=CARTESIAN_POINT('',(-0.027,0.07142,-0.05));
#16866=CARTESIAN_POINT('',(-0.027,0.07142,-0.05));
#16867=CARTESIAN_POINT('',(-0.027,0.05942,-0.048));
#16868=CARTESIAN_POINT('',(-0.0415,0.05942,-0.048));
#16869=CARTESIAN_POINT('',(-0.0415,0.05942,-0.0495));
#16870=CARTESIAN_POINT('',(-0.042,0.05942,-0.0495));
#16871=CARTESIAN_POINT('',(-0.042,0.05942,-0.05));
#16872=CARTESIAN_POINT('',(-0.027,0.05942,-0.05));
#16873=CARTESIAN_POINT('',(-0.027,0.05942,-0.05));
#16874=CARTESIAN_POINT('',(-0.027,0.05942,-0.048));
#16875=CARTESIAN_POINT('',(0.027,0.05942,-0.048));
#16876=CARTESIAN_POINT('',(0.042,0.05942,-0.0495));
#16877=CARTESIAN_POINT('',(0.0415,0.05942,-0.0495));
#16878=CARTESIAN_POINT('',(0.042,0.05942,-0.05));
#16879=CARTESIAN_POINT('',(0.0415,0.05942,-0.048));
#16880=CARTESIAN_POINT('',(0.027,0.05942,-0.048));
#16881=CARTESIAN_POINT('',(0.027,0.05942,-0.05));
#16882=CARTESIAN_POINT('',(0.027,0.05942,-0.05));
#16883=CARTESIAN_POINT('',(0.027,0.07142,-0.048));
#16884=CARTESIAN_POINT('',(0.0415,0.07142,-0.048));
#16885=CARTESIAN_POINT('',(0.0415,0.07142,-0.0495));
#16886=CARTESIAN_POINT('',(0.042,0.07142,-0.0495));
#16887=CARTESIAN_POINT('',(0.042,0.07142,-0.05));
#16888=CARTESIAN_POINT('',(0.027,0.07142,-0.05));
#16889=CARTESIAN_POINT('',(0.027,0.07142,-0.05));
#16890=CARTESIAN_POINT('',(0.027,0.07142,-0.048));
#16891=CARTESIAN_POINT('',(-0.0156973454445427,0.08792,-0.048));
#16892=CARTESIAN_POINT('',(-0.0156973454445427,0.08792,-0.05));
#16893=CARTESIAN_POINT('',(-0.0156973454445427,0.06792,-0.05));
#16894=CARTESIAN_POINT('',(-0.0156973454445427,0.06792,-0.048));
#16895=CARTESIAN_POINT('',(-0.0156973454445427,0.04292,-0.048));
#16896=CARTESIAN_POINT('',(-0.0156973454445427,0.04292,-0.05));
#16897=CARTESIAN_POINT('',(-0.0156973454445427,0.06292,-0.05));
#16898=CARTESIAN_POINT('',(-0.0156973454445427,0.06292,-0.048));
#16899=CARTESIAN_POINT('',(-0.0156973454445427,0.06292,-0.048));
#16900=CARTESIAN_POINT('',(-0.0156973454445427,0.06292,-0.05));
#16901=CARTESIAN_POINT('',(0.0156973454445427,0.06292,-0.05));
#16902=CARTESIAN_POINT('',(0.0156973454445427,0.06292,-0.048));
#16903=CARTESIAN_POINT('',(0.0156973454445427,0.04292,-0.048));
#16904=CARTESIAN_POINT('',(0.0156973454445427,0.04292,-0.05));
#16905=CARTESIAN_POINT('',(0.0156973454445427,0.08792,-0.048));
#16906=CARTESIAN_POINT('',(0.0156973454445427,0.08792,-0.05));
#16907=CARTESIAN_POINT('',(0.0156973454445427,0.06792,-0.05));
#16908=CARTESIAN_POINT('',(0.0156973454445427,0.06792,-0.048));
#16909=CARTESIAN_POINT('',(-0.0156973454445427,0.06792,-0.048));
#16910=CARTESIAN_POINT('',(-0.0156973454445427,0.06792,-0.05));
#16911=CARTESIAN_POINT('',(-0.0156973454445427,0.08792,-0.05));
#16912=CARTESIAN_POINT('',(0.042,0.1135,-0.05));
#16913=CARTESIAN_POINT('',(0.042,0.0741,-0.05));
#16914=CARTESIAN_POINT('',(0.05,0.0741,-0.05));
#16915=CARTESIAN_POINT('',(0.049,0.0741,-0.05));
#16916=CARTESIAN_POINT('',(0.049,0.1135,-0.05));
#16917=CARTESIAN_POINT('',(0.049,0.0717,-0.05));
#16918=CARTESIAN_POINT('',(0.049,0.0717,-0.05));
#16919=CARTESIAN_POINT('',(0.0483443650813896,0.0717,-0.05));
#16920=CARTESIAN_POINT('',(0.0483443650813896,0.0715,-0.05));
#16921=CARTESIAN_POINT('',(0.048061522368915,0.0715,-0.05));
#16922=CARTESIAN_POINT('',(0.048061522368915,0.0715,-0.05));
#16923=CARTESIAN_POINT('',(0.048061522368915,0.0687,-0.05));
#16924=CARTESIAN_POINT('',(0.0483443650813896,0.0687,-0.05));
#16925=CARTESIAN_POINT('',(0.0483443650813896,0.0685,-0.05));
#16926=CARTESIAN_POINT('',(0.05,0.0685,-0.05));
#16927=CARTESIAN_POINT('',(0.049,0.0685,-0.05));
#16928=CARTESIAN_POINT('',(0.049,0.1135,-0.05));
#16929=CARTESIAN_POINT('',(0.049,0.0576,-0.05));
#16930=CARTESIAN_POINT('',(0.05,0.0576,-0.05));
#16931=CARTESIAN_POINT('',(0.042,0.0576,-0.05));
#16932=CARTESIAN_POINT('',(0.042,0.1135,-0.05));
#16933=CARTESIAN_POINT('',(-0.042,0.1135,-0.05));
#16934=CARTESIAN_POINT('',(-0.042,0.0576,-0.05));
#16935=CARTESIAN_POINT('',(-0.05,0.0576,-0.05));
#16936=CARTESIAN_POINT('',(-0.049,0.0576,-0.05));
#16937=CARTESIAN_POINT('',(-0.049,0.1135,-0.05));
#16938=CARTESIAN_POINT('',(-0.049,0.0685,-0.05));
#16939=CARTESIAN_POINT('',(-0.05,0.0685,-0.05));
#16940=CARTESIAN_POINT('',(-0.0483443650813896,0.0685,-0.05));
#16941=CARTESIAN_POINT('',(-0.0483443650813896,0.0687,-0.05));
#16942=CARTESIAN_POINT('',(-0.048061522368915,0.0687,-0.05));
#16943=CARTESIAN_POINT('',(-0.048061522368915,0.0715,-0.05));
#16944=CARTESIAN_POINT('',(-0.048061522368915,0.0715,-0.05));
#16945=CARTESIAN_POINT('',(-0.0483443650813896,0.0715,-0.05));
#16946=CARTESIAN_POINT('',(-0.0483443650813896,0.0717,-0.05));
#16947=CARTESIAN_POINT('',(-0.049,0.0717,-0.05));
#16948=CARTESIAN_POINT('',(-0.049,0.0717,-0.05));
#16949=CARTESIAN_POINT('',(-0.049,0.1135,-0.05));
#16950=CARTESIAN_POINT('',(-0.049,0.0741,-0.05));
#16951=CARTESIAN_POINT('',(-0.05,0.0741,-0.05));
#16952=CARTESIAN_POINT('',(-0.042,0.0741,-0.05));
#16953=CARTESIAN_POINT('',(-0.042,0.1135,-0.05));
#16954=CARTESIAN_POINT('',(0.042,0.1135,-0.0495));
#16955=CARTESIAN_POINT('',(0.0415,0.1135,-0.0495));
#16956=CARTESIAN_POINT('',(0.0415,0.0576,-0.0495));
#16957=CARTESIAN_POINT('',(0.042,0.0576,-0.0495));
#16958=CARTESIAN_POINT('',(0.048437867965644,0.0571,-0.048437867965644));
#16959=CARTESIAN_POINT('',(0.048437867965644,0.0571,-0.04895));
#16960=CARTESIAN_POINT('',(0.048437867965644,0.05405,-0.04895));
#16961=CARTESIAN_POINT('',(0.048437867965644,0.0571,-0.04895));
#16962=CARTESIAN_POINT('',(0.048437867965644,0.0571,-0.048437867965644));
#16963=CARTESIAN_POINT('',(0.04895,0.0571,-0.048437867965644));
#16964=CARTESIAN_POINT('',(0.04895,0.0571,-0.048437867965644));
#16965=CARTESIAN_POINT('',(0.04895,0.05405,-0.048437867965644));
#16966=CARTESIAN_POINT('',(0.048437867965644,0.05405,-0.048437867965644));
#16967=CARTESIAN_POINT('',(0.043813340594773,0.0519770500882838,-0.0546081123589482));
#16968=CARTESIAN_POINT('',(0.0488085786437627,0.0515083271686377,-0.04895));
#16969=CARTESIAN_POINT('',(0.0485967392464233,0.0519770500882838,-0.0498247137072979));
#16970=CARTESIAN_POINT('',(0.0481721825406948,0.0515083271686378,-0.0495863961030679));
#16971=CARTESIAN_POINT('',(0.043813340594773,0.0519770500882838,-0.0546081123589482));
#16972=CARTESIAN_POINT('',(0.0498246039039139,0.051977196321359,-0.0485966378329846));
#16973=CARTESIAN_POINT('',(0.0498247137653585,0.0519770502988608,-0.0485967394861636));
#16974=CARTESIAN_POINT('',(0.0497858511432096,0.0518361013809884,-0.0484362702370556));
#16975=CARTESIAN_POINT('',(0.0497035187884764,0.0516739636588041,-0.0482893052261034));
#16976=CARTESIAN_POINT('',(0.0495863961030679,0.0515083271686378,-0.0481721825406949));
#16977=CARTESIAN_POINT('',(0.0495863961030679,0.0515083271686378,-0.0481721825406948));
#16978=CARTESIAN_POINT('',(0.049542639940012,0.0514464466094067,-0.0481284263776389));
#16979=CARTESIAN_POINT('',(0.049542639940012,0.0514464466094067,-0.0481284263776389));
#16980=CARTESIAN_POINT('',(0.0434381472767379,0.0514464466094067,-0.054232919040913));
#16981=CARTESIAN_POINT('',(0.0481284263776389,0.0514464466094067,-0.049542639940012));
#16982=CARTESIAN_POINT('',(0.0481222586343889,0.0514377241032533,-0.049536472196762));
#16983=CARTESIAN_POINT('',(0.043313340594773,0.0526841568694703,-0.0541081123589482));
#16984=CARTESIAN_POINT('',(0.0488217522930711,0.0522349152826822,-0.0498631736494395));
#16985=CARTESIAN_POINT('',(0.0488813199673999,0.0523230897922427,-0.0498663087901937));
#16986=CARTESIAN_POINT('',(0.0489222508731527,0.0524163992288945,-0.0498684630483912));
#16987=CARTESIAN_POINT('',(0.0489445450103292,0.0525105086918034,-0.049869636424032));
#16988=CARTESIAN_POINT('',(0.0489445450103293,0.0525105086918034,-0.049869636424032));
#16989=CARTESIAN_POINT('',(0.0488217520392362,0.0522349154632622,-0.0498631733935682));
#16990=CARTESIAN_POINT('',(0.0440097048350931,0.0525105086918034,-0.0548044765992682));
#16991=CARTESIAN_POINT('',(0.049869636424032,0.0525105086918034,-0.0489445450103292));
#16992=CARTESIAN_POINT('',(0.049869636424032,0.0525105086918034,-0.0489445450103293));
#16993=CARTESIAN_POINT('',(0.0498684630497983,0.0524163993417527,-0.0489222508998883));
#16994=CARTESIAN_POINT('',(0.0498663087955547,0.0523230900161113,-0.048881320065765));
#16995=CARTESIAN_POINT('',(0.0498631736607187,0.0522349155999065,-0.0488217525073769));
#16996=CARTESIAN_POINT('',(0.0498631339005665,0.0522349439124734,-0.0488217126905593));
#16997=CARTESIAN_POINT('',(0.0498631736494468,0.0522349152828871,-0.0488217522932095));
#16998=CARTESIAN_POINT('',(0.0498604367728529,0.0521397725353678,-0.0487568310889077));
#16999=CARTESIAN_POINT('',(0.0498468685247721,0.0520523528086972,-0.048681078513119));
#17000=CARTESIAN_POINT('',(0.0498247137505903,0.0519770502354316,-0.0485967394112294));
#17001=CARTESIAN_POINT('',(0.0485967392464233,0.0519770500882838,-0.049824713707298));
#17002=CARTESIAN_POINT('',(0.0486289966275266,0.0520064993779047,-0.0498341039109788));
#17003=CARTESIAN_POINT('',(0.0487141395629952,0.0520872673058771,-0.0498553112952696));
#17004=CARTESIAN_POINT('',(0.0488075622165171,0.0522139105505757,-0.0498624268033051));
#17005=CARTESIAN_POINT('',(0.0488217522932094,0.052234915282887,-0.0498631736494468));
#17006=CARTESIAN_POINT('',(0.0441661510346884,0.0537652703644666,-0.0549609227988635));
#17007=CARTESIAN_POINT('',(0.0490696364240321,0.0530121505082858,-0.049869636424032));
#17008=CARTESIAN_POINT('',(0.0491437422409628,0.0533093297911529,-0.049869636424032));
#17009=CARTESIAN_POINT('',(0.0492164444216292,0.0535603697432132,-0.0498595345718615));
#17010=CARTESIAN_POINT('',(0.0492877429660314,0.0537652703644666,-0.0498393308675205));
#17011=CARTESIAN_POINT('',(0.0492877429660313,0.0537652703644666,-0.0498393308675205));
#17012=CARTESIAN_POINT('',(0.049069636424032,0.0530121505082858,-0.049869636424032));
#17013=CARTESIAN_POINT('',(0.0441661510346884,0.0537652703644666,-0.0549609227988635));
#17014=CARTESIAN_POINT('',(0.0498393308675205,0.0537652703644666,-0.0492877429660313));
#17015=CARTESIAN_POINT('',(0.0498393308675206,0.0537652703644666,-0.0492877429660313));
#17016=CARTESIAN_POINT('',(0.0498595345718615,0.0535603697432132,-0.0492164444216292));
#17017=CARTESIAN_POINT('',(0.049869636424032,0.0533093297911529,-0.0491437422409627));
#17018=CARTESIAN_POINT('',(0.049869636424032,0.0530121505082857,-0.049069636424032));
#17019=CARTESIAN_POINT('',(0.049869636424032,0.0530121505082857,-0.049069636424032));
#17020=CARTESIAN_POINT('',(0.049869636424032,0.0551042531630218,-0.0495913315261816));
#17021=CARTESIAN_POINT('',(0.0489593827200185,0.052570010902392,-0.049869636424032));
#17022=CARTESIAN_POINT('',(0.0440268781866244,0.0538,-0.0548216499507995));
#17023=CARTESIAN_POINT('',(0.0440268781866244,0.054,-0.0548216499507995));
#17024=CARTESIAN_POINT('',(0.0490500983300345,0.054,-0.0497984298073893));
#17025=CARTESIAN_POINT('',(0.0497984298073893,0.054,-0.0490500983300345));
#17026=CARTESIAN_POINT('',(0.0498393308675205,0.0537652703644666,-0.0492877429660313));
#17027=CARTESIAN_POINT('',(0.0498409712637598,0.0538910697999345,-0.0493174724211654));
#17028=CARTESIAN_POINT('',(0.0498327337378256,0.054,-0.0491742226170477));
#17029=CARTESIAN_POINT('',(0.0497984298073894,0.054,-0.0490500983300345));
#17030=CARTESIAN_POINT('',(0.0490500983300345,0.054,-0.0497984298073893));
#17031=CARTESIAN_POINT('',(0.0491743073525593,0.054,-0.0498327571559749));
#17032=CARTESIAN_POINT('',(0.0493174814159383,0.053891107861088,-0.0498409717600686));
#17033=CARTESIAN_POINT('',(0.0492877429660313,0.0537652703644666,-0.0498393308675205));
#17034=CARTESIAN_POINT('',(0.0440268781866244,0.054,-0.0548216499507995));
#17035=CARTESIAN_POINT('',(0.0440268781866244,0.054,-0.0498));
#17036=CARTESIAN_POINT('',(0.0487585786437627,0.054,-0.0498));
#17037=CARTESIAN_POINT('',(0.049,0.054,-0.0498));
#17038=CARTESIAN_POINT('',(0.0487585786437627,0.054,-0.0489));
#17039=CARTESIAN_POINT('',(0.0481221825406948,0.054,-0.0495363961030679));
#17040=CARTESIAN_POINT('',(0.0481221825406948,0.054,-0.0495363961030679));
#17041=CARTESIAN_POINT('',(0.0475857864376269,0.054,-0.049));
#17042=CARTESIAN_POINT('',(0.0440268781866244,0.054,-0.049));
#17043=CARTESIAN_POINT('',(0.048437867965644,0.054,-0.049));
#17044=CARTESIAN_POINT('',(0.048437867965644,0.054,-0.048437867965644));
#17045=CARTESIAN_POINT('',(0.049,0.054,-0.048437867965644));
#17046=CARTESIAN_POINT('',(0.049,0.054,-0.0548216499507995));
#17047=CARTESIAN_POINT('',(0.049,0.054,-0.0475857864376269));
#17048=CARTESIAN_POINT('',(0.0489292893218814,0.054,-0.0475150757595083));
#17049=CARTESIAN_POINT('',(0.0495363961030679,0.054,-0.0481221825406948));
#17050=CARTESIAN_POINT('',(0.0489,0.054,-0.0487585786437627));
#17051=CARTESIAN_POINT('',(0.0498,0.054,-0.0487585786437627));
#17052=CARTESIAN_POINT('',(0.0498,0.054,-0.0548216499507995));
#17053=CARTESIAN_POINT('',(0.0498,0.054,-0.049));
#17054=CARTESIAN_POINT('',(0.049,0.054,-0.049));
#17055=CARTESIAN_POINT('',(0.049,0.054,-0.049));
#17056=CARTESIAN_POINT('',(0.047373654403271,0.0511,-0.0489292893218814));
#17057=CARTESIAN_POINT('',(0.0480221825406948,0.0571,-0.0495778174593052));
#17058=CARTESIAN_POINT('',(0.0473650757595083,0.0571,-0.0489207106781187));
#17059=CARTESIAN_POINT('',(0.0468908224620156,0.0571,-0.048446457380626));
#17060=CARTESIAN_POINT('',(0.0473650757595083,0.0511,-0.0489207106781187));
#17061=CARTESIAN_POINT('',(0.0473650757595083,0.05405,-0.0489207106781187));
#17062=CARTESIAN_POINT('',(0.0475150757595083,0.05405,-0.0490707106781187));
#17063=CARTESIAN_POINT('',(0.0475150757595083,0.0539,-0.0490707106781187));
#17064=CARTESIAN_POINT('',(0.0474443650813896,0.0539,-0.049));
#17065=CARTESIAN_POINT('',(0.0480514718625762,0.0539,-0.0496071067811865));
#17066=CARTESIAN_POINT('',(0.0480514718625762,0.054,-0.0496071067811865));
#17067=CARTESIAN_POINT('',(0.0480514718625762,0.0515790378467564,-0.0496071067811865));
#17068=CARTESIAN_POINT('',(0.0480077156995203,0.0515171572875254,-0.0495633506181307));
#17069=CARTESIAN_POINT('',(0.0480077156995203,0.0515171572875254,-0.0495633506181307));
#17070=CARTESIAN_POINT('',(0.0478077156995203,0.0518,-0.0493633506181307));
#17071=CARTESIAN_POINT('',(0.0478077156995203,0.0514,-0.0493633506181307));
#17072=CARTESIAN_POINT('',(0.0478077156995203,0.0514,-0.0493633506181307));
#17073=CARTESIAN_POINT('',(0.0472391240116843,0.0514,-0.0487947589302947));
#17074=CARTESIAN_POINT('',(0.0472391240116844,0.0518,-0.0487947589302947));
#17075=CARTESIAN_POINT('',(0.0469563243775248,0.0517930190374251,-0.0485119592961352));
#17076=CARTESIAN_POINT('',(0.0469563243775248,0.0517930190374251,-0.0485119592961352));
#17077=CARTESIAN_POINT('',(0.0476564971157456,0.0511,-0.0461008621971352));
#17078=CARTESIAN_POINT('',(0.0487947589302947,0.0518,-0.0472391240116843));
#17079=CARTESIAN_POINT('',(0.0487947589302947,0.0514,-0.0472391240116843));
#17080=CARTESIAN_POINT('',(0.0485119592961352,0.0517930190374251,-0.0469563243775248));
#17081=CARTESIAN_POINT('',(0.0487947589302947,0.0514,-0.0472391240116844));
#17082=CARTESIAN_POINT('',(0.0493633506181307,0.0514,-0.0478077156995203));
#17083=CARTESIAN_POINT('',(0.0493633506181307,0.0518,-0.0478077156995203));
#17084=CARTESIAN_POINT('',(0.0495633506181307,0.0515171572875254,-0.0480077156995203));
#17085=CARTESIAN_POINT('',(0.0495571828748807,0.051508434781372,-0.0480015479562703));
#17086=CARTESIAN_POINT('',(0.0496071067811866,0.0515790378467564,-0.0480514718625762));
#17087=CARTESIAN_POINT('',(0.0496071067811866,0.0518518300528922,-0.0480514718625762));
#17088=CARTESIAN_POINT('',(0.0496071067811866,0.0539,-0.0480514718625762));
#17089=CARTESIAN_POINT('',(0.0496071067811866,0.0539,-0.0480514718625762));
#17090=CARTESIAN_POINT('',(0.0490707106781187,0.0539,-0.0475150757595083));
#17091=CARTESIAN_POINT('',(0.0490707106781187,0.05405,-0.0475150757595083));
#17092=CARTESIAN_POINT('',(0.0489207106781187,0.05405,-0.0473650757595083));
#17093=CARTESIAN_POINT('',(0.0489207106781187,0.0511,-0.0473650757595083));
#17094=CARTESIAN_POINT('',(0.0489207106781187,0.0571,-0.0473650757595083));
#17095=CARTESIAN_POINT('',(0.0495778174593052,0.0571,-0.0480221825406948));
#17096=CARTESIAN_POINT('',(0.048446457380626,0.0571,-0.0468908224620156));
#17097=CARTESIAN_POINT('',(0.0484464358398279,0.0571017452406438,-0.0468908009212175));
#17098=CARTESIAN_POINT('',(0.0422660560462026,0.0517912737967814,-0.0530608278103777));
#17099=CARTESIAN_POINT('',(0.0422660560462026,0.0517912737967814,-0.0530608278103777));
#17100=CARTESIAN_POINT('',(0.0469563351471036,0.0517912737967814,-0.0483705487094767));
#17101=CARTESIAN_POINT('',(0.0483705487094767,0.0517912737967814,-0.0469563351471036));
#17102=CARTESIAN_POINT('',(0.0483705487094767,0.0517912737967814,-0.0469563351471036));
#17103=CARTESIAN_POINT('',(0.0483050252531694,0.0571,-0.0468908116907963));
#17104=CARTESIAN_POINT('',(0.0422005325898953,0.0571,-0.0529953043540704));
#17105=CARTESIAN_POINT('',(0.0468908116907963,0.0571,-0.0483050252531694));
#17106=CARTESIAN_POINT('',(0.0468908116907963,0.0571,-0.0483050252531694));
#17107=CARTESIAN_POINT('',(0.042619555588902,0.0518,-0.0534143273530771));
#17108=CARTESIAN_POINT('',(0.042619555588902,0.0513,-0.0534143273530771));
#17109=CARTESIAN_POINT('',(0.047309834689803,0.0513,-0.0487240482521761));
#17110=CARTESIAN_POINT('',(0.0487240482521761,0.0513,-0.047309834689803));
#17111=CARTESIAN_POINT('',(0.0487240482521761,0.0518,-0.047309834689803));
#17112=CARTESIAN_POINT('',(0.047309834689803,0.0518,-0.0487240482521761));
#17113=CARTESIAN_POINT('',(0.0431881472767379,0.0513,-0.053982919040913));
#17114=CARTESIAN_POINT('',(0.0431881472767379,0.0513,-0.053982919040913));
#17115=CARTESIAN_POINT('',(0.0478784263776389,0.0513,-0.049292639940012));
#17116=CARTESIAN_POINT('',(0.049292639940012,0.0513,-0.0478784263776389));
#17117=CARTESIAN_POINT('',(0.049292639940012,0.0513,-0.0478784263776389));
#17118=CARTESIAN_POINT('',(0.047309834689803,0.0513,-0.0487240482521761));
#17119=CARTESIAN_POINT('',(0.0431881472767379,0.0518,-0.053982919040913));
#17120=CARTESIAN_POINT('',(0.049292639940012,0.0518,-0.0478784263776389));
#17121=CARTESIAN_POINT('',(0.0478784263776389,0.0518,-0.049292639940012));
#17122=CARTESIAN_POINT('',(0.04895,0.0501857864376269,-0.0473029437251523));
#17123=CARTESIAN_POINT('',(0.04895,0.05405,-0.0473029437251523));
#17124=CARTESIAN_POINT('',(0.04895,0.05405,-0.0474357864376269));
#17125=CARTESIAN_POINT('',(0.04895,0.0571,-0.0473029437251523));
#17126=CARTESIAN_POINT('',(0.04895,0.0571,-0.0474357864376269));
#17127=CARTESIAN_POINT('',(0.04895,0.0501857864376269,-0.0474357864376269));
#17128=CARTESIAN_POINT('',(0.0488,0.0501857864376269,-0.04895));
#17129=CARTESIAN_POINT('',(0.0488,0.0571,-0.04895));
#17130=CARTESIAN_POINT('',(0.0474357864376269,0.0571,-0.04895));
#17131=CARTESIAN_POINT('',(0.0488,0.05405,-0.04895));
#17132=CARTESIAN_POINT('',(0.0474357864376269,0.05405,-0.04895));
#17133=CARTESIAN_POINT('',(0.0474357864376269,0.0501857864376269,-0.04895));
#17134=CARTESIAN_POINT('',(0.0499,0.398492188198566,-0.0415));
#17135=CARTESIAN_POINT('',(0.0499,0.376507328691112,-0.129663723887819));
#17136=CARTESIAN_POINT('',(0.0499,0.0530295153260524,-0.049));
#17137=CARTESIAN_POINT('',(0.0499,0.0525278735095701,-0.0488749085862972));
#17138=CARTESIAN_POINT('',(0.0499,0.398492188198566,-0.049));
#17139=CARTESIAN_POINT('',(0.0499,0.0539,-0.049));
#17140=CARTESIAN_POINT('',(0.0499,0.0539,-0.0415));
#17141=CARTESIAN_POINT('',(0.0499,0.0539,-0.0487585786437627));
#17142=CARTESIAN_POINT('',(0.0499,0.054,-0.0487585786437627));
#17143=CARTESIAN_POINT('',(0.0498999986234246,0.0522798394430063,-0.0487585786420951));
#17144=CARTESIAN_POINT('',(0.0499,0.0526841568694703,-0.0476214529537212));
#17145=CARTESIAN_POINT('',(0.049,0.398492188198566,-0.049));
#17146=CARTESIAN_POINT('',(0.049898233533313,0.0539,-0.0490563606212888));
#17147=CARTESIAN_POINT('',(0.0498955763998217,0.0539,-0.0490987080324734));
#17148=CARTESIAN_POINT('',(0.0498857916962506,0.0538880474662671,-0.0491767637271376));
#17149=CARTESIAN_POINT('',(0.0498614852347518,0.05382249007596,-0.0492609715469438));
#17150=CARTESIAN_POINT('',(0.0498659062489246,0.0537826351822333,-0.0492453698597492));
#17151=CARTESIAN_POINT('',(0.049898233533313,0.0539,-0.0490563606212888));
#17152=CARTESIAN_POINT('',(0.0498659062489246,0.0537826351822333,-0.0492453698597492));
#17153=CARTESIAN_POINT('',(0.049,0.0539,-0.049));
#17154=CARTESIAN_POINT('',(0.0499000000000003,0.0530295153260525,-0.049));
#17155=CARTESIAN_POINT('',(0.0499000000000003,0.0533350908580978,-0.0490857244816832));
#17156=CARTESIAN_POINT('',(0.0498877040391765,0.0535861308101582,-0.049168445812065));
#17157=CARTESIAN_POINT('',(0.0498659062489249,0.0537826351822335,-0.0492453698597492));
#17158=CARTESIAN_POINT('',(0.049,0.398492188198566,-0.0499));
#17159=CARTESIAN_POINT('',(0.0487585786437627,0.0518518300528922,-0.0499));
#17160=CARTESIAN_POINT('',(0.0487585786437627,0.0539,-0.0499));
#17161=CARTESIAN_POINT('',(0.0487585779073576,0.0522798378255961,-0.0498998533652485));
#17162=CARTESIAN_POINT('',(0.049,0.0539,-0.0499));
#17163=CARTESIAN_POINT('',(0.049,0.0539,-0.0499));
#17164=CARTESIAN_POINT('',(0.049,0.398492188198566,-0.0499));
#17165=CARTESIAN_POINT('',(0.049,0.0530295153260525,-0.0499));
#17166=CARTESIAN_POINT('',(0.130102789775432,0.378268071518284,-0.0499));
#17167=CARTESIAN_POINT('',(0.0488749085862973,0.0525278735095701,-0.0499));
#17168=CARTESIAN_POINT('',(0.0488749085862975,0.0525278735095705,-0.0499));
#17169=CARTESIAN_POINT('',(0.0488532882740489,0.0524411716937679,-0.0499));
#17170=CARTESIAN_POINT('',(0.0488145112896973,0.0523584931974199,-0.0499));
#17171=CARTESIAN_POINT('',(0.0487585776332429,0.0522798380205265,-0.0499));
#17172=CARTESIAN_POINT('',(0.049,0.398492188198566,-0.049));
#17173=CARTESIAN_POINT('',(0.049,0.0539,-0.049));
#17174=CARTESIAN_POINT('',(0.0490563606212888,0.0539,-0.049898233533313));
#17175=CARTESIAN_POINT('',(0.0492453698597493,0.0537826351822333,-0.0498659062489246));
#17176=CARTESIAN_POINT('',(0.0492609701513346,0.0538224865108418,-0.0498614856302224));
#17177=CARTESIAN_POINT('',(0.0491767975795088,0.0538880181918793,-0.0498857797365807));
#17178=CARTESIAN_POINT('',(0.0490987806337588,0.0539,-0.0498955718443767));
#17179=CARTESIAN_POINT('',(0.0490563606212889,0.0539,-0.049898233533313));
#17180=CARTESIAN_POINT('',(0.0492453698597493,0.0537826351822333,-0.0498659062489246));
#17181=CARTESIAN_POINT('',(0.0492453698597495,0.0537826351822335,-0.0498659062489246));
#17182=CARTESIAN_POINT('',(0.0491684458120652,0.0535861308101582,-0.0498877040391762));
#17183=CARTESIAN_POINT('',(0.0490857244816835,0.0533350908580978,-0.0499));
#17184=CARTESIAN_POINT('',(0.0490000000000003,0.0530295153260525,-0.0499));
#17185=CARTESIAN_POINT('',(0.0487585786437624,0.398492188198566,-0.0489));
#17186=CARTESIAN_POINT('',(0.0487585786437627,0.0539,-0.0489));
#17187=CARTESIAN_POINT('',(0.048758577574594,0.052279838088401,-0.0498999999999994));
#17188=CARTESIAN_POINT('',(0.0486921876776515,0.052195814882482,-0.0498999999290174));
#17189=CARTESIAN_POINT('',(0.0486126300911646,0.0521184557751492,-0.0498935620527312));
#17190=CARTESIAN_POINT('',(0.0485232015356078,0.0520477607664025,-0.0498719041192199));
#17191=CARTESIAN_POINT('',(0.0485232015356078,0.0520477607664024,-0.0498719041192199));
#17192=CARTESIAN_POINT('',(0.0487585786437627,0.0515790378467564,-0.0489));
#17193=CARTESIAN_POINT('',(0.0489,0.398492188198566,-0.0487585786437627));
#17194=CARTESIAN_POINT('',(0.0498719068941921,0.052047769824672,-0.0485232129941396));
#17195=CARTESIAN_POINT('',(0.0498935627070684,0.052118462762739,-0.048612637401939));
#17196=CARTESIAN_POINT('',(0.0499000000000003,0.0521958193016969,-0.0486921913635154));
#17197=CARTESIAN_POINT('',(0.0499000000000003,0.0522798394415455,-0.0487585786437627));
#17198=CARTESIAN_POINT('',(0.0498708597380884,0.052047774134878,-0.0485234631754496));
#17199=CARTESIAN_POINT('',(0.0489,0.0539,-0.0487585786437627));
#17200=CARTESIAN_POINT('',(0.0496071067811868,0.0515790378467565,-0.0480514718625762));
#17201=CARTESIAN_POINT('',(0.0497783944132284,0.0517970514098265,-0.0482227594946178));
#17202=CARTESIAN_POINT('',(0.0498429651641157,0.0519532954024247,-0.0484037024919213));
#17203=CARTESIAN_POINT('',(0.0498719068941928,0.0520477698245511,-0.0485232129941425));
#17204=CARTESIAN_POINT('',(0.049,0.05405,-0.0473029437251523));
#17205=CARTESIAN_POINT('',(0.049,0.05405,-0.048437867965644));
#17206=CARTESIAN_POINT('',(0.049,0.05405,-0.0475857864376269));
#17207=CARTESIAN_POINT('',(0.048437867965644,0.05405,-0.048437867965644));
#17208=CARTESIAN_POINT('',(0.048437867965644,0.05405,-0.049));
#17209=CARTESIAN_POINT('',(0.0488,0.05405,-0.049));
#17210=CARTESIAN_POINT('',(0.0475857864376269,0.05405,-0.049));
#17211=CARTESIAN_POINT('',(0.0474357864376269,0.0511,-0.04885));
#17212=CARTESIAN_POINT('',(0.0474357864376269,0.0571,-0.04885));
#17213=CARTESIAN_POINT('',(0.0474357864376269,0.05405,-0.04885));
#17214=CARTESIAN_POINT('',(0.0475150757595083,0.0539,-0.0490707106781187));
#17215=CARTESIAN_POINT('',(0.0475150757595083,0.054,-0.0490707106781186));
#17216=CARTESIAN_POINT('',(0.0475857864376269,0.054,-0.049));
#17217=CARTESIAN_POINT('',(0.0474365353613959,0.0539000000020567,-0.0489921702800063));
#17218=CARTESIAN_POINT('',(0.0474708940197202,0.0539687584525881,-0.0490265289383297));
#17219=CARTESIAN_POINT('',(0.0475072460395146,0.054,-0.0489738198672967));
#17220=CARTESIAN_POINT('',(0.047365075765327,0.0539714590201258,-0.0489207106839374));
#17221=CARTESIAN_POINT('',(0.0473943650945977,0.0540021301753085,-0.0489500000132096));
#17222=CARTESIAN_POINT('',(0.0474357864434456,0.0540238196733753,-0.04895));
#17223=CARTESIAN_POINT('',(0.0473650757595083,0.05405,-0.0489207106781187));
#17224=CARTESIAN_POINT('',(0.0473943650813896,0.05405,-0.04895));
#17225=CARTESIAN_POINT('',(0.0474357864376269,0.05405,-0.04895));
#17226=CARTESIAN_POINT('',(0.0475857864376269,0.0539,-0.049));
#17227=CARTESIAN_POINT('',(0.0474443650813896,0.0539,-0.0488585786437627));
#17228=CARTESIAN_POINT('',(0.0481221825406948,0.0539,-0.0495363961030679));
#17229=CARTESIAN_POINT('',(0.0487585786437627,0.0539,-0.0489));
#17230=CARTESIAN_POINT('',(0.0487585786437627,0.0539,-0.0498));
#17231=CARTESIAN_POINT('',(0.0440268781866244,0.0539,-0.0498));
#17232=CARTESIAN_POINT('',(0.049,0.0539,-0.0498));
#17233=CARTESIAN_POINT('',(0.049,0.0539,-0.049));
#17234=CARTESIAN_POINT('',(0.0490500983300345,0.0539,-0.0497984298073893));
#17235=CARTESIAN_POINT('',(0.0490500983300345,0.054,-0.0497984298073893));
#17236=CARTESIAN_POINT('',(0.0490563606212887,0.0540000000000001,-0.049898233533313));
#17237=CARTESIAN_POINT('',(0.0490563606212888,0.0539,-0.049898233533313));
#17238=CARTESIAN_POINT('',(0.0491077222609418,0.0540000000000001,-0.0498143551428828));
#17239=CARTESIAN_POINT('',(0.0491122205313422,0.0539822296746272,-0.0498947284204182));
#17240=CARTESIAN_POINT('',(0.0491005018150483,0.0538999996303628,-0.0498954638470204));
#17241=CARTESIAN_POINT('',(0.0492133420870667,0.0539721466306791,-0.0498362844309921));
#17242=CARTESIAN_POINT('',(0.0492021592701503,0.053941428067649,-0.0498809439671195));
#17243=CARTESIAN_POINT('',(0.0491834502939669,0.0538860736310838,-0.0498842603036558));
#17244=CARTESIAN_POINT('',(0.049305387202562,0.0538399218482488,-0.0498403020241539));
#17245=CARTESIAN_POINT('',(0.049284486757388,0.0538300226212551,-0.0498543763955652));
#17246=CARTESIAN_POINT('',(0.049259985312717,0.0538199606622774,-0.0498617647016735));
#17247=CARTESIAN_POINT('',(0.0492877429660313,0.0537652703644666,-0.0498393308675205));
#17248=CARTESIAN_POINT('',(0.0492702077543297,0.0537732984384927,-0.049858867991934));
#17249=CARTESIAN_POINT('',(0.0492453698597492,0.0537826351822333,-0.0498659062489246));
#17250=CARTESIAN_POINT('',(0.0492472478285229,0.0537822467342246,-0.0498696787586553));
#17251=CARTESIAN_POINT('',(0.0492622513839193,0.0537766825163675,-0.0498616369986499));
#17252=CARTESIAN_POINT('',(0.0492761330922758,0.0537709187603897,-0.0498517104851195));
#17253=CARTESIAN_POINT('',(0.0492884815757739,0.0537650925913083,-0.0498402143323546));
#17254=CARTESIAN_POINT('',(0.0490115687581628,0.0530129030340996,-0.0498361619318652));
#17255=CARTESIAN_POINT('',(0.049,0.0530295153260525,-0.0499));
#17256=CARTESIAN_POINT('',(0.0490258897710837,0.053023059348981,-0.0499));
#17257=CARTESIAN_POINT('',(0.0490516077132593,0.0530166462198547,-0.0498887862034582));
#17258=CARTESIAN_POINT('',(0.049069636424032,0.0530121505082858,-0.049869636424032));
#17259=CARTESIAN_POINT('',(0.0488897462959865,0.0525873757201587,-0.0498));
#17260=CARTESIAN_POINT('',(0.0489445450103292,0.0525105086918034,-0.049869636424032));
#17261=CARTESIAN_POINT('',(0.0489265162995565,0.0525150044033723,-0.0498887862034582));
#17262=CARTESIAN_POINT('',(0.0489007983573809,0.0525214175324987,-0.0499));
#17263=CARTESIAN_POINT('',(0.0488749085862972,0.0525278735095701,-0.0499));
#17264=CARTESIAN_POINT('',(0.0481612017660825,0.0527123270617316,-0.0497994226585116));
#17265=CARTESIAN_POINT('',(0.0488216730865123,0.0522349725348706,-0.0498630941479001));
#17266=CARTESIAN_POINT('',(0.0488064334100747,0.052245713294229,-0.0498860139117364));
#17267=CARTESIAN_POINT('',(0.0487826247510322,0.0522626706177491,-0.0498999454198093));
#17268=CARTESIAN_POINT('',(0.0487585775205896,0.0522798359037733,-0.0498999931147045));
#17269=CARTESIAN_POINT('',(0.0480674530806086,0.0527712076371829,-0.0491123359675238));
#17270=CARTESIAN_POINT('',(0.048596755170979,0.0519770276593624,-0.0498247295004816));
#17271=CARTESIAN_POINT('',(0.0485789127290645,0.0519881918849686,-0.0498585753995605));
#17272=CARTESIAN_POINT('',(0.0485484368317295,0.0520175717158525,-0.0498782602434981));
#17273=CARTESIAN_POINT('',(0.0485231402194066,0.0520477626258001,-0.0498721679319049));
#17274=CARTESIAN_POINT('',(0.0485967392464233,0.0519770500882838,-0.0498247137072979));
#17275=CARTESIAN_POINT('',(0.0485660792997665,0.0519960816286978,-0.0498822883165211));
#17276=CARTESIAN_POINT('',(0.0485232015356078,0.0520477607664024,-0.0498719041192199));
#17277=CARTESIAN_POINT('',(0.0484370189335184,0.051836758969251,-0.0497860324169862));
#17278=CARTESIAN_POINT('',(0.0483877644652671,0.0518455647790229,-0.0498477401808336));
#17279=CARTESIAN_POINT('',(0.048345734521262,0.0519074696473699,-0.04982892490779));
#17280=CARTESIAN_POINT('',(0.0482883867119574,0.0516726646836211,-0.0497026002743015));
#17281=CARTESIAN_POINT('',(0.0482252695511082,0.0516712749921135,-0.049763752114581));
#17282=CARTESIAN_POINT('',(0.0481805876084084,0.0517433753617384,-0.0497362225270188));
#17283=CARTESIAN_POINT('',(0.0481721825406948,0.0515083271686377,-0.0495863961030679));
#17284=CARTESIAN_POINT('',(0.0481014718625762,0.0515083271686377,-0.0496571067811865));
#17285=CARTESIAN_POINT('',(0.0480514718625762,0.0515790378467564,-0.0496071067811865));
#17286=CARTESIAN_POINT('',(0.0481221825406948,0.0515790378467564,-0.0495363961030679));
#17287=CARTESIAN_POINT('',(0.0484536196956741,0.0520477607664024,-0.0498678332580472));
#17288=CARTESIAN_POINT('',(0.0480784263776389,0.0515171572875254,-0.049492639940012));
#17289=CARTESIAN_POINT('',(0.0478784263776389,0.0518,-0.049292639940012));
#17290=CARTESIAN_POINT('',(0.0478784263776389,0.0514,-0.049292639940012));
#17291=CARTESIAN_POINT('',(0.0474443650813896,0.0514,-0.0488585786437627));
#17292=CARTESIAN_POINT('',(0.047309834689803,0.0514,-0.0487240482521761));
#17293=CARTESIAN_POINT('',(0.047309834689803,0.0518,-0.0487240482521761));
#17294=CARTESIAN_POINT('',(0.0470270350556435,0.0517930190374251,-0.0484412486180166));
#17295=CARTESIAN_POINT('',(0.0470357132165557,0.0510899123512552,-0.0484499267789288));
#17296=CARTESIAN_POINT('',(0.0469615331401343,0.0571,-0.0483757467025073));
#17297=CARTESIAN_POINT('',(0.04885,0.0511,-0.0474357864376269));
#17298=CARTESIAN_POINT('',(0.04885,0.0571,-0.0474357864376269));
#17299=CARTESIAN_POINT('',(0.04885,0.05405,-0.0474357864376269));
#17300=CARTESIAN_POINT('',(0.0489207106781187,0.05405,-0.0473650757595082));
#17301=CARTESIAN_POINT('',(0.04895,0.05405,-0.0473943650813896));
#17302=CARTESIAN_POINT('',(0.04895,0.05405,-0.0474357864376269));
#17303=CARTESIAN_POINT('',(0.0489207106839374,0.0539714590201258,-0.047365075765327));
#17304=CARTESIAN_POINT('',(0.0489500000132096,0.0540021301753085,-0.0473943650945977));
#17305=CARTESIAN_POINT('',(0.04895,0.0540238196733753,-0.0474357864434456));
#17306=CARTESIAN_POINT('',(0.0489921702800063,0.0539000000020567,-0.0474365353613959));
#17307=CARTESIAN_POINT('',(0.0490265289383288,0.0539687584525877,-0.0474708940197195));
#17308=CARTESIAN_POINT('',(0.0489738198672955,0.054,-0.0475072460395146));
#17309=CARTESIAN_POINT('',(0.0490707106781187,0.0539,-0.0475150757595083));
#17310=CARTESIAN_POINT('',(0.0490707106781186,0.054,-0.0475150757595083));
#17311=CARTESIAN_POINT('',(0.049,0.054,-0.0475857864376269));
#17312=CARTESIAN_POINT('',(0.049,0.0539,-0.0475857864376269));
#17313=CARTESIAN_POINT('',(0.0501313708498985,0.0539,-0.0487171572875254));
#17314=CARTESIAN_POINT('',(0.0495363961030679,0.0539,-0.0481221825406948));
#17315=CARTESIAN_POINT('',(0.0489,0.0539,-0.0487585786437627));
#17316=CARTESIAN_POINT('',(0.0498,0.0539,-0.0487585786437627));
#17317=CARTESIAN_POINT('',(0.0498,0.0539,-0.0548216499507995));
#17318=CARTESIAN_POINT('',(0.0498,0.0539,-0.049));
#17319=CARTESIAN_POINT('',(0.049,0.0539,-0.049));
#17320=CARTESIAN_POINT('',(0.0497984298073894,0.0539,-0.0490500983300345));
#17321=CARTESIAN_POINT('',(0.0498393308675205,0.0537652703644666,-0.0492877429660313));
#17322=CARTESIAN_POINT('',(0.049858867991934,0.0537732984384927,-0.0492702077543297));
#17323=CARTESIAN_POINT('',(0.0498659062489246,0.0537826351822333,-0.0492453698597492));
#17324=CARTESIAN_POINT('',(0.0498403049895065,0.0538400582605999,-0.0493054182535399));
#17325=CARTESIAN_POINT('',(0.0498543689442094,0.053830124860853,-0.0492845104009859));
#17326=CARTESIAN_POINT('',(0.049861757727309,0.0538200290361614,-0.0492600099251361));
#17327=CARTESIAN_POINT('',(0.0498363347957518,0.0539721421492148,-0.0492134712701693));
#17328=CARTESIAN_POINT('',(0.0498809587217055,0.0539413933161308,-0.0492022215025812));
#17329=CARTESIAN_POINT('',(0.0498842668467282,0.0538860712779548,-0.0491835455041002));
#17330=CARTESIAN_POINT('',(0.0498142283127426,0.0540000000000001,-0.0491072632643317));
#17331=CARTESIAN_POINT('',(0.0498947539074154,0.0539823588159523,-0.0491118148049014));
#17332=CARTESIAN_POINT('',(0.0498954859090731,0.0538999996874505,-0.0491001502065173));
#17333=CARTESIAN_POINT('',(0.0497984298073896,0.0540000000000001,-0.0490500983300343));
#17334=CARTESIAN_POINT('',(0.0498982335333133,0.0540000000000001,-0.0490563606212885));
#17335=CARTESIAN_POINT('',(0.0498982335333133,0.0539000000000001,-0.0490563606212886));
#17336=CARTESIAN_POINT('',(0.0498402143323546,0.0537650925913083,-0.0492884815757738));
#17337=CARTESIAN_POINT('',(0.0498517104851195,0.0537709187603897,-0.0492761330922757));
#17338=CARTESIAN_POINT('',(0.0498616369986499,0.0537766825163676,-0.0492622513839192));
#17339=CARTESIAN_POINT('',(0.0498696787586553,0.0537822467342247,-0.0492472478285228));
#17340=CARTESIAN_POINT('',(0.0498361619318652,0.0530129030340996,-0.0490115687581627));
#17341=CARTESIAN_POINT('',(0.049869636424032,0.0530121505082857,-0.049069636424032));
#17342=CARTESIAN_POINT('',(0.0498887862034582,0.0530166462198546,-0.0490516077132593));
#17343=CARTESIAN_POINT('',(0.0499,0.053023059348981,-0.0490258897710837));
#17344=CARTESIAN_POINT('',(0.0499,0.0530295153260524,-0.049));
#17345=CARTESIAN_POINT('',(0.0498,0.0551216179807885,-0.0495216951021496));
#17346=CARTESIAN_POINT('',(0.0499,0.0525278735095701,-0.0488749085862973));
#17347=CARTESIAN_POINT('',(0.0499,0.0525214175324986,-0.0489007983573809));
#17348=CARTESIAN_POINT('',(0.0498887862034582,0.0525150044033723,-0.0489265162995565));
#17349=CARTESIAN_POINT('',(0.049869636424032,0.0525105086918034,-0.0489445450103293));
#17350=CARTESIAN_POINT('',(0.0497994226585108,0.0527123270617327,-0.0481612017660809));
#17351=CARTESIAN_POINT('',(0.0498999931171231,0.0522798394488496,-0.0487585786354246));
#17352=CARTESIAN_POINT('',(0.0498999457688367,0.0522626730979189,-0.0487826255763302));
#17353=CARTESIAN_POINT('',(0.0498860142175984,0.0522457144965024,-0.0488064339699425));
#17354=CARTESIAN_POINT('',(0.0498630941516727,0.0522349725417231,-0.0488216730876795));
#17355=CARTESIAN_POINT('',(0.0491080813656912,0.0527484642931665,-0.0480978659844842));
#17356=CARTESIAN_POINT('',(0.0498698153569478,0.0520477875034012,-0.0485237248152525));
#17357=CARTESIAN_POINT('',(0.0498755893904595,0.0520178646882081,-0.0485483017881219));
#17358=CARTESIAN_POINT('',(0.0498570371486939,0.0519890573112853,-0.0485781931711413));
#17359=CARTESIAN_POINT('',(0.0498244941005299,0.0519773425544342,-0.048596536419546));
#17360=CARTESIAN_POINT('',(0.0483404415607033,0.0515892363631203,-0.0493236684550196));
#17361=CARTESIAN_POINT('',(0.0495863961030679,0.0515083271686377,-0.0481721825406949));
#17362=CARTESIAN_POINT('',(0.0496234201275526,0.0515083271686377,-0.0481351585162102));
#17363=CARTESIAN_POINT('',(0.0496332867199665,0.0515420138222717,-0.0480776518013561));
#17364=CARTESIAN_POINT('',(0.0496071067811866,0.0515790378467564,-0.0480514718625762));
#17365=CARTESIAN_POINT('',(0.0498678332580472,0.0520477607664024,-0.0484536196956741));
#17366=CARTESIAN_POINT('',(0.049492639940012,0.0515171572875254,-0.0480784263776389));
#17367=CARTESIAN_POINT('',(0.049292639940012,0.0518,-0.0478784263776389));
#17368=CARTESIAN_POINT('',(0.049292639940012,0.0514,-0.0478784263776389));
#17369=CARTESIAN_POINT('',(0.049292639940012,0.0514,-0.0478784263776389));
#17370=CARTESIAN_POINT('',(0.0487240482521761,0.0514,-0.047309834689803));
#17371=CARTESIAN_POINT('',(0.0487240482521761,0.0518,-0.047309834689803));
#17372=CARTESIAN_POINT('',(0.0484412486180166,0.0517930190374251,-0.0470270350556435));
#17373=CARTESIAN_POINT('',(0.0484412486180166,0.0517930190374251,-0.0470270350556435));
#17374=CARTESIAN_POINT('',(0.0483757467025073,0.0571,-0.0469615331401343));
#17375=CARTESIAN_POINT('',(0.0415,0.0571,-0.05001));
#17376=CARTESIAN_POINT('',(0.049,0.0571,-0.049));
#17377=CARTESIAN_POINT('',(0.0495,0.0571,-0.049));
#17378=CARTESIAN_POINT('',(0.049,0.0571,-0.0495));
#17379=CARTESIAN_POINT('',(0.0495,0.0571,-0.05001));
#17380=CARTESIAN_POINT('',(0.0495,0.0571,-0.042));
#17381=CARTESIAN_POINT('',(0.0415,0.0571,-0.042));
#17382=CARTESIAN_POINT('',(0.042,0.0571,-0.042));
#17383=CARTESIAN_POINT('',(0.042,0.0571,-0.05001));
#17384=CARTESIAN_POINT('',(0.042,0.0571,-0.0495));
#17385=CARTESIAN_POINT('',(0.0415,0.0571,-0.0495));
#17386=CARTESIAN_POINT('',(0.0415,0.0746,-0.05001));
#17387=CARTESIAN_POINT('',(0.0461715728752538,0.0746,-0.0477272077938642));
#17388=CARTESIAN_POINT('',(0.0453937554159486,0.0746,-0.0485050252531694));
#17389=CARTESIAN_POINT('',(0.0451059348446489,0.0746,-0.048));
#17390=CARTESIAN_POINT('',(0.0465,0.0746,-0.048));
#17391=CARTESIAN_POINT('',(0.0425,0.0746,-0.048));
#17392=CARTESIAN_POINT('',(0.0425,0.0746,-0.05));
#17393=CARTESIAN_POINT('',(0.0425,0.0746,-0.049));
#17394=CARTESIAN_POINT('',(0.05,0.0746,-0.049));
#17395=CARTESIAN_POINT('',(0.0458887301627792,0.0746,-0.049));
#17396=CARTESIAN_POINT('',(0.0441993650813896,0.0746,-0.0473106349186104));
#17397=CARTESIAN_POINT('',(0.0490414213562373,0.0746,-0.0472029437251523));
#17398=CARTESIAN_POINT('',(0.0478686291501015,0.0746,-0.0460301515190165));
#17399=CARTESIAN_POINT('',(0.0490414213562373,0.0746,-0.0472029437251523));
#17400=CARTESIAN_POINT('',(0.0477272077938642,0.0746,-0.0461715728752538));
#17401=CARTESIAN_POINT('',(0.0475857864376269,0.0746,-0.0460301515190165));
#17402=CARTESIAN_POINT('',(0.0468029689783217,0.0746,-0.0468129689783217));
#17403=CARTESIAN_POINT('',(0.0460301515190165,0.0746,-0.0475857864376269));
#17404=CARTESIAN_POINT('',(0.0461715728752538,0.0746,-0.0477272077938642));
#17405=CARTESIAN_POINT('',(0.0460301515190165,0.0746,-0.0478686291501015));
#17406=CARTESIAN_POINT('',(0.0460301515190165,0.0746,-0.0478686291501015));
#17407=CARTESIAN_POINT('',(0.0472029437251523,0.0746,-0.0490414213562373));
#17408=CARTESIAN_POINT('',(0.0473443650813896,0.0746,-0.0489));
#17409=CARTESIAN_POINT('',(0.0473443650813896,0.0746,-0.0491));
#17410=CARTESIAN_POINT('',(0.0473443650813896,0.0746,-0.0491));
#17411=CARTESIAN_POINT('',(0.0488,0.0746,-0.0491));
#17412=CARTESIAN_POINT('',(0.0488,0.0746,-0.0488));
#17413=CARTESIAN_POINT('',(0.0491,0.0746,-0.0488));
#17414=CARTESIAN_POINT('',(0.0491,0.0746,-0.0488));
#17415=CARTESIAN_POINT('',(0.0491,0.0746,-0.0473443650813896));
#17416=CARTESIAN_POINT('',(0.0489,0.0746,-0.0473443650813896));
#17417=CARTESIAN_POINT('',(0.0465,0.0746,-0.047));
#17418=CARTESIAN_POINT('',(0.042,0.0746,-0.047));
#17419=CARTESIAN_POINT('',(0.0465,0.0746,-0.047));
#17420=CARTESIAN_POINT('',(0.0465,0.0746,0.047));
#17421=CARTESIAN_POINT('',(0.0465,0.0746,-0.042));
#17422=CARTESIAN_POINT('',(0.0465,0.0746,-0.042));
#17423=CARTESIAN_POINT('',(0.0495,0.0746,-0.042));
#17424=CARTESIAN_POINT('',(0.0495,0.0746,-0.05001));
#17425=CARTESIAN_POINT('',(0.0495,0.0746,-0.049));
#17426=CARTESIAN_POINT('',(0.049,0.0746,-0.049));
#17427=CARTESIAN_POINT('',(0.049,0.0746,-0.0495));
#17428=CARTESIAN_POINT('',(0.05,0.0746,-0.0495));
#17429=CARTESIAN_POINT('',(0.042,0.0746,-0.0495));
#17430=CARTESIAN_POINT('',(0.042,0.0746,-0.0495));
#17431=CARTESIAN_POINT('',(0.0477272077938642,0.0746,-0.0461715728752538));
#17432=CARTESIAN_POINT('',(0.0475,0.0746,-0.0450952938136683));
#17433=CARTESIAN_POINT('',(0.0485050252531694,0.0746,-0.0453937554159486));
#17434=CARTESIAN_POINT('',(0.0484343145750508,0.0746,-0.04532304473783));
#17435=CARTESIAN_POINT('',(0.049,0.0746,-0.0458887301627792));
#17436=CARTESIAN_POINT('',(0.049,0.0746,-0.05));
#17437=CARTESIAN_POINT('',(0.049,0.0746,-0.0425));
#17438=CARTESIAN_POINT('',(0.05,0.0746,-0.0425));
#17439=CARTESIAN_POINT('',(0.0475,0.0746,-0.0425));
#17440=CARTESIAN_POINT('',(0.0475,0.0746,0.047));
#17441=CARTESIAN_POINT('',(0.,0.0725,0.));
#17442=CARTESIAN_POINT('',(0.0461715728752538,0.0725,-0.0477272077938642));
#17443=CARTESIAN_POINT('',(0.0453462433504317,0.0725,-0.047));
#17444=CARTESIAN_POINT('',(0.0453937554159486,0.0725,-0.046949390334559));
#17445=CARTESIAN_POINT('',(0.0461715728752538,0.0725,-0.0461715728752538));
#17446=CARTESIAN_POINT('',(0.0465,0.0725,-0.0458431457505076));
#17447=CARTESIAN_POINT('',(0.0465,0.0725,0.047));
#17448=CARTESIAN_POINT('',(0.0465,0.0725,-0.047));
#17449=CARTESIAN_POINT('',(0.0465,0.0725,-0.047));
#17450=CARTESIAN_POINT('',(0.05,0.1135,-0.0415));
#17451=CARTESIAN_POINT('',(0.0495,0.0741,-0.0415));
#17452=CARTESIAN_POINT('',(0.0465,0.0741,-0.0415));
#17453=CARTESIAN_POINT('',(0.0465,0.1135,-0.0415));
#17454=CARTESIAN_POINT('',(0.0465,0.0725,-0.0415));
#17455=CARTESIAN_POINT('',(0.05,0.0725,-0.0415));
#17456=CARTESIAN_POINT('',(0.042,0.0725,-0.0415));
#17457=CARTESIAN_POINT('',(0.042,0.1135,-0.0415));
#17458=CARTESIAN_POINT('',(0.042,0.0576,-0.0415));
#17459=CARTESIAN_POINT('',(0.05,0.0576,-0.0415));
#17460=CARTESIAN_POINT('',(0.0495,0.0576,-0.0415));
#17461=CARTESIAN_POINT('',(0.0495,0.1135,-0.0415));
#17462=CARTESIAN_POINT('',(0.0415,0.1135,-0.05));
#17463=CARTESIAN_POINT('',(0.0415,0.0576,-0.05));
#17464=CARTESIAN_POINT('',(0.0415,0.0576,-0.042));
#17465=CARTESIAN_POINT('',(0.0415,0.1135,-0.042));
#17466=CARTESIAN_POINT('',(0.0415,0.0725,-0.042));
#17467=CARTESIAN_POINT('',(0.0415,0.0725,-0.05));
#17468=CARTESIAN_POINT('',(0.0415,0.0725,-0.047));
#17469=CARTESIAN_POINT('',(0.0415,0.1135,-0.047));
#17470=CARTESIAN_POINT('',(0.0415,0.0741,-0.047));
#17471=CARTESIAN_POINT('',(0.0415,0.0741,-0.047));
#17472=CARTESIAN_POINT('',(0.0415,0.0741,-0.0495));
#17473=CARTESIAN_POINT('',(0.0415,0.1135,-0.0495));
#17474=CARTESIAN_POINT('',(0.049,0.1135,-0.049));
#17475=CARTESIAN_POINT('',(0.049,0.0717,-0.049));
#17476=CARTESIAN_POINT('',(0.049,0.0741,-0.049));
#17477=CARTESIAN_POINT('',(0.049,0.1135,-0.049));
#17478=CARTESIAN_POINT('',(0.049,0.0685,-0.049));
#17479=CARTESIAN_POINT('',(0.049,0.0576,-0.049));
#17480=CARTESIAN_POINT('',(0.,0.0725,0.));
#17481=CARTESIAN_POINT('',(0.0465,0.0725,0.047));
#17482=CARTESIAN_POINT('',(0.0465,0.0725,-0.0425));
#17483=CARTESIAN_POINT('',(0.05,0.0725,-0.0425));
#17484=CARTESIAN_POINT('',(0.0425,0.0725,-0.0425));
#17485=CARTESIAN_POINT('',(0.0425,0.0725,-0.05));
#17486=CARTESIAN_POINT('',(0.0425,0.0725,-0.047));
#17487=CARTESIAN_POINT('',(0.0465,0.0725,-0.047));
#17488=CARTESIAN_POINT('',(0.042,0.0725,-0.042));
#17489=CARTESIAN_POINT('',(0.0465,0.0746,0.047));
#17490=CARTESIAN_POINT('',(0.0465,0.0746,-0.047));
#17491=CARTESIAN_POINT('',(0.0465,0.0725,0.047));
#17492=CARTESIAN_POINT('',(0.0465,0.0741,-0.042));
#17493=CARTESIAN_POINT('',(0.0465,0.0746,-0.047));
#17494=CARTESIAN_POINT('',(0.0465,0.0725,-0.047));
#17495=CARTESIAN_POINT('',(0.042,0.0741,-0.047));
#17496=CARTESIAN_POINT('',(0.0483443650813896,0.0685,-0.05));
#17497=CARTESIAN_POINT('',(0.0483443650813896,0.0686,-0.05));
#17498=CARTESIAN_POINT('',(0.0483443650813896,0.0686,-0.0499));
#17499=CARTESIAN_POINT('',(0.0482703167238882,0.0685000000005791,-0.05));
#17500=CARTESIAN_POINT('',(0.0482831638039195,0.0686204006405822,-0.049999999999999));
#17501=CARTESIAN_POINT('',(0.0482888288132634,0.0686,-0.0498814879106245));
#17502=CARTESIAN_POINT('',(0.0481228106152207,0.0685433374441798,-0.05));
#17503=CARTESIAN_POINT('',(0.0481958722419426,0.0687378259228434,-0.0500000000000008));
#17504=CARTESIAN_POINT('',(0.0481781992320523,0.0686216687222347,-0.0498446113831687));
#17505=CARTESIAN_POINT('',(0.0480615223712288,0.0686476396861121,-0.05));
#17506=CARTESIAN_POINT('',(0.0483029436551309,0.0687370286081238,-0.0499999999999997));
#17507=CARTESIAN_POINT('',(0.0481322330481904,0.0686738198430561,-0.0498292893230382));
#17508=CARTESIAN_POINT('',(0.048061522368915,0.0687,-0.05));
#17509=CARTESIAN_POINT('',(0.0483029437251523,0.0687,-0.05));
#17510=CARTESIAN_POINT('',(0.0481322330470336,0.0687,-0.0498292893218813));
#17511=CARTESIAN_POINT('',(0.0483443650813896,0.0685,-0.0499));
#17512=CARTESIAN_POINT('',(0.0483443650813896,0.0686,-0.0499));
#17513=CARTESIAN_POINT('',(0.048061522368915,0.0687,-0.0499));
#17514=CARTESIAN_POINT('',(0.0481322330470337,0.0687,-0.0498292893218814));
#17515=CARTESIAN_POINT('',(0.0483443650813896,0.0687,-0.0499));
#17516=CARTESIAN_POINT('',(0.05,0.0685,-0.0499));
#17517=CARTESIAN_POINT('',(0.049,0.0685,-0.0499));
#17518=CARTESIAN_POINT('',(0.049,0.0686,-0.0499));
#17519=CARTESIAN_POINT('',(0.0488,0.0686,-0.0499));
#17520=CARTESIAN_POINT('',(0.049,0.0685,-0.049));
#17521=CARTESIAN_POINT('',(0.0499,0.0685,-0.049));
#17522=CARTESIAN_POINT('',(0.0499,0.0686,-0.049));
#17523=CARTESIAN_POINT('',(0.049,0.0686,-0.049));
#17524=CARTESIAN_POINT('',(0.0499,0.0685,-0.05));
#17525=CARTESIAN_POINT('',(0.0499,0.0686,-0.0488));
#17526=CARTESIAN_POINT('',(0.0499,0.0686,-0.0483443650813896));
#17527=CARTESIAN_POINT('',(0.0499,0.0685,-0.0483443650813896));
#17528=CARTESIAN_POINT('',(0.05,0.0687,-0.048061522368915));
#17529=CARTESIAN_POINT('',(0.05,0.0687,-0.0483029437251523));
#17530=CARTESIAN_POINT('',(0.0498292893218813,0.0687,-0.0481322330470336));
#17531=CARTESIAN_POINT('',(0.05,0.0686476396861121,-0.0480615223712288));
#17532=CARTESIAN_POINT('',(0.0499999999999997,0.0687370286081238,-0.0483029436551309));
#17533=CARTESIAN_POINT('',(0.0498292893230382,0.0686738198430561,-0.0481322330481904));
#17534=CARTESIAN_POINT('',(0.05,0.0685433374441798,-0.0481228106152207));
#17535=CARTESIAN_POINT('',(0.0500000000000008,0.0687378259228434,-0.0481958722419427));
#17536=CARTESIAN_POINT('',(0.0498446113831687,0.0686216687222347,-0.0481781992320523));
#17537=CARTESIAN_POINT('',(0.05,0.0685000000005791,-0.0482703167238882));
#17538=CARTESIAN_POINT('',(0.049999999999999,0.0686204006405823,-0.0482831638039195));
#17539=CARTESIAN_POINT('',(0.0498814879106245,0.0686,-0.0482888288132634));
#17540=CARTESIAN_POINT('',(0.05,0.0685,-0.0483443650813896));
#17541=CARTESIAN_POINT('',(0.05,0.0686,-0.0483443650813896));
#17542=CARTESIAN_POINT('',(0.0499,0.0686,-0.0483443650813896));
#17543=CARTESIAN_POINT('',(0.0499,0.0687,-0.0483443650813896));
#17544=CARTESIAN_POINT('',(0.0498292893218814,0.0687,-0.0481322330470337));
#17545=CARTESIAN_POINT('',(0.0499,0.0687,-0.048061522368915));
#17546=CARTESIAN_POINT('',(0.0472855642219057,0.071590384133329,-0.0490866233266612));
#17547=CARTESIAN_POINT('',(0.0473943650813896,0.0715707106781186,-0.04905));
#17548=CARTESIAN_POINT('',(0.0473676347314935,0.0715581098703353,-0.049041089883368));
#17549=CARTESIAN_POINT('',(0.0473225008366736,0.0715345396442957,-0.0490195571115213));
#17550=CARTESIAN_POINT('',(0.047273654403271,0.0715,-0.0489707106781187));
#17551=CARTESIAN_POINT('',(0.047273654403271,0.0715,-0.0489707106781187));
#17552=CARTESIAN_POINT('',(0.0473943650813896,0.0715707106781187,-0.04905));
#17553=CARTESIAN_POINT('',(0.0473943989943907,0.0715706635020352,-0.0490499645507988));
#17554=CARTESIAN_POINT('',(0.0473838245849803,0.071585608152021,-0.0490199599250775));
#17555=CARTESIAN_POINT('',(0.0473646489754651,0.071612726559064,-0.0490007843155623));
#17556=CARTESIAN_POINT('',(0.0473443664039622,0.0716414202699798,-0.0489999319603702));
#17557=CARTESIAN_POINT('',(0.0473443650813896,0.0716414213562373,-0.049));
#17558=CARTESIAN_POINT('',(0.0472736544032709,0.0715,-0.0489707106781187));
#17559=CARTESIAN_POINT('',(0.0472980776199722,0.0715690792885915,-0.0489951338948199));
#17560=CARTESIAN_POINT('',(0.0473265448481255,0.0716162197406706,-0.049));
#17561=CARTESIAN_POINT('',(0.0473443650813896,0.0716414213562373,-0.049));
#17562=CARTESIAN_POINT('',(0.0488,0.0686,-0.049));
#17563=CARTESIAN_POINT('',(0.0473443650813896,0.0746,-0.049));
#17564=CARTESIAN_POINT('',(0.0473443650813896,0.0745,-0.049));
#17565=CARTESIAN_POINT('',(0.0475443650813896,0.0715,-0.049));
#17566=CARTESIAN_POINT('',(0.0475443650813896,0.0717,-0.049));
#17567=CARTESIAN_POINT('',(0.0488,0.0717,-0.049));
#17568=CARTESIAN_POINT('',(0.0488,0.0717,-0.049));
#17569=CARTESIAN_POINT('',(0.0488,0.0686,-0.049));
#17570=CARTESIAN_POINT('',(0.0488,0.0745,-0.049));
#17571=CARTESIAN_POINT('',(0.0488,0.0745,-0.049));
#17572=CARTESIAN_POINT('',(0.0488,0.0686,-0.0488));
#17573=CARTESIAN_POINT('',(0.0488,0.0717,-0.0488));
#17574=CARTESIAN_POINT('',(0.049,0.0717,-0.0488));
#17575=CARTESIAN_POINT('',(0.049,0.0686,-0.0488));
#17576=CARTESIAN_POINT('',(0.049,0.0745,-0.0488));
#17577=CARTESIAN_POINT('',(0.0488,0.0745,-0.0488));
#17578=CARTESIAN_POINT('',(0.0491,0.0745,-0.05001));
#17579=CARTESIAN_POINT('',(0.0491,0.0745,-0.0473443650813896));
#17580=CARTESIAN_POINT('',(0.049,0.0745,-0.0473443650813896));
#17581=CARTESIAN_POINT('',(0.0491,0.0745,-0.0488));
#17582=CARTESIAN_POINT('',(0.049,0.0745,-0.0473443650813896));
#17583=CARTESIAN_POINT('',(0.0489,0.0745,-0.0473443650813896));
#17584=CARTESIAN_POINT('',(0.0490414213562373,0.0745,-0.0472029437251523));
#17585=CARTESIAN_POINT('',(0.0489707106781187,0.0745,-0.047273654403271));
#17586=CARTESIAN_POINT('',(0.0489,0.0745,-0.0473443650813896));
#17587=CARTESIAN_POINT('',(0.0509242388155425,0.0745,-0.0490857611844575));
#17588=CARTESIAN_POINT('',(0.0478686291501015,0.0745,-0.0460301515190165));
#17589=CARTESIAN_POINT('',(0.0477979184719829,0.0745,-0.0461008621971352));
#17590=CARTESIAN_POINT('',(0.0477979184719829,0.0745,-0.0461008621971352));
#17591=CARTESIAN_POINT('',(0.0477272077938642,0.0745,-0.0461715728752538));
#17592=CARTESIAN_POINT('',(0.0477272077938642,0.0745,-0.0461715728752538));
#17593=CARTESIAN_POINT('',(0.0476564971157456,0.0745,-0.0461008621971352));
#17594=CARTESIAN_POINT('',(0.0475857864376269,0.0745,-0.0460301515190165));
#17595=CARTESIAN_POINT('',(0.0477272077938642,0.0686,-0.0460301515190165));
#17596=CARTESIAN_POINT('',(0.0476564971157456,0.0686,-0.0461008621971352));
#17597=CARTESIAN_POINT('',(0.0476564971157456,0.0687,-0.0461008621971352));
#17598=CARTESIAN_POINT('',(0.0477272077938642,0.0687,-0.0460301515190165));
#17599=CARTESIAN_POINT('',(0.0461008621971352,0.0687,-0.0476564971157456));
#17600=CARTESIAN_POINT('',(0.0461008621971352,0.0686,-0.0476564971157456));
#17601=CARTESIAN_POINT('',(0.0461008621971352,0.0745,-0.0476564971157456));
#17602=CARTESIAN_POINT('',(0.0477272077938642,0.0745,-0.0460301515190165));
#17603=CARTESIAN_POINT('',(0.0461715728752538,0.0745,-0.0477272077938642));
#17604=CARTESIAN_POINT('',(0.0460301515190165,0.0745,-0.0475857864376269));
#17605=CARTESIAN_POINT('',(0.0461715728752538,0.0745,-0.0477272077938642));
#17606=CARTESIAN_POINT('',(0.0461008621971352,0.0745,-0.0477979184719829));
#17607=CARTESIAN_POINT('',(0.0460301515190165,0.0745,-0.0478686291501015));
#17608=CARTESIAN_POINT('',(0.0476564971157456,0.0745,-0.0459594408408979));
#17609=CARTESIAN_POINT('',(0.0477272077938642,0.0686,-0.0461715728752538));
#17610=CARTESIAN_POINT('',(0.0477979184719829,0.0686,-0.0461008621971352));
#17611=CARTESIAN_POINT('',(0.0477979184719829,0.0687,-0.0461008621971352));
#17612=CARTESIAN_POINT('',(0.0477272077938642,0.0687,-0.0461715728752538));
#17613=CARTESIAN_POINT('',(0.0477272077938642,0.0687,-0.0461715728752538));
#17614=CARTESIAN_POINT('',(0.0477272077938642,0.0687,-0.0461715728752538));
#17615=CARTESIAN_POINT('',(0.0477272077938642,0.0686,-0.0461715728752538));
#17616=CARTESIAN_POINT('',(0.0477272077938642,0.0687,-0.0461715728752538));
#17617=CARTESIAN_POINT('',(0.0476564971157456,0.0687,-0.0461008621971352));
#17618=CARTESIAN_POINT('',(0.0495778174593052,0.0686,-0.0480221825406948));
#17619=CARTESIAN_POINT('',(0.0477272077938642,0.0687,-0.0460301515190165));
#17620=CARTESIAN_POINT('',(0.0499,0.0686,-0.048061522368915));
#17621=CARTESIAN_POINT('',(0.0498292893218814,0.0715,-0.0481322330470337));
#17622=CARTESIAN_POINT('',(0.0498292893218814,0.0715,-0.0481322330470337));
#17623=CARTESIAN_POINT('',(0.0499,0.0715,-0.048061522368915));
#17624=CARTESIAN_POINT('',(0.05,0.0717,-0.0483443650813896));
#17625=CARTESIAN_POINT('',(0.05,0.0716,-0.0483443650813896));
#17626=CARTESIAN_POINT('',(0.0499,0.0716,-0.0483443650813896));
#17627=CARTESIAN_POINT('',(0.05,0.0716999999994209,-0.0482703167238882));
#17628=CARTESIAN_POINT('',(0.049999999999999,0.0715795993594172,-0.0482831638039195));
#17629=CARTESIAN_POINT('',(0.0498814879106245,0.0716,-0.0482888288132634));
#17630=CARTESIAN_POINT('',(0.05,0.0716566625558202,-0.0481228106152207));
#17631=CARTESIAN_POINT('',(0.0500000000000008,0.071462174077157,-0.0481958722419427));
#17632=CARTESIAN_POINT('',(0.0498446113831687,0.0715783312777653,-0.0481781992320523));
#17633=CARTESIAN_POINT('',(0.05,0.0715523603138879,-0.0480615223712288));
#17634=CARTESIAN_POINT('',(0.0499999999999997,0.0714629713918758,-0.0483029436551309));
#17635=CARTESIAN_POINT('',(0.0498292893230382,0.0715261801569439,-0.0481322330481904));
#17636=CARTESIAN_POINT('',(0.05,0.0715,-0.048061522368915));
#17637=CARTESIAN_POINT('',(0.05,0.0715,-0.0483029437251523));
#17638=CARTESIAN_POINT('',(0.0498292893218813,0.0715,-0.0481322330470336));
#17639=CARTESIAN_POINT('',(0.0499,0.0715,-0.0483443650813896));
#17640=CARTESIAN_POINT('',(0.0499,0.0716,-0.0483443650813896));
#17641=CARTESIAN_POINT('',(0.0499,0.0717,-0.0483443650813896));
#17642=CARTESIAN_POINT('',(0.0499,0.0717,9.00340792280726E-18));
#17643=CARTESIAN_POINT('',(0.0499,0.0716,-0.049));
#17644=CARTESIAN_POINT('',(0.0499,0.0716,-0.049));
#17645=CARTESIAN_POINT('',(0.0499,0.0717,-0.049));
#17646=CARTESIAN_POINT('',(0.049,0.0717,-0.049));
#17647=CARTESIAN_POINT('',(0.049,0.0716,-0.049));
#17648=CARTESIAN_POINT('',(0.049,0.0716,-0.0499));
#17649=CARTESIAN_POINT('',(0.049,0.0717,-0.0499));
#17650=CARTESIAN_POINT('',(-1.14524293006569E-17,0.0717,-0.0499));
#17651=CARTESIAN_POINT('',(0.0484443650813896,0.0716,-0.0499));
#17652=CARTESIAN_POINT('',(0.0483443650813896,0.0716,-0.0499));
#17653=CARTESIAN_POINT('',(0.0483443650813896,0.0717,-0.0499));
#17654=CARTESIAN_POINT('',(0.048061522368915,0.0715,-0.05));
#17655=CARTESIAN_POINT('',(0.0483029437251523,0.0715,-0.05));
#17656=CARTESIAN_POINT('',(0.0481322330470336,0.0715,-0.0498292893218813));
#17657=CARTESIAN_POINT('',(0.0480615223712288,0.0715523603138879,-0.05));
#17658=CARTESIAN_POINT('',(0.0483029436551309,0.0714629713918758,-0.0499999999999997));
#17659=CARTESIAN_POINT('',(0.0481322330481904,0.0715261801569439,-0.0498292893230382));
#17660=CARTESIAN_POINT('',(0.0481228106152207,0.0716566625558202,-0.05));
#17661=CARTESIAN_POINT('',(0.0481958722419427,0.0714621740771571,-0.0500000000000008));
#17662=CARTESIAN_POINT('',(0.0481781992320523,0.0715783312777653,-0.0498446113831687));
#17663=CARTESIAN_POINT('',(0.0482703167238882,0.0716999999994209,-0.05));
#17664=CARTESIAN_POINT('',(0.0482831638039195,0.0715795993594172,-0.049999999999999));
#17665=CARTESIAN_POINT('',(0.0482888288132634,0.0716,-0.0498814879106245));
#17666=CARTESIAN_POINT('',(0.0483443650813896,0.0717,-0.05));
#17667=CARTESIAN_POINT('',(0.0483443650813896,0.0716,-0.05));
#17668=CARTESIAN_POINT('',(0.0483443650813896,0.0716,-0.0499));
#17669=CARTESIAN_POINT('',(0.048061522368915,0.0715,-0.0499));
#17670=CARTESIAN_POINT('',(0.0481322330470337,0.0715,-0.0498292893218814));
#17671=CARTESIAN_POINT('',(0.0483443650813896,0.0715,-0.0499));
#17672=CARTESIAN_POINT('',(0.048061522368915,0.0686,-0.0499));
#17673=CARTESIAN_POINT('',(0.0481322330470337,0.0687,-0.0498292893218814));
#17674=CARTESIAN_POINT('',(0.047373654403271,0.0687,-0.0489292893218814));
#17675=CARTESIAN_POINT('',(0.0473029437251523,0.0687,-0.049));
#17676=CARTESIAN_POINT('',(0.0461008621971352,0.0687,-0.0477979184719829));
#17677=CARTESIAN_POINT('',(0.0461715728752538,0.0687,-0.0477272077938642));
#17678=CARTESIAN_POINT('',(0.0461715728752538,0.0686,-0.0477272077938642));
#17679=CARTESIAN_POINT('',(0.0480221825406948,0.0686,-0.0495778174593052));
#17680=CARTESIAN_POINT('',(0.0461715728752538,0.0687,-0.0477272077938642));
#17681=CARTESIAN_POINT('',(0.0461715728752538,0.0687,-0.0477272077938642));
#17682=CARTESIAN_POINT('',(0.0461715728752538,0.0687,-0.0477272077938642));
#17683=CARTESIAN_POINT('',(0.0488,0.0686,-0.0488));
#17684=CARTESIAN_POINT('',(0.0461008621971352,0.0686,-0.0477979184719829));
#17685=CARTESIAN_POINT('',(0.046949390334559,0.0687,-0.046949390334559));
#17686=CARTESIAN_POINT('',(0.0461715728752538,0.0686,-0.0477272077938642));
#17687=CARTESIAN_POINT('',(0.0461008621971352,0.0686,-0.0477979184719829));
#17688=CARTESIAN_POINT('',(0.0490857611844575,0.0745,-0.0509242388155425));
#17689=CARTESIAN_POINT('',(0.047273654403271,0.0745,-0.0489707106781187));
#17690=CARTESIAN_POINT('',(0.047273654403271,0.0745,-0.0489707106781187));
#17691=CARTESIAN_POINT('',(0.0472029437251523,0.0745,-0.0490414213562373));
#17692=CARTESIAN_POINT('',(0.0473443650813896,0.0745,-0.0489));
#17693=CARTESIAN_POINT('',(0.0473443650813896,0.0745,-0.0491));
#17694=CARTESIAN_POINT('',(0.0473443650813896,0.0745,-0.0489));
#17695=CARTESIAN_POINT('',(0.05,0.0745,-0.0491));
#17696=CARTESIAN_POINT('',(0.0488,0.0745,-0.0491));
#17697=CARTESIAN_POINT('',(0.0488,0.0745,-0.0488));
#17698=CARTESIAN_POINT('',(0.049,0.0686,-0.0473029437251523));
#17699=CARTESIAN_POINT('',(0.049,0.0717,-0.0473029437251523));
#17700=CARTESIAN_POINT('',(0.049,0.0717,-0.0475443650813896));
#17701=CARTESIAN_POINT('',(0.049,0.0717,-0.0475443650813896));
#17702=CARTESIAN_POINT('',(0.049,0.0717,-0.0474662602230394));
#17703=CARTESIAN_POINT('',(0.049,0.0716804737854124,-0.0473995935563727));
#17704=CARTESIAN_POINT('',(0.049,0.0716414213562373,-0.0473443650813896));
#17705=CARTESIAN_POINT('',(0.0489999355272204,0.0716414137611936,-0.0473443680549905));
#17706=CARTESIAN_POINT('',(0.049,0.0716,-0.0473443650813896));
#17707=CARTESIAN_POINT('',(0.0487633137072733,0.0672108442055809,-0.0312266941418625));
#17708=CARTESIAN_POINT('',(0.0491,0.0716,-0.0475443650813896));
#17709=CARTESIAN_POINT('',(0.0490476401224402,0.0716,-0.0475443650813896));
#17710=CARTESIAN_POINT('',(0.049,0.0716476401224402,-0.0475443650813896));
#17711=CARTESIAN_POINT('',(0.049,0.0717,-0.0475443650813896));
#17712=CARTESIAN_POINT('',(0.0491,0.0716,-0.0475443650813896));
#17713=CARTESIAN_POINT('',(0.04905,0.0715707106781187,-0.0473943650813897));
#17714=CARTESIAN_POINT('',(0.0490702433639434,0.071589222690361,-0.0474407883841129));
#17715=CARTESIAN_POINT('',(0.049085178678909,0.0716,-0.047492519735814));
#17716=CARTESIAN_POINT('',(0.0491,0.0716,-0.0475443650813896));
#17717=CARTESIAN_POINT('',(0.0490479316278835,0.0715721851921452,-0.0473937279172357));
#17718=CARTESIAN_POINT('',(0.0489931901909861,0.0716387155291204,-0.0473473619790659));
#17719=CARTESIAN_POINT('',(0.049009366599313,0.0716157942946129,-0.0473634983899964));
#17720=CARTESIAN_POINT('',(0.049025542992361,0.0715928730540489,-0.0473796348076406));
#17721=CARTESIAN_POINT('',(0.049041719370131,0.0715699518074351,-0.0473957712320071));
#17722=CARTESIAN_POINT('',(0.0487551777183521,0.07152287076533,-0.0474690388840403));
#17723=CARTESIAN_POINT('',(0.0490429676028932,0.0715676682074189,-0.0473965550964563));
#17724=CARTESIAN_POINT('',(0.0490296636498363,0.0715480782892518,-0.0473490012811069));
#17725=CARTESIAN_POINT('',(0.0490047951159503,0.0715239630232154,-0.0473066122382191));
#17726=CARTESIAN_POINT('',(0.0489705279274646,0.0715000038930309,-0.0472738426595048));
#17727=CARTESIAN_POINT('',(0.0489707106781187,0.0715,-0.047273654403271));
#17728=CARTESIAN_POINT('',(0.0489705279274646,0.0715000038930309,-0.0472738426595048));
#17729=CARTESIAN_POINT('',(0.0489883203290066,0.0715476708149029,-0.047290128995182));
#17730=CARTESIAN_POINT('',(0.0489966048466695,0.0715954949475519,-0.0473161455444872));
#17731=CARTESIAN_POINT('',(0.048993187049566,0.0716387171417903,-0.0473473562848077));
#17732=CARTESIAN_POINT('',(0.0489,0.0686,-0.0473443650813896));
#17733=CARTESIAN_POINT('',(0.0489707106781187,0.0746,-0.047273654403271));
#17734=CARTESIAN_POINT('',(0.0477272077938642,0.0686,-0.0460301515190165));
#17735=CARTESIAN_POINT('',(0.049,0.0715,-0.0473029437251523));
#17736=CARTESIAN_POINT('',(0.0476564971157456,0.0715,-0.0461008621971352));
#17737=CARTESIAN_POINT('',(0.0499292893218814,0.0716,-0.048373654403271));
#17738=CARTESIAN_POINT('',(0.0491,0.0717,-0.0473029437251523));
#17739=CARTESIAN_POINT('',(0.0491,0.0717,-0.0488));
#17740=CARTESIAN_POINT('',(0.0491,0.0716,-0.0488));
#17741=CARTESIAN_POINT('',(0.0491,0.0716,2.36527579938674E-16));
#17742=CARTESIAN_POINT('',(0.0488,0.0717,-0.0488));
#17743=CARTESIAN_POINT('',(0.0488,0.0717,-0.0491));
#17744=CARTESIAN_POINT('',(0.0488,0.0716,-0.0491));
#17745=CARTESIAN_POINT('',(0.0488,0.0716,-0.0488));
#17746=CARTESIAN_POINT('',(0.0488,0.0717,-0.0491));
#17747=CARTESIAN_POINT('',(0.0475443650813896,0.0717,-0.0491));
#17748=CARTESIAN_POINT('',(0.0475443650813896,0.0716,-0.0491));
#17749=CARTESIAN_POINT('',(-2.38976601316523E-16,0.0716,-0.0491));
#17750=CARTESIAN_POINT('',(0.0473943650813896,0.0715707106781187,-0.04905));
#17751=CARTESIAN_POINT('',(0.0473776984147229,0.0715942809041582,-0.049));
#17752=CARTESIAN_POINT('',(0.0473443650813896,0.0716414213562373,-0.049));
#17753=CARTESIAN_POINT('',(0.04743363520817,0.0715892227932051,-0.049063090042557));
#17754=CARTESIAN_POINT('',(0.0474263646116972,0.0716157884266078,-0.0490000000000007));
#17755=CARTESIAN_POINT('',(0.0473967252507269,0.0716784455857806,-0.049));
#17756=CARTESIAN_POINT('',(0.0474888288132634,0.0716,-0.0490814879106245));
#17757=CARTESIAN_POINT('',(0.0474935335872958,0.0716169440059876,-0.0489999999999993));
#17758=CARTESIAN_POINT('',(0.0474703167238882,0.071699999999421,-0.049));
#17759=CARTESIAN_POINT('',(0.0475443650813896,0.0716,-0.0491));
#17760=CARTESIAN_POINT('',(0.0475443650813896,0.0716,-0.049));
#17761=CARTESIAN_POINT('',(0.0475443650813896,0.0717,-0.049));
#17762=CARTESIAN_POINT('',(0.0475443650813896,0.0715,-0.0491));
#17763=CARTESIAN_POINT('',(0.0473443650813896,0.0686,-0.0489));
#17764=CARTESIAN_POINT('',(0.047273654403271,0.0716,-0.0489707106781187));
#17765=CARTESIAN_POINT('',(0.0473029437251523,0.0686,-0.049));
#17766=CARTESIAN_POINT('',(0.0483029437251523,0.0715,-0.05));
#17767=CARTESIAN_POINT('',(0.047373654403271,0.0715,-0.0489292893218814));
#17768=CARTESIAN_POINT('',(0.047373654403271,0.0716,-0.0489292893218814));
#17769=CARTESIAN_POINT('',(-1.13968527085408E-17,0.0716,8.94783133069115E-18));
#17770=CARTESIAN_POINT('',(0.0495,0.0741,-0.05));
#17771=CARTESIAN_POINT('',(0.0495,0.0741,-0.049));
#17772=CARTESIAN_POINT('',(0.0495,0.0741,-0.042));
#17773=CARTESIAN_POINT('',(0.049,0.0741,-0.049));
#17774=CARTESIAN_POINT('',(0.049,0.0741,-0.0495));
#17775=CARTESIAN_POINT('',(0.05,0.0741,-0.0495));
#17776=CARTESIAN_POINT('',(0.042,0.0741,-0.0495));
#17777=CARTESIAN_POINT('',(0.,0.0725,0.));
#17778=CARTESIAN_POINT('',(0.0425,0.0725,-0.05));
#17779=CARTESIAN_POINT('',(0.0425,0.0725,-0.048));
#17780=CARTESIAN_POINT('',(0.,0.0725,-0.048));
#17781=CARTESIAN_POINT('',(0.0451059348446489,0.0725,-0.048));
#17782=CARTESIAN_POINT('',(0.0461715728752538,0.0725,-0.0477272077938642));
#17783=CARTESIAN_POINT('',(0.,0.0725,0.));
#17784=CARTESIAN_POINT('',(0.0461715728752538,0.0725,-0.0461715728752538));
#17785=CARTESIAN_POINT('',(0.046949390334559,0.0725,-0.0453937554159486));
#17786=CARTESIAN_POINT('',(0.0477272077938642,0.0725,-0.0461715728752538));
#17787=CARTESIAN_POINT('',(0.0475,0.0725,-0.0450952938136683));
#17788=CARTESIAN_POINT('',(0.0475,0.0725,0.));
#17789=CARTESIAN_POINT('',(0.0475,0.0725,-0.0425));
#17790=CARTESIAN_POINT('',(0.05,0.0725,-0.0425));
#17791=CARTESIAN_POINT('',(0.05,0.1135,-0.0425));
#17792=CARTESIAN_POINT('',(0.049,0.1135,-0.0425));
#17793=CARTESIAN_POINT('',(0.049,0.0581,-0.0425));
#17794=CARTESIAN_POINT('',(0.0415,0.0581,-0.0425));
#17795=CARTESIAN_POINT('',(0.0425,0.0581,-0.0425));
#17796=CARTESIAN_POINT('',(0.0425,0.1135,-0.0425));
#17797=CARTESIAN_POINT('',(0.0475,0.1135,-0.0425));
#17798=CARTESIAN_POINT('',(0.0425,0.1135,-0.05));
#17799=CARTESIAN_POINT('',(0.0425,0.1135,-0.049));
#17800=CARTESIAN_POINT('',(0.0425,0.0581,-0.049));
#17801=CARTESIAN_POINT('',(0.0425,0.1135,-0.048));
#17802=CARTESIAN_POINT('',(0.0425,0.0581,-0.05001));
#17803=CARTESIAN_POINT('',(0.0415,0.0581,-0.05001));
#17804=CARTESIAN_POINT('',(0.049,0.0581,-0.05));
#17805=CARTESIAN_POINT('',(0.049,0.0581,-0.049));
#17806=CARTESIAN_POINT('',(0.05,0.0581,-0.049));
#17807=CARTESIAN_POINT('',(0.049,0.1135,-0.05));
#17808=CARTESIAN_POINT('',(0.049,0.0686,-0.0458887301627792));
#17809=CARTESIAN_POINT('',(0.049,0.0687,-0.0458887301627792));
#17810=CARTESIAN_POINT('',(0.049,0.0687,-0.0474443650813896));
#17811=CARTESIAN_POINT('',(0.049,0.0676,-0.0474443650813896));
#17812=CARTESIAN_POINT('',(0.049,0.0676,-0.05));
#17813=CARTESIAN_POINT('',(0.049,0.0676,-0.049));
#17814=CARTESIAN_POINT('',(0.049,0.1135,-0.049));
#17815=CARTESIAN_POINT('',(0.05,0.1135,-0.049));
#17816=CARTESIAN_POINT('',(0.0458887301627792,0.1135,-0.049));
#17817=CARTESIAN_POINT('',(0.0458887301627792,0.0687,-0.049));
#17818=CARTESIAN_POINT('',(0.0488,0.0676,-0.049));
#17819=CARTESIAN_POINT('',(0.0474443650813896,0.0676,-0.049));
#17820=CARTESIAN_POINT('',(0.0474443650813896,0.0687,-0.049));
#17821=CARTESIAN_POINT('',(0.0475,0.0746,0.047));
#17822=CARTESIAN_POINT('',(0.0475,0.0686,-0.0450952938136683));
#17823=CARTESIAN_POINT('',(0.0465,0.0746,-0.048));
#17824=CARTESIAN_POINT('',(0.0451059348446489,0.0686,-0.048));
#17825=CARTESIAN_POINT('',(0.0470201010126777,0.0686,-0.04532304473783));
#17826=CARTESIAN_POINT('',(0.0453937554159486,0.0686,-0.046949390334559));
#17827=CARTESIAN_POINT('',(0.0453937554159486,0.0687,-0.046949390334559));
#17828=CARTESIAN_POINT('',(0.0470201010126777,0.0687,-0.04532304473783));
#17829=CARTESIAN_POINT('',(0.046949390334559,0.0687,-0.0453937554159486));
#17830=CARTESIAN_POINT('',(0.046949390334559,0.0686,-0.0453937554159486));
#17831=CARTESIAN_POINT('',(0.0477272077938642,0.0686,-0.0461715728752538));
#17832=CARTESIAN_POINT('',(0.0477272077938642,0.0687,-0.0461715728752538));
#17833=CARTESIAN_POINT('',(0.0485050252531694,0.0687,-0.0453937554159486));
#17834=CARTESIAN_POINT('',(0.0485050252531694,0.0686,-0.0453937554159486));
#17835=CARTESIAN_POINT('',(0.0477272077938642,0.0687,-0.0461715728752538));
#17836=CARTESIAN_POINT('',(0.0477272077938642,0.0687,-0.0461715728752538));
#17837=CARTESIAN_POINT('',(0.0477272077938642,0.0676,-0.0461715728752538));
#17838=CARTESIAN_POINT('',(0.0477272077938642,0.0687,-0.0461715728752538));
#17839=CARTESIAN_POINT('',(0.0476564971157456,0.0687,-0.0461008621971352));
#17840=CARTESIAN_POINT('',(0.0476564971157456,0.0676,-0.0461008621971352));
#17841=CARTESIAN_POINT('',(0.0484343145750508,0.0687,-0.04532304473783));
#17842=CARTESIAN_POINT('',(0.047373654403271,0.0687,-0.0489292893218814));
#17843=CARTESIAN_POINT('',(0.0465958369439658,0.0687,-0.0497071067811866));
#17844=CARTESIAN_POINT('',(0.0453937554159486,0.0687,-0.0485050252531694));
#17845=CARTESIAN_POINT('',(0.047373654403271,0.0676,-0.0489292893218814));
#17846=CARTESIAN_POINT('',(0.0461715728752538,0.0676,-0.0477272077938642));
#17847=CARTESIAN_POINT('',(0.0461715728752538,0.0687,-0.0477272077938642));
#17848=CARTESIAN_POINT('',(0.0461715728752538,0.0687,-0.0477272077938642));
#17849=CARTESIAN_POINT('',(0.0461715728752538,0.0687,-0.0477272077938642));
#17850=CARTESIAN_POINT('',(0.0461715728752538,0.0687,-0.0477272077938642));
#17851=CARTESIAN_POINT('',(0.0488,0.0676,-0.0488));
#17852=CARTESIAN_POINT('',(0.046949390334559,0.0676,-0.046949390334559));
#17853=CARTESIAN_POINT('',(0.046949390334559,0.0687,-0.046949390334559));
#17854=CARTESIAN_POINT('',(0.0461715728752538,0.0686,-0.0477272077938642));
#17855=CARTESIAN_POINT('',(0.0453937554159486,0.0686,-0.0485050252531694));
#17856=CARTESIAN_POINT('',(0.0484343145750508,0.0686,-0.04532304473783));
#17857=CARTESIAN_POINT('',(0.0465958369439658,0.0686,-0.0497071067811866));
#17858=CARTESIAN_POINT('',(0.042,0.1135,-0.0495));
#17859=CARTESIAN_POINT('',(0.042,0.0741,-0.0495));
#17860=CARTESIAN_POINT('',(0.042,0.0741,-0.0495));
#17861=CARTESIAN_POINT('',(0.042,0.0741,-0.0495));
#17862=CARTESIAN_POINT('',(0.042,0.0741,-0.05001));
#17863=CARTESIAN_POINT('',(0.0495,0.1135,-0.042));
#17864=CARTESIAN_POINT('',(0.0495,0.0576,-0.042));
#17865=CARTESIAN_POINT('',(0.0495,0.0741,-0.042));
#17866=CARTESIAN_POINT('',(0.0495,0.0741,-0.042));
#17867=CARTESIAN_POINT('',(0.0415,0.0741,-0.042));
#17868=CARTESIAN_POINT('',(0.042,0.1135,-0.042));
#17869=CARTESIAN_POINT('',(0.042,0.0576,-0.042));
#17870=CARTESIAN_POINT('',(0.0495,0.0576,-0.042));
#17871=CARTESIAN_POINT('',(0.0495,0.0576,-0.042));
#17872=CARTESIAN_POINT('',(0.0495,0.0576,-0.042));
#17873=CARTESIAN_POINT('',(0.0495,0.0576,-0.05));
#17874=CARTESIAN_POINT('',(0.0495,0.0576,-0.049));
#17875=CARTESIAN_POINT('',(0.0415,0.0576,-0.042));
#17876=CARTESIAN_POINT('',(0.042,0.0576,-0.042));
#17877=CARTESIAN_POINT('',(0.049,0.0576,-0.049));
#17878=CARTESIAN_POINT('',(0.049,0.0576,-0.0495));
#17879=CARTESIAN_POINT('',(0.042,0.0576,-0.042));
#17880=CARTESIAN_POINT('',(0.042,0.0576,-0.042));
#17881=CARTESIAN_POINT('',(0.05,0.0576,-0.0495));
#17882=CARTESIAN_POINT('',(0.042,0.0576,-0.0495));
#17883=CARTESIAN_POINT('',(0.042,0.0576,-0.05001));
#17884=CARTESIAN_POINT('',(0.042,0.0576,-0.0495));
#17885=CARTESIAN_POINT('',(0.042,0.0576,-0.0495));
#17886=CARTESIAN_POINT('',(-0.042,0.1135,-0.0495));
#17887=CARTESIAN_POINT('',(-0.0415,0.1135,-0.0495));
#17888=CARTESIAN_POINT('',(-0.0415,0.0741,-0.0495));
#17889=CARTESIAN_POINT('',(-0.042,0.0741,-0.0495));
#17890=CARTESIAN_POINT('',(-0.0495,0.1135,-0.042));
#17891=CARTESIAN_POINT('',(-0.0495,0.05942,-0.042));
#17892=CARTESIAN_POINT('',(-0.05,0.05942,-0.0420000000000006));
#17893=CARTESIAN_POINT('',(-0.0495,0.05942,-0.0415));
#17894=CARTESIAN_POINT('',(-0.05,0.1135,-0.042));
#17895=CARTESIAN_POINT('',(-0.05,0.0576,-0.042));
#17896=CARTESIAN_POINT('',(-0.0495,0.0576,-0.042));
#17897=CARTESIAN_POINT('',(-0.0495,0.0576,-0.0415));
#17898=CARTESIAN_POINT('',(-0.0495,0.1135,-0.0415));
#17899=CARTESIAN_POINT('',(-0.048437867965644,0.0571,-0.048437867965644));
#17900=CARTESIAN_POINT('',(-0.048437867965644,0.0571,-0.04895));
#17901=CARTESIAN_POINT('',(-0.048437867965644,0.05405,-0.04895));
#17902=CARTESIAN_POINT('',(-0.048437867965644,0.0571,-0.04895));
#17903=CARTESIAN_POINT('',(-0.048437867965644,0.05405,-0.048437867965644));
#17904=CARTESIAN_POINT('',(-0.04895,0.05405,-0.048437867965644));
#17905=CARTESIAN_POINT('',(-0.04895,0.0571,-0.048437867965644));
#17906=CARTESIAN_POINT('',(-0.04895,0.0571,-0.048437867965644));
#17907=CARTESIAN_POINT('',(-0.048437867965644,0.0571,-0.048437867965644));
#17908=CARTESIAN_POINT('',(-0.043813340594773,0.0519770500882838,-0.0546081123589482));
#17909=CARTESIAN_POINT('',(-0.0485967392464233,0.0519770500882838,-0.049824713707298));
#17910=CARTESIAN_POINT('',(-0.0484362700893973,0.0518361012183687,-0.0497858510608888));
#17911=CARTESIAN_POINT('',(-0.0482893051668577,0.0516739635750181,-0.0497035187292309));
#17912=CARTESIAN_POINT('',(-0.0481721825406948,0.0515083271686377,-0.049586396103068));
#17913=CARTESIAN_POINT('',(-0.0485967392464233,0.0519770500882838,-0.0498247137072979));
#17914=CARTESIAN_POINT('',(-0.0481721825406948,0.0515083271686378,-0.0495863961030679));
#17915=CARTESIAN_POINT('',(-0.0481222586343889,0.0514377241032533,-0.049536472196762));
#17916=CARTESIAN_POINT('',(-0.0481284263776389,0.0514464466094067,-0.049542639940012));
#17917=CARTESIAN_POINT('',(-0.0434381472767379,0.0514464466094067,-0.054232919040913));
#17918=CARTESIAN_POINT('',(-0.049542639940012,0.0514464466094067,-0.0481284263776389));
#17919=CARTESIAN_POINT('',(-0.049542639940012,0.0514464466094067,-0.0481284263776389));
#17920=CARTESIAN_POINT('',(-0.0495863961030679,0.0515083271686378,-0.0481721825406948));
#17921=CARTESIAN_POINT('',(-0.0495863961030679,0.0515083271686378,-0.0481721825406949));
#17922=CARTESIAN_POINT('',(-0.0497031450980173,0.0516734351806886,-0.0482889315356442));
#17923=CARTESIAN_POINT('',(-0.0497857266889595,0.0518356501404186,-0.048435756540772));
#17924=CARTESIAN_POINT('',(-0.0498247137072979,0.0519770500882838,-0.0485967392464233));
#17925=CARTESIAN_POINT('',(-0.0498247137072979,0.0519770500882838,-0.0485967392464233));
#17926=CARTESIAN_POINT('',(-0.043813340594773,0.0519770500882838,-0.0546081123589482));
#17927=CARTESIAN_POINT('',(-0.043313340594773,0.0526841568694703,-0.0541081123589482));
#17928=CARTESIAN_POINT('',(-0.0489445450103292,0.0525105086918034,-0.049869636424032));
#17929=CARTESIAN_POINT('',(-0.0489222508731698,0.0524163992289668,-0.0498684630483921));
#17930=CARTESIAN_POINT('',(-0.0488813199674632,0.0523230897923867,-0.049866308790197));
#17931=CARTESIAN_POINT('',(-0.0488217522932094,0.052234915282887,-0.0498631736494468));
#17932=CARTESIAN_POINT('',(-0.0489445450103293,0.0525105086918034,-0.049869636424032));
#17933=CARTESIAN_POINT('',(-0.0488217522932095,0.0522349152828871,-0.0498631736494467));
#17934=CARTESIAN_POINT('',(-0.0488217522932094,0.052234915282887,-0.0498631736494468));
#17935=CARTESIAN_POINT('',(-0.0487568310466204,0.0521397724733953,-0.0498604367710702));
#17936=CARTESIAN_POINT('',(-0.0486810784143289,0.0520523526949283,-0.0498468685069911));
#17937=CARTESIAN_POINT('',(-0.0485967392464233,0.0519770500882838,-0.049824713707298));
#17938=CARTESIAN_POINT('',(-0.0498247137072979,0.0519770500882838,-0.0485967392464233));
#17939=CARTESIAN_POINT('',(-0.0498491158472312,0.0520535793852715,-0.048680565876209));
#17940=CARTESIAN_POINT('',(-0.049859755472402,0.0521387804971408,-0.0487568069293591));
#17941=CARTESIAN_POINT('',(-0.0498631736494468,0.0522349152828871,-0.0488217522932095));
#17942=CARTESIAN_POINT('',(-0.0498631736494468,0.0522349152828871,-0.0488217522932095));
#17943=CARTESIAN_POINT('',(-0.0498631736494468,0.0522349152828871,-0.0488217522932095));
#17944=CARTESIAN_POINT('',(-0.049866308790197,0.0523230897923867,-0.0488813199674632));
#17945=CARTESIAN_POINT('',(-0.049868463048392,0.0524163992289668,-0.0489222508731698));
#17946=CARTESIAN_POINT('',(-0.049869636424032,0.0525105086918034,-0.0489445450103293));
#17947=CARTESIAN_POINT('',(-0.049869636424032,0.0525105086918034,-0.0489445450103292));
#17948=CARTESIAN_POINT('',(-0.0440097048350931,0.0525105086918034,-0.0548044765992682));
#17949=CARTESIAN_POINT('',(-0.0441661510346884,0.0537652703644666,-0.0549609227988635));
#17950=CARTESIAN_POINT('',(-0.0492877429660314,0.0537652703644666,-0.0498393308675205));
#17951=CARTESIAN_POINT('',(-0.0492164444216292,0.0535603697432132,-0.0498595345718615));
#17952=CARTESIAN_POINT('',(-0.0491437422409628,0.0533093297911529,-0.049869636424032));
#17953=CARTESIAN_POINT('',(-0.0490696364240321,0.0530121505082858,-0.049869636424032));
#17954=CARTESIAN_POINT('',(-0.0492877429660313,0.0537652703644666,-0.0498393308675205));
#17955=CARTESIAN_POINT('',(-0.049069636424032,0.0530121505082858,-0.049869636424032));
#17956=CARTESIAN_POINT('',(-0.0489593827200185,0.052570010902392,-0.049869636424032));
#17957=CARTESIAN_POINT('',(-0.049869636424032,0.0551042531630218,-0.0495913315261816));
#17958=CARTESIAN_POINT('',(-0.049869636424032,0.0530121505082857,-0.049069636424032));
#17959=CARTESIAN_POINT('',(-0.049869636424032,0.0530121505082857,-0.049069636424032));
#17960=CARTESIAN_POINT('',(-0.049869636424032,0.0533093297911529,-0.0491437422409627));
#17961=CARTESIAN_POINT('',(-0.0498595345718615,0.0535603697432132,-0.0492164444216292));
#17962=CARTESIAN_POINT('',(-0.0498393308675206,0.0537652703644666,-0.0492877429660313));
#17963=CARTESIAN_POINT('',(-0.0498393308675205,0.0537652703644666,-0.0492877429660313));
#17964=CARTESIAN_POINT('',(-0.0441661510346884,0.0537652703644666,-0.0549609227988635));
#17965=CARTESIAN_POINT('',(-0.0440268781866244,0.0538,-0.0548216499507995));
#17966=CARTESIAN_POINT('',(-0.0440268781866244,0.054,-0.0548216499507995));
#17967=CARTESIAN_POINT('',(-0.0490500983300345,0.054,-0.0497984298073893));
#17968=CARTESIAN_POINT('',(-0.0497984298073893,0.054,-0.0490500983300345));
#17969=CARTESIAN_POINT('',(-0.0490500983300345,0.054,-0.0497984298073893));
#17970=CARTESIAN_POINT('',(-0.0491743073525593,0.054,-0.0498327571559749));
#17971=CARTESIAN_POINT('',(-0.0493174814159383,0.053891107861088,-0.0498409717600686));
#17972=CARTESIAN_POINT('',(-0.0492877429660313,0.0537652703644666,-0.0498393308675205));
#17973=CARTESIAN_POINT('',(-0.0498393308675205,0.0537652703644666,-0.0492877429660313));
#17974=CARTESIAN_POINT('',(-0.0498409712637598,0.0538910697999345,-0.0493174724211654));
#17975=CARTESIAN_POINT('',(-0.0498327337378256,0.054,-0.0491742226170477));
#17976=CARTESIAN_POINT('',(-0.0497984298073894,0.054,-0.0490500983300345));
#17977=CARTESIAN_POINT('',(-0.0440268781866244,0.054,-0.0548216499507995));
#17978=CARTESIAN_POINT('',(-0.0440268781866244,0.054,-0.0498));
#17979=CARTESIAN_POINT('',(-0.0487585786437627,0.054,-0.0498));
#17980=CARTESIAN_POINT('',(-0.049,0.054,-0.0498));
#17981=CARTESIAN_POINT('',(-0.049,0.054,-0.049));
#17982=CARTESIAN_POINT('',(-0.049,0.054,-0.049));
#17983=CARTESIAN_POINT('',(-0.0498,0.054,-0.049));
#17984=CARTESIAN_POINT('',(-0.0498,0.054,-0.0548216499507995));
#17985=CARTESIAN_POINT('',(-0.0498,0.054,-0.0487585786437627));
#17986=CARTESIAN_POINT('',(-0.0489,0.054,-0.0487585786437627));
#17987=CARTESIAN_POINT('',(-0.0495363961030679,0.054,-0.0481221825406948));
#17988=CARTESIAN_POINT('',(-0.0489292893218814,0.054,-0.0475150757595083));
#17989=CARTESIAN_POINT('',(-0.049,0.054,-0.0475857864376269));
#17990=CARTESIAN_POINT('',(-0.049,0.054,-0.0548216499507995));
#17991=CARTESIAN_POINT('',(-0.049,0.054,-0.048437867965644));
#17992=CARTESIAN_POINT('',(-0.048437867965644,0.054,-0.048437867965644));
#17993=CARTESIAN_POINT('',(-0.048437867965644,0.054,-0.049));
#17994=CARTESIAN_POINT('',(-0.0440268781866244,0.054,-0.049));
#17995=CARTESIAN_POINT('',(-0.0475857864376269,0.054,-0.049));
#17996=CARTESIAN_POINT('',(-0.0481221825406948,0.054,-0.0495363961030679));
#17997=CARTESIAN_POINT('',(-0.0481221825406948,0.054,-0.0495363961030679));
#17998=CARTESIAN_POINT('',(-0.0487585786437627,0.054,-0.0489));
#17999=CARTESIAN_POINT('',(-0.047373654403271,0.0511,-0.0489292893218814));
#18000=CARTESIAN_POINT('',(-0.0480221825406948,0.0571,-0.0495778174593052));
#18001=CARTESIAN_POINT('',(-0.0473650757595083,0.0571,-0.0489207106781187));
#18002=CARTESIAN_POINT('',(-0.0468908224620156,0.0571,-0.048446457380626));
#18003=CARTESIAN_POINT('',(-0.0469563243775248,0.0517930190374251,-0.0485119592961352));
#18004=CARTESIAN_POINT('',(-0.0469563243775248,0.0517930190374251,-0.0485119592961352));
#18005=CARTESIAN_POINT('',(-0.0472391240116844,0.0518,-0.0487947589302947));
#18006=CARTESIAN_POINT('',(-0.0472391240116843,0.0514,-0.0487947589302947));
#18007=CARTESIAN_POINT('',(-0.0478077156995203,0.0514,-0.0493633506181307));
#18008=CARTESIAN_POINT('',(-0.0478077156995203,0.0514,-0.0493633506181307));
#18009=CARTESIAN_POINT('',(-0.0478077156995203,0.0518,-0.0493633506181307));
#18010=CARTESIAN_POINT('',(-0.0480077156995203,0.0515171572875254,-0.0495633506181307));
#18011=CARTESIAN_POINT('',(-0.0480077156995203,0.0515171572875254,-0.0495633506181307));
#18012=CARTESIAN_POINT('',(-0.0480514718625762,0.0515790378467564,-0.0496071067811865));
#18013=CARTESIAN_POINT('',(-0.0480514718625762,0.054,-0.0496071067811865));
#18014=CARTESIAN_POINT('',(-0.0480514718625762,0.0539,-0.0496071067811865));
#18015=CARTESIAN_POINT('',(-0.0474443650813896,0.0539,-0.049));
#18016=CARTESIAN_POINT('',(-0.0475150757595083,0.0539,-0.0490707106781187));
#18017=CARTESIAN_POINT('',(-0.0475150757595083,0.05405,-0.0490707106781187));
#18018=CARTESIAN_POINT('',(-0.0473650757595083,0.05405,-0.0489207106781187));
#18019=CARTESIAN_POINT('',(-0.0473650757595083,0.0511,-0.0489207106781187));
#18020=CARTESIAN_POINT('',(-0.0476564971157456,0.0511,-0.0461008621971352));
#18021=CARTESIAN_POINT('',(-0.0487947589302947,0.0518,-0.0472391240116843));
#18022=CARTESIAN_POINT('',(-0.0487947589302947,0.0514,-0.0472391240116843));
#18023=CARTESIAN_POINT('',(-0.0485119592961352,0.0517930190374251,-0.0469563243775248));
#18024=CARTESIAN_POINT('',(-0.0484464358398279,0.0571017452406438,-0.0468908009212175));
#18025=CARTESIAN_POINT('',(-0.048446457380626,0.0571,-0.0468908224620156));
#18026=CARTESIAN_POINT('',(-0.0495778174593052,0.0571,-0.0480221825406948));
#18027=CARTESIAN_POINT('',(-0.0489207106781187,0.0571,-0.0473650757595083));
#18028=CARTESIAN_POINT('',(-0.0489207106781187,0.0511,-0.0473650757595083));
#18029=CARTESIAN_POINT('',(-0.0489207106781187,0.05405,-0.0473650757595083));
#18030=CARTESIAN_POINT('',(-0.0490707106781187,0.05405,-0.0475150757595083));
#18031=CARTESIAN_POINT('',(-0.0490707106781187,0.0539,-0.0475150757595083));
#18032=CARTESIAN_POINT('',(-0.0496071067811866,0.0539,-0.0480514718625762));
#18033=CARTESIAN_POINT('',(-0.0496071067811866,0.0539,-0.0480514718625762));
#18034=CARTESIAN_POINT('',(-0.0496071067811866,0.0518518300528922,-0.0480514718625762));
#18035=CARTESIAN_POINT('',(-0.0496071067811866,0.0515790378467564,-0.0480514718625762));
#18036=CARTESIAN_POINT('',(-0.0495571828748807,0.051508434781372,-0.0480015479562703));
#18037=CARTESIAN_POINT('',(-0.0495633506181307,0.0515171572875254,-0.0480077156995203));
#18038=CARTESIAN_POINT('',(-0.0493633506181307,0.0518,-0.0478077156995203));
#18039=CARTESIAN_POINT('',(-0.0493633506181307,0.0514,-0.0478077156995203));
#18040=CARTESIAN_POINT('',(-0.0487947589302947,0.0514,-0.0472391240116844));
#18041=CARTESIAN_POINT('',(-0.0422660560462026,0.0517912737967814,-0.0530608278103777));
#18042=CARTESIAN_POINT('',(-0.0422660560462026,0.0517912737967814,-0.0530608278103777));
#18043=CARTESIAN_POINT('',(-0.0469563351471036,0.0517912737967814,-0.0483705487094767));
#18044=CARTESIAN_POINT('',(-0.0483705487094767,0.0517912737967814,-0.0469563351471036));
#18045=CARTESIAN_POINT('',(-0.0468908116907963,0.0571,-0.0483050252531694));
#18046=CARTESIAN_POINT('',(-0.0468908116907963,0.0571,-0.0483050252531694));
#18047=CARTESIAN_POINT('',(-0.0422005325898953,0.0571,-0.0529953043540704));
#18048=CARTESIAN_POINT('',(-0.0483050252531694,0.0571,-0.0468908116907963));
#18049=CARTESIAN_POINT('',(-0.0483705487094767,0.0517912737967814,-0.0469563351471036));
#18050=CARTESIAN_POINT('',(-0.042619555588902,0.0518,-0.0534143273530771));
#18051=CARTESIAN_POINT('',(-0.042619555588902,0.0513,-0.0534143273530771));
#18052=CARTESIAN_POINT('',(-0.047309834689803,0.0513,-0.0487240482521761));
#18053=CARTESIAN_POINT('',(-0.0487240482521761,0.0513,-0.047309834689803));
#18054=CARTESIAN_POINT('',(-0.047309834689803,0.0518,-0.0487240482521761));
#18055=CARTESIAN_POINT('',(-0.0487240482521761,0.0518,-0.047309834689803));
#18056=CARTESIAN_POINT('',(-0.0431881472767379,0.0513,-0.053982919040913));
#18057=CARTESIAN_POINT('',(-0.0431881472767379,0.0513,-0.053982919040913));
#18058=CARTESIAN_POINT('',(-0.0478784263776389,0.0513,-0.049292639940012));
#18059=CARTESIAN_POINT('',(-0.049292639940012,0.0513,-0.0478784263776389));
#18060=CARTESIAN_POINT('',(-0.047309834689803,0.0513,-0.0487240482521761));
#18061=CARTESIAN_POINT('',(-0.049292639940012,0.0513,-0.0478784263776389));
#18062=CARTESIAN_POINT('',(-0.0431881472767379,0.0518,-0.053982919040913));
#18063=CARTESIAN_POINT('',(-0.0478784263776389,0.0518,-0.049292639940012));
#18064=CARTESIAN_POINT('',(-0.049292639940012,0.0518,-0.0478784263776389));
#18065=CARTESIAN_POINT('',(-0.04895,0.0501857864376269,-0.0473029437251523));
#18066=CARTESIAN_POINT('',(-0.04895,0.05405,-0.0473029437251523));
#18067=CARTESIAN_POINT('',(-0.04895,0.05405,-0.0474357864376269));
#18068=CARTESIAN_POINT('',(-0.04895,0.0501857864376269,-0.0474357864376269));
#18069=CARTESIAN_POINT('',(-0.04895,0.0571,-0.0474357864376269));
#18070=CARTESIAN_POINT('',(-0.04895,0.0571,-0.0473029437251523));
#18071=CARTESIAN_POINT('',(-0.0488,0.0501857864376269,-0.04895));
#18072=CARTESIAN_POINT('',(-0.0488,0.0571,-0.04895));
#18073=CARTESIAN_POINT('',(-0.0474357864376269,0.0571,-0.04895));
#18074=CARTESIAN_POINT('',(-0.0474357864376269,0.0501857864376269,-0.04895));
#18075=CARTESIAN_POINT('',(-0.0474357864376269,0.05405,-0.04895));
#18076=CARTESIAN_POINT('',(-0.0488,0.05405,-0.04895));
#18077=CARTESIAN_POINT('',(-0.0499,0.398492188198566,-0.0415));
#18078=CARTESIAN_POINT('',(-0.0499,0.376507328691112,-0.129663723887819));
#18079=CARTESIAN_POINT('',(-0.0499,0.0530295153260524,-0.049));
#18080=CARTESIAN_POINT('',(-0.0499,0.0525278735095701,-0.0488749085862972));
#18081=CARTESIAN_POINT('',(-0.0499,0.0526841568694703,-0.0476214529537212));
#18082=CARTESIAN_POINT('',(-0.0499,0.0522798394415454,-0.0487585786437627));
#18083=CARTESIAN_POINT('',(-0.0499,0.054,-0.0487585786437627));
#18084=CARTESIAN_POINT('',(-0.0499,0.0539,-0.0487585786437627));
#18085=CARTESIAN_POINT('',(-0.0499,0.0539,-0.0415));
#18086=CARTESIAN_POINT('',(-0.0499,0.0539,-0.049));
#18087=CARTESIAN_POINT('',(-0.0499,0.398492188198566,-0.049));
#18088=CARTESIAN_POINT('',(-0.049,0.398492188198566,-0.049));
#18089=CARTESIAN_POINT('',(-0.049898233533313,0.0539,-0.0490563606212888));
#18090=CARTESIAN_POINT('',(-0.0498955763998217,0.0539,-0.0490987080324734));
#18091=CARTESIAN_POINT('',(-0.0498857916962506,0.0538880474662671,-0.0491767637271376));
#18092=CARTESIAN_POINT('',(-0.0498614852347518,0.05382249007596,-0.0492609715469438));
#18093=CARTESIAN_POINT('',(-0.0498659062489246,0.0537826351822333,-0.0492453698597492));
#18094=CARTESIAN_POINT('',(-0.049898233533313,0.0539,-0.0490563606212888));
#18095=CARTESIAN_POINT('',(-0.0498659062489246,0.0537826351822333,-0.0492453698597492));
#18096=CARTESIAN_POINT('',(-0.0498659062489249,0.0537826351822335,-0.0492453698597492));
#18097=CARTESIAN_POINT('',(-0.0498877040391765,0.0535861308101582,-0.049168445812065));
#18098=CARTESIAN_POINT('',(-0.0499000000000003,0.0533350908580978,-0.0490857244816832));
#18099=CARTESIAN_POINT('',(-0.0499000000000003,0.0530295153260525,-0.049));
#18100=CARTESIAN_POINT('',(-0.049,0.0539,-0.049));
#18101=CARTESIAN_POINT('',(-0.049,0.398492188198566,-0.0499));
#18102=CARTESIAN_POINT('',(-0.0487585786437627,0.0518518300528922,-0.0499));
#18103=CARTESIAN_POINT('',(-0.0487585786437627,0.0539,-0.0499));
#18104=CARTESIAN_POINT('',(-0.0487585786437627,0.0522798394415454,-0.0499));
#18105=CARTESIAN_POINT('',(-0.048758578643763,0.0522798394415455,-0.0499));
#18106=CARTESIAN_POINT('',(-0.0488145117595412,0.0523584942044652,-0.0499));
#18107=CARTESIAN_POINT('',(-0.0488532884070527,0.0524411722271402,-0.0499));
#18108=CARTESIAN_POINT('',(-0.0488749085862975,0.0525278735095705,-0.0499));
#18109=CARTESIAN_POINT('',(-0.0488749085862973,0.0525278735095701,-0.0499));
#18110=CARTESIAN_POINT('',(-0.130102789775432,0.378268071518284,-0.0499));
#18111=CARTESIAN_POINT('',(-0.049,0.0530295153260525,-0.0499));
#18112=CARTESIAN_POINT('',(-0.049,0.398492188198566,-0.0499));
#18113=CARTESIAN_POINT('',(-0.049,0.0539,-0.0499));
#18114=CARTESIAN_POINT('',(-0.049,0.0539,-0.0499));
#18115=CARTESIAN_POINT('',(-0.049,0.398492188198566,-0.049));
#18116=CARTESIAN_POINT('',(-0.0490000000000003,0.0530295153260525,-0.0499));
#18117=CARTESIAN_POINT('',(-0.0490857244816835,0.0533350908580978,-0.0499));
#18118=CARTESIAN_POINT('',(-0.0491684458120652,0.0535861308101582,-0.0498877040391762));
#18119=CARTESIAN_POINT('',(-0.0492453698597495,0.0537826351822335,-0.0498659062489246));
#18120=CARTESIAN_POINT('',(-0.0492453698597493,0.0537826351822333,-0.0498659062489246));
#18121=CARTESIAN_POINT('',(-0.0492453698597493,0.0537826351822333,-0.0498659062489246));
#18122=CARTESIAN_POINT('',(-0.0492609701513346,0.0538224865108418,-0.0498614856302224));
#18123=CARTESIAN_POINT('',(-0.0491767975795088,0.0538880181918793,-0.0498857797365807));
#18124=CARTESIAN_POINT('',(-0.0490987806337588,0.0539,-0.0498955718443767));
#18125=CARTESIAN_POINT('',(-0.0490563606212889,0.0539,-0.049898233533313));
#18126=CARTESIAN_POINT('',(-0.0490563606212888,0.0539,-0.049898233533313));
#18127=CARTESIAN_POINT('',(-0.049,0.0539,-0.049));
#18128=CARTESIAN_POINT('',(-0.0487585786437624,0.398492188198566,-0.0489));
#18129=CARTESIAN_POINT('',(-0.0480514718625762,0.0515790378467565,-0.0496071067811866));
#18130=CARTESIAN_POINT('',(-0.0482227558460528,0.0517970467659615,-0.0497783907646632));
#18131=CARTESIAN_POINT('',(-0.0484036939987437,0.0519532877391768,-0.0498429616156607));
#18132=CARTESIAN_POINT('',(-0.0485232015356078,0.0520477607664025,-0.0498719041192199));
#18133=CARTESIAN_POINT('',(-0.0485232015356078,0.0520477607664024,-0.0498719041192199));
#18134=CARTESIAN_POINT('',(-0.0485232015356078,0.0520477607664025,-0.0498719041192199));
#18135=CARTESIAN_POINT('',(-0.0486126305712292,0.0521184561546495,-0.0498935621689939));
#18136=CARTESIAN_POINT('',(-0.0486921885279833,0.0521958157130305,-0.0499));
#18137=CARTESIAN_POINT('',(-0.0487585786437627,0.0522798394415455,-0.0499));
#18138=CARTESIAN_POINT('',(-0.0487585786437627,0.0539,-0.0489));
#18139=CARTESIAN_POINT('',(-0.0489,0.398492188198566,-0.0487585786437627));
#18140=CARTESIAN_POINT('',(-0.0499,0.0522798394415454,-0.0487585786437627));
#18141=CARTESIAN_POINT('',(-0.0499,0.052192090726781,-0.0486892452847741));
#18142=CARTESIAN_POINT('',(-0.0498927764976076,0.0521158915957775,-0.048609386427129));
#18143=CARTESIAN_POINT('',(-0.0498719041192199,0.0520477607664024,-0.0485232015356078));
#18144=CARTESIAN_POINT('',(-0.0498719041192199,0.0520477607664024,-0.0485232015356078));
#18145=CARTESIAN_POINT('',(-0.0498719041192202,0.0520477607664025,-0.0485232015356078));
#18146=CARTESIAN_POINT('',(-0.0498429616156609,0.0519532877391768,-0.0484036939987437));
#18147=CARTESIAN_POINT('',(-0.0497783907646635,0.0517970467659615,-0.0482227558460528));
#18148=CARTESIAN_POINT('',(-0.0496071067811868,0.0515790378467565,-0.0480514718625762));
#18149=CARTESIAN_POINT('',(-0.0489,0.0539,-0.0487585786437627));
#18150=CARTESIAN_POINT('',(-0.049,0.05405,-0.0473029437251523));
#18151=CARTESIAN_POINT('',(-0.049,0.05405,-0.0475857864376269));
#18152=CARTESIAN_POINT('',(-0.049,0.05405,-0.048437867965644));
#18153=CARTESIAN_POINT('',(-0.048437867965644,0.05405,-0.048437867965644));
#18154=CARTESIAN_POINT('',(-0.048437867965644,0.05405,-0.049));
#18155=CARTESIAN_POINT('',(-0.0488,0.05405,-0.049));
#18156=CARTESIAN_POINT('',(-0.0475857864376269,0.05405,-0.049));
#18157=CARTESIAN_POINT('',(-0.0474357864376269,0.0511,-0.04885));
#18158=CARTESIAN_POINT('',(-0.0474357864376269,0.0571,-0.04885));
#18159=CARTESIAN_POINT('',(-0.0474357864376269,0.05405,-0.04885));
#18160=CARTESIAN_POINT('',(-0.0475857864376269,0.054,-0.049));
#18161=CARTESIAN_POINT('',(-0.0475150757595083,0.054,-0.0490707106781186));
#18162=CARTESIAN_POINT('',(-0.0475150757595083,0.0539,-0.0490707106781187));
#18163=CARTESIAN_POINT('',(-0.0475072460395146,0.054,-0.0489738198672967));
#18164=CARTESIAN_POINT('',(-0.0474708940197202,0.0539687584525881,-0.0490265289383297));
#18165=CARTESIAN_POINT('',(-0.0474365353613959,0.0539000000020567,-0.0489921702800063));
#18166=CARTESIAN_POINT('',(-0.0474357864434456,0.0540238196733753,-0.04895));
#18167=CARTESIAN_POINT('',(-0.0473943650945977,0.0540021301753085,-0.0489500000132096));
#18168=CARTESIAN_POINT('',(-0.047365075765327,0.0539714590201258,-0.0489207106839374));
#18169=CARTESIAN_POINT('',(-0.0474357864376269,0.05405,-0.04895));
#18170=CARTESIAN_POINT('',(-0.0473943650813896,0.05405,-0.04895));
#18171=CARTESIAN_POINT('',(-0.0473650757595083,0.05405,-0.0489207106781187));
#18172=CARTESIAN_POINT('',(-0.0475857864376269,0.0539,-0.049));
#18173=CARTESIAN_POINT('',(-0.0474443650813896,0.0539,-0.0488585786437627));
#18174=CARTESIAN_POINT('',(-0.0481221825406948,0.0539,-0.0495363961030679));
#18175=CARTESIAN_POINT('',(-0.0487585786437627,0.0539,-0.0489));
#18176=CARTESIAN_POINT('',(-0.0487585786437627,0.0539,-0.0498));
#18177=CARTESIAN_POINT('',(-0.0440268781866244,0.0539,-0.0498));
#18178=CARTESIAN_POINT('',(-0.049,0.0539,-0.0498));
#18179=CARTESIAN_POINT('',(-0.049,0.0539,-0.049));
#18180=CARTESIAN_POINT('',(-0.0490500983300345,0.0539,-0.0497984298073893));
#18181=CARTESIAN_POINT('',(-0.0490563606212888,0.0539,-0.049898233533313));
#18182=CARTESIAN_POINT('',(-0.0490563606212887,0.0540000000000001,-0.049898233533313));
#18183=CARTESIAN_POINT('',(-0.0490500983300345,0.054,-0.0497984298073893));
#18184=CARTESIAN_POINT('',(-0.0491005018150483,0.0538999996303628,-0.0498954638470204));
#18185=CARTESIAN_POINT('',(-0.0491122205313422,0.0539822296746272,-0.0498947284204182));
#18186=CARTESIAN_POINT('',(-0.0491077222609418,0.0540000000000001,-0.0498143551428828));
#18187=CARTESIAN_POINT('',(-0.0491834502939669,0.0538860736310838,-0.0498842603036558));
#18188=CARTESIAN_POINT('',(-0.0492021592701503,0.053941428067649,-0.0498809439671195));
#18189=CARTESIAN_POINT('',(-0.0492133420870667,0.0539721466306791,-0.0498362844309921));
#18190=CARTESIAN_POINT('',(-0.049259985312717,0.0538199606622774,-0.0498617647016735));
#18191=CARTESIAN_POINT('',(-0.049284486757388,0.0538300226212551,-0.0498543763955652));
#18192=CARTESIAN_POINT('',(-0.049305387202562,0.0538399218482488,-0.0498403020241539));
#18193=CARTESIAN_POINT('',(-0.0492453698597492,0.0537826351822333,-0.0498659062489246));
#18194=CARTESIAN_POINT('',(-0.0492702077543297,0.0537732984384927,-0.049858867991934));
#18195=CARTESIAN_POINT('',(-0.0492877429660313,0.0537652703644666,-0.0498393308675205));
#18196=CARTESIAN_POINT('',(-0.0492884815757739,0.0537650925913083,-0.0498402143323546));
#18197=CARTESIAN_POINT('',(-0.0492761330922758,0.0537709187603897,-0.0498517104851195));
#18198=CARTESIAN_POINT('',(-0.0492622513839193,0.0537766825163675,-0.0498616369986499));
#18199=CARTESIAN_POINT('',(-0.0492472478285229,0.0537822467342246,-0.0498696787586553));
#18200=CARTESIAN_POINT('',(-0.0490115687581628,0.0530129030340996,-0.0498361619318652));
#18201=CARTESIAN_POINT('',(-0.049069636424032,0.0530121505082858,-0.049869636424032));
#18202=CARTESIAN_POINT('',(-0.0490516077132593,0.0530166462198547,-0.0498887862034582));
#18203=CARTESIAN_POINT('',(-0.0490258897710837,0.053023059348981,-0.0499));
#18204=CARTESIAN_POINT('',(-0.049,0.0530295153260525,-0.0499));
#18205=CARTESIAN_POINT('',(-0.0488897462959865,0.0525873757201587,-0.0498));
#18206=CARTESIAN_POINT('',(-0.0488749085862972,0.0525278735095701,-0.0499));
#18207=CARTESIAN_POINT('',(-0.0489007983573809,0.0525214175324987,-0.0499));
#18208=CARTESIAN_POINT('',(-0.0489265162995565,0.0525150044033723,-0.0498887862034582));
#18209=CARTESIAN_POINT('',(-0.0489445450103292,0.0525105086918034,-0.049869636424032));
#18210=CARTESIAN_POINT('',(-0.0481612017660808,0.0527123270617327,-0.0497994226585107));
#18211=CARTESIAN_POINT('',(-0.0487585786354246,0.0522798394488495,-0.049899993117123));
#18212=CARTESIAN_POINT('',(-0.0487826255763302,0.0522626730979188,-0.0498999457688367));
#18213=CARTESIAN_POINT('',(-0.0488064339699425,0.0522457144965023,-0.0498860142175984));
#18214=CARTESIAN_POINT('',(-0.0488216730876795,0.052234972541723,-0.0498630941516727));
#18215=CARTESIAN_POINT('',(-0.0480978659844842,0.0527484642931664,-0.0491080813656912));
#18216=CARTESIAN_POINT('',(-0.0485237248152524,0.0520477875034011,-0.0498698153569477));
#18217=CARTESIAN_POINT('',(-0.0485483017881219,0.052017864688208,-0.0498755893904595));
#18218=CARTESIAN_POINT('',(-0.0485781931711413,0.0519890573112852,-0.0498570371486939));
#18219=CARTESIAN_POINT('',(-0.048596536419546,0.0519773425544341,-0.0498244941005298));
#18220=CARTESIAN_POINT('',(-0.0493236684555941,0.0515892363645746,-0.0483404415568994));
#18221=CARTESIAN_POINT('',(-0.0481721825406948,0.0515083271686377,-0.0495863961030679));
#18222=CARTESIAN_POINT('',(-0.0481351585162102,0.0515083271686377,-0.0496234201275526));
#18223=CARTESIAN_POINT('',(-0.0480776518013561,0.0515420138222717,-0.0496332867199665));
#18224=CARTESIAN_POINT('',(-0.0480514718625762,0.0515790378467564,-0.0496071067811866));
#18225=CARTESIAN_POINT('',(-0.0484536196956741,0.0520477607664024,-0.0498678332580472));
#18226=CARTESIAN_POINT('',(-0.0480784263776389,0.0515171572875254,-0.049492639940012));
#18227=CARTESIAN_POINT('',(-0.0478784263776389,0.0518,-0.049292639940012));
#18228=CARTESIAN_POINT('',(-0.0478784263776389,0.0514,-0.049292639940012));
#18229=CARTESIAN_POINT('',(-0.0474443650813896,0.0514,-0.0488585786437627));
#18230=CARTESIAN_POINT('',(-0.047309834689803,0.0514,-0.0487240482521761));
#18231=CARTESIAN_POINT('',(-0.047309834689803,0.0518,-0.0487240482521761));
#18232=CARTESIAN_POINT('',(-0.0470270350556435,0.0517930190374251,-0.0484412486180166));
#18233=CARTESIAN_POINT('',(-0.0470357132165557,0.0510899123512552,-0.0484499267789288));
#18234=CARTESIAN_POINT('',(-0.0469615331401343,0.0571,-0.0483757467025073));
#18235=CARTESIAN_POINT('',(-0.04885,0.0511,-0.0474357864376269));
#18236=CARTESIAN_POINT('',(-0.04885,0.0571,-0.0474357864376269));
#18237=CARTESIAN_POINT('',(-0.04885,0.05405,-0.0474357864376269));
#18238=CARTESIAN_POINT('',(-0.04895,0.05405,-0.0474357864376269));
#18239=CARTESIAN_POINT('',(-0.04895,0.05405,-0.0473943650813896));
#18240=CARTESIAN_POINT('',(-0.0489207106781187,0.05405,-0.0473650757595082));
#18241=CARTESIAN_POINT('',(-0.04895,0.0540238196733753,-0.0474357864434456));
#18242=CARTESIAN_POINT('',(-0.0489500000132096,0.0540021301753085,-0.0473943650945977));
#18243=CARTESIAN_POINT('',(-0.0489207106839374,0.0539714590201258,-0.047365075765327));
#18244=CARTESIAN_POINT('',(-0.0489738198672955,0.054,-0.0475072460395146));
#18245=CARTESIAN_POINT('',(-0.0490265289383288,0.0539687584525877,-0.0474708940197195));
#18246=CARTESIAN_POINT('',(-0.0489921702800063,0.0539000000020567,-0.0474365353613959));
#18247=CARTESIAN_POINT('',(-0.049,0.054,-0.0475857864376269));
#18248=CARTESIAN_POINT('',(-0.0490707106781186,0.054,-0.0475150757595083));
#18249=CARTESIAN_POINT('',(-0.0490707106781187,0.0539,-0.0475150757595083));
#18250=CARTESIAN_POINT('',(-0.049,0.0539,-0.0475857864376269));
#18251=CARTESIAN_POINT('',(-0.0501313708498985,0.0539,-0.0487171572875254));
#18252=CARTESIAN_POINT('',(-0.0495363961030679,0.0539,-0.0481221825406948));
#18253=CARTESIAN_POINT('',(-0.0489,0.0539,-0.0487585786437627));
#18254=CARTESIAN_POINT('',(-0.0498,0.0539,-0.0487585786437627));
#18255=CARTESIAN_POINT('',(-0.0498,0.0539,-0.0548216499507995));
#18256=CARTESIAN_POINT('',(-0.0498,0.0539,-0.049));
#18257=CARTESIAN_POINT('',(-0.049,0.0539,-0.049));
#18258=CARTESIAN_POINT('',(-0.0497984298073894,0.0539,-0.0490500983300345));
#18259=CARTESIAN_POINT('',(-0.0498659062489246,0.0537826351822333,-0.0492453698597492));
#18260=CARTESIAN_POINT('',(-0.049858867991934,0.0537732984384927,-0.0492702077543297));
#18261=CARTESIAN_POINT('',(-0.0498393308675205,0.0537652703644666,-0.0492877429660313));
#18262=CARTESIAN_POINT('',(-0.049861757727309,0.0538200290361614,-0.0492600099251361));
#18263=CARTESIAN_POINT('',(-0.0498543689442094,0.053830124860853,-0.0492845104009859));
#18264=CARTESIAN_POINT('',(-0.0498403049895065,0.0538400582605999,-0.0493054182535399));
#18265=CARTESIAN_POINT('',(-0.0498842668467282,0.0538860712779548,-0.0491835455041002));
#18266=CARTESIAN_POINT('',(-0.0498809587217055,0.0539413933161308,-0.0492022215025812));
#18267=CARTESIAN_POINT('',(-0.0498363347957518,0.0539721421492148,-0.0492134712701693));
#18268=CARTESIAN_POINT('',(-0.0498954859090731,0.0538999996874505,-0.0491001502065173));
#18269=CARTESIAN_POINT('',(-0.0498947539074154,0.0539823588159523,-0.0491118148049014));
#18270=CARTESIAN_POINT('',(-0.0498142283127426,0.0540000000000001,-0.0491072632643317));
#18271=CARTESIAN_POINT('',(-0.0498982335333133,0.0539000000000001,-0.0490563606212886));
#18272=CARTESIAN_POINT('',(-0.0498982335333133,0.0540000000000001,-0.0490563606212885));
#18273=CARTESIAN_POINT('',(-0.0497984298073896,0.0540000000000001,-0.0490500983300343));
#18274=CARTESIAN_POINT('',(-0.0498696787586621,0.0537822467342212,-0.0492472478285359));
#18275=CARTESIAN_POINT('',(-0.0498616369986244,0.0537766825163701,-0.0492622513839121));
#18276=CARTESIAN_POINT('',(-0.0498517104850913,0.0537709187603955,-0.0492761330922573));
#18277=CARTESIAN_POINT('',(-0.0498402143323452,0.0537650925913109,-0.0492884815757643));
#18278=CARTESIAN_POINT('',(-0.0498361619315206,0.0530129030338272,-0.0490115687582093));
#18279=CARTESIAN_POINT('',(-0.0499,0.0530295153260524,-0.049));
#18280=CARTESIAN_POINT('',(-0.0499,0.053023059348981,-0.0490258897710837));
#18281=CARTESIAN_POINT('',(-0.0498887862034582,0.0530166462198546,-0.0490516077132593));
#18282=CARTESIAN_POINT('',(-0.049869636424032,0.0530121505082857,-0.049069636424032));
#18283=CARTESIAN_POINT('',(-0.0498,0.0551216179807885,-0.0495216951021496));
#18284=CARTESIAN_POINT('',(-0.049869636424032,0.0525105086918034,-0.0489445450103293));
#18285=CARTESIAN_POINT('',(-0.0498887862034582,0.0525150044033723,-0.0489265162995565));
#18286=CARTESIAN_POINT('',(-0.0499,0.0525214175324986,-0.0489007983573809));
#18287=CARTESIAN_POINT('',(-0.0499,0.0525278735095701,-0.0488749085862973));
#18288=CARTESIAN_POINT('',(-0.0497994226585116,0.0527123270617316,-0.0481612017660825));
#18289=CARTESIAN_POINT('',(-0.0498630941516727,0.052234972541723,-0.0488216730876794));
#18290=CARTESIAN_POINT('',(-0.0498860142175984,0.0522457144965023,-0.0488064339699425));
#18291=CARTESIAN_POINT('',(-0.0498999457688366,0.0522626730979188,-0.0487826255763302));
#18292=CARTESIAN_POINT('',(-0.049899993117123,0.0522798394488496,-0.0487585786354246));
#18293=CARTESIAN_POINT('',(-0.0498719041192199,0.0520477607664024,-0.0485232015356078));
#18294=CARTESIAN_POINT('',(-0.0498822883165211,0.0519960816286977,-0.0485660792997665));
#18295=CARTESIAN_POINT('',(-0.0498247137072979,0.0519770500882837,-0.0485967392464233));
#18296=CARTESIAN_POINT('',(-0.0498930360990157,0.0521167389887068,-0.0486104583566803));
#18297=CARTESIAN_POINT('',(-0.0498988439089361,0.0520716180860963,-0.0486507078528336));
#18298=CARTESIAN_POINT('',(-0.0498491518903676,0.0520536925353992,-0.0486806898515178));
#18299=CARTESIAN_POINT('',(-0.0499,0.0521932877463224,-0.0486901909985504));
#18300=CARTESIAN_POINT('',(-0.0499027120270646,0.0521562792984808,-0.0487296917837637));
#18301=CARTESIAN_POINT('',(-0.0498597543314958,0.0521387467199396,-0.0487567840505615));
#18302=CARTESIAN_POINT('',(-0.0499,0.0522798394415454,-0.0487585786437627));
#18303=CARTESIAN_POINT('',(-0.0499,0.05225230793826,-0.0487972942388731));
#18304=CARTESIAN_POINT('',(-0.0498631736494468,0.0522349152828871,-0.0488217522932095));
#18305=CARTESIAN_POINT('',(-0.0498724048439405,0.0520477563002718,-0.0485230771309348));
#18306=CARTESIAN_POINT('',(-0.0498783585199787,0.0520172935852603,-0.0485481340934922));
#18307=CARTESIAN_POINT('',(-0.0498585763738047,0.0519880322070892,-0.0485787398844897));
#18308=CARTESIAN_POINT('',(-0.0498246831355165,0.0519770938107948,-0.0485967081960645));
#18309=CARTESIAN_POINT('',(-0.0483404415635732,0.0515892363621287,-0.0493236684544584));
#18310=CARTESIAN_POINT('',(-0.0496071067811866,0.0515790378467564,-0.0480514718625762));
#18311=CARTESIAN_POINT('',(-0.0496332867199665,0.0515420138222717,-0.0480776518013561));
#18312=CARTESIAN_POINT('',(-0.0496234201275526,0.0515083271686377,-0.0481351585162102));
#18313=CARTESIAN_POINT('',(-0.0495863961030679,0.0515083271686377,-0.0481721825406949));
#18314=CARTESIAN_POINT('',(-0.0498678332580472,0.0520477607664024,-0.0484536196956741));
#18315=CARTESIAN_POINT('',(-0.049492639940012,0.0515171572875254,-0.0480784263776389));
#18316=CARTESIAN_POINT('',(-0.049292639940012,0.0518,-0.0478784263776389));
#18317=CARTESIAN_POINT('',(-0.049292639940012,0.0514,-0.0478784263776389));
#18318=CARTESIAN_POINT('',(-0.049292639940012,0.0514,-0.0478784263776389));
#18319=CARTESIAN_POINT('',(-0.0487240482521761,0.0514,-0.047309834689803));
#18320=CARTESIAN_POINT('',(-0.0487240482521761,0.0518,-0.047309834689803));
#18321=CARTESIAN_POINT('',(-0.0484412486180166,0.0517930190374251,-0.0470270350556435));
#18322=CARTESIAN_POINT('',(-0.0484412486180166,0.0517930190374251,-0.0470270350556435));
#18323=CARTESIAN_POINT('',(-0.0483757467025073,0.0571,-0.0469615331401343));
#18324=CARTESIAN_POINT('',(-0.0415,0.0571,-0.05001));
#18325=CARTESIAN_POINT('',(-0.049,0.0571,-0.049));
#18326=CARTESIAN_POINT('',(-0.0495,0.0571,-0.049));
#18327=CARTESIAN_POINT('',(-0.049,0.0571,-0.0495));
#18328=CARTESIAN_POINT('',(-0.0415,0.0571,-0.0495));
#18329=CARTESIAN_POINT('',(-0.042,0.0571,-0.0495));
#18330=CARTESIAN_POINT('',(-0.042,0.0571,-0.05001));
#18331=CARTESIAN_POINT('',(-0.042,0.0571,-0.042));
#18332=CARTESIAN_POINT('',(-0.0415,0.0571,-0.042));
#18333=CARTESIAN_POINT('',(-0.0495,0.0571,-0.042));
#18334=CARTESIAN_POINT('',(-0.0495,0.0571,-0.05001));
#18335=CARTESIAN_POINT('',(-0.0415,0.0746,-0.05001));
#18336=CARTESIAN_POINT('',(-0.0461715728752538,0.0746,-0.0477272077938642));
#18337=CARTESIAN_POINT('',(-0.0453937554159486,0.0746,-0.0485050252531694));
#18338=CARTESIAN_POINT('',(-0.0451059348446489,0.0746,-0.048));
#18339=CARTESIAN_POINT('',(-0.0441993650813896,0.0746,-0.0473106349186104));
#18340=CARTESIAN_POINT('',(-0.0458887301627792,0.0746,-0.049));
#18341=CARTESIAN_POINT('',(-0.05,0.0746,-0.049));
#18342=CARTESIAN_POINT('',(-0.0425,0.0746,-0.049));
#18343=CARTESIAN_POINT('',(-0.0425,0.0746,-0.05));
#18344=CARTESIAN_POINT('',(-0.0425,0.0746,-0.048));
#18345=CARTESIAN_POINT('',(-0.0465,0.0746,-0.048));
#18346=CARTESIAN_POINT('',(-0.0490414213562373,0.0746,-0.0472029437251523));
#18347=CARTESIAN_POINT('',(-0.0478686291501015,0.0746,-0.0460301515190165));
#18348=CARTESIAN_POINT('',(-0.0490414213562373,0.0746,-0.0472029437251523));
#18349=CARTESIAN_POINT('',(-0.0489,0.0746,-0.0473443650813896));
#18350=CARTESIAN_POINT('',(-0.0491,0.0746,-0.0473443650813896));
#18351=CARTESIAN_POINT('',(-0.0491,0.0746,-0.0488));
#18352=CARTESIAN_POINT('',(-0.0491,0.0746,-0.0488));
#18353=CARTESIAN_POINT('',(-0.0488,0.0746,-0.0488));
#18354=CARTESIAN_POINT('',(-0.0488,0.0746,-0.0491));
#18355=CARTESIAN_POINT('',(-0.0473443650813896,0.0746,-0.0491));
#18356=CARTESIAN_POINT('',(-0.0473443650813896,0.0746,-0.0491));
#18357=CARTESIAN_POINT('',(-0.0473443650813896,0.0746,-0.0489));
#18358=CARTESIAN_POINT('',(-0.0472029437251523,0.0746,-0.0490414213562373));
#18359=CARTESIAN_POINT('',(-0.0460301515190165,0.0746,-0.0478686291501015));
#18360=CARTESIAN_POINT('',(-0.0460301515190165,0.0746,-0.0478686291501015));
#18361=CARTESIAN_POINT('',(-0.0461715728752538,0.0746,-0.0477272077938642));
#18362=CARTESIAN_POINT('',(-0.0460301515190165,0.0746,-0.0475857864376269));
#18363=CARTESIAN_POINT('',(-0.0468029689783217,0.0746,-0.0468129689783217));
#18364=CARTESIAN_POINT('',(-0.0475857864376269,0.0746,-0.0460301515190165));
#18365=CARTESIAN_POINT('',(-0.0477272077938642,0.0746,-0.0461715728752538));
#18366=CARTESIAN_POINT('',(-0.0465,0.0746,-0.047));
#18367=CARTESIAN_POINT('',(-0.042,0.0746,-0.047));
#18368=CARTESIAN_POINT('',(-0.0465,0.0746,-0.047));
#18369=CARTESIAN_POINT('',(-0.042,0.0746,-0.0495));
#18370=CARTESIAN_POINT('',(-0.042,0.0746,-0.0495));
#18371=CARTESIAN_POINT('',(-0.05,0.0746,-0.0495));
#18372=CARTESIAN_POINT('',(-0.049,0.0746,-0.0495));
#18373=CARTESIAN_POINT('',(-0.049,0.0746,-0.049));
#18374=CARTESIAN_POINT('',(-0.0495,0.0746,-0.049));
#18375=CARTESIAN_POINT('',(-0.0495,0.0746,-0.05001));
#18376=CARTESIAN_POINT('',(-0.0495,0.0746,-0.042));
#18377=CARTESIAN_POINT('',(-0.0465,0.0746,-0.042));
#18378=CARTESIAN_POINT('',(-0.0465,0.0746,-0.042));
#18379=CARTESIAN_POINT('',(-0.0465,0.0746,0.047));
#18380=CARTESIAN_POINT('',(-0.0477272077938642,0.0746,-0.0461715728752538));
#18381=CARTESIAN_POINT('',(-0.0475,0.0746,-0.0450952938136683));
#18382=CARTESIAN_POINT('',(-0.0485050252531694,0.0746,-0.0453937554159486));
#18383=CARTESIAN_POINT('',(-0.0475,0.0746,0.047));
#18384=CARTESIAN_POINT('',(-0.0475,0.0746,-0.0425));
#18385=CARTESIAN_POINT('',(-0.05,0.0746,-0.0425));
#18386=CARTESIAN_POINT('',(-0.049,0.0746,-0.0425));
#18387=CARTESIAN_POINT('',(-0.049,0.0746,-0.05));
#18388=CARTESIAN_POINT('',(-0.049,0.0746,-0.0458887301627792));
#18389=CARTESIAN_POINT('',(-0.0484343145750508,0.0746,-0.04532304473783));
#18390=CARTESIAN_POINT('',(0.,0.0725,0.));
#18391=CARTESIAN_POINT('',(-0.0461715728752538,0.0725,-0.0477272077938642));
#18392=CARTESIAN_POINT('',(-0.0453462433504317,0.0725,-0.047));
#18393=CARTESIAN_POINT('',(-0.0453937554159486,0.0725,-0.046949390334559));
#18394=CARTESIAN_POINT('',(-0.0465,0.0725,-0.047));
#18395=CARTESIAN_POINT('',(-0.0465,0.0725,-0.047));
#18396=CARTESIAN_POINT('',(-0.0465,0.0725,0.047));
#18397=CARTESIAN_POINT('',(-0.0465,0.0725,-0.0458431457505076));
#18398=CARTESIAN_POINT('',(-0.0461715728752538,0.0725,-0.0461715728752538));
#18399=CARTESIAN_POINT('',(-0.05,0.1135,-0.0415));
#18400=CARTESIAN_POINT('',(-0.048,0.1135,-0.0415));
#18401=CARTESIAN_POINT('',(-0.048,0.07142,-0.0415));
#18402=CARTESIAN_POINT('',(-0.048,0.05942,-0.0415));
#18403=CARTESIAN_POINT('',(-0.05,0.05942,-0.0415));
#18404=CARTESIAN_POINT('',(-0.05,0.0576,-0.0415));
#18405=CARTESIAN_POINT('',(-0.042,0.0576,-0.0415));
#18406=CARTESIAN_POINT('',(-0.042,0.1135,-0.0415));
#18407=CARTESIAN_POINT('',(-0.042,0.0725,-0.0415));
#18408=CARTESIAN_POINT('',(-0.05,0.0725,-0.0415));
#18409=CARTESIAN_POINT('',(-0.0465,0.0725,-0.0415));
#18410=CARTESIAN_POINT('',(-0.0465,0.1135,-0.0415));
#18411=CARTESIAN_POINT('',(-0.0465,0.0741,-0.0415));
#18412=CARTESIAN_POINT('',(-0.0495,0.0741,-0.0415));
#18413=CARTESIAN_POINT('',(-0.0495,0.0741,-0.0415));
#18414=CARTESIAN_POINT('',(-0.0495,0.1135,-0.0415));
#18415=CARTESIAN_POINT('',(-0.0495,0.07142,-0.0415));
#18416=CARTESIAN_POINT('',(-0.05,0.07142,-0.0415));
#18417=CARTESIAN_POINT('',(-0.0415,0.1135,-0.05));
#18418=CARTESIAN_POINT('',(-0.0415,0.0741,-0.047));
#18419=CARTESIAN_POINT('',(-0.0415,0.0741,-0.047));
#18420=CARTESIAN_POINT('',(-0.0415,0.1135,-0.047));
#18421=CARTESIAN_POINT('',(-0.0415,0.0725,-0.047));
#18422=CARTESIAN_POINT('',(-0.0415,0.0725,-0.05));
#18423=CARTESIAN_POINT('',(-0.0415,0.0725,-0.042));
#18424=CARTESIAN_POINT('',(-0.0415,0.1135,-0.042));
#18425=CARTESIAN_POINT('',(-0.0415,0.0576,-0.042));
#18426=CARTESIAN_POINT('',(-0.0415,0.0576,-0.05));
#18427=CARTESIAN_POINT('',(-0.0415,0.0576,-0.0495));
#18428=CARTESIAN_POINT('',(-0.0415,0.1135,-0.0495));
#18429=CARTESIAN_POINT('',(-0.049,0.1135,-0.049));
#18430=CARTESIAN_POINT('',(-0.05,0.1135,-0.049));
#18431=CARTESIAN_POINT('',(-0.05,0.0741,-0.049));
#18432=CARTESIAN_POINT('',(-0.05,0.0717,-0.049));
#18433=CARTESIAN_POINT('',(-0.049,0.0741,-0.049));
#18434=CARTESIAN_POINT('',(-0.049,0.0717,-0.049));
#18435=CARTESIAN_POINT('',(-0.049,0.1135,-0.049));
#18436=CARTESIAN_POINT('',(-0.049,0.0576,-0.049));
#18437=CARTESIAN_POINT('',(-0.05,0.0576,-0.049));
#18438=CARTESIAN_POINT('',(-0.05,0.1135,-0.049));
#18439=CARTESIAN_POINT('',(-0.05,0.0685,-0.049));
#18440=CARTESIAN_POINT('',(-0.049,0.0685,-0.049));
#18441=CARTESIAN_POINT('',(-0.0465,0.0746,-0.047));
#18442=CARTESIAN_POINT('',(-0.042,0.0741,-0.047));
#18443=CARTESIAN_POINT('',(-0.0465,0.0746,-0.047));
#18444=CARTESIAN_POINT('',(-0.0465,0.0725,-0.047));
#18445=CARTESIAN_POINT('',(-0.0425,0.0725,-0.047));
#18446=CARTESIAN_POINT('',(-0.0465,0.0725,-0.047));
#18447=CARTESIAN_POINT('',(-0.0465,0.0746,0.047));
#18448=CARTESIAN_POINT('',(-0.0465,0.0741,-0.042));
#18449=CARTESIAN_POINT('',(-0.0465,0.0725,0.047));
#18450=CARTESIAN_POINT('',(-0.0465,0.0725,-0.0425));
#18451=CARTESIAN_POINT('',(-0.0465,0.0725,0.047));
#18452=CARTESIAN_POINT('',(0.,0.0725,0.));
#18453=CARTESIAN_POINT('',(-0.042,0.0725,-0.042));
#18454=CARTESIAN_POINT('',(-0.0425,0.0725,-0.05));
#18455=CARTESIAN_POINT('',(-0.0425,0.0725,-0.0425));
#18456=CARTESIAN_POINT('',(-0.05,0.0725,-0.0425));
#18457=CARTESIAN_POINT('',(-0.05,0.1135,-0.05));
#18458=CARTESIAN_POINT('',(-0.05,0.0576,-0.05));
#18459=CARTESIAN_POINT('',(-0.05,0.05942,-0.0270000000000006));
#18460=CARTESIAN_POINT('',(-0.05,0.05942,-0.0270000000000006));
#18461=CARTESIAN_POINT('',(-0.05,0.04292,-0.0156973454445432));
#18462=CARTESIAN_POINT('',(-0.05,0.06292,-0.0156973454445432));
#18463=CARTESIAN_POINT('',(-0.05,0.06292,0.0156973454445422));
#18464=CARTESIAN_POINT('',(-0.05,0.06292,0.0156973454445422));
#18465=CARTESIAN_POINT('',(-0.05,0.04292,0.0156973454445422));
#18466=CARTESIAN_POINT('',(-0.05,0.05942,0.0269999999999995));
#18467=CARTESIAN_POINT('',(-0.05,0.05942,0.0269999999999995));
#18468=CARTESIAN_POINT('',(-0.05,0.05942,0.042));
#18469=CARTESIAN_POINT('',(-0.05,0.1135,0.042));
#18470=CARTESIAN_POINT('',(-0.05,0.0576,0.042));
#18471=CARTESIAN_POINT('',(-0.05,0.0576,0.05));
#18472=CARTESIAN_POINT('',(-0.05,0.0576,0.049));
#18473=CARTESIAN_POINT('',(-0.05,0.1135,0.049));
#18474=CARTESIAN_POINT('',(-0.05,0.0685,0.049));
#18475=CARTESIAN_POINT('',(-0.05,0.0685,0.05));
#18476=CARTESIAN_POINT('',(-0.05,0.0685,0.0483443650813896));
#18477=CARTESIAN_POINT('',(-0.05,0.0687,0.0483443650813896));
#18478=CARTESIAN_POINT('',(-0.05,0.0687,0.048061522368915));
#18479=CARTESIAN_POINT('',(-0.05,0.0687,0.048061522368915));
#18480=CARTESIAN_POINT('',(-0.05,0.0715,0.048061522368915));
#18481=CARTESIAN_POINT('',(-0.05,0.0715,0.0483443650813896));
#18482=CARTESIAN_POINT('',(-0.05,0.0717,0.0483443650813896));
#18483=CARTESIAN_POINT('',(-0.05,0.0717,0.0484443650813896));
#18484=CARTESIAN_POINT('',(-0.05,0.0717,0.049));
#18485=CARTESIAN_POINT('',(-0.05,0.1135,0.049));
#18486=CARTESIAN_POINT('',(-0.05,0.0741,0.049));
#18487=CARTESIAN_POINT('',(-0.05,0.0741,0.05));
#18488=CARTESIAN_POINT('',(-0.05,0.0741,0.042));
#18489=CARTESIAN_POINT('',(-0.05,0.1135,0.042));
#18490=CARTESIAN_POINT('',(-0.05,0.07142,0.0419999999999995));
#18491=CARTESIAN_POINT('',(-0.05,0.07142,0.0269999999999995));
#18492=CARTESIAN_POINT('',(-0.05,0.07142,0.0269999999999995));
#18493=CARTESIAN_POINT('',(-0.05,0.08792,0.0156973454445422));
#18494=CARTESIAN_POINT('',(-0.05,0.06792,0.0156973454445422));
#18495=CARTESIAN_POINT('',(-0.05,0.06792,0.0156973454445422));
#18496=CARTESIAN_POINT('',(-0.05,0.06792,-0.0156973454445432));
#18497=CARTESIAN_POINT('',(-0.05,0.08792,-0.0156973454445432));
#18498=CARTESIAN_POINT('',(-0.05,0.07142,-0.0270000000000006));
#18499=CARTESIAN_POINT('',(-0.05,0.07142,-0.0270000000000006));
#18500=CARTESIAN_POINT('',(-0.05,0.07142,-0.042));
#18501=CARTESIAN_POINT('',(-0.05,0.1135,-0.042));
#18502=CARTESIAN_POINT('',(-0.05,0.0741,-0.042));
#18503=CARTESIAN_POINT('',(-0.05,0.0741,-0.05));
#18504=CARTESIAN_POINT('',(-0.05,0.0717,-0.0484443650813896));
#18505=CARTESIAN_POINT('',(-0.05,0.0717,-0.0483443650813896));
#18506=CARTESIAN_POINT('',(-0.05,0.0715,-0.0483443650813896));
#18507=CARTESIAN_POINT('',(-0.05,0.0715,-0.048061522368915));
#18508=CARTESIAN_POINT('',(-0.05,0.0687,-0.048061522368915));
#18509=CARTESIAN_POINT('',(-0.05,0.0687,-0.048061522368915));
#18510=CARTESIAN_POINT('',(-0.05,0.0687,-0.0483443650813896));
#18511=CARTESIAN_POINT('',(-0.05,0.0685,-0.0483443650813896));
#18512=CARTESIAN_POINT('',(-0.05,0.0685,-0.05));
#18513=CARTESIAN_POINT('',(-0.0483443650813896,0.0686,-0.0499));
#18514=CARTESIAN_POINT('',(-0.0483443650813896,0.0686,-0.05));
#18515=CARTESIAN_POINT('',(-0.0483443650813896,0.0685,-0.05));
#18516=CARTESIAN_POINT('',(-0.0482888288132634,0.0686,-0.0498814879106245));
#18517=CARTESIAN_POINT('',(-0.0482831638039195,0.0686204006405822,-0.049999999999999));
#18518=CARTESIAN_POINT('',(-0.0482703167238882,0.0685000000005791,-0.05));
#18519=CARTESIAN_POINT('',(-0.0481781992320523,0.0686216687222347,-0.0498446113831687));
#18520=CARTESIAN_POINT('',(-0.0481958722419426,0.0687378259228434,-0.0500000000000008));
#18521=CARTESIAN_POINT('',(-0.0481228106152207,0.0685433374441798,-0.05));
#18522=CARTESIAN_POINT('',(-0.0481322330481904,0.0686738198430561,-0.0498292893230382));
#18523=CARTESIAN_POINT('',(-0.0483029436551309,0.0687370286081238,-0.0499999999999997));
#18524=CARTESIAN_POINT('',(-0.0480615223712288,0.0686476396861121,-0.05));
#18525=CARTESIAN_POINT('',(-0.0481322330470336,0.0687,-0.0498292893218813));
#18526=CARTESIAN_POINT('',(-0.0483029437251523,0.0687,-0.05));
#18527=CARTESIAN_POINT('',(-0.048061522368915,0.0687,-0.05));
#18528=CARTESIAN_POINT('',(-0.0483443650813896,0.0685,-0.0499));
#18529=CARTESIAN_POINT('',(-0.0483443650813896,0.0686,-0.0499));
#18530=CARTESIAN_POINT('',(-0.0483443650813896,0.0687,-0.0499));
#18531=CARTESIAN_POINT('',(-0.0481322330470337,0.0687,-0.0498292893218814));
#18532=CARTESIAN_POINT('',(-0.048061522368915,0.0687,-0.0499));
#18533=CARTESIAN_POINT('',(-0.05,0.0685,-0.0499));
#18534=CARTESIAN_POINT('',(-0.049,0.0685,-0.0499));
#18535=CARTESIAN_POINT('',(-0.049,0.0686,-0.0499));
#18536=CARTESIAN_POINT('',(-0.0488,0.0686,-0.0499));
#18537=CARTESIAN_POINT('',(-0.049,0.0685,-0.049));
#18538=CARTESIAN_POINT('',(-0.0499,0.0685,-0.049));
#18539=CARTESIAN_POINT('',(-0.0499,0.0686,-0.049));
#18540=CARTESIAN_POINT('',(-0.049,0.0686,-0.049));
#18541=CARTESIAN_POINT('',(-0.0499,0.0685,-0.05));
#18542=CARTESIAN_POINT('',(-0.0499,0.0685,-0.0483443650813896));
#18543=CARTESIAN_POINT('',(-0.0499,0.0686,-0.0483443650813896));
#18544=CARTESIAN_POINT('',(-0.0499,0.0686,-0.0488));
#18545=CARTESIAN_POINT('',(-0.0498292893218813,0.0687,-0.0481322330470336));
#18546=CARTESIAN_POINT('',(-0.05,0.0687,-0.0483029437251523));
#18547=CARTESIAN_POINT('',(-0.05,0.0687,-0.048061522368915));
#18548=CARTESIAN_POINT('',(-0.0498292893230382,0.0686738198430561,-0.0481322330481904));
#18549=CARTESIAN_POINT('',(-0.0499999999999997,0.0687370286081238,-0.0483029436551309));
#18550=CARTESIAN_POINT('',(-0.05,0.0686476396861121,-0.0480615223712288));
#18551=CARTESIAN_POINT('',(-0.0498446113831687,0.0686216687222347,-0.0481781992320523));
#18552=CARTESIAN_POINT('',(-0.0500000000000008,0.0687378259228434,-0.0481958722419427));
#18553=CARTESIAN_POINT('',(-0.05,0.0685433374441798,-0.0481228106152207));
#18554=CARTESIAN_POINT('',(-0.0498814879106245,0.0686,-0.0482888288132634));
#18555=CARTESIAN_POINT('',(-0.049999999999999,0.0686204006405823,-0.0482831638039195));
#18556=CARTESIAN_POINT('',(-0.05,0.0685000000005791,-0.0482703167238882));
#18557=CARTESIAN_POINT('',(-0.0499,0.0686,-0.0483443650813896));
#18558=CARTESIAN_POINT('',(-0.05,0.0686,-0.0483443650813896));
#18559=CARTESIAN_POINT('',(-0.05,0.0685,-0.0483443650813896));
#18560=CARTESIAN_POINT('',(-0.0499,0.0687,-0.048061522368915));
#18561=CARTESIAN_POINT('',(-0.0498292893218814,0.0687,-0.0481322330470337));
#18562=CARTESIAN_POINT('',(-0.0499,0.0687,-0.0483443650813896));
#18563=CARTESIAN_POINT('',(-0.0472855642219004,0.071590384133324,-0.0490866233266598));
#18564=CARTESIAN_POINT('',(-0.047273654403271,0.0715,-0.0489707106781187));
#18565=CARTESIAN_POINT('',(-0.0473225008366736,0.0715345396442957,-0.0490195571115213));
#18566=CARTESIAN_POINT('',(-0.0473676347314935,0.0715581098703353,-0.049041089883368));
#18567=CARTESIAN_POINT('',(-0.0473943650813896,0.0715707106781186,-0.04905));
#18568=CARTESIAN_POINT('',(-0.047273654403271,0.0715,-0.0489707106781187));
#18569=CARTESIAN_POINT('',(-0.0473943650813896,0.0715707106781187,-0.04905));
#18570=CARTESIAN_POINT('',(-0.0473443650813896,0.0716414213562373,-0.049));
#18571=CARTESIAN_POINT('',(-0.0473265448481255,0.0716162197406706,-0.049));
#18572=CARTESIAN_POINT('',(-0.0472980776199722,0.0715690792885915,-0.0489951338948199));
#18573=CARTESIAN_POINT('',(-0.0472736544032709,0.0715,-0.0489707106781187));
#18574=CARTESIAN_POINT('',(-0.0473443650813896,0.0716414213562373,-0.049));
#18575=CARTESIAN_POINT('',(-0.0473443664039622,0.0716414202699798,-0.04899993196037));
#18576=CARTESIAN_POINT('',(-0.0473646489754652,0.0716127265590638,-0.0490007843155625));
#18577=CARTESIAN_POINT('',(-0.0473838245849801,0.0715856081520211,-0.0490199599250778));
#18578=CARTESIAN_POINT('',(-0.0473943989943906,0.0715706635020353,-0.0490499645507989));
#18579=CARTESIAN_POINT('',(-0.0488,0.0686,-0.049));
#18580=CARTESIAN_POINT('',(-0.0473443650813896,0.0746,-0.049));
#18581=CARTESIAN_POINT('',(-0.0473443650813896,0.0745,-0.049));
#18582=CARTESIAN_POINT('',(-0.0488,0.0745,-0.049));
#18583=CARTESIAN_POINT('',(-0.0488,0.0745,-0.049));
#18584=CARTESIAN_POINT('',(-0.0488,0.0686,-0.049));
#18585=CARTESIAN_POINT('',(-0.0488,0.0717,-0.049));
#18586=CARTESIAN_POINT('',(-0.0488,0.0717,-0.049));
#18587=CARTESIAN_POINT('',(-0.0475443650813896,0.0717,-0.049));
#18588=CARTESIAN_POINT('',(-0.0475443650813896,0.0717,-0.049));
#18589=CARTESIAN_POINT('',(-0.0474697335026232,0.0717,-0.049));
#18590=CARTESIAN_POINT('',(-0.0473976766511777,0.0716791183287502,-0.049));
#18591=CARTESIAN_POINT('',(-0.0473443650813896,0.0716414213562373,-0.049));
#18592=CARTESIAN_POINT('',(-0.0488,0.0686,-0.0488));
#18593=CARTESIAN_POINT('',(-0.0488,0.0745,-0.0488));
#18594=CARTESIAN_POINT('',(-0.049,0.0745,-0.0488));
#18595=CARTESIAN_POINT('',(-0.049,0.0686,-0.0488));
#18596=CARTESIAN_POINT('',(-0.049,0.0717,-0.0488));
#18597=CARTESIAN_POINT('',(-0.0488,0.0717,-0.0488));
#18598=CARTESIAN_POINT('',(-0.0491,0.0745,-0.05001));
#18599=CARTESIAN_POINT('',(-0.0491,0.0745,-0.0473443650813896));
#18600=CARTESIAN_POINT('',(-0.049,0.0745,-0.0473443650813896));
#18601=CARTESIAN_POINT('',(-0.049,0.0745,-0.0473443650813896));
#18602=CARTESIAN_POINT('',(-0.0491,0.0745,-0.0488));
#18603=CARTESIAN_POINT('',(-0.0489,0.0745,-0.0473443650813896));
#18604=CARTESIAN_POINT('',(-0.0490414213562373,0.0745,-0.0472029437251523));
#18605=CARTESIAN_POINT('',(-0.0489707106781187,0.0745,-0.047273654403271));
#18606=CARTESIAN_POINT('',(-0.0489,0.0745,-0.0473443650813896));
#18607=CARTESIAN_POINT('',(-0.0509242388155425,0.0745,-0.0490857611844575));
#18608=CARTESIAN_POINT('',(-0.0478686291501015,0.0745,-0.0460301515190165));
#18609=CARTESIAN_POINT('',(-0.0477979184719829,0.0745,-0.0461008621971352));
#18610=CARTESIAN_POINT('',(-0.0477979184719829,0.0745,-0.0461008621971352));
#18611=CARTESIAN_POINT('',(-0.0477272077938642,0.0745,-0.0461715728752538));
#18612=CARTESIAN_POINT('',(-0.0475857864376269,0.0745,-0.0460301515190165));
#18613=CARTESIAN_POINT('',(-0.0476564971157456,0.0745,-0.0461008621971352));
#18614=CARTESIAN_POINT('',(-0.0477272077938642,0.0745,-0.0461715728752538));
#18615=CARTESIAN_POINT('',(-0.0477272077938642,0.0686,-0.0460301515190165));
#18616=CARTESIAN_POINT('',(-0.0476564971157456,0.0686,-0.0461008621971352));
#18617=CARTESIAN_POINT('',(-0.0476564971157456,0.0687,-0.0461008621971352));
#18618=CARTESIAN_POINT('',(-0.0477272077938642,0.0745,-0.0460301515190165));
#18619=CARTESIAN_POINT('',(-0.0461008621971352,0.0745,-0.0476564971157456));
#18620=CARTESIAN_POINT('',(-0.0461008621971352,0.0686,-0.0476564971157456));
#18621=CARTESIAN_POINT('',(-0.0461008621971352,0.0687,-0.0476564971157456));
#18622=CARTESIAN_POINT('',(-0.0477272077938642,0.0687,-0.0460301515190165));
#18623=CARTESIAN_POINT('',(-0.0461715728752538,0.0745,-0.0477272077938642));
#18624=CARTESIAN_POINT('',(-0.0460301515190165,0.0745,-0.0475857864376269));
#18625=CARTESIAN_POINT('',(-0.0460301515190165,0.0745,-0.0478686291501015));
#18626=CARTESIAN_POINT('',(-0.0461008621971352,0.0745,-0.0477979184719829));
#18627=CARTESIAN_POINT('',(-0.0461715728752538,0.0745,-0.0477272077938642));
#18628=CARTESIAN_POINT('',(-0.0476564971157456,0.0745,-0.0459594408408979));
#18629=CARTESIAN_POINT('',(-0.0477272077938642,0.0686,-0.0461715728752538));
#18630=CARTESIAN_POINT('',(-0.0477979184719829,0.0686,-0.0461008621971352));
#18631=CARTESIAN_POINT('',(-0.0477979184719829,0.0687,-0.0461008621971352));
#18632=CARTESIAN_POINT('',(-0.0477272077938642,0.0687,-0.0461715728752538));
#18633=CARTESIAN_POINT('',(-0.0477272077938642,0.0687,-0.0461715728752538));
#18634=CARTESIAN_POINT('',(-0.0477272077938642,0.0687,-0.0461715728752538));
#18635=CARTESIAN_POINT('',(-0.0477272077938642,0.0686,-0.0461715728752538));
#18636=CARTESIAN_POINT('',(-0.0477272077938642,0.0687,-0.0461715728752538));
#18637=CARTESIAN_POINT('',(-0.0476564971157456,0.0687,-0.0461008621971352));
#18638=CARTESIAN_POINT('',(-0.0495778174593052,0.0686,-0.0480221825406948));
#18639=CARTESIAN_POINT('',(-0.0477272077938642,0.0687,-0.0460301515190165));
#18640=CARTESIAN_POINT('',(-0.0499,0.0686,-0.048061522368915));
#18641=CARTESIAN_POINT('',(-0.0499,0.0715,-0.048061522368915));
#18642=CARTESIAN_POINT('',(-0.0498292893218814,0.0715,-0.0481322330470337));
#18643=CARTESIAN_POINT('',(-0.0498292893218814,0.0715,-0.0481322330470337));
#18644=CARTESIAN_POINT('',(-0.0499,0.0716,-0.0483443650813896));
#18645=CARTESIAN_POINT('',(-0.05,0.0716,-0.0483443650813896));
#18646=CARTESIAN_POINT('',(-0.05,0.0717,-0.0483443650813896));
#18647=CARTESIAN_POINT('',(-0.0498814879106245,0.0716,-0.0482888288132634));
#18648=CARTESIAN_POINT('',(-0.049999999999999,0.0715795993594172,-0.0482831638039195));
#18649=CARTESIAN_POINT('',(-0.05,0.0716999999994209,-0.0482703167238882));
#18650=CARTESIAN_POINT('',(-0.0498446113831687,0.0715783312777653,-0.0481781992320523));
#18651=CARTESIAN_POINT('',(-0.0500000000000008,0.071462174077157,-0.0481958722419427));
#18652=CARTESIAN_POINT('',(-0.05,0.0716566625558202,-0.0481228106152207));
#18653=CARTESIAN_POINT('',(-0.0498292893230382,0.0715261801569439,-0.0481322330481904));
#18654=CARTESIAN_POINT('',(-0.0499999999999997,0.0714629713918758,-0.0483029436551309));
#18655=CARTESIAN_POINT('',(-0.05,0.0715523603138879,-0.0480615223712288));
#18656=CARTESIAN_POINT('',(-0.0498292893218813,0.0715,-0.0481322330470336));
#18657=CARTESIAN_POINT('',(-0.05,0.0715,-0.0483029437251523));
#18658=CARTESIAN_POINT('',(-0.05,0.0715,-0.048061522368915));
#18659=CARTESIAN_POINT('',(-0.0499,0.0717,-0.0483443650813896));
#18660=CARTESIAN_POINT('',(-0.0499,0.0716,-0.0483443650813896));
#18661=CARTESIAN_POINT('',(-0.0499,0.0715,-0.0483443650813896));
#18662=CARTESIAN_POINT('',(-0.0499,0.0717,9.00340792280726E-18));
#18663=CARTESIAN_POINT('',(-0.0499,0.0717,-0.049));
#18664=CARTESIAN_POINT('',(-0.0499,0.0716,-0.049));
#18665=CARTESIAN_POINT('',(-0.0499,0.0716,-0.049));
#18666=CARTESIAN_POINT('',(-0.049,0.0717,-0.049));
#18667=CARTESIAN_POINT('',(-0.049,0.0717,-0.0499));
#18668=CARTESIAN_POINT('',(-0.049,0.0716,-0.0499));
#18669=CARTESIAN_POINT('',(-0.049,0.0716,-0.049));
#18670=CARTESIAN_POINT('',(1.14524293006569E-17,0.0717,-0.0499));
#18671=CARTESIAN_POINT('',(-0.0483443650813896,0.0717,-0.0499));
#18672=CARTESIAN_POINT('',(-0.0483443650813896,0.0716,-0.0499));
#18673=CARTESIAN_POINT('',(-0.0484443650813896,0.0716,-0.0499));
#18674=CARTESIAN_POINT('',(-0.0481322330470336,0.0715,-0.0498292893218813));
#18675=CARTESIAN_POINT('',(-0.0483029437251523,0.0715,-0.05));
#18676=CARTESIAN_POINT('',(-0.048061522368915,0.0715,-0.05));
#18677=CARTESIAN_POINT('',(-0.0481322330481904,0.0715261801569439,-0.0498292893230382));
#18678=CARTESIAN_POINT('',(-0.0483029436551309,0.0714629713918758,-0.0499999999999997));
#18679=CARTESIAN_POINT('',(-0.0480615223712288,0.0715523603138879,-0.05));
#18680=CARTESIAN_POINT('',(-0.0481781992320523,0.0715783312777653,-0.0498446113831687));
#18681=CARTESIAN_POINT('',(-0.0481958722419427,0.0714621740771571,-0.0500000000000008));
#18682=CARTESIAN_POINT('',(-0.0481228106152207,0.0716566625558202,-0.05));
#18683=CARTESIAN_POINT('',(-0.0482888288132634,0.0716,-0.0498814879106245));
#18684=CARTESIAN_POINT('',(-0.0482831638039195,0.0715795993594172,-0.049999999999999));
#18685=CARTESIAN_POINT('',(-0.0482703167238882,0.0716999999994209,-0.05));
#18686=CARTESIAN_POINT('',(-0.0483443650813896,0.0716,-0.0499));
#18687=CARTESIAN_POINT('',(-0.0483443650813896,0.0716,-0.05));
#18688=CARTESIAN_POINT('',(-0.0483443650813896,0.0717,-0.05));
#18689=CARTESIAN_POINT('',(-0.048061522368915,0.0715,-0.0499));
#18690=CARTESIAN_POINT('',(-0.0481322330470337,0.0715,-0.0498292893218814));
#18691=CARTESIAN_POINT('',(-0.0483443650813896,0.0715,-0.0499));
#18692=CARTESIAN_POINT('',(-0.048061522368915,0.0686,-0.0499));
#18693=CARTESIAN_POINT('',(-0.0481322330470337,0.0687,-0.0498292893218814));
#18694=CARTESIAN_POINT('',(-0.047373654403271,0.0687,-0.0489292893218814));
#18695=CARTESIAN_POINT('',(-0.0473029437251523,0.0687,-0.049));
#18696=CARTESIAN_POINT('',(-0.0461008621971352,0.0687,-0.0477979184719829));
#18697=CARTESIAN_POINT('',(-0.0480221825406948,0.0686,-0.0495778174593052));
#18698=CARTESIAN_POINT('',(-0.0461715728752538,0.0686,-0.0477272077938642));
#18699=CARTESIAN_POINT('',(-0.0461715728752538,0.0687,-0.0477272077938642));
#18700=CARTESIAN_POINT('',(-0.0461715728752538,0.0687,-0.0477272077938642));
#18701=CARTESIAN_POINT('',(-0.0461715728752538,0.0687,-0.0477272077938642));
#18702=CARTESIAN_POINT('',(-0.0461715728752538,0.0687,-0.0477272077938642));
#18703=CARTESIAN_POINT('',(-0.0488,0.0686,-0.0488));
#18704=CARTESIAN_POINT('',(-0.0461008621971352,0.0686,-0.0477979184719829));
#18705=CARTESIAN_POINT('',(-0.046949390334559,0.0687,-0.046949390334559));
#18706=CARTESIAN_POINT('',(-0.0461715728752538,0.0686,-0.0477272077938642));
#18707=CARTESIAN_POINT('',(-0.0461008621971352,0.0686,-0.0477979184719829));
#18708=CARTESIAN_POINT('',(-0.0490857611844575,0.0745,-0.0509242388155425));
#18709=CARTESIAN_POINT('',(-0.0472029437251523,0.0745,-0.0490414213562373));
#18710=CARTESIAN_POINT('',(-0.047273654403271,0.0745,-0.0489707106781187));
#18711=CARTESIAN_POINT('',(-0.047273654403271,0.0745,-0.0489707106781187));
#18712=CARTESIAN_POINT('',(-0.0473443650813896,0.0745,-0.0489));
#18713=CARTESIAN_POINT('',(-0.0473443650813896,0.0745,-0.0491));
#18714=CARTESIAN_POINT('',(-0.0473443650813896,0.0745,-0.0489));
#18715=CARTESIAN_POINT('',(-0.05,0.0745,-0.0491));
#18716=CARTESIAN_POINT('',(-0.0488,0.0745,-0.0491));
#18717=CARTESIAN_POINT('',(-0.0488,0.0745,-0.0488));
#18718=CARTESIAN_POINT('',(-0.049,0.0686,-0.0473029437251523));
#18719=CARTESIAN_POINT('',(-0.049,0.0716,-0.0473443650813896));
#18720=CARTESIAN_POINT('',(-0.049,0.0716414213562373,-0.0473443650813896));
#18721=CARTESIAN_POINT('',(-0.049,0.0716414213562373,-0.0473443650813896));
#18722=CARTESIAN_POINT('',(-0.049,0.0716804737854124,-0.0473995935563727));
#18723=CARTESIAN_POINT('',(-0.049,0.0717,-0.0474662602230394));
#18724=CARTESIAN_POINT('',(-0.049,0.0717,-0.0475443650813896));
#18725=CARTESIAN_POINT('',(-0.049,0.0717,-0.0475443650813896));
#18726=CARTESIAN_POINT('',(-0.049,0.0717,-0.0473029437251523));
#18727=CARTESIAN_POINT('',(-0.0490924741292894,0.0716557967890714,-0.0473708564571502));
#18728=CARTESIAN_POINT('',(-0.049,0.0717,-0.0475443650813896));
#18729=CARTESIAN_POINT('',(-0.049,0.0716476401224402,-0.0475443650813896));
#18730=CARTESIAN_POINT('',(-0.0490476401224402,0.0716,-0.0475443650813896));
#18731=CARTESIAN_POINT('',(-0.0491,0.0716,-0.0475443650813896));
#18732=CARTESIAN_POINT('',(-0.0491,0.0716,-0.0475443650813896));
#18733=CARTESIAN_POINT('',(-0.048995932648004,0.0716414083976845,-0.0473449889214361));
#18734=CARTESIAN_POINT('',(-0.0489990267323533,0.0716127609798758,-0.0473645668583547));
#18735=CARTESIAN_POINT('',(-0.0490212151376473,0.0715857485083111,-0.0473818336161645));
#18736=CARTESIAN_POINT('',(-0.0490519853517282,0.071574604145288,-0.0473927426147639));
#18737=CARTESIAN_POINT('',(-0.04905,0.0715707106781187,-0.0473943650813896));
#18738=CARTESIAN_POINT('',(-0.0491,0.0716,-0.0475443650813896));
#18739=CARTESIAN_POINT('',(-0.049085178678909,0.0716,-0.047492519735814));
#18740=CARTESIAN_POINT('',(-0.0490702433639434,0.071589222690361,-0.0474407883841129));
#18741=CARTESIAN_POINT('',(-0.04905,0.0715707106781187,-0.0473943650813897));
#18742=CARTESIAN_POINT('',(-0.0490866233234482,0.0715903841265889,-0.0472855642155866));
#18743=CARTESIAN_POINT('',(-0.0489707106781187,0.0715,-0.0472736544032709));
#18744=CARTESIAN_POINT('',(-0.0489951338948199,0.0715690792885915,-0.0472980776199722));
#18745=CARTESIAN_POINT('',(-0.049,0.0716162197406706,-0.0473265448481255));
#18746=CARTESIAN_POINT('',(-0.049,0.0716414213562373,-0.0473443650813896));
#18747=CARTESIAN_POINT('',(-0.0489707106781187,0.0715,-0.047273654403271));
#18748=CARTESIAN_POINT('',(-0.04905,0.0715707106781187,-0.0473943650813897));
#18749=CARTESIAN_POINT('',(-0.049041089883368,0.0715581098703353,-0.0473676347314935));
#18750=CARTESIAN_POINT('',(-0.0490195571115212,0.0715345396442957,-0.0473225008366735));
#18751=CARTESIAN_POINT('',(-0.0489707106781187,0.0715,-0.047273654403271));
#18752=CARTESIAN_POINT('',(-0.0489,0.0686,-0.0473443650813896));
#18753=CARTESIAN_POINT('',(-0.0489707106781187,0.0746,-0.047273654403271));
#18754=CARTESIAN_POINT('',(-0.0477272077938642,0.0686,-0.0460301515190165));
#18755=CARTESIAN_POINT('',(-0.049,0.0715,-0.0473029437251523));
#18756=CARTESIAN_POINT('',(-0.0476564971157456,0.0715,-0.0461008621971352));
#18757=CARTESIAN_POINT('',(-0.0499292893218814,0.0716,-0.048373654403271));
#18758=CARTESIAN_POINT('',(-0.0491,0.0717,-0.0473029437251523));
#18759=CARTESIAN_POINT('',(-0.0491,0.0717,-0.0488));
#18760=CARTESIAN_POINT('',(-0.0491,0.0716,-0.0488));
#18761=CARTESIAN_POINT('',(-0.0491,0.0716,2.36527579938674E-16));
#18762=CARTESIAN_POINT('',(-0.0488,0.0717,-0.0488));
#18763=CARTESIAN_POINT('',(-0.0488,0.0717,-0.0491));
#18764=CARTESIAN_POINT('',(-0.0488,0.0716,-0.0491));
#18765=CARTESIAN_POINT('',(-0.0488,0.0716,-0.0488));
#18766=CARTESIAN_POINT('',(-0.0488,0.0717,-0.0491));
#18767=CARTESIAN_POINT('',(-0.0475443650813896,0.0716,-0.0491));
#18768=CARTESIAN_POINT('',(-0.0475443650813896,0.0716,-0.0490476401224402));
#18769=CARTESIAN_POINT('',(-0.0475443650813896,0.0716476401224402,-0.049));
#18770=CARTESIAN_POINT('',(-0.0475443650813896,0.0717,-0.049));
#18771=CARTESIAN_POINT('',(-0.0475443650813896,0.0716,-0.0491));
#18772=CARTESIAN_POINT('',(2.38976601316523E-16,0.0716,-0.0491));
#18773=CARTESIAN_POINT('',(-0.0475388986226518,0.0713426372246101,-0.0490972541507425));
#18774=CARTESIAN_POINT('',(-0.0473943650813897,0.0715707106781187,-0.04905));
#18775=CARTESIAN_POINT('',(-0.0474210954312858,0.071583311485902,-0.0490589101166321));
#18776=CARTESIAN_POINT('',(-0.0474710954312858,0.0716,-0.0490755767832988));
#18777=CARTESIAN_POINT('',(-0.0475443650813897,0.0716,-0.0491));
#18778=CARTESIAN_POINT('',(-0.0473443650813896,0.0686,-0.0489));
#18779=CARTESIAN_POINT('',(-0.047273654403271,0.0716,-0.0489707106781187));
#18780=CARTESIAN_POINT('',(-0.0473029437251523,0.0686,-0.049));
#18781=CARTESIAN_POINT('',(-0.0483029437251523,0.0715,-0.05));
#18782=CARTESIAN_POINT('',(-0.047373654403271,0.0715,-0.0489292893218814));
#18783=CARTESIAN_POINT('',(-0.047373654403271,0.0716,-0.0489292893218814));
#18784=CARTESIAN_POINT('',(1.13968527085408E-17,0.0716,8.94783133069115E-18));
#18785=CARTESIAN_POINT('',(-0.0495,0.0741,-0.05));
#18786=CARTESIAN_POINT('',(-0.0495,0.0741,-0.042));
#18787=CARTESIAN_POINT('',(-0.0495,0.0741,-0.049));
#18788=CARTESIAN_POINT('',(-0.049,0.0741,-0.049));
#18789=CARTESIAN_POINT('',(-0.049,0.0741,-0.0495));
#18790=CARTESIAN_POINT('',(-0.05,0.0741,-0.0495));
#18791=CARTESIAN_POINT('',(-0.042,0.0741,-0.0495));
#18792=CARTESIAN_POINT('',(0.,0.0725,0.));
#18793=CARTESIAN_POINT('',(-0.0461715728752538,0.0725,-0.0477272077938642));
#18794=CARTESIAN_POINT('',(-0.0451059348446489,0.0725,-0.048));
#18795=CARTESIAN_POINT('',(0.,0.0725,-0.048));
#18796=CARTESIAN_POINT('',(-0.0425,0.0725,-0.048));
#18797=CARTESIAN_POINT('',(-0.0425,0.0725,-0.05));
#18798=CARTESIAN_POINT('',(0.,0.0725,0.));
#18799=CARTESIAN_POINT('',(-0.05,0.0725,-0.0425));
#18800=CARTESIAN_POINT('',(-0.0475,0.0725,-0.0425));
#18801=CARTESIAN_POINT('',(-0.0475,0.0725,0.));
#18802=CARTESIAN_POINT('',(-0.0475,0.0725,-0.0450952938136683));
#18803=CARTESIAN_POINT('',(-0.0477272077938642,0.0725,-0.0461715728752538));
#18804=CARTESIAN_POINT('',(-0.046949390334559,0.0725,-0.0453937554159486));
#18805=CARTESIAN_POINT('',(-0.0461715728752538,0.0725,-0.0461715728752538));
#18806=CARTESIAN_POINT('',(-0.05,0.1135,-0.0425));
#18807=CARTESIAN_POINT('',(-0.0475,0.1135,-0.0425));
#18808=CARTESIAN_POINT('',(-0.0425,0.1135,-0.0425));
#18809=CARTESIAN_POINT('',(-0.0425,0.0581,-0.0425));
#18810=CARTESIAN_POINT('',(-0.0415,0.0581,-0.0425));
#18811=CARTESIAN_POINT('',(-0.049,0.0581,-0.0425));
#18812=CARTESIAN_POINT('',(-0.049,0.1135,-0.0425));
#18813=CARTESIAN_POINT('',(-0.0425,0.1135,-0.05));
#18814=CARTESIAN_POINT('',(-0.0425,0.1135,-0.049));
#18815=CARTESIAN_POINT('',(-0.0425,0.0581,-0.049));
#18816=CARTESIAN_POINT('',(-0.0425,0.0581,-0.05001));
#18817=CARTESIAN_POINT('',(-0.0425,0.1135,-0.048));
#18818=CARTESIAN_POINT('',(-0.0415,0.0581,-0.05001));
#18819=CARTESIAN_POINT('',(-0.05,0.0581,-0.049));
#18820=CARTESIAN_POINT('',(-0.049,0.0581,-0.049));
#18821=CARTESIAN_POINT('',(-0.049,0.0581,-0.05));
#18822=CARTESIAN_POINT('',(-0.0465,0.0746,-0.048));
#18823=CARTESIAN_POINT('',(-0.0451059348446489,0.0686,-0.048));
#18824=CARTESIAN_POINT('',(-0.0475,0.0746,0.047));
#18825=CARTESIAN_POINT('',(-0.0475,0.0686,-0.0450952938136683));
#18826=CARTESIAN_POINT('',(-0.05,0.1135,-0.049));
#18827=CARTESIAN_POINT('',(-0.0458887301627792,0.1135,-0.049));
#18828=CARTESIAN_POINT('',(-0.0458887301627792,0.0687,-0.049));
#18829=CARTESIAN_POINT('',(-0.0474443650813896,0.0687,-0.049));
#18830=CARTESIAN_POINT('',(-0.0474443650813896,0.0676,-0.049));
#18831=CARTESIAN_POINT('',(-0.0488,0.0676,-0.049));
#18832=CARTESIAN_POINT('',(-0.049,0.0676,-0.049));
#18833=CARTESIAN_POINT('',(-0.049,0.1135,-0.049));
#18834=CARTESIAN_POINT('',(-0.049,0.1135,-0.05));
#18835=CARTESIAN_POINT('',(-0.049,0.0676,-0.05));
#18836=CARTESIAN_POINT('',(-0.049,0.0676,-0.0474443650813896));
#18837=CARTESIAN_POINT('',(-0.049,0.0687,-0.0474443650813896));
#18838=CARTESIAN_POINT('',(-0.049,0.0687,-0.0458887301627792));
#18839=CARTESIAN_POINT('',(-0.049,0.0686,-0.0458887301627792));
#18840=CARTESIAN_POINT('',(-0.0470201010126777,0.0686,-0.04532304473783));
#18841=CARTESIAN_POINT('',(-0.046949390334559,0.0686,-0.0453937554159486));
#18842=CARTESIAN_POINT('',(-0.046949390334559,0.0687,-0.0453937554159486));
#18843=CARTESIAN_POINT('',(-0.0470201010126777,0.0687,-0.04532304473783));
#18844=CARTESIAN_POINT('',(-0.0453937554159486,0.0687,-0.046949390334559));
#18845=CARTESIAN_POINT('',(-0.0453937554159486,0.0686,-0.046949390334559));
#18846=CARTESIAN_POINT('',(-0.0477272077938642,0.0686,-0.0461715728752538));
#18847=CARTESIAN_POINT('',(-0.0485050252531694,0.0686,-0.0453937554159486));
#18848=CARTESIAN_POINT('',(-0.0485050252531694,0.0687,-0.0453937554159486));
#18849=CARTESIAN_POINT('',(-0.0477272077938642,0.0687,-0.0461715728752538));
#18850=CARTESIAN_POINT('',(-0.0477272077938642,0.0687,-0.0461715728752538));
#18851=CARTESIAN_POINT('',(-0.0477272077938642,0.0687,-0.0461715728752538));
#18852=CARTESIAN_POINT('',(-0.0477272077938642,0.0676,-0.0461715728752538));
#18853=CARTESIAN_POINT('',(-0.0477272077938642,0.0687,-0.0461715728752538));
#18854=CARTESIAN_POINT('',(-0.0476564971157456,0.0687,-0.0461008621971352));
#18855=CARTESIAN_POINT('',(-0.0476564971157456,0.0676,-0.0461008621971352));
#18856=CARTESIAN_POINT('',(-0.0484343145750508,0.0687,-0.04532304473783));
#18857=CARTESIAN_POINT('',(-0.047373654403271,0.0687,-0.0489292893218814));
#18858=CARTESIAN_POINT('',(-0.0465958369439658,0.0687,-0.0497071067811866));
#18859=CARTESIAN_POINT('',(-0.0453937554159486,0.0687,-0.0485050252531694));
#18860=CARTESIAN_POINT('',(-0.0461715728752538,0.0687,-0.0477272077938642));
#18861=CARTESIAN_POINT('',(-0.0461715728752538,0.0676,-0.0477272077938642));
#18862=CARTESIAN_POINT('',(-0.047373654403271,0.0676,-0.0489292893218814));
#18863=CARTESIAN_POINT('',(-0.0461715728752538,0.0687,-0.0477272077938642));
#18864=CARTESIAN_POINT('',(-0.0461715728752538,0.0687,-0.0477272077938642));
#18865=CARTESIAN_POINT('',(-0.0461715728752538,0.0687,-0.0477272077938642));
#18866=CARTESIAN_POINT('',(-0.0488,0.0676,-0.0488));
#18867=CARTESIAN_POINT('',(-0.046949390334559,0.0676,-0.046949390334559));
#18868=CARTESIAN_POINT('',(-0.046949390334559,0.0687,-0.046949390334559));
#18869=CARTESIAN_POINT('',(-0.0461715728752538,0.0686,-0.0477272077938642));
#18870=CARTESIAN_POINT('',(-0.0453937554159486,0.0686,-0.0485050252531694));
#18871=CARTESIAN_POINT('',(-0.0484343145750508,0.0686,-0.04532304473783));
#18872=CARTESIAN_POINT('',(-0.0465958369439658,0.0686,-0.0497071067811866));
#18873=CARTESIAN_POINT('',(-0.042,0.1135,-0.0495));
#18874=CARTESIAN_POINT('',(-0.042,0.0576,-0.0495));
#18875=CARTESIAN_POINT('',(-0.042,0.0741,-0.0495));
#18876=CARTESIAN_POINT('',(-0.042,0.0741,-0.0495));
#18877=CARTESIAN_POINT('',(-0.042,0.0741,-0.05001));
#18878=CARTESIAN_POINT('',(-0.0495,0.1135,-0.042));
#18879=CARTESIAN_POINT('',(-0.0495,0.07142,-0.042));
#18880=CARTESIAN_POINT('',(-0.0495,0.0741,-0.042));
#18881=CARTESIAN_POINT('',(-0.0495,0.0741,-0.042));
#18882=CARTESIAN_POINT('',(-0.0495,0.0741,-0.042));
#18883=CARTESIAN_POINT('',(-0.0415,0.0741,-0.042));
#18884=CARTESIAN_POINT('',(-0.042,0.1135,-0.042));
#18885=CARTESIAN_POINT('',(-0.042,0.0576,-0.042));
#18886=CARTESIAN_POINT('',(-0.0495,0.0576,-0.042));
#18887=CARTESIAN_POINT('',(-0.0495,0.0576,-0.042));
#18888=CARTESIAN_POINT('',(-0.0495,0.0576,-0.042));
#18889=CARTESIAN_POINT('',(-0.0495,0.0576,-0.05));
#18890=CARTESIAN_POINT('',(-0.0495,0.0576,-0.049));
#18891=CARTESIAN_POINT('',(-0.0415,0.0576,-0.042));
#18892=CARTESIAN_POINT('',(-0.042,0.0576,-0.042));
#18893=CARTESIAN_POINT('',(-0.049,0.0576,-0.049));
#18894=CARTESIAN_POINT('',(-0.049,0.0576,-0.0495));
#18895=CARTESIAN_POINT('',(-0.042,0.0576,-0.042));
#18896=CARTESIAN_POINT('',(-0.042,0.0576,-0.042));
#18897=CARTESIAN_POINT('',(-0.05,0.0576,-0.0495));
#18898=CARTESIAN_POINT('',(-0.042,0.0576,-0.0495));
#18899=CARTESIAN_POINT('',(-0.042,0.0576,-0.05001));
#18900=CARTESIAN_POINT('',(-0.042,0.0576,-0.0495));
#18901=CARTESIAN_POINT('',(-0.042,0.0576,-0.0495));
#18902=CARTESIAN_POINT('',(-0.048,0.08792,0.0156973454445422));
#18903=CARTESIAN_POINT('',(-0.048,0.07142,-0.0270000000000005));
#18904=CARTESIAN_POINT('',(-0.048,0.07142,-0.0270000000000005));
#18905=CARTESIAN_POINT('',(-0.048,0.08792,-0.0156973454445432));
#18906=CARTESIAN_POINT('',(-0.048,0.06792,-0.0156973454445432));
#18907=CARTESIAN_POINT('',(-0.048,0.06792,0.0156973454445422));
#18908=CARTESIAN_POINT('',(-0.048,0.06792,0.0156973454445422));
#18909=CARTESIAN_POINT('',(-0.048,0.08792,0.0156973454445422));
#18910=CARTESIAN_POINT('',(-0.048,0.07142,0.0269999999999995));
#18911=CARTESIAN_POINT('',(-0.048,0.07142,0.0269999999999995));
#18912=CARTESIAN_POINT('',(-0.048,0.07142,0.0415));
#18913=CARTESIAN_POINT('',(-0.048,0.08792,0.0415));
#18914=CARTESIAN_POINT('',(-0.048,0.05942,0.0415));
#18915=CARTESIAN_POINT('',(-0.048,0.05942,0.0269999999999995));
#18916=CARTESIAN_POINT('',(-0.048,0.05942,0.0269999999999995));
#18917=CARTESIAN_POINT('',(-0.048,0.04292,0.0156973454445422));
#18918=CARTESIAN_POINT('',(-0.048,0.06292,0.0156973454445422));
#18919=CARTESIAN_POINT('',(-0.048,0.06292,0.0156973454445422));
#18920=CARTESIAN_POINT('',(-0.048,0.06292,-0.0156973454445432));
#18921=CARTESIAN_POINT('',(-0.048,0.04292,-0.0156973454445432));
#18922=CARTESIAN_POINT('',(-0.048,0.05942,-0.0270000000000005));
#18923=CARTESIAN_POINT('',(-0.048,0.05942,-0.0270000000000005));
#18924=CARTESIAN_POINT('',(-0.048,0.05942,-0.0270000000000005));
#18925=CARTESIAN_POINT('',(-0.048,0.05942,-0.0270000000000005));
#18926=CARTESIAN_POINT('',(-0.048,0.07142,-0.0270000000000005));
#18927=CARTESIAN_POINT('',(-0.048,0.07142,-0.0270000000000005));
#18928=CARTESIAN_POINT('',(-0.048,0.07142,0.0269999999999995));
#18929=CARTESIAN_POINT('',(-0.0495,0.07142,0.042));
#18930=CARTESIAN_POINT('',(-0.0495,0.07142,0.0415));
#18931=CARTESIAN_POINT('',(-0.048,0.07142,0.0415));
#18932=CARTESIAN_POINT('',(-0.048,0.07142,0.0269999999999995));
#18933=CARTESIAN_POINT('',(-0.048,0.05942,0.0269999999999995));
#18934=CARTESIAN_POINT('',(-0.048,0.05942,0.0415));
#18935=CARTESIAN_POINT('',(-0.0495,0.05942,0.0415));
#18936=CARTESIAN_POINT('',(-0.0495,0.05942,0.042));
#18937=CARTESIAN_POINT('',(-0.048,0.05942,0.0269999999999995));
#18938=CARTESIAN_POINT('',(-0.048,0.08792,0.0156973454445422));
#18939=CARTESIAN_POINT('',(-0.048,0.06792,0.0156973454445422));
#18940=CARTESIAN_POINT('',(-0.048,0.04292,0.0156973454445422));
#18941=CARTESIAN_POINT('',(-0.048,0.06292,0.0156973454445422));
#18942=CARTESIAN_POINT('',(-0.048,0.06292,0.0156973454445422));
#18943=CARTESIAN_POINT('',(-0.048,0.06292,-0.0156973454445432));
#18944=CARTESIAN_POINT('',(-0.048,0.04292,-0.0156973454445432));
#18945=CARTESIAN_POINT('',(-0.048,0.08792,-0.0156973454445432));
#18946=CARTESIAN_POINT('',(-0.048,0.06792,-0.0156973454445432));
#18947=CARTESIAN_POINT('',(-0.048,0.06792,0.0156973454445422));
#18948=CARTESIAN_POINT('',(-0.0495,0.1135,0.042));
#18949=CARTESIAN_POINT('',(-0.0495,0.1135,0.0415));
#18950=CARTESIAN_POINT('',(-0.0495,0.0741,0.0415));
#18951=CARTESIAN_POINT('',(-0.0495,0.0741,0.042));
#18952=CARTESIAN_POINT('',(-0.042,0.1135,0.0495));
#18953=CARTESIAN_POINT('',(-0.042,0.05942,0.0495));
#18954=CARTESIAN_POINT('',(-0.0415,0.05942,0.0495));
#18955=CARTESIAN_POINT('',(-0.042,0.0576,0.0495));
#18956=CARTESIAN_POINT('',(-0.0415,0.0576,0.0495));
#18957=CARTESIAN_POINT('',(-0.0415,0.1135,0.0495));
#18958=CARTESIAN_POINT('',(-0.048437867965644,0.0571,0.048437867965644));
#18959=CARTESIAN_POINT('',(-0.048437867965644,0.0571,0.04895));
#18960=CARTESIAN_POINT('',(-0.048437867965644,0.05405,0.04895));
#18961=CARTESIAN_POINT('',(-0.048437867965644,0.0571,0.04895));
#18962=CARTESIAN_POINT('',(-0.048437867965644,0.0571,0.048437867965644));
#18963=CARTESIAN_POINT('',(-0.04895,0.0571,0.048437867965644));
#18964=CARTESIAN_POINT('',(-0.04895,0.0571,0.048437867965644));
#18965=CARTESIAN_POINT('',(-0.04895,0.05405,0.048437867965644));
#18966=CARTESIAN_POINT('',(-0.048437867965644,0.05405,0.048437867965644));
#18967=CARTESIAN_POINT('',(-0.043813340594773,0.0519770500882838,0.0546081123589482));
#18968=CARTESIAN_POINT('',(-0.0481721825406948,0.0515083271686377,0.049586396103068));
#18969=CARTESIAN_POINT('',(-0.0482889315356405,0.0516734351806834,0.0497031450980136));
#18970=CARTESIAN_POINT('',(-0.0484357565407668,0.0518356501404142,0.0497857266889584));
#18971=CARTESIAN_POINT('',(-0.0485967392464233,0.0519770500882838,0.049824713707298));
#18972=CARTESIAN_POINT('',(-0.0485967392464233,0.0519770500882838,0.0498247137072979));
#18973=CARTESIAN_POINT('',(-0.0481721825406948,0.0515083271686378,0.0495863961030679));
#18974=CARTESIAN_POINT('',(-0.043813340594773,0.0519770500882838,0.0546081123589482));
#18975=CARTESIAN_POINT('',(-0.0498247137072979,0.0519770500882838,0.0485967392464233));
#18976=CARTESIAN_POINT('',(-0.0498247137072979,0.0519770500882838,0.0485967392464233));
#18977=CARTESIAN_POINT('',(-0.049785851060888,0.0518361012183659,0.0484362700893942));
#18978=CARTESIAN_POINT('',(-0.0497035187292285,0.0516739635750149,0.0482893051668555));
#18979=CARTESIAN_POINT('',(-0.0495863961030679,0.0515083271686378,0.0481721825406949));
#18980=CARTESIAN_POINT('',(-0.0495863961030679,0.0515083271686378,0.0481721825406948));
#18981=CARTESIAN_POINT('',(-0.049542639940012,0.0514464466094067,0.0481284263776389));
#18982=CARTESIAN_POINT('',(-0.049542639940012,0.0514464466094067,0.0481284263776389));
#18983=CARTESIAN_POINT('',(-0.0434381472767379,0.0514464466094067,0.054232919040913));
#18984=CARTESIAN_POINT('',(-0.0481284263776389,0.0514464466094067,0.049542639940012));
#18985=CARTESIAN_POINT('',(-0.0481222586343889,0.0514377241032533,0.049536472196762));
#18986=CARTESIAN_POINT('',(-0.043313340594773,0.0526841568694703,0.0541081123589482));
#18987=CARTESIAN_POINT('',(-0.0488217522932094,0.052234915282887,0.0498631736494468));
#18988=CARTESIAN_POINT('',(-0.0488813199674632,0.0523230897923867,0.049866308790197));
#18989=CARTESIAN_POINT('',(-0.0489222508731698,0.0524163992289668,0.0498684630483921));
#18990=CARTESIAN_POINT('',(-0.0489445450103292,0.0525105086918034,0.049869636424032));
#18991=CARTESIAN_POINT('',(-0.0489445450103293,0.0525105086918034,0.049869636424032));
#18992=CARTESIAN_POINT('',(-0.0488217522932095,0.0522349152828871,0.0498631736494467));
#18993=CARTESIAN_POINT('',(-0.0440097048350931,0.0525105086918034,0.0548044765992682));
#18994=CARTESIAN_POINT('',(-0.049869636424032,0.0525105086918034,0.0489445450103292));
#18995=CARTESIAN_POINT('',(-0.049869636424032,0.0525105086918034,0.0489445450103293));
#18996=CARTESIAN_POINT('',(-0.049868463048392,0.0524163992289668,0.0489222508731698));
#18997=CARTESIAN_POINT('',(-0.049866308790197,0.0523230897923867,0.0488813199674632));
#18998=CARTESIAN_POINT('',(-0.0498631736494468,0.0522349152828871,0.0488217522932095));
#18999=CARTESIAN_POINT('',(-0.0498631736494468,0.0522349152828871,0.0488217522932095));
#19000=CARTESIAN_POINT('',(-0.0498631736494468,0.0522349152828871,0.0488217522932095));
#19001=CARTESIAN_POINT('',(-0.0498624268033051,0.0522139105505751,0.0488075622165168));
#19002=CARTESIAN_POINT('',(-0.0498553112952695,0.0520872673058773,0.0487141395629953));
#19003=CARTESIAN_POINT('',(-0.0498341039109788,0.0520064993779049,0.0486289966275269));
#19004=CARTESIAN_POINT('',(-0.0498247137072979,0.0519770500882838,0.0485967392464233));
#19005=CARTESIAN_POINT('',(-0.0485967392464233,0.0519770500882838,0.049824713707298));
#19006=CARTESIAN_POINT('',(-0.0486810784143289,0.0520523526949283,0.0498468685069911));
#19007=CARTESIAN_POINT('',(-0.0487568310466204,0.0521397724733953,0.0498604367710702));
#19008=CARTESIAN_POINT('',(-0.0488217522932094,0.052234915282887,0.0498631736494468));
#19009=CARTESIAN_POINT('',(-0.0441661510346884,0.0537652703644666,0.0549609227988635));
#19010=CARTESIAN_POINT('',(-0.0490696364240321,0.0530121505082858,0.049869636424032));
#19011=CARTESIAN_POINT('',(-0.0491437422409628,0.0533093297911529,0.049869636424032));
#19012=CARTESIAN_POINT('',(-0.0492164444216292,0.0535603697432132,0.0498595345718615));
#19013=CARTESIAN_POINT('',(-0.0492877429660314,0.0537652703644666,0.0498393308675205));
#19014=CARTESIAN_POINT('',(-0.0492877429660313,0.0537652703644666,0.0498393308675205));
#19015=CARTESIAN_POINT('',(-0.049069636424032,0.0530121505082858,0.049869636424032));
#19016=CARTESIAN_POINT('',(-0.0441661510346884,0.0537652703644666,0.0549609227988635));
#19017=CARTESIAN_POINT('',(-0.0498393308675205,0.0537652703644666,0.0492877429660313));
#19018=CARTESIAN_POINT('',(-0.0498393308675206,0.0537652703644666,0.0492877429660313));
#19019=CARTESIAN_POINT('',(-0.0498595345718615,0.0535603697432132,0.0492164444216292));
#19020=CARTESIAN_POINT('',(-0.049869636424032,0.0533093297911529,0.0491437422409627));
#19021=CARTESIAN_POINT('',(-0.049869636424032,0.0530121505082857,0.049069636424032));
#19022=CARTESIAN_POINT('',(-0.049869636424032,0.0530121505082857,0.049069636424032));
#19023=CARTESIAN_POINT('',(-0.049869636424032,0.0551042531630218,0.0495913315261816));
#19024=CARTESIAN_POINT('',(-0.0489593827200185,0.052570010902392,0.049869636424032));
#19025=CARTESIAN_POINT('',(-0.0440268781866244,0.0538,0.0548216499507995));
#19026=CARTESIAN_POINT('',(-0.0440268781866244,0.054,0.0548216499507995));
#19027=CARTESIAN_POINT('',(-0.0490500983300345,0.054,0.0497984298073893));
#19028=CARTESIAN_POINT('',(-0.0497984298073893,0.054,0.0490500983300345));
#19029=CARTESIAN_POINT('',(-0.0498393308675205,0.0537652703644666,0.0492877429660313));
#19030=CARTESIAN_POINT('',(-0.0498409712637598,0.0538910697999345,0.0493174724211654));
#19031=CARTESIAN_POINT('',(-0.0498327337378256,0.054,0.0491742226170477));
#19032=CARTESIAN_POINT('',(-0.0497984298073894,0.054,0.0490500983300345));
#19033=CARTESIAN_POINT('',(-0.0490500983300345,0.054,0.0497984298073893));
#19034=CARTESIAN_POINT('',(-0.0491743073525593,0.054,0.0498327571559749));
#19035=CARTESIAN_POINT('',(-0.0493174814159383,0.053891107861088,0.0498409717600686));
#19036=CARTESIAN_POINT('',(-0.0492877429660313,0.0537652703644666,0.0498393308675205));
#19037=CARTESIAN_POINT('',(-0.0440268781866244,0.054,0.0548216499507995));
#19038=CARTESIAN_POINT('',(-0.0440268781866244,0.054,0.0498));
#19039=CARTESIAN_POINT('',(-0.0487585786437627,0.054,0.0498));
#19040=CARTESIAN_POINT('',(-0.049,0.054,0.0498));
#19041=CARTESIAN_POINT('',(-0.0487585786437627,0.054,0.0489));
#19042=CARTESIAN_POINT('',(-0.0481221825406948,0.054,0.0495363961030679));
#19043=CARTESIAN_POINT('',(-0.0481221825406948,0.054,0.0495363961030679));
#19044=CARTESIAN_POINT('',(-0.0475857864376269,0.054,0.049));
#19045=CARTESIAN_POINT('',(-0.0440268781866244,0.054,0.049));
#19046=CARTESIAN_POINT('',(-0.048437867965644,0.054,0.049));
#19047=CARTESIAN_POINT('',(-0.048437867965644,0.054,0.048437867965644));
#19048=CARTESIAN_POINT('',(-0.049,0.054,0.048437867965644));
#19049=CARTESIAN_POINT('',(-0.049,0.054,0.0548216499507995));
#19050=CARTESIAN_POINT('',(-0.049,0.054,0.0475857864376269));
#19051=CARTESIAN_POINT('',(-0.0489292893218814,0.054,0.0475150757595083));
#19052=CARTESIAN_POINT('',(-0.0495363961030679,0.054,0.0481221825406948));
#19053=CARTESIAN_POINT('',(-0.0489,0.054,0.0487585786437627));
#19054=CARTESIAN_POINT('',(-0.0498,0.054,0.0487585786437627));
#19055=CARTESIAN_POINT('',(-0.0498,0.054,0.0548216499507995));
#19056=CARTESIAN_POINT('',(-0.0498,0.054,0.049));
#19057=CARTESIAN_POINT('',(-0.049,0.054,0.049));
#19058=CARTESIAN_POINT('',(-0.049,0.054,0.049));
#19059=CARTESIAN_POINT('',(-0.047373654403271,0.0511,0.0489292893218814));
#19060=CARTESIAN_POINT('',(-0.0480221825406948,0.0571,0.0495778174593052));
#19061=CARTESIAN_POINT('',(-0.0473650757595083,0.0571,0.0489207106781187));
#19062=CARTESIAN_POINT('',(-0.0468908224620156,0.0571,0.048446457380626));
#19063=CARTESIAN_POINT('',(-0.0473650757595083,0.0511,0.0489207106781187));
#19064=CARTESIAN_POINT('',(-0.0473650757595083,0.05405,0.0489207106781187));
#19065=CARTESIAN_POINT('',(-0.0475150757595083,0.05405,0.0490707106781187));
#19066=CARTESIAN_POINT('',(-0.0475150757595083,0.0539,0.0490707106781187));
#19067=CARTESIAN_POINT('',(-0.0474443650813896,0.0539,0.049));
#19068=CARTESIAN_POINT('',(-0.0480514718625762,0.0539,0.0496071067811865));
#19069=CARTESIAN_POINT('',(-0.0480514718625762,0.054,0.0496071067811865));
#19070=CARTESIAN_POINT('',(-0.0480514718625762,0.0515790378467564,0.0496071067811865));
#19071=CARTESIAN_POINT('',(-0.0480077156995203,0.0515171572875254,0.0495633506181307));
#19072=CARTESIAN_POINT('',(-0.0480077156995203,0.0515171572875254,0.0495633506181307));
#19073=CARTESIAN_POINT('',(-0.0478077156995203,0.0518,0.0493633506181307));
#19074=CARTESIAN_POINT('',(-0.0478077156995203,0.0514,0.0493633506181307));
#19075=CARTESIAN_POINT('',(-0.0478077156995203,0.0514,0.0493633506181307));
#19076=CARTESIAN_POINT('',(-0.0472391240116843,0.0514,0.0487947589302947));
#19077=CARTESIAN_POINT('',(-0.0472391240116844,0.0518,0.0487947589302947));
#19078=CARTESIAN_POINT('',(-0.0469563243775248,0.0517930190374251,0.0485119592961352));
#19079=CARTESIAN_POINT('',(-0.0469563243775248,0.0517930190374251,0.0485119592961352));
#19080=CARTESIAN_POINT('',(-0.0476564971157456,0.0511,0.0461008621971352));
#19081=CARTESIAN_POINT('',(-0.0487947589302947,0.0518,0.0472391240116843));
#19082=CARTESIAN_POINT('',(-0.0487947589302947,0.0514,0.0472391240116843));
#19083=CARTESIAN_POINT('',(-0.0485119592961352,0.0517930190374251,0.0469563243775248));
#19084=CARTESIAN_POINT('',(-0.0487947589302947,0.0514,0.0472391240116844));
#19085=CARTESIAN_POINT('',(-0.0493633506181307,0.0514,0.0478077156995203));
#19086=CARTESIAN_POINT('',(-0.0493633506181307,0.0518,0.0478077156995203));
#19087=CARTESIAN_POINT('',(-0.0495633506181307,0.0515171572875254,0.0480077156995203));
#19088=CARTESIAN_POINT('',(-0.0495571828748807,0.051508434781372,0.0480015479562703));
#19089=CARTESIAN_POINT('',(-0.0496071067811866,0.0515790378467564,0.0480514718625762));
#19090=CARTESIAN_POINT('',(-0.0496071067811866,0.0518518300528922,0.0480514718625762));
#19091=CARTESIAN_POINT('',(-0.0496071067811866,0.0539,0.0480514718625762));
#19092=CARTESIAN_POINT('',(-0.0496071067811866,0.0539,0.0480514718625762));
#19093=CARTESIAN_POINT('',(-0.0490707106781187,0.0539,0.0475150757595083));
#19094=CARTESIAN_POINT('',(-0.0490707106781187,0.05405,0.0475150757595083));
#19095=CARTESIAN_POINT('',(-0.0489207106781187,0.05405,0.0473650757595083));
#19096=CARTESIAN_POINT('',(-0.0489207106781187,0.0511,0.0473650757595083));
#19097=CARTESIAN_POINT('',(-0.0489207106781187,0.0571,0.0473650757595083));
#19098=CARTESIAN_POINT('',(-0.0495778174593052,0.0571,0.0480221825406948));
#19099=CARTESIAN_POINT('',(-0.048446457380626,0.0571,0.0468908224620156));
#19100=CARTESIAN_POINT('',(-0.0484464358398279,0.0571017452406438,0.0468908009212175));
#19101=CARTESIAN_POINT('',(-0.0422660560462026,0.0517912737967814,0.0530608278103777));
#19102=CARTESIAN_POINT('',(-0.0422660560462026,0.0517912737967814,0.0530608278103777));
#19103=CARTESIAN_POINT('',(-0.0469563351471036,0.0517912737967814,0.0483705487094767));
#19104=CARTESIAN_POINT('',(-0.0483705487094767,0.0517912737967814,0.0469563351471036));
#19105=CARTESIAN_POINT('',(-0.0483705487094767,0.0517912737967814,0.0469563351471036));
#19106=CARTESIAN_POINT('',(-0.0483050252531694,0.0571,0.0468908116907963));
#19107=CARTESIAN_POINT('',(-0.0422005325898953,0.0571,0.0529953043540704));
#19108=CARTESIAN_POINT('',(-0.0468908116907963,0.0571,0.0483050252531694));
#19109=CARTESIAN_POINT('',(-0.0468908116907963,0.0571,0.0483050252531694));
#19110=CARTESIAN_POINT('',(-0.042619555588902,0.0518,0.0534143273530771));
#19111=CARTESIAN_POINT('',(-0.042619555588902,0.0513,0.0534143273530771));
#19112=CARTESIAN_POINT('',(-0.047309834689803,0.0513,0.0487240482521761));
#19113=CARTESIAN_POINT('',(-0.0487240482521761,0.0513,0.047309834689803));
#19114=CARTESIAN_POINT('',(-0.0487240482521761,0.0518,0.047309834689803));
#19115=CARTESIAN_POINT('',(-0.047309834689803,0.0518,0.0487240482521761));
#19116=CARTESIAN_POINT('',(-0.0431881472767379,0.0513,0.053982919040913));
#19117=CARTESIAN_POINT('',(-0.0431881472767379,0.0513,0.053982919040913));
#19118=CARTESIAN_POINT('',(-0.0478784263776389,0.0513,0.049292639940012));
#19119=CARTESIAN_POINT('',(-0.049292639940012,0.0513,0.0478784263776389));
#19120=CARTESIAN_POINT('',(-0.049292639940012,0.0513,0.0478784263776389));
#19121=CARTESIAN_POINT('',(-0.047309834689803,0.0513,0.0487240482521761));
#19122=CARTESIAN_POINT('',(-0.0431881472767379,0.0518,0.053982919040913));
#19123=CARTESIAN_POINT('',(-0.049292639940012,0.0518,0.0478784263776389));
#19124=CARTESIAN_POINT('',(-0.0478784263776389,0.0518,0.049292639940012));
#19125=CARTESIAN_POINT('',(-0.04895,0.0501857864376269,0.0473029437251523));
#19126=CARTESIAN_POINT('',(-0.04895,0.05405,0.0473029437251523));
#19127=CARTESIAN_POINT('',(-0.04895,0.05405,0.0474357864376269));
#19128=CARTESIAN_POINT('',(-0.04895,0.0571,0.0473029437251523));
#19129=CARTESIAN_POINT('',(-0.04895,0.0571,0.0474357864376269));
#19130=CARTESIAN_POINT('',(-0.04895,0.0501857864376269,0.0474357864376269));
#19131=CARTESIAN_POINT('',(-0.0488,0.0501857864376269,0.04895));
#19132=CARTESIAN_POINT('',(-0.0488,0.0571,0.04895));
#19133=CARTESIAN_POINT('',(-0.0474357864376269,0.0571,0.04895));
#19134=CARTESIAN_POINT('',(-0.0488,0.05405,0.04895));
#19135=CARTESIAN_POINT('',(-0.0474357864376269,0.05405,0.04895));
#19136=CARTESIAN_POINT('',(-0.0474357864376269,0.0501857864376269,0.04895));
#19137=CARTESIAN_POINT('',(-0.0499,0.398492188198566,0.0415));
#19138=CARTESIAN_POINT('',(-0.0499,0.376507328691112,0.129663723887819));
#19139=CARTESIAN_POINT('',(-0.0499,0.0530295153260524,0.049));
#19140=CARTESIAN_POINT('',(-0.0499,0.0525278735095701,0.0488749085862972));
#19141=CARTESIAN_POINT('',(-0.0499,0.398492188198566,0.049));
#19142=CARTESIAN_POINT('',(-0.0499,0.0539,0.049));
#19143=CARTESIAN_POINT('',(-0.0499,0.0539,0.0415));
#19144=CARTESIAN_POINT('',(-0.0499,0.0539,0.0487585786437627));
#19145=CARTESIAN_POINT('',(-0.0499,0.054,0.0487585786437627));
#19146=CARTESIAN_POINT('',(-0.0499,0.0522798394415454,0.0487585786437627));
#19147=CARTESIAN_POINT('',(-0.0499000000000003,0.0522798394415455,0.0487585786437627));
#19148=CARTESIAN_POINT('',(-0.0499000000000003,0.0523584942044655,0.048814511759541));
#19149=CARTESIAN_POINT('',(-0.0499000000000003,0.0524411722271405,0.0488532884070525));
#19150=CARTESIAN_POINT('',(-0.0499000000000003,0.0525278735095705,0.0488749085862972));
#19151=CARTESIAN_POINT('',(-0.049,0.398492188198566,0.049));
#19152=CARTESIAN_POINT('',(-0.049898233533313,0.0539,0.0490563606212888));
#19153=CARTESIAN_POINT('',(-0.0498955763998217,0.0539,0.0490987080324734));
#19154=CARTESIAN_POINT('',(-0.0498857916962506,0.0538880474662671,0.0491767637271376));
#19155=CARTESIAN_POINT('',(-0.0498614852347518,0.05382249007596,0.0492609715469438));
#19156=CARTESIAN_POINT('',(-0.0498659062489246,0.0537826351822333,0.0492453698597492));
#19157=CARTESIAN_POINT('',(-0.049898233533313,0.0539,0.0490563606212888));
#19158=CARTESIAN_POINT('',(-0.0498659062489246,0.0537826351822333,0.0492453698597492));
#19159=CARTESIAN_POINT('',(-0.049,0.0539,0.049));
#19160=CARTESIAN_POINT('',(-0.0499000000000003,0.0530295153260525,0.049));
#19161=CARTESIAN_POINT('',(-0.0499000000000003,0.0533350908580978,0.0490857244816832));
#19162=CARTESIAN_POINT('',(-0.0498877040391765,0.0535861308101582,0.049168445812065));
#19163=CARTESIAN_POINT('',(-0.0498659062489249,0.0537826351822335,0.0492453698597492));
#19164=CARTESIAN_POINT('',(-0.049,0.398492188198566,0.0499));
#19165=CARTESIAN_POINT('',(-0.0487585786437627,0.0518518300528922,0.0499));
#19166=CARTESIAN_POINT('',(-0.0487585786437627,0.0539,0.0499));
#19167=CARTESIAN_POINT('',(-0.0487585786437627,0.0522798394415454,0.0499));
#19168=CARTESIAN_POINT('',(-0.049,0.0539,0.0499));
#19169=CARTESIAN_POINT('',(-0.049,0.0539,0.0499));
#19170=CARTESIAN_POINT('',(-0.049,0.398492188198566,0.0499));
#19171=CARTESIAN_POINT('',(-0.049,0.0530295153260525,0.0499));
#19172=CARTESIAN_POINT('',(-0.130102789775432,0.378268071518284,0.0499));
#19173=CARTESIAN_POINT('',(-0.0488749085862973,0.0525278735095701,0.0499));
#19174=CARTESIAN_POINT('',(-0.0488749085862975,0.0525278735095705,0.0499));
#19175=CARTESIAN_POINT('',(-0.0488532884070527,0.0524411722271402,0.0499));
#19176=CARTESIAN_POINT('',(-0.0488145117595412,0.0523584942044652,0.0499));
#19177=CARTESIAN_POINT('',(-0.048758578643763,0.0522798394415455,0.0499));
#19178=CARTESIAN_POINT('',(-0.049,0.398492188198566,0.049));
#19179=CARTESIAN_POINT('',(-0.049,0.0539,0.049));
#19180=CARTESIAN_POINT('',(-0.0490563606212888,0.0539,0.049898233533313));
#19181=CARTESIAN_POINT('',(-0.0492453698597493,0.0537826351822333,0.0498659062489246));
#19182=CARTESIAN_POINT('',(-0.0492609701513346,0.0538224865108418,0.0498614856302224));
#19183=CARTESIAN_POINT('',(-0.0491767975795088,0.0538880181918793,0.0498857797365807));
#19184=CARTESIAN_POINT('',(-0.0490987806337588,0.0539,0.0498955718443767));
#19185=CARTESIAN_POINT('',(-0.0490563606212889,0.0539,0.049898233533313));
#19186=CARTESIAN_POINT('',(-0.0492453698597493,0.0537826351822333,0.0498659062489246));
#19187=CARTESIAN_POINT('',(-0.0492453698597495,0.0537826351822335,0.0498659062489246));
#19188=CARTESIAN_POINT('',(-0.0491684458120652,0.0535861308101582,0.0498877040391762));
#19189=CARTESIAN_POINT('',(-0.0490857244816835,0.0533350908580978,0.0499));
#19190=CARTESIAN_POINT('',(-0.0490000000000003,0.0530295153260525,0.0499));
#19191=CARTESIAN_POINT('',(-0.0487585786437624,0.398492188198566,0.0489));
#19192=CARTESIAN_POINT('',(-0.0487585786437627,0.0539,0.0489));
#19193=CARTESIAN_POINT('',(-0.0487585786437627,0.0522798394415455,0.0499));
#19194=CARTESIAN_POINT('',(-0.0486921885279833,0.0521958157130305,0.0499));
#19195=CARTESIAN_POINT('',(-0.0486126305712292,0.0521184561546495,0.0498935621689939));
#19196=CARTESIAN_POINT('',(-0.0485232015356078,0.0520477607664025,0.0498719041192199));
#19197=CARTESIAN_POINT('',(-0.0485232015356078,0.0520477607664024,0.0498719041192199));
#19198=CARTESIAN_POINT('',(-0.0485232015356078,0.0520477607664025,0.0498719041192199));
#19199=CARTESIAN_POINT('',(-0.0484036939987437,0.0519532877391768,0.0498429616156607));
#19200=CARTESIAN_POINT('',(-0.0482227558460528,0.0517970467659615,0.0497783907646632));
#19201=CARTESIAN_POINT('',(-0.0480514718625762,0.0515790378467565,0.0496071067811866));
#19202=CARTESIAN_POINT('',(-0.0489,0.398492188198566,0.0487585786437627));
#19203=CARTESIAN_POINT('',(-0.0498719041192202,0.0520477607664025,0.0485232015356078));
#19204=CARTESIAN_POINT('',(-0.0498935621689942,0.0521184561546495,0.0486126305712291));
#19205=CARTESIAN_POINT('',(-0.0499000000000003,0.0521958157130305,0.0486921885279833));
#19206=CARTESIAN_POINT('',(-0.0499000000000003,0.0522798394415455,0.0487585786437627));
#19207=CARTESIAN_POINT('',(-0.0498719041192199,0.0520477607664024,0.0485232015356078));
#19208=CARTESIAN_POINT('',(-0.0489,0.0539,0.0487585786437627));
#19209=CARTESIAN_POINT('',(-0.0496071067811868,0.0515790378467565,0.0480514718625762));
#19210=CARTESIAN_POINT('',(-0.0497783907646635,0.0517970467659615,0.0482227558460528));
#19211=CARTESIAN_POINT('',(-0.0498429616156609,0.0519532877391768,0.0484036939987437));
#19212=CARTESIAN_POINT('',(-0.0498719041192202,0.0520477607664025,0.0485232015356078));
#19213=CARTESIAN_POINT('',(-0.049,0.05405,0.0473029437251523));
#19214=CARTESIAN_POINT('',(-0.049,0.05405,0.048437867965644));
#19215=CARTESIAN_POINT('',(-0.049,0.05405,0.0475857864376269));
#19216=CARTESIAN_POINT('',(-0.048437867965644,0.05405,0.048437867965644));
#19217=CARTESIAN_POINT('',(-0.048437867965644,0.05405,0.049));
#19218=CARTESIAN_POINT('',(-0.0488,0.05405,0.049));
#19219=CARTESIAN_POINT('',(-0.0475857864376269,0.05405,0.049));
#19220=CARTESIAN_POINT('',(-0.0474357864376269,0.0511,0.04885));
#19221=CARTESIAN_POINT('',(-0.0474357864376269,0.0571,0.04885));
#19222=CARTESIAN_POINT('',(-0.0474357864376269,0.05405,0.04885));
#19223=CARTESIAN_POINT('',(-0.0475150757595083,0.0539,0.0490707106781187));
#19224=CARTESIAN_POINT('',(-0.0475150757595083,0.054,0.0490707106781186));
#19225=CARTESIAN_POINT('',(-0.0475857864376269,0.054,0.049));
#19226=CARTESIAN_POINT('',(-0.0474365353613959,0.0539000000020567,0.0489921702800063));
#19227=CARTESIAN_POINT('',(-0.0474708940197202,0.0539687584525881,0.0490265289383297));
#19228=CARTESIAN_POINT('',(-0.0475072460395146,0.054,0.0489738198672967));
#19229=CARTESIAN_POINT('',(-0.047365075765327,0.0539714590201258,0.0489207106839374));
#19230=CARTESIAN_POINT('',(-0.0473943650945977,0.0540021301753085,0.0489500000132096));
#19231=CARTESIAN_POINT('',(-0.0474357864434456,0.0540238196733753,0.04895));
#19232=CARTESIAN_POINT('',(-0.0473650757595083,0.05405,0.0489207106781187));
#19233=CARTESIAN_POINT('',(-0.0473943650813896,0.05405,0.04895));
#19234=CARTESIAN_POINT('',(-0.0474357864376269,0.05405,0.04895));
#19235=CARTESIAN_POINT('',(-0.0475857864376269,0.0539,0.049));
#19236=CARTESIAN_POINT('',(-0.0474443650813896,0.0539,0.0488585786437627));
#19237=CARTESIAN_POINT('',(-0.0481221825406948,0.0539,0.0495363961030679));
#19238=CARTESIAN_POINT('',(-0.0487585786437627,0.0539,0.0489));
#19239=CARTESIAN_POINT('',(-0.0487585786437627,0.0539,0.0498));
#19240=CARTESIAN_POINT('',(-0.0440268781866244,0.0539,0.0498));
#19241=CARTESIAN_POINT('',(-0.049,0.0539,0.0498));
#19242=CARTESIAN_POINT('',(-0.049,0.0539,0.049));
#19243=CARTESIAN_POINT('',(-0.0490500983300345,0.0539,0.0497984298073893));
#19244=CARTESIAN_POINT('',(-0.0490500983300345,0.054,0.0497984298073893));
#19245=CARTESIAN_POINT('',(-0.0490563606212887,0.0540000000000001,0.049898233533313));
#19246=CARTESIAN_POINT('',(-0.0490563606212888,0.0539,0.049898233533313));
#19247=CARTESIAN_POINT('',(-0.0491077222609418,0.0540000000000001,0.0498143551428828));
#19248=CARTESIAN_POINT('',(-0.0491122205313422,0.0539822296746272,0.0498947284204182));
#19249=CARTESIAN_POINT('',(-0.0491005018150483,0.0538999996303628,0.0498954638470204));
#19250=CARTESIAN_POINT('',(-0.0492133420870667,0.0539721466306791,0.0498362844309921));
#19251=CARTESIAN_POINT('',(-0.0492021592701503,0.053941428067649,0.0498809439671195));
#19252=CARTESIAN_POINT('',(-0.0491834502939669,0.0538860736310838,0.0498842603036558));
#19253=CARTESIAN_POINT('',(-0.049305387202562,0.0538399218482488,0.0498403020241539));
#19254=CARTESIAN_POINT('',(-0.049284486757388,0.0538300226212551,0.0498543763955652));
#19255=CARTESIAN_POINT('',(-0.049259985312717,0.0538199606622774,0.0498617647016735));
#19256=CARTESIAN_POINT('',(-0.0492877429660313,0.0537652703644666,0.0498393308675205));
#19257=CARTESIAN_POINT('',(-0.0492702077543297,0.0537732984384927,0.049858867991934));
#19258=CARTESIAN_POINT('',(-0.0492453698597492,0.0537826351822333,0.0498659062489246));
#19259=CARTESIAN_POINT('',(-0.0492472478285359,0.0537822467342211,0.0498696787586621));
#19260=CARTESIAN_POINT('',(-0.0492622513839121,0.05377668251637,0.0498616369986244));
#19261=CARTESIAN_POINT('',(-0.0492761330922573,0.0537709187603954,0.0498517104850913));
#19262=CARTESIAN_POINT('',(-0.0492884815757643,0.0537650925913108,0.0498402143323452));
#19263=CARTESIAN_POINT('',(-0.0490115687582093,0.0530129030338272,0.0498361619315206));
#19264=CARTESIAN_POINT('',(-0.049,0.0530295153260525,0.0499));
#19265=CARTESIAN_POINT('',(-0.0490258897710837,0.053023059348981,0.0499));
#19266=CARTESIAN_POINT('',(-0.0490516077132593,0.0530166462198547,0.0498887862034582));
#19267=CARTESIAN_POINT('',(-0.049069636424032,0.0530121505082858,0.049869636424032));
#19268=CARTESIAN_POINT('',(-0.0488897462959865,0.0525873757201587,0.0498));
#19269=CARTESIAN_POINT('',(-0.0489445450103292,0.0525105086918034,0.049869636424032));
#19270=CARTESIAN_POINT('',(-0.0489265162995565,0.0525150044033723,0.0498887862034582));
#19271=CARTESIAN_POINT('',(-0.0489007983573809,0.0525214175324987,0.0499));
#19272=CARTESIAN_POINT('',(-0.0488749085862972,0.0525278735095701,0.0499));
#19273=CARTESIAN_POINT('',(-0.0481612017669326,0.0527123270613302,0.0497994226589534));
#19274=CARTESIAN_POINT('',(-0.0488216730876766,0.0522349725417251,0.0498630941516697));
#19275=CARTESIAN_POINT('',(-0.0488064339699408,0.0522457144965022,0.0498860142175973));
#19276=CARTESIAN_POINT('',(-0.04878262557633,0.0522626730979185,0.0498999457688385));
#19277=CARTESIAN_POINT('',(-0.0487585786354246,0.0522798394488496,0.0498999931171279));
#19278=CARTESIAN_POINT('',(-0.0480978659844842,0.0527484642931665,0.0491080813656912));
#19279=CARTESIAN_POINT('',(-0.048596536419546,0.0519773425544341,0.0498244941005298));
#19280=CARTESIAN_POINT('',(-0.0485781931711413,0.0519890573112853,0.0498570371486939));
#19281=CARTESIAN_POINT('',(-0.0485483017881219,0.0520178646882081,0.0498755893904595));
#19282=CARTESIAN_POINT('',(-0.0485237248152525,0.0520477875034012,0.0498698153569477));
#19283=CARTESIAN_POINT('',(-0.0493236684556043,0.0515892363645968,0.0483404415568413));
#19284=CARTESIAN_POINT('',(-0.0480514718625762,0.0515790378467564,0.0496071067811866));
#19285=CARTESIAN_POINT('',(-0.0480776518013561,0.0515420138222717,0.0496332867199665));
#19286=CARTESIAN_POINT('',(-0.0481351585162102,0.0515083271686377,0.0496234201275526));
#19287=CARTESIAN_POINT('',(-0.0481721825406948,0.0515083271686377,0.0495863961030679));
#19288=CARTESIAN_POINT('',(-0.0484536196956741,0.0520477607664024,0.0498678332580472));
#19289=CARTESIAN_POINT('',(-0.0480784263776389,0.0515171572875254,0.049492639940012));
#19290=CARTESIAN_POINT('',(-0.0478784263776389,0.0518,0.049292639940012));
#19291=CARTESIAN_POINT('',(-0.0478784263776389,0.0514,0.049292639940012));
#19292=CARTESIAN_POINT('',(-0.0474443650813896,0.0514,0.0488585786437627));
#19293=CARTESIAN_POINT('',(-0.047309834689803,0.0514,0.0487240482521761));
#19294=CARTESIAN_POINT('',(-0.047309834689803,0.0518,0.0487240482521761));
#19295=CARTESIAN_POINT('',(-0.0470270350556435,0.0517930190374251,0.0484412486180166));
#19296=CARTESIAN_POINT('',(-0.0470357132165557,0.0510899123512552,0.0484499267789288));
#19297=CARTESIAN_POINT('',(-0.0469615331401343,0.0571,0.0483757467025073));
#19298=CARTESIAN_POINT('',(-0.04885,0.0511,0.0474357864376269));
#19299=CARTESIAN_POINT('',(-0.04885,0.0571,0.0474357864376269));
#19300=CARTESIAN_POINT('',(-0.04885,0.05405,0.0474357864376269));
#19301=CARTESIAN_POINT('',(-0.0489207106781187,0.05405,0.0473650757595082));
#19302=CARTESIAN_POINT('',(-0.04895,0.05405,0.0473943650813896));
#19303=CARTESIAN_POINT('',(-0.04895,0.05405,0.0474357864376269));
#19304=CARTESIAN_POINT('',(-0.0489207106839374,0.0539714590201258,0.047365075765327));
#19305=CARTESIAN_POINT('',(-0.0489500000132096,0.0540021301753085,0.0473943650945977));
#19306=CARTESIAN_POINT('',(-0.04895,0.0540238196733753,0.0474357864434456));
#19307=CARTESIAN_POINT('',(-0.0489921702800063,0.0539000000020567,0.0474365353613959));
#19308=CARTESIAN_POINT('',(-0.0490265289383288,0.0539687584525877,0.0474708940197195));
#19309=CARTESIAN_POINT('',(-0.0489738198672955,0.054,0.0475072460395146));
#19310=CARTESIAN_POINT('',(-0.0490707106781187,0.0539,0.0475150757595083));
#19311=CARTESIAN_POINT('',(-0.0490707106781186,0.054,0.0475150757595083));
#19312=CARTESIAN_POINT('',(-0.049,0.054,0.0475857864376269));
#19313=CARTESIAN_POINT('',(-0.049,0.0539,0.0475857864376269));
#19314=CARTESIAN_POINT('',(-0.0501313708498985,0.0539,0.0487171572875254));
#19315=CARTESIAN_POINT('',(-0.0495363961030679,0.0539,0.0481221825406948));
#19316=CARTESIAN_POINT('',(-0.0489,0.0539,0.0487585786437627));
#19317=CARTESIAN_POINT('',(-0.0498,0.0539,0.0487585786437627));
#19318=CARTESIAN_POINT('',(-0.0498,0.0539,0.0548216499507995));
#19319=CARTESIAN_POINT('',(-0.0498,0.0539,0.049));
#19320=CARTESIAN_POINT('',(-0.049,0.0539,0.049));
#19321=CARTESIAN_POINT('',(-0.0497984298073894,0.0539,0.0490500983300345));
#19322=CARTESIAN_POINT('',(-0.0498393308675205,0.0537652703644666,0.0492877429660313));
#19323=CARTESIAN_POINT('',(-0.049858867991934,0.0537732984384927,0.0492702077543297));
#19324=CARTESIAN_POINT('',(-0.0498659062489246,0.0537826351822333,0.0492453698597492));
#19325=CARTESIAN_POINT('',(-0.0498403049895065,0.0538400582605999,0.0493054182535399));
#19326=CARTESIAN_POINT('',(-0.0498543689442094,0.053830124860853,0.0492845104009859));
#19327=CARTESIAN_POINT('',(-0.049861757727309,0.0538200290361614,0.0492600099251361));
#19328=CARTESIAN_POINT('',(-0.0498363347957518,0.0539721421492148,0.0492134712701693));
#19329=CARTESIAN_POINT('',(-0.0498809587217055,0.0539413933161308,0.0492022215025812));
#19330=CARTESIAN_POINT('',(-0.0498842668467282,0.0538860712779548,0.0491835455041002));
#19331=CARTESIAN_POINT('',(-0.0498142283127426,0.0540000000000001,0.0491072632643317));
#19332=CARTESIAN_POINT('',(-0.0498947539074154,0.0539823588159523,0.0491118148049014));
#19333=CARTESIAN_POINT('',(-0.0498954859090731,0.0538999996874505,0.0491001502065173));
#19334=CARTESIAN_POINT('',(-0.0497984298073896,0.0540000000000001,0.0490500983300343));
#19335=CARTESIAN_POINT('',(-0.0498982335333133,0.0540000000000001,0.0490563606212885));
#19336=CARTESIAN_POINT('',(-0.0498982335333133,0.0539000000000001,0.0490563606212886));
#19337=CARTESIAN_POINT('',(-0.0498402143323546,0.0537650925913083,0.0492884815757738));
#19338=CARTESIAN_POINT('',(-0.0498517104851195,0.0537709187603897,0.0492761330922757));
#19339=CARTESIAN_POINT('',(-0.0498616369986499,0.0537766825163676,0.0492622513839192));
#19340=CARTESIAN_POINT('',(-0.0498696787586553,0.0537822467342247,0.0492472478285228));
#19341=CARTESIAN_POINT('',(-0.0498361619318652,0.0530129030340996,0.0490115687581627));
#19342=CARTESIAN_POINT('',(-0.049869636424032,0.0530121505082857,0.049069636424032));
#19343=CARTESIAN_POINT('',(-0.0498887862034582,0.0530166462198546,0.0490516077132593));
#19344=CARTESIAN_POINT('',(-0.0499,0.053023059348981,0.0490258897710837));
#19345=CARTESIAN_POINT('',(-0.0499,0.0530295153260524,0.049));
#19346=CARTESIAN_POINT('',(-0.0498,0.0551216179807885,0.0495216951021496));
#19347=CARTESIAN_POINT('',(-0.0499,0.0525278735095701,0.0488749085862973));
#19348=CARTESIAN_POINT('',(-0.0499,0.0525214175324986,0.0489007983573809));
#19349=CARTESIAN_POINT('',(-0.0498887862034582,0.0525150044033723,0.0489265162995565));
#19350=CARTESIAN_POINT('',(-0.049869636424032,0.0525105086918034,0.0489445450103293));
#19351=CARTESIAN_POINT('',(-0.0497994226585117,0.0527123270617316,0.0481612017660825));
#19352=CARTESIAN_POINT('',(-0.049899993117123,0.0522798394488496,0.0487585786354246));
#19353=CARTESIAN_POINT('',(-0.0498999457688367,0.0522626730979188,0.0487826255763302));
#19354=CARTESIAN_POINT('',(-0.0498860142175984,0.0522457144965023,0.0488064339699425));
#19355=CARTESIAN_POINT('',(-0.0498630941516727,0.052234972541723,0.0488216730876794));
#19356=CARTESIAN_POINT('',(-0.0491123359675559,0.0527712076371849,0.0480674530806001));
#19357=CARTESIAN_POINT('',(-0.0498721679319048,0.0520477626258001,0.0485231402194066));
#19358=CARTESIAN_POINT('',(-0.0498782602434979,0.0520175717158525,0.0485484368317294));
#19359=CARTESIAN_POINT('',(-0.0498585753995605,0.0519881918849686,0.0485789127290645));
#19360=CARTESIAN_POINT('',(-0.0498247295004816,0.0519770276593623,0.048596755170979));
#19361=CARTESIAN_POINT('',(-0.0483404415568411,0.0515892363645969,0.0493236684556043));
#19362=CARTESIAN_POINT('',(-0.0495863961030679,0.0515083271686377,0.0481721825406949));
#19363=CARTESIAN_POINT('',(-0.0496234201275526,0.0515083271686377,0.0481351585162102));
#19364=CARTESIAN_POINT('',(-0.0496332867199665,0.0515420138222717,0.0480776518013561));
#19365=CARTESIAN_POINT('',(-0.0496071067811866,0.0515790378467564,0.0480514718625762));
#19366=CARTESIAN_POINT('',(-0.0498678332580472,0.0520477607664024,0.0484536196956741));
#19367=CARTESIAN_POINT('',(-0.049492639940012,0.0515171572875254,0.0480784263776389));
#19368=CARTESIAN_POINT('',(-0.049292639940012,0.0518,0.0478784263776389));
#19369=CARTESIAN_POINT('',(-0.049292639940012,0.0514,0.0478784263776389));
#19370=CARTESIAN_POINT('',(-0.049292639940012,0.0514,0.0478784263776389));
#19371=CARTESIAN_POINT('',(-0.0487240482521761,0.0514,0.047309834689803));
#19372=CARTESIAN_POINT('',(-0.0487240482521761,0.0518,0.047309834689803));
#19373=CARTESIAN_POINT('',(-0.0484412486180166,0.0517930190374251,0.0470270350556435));
#19374=CARTESIAN_POINT('',(-0.0484412486180166,0.0517930190374251,0.0470270350556435));
#19375=CARTESIAN_POINT('',(-0.0483757467025073,0.0571,0.0469615331401343));
#19376=CARTESIAN_POINT('',(-0.0415,0.0571,0.05001));
#19377=CARTESIAN_POINT('',(-0.049,0.0571,0.049));
#19378=CARTESIAN_POINT('',(-0.0495,0.0571,0.049));
#19379=CARTESIAN_POINT('',(-0.049,0.0571,0.0495));
#19380=CARTESIAN_POINT('',(-0.0495,0.0571,0.05001));
#19381=CARTESIAN_POINT('',(-0.0495,0.0571,0.042));
#19382=CARTESIAN_POINT('',(-0.0415,0.0571,0.042));
#19383=CARTESIAN_POINT('',(-0.042,0.0571,0.042));
#19384=CARTESIAN_POINT('',(-0.042,0.0571,0.05001));
#19385=CARTESIAN_POINT('',(-0.042,0.0571,0.0495));
#19386=CARTESIAN_POINT('',(-0.0415,0.0571,0.0495));
#19387=CARTESIAN_POINT('',(-0.0415,0.0746,0.05001));
#19388=CARTESIAN_POINT('',(-0.0461715728752538,0.0746,0.0477272077938642));
#19389=CARTESIAN_POINT('',(-0.0453937554159486,0.0746,0.0485050252531694));
#19390=CARTESIAN_POINT('',(-0.0451059348446489,0.0746,0.048));
#19391=CARTESIAN_POINT('',(-0.0465,0.0746,0.048));
#19392=CARTESIAN_POINT('',(-0.0425,0.0746,0.048));
#19393=CARTESIAN_POINT('',(-0.0425,0.0746,0.05));
#19394=CARTESIAN_POINT('',(-0.0425,0.0746,0.049));
#19395=CARTESIAN_POINT('',(-0.05,0.0746,0.049));
#19396=CARTESIAN_POINT('',(-0.0458887301627792,0.0746,0.049));
#19397=CARTESIAN_POINT('',(-0.0441993650813896,0.0746,0.0473106349186104));
#19398=CARTESIAN_POINT('',(-0.0490414213562373,0.0746,0.0472029437251523));
#19399=CARTESIAN_POINT('',(-0.0478686291501015,0.0746,0.0460301515190165));
#19400=CARTESIAN_POINT('',(-0.0490414213562373,0.0746,0.0472029437251523));
#19401=CARTESIAN_POINT('',(-0.0477272077938642,0.0746,0.0461715728752538));
#19402=CARTESIAN_POINT('',(-0.0475857864376269,0.0746,0.0460301515190165));
#19403=CARTESIAN_POINT('',(-0.0468029689783217,0.0746,0.0468129689783217));
#19404=CARTESIAN_POINT('',(-0.0460301515190165,0.0746,0.0475857864376269));
#19405=CARTESIAN_POINT('',(-0.0461715728752538,0.0746,0.0477272077938642));
#19406=CARTESIAN_POINT('',(-0.0460301515190165,0.0746,0.0478686291501015));
#19407=CARTESIAN_POINT('',(-0.0460301515190165,0.0746,0.0478686291501015));
#19408=CARTESIAN_POINT('',(-0.0472029437251523,0.0746,0.0490414213562373));
#19409=CARTESIAN_POINT('',(-0.0473443650813896,0.0746,0.0489));
#19410=CARTESIAN_POINT('',(-0.0473443650813896,0.0746,0.0491));
#19411=CARTESIAN_POINT('',(-0.0473443650813896,0.0746,0.0491));
#19412=CARTESIAN_POINT('',(-0.0488,0.0746,0.0491));
#19413=CARTESIAN_POINT('',(-0.0488,0.0746,0.0488));
#19414=CARTESIAN_POINT('',(-0.0491,0.0746,0.0488));
#19415=CARTESIAN_POINT('',(-0.0491,0.0746,0.0488));
#19416=CARTESIAN_POINT('',(-0.0491,0.0746,0.0473443650813896));
#19417=CARTESIAN_POINT('',(-0.0489,0.0746,0.0473443650813896));
#19418=CARTESIAN_POINT('',(-0.0465,0.0746,0.047));
#19419=CARTESIAN_POINT('',(-0.042,0.0746,0.047));
#19420=CARTESIAN_POINT('',(-0.0465,0.0746,0.047));
#19421=CARTESIAN_POINT('',(-0.0465,0.0746,-0.047));
#19422=CARTESIAN_POINT('',(-0.0465,0.0746,0.042));
#19423=CARTESIAN_POINT('',(-0.0465,0.0746,0.042));
#19424=CARTESIAN_POINT('',(-0.0495,0.0746,0.042));
#19425=CARTESIAN_POINT('',(-0.0495,0.0746,0.05001));
#19426=CARTESIAN_POINT('',(-0.0495,0.0746,0.049));
#19427=CARTESIAN_POINT('',(-0.049,0.0746,0.049));
#19428=CARTESIAN_POINT('',(-0.049,0.0746,0.0495));
#19429=CARTESIAN_POINT('',(-0.05,0.0746,0.0495));
#19430=CARTESIAN_POINT('',(-0.042,0.0746,0.0495));
#19431=CARTESIAN_POINT('',(-0.042,0.0746,0.0495));
#19432=CARTESIAN_POINT('',(-0.0477272077938642,0.0746,0.0461715728752538));
#19433=CARTESIAN_POINT('',(-0.0475,0.0746,0.0450952938136683));
#19434=CARTESIAN_POINT('',(-0.0485050252531694,0.0746,0.0453937554159486));
#19435=CARTESIAN_POINT('',(-0.0484343145750508,0.0746,0.04532304473783));
#19436=CARTESIAN_POINT('',(-0.049,0.0746,0.0458887301627792));
#19437=CARTESIAN_POINT('',(-0.049,0.0746,0.05));
#19438=CARTESIAN_POINT('',(-0.049,0.0746,0.0425));
#19439=CARTESIAN_POINT('',(-0.05,0.0746,0.0425));
#19440=CARTESIAN_POINT('',(-0.0475,0.0746,0.0425));
#19441=CARTESIAN_POINT('',(-0.0475,0.0746,-0.047));
#19442=CARTESIAN_POINT('',(0.,0.0725,0.));
#19443=CARTESIAN_POINT('',(-0.0461715728752538,0.0725,0.0477272077938642));
#19444=CARTESIAN_POINT('',(-0.0453462433504317,0.0725,0.047));
#19445=CARTESIAN_POINT('',(-0.0453937554159486,0.0725,0.046949390334559));
#19446=CARTESIAN_POINT('',(-0.0461715728752538,0.0725,0.0461715728752538));
#19447=CARTESIAN_POINT('',(-0.0465,0.0725,0.0458431457505076));
#19448=CARTESIAN_POINT('',(-0.0465,0.0725,-0.047));
#19449=CARTESIAN_POINT('',(-0.0465,0.0725,0.047));
#19450=CARTESIAN_POINT('',(-0.0465,0.0725,0.047));
#19451=CARTESIAN_POINT('',(-0.05,0.1135,0.0415));
#19452=CARTESIAN_POINT('',(-0.0495,0.0741,0.0415));
#19453=CARTESIAN_POINT('',(-0.0465,0.0741,0.0415));
#19454=CARTESIAN_POINT('',(-0.0465,0.1135,0.0415));
#19455=CARTESIAN_POINT('',(-0.0465,0.0725,0.0415));
#19456=CARTESIAN_POINT('',(-0.05,0.0725,0.0415));
#19457=CARTESIAN_POINT('',(-0.042,0.0725,0.0415));
#19458=CARTESIAN_POINT('',(-0.042,0.1135,0.0415));
#19459=CARTESIAN_POINT('',(-0.042,0.0576,0.0415));
#19460=CARTESIAN_POINT('',(-0.05,0.0576,0.0415));
#19461=CARTESIAN_POINT('',(-0.0495,0.0576,0.0415));
#19462=CARTESIAN_POINT('',(-0.0495,0.1135,0.0415));
#19463=CARTESIAN_POINT('',(-0.0415,0.1135,0.05));
#19464=CARTESIAN_POINT('',(-0.0415,0.05942,0.05));
#19465=CARTESIAN_POINT('',(-0.0415,0.0576,0.05));
#19466=CARTESIAN_POINT('',(-0.0415,0.0576,0.042));
#19467=CARTESIAN_POINT('',(-0.0415,0.1135,0.042));
#19468=CARTESIAN_POINT('',(-0.0415,0.0725,0.042));
#19469=CARTESIAN_POINT('',(-0.0415,0.0725,0.05));
#19470=CARTESIAN_POINT('',(-0.0415,0.0725,0.047));
#19471=CARTESIAN_POINT('',(-0.0415,0.1135,0.047));
#19472=CARTESIAN_POINT('',(-0.0415,0.0741,0.047));
#19473=CARTESIAN_POINT('',(-0.0415,0.0741,0.047));
#19474=CARTESIAN_POINT('',(-0.0415,0.0741,0.0495));
#19475=CARTESIAN_POINT('',(-0.0415,0.1135,0.0495));
#19476=CARTESIAN_POINT('',(-0.0415,0.07142,0.0495));
#19477=CARTESIAN_POINT('',(-0.0415,0.07142,0.05));
#19478=CARTESIAN_POINT('',(-0.049,0.1135,0.049));
#19479=CARTESIAN_POINT('',(-0.049,0.0717,0.049));
#19480=CARTESIAN_POINT('',(-0.049,0.0741,0.049));
#19481=CARTESIAN_POINT('',(-0.049,0.1135,0.049));
#19482=CARTESIAN_POINT('',(-0.049,0.0685,0.049));
#19483=CARTESIAN_POINT('',(-0.049,0.0576,0.049));
#19484=CARTESIAN_POINT('',(0.,0.0725,0.));
#19485=CARTESIAN_POINT('',(-0.0465,0.0725,-0.047));
#19486=CARTESIAN_POINT('',(-0.0465,0.0725,0.0425));
#19487=CARTESIAN_POINT('',(-0.05,0.0725,0.0425));
#19488=CARTESIAN_POINT('',(-0.0425,0.0725,0.0425));
#19489=CARTESIAN_POINT('',(-0.0425,0.0725,0.05));
#19490=CARTESIAN_POINT('',(-0.0425,0.0725,0.047));
#19491=CARTESIAN_POINT('',(-0.0465,0.0725,0.047));
#19492=CARTESIAN_POINT('',(-0.042,0.0725,0.042));
#19493=CARTESIAN_POINT('',(-0.0465,0.0746,-0.047));
#19494=CARTESIAN_POINT('',(-0.0465,0.0746,0.047));
#19495=CARTESIAN_POINT('',(-0.0465,0.0725,-0.047));
#19496=CARTESIAN_POINT('',(-0.0465,0.0741,0.042));
#19497=CARTESIAN_POINT('',(-0.0465,0.0746,0.047));
#19498=CARTESIAN_POINT('',(-0.0465,0.0725,0.047));
#19499=CARTESIAN_POINT('',(-0.042,0.0741,0.047));
#19500=CARTESIAN_POINT('',(-0.0483443650813896,0.0685,0.05));
#19501=CARTESIAN_POINT('',(-0.0483443650813896,0.0686,0.05));
#19502=CARTESIAN_POINT('',(-0.0483443650813896,0.0686,0.0499));
#19503=CARTESIAN_POINT('',(-0.0482703167238882,0.0685000000005791,0.05));
#19504=CARTESIAN_POINT('',(-0.0482831638039195,0.0686204006405822,0.049999999999999));
#19505=CARTESIAN_POINT('',(-0.0482888288132634,0.0686,0.0498814879106245));
#19506=CARTESIAN_POINT('',(-0.0481228106152207,0.0685433374441798,0.05));
#19507=CARTESIAN_POINT('',(-0.0481958722419426,0.0687378259228434,0.0500000000000008));
#19508=CARTESIAN_POINT('',(-0.0481781992320523,0.0686216687222347,0.0498446113831687));
#19509=CARTESIAN_POINT('',(-0.0480615223712288,0.0686476396861121,0.05));
#19510=CARTESIAN_POINT('',(-0.0483029436551309,0.0687370286081238,0.0499999999999997));
#19511=CARTESIAN_POINT('',(-0.0481322330481904,0.0686738198430561,0.0498292893230382));
#19512=CARTESIAN_POINT('',(-0.048061522368915,0.0687,0.05));
#19513=CARTESIAN_POINT('',(-0.0483029437251523,0.0687,0.05));
#19514=CARTESIAN_POINT('',(-0.0481322330470336,0.0687,0.0498292893218813));
#19515=CARTESIAN_POINT('',(-0.0483443650813896,0.0685,0.0499));
#19516=CARTESIAN_POINT('',(-0.0483443650813896,0.0686,0.0499));
#19517=CARTESIAN_POINT('',(-0.048061522368915,0.0687,0.0499));
#19518=CARTESIAN_POINT('',(-0.0481322330470337,0.0687,0.0498292893218814));
#19519=CARTESIAN_POINT('',(-0.0483443650813896,0.0687,0.0499));
#19520=CARTESIAN_POINT('',(-0.05,0.0685,0.0499));
#19521=CARTESIAN_POINT('',(-0.049,0.0685,0.0499));
#19522=CARTESIAN_POINT('',(-0.049,0.0686,0.0499));
#19523=CARTESIAN_POINT('',(-0.0488,0.0686,0.0499));
#19524=CARTESIAN_POINT('',(-0.049,0.0685,0.049));
#19525=CARTESIAN_POINT('',(-0.0499,0.0685,0.049));
#19526=CARTESIAN_POINT('',(-0.0499,0.0686,0.049));
#19527=CARTESIAN_POINT('',(-0.049,0.0686,0.049));
#19528=CARTESIAN_POINT('',(-0.0499,0.0685,0.05));
#19529=CARTESIAN_POINT('',(-0.0499,0.0686,0.0488));
#19530=CARTESIAN_POINT('',(-0.0499,0.0686,0.0483443650813896));
#19531=CARTESIAN_POINT('',(-0.0499,0.0685,0.0483443650813896));
#19532=CARTESIAN_POINT('',(-0.05,0.0687,0.048061522368915));
#19533=CARTESIAN_POINT('',(-0.05,0.0687,0.0483029437251523));
#19534=CARTESIAN_POINT('',(-0.0498292893218813,0.0687,0.0481322330470336));
#19535=CARTESIAN_POINT('',(-0.05,0.0686476396861121,0.0480615223712288));
#19536=CARTESIAN_POINT('',(-0.0499999999999997,0.0687370286081238,0.0483029436551309));
#19537=CARTESIAN_POINT('',(-0.0498292893230382,0.0686738198430561,0.0481322330481904));
#19538=CARTESIAN_POINT('',(-0.05,0.0685433374441798,0.0481228106152207));
#19539=CARTESIAN_POINT('',(-0.0500000000000008,0.0687378259228434,0.0481958722419427));
#19540=CARTESIAN_POINT('',(-0.0498446113831687,0.0686216687222347,0.0481781992320523));
#19541=CARTESIAN_POINT('',(-0.05,0.0685000000005791,0.0482703167238882));
#19542=CARTESIAN_POINT('',(-0.049999999999999,0.0686204006405823,0.0482831638039195));
#19543=CARTESIAN_POINT('',(-0.0498814879106245,0.0686,0.0482888288132634));
#19544=CARTESIAN_POINT('',(-0.05,0.0685,0.0483443650813896));
#19545=CARTESIAN_POINT('',(-0.05,0.0686,0.0483443650813896));
#19546=CARTESIAN_POINT('',(-0.0499,0.0686,0.0483443650813896));
#19547=CARTESIAN_POINT('',(-0.0499,0.0687,0.0483443650813896));
#19548=CARTESIAN_POINT('',(-0.0498292893218814,0.0687,0.0481322330470337));
#19549=CARTESIAN_POINT('',(-0.0499,0.0687,0.048061522368915));
#19550=CARTESIAN_POINT('',(-0.0472855642160221,0.0715903841270533,0.0490866233236696));
#19551=CARTESIAN_POINT('',(-0.0473943650813896,0.0715707106781186,0.04905));
#19552=CARTESIAN_POINT('',(-0.0473676347314935,0.0715581098703353,0.049041089883368));
#19553=CARTESIAN_POINT('',(-0.0473225008366736,0.0715345396442957,0.0490195571115213));
#19554=CARTESIAN_POINT('',(-0.047273654403271,0.0715,0.0489707106781187));
#19555=CARTESIAN_POINT('',(-0.047273654403271,0.0715,0.0489707106781187));
#19556=CARTESIAN_POINT('',(-0.0473943650813896,0.0715707106781187,0.04905));
#19557=CARTESIAN_POINT('',(-0.0473943989944306,0.0715706635019793,0.0490499645507566));
#19558=CARTESIAN_POINT('',(-0.0473875909064274,0.071587941781021,0.0490204574198256));
#19559=CARTESIAN_POINT('',(-0.0473679335137054,0.0716157415324095,0.0490008000271035));
#19560=CARTESIAN_POINT('',(-0.0473443664039638,0.0716414202699781,0.0489999319602898));
#19561=CARTESIAN_POINT('',(-0.0473443650813896,0.0716414213562373,0.049));
#19562=CARTESIAN_POINT('',(-0.0472736544032709,0.0715,0.0489707106781187));
#19563=CARTESIAN_POINT('',(-0.0472980776199722,0.0715690792885915,0.0489951338948199));
#19564=CARTESIAN_POINT('',(-0.0473265448481255,0.0716162197406706,0.049));
#19565=CARTESIAN_POINT('',(-0.0473443650813896,0.0716414213562373,0.049));
#19566=CARTESIAN_POINT('',(-0.0488,0.0686,0.049));
#19567=CARTESIAN_POINT('',(-0.0473443650813896,0.0746,0.049));
#19568=CARTESIAN_POINT('',(-0.0473443650813896,0.0745,0.049));
#19569=CARTESIAN_POINT('',(-0.0473443650813896,0.0716414213562373,0.049));
#19570=CARTESIAN_POINT('',(-0.0473995935563727,0.0716804737854124,0.049));
#19571=CARTESIAN_POINT('',(-0.0474662602230394,0.0717,0.049));
#19572=CARTESIAN_POINT('',(-0.0475443650813896,0.0717,0.049));
#19573=CARTESIAN_POINT('',(-0.0475443650813896,0.0717,0.049));
#19574=CARTESIAN_POINT('',(-0.0488,0.0717,0.049));
#19575=CARTESIAN_POINT('',(-0.0488,0.0717,0.049));
#19576=CARTESIAN_POINT('',(-0.0488,0.0686,0.049));
#19577=CARTESIAN_POINT('',(-0.0488,0.0745,0.049));
#19578=CARTESIAN_POINT('',(-0.0488,0.0745,0.049));
#19579=CARTESIAN_POINT('',(-0.0488,0.0686,0.0488));
#19580=CARTESIAN_POINT('',(-0.0488,0.0717,0.0488));
#19581=CARTESIAN_POINT('',(-0.049,0.0717,0.0488));
#19582=CARTESIAN_POINT('',(-0.049,0.0686,0.0488));
#19583=CARTESIAN_POINT('',(-0.049,0.0745,0.0488));
#19584=CARTESIAN_POINT('',(-0.0488,0.0745,0.0488));
#19585=CARTESIAN_POINT('',(-0.0491,0.0745,0.05001));
#19586=CARTESIAN_POINT('',(-0.0491,0.0745,0.0473443650813896));
#19587=CARTESIAN_POINT('',(-0.049,0.0745,0.0473443650813896));
#19588=CARTESIAN_POINT('',(-0.0491,0.0745,0.0488));
#19589=CARTESIAN_POINT('',(-0.049,0.0745,0.0473443650813896));
#19590=CARTESIAN_POINT('',(-0.0489,0.0745,0.0473443650813896));
#19591=CARTESIAN_POINT('',(-0.0490414213562373,0.0745,0.0472029437251523));
#19592=CARTESIAN_POINT('',(-0.0489707106781187,0.0745,0.047273654403271));
#19593=CARTESIAN_POINT('',(-0.0489,0.0745,0.0473443650813896));
#19594=CARTESIAN_POINT('',(-0.0509242388155425,0.0745,0.0490857611844575));
#19595=CARTESIAN_POINT('',(-0.0478686291501015,0.0745,0.0460301515190165));
#19596=CARTESIAN_POINT('',(-0.0477979184719829,0.0745,0.0461008621971352));
#19597=CARTESIAN_POINT('',(-0.0477979184719829,0.0745,0.0461008621971352));
#19598=CARTESIAN_POINT('',(-0.0477272077938642,0.0745,0.0461715728752538));
#19599=CARTESIAN_POINT('',(-0.0477272077938642,0.0745,0.0461715728752538));
#19600=CARTESIAN_POINT('',(-0.0476564971157456,0.0745,0.0461008621971352));
#19601=CARTESIAN_POINT('',(-0.0475857864376269,0.0745,0.0460301515190165));
#19602=CARTESIAN_POINT('',(-0.0477272077938642,0.0686,0.0460301515190165));
#19603=CARTESIAN_POINT('',(-0.0476564971157456,0.0686,0.0461008621971352));
#19604=CARTESIAN_POINT('',(-0.0476564971157456,0.0687,0.0461008621971352));
#19605=CARTESIAN_POINT('',(-0.0477272077938642,0.0687,0.0460301515190165));
#19606=CARTESIAN_POINT('',(-0.0461008621971352,0.0687,0.0476564971157456));
#19607=CARTESIAN_POINT('',(-0.0461008621971352,0.0686,0.0476564971157456));
#19608=CARTESIAN_POINT('',(-0.0461008621971352,0.0745,0.0476564971157456));
#19609=CARTESIAN_POINT('',(-0.0477272077938642,0.0745,0.0460301515190165));
#19610=CARTESIAN_POINT('',(-0.0461715728752538,0.0745,0.0477272077938642));
#19611=CARTESIAN_POINT('',(-0.0460301515190165,0.0745,0.0475857864376269));
#19612=CARTESIAN_POINT('',(-0.0461715728752538,0.0745,0.0477272077938642));
#19613=CARTESIAN_POINT('',(-0.0461008621971352,0.0745,0.0477979184719829));
#19614=CARTESIAN_POINT('',(-0.0460301515190165,0.0745,0.0478686291501015));
#19615=CARTESIAN_POINT('',(-0.0476564971157456,0.0745,0.0459594408408979));
#19616=CARTESIAN_POINT('',(-0.0477272077938642,0.0686,0.0461715728752538));
#19617=CARTESIAN_POINT('',(-0.0477979184719829,0.0686,0.0461008621971352));
#19618=CARTESIAN_POINT('',(-0.0477979184719829,0.0687,0.0461008621971352));
#19619=CARTESIAN_POINT('',(-0.0477272077938642,0.0687,0.0461715728752538));
#19620=CARTESIAN_POINT('',(-0.0477272077938642,0.0687,0.0461715728752538));
#19621=CARTESIAN_POINT('',(-0.0477272077938642,0.0687,0.0461715728752538));
#19622=CARTESIAN_POINT('',(-0.0477272077938642,0.0686,0.0461715728752538));
#19623=CARTESIAN_POINT('',(-0.0477272077938642,0.0687,0.0461715728752538));
#19624=CARTESIAN_POINT('',(-0.0476564971157456,0.0687,0.0461008621971352));
#19625=CARTESIAN_POINT('',(-0.0495778174593052,0.0686,0.0480221825406948));
#19626=CARTESIAN_POINT('',(-0.0477272077938642,0.0687,0.0460301515190165));
#19627=CARTESIAN_POINT('',(-0.0499,0.0686,0.048061522368915));
#19628=CARTESIAN_POINT('',(-0.0498292893218814,0.0715,0.0481322330470337));
#19629=CARTESIAN_POINT('',(-0.0498292893218814,0.0715,0.0481322330470337));
#19630=CARTESIAN_POINT('',(-0.0499,0.0715,0.048061522368915));
#19631=CARTESIAN_POINT('',(-0.05,0.0717,0.0483443650813896));
#19632=CARTESIAN_POINT('',(-0.05,0.0716,0.0483443650813896));
#19633=CARTESIAN_POINT('',(-0.0499,0.0716,0.0483443650813896));
#19634=CARTESIAN_POINT('',(-0.05,0.0716999999994209,0.0482703167238882));
#19635=CARTESIAN_POINT('',(-0.049999999999999,0.0715795993594172,0.0482831638039195));
#19636=CARTESIAN_POINT('',(-0.0498814879106245,0.0716,0.0482888288132634));
#19637=CARTESIAN_POINT('',(-0.05,0.0716566625558202,0.0481228106152207));
#19638=CARTESIAN_POINT('',(-0.0500000000000008,0.071462174077157,0.0481958722419427));
#19639=CARTESIAN_POINT('',(-0.0498446113831687,0.0715783312777653,0.0481781992320523));
#19640=CARTESIAN_POINT('',(-0.05,0.0715523603138879,0.0480615223712288));
#19641=CARTESIAN_POINT('',(-0.0499999999999997,0.0714629713918758,0.0483029436551309));
#19642=CARTESIAN_POINT('',(-0.0498292893230382,0.0715261801569439,0.0481322330481904));
#19643=CARTESIAN_POINT('',(-0.05,0.0715,0.048061522368915));
#19644=CARTESIAN_POINT('',(-0.05,0.0715,0.0483029437251523));
#19645=CARTESIAN_POINT('',(-0.0498292893218813,0.0715,0.0481322330470336));
#19646=CARTESIAN_POINT('',(-0.0499,0.0715,0.0483443650813896));
#19647=CARTESIAN_POINT('',(-0.0499,0.0716,0.0483443650813896));
#19648=CARTESIAN_POINT('',(-0.0499,0.0717,0.0483443650813896));
#19649=CARTESIAN_POINT('',(-0.0499,0.0717,-9.00340792280726E-18));
#19650=CARTESIAN_POINT('',(-0.0499,0.0716,0.049));
#19651=CARTESIAN_POINT('',(-0.0499,0.0716,0.049));
#19652=CARTESIAN_POINT('',(-0.0499,0.0717,0.049));
#19653=CARTESIAN_POINT('',(-0.049,0.0717,0.049));
#19654=CARTESIAN_POINT('',(-0.049,0.0716,0.049));
#19655=CARTESIAN_POINT('',(-0.049,0.0716,0.0499));
#19656=CARTESIAN_POINT('',(-0.049,0.0717,0.0499));
#19657=CARTESIAN_POINT('',(1.14524293006569E-17,0.0717,0.0499));
#19658=CARTESIAN_POINT('',(-0.0484443650813896,0.0716,0.0499));
#19659=CARTESIAN_POINT('',(-0.0483443650813896,0.0716,0.0499));
#19660=CARTESIAN_POINT('',(-0.0483443650813896,0.0717,0.0499));
#19661=CARTESIAN_POINT('',(-0.048061522368915,0.0715,0.05));
#19662=CARTESIAN_POINT('',(-0.0483029437251523,0.0715,0.05));
#19663=CARTESIAN_POINT('',(-0.0481322330470336,0.0715,0.0498292893218813));
#19664=CARTESIAN_POINT('',(-0.0480615223712288,0.0715523603138879,0.05));
#19665=CARTESIAN_POINT('',(-0.0483029436551309,0.0714629713918758,0.0499999999999997));
#19666=CARTESIAN_POINT('',(-0.0481322330481904,0.0715261801569439,0.0498292893230382));
#19667=CARTESIAN_POINT('',(-0.0481228106152207,0.0716566625558202,0.05));
#19668=CARTESIAN_POINT('',(-0.0481958722419427,0.0714621740771571,0.0500000000000008));
#19669=CARTESIAN_POINT('',(-0.0481781992320523,0.0715783312777653,0.0498446113831687));
#19670=CARTESIAN_POINT('',(-0.0482703167238882,0.0716999999994209,0.05));
#19671=CARTESIAN_POINT('',(-0.0482831638039195,0.0715795993594172,0.049999999999999));
#19672=CARTESIAN_POINT('',(-0.0482888288132634,0.0716,0.0498814879106245));
#19673=CARTESIAN_POINT('',(-0.0483443650813896,0.0717,0.05));
#19674=CARTESIAN_POINT('',(-0.0483443650813896,0.0716,0.05));
#19675=CARTESIAN_POINT('',(-0.0483443650813896,0.0716,0.0499));
#19676=CARTESIAN_POINT('',(-0.048061522368915,0.0715,0.0499));
#19677=CARTESIAN_POINT('',(-0.0481322330470337,0.0715,0.0498292893218814));
#19678=CARTESIAN_POINT('',(-0.0483443650813896,0.0715,0.0499));
#19679=CARTESIAN_POINT('',(-0.048061522368915,0.0686,0.0499));
#19680=CARTESIAN_POINT('',(-0.0481322330470337,0.0687,0.0498292893218814));
#19681=CARTESIAN_POINT('',(-0.047373654403271,0.0687,0.0489292893218814));
#19682=CARTESIAN_POINT('',(-0.0473029437251523,0.0687,0.049));
#19683=CARTESIAN_POINT('',(-0.0461008621971352,0.0687,0.0477979184719829));
#19684=CARTESIAN_POINT('',(-0.0461715728752538,0.0687,0.0477272077938642));
#19685=CARTESIAN_POINT('',(-0.0461715728752538,0.0686,0.0477272077938642));
#19686=CARTESIAN_POINT('',(-0.0480221825406948,0.0686,0.0495778174593052));
#19687=CARTESIAN_POINT('',(-0.0461715728752538,0.0687,0.0477272077938642));
#19688=CARTESIAN_POINT('',(-0.0461715728752538,0.0687,0.0477272077938642));
#19689=CARTESIAN_POINT('',(-0.0461715728752538,0.0687,0.0477272077938642));
#19690=CARTESIAN_POINT('',(-0.0488,0.0686,0.0488));
#19691=CARTESIAN_POINT('',(-0.0461008621971352,0.0686,0.0477979184719829));
#19692=CARTESIAN_POINT('',(-0.046949390334559,0.0687,0.046949390334559));
#19693=CARTESIAN_POINT('',(-0.0461715728752538,0.0686,0.0477272077938642));
#19694=CARTESIAN_POINT('',(-0.0461008621971352,0.0686,0.0477979184719829));
#19695=CARTESIAN_POINT('',(-0.0490857611844575,0.0745,0.0509242388155425));
#19696=CARTESIAN_POINT('',(-0.047273654403271,0.0745,0.0489707106781187));
#19697=CARTESIAN_POINT('',(-0.047273654403271,0.0745,0.0489707106781187));
#19698=CARTESIAN_POINT('',(-0.0472029437251523,0.0745,0.0490414213562373));
#19699=CARTESIAN_POINT('',(-0.0473443650813896,0.0745,0.0489));
#19700=CARTESIAN_POINT('',(-0.0473443650813896,0.0745,0.0491));
#19701=CARTESIAN_POINT('',(-0.0473443650813896,0.0745,0.0489));
#19702=CARTESIAN_POINT('',(-0.05,0.0745,0.0491));
#19703=CARTESIAN_POINT('',(-0.0488,0.0745,0.0491));
#19704=CARTESIAN_POINT('',(-0.0488,0.0745,0.0488));
#19705=CARTESIAN_POINT('',(-0.049,0.0686,0.0473029437251523));
#19706=CARTESIAN_POINT('',(-0.049,0.0717,0.0473029437251523));
#19707=CARTESIAN_POINT('',(-0.049,0.0717,0.0475443650813896));
#19708=CARTESIAN_POINT('',(-0.049,0.0717,0.0475443650813896));
#19709=CARTESIAN_POINT('',(-0.049,0.0717,0.0474662602230394));
#19710=CARTESIAN_POINT('',(-0.049,0.0716804737854124,0.0473995935563727));
#19711=CARTESIAN_POINT('',(-0.049,0.0716414213562373,0.0473443650813896));
#19712=CARTESIAN_POINT('',(-0.049,0.0716414213562373,0.0473443650813896));
#19713=CARTESIAN_POINT('',(-0.049,0.0716,0.0473443650813896));
#19714=CARTESIAN_POINT('',(-0.0490924741295462,0.071655796789755,0.0473708564587033));
#19715=CARTESIAN_POINT('',(-0.0491,0.0716,0.0475443650813896));
#19716=CARTESIAN_POINT('',(-0.0490476401224402,0.0716,0.0475443650813896));
#19717=CARTESIAN_POINT('',(-0.049,0.0716476401224402,0.0475443650813896));
#19718=CARTESIAN_POINT('',(-0.049,0.0717,0.0475443650813896));
#19719=CARTESIAN_POINT('',(-0.0491,0.0716,0.0475443650813896));
#19720=CARTESIAN_POINT('',(-0.04905,0.0715707106781187,0.0473943650813897));
#19721=CARTESIAN_POINT('',(-0.0490702433639434,0.071589222690361,0.0474407883841129));
#19722=CARTESIAN_POINT('',(-0.049085178678909,0.0716,0.047492519735814));
#19723=CARTESIAN_POINT('',(-0.0491,0.0716,0.0475443650813896));
#19724=CARTESIAN_POINT('',(-0.04905,0.0715707106781187,0.0473943650813896));
#19725=CARTESIAN_POINT('',(-0.0489931868061592,0.0716387206416647,0.047347358888031));
#19726=CARTESIAN_POINT('',(-0.0490098534727836,0.0716151504156019,0.0473640255547071));
#19727=CARTESIAN_POINT('',(-0.0490265201394079,0.0715915801895391,0.0473806922213832));
#19728=CARTESIAN_POINT('',(-0.0490431868060323,0.0715680099634764,0.0473973588880594));
#19729=CARTESIAN_POINT('',(-0.0487551777183521,0.07152287076533,0.0474690388840403));
#19730=CARTESIAN_POINT('',(-0.0490431868060323,0.0715680099634764,0.0473973588880594));
#19731=CARTESIAN_POINT('',(-0.0490299386454992,0.0715483570775503,0.0473494803374309));
#19732=CARTESIAN_POINT('',(-0.0490049874958597,0.071524101877295,0.0473067961205286));
#19733=CARTESIAN_POINT('',(-0.0489705279274646,0.0715000038930309,0.0472738426595048));
#19734=CARTESIAN_POINT('',(-0.0489707106781187,0.0715,0.047273654403271));
#19735=CARTESIAN_POINT('',(-0.0489705279274646,0.0715000038930309,0.0472738426595048));
#19736=CARTESIAN_POINT('',(-0.048988320829065,0.0715476721033221,0.0472901294539724));
#19737=CARTESIAN_POINT('',(-0.0489966053120665,0.0715954975296029,0.0473161470041595));
#19738=CARTESIAN_POINT('',(-0.0489931868061592,0.0716387206416647,0.047347358888031));
#19739=CARTESIAN_POINT('',(-0.0489,0.0686,0.0473443650813896));
#19740=CARTESIAN_POINT('',(-0.0489707106781187,0.0746,0.047273654403271));
#19741=CARTESIAN_POINT('',(-0.0477272077938642,0.0686,0.0460301515190165));
#19742=CARTESIAN_POINT('',(-0.049,0.0715,0.0473029437251523));
#19743=CARTESIAN_POINT('',(-0.0476564971157456,0.0715,0.0461008621971352));
#19744=CARTESIAN_POINT('',(-0.0499292893218814,0.0716,0.048373654403271));
#19745=CARTESIAN_POINT('',(-0.0491,0.0717,0.0473029437251523));
#19746=CARTESIAN_POINT('',(-0.0491,0.0717,0.0488));
#19747=CARTESIAN_POINT('',(-0.0491,0.0716,0.0488));
#19748=CARTESIAN_POINT('',(-0.0491,0.0716,-2.36527579938674E-16));
#19749=CARTESIAN_POINT('',(-0.0488,0.0717,0.0488));
#19750=CARTESIAN_POINT('',(-0.0488,0.0717,0.0491));
#19751=CARTESIAN_POINT('',(-0.0488,0.0716,0.0491));
#19752=CARTESIAN_POINT('',(-0.0488,0.0716,0.0488));
#19753=CARTESIAN_POINT('',(-0.0488,0.0717,0.0491));
#19754=CARTESIAN_POINT('',(-0.0475443650813896,0.0717,0.049));
#19755=CARTESIAN_POINT('',(-0.0475443650813896,0.0716476401224402,0.049));
#19756=CARTESIAN_POINT('',(-0.0475443650813896,0.0716,0.0490476401224402));
#19757=CARTESIAN_POINT('',(-0.0475443650813896,0.0716,0.0491));
#19758=CARTESIAN_POINT('',(-0.0475443650813896,0.0716,0.0491));
#19759=CARTESIAN_POINT('',(2.38976601316523E-16,0.0716,0.0491));
#19760=CARTESIAN_POINT('',(-0.0473708564587033,0.0716557967897551,0.0490924741295462));
#19761=CARTESIAN_POINT('',(-0.0475443650813897,0.0716,0.0491));
#19762=CARTESIAN_POINT('',(-0.047492519735814,0.0716,0.049085178678909));
#19763=CARTESIAN_POINT('',(-0.0474407883841129,0.071589222690361,0.0490702433639434));
#19764=CARTESIAN_POINT('',(-0.0473943650813897,0.0715707106781187,0.04905));
#19765=CARTESIAN_POINT('',(-0.0473443650813896,0.0686,0.0489));
#19766=CARTESIAN_POINT('',(-0.047273654403271,0.0716,0.0489707106781187));
#19767=CARTESIAN_POINT('',(-0.0473029437251523,0.0686,0.049));
#19768=CARTESIAN_POINT('',(-0.0483029437251523,0.0715,0.05));
#19769=CARTESIAN_POINT('',(-0.047373654403271,0.0715,0.0489292893218814));
#19770=CARTESIAN_POINT('',(-0.047373654403271,0.0716,0.0489292893218814));
#19771=CARTESIAN_POINT('',(1.13968527085408E-17,0.0716,-8.94783133069115E-18));
#19772=CARTESIAN_POINT('',(-0.0495,0.0741,0.05));
#19773=CARTESIAN_POINT('',(-0.0495,0.0741,0.049));
#19774=CARTESIAN_POINT('',(-0.0495,0.0741,0.042));
#19775=CARTESIAN_POINT('',(-0.049,0.0741,0.049));
#19776=CARTESIAN_POINT('',(-0.049,0.0741,0.0495));
#19777=CARTESIAN_POINT('',(-0.05,0.0741,0.0495));
#19778=CARTESIAN_POINT('',(-0.042,0.0741,0.0495));
#19779=CARTESIAN_POINT('',(0.,0.0725,0.));
#19780=CARTESIAN_POINT('',(-0.0425,0.0725,0.05));
#19781=CARTESIAN_POINT('',(-0.0425,0.0725,0.048));
#19782=CARTESIAN_POINT('',(0.,0.0725,0.048));
#19783=CARTESIAN_POINT('',(-0.0451059348446489,0.0725,0.048));
#19784=CARTESIAN_POINT('',(-0.0461715728752538,0.0725,0.0477272077938642));
#19785=CARTESIAN_POINT('',(0.,0.0725,0.));
#19786=CARTESIAN_POINT('',(-0.0461715728752538,0.0725,0.0461715728752538));
#19787=CARTESIAN_POINT('',(-0.046949390334559,0.0725,0.0453937554159486));
#19788=CARTESIAN_POINT('',(-0.0477272077938642,0.0725,0.0461715728752538));
#19789=CARTESIAN_POINT('',(-0.0475,0.0725,0.0450952938136683));
#19790=CARTESIAN_POINT('',(-0.0475,0.0725,0.));
#19791=CARTESIAN_POINT('',(-0.0475,0.0725,0.0425));
#19792=CARTESIAN_POINT('',(-0.05,0.0725,0.0425));
#19793=CARTESIAN_POINT('',(-0.05,0.1135,0.0425));
#19794=CARTESIAN_POINT('',(-0.049,0.1135,0.0425));
#19795=CARTESIAN_POINT('',(-0.049,0.0581,0.0425));
#19796=CARTESIAN_POINT('',(-0.0415,0.0581,0.0425));
#19797=CARTESIAN_POINT('',(-0.0425,0.0581,0.0425));
#19798=CARTESIAN_POINT('',(-0.0425,0.1135,0.0425));
#19799=CARTESIAN_POINT('',(-0.0475,0.1135,0.0425));
#19800=CARTESIAN_POINT('',(-0.0425,0.1135,0.05));
#19801=CARTESIAN_POINT('',(-0.0425,0.1135,0.049));
#19802=CARTESIAN_POINT('',(-0.0425,0.0581,0.049));
#19803=CARTESIAN_POINT('',(-0.0425,0.1135,0.048));
#19804=CARTESIAN_POINT('',(-0.0425,0.0581,0.05001));
#19805=CARTESIAN_POINT('',(-0.0415,0.0581,0.05001));
#19806=CARTESIAN_POINT('',(-0.049,0.0581,0.05));
#19807=CARTESIAN_POINT('',(-0.049,0.0581,0.049));
#19808=CARTESIAN_POINT('',(-0.05,0.0581,0.049));
#19809=CARTESIAN_POINT('',(-0.049,0.1135,0.05));
#19810=CARTESIAN_POINT('',(-0.049,0.0686,0.0458887301627792));
#19811=CARTESIAN_POINT('',(-0.049,0.0687,0.0458887301627792));
#19812=CARTESIAN_POINT('',(-0.049,0.0687,0.0474443650813896));
#19813=CARTESIAN_POINT('',(-0.049,0.0676,0.0474443650813896));
#19814=CARTESIAN_POINT('',(-0.049,0.0676,0.05));
#19815=CARTESIAN_POINT('',(-0.049,0.0676,0.049));
#19816=CARTESIAN_POINT('',(-0.049,0.1135,0.049));
#19817=CARTESIAN_POINT('',(-0.05,0.1135,0.049));
#19818=CARTESIAN_POINT('',(-0.0458887301627792,0.1135,0.049));
#19819=CARTESIAN_POINT('',(-0.0458887301627792,0.0687,0.049));
#19820=CARTESIAN_POINT('',(-0.0488,0.0676,0.049));
#19821=CARTESIAN_POINT('',(-0.0474443650813896,0.0676,0.049));
#19822=CARTESIAN_POINT('',(-0.0474443650813896,0.0687,0.049));
#19823=CARTESIAN_POINT('',(-0.0475,0.0746,-0.047));
#19824=CARTESIAN_POINT('',(-0.0475,0.0686,0.0450952938136683));
#19825=CARTESIAN_POINT('',(-0.0465,0.0746,0.048));
#19826=CARTESIAN_POINT('',(-0.0451059348446489,0.0686,0.048));
#19827=CARTESIAN_POINT('',(-0.0470201010126777,0.0686,0.04532304473783));
#19828=CARTESIAN_POINT('',(-0.0453937554159486,0.0686,0.046949390334559));
#19829=CARTESIAN_POINT('',(-0.0453937554159486,0.0687,0.046949390334559));
#19830=CARTESIAN_POINT('',(-0.0470201010126777,0.0687,0.04532304473783));
#19831=CARTESIAN_POINT('',(-0.046949390334559,0.0687,0.0453937554159486));
#19832=CARTESIAN_POINT('',(-0.046949390334559,0.0686,0.0453937554159486));
#19833=CARTESIAN_POINT('',(-0.0477272077938642,0.0686,0.0461715728752538));
#19834=CARTESIAN_POINT('',(-0.0477272077938642,0.0687,0.0461715728752538));
#19835=CARTESIAN_POINT('',(-0.0485050252531694,0.0687,0.0453937554159486));
#19836=CARTESIAN_POINT('',(-0.0485050252531694,0.0686,0.0453937554159486));
#19837=CARTESIAN_POINT('',(-0.0477272077938642,0.0687,0.0461715728752538));
#19838=CARTESIAN_POINT('',(-0.0477272077938642,0.0687,0.0461715728752538));
#19839=CARTESIAN_POINT('',(-0.0477272077938642,0.0676,0.0461715728752538));
#19840=CARTESIAN_POINT('',(-0.0477272077938642,0.0687,0.0461715728752538));
#19841=CARTESIAN_POINT('',(-0.0476564971157456,0.0687,0.0461008621971352));
#19842=CARTESIAN_POINT('',(-0.0476564971157456,0.0676,0.0461008621971352));
#19843=CARTESIAN_POINT('',(-0.0484343145750508,0.0687,0.04532304473783));
#19844=CARTESIAN_POINT('',(-0.047373654403271,0.0687,0.0489292893218814));
#19845=CARTESIAN_POINT('',(-0.0465958369439658,0.0687,0.0497071067811866));
#19846=CARTESIAN_POINT('',(-0.0453937554159486,0.0687,0.0485050252531694));
#19847=CARTESIAN_POINT('',(-0.047373654403271,0.0676,0.0489292893218814));
#19848=CARTESIAN_POINT('',(-0.0461715728752538,0.0676,0.0477272077938642));
#19849=CARTESIAN_POINT('',(-0.0461715728752538,0.0687,0.0477272077938642));
#19850=CARTESIAN_POINT('',(-0.0461715728752538,0.0687,0.0477272077938642));
#19851=CARTESIAN_POINT('',(-0.0461715728752538,0.0687,0.0477272077938642));
#19852=CARTESIAN_POINT('',(-0.0461715728752538,0.0687,0.0477272077938642));
#19853=CARTESIAN_POINT('',(-0.0488,0.0676,0.0488));
#19854=CARTESIAN_POINT('',(-0.046949390334559,0.0676,0.046949390334559));
#19855=CARTESIAN_POINT('',(-0.046949390334559,0.0687,0.046949390334559));
#19856=CARTESIAN_POINT('',(-0.0461715728752538,0.0686,0.0477272077938642));
#19857=CARTESIAN_POINT('',(-0.0453937554159486,0.0686,0.0485050252531694));
#19858=CARTESIAN_POINT('',(-0.0484343145750508,0.0686,0.04532304473783));
#19859=CARTESIAN_POINT('',(-0.0465958369439658,0.0686,0.0497071067811866));
#19860=CARTESIAN_POINT('',(-0.042,0.1135,0.0495));
#19861=CARTESIAN_POINT('',(-0.042,0.07142,0.0495));
#19862=CARTESIAN_POINT('',(-0.042,0.0741,0.0495));
#19863=CARTESIAN_POINT('',(-0.042,0.0741,0.0495));
#19864=CARTESIAN_POINT('',(-0.042,0.0741,0.0495));
#19865=CARTESIAN_POINT('',(-0.042,0.0741,0.05001));
#19866=CARTESIAN_POINT('',(-0.0495,0.1135,0.042));
#19867=CARTESIAN_POINT('',(-0.0495,0.0576,0.042));
#19868=CARTESIAN_POINT('',(-0.0495,0.0741,0.042));
#19869=CARTESIAN_POINT('',(-0.0495,0.0741,0.042));
#19870=CARTESIAN_POINT('',(-0.0415,0.0741,0.042));
#19871=CARTESIAN_POINT('',(-0.042,0.1135,0.042));
#19872=CARTESIAN_POINT('',(-0.042,0.0576,0.042));
#19873=CARTESIAN_POINT('',(-0.0495,0.0576,0.042));
#19874=CARTESIAN_POINT('',(-0.0495,0.0576,0.042));
#19875=CARTESIAN_POINT('',(-0.0495,0.0576,0.042));
#19876=CARTESIAN_POINT('',(-0.0495,0.0576,0.05));
#19877=CARTESIAN_POINT('',(-0.0495,0.0576,0.049));
#19878=CARTESIAN_POINT('',(-0.0415,0.0576,0.042));
#19879=CARTESIAN_POINT('',(-0.042,0.0576,0.042));
#19880=CARTESIAN_POINT('',(-0.049,0.0576,0.049));
#19881=CARTESIAN_POINT('',(-0.049,0.0576,0.0495));
#19882=CARTESIAN_POINT('',(-0.042,0.0576,0.042));
#19883=CARTESIAN_POINT('',(-0.042,0.0576,0.042));
#19884=CARTESIAN_POINT('',(-0.05,0.0576,0.0495));
#19885=CARTESIAN_POINT('',(-0.042,0.0576,0.0495));
#19886=CARTESIAN_POINT('',(-0.042,0.0576,0.05001));
#19887=CARTESIAN_POINT('',(-0.042,0.0576,0.0495));
#19888=CARTESIAN_POINT('',(-0.042,0.0576,0.0495));
#19889=CARTESIAN_POINT('',(-0.027,0.05942,0.048));
#19890=CARTESIAN_POINT('',(-0.027,0.05942,0.048));
#19891=CARTESIAN_POINT('',(-0.027,0.07142,0.048));
#19892=CARTESIAN_POINT('',(-0.027,0.07142,0.048));
#19893=CARTESIAN_POINT('',(0.0156973454445427,0.08792,0.048));
#19894=CARTESIAN_POINT('',(0.0156973454445427,0.06792,0.048));
#19895=CARTESIAN_POINT('',(0.0156973454445427,0.04292,0.048));
#19896=CARTESIAN_POINT('',(0.0156973454445427,0.06292,0.048));
#19897=CARTESIAN_POINT('',(0.0156973454445427,0.06292,0.048));
#19898=CARTESIAN_POINT('',(-0.0156973454445427,0.06292,0.048));
#19899=CARTESIAN_POINT('',(-0.0156973454445427,0.04292,0.048));
#19900=CARTESIAN_POINT('',(-0.0156973454445427,0.08792,0.048));
#19901=CARTESIAN_POINT('',(-0.0156973454445427,0.06792,0.048));
#19902=CARTESIAN_POINT('',(0.0156973454445427,0.06792,0.048));
#19903=MECHANICAL_DESIGN_GEOMETRIC_PRESENTATION_REPRESENTATION('',(#11041),
#19904);
#19904=(
GEOMETRIC_REPRESENTATION_CONTEXT(3)
GLOBAL_UNCERTAINTY_ASSIGNED_CONTEXT((#19905))
GLOBAL_UNIT_ASSIGNED_CONTEXT((#19908,#19907,#19906))
REPRESENTATION_CONTEXT('Part 3','TOP_LEVEL_ASSEMBLY_PART')
);
#19905=UNCERTAINTY_MEASURE_WITH_UNIT(LENGTH_MEASURE(2.E-5),#19908,
'DISTANCE_ACCURACY_VALUE','Maximum Tolerance applied to model');
#19906=(
NAMED_UNIT(*)
SI_UNIT($,.STERADIAN.)
SOLID_ANGLE_UNIT()
);
#19907=(
NAMED_UNIT(*)
PLANE_ANGLE_UNIT()
SI_UNIT($,.RADIAN.)
);
#19908=(
LENGTH_UNIT()
NAMED_UNIT(*)
SI_UNIT($,.METRE.)
);
#19909=PRODUCT_DEFINITION_SHAPE('','',#19910);
#19910=PRODUCT_DEFINITION('','',#19912,#19911);
#19911=PRODUCT_DEFINITION_CONTEXT('',#19918,'design');
#19912=PRODUCT_DEFINITION_FORMATION_WITH_SPECIFIED_SOURCE('','',#19914,
 .NOT_KNOWN.);
#19913=PRODUCT_RELATED_PRODUCT_CATEGORY('','',(#19914));
#19914=PRODUCT('Part 3','Part 3','Part 3',(#19916));
#19915=PRODUCT_CATEGORY('','');
#19916=PRODUCT_CONTEXT('',#19918,'mechanical');
#19917=APPLICATION_PROTOCOL_DEFINITION('international standard',
'ap242_managed_model_based_3d_engineering',2020,#19918);
#19918=APPLICATION_CONTEXT('managed model based 3d engineering');
ENDSEC;
END-ISO-10303-21;
