ISO-10303-21;
HEADER;
/* Generated by software containing ST-Developer
 * from STEP Tools, Inc. (www.steptools.com) 
 */
/* OPTION: using custom renumber hook */

FILE_DESCRIPTION(
/* description */ ('STEP AP242 Edition 2',
'CAx-IF Rec.Pracs.---Representation and Presentation of Product Manufa
cturing Information (PMI)---4.0---2014-10-13',
'CAx-IF Rec.Pracs.---3D Tessellated Geometry---0.4---2014-09-14','2;1',
'CAx-IF Rec.Pracs.---User Defined Attributes---1.5---2016-08-15'),
/* implementation_level */ '2;1');

FILE_NAME(
/* name */ 'Cube Brick - Part 6',
/* time_stamp */ '2026-09-23T21:01:06Z',
/* author */ (''),
/* organization */ (''),
/* preprocessor_version */ 'ST-DEVELOPER v20',
/* originating_system */ 'ONSHAPE BY PTC INC, 1.221',
/* authorisation */ '  ');

FILE_SCHEMA (('AP242_MANAGED_MODEL_BASED_3D_ENGINEERING_MIM_LF { 1 0 10303 442 3 1 4 }'));
ENDSEC;

DATA;
#10=SHAPE_REPRESENTATION_RELATIONSHIP('','',#9103,#11);
#11=ADVANCED_BREP_SHAPE_REPRESENTATION('',(#9101),#15911);
#12=(
BOUNDED_SURFACE()
B_SPLINE_SURFACE(3,2,((#13373,#13374,#13375),(#13376,#13377,#13378),(#13379,
#13380,#13381),(#13382,#13383,#13384),(#13385,#13386,#13387)),
 .UNSPECIFIED.,.F.,.F.,.F.)
B_SPLINE_SURFACE_WITH_KNOTS((4,1,4),(3,3),(3.14159265358979,3.92699081698724,
4.71238898038469),(0.,1.),.UNSPECIFIED.)
GEOMETRIC_REPRESENTATION_ITEM()
RATIONAL_B_SPLINE_SURFACE(((1.,0.38268343236509,1.),(1.,0.38268344982822,
1.),(1.,0.487829893461163,1.),(1.,0.641656763249453,1.),(1.,0.707106781186548,
1.)))
REPRESENTATION_ITEM('')
SURFACE()
);
#13=(
BOUNDED_SURFACE()
B_SPLINE_SURFACE(3,2,((#13395,#13396,#13397),(#13398,#13399,#13400),(#13401,
#13402,#13403),(#13404,#13405,#13406),(#13407,#13408,#13409)),
 .UNSPECIFIED.,.F.,.F.,.F.)
B_SPLINE_SURFACE_WITH_KNOTS((4,1,4),(3,3),(1.5707963267949,2.35619449019234,
3.14159265358979),(0.,1.),.UNSPECIFIED.)
GEOMETRIC_REPRESENTATION_ITEM()
RATIONAL_B_SPLINE_SURFACE(((1.,0.707106781186548,1.),(1.,0.641656763249445,
1.),(1.,0.487829893461155,1.),(1.,0.38268344982822,1.),(1.,0.38268343236509,
1.)))
REPRESENTATION_ITEM('')
SURFACE()
);
#14=(
BOUNDED_SURFACE()
B_SPLINE_SURFACE(3,2,((#13411,#13412,#13413),(#13414,#13415,#13416),(#13417,
#13418,#13419),(#13420,#13421,#13422),(#13423,#13424,#13425)),
 .UNSPECIFIED.,.F.,.F.,.F.)
B_SPLINE_SURFACE_WITH_KNOTS((4,1,4),(3,3),(4.71238898038469,5.49778714378214,
6.28318530717959),(0.,1.),.UNSPECIFIED.)
GEOMETRIC_REPRESENTATION_ITEM()
RATIONAL_B_SPLINE_SURFACE(((1.,0.707106781186548,1.),(1.,0.641656763249453,
1.),(1.,0.487829893461163,1.),(1.,0.38268344982822,1.),(1.,0.38268343236509,
1.)))
REPRESENTATION_ITEM('')
SURFACE()
);
#15=(
BOUNDED_SURFACE()
B_SPLINE_SURFACE(3,2,((#13433,#13434,#13435),(#13436,#13437,#13438),(#13439,
#13440,#13441),(#13442,#13443,#13444),(#13445,#13446,#13447)),
 .UNSPECIFIED.,.F.,.F.,.F.)
B_SPLINE_SURFACE_WITH_KNOTS((4,1,4),(3,3),(1.57194340642116E-15,0.78539816339745,
1.5707963267949),(0.,1.),.UNSPECIFIED.)
GEOMETRIC_REPRESENTATION_ITEM()
RATIONAL_B_SPLINE_SURFACE(((1.,0.38268343236509,1.),(1.,0.38268344982822,
1.),(1.,0.487829893461155,1.),(1.,0.641656763249445,1.),(1.,0.707106781186548,
1.)))
REPRESENTATION_ITEM('')
SURFACE()
);
#16=(
BOUNDED_SURFACE()
B_SPLINE_SURFACE(3,2,((#14510,#14511,#14512),(#14513,#14514,#14515),(#14516,
#14517,#14518),(#14519,#14520,#14521)),.UNSPECIFIED.,.F.,.F.,.F.)
B_SPLINE_SURFACE_WITH_KNOTS((4,4),(3,3),(0.785398163397384,1.5707963267949),
(0.,1.),.PIECEWISE_BEZIER_KNOTS.)
GEOMETRIC_REPRESENTATION_ITEM()
RATIONAL_B_SPLINE_SURFACE(((1.,0.866025403784446,1.),(1.,0.828237829174606,
1.),(1.,0.772556798037059,1.),(1.,0.707106781186548,1.)))
REPRESENTATION_ITEM('')
SURFACE()
);
#17=(
BOUNDED_SURFACE()
B_SPLINE_SURFACE(3,2,((#14541,#14542,#14543),(#14544,#14545,#14546),(#14547,
#14548,#14549),(#14550,#14551,#14552),(#14553,#14554,#14555)),
 .UNSPECIFIED.,.F.,.F.,.F.)
B_SPLINE_SURFACE_WITH_KNOTS((4,1,4),(3,3),(3.14159265358979,3.92699081698724,
4.71238898038469),(0.,1.),.UNSPECIFIED.)
GEOMETRIC_REPRESENTATION_ITEM()
RATIONAL_B_SPLINE_SURFACE(((1.,0.38268343236509,1.),(1.,0.38268344982822,
1.),(1.,0.487829893461163,1.),(1.,0.641656763249453,1.),(1.,0.707106781186548,
1.)))
REPRESENTATION_ITEM('')
SURFACE()
);
#18=(
BOUNDED_SURFACE()
B_SPLINE_SURFACE(3,2,((#14563,#14564,#14565),(#14566,#14567,#14568),(#14569,
#14570,#14571),(#14572,#14573,#14574),(#14575,#14576,#14577)),
 .UNSPECIFIED.,.F.,.F.,.F.)
B_SPLINE_SURFACE_WITH_KNOTS((4,1,4),(3,3),(1.5707963267949,2.35619449019234,
3.14159265358979),(0.,1.),.UNSPECIFIED.)
GEOMETRIC_REPRESENTATION_ITEM()
RATIONAL_B_SPLINE_SURFACE(((1.,0.707106781186548,1.),(1.,0.641656763249445,
1.),(1.,0.487829893461155,1.),(1.,0.38268344982822,1.),(1.,0.38268343236509,
1.)))
REPRESENTATION_ITEM('')
SURFACE()
);
#19=(
BOUNDED_SURFACE()
B_SPLINE_SURFACE(3,2,((#14579,#14580,#14581),(#14582,#14583,#14584),(#14585,
#14586,#14587),(#14588,#14589,#14590),(#14591,#14592,#14593)),
 .UNSPECIFIED.,.F.,.F.,.F.)
B_SPLINE_SURFACE_WITH_KNOTS((4,1,4),(3,3),(4.71238898038469,5.49778714378214,
6.28318530717959),(0.,1.),.UNSPECIFIED.)
GEOMETRIC_REPRESENTATION_ITEM()
RATIONAL_B_SPLINE_SURFACE(((1.,0.707106781186548,1.),(1.,0.641656763249453,
1.),(1.,0.487829893461163,1.),(1.,0.38268344982822,1.),(1.,0.38268343236509,
1.)))
REPRESENTATION_ITEM('')
SURFACE()
);
#20=(
BOUNDED_SURFACE()
B_SPLINE_SURFACE(3,2,((#14601,#14602,#14603),(#14604,#14605,#14606),(#14607,
#14608,#14609),(#14610,#14611,#14612),(#14613,#14614,#14615)),
 .UNSPECIFIED.,.F.,.F.,.F.)
B_SPLINE_SURFACE_WITH_KNOTS((4,1,4),(3,3),(1.57194340642116E-15,0.78539816339745,
1.5707963267949),(0.,1.),.UNSPECIFIED.)
GEOMETRIC_REPRESENTATION_ITEM()
RATIONAL_B_SPLINE_SURFACE(((1.,0.38268343236509,1.),(1.,0.38268344982822,
1.),(1.,0.487829893461155,1.),(1.,0.641656763249445,1.),(1.,0.707106781186548,
1.)))
REPRESENTATION_ITEM('')
SURFACE()
);
#21=(
BOUNDED_SURFACE()
B_SPLINE_SURFACE(3,2,((#15111,#15112,#15113),(#15114,#15115,#15116),(#15117,
#15118,#15119),(#15120,#15121,#15122),(#15123,#15124,#15125)),
 .UNSPECIFIED.,.F.,.F.,.F.)
B_SPLINE_SURFACE_WITH_KNOTS((4,1,4),(3,3),(3.14159265358979,3.92699081698724,
4.71238898038469),(0.,1.),.UNSPECIFIED.)
GEOMETRIC_REPRESENTATION_ITEM()
RATIONAL_B_SPLINE_SURFACE(((1.,0.38268343236509,1.),(1.,0.38268344982822,
1.),(1.,0.487829893461163,1.),(1.,0.641656763249453,1.),(1.,0.707106781186548,
1.)))
REPRESENTATION_ITEM('')
SURFACE()
);
#22=(
BOUNDED_SURFACE()
B_SPLINE_SURFACE(3,2,((#15133,#15134,#15135),(#15136,#15137,#15138),(#15139,
#15140,#15141),(#15142,#15143,#15144),(#15145,#15146,#15147)),
 .UNSPECIFIED.,.F.,.F.,.F.)
B_SPLINE_SURFACE_WITH_KNOTS((4,1,4),(3,3),(1.5707963267949,2.35619449019234,
3.14159265358979),(0.,1.),.UNSPECIFIED.)
GEOMETRIC_REPRESENTATION_ITEM()
RATIONAL_B_SPLINE_SURFACE(((1.,0.707106781186548,1.),(1.,0.641656763249445,
1.),(1.,0.487829893461155,1.),(1.,0.38268344982822,1.),(1.,0.38268343236509,
1.)))
REPRESENTATION_ITEM('')
SURFACE()
);
#23=(
BOUNDED_SURFACE()
B_SPLINE_SURFACE(3,2,((#15149,#15150,#15151),(#15152,#15153,#15154),(#15155,
#15156,#15157),(#15158,#15159,#15160),(#15161,#15162,#15163)),
 .UNSPECIFIED.,.F.,.F.,.F.)
B_SPLINE_SURFACE_WITH_KNOTS((4,1,4),(3,3),(4.71238898038469,5.49778714378214,
6.28318530717959),(0.,1.),.UNSPECIFIED.)
GEOMETRIC_REPRESENTATION_ITEM()
RATIONAL_B_SPLINE_SURFACE(((1.,0.707106781186548,1.),(1.,0.641656763249453,
1.),(1.,0.487829893461163,1.),(1.,0.38268344982822,1.),(1.,0.38268343236509,
1.)))
REPRESENTATION_ITEM('')
SURFACE()
);
#24=(
BOUNDED_SURFACE()
B_SPLINE_SURFACE(3,2,((#15171,#15172,#15173),(#15174,#15175,#15176),(#15177,
#15178,#15179),(#15180,#15181,#15182),(#15183,#15184,#15185)),
 .UNSPECIFIED.,.F.,.F.,.F.)
B_SPLINE_SURFACE_WITH_KNOTS((4,1,4),(3,3),(1.57194340642116E-15,0.78539816339745,
1.5707963267949),(0.,1.),.UNSPECIFIED.)
GEOMETRIC_REPRESENTATION_ITEM()
RATIONAL_B_SPLINE_SURFACE(((1.,0.38268343236509,1.),(1.,0.38268344982822,
1.),(1.,0.487829893461155,1.),(1.,0.641656763249445,1.),(1.,0.707106781186548,
1.)))
REPRESENTATION_ITEM('')
SURFACE()
);
#25=(
BOUNDED_SURFACE()
B_SPLINE_SURFACE(3,3,((#15669,#15670,#15671,#15672),(#15673,#15674,#15675,
#15676),(#15677,#15678,#15679,#15680),(#15681,#15682,#15683,#15684)),
 .SURF_OF_REVOLUTION.,.F.,.F.,.F.)
B_SPLINE_SURFACE_WITH_KNOTS((4,4),(4,4),(9.08284748439661E-5,0.000302405796665979),
(0.,1.),.PIECEWISE_BEZIER_KNOTS.)
GEOMETRIC_REPRESENTATION_ITEM()
RATIONAL_B_SPLINE_SURFACE(((1.,0.785709483019666,0.785709483019666,1.),
(1.,0.785709483019666,0.785709483019666,1.),(1.,0.785709483019666,0.785709483019666,
1.),(1.,0.785709483019666,0.785709483019666,1.)))
REPRESENTATION_ITEM('')
SURFACE()
);
#26=(
BOUNDED_SURFACE()
B_SPLINE_SURFACE(3,2,((#15693,#15694,#15695),(#15696,#15697,#15698),(#15699,
#15700,#15701),(#15702,#15703,#15704),(#15705,#15706,#15707)),
 .UNSPECIFIED.,.F.,.F.,.F.)
B_SPLINE_SURFACE_WITH_KNOTS((4,1,4),(3,3),(3.14159265358979,3.92699081698724,
4.71238898038469),(0.,1.),.UNSPECIFIED.)
GEOMETRIC_REPRESENTATION_ITEM()
RATIONAL_B_SPLINE_SURFACE(((1.,0.38268343236509,1.),(1.,0.38268344982822,
1.),(1.,0.487829893461163,1.),(1.,0.641656763249453,1.),(1.,0.707106781186548,
1.)))
REPRESENTATION_ITEM('')
SURFACE()
);
#27=(
BOUNDED_SURFACE()
B_SPLINE_SURFACE(3,2,((#15715,#15716,#15717),(#15718,#15719,#15720),(#15721,
#15722,#15723),(#15724,#15725,#15726),(#15727,#15728,#15729)),
 .UNSPECIFIED.,.F.,.F.,.F.)
B_SPLINE_SURFACE_WITH_KNOTS((4,1,4),(3,3),(1.5707963267949,2.35619449019234,
3.14159265358979),(0.,1.),.UNSPECIFIED.)
GEOMETRIC_REPRESENTATION_ITEM()
RATIONAL_B_SPLINE_SURFACE(((1.,0.707106781186548,1.),(1.,0.641656763249445,
1.),(1.,0.487829893461155,1.),(1.,0.38268344982822,1.),(1.,0.38268343236509,
1.)))
REPRESENTATION_ITEM('')
SURFACE()
);
#28=(
BOUNDED_SURFACE()
B_SPLINE_SURFACE(3,2,((#15731,#15732,#15733),(#15734,#15735,#15736),(#15737,
#15738,#15739),(#15740,#15741,#15742),(#15743,#15744,#15745)),
 .UNSPECIFIED.,.F.,.F.,.F.)
B_SPLINE_SURFACE_WITH_KNOTS((4,1,4),(3,3),(4.71238898038469,5.49778714378214,
6.28318530717959),(0.,1.),.UNSPECIFIED.)
GEOMETRIC_REPRESENTATION_ITEM()
RATIONAL_B_SPLINE_SURFACE(((1.,0.707106781186548,1.),(1.,0.641656763249453,
1.),(1.,0.487829893461163,1.),(1.,0.38268344982822,1.),(1.,0.38268343236509,
1.)))
REPRESENTATION_ITEM('')
SURFACE()
);
#29=(
BOUNDED_SURFACE()
B_SPLINE_SURFACE(3,2,((#15753,#15754,#15755),(#15756,#15757,#15758),(#15759,
#15760,#15761),(#15762,#15763,#15764),(#15765,#15766,#15767)),
 .UNSPECIFIED.,.F.,.F.,.F.)
B_SPLINE_SURFACE_WITH_KNOTS((4,1,4),(3,3),(1.57194340642116E-15,0.78539816339745,
1.5707963267949),(0.,1.),.UNSPECIFIED.)
GEOMETRIC_REPRESENTATION_ITEM()
RATIONAL_B_SPLINE_SURFACE(((1.,0.38268343236509,1.),(1.,0.38268344982822,
1.),(1.,0.487829893461155,1.),(1.,0.641656763249445,1.),(1.,0.707106781186548,
1.)))
REPRESENTATION_ITEM('')
SURFACE()
);
#30=TOROIDAL_SURFACE('',#9212,0.00035217608419461,0.000256545177357525);
#31=TOROIDAL_SURFACE('',#9213,0.000357186988409575,9.99936330408331E-5);
#32=TOROIDAL_SURFACE('',#9216,0.000300000000000005,0.0001);
#33=TOROIDAL_SURFACE('',#9219,0.000357186988406571,9.99936330411479E-5);
#34=TOROIDAL_SURFACE('',#9220,0.000352176084291557,0.000256545176226309);
#35=TOROIDAL_SURFACE('',#9225,0.0009,0.0001);
#36=TOROIDAL_SURFACE('',#9237,0.0009,0.0001);
#37=TOROIDAL_SURFACE('',#9244,0.0002,0.0001);
#38=TOROIDAL_SURFACE('',#9246,0.0002,0.0001);
#39=TOROIDAL_SURFACE('',#9252,0.000300000000000005,0.0001);
#40=TOROIDAL_SURFACE('',#9254,0.0002,0.0001);
#41=TOROIDAL_SURFACE('',#9260,0.0002,0.0001);
#42=TOROIDAL_SURFACE('',#9264,0.0005,0.0005);
#43=TOROIDAL_SURFACE('',#9600,0.000352176084201155,0.000256545177279829);
#44=TOROIDAL_SURFACE('',#9604,0.000300000000000005,0.0001);
#45=TOROIDAL_SURFACE('',#9607,0.000755521167876998,0.000662770099697997);
#46=TOROIDAL_SURFACE('',#9613,0.0009,0.0001);
#47=TOROIDAL_SURFACE('',#9625,0.0009,0.0001);
#48=TOROIDAL_SURFACE('',#9632,0.0002,0.0001);
#49=TOROIDAL_SURFACE('',#9634,0.0002,0.0001);
#50=TOROIDAL_SURFACE('',#9640,0.000300000000000005,0.0001);
#51=TOROIDAL_SURFACE('',#9642,0.0002,0.0001);
#52=TOROIDAL_SURFACE('',#9648,0.0002,0.0001);
#53=TOROIDAL_SURFACE('',#9652,0.0005,0.0005);
#54=TOROIDAL_SURFACE('',#9790,0.000352176084201266,0.00025654517727955);
#55=TOROIDAL_SURFACE('',#9791,0.00035718698838831,9.9993633041155E-5);
#56=TOROIDAL_SURFACE('',#9794,0.000300000000000005,0.0001);
#57=TOROIDAL_SURFACE('',#9797,0.000755521167272183,0.000662770100545351);
#58=TOROIDAL_SURFACE('',#9798,0.000352176084194567,0.000256545177357493);
#59=TOROIDAL_SURFACE('',#9803,0.0009,0.0001);
#60=TOROIDAL_SURFACE('',#9815,0.0009,0.0001);
#61=TOROIDAL_SURFACE('',#9822,0.0002,0.0001);
#62=TOROIDAL_SURFACE('',#9824,0.0002,0.0001);
#63=TOROIDAL_SURFACE('',#9830,0.000300000000000005,0.0001);
#64=TOROIDAL_SURFACE('',#9832,0.0002,0.0001);
#65=TOROIDAL_SURFACE('',#9838,0.0002,0.0001);
#66=TOROIDAL_SURFACE('',#9842,0.0005,0.0005);
#67=TOROIDAL_SURFACE('',#9980,0.000352176084248326,0.00025654517641539);
#68=TOROIDAL_SURFACE('',#9981,0.000755521167272404,0.000662770100545565);
#69=TOROIDAL_SURFACE('',#9984,0.000300000000000005,0.0001);
#70=TOROIDAL_SURFACE('',#9992,0.0009,0.0001);
#71=TOROIDAL_SURFACE('',#10004,0.0009,0.0001);
#72=TOROIDAL_SURFACE('',#10011,0.0002,0.0001);
#73=TOROIDAL_SURFACE('',#10013,0.0002,0.0001);
#74=TOROIDAL_SURFACE('',#10019,0.000300000000000005,0.0001);
#75=TOROIDAL_SURFACE('',#10021,0.0002,0.0001);
#76=TOROIDAL_SURFACE('',#10027,0.0002,0.0001);
#77=TOROIDAL_SURFACE('',#10031,0.0005,0.0005);
#78=SPHERICAL_SURFACE('',#9199,0.0001);
#79=SPHERICAL_SURFACE('',#9201,0.0001);
#80=SPHERICAL_SURFACE('',#9296,0.0011);
#81=SPHERICAL_SURFACE('',#9298,0.0011);
#82=SPHERICAL_SURFACE('',#9304,0.0005);
#83=SPHERICAL_SURFACE('',#9310,0.0005);
#84=SPHERICAL_SURFACE('',#9586,0.0001);
#85=SPHERICAL_SURFACE('',#9588,0.0001);
#86=SPHERICAL_SURFACE('',#9684,0.0011);
#87=SPHERICAL_SURFACE('',#9686,0.0011);
#88=SPHERICAL_SURFACE('',#9692,0.0005);
#89=SPHERICAL_SURFACE('',#9696,0.0005);
#90=SPHERICAL_SURFACE('',#9777,0.0001);
#91=SPHERICAL_SURFACE('',#9779,0.0001);
#92=SPHERICAL_SURFACE('',#9874,0.0011);
#93=SPHERICAL_SURFACE('',#9876,0.0011);
#94=SPHERICAL_SURFACE('',#9880,0.0005);
#95=SPHERICAL_SURFACE('',#9886,0.0005);
#96=SPHERICAL_SURFACE('',#9967,0.0001);
#97=SPHERICAL_SURFACE('',#9969,0.0001);
#98=SPHERICAL_SURFACE('',#10063,0.0011);
#99=SPHERICAL_SURFACE('',#10065,0.0011);
#100=SPHERICAL_SURFACE('',#10071,0.0005);
#101=SPHERICAL_SURFACE('',#10075,0.0005);
#102=B_SPLINE_CURVE_WITH_KNOTS('',3,(#13141,#13142,#13143,#13144),
 .UNSPECIFIED.,.F.,.F.,(4,4),(0.,1.),.UNSPECIFIED.);
#103=B_SPLINE_CURVE_WITH_KNOTS('',3,(#13160,#13161,#13162,#13163),
 .UNSPECIFIED.,.F.,.F.,(4,4),(0.,1.),.UNSPECIFIED.);
#104=B_SPLINE_CURVE_WITH_KNOTS('',3,(#13313,#13314,#13315,#13316),
 .UNSPECIFIED.,.F.,.F.,(4,4),(0.,1.),.UNSPECIFIED.);
#105=B_SPLINE_CURVE_WITH_KNOTS('',3,(#13318,#13319,#13320,#13321),
 .UNSPECIFIED.,.F.,.F.,(4,4),(0.,0.999904979413467),.UNSPECIFIED.);
#106=B_SPLINE_CURVE_WITH_KNOTS('',3,(#13323,#13324,#13325,#13326),
 .UNSPECIFIED.,.F.,.F.,(4,4),(0.,1.),.UNSPECIFIED.);
#107=B_SPLINE_CURVE_WITH_KNOTS('',3,(#13330,#13331,#13332,#13333),
 .UNSPECIFIED.,.F.,.F.,(4,4),(0.,1.),.UNSPECIFIED.);
#108=B_SPLINE_CURVE_WITH_KNOTS('',3,(#13335,#13336,#13337,#13338),
 .UNSPECIFIED.,.F.,.F.,(4,4),(0.,1.),.UNSPECIFIED.);
#109=B_SPLINE_CURVE_WITH_KNOTS('',3,(#13340,#13341,#13342,#13343),
 .UNSPECIFIED.,.F.,.F.,(4,4),(9.50196886088487E-5,1.),.UNSPECIFIED.);
#110=B_SPLINE_CURVE_WITH_KNOTS('',3,(#13346,#13347,#13348,#13349),
 .UNSPECIFIED.,.F.,.F.,(4,4),(0.,1.),.UNSPECIFIED.);
#111=B_SPLINE_CURVE_WITH_KNOTS('',3,(#13351,#13352,#13353,#13354),
 .UNSPECIFIED.,.F.,.F.,(4,4),(0.,1.),.UNSPECIFIED.);
#112=B_SPLINE_CURVE_WITH_KNOTS('',3,(#13360,#13361,#13362,#13363),
 .UNSPECIFIED.,.F.,.F.,(4,4),(0.,1.),.UNSPECIFIED.);
#113=B_SPLINE_CURVE_WITH_KNOTS('',3,(#13365,#13366,#13367,#13368),
 .UNSPECIFIED.,.F.,.F.,(4,4),(0.,1.),.UNSPECIFIED.);
#114=B_SPLINE_CURVE_WITH_KNOTS('',3,(#14316,#14317,#14318,#14319),
 .UNSPECIFIED.,.F.,.F.,(4,4),(0.,0.998637265142447),.UNSPECIFIED.);
#115=B_SPLINE_CURVE_WITH_KNOTS('',3,(#14475,#14476,#14477,#14478),
 .UNSPECIFIED.,.F.,.F.,(4,4),(0.000178268438924538,1.),.UNSPECIFIED.);
#116=B_SPLINE_CURVE_WITH_KNOTS('',3,(#14481,#14482,#14483,#14484),
 .UNSPECIFIED.,.F.,.F.,(4,4),(0.00194456784571014,1.),.UNSPECIFIED.);
#117=B_SPLINE_CURVE_WITH_KNOTS('',3,(#14487,#14488,#14489,#14490),
 .UNSPECIFIED.,.F.,.F.,(4,4),(0.,0.999754674668749),.UNSPECIFIED.);
#118=B_SPLINE_CURVE_WITH_KNOTS('',3,(#14492,#14493,#14494,#14495),
 .UNSPECIFIED.,.F.,.F.,(4,4),(0.,1.),.UNSPECIFIED.);
#119=B_SPLINE_CURVE_WITH_KNOTS('',3,(#14501,#14502,#14503,#14504),
 .UNSPECIFIED.,.F.,.F.,(4,4),(0.,1.),.UNSPECIFIED.);
#120=B_SPLINE_CURVE_WITH_KNOTS('',3,(#14506,#14507,#14508,#14509),
 .UNSPECIFIED.,.F.,.F.,(4,4),(0.,1.),.UNSPECIFIED.);
#121=B_SPLINE_CURVE_WITH_KNOTS('',3,(#14528,#14529,#14530,#14531),
 .UNSPECIFIED.,.F.,.F.,(4,4),(0.,1.),.UNSPECIFIED.);
#122=B_SPLINE_CURVE_WITH_KNOTS('',3,(#14533,#14534,#14535,#14536),
 .UNSPECIFIED.,.F.,.F.,(4,4),(0.,1.),.UNSPECIFIED.);
#123=B_SPLINE_CURVE_WITH_KNOTS('',3,(#14890,#14891,#14892,#14893),
 .UNSPECIFIED.,.F.,.F.,(4,4),(0.00136273481182669,1.),.UNSPECIFIED.);
#124=B_SPLINE_CURVE_WITH_KNOTS('',3,(#14909,#14910,#14911,#14912),
 .UNSPECIFIED.,.F.,.F.,(4,4),(0.,1.),.UNSPECIFIED.);
#125=B_SPLINE_CURVE_WITH_KNOTS('',3,(#15051,#15052,#15053,#15054),
 .UNSPECIFIED.,.F.,.F.,(4,4),(0.,1.),.UNSPECIFIED.);
#126=B_SPLINE_CURVE_WITH_KNOTS('',3,(#15056,#15057,#15058,#15059),
 .UNSPECIFIED.,.F.,.F.,(4,4),(0.,0.998055432182001),.UNSPECIFIED.);
#127=B_SPLINE_CURVE_WITH_KNOTS('',3,(#15061,#15062,#15063,#15064),
 .UNSPECIFIED.,.F.,.F.,(4,4),(0.,1.),.UNSPECIFIED.);
#128=B_SPLINE_CURVE_WITH_KNOTS('',3,(#15068,#15069,#15070,#15071),
 .UNSPECIFIED.,.F.,.F.,(4,4),(0.,1.),.UNSPECIFIED.);
#129=B_SPLINE_CURVE_WITH_KNOTS('',3,(#15073,#15074,#15075,#15076),
 .UNSPECIFIED.,.F.,.F.,(4,4),(0.,1.),.UNSPECIFIED.);
#130=B_SPLINE_CURVE_WITH_KNOTS('',3,(#15078,#15079,#15080,#15081),
 .UNSPECIFIED.,.F.,.F.,(4,4),(9.501968847905E-5,1.),.UNSPECIFIED.);
#131=B_SPLINE_CURVE_WITH_KNOTS('',3,(#15084,#15085,#15086,#15087),
 .UNSPECIFIED.,.F.,.F.,(4,4),(0.,1.),.UNSPECIFIED.);
#132=B_SPLINE_CURVE_WITH_KNOTS('',3,(#15089,#15090,#15091,#15092),
 .UNSPECIFIED.,.F.,.F.,(4,4),(0.,1.),.UNSPECIFIED.);
#133=B_SPLINE_CURVE_WITH_KNOTS('',3,(#15098,#15099,#15100,#15101),
 .UNSPECIFIED.,.F.,.F.,(4,4),(0.,1.),.UNSPECIFIED.);
#134=B_SPLINE_CURVE_WITH_KNOTS('',3,(#15103,#15104,#15105,#15106),
 .UNSPECIFIED.,.F.,.F.,(4,4),(0.,0.999428852133385),.UNSPECIFIED.);
#135=B_SPLINE_CURVE_WITH_KNOTS('',3,(#15458,#15459,#15460,#15461),
 .UNSPECIFIED.,.F.,.F.,(4,4),(0.,0.99718905738708),.UNSPECIFIED.);
#136=B_SPLINE_CURVE_WITH_KNOTS('',3,(#15476,#15477,#15478,#15479),
 .UNSPECIFIED.,.F.,.F.,(4,4),(0.0013627348118268,1.),.UNSPECIFIED.);
#137=B_SPLINE_CURVE_WITH_KNOTS('',3,(#15617,#15618,#15619,#15620),
 .UNSPECIFIED.,.F.,.F.,(4,4),(0.000487778558125747,1.),.UNSPECIFIED.);
#138=B_SPLINE_CURVE_WITH_KNOTS('',3,(#15623,#15624,#15625,#15626),
 .UNSPECIFIED.,.F.,.F.,(4,4),(0.,1.),.UNSPECIFIED.);
#139=B_SPLINE_CURVE_WITH_KNOTS('',3,(#15629,#15630,#15631,#15632),
 .UNSPECIFIED.,.F.,.F.,(4,4),(0.,0.998121416075235),.UNSPECIFIED.);
#140=B_SPLINE_CURVE_WITH_KNOTS('',3,(#15634,#15635,#15636,#15637),
 .UNSPECIFIED.,.F.,.F.,(4,4),(0.,1.),.UNSPECIFIED.);
#141=B_SPLINE_CURVE_WITH_KNOTS('',3,(#15641,#15642,#15643,#15644),
 .UNSPECIFIED.,.F.,.F.,(4,4),(0.,0.998055432197562),.UNSPECIFIED.);
#142=B_SPLINE_CURVE_WITH_KNOTS('',3,(#15646,#15647,#15648,#15649),
 .UNSPECIFIED.,.F.,.F.,(4,4),(0.,1.),.UNSPECIFIED.);
#143=B_SPLINE_CURVE_WITH_KNOTS('',3,(#15651,#15652,#15653,#15654),
 .UNSPECIFIED.,.F.,.F.,(4,4),(0.,1.),.UNSPECIFIED.);
#144=B_SPLINE_CURVE_WITH_KNOTS('',3,(#15656,#15657,#15658,#15659),
 .UNSPECIFIED.,.F.,.F.,(4,4),(0.,1.),.UNSPECIFIED.);
#145=B_SPLINE_CURVE_WITH_KNOTS('',3,(#15665,#15666,#15667,#15668),
 .UNSPECIFIED.,.F.,.F.,(4,4),(0.,1.),.UNSPECIFIED.);
#146=B_SPLINE_CURVE_WITH_KNOTS('',3,(#15685,#15686,#15687,#15688),
 .UNSPECIFIED.,.F.,.F.,(4,4),(0.,1.),.UNSPECIFIED.);
#147=ELLIPSE('',#9109,0.000707106781186548,0.0005);
#148=ELLIPSE('',#9110,0.000707106781186548,0.0005);
#149=ELLIPSE('',#9116,0.000707106781186548,0.0005);
#150=ELLIPSE('',#9117,0.000707106781186548,0.0005);
#151=ELLIPSE('',#9123,0.000707106781186548,0.0005);
#152=ELLIPSE('',#9124,0.000707106781186548,0.0005);
#153=ELLIPSE('',#9138,0.000282842712474619,0.0002);
#154=ELLIPSE('',#9139,0.000282842712474619,0.0002);
#155=ELLIPSE('',#9142,0.000282842712474619,0.0002);
#156=ELLIPSE('',#9143,0.000282842712474619,0.0002);
#157=ELLIPSE('',#9147,0.000282842712474619,0.0002);
#158=ELLIPSE('',#9148,0.000282842712474619,0.0002);
#159=ELLIPSE('',#9151,0.000282842712474619,0.0002);
#160=ELLIPSE('',#9152,0.000282842712474619,0.0002);
#161=ELLIPSE('',#9167,0.00141421356237309,0.001);
#162=ELLIPSE('',#9168,0.00141421356237309,0.001);
#163=ELLIPSE('',#9191,0.000223606797749981,0.0001);
#164=ELLIPSE('',#9194,0.000223606797749977,0.0001);
#165=ELLIPSE('',#9207,0.000223606797749981,0.0001);
#166=ELLIPSE('',#9211,0.000223606797749977,0.0001);
#167=ELLIPSE('',#9273,0.0015556349186104,0.0011);
#168=ELLIPSE('',#9275,0.0015556349186104,0.0011);
#169=ELLIPSE('',#9330,0.000282842712474619,0.0002);
#170=ELLIPSE('',#9331,0.000282842712474619,0.0002);
#171=ELLIPSE('',#9334,0.000282842712474619,0.0002);
#172=ELLIPSE('',#9335,0.000282842712474619,0.0002);
#173=ELLIPSE('',#9339,0.000282842712474619,0.0002);
#174=ELLIPSE('',#9340,0.000282842712474619,0.0002);
#175=ELLIPSE('',#9343,0.000282842712474619,0.0002);
#176=ELLIPSE('',#9344,0.000282842712474619,0.0002);
#177=ELLIPSE('',#9483,0.000707106781186548,0.0005);
#178=ELLIPSE('',#9484,0.000707106781186548,0.0005);
#179=ELLIPSE('',#9488,0.000707106781186548,0.0005);
#180=ELLIPSE('',#9489,0.000707106781186548,0.0005);
#181=ELLIPSE('',#9491,0.000707106781186548,0.0005);
#182=ELLIPSE('',#9492,0.000707106781186548,0.0005);
#183=ELLIPSE('',#9494,0.000707106781186548,0.0005);
#184=ELLIPSE('',#9495,0.000707106781186548,0.0005);
#185=ELLIPSE('',#9499,0.000707106781186548,0.0005);
#186=ELLIPSE('',#9500,0.000707106781186548,0.0005);
#187=ELLIPSE('',#9502,0.000707106781186548,0.0005);
#188=ELLIPSE('',#9503,0.000707106781186548,0.0005);
#189=ELLIPSE('',#9505,0.000707106781186548,0.0005);
#190=ELLIPSE('',#9506,0.000707106781186548,0.0005);
#191=ELLIPSE('',#9510,0.000707106781186548,0.0005);
#192=ELLIPSE('',#9511,0.000707106781186548,0.0005);
#193=ELLIPSE('',#9513,0.000707106781186548,0.0005);
#194=ELLIPSE('',#9514,0.000707106781186548,0.0005);
#195=ELLIPSE('',#9549,0.00028284271247462,0.0002);
#196=ELLIPSE('',#9553,0.00141421356237309,0.001);
#197=ELLIPSE('',#9554,0.00141421356237309,0.001);
#198=ELLIPSE('',#9579,0.000223606797749981,0.0001);
#199=ELLIPSE('',#9582,0.000223606797749977,0.0001);
#200=ELLIPSE('',#9594,0.000223606797749981,0.0001);
#201=ELLIPSE('',#9598,0.000223606797749977,0.0001);
#202=ELLIPSE('',#9599,0.000223606797749978,0.0001);
#203=ELLIPSE('',#9661,0.0015556349186104,0.0011);
#204=ELLIPSE('',#9663,0.0015556349186104,0.0011);
#205=ELLIPSE('',#9750,0.00141421356237309,0.001);
#206=ELLIPSE('',#9752,0.00141421356237309,0.001);
#207=ELLIPSE('',#9769,0.000223606797749981,0.0001);
#208=ELLIPSE('',#9772,0.000223606797749977,0.0001);
#209=ELLIPSE('',#9785,0.000223606797749981,0.0001);
#210=ELLIPSE('',#9789,0.000223606797749977,0.0001);
#211=ELLIPSE('',#9851,0.0015556349186104,0.0011);
#212=ELLIPSE('',#9853,0.0015556349186104,0.0011);
#213=ELLIPSE('',#9934,0.00141421356237309,0.001);
#214=ELLIPSE('',#9935,0.00141421356237309,0.001);
#215=ELLIPSE('',#9960,0.000223606797749981,0.0001);
#216=ELLIPSE('',#9963,0.000223606797749977,0.0001);
#217=ELLIPSE('',#9975,0.000223606797749981,0.0001);
#218=ELLIPSE('',#9979,0.000223606797749977,0.0001);
#219=ELLIPSE('',#10040,0.0015556349186104,0.0011);
#220=ELLIPSE('',#10042,0.0015556349186104,0.0011);
#221=CIRCLE('',#9108,0.0005);
#222=CIRCLE('',#9112,0.0005);
#223=CIRCLE('',#9113,0.0005);
#224=CIRCLE('',#9115,0.0005);
#225=CIRCLE('',#9119,0.0005);
#226=CIRCLE('',#9120,0.0005);
#227=CIRCLE('',#9122,0.0005);
#228=CIRCLE('',#9126,0.0011);
#229=CIRCLE('',#9127,0.0005);
#230=CIRCLE('',#9128,0.0002);
#231=CIRCLE('',#9129,0.0002);
#232=CIRCLE('',#9130,0.0002);
#233=CIRCLE('',#9131,0.0002);
#234=CIRCLE('',#9132,0.000300000000000005);
#235=CIRCLE('',#9133,0.0011);
#236=CIRCLE('',#9136,0.0011);
#237=CIRCLE('',#9140,0.02);
#238=CIRCLE('',#9141,0.02);
#239=CIRCLE('',#9144,0.02);
#240=CIRCLE('',#9145,0.02);
#241=CIRCLE('',#9149,0.02);
#242=CIRCLE('',#9150,0.02);
#243=CIRCLE('',#9153,0.02);
#244=CIRCLE('',#9154,0.02);
#245=CIRCLE('',#9156,0.001);
#246=CIRCLE('',#9157,0.001);
#247=CIRCLE('',#9160,0.000200000000000006);
#248=CIRCLE('',#9161,0.000200000000000006);
#249=CIRCLE('',#9166,0.001);
#250=CIRCLE('',#9174,0.0005);
#251=CIRCLE('',#9176,0.0005);
#252=CIRCLE('',#9178,0.0005);
#253=CIRCLE('',#9183,0.0009);
#254=CIRCLE('',#9185,0.000300000000000005);
#255=CIRCLE('',#9186,0.0009);
#256=CIRCLE('',#9188,0.0001);
#257=CIRCLE('',#9189,0.0001);
#258=CIRCLE('',#9192,0.0001);
#259=CIRCLE('',#9195,0.0001);
#260=CIRCLE('',#9197,0.0001);
#261=CIRCLE('',#9198,0.0001);
#262=CIRCLE('',#9200,0.0001);
#263=CIRCLE('',#9202,0.0001);
#264=CIRCLE('',#9205,0.0001);
#265=CIRCLE('',#9209,0.0001);
#266=CIRCLE('',#9215,0.0001);
#267=CIRCLE('',#9217,0.0001);
#268=CIRCLE('',#9222,0.0001);
#269=CIRCLE('',#9223,0.0001);
#270=CIRCLE('',#9224,0.0001);
#271=CIRCLE('',#9226,0.0001);
#272=CIRCLE('',#9228,0.0001);
#273=CIRCLE('',#9230,0.0001);
#274=CIRCLE('',#9231,0.0001);
#275=CIRCLE('',#9232,0.0001);
#276=CIRCLE('',#9234,0.0001);
#277=CIRCLE('',#9236,0.0001);
#278=CIRCLE('',#9238,0.0001);
#279=CIRCLE('',#9239,0.0001);
#280=CIRCLE('',#9242,0.0001);
#281=CIRCLE('',#9243,0.0001);
#282=CIRCLE('',#9245,0.0001);
#283=CIRCLE('',#9247,0.0001);
#284=CIRCLE('',#9249,0.0001);
#285=CIRCLE('',#9251,0.0001);
#286=CIRCLE('',#9253,0.0001);
#287=CIRCLE('',#9255,0.0001);
#288=CIRCLE('',#9257,0.0001);
#289=CIRCLE('',#9259,0.0001);
#290=CIRCLE('',#9262,0.0005);
#291=CIRCLE('',#9263,0.0005);
#292=CIRCLE('',#9265,0.0005);
#293=CIRCLE('',#9267,0.0005);
#294=CIRCLE('',#9269,0.0011);
#295=CIRCLE('',#9271,0.0011);
#296=CIRCLE('',#9289,0.0011);
#297=CIRCLE('',#9291,0.0011);
#298=CIRCLE('',#9293,0.0011);
#299=CIRCLE('',#9295,0.0011);
#300=CIRCLE('',#9297,0.0011);
#301=CIRCLE('',#9299,0.0011);
#302=CIRCLE('',#9302,0.0005);
#303=CIRCLE('',#9303,0.0005);
#304=CIRCLE('',#9305,0.0005);
#305=CIRCLE('',#9308,0.0005);
#306=CIRCLE('',#9309,0.0005);
#307=CIRCLE('',#9311,0.0005);
#308=CIRCLE('',#9314,0.0005);
#309=CIRCLE('',#9316,0.02);
#310=CIRCLE('',#9317,0.02);
#311=CIRCLE('',#9318,0.02);
#312=CIRCLE('',#9319,0.02);
#313=CIRCLE('',#9321,0.02);
#314=CIRCLE('',#9322,0.02);
#315=CIRCLE('',#9323,0.02);
#316=CIRCLE('',#9324,0.02);
#317=CIRCLE('',#9332,0.02);
#318=CIRCLE('',#9333,0.02);
#319=CIRCLE('',#9336,0.02);
#320=CIRCLE('',#9337,0.02);
#321=CIRCLE('',#9341,0.02);
#322=CIRCLE('',#9342,0.02);
#323=CIRCLE('',#9345,0.02);
#324=CIRCLE('',#9346,0.02);
#325=CIRCLE('',#9348,0.0005);
#326=CIRCLE('',#9349,0.0005);
#327=CIRCLE('',#9350,0.0005);
#328=CIRCLE('',#9351,0.0005);
#329=CIRCLE('',#9352,0.0005);
#330=CIRCLE('',#9353,0.0005);
#331=CIRCLE('',#9354,0.0005);
#332=CIRCLE('',#9355,0.0005);
#333=CIRCLE('',#9356,0.0005);
#334=CIRCLE('',#9357,0.016);
#335=CIRCLE('',#9358,0.003);
#336=CIRCLE('',#9359,0.003);
#337=CIRCLE('',#9360,0.003);
#338=CIRCLE('',#9361,0.033);
#339=CIRCLE('',#9362,0.003);
#340=CIRCLE('',#9363,0.003);
#341=CIRCLE('',#9364,0.003);
#342=CIRCLE('',#9365,0.016);
#343=CIRCLE('',#9366,0.003);
#344=CIRCLE('',#9367,0.003);
#345=CIRCLE('',#9368,0.003);
#346=CIRCLE('',#9369,0.033);
#347=CIRCLE('',#9370,0.003);
#348=CIRCLE('',#9371,0.003);
#349=CIRCLE('',#9372,0.003);
#350=CIRCLE('',#9373,0.016);
#351=CIRCLE('',#9374,0.003);
#352=CIRCLE('',#9375,0.003);
#353=CIRCLE('',#9376,0.003);
#354=CIRCLE('',#9377,0.033);
#355=CIRCLE('',#9378,0.003);
#356=CIRCLE('',#9379,0.003);
#357=CIRCLE('',#9380,0.003);
#358=CIRCLE('',#9381,0.016);
#359=CIRCLE('',#9382,0.003);
#360=CIRCLE('',#9383,0.003);
#361=CIRCLE('',#9384,0.003);
#362=CIRCLE('',#9385,0.033);
#363=CIRCLE('',#9386,0.003);
#364=CIRCLE('',#9387,0.003);
#365=CIRCLE('',#9388,0.003);
#366=CIRCLE('',#9389,0.025);
#367=CIRCLE('',#9391,0.0005);
#368=CIRCLE('',#9392,0.0005);
#369=CIRCLE('',#9393,0.0005);
#370=CIRCLE('',#9394,0.0005);
#371=CIRCLE('',#9395,0.0005);
#372=CIRCLE('',#9396,0.0005);
#373=CIRCLE('',#9397,0.0005);
#374=CIRCLE('',#9398,0.0005);
#375=CIRCLE('',#9399,0.0005);
#376=CIRCLE('',#9400,0.003);
#377=CIRCLE('',#9401,0.016);
#378=CIRCLE('',#9402,0.003);
#379=CIRCLE('',#9403,0.003);
#380=CIRCLE('',#9404,0.003);
#381=CIRCLE('',#9405,0.033);
#382=CIRCLE('',#9406,0.003);
#383=CIRCLE('',#9407,0.003);
#384=CIRCLE('',#9408,0.003);
#385=CIRCLE('',#9409,0.016);
#386=CIRCLE('',#9410,0.003);
#387=CIRCLE('',#9411,0.003);
#388=CIRCLE('',#9412,0.003);
#389=CIRCLE('',#9413,0.033);
#390=CIRCLE('',#9414,0.003);
#391=CIRCLE('',#9415,0.003);
#392=CIRCLE('',#9416,0.003);
#393=CIRCLE('',#9417,0.016);
#394=CIRCLE('',#9418,0.003);
#395=CIRCLE('',#9419,0.003);
#396=CIRCLE('',#9420,0.003);
#397=CIRCLE('',#9421,0.033);
#398=CIRCLE('',#9422,0.003);
#399=CIRCLE('',#9423,0.003);
#400=CIRCLE('',#9424,0.003);
#401=CIRCLE('',#9425,0.016);
#402=CIRCLE('',#9426,0.003);
#403=CIRCLE('',#9427,0.003);
#404=CIRCLE('',#9428,0.003);
#405=CIRCLE('',#9429,0.033);
#406=CIRCLE('',#9430,0.003);
#407=CIRCLE('',#9431,0.003);
#408=CIRCLE('',#9432,0.025);
#409=CIRCLE('',#9516,0.0005);
#410=CIRCLE('',#9518,0.0005);
#411=CIRCLE('',#9526,0.0005);
#412=CIRCLE('',#9528,0.0005);
#413=CIRCLE('',#9530,0.0011);
#414=CIRCLE('',#9531,0.0005);
#415=CIRCLE('',#9532,0.000300000000000005);
#416=CIRCLE('',#9533,0.0002);
#417=CIRCLE('',#9534,0.0002);
#418=CIRCLE('',#9535,0.0002);
#419=CIRCLE('',#9536,0.0002);
#420=CIRCLE('',#9537,0.0011);
#421=CIRCLE('',#9540,0.0011);
#422=CIRCLE('',#9542,0.001);
#423=CIRCLE('',#9543,0.001);
#424=CIRCLE('',#9546,0.000200000000000006);
#425=CIRCLE('',#9547,0.000200000000000006);
#426=CIRCLE('',#9555,0.001);
#427=CIRCLE('',#9561,0.0005);
#428=CIRCLE('',#9563,0.0005);
#429=CIRCLE('',#9565,0.0005);
#430=CIRCLE('',#9570,0.0009);
#431=CIRCLE('',#9572,0.000300000000000005);
#432=CIRCLE('',#9573,0.0009);
#433=CIRCLE('',#9575,0.0001);
#434=CIRCLE('',#9576,0.0001);
#435=CIRCLE('',#9578,0.0001);
#436=CIRCLE('',#9581,0.0001);
#437=CIRCLE('',#9584,0.0001);
#438=CIRCLE('',#9585,0.0001);
#439=CIRCLE('',#9587,0.0001);
#440=CIRCLE('',#9589,0.0001);
#441=CIRCLE('',#9592,0.0001);
#442=CIRCLE('',#9596,0.0001);
#443=CIRCLE('',#9601,0.0001);
#444=CIRCLE('',#9603,0.0001);
#445=CIRCLE('',#9605,0.0001);
#446=CIRCLE('',#9610,0.0001);
#447=CIRCLE('',#9611,0.0001);
#448=CIRCLE('',#9612,0.0001);
#449=CIRCLE('',#9614,0.0001);
#450=CIRCLE('',#9616,0.0001);
#451=CIRCLE('',#9618,0.0001);
#452=CIRCLE('',#9619,0.0001);
#453=CIRCLE('',#9620,0.0001);
#454=CIRCLE('',#9622,0.0001);
#455=CIRCLE('',#9624,0.0001);
#456=CIRCLE('',#9626,0.0001);
#457=CIRCLE('',#9627,0.0001);
#458=CIRCLE('',#9630,0.0001);
#459=CIRCLE('',#9631,0.0001);
#460=CIRCLE('',#9633,0.0001);
#461=CIRCLE('',#9635,0.0001);
#462=CIRCLE('',#9637,0.0001);
#463=CIRCLE('',#9639,0.0001);
#464=CIRCLE('',#9641,0.0001);
#465=CIRCLE('',#9643,0.0001);
#466=CIRCLE('',#9645,0.0001);
#467=CIRCLE('',#9647,0.0001);
#468=CIRCLE('',#9650,0.0005);
#469=CIRCLE('',#9651,0.0005);
#470=CIRCLE('',#9653,0.0005);
#471=CIRCLE('',#9655,0.0005);
#472=CIRCLE('',#9657,0.0011);
#473=CIRCLE('',#9659,0.0011);
#474=CIRCLE('',#9677,0.0011);
#475=CIRCLE('',#9679,0.0011);
#476=CIRCLE('',#9681,0.0011);
#477=CIRCLE('',#9683,0.0011);
#478=CIRCLE('',#9685,0.0011);
#479=CIRCLE('',#9687,0.0011);
#480=CIRCLE('',#9690,0.0005);
#481=CIRCLE('',#9691,0.0005);
#482=CIRCLE('',#9693,0.0005);
#483=CIRCLE('',#9697,0.0005);
#484=CIRCLE('',#9701,0.02);
#485=CIRCLE('',#9702,0.02);
#486=CIRCLE('',#9703,0.02);
#487=CIRCLE('',#9704,0.02);
#488=CIRCLE('',#9708,0.0005);
#489=CIRCLE('',#9710,0.0005);
#490=CIRCLE('',#9718,0.0005);
#491=CIRCLE('',#9720,0.0005);
#492=CIRCLE('',#9722,0.0011);
#493=CIRCLE('',#9723,0.0005);
#494=CIRCLE('',#9724,0.0002);
#495=CIRCLE('',#9725,0.0002);
#496=CIRCLE('',#9726,0.0002);
#497=CIRCLE('',#9727,0.0002);
#498=CIRCLE('',#9728,0.000300000000000005);
#499=CIRCLE('',#9729,0.0011);
#500=CIRCLE('',#9732,0.0011);
#501=CIRCLE('',#9734,0.001);
#502=CIRCLE('',#9735,0.001);
#503=CIRCLE('',#9738,0.000200000000000006);
#504=CIRCLE('',#9739,0.000200000000000006);
#505=CIRCLE('',#9742,0.0005);
#506=CIRCLE('',#9744,0.0005);
#507=CIRCLE('',#9746,0.0005);
#508=CIRCLE('',#9754,0.001);
#509=CIRCLE('',#9761,0.0009);
#510=CIRCLE('',#9763,0.000300000000000005);
#511=CIRCLE('',#9764,0.0009);
#512=CIRCLE('',#9766,0.0001);
#513=CIRCLE('',#9767,0.0001);
#514=CIRCLE('',#9770,0.0001);
#515=CIRCLE('',#9773,0.0001);
#516=CIRCLE('',#9775,0.0001);
#517=CIRCLE('',#9776,0.0001);
#518=CIRCLE('',#9778,0.0001);
#519=CIRCLE('',#9780,0.0001);
#520=CIRCLE('',#9783,0.0001);
#521=CIRCLE('',#9787,0.0001);
#522=CIRCLE('',#9793,0.0001);
#523=CIRCLE('',#9795,0.0001);
#524=CIRCLE('',#9800,0.0001);
#525=CIRCLE('',#9801,0.0001);
#526=CIRCLE('',#9802,0.0001);
#527=CIRCLE('',#9804,0.0001);
#528=CIRCLE('',#9806,0.0001);
#529=CIRCLE('',#9808,0.0001);
#530=CIRCLE('',#9809,0.0001);
#531=CIRCLE('',#9810,0.0001);
#532=CIRCLE('',#9812,0.0001);
#533=CIRCLE('',#9814,0.0001);
#534=CIRCLE('',#9816,0.0001);
#535=CIRCLE('',#9817,0.0001);
#536=CIRCLE('',#9820,0.0001);
#537=CIRCLE('',#9821,0.0001);
#538=CIRCLE('',#9823,0.0001);
#539=CIRCLE('',#9825,0.0001);
#540=CIRCLE('',#9827,0.0001);
#541=CIRCLE('',#9829,0.0001);
#542=CIRCLE('',#9831,0.0001);
#543=CIRCLE('',#9833,0.0001);
#544=CIRCLE('',#9835,0.0001);
#545=CIRCLE('',#9837,0.0001);
#546=CIRCLE('',#9840,0.0005);
#547=CIRCLE('',#9841,0.0005);
#548=CIRCLE('',#9843,0.0005);
#549=CIRCLE('',#9845,0.0005);
#550=CIRCLE('',#9847,0.0011);
#551=CIRCLE('',#9849,0.0011);
#552=CIRCLE('',#9867,0.0011);
#553=CIRCLE('',#9869,0.0011);
#554=CIRCLE('',#9871,0.0011);
#555=CIRCLE('',#9873,0.0011);
#556=CIRCLE('',#9875,0.0011);
#557=CIRCLE('',#9877,0.0011);
#558=CIRCLE('',#9881,0.0005);
#559=CIRCLE('',#9884,0.0005);
#560=CIRCLE('',#9885,0.0005);
#561=CIRCLE('',#9887,0.0005);
#562=CIRCLE('',#9891,0.02);
#563=CIRCLE('',#9892,0.02);
#564=CIRCLE('',#9893,0.02);
#565=CIRCLE('',#9894,0.02);
#566=CIRCLE('',#9898,0.0005);
#567=CIRCLE('',#9900,0.0005);
#568=CIRCLE('',#9908,0.0005);
#569=CIRCLE('',#9910,0.0005);
#570=CIRCLE('',#9912,0.0011);
#571=CIRCLE('',#9913,0.0005);
#572=CIRCLE('',#9914,0.000300000000000005);
#573=CIRCLE('',#9915,0.0002);
#574=CIRCLE('',#9916,0.0002);
#575=CIRCLE('',#9917,0.0002);
#576=CIRCLE('',#9918,0.0002);
#577=CIRCLE('',#9919,0.0011);
#578=CIRCLE('',#9922,0.0011);
#579=CIRCLE('',#9924,0.001);
#580=CIRCLE('',#9925,0.001);
#581=CIRCLE('',#9928,0.000200000000000006);
#582=CIRCLE('',#9929,0.000200000000000006);
#583=CIRCLE('',#9936,0.001);
#584=CIRCLE('',#9942,0.0005);
#585=CIRCLE('',#9944,0.0005);
#586=CIRCLE('',#9946,0.0005);
#587=CIRCLE('',#9951,0.0009);
#588=CIRCLE('',#9953,0.000300000000000005);
#589=CIRCLE('',#9954,0.0009);
#590=CIRCLE('',#9956,0.0001);
#591=CIRCLE('',#9957,0.0001);
#592=CIRCLE('',#9959,0.0001);
#593=CIRCLE('',#9962,0.0001);
#594=CIRCLE('',#9965,0.0001);
#595=CIRCLE('',#9966,0.0001);
#596=CIRCLE('',#9968,0.0001);
#597=CIRCLE('',#9970,0.0001);
#598=CIRCLE('',#9973,0.0001);
#599=CIRCLE('',#9977,0.0001);
#600=CIRCLE('',#9983,0.0001);
#601=CIRCLE('',#9985,0.0001);
#602=CIRCLE('',#9989,0.0001);
#603=CIRCLE('',#9990,0.0001);
#604=CIRCLE('',#9991,0.0001);
#605=CIRCLE('',#9993,0.0001);
#606=CIRCLE('',#9995,0.0001);
#607=CIRCLE('',#9997,0.0001);
#608=CIRCLE('',#9998,0.0001);
#609=CIRCLE('',#9999,0.0001);
#610=CIRCLE('',#10001,0.0001);
#611=CIRCLE('',#10003,0.0001);
#612=CIRCLE('',#10005,0.0001);
#613=CIRCLE('',#10006,0.0001);
#614=CIRCLE('',#10009,0.0001);
#615=CIRCLE('',#10010,0.0001);
#616=CIRCLE('',#10012,0.0001);
#617=CIRCLE('',#10014,0.0001);
#618=CIRCLE('',#10016,0.0001);
#619=CIRCLE('',#10018,0.0001);
#620=CIRCLE('',#10020,0.0001);
#621=CIRCLE('',#10022,0.0001);
#622=CIRCLE('',#10024,0.0001);
#623=CIRCLE('',#10026,0.0001);
#624=CIRCLE('',#10029,0.0005);
#625=CIRCLE('',#10030,0.0005);
#626=CIRCLE('',#10032,0.0005);
#627=CIRCLE('',#10034,0.0005);
#628=CIRCLE('',#10036,0.0011);
#629=CIRCLE('',#10038,0.0011);
#630=CIRCLE('',#10056,0.0011);
#631=CIRCLE('',#10058,0.0011);
#632=CIRCLE('',#10060,0.0011);
#633=CIRCLE('',#10062,0.0011);
#634=CIRCLE('',#10064,0.0011);
#635=CIRCLE('',#10066,0.0011);
#636=CIRCLE('',#10069,0.0005);
#637=CIRCLE('',#10070,0.0005);
#638=CIRCLE('',#10072,0.0005);
#639=CIRCLE('',#10076,0.0005);
#640=CYLINDRICAL_SURFACE('',#9107,0.0005);
#641=CYLINDRICAL_SURFACE('',#9111,0.0005);
#642=CYLINDRICAL_SURFACE('',#9114,0.0005);
#643=CYLINDRICAL_SURFACE('',#9118,0.0005);
#644=CYLINDRICAL_SURFACE('',#9121,0.0005);
#645=CYLINDRICAL_SURFACE('',#9155,0.001);
#646=CYLINDRICAL_SURFACE('',#9159,0.000200000000000006);
#647=CYLINDRICAL_SURFACE('',#9165,0.001);
#648=CYLINDRICAL_SURFACE('',#9187,0.0001);
#649=CYLINDRICAL_SURFACE('',#9190,0.0001);
#650=CYLINDRICAL_SURFACE('',#9193,0.0001);
#651=CYLINDRICAL_SURFACE('',#9196,0.0001);
#652=CYLINDRICAL_SURFACE('',#9203,0.0001);
#653=CYLINDRICAL_SURFACE('',#9204,0.0001);
#654=CYLINDRICAL_SURFACE('',#9206,0.0001);
#655=CYLINDRICAL_SURFACE('',#9208,0.0001);
#656=CYLINDRICAL_SURFACE('',#9210,0.0001);
#657=CYLINDRICAL_SURFACE('',#9214,0.0001);
#658=CYLINDRICAL_SURFACE('',#9218,0.0001);
#659=CYLINDRICAL_SURFACE('',#9221,0.0001);
#660=CYLINDRICAL_SURFACE('',#9227,0.0001);
#661=CYLINDRICAL_SURFACE('',#9229,0.0001);
#662=CYLINDRICAL_SURFACE('',#9233,0.0001);
#663=CYLINDRICAL_SURFACE('',#9235,0.0001);
#664=CYLINDRICAL_SURFACE('',#9240,0.0001);
#665=CYLINDRICAL_SURFACE('',#9241,0.0001);
#666=CYLINDRICAL_SURFACE('',#9248,0.0001);
#667=CYLINDRICAL_SURFACE('',#9250,0.0001);
#668=CYLINDRICAL_SURFACE('',#9256,0.0001);
#669=CYLINDRICAL_SURFACE('',#9258,0.0001);
#670=CYLINDRICAL_SURFACE('',#9261,0.0005);
#671=CYLINDRICAL_SURFACE('',#9266,0.0005);
#672=CYLINDRICAL_SURFACE('',#9288,0.0011);
#673=CYLINDRICAL_SURFACE('',#9290,0.0011);
#674=CYLINDRICAL_SURFACE('',#9292,0.0011);
#675=CYLINDRICAL_SURFACE('',#9294,0.0011);
#676=CYLINDRICAL_SURFACE('',#9300,0.0011);
#677=CYLINDRICAL_SURFACE('',#9301,0.0005);
#678=CYLINDRICAL_SURFACE('',#9306,0.0005);
#679=CYLINDRICAL_SURFACE('',#9307,0.0005);
#680=CYLINDRICAL_SURFACE('',#9312,0.0005);
#681=CYLINDRICAL_SURFACE('',#9313,0.0005);
#682=CYLINDRICAL_SURFACE('',#9433,0.025);
#683=CYLINDRICAL_SURFACE('',#9434,0.016);
#684=CYLINDRICAL_SURFACE('',#9437,0.033);
#685=CYLINDRICAL_SURFACE('',#9440,0.016);
#686=CYLINDRICAL_SURFACE('',#9443,0.033);
#687=CYLINDRICAL_SURFACE('',#9446,0.016);
#688=CYLINDRICAL_SURFACE('',#9449,0.033);
#689=CYLINDRICAL_SURFACE('',#9452,0.016);
#690=CYLINDRICAL_SURFACE('',#9455,0.033);
#691=CYLINDRICAL_SURFACE('',#9458,0.003);
#692=CYLINDRICAL_SURFACE('',#9459,0.003);
#693=CYLINDRICAL_SURFACE('',#9460,0.003);
#694=CYLINDRICAL_SURFACE('',#9461,0.003);
#695=CYLINDRICAL_SURFACE('',#9462,0.003);
#696=CYLINDRICAL_SURFACE('',#9463,0.003);
#697=CYLINDRICAL_SURFACE('',#9464,0.003);
#698=CYLINDRICAL_SURFACE('',#9465,0.003);
#699=CYLINDRICAL_SURFACE('',#9466,0.003);
#700=CYLINDRICAL_SURFACE('',#9467,0.003);
#701=CYLINDRICAL_SURFACE('',#9468,0.003);
#702=CYLINDRICAL_SURFACE('',#9469,0.003);
#703=CYLINDRICAL_SURFACE('',#9470,0.003);
#704=CYLINDRICAL_SURFACE('',#9471,0.003);
#705=CYLINDRICAL_SURFACE('',#9472,0.003);
#706=CYLINDRICAL_SURFACE('',#9473,0.003);
#707=CYLINDRICAL_SURFACE('',#9474,0.003);
#708=CYLINDRICAL_SURFACE('',#9475,0.003);
#709=CYLINDRICAL_SURFACE('',#9476,0.003);
#710=CYLINDRICAL_SURFACE('',#9477,0.003);
#711=CYLINDRICAL_SURFACE('',#9478,0.003);
#712=CYLINDRICAL_SURFACE('',#9479,0.003);
#713=CYLINDRICAL_SURFACE('',#9480,0.003);
#714=CYLINDRICAL_SURFACE('',#9481,0.003);
#715=CYLINDRICAL_SURFACE('',#9482,0.0005);
#716=CYLINDRICAL_SURFACE('',#9487,0.0005);
#717=CYLINDRICAL_SURFACE('',#9490,0.0005);
#718=CYLINDRICAL_SURFACE('',#9493,0.0005);
#719=CYLINDRICAL_SURFACE('',#9498,0.0005);
#720=CYLINDRICAL_SURFACE('',#9501,0.0005);
#721=CYLINDRICAL_SURFACE('',#9504,0.0005);
#722=CYLINDRICAL_SURFACE('',#9509,0.0005);
#723=CYLINDRICAL_SURFACE('',#9512,0.0005);
#724=CYLINDRICAL_SURFACE('',#9519,0.02);
#725=CYLINDRICAL_SURFACE('',#9520,0.02);
#726=CYLINDRICAL_SURFACE('',#9522,0.02);
#727=CYLINDRICAL_SURFACE('',#9523,0.02);
#728=CYLINDRICAL_SURFACE('',#9525,0.0005);
#729=CYLINDRICAL_SURFACE('',#9527,0.0005);
#730=CYLINDRICAL_SURFACE('',#9541,0.001);
#731=CYLINDRICAL_SURFACE('',#9545,0.000200000000000006);
#732=CYLINDRICAL_SURFACE('',#9552,0.001);
#733=CYLINDRICAL_SURFACE('',#9574,0.0001);
#734=CYLINDRICAL_SURFACE('',#9577,0.0001);
#735=CYLINDRICAL_SURFACE('',#9580,0.0001);
#736=CYLINDRICAL_SURFACE('',#9583,0.0001);
#737=CYLINDRICAL_SURFACE('',#9590,0.0001);
#738=CYLINDRICAL_SURFACE('',#9591,0.0001);
#739=CYLINDRICAL_SURFACE('',#9593,0.0001);
#740=CYLINDRICAL_SURFACE('',#9595,0.0001);
#741=CYLINDRICAL_SURFACE('',#9597,0.0001);
#742=CYLINDRICAL_SURFACE('',#9602,0.0001);
#743=CYLINDRICAL_SURFACE('',#9606,0.0001);
#744=CYLINDRICAL_SURFACE('',#9608,0.000290364087786762);
#745=CYLINDRICAL_SURFACE('',#9609,0.0001);
#746=CYLINDRICAL_SURFACE('',#9615,0.0001);
#747=CYLINDRICAL_SURFACE('',#9617,0.0001);
#748=CYLINDRICAL_SURFACE('',#9621,0.0001);
#749=CYLINDRICAL_SURFACE('',#9623,0.0001);
#750=CYLINDRICAL_SURFACE('',#9628,0.0001);
#751=CYLINDRICAL_SURFACE('',#9629,0.0001);
#752=CYLINDRICAL_SURFACE('',#9636,0.0001);
#753=CYLINDRICAL_SURFACE('',#9638,0.0001);
#754=CYLINDRICAL_SURFACE('',#9644,0.0001);
#755=CYLINDRICAL_SURFACE('',#9646,0.0001);
#756=CYLINDRICAL_SURFACE('',#9649,0.0005);
#757=CYLINDRICAL_SURFACE('',#9654,0.0005);
#758=CYLINDRICAL_SURFACE('',#9676,0.0011);
#759=CYLINDRICAL_SURFACE('',#9678,0.0011);
#760=CYLINDRICAL_SURFACE('',#9680,0.0011);
#761=CYLINDRICAL_SURFACE('',#9682,0.0011);
#762=CYLINDRICAL_SURFACE('',#9688,0.0011);
#763=CYLINDRICAL_SURFACE('',#9689,0.0005);
#764=CYLINDRICAL_SURFACE('',#9694,0.0005);
#765=CYLINDRICAL_SURFACE('',#9695,0.0005);
#766=CYLINDRICAL_SURFACE('',#9698,0.0005);
#767=CYLINDRICAL_SURFACE('',#9699,0.0005);
#768=CYLINDRICAL_SURFACE('',#9711,0.02);
#769=CYLINDRICAL_SURFACE('',#9712,0.02);
#770=CYLINDRICAL_SURFACE('',#9714,0.02);
#771=CYLINDRICAL_SURFACE('',#9715,0.02);
#772=CYLINDRICAL_SURFACE('',#9717,0.0005);
#773=CYLINDRICAL_SURFACE('',#9719,0.0005);
#774=CYLINDRICAL_SURFACE('',#9733,0.001);
#775=CYLINDRICAL_SURFACE('',#9737,0.000200000000000006);
#776=CYLINDRICAL_SURFACE('',#9753,0.001);
#777=CYLINDRICAL_SURFACE('',#9765,0.0001);
#778=CYLINDRICAL_SURFACE('',#9768,0.0001);
#779=CYLINDRICAL_SURFACE('',#9771,0.0001);
#780=CYLINDRICAL_SURFACE('',#9774,0.0001);
#781=CYLINDRICAL_SURFACE('',#9781,0.0001);
#782=CYLINDRICAL_SURFACE('',#9782,0.0001);
#783=CYLINDRICAL_SURFACE('',#9784,0.0001);
#784=CYLINDRICAL_SURFACE('',#9786,0.0001);
#785=CYLINDRICAL_SURFACE('',#9788,0.0001);
#786=CYLINDRICAL_SURFACE('',#9792,0.0001);
#787=CYLINDRICAL_SURFACE('',#9796,0.0001);
#788=CYLINDRICAL_SURFACE('',#9799,0.0001);
#789=CYLINDRICAL_SURFACE('',#9805,0.0001);
#790=CYLINDRICAL_SURFACE('',#9807,0.0001);
#791=CYLINDRICAL_SURFACE('',#9811,0.0001);
#792=CYLINDRICAL_SURFACE('',#9813,0.0001);
#793=CYLINDRICAL_SURFACE('',#9818,0.0001);
#794=CYLINDRICAL_SURFACE('',#9819,0.0001);
#795=CYLINDRICAL_SURFACE('',#9826,0.0001);
#796=CYLINDRICAL_SURFACE('',#9828,0.0001);
#797=CYLINDRICAL_SURFACE('',#9834,0.0001);
#798=CYLINDRICAL_SURFACE('',#9836,0.0001);
#799=CYLINDRICAL_SURFACE('',#9839,0.0005);
#800=CYLINDRICAL_SURFACE('',#9844,0.0005);
#801=CYLINDRICAL_SURFACE('',#9866,0.0011);
#802=CYLINDRICAL_SURFACE('',#9868,0.0011);
#803=CYLINDRICAL_SURFACE('',#9870,0.0011);
#804=CYLINDRICAL_SURFACE('',#9872,0.0011);
#805=CYLINDRICAL_SURFACE('',#9878,0.0011);
#806=CYLINDRICAL_SURFACE('',#9879,0.0005);
#807=CYLINDRICAL_SURFACE('',#9882,0.0005);
#808=CYLINDRICAL_SURFACE('',#9883,0.0005);
#809=CYLINDRICAL_SURFACE('',#9888,0.0005);
#810=CYLINDRICAL_SURFACE('',#9889,0.0005);
#811=CYLINDRICAL_SURFACE('',#9901,0.02);
#812=CYLINDRICAL_SURFACE('',#9902,0.02);
#813=CYLINDRICAL_SURFACE('',#9904,0.02);
#814=CYLINDRICAL_SURFACE('',#9905,0.02);
#815=CYLINDRICAL_SURFACE('',#9907,0.0005);
#816=CYLINDRICAL_SURFACE('',#9909,0.0005);
#817=CYLINDRICAL_SURFACE('',#9923,0.001);
#818=CYLINDRICAL_SURFACE('',#9927,0.000200000000000006);
#819=CYLINDRICAL_SURFACE('',#9933,0.001);
#820=CYLINDRICAL_SURFACE('',#9955,0.0001);
#821=CYLINDRICAL_SURFACE('',#9958,0.0001);
#822=CYLINDRICAL_SURFACE('',#9961,0.0001);
#823=CYLINDRICAL_SURFACE('',#9964,0.0001);
#824=CYLINDRICAL_SURFACE('',#9971,0.0001);
#825=CYLINDRICAL_SURFACE('',#9972,0.0001);
#826=CYLINDRICAL_SURFACE('',#9974,0.0001);
#827=CYLINDRICAL_SURFACE('',#9976,0.0001);
#828=CYLINDRICAL_SURFACE('',#9978,0.0001);
#829=CYLINDRICAL_SURFACE('',#9982,0.0001);
#830=CYLINDRICAL_SURFACE('',#9986,0.0001);
#831=CYLINDRICAL_SURFACE('',#9987,0.000290364087786762);
#832=CYLINDRICAL_SURFACE('',#9988,0.0001);
#833=CYLINDRICAL_SURFACE('',#9994,0.0001);
#834=CYLINDRICAL_SURFACE('',#9996,0.0001);
#835=CYLINDRICAL_SURFACE('',#10000,0.0001);
#836=CYLINDRICAL_SURFACE('',#10002,0.0001);
#837=CYLINDRICAL_SURFACE('',#10007,0.0001);
#838=CYLINDRICAL_SURFACE('',#10008,0.0001);
#839=CYLINDRICAL_SURFACE('',#10015,0.0001);
#840=CYLINDRICAL_SURFACE('',#10017,0.0001);
#841=CYLINDRICAL_SURFACE('',#10023,0.0001);
#842=CYLINDRICAL_SURFACE('',#10025,0.0001);
#843=CYLINDRICAL_SURFACE('',#10028,0.0005);
#844=CYLINDRICAL_SURFACE('',#10033,0.0005);
#845=CYLINDRICAL_SURFACE('',#10055,0.0011);
#846=CYLINDRICAL_SURFACE('',#10057,0.0011);
#847=CYLINDRICAL_SURFACE('',#10059,0.0011);
#848=CYLINDRICAL_SURFACE('',#10061,0.0011);
#849=CYLINDRICAL_SURFACE('',#10067,0.0011);
#850=CYLINDRICAL_SURFACE('',#10068,0.0005);
#851=CYLINDRICAL_SURFACE('',#10073,0.0005);
#852=CYLINDRICAL_SURFACE('',#10074,0.0005);
#853=CYLINDRICAL_SURFACE('',#10077,0.0005);
#854=CYLINDRICAL_SURFACE('',#10078,0.0005);
#855=CYLINDRICAL_SURFACE('',#10081,0.02);
#856=CYLINDRICAL_SURFACE('',#10082,0.02);
#857=CYLINDRICAL_SURFACE('',#10084,0.02);
#858=CYLINDRICAL_SURFACE('',#10085,0.02);
#859=ORIENTED_EDGE('',*,*,#3543,.F.);
#860=ORIENTED_EDGE('',*,*,#3544,.T.);
#861=ORIENTED_EDGE('',*,*,#3545,.T.);
#862=ORIENTED_EDGE('',*,*,#3546,.T.);
#863=ORIENTED_EDGE('',*,*,#3547,.F.);
#864=ORIENTED_EDGE('',*,*,#3548,.T.);
#865=ORIENTED_EDGE('',*,*,#3549,.T.);
#866=ORIENTED_EDGE('',*,*,#3550,.T.);
#867=ORIENTED_EDGE('',*,*,#3551,.F.);
#868=ORIENTED_EDGE('',*,*,#3552,.T.);
#869=ORIENTED_EDGE('',*,*,#3550,.F.);
#870=ORIENTED_EDGE('',*,*,#3553,.F.);
#871=ORIENTED_EDGE('',*,*,#3554,.F.);
#872=ORIENTED_EDGE('',*,*,#3555,.F.);
#873=ORIENTED_EDGE('',*,*,#3556,.F.);
#874=ORIENTED_EDGE('',*,*,#3557,.F.);
#875=ORIENTED_EDGE('',*,*,#3558,.F.);
#876=ORIENTED_EDGE('',*,*,#3544,.F.);
#877=ORIENTED_EDGE('',*,*,#3559,.T.);
#878=ORIENTED_EDGE('',*,*,#3560,.F.);
#879=ORIENTED_EDGE('',*,*,#3561,.F.);
#880=ORIENTED_EDGE('',*,*,#3562,.F.);
#881=ORIENTED_EDGE('',*,*,#3563,.F.);
#882=ORIENTED_EDGE('',*,*,#3564,.F.);
#883=ORIENTED_EDGE('',*,*,#3565,.F.);
#884=ORIENTED_EDGE('',*,*,#3566,.F.);
#885=ORIENTED_EDGE('',*,*,#3548,.F.);
#886=ORIENTED_EDGE('',*,*,#3567,.T.);
#887=ORIENTED_EDGE('',*,*,#3546,.F.);
#888=ORIENTED_EDGE('',*,*,#3568,.F.);
#889=ORIENTED_EDGE('',*,*,#3569,.F.);
#890=ORIENTED_EDGE('',*,*,#3570,.F.);
#891=ORIENTED_EDGE('',*,*,#3571,.T.);
#892=ORIENTED_EDGE('',*,*,#3572,.T.);
#893=ORIENTED_EDGE('',*,*,#3573,.F.);
#894=ORIENTED_EDGE('',*,*,#3574,.T.);
#895=ORIENTED_EDGE('',*,*,#3575,.F.);
#896=ORIENTED_EDGE('',*,*,#3576,.T.);
#897=ORIENTED_EDGE('',*,*,#3577,.T.);
#898=ORIENTED_EDGE('',*,*,#3578,.T.);
#899=ORIENTED_EDGE('',*,*,#3579,.T.);
#900=ORIENTED_EDGE('',*,*,#3580,.T.);
#901=ORIENTED_EDGE('',*,*,#3581,.F.);
#902=ORIENTED_EDGE('',*,*,#3582,.T.);
#903=ORIENTED_EDGE('',*,*,#3583,.T.);
#904=ORIENTED_EDGE('',*,*,#3584,.T.);
#905=ORIENTED_EDGE('',*,*,#3585,.T.);
#906=ORIENTED_EDGE('',*,*,#3586,.T.);
#907=ORIENTED_EDGE('',*,*,#3587,.T.);
#908=ORIENTED_EDGE('',*,*,#3588,.T.);
#909=ORIENTED_EDGE('',*,*,#3589,.T.);
#910=ORIENTED_EDGE('',*,*,#3590,.T.);
#911=ORIENTED_EDGE('',*,*,#3591,.T.);
#912=ORIENTED_EDGE('',*,*,#3592,.F.);
#913=ORIENTED_EDGE('',*,*,#3593,.F.);
#914=ORIENTED_EDGE('',*,*,#3594,.F.);
#915=ORIENTED_EDGE('',*,*,#3595,.T.);
#916=ORIENTED_EDGE('',*,*,#3596,.T.);
#917=ORIENTED_EDGE('',*,*,#3597,.T.);
#918=ORIENTED_EDGE('',*,*,#3598,.T.);
#919=ORIENTED_EDGE('',*,*,#3599,.T.);
#920=ORIENTED_EDGE('',*,*,#3600,.T.);
#921=ORIENTED_EDGE('',*,*,#3601,.F.);
#922=ORIENTED_EDGE('',*,*,#3602,.F.);
#923=ORIENTED_EDGE('',*,*,#3603,.F.);
#924=ORIENTED_EDGE('',*,*,#3604,.F.);
#925=ORIENTED_EDGE('',*,*,#3605,.F.);
#926=ORIENTED_EDGE('',*,*,#3606,.T.);
#927=ORIENTED_EDGE('',*,*,#3607,.T.);
#928=ORIENTED_EDGE('',*,*,#3608,.T.);
#929=ORIENTED_EDGE('',*,*,#3560,.T.);
#930=ORIENTED_EDGE('',*,*,#3609,.F.);
#931=ORIENTED_EDGE('',*,*,#3610,.F.);
#932=ORIENTED_EDGE('',*,*,#3611,.F.);
#933=ORIENTED_EDGE('',*,*,#3612,.F.);
#934=ORIENTED_EDGE('',*,*,#3613,.F.);
#935=ORIENTED_EDGE('',*,*,#3614,.F.);
#936=ORIENTED_EDGE('',*,*,#3615,.F.);
#937=ORIENTED_EDGE('',*,*,#3616,.F.);
#938=ORIENTED_EDGE('',*,*,#3617,.F.);
#939=ORIENTED_EDGE('',*,*,#3618,.F.);
#940=ORIENTED_EDGE('',*,*,#3619,.F.);
#941=ORIENTED_EDGE('',*,*,#3620,.F.);
#942=ORIENTED_EDGE('',*,*,#3621,.T.);
#943=ORIENTED_EDGE('',*,*,#3622,.T.);
#944=ORIENTED_EDGE('',*,*,#3623,.T.);
#945=ORIENTED_EDGE('',*,*,#3624,.T.);
#946=ORIENTED_EDGE('',*,*,#3625,.T.);
#947=ORIENTED_EDGE('',*,*,#3626,.T.);
#948=ORIENTED_EDGE('',*,*,#3627,.T.);
#949=ORIENTED_EDGE('',*,*,#3628,.T.);
#950=ORIENTED_EDGE('',*,*,#3629,.T.);
#951=ORIENTED_EDGE('',*,*,#3630,.T.);
#952=ORIENTED_EDGE('',*,*,#3631,.T.);
#953=ORIENTED_EDGE('',*,*,#3632,.T.);
#954=ORIENTED_EDGE('',*,*,#3633,.T.);
#955=ORIENTED_EDGE('',*,*,#3634,.T.);
#956=ORIENTED_EDGE('',*,*,#3635,.T.);
#957=ORIENTED_EDGE('',*,*,#3636,.T.);
#958=ORIENTED_EDGE('',*,*,#3566,.T.);
#959=ORIENTED_EDGE('',*,*,#3637,.T.);
#960=ORIENTED_EDGE('',*,*,#3638,.T.);
#961=ORIENTED_EDGE('',*,*,#3639,.T.);
#962=ORIENTED_EDGE('',*,*,#3640,.T.);
#963=ORIENTED_EDGE('',*,*,#3641,.T.);
#964=ORIENTED_EDGE('',*,*,#3642,.F.);
#965=ORIENTED_EDGE('',*,*,#3643,.F.);
#966=ORIENTED_EDGE('',*,*,#3551,.T.);
#967=ORIENTED_EDGE('',*,*,#3644,.T.);
#968=ORIENTED_EDGE('',*,*,#3645,.T.);
#969=ORIENTED_EDGE('',*,*,#3646,.T.);
#970=ORIENTED_EDGE('',*,*,#3647,.T.);
#971=ORIENTED_EDGE('',*,*,#3648,.T.);
#972=ORIENTED_EDGE('',*,*,#3649,.T.);
#973=ORIENTED_EDGE('',*,*,#3650,.T.);
#974=ORIENTED_EDGE('',*,*,#3651,.T.);
#975=ORIENTED_EDGE('',*,*,#3652,.T.);
#976=ORIENTED_EDGE('',*,*,#3556,.T.);
#977=ORIENTED_EDGE('',*,*,#3653,.T.);
#978=ORIENTED_EDGE('',*,*,#3654,.T.);
#979=ORIENTED_EDGE('',*,*,#3655,.T.);
#980=ORIENTED_EDGE('',*,*,#3656,.T.);
#981=ORIENTED_EDGE('',*,*,#3657,.T.);
#982=ORIENTED_EDGE('',*,*,#3658,.F.);
#983=ORIENTED_EDGE('',*,*,#3659,.F.);
#984=ORIENTED_EDGE('',*,*,#3660,.F.);
#985=ORIENTED_EDGE('',*,*,#3661,.F.);
#986=ORIENTED_EDGE('',*,*,#3662,.F.);
#987=ORIENTED_EDGE('',*,*,#3663,.F.);
#988=ORIENTED_EDGE('',*,*,#3664,.F.);
#989=ORIENTED_EDGE('',*,*,#3665,.F.);
#990=ORIENTED_EDGE('',*,*,#3666,.F.);
#991=ORIENTED_EDGE('',*,*,#3667,.F.);
#992=ORIENTED_EDGE('',*,*,#3668,.F.);
#993=ORIENTED_EDGE('',*,*,#3669,.T.);
#994=ORIENTED_EDGE('',*,*,#3670,.T.);
#995=ORIENTED_EDGE('',*,*,#3671,.F.);
#996=ORIENTED_EDGE('',*,*,#3672,.T.);
#997=ORIENTED_EDGE('',*,*,#3673,.T.);
#998=ORIENTED_EDGE('',*,*,#3674,.T.);
#999=ORIENTED_EDGE('',*,*,#3675,.T.);
#1000=ORIENTED_EDGE('',*,*,#3676,.T.);
#1001=ORIENTED_EDGE('',*,*,#3628,.F.);
#1002=ORIENTED_EDGE('',*,*,#3677,.T.);
#1003=ORIENTED_EDGE('',*,*,#3651,.F.);
#1004=ORIENTED_EDGE('',*,*,#3678,.T.);
#1005=ORIENTED_EDGE('',*,*,#3679,.T.);
#1006=ORIENTED_EDGE('',*,*,#3680,.T.);
#1007=ORIENTED_EDGE('',*,*,#3681,.T.);
#1008=ORIENTED_EDGE('',*,*,#3682,.T.);
#1009=ORIENTED_EDGE('',*,*,#3683,.T.);
#1010=ORIENTED_EDGE('',*,*,#3684,.T.);
#1011=ORIENTED_EDGE('',*,*,#3685,.T.);
#1012=ORIENTED_EDGE('',*,*,#3679,.F.);
#1013=ORIENTED_EDGE('',*,*,#3686,.T.);
#1014=ORIENTED_EDGE('',*,*,#3687,.T.);
#1015=ORIENTED_EDGE('',*,*,#3688,.T.);
#1016=ORIENTED_EDGE('',*,*,#3684,.F.);
#1017=ORIENTED_EDGE('',*,*,#3689,.T.);
#1018=ORIENTED_EDGE('',*,*,#3690,.T.);
#1019=ORIENTED_EDGE('',*,*,#3564,.T.);
#1020=ORIENTED_EDGE('',*,*,#3691,.T.);
#1021=ORIENTED_EDGE('',*,*,#3692,.T.);
#1022=ORIENTED_EDGE('',*,*,#3693,.T.);
#1023=ORIENTED_EDGE('',*,*,#3694,.F.);
#1024=ORIENTED_EDGE('',*,*,#3695,.T.);
#1025=ORIENTED_EDGE('',*,*,#3696,.T.);
#1026=ORIENTED_EDGE('',*,*,#3697,.T.);
#1027=ORIENTED_EDGE('',*,*,#3698,.T.);
#1028=ORIENTED_EDGE('',*,*,#3699,.T.);
#1029=ORIENTED_EDGE('',*,*,#3700,.T.);
#1030=ORIENTED_EDGE('',*,*,#3701,.T.);
#1031=ORIENTED_EDGE('',*,*,#3702,.T.);
#1032=ORIENTED_EDGE('',*,*,#3703,.T.);
#1033=ORIENTED_EDGE('',*,*,#3704,.T.);
#1034=ORIENTED_EDGE('',*,*,#3705,.T.);
#1035=ORIENTED_EDGE('',*,*,#3558,.T.);
#1036=ORIENTED_EDGE('',*,*,#3706,.T.);
#1037=ORIENTED_EDGE('',*,*,#3707,.F.);
#1038=ORIENTED_EDGE('',*,*,#3708,.T.);
#1039=ORIENTED_EDGE('',*,*,#3634,.F.);
#1040=ORIENTED_EDGE('',*,*,#3709,.T.);
#1041=ORIENTED_EDGE('',*,*,#3645,.F.);
#1042=ORIENTED_EDGE('',*,*,#3710,.F.);
#1043=ORIENTED_EDGE('',*,*,#3711,.F.);
#1044=ORIENTED_EDGE('',*,*,#3644,.F.);
#1045=ORIENTED_EDGE('',*,*,#3554,.T.);
#1046=ORIENTED_EDGE('',*,*,#3712,.F.);
#1047=ORIENTED_EDGE('',*,*,#3600,.F.);
#1048=ORIENTED_EDGE('',*,*,#3713,.F.);
#1049=ORIENTED_EDGE('',*,*,#3710,.T.);
#1050=ORIENTED_EDGE('',*,*,#3714,.F.);
#1051=ORIENTED_EDGE('',*,*,#3561,.T.);
#1052=ORIENTED_EDGE('',*,*,#3635,.F.);
#1053=ORIENTED_EDGE('',*,*,#3711,.T.);
#1054=ORIENTED_EDGE('',*,*,#3713,.T.);
#1055=ORIENTED_EDGE('',*,*,#3599,.F.);
#1056=ORIENTED_EDGE('',*,*,#3712,.T.);
#1057=ORIENTED_EDGE('',*,*,#3553,.T.);
#1058=ORIENTED_EDGE('',*,*,#3549,.F.);
#1059=ORIENTED_EDGE('',*,*,#3569,.T.);
#1060=ORIENTED_EDGE('',*,*,#3715,.F.);
#1061=ORIENTED_EDGE('',*,*,#3597,.F.);
#1062=ORIENTED_EDGE('',*,*,#3715,.T.);
#1063=ORIENTED_EDGE('',*,*,#3568,.T.);
#1064=ORIENTED_EDGE('',*,*,#3545,.F.);
#1065=ORIENTED_EDGE('',*,*,#3562,.T.);
#1066=ORIENTED_EDGE('',*,*,#3714,.T.);
#1067=ORIENTED_EDGE('',*,*,#3598,.F.);
#1068=ORIENTED_EDGE('',*,*,#3581,.T.);
#1069=ORIENTED_EDGE('',*,*,#3716,.T.);
#1070=ORIENTED_EDGE('',*,*,#3694,.T.);
#1071=ORIENTED_EDGE('',*,*,#3717,.F.);
#1072=ORIENTED_EDGE('',*,*,#3718,.F.);
#1073=ORIENTED_EDGE('',*,*,#3608,.F.);
#1074=ORIENTED_EDGE('',*,*,#3719,.F.);
#1075=ORIENTED_EDGE('',*,*,#3707,.T.);
#1076=ORIENTED_EDGE('',*,*,#3720,.T.);
#1077=ORIENTED_EDGE('',*,*,#3575,.T.);
#1078=ORIENTED_EDGE('',*,*,#3719,.T.);
#1079=ORIENTED_EDGE('',*,*,#3607,.F.);
#1080=ORIENTED_EDGE('',*,*,#3721,.F.);
#1081=ORIENTED_EDGE('',*,*,#3722,.F.);
#1082=ORIENTED_EDGE('',*,*,#3693,.F.);
#1083=ORIENTED_EDGE('',*,*,#3723,.T.);
#1084=ORIENTED_EDGE('',*,*,#3708,.F.);
#1085=ORIENTED_EDGE('',*,*,#3722,.T.);
#1086=ORIENTED_EDGE('',*,*,#3724,.T.);
#1087=ORIENTED_EDGE('',*,*,#3725,.T.);
#1088=ORIENTED_EDGE('',*,*,#3717,.T.);
#1089=ORIENTED_EDGE('',*,*,#3726,.T.);
#1090=ORIENTED_EDGE('',*,*,#3727,.T.);
#1091=ORIENTED_EDGE('',*,*,#3728,.T.);
#1092=ORIENTED_EDGE('',*,*,#3729,.T.);
#1093=ORIENTED_EDGE('',*,*,#3730,.T.);
#1094=ORIENTED_EDGE('',*,*,#3731,.T.);
#1095=ORIENTED_EDGE('',*,*,#3732,.T.);
#1096=ORIENTED_EDGE('',*,*,#3733,.T.);
#1097=ORIENTED_EDGE('',*,*,#3734,.T.);
#1098=ORIENTED_EDGE('',*,*,#3735,.T.);
#1099=ORIENTED_EDGE('',*,*,#3736,.T.);
#1100=ORIENTED_EDGE('',*,*,#3737,.T.);
#1101=ORIENTED_EDGE('',*,*,#3738,.T.);
#1102=ORIENTED_EDGE('',*,*,#3739,.T.);
#1103=ORIENTED_EDGE('',*,*,#3740,.T.);
#1104=ORIENTED_EDGE('',*,*,#3741,.T.);
#1105=ORIENTED_EDGE('',*,*,#3742,.T.);
#1106=ORIENTED_EDGE('',*,*,#3743,.T.);
#1107=ORIENTED_EDGE('',*,*,#3744,.T.);
#1108=ORIENTED_EDGE('',*,*,#3745,.T.);
#1109=ORIENTED_EDGE('',*,*,#3746,.T.);
#1110=ORIENTED_EDGE('',*,*,#3747,.T.);
#1111=ORIENTED_EDGE('',*,*,#3748,.T.);
#1112=ORIENTED_EDGE('',*,*,#3749,.T.);
#1113=ORIENTED_EDGE('',*,*,#3750,.T.);
#1114=ORIENTED_EDGE('',*,*,#3751,.T.);
#1115=ORIENTED_EDGE('',*,*,#3752,.T.);
#1116=ORIENTED_EDGE('',*,*,#3753,.T.);
#1117=ORIENTED_EDGE('',*,*,#3754,.T.);
#1118=ORIENTED_EDGE('',*,*,#3755,.T.);
#1119=ORIENTED_EDGE('',*,*,#3732,.F.);
#1120=ORIENTED_EDGE('',*,*,#3756,.T.);
#1121=ORIENTED_EDGE('',*,*,#3726,.F.);
#1122=ORIENTED_EDGE('',*,*,#3757,.F.);
#1123=ORIENTED_EDGE('',*,*,#3746,.F.);
#1124=ORIENTED_EDGE('',*,*,#3758,.T.);
#1125=ORIENTED_EDGE('',*,*,#3733,.F.);
#1126=ORIENTED_EDGE('',*,*,#3759,.F.);
#1127=ORIENTED_EDGE('',*,*,#3741,.F.);
#1128=ORIENTED_EDGE('',*,*,#3760,.T.);
#1129=ORIENTED_EDGE('',*,*,#3742,.F.);
#1130=ORIENTED_EDGE('',*,*,#3761,.F.);
#1131=ORIENTED_EDGE('',*,*,#3728,.F.);
#1132=ORIENTED_EDGE('',*,*,#3762,.T.);
#1133=ORIENTED_EDGE('',*,*,#3736,.F.);
#1134=ORIENTED_EDGE('',*,*,#3763,.F.);
#1135=ORIENTED_EDGE('',*,*,#3759,.T.);
#1136=ORIENTED_EDGE('',*,*,#3757,.T.);
#1137=ORIENTED_EDGE('',*,*,#3764,.F.);
#1138=ORIENTED_EDGE('',*,*,#3763,.T.);
#1139=ORIENTED_EDGE('',*,*,#3761,.T.);
#1140=ORIENTED_EDGE('',*,*,#3765,.F.);
#1141=ORIENTED_EDGE('',*,*,#3764,.T.);
#1142=ORIENTED_EDGE('',*,*,#3729,.F.);
#1143=ORIENTED_EDGE('',*,*,#3765,.T.);
#1144=ORIENTED_EDGE('',*,*,#3747,.F.);
#1145=ORIENTED_EDGE('',*,*,#3681,.F.);
#1146=ORIENTED_EDGE('',*,*,#3766,.T.);
#1147=ORIENTED_EDGE('',*,*,#3730,.F.);
#1148=ORIENTED_EDGE('',*,*,#3767,.T.);
#1149=ORIENTED_EDGE('',*,*,#3768,.T.);
#1150=ORIENTED_EDGE('',*,*,#3769,.T.);
#1151=ORIENTED_EDGE('',*,*,#3735,.F.);
#1152=ORIENTED_EDGE('',*,*,#3770,.T.);
#1153=ORIENTED_EDGE('',*,*,#3750,.F.);
#1154=ORIENTED_EDGE('',*,*,#3738,.F.);
#1155=ORIENTED_EDGE('',*,*,#3771,.T.);
#1156=ORIENTED_EDGE('',*,*,#3687,.F.);
#1157=ORIENTED_EDGE('',*,*,#3772,.T.);
#1158=ORIENTED_EDGE('',*,*,#3739,.F.);
#1159=ORIENTED_EDGE('',*,*,#3773,.T.);
#1160=ORIENTED_EDGE('',*,*,#3774,.T.);
#1161=ORIENTED_EDGE('',*,*,#3754,.F.);
#1162=ORIENTED_EDGE('',*,*,#3775,.T.);
#1163=ORIENTED_EDGE('',*,*,#3773,.F.);
#1164=ORIENTED_EDGE('',*,*,#3772,.F.);
#1165=ORIENTED_EDGE('',*,*,#3776,.F.);
#1166=ORIENTED_EDGE('',*,*,#3776,.T.);
#1167=ORIENTED_EDGE('',*,*,#3690,.F.);
#1168=ORIENTED_EDGE('',*,*,#3777,.F.);
#1169=ORIENTED_EDGE('',*,*,#3774,.F.);
#1170=ORIENTED_EDGE('',*,*,#3777,.T.);
#1171=ORIENTED_EDGE('',*,*,#3689,.F.);
#1172=ORIENTED_EDGE('',*,*,#3778,.F.);
#1173=ORIENTED_EDGE('',*,*,#3755,.F.);
#1174=ORIENTED_EDGE('',*,*,#3778,.T.);
#1175=ORIENTED_EDGE('',*,*,#3686,.F.);
#1176=ORIENTED_EDGE('',*,*,#3779,.F.);
#1177=ORIENTED_EDGE('',*,*,#3748,.F.);
#1178=ORIENTED_EDGE('',*,*,#3779,.T.);
#1179=ORIENTED_EDGE('',*,*,#3683,.F.);
#1180=ORIENTED_EDGE('',*,*,#3780,.F.);
#1181=ORIENTED_EDGE('',*,*,#3749,.F.);
#1182=ORIENTED_EDGE('',*,*,#3780,.T.);
#1183=ORIENTED_EDGE('',*,*,#3682,.F.);
#1184=ORIENTED_EDGE('',*,*,#3781,.F.);
#1185=ORIENTED_EDGE('',*,*,#3768,.F.);
#1186=ORIENTED_EDGE('',*,*,#3781,.T.);
#1187=ORIENTED_EDGE('',*,*,#3767,.F.);
#1188=ORIENTED_EDGE('',*,*,#3769,.F.);
#1189=ORIENTED_EDGE('',*,*,#3782,.F.);
#1190=ORIENTED_EDGE('',*,*,#3633,.F.);
#1191=ORIENTED_EDGE('',*,*,#3783,.F.);
#1192=ORIENTED_EDGE('',*,*,#3745,.F.);
#1193=ORIENTED_EDGE('',*,*,#3783,.T.);
#1194=ORIENTED_EDGE('',*,*,#3632,.F.);
#1195=ORIENTED_EDGE('',*,*,#3784,.F.);
#1196=ORIENTED_EDGE('',*,*,#3758,.F.);
#1197=ORIENTED_EDGE('',*,*,#3782,.T.);
#1198=ORIENTED_EDGE('',*,*,#3744,.F.);
#1199=ORIENTED_EDGE('',*,*,#3785,.F.);
#1200=ORIENTED_EDGE('',*,*,#3709,.F.);
#1201=ORIENTED_EDGE('',*,*,#3784,.T.);
#1202=ORIENTED_EDGE('',*,*,#3631,.F.);
#1203=ORIENTED_EDGE('',*,*,#3786,.F.);
#1204=ORIENTED_EDGE('',*,*,#3734,.F.);
#1205=ORIENTED_EDGE('',*,*,#3785,.T.);
#1206=ORIENTED_EDGE('',*,*,#3743,.F.);
#1207=ORIENTED_EDGE('',*,*,#3787,.F.);
#1208=ORIENTED_EDGE('',*,*,#3646,.F.);
#1209=ORIENTED_EDGE('',*,*,#3786,.T.);
#1210=ORIENTED_EDGE('',*,*,#3630,.F.);
#1211=ORIENTED_EDGE('',*,*,#3788,.F.);
#1212=ORIENTED_EDGE('',*,*,#3770,.F.);
#1213=ORIENTED_EDGE('',*,*,#3787,.T.);
#1214=ORIENTED_EDGE('',*,*,#3760,.F.);
#1215=ORIENTED_EDGE('',*,*,#3789,.F.);
#1216=ORIENTED_EDGE('',*,*,#3647,.F.);
#1217=ORIENTED_EDGE('',*,*,#3788,.T.);
#1218=ORIENTED_EDGE('',*,*,#3629,.F.);
#1219=ORIENTED_EDGE('',*,*,#3790,.F.);
#1220=ORIENTED_EDGE('',*,*,#3751,.F.);
#1221=ORIENTED_EDGE('',*,*,#3789,.T.);
#1222=ORIENTED_EDGE('',*,*,#3740,.F.);
#1223=ORIENTED_EDGE('',*,*,#3791,.F.);
#1224=ORIENTED_EDGE('',*,*,#3648,.F.);
#1225=ORIENTED_EDGE('',*,*,#3790,.T.);
#1226=ORIENTED_EDGE('',*,*,#3678,.F.);
#1227=ORIENTED_EDGE('',*,*,#3792,.F.);
#1228=ORIENTED_EDGE('',*,*,#3752,.F.);
#1229=ORIENTED_EDGE('',*,*,#3791,.T.);
#1230=ORIENTED_EDGE('',*,*,#3775,.F.);
#1231=ORIENTED_EDGE('',*,*,#3793,.F.);
#1232=ORIENTED_EDGE('',*,*,#3649,.F.);
#1233=ORIENTED_EDGE('',*,*,#3792,.T.);
#1234=ORIENTED_EDGE('',*,*,#3650,.F.);
#1235=ORIENTED_EDGE('',*,*,#3793,.T.);
#1236=ORIENTED_EDGE('',*,*,#3753,.F.);
#1237=ORIENTED_EDGE('',*,*,#3794,.F.);
#1238=ORIENTED_EDGE('',*,*,#3731,.F.);
#1239=ORIENTED_EDGE('',*,*,#3795,.F.);
#1240=ORIENTED_EDGE('',*,*,#3588,.F.);
#1241=ORIENTED_EDGE('',*,*,#3795,.T.);
#1242=ORIENTED_EDGE('',*,*,#3766,.F.);
#1243=ORIENTED_EDGE('',*,*,#3796,.F.);
#1244=ORIENTED_EDGE('',*,*,#3589,.F.);
#1245=ORIENTED_EDGE('',*,*,#3794,.T.);
#1246=ORIENTED_EDGE('',*,*,#3587,.F.);
#1247=ORIENTED_EDGE('',*,*,#3797,.F.);
#1248=ORIENTED_EDGE('',*,*,#3756,.F.);
#1249=ORIENTED_EDGE('',*,*,#3796,.T.);
#1250=ORIENTED_EDGE('',*,*,#3680,.F.);
#1251=ORIENTED_EDGE('',*,*,#3798,.F.);
#1252=ORIENTED_EDGE('',*,*,#3590,.F.);
#1253=ORIENTED_EDGE('',*,*,#3797,.T.);
#1254=ORIENTED_EDGE('',*,*,#3586,.F.);
#1255=ORIENTED_EDGE('',*,*,#3799,.F.);
#1256=ORIENTED_EDGE('',*,*,#3727,.F.);
#1257=ORIENTED_EDGE('',*,*,#3798,.T.);
#1258=ORIENTED_EDGE('',*,*,#3685,.F.);
#1259=ORIENTED_EDGE('',*,*,#3800,.F.);
#1260=ORIENTED_EDGE('',*,*,#3591,.F.);
#1261=ORIENTED_EDGE('',*,*,#3799,.T.);
#1262=ORIENTED_EDGE('',*,*,#3585,.F.);
#1263=ORIENTED_EDGE('',*,*,#3801,.F.);
#1264=ORIENTED_EDGE('',*,*,#3762,.F.);
#1265=ORIENTED_EDGE('',*,*,#3800,.T.);
#1266=ORIENTED_EDGE('',*,*,#3688,.F.);
#1267=ORIENTED_EDGE('',*,*,#3802,.F.);
#1268=ORIENTED_EDGE('',*,*,#3582,.F.);
#1269=ORIENTED_EDGE('',*,*,#3801,.T.);
#1270=ORIENTED_EDGE('',*,*,#3584,.F.);
#1271=ORIENTED_EDGE('',*,*,#3803,.F.);
#1272=ORIENTED_EDGE('',*,*,#3737,.F.);
#1273=ORIENTED_EDGE('',*,*,#3802,.T.);
#1274=ORIENTED_EDGE('',*,*,#3771,.F.);
#1275=ORIENTED_EDGE('',*,*,#3803,.T.);
#1276=ORIENTED_EDGE('',*,*,#3583,.F.);
#1277=ORIENTED_EDGE('',*,*,#3627,.F.);
#1278=ORIENTED_EDGE('',*,*,#3804,.T.);
#1279=ORIENTED_EDGE('',*,*,#3579,.F.);
#1280=ORIENTED_EDGE('',*,*,#3805,.F.);
#1281=ORIENTED_EDGE('',*,*,#3805,.T.);
#1282=ORIENTED_EDGE('',*,*,#3578,.F.);
#1283=ORIENTED_EDGE('',*,*,#3806,.F.);
#1284=ORIENTED_EDGE('',*,*,#3677,.F.);
#1285=ORIENTED_EDGE('',*,*,#3577,.F.);
#1286=ORIENTED_EDGE('',*,*,#3807,.T.);
#1287=ORIENTED_EDGE('',*,*,#3652,.F.);
#1288=ORIENTED_EDGE('',*,*,#3806,.T.);
#1289=ORIENTED_EDGE('',*,*,#3721,.T.);
#1290=ORIENTED_EDGE('',*,*,#3808,.T.);
#1291=ORIENTED_EDGE('',*,*,#3809,.F.);
#1292=ORIENTED_EDGE('',*,*,#3810,.T.);
#1293=ORIENTED_EDGE('',*,*,#3718,.T.);
#1294=ORIENTED_EDGE('',*,*,#3811,.T.);
#1295=ORIENTED_EDGE('',*,*,#3812,.F.);
#1296=ORIENTED_EDGE('',*,*,#3813,.F.);
#1297=ORIENTED_EDGE('',*,*,#3814,.F.);
#1298=ORIENTED_EDGE('',*,*,#3573,.T.);
#1299=ORIENTED_EDGE('',*,*,#3815,.T.);
#1300=ORIENTED_EDGE('',*,*,#3816,.F.);
#1301=ORIENTED_EDGE('',*,*,#3817,.T.);
#1302=ORIENTED_EDGE('',*,*,#3818,.F.);
#1303=ORIENTED_EDGE('',*,*,#3819,.F.);
#1304=ORIENTED_EDGE('',*,*,#3820,.F.);
#1305=ORIENTED_EDGE('',*,*,#3821,.T.);
#1306=ORIENTED_EDGE('',*,*,#3822,.T.);
#1307=ORIENTED_EDGE('',*,*,#3823,.T.);
#1308=ORIENTED_EDGE('',*,*,#3817,.F.);
#1309=ORIENTED_EDGE('',*,*,#3824,.F.);
#1310=ORIENTED_EDGE('',*,*,#3825,.F.);
#1311=ORIENTED_EDGE('',*,*,#3594,.T.);
#1312=ORIENTED_EDGE('',*,*,#3572,.F.);
#1313=ORIENTED_EDGE('',*,*,#3826,.T.);
#1314=ORIENTED_EDGE('',*,*,#3811,.F.);
#1315=ORIENTED_EDGE('',*,*,#3725,.F.);
#1316=ORIENTED_EDGE('',*,*,#3827,.T.);
#1317=ORIENTED_EDGE('',*,*,#3828,.F.);
#1318=ORIENTED_EDGE('',*,*,#3815,.F.);
#1319=ORIENTED_EDGE('',*,*,#3825,.T.);
#1320=ORIENTED_EDGE('',*,*,#3829,.F.);
#1321=ORIENTED_EDGE('',*,*,#3827,.F.);
#1322=ORIENTED_EDGE('',*,*,#3724,.F.);
#1323=ORIENTED_EDGE('',*,*,#3810,.F.);
#1324=ORIENTED_EDGE('',*,*,#3830,.T.);
#1325=ORIENTED_EDGE('',*,*,#3595,.F.);
#1326=ORIENTED_EDGE('',*,*,#3831,.T.);
#1327=ORIENTED_EDGE('',*,*,#3602,.T.);
#1328=ORIENTED_EDGE('',*,*,#3832,.T.);
#1329=ORIENTED_EDGE('',*,*,#3824,.T.);
#1330=ORIENTED_EDGE('',*,*,#3816,.T.);
#1331=ORIENTED_EDGE('',*,*,#3833,.T.);
#1332=ORIENTED_EDGE('',*,*,#3603,.T.);
#1333=ORIENTED_EDGE('',*,*,#3831,.F.);
#1334=ORIENTED_EDGE('',*,*,#3832,.F.);
#1335=ORIENTED_EDGE('',*,*,#3601,.T.);
#1336=ORIENTED_EDGE('',*,*,#3834,.T.);
#1337=ORIENTED_EDGE('',*,*,#3829,.T.);
#1338=ORIENTED_EDGE('',*,*,#3833,.F.);
#1339=ORIENTED_EDGE('',*,*,#3828,.T.);
#1340=ORIENTED_EDGE('',*,*,#3834,.F.);
#1341=ORIENTED_EDGE('',*,*,#3604,.T.);
#1342=ORIENTED_EDGE('',*,*,#3812,.T.);
#1343=ORIENTED_EDGE('',*,*,#3826,.F.);
#1344=ORIENTED_EDGE('',*,*,#3571,.F.);
#1345=ORIENTED_EDGE('',*,*,#3835,.F.);
#1346=ORIENTED_EDGE('',*,*,#3836,.T.);
#1347=ORIENTED_EDGE('',*,*,#3596,.F.);
#1348=ORIENTED_EDGE('',*,*,#3830,.F.);
#1349=ORIENTED_EDGE('',*,*,#3809,.T.);
#1350=ORIENTED_EDGE('',*,*,#3605,.T.);
#1351=ORIENTED_EDGE('',*,*,#3814,.T.);
#1352=ORIENTED_EDGE('',*,*,#3837,.F.);
#1353=ORIENTED_EDGE('',*,*,#3838,.F.);
#1354=ORIENTED_EDGE('',*,*,#3839,.F.);
#1355=ORIENTED_EDGE('',*,*,#3820,.T.);
#1356=ORIENTED_EDGE('',*,*,#3840,.F.);
#1357=ORIENTED_EDGE('',*,*,#3841,.F.);
#1358=ORIENTED_EDGE('',*,*,#3574,.F.);
#1359=ORIENTED_EDGE('',*,*,#3593,.T.);
#1360=ORIENTED_EDGE('',*,*,#3842,.F.);
#1361=ORIENTED_EDGE('',*,*,#3843,.F.);
#1362=ORIENTED_EDGE('',*,*,#3821,.F.);
#1363=ORIENTED_EDGE('',*,*,#3844,.F.);
#1364=ORIENTED_EDGE('',*,*,#3845,.F.);
#1365=ORIENTED_EDGE('',*,*,#3846,.F.);
#1366=ORIENTED_EDGE('',*,*,#3818,.T.);
#1367=ORIENTED_EDGE('',*,*,#3823,.F.);
#1368=ORIENTED_EDGE('',*,*,#3813,.T.);
#1369=ORIENTED_EDGE('',*,*,#3835,.T.);
#1370=ORIENTED_EDGE('',*,*,#3570,.T.);
#1371=ORIENTED_EDGE('',*,*,#3841,.T.);
#1372=ORIENTED_EDGE('',*,*,#3847,.T.);
#1373=ORIENTED_EDGE('',*,*,#3837,.T.);
#1374=ORIENTED_EDGE('',*,*,#3846,.T.);
#1375=ORIENTED_EDGE('',*,*,#3848,.T.);
#1376=ORIENTED_EDGE('',*,*,#3840,.T.);
#1377=ORIENTED_EDGE('',*,*,#3819,.T.);
#1378=ORIENTED_EDGE('',*,*,#3843,.T.);
#1379=ORIENTED_EDGE('',*,*,#3849,.T.);
#1380=ORIENTED_EDGE('',*,*,#3844,.T.);
#1381=ORIENTED_EDGE('',*,*,#3822,.F.);
#1382=ORIENTED_EDGE('',*,*,#3839,.T.);
#1383=ORIENTED_EDGE('',*,*,#3850,.T.);
#1384=ORIENTED_EDGE('',*,*,#3842,.T.);
#1385=ORIENTED_EDGE('',*,*,#3592,.T.);
#1386=ORIENTED_EDGE('',*,*,#3836,.F.);
#1387=ORIENTED_EDGE('',*,*,#3808,.F.);
#1388=ORIENTED_EDGE('',*,*,#3606,.F.);
#1389=ORIENTED_EDGE('',*,*,#3848,.F.);
#1390=ORIENTED_EDGE('',*,*,#3851,.T.);
#1391=ORIENTED_EDGE('',*,*,#3847,.F.);
#1392=ORIENTED_EDGE('',*,*,#3850,.F.);
#1393=ORIENTED_EDGE('',*,*,#3852,.T.);
#1394=ORIENTED_EDGE('',*,*,#3849,.F.);
#1395=ORIENTED_EDGE('',*,*,#3851,.F.);
#1396=ORIENTED_EDGE('',*,*,#3845,.T.);
#1397=ORIENTED_EDGE('',*,*,#3852,.F.);
#1398=ORIENTED_EDGE('',*,*,#3838,.T.);
#1399=ORIENTED_EDGE('',*,*,#3853,.F.);
#1400=ORIENTED_EDGE('',*,*,#3669,.F.);
#1401=ORIENTED_EDGE('',*,*,#3854,.F.);
#1402=ORIENTED_EDGE('',*,*,#3702,.F.);
#1403=ORIENTED_EDGE('',*,*,#3557,.T.);
#1404=ORIENTED_EDGE('',*,*,#3807,.F.);
#1405=ORIENTED_EDGE('',*,*,#3855,.F.);
#1406=ORIENTED_EDGE('',*,*,#3855,.T.);
#1407=ORIENTED_EDGE('',*,*,#3576,.F.);
#1408=ORIENTED_EDGE('',*,*,#3720,.F.);
#1409=ORIENTED_EDGE('',*,*,#3706,.F.);
#1410=ORIENTED_EDGE('',*,*,#3856,.F.);
#1411=ORIENTED_EDGE('',*,*,#3696,.F.);
#1412=ORIENTED_EDGE('',*,*,#3857,.F.);
#1413=ORIENTED_EDGE('',*,*,#3626,.F.);
#1414=ORIENTED_EDGE('',*,*,#3804,.F.);
#1415=ORIENTED_EDGE('',*,*,#3857,.T.);
#1416=ORIENTED_EDGE('',*,*,#3858,.F.);
#1417=ORIENTED_EDGE('',*,*,#3716,.F.);
#1418=ORIENTED_EDGE('',*,*,#3580,.F.);
#1419=ORIENTED_EDGE('',*,*,#3858,.T.);
#1420=ORIENTED_EDGE('',*,*,#3695,.F.);
#1421=ORIENTED_EDGE('',*,*,#3859,.F.);
#1422=ORIENTED_EDGE('',*,*,#3700,.F.);
#1423=ORIENTED_EDGE('',*,*,#3723,.F.);
#1424=ORIENTED_EDGE('',*,*,#3692,.F.);
#1425=ORIENTED_EDGE('',*,*,#3698,.F.);
#1426=ORIENTED_EDGE('',*,*,#3860,.F.);
#1427=ORIENTED_EDGE('',*,*,#3861,.F.);
#1428=ORIENTED_EDGE('',*,*,#3862,.F.);
#1429=ORIENTED_EDGE('',*,*,#3863,.F.);
#1430=ORIENTED_EDGE('',*,*,#3864,.F.);
#1431=ORIENTED_EDGE('',*,*,#3865,.T.);
#1432=ORIENTED_EDGE('',*,*,#3866,.F.);
#1433=ORIENTED_EDGE('',*,*,#3867,.F.);
#1434=ORIENTED_EDGE('',*,*,#3868,.F.);
#1435=ORIENTED_EDGE('',*,*,#3869,.F.);
#1436=ORIENTED_EDGE('',*,*,#3870,.F.);
#1437=ORIENTED_EDGE('',*,*,#3704,.F.);
#1438=ORIENTED_EDGE('',*,*,#3871,.F.);
#1439=ORIENTED_EDGE('',*,*,#3872,.F.);
#1440=ORIENTED_EDGE('',*,*,#3873,.F.);
#1441=ORIENTED_EDGE('',*,*,#3874,.F.);
#1442=ORIENTED_EDGE('',*,*,#3875,.F.);
#1443=ORIENTED_EDGE('',*,*,#3876,.F.);
#1444=ORIENTED_EDGE('',*,*,#3877,.F.);
#1445=ORIENTED_EDGE('',*,*,#3878,.F.);
#1446=ORIENTED_EDGE('',*,*,#3879,.F.);
#1447=ORIENTED_EDGE('',*,*,#3880,.F.);
#1448=ORIENTED_EDGE('',*,*,#3881,.F.);
#1449=ORIENTED_EDGE('',*,*,#3705,.F.);
#1450=ORIENTED_EDGE('',*,*,#3881,.T.);
#1451=ORIENTED_EDGE('',*,*,#3882,.T.);
#1452=ORIENTED_EDGE('',*,*,#3653,.F.);
#1453=ORIENTED_EDGE('',*,*,#3555,.T.);
#1454=ORIENTED_EDGE('',*,*,#3703,.F.);
#1455=ORIENTED_EDGE('',*,*,#3854,.T.);
#1456=ORIENTED_EDGE('',*,*,#3676,.F.);
#1457=ORIENTED_EDGE('',*,*,#3883,.F.);
#1458=ORIENTED_EDGE('',*,*,#3871,.T.);
#1459=ORIENTED_EDGE('',*,*,#3699,.F.);
#1460=ORIENTED_EDGE('',*,*,#3870,.T.);
#1461=ORIENTED_EDGE('',*,*,#3884,.T.);
#1462=ORIENTED_EDGE('',*,*,#3637,.F.);
#1463=ORIENTED_EDGE('',*,*,#3565,.T.);
#1464=ORIENTED_EDGE('',*,*,#3697,.F.);
#1465=ORIENTED_EDGE('',*,*,#3856,.T.);
#1466=ORIENTED_EDGE('',*,*,#3625,.F.);
#1467=ORIENTED_EDGE('',*,*,#3885,.F.);
#1468=ORIENTED_EDGE('',*,*,#3860,.T.);
#1469=ORIENTED_EDGE('',*,*,#3886,.F.);
#1470=ORIENTED_EDGE('',*,*,#3887,.T.);
#1471=ORIENTED_EDGE('',*,*,#3888,.T.);
#1472=ORIENTED_EDGE('',*,*,#3889,.T.);
#1473=ORIENTED_EDGE('',*,*,#3890,.T.);
#1474=ORIENTED_EDGE('',*,*,#3891,.T.);
#1475=ORIENTED_EDGE('',*,*,#3892,.T.);
#1476=ORIENTED_EDGE('',*,*,#3893,.T.);
#1477=ORIENTED_EDGE('',*,*,#3894,.T.);
#1478=ORIENTED_EDGE('',*,*,#3895,.T.);
#1479=ORIENTED_EDGE('',*,*,#3896,.T.);
#1480=ORIENTED_EDGE('',*,*,#3897,.T.);
#1481=ORIENTED_EDGE('',*,*,#3898,.T.);
#1482=ORIENTED_EDGE('',*,*,#3899,.T.);
#1483=ORIENTED_EDGE('',*,*,#3900,.T.);
#1484=ORIENTED_EDGE('',*,*,#3901,.T.);
#1485=ORIENTED_EDGE('',*,*,#3902,.T.);
#1486=ORIENTED_EDGE('',*,*,#3903,.F.);
#1487=ORIENTED_EDGE('',*,*,#3904,.F.);
#1488=ORIENTED_EDGE('',*,*,#3905,.F.);
#1489=ORIENTED_EDGE('',*,*,#3906,.F.);
#1490=ORIENTED_EDGE('',*,*,#3907,.F.);
#1491=ORIENTED_EDGE('',*,*,#3908,.F.);
#1492=ORIENTED_EDGE('',*,*,#3909,.F.);
#1493=ORIENTED_EDGE('',*,*,#3910,.F.);
#1494=ORIENTED_EDGE('',*,*,#3911,.F.);
#1495=ORIENTED_EDGE('',*,*,#3912,.F.);
#1496=ORIENTED_EDGE('',*,*,#3913,.F.);
#1497=ORIENTED_EDGE('',*,*,#3914,.T.);
#1498=ORIENTED_EDGE('',*,*,#3915,.T.);
#1499=ORIENTED_EDGE('',*,*,#3916,.F.);
#1500=ORIENTED_EDGE('',*,*,#3917,.T.);
#1501=ORIENTED_EDGE('',*,*,#3918,.T.);
#1502=ORIENTED_EDGE('',*,*,#3919,.T.);
#1503=ORIENTED_EDGE('',*,*,#3920,.T.);
#1504=ORIENTED_EDGE('',*,*,#3921,.T.);
#1505=ORIENTED_EDGE('',*,*,#3922,.T.);
#1506=ORIENTED_EDGE('',*,*,#3923,.F.);
#1507=ORIENTED_EDGE('',*,*,#3924,.F.);
#1508=ORIENTED_EDGE('',*,*,#3925,.F.);
#1509=ORIENTED_EDGE('',*,*,#3926,.F.);
#1510=ORIENTED_EDGE('',*,*,#3927,.F.);
#1511=ORIENTED_EDGE('',*,*,#3928,.F.);
#1512=ORIENTED_EDGE('',*,*,#3929,.F.);
#1513=ORIENTED_EDGE('',*,*,#3930,.F.);
#1514=ORIENTED_EDGE('',*,*,#3931,.F.);
#1515=ORIENTED_EDGE('',*,*,#3932,.F.);
#1516=ORIENTED_EDGE('',*,*,#3933,.F.);
#1517=ORIENTED_EDGE('',*,*,#3934,.F.);
#1518=ORIENTED_EDGE('',*,*,#3935,.T.);
#1519=ORIENTED_EDGE('',*,*,#3936,.T.);
#1520=ORIENTED_EDGE('',*,*,#3937,.T.);
#1521=ORIENTED_EDGE('',*,*,#3938,.T.);
#1522=ORIENTED_EDGE('',*,*,#3939,.T.);
#1523=ORIENTED_EDGE('',*,*,#3940,.T.);
#1524=ORIENTED_EDGE('',*,*,#3941,.T.);
#1525=ORIENTED_EDGE('',*,*,#3942,.T.);
#1526=ORIENTED_EDGE('',*,*,#3943,.T.);
#1527=ORIENTED_EDGE('',*,*,#3944,.T.);
#1528=ORIENTED_EDGE('',*,*,#3945,.T.);
#1529=ORIENTED_EDGE('',*,*,#3946,.T.);
#1530=ORIENTED_EDGE('',*,*,#3947,.T.);
#1531=ORIENTED_EDGE('',*,*,#3948,.T.);
#1532=ORIENTED_EDGE('',*,*,#3949,.T.);
#1533=ORIENTED_EDGE('',*,*,#3950,.T.);
#1534=ORIENTED_EDGE('',*,*,#3951,.T.);
#1535=ORIENTED_EDGE('',*,*,#3952,.T.);
#1536=ORIENTED_EDGE('',*,*,#3953,.T.);
#1537=ORIENTED_EDGE('',*,*,#3954,.T.);
#1538=ORIENTED_EDGE('',*,*,#3955,.T.);
#1539=ORIENTED_EDGE('',*,*,#3956,.T.);
#1540=ORIENTED_EDGE('',*,*,#3957,.F.);
#1541=ORIENTED_EDGE('',*,*,#3670,.F.);
#1542=ORIENTED_EDGE('',*,*,#3853,.T.);
#1543=ORIENTED_EDGE('',*,*,#3701,.F.);
#1544=ORIENTED_EDGE('',*,*,#3859,.T.);
#1545=ORIENTED_EDGE('',*,*,#3691,.F.);
#1546=ORIENTED_EDGE('',*,*,#3563,.T.);
#1547=ORIENTED_EDGE('',*,*,#3636,.F.);
#1548=ORIENTED_EDGE('',*,*,#3958,.F.);
#1549=ORIENTED_EDGE('',*,*,#3959,.T.);
#1550=ORIENTED_EDGE('',*,*,#3960,.F.);
#1551=ORIENTED_EDGE('',*,*,#3961,.T.);
#1552=ORIENTED_EDGE('',*,*,#3962,.F.);
#1553=ORIENTED_EDGE('',*,*,#3915,.F.);
#1554=ORIENTED_EDGE('',*,*,#3963,.F.);
#1555=ORIENTED_EDGE('',*,*,#3964,.T.);
#1556=ORIENTED_EDGE('',*,*,#3965,.F.);
#1557=ORIENTED_EDGE('',*,*,#3966,.T.);
#1558=ORIENTED_EDGE('',*,*,#3967,.F.);
#1559=ORIENTED_EDGE('',*,*,#3950,.F.);
#1560=ORIENTED_EDGE('',*,*,#3968,.F.);
#1561=ORIENTED_EDGE('',*,*,#3969,.T.);
#1562=ORIENTED_EDGE('',*,*,#3970,.F.);
#1563=ORIENTED_EDGE('',*,*,#3971,.T.);
#1564=ORIENTED_EDGE('',*,*,#3972,.F.);
#1565=ORIENTED_EDGE('',*,*,#3973,.F.);
#1566=ORIENTED_EDGE('',*,*,#3974,.T.);
#1567=ORIENTED_EDGE('',*,*,#3975,.F.);
#1568=ORIENTED_EDGE('',*,*,#3976,.T.);
#1569=ORIENTED_EDGE('',*,*,#3977,.F.);
#1570=ORIENTED_EDGE('',*,*,#3978,.T.);
#1571=ORIENTED_EDGE('',*,*,#3979,.F.);
#1572=ORIENTED_EDGE('',*,*,#3980,.T.);
#1573=ORIENTED_EDGE('',*,*,#3981,.F.);
#1574=ORIENTED_EDGE('',*,*,#3982,.T.);
#1575=ORIENTED_EDGE('',*,*,#3983,.F.);
#1576=ORIENTED_EDGE('',*,*,#3984,.T.);
#1577=ORIENTED_EDGE('',*,*,#3985,.F.);
#1578=ORIENTED_EDGE('',*,*,#3986,.T.);
#1579=ORIENTED_EDGE('',*,*,#3987,.F.);
#1580=ORIENTED_EDGE('',*,*,#3988,.T.);
#1581=ORIENTED_EDGE('',*,*,#3989,.F.);
#1582=ORIENTED_EDGE('',*,*,#3990,.T.);
#1583=ORIENTED_EDGE('',*,*,#3991,.F.);
#1584=ORIENTED_EDGE('',*,*,#3992,.T.);
#1585=ORIENTED_EDGE('',*,*,#3993,.F.);
#1586=ORIENTED_EDGE('',*,*,#3994,.T.);
#1587=ORIENTED_EDGE('',*,*,#3995,.F.);
#1588=ORIENTED_EDGE('',*,*,#3996,.T.);
#1589=ORIENTED_EDGE('',*,*,#3997,.F.);
#1590=ORIENTED_EDGE('',*,*,#3998,.T.);
#1591=ORIENTED_EDGE('',*,*,#3999,.F.);
#1592=ORIENTED_EDGE('',*,*,#4000,.T.);
#1593=ORIENTED_EDGE('',*,*,#4001,.F.);
#1594=ORIENTED_EDGE('',*,*,#4002,.T.);
#1595=ORIENTED_EDGE('',*,*,#4003,.F.);
#1596=ORIENTED_EDGE('',*,*,#4004,.T.);
#1597=ORIENTED_EDGE('',*,*,#4005,.F.);
#1598=ORIENTED_EDGE('',*,*,#4006,.T.);
#1599=ORIENTED_EDGE('',*,*,#4007,.F.);
#1600=ORIENTED_EDGE('',*,*,#4008,.T.);
#1601=ORIENTED_EDGE('',*,*,#4009,.F.);
#1602=ORIENTED_EDGE('',*,*,#4010,.T.);
#1603=ORIENTED_EDGE('',*,*,#4011,.F.);
#1604=ORIENTED_EDGE('',*,*,#4012,.T.);
#1605=ORIENTED_EDGE('',*,*,#4013,.F.);
#1606=ORIENTED_EDGE('',*,*,#4014,.T.);
#1607=ORIENTED_EDGE('',*,*,#4015,.F.);
#1608=ORIENTED_EDGE('',*,*,#4016,.T.);
#1609=ORIENTED_EDGE('',*,*,#4017,.F.);
#1610=ORIENTED_EDGE('',*,*,#4018,.T.);
#1611=ORIENTED_EDGE('',*,*,#4019,.F.);
#1612=ORIENTED_EDGE('',*,*,#4020,.T.);
#1613=ORIENTED_EDGE('',*,*,#4021,.F.);
#1614=ORIENTED_EDGE('',*,*,#3552,.F.);
#1615=ORIENTED_EDGE('',*,*,#3643,.T.);
#1616=ORIENTED_EDGE('',*,*,#4022,.T.);
#1617=ORIENTED_EDGE('',*,*,#4023,.F.);
#1618=ORIENTED_EDGE('',*,*,#4024,.T.);
#1619=ORIENTED_EDGE('',*,*,#4025,.F.);
#1620=ORIENTED_EDGE('',*,*,#4026,.T.);
#1621=ORIENTED_EDGE('',*,*,#3923,.T.);
#1622=ORIENTED_EDGE('',*,*,#4027,.T.);
#1623=ORIENTED_EDGE('',*,*,#4028,.F.);
#1624=ORIENTED_EDGE('',*,*,#4029,.T.);
#1625=ORIENTED_EDGE('',*,*,#4030,.F.);
#1626=ORIENTED_EDGE('',*,*,#4031,.T.);
#1627=ORIENTED_EDGE('',*,*,#3886,.T.);
#1628=ORIENTED_EDGE('',*,*,#4032,.T.);
#1629=ORIENTED_EDGE('',*,*,#4033,.F.);
#1630=ORIENTED_EDGE('',*,*,#4034,.T.);
#1631=ORIENTED_EDGE('',*,*,#4035,.F.);
#1632=ORIENTED_EDGE('',*,*,#4036,.T.);
#1633=ORIENTED_EDGE('',*,*,#3609,.T.);
#1634=ORIENTED_EDGE('',*,*,#3559,.F.);
#1635=ORIENTED_EDGE('',*,*,#3543,.T.);
#1636=ORIENTED_EDGE('',*,*,#3567,.F.);
#1637=ORIENTED_EDGE('',*,*,#3547,.T.);
#1638=ORIENTED_EDGE('',*,*,#4037,.F.);
#1639=ORIENTED_EDGE('',*,*,#4038,.T.);
#1640=ORIENTED_EDGE('',*,*,#4039,.F.);
#1641=ORIENTED_EDGE('',*,*,#4040,.T.);
#1642=ORIENTED_EDGE('',*,*,#4041,.F.);
#1643=ORIENTED_EDGE('',*,*,#4042,.T.);
#1644=ORIENTED_EDGE('',*,*,#4043,.F.);
#1645=ORIENTED_EDGE('',*,*,#4044,.T.);
#1646=ORIENTED_EDGE('',*,*,#4045,.F.);
#1647=ORIENTED_EDGE('',*,*,#4046,.T.);
#1648=ORIENTED_EDGE('',*,*,#4047,.F.);
#1649=ORIENTED_EDGE('',*,*,#4048,.T.);
#1650=ORIENTED_EDGE('',*,*,#4049,.F.);
#1651=ORIENTED_EDGE('',*,*,#4050,.T.);
#1652=ORIENTED_EDGE('',*,*,#4051,.F.);
#1653=ORIENTED_EDGE('',*,*,#4052,.T.);
#1654=ORIENTED_EDGE('',*,*,#4053,.F.);
#1655=ORIENTED_EDGE('',*,*,#4054,.T.);
#1656=ORIENTED_EDGE('',*,*,#4055,.F.);
#1657=ORIENTED_EDGE('',*,*,#4056,.T.);
#1658=ORIENTED_EDGE('',*,*,#4057,.F.);
#1659=ORIENTED_EDGE('',*,*,#4058,.T.);
#1660=ORIENTED_EDGE('',*,*,#4059,.F.);
#1661=ORIENTED_EDGE('',*,*,#4060,.T.);
#1662=ORIENTED_EDGE('',*,*,#4061,.F.);
#1663=ORIENTED_EDGE('',*,*,#4062,.T.);
#1664=ORIENTED_EDGE('',*,*,#4063,.F.);
#1665=ORIENTED_EDGE('',*,*,#4064,.T.);
#1666=ORIENTED_EDGE('',*,*,#4065,.F.);
#1667=ORIENTED_EDGE('',*,*,#4066,.T.);
#1668=ORIENTED_EDGE('',*,*,#4067,.F.);
#1669=ORIENTED_EDGE('',*,*,#4068,.T.);
#1670=ORIENTED_EDGE('',*,*,#4069,.F.);
#1671=ORIENTED_EDGE('',*,*,#4070,.T.);
#1672=ORIENTED_EDGE('',*,*,#4071,.F.);
#1673=ORIENTED_EDGE('',*,*,#4072,.T.);
#1674=ORIENTED_EDGE('',*,*,#4073,.F.);
#1675=ORIENTED_EDGE('',*,*,#4074,.T.);
#1676=ORIENTED_EDGE('',*,*,#4075,.F.);
#1677=ORIENTED_EDGE('',*,*,#4076,.T.);
#1678=ORIENTED_EDGE('',*,*,#4077,.F.);
#1679=ORIENTED_EDGE('',*,*,#4078,.T.);
#1680=ORIENTED_EDGE('',*,*,#4079,.F.);
#1681=ORIENTED_EDGE('',*,*,#4080,.T.);
#1682=ORIENTED_EDGE('',*,*,#4081,.F.);
#1683=ORIENTED_EDGE('',*,*,#4082,.T.);
#1684=ORIENTED_EDGE('',*,*,#4083,.F.);
#1685=ORIENTED_EDGE('',*,*,#4084,.T.);
#1686=ORIENTED_EDGE('',*,*,#4085,.F.);
#1687=ORIENTED_EDGE('',*,*,#4021,.T.);
#1688=ORIENTED_EDGE('',*,*,#4085,.T.);
#1689=ORIENTED_EDGE('',*,*,#4075,.T.);
#1690=ORIENTED_EDGE('',*,*,#4086,.T.);
#1691=ORIENTED_EDGE('',*,*,#4009,.T.);
#1692=ORIENTED_EDGE('',*,*,#4087,.T.);
#1693=ORIENTED_EDGE('',*,*,#4019,.T.);
#1694=ORIENTED_EDGE('',*,*,#4088,.T.);
#1695=ORIENTED_EDGE('',*,*,#4077,.T.);
#1696=ORIENTED_EDGE('',*,*,#4089,.T.);
#1697=ORIENTED_EDGE('',*,*,#4079,.T.);
#1698=ORIENTED_EDGE('',*,*,#4090,.T.);
#1699=ORIENTED_EDGE('',*,*,#4017,.T.);
#1700=ORIENTED_EDGE('',*,*,#4091,.T.);
#1701=ORIENTED_EDGE('',*,*,#4081,.T.);
#1702=ORIENTED_EDGE('',*,*,#4092,.T.);
#1703=ORIENTED_EDGE('',*,*,#4015,.T.);
#1704=ORIENTED_EDGE('',*,*,#4093,.T.);
#1705=ORIENTED_EDGE('',*,*,#4083,.T.);
#1706=ORIENTED_EDGE('',*,*,#4094,.T.);
#1707=ORIENTED_EDGE('',*,*,#4013,.T.);
#1708=ORIENTED_EDGE('',*,*,#4095,.T.);
#1709=ORIENTED_EDGE('',*,*,#4073,.T.);
#1710=ORIENTED_EDGE('',*,*,#4096,.T.);
#1711=ORIENTED_EDGE('',*,*,#4011,.T.);
#1712=ORIENTED_EDGE('',*,*,#4097,.T.);
#1713=ORIENTED_EDGE('',*,*,#3997,.T.);
#1714=ORIENTED_EDGE('',*,*,#4098,.T.);
#1715=ORIENTED_EDGE('',*,*,#4063,.T.);
#1716=ORIENTED_EDGE('',*,*,#4099,.T.);
#1717=ORIENTED_EDGE('',*,*,#4065,.T.);
#1718=ORIENTED_EDGE('',*,*,#4100,.T.);
#1719=ORIENTED_EDGE('',*,*,#4007,.T.);
#1720=ORIENTED_EDGE('',*,*,#4101,.T.);
#1721=ORIENTED_EDGE('',*,*,#4067,.T.);
#1722=ORIENTED_EDGE('',*,*,#4102,.T.);
#1723=ORIENTED_EDGE('',*,*,#4005,.T.);
#1724=ORIENTED_EDGE('',*,*,#4103,.T.);
#1725=ORIENTED_EDGE('',*,*,#4069,.T.);
#1726=ORIENTED_EDGE('',*,*,#4104,.T.);
#1727=ORIENTED_EDGE('',*,*,#4003,.T.);
#1728=ORIENTED_EDGE('',*,*,#4105,.T.);
#1729=ORIENTED_EDGE('',*,*,#4071,.T.);
#1730=ORIENTED_EDGE('',*,*,#4106,.T.);
#1731=ORIENTED_EDGE('',*,*,#4001,.T.);
#1732=ORIENTED_EDGE('',*,*,#4107,.T.);
#1733=ORIENTED_EDGE('',*,*,#4061,.T.);
#1734=ORIENTED_EDGE('',*,*,#4108,.T.);
#1735=ORIENTED_EDGE('',*,*,#3999,.T.);
#1736=ORIENTED_EDGE('',*,*,#4109,.T.);
#1737=ORIENTED_EDGE('',*,*,#3985,.T.);
#1738=ORIENTED_EDGE('',*,*,#4110,.T.);
#1739=ORIENTED_EDGE('',*,*,#4051,.T.);
#1740=ORIENTED_EDGE('',*,*,#4111,.T.);
#1741=ORIENTED_EDGE('',*,*,#4053,.T.);
#1742=ORIENTED_EDGE('',*,*,#4112,.T.);
#1743=ORIENTED_EDGE('',*,*,#3995,.T.);
#1744=ORIENTED_EDGE('',*,*,#4113,.T.);
#1745=ORIENTED_EDGE('',*,*,#4055,.T.);
#1746=ORIENTED_EDGE('',*,*,#4114,.T.);
#1747=ORIENTED_EDGE('',*,*,#3993,.T.);
#1748=ORIENTED_EDGE('',*,*,#4115,.T.);
#1749=ORIENTED_EDGE('',*,*,#4057,.T.);
#1750=ORIENTED_EDGE('',*,*,#4116,.T.);
#1751=ORIENTED_EDGE('',*,*,#3991,.T.);
#1752=ORIENTED_EDGE('',*,*,#4117,.T.);
#1753=ORIENTED_EDGE('',*,*,#4059,.T.);
#1754=ORIENTED_EDGE('',*,*,#4118,.T.);
#1755=ORIENTED_EDGE('',*,*,#3989,.T.);
#1756=ORIENTED_EDGE('',*,*,#4119,.T.);
#1757=ORIENTED_EDGE('',*,*,#4049,.T.);
#1758=ORIENTED_EDGE('',*,*,#4120,.T.);
#1759=ORIENTED_EDGE('',*,*,#3987,.T.);
#1760=ORIENTED_EDGE('',*,*,#4121,.T.);
#1761=ORIENTED_EDGE('',*,*,#3973,.T.);
#1762=ORIENTED_EDGE('',*,*,#4122,.T.);
#1763=ORIENTED_EDGE('',*,*,#4039,.T.);
#1764=ORIENTED_EDGE('',*,*,#4123,.T.);
#1765=ORIENTED_EDGE('',*,*,#4041,.T.);
#1766=ORIENTED_EDGE('',*,*,#4124,.T.);
#1767=ORIENTED_EDGE('',*,*,#3983,.T.);
#1768=ORIENTED_EDGE('',*,*,#4125,.T.);
#1769=ORIENTED_EDGE('',*,*,#4043,.T.);
#1770=ORIENTED_EDGE('',*,*,#4126,.T.);
#1771=ORIENTED_EDGE('',*,*,#3981,.T.);
#1772=ORIENTED_EDGE('',*,*,#4127,.T.);
#1773=ORIENTED_EDGE('',*,*,#4045,.T.);
#1774=ORIENTED_EDGE('',*,*,#4128,.T.);
#1775=ORIENTED_EDGE('',*,*,#3979,.T.);
#1776=ORIENTED_EDGE('',*,*,#4129,.T.);
#1777=ORIENTED_EDGE('',*,*,#4047,.T.);
#1778=ORIENTED_EDGE('',*,*,#4130,.T.);
#1779=ORIENTED_EDGE('',*,*,#3977,.T.);
#1780=ORIENTED_EDGE('',*,*,#4131,.T.);
#1781=ORIENTED_EDGE('',*,*,#4037,.T.);
#1782=ORIENTED_EDGE('',*,*,#4132,.T.);
#1783=ORIENTED_EDGE('',*,*,#3975,.T.);
#1784=ORIENTED_EDGE('',*,*,#4133,.T.);
#1785=ORIENTED_EDGE('',*,*,#4018,.F.);
#1786=ORIENTED_EDGE('',*,*,#4090,.F.);
#1787=ORIENTED_EDGE('',*,*,#4078,.F.);
#1788=ORIENTED_EDGE('',*,*,#4088,.F.);
#1789=ORIENTED_EDGE('',*,*,#4016,.F.);
#1790=ORIENTED_EDGE('',*,*,#4092,.F.);
#1791=ORIENTED_EDGE('',*,*,#4080,.F.);
#1792=ORIENTED_EDGE('',*,*,#4091,.F.);
#1793=ORIENTED_EDGE('',*,*,#4014,.F.);
#1794=ORIENTED_EDGE('',*,*,#4094,.F.);
#1795=ORIENTED_EDGE('',*,*,#4082,.F.);
#1796=ORIENTED_EDGE('',*,*,#4093,.F.);
#1797=ORIENTED_EDGE('',*,*,#4012,.F.);
#1798=ORIENTED_EDGE('',*,*,#4096,.F.);
#1799=ORIENTED_EDGE('',*,*,#4084,.F.);
#1800=ORIENTED_EDGE('',*,*,#4095,.F.);
#1801=ORIENTED_EDGE('',*,*,#4010,.F.);
#1802=ORIENTED_EDGE('',*,*,#4086,.F.);
#1803=ORIENTED_EDGE('',*,*,#4074,.F.);
#1804=ORIENTED_EDGE('',*,*,#4097,.F.);
#1805=ORIENTED_EDGE('',*,*,#4008,.F.);
#1806=ORIENTED_EDGE('',*,*,#4100,.F.);
#1807=ORIENTED_EDGE('',*,*,#4064,.F.);
#1808=ORIENTED_EDGE('',*,*,#4098,.F.);
#1809=ORIENTED_EDGE('',*,*,#4006,.F.);
#1810=ORIENTED_EDGE('',*,*,#4102,.F.);
#1811=ORIENTED_EDGE('',*,*,#4066,.F.);
#1812=ORIENTED_EDGE('',*,*,#4101,.F.);
#1813=ORIENTED_EDGE('',*,*,#4004,.F.);
#1814=ORIENTED_EDGE('',*,*,#4104,.F.);
#1815=ORIENTED_EDGE('',*,*,#4068,.F.);
#1816=ORIENTED_EDGE('',*,*,#4103,.F.);
#1817=ORIENTED_EDGE('',*,*,#4002,.F.);
#1818=ORIENTED_EDGE('',*,*,#4106,.F.);
#1819=ORIENTED_EDGE('',*,*,#4070,.F.);
#1820=ORIENTED_EDGE('',*,*,#4105,.F.);
#1821=ORIENTED_EDGE('',*,*,#4000,.F.);
#1822=ORIENTED_EDGE('',*,*,#4108,.F.);
#1823=ORIENTED_EDGE('',*,*,#4072,.F.);
#1824=ORIENTED_EDGE('',*,*,#4107,.F.);
#1825=ORIENTED_EDGE('',*,*,#3998,.F.);
#1826=ORIENTED_EDGE('',*,*,#4099,.F.);
#1827=ORIENTED_EDGE('',*,*,#4062,.F.);
#1828=ORIENTED_EDGE('',*,*,#4109,.F.);
#1829=ORIENTED_EDGE('',*,*,#3996,.F.);
#1830=ORIENTED_EDGE('',*,*,#4112,.F.);
#1831=ORIENTED_EDGE('',*,*,#4052,.F.);
#1832=ORIENTED_EDGE('',*,*,#4110,.F.);
#1833=ORIENTED_EDGE('',*,*,#3994,.F.);
#1834=ORIENTED_EDGE('',*,*,#4114,.F.);
#1835=ORIENTED_EDGE('',*,*,#4054,.F.);
#1836=ORIENTED_EDGE('',*,*,#4113,.F.);
#1837=ORIENTED_EDGE('',*,*,#3992,.F.);
#1838=ORIENTED_EDGE('',*,*,#4116,.F.);
#1839=ORIENTED_EDGE('',*,*,#4056,.F.);
#1840=ORIENTED_EDGE('',*,*,#4115,.F.);
#1841=ORIENTED_EDGE('',*,*,#3990,.F.);
#1842=ORIENTED_EDGE('',*,*,#4118,.F.);
#1843=ORIENTED_EDGE('',*,*,#4058,.F.);
#1844=ORIENTED_EDGE('',*,*,#4117,.F.);
#1845=ORIENTED_EDGE('',*,*,#3988,.F.);
#1846=ORIENTED_EDGE('',*,*,#4120,.F.);
#1847=ORIENTED_EDGE('',*,*,#4060,.F.);
#1848=ORIENTED_EDGE('',*,*,#4119,.F.);
#1849=ORIENTED_EDGE('',*,*,#3986,.F.);
#1850=ORIENTED_EDGE('',*,*,#4111,.F.);
#1851=ORIENTED_EDGE('',*,*,#4050,.F.);
#1852=ORIENTED_EDGE('',*,*,#4121,.F.);
#1853=ORIENTED_EDGE('',*,*,#3984,.F.);
#1854=ORIENTED_EDGE('',*,*,#4124,.F.);
#1855=ORIENTED_EDGE('',*,*,#4040,.F.);
#1856=ORIENTED_EDGE('',*,*,#4122,.F.);
#1857=ORIENTED_EDGE('',*,*,#3982,.F.);
#1858=ORIENTED_EDGE('',*,*,#4126,.F.);
#1859=ORIENTED_EDGE('',*,*,#4042,.F.);
#1860=ORIENTED_EDGE('',*,*,#4125,.F.);
#1861=ORIENTED_EDGE('',*,*,#3980,.F.);
#1862=ORIENTED_EDGE('',*,*,#4128,.F.);
#1863=ORIENTED_EDGE('',*,*,#4044,.F.);
#1864=ORIENTED_EDGE('',*,*,#4127,.F.);
#1865=ORIENTED_EDGE('',*,*,#3978,.F.);
#1866=ORIENTED_EDGE('',*,*,#4130,.F.);
#1867=ORIENTED_EDGE('',*,*,#4046,.F.);
#1868=ORIENTED_EDGE('',*,*,#4129,.F.);
#1869=ORIENTED_EDGE('',*,*,#3976,.F.);
#1870=ORIENTED_EDGE('',*,*,#4132,.F.);
#1871=ORIENTED_EDGE('',*,*,#4048,.F.);
#1872=ORIENTED_EDGE('',*,*,#4131,.F.);
#1873=ORIENTED_EDGE('',*,*,#3974,.F.);
#1874=ORIENTED_EDGE('',*,*,#4123,.F.);
#1875=ORIENTED_EDGE('',*,*,#4038,.F.);
#1876=ORIENTED_EDGE('',*,*,#4133,.F.);
#1877=ORIENTED_EDGE('',*,*,#4020,.F.);
#1878=ORIENTED_EDGE('',*,*,#4089,.F.);
#1879=ORIENTED_EDGE('',*,*,#4076,.F.);
#1880=ORIENTED_EDGE('',*,*,#4087,.F.);
#1881=ORIENTED_EDGE('',*,*,#4032,.F.);
#1882=ORIENTED_EDGE('',*,*,#3913,.T.);
#1883=ORIENTED_EDGE('',*,*,#4134,.T.);
#1884=ORIENTED_EDGE('',*,*,#4135,.T.);
#1885=ORIENTED_EDGE('',*,*,#4136,.T.);
#1886=ORIENTED_EDGE('',*,*,#4137,.F.);
#1887=ORIENTED_EDGE('',*,*,#4035,.T.);
#1888=ORIENTED_EDGE('',*,*,#4138,.F.);
#1889=ORIENTED_EDGE('',*,*,#4139,.F.);
#1890=ORIENTED_EDGE('',*,*,#4140,.F.);
#1891=ORIENTED_EDGE('',*,*,#4033,.T.);
#1892=ORIENTED_EDGE('',*,*,#4136,.F.);
#1893=ORIENTED_EDGE('',*,*,#4141,.F.);
#1894=ORIENTED_EDGE('',*,*,#4036,.F.);
#1895=ORIENTED_EDGE('',*,*,#4137,.T.);
#1896=ORIENTED_EDGE('',*,*,#4142,.T.);
#1897=ORIENTED_EDGE('',*,*,#4143,.T.);
#1898=ORIENTED_EDGE('',*,*,#3610,.T.);
#1899=ORIENTED_EDGE('',*,*,#4034,.F.);
#1900=ORIENTED_EDGE('',*,*,#4140,.T.);
#1901=ORIENTED_EDGE('',*,*,#4144,.T.);
#1902=ORIENTED_EDGE('',*,*,#4145,.T.);
#1903=ORIENTED_EDGE('',*,*,#4138,.T.);
#1904=ORIENTED_EDGE('',*,*,#4027,.F.);
#1905=ORIENTED_EDGE('',*,*,#3922,.F.);
#1906=ORIENTED_EDGE('',*,*,#4146,.F.);
#1907=ORIENTED_EDGE('',*,*,#4147,.F.);
#1908=ORIENTED_EDGE('',*,*,#4148,.F.);
#1909=ORIENTED_EDGE('',*,*,#4149,.T.);
#1910=ORIENTED_EDGE('',*,*,#4028,.T.);
#1911=ORIENTED_EDGE('',*,*,#4148,.T.);
#1912=ORIENTED_EDGE('',*,*,#4150,.T.);
#1913=ORIENTED_EDGE('',*,*,#4151,.T.);
#1914=ORIENTED_EDGE('',*,*,#4030,.T.);
#1915=ORIENTED_EDGE('',*,*,#4152,.T.);
#1916=ORIENTED_EDGE('',*,*,#4153,.T.);
#1917=ORIENTED_EDGE('',*,*,#4031,.F.);
#1918=ORIENTED_EDGE('',*,*,#4151,.F.);
#1919=ORIENTED_EDGE('',*,*,#4154,.F.);
#1920=ORIENTED_EDGE('',*,*,#4155,.F.);
#1921=ORIENTED_EDGE('',*,*,#3887,.F.);
#1922=ORIENTED_EDGE('',*,*,#4029,.F.);
#1923=ORIENTED_EDGE('',*,*,#4149,.F.);
#1924=ORIENTED_EDGE('',*,*,#4156,.F.);
#1925=ORIENTED_EDGE('',*,*,#4157,.F.);
#1926=ORIENTED_EDGE('',*,*,#4152,.F.);
#1927=ORIENTED_EDGE('',*,*,#4022,.F.);
#1928=ORIENTED_EDGE('',*,*,#3668,.T.);
#1929=ORIENTED_EDGE('',*,*,#4158,.T.);
#1930=ORIENTED_EDGE('',*,*,#4159,.T.);
#1931=ORIENTED_EDGE('',*,*,#4160,.T.);
#1932=ORIENTED_EDGE('',*,*,#4161,.F.);
#1933=ORIENTED_EDGE('',*,*,#4025,.T.);
#1934=ORIENTED_EDGE('',*,*,#4162,.F.);
#1935=ORIENTED_EDGE('',*,*,#4163,.F.);
#1936=ORIENTED_EDGE('',*,*,#4164,.F.);
#1937=ORIENTED_EDGE('',*,*,#4023,.T.);
#1938=ORIENTED_EDGE('',*,*,#4160,.F.);
#1939=ORIENTED_EDGE('',*,*,#4165,.F.);
#1940=ORIENTED_EDGE('',*,*,#4026,.F.);
#1941=ORIENTED_EDGE('',*,*,#4161,.T.);
#1942=ORIENTED_EDGE('',*,*,#4166,.T.);
#1943=ORIENTED_EDGE('',*,*,#4167,.T.);
#1944=ORIENTED_EDGE('',*,*,#3924,.T.);
#1945=ORIENTED_EDGE('',*,*,#4024,.F.);
#1946=ORIENTED_EDGE('',*,*,#4164,.T.);
#1947=ORIENTED_EDGE('',*,*,#4168,.T.);
#1948=ORIENTED_EDGE('',*,*,#4169,.T.);
#1949=ORIENTED_EDGE('',*,*,#4162,.T.);
#1950=ORIENTED_EDGE('',*,*,#4170,.F.);
#1951=ORIENTED_EDGE('',*,*,#4171,.T.);
#1952=ORIENTED_EDGE('',*,*,#3864,.T.);
#1953=ORIENTED_EDGE('',*,*,#4172,.T.);
#1954=ORIENTED_EDGE('',*,*,#3621,.F.);
#1955=ORIENTED_EDGE('',*,*,#3866,.T.);
#1956=ORIENTED_EDGE('',*,*,#4173,.T.);
#1957=ORIENTED_EDGE('',*,*,#4174,.F.);
#1958=ORIENTED_EDGE('',*,*,#3641,.F.);
#1959=ORIENTED_EDGE('',*,*,#4175,.F.);
#1960=ORIENTED_EDGE('',*,*,#3622,.F.);
#1961=ORIENTED_EDGE('',*,*,#4172,.F.);
#1962=ORIENTED_EDGE('',*,*,#3863,.T.);
#1963=ORIENTED_EDGE('',*,*,#4176,.T.);
#1964=ORIENTED_EDGE('',*,*,#3640,.F.);
#1965=ORIENTED_EDGE('',*,*,#4177,.F.);
#1966=ORIENTED_EDGE('',*,*,#3867,.T.);
#1967=ORIENTED_EDGE('',*,*,#4175,.T.);
#1968=ORIENTED_EDGE('',*,*,#3639,.F.);
#1969=ORIENTED_EDGE('',*,*,#4178,.F.);
#1970=ORIENTED_EDGE('',*,*,#3868,.T.);
#1971=ORIENTED_EDGE('',*,*,#4177,.T.);
#1972=ORIENTED_EDGE('',*,*,#3638,.F.);
#1973=ORIENTED_EDGE('',*,*,#3884,.F.);
#1974=ORIENTED_EDGE('',*,*,#3869,.T.);
#1975=ORIENTED_EDGE('',*,*,#4178,.T.);
#1976=ORIENTED_EDGE('',*,*,#3624,.F.);
#1977=ORIENTED_EDGE('',*,*,#4179,.F.);
#1978=ORIENTED_EDGE('',*,*,#3861,.T.);
#1979=ORIENTED_EDGE('',*,*,#3885,.T.);
#1980=ORIENTED_EDGE('',*,*,#3623,.F.);
#1981=ORIENTED_EDGE('',*,*,#4176,.F.);
#1982=ORIENTED_EDGE('',*,*,#3862,.T.);
#1983=ORIENTED_EDGE('',*,*,#4179,.T.);
#1984=ORIENTED_EDGE('',*,*,#4180,.T.);
#1985=ORIENTED_EDGE('',*,*,#4170,.T.);
#1986=ORIENTED_EDGE('',*,*,#3620,.T.);
#1987=ORIENTED_EDGE('',*,*,#4181,.T.);
#1988=ORIENTED_EDGE('',*,*,#3916,.T.);
#1989=ORIENTED_EDGE('',*,*,#3962,.T.);
#1990=ORIENTED_EDGE('',*,*,#4182,.T.);
#1991=ORIENTED_EDGE('',*,*,#4183,.F.);
#1992=ORIENTED_EDGE('',*,*,#4184,.T.);
#1993=ORIENTED_EDGE('',*,*,#4185,.F.);
#1994=ORIENTED_EDGE('',*,*,#4186,.T.);
#1995=ORIENTED_EDGE('',*,*,#4187,.F.);
#1996=ORIENTED_EDGE('',*,*,#4188,.F.);
#1997=ORIENTED_EDGE('',*,*,#4189,.T.);
#1998=ORIENTED_EDGE('',*,*,#4190,.T.);
#1999=ORIENTED_EDGE('',*,*,#4191,.F.);
#2000=ORIENTED_EDGE('',*,*,#4192,.F.);
#2001=ORIENTED_EDGE('',*,*,#4193,.F.);
#2002=ORIENTED_EDGE('',*,*,#4194,.F.);
#2003=ORIENTED_EDGE('',*,*,#4195,.F.);
#2004=ORIENTED_EDGE('',*,*,#4196,.F.);
#2005=ORIENTED_EDGE('',*,*,#4197,.F.);
#2006=ORIENTED_EDGE('',*,*,#4198,.F.);
#2007=ORIENTED_EDGE('',*,*,#4199,.F.);
#2008=ORIENTED_EDGE('',*,*,#4200,.F.);
#2009=ORIENTED_EDGE('',*,*,#4201,.F.);
#2010=ORIENTED_EDGE('',*,*,#4202,.F.);
#2011=ORIENTED_EDGE('',*,*,#4203,.F.);
#2012=ORIENTED_EDGE('',*,*,#4204,.F.);
#2013=ORIENTED_EDGE('',*,*,#4205,.F.);
#2014=ORIENTED_EDGE('',*,*,#4206,.T.);
#2015=ORIENTED_EDGE('',*,*,#4207,.F.);
#2016=ORIENTED_EDGE('',*,*,#4208,.F.);
#2017=ORIENTED_EDGE('',*,*,#4209,.T.);
#2018=ORIENTED_EDGE('',*,*,#4210,.T.);
#2019=ORIENTED_EDGE('',*,*,#4211,.F.);
#2020=ORIENTED_EDGE('',*,*,#4212,.F.);
#2021=ORIENTED_EDGE('',*,*,#4213,.F.);
#2022=ORIENTED_EDGE('',*,*,#4214,.F.);
#2023=ORIENTED_EDGE('',*,*,#4215,.T.);
#2024=ORIENTED_EDGE('',*,*,#4216,.T.);
#2025=ORIENTED_EDGE('',*,*,#4217,.T.);
#2026=ORIENTED_EDGE('',*,*,#4218,.T.);
#2027=ORIENTED_EDGE('',*,*,#4219,.T.);
#2028=ORIENTED_EDGE('',*,*,#4220,.F.);
#2029=ORIENTED_EDGE('',*,*,#4221,.F.);
#2030=ORIENTED_EDGE('',*,*,#4222,.F.);
#2031=ORIENTED_EDGE('',*,*,#3618,.T.);
#2032=ORIENTED_EDGE('',*,*,#4223,.F.);
#2033=ORIENTED_EDGE('',*,*,#3905,.T.);
#2034=ORIENTED_EDGE('',*,*,#4224,.F.);
#2035=ORIENTED_EDGE('',*,*,#4225,.F.);
#2036=ORIENTED_EDGE('',*,*,#4226,.F.);
#2037=ORIENTED_EDGE('',*,*,#4227,.F.);
#2038=ORIENTED_EDGE('',*,*,#4228,.F.);
#2039=ORIENTED_EDGE('',*,*,#4229,.F.);
#2040=ORIENTED_EDGE('',*,*,#4230,.F.);
#2041=ORIENTED_EDGE('',*,*,#4231,.F.);
#2042=ORIENTED_EDGE('',*,*,#4225,.T.);
#2043=ORIENTED_EDGE('',*,*,#4232,.F.);
#2044=ORIENTED_EDGE('',*,*,#4233,.F.);
#2045=ORIENTED_EDGE('',*,*,#4234,.F.);
#2046=ORIENTED_EDGE('',*,*,#4235,.F.);
#2047=ORIENTED_EDGE('',*,*,#4230,.T.);
#2048=ORIENTED_EDGE('',*,*,#4236,.F.);
#2049=ORIENTED_EDGE('',*,*,#3959,.F.);
#2050=ORIENTED_EDGE('',*,*,#4237,.F.);
#2051=ORIENTED_EDGE('',*,*,#4173,.F.);
#2052=ORIENTED_EDGE('',*,*,#3865,.F.);
#2053=ORIENTED_EDGE('',*,*,#4171,.F.);
#2054=ORIENTED_EDGE('',*,*,#4180,.F.);
#2055=ORIENTED_EDGE('',*,*,#4238,.F.);
#2056=ORIENTED_EDGE('',*,*,#4239,.T.);
#2057=ORIENTED_EDGE('',*,*,#4240,.F.);
#2058=ORIENTED_EDGE('',*,*,#4241,.F.);
#2059=ORIENTED_EDGE('',*,*,#3961,.F.);
#2060=ORIENTED_EDGE('',*,*,#4242,.F.);
#2061=ORIENTED_EDGE('',*,*,#4243,.F.);
#2062=ORIENTED_EDGE('',*,*,#4244,.T.);
#2063=ORIENTED_EDGE('',*,*,#4245,.F.);
#2064=ORIENTED_EDGE('',*,*,#4246,.F.);
#2065=ORIENTED_EDGE('',*,*,#4247,.T.);
#2066=ORIENTED_EDGE('',*,*,#4248,.T.);
#2067=ORIENTED_EDGE('',*,*,#4249,.T.);
#2068=ORIENTED_EDGE('',*,*,#4182,.F.);
#2069=ORIENTED_EDGE('',*,*,#3612,.T.);
#2070=ORIENTED_EDGE('',*,*,#4250,.T.);
#2071=ORIENTED_EDGE('',*,*,#4251,.T.);
#2072=ORIENTED_EDGE('',*,*,#3911,.T.);
#2073=ORIENTED_EDGE('',*,*,#4252,.F.);
#2074=ORIENTED_EDGE('',*,*,#3912,.T.);
#2075=ORIENTED_EDGE('',*,*,#4251,.F.);
#2076=ORIENTED_EDGE('',*,*,#4253,.T.);
#2077=ORIENTED_EDGE('',*,*,#4212,.T.);
#2078=ORIENTED_EDGE('',*,*,#4254,.T.);
#2079=ORIENTED_EDGE('',*,*,#4134,.F.);
#2080=ORIENTED_EDGE('',*,*,#4255,.T.);
#2081=ORIENTED_EDGE('',*,*,#4213,.T.);
#2082=ORIENTED_EDGE('',*,*,#4253,.F.);
#2083=ORIENTED_EDGE('',*,*,#4250,.F.);
#2084=ORIENTED_EDGE('',*,*,#3611,.T.);
#2085=ORIENTED_EDGE('',*,*,#4143,.F.);
#2086=ORIENTED_EDGE('',*,*,#4254,.F.);
#2087=ORIENTED_EDGE('',*,*,#4211,.T.);
#2088=ORIENTED_EDGE('',*,*,#4256,.T.);
#2089=ORIENTED_EDGE('',*,*,#4144,.F.);
#2090=ORIENTED_EDGE('',*,*,#4141,.T.);
#2091=ORIENTED_EDGE('',*,*,#4135,.F.);
#2092=ORIENTED_EDGE('',*,*,#4256,.F.);
#2093=ORIENTED_EDGE('',*,*,#4214,.T.);
#2094=ORIENTED_EDGE('',*,*,#4255,.F.);
#2095=ORIENTED_EDGE('',*,*,#4142,.F.);
#2096=ORIENTED_EDGE('',*,*,#4139,.T.);
#2097=ORIENTED_EDGE('',*,*,#4145,.F.);
#2098=ORIENTED_EDGE('',*,*,#4190,.F.);
#2099=ORIENTED_EDGE('',*,*,#4257,.T.);
#2100=ORIENTED_EDGE('',*,*,#4220,.T.);
#2101=ORIENTED_EDGE('',*,*,#4258,.T.);
#2102=ORIENTED_EDGE('',*,*,#4259,.T.);
#2103=ORIENTED_EDGE('',*,*,#4239,.F.);
#2104=ORIENTED_EDGE('',*,*,#4260,.F.);
#2105=ORIENTED_EDGE('',*,*,#4244,.F.);
#2106=ORIENTED_EDGE('',*,*,#4261,.T.);
#2107=ORIENTED_EDGE('',*,*,#4262,.T.);
#2108=ORIENTED_EDGE('',*,*,#4221,.T.);
#2109=ORIENTED_EDGE('',*,*,#4257,.F.);
#2110=ORIENTED_EDGE('',*,*,#4189,.F.);
#2111=ORIENTED_EDGE('',*,*,#4263,.F.);
#2112=ORIENTED_EDGE('',*,*,#4240,.T.);
#2113=ORIENTED_EDGE('',*,*,#4259,.F.);
#2114=ORIENTED_EDGE('',*,*,#4264,.F.);
#2115=ORIENTED_EDGE('',*,*,#4265,.F.);
#2116=ORIENTED_EDGE('',*,*,#4261,.F.);
#2117=ORIENTED_EDGE('',*,*,#4243,.T.);
#2118=ORIENTED_EDGE('',*,*,#4266,.F.);
#2119=ORIENTED_EDGE('',*,*,#4267,.F.);
#2120=ORIENTED_EDGE('',*,*,#4268,.F.);
#2121=ORIENTED_EDGE('',*,*,#4269,.F.);
#2122=ORIENTED_EDGE('',*,*,#4270,.F.);
#2123=ORIENTED_EDGE('',*,*,#4271,.F.);
#2124=ORIENTED_EDGE('',*,*,#4272,.F.);
#2125=ORIENTED_EDGE('',*,*,#4273,.F.);
#2126=ORIENTED_EDGE('',*,*,#4274,.F.);
#2127=ORIENTED_EDGE('',*,*,#4275,.F.);
#2128=ORIENTED_EDGE('',*,*,#4276,.F.);
#2129=ORIENTED_EDGE('',*,*,#4277,.F.);
#2130=ORIENTED_EDGE('',*,*,#4278,.F.);
#2131=ORIENTED_EDGE('',*,*,#4279,.F.);
#2132=ORIENTED_EDGE('',*,*,#4280,.F.);
#2133=ORIENTED_EDGE('',*,*,#4281,.F.);
#2134=ORIENTED_EDGE('',*,*,#4282,.F.);
#2135=ORIENTED_EDGE('',*,*,#4283,.F.);
#2136=ORIENTED_EDGE('',*,*,#4284,.F.);
#2137=ORIENTED_EDGE('',*,*,#4285,.F.);
#2138=ORIENTED_EDGE('',*,*,#4286,.F.);
#2139=ORIENTED_EDGE('',*,*,#4287,.F.);
#2140=ORIENTED_EDGE('',*,*,#4288,.F.);
#2141=ORIENTED_EDGE('',*,*,#4289,.F.);
#2142=ORIENTED_EDGE('',*,*,#4290,.F.);
#2143=ORIENTED_EDGE('',*,*,#4291,.F.);
#2144=ORIENTED_EDGE('',*,*,#4292,.F.);
#2145=ORIENTED_EDGE('',*,*,#4293,.F.);
#2146=ORIENTED_EDGE('',*,*,#4294,.F.);
#2147=ORIENTED_EDGE('',*,*,#4295,.F.);
#2148=ORIENTED_EDGE('',*,*,#4296,.F.);
#2149=ORIENTED_EDGE('',*,*,#4275,.T.);
#2150=ORIENTED_EDGE('',*,*,#4297,.T.);
#2151=ORIENTED_EDGE('',*,*,#4267,.T.);
#2152=ORIENTED_EDGE('',*,*,#4298,.F.);
#2153=ORIENTED_EDGE('',*,*,#4285,.T.);
#2154=ORIENTED_EDGE('',*,*,#4299,.T.);
#2155=ORIENTED_EDGE('',*,*,#4274,.T.);
#2156=ORIENTED_EDGE('',*,*,#4300,.F.);
#2157=ORIENTED_EDGE('',*,*,#4278,.T.);
#2158=ORIENTED_EDGE('',*,*,#4301,.T.);
#2159=ORIENTED_EDGE('',*,*,#4283,.T.);
#2160=ORIENTED_EDGE('',*,*,#4302,.F.);
#2161=ORIENTED_EDGE('',*,*,#4269,.T.);
#2162=ORIENTED_EDGE('',*,*,#4303,.T.);
#2163=ORIENTED_EDGE('',*,*,#4277,.T.);
#2164=ORIENTED_EDGE('',*,*,#4304,.F.);
#2165=ORIENTED_EDGE('',*,*,#4299,.F.);
#2166=ORIENTED_EDGE('',*,*,#4305,.T.);
#2167=ORIENTED_EDGE('',*,*,#4297,.F.);
#2168=ORIENTED_EDGE('',*,*,#4303,.F.);
#2169=ORIENTED_EDGE('',*,*,#4306,.T.);
#2170=ORIENTED_EDGE('',*,*,#4301,.F.);
#2171=ORIENTED_EDGE('',*,*,#4305,.F.);
#2172=ORIENTED_EDGE('',*,*,#4284,.T.);
#2173=ORIENTED_EDGE('',*,*,#4306,.F.);
#2174=ORIENTED_EDGE('',*,*,#4268,.T.);
#2175=ORIENTED_EDGE('',*,*,#4228,.T.);
#2176=ORIENTED_EDGE('',*,*,#4307,.F.);
#2177=ORIENTED_EDGE('',*,*,#4271,.T.);
#2178=ORIENTED_EDGE('',*,*,#4308,.F.);
#2179=ORIENTED_EDGE('',*,*,#4309,.F.);
#2180=ORIENTED_EDGE('',*,*,#4295,.T.);
#2181=ORIENTED_EDGE('',*,*,#4310,.F.);
#2182=ORIENTED_EDGE('',*,*,#4272,.T.);
#2183=ORIENTED_EDGE('',*,*,#4311,.F.);
#2184=ORIENTED_EDGE('',*,*,#4281,.T.);
#2185=ORIENTED_EDGE('',*,*,#4312,.F.);
#2186=ORIENTED_EDGE('',*,*,#4233,.T.);
#2187=ORIENTED_EDGE('',*,*,#4313,.F.);
#2188=ORIENTED_EDGE('',*,*,#4280,.T.);
#2189=ORIENTED_EDGE('',*,*,#4314,.F.);
#2190=ORIENTED_EDGE('',*,*,#4291,.T.);
#2191=ORIENTED_EDGE('',*,*,#4315,.F.);
#2192=ORIENTED_EDGE('',*,*,#4316,.F.);
#2193=ORIENTED_EDGE('',*,*,#4316,.T.);
#2194=ORIENTED_EDGE('',*,*,#4317,.T.);
#2195=ORIENTED_EDGE('',*,*,#4312,.T.);
#2196=ORIENTED_EDGE('',*,*,#4317,.F.);
#2197=ORIENTED_EDGE('',*,*,#4315,.T.);
#2198=ORIENTED_EDGE('',*,*,#4318,.T.);
#2199=ORIENTED_EDGE('',*,*,#4234,.T.);
#2200=ORIENTED_EDGE('',*,*,#4318,.F.);
#2201=ORIENTED_EDGE('',*,*,#4290,.T.);
#2202=ORIENTED_EDGE('',*,*,#4319,.T.);
#2203=ORIENTED_EDGE('',*,*,#4235,.T.);
#2204=ORIENTED_EDGE('',*,*,#4319,.F.);
#2205=ORIENTED_EDGE('',*,*,#4289,.T.);
#2206=ORIENTED_EDGE('',*,*,#4320,.T.);
#2207=ORIENTED_EDGE('',*,*,#4231,.T.);
#2208=ORIENTED_EDGE('',*,*,#4320,.F.);
#2209=ORIENTED_EDGE('',*,*,#4296,.T.);
#2210=ORIENTED_EDGE('',*,*,#4321,.T.);
#2211=ORIENTED_EDGE('',*,*,#4226,.T.);
#2212=ORIENTED_EDGE('',*,*,#4321,.F.);
#2213=ORIENTED_EDGE('',*,*,#4309,.T.);
#2214=ORIENTED_EDGE('',*,*,#4322,.T.);
#2215=ORIENTED_EDGE('',*,*,#4227,.T.);
#2216=ORIENTED_EDGE('',*,*,#4322,.F.);
#2217=ORIENTED_EDGE('',*,*,#4311,.T.);
#2218=ORIENTED_EDGE('',*,*,#4307,.T.);
#2219=ORIENTED_EDGE('',*,*,#4323,.T.);
#2220=ORIENTED_EDGE('',*,*,#4286,.T.);
#2221=ORIENTED_EDGE('',*,*,#4324,.T.);
#2222=ORIENTED_EDGE('',*,*,#3613,.T.);
#2223=ORIENTED_EDGE('',*,*,#4324,.F.);
#2224=ORIENTED_EDGE('',*,*,#4300,.T.);
#2225=ORIENTED_EDGE('',*,*,#4325,.T.);
#2226=ORIENTED_EDGE('',*,*,#3614,.T.);
#2227=ORIENTED_EDGE('',*,*,#4323,.F.);
#2228=ORIENTED_EDGE('',*,*,#4252,.T.);
#2229=ORIENTED_EDGE('',*,*,#4326,.T.);
#2230=ORIENTED_EDGE('',*,*,#4287,.T.);
#2231=ORIENTED_EDGE('',*,*,#4325,.F.);
#2232=ORIENTED_EDGE('',*,*,#4273,.T.);
#2233=ORIENTED_EDGE('',*,*,#4327,.T.);
#2234=ORIENTED_EDGE('',*,*,#3615,.T.);
#2235=ORIENTED_EDGE('',*,*,#4326,.F.);
#2236=ORIENTED_EDGE('',*,*,#3910,.T.);
#2237=ORIENTED_EDGE('',*,*,#4328,.T.);
#2238=ORIENTED_EDGE('',*,*,#4288,.T.);
#2239=ORIENTED_EDGE('',*,*,#4327,.F.);
#2240=ORIENTED_EDGE('',*,*,#4310,.T.);
#2241=ORIENTED_EDGE('',*,*,#4329,.T.);
#2242=ORIENTED_EDGE('',*,*,#3616,.T.);
#2243=ORIENTED_EDGE('',*,*,#4328,.F.);
#2244=ORIENTED_EDGE('',*,*,#3909,.T.);
#2245=ORIENTED_EDGE('',*,*,#4330,.T.);
#2246=ORIENTED_EDGE('',*,*,#4302,.T.);
#2247=ORIENTED_EDGE('',*,*,#4329,.F.);
#2248=ORIENTED_EDGE('',*,*,#4294,.T.);
#2249=ORIENTED_EDGE('',*,*,#4331,.T.);
#2250=ORIENTED_EDGE('',*,*,#3617,.T.);
#2251=ORIENTED_EDGE('',*,*,#4330,.F.);
#2252=ORIENTED_EDGE('',*,*,#3908,.T.);
#2253=ORIENTED_EDGE('',*,*,#4332,.T.);
#2254=ORIENTED_EDGE('',*,*,#4279,.T.);
#2255=ORIENTED_EDGE('',*,*,#4331,.F.);
#2256=ORIENTED_EDGE('',*,*,#4293,.T.);
#2257=ORIENTED_EDGE('',*,*,#4333,.T.);
#2258=ORIENTED_EDGE('',*,*,#4223,.T.);
#2259=ORIENTED_EDGE('',*,*,#4332,.F.);
#2260=ORIENTED_EDGE('',*,*,#3907,.T.);
#2261=ORIENTED_EDGE('',*,*,#4334,.T.);
#2262=ORIENTED_EDGE('',*,*,#4314,.T.);
#2263=ORIENTED_EDGE('',*,*,#4333,.F.);
#2264=ORIENTED_EDGE('',*,*,#4292,.T.);
#2265=ORIENTED_EDGE('',*,*,#4334,.F.);
#2266=ORIENTED_EDGE('',*,*,#3906,.T.);
#2267=ORIENTED_EDGE('',*,*,#4335,.T.);
#2268=ORIENTED_EDGE('',*,*,#4200,.T.);
#2269=ORIENTED_EDGE('',*,*,#4336,.T.);
#2270=ORIENTED_EDGE('',*,*,#4276,.T.);
#2271=ORIENTED_EDGE('',*,*,#4336,.F.);
#2272=ORIENTED_EDGE('',*,*,#4199,.T.);
#2273=ORIENTED_EDGE('',*,*,#4337,.T.);
#2274=ORIENTED_EDGE('',*,*,#4308,.T.);
#2275=ORIENTED_EDGE('',*,*,#4335,.F.);
#2276=ORIENTED_EDGE('',*,*,#4298,.T.);
#2277=ORIENTED_EDGE('',*,*,#4338,.T.);
#2278=ORIENTED_EDGE('',*,*,#4201,.T.);
#2279=ORIENTED_EDGE('',*,*,#4337,.F.);
#2280=ORIENTED_EDGE('',*,*,#4198,.T.);
#2281=ORIENTED_EDGE('',*,*,#4339,.T.);
#2282=ORIENTED_EDGE('',*,*,#4229,.T.);
#2283=ORIENTED_EDGE('',*,*,#4338,.F.);
#2284=ORIENTED_EDGE('',*,*,#4270,.T.);
#2285=ORIENTED_EDGE('',*,*,#4340,.T.);
#2286=ORIENTED_EDGE('',*,*,#4202,.T.);
#2287=ORIENTED_EDGE('',*,*,#4339,.F.);
#2288=ORIENTED_EDGE('',*,*,#4197,.T.);
#2289=ORIENTED_EDGE('',*,*,#4341,.T.);
#2290=ORIENTED_EDGE('',*,*,#4232,.T.);
#2291=ORIENTED_EDGE('',*,*,#4340,.F.);
#2292=ORIENTED_EDGE('',*,*,#4304,.T.);
#2293=ORIENTED_EDGE('',*,*,#4342,.T.);
#2294=ORIENTED_EDGE('',*,*,#4203,.T.);
#2295=ORIENTED_EDGE('',*,*,#4341,.F.);
#2296=ORIENTED_EDGE('',*,*,#4196,.T.);
#2297=ORIENTED_EDGE('',*,*,#4343,.T.);
#2298=ORIENTED_EDGE('',*,*,#4236,.T.);
#2299=ORIENTED_EDGE('',*,*,#4342,.F.);
#2300=ORIENTED_EDGE('',*,*,#4282,.T.);
#2301=ORIENTED_EDGE('',*,*,#4344,.T.);
#2302=ORIENTED_EDGE('',*,*,#4204,.T.);
#2303=ORIENTED_EDGE('',*,*,#4343,.F.);
#2304=ORIENTED_EDGE('',*,*,#4205,.T.);
#2305=ORIENTED_EDGE('',*,*,#4344,.F.);
#2306=ORIENTED_EDGE('',*,*,#4313,.T.);
#2307=ORIENTED_EDGE('',*,*,#3619,.T.);
#2308=ORIENTED_EDGE('',*,*,#4345,.T.);
#2309=ORIENTED_EDGE('',*,*,#4192,.T.);
#2310=ORIENTED_EDGE('',*,*,#4346,.F.);
#2311=ORIENTED_EDGE('',*,*,#4345,.F.);
#2312=ORIENTED_EDGE('',*,*,#4224,.T.);
#2313=ORIENTED_EDGE('',*,*,#4347,.T.);
#2314=ORIENTED_EDGE('',*,*,#4193,.T.);
#2315=ORIENTED_EDGE('',*,*,#4194,.T.);
#2316=ORIENTED_EDGE('',*,*,#4347,.F.);
#2317=ORIENTED_EDGE('',*,*,#3904,.T.);
#2318=ORIENTED_EDGE('',*,*,#4348,.F.);
#2319=ORIENTED_EDGE('',*,*,#4262,.F.);
#2320=ORIENTED_EDGE('',*,*,#4349,.F.);
#2321=ORIENTED_EDGE('',*,*,#4350,.T.);
#2322=ORIENTED_EDGE('',*,*,#4351,.F.);
#2323=ORIENTED_EDGE('',*,*,#4258,.F.);
#2324=ORIENTED_EDGE('',*,*,#4352,.T.);
#2325=ORIENTED_EDGE('',*,*,#4353,.T.);
#2326=ORIENTED_EDGE('',*,*,#4354,.T.);
#2327=ORIENTED_EDGE('',*,*,#4355,.F.);
#2328=ORIENTED_EDGE('',*,*,#4186,.F.);
#2329=ORIENTED_EDGE('',*,*,#4356,.T.);
#2330=ORIENTED_EDGE('',*,*,#4357,.T.);
#2331=ORIENTED_EDGE('',*,*,#4358,.T.);
#2332=ORIENTED_EDGE('',*,*,#4359,.F.);
#2333=ORIENTED_EDGE('',*,*,#4360,.T.);
#2334=ORIENTED_EDGE('',*,*,#4361,.F.);
#2335=ORIENTED_EDGE('',*,*,#4362,.F.);
#2336=ORIENTED_EDGE('',*,*,#4209,.F.);
#2337=ORIENTED_EDGE('',*,*,#4363,.T.);
#2338=ORIENTED_EDGE('',*,*,#4364,.T.);
#2339=ORIENTED_EDGE('',*,*,#4359,.T.);
#2340=ORIENTED_EDGE('',*,*,#4365,.F.);
#2341=ORIENTED_EDGE('',*,*,#4366,.F.);
#2342=ORIENTED_EDGE('',*,*,#4187,.T.);
#2343=ORIENTED_EDGE('',*,*,#4361,.T.);
#2344=ORIENTED_EDGE('',*,*,#4367,.T.);
#2345=ORIENTED_EDGE('',*,*,#4368,.F.);
#2346=ORIENTED_EDGE('',*,*,#4264,.T.);
#2347=ORIENTED_EDGE('',*,*,#4355,.T.);
#2348=ORIENTED_EDGE('',*,*,#4369,.F.);
#2349=ORIENTED_EDGE('',*,*,#4363,.F.);
#2350=ORIENTED_EDGE('',*,*,#4208,.T.);
#2351=ORIENTED_EDGE('',*,*,#4370,.F.);
#2352=ORIENTED_EDGE('',*,*,#4349,.T.);
#2353=ORIENTED_EDGE('',*,*,#4265,.T.);
#2354=ORIENTED_EDGE('',*,*,#4368,.T.);
#2355=ORIENTED_EDGE('',*,*,#4371,.T.);
#2356=ORIENTED_EDGE('',*,*,#4372,.F.);
#2357=ORIENTED_EDGE('',*,*,#4364,.F.);
#2358=ORIENTED_EDGE('',*,*,#4373,.F.);
#2359=ORIENTED_EDGE('',*,*,#4218,.F.);
#2360=ORIENTED_EDGE('',*,*,#4360,.F.);
#2361=ORIENTED_EDGE('',*,*,#4372,.T.);
#2362=ORIENTED_EDGE('',*,*,#4217,.F.);
#2363=ORIENTED_EDGE('',*,*,#4374,.F.);
#2364=ORIENTED_EDGE('',*,*,#4373,.T.);
#2365=ORIENTED_EDGE('',*,*,#4371,.F.);
#2366=ORIENTED_EDGE('',*,*,#4375,.F.);
#2367=ORIENTED_EDGE('',*,*,#4215,.F.);
#2368=ORIENTED_EDGE('',*,*,#4374,.T.);
#2369=ORIENTED_EDGE('',*,*,#4216,.F.);
#2370=ORIENTED_EDGE('',*,*,#4375,.T.);
#2371=ORIENTED_EDGE('',*,*,#4367,.F.);
#2372=ORIENTED_EDGE('',*,*,#4354,.F.);
#2373=ORIENTED_EDGE('',*,*,#4376,.T.);
#2374=ORIENTED_EDGE('',*,*,#4188,.T.);
#2375=ORIENTED_EDGE('',*,*,#4369,.T.);
#2376=ORIENTED_EDGE('',*,*,#4377,.F.);
#2377=ORIENTED_EDGE('',*,*,#4350,.F.);
#2378=ORIENTED_EDGE('',*,*,#4370,.T.);
#2379=ORIENTED_EDGE('',*,*,#4207,.T.);
#2380=ORIENTED_EDGE('',*,*,#4219,.F.);
#2381=ORIENTED_EDGE('',*,*,#4378,.T.);
#2382=ORIENTED_EDGE('',*,*,#4379,.T.);
#2383=ORIENTED_EDGE('',*,*,#4380,.T.);
#2384=ORIENTED_EDGE('',*,*,#4352,.F.);
#2385=ORIENTED_EDGE('',*,*,#4356,.F.);
#2386=ORIENTED_EDGE('',*,*,#4185,.T.);
#2387=ORIENTED_EDGE('',*,*,#4381,.T.);
#2388=ORIENTED_EDGE('',*,*,#4382,.T.);
#2389=ORIENTED_EDGE('',*,*,#4210,.F.);
#2390=ORIENTED_EDGE('',*,*,#4362,.T.);
#2391=ORIENTED_EDGE('',*,*,#4383,.T.);
#2392=ORIENTED_EDGE('',*,*,#4384,.T.);
#2393=ORIENTED_EDGE('',*,*,#4385,.T.);
#2394=ORIENTED_EDGE('',*,*,#4365,.T.);
#2395=ORIENTED_EDGE('',*,*,#4358,.F.);
#2396=ORIENTED_EDGE('',*,*,#4386,.T.);
#2397=ORIENTED_EDGE('',*,*,#4387,.T.);
#2398=ORIENTED_EDGE('',*,*,#4353,.F.);
#2399=ORIENTED_EDGE('',*,*,#4380,.F.);
#2400=ORIENTED_EDGE('',*,*,#4388,.F.);
#2401=ORIENTED_EDGE('',*,*,#4381,.F.);
#2402=ORIENTED_EDGE('',*,*,#4184,.F.);
#2403=ORIENTED_EDGE('',*,*,#4376,.F.);
#2404=ORIENTED_EDGE('',*,*,#4386,.F.);
#2405=ORIENTED_EDGE('',*,*,#4357,.F.);
#2406=ORIENTED_EDGE('',*,*,#4382,.F.);
#2407=ORIENTED_EDGE('',*,*,#4389,.F.);
#2408=ORIENTED_EDGE('',*,*,#4383,.F.);
#2409=ORIENTED_EDGE('',*,*,#4366,.T.);
#2410=ORIENTED_EDGE('',*,*,#4385,.F.);
#2411=ORIENTED_EDGE('',*,*,#4390,.F.);
#2412=ORIENTED_EDGE('',*,*,#4378,.F.);
#2413=ORIENTED_EDGE('',*,*,#4222,.T.);
#2414=ORIENTED_EDGE('',*,*,#4351,.T.);
#2415=ORIENTED_EDGE('',*,*,#4377,.T.);
#2416=ORIENTED_EDGE('',*,*,#4206,.F.);
#2417=ORIENTED_EDGE('',*,*,#4384,.F.);
#2418=ORIENTED_EDGE('',*,*,#4391,.F.);
#2419=ORIENTED_EDGE('',*,*,#4389,.T.);
#2420=ORIENTED_EDGE('',*,*,#4388,.T.);
#2421=ORIENTED_EDGE('',*,*,#4392,.F.);
#2422=ORIENTED_EDGE('',*,*,#4391,.T.);
#2423=ORIENTED_EDGE('',*,*,#4390,.T.);
#2424=ORIENTED_EDGE('',*,*,#4393,.F.);
#2425=ORIENTED_EDGE('',*,*,#4392,.T.);
#2426=ORIENTED_EDGE('',*,*,#4379,.F.);
#2427=ORIENTED_EDGE('',*,*,#4393,.T.);
#2428=ORIENTED_EDGE('',*,*,#4387,.F.);
#2429=ORIENTED_EDGE('',*,*,#4394,.F.);
#2430=ORIENTED_EDGE('',*,*,#4246,.T.);
#2431=ORIENTED_EDGE('',*,*,#4395,.T.);
#2432=ORIENTED_EDGE('',*,*,#3903,.T.);
#2433=ORIENTED_EDGE('',*,*,#4395,.F.);
#2434=ORIENTED_EDGE('',*,*,#4396,.T.);
#2435=ORIENTED_EDGE('',*,*,#4348,.T.);
#2436=ORIENTED_EDGE('',*,*,#4396,.F.);
#2437=ORIENTED_EDGE('',*,*,#4245,.T.);
#2438=ORIENTED_EDGE('',*,*,#4263,.T.);
#2439=ORIENTED_EDGE('',*,*,#4195,.T.);
#2440=ORIENTED_EDGE('',*,*,#4237,.T.);
#2441=ORIENTED_EDGE('',*,*,#3958,.T.);
#2442=ORIENTED_EDGE('',*,*,#3642,.T.);
#2443=ORIENTED_EDGE('',*,*,#4174,.T.);
#2444=ORIENTED_EDGE('',*,*,#4346,.T.);
#2445=ORIENTED_EDGE('',*,*,#4397,.T.);
#2446=ORIENTED_EDGE('',*,*,#4181,.F.);
#2447=ORIENTED_EDGE('',*,*,#4260,.T.);
#2448=ORIENTED_EDGE('',*,*,#4238,.T.);
#2449=ORIENTED_EDGE('',*,*,#4397,.F.);
#2450=ORIENTED_EDGE('',*,*,#4191,.T.);
#2451=ORIENTED_EDGE('',*,*,#4242,.T.);
#2452=ORIENTED_EDGE('',*,*,#3960,.T.);
#2453=ORIENTED_EDGE('',*,*,#4241,.T.);
#2454=ORIENTED_EDGE('',*,*,#4266,.T.);
#2455=ORIENTED_EDGE('',*,*,#4248,.F.);
#2456=ORIENTED_EDGE('',*,*,#4398,.F.);
#2457=ORIENTED_EDGE('',*,*,#4399,.F.);
#2458=ORIENTED_EDGE('',*,*,#4400,.F.);
#2459=ORIENTED_EDGE('',*,*,#4401,.F.);
#2460=ORIENTED_EDGE('',*,*,#4402,.F.);
#2461=ORIENTED_EDGE('',*,*,#4403,.T.);
#2462=ORIENTED_EDGE('',*,*,#4404,.F.);
#2463=ORIENTED_EDGE('',*,*,#4405,.F.);
#2464=ORIENTED_EDGE('',*,*,#4406,.F.);
#2465=ORIENTED_EDGE('',*,*,#4407,.F.);
#2466=ORIENTED_EDGE('',*,*,#4408,.F.);
#2467=ORIENTED_EDGE('',*,*,#4249,.F.);
#2468=ORIENTED_EDGE('',*,*,#4408,.T.);
#2469=ORIENTED_EDGE('',*,*,#4409,.T.);
#2470=ORIENTED_EDGE('',*,*,#3917,.F.);
#2471=ORIENTED_EDGE('',*,*,#4183,.T.);
#2472=ORIENTED_EDGE('',*,*,#4247,.F.);
#2473=ORIENTED_EDGE('',*,*,#4394,.T.);
#2474=ORIENTED_EDGE('',*,*,#3902,.F.);
#2475=ORIENTED_EDGE('',*,*,#4410,.F.);
#2476=ORIENTED_EDGE('',*,*,#4398,.T.);
#2477=ORIENTED_EDGE('',*,*,#4411,.F.);
#2478=ORIENTED_EDGE('',*,*,#4412,.T.);
#2479=ORIENTED_EDGE('',*,*,#4402,.T.);
#2480=ORIENTED_EDGE('',*,*,#4413,.T.);
#2481=ORIENTED_EDGE('',*,*,#3898,.F.);
#2482=ORIENTED_EDGE('',*,*,#4404,.T.);
#2483=ORIENTED_EDGE('',*,*,#4414,.T.);
#2484=ORIENTED_EDGE('',*,*,#4415,.F.);
#2485=ORIENTED_EDGE('',*,*,#3921,.F.);
#2486=ORIENTED_EDGE('',*,*,#4416,.F.);
#2487=ORIENTED_EDGE('',*,*,#3899,.F.);
#2488=ORIENTED_EDGE('',*,*,#4413,.F.);
#2489=ORIENTED_EDGE('',*,*,#4401,.T.);
#2490=ORIENTED_EDGE('',*,*,#4417,.T.);
#2491=ORIENTED_EDGE('',*,*,#3920,.F.);
#2492=ORIENTED_EDGE('',*,*,#4418,.F.);
#2493=ORIENTED_EDGE('',*,*,#4405,.T.);
#2494=ORIENTED_EDGE('',*,*,#4416,.T.);
#2495=ORIENTED_EDGE('',*,*,#3919,.F.);
#2496=ORIENTED_EDGE('',*,*,#4419,.F.);
#2497=ORIENTED_EDGE('',*,*,#4406,.T.);
#2498=ORIENTED_EDGE('',*,*,#4418,.T.);
#2499=ORIENTED_EDGE('',*,*,#3918,.F.);
#2500=ORIENTED_EDGE('',*,*,#4409,.F.);
#2501=ORIENTED_EDGE('',*,*,#4407,.T.);
#2502=ORIENTED_EDGE('',*,*,#4419,.T.);
#2503=ORIENTED_EDGE('',*,*,#3901,.F.);
#2504=ORIENTED_EDGE('',*,*,#4420,.F.);
#2505=ORIENTED_EDGE('',*,*,#4399,.T.);
#2506=ORIENTED_EDGE('',*,*,#4410,.T.);
#2507=ORIENTED_EDGE('',*,*,#3900,.F.);
#2508=ORIENTED_EDGE('',*,*,#4417,.F.);
#2509=ORIENTED_EDGE('',*,*,#4400,.T.);
#2510=ORIENTED_EDGE('',*,*,#4420,.T.);
#2511=ORIENTED_EDGE('',*,*,#4421,.F.);
#2512=ORIENTED_EDGE('',*,*,#4411,.T.);
#2513=ORIENTED_EDGE('',*,*,#3897,.F.);
#2514=ORIENTED_EDGE('',*,*,#4422,.F.);
#2515=ORIENTED_EDGE('',*,*,#3951,.F.);
#2516=ORIENTED_EDGE('',*,*,#3967,.T.);
#2517=ORIENTED_EDGE('',*,*,#4423,.F.);
#2518=ORIENTED_EDGE('',*,*,#4424,.F.);
#2519=ORIENTED_EDGE('',*,*,#4425,.F.);
#2520=ORIENTED_EDGE('',*,*,#4426,.T.);
#2521=ORIENTED_EDGE('',*,*,#4427,.T.);
#2522=ORIENTED_EDGE('',*,*,#4428,.F.);
#2523=ORIENTED_EDGE('',*,*,#4429,.T.);
#2524=ORIENTED_EDGE('',*,*,#4430,.F.);
#2525=ORIENTED_EDGE('',*,*,#4431,.T.);
#2526=ORIENTED_EDGE('',*,*,#4432,.T.);
#2527=ORIENTED_EDGE('',*,*,#4433,.T.);
#2528=ORIENTED_EDGE('',*,*,#4434,.T.);
#2529=ORIENTED_EDGE('',*,*,#4435,.T.);
#2530=ORIENTED_EDGE('',*,*,#4436,.F.);
#2531=ORIENTED_EDGE('',*,*,#4437,.T.);
#2532=ORIENTED_EDGE('',*,*,#4438,.T.);
#2533=ORIENTED_EDGE('',*,*,#4439,.T.);
#2534=ORIENTED_EDGE('',*,*,#4440,.T.);
#2535=ORIENTED_EDGE('',*,*,#4441,.T.);
#2536=ORIENTED_EDGE('',*,*,#4442,.T.);
#2537=ORIENTED_EDGE('',*,*,#4443,.T.);
#2538=ORIENTED_EDGE('',*,*,#4444,.T.);
#2539=ORIENTED_EDGE('',*,*,#4445,.T.);
#2540=ORIENTED_EDGE('',*,*,#4446,.T.);
#2541=ORIENTED_EDGE('',*,*,#4447,.F.);
#2542=ORIENTED_EDGE('',*,*,#4448,.F.);
#2543=ORIENTED_EDGE('',*,*,#4449,.F.);
#2544=ORIENTED_EDGE('',*,*,#4450,.T.);
#2545=ORIENTED_EDGE('',*,*,#4451,.T.);
#2546=ORIENTED_EDGE('',*,*,#4452,.T.);
#2547=ORIENTED_EDGE('',*,*,#4453,.T.);
#2548=ORIENTED_EDGE('',*,*,#4454,.T.);
#2549=ORIENTED_EDGE('',*,*,#4455,.T.);
#2550=ORIENTED_EDGE('',*,*,#4456,.F.);
#2551=ORIENTED_EDGE('',*,*,#4457,.F.);
#2552=ORIENTED_EDGE('',*,*,#4458,.F.);
#2553=ORIENTED_EDGE('',*,*,#4459,.F.);
#2554=ORIENTED_EDGE('',*,*,#4460,.F.);
#2555=ORIENTED_EDGE('',*,*,#4461,.T.);
#2556=ORIENTED_EDGE('',*,*,#4462,.T.);
#2557=ORIENTED_EDGE('',*,*,#4463,.T.);
#2558=ORIENTED_EDGE('',*,*,#3942,.F.);
#2559=ORIENTED_EDGE('',*,*,#4464,.T.);
#2560=ORIENTED_EDGE('',*,*,#3895,.F.);
#2561=ORIENTED_EDGE('',*,*,#4465,.T.);
#2562=ORIENTED_EDGE('',*,*,#4466,.T.);
#2563=ORIENTED_EDGE('',*,*,#4467,.T.);
#2564=ORIENTED_EDGE('',*,*,#4468,.T.);
#2565=ORIENTED_EDGE('',*,*,#4469,.T.);
#2566=ORIENTED_EDGE('',*,*,#4470,.T.);
#2567=ORIENTED_EDGE('',*,*,#4471,.T.);
#2568=ORIENTED_EDGE('',*,*,#4472,.T.);
#2569=ORIENTED_EDGE('',*,*,#4466,.F.);
#2570=ORIENTED_EDGE('',*,*,#4473,.T.);
#2571=ORIENTED_EDGE('',*,*,#4474,.T.);
#2572=ORIENTED_EDGE('',*,*,#4475,.T.);
#2573=ORIENTED_EDGE('',*,*,#4471,.F.);
#2574=ORIENTED_EDGE('',*,*,#4476,.T.);
#2575=ORIENTED_EDGE('',*,*,#4477,.T.);
#2576=ORIENTED_EDGE('',*,*,#4478,.F.);
#2577=ORIENTED_EDGE('',*,*,#4479,.T.);
#2578=ORIENTED_EDGE('',*,*,#4480,.F.);
#2579=ORIENTED_EDGE('',*,*,#4481,.T.);
#2580=ORIENTED_EDGE('',*,*,#4482,.T.);
#2581=ORIENTED_EDGE('',*,*,#4483,.T.);
#2582=ORIENTED_EDGE('',*,*,#4484,.T.);
#2583=ORIENTED_EDGE('',*,*,#4485,.T.);
#2584=ORIENTED_EDGE('',*,*,#4486,.T.);
#2585=ORIENTED_EDGE('',*,*,#4430,.T.);
#2586=ORIENTED_EDGE('',*,*,#4487,.T.);
#2587=ORIENTED_EDGE('',*,*,#4462,.F.);
#2588=ORIENTED_EDGE('',*,*,#4488,.F.);
#2589=ORIENTED_EDGE('',*,*,#4481,.F.);
#2590=ORIENTED_EDGE('',*,*,#4436,.T.);
#2591=ORIENTED_EDGE('',*,*,#4489,.T.);
#2592=ORIENTED_EDGE('',*,*,#4490,.T.);
#2593=ORIENTED_EDGE('',*,*,#4484,.F.);
#2594=ORIENTED_EDGE('',*,*,#4491,.F.);
#2595=ORIENTED_EDGE('',*,*,#4463,.F.);
#2596=ORIENTED_EDGE('',*,*,#4487,.F.);
#2597=ORIENTED_EDGE('',*,*,#4492,.T.);
#2598=ORIENTED_EDGE('',*,*,#4156,.T.);
#2599=ORIENTED_EDGE('',*,*,#4150,.F.);
#2600=ORIENTED_EDGE('',*,*,#4147,.T.);
#2601=ORIENTED_EDGE('',*,*,#4493,.T.);
#2602=ORIENTED_EDGE('',*,*,#4453,.F.);
#2603=ORIENTED_EDGE('',*,*,#4494,.T.);
#2604=ORIENTED_EDGE('',*,*,#4154,.T.);
#2605=ORIENTED_EDGE('',*,*,#4153,.F.);
#2606=ORIENTED_EDGE('',*,*,#4157,.T.);
#2607=ORIENTED_EDGE('',*,*,#4492,.F.);
#2608=ORIENTED_EDGE('',*,*,#4452,.F.);
#2609=ORIENTED_EDGE('',*,*,#4493,.F.);
#2610=ORIENTED_EDGE('',*,*,#4146,.T.);
#2611=ORIENTED_EDGE('',*,*,#3949,.F.);
#2612=ORIENTED_EDGE('',*,*,#4495,.T.);
#2613=ORIENTED_EDGE('',*,*,#4496,.T.);
#2614=ORIENTED_EDGE('',*,*,#4454,.F.);
#2615=ORIENTED_EDGE('',*,*,#3888,.F.);
#2616=ORIENTED_EDGE('',*,*,#4155,.T.);
#2617=ORIENTED_EDGE('',*,*,#4494,.F.);
#2618=ORIENTED_EDGE('',*,*,#4455,.F.);
#2619=ORIENTED_EDGE('',*,*,#4496,.F.);
#2620=ORIENTED_EDGE('',*,*,#4497,.T.);
#2621=ORIENTED_EDGE('',*,*,#3948,.F.);
#2622=ORIENTED_EDGE('',*,*,#4498,.T.);
#2623=ORIENTED_EDGE('',*,*,#3889,.F.);
#2624=ORIENTED_EDGE('',*,*,#4497,.F.);
#2625=ORIENTED_EDGE('',*,*,#4495,.F.);
#2626=ORIENTED_EDGE('',*,*,#3964,.F.);
#2627=ORIENTED_EDGE('',*,*,#4499,.T.);
#2628=ORIENTED_EDGE('',*,*,#4414,.F.);
#2629=ORIENTED_EDGE('',*,*,#4403,.F.);
#2630=ORIENTED_EDGE('',*,*,#4412,.F.);
#2631=ORIENTED_EDGE('',*,*,#4421,.T.);
#2632=ORIENTED_EDGE('',*,*,#4500,.T.);
#2633=ORIENTED_EDGE('',*,*,#4485,.F.);
#2634=ORIENTED_EDGE('',*,*,#4480,.T.);
#2635=ORIENTED_EDGE('',*,*,#4501,.T.);
#2636=ORIENTED_EDGE('',*,*,#3966,.F.);
#2637=ORIENTED_EDGE('',*,*,#4502,.T.);
#2638=ORIENTED_EDGE('',*,*,#4478,.T.);
#2639=ORIENTED_EDGE('',*,*,#4490,.F.);
#2640=ORIENTED_EDGE('',*,*,#4503,.T.);
#2641=ORIENTED_EDGE('',*,*,#4504,.T.);
#2642=ORIENTED_EDGE('',*,*,#4505,.T.);
#2643=ORIENTED_EDGE('',*,*,#4506,.T.);
#2644=ORIENTED_EDGE('',*,*,#4507,.T.);
#2645=ORIENTED_EDGE('',*,*,#4423,.T.);
#2646=ORIENTED_EDGE('',*,*,#4508,.T.);
#2647=ORIENTED_EDGE('',*,*,#4509,.T.);
#2648=ORIENTED_EDGE('',*,*,#4510,.T.);
#2649=ORIENTED_EDGE('',*,*,#4511,.T.);
#2650=ORIENTED_EDGE('',*,*,#4512,.T.);
#2651=ORIENTED_EDGE('',*,*,#4513,.T.);
#2652=ORIENTED_EDGE('',*,*,#4514,.T.);
#2653=ORIENTED_EDGE('',*,*,#4515,.T.);
#2654=ORIENTED_EDGE('',*,*,#4516,.T.);
#2655=ORIENTED_EDGE('',*,*,#4517,.T.);
#2656=ORIENTED_EDGE('',*,*,#4518,.T.);
#2657=ORIENTED_EDGE('',*,*,#4519,.T.);
#2658=ORIENTED_EDGE('',*,*,#4520,.T.);
#2659=ORIENTED_EDGE('',*,*,#4521,.T.);
#2660=ORIENTED_EDGE('',*,*,#4522,.T.);
#2661=ORIENTED_EDGE('',*,*,#4523,.T.);
#2662=ORIENTED_EDGE('',*,*,#4524,.T.);
#2663=ORIENTED_EDGE('',*,*,#4525,.T.);
#2664=ORIENTED_EDGE('',*,*,#4526,.T.);
#2665=ORIENTED_EDGE('',*,*,#4527,.T.);
#2666=ORIENTED_EDGE('',*,*,#4528,.T.);
#2667=ORIENTED_EDGE('',*,*,#4529,.T.);
#2668=ORIENTED_EDGE('',*,*,#4530,.T.);
#2669=ORIENTED_EDGE('',*,*,#4531,.T.);
#2670=ORIENTED_EDGE('',*,*,#4532,.T.);
#2671=ORIENTED_EDGE('',*,*,#4533,.T.);
#2672=ORIENTED_EDGE('',*,*,#4534,.T.);
#2673=ORIENTED_EDGE('',*,*,#4535,.T.);
#2674=ORIENTED_EDGE('',*,*,#4536,.T.);
#2675=ORIENTED_EDGE('',*,*,#4537,.T.);
#2676=ORIENTED_EDGE('',*,*,#4514,.F.);
#2677=ORIENTED_EDGE('',*,*,#4538,.T.);
#2678=ORIENTED_EDGE('',*,*,#4508,.F.);
#2679=ORIENTED_EDGE('',*,*,#4539,.F.);
#2680=ORIENTED_EDGE('',*,*,#4528,.F.);
#2681=ORIENTED_EDGE('',*,*,#4540,.T.);
#2682=ORIENTED_EDGE('',*,*,#4515,.F.);
#2683=ORIENTED_EDGE('',*,*,#4541,.F.);
#2684=ORIENTED_EDGE('',*,*,#4523,.F.);
#2685=ORIENTED_EDGE('',*,*,#4542,.T.);
#2686=ORIENTED_EDGE('',*,*,#4524,.F.);
#2687=ORIENTED_EDGE('',*,*,#4543,.F.);
#2688=ORIENTED_EDGE('',*,*,#4510,.F.);
#2689=ORIENTED_EDGE('',*,*,#4544,.T.);
#2690=ORIENTED_EDGE('',*,*,#4518,.F.);
#2691=ORIENTED_EDGE('',*,*,#4545,.F.);
#2692=ORIENTED_EDGE('',*,*,#4541,.T.);
#2693=ORIENTED_EDGE('',*,*,#4539,.T.);
#2694=ORIENTED_EDGE('',*,*,#4546,.F.);
#2695=ORIENTED_EDGE('',*,*,#4545,.T.);
#2696=ORIENTED_EDGE('',*,*,#4543,.T.);
#2697=ORIENTED_EDGE('',*,*,#4547,.F.);
#2698=ORIENTED_EDGE('',*,*,#4546,.T.);
#2699=ORIENTED_EDGE('',*,*,#4511,.F.);
#2700=ORIENTED_EDGE('',*,*,#4547,.T.);
#2701=ORIENTED_EDGE('',*,*,#4529,.F.);
#2702=ORIENTED_EDGE('',*,*,#4468,.F.);
#2703=ORIENTED_EDGE('',*,*,#4548,.T.);
#2704=ORIENTED_EDGE('',*,*,#4512,.F.);
#2705=ORIENTED_EDGE('',*,*,#4549,.T.);
#2706=ORIENTED_EDGE('',*,*,#4550,.T.);
#2707=ORIENTED_EDGE('',*,*,#4551,.T.);
#2708=ORIENTED_EDGE('',*,*,#4517,.F.);
#2709=ORIENTED_EDGE('',*,*,#4552,.T.);
#2710=ORIENTED_EDGE('',*,*,#4532,.F.);
#2711=ORIENTED_EDGE('',*,*,#4520,.F.);
#2712=ORIENTED_EDGE('',*,*,#4553,.T.);
#2713=ORIENTED_EDGE('',*,*,#4474,.F.);
#2714=ORIENTED_EDGE('',*,*,#4554,.T.);
#2715=ORIENTED_EDGE('',*,*,#4521,.F.);
#2716=ORIENTED_EDGE('',*,*,#4555,.T.);
#2717=ORIENTED_EDGE('',*,*,#4556,.T.);
#2718=ORIENTED_EDGE('',*,*,#4536,.F.);
#2719=ORIENTED_EDGE('',*,*,#4557,.T.);
#2720=ORIENTED_EDGE('',*,*,#4555,.F.);
#2721=ORIENTED_EDGE('',*,*,#4554,.F.);
#2722=ORIENTED_EDGE('',*,*,#4558,.F.);
#2723=ORIENTED_EDGE('',*,*,#4558,.T.);
#2724=ORIENTED_EDGE('',*,*,#4477,.F.);
#2725=ORIENTED_EDGE('',*,*,#4559,.F.);
#2726=ORIENTED_EDGE('',*,*,#4556,.F.);
#2727=ORIENTED_EDGE('',*,*,#4559,.T.);
#2728=ORIENTED_EDGE('',*,*,#4476,.F.);
#2729=ORIENTED_EDGE('',*,*,#4560,.F.);
#2730=ORIENTED_EDGE('',*,*,#4537,.F.);
#2731=ORIENTED_EDGE('',*,*,#4560,.T.);
#2732=ORIENTED_EDGE('',*,*,#4473,.F.);
#2733=ORIENTED_EDGE('',*,*,#4561,.F.);
#2734=ORIENTED_EDGE('',*,*,#4530,.F.);
#2735=ORIENTED_EDGE('',*,*,#4561,.T.);
#2736=ORIENTED_EDGE('',*,*,#4470,.F.);
#2737=ORIENTED_EDGE('',*,*,#4562,.F.);
#2738=ORIENTED_EDGE('',*,*,#4531,.F.);
#2739=ORIENTED_EDGE('',*,*,#4562,.T.);
#2740=ORIENTED_EDGE('',*,*,#4469,.F.);
#2741=ORIENTED_EDGE('',*,*,#4563,.F.);
#2742=ORIENTED_EDGE('',*,*,#4550,.F.);
#2743=ORIENTED_EDGE('',*,*,#4563,.T.);
#2744=ORIENTED_EDGE('',*,*,#4549,.F.);
#2745=ORIENTED_EDGE('',*,*,#4551,.F.);
#2746=ORIENTED_EDGE('',*,*,#4564,.F.);
#2747=ORIENTED_EDGE('',*,*,#3947,.F.);
#2748=ORIENTED_EDGE('',*,*,#4565,.F.);
#2749=ORIENTED_EDGE('',*,*,#4527,.F.);
#2750=ORIENTED_EDGE('',*,*,#4565,.T.);
#2751=ORIENTED_EDGE('',*,*,#3946,.F.);
#2752=ORIENTED_EDGE('',*,*,#4566,.F.);
#2753=ORIENTED_EDGE('',*,*,#4540,.F.);
#2754=ORIENTED_EDGE('',*,*,#4564,.T.);
#2755=ORIENTED_EDGE('',*,*,#4526,.F.);
#2756=ORIENTED_EDGE('',*,*,#4567,.F.);
#2757=ORIENTED_EDGE('',*,*,#4498,.F.);
#2758=ORIENTED_EDGE('',*,*,#4566,.T.);
#2759=ORIENTED_EDGE('',*,*,#3945,.F.);
#2760=ORIENTED_EDGE('',*,*,#4568,.F.);
#2761=ORIENTED_EDGE('',*,*,#4516,.F.);
#2762=ORIENTED_EDGE('',*,*,#4567,.T.);
#2763=ORIENTED_EDGE('',*,*,#4525,.F.);
#2764=ORIENTED_EDGE('',*,*,#4569,.F.);
#2765=ORIENTED_EDGE('',*,*,#3890,.F.);
#2766=ORIENTED_EDGE('',*,*,#4568,.T.);
#2767=ORIENTED_EDGE('',*,*,#3944,.F.);
#2768=ORIENTED_EDGE('',*,*,#4570,.F.);
#2769=ORIENTED_EDGE('',*,*,#4552,.F.);
#2770=ORIENTED_EDGE('',*,*,#4569,.T.);
#2771=ORIENTED_EDGE('',*,*,#4542,.F.);
#2772=ORIENTED_EDGE('',*,*,#4571,.F.);
#2773=ORIENTED_EDGE('',*,*,#3891,.F.);
#2774=ORIENTED_EDGE('',*,*,#4570,.T.);
#2775=ORIENTED_EDGE('',*,*,#3943,.F.);
#2776=ORIENTED_EDGE('',*,*,#4572,.F.);
#2777=ORIENTED_EDGE('',*,*,#4533,.F.);
#2778=ORIENTED_EDGE('',*,*,#4571,.T.);
#2779=ORIENTED_EDGE('',*,*,#4522,.F.);
#2780=ORIENTED_EDGE('',*,*,#4573,.F.);
#2781=ORIENTED_EDGE('',*,*,#3892,.F.);
#2782=ORIENTED_EDGE('',*,*,#4572,.T.);
#2783=ORIENTED_EDGE('',*,*,#4465,.F.);
#2784=ORIENTED_EDGE('',*,*,#4574,.F.);
#2785=ORIENTED_EDGE('',*,*,#4534,.F.);
#2786=ORIENTED_EDGE('',*,*,#4573,.T.);
#2787=ORIENTED_EDGE('',*,*,#4557,.F.);
#2788=ORIENTED_EDGE('',*,*,#4575,.F.);
#2789=ORIENTED_EDGE('',*,*,#3893,.F.);
#2790=ORIENTED_EDGE('',*,*,#4574,.T.);
#2791=ORIENTED_EDGE('',*,*,#3894,.F.);
#2792=ORIENTED_EDGE('',*,*,#4575,.T.);
#2793=ORIENTED_EDGE('',*,*,#4535,.F.);
#2794=ORIENTED_EDGE('',*,*,#4576,.F.);
#2795=ORIENTED_EDGE('',*,*,#4513,.F.);
#2796=ORIENTED_EDGE('',*,*,#4577,.F.);
#2797=ORIENTED_EDGE('',*,*,#4443,.F.);
#2798=ORIENTED_EDGE('',*,*,#4577,.T.);
#2799=ORIENTED_EDGE('',*,*,#4548,.F.);
#2800=ORIENTED_EDGE('',*,*,#4578,.F.);
#2801=ORIENTED_EDGE('',*,*,#4444,.F.);
#2802=ORIENTED_EDGE('',*,*,#4576,.T.);
#2803=ORIENTED_EDGE('',*,*,#4442,.F.);
#2804=ORIENTED_EDGE('',*,*,#4579,.F.);
#2805=ORIENTED_EDGE('',*,*,#4538,.F.);
#2806=ORIENTED_EDGE('',*,*,#4578,.T.);
#2807=ORIENTED_EDGE('',*,*,#4467,.F.);
#2808=ORIENTED_EDGE('',*,*,#4580,.F.);
#2809=ORIENTED_EDGE('',*,*,#4445,.F.);
#2810=ORIENTED_EDGE('',*,*,#4579,.T.);
#2811=ORIENTED_EDGE('',*,*,#4441,.F.);
#2812=ORIENTED_EDGE('',*,*,#4581,.F.);
#2813=ORIENTED_EDGE('',*,*,#4509,.F.);
#2814=ORIENTED_EDGE('',*,*,#4580,.T.);
#2815=ORIENTED_EDGE('',*,*,#4472,.F.);
#2816=ORIENTED_EDGE('',*,*,#4582,.F.);
#2817=ORIENTED_EDGE('',*,*,#4446,.F.);
#2818=ORIENTED_EDGE('',*,*,#4581,.T.);
#2819=ORIENTED_EDGE('',*,*,#4440,.F.);
#2820=ORIENTED_EDGE('',*,*,#4583,.F.);
#2821=ORIENTED_EDGE('',*,*,#4544,.F.);
#2822=ORIENTED_EDGE('',*,*,#4582,.T.);
#2823=ORIENTED_EDGE('',*,*,#4475,.F.);
#2824=ORIENTED_EDGE('',*,*,#4584,.F.);
#2825=ORIENTED_EDGE('',*,*,#4437,.F.);
#2826=ORIENTED_EDGE('',*,*,#4583,.T.);
#2827=ORIENTED_EDGE('',*,*,#4439,.F.);
#2828=ORIENTED_EDGE('',*,*,#4585,.F.);
#2829=ORIENTED_EDGE('',*,*,#4519,.F.);
#2830=ORIENTED_EDGE('',*,*,#4584,.T.);
#2831=ORIENTED_EDGE('',*,*,#4553,.F.);
#2832=ORIENTED_EDGE('',*,*,#4585,.T.);
#2833=ORIENTED_EDGE('',*,*,#4438,.F.);
#2834=ORIENTED_EDGE('',*,*,#3941,.F.);
#2835=ORIENTED_EDGE('',*,*,#4586,.T.);
#2836=ORIENTED_EDGE('',*,*,#4434,.F.);
#2837=ORIENTED_EDGE('',*,*,#4587,.F.);
#2838=ORIENTED_EDGE('',*,*,#4587,.T.);
#2839=ORIENTED_EDGE('',*,*,#4433,.F.);
#2840=ORIENTED_EDGE('',*,*,#4588,.F.);
#2841=ORIENTED_EDGE('',*,*,#4464,.F.);
#2842=ORIENTED_EDGE('',*,*,#4432,.F.);
#2843=ORIENTED_EDGE('',*,*,#4589,.T.);
#2844=ORIENTED_EDGE('',*,*,#3896,.F.);
#2845=ORIENTED_EDGE('',*,*,#4588,.T.);
#2846=ORIENTED_EDGE('',*,*,#4488,.T.);
#2847=ORIENTED_EDGE('',*,*,#4590,.T.);
#2848=ORIENTED_EDGE('',*,*,#4591,.F.);
#2849=ORIENTED_EDGE('',*,*,#4592,.T.);
#2850=ORIENTED_EDGE('',*,*,#4491,.T.);
#2851=ORIENTED_EDGE('',*,*,#4593,.T.);
#2852=ORIENTED_EDGE('',*,*,#4594,.F.);
#2853=ORIENTED_EDGE('',*,*,#4595,.F.);
#2854=ORIENTED_EDGE('',*,*,#4596,.F.);
#2855=ORIENTED_EDGE('',*,*,#4428,.T.);
#2856=ORIENTED_EDGE('',*,*,#4597,.T.);
#2857=ORIENTED_EDGE('',*,*,#4598,.F.);
#2858=ORIENTED_EDGE('',*,*,#4599,.T.);
#2859=ORIENTED_EDGE('',*,*,#4600,.F.);
#2860=ORIENTED_EDGE('',*,*,#4601,.F.);
#2861=ORIENTED_EDGE('',*,*,#4602,.F.);
#2862=ORIENTED_EDGE('',*,*,#4603,.T.);
#2863=ORIENTED_EDGE('',*,*,#4604,.T.);
#2864=ORIENTED_EDGE('',*,*,#4605,.T.);
#2865=ORIENTED_EDGE('',*,*,#4599,.F.);
#2866=ORIENTED_EDGE('',*,*,#4606,.F.);
#2867=ORIENTED_EDGE('',*,*,#4607,.F.);
#2868=ORIENTED_EDGE('',*,*,#4449,.T.);
#2869=ORIENTED_EDGE('',*,*,#4608,.T.);
#2870=ORIENTED_EDGE('',*,*,#4451,.F.);
#2871=ORIENTED_EDGE('',*,*,#4609,.F.);
#2872=ORIENTED_EDGE('',*,*,#4591,.T.);
#2873=ORIENTED_EDGE('',*,*,#4594,.T.);
#2874=ORIENTED_EDGE('',*,*,#4610,.F.);
#2875=ORIENTED_EDGE('',*,*,#4426,.F.);
#2876=ORIENTED_EDGE('',*,*,#4611,.F.);
#2877=ORIENTED_EDGE('',*,*,#4612,.F.);
#2878=ORIENTED_EDGE('',*,*,#4613,.T.);
#2879=ORIENTED_EDGE('',*,*,#4614,.F.);
#2880=ORIENTED_EDGE('',*,*,#4459,.T.);
#2881=ORIENTED_EDGE('',*,*,#4615,.F.);
#2882=ORIENTED_EDGE('',*,*,#4456,.T.);
#2883=ORIENTED_EDGE('',*,*,#4614,.T.);
#2884=ORIENTED_EDGE('',*,*,#4616,.T.);
#2885=ORIENTED_EDGE('',*,*,#4598,.T.);
#2886=ORIENTED_EDGE('',*,*,#4612,.T.);
#2887=ORIENTED_EDGE('',*,*,#4458,.T.);
#2888=ORIENTED_EDGE('',*,*,#4617,.F.);
#2889=ORIENTED_EDGE('',*,*,#4617,.T.);
#2890=ORIENTED_EDGE('',*,*,#4457,.T.);
#2891=ORIENTED_EDGE('',*,*,#4615,.T.);
#2892=ORIENTED_EDGE('',*,*,#4606,.T.);
#2893=ORIENTED_EDGE('',*,*,#4607,.T.);
#2894=ORIENTED_EDGE('',*,*,#4616,.F.);
#2895=ORIENTED_EDGE('',*,*,#4618,.F.);
#2896=ORIENTED_EDGE('',*,*,#4482,.F.);
#2897=ORIENTED_EDGE('',*,*,#4592,.F.);
#2898=ORIENTED_EDGE('',*,*,#4609,.T.);
#2899=ORIENTED_EDGE('',*,*,#4450,.F.);
#2900=ORIENTED_EDGE('',*,*,#4427,.F.);
#2901=ORIENTED_EDGE('',*,*,#4610,.T.);
#2902=ORIENTED_EDGE('',*,*,#4593,.F.);
#2903=ORIENTED_EDGE('',*,*,#4483,.F.);
#2904=ORIENTED_EDGE('',*,*,#4618,.T.);
#2905=ORIENTED_EDGE('',*,*,#4613,.F.);
#2906=ORIENTED_EDGE('',*,*,#4597,.F.);
#2907=ORIENTED_EDGE('',*,*,#4460,.T.);
#2908=ORIENTED_EDGE('',*,*,#4596,.T.);
#2909=ORIENTED_EDGE('',*,*,#4619,.F.);
#2910=ORIENTED_EDGE('',*,*,#4620,.F.);
#2911=ORIENTED_EDGE('',*,*,#4621,.F.);
#2912=ORIENTED_EDGE('',*,*,#4602,.T.);
#2913=ORIENTED_EDGE('',*,*,#4622,.F.);
#2914=ORIENTED_EDGE('',*,*,#4623,.F.);
#2915=ORIENTED_EDGE('',*,*,#4429,.F.);
#2916=ORIENTED_EDGE('',*,*,#4448,.T.);
#2917=ORIENTED_EDGE('',*,*,#4624,.F.);
#2918=ORIENTED_EDGE('',*,*,#4625,.F.);
#2919=ORIENTED_EDGE('',*,*,#4603,.F.);
#2920=ORIENTED_EDGE('',*,*,#4626,.F.);
#2921=ORIENTED_EDGE('',*,*,#4627,.F.);
#2922=ORIENTED_EDGE('',*,*,#4628,.F.);
#2923=ORIENTED_EDGE('',*,*,#4600,.T.);
#2924=ORIENTED_EDGE('',*,*,#4605,.F.);
#2925=ORIENTED_EDGE('',*,*,#4595,.T.);
#2926=ORIENTED_EDGE('',*,*,#4611,.T.);
#2927=ORIENTED_EDGE('',*,*,#4425,.T.);
#2928=ORIENTED_EDGE('',*,*,#4623,.T.);
#2929=ORIENTED_EDGE('',*,*,#4629,.T.);
#2930=ORIENTED_EDGE('',*,*,#4619,.T.);
#2931=ORIENTED_EDGE('',*,*,#4628,.T.);
#2932=ORIENTED_EDGE('',*,*,#4630,.T.);
#2933=ORIENTED_EDGE('',*,*,#4622,.T.);
#2934=ORIENTED_EDGE('',*,*,#4601,.T.);
#2935=ORIENTED_EDGE('',*,*,#4625,.T.);
#2936=ORIENTED_EDGE('',*,*,#4631,.T.);
#2937=ORIENTED_EDGE('',*,*,#4626,.T.);
#2938=ORIENTED_EDGE('',*,*,#4604,.F.);
#2939=ORIENTED_EDGE('',*,*,#4621,.T.);
#2940=ORIENTED_EDGE('',*,*,#4632,.T.);
#2941=ORIENTED_EDGE('',*,*,#4624,.T.);
#2942=ORIENTED_EDGE('',*,*,#4447,.T.);
#2943=ORIENTED_EDGE('',*,*,#4608,.F.);
#2944=ORIENTED_EDGE('',*,*,#4590,.F.);
#2945=ORIENTED_EDGE('',*,*,#4461,.F.);
#2946=ORIENTED_EDGE('',*,*,#4630,.F.);
#2947=ORIENTED_EDGE('',*,*,#4633,.T.);
#2948=ORIENTED_EDGE('',*,*,#4629,.F.);
#2949=ORIENTED_EDGE('',*,*,#4632,.F.);
#2950=ORIENTED_EDGE('',*,*,#4634,.T.);
#2951=ORIENTED_EDGE('',*,*,#4631,.F.);
#2952=ORIENTED_EDGE('',*,*,#4633,.F.);
#2953=ORIENTED_EDGE('',*,*,#4627,.T.);
#2954=ORIENTED_EDGE('',*,*,#4634,.F.);
#2955=ORIENTED_EDGE('',*,*,#4620,.T.);
#2956=ORIENTED_EDGE('',*,*,#4499,.F.);
#2957=ORIENTED_EDGE('',*,*,#3963,.T.);
#2958=ORIENTED_EDGE('',*,*,#3914,.F.);
#2959=ORIENTED_EDGE('',*,*,#4415,.T.);
#2960=ORIENTED_EDGE('',*,*,#4422,.T.);
#2961=ORIENTED_EDGE('',*,*,#4589,.F.);
#2962=ORIENTED_EDGE('',*,*,#4635,.F.);
#2963=ORIENTED_EDGE('',*,*,#4635,.T.);
#2964=ORIENTED_EDGE('',*,*,#4431,.F.);
#2965=ORIENTED_EDGE('',*,*,#4486,.F.);
#2966=ORIENTED_EDGE('',*,*,#4500,.F.);
#2967=ORIENTED_EDGE('',*,*,#4636,.F.);
#2968=ORIENTED_EDGE('',*,*,#4504,.F.);
#2969=ORIENTED_EDGE('',*,*,#4637,.F.);
#2970=ORIENTED_EDGE('',*,*,#3940,.F.);
#2971=ORIENTED_EDGE('',*,*,#4586,.F.);
#2972=ORIENTED_EDGE('',*,*,#4637,.T.);
#2973=ORIENTED_EDGE('',*,*,#4638,.F.);
#2974=ORIENTED_EDGE('',*,*,#4489,.F.);
#2975=ORIENTED_EDGE('',*,*,#4435,.F.);
#2976=ORIENTED_EDGE('',*,*,#4638,.T.);
#2977=ORIENTED_EDGE('',*,*,#4503,.F.);
#2978=ORIENTED_EDGE('',*,*,#4502,.F.);
#2979=ORIENTED_EDGE('',*,*,#3965,.T.);
#2980=ORIENTED_EDGE('',*,*,#4501,.F.);
#2981=ORIENTED_EDGE('',*,*,#4479,.F.);
#2982=ORIENTED_EDGE('',*,*,#4506,.F.);
#2983=ORIENTED_EDGE('',*,*,#4639,.F.);
#2984=ORIENTED_EDGE('',*,*,#4640,.F.);
#2985=ORIENTED_EDGE('',*,*,#4641,.F.);
#2986=ORIENTED_EDGE('',*,*,#4642,.F.);
#2987=ORIENTED_EDGE('',*,*,#4643,.F.);
#2988=ORIENTED_EDGE('',*,*,#4644,.T.);
#2989=ORIENTED_EDGE('',*,*,#4645,.F.);
#2990=ORIENTED_EDGE('',*,*,#4646,.F.);
#2991=ORIENTED_EDGE('',*,*,#4647,.F.);
#2992=ORIENTED_EDGE('',*,*,#4648,.F.);
#2993=ORIENTED_EDGE('',*,*,#4649,.F.);
#2994=ORIENTED_EDGE('',*,*,#4507,.F.);
#2995=ORIENTED_EDGE('',*,*,#4649,.T.);
#2996=ORIENTED_EDGE('',*,*,#4650,.T.);
#2997=ORIENTED_EDGE('',*,*,#3952,.F.);
#2998=ORIENTED_EDGE('',*,*,#4424,.T.);
#2999=ORIENTED_EDGE('',*,*,#4505,.F.);
#3000=ORIENTED_EDGE('',*,*,#4636,.T.);
#3001=ORIENTED_EDGE('',*,*,#3939,.F.);
#3002=ORIENTED_EDGE('',*,*,#4651,.F.);
#3003=ORIENTED_EDGE('',*,*,#4639,.T.);
#3004=ORIENTED_EDGE('',*,*,#4652,.F.);
#3005=ORIENTED_EDGE('',*,*,#4653,.T.);
#3006=ORIENTED_EDGE('',*,*,#4643,.T.);
#3007=ORIENTED_EDGE('',*,*,#4654,.T.);
#3008=ORIENTED_EDGE('',*,*,#3935,.F.);
#3009=ORIENTED_EDGE('',*,*,#4645,.T.);
#3010=ORIENTED_EDGE('',*,*,#4655,.T.);
#3011=ORIENTED_EDGE('',*,*,#4656,.F.);
#3012=ORIENTED_EDGE('',*,*,#3956,.F.);
#3013=ORIENTED_EDGE('',*,*,#4657,.F.);
#3014=ORIENTED_EDGE('',*,*,#3936,.F.);
#3015=ORIENTED_EDGE('',*,*,#4654,.F.);
#3016=ORIENTED_EDGE('',*,*,#4642,.T.);
#3017=ORIENTED_EDGE('',*,*,#4658,.T.);
#3018=ORIENTED_EDGE('',*,*,#3955,.F.);
#3019=ORIENTED_EDGE('',*,*,#4659,.F.);
#3020=ORIENTED_EDGE('',*,*,#4646,.T.);
#3021=ORIENTED_EDGE('',*,*,#4657,.T.);
#3022=ORIENTED_EDGE('',*,*,#3954,.F.);
#3023=ORIENTED_EDGE('',*,*,#4660,.F.);
#3024=ORIENTED_EDGE('',*,*,#4647,.T.);
#3025=ORIENTED_EDGE('',*,*,#4659,.T.);
#3026=ORIENTED_EDGE('',*,*,#3953,.F.);
#3027=ORIENTED_EDGE('',*,*,#4650,.F.);
#3028=ORIENTED_EDGE('',*,*,#4648,.T.);
#3029=ORIENTED_EDGE('',*,*,#4660,.T.);
#3030=ORIENTED_EDGE('',*,*,#3938,.F.);
#3031=ORIENTED_EDGE('',*,*,#4661,.F.);
#3032=ORIENTED_EDGE('',*,*,#4640,.T.);
#3033=ORIENTED_EDGE('',*,*,#4651,.T.);
#3034=ORIENTED_EDGE('',*,*,#3937,.F.);
#3035=ORIENTED_EDGE('',*,*,#4658,.F.);
#3036=ORIENTED_EDGE('',*,*,#4641,.T.);
#3037=ORIENTED_EDGE('',*,*,#4661,.T.);
#3038=ORIENTED_EDGE('',*,*,#4662,.T.);
#3039=ORIENTED_EDGE('',*,*,#4652,.T.);
#3040=ORIENTED_EDGE('',*,*,#3934,.T.);
#3041=ORIENTED_EDGE('',*,*,#4663,.T.);
#3042=ORIENTED_EDGE('',*,*,#3671,.T.);
#3043=ORIENTED_EDGE('',*,*,#3972,.T.);
#3044=ORIENTED_EDGE('',*,*,#4664,.T.);
#3045=ORIENTED_EDGE('',*,*,#4665,.F.);
#3046=ORIENTED_EDGE('',*,*,#4666,.T.);
#3047=ORIENTED_EDGE('',*,*,#4667,.F.);
#3048=ORIENTED_EDGE('',*,*,#4668,.T.);
#3049=ORIENTED_EDGE('',*,*,#4669,.F.);
#3050=ORIENTED_EDGE('',*,*,#4670,.F.);
#3051=ORIENTED_EDGE('',*,*,#4671,.T.);
#3052=ORIENTED_EDGE('',*,*,#4672,.T.);
#3053=ORIENTED_EDGE('',*,*,#4673,.F.);
#3054=ORIENTED_EDGE('',*,*,#4674,.F.);
#3055=ORIENTED_EDGE('',*,*,#4675,.F.);
#3056=ORIENTED_EDGE('',*,*,#4676,.F.);
#3057=ORIENTED_EDGE('',*,*,#4677,.F.);
#3058=ORIENTED_EDGE('',*,*,#4678,.F.);
#3059=ORIENTED_EDGE('',*,*,#4679,.F.);
#3060=ORIENTED_EDGE('',*,*,#4680,.F.);
#3061=ORIENTED_EDGE('',*,*,#4681,.F.);
#3062=ORIENTED_EDGE('',*,*,#4682,.F.);
#3063=ORIENTED_EDGE('',*,*,#4683,.F.);
#3064=ORIENTED_EDGE('',*,*,#4684,.F.);
#3065=ORIENTED_EDGE('',*,*,#4685,.F.);
#3066=ORIENTED_EDGE('',*,*,#4686,.F.);
#3067=ORIENTED_EDGE('',*,*,#4687,.F.);
#3068=ORIENTED_EDGE('',*,*,#4688,.T.);
#3069=ORIENTED_EDGE('',*,*,#4689,.F.);
#3070=ORIENTED_EDGE('',*,*,#4690,.F.);
#3071=ORIENTED_EDGE('',*,*,#4691,.T.);
#3072=ORIENTED_EDGE('',*,*,#4692,.T.);
#3073=ORIENTED_EDGE('',*,*,#4693,.F.);
#3074=ORIENTED_EDGE('',*,*,#4694,.F.);
#3075=ORIENTED_EDGE('',*,*,#4695,.F.);
#3076=ORIENTED_EDGE('',*,*,#4696,.F.);
#3077=ORIENTED_EDGE('',*,*,#4697,.T.);
#3078=ORIENTED_EDGE('',*,*,#4698,.T.);
#3079=ORIENTED_EDGE('',*,*,#4699,.T.);
#3080=ORIENTED_EDGE('',*,*,#4700,.T.);
#3081=ORIENTED_EDGE('',*,*,#4701,.T.);
#3082=ORIENTED_EDGE('',*,*,#4702,.F.);
#3083=ORIENTED_EDGE('',*,*,#4703,.F.);
#3084=ORIENTED_EDGE('',*,*,#4704,.F.);
#3085=ORIENTED_EDGE('',*,*,#3932,.T.);
#3086=ORIENTED_EDGE('',*,*,#4705,.F.);
#3087=ORIENTED_EDGE('',*,*,#3660,.T.);
#3088=ORIENTED_EDGE('',*,*,#4706,.F.);
#3089=ORIENTED_EDGE('',*,*,#4707,.F.);
#3090=ORIENTED_EDGE('',*,*,#4708,.F.);
#3091=ORIENTED_EDGE('',*,*,#4709,.F.);
#3092=ORIENTED_EDGE('',*,*,#4710,.F.);
#3093=ORIENTED_EDGE('',*,*,#4711,.F.);
#3094=ORIENTED_EDGE('',*,*,#4712,.F.);
#3095=ORIENTED_EDGE('',*,*,#4713,.F.);
#3096=ORIENTED_EDGE('',*,*,#4707,.T.);
#3097=ORIENTED_EDGE('',*,*,#4714,.F.);
#3098=ORIENTED_EDGE('',*,*,#4715,.F.);
#3099=ORIENTED_EDGE('',*,*,#4716,.F.);
#3100=ORIENTED_EDGE('',*,*,#4717,.F.);
#3101=ORIENTED_EDGE('',*,*,#4712,.T.);
#3102=ORIENTED_EDGE('',*,*,#4718,.F.);
#3103=ORIENTED_EDGE('',*,*,#3969,.F.);
#3104=ORIENTED_EDGE('',*,*,#4719,.F.);
#3105=ORIENTED_EDGE('',*,*,#4655,.F.);
#3106=ORIENTED_EDGE('',*,*,#4644,.F.);
#3107=ORIENTED_EDGE('',*,*,#4653,.F.);
#3108=ORIENTED_EDGE('',*,*,#4662,.F.);
#3109=ORIENTED_EDGE('',*,*,#4720,.F.);
#3110=ORIENTED_EDGE('',*,*,#4721,.T.);
#3111=ORIENTED_EDGE('',*,*,#4722,.F.);
#3112=ORIENTED_EDGE('',*,*,#4723,.F.);
#3113=ORIENTED_EDGE('',*,*,#3971,.F.);
#3114=ORIENTED_EDGE('',*,*,#4724,.F.);
#3115=ORIENTED_EDGE('',*,*,#4725,.F.);
#3116=ORIENTED_EDGE('',*,*,#4726,.T.);
#3117=ORIENTED_EDGE('',*,*,#4727,.F.);
#3118=ORIENTED_EDGE('',*,*,#4728,.F.);
#3119=ORIENTED_EDGE('',*,*,#4729,.T.);
#3120=ORIENTED_EDGE('',*,*,#3876,.T.);
#3121=ORIENTED_EDGE('',*,*,#4730,.T.);
#3122=ORIENTED_EDGE('',*,*,#4664,.F.);
#3123=ORIENTED_EDGE('',*,*,#3926,.T.);
#3124=ORIENTED_EDGE('',*,*,#4731,.T.);
#3125=ORIENTED_EDGE('',*,*,#4732,.T.);
#3126=ORIENTED_EDGE('',*,*,#3666,.T.);
#3127=ORIENTED_EDGE('',*,*,#4733,.F.);
#3128=ORIENTED_EDGE('',*,*,#3667,.T.);
#3129=ORIENTED_EDGE('',*,*,#4732,.F.);
#3130=ORIENTED_EDGE('',*,*,#4734,.T.);
#3131=ORIENTED_EDGE('',*,*,#4694,.T.);
#3132=ORIENTED_EDGE('',*,*,#4735,.T.);
#3133=ORIENTED_EDGE('',*,*,#4158,.F.);
#3134=ORIENTED_EDGE('',*,*,#4736,.T.);
#3135=ORIENTED_EDGE('',*,*,#4695,.T.);
#3136=ORIENTED_EDGE('',*,*,#4734,.F.);
#3137=ORIENTED_EDGE('',*,*,#4731,.F.);
#3138=ORIENTED_EDGE('',*,*,#3925,.T.);
#3139=ORIENTED_EDGE('',*,*,#4167,.F.);
#3140=ORIENTED_EDGE('',*,*,#4735,.F.);
#3141=ORIENTED_EDGE('',*,*,#4693,.T.);
#3142=ORIENTED_EDGE('',*,*,#4737,.T.);
#3143=ORIENTED_EDGE('',*,*,#4168,.F.);
#3144=ORIENTED_EDGE('',*,*,#4165,.T.);
#3145=ORIENTED_EDGE('',*,*,#4159,.F.);
#3146=ORIENTED_EDGE('',*,*,#4737,.F.);
#3147=ORIENTED_EDGE('',*,*,#4696,.T.);
#3148=ORIENTED_EDGE('',*,*,#4736,.F.);
#3149=ORIENTED_EDGE('',*,*,#4166,.F.);
#3150=ORIENTED_EDGE('',*,*,#4163,.T.);
#3151=ORIENTED_EDGE('',*,*,#4169,.F.);
#3152=ORIENTED_EDGE('',*,*,#4672,.F.);
#3153=ORIENTED_EDGE('',*,*,#4738,.T.);
#3154=ORIENTED_EDGE('',*,*,#4702,.T.);
#3155=ORIENTED_EDGE('',*,*,#4739,.T.);
#3156=ORIENTED_EDGE('',*,*,#4740,.T.);
#3157=ORIENTED_EDGE('',*,*,#4721,.F.);
#3158=ORIENTED_EDGE('',*,*,#4741,.F.);
#3159=ORIENTED_EDGE('',*,*,#4726,.F.);
#3160=ORIENTED_EDGE('',*,*,#4742,.T.);
#3161=ORIENTED_EDGE('',*,*,#4743,.T.);
#3162=ORIENTED_EDGE('',*,*,#4703,.T.);
#3163=ORIENTED_EDGE('',*,*,#4738,.F.);
#3164=ORIENTED_EDGE('',*,*,#4671,.F.);
#3165=ORIENTED_EDGE('',*,*,#4744,.F.);
#3166=ORIENTED_EDGE('',*,*,#4722,.T.);
#3167=ORIENTED_EDGE('',*,*,#4740,.F.);
#3168=ORIENTED_EDGE('',*,*,#4745,.F.);
#3169=ORIENTED_EDGE('',*,*,#4746,.F.);
#3170=ORIENTED_EDGE('',*,*,#4742,.F.);
#3171=ORIENTED_EDGE('',*,*,#4725,.T.);
#3172=ORIENTED_EDGE('',*,*,#4747,.F.);
#3173=ORIENTED_EDGE('',*,*,#4748,.F.);
#3174=ORIENTED_EDGE('',*,*,#4749,.F.);
#3175=ORIENTED_EDGE('',*,*,#4750,.F.);
#3176=ORIENTED_EDGE('',*,*,#4751,.F.);
#3177=ORIENTED_EDGE('',*,*,#4752,.F.);
#3178=ORIENTED_EDGE('',*,*,#4753,.F.);
#3179=ORIENTED_EDGE('',*,*,#4754,.F.);
#3180=ORIENTED_EDGE('',*,*,#4755,.F.);
#3181=ORIENTED_EDGE('',*,*,#4756,.F.);
#3182=ORIENTED_EDGE('',*,*,#4757,.F.);
#3183=ORIENTED_EDGE('',*,*,#4758,.F.);
#3184=ORIENTED_EDGE('',*,*,#4759,.F.);
#3185=ORIENTED_EDGE('',*,*,#4760,.F.);
#3186=ORIENTED_EDGE('',*,*,#4761,.F.);
#3187=ORIENTED_EDGE('',*,*,#4762,.F.);
#3188=ORIENTED_EDGE('',*,*,#4763,.F.);
#3189=ORIENTED_EDGE('',*,*,#4764,.F.);
#3190=ORIENTED_EDGE('',*,*,#4765,.F.);
#3191=ORIENTED_EDGE('',*,*,#4766,.F.);
#3192=ORIENTED_EDGE('',*,*,#4767,.F.);
#3193=ORIENTED_EDGE('',*,*,#4768,.F.);
#3194=ORIENTED_EDGE('',*,*,#4769,.F.);
#3195=ORIENTED_EDGE('',*,*,#4770,.F.);
#3196=ORIENTED_EDGE('',*,*,#4771,.F.);
#3197=ORIENTED_EDGE('',*,*,#4772,.F.);
#3198=ORIENTED_EDGE('',*,*,#4773,.F.);
#3199=ORIENTED_EDGE('',*,*,#4774,.F.);
#3200=ORIENTED_EDGE('',*,*,#4775,.F.);
#3201=ORIENTED_EDGE('',*,*,#4776,.F.);
#3202=ORIENTED_EDGE('',*,*,#4777,.F.);
#3203=ORIENTED_EDGE('',*,*,#4756,.T.);
#3204=ORIENTED_EDGE('',*,*,#4778,.T.);
#3205=ORIENTED_EDGE('',*,*,#4748,.T.);
#3206=ORIENTED_EDGE('',*,*,#4779,.F.);
#3207=ORIENTED_EDGE('',*,*,#4766,.T.);
#3208=ORIENTED_EDGE('',*,*,#4780,.T.);
#3209=ORIENTED_EDGE('',*,*,#4755,.T.);
#3210=ORIENTED_EDGE('',*,*,#4781,.F.);
#3211=ORIENTED_EDGE('',*,*,#4759,.T.);
#3212=ORIENTED_EDGE('',*,*,#4782,.T.);
#3213=ORIENTED_EDGE('',*,*,#4764,.T.);
#3214=ORIENTED_EDGE('',*,*,#4783,.F.);
#3215=ORIENTED_EDGE('',*,*,#4750,.T.);
#3216=ORIENTED_EDGE('',*,*,#4784,.T.);
#3217=ORIENTED_EDGE('',*,*,#4758,.T.);
#3218=ORIENTED_EDGE('',*,*,#4785,.F.);
#3219=ORIENTED_EDGE('',*,*,#4780,.F.);
#3220=ORIENTED_EDGE('',*,*,#4786,.T.);
#3221=ORIENTED_EDGE('',*,*,#4778,.F.);
#3222=ORIENTED_EDGE('',*,*,#4784,.F.);
#3223=ORIENTED_EDGE('',*,*,#4787,.T.);
#3224=ORIENTED_EDGE('',*,*,#4782,.F.);
#3225=ORIENTED_EDGE('',*,*,#4786,.F.);
#3226=ORIENTED_EDGE('',*,*,#4765,.T.);
#3227=ORIENTED_EDGE('',*,*,#4787,.F.);
#3228=ORIENTED_EDGE('',*,*,#4749,.T.);
#3229=ORIENTED_EDGE('',*,*,#4710,.T.);
#3230=ORIENTED_EDGE('',*,*,#4788,.F.);
#3231=ORIENTED_EDGE('',*,*,#4752,.T.);
#3232=ORIENTED_EDGE('',*,*,#4789,.F.);
#3233=ORIENTED_EDGE('',*,*,#4790,.F.);
#3234=ORIENTED_EDGE('',*,*,#4776,.T.);
#3235=ORIENTED_EDGE('',*,*,#4791,.F.);
#3236=ORIENTED_EDGE('',*,*,#4753,.T.);
#3237=ORIENTED_EDGE('',*,*,#4792,.F.);
#3238=ORIENTED_EDGE('',*,*,#4762,.T.);
#3239=ORIENTED_EDGE('',*,*,#4793,.F.);
#3240=ORIENTED_EDGE('',*,*,#4715,.T.);
#3241=ORIENTED_EDGE('',*,*,#4794,.F.);
#3242=ORIENTED_EDGE('',*,*,#4761,.T.);
#3243=ORIENTED_EDGE('',*,*,#4795,.F.);
#3244=ORIENTED_EDGE('',*,*,#4772,.T.);
#3245=ORIENTED_EDGE('',*,*,#4796,.F.);
#3246=ORIENTED_EDGE('',*,*,#4797,.F.);
#3247=ORIENTED_EDGE('',*,*,#4797,.T.);
#3248=ORIENTED_EDGE('',*,*,#4798,.T.);
#3249=ORIENTED_EDGE('',*,*,#4793,.T.);
#3250=ORIENTED_EDGE('',*,*,#4798,.F.);
#3251=ORIENTED_EDGE('',*,*,#4796,.T.);
#3252=ORIENTED_EDGE('',*,*,#4799,.T.);
#3253=ORIENTED_EDGE('',*,*,#4716,.T.);
#3254=ORIENTED_EDGE('',*,*,#4799,.F.);
#3255=ORIENTED_EDGE('',*,*,#4771,.T.);
#3256=ORIENTED_EDGE('',*,*,#4800,.T.);
#3257=ORIENTED_EDGE('',*,*,#4717,.T.);
#3258=ORIENTED_EDGE('',*,*,#4800,.F.);
#3259=ORIENTED_EDGE('',*,*,#4770,.T.);
#3260=ORIENTED_EDGE('',*,*,#4801,.T.);
#3261=ORIENTED_EDGE('',*,*,#4713,.T.);
#3262=ORIENTED_EDGE('',*,*,#4801,.F.);
#3263=ORIENTED_EDGE('',*,*,#4777,.T.);
#3264=ORIENTED_EDGE('',*,*,#4802,.T.);
#3265=ORIENTED_EDGE('',*,*,#4708,.T.);
#3266=ORIENTED_EDGE('',*,*,#4802,.F.);
#3267=ORIENTED_EDGE('',*,*,#4790,.T.);
#3268=ORIENTED_EDGE('',*,*,#4803,.T.);
#3269=ORIENTED_EDGE('',*,*,#4709,.T.);
#3270=ORIENTED_EDGE('',*,*,#4803,.F.);
#3271=ORIENTED_EDGE('',*,*,#4792,.T.);
#3272=ORIENTED_EDGE('',*,*,#4788,.T.);
#3273=ORIENTED_EDGE('',*,*,#4804,.T.);
#3274=ORIENTED_EDGE('',*,*,#4767,.T.);
#3275=ORIENTED_EDGE('',*,*,#4805,.T.);
#3276=ORIENTED_EDGE('',*,*,#3927,.T.);
#3277=ORIENTED_EDGE('',*,*,#4805,.F.);
#3278=ORIENTED_EDGE('',*,*,#4781,.T.);
#3279=ORIENTED_EDGE('',*,*,#4806,.T.);
#3280=ORIENTED_EDGE('',*,*,#3928,.T.);
#3281=ORIENTED_EDGE('',*,*,#4804,.F.);
#3282=ORIENTED_EDGE('',*,*,#4733,.T.);
#3283=ORIENTED_EDGE('',*,*,#4807,.T.);
#3284=ORIENTED_EDGE('',*,*,#4768,.T.);
#3285=ORIENTED_EDGE('',*,*,#4806,.F.);
#3286=ORIENTED_EDGE('',*,*,#4754,.T.);
#3287=ORIENTED_EDGE('',*,*,#4808,.T.);
#3288=ORIENTED_EDGE('',*,*,#3929,.T.);
#3289=ORIENTED_EDGE('',*,*,#4807,.F.);
#3290=ORIENTED_EDGE('',*,*,#3665,.T.);
#3291=ORIENTED_EDGE('',*,*,#4809,.T.);
#3292=ORIENTED_EDGE('',*,*,#4769,.T.);
#3293=ORIENTED_EDGE('',*,*,#4808,.F.);
#3294=ORIENTED_EDGE('',*,*,#4791,.T.);
#3295=ORIENTED_EDGE('',*,*,#4810,.T.);
#3296=ORIENTED_EDGE('',*,*,#3930,.T.);
#3297=ORIENTED_EDGE('',*,*,#4809,.F.);
#3298=ORIENTED_EDGE('',*,*,#3664,.T.);
#3299=ORIENTED_EDGE('',*,*,#4811,.T.);
#3300=ORIENTED_EDGE('',*,*,#4783,.T.);
#3301=ORIENTED_EDGE('',*,*,#4810,.F.);
#3302=ORIENTED_EDGE('',*,*,#4775,.T.);
#3303=ORIENTED_EDGE('',*,*,#4812,.T.);
#3304=ORIENTED_EDGE('',*,*,#3931,.T.);
#3305=ORIENTED_EDGE('',*,*,#4811,.F.);
#3306=ORIENTED_EDGE('',*,*,#3663,.T.);
#3307=ORIENTED_EDGE('',*,*,#4813,.T.);
#3308=ORIENTED_EDGE('',*,*,#4760,.T.);
#3309=ORIENTED_EDGE('',*,*,#4812,.F.);
#3310=ORIENTED_EDGE('',*,*,#4774,.T.);
#3311=ORIENTED_EDGE('',*,*,#4814,.T.);
#3312=ORIENTED_EDGE('',*,*,#4705,.T.);
#3313=ORIENTED_EDGE('',*,*,#4813,.F.);
#3314=ORIENTED_EDGE('',*,*,#3662,.T.);
#3315=ORIENTED_EDGE('',*,*,#4815,.T.);
#3316=ORIENTED_EDGE('',*,*,#4795,.T.);
#3317=ORIENTED_EDGE('',*,*,#4814,.F.);
#3318=ORIENTED_EDGE('',*,*,#4773,.T.);
#3319=ORIENTED_EDGE('',*,*,#4815,.F.);
#3320=ORIENTED_EDGE('',*,*,#3661,.T.);
#3321=ORIENTED_EDGE('',*,*,#4816,.T.);
#3322=ORIENTED_EDGE('',*,*,#4682,.T.);
#3323=ORIENTED_EDGE('',*,*,#4817,.T.);
#3324=ORIENTED_EDGE('',*,*,#4757,.T.);
#3325=ORIENTED_EDGE('',*,*,#4817,.F.);
#3326=ORIENTED_EDGE('',*,*,#4681,.T.);
#3327=ORIENTED_EDGE('',*,*,#4818,.T.);
#3328=ORIENTED_EDGE('',*,*,#4789,.T.);
#3329=ORIENTED_EDGE('',*,*,#4816,.F.);
#3330=ORIENTED_EDGE('',*,*,#4779,.T.);
#3331=ORIENTED_EDGE('',*,*,#4819,.T.);
#3332=ORIENTED_EDGE('',*,*,#4683,.T.);
#3333=ORIENTED_EDGE('',*,*,#4818,.F.);
#3334=ORIENTED_EDGE('',*,*,#4680,.T.);
#3335=ORIENTED_EDGE('',*,*,#4820,.T.);
#3336=ORIENTED_EDGE('',*,*,#4711,.T.);
#3337=ORIENTED_EDGE('',*,*,#4819,.F.);
#3338=ORIENTED_EDGE('',*,*,#4751,.T.);
#3339=ORIENTED_EDGE('',*,*,#4821,.T.);
#3340=ORIENTED_EDGE('',*,*,#4684,.T.);
#3341=ORIENTED_EDGE('',*,*,#4820,.F.);
#3342=ORIENTED_EDGE('',*,*,#4679,.T.);
#3343=ORIENTED_EDGE('',*,*,#4822,.T.);
#3344=ORIENTED_EDGE('',*,*,#4714,.T.);
#3345=ORIENTED_EDGE('',*,*,#4821,.F.);
#3346=ORIENTED_EDGE('',*,*,#4785,.T.);
#3347=ORIENTED_EDGE('',*,*,#4823,.T.);
#3348=ORIENTED_EDGE('',*,*,#4685,.T.);
#3349=ORIENTED_EDGE('',*,*,#4822,.F.);
#3350=ORIENTED_EDGE('',*,*,#4678,.T.);
#3351=ORIENTED_EDGE('',*,*,#4824,.T.);
#3352=ORIENTED_EDGE('',*,*,#4718,.T.);
#3353=ORIENTED_EDGE('',*,*,#4823,.F.);
#3354=ORIENTED_EDGE('',*,*,#4763,.T.);
#3355=ORIENTED_EDGE('',*,*,#4825,.T.);
#3356=ORIENTED_EDGE('',*,*,#4686,.T.);
#3357=ORIENTED_EDGE('',*,*,#4824,.F.);
#3358=ORIENTED_EDGE('',*,*,#4687,.T.);
#3359=ORIENTED_EDGE('',*,*,#4825,.F.);
#3360=ORIENTED_EDGE('',*,*,#4794,.T.);
#3361=ORIENTED_EDGE('',*,*,#3933,.T.);
#3362=ORIENTED_EDGE('',*,*,#4826,.T.);
#3363=ORIENTED_EDGE('',*,*,#4674,.T.);
#3364=ORIENTED_EDGE('',*,*,#4827,.F.);
#3365=ORIENTED_EDGE('',*,*,#4826,.F.);
#3366=ORIENTED_EDGE('',*,*,#4706,.T.);
#3367=ORIENTED_EDGE('',*,*,#4828,.T.);
#3368=ORIENTED_EDGE('',*,*,#4675,.T.);
#3369=ORIENTED_EDGE('',*,*,#4676,.T.);
#3370=ORIENTED_EDGE('',*,*,#4828,.F.);
#3371=ORIENTED_EDGE('',*,*,#3659,.T.);
#3372=ORIENTED_EDGE('',*,*,#4829,.F.);
#3373=ORIENTED_EDGE('',*,*,#4743,.F.);
#3374=ORIENTED_EDGE('',*,*,#4830,.F.);
#3375=ORIENTED_EDGE('',*,*,#4831,.T.);
#3376=ORIENTED_EDGE('',*,*,#4832,.F.);
#3377=ORIENTED_EDGE('',*,*,#4739,.F.);
#3378=ORIENTED_EDGE('',*,*,#4833,.T.);
#3379=ORIENTED_EDGE('',*,*,#4834,.T.);
#3380=ORIENTED_EDGE('',*,*,#4835,.T.);
#3381=ORIENTED_EDGE('',*,*,#4836,.F.);
#3382=ORIENTED_EDGE('',*,*,#4668,.F.);
#3383=ORIENTED_EDGE('',*,*,#4837,.T.);
#3384=ORIENTED_EDGE('',*,*,#4838,.T.);
#3385=ORIENTED_EDGE('',*,*,#4839,.T.);
#3386=ORIENTED_EDGE('',*,*,#4840,.F.);
#3387=ORIENTED_EDGE('',*,*,#4841,.T.);
#3388=ORIENTED_EDGE('',*,*,#4842,.F.);
#3389=ORIENTED_EDGE('',*,*,#4843,.F.);
#3390=ORIENTED_EDGE('',*,*,#4691,.F.);
#3391=ORIENTED_EDGE('',*,*,#4844,.T.);
#3392=ORIENTED_EDGE('',*,*,#4845,.T.);
#3393=ORIENTED_EDGE('',*,*,#4840,.T.);
#3394=ORIENTED_EDGE('',*,*,#4846,.F.);
#3395=ORIENTED_EDGE('',*,*,#4847,.F.);
#3396=ORIENTED_EDGE('',*,*,#4669,.T.);
#3397=ORIENTED_EDGE('',*,*,#4842,.T.);
#3398=ORIENTED_EDGE('',*,*,#4848,.T.);
#3399=ORIENTED_EDGE('',*,*,#4849,.F.);
#3400=ORIENTED_EDGE('',*,*,#4745,.T.);
#3401=ORIENTED_EDGE('',*,*,#4836,.T.);
#3402=ORIENTED_EDGE('',*,*,#4850,.F.);
#3403=ORIENTED_EDGE('',*,*,#4844,.F.);
#3404=ORIENTED_EDGE('',*,*,#4690,.T.);
#3405=ORIENTED_EDGE('',*,*,#4851,.F.);
#3406=ORIENTED_EDGE('',*,*,#4830,.T.);
#3407=ORIENTED_EDGE('',*,*,#4746,.T.);
#3408=ORIENTED_EDGE('',*,*,#4849,.T.);
#3409=ORIENTED_EDGE('',*,*,#4852,.T.);
#3410=ORIENTED_EDGE('',*,*,#4853,.F.);
#3411=ORIENTED_EDGE('',*,*,#4845,.F.);
#3412=ORIENTED_EDGE('',*,*,#4854,.F.);
#3413=ORIENTED_EDGE('',*,*,#4700,.F.);
#3414=ORIENTED_EDGE('',*,*,#4841,.F.);
#3415=ORIENTED_EDGE('',*,*,#4853,.T.);
#3416=ORIENTED_EDGE('',*,*,#4699,.F.);
#3417=ORIENTED_EDGE('',*,*,#4855,.F.);
#3418=ORIENTED_EDGE('',*,*,#4854,.T.);
#3419=ORIENTED_EDGE('',*,*,#4852,.F.);
#3420=ORIENTED_EDGE('',*,*,#4856,.F.);
#3421=ORIENTED_EDGE('',*,*,#4697,.F.);
#3422=ORIENTED_EDGE('',*,*,#4855,.T.);
#3423=ORIENTED_EDGE('',*,*,#4698,.F.);
#3424=ORIENTED_EDGE('',*,*,#4856,.T.);
#3425=ORIENTED_EDGE('',*,*,#4848,.F.);
#3426=ORIENTED_EDGE('',*,*,#4835,.F.);
#3427=ORIENTED_EDGE('',*,*,#4857,.T.);
#3428=ORIENTED_EDGE('',*,*,#4670,.T.);
#3429=ORIENTED_EDGE('',*,*,#4850,.T.);
#3430=ORIENTED_EDGE('',*,*,#4858,.F.);
#3431=ORIENTED_EDGE('',*,*,#4831,.F.);
#3432=ORIENTED_EDGE('',*,*,#4851,.T.);
#3433=ORIENTED_EDGE('',*,*,#4689,.T.);
#3434=ORIENTED_EDGE('',*,*,#4701,.F.);
#3435=ORIENTED_EDGE('',*,*,#4859,.T.);
#3436=ORIENTED_EDGE('',*,*,#4860,.T.);
#3437=ORIENTED_EDGE('',*,*,#4861,.T.);
#3438=ORIENTED_EDGE('',*,*,#4833,.F.);
#3439=ORIENTED_EDGE('',*,*,#4837,.F.);
#3440=ORIENTED_EDGE('',*,*,#4667,.T.);
#3441=ORIENTED_EDGE('',*,*,#4862,.T.);
#3442=ORIENTED_EDGE('',*,*,#4863,.T.);
#3443=ORIENTED_EDGE('',*,*,#4692,.F.);
#3444=ORIENTED_EDGE('',*,*,#4843,.T.);
#3445=ORIENTED_EDGE('',*,*,#4864,.T.);
#3446=ORIENTED_EDGE('',*,*,#4865,.T.);
#3447=ORIENTED_EDGE('',*,*,#4866,.T.);
#3448=ORIENTED_EDGE('',*,*,#4846,.T.);
#3449=ORIENTED_EDGE('',*,*,#4839,.F.);
#3450=ORIENTED_EDGE('',*,*,#4867,.T.);
#3451=ORIENTED_EDGE('',*,*,#4868,.T.);
#3452=ORIENTED_EDGE('',*,*,#4834,.F.);
#3453=ORIENTED_EDGE('',*,*,#4861,.F.);
#3454=ORIENTED_EDGE('',*,*,#4869,.F.);
#3455=ORIENTED_EDGE('',*,*,#4862,.F.);
#3456=ORIENTED_EDGE('',*,*,#4666,.F.);
#3457=ORIENTED_EDGE('',*,*,#4857,.F.);
#3458=ORIENTED_EDGE('',*,*,#4867,.F.);
#3459=ORIENTED_EDGE('',*,*,#4838,.F.);
#3460=ORIENTED_EDGE('',*,*,#4863,.F.);
#3461=ORIENTED_EDGE('',*,*,#4870,.F.);
#3462=ORIENTED_EDGE('',*,*,#4864,.F.);
#3463=ORIENTED_EDGE('',*,*,#4847,.T.);
#3464=ORIENTED_EDGE('',*,*,#4866,.F.);
#3465=ORIENTED_EDGE('',*,*,#4871,.F.);
#3466=ORIENTED_EDGE('',*,*,#4859,.F.);
#3467=ORIENTED_EDGE('',*,*,#4704,.T.);
#3468=ORIENTED_EDGE('',*,*,#4832,.T.);
#3469=ORIENTED_EDGE('',*,*,#4858,.T.);
#3470=ORIENTED_EDGE('',*,*,#4688,.F.);
#3471=ORIENTED_EDGE('',*,*,#4865,.F.);
#3472=ORIENTED_EDGE('',*,*,#4872,.F.);
#3473=ORIENTED_EDGE('',*,*,#4870,.T.);
#3474=ORIENTED_EDGE('',*,*,#4869,.T.);
#3475=ORIENTED_EDGE('',*,*,#4873,.F.);
#3476=ORIENTED_EDGE('',*,*,#4872,.T.);
#3477=ORIENTED_EDGE('',*,*,#4871,.T.);
#3478=ORIENTED_EDGE('',*,*,#4874,.F.);
#3479=ORIENTED_EDGE('',*,*,#4873,.T.);
#3480=ORIENTED_EDGE('',*,*,#4860,.F.);
#3481=ORIENTED_EDGE('',*,*,#4874,.T.);
#3482=ORIENTED_EDGE('',*,*,#4868,.F.);
#3483=ORIENTED_EDGE('',*,*,#4875,.F.);
#3484=ORIENTED_EDGE('',*,*,#4728,.T.);
#3485=ORIENTED_EDGE('',*,*,#4876,.T.);
#3486=ORIENTED_EDGE('',*,*,#3658,.T.);
#3487=ORIENTED_EDGE('',*,*,#4876,.F.);
#3488=ORIENTED_EDGE('',*,*,#4877,.T.);
#3489=ORIENTED_EDGE('',*,*,#4829,.T.);
#3490=ORIENTED_EDGE('',*,*,#4877,.F.);
#3491=ORIENTED_EDGE('',*,*,#4727,.T.);
#3492=ORIENTED_EDGE('',*,*,#4744,.T.);
#3493=ORIENTED_EDGE('',*,*,#4677,.T.);
#3494=ORIENTED_EDGE('',*,*,#4719,.T.);
#3495=ORIENTED_EDGE('',*,*,#3968,.T.);
#3496=ORIENTED_EDGE('',*,*,#3957,.T.);
#3497=ORIENTED_EDGE('',*,*,#4656,.T.);
#3498=ORIENTED_EDGE('',*,*,#4827,.T.);
#3499=ORIENTED_EDGE('',*,*,#4878,.T.);
#3500=ORIENTED_EDGE('',*,*,#4663,.F.);
#3501=ORIENTED_EDGE('',*,*,#4741,.T.);
#3502=ORIENTED_EDGE('',*,*,#4720,.T.);
#3503=ORIENTED_EDGE('',*,*,#4878,.F.);
#3504=ORIENTED_EDGE('',*,*,#4673,.T.);
#3505=ORIENTED_EDGE('',*,*,#4724,.T.);
#3506=ORIENTED_EDGE('',*,*,#3970,.T.);
#3507=ORIENTED_EDGE('',*,*,#4723,.T.);
#3508=ORIENTED_EDGE('',*,*,#4747,.T.);
#3509=ORIENTED_EDGE('',*,*,#4730,.F.);
#3510=ORIENTED_EDGE('',*,*,#3875,.T.);
#3511=ORIENTED_EDGE('',*,*,#4879,.T.);
#3512=ORIENTED_EDGE('',*,*,#3672,.F.);
#3513=ORIENTED_EDGE('',*,*,#4665,.T.);
#3514=ORIENTED_EDGE('',*,*,#4729,.F.);
#3515=ORIENTED_EDGE('',*,*,#4875,.T.);
#3516=ORIENTED_EDGE('',*,*,#3657,.F.);
#3517=ORIENTED_EDGE('',*,*,#4880,.F.);
#3518=ORIENTED_EDGE('',*,*,#3877,.T.);
#3519=ORIENTED_EDGE('',*,*,#3654,.F.);
#3520=ORIENTED_EDGE('',*,*,#3882,.F.);
#3521=ORIENTED_EDGE('',*,*,#3880,.T.);
#3522=ORIENTED_EDGE('',*,*,#4881,.T.);
#3523=ORIENTED_EDGE('',*,*,#3675,.F.);
#3524=ORIENTED_EDGE('',*,*,#4882,.F.);
#3525=ORIENTED_EDGE('',*,*,#3872,.T.);
#3526=ORIENTED_EDGE('',*,*,#3883,.T.);
#3527=ORIENTED_EDGE('',*,*,#3674,.F.);
#3528=ORIENTED_EDGE('',*,*,#4883,.F.);
#3529=ORIENTED_EDGE('',*,*,#3873,.T.);
#3530=ORIENTED_EDGE('',*,*,#4882,.T.);
#3531=ORIENTED_EDGE('',*,*,#3673,.F.);
#3532=ORIENTED_EDGE('',*,*,#4879,.F.);
#3533=ORIENTED_EDGE('',*,*,#3874,.T.);
#3534=ORIENTED_EDGE('',*,*,#4883,.T.);
#3535=ORIENTED_EDGE('',*,*,#3656,.F.);
#3536=ORIENTED_EDGE('',*,*,#4884,.F.);
#3537=ORIENTED_EDGE('',*,*,#3878,.T.);
#3538=ORIENTED_EDGE('',*,*,#4880,.T.);
#3539=ORIENTED_EDGE('',*,*,#3655,.F.);
#3540=ORIENTED_EDGE('',*,*,#4881,.F.);
#3541=ORIENTED_EDGE('',*,*,#3879,.T.);
#3542=ORIENTED_EDGE('',*,*,#4884,.T.);
#3543=EDGE_CURVE('',#4885,#4886,#5703,.T.);
#3544=EDGE_CURVE('',#4885,#4887,#5704,.T.);
#3545=EDGE_CURVE('',#4887,#4888,#5705,.T.);
#3546=EDGE_CURVE('',#4888,#4886,#5706,.F.);
#3547=EDGE_CURVE('',#4889,#4890,#5707,.T.);
#3548=EDGE_CURVE('',#4889,#4891,#5708,.T.);
#3549=EDGE_CURVE('',#4891,#4892,#5709,.T.);
#3550=EDGE_CURVE('',#4892,#4890,#5710,.F.);
#3551=EDGE_CURVE('',#4893,#4894,#5711,.T.);
#3552=EDGE_CURVE('',#4893,#4890,#221,.F.);
#3553=EDGE_CURVE('',#4895,#4892,#147,.F.);
#3554=EDGE_CURVE('',#4894,#4895,#148,.F.);
#3555=EDGE_CURVE('',#4896,#4897,#222,.F.);
#3556=EDGE_CURVE('',#4898,#4896,#5712,.T.);
#3557=EDGE_CURVE('',#4899,#4898,#223,.T.);
#3558=EDGE_CURVE('',#4897,#4899,#5713,.F.);
#3559=EDGE_CURVE('',#4885,#4900,#224,.F.);
#3560=EDGE_CURVE('',#4901,#4900,#5714,.F.);
#3561=EDGE_CURVE('',#4902,#4901,#149,.F.);
#3562=EDGE_CURVE('',#4887,#4902,#150,.F.);
#3563=EDGE_CURVE('',#4903,#4904,#225,.F.);
#3564=EDGE_CURVE('',#4905,#4903,#5715,.T.);
#3565=EDGE_CURVE('',#4906,#4905,#226,.F.);
#3566=EDGE_CURVE('',#4904,#4906,#5716,.F.);
#3567=EDGE_CURVE('',#4889,#4886,#227,.F.);
#3568=EDGE_CURVE('',#4907,#4888,#151,.F.);
#3569=EDGE_CURVE('',#4891,#4907,#152,.F.);
#3570=EDGE_CURVE('',#4908,#4909,#228,.T.);
#3571=EDGE_CURVE('',#4908,#4910,#5717,.T.);
#3572=EDGE_CURVE('',#4910,#4911,#5718,.T.);
#3573=EDGE_CURVE('',#4912,#4911,#5719,.T.);
#3574=EDGE_CURVE('',#4912,#4909,#5720,.T.);
#3575=EDGE_CURVE('',#4913,#4914,#5721,.T.);
#3576=EDGE_CURVE('',#4913,#4915,#5722,.F.);
#3577=EDGE_CURVE('',#4915,#4916,#5723,.F.);
#3578=EDGE_CURVE('',#4916,#4917,#229,.F.);
#3579=EDGE_CURVE('',#4917,#4918,#5724,.F.);
#3580=EDGE_CURVE('',#4918,#4919,#5725,.F.);
#3581=EDGE_CURVE('',#4914,#4919,#5726,.T.);
#3582=EDGE_CURVE('',#4920,#4921,#5727,.T.);
#3583=EDGE_CURVE('',#4921,#4922,#230,.T.);
#3584=EDGE_CURVE('',#4922,#4923,#5728,.T.);
#3585=EDGE_CURVE('',#4923,#4924,#231,.T.);
#3586=EDGE_CURVE('',#4924,#4925,#5729,.F.);
#3587=EDGE_CURVE('',#4925,#4926,#232,.T.);
#3588=EDGE_CURVE('',#4926,#4927,#5730,.T.);
#3589=EDGE_CURVE('',#4927,#4928,#233,.T.);
#3590=EDGE_CURVE('',#4928,#4929,#5731,.T.);
#3591=EDGE_CURVE('',#4929,#4920,#234,.T.);
#3592=EDGE_CURVE('',#4930,#4931,#235,.T.);
#3593=EDGE_CURVE('',#4932,#4930,#5732,.T.);
#3594=EDGE_CURVE('',#4933,#4932,#5733,.T.);
#3595=EDGE_CURVE('',#4933,#4934,#5734,.T.);
#3596=EDGE_CURVE('',#4934,#4931,#5735,.T.);
#3597=EDGE_CURVE('',#4935,#4936,#5736,.T.);
#3598=EDGE_CURVE('',#4936,#4937,#5737,.T.);
#3599=EDGE_CURVE('',#4937,#4938,#5738,.T.);
#3600=EDGE_CURVE('',#4938,#4935,#5739,.T.);
#3601=EDGE_CURVE('',#4939,#4940,#5740,.F.);
#3602=EDGE_CURVE('',#4941,#4939,#5741,.F.);
#3603=EDGE_CURVE('',#4942,#4941,#5742,.F.);
#3604=EDGE_CURVE('',#4940,#4942,#5743,.F.);
#3605=EDGE_CURVE('',#4943,#4944,#5744,.T.);
#3606=EDGE_CURVE('',#4943,#4945,#236,.F.);
#3607=EDGE_CURVE('',#4945,#4946,#5745,.T.);
#3608=EDGE_CURVE('',#4946,#4944,#5746,.T.);
#3609=EDGE_CURVE('',#4947,#4900,#5747,.T.);
#3610=EDGE_CURVE('',#4948,#4947,#5748,.F.);
#3611=EDGE_CURVE('',#4949,#4948,#5749,.T.);
#3612=EDGE_CURVE('',#4950,#4949,#5750,.T.);
#3613=EDGE_CURVE('',#4951,#4950,#5751,.T.);
#3614=EDGE_CURVE('',#4952,#4951,#153,.T.);
#3615=EDGE_CURVE('',#4953,#4952,#5752,.F.);
#3616=EDGE_CURVE('',#4954,#4953,#154,.T.);
#3617=EDGE_CURVE('',#4955,#4954,#5753,.F.);
#3618=EDGE_CURVE('',#4956,#4955,#5754,.T.);
#3619=EDGE_CURVE('',#4957,#4956,#5755,.T.);
#3620=EDGE_CURVE('',#4958,#4957,#5756,.F.);
#3621=EDGE_CURVE('',#4958,#4959,#5757,.T.);
#3622=EDGE_CURVE('',#4959,#4960,#237,.T.);
#3623=EDGE_CURVE('',#4960,#4961,#5758,.T.);
#3624=EDGE_CURVE('',#4961,#4962,#238,.T.);
#3625=EDGE_CURVE('',#4962,#4963,#5759,.T.);
#3626=EDGE_CURVE('',#4963,#4964,#5760,.F.);
#3627=EDGE_CURVE('',#4964,#4965,#5761,.T.);
#3628=EDGE_CURVE('',#4965,#4966,#5762,.T.);
#3629=EDGE_CURVE('',#4966,#4967,#5763,.F.);
#3630=EDGE_CURVE('',#4967,#4968,#155,.T.);
#3631=EDGE_CURVE('',#4968,#4969,#5764,.F.);
#3632=EDGE_CURVE('',#4969,#4970,#156,.T.);
#3633=EDGE_CURVE('',#4970,#4971,#5765,.T.);
#3634=EDGE_CURVE('',#4971,#4972,#5766,.T.);
#3635=EDGE_CURVE('',#4972,#4901,#5767,.T.);
#3636=EDGE_CURVE('',#4973,#4904,#5768,.T.);
#3637=EDGE_CURVE('',#4906,#4974,#5769,.T.);
#3638=EDGE_CURVE('',#4974,#4975,#239,.T.);
#3639=EDGE_CURVE('',#4975,#4976,#5770,.T.);
#3640=EDGE_CURVE('',#4976,#4977,#240,.T.);
#3641=EDGE_CURVE('',#4977,#4978,#5771,.T.);
#3642=EDGE_CURVE('',#4973,#4978,#5772,.F.);
#3643=EDGE_CURVE('',#4893,#4979,#5773,.T.);
#3644=EDGE_CURVE('',#4894,#4980,#5774,.T.);
#3645=EDGE_CURVE('',#4980,#4981,#5775,.F.);
#3646=EDGE_CURVE('',#4981,#4982,#5776,.T.);
#3647=EDGE_CURVE('',#4982,#4983,#157,.T.);
#3648=EDGE_CURVE('',#4983,#4984,#5777,.F.);
#3649=EDGE_CURVE('',#4984,#4985,#158,.T.);
#3650=EDGE_CURVE('',#4985,#4986,#5778,.F.);
#3651=EDGE_CURVE('',#4986,#4987,#5779,.F.);
#3652=EDGE_CURVE('',#4987,#4898,#5780,.T.);
#3653=EDGE_CURVE('',#4896,#4988,#5781,.T.);
#3654=EDGE_CURVE('',#4988,#4989,#241,.T.);
#3655=EDGE_CURVE('',#4989,#4990,#5782,.T.);
#3656=EDGE_CURVE('',#4990,#4991,#242,.T.);
#3657=EDGE_CURVE('',#4991,#4992,#5783,.T.);
#3658=EDGE_CURVE('',#4993,#4992,#5784,.T.);
#3659=EDGE_CURVE('',#4994,#4993,#5785,.T.);
#3660=EDGE_CURVE('',#4995,#4994,#5786,.F.);
#3661=EDGE_CURVE('',#4996,#4995,#5787,.F.);
#3662=EDGE_CURVE('',#4997,#4996,#159,.T.);
#3663=EDGE_CURVE('',#4998,#4997,#5788,.F.);
#3664=EDGE_CURVE('',#4999,#4998,#160,.T.);
#3665=EDGE_CURVE('',#5000,#4999,#5789,.T.);
#3666=EDGE_CURVE('',#5001,#5000,#5790,.F.);
#3667=EDGE_CURVE('',#5002,#5001,#5791,.T.);
#3668=EDGE_CURVE('',#4979,#5002,#5792,.T.);
#3669=EDGE_CURVE('',#5003,#5004,#5793,.T.);
#3670=EDGE_CURVE('',#5004,#5005,#5794,.T.);
#3671=EDGE_CURVE('',#5006,#5005,#5795,.T.);
#3672=EDGE_CURVE('',#5006,#5007,#5796,.T.);
#3673=EDGE_CURVE('',#5007,#5008,#243,.T.);
#3674=EDGE_CURVE('',#5008,#5009,#5797,.T.);
#3675=EDGE_CURVE('',#5009,#5010,#244,.T.);
#3676=EDGE_CURVE('',#5010,#5003,#5798,.T.);
#3677=EDGE_CURVE('',#4965,#4987,#245,.T.);
#3678=EDGE_CURVE('',#4986,#4966,#246,.F.);
#3679=EDGE_CURVE('',#5011,#5012,#5799,.T.);
#3680=EDGE_CURVE('',#5012,#5013,#5800,.F.);
#3681=EDGE_CURVE('',#5013,#5014,#5801,.F.);
#3682=EDGE_CURVE('',#5014,#5015,#102,.T.);
#3683=EDGE_CURVE('',#5015,#5011,#5802,.T.);
#3684=EDGE_CURVE('',#5016,#5017,#5803,.T.);
#3685=EDGE_CURVE('',#5017,#5012,#247,.F.);
#3686=EDGE_CURVE('',#5011,#5016,#248,.T.);
#3687=EDGE_CURVE('',#5018,#5019,#5804,.T.);
#3688=EDGE_CURVE('',#5019,#5017,#5805,.F.);
#3689=EDGE_CURVE('',#5016,#5020,#5806,.T.);
#3690=EDGE_CURVE('',#5020,#5018,#103,.T.);
#3691=EDGE_CURVE('',#4903,#5021,#5807,.T.);
#3692=EDGE_CURVE('',#5021,#5022,#5808,.F.);
#3693=EDGE_CURVE('',#5022,#5023,#5809,.T.);
#3694=EDGE_CURVE('',#5024,#5023,#5810,.T.);
#3695=EDGE_CURVE('',#5024,#5025,#5811,.T.);
#3696=EDGE_CURVE('',#5025,#5026,#5812,.T.);
#3697=EDGE_CURVE('',#5026,#5027,#5813,.T.);
#3698=EDGE_CURVE('',#5027,#5028,#5814,.T.);
#3699=EDGE_CURVE('',#5028,#4905,#5815,.T.);
#3700=EDGE_CURVE('',#5029,#5030,#5816,.T.);
#3701=EDGE_CURVE('',#5030,#5031,#5817,.T.);
#3702=EDGE_CURVE('',#5031,#5032,#5818,.F.);
#3703=EDGE_CURVE('',#5032,#5033,#5819,.T.);
#3704=EDGE_CURVE('',#5033,#5034,#5820,.T.);
#3705=EDGE_CURVE('',#5034,#4897,#5821,.T.);
#3706=EDGE_CURVE('',#4899,#5035,#5822,.T.);
#3707=EDGE_CURVE('',#5036,#5035,#5823,.T.);
#3708=EDGE_CURVE('',#5036,#5029,#5824,.T.);
#3709=EDGE_CURVE('',#4971,#4981,#249,.T.);
#3710=EDGE_CURVE('',#5037,#4980,#161,.F.);
#3711=EDGE_CURVE('',#4972,#5037,#162,.F.);
#3712=EDGE_CURVE('',#4935,#4895,#5825,.F.);
#3713=EDGE_CURVE('',#5037,#4938,#5826,.T.);
#3714=EDGE_CURVE('',#4902,#4937,#5827,.F.);
#3715=EDGE_CURVE('',#4936,#4907,#5828,.F.);
#3716=EDGE_CURVE('',#4919,#5024,#250,.T.);
#3717=EDGE_CURVE('',#5038,#5023,#5829,.T.);
#3718=EDGE_CURVE('',#4944,#5038,#5830,.T.);
#3719=EDGE_CURVE('',#4914,#4946,#5831,.T.);
#3720=EDGE_CURVE('',#5035,#4913,#251,.T.);
#3721=EDGE_CURVE('',#5039,#4945,#5832,.T.);
#3722=EDGE_CURVE('',#5036,#5039,#5833,.T.);
#3723=EDGE_CURVE('',#5022,#5029,#252,.F.);
#3724=EDGE_CURVE('',#5039,#5040,#5834,.T.);
#3725=EDGE_CURVE('',#5040,#5038,#5835,.T.);
#3726=EDGE_CURVE('',#5041,#5042,#5836,.T.);
#3727=EDGE_CURVE('',#5042,#5043,#5837,.T.);
#3728=EDGE_CURVE('',#5043,#5044,#5838,.F.);
#3729=EDGE_CURVE('',#5044,#5041,#5839,.F.);
#3730=EDGE_CURVE('',#5045,#5046,#5840,.T.);
#3731=EDGE_CURVE('',#5046,#5047,#5841,.F.);
#3732=EDGE_CURVE('',#5047,#5048,#5842,.F.);
#3733=EDGE_CURVE('',#5048,#5049,#5843,.T.);
#3734=EDGE_CURVE('',#5049,#5050,#5844,.T.);
#3735=EDGE_CURVE('',#5050,#5045,#5845,.T.);
#3736=EDGE_CURVE('',#5051,#5052,#5846,.T.);
#3737=EDGE_CURVE('',#5052,#5053,#5847,.F.);
#3738=EDGE_CURVE('',#5053,#5054,#5848,.F.);
#3739=EDGE_CURVE('',#5054,#5055,#5849,.T.);
#3740=EDGE_CURVE('',#5055,#5056,#5850,.T.);
#3741=EDGE_CURVE('',#5056,#5051,#5851,.T.);
#3742=EDGE_CURVE('',#5057,#5058,#5852,.F.);
#3743=EDGE_CURVE('',#5058,#5059,#5853,.F.);
#3744=EDGE_CURVE('',#5059,#5060,#253,.F.);
#3745=EDGE_CURVE('',#5060,#5061,#5854,.F.);
#3746=EDGE_CURVE('',#5061,#5062,#5855,.F.);
#3747=EDGE_CURVE('',#5062,#5057,#5856,.T.);
#3748=EDGE_CURVE('',#5063,#5064,#254,.F.);
#3749=EDGE_CURVE('',#5064,#5065,#5857,.F.);
#3750=EDGE_CURVE('',#5065,#5066,#5858,.F.);
#3751=EDGE_CURVE('',#5066,#5067,#5859,.T.);
#3752=EDGE_CURVE('',#5067,#5068,#255,.T.);
#3753=EDGE_CURVE('',#5068,#5069,#5860,.T.);
#3754=EDGE_CURVE('',#5069,#5070,#5861,.F.);
#3755=EDGE_CURVE('',#5070,#5063,#5862,.F.);
#3756=EDGE_CURVE('',#5047,#5042,#256,.F.);
#3757=EDGE_CURVE('',#5048,#5041,#257,.T.);
#3758=EDGE_CURVE('',#5061,#5049,#163,.T.);
#3759=EDGE_CURVE('',#5062,#5048,#258,.T.);
#3760=EDGE_CURVE('',#5056,#5058,#164,.T.);
#3761=EDGE_CURVE('',#5051,#5057,#259,.T.);
#3762=EDGE_CURVE('',#5043,#5052,#260,.F.);
#3763=EDGE_CURVE('',#5044,#5051,#261,.T.);
#3764=EDGE_CURVE('',#5062,#5041,#262,.F.);
#3765=EDGE_CURVE('',#5044,#5057,#263,.F.);
#3766=EDGE_CURVE('',#5013,#5046,#264,.F.);
#3767=EDGE_CURVE('',#5045,#5014,#104,.T.);
#3768=EDGE_CURVE('',#5065,#5071,#105,.T.);
#3769=EDGE_CURVE('',#5071,#5045,#106,.T.);
#3770=EDGE_CURVE('',#5050,#5066,#165,.T.);
#3771=EDGE_CURVE('',#5053,#5019,#265,.F.);
#3772=EDGE_CURVE('',#5018,#5054,#107,.T.);
#3773=EDGE_CURVE('',#5054,#5072,#108,.T.);
#3774=EDGE_CURVE('',#5072,#5070,#109,.T.);
#3775=EDGE_CURVE('',#5069,#5055,#166,.T.);
#3776=EDGE_CURVE('',#5072,#5018,#110,.F.);
#3777=EDGE_CURVE('',#5070,#5020,#111,.T.);
#3778=EDGE_CURVE('',#5063,#5016,#266,.T.);
#3779=EDGE_CURVE('',#5064,#5011,#267,.T.);
#3780=EDGE_CURVE('',#5065,#5015,#112,.F.);
#3781=EDGE_CURVE('',#5071,#5014,#113,.F.);
#3782=EDGE_CURVE('',#4971,#5060,#268,.T.);
#3783=EDGE_CURVE('',#5061,#4970,#269,.T.);
#3784=EDGE_CURVE('',#5049,#4969,#270,.T.);
#3785=EDGE_CURVE('',#4981,#5059,#271,.T.);
#3786=EDGE_CURVE('',#5050,#4968,#272,.T.);
#3787=EDGE_CURVE('',#4982,#5058,#273,.T.);
#3788=EDGE_CURVE('',#5066,#4967,#274,.T.);
#3789=EDGE_CURVE('',#4983,#5056,#275,.T.);
#3790=EDGE_CURVE('',#5067,#4966,#276,.T.);
#3791=EDGE_CURVE('',#4984,#5055,#277,.T.);
#3792=EDGE_CURVE('',#5068,#4986,#278,.T.);
#3793=EDGE_CURVE('',#4985,#5069,#279,.T.);
#3794=EDGE_CURVE('',#5047,#4926,#280,.T.);
#3795=EDGE_CURVE('',#4927,#5046,#281,.T.);
#3796=EDGE_CURVE('',#4928,#5013,#282,.T.);
#3797=EDGE_CURVE('',#5042,#4925,#283,.T.);
#3798=EDGE_CURVE('',#4929,#5012,#284,.T.);
#3799=EDGE_CURVE('',#5043,#4924,#285,.T.);
#3800=EDGE_CURVE('',#4920,#5017,#286,.T.);
#3801=EDGE_CURVE('',#5052,#4923,#287,.T.);
#3802=EDGE_CURVE('',#4921,#5019,#288,.T.);
#3803=EDGE_CURVE('',#5053,#4922,#289,.T.);
#3804=EDGE_CURVE('',#4964,#4918,#290,.T.);
#3805=EDGE_CURVE('',#4965,#4917,#291,.T.);
#3806=EDGE_CURVE('',#4987,#4916,#292,.T.);
#3807=EDGE_CURVE('',#4915,#4898,#293,.F.);
#3808=EDGE_CURVE('',#4945,#5073,#294,.F.);
#3809=EDGE_CURVE('',#5074,#5073,#5863,.T.);
#3810=EDGE_CURVE('',#5074,#5039,#5864,.T.);
#3811=EDGE_CURVE('',#5038,#5075,#5865,.T.);
#3812=EDGE_CURVE('',#5076,#5075,#5866,.T.);
#3813=EDGE_CURVE('',#5077,#5076,#295,.T.);
#3814=EDGE_CURVE('',#4944,#5077,#5867,.T.);
#3815=EDGE_CURVE('',#4911,#5078,#5868,.T.);
#3816=EDGE_CURVE('',#5079,#5078,#5869,.F.);
#3817=EDGE_CURVE('',#5079,#5080,#5870,.T.);
#3818=EDGE_CURVE('',#5081,#5080,#5871,.T.);
#3819=EDGE_CURVE('',#5082,#5081,#167,.T.);
#3820=EDGE_CURVE('',#4912,#5082,#5872,.T.);
#3821=EDGE_CURVE('',#4932,#5083,#5873,.T.);
#3822=EDGE_CURVE('',#5083,#5084,#168,.F.);
#3823=EDGE_CURVE('',#5084,#5080,#5874,.T.);
#3824=EDGE_CURVE('',#5085,#5079,#5875,.F.);
#3825=EDGE_CURVE('',#4933,#5085,#5876,.T.);
#3826=EDGE_CURVE('',#4910,#5075,#5877,.T.);
#3827=EDGE_CURVE('',#5040,#5086,#5878,.T.);
#3828=EDGE_CURVE('',#5078,#5086,#5879,.F.);
#3829=EDGE_CURVE('',#5086,#5085,#5880,.F.);
#3830=EDGE_CURVE('',#5074,#4934,#5881,.T.);
#3831=EDGE_CURVE('',#5079,#4941,#5882,.T.);
#3832=EDGE_CURVE('',#4939,#5085,#5883,.T.);
#3833=EDGE_CURVE('',#5078,#4942,#5884,.T.);
#3834=EDGE_CURVE('',#4940,#5086,#5885,.T.);
#3835=EDGE_CURVE('',#5076,#4908,#5886,.T.);
#3836=EDGE_CURVE('',#5073,#4931,#5887,.T.);
#3837=EDGE_CURVE('',#5087,#5077,#5888,.T.);
#3838=EDGE_CURVE('',#5088,#5087,#5889,.F.);
#3839=EDGE_CURVE('',#4943,#5088,#5890,.F.);
#3840=EDGE_CURVE('',#5089,#5082,#5891,.T.);
#3841=EDGE_CURVE('',#4909,#5089,#5892,.F.);
#3842=EDGE_CURVE('',#5090,#4930,#5893,.T.);
#3843=EDGE_CURVE('',#5083,#5090,#5894,.T.);
#3844=EDGE_CURVE('',#5091,#5084,#5895,.F.);
#3845=EDGE_CURVE('',#5092,#5091,#5896,.F.);
#3846=EDGE_CURVE('',#5081,#5092,#5897,.F.);
#3847=EDGE_CURVE('',#5089,#5087,#296,.T.);
#3848=EDGE_CURVE('',#5092,#5089,#297,.T.);
#3849=EDGE_CURVE('',#5090,#5091,#298,.F.);
#3850=EDGE_CURVE('',#5088,#5090,#299,.F.);
#3851=EDGE_CURVE('',#5092,#5087,#300,.T.);
#3852=EDGE_CURVE('',#5088,#5091,#301,.F.);
#3853=EDGE_CURVE('',#5004,#5031,#302,.F.);
#3854=EDGE_CURVE('',#5032,#5003,#303,.F.);
#3855=EDGE_CURVE('',#4899,#4915,#304,.T.);
#3856=EDGE_CURVE('',#5026,#4963,#305,.F.);
#3857=EDGE_CURVE('',#4964,#5025,#306,.T.);
#3858=EDGE_CURVE('',#4918,#5025,#307,.T.);
#3859=EDGE_CURVE('',#5030,#5021,#308,.F.);
#3860=EDGE_CURVE('',#5093,#5027,#5898,.T.);
#3861=EDGE_CURVE('',#5094,#5093,#309,.T.);
#3862=EDGE_CURVE('',#5095,#5094,#5899,.T.);
#3863=EDGE_CURVE('',#5096,#5095,#310,.T.);
#3864=EDGE_CURVE('',#5097,#5096,#5900,.T.);
#3865=EDGE_CURVE('',#5097,#5098,#5901,.T.);
#3866=EDGE_CURVE('',#5099,#5098,#5902,.T.);
#3867=EDGE_CURVE('',#5100,#5099,#311,.T.);
#3868=EDGE_CURVE('',#5101,#5100,#5903,.T.);
#3869=EDGE_CURVE('',#5102,#5101,#312,.T.);
#3870=EDGE_CURVE('',#5028,#5102,#5904,.T.);
#3871=EDGE_CURVE('',#5103,#5033,#5905,.T.);
#3872=EDGE_CURVE('',#5104,#5103,#313,.T.);
#3873=EDGE_CURVE('',#5105,#5104,#5906,.T.);
#3874=EDGE_CURVE('',#5106,#5105,#314,.T.);
#3875=EDGE_CURVE('',#5107,#5106,#5907,.T.);
#3876=EDGE_CURVE('',#5108,#5107,#5908,.T.);
#3877=EDGE_CURVE('',#5109,#5108,#5909,.T.);
#3878=EDGE_CURVE('',#5110,#5109,#315,.T.);
#3879=EDGE_CURVE('',#5111,#5110,#5910,.T.);
#3880=EDGE_CURVE('',#5112,#5111,#316,.T.);
#3881=EDGE_CURVE('',#5034,#5112,#5911,.T.);
#3882=EDGE_CURVE('',#5112,#4988,#5912,.T.);
#3883=EDGE_CURVE('',#5103,#5010,#5913,.T.);
#3884=EDGE_CURVE('',#5102,#4974,#5914,.T.);
#3885=EDGE_CURVE('',#5093,#4962,#5915,.T.);
#3886=EDGE_CURVE('',#5113,#5114,#5916,.T.);
#3887=EDGE_CURVE('',#5113,#5115,#5917,.T.);
#3888=EDGE_CURVE('',#5115,#5116,#5918,.T.);
#3889=EDGE_CURVE('',#5116,#5117,#5919,.F.);
#3890=EDGE_CURVE('',#5117,#5118,#5920,.T.);
#3891=EDGE_CURVE('',#5118,#5119,#169,.T.);
#3892=EDGE_CURVE('',#5119,#5120,#5921,.F.);
#3893=EDGE_CURVE('',#5120,#5121,#170,.T.);
#3894=EDGE_CURVE('',#5121,#5122,#5922,.F.);
#3895=EDGE_CURVE('',#5122,#5123,#5923,.F.);
#3896=EDGE_CURVE('',#5123,#5124,#5924,.T.);
#3897=EDGE_CURVE('',#5124,#5125,#5925,.T.);
#3898=EDGE_CURVE('',#5125,#5126,#5926,.T.);
#3899=EDGE_CURVE('',#5126,#5127,#317,.T.);
#3900=EDGE_CURVE('',#5127,#5128,#5927,.T.);
#3901=EDGE_CURVE('',#5128,#5129,#318,.T.);
#3902=EDGE_CURVE('',#5129,#5130,#5928,.T.);
#3903=EDGE_CURVE('',#5131,#5130,#5929,.T.);
#3904=EDGE_CURVE('',#5132,#5131,#5930,.T.);
#3905=EDGE_CURVE('',#5133,#5132,#5931,.F.);
#3906=EDGE_CURVE('',#5134,#5133,#5932,.F.);
#3907=EDGE_CURVE('',#5135,#5134,#171,.T.);
#3908=EDGE_CURVE('',#5136,#5135,#5933,.F.);
#3909=EDGE_CURVE('',#5137,#5136,#172,.T.);
#3910=EDGE_CURVE('',#5138,#5137,#5934,.T.);
#3911=EDGE_CURVE('',#5139,#5138,#5935,.F.);
#3912=EDGE_CURVE('',#5140,#5139,#5936,.T.);
#3913=EDGE_CURVE('',#5114,#5140,#5937,.T.);
#3914=EDGE_CURVE('',#5141,#5142,#5938,.T.);
#3915=EDGE_CURVE('',#5142,#5143,#5939,.T.);
#3916=EDGE_CURVE('',#5144,#5143,#5940,.T.);
#3917=EDGE_CURVE('',#5144,#5145,#5941,.T.);
#3918=EDGE_CURVE('',#5145,#5146,#319,.T.);
#3919=EDGE_CURVE('',#5146,#5147,#5942,.T.);
#3920=EDGE_CURVE('',#5147,#5148,#320,.T.);
#3921=EDGE_CURVE('',#5148,#5141,#5943,.T.);
#3922=EDGE_CURVE('',#5149,#5150,#5944,.F.);
#3923=EDGE_CURVE('',#5151,#5150,#5945,.T.);
#3924=EDGE_CURVE('',#5152,#5151,#5946,.F.);
#3925=EDGE_CURVE('',#5153,#5152,#5947,.T.);
#3926=EDGE_CURVE('',#5154,#5153,#5948,.T.);
#3927=EDGE_CURVE('',#5155,#5154,#5949,.T.);
#3928=EDGE_CURVE('',#5156,#5155,#173,.T.);
#3929=EDGE_CURVE('',#5157,#5156,#5950,.F.);
#3930=EDGE_CURVE('',#5158,#5157,#174,.T.);
#3931=EDGE_CURVE('',#5159,#5158,#5951,.F.);
#3932=EDGE_CURVE('',#5160,#5159,#5952,.T.);
#3933=EDGE_CURVE('',#5161,#5160,#5953,.T.);
#3934=EDGE_CURVE('',#5162,#5161,#5954,.F.);
#3935=EDGE_CURVE('',#5162,#5163,#5955,.T.);
#3936=EDGE_CURVE('',#5163,#5164,#321,.T.);
#3937=EDGE_CURVE('',#5164,#5165,#5956,.T.);
#3938=EDGE_CURVE('',#5165,#5166,#322,.T.);
#3939=EDGE_CURVE('',#5166,#5167,#5957,.T.);
#3940=EDGE_CURVE('',#5167,#5168,#5958,.F.);
#3941=EDGE_CURVE('',#5168,#5169,#5959,.T.);
#3942=EDGE_CURVE('',#5169,#5170,#5960,.T.);
#3943=EDGE_CURVE('',#5170,#5171,#5961,.F.);
#3944=EDGE_CURVE('',#5171,#5172,#175,.T.);
#3945=EDGE_CURVE('',#5172,#5173,#5962,.F.);
#3946=EDGE_CURVE('',#5173,#5174,#176,.T.);
#3947=EDGE_CURVE('',#5174,#5175,#5963,.T.);
#3948=EDGE_CURVE('',#5175,#5176,#5964,.T.);
#3949=EDGE_CURVE('',#5176,#5149,#5965,.T.);
#3950=EDGE_CURVE('',#5177,#5178,#5966,.T.);
#3951=EDGE_CURVE('',#5178,#5179,#5967,.F.);
#3952=EDGE_CURVE('',#5179,#5180,#5968,.T.);
#3953=EDGE_CURVE('',#5180,#5181,#323,.T.);
#3954=EDGE_CURVE('',#5181,#5182,#5969,.T.);
#3955=EDGE_CURVE('',#5182,#5183,#324,.T.);
#3956=EDGE_CURVE('',#5183,#5184,#5970,.T.);
#3957=EDGE_CURVE('',#5177,#5184,#5971,.F.);
#3958=EDGE_CURVE('',#5185,#4973,#325,.T.);
#3959=EDGE_CURVE('',#5185,#5186,#5972,.T.);
#3960=EDGE_CURVE('',#5187,#5186,#326,.T.);
#3961=EDGE_CURVE('',#5187,#5188,#5973,.T.);
#3962=EDGE_CURVE('',#5143,#5188,#327,.T.);
#3963=EDGE_CURVE('',#5189,#5142,#328,.T.);
#3964=EDGE_CURVE('',#5189,#5190,#5974,.T.);
#3965=EDGE_CURVE('',#5191,#5190,#329,.T.);
#3966=EDGE_CURVE('',#5191,#5192,#5975,.T.);
#3967=EDGE_CURVE('',#5178,#5192,#330,.T.);
#3968=EDGE_CURVE('',#5193,#5177,#331,.T.);
#3969=EDGE_CURVE('',#5193,#5194,#5976,.T.);
#3970=EDGE_CURVE('',#5195,#5194,#332,.T.);
#3971=EDGE_CURVE('',#5195,#5196,#5977,.T.);
#3972=EDGE_CURVE('',#5005,#5196,#333,.T.);
#3973=EDGE_CURVE('',#5197,#5198,#334,.F.);
#3974=EDGE_CURVE('',#5197,#5199,#335,.F.);
#3975=EDGE_CURVE('',#5200,#5199,#5978,.T.);
#3976=EDGE_CURVE('',#5200,#5201,#336,.F.);
#3977=EDGE_CURVE('',#5202,#5201,#5979,.T.);
#3978=EDGE_CURVE('',#5202,#5203,#337,.F.);
#3979=EDGE_CURVE('',#5204,#5203,#338,.F.);
#3980=EDGE_CURVE('',#5204,#5205,#339,.F.);
#3981=EDGE_CURVE('',#5206,#5205,#5980,.T.);
#3982=EDGE_CURVE('',#5206,#5207,#340,.F.);
#3983=EDGE_CURVE('',#5208,#5207,#5981,.T.);
#3984=EDGE_CURVE('',#5208,#5198,#341,.F.);
#3985=EDGE_CURVE('',#5209,#5210,#342,.F.);
#3986=EDGE_CURVE('',#5209,#5211,#343,.F.);
#3987=EDGE_CURVE('',#5212,#5211,#5982,.T.);
#3988=EDGE_CURVE('',#5212,#5213,#344,.F.);
#3989=EDGE_CURVE('',#5214,#5213,#5983,.T.);
#3990=EDGE_CURVE('',#5214,#5215,#345,.F.);
#3991=EDGE_CURVE('',#5216,#5215,#346,.F.);
#3992=EDGE_CURVE('',#5216,#5217,#347,.F.);
#3993=EDGE_CURVE('',#5218,#5217,#5984,.T.);
#3994=EDGE_CURVE('',#5218,#5219,#348,.F.);
#3995=EDGE_CURVE('',#5220,#5219,#5985,.T.);
#3996=EDGE_CURVE('',#5220,#5210,#349,.F.);
#3997=EDGE_CURVE('',#5221,#5222,#350,.F.);
#3998=EDGE_CURVE('',#5221,#5223,#351,.F.);
#3999=EDGE_CURVE('',#5224,#5223,#5986,.T.);
#4000=EDGE_CURVE('',#5224,#5225,#352,.F.);
#4001=EDGE_CURVE('',#5226,#5225,#5987,.T.);
#4002=EDGE_CURVE('',#5226,#5227,#353,.F.);
#4003=EDGE_CURVE('',#5228,#5227,#354,.F.);
#4004=EDGE_CURVE('',#5228,#5229,#355,.F.);
#4005=EDGE_CURVE('',#5230,#5229,#5988,.T.);
#4006=EDGE_CURVE('',#5230,#5231,#356,.F.);
#4007=EDGE_CURVE('',#5232,#5231,#5989,.T.);
#4008=EDGE_CURVE('',#5232,#5222,#357,.F.);
#4009=EDGE_CURVE('',#5233,#5234,#358,.F.);
#4010=EDGE_CURVE('',#5233,#5235,#359,.F.);
#4011=EDGE_CURVE('',#5236,#5235,#5990,.T.);
#4012=EDGE_CURVE('',#5236,#5237,#360,.F.);
#4013=EDGE_CURVE('',#5238,#5237,#5991,.T.);
#4014=EDGE_CURVE('',#5238,#5239,#361,.F.);
#4015=EDGE_CURVE('',#5240,#5239,#362,.F.);
#4016=EDGE_CURVE('',#5240,#5241,#363,.F.);
#4017=EDGE_CURVE('',#5242,#5241,#5992,.T.);
#4018=EDGE_CURVE('',#5242,#5243,#364,.F.);
#4019=EDGE_CURVE('',#5244,#5243,#5993,.T.);
#4020=EDGE_CURVE('',#5244,#5234,#365,.F.);
#4021=EDGE_CURVE('',#5245,#5245,#366,.T.);
#4022=EDGE_CURVE('',#4979,#5246,#367,.T.);
#4023=EDGE_CURVE('',#5247,#5246,#5994,.T.);
#4024=EDGE_CURVE('',#5247,#5248,#368,.T.);
#4025=EDGE_CURVE('',#5249,#5248,#5995,.T.);
#4026=EDGE_CURVE('',#5249,#5151,#369,.T.);
#4027=EDGE_CURVE('',#5150,#5250,#370,.T.);
#4028=EDGE_CURVE('',#5251,#5250,#5996,.T.);
#4029=EDGE_CURVE('',#5251,#5252,#371,.T.);
#4030=EDGE_CURVE('',#5253,#5252,#5997,.T.);
#4031=EDGE_CURVE('',#5253,#5113,#372,.T.);
#4032=EDGE_CURVE('',#5114,#5254,#373,.T.);
#4033=EDGE_CURVE('',#5255,#5254,#5998,.T.);
#4034=EDGE_CURVE('',#5255,#5256,#374,.T.);
#4035=EDGE_CURVE('',#5257,#5256,#5999,.T.);
#4036=EDGE_CURVE('',#5257,#4947,#375,.T.);
#4037=EDGE_CURVE('',#5258,#5259,#6000,.T.);
#4038=EDGE_CURVE('',#5258,#5260,#376,.T.);
#4039=EDGE_CURVE('',#5261,#5260,#377,.T.);
#4040=EDGE_CURVE('',#5261,#5262,#378,.T.);
#4041=EDGE_CURVE('',#5263,#5262,#6001,.T.);
#4042=EDGE_CURVE('',#5263,#5264,#379,.T.);
#4043=EDGE_CURVE('',#5265,#5264,#6002,.T.);
#4044=EDGE_CURVE('',#5265,#5266,#380,.T.);
#4045=EDGE_CURVE('',#5267,#5266,#381,.T.);
#4046=EDGE_CURVE('',#5267,#5268,#382,.T.);
#4047=EDGE_CURVE('',#5269,#5268,#6003,.T.);
#4048=EDGE_CURVE('',#5269,#5259,#383,.T.);
#4049=EDGE_CURVE('',#5270,#5271,#6004,.T.);
#4050=EDGE_CURVE('',#5270,#5272,#384,.T.);
#4051=EDGE_CURVE('',#5273,#5272,#385,.T.);
#4052=EDGE_CURVE('',#5273,#5274,#386,.T.);
#4053=EDGE_CURVE('',#5275,#5274,#6005,.T.);
#4054=EDGE_CURVE('',#5275,#5276,#387,.T.);
#4055=EDGE_CURVE('',#5277,#5276,#6006,.T.);
#4056=EDGE_CURVE('',#5277,#5278,#388,.T.);
#4057=EDGE_CURVE('',#5279,#5278,#389,.T.);
#4058=EDGE_CURVE('',#5279,#5280,#390,.T.);
#4059=EDGE_CURVE('',#5281,#5280,#6007,.T.);
#4060=EDGE_CURVE('',#5281,#5271,#391,.T.);
#4061=EDGE_CURVE('',#5282,#5283,#6008,.T.);
#4062=EDGE_CURVE('',#5282,#5284,#392,.T.);
#4063=EDGE_CURVE('',#5285,#5284,#393,.T.);
#4064=EDGE_CURVE('',#5285,#5286,#394,.T.);
#4065=EDGE_CURVE('',#5287,#5286,#6009,.T.);
#4066=EDGE_CURVE('',#5287,#5288,#395,.T.);
#4067=EDGE_CURVE('',#5289,#5288,#6010,.T.);
#4068=EDGE_CURVE('',#5289,#5290,#396,.T.);
#4069=EDGE_CURVE('',#5291,#5290,#397,.T.);
#4070=EDGE_CURVE('',#5291,#5292,#398,.T.);
#4071=EDGE_CURVE('',#5293,#5292,#6011,.T.);
#4072=EDGE_CURVE('',#5293,#5283,#399,.T.);
#4073=EDGE_CURVE('',#5294,#5295,#6012,.T.);
#4074=EDGE_CURVE('',#5294,#5296,#400,.T.);
#4075=EDGE_CURVE('',#5297,#5296,#401,.T.);
#4076=EDGE_CURVE('',#5297,#5298,#402,.T.);
#4077=EDGE_CURVE('',#5299,#5298,#6013,.T.);
#4078=EDGE_CURVE('',#5299,#5300,#403,.T.);
#4079=EDGE_CURVE('',#5301,#5300,#6014,.T.);
#4080=EDGE_CURVE('',#5301,#5302,#404,.T.);
#4081=EDGE_CURVE('',#5303,#5302,#405,.T.);
#4082=EDGE_CURVE('',#5303,#5304,#406,.T.);
#4083=EDGE_CURVE('',#5305,#5304,#6015,.T.);
#4084=EDGE_CURVE('',#5305,#5295,#407,.T.);
#4085=EDGE_CURVE('',#5306,#5306,#408,.T.);
#4086=EDGE_CURVE('',#5296,#5233,#6016,.F.);
#4087=EDGE_CURVE('',#5234,#5297,#6017,.T.);
#4088=EDGE_CURVE('',#5243,#5299,#6018,.T.);
#4089=EDGE_CURVE('',#5298,#5244,#6019,.T.);
#4090=EDGE_CURVE('',#5300,#5242,#6020,.F.);
#4091=EDGE_CURVE('',#5241,#5301,#6021,.F.);
#4092=EDGE_CURVE('',#5302,#5240,#6022,.F.);
#4093=EDGE_CURVE('',#5239,#5303,#6023,.T.);
#4094=EDGE_CURVE('',#5304,#5238,#6024,.T.);
#4095=EDGE_CURVE('',#5237,#5305,#6025,.T.);
#4096=EDGE_CURVE('',#5295,#5236,#6026,.F.);
#4097=EDGE_CURVE('',#5235,#5294,#6027,.F.);
#4098=EDGE_CURVE('',#5222,#5285,#6028,.T.);
#4099=EDGE_CURVE('',#5284,#5221,#6029,.F.);
#4100=EDGE_CURVE('',#5286,#5232,#6030,.T.);
#4101=EDGE_CURVE('',#5231,#5287,#6031,.T.);
#4102=EDGE_CURVE('',#5288,#5230,#6032,.F.);
#4103=EDGE_CURVE('',#5229,#5289,#6033,.F.);
#4104=EDGE_CURVE('',#5290,#5228,#6034,.F.);
#4105=EDGE_CURVE('',#5227,#5291,#6035,.T.);
#4106=EDGE_CURVE('',#5292,#5226,#6036,.T.);
#4107=EDGE_CURVE('',#5225,#5293,#6037,.T.);
#4108=EDGE_CURVE('',#5283,#5224,#6038,.F.);
#4109=EDGE_CURVE('',#5223,#5282,#6039,.F.);
#4110=EDGE_CURVE('',#5210,#5273,#6040,.T.);
#4111=EDGE_CURVE('',#5272,#5209,#6041,.F.);
#4112=EDGE_CURVE('',#5274,#5220,#6042,.T.);
#4113=EDGE_CURVE('',#5219,#5275,#6043,.T.);
#4114=EDGE_CURVE('',#5276,#5218,#6044,.F.);
#4115=EDGE_CURVE('',#5217,#5277,#6045,.F.);
#4116=EDGE_CURVE('',#5278,#5216,#6046,.F.);
#4117=EDGE_CURVE('',#5215,#5279,#6047,.T.);
#4118=EDGE_CURVE('',#5280,#5214,#6048,.T.);
#4119=EDGE_CURVE('',#5213,#5281,#6049,.T.);
#4120=EDGE_CURVE('',#5271,#5212,#6050,.F.);
#4121=EDGE_CURVE('',#5211,#5270,#6051,.F.);
#4122=EDGE_CURVE('',#5198,#5261,#6052,.T.);
#4123=EDGE_CURVE('',#5260,#5197,#6053,.F.);
#4124=EDGE_CURVE('',#5262,#5208,#6054,.T.);
#4125=EDGE_CURVE('',#5207,#5263,#6055,.T.);
#4126=EDGE_CURVE('',#5264,#5206,#6056,.F.);
#4127=EDGE_CURVE('',#5205,#5265,#6057,.F.);
#4128=EDGE_CURVE('',#5266,#5204,#6058,.F.);
#4129=EDGE_CURVE('',#5203,#5267,#6059,.T.);
#4130=EDGE_CURVE('',#5268,#5202,#6060,.T.);
#4131=EDGE_CURVE('',#5201,#5269,#6061,.T.);
#4132=EDGE_CURVE('',#5259,#5200,#6062,.F.);
#4133=EDGE_CURVE('',#5199,#5258,#6063,.F.);
#4134=EDGE_CURVE('',#5140,#5307,#177,.F.);
#4135=EDGE_CURVE('',#5307,#5308,#178,.F.);
#4136=EDGE_CURVE('',#5308,#5254,#6064,.F.);
#4137=EDGE_CURVE('',#5257,#5309,#6065,.T.);
#4138=EDGE_CURVE('',#5310,#5256,#6066,.F.);
#4139=EDGE_CURVE('',#5309,#5310,#6067,.T.);
#4140=EDGE_CURVE('',#5255,#5311,#6068,.T.);
#4141=EDGE_CURVE('',#5311,#5308,#6069,.T.);
#4142=EDGE_CURVE('',#5309,#5312,#179,.F.);
#4143=EDGE_CURVE('',#5312,#4948,#180,.F.);
#4144=EDGE_CURVE('',#5311,#5313,#181,.F.);
#4145=EDGE_CURVE('',#5313,#5310,#182,.F.);
#4146=EDGE_CURVE('',#5314,#5149,#183,.F.);
#4147=EDGE_CURVE('',#5315,#5314,#184,.F.);
#4148=EDGE_CURVE('',#5250,#5315,#6070,.T.);
#4149=EDGE_CURVE('',#5316,#5251,#6071,.F.);
#4150=EDGE_CURVE('',#5315,#5316,#6072,.T.);
#4151=EDGE_CURVE('',#5317,#5253,#6073,.F.);
#4152=EDGE_CURVE('',#5252,#5318,#6074,.T.);
#4153=EDGE_CURVE('',#5318,#5317,#6075,.T.);
#4154=EDGE_CURVE('',#5319,#5317,#185,.F.);
#4155=EDGE_CURVE('',#5115,#5319,#186,.F.);
#4156=EDGE_CURVE('',#5320,#5316,#187,.F.);
#4157=EDGE_CURVE('',#5318,#5320,#188,.F.);
#4158=EDGE_CURVE('',#5002,#5321,#189,.F.);
#4159=EDGE_CURVE('',#5321,#5322,#190,.F.);
#4160=EDGE_CURVE('',#5322,#5246,#6076,.F.);
#4161=EDGE_CURVE('',#5249,#5323,#6077,.T.);
#4162=EDGE_CURVE('',#5324,#5248,#6078,.F.);
#4163=EDGE_CURVE('',#5323,#5324,#6079,.T.);
#4164=EDGE_CURVE('',#5247,#5325,#6080,.T.);
#4165=EDGE_CURVE('',#5325,#5322,#6081,.T.);
#4166=EDGE_CURVE('',#5323,#5326,#191,.F.);
#4167=EDGE_CURVE('',#5326,#5152,#192,.F.);
#4168=EDGE_CURVE('',#5325,#5327,#193,.F.);
#4169=EDGE_CURVE('',#5327,#5324,#194,.F.);
#4170=EDGE_CURVE('',#5328,#4958,#409,.T.);
#4171=EDGE_CURVE('',#5328,#5097,#6082,.T.);
#4172=EDGE_CURVE('',#5096,#4959,#6083,.T.);
#4173=EDGE_CURVE('',#5098,#5329,#6084,.T.);
#4174=EDGE_CURVE('',#4978,#5329,#410,.T.);
#4175=EDGE_CURVE('',#5099,#4977,#6085,.T.);
#4176=EDGE_CURVE('',#5095,#4960,#6086,.T.);
#4177=EDGE_CURVE('',#5100,#4976,#6087,.T.);
#4178=EDGE_CURVE('',#5101,#4975,#6088,.T.);
#4179=EDGE_CURVE('',#5094,#4961,#6089,.T.);
#4180=EDGE_CURVE('',#5330,#5328,#6090,.T.);
#4181=EDGE_CURVE('',#4957,#5330,#411,.T.);
#4182=EDGE_CURVE('',#5188,#5331,#6091,.F.);
#4183=EDGE_CURVE('',#5144,#5331,#412,.F.);
#4184=EDGE_CURVE('',#5332,#5333,#413,.T.);
#4185=EDGE_CURVE('',#5334,#5333,#6092,.T.);
#4186=EDGE_CURVE('',#5334,#5335,#6093,.T.);
#4187=EDGE_CURVE('',#5336,#5335,#6094,.T.);
#4188=EDGE_CURVE('',#5332,#5336,#6095,.T.);
#4189=EDGE_CURVE('',#5337,#5338,#6096,.T.);
#4190=EDGE_CURVE('',#5338,#5339,#6097,.T.);
#4191=EDGE_CURVE('',#5340,#5339,#6098,.F.);
#4192=EDGE_CURVE('',#5341,#5340,#6099,.F.);
#4193=EDGE_CURVE('',#5342,#5341,#414,.F.);
#4194=EDGE_CURVE('',#5343,#5342,#6100,.F.);
#4195=EDGE_CURVE('',#5337,#5343,#6101,.F.);
#4196=EDGE_CURVE('',#5344,#5345,#6102,.T.);
#4197=EDGE_CURVE('',#5346,#5344,#415,.T.);
#4198=EDGE_CURVE('',#5347,#5346,#6103,.T.);
#4199=EDGE_CURVE('',#5348,#5347,#416,.T.);
#4200=EDGE_CURVE('',#5349,#5348,#6104,.T.);
#4201=EDGE_CURVE('',#5350,#5349,#417,.T.);
#4202=EDGE_CURVE('',#5351,#5350,#6105,.F.);
#4203=EDGE_CURVE('',#5352,#5351,#418,.T.);
#4204=EDGE_CURVE('',#5353,#5352,#6106,.T.);
#4205=EDGE_CURVE('',#5345,#5353,#419,.T.);
#4206=EDGE_CURVE('',#5354,#5355,#420,.T.);
#4207=EDGE_CURVE('',#5356,#5355,#6107,.T.);
#4208=EDGE_CURVE('',#5357,#5356,#6108,.T.);
#4209=EDGE_CURVE('',#5357,#5358,#6109,.T.);
#4210=EDGE_CURVE('',#5358,#5354,#6110,.T.);
#4211=EDGE_CURVE('',#5359,#5360,#6111,.T.);
#4212=EDGE_CURVE('',#5361,#5359,#6112,.T.);
#4213=EDGE_CURVE('',#5362,#5361,#6113,.T.);
#4214=EDGE_CURVE('',#5360,#5362,#6114,.T.);
#4215=EDGE_CURVE('',#5363,#5364,#6115,.F.);
#4216=EDGE_CURVE('',#5364,#5365,#6116,.F.);
#4217=EDGE_CURVE('',#5365,#5366,#6117,.F.);
#4218=EDGE_CURVE('',#5366,#5363,#6118,.F.);
#4219=EDGE_CURVE('',#5367,#5368,#6119,.T.);
#4220=EDGE_CURVE('',#5369,#5368,#6120,.T.);
#4221=EDGE_CURVE('',#5370,#5369,#6121,.T.);
#4222=EDGE_CURVE('',#5367,#5370,#421,.F.);
#4223=EDGE_CURVE('',#5133,#4955,#422,.F.);
#4224=EDGE_CURVE('',#4956,#5132,#423,.T.);
#4225=EDGE_CURVE('',#5371,#5372,#6122,.T.);
#4226=EDGE_CURVE('',#5373,#5371,#6123,.T.);
#4227=EDGE_CURVE('',#5374,#5373,#114,.F.);
#4228=EDGE_CURVE('',#5375,#5374,#6124,.F.);
#4229=EDGE_CURVE('',#5372,#5375,#6125,.F.);
#4230=EDGE_CURVE('',#5376,#5377,#6126,.T.);
#4231=EDGE_CURVE('',#5371,#5376,#424,.T.);
#4232=EDGE_CURVE('',#5377,#5372,#425,.F.);
#4233=EDGE_CURVE('',#5378,#5379,#6127,.T.);
#4234=EDGE_CURVE('',#5380,#5378,#195,.F.);
#4235=EDGE_CURVE('',#5376,#5380,#6128,.T.);
#4236=EDGE_CURVE('',#5379,#5377,#6129,.F.);
#4237=EDGE_CURVE('',#5329,#5185,#6130,.T.);
#4238=EDGE_CURVE('',#5381,#5330,#6131,.T.);
#4239=EDGE_CURVE('',#5381,#5382,#6132,.T.);
#4240=EDGE_CURVE('',#5383,#5382,#6133,.T.);
#4241=EDGE_CURVE('',#5186,#5383,#6134,.F.);
#4242=EDGE_CURVE('',#5384,#5187,#6135,.T.);
#4243=EDGE_CURVE('',#5385,#5384,#6136,.T.);
#4244=EDGE_CURVE('',#5385,#5386,#6137,.T.);
#4245=EDGE_CURVE('',#5387,#5386,#6138,.T.);
#4246=EDGE_CURVE('',#5388,#5387,#6139,.F.);
#4247=EDGE_CURVE('',#5388,#5389,#6140,.T.);
#4248=EDGE_CURVE('',#5389,#5390,#6141,.T.);
#4249=EDGE_CURVE('',#5390,#5331,#6142,.T.);
#4250=EDGE_CURVE('',#4949,#5391,#196,.F.);
#4251=EDGE_CURVE('',#5391,#5139,#197,.F.);
#4252=EDGE_CURVE('',#4950,#5138,#426,.T.);
#4253=EDGE_CURVE('',#5391,#5361,#6143,.T.);
#4254=EDGE_CURVE('',#5359,#5307,#6144,.F.);
#4255=EDGE_CURVE('',#5312,#5362,#6145,.F.);
#4256=EDGE_CURVE('',#5360,#5313,#6146,.F.);
#4257=EDGE_CURVE('',#5338,#5369,#6147,.T.);
#4258=EDGE_CURVE('',#5368,#5392,#6148,.T.);
#4259=EDGE_CURVE('',#5392,#5382,#6149,.T.);
#4260=EDGE_CURVE('',#5339,#5381,#427,.T.);
#4261=EDGE_CURVE('',#5385,#5393,#6150,.T.);
#4262=EDGE_CURVE('',#5393,#5370,#6151,.T.);
#4263=EDGE_CURVE('',#5386,#5337,#428,.T.);
#4264=EDGE_CURVE('',#5394,#5392,#6152,.T.);
#4265=EDGE_CURVE('',#5393,#5394,#6153,.T.);
#4266=EDGE_CURVE('',#5383,#5384,#429,.F.);
#4267=EDGE_CURVE('',#5395,#5396,#6154,.T.);
#4268=EDGE_CURVE('',#5397,#5395,#6155,.F.);
#4269=EDGE_CURVE('',#5398,#5397,#6156,.F.);
#4270=EDGE_CURVE('',#5396,#5398,#6157,.T.);
#4271=EDGE_CURVE('',#5399,#5400,#6158,.T.);
#4272=EDGE_CURVE('',#5401,#5399,#6159,.T.);
#4273=EDGE_CURVE('',#5402,#5401,#6160,.T.);
#4274=EDGE_CURVE('',#5403,#5402,#6161,.T.);
#4275=EDGE_CURVE('',#5404,#5403,#6162,.F.);
#4276=EDGE_CURVE('',#5400,#5404,#6163,.F.);
#4277=EDGE_CURVE('',#5405,#5406,#6164,.T.);
#4278=EDGE_CURVE('',#5407,#5405,#6165,.T.);
#4279=EDGE_CURVE('',#5408,#5407,#6166,.T.);
#4280=EDGE_CURVE('',#5409,#5408,#6167,.T.);
#4281=EDGE_CURVE('',#5410,#5409,#6168,.F.);
#4282=EDGE_CURVE('',#5406,#5410,#6169,.F.);
#4283=EDGE_CURVE('',#5411,#5412,#6170,.F.);
#4284=EDGE_CURVE('',#5413,#5411,#6171,.T.);
#4285=EDGE_CURVE('',#5414,#5413,#6172,.F.);
#4286=EDGE_CURVE('',#5415,#5414,#6173,.F.);
#4287=EDGE_CURVE('',#5416,#5415,#430,.F.);
#4288=EDGE_CURVE('',#5412,#5416,#6174,.F.);
#4289=EDGE_CURVE('',#5417,#5418,#431,.F.);
#4290=EDGE_CURVE('',#5419,#5417,#6175,.F.);
#4291=EDGE_CURVE('',#5420,#5419,#6176,.F.);
#4292=EDGE_CURVE('',#5421,#5420,#6177,.T.);
#4293=EDGE_CURVE('',#5422,#5421,#432,.T.);
#4294=EDGE_CURVE('',#5423,#5422,#6178,.T.);
#4295=EDGE_CURVE('',#5424,#5423,#6179,.F.);
#4296=EDGE_CURVE('',#5418,#5424,#6180,.F.);
#4297=EDGE_CURVE('',#5403,#5395,#433,.T.);
#4298=EDGE_CURVE('',#5404,#5396,#434,.F.);
#4299=EDGE_CURVE('',#5413,#5403,#435,.T.);
#4300=EDGE_CURVE('',#5414,#5402,#198,.T.);
#4301=EDGE_CURVE('',#5405,#5411,#436,.T.);
#4302=EDGE_CURVE('',#5407,#5412,#199,.T.);
#4303=EDGE_CURVE('',#5397,#5405,#437,.T.);
#4304=EDGE_CURVE('',#5398,#5406,#438,.F.);
#4305=EDGE_CURVE('',#5413,#5395,#439,.F.);
#4306=EDGE_CURVE('',#5397,#5411,#440,.F.);
#4307=EDGE_CURVE('',#5399,#5374,#115,.F.);
#4308=EDGE_CURVE('',#5375,#5400,#441,.F.);
#4309=EDGE_CURVE('',#5424,#5425,#116,.F.);
#4310=EDGE_CURVE('',#5401,#5423,#200,.T.);
#4311=EDGE_CURVE('',#5425,#5399,#117,.F.);
#4312=EDGE_CURVE('',#5378,#5409,#118,.F.);
#4313=EDGE_CURVE('',#5410,#5379,#442,.F.);
#4314=EDGE_CURVE('',#5420,#5408,#201,.T.);
#4315=EDGE_CURVE('',#5426,#5419,#202,.F.);
#4316=EDGE_CURVE('',#5409,#5426,#119,.F.);
#4317=EDGE_CURVE('',#5426,#5378,#120,.T.);
#4318=EDGE_CURVE('',#5419,#5380,#443,.T.);
#4319=EDGE_CURVE('',#5417,#5376,#444,.T.);
#4320=EDGE_CURVE('',#5418,#5371,#445,.T.);
#4321=EDGE_CURVE('',#5424,#5373,#121,.T.);
#4322=EDGE_CURVE('',#5425,#5374,#122,.F.);
#4323=EDGE_CURVE('',#4950,#5415,#446,.T.);
#4324=EDGE_CURVE('',#5414,#4951,#447,.T.);
#4325=EDGE_CURVE('',#5402,#4952,#448,.T.);
#4326=EDGE_CURVE('',#5138,#5416,#449,.T.);
#4327=EDGE_CURVE('',#5401,#4953,#450,.T.);
#4328=EDGE_CURVE('',#5137,#5412,#451,.T.);
#4329=EDGE_CURVE('',#5423,#4954,#452,.T.);
#4330=EDGE_CURVE('',#5136,#5407,#453,.T.);
#4331=EDGE_CURVE('',#5422,#4955,#454,.T.);
#4332=EDGE_CURVE('',#5135,#5408,#455,.T.);
#4333=EDGE_CURVE('',#5421,#5133,#456,.T.);
#4334=EDGE_CURVE('',#5134,#5420,#457,.T.);
#4335=EDGE_CURVE('',#5404,#5349,#458,.T.);
#4336=EDGE_CURVE('',#5348,#5400,#459,.T.);
#4337=EDGE_CURVE('',#5347,#5375,#460,.T.);
#4338=EDGE_CURVE('',#5396,#5350,#461,.T.);
#4339=EDGE_CURVE('',#5346,#5372,#462,.T.);
#4340=EDGE_CURVE('',#5398,#5351,#463,.T.);
#4341=EDGE_CURVE('',#5344,#5377,#464,.T.);
#4342=EDGE_CURVE('',#5406,#5352,#465,.T.);
#4343=EDGE_CURVE('',#5345,#5379,#466,.T.);
#4344=EDGE_CURVE('',#5410,#5353,#467,.T.);
#4345=EDGE_CURVE('',#4956,#5341,#468,.T.);
#4346=EDGE_CURVE('',#4957,#5340,#469,.T.);
#4347=EDGE_CURVE('',#5132,#5342,#470,.T.);
#4348=EDGE_CURVE('',#5343,#5131,#471,.F.);
#4349=EDGE_CURVE('',#5427,#5393,#6181,.T.);
#4350=EDGE_CURVE('',#5427,#5428,#6182,.T.);
#4351=EDGE_CURVE('',#5370,#5428,#472,.F.);
#4352=EDGE_CURVE('',#5368,#5429,#6183,.T.);
#4353=EDGE_CURVE('',#5429,#5430,#473,.T.);
#4354=EDGE_CURVE('',#5430,#5431,#6184,.T.);
#4355=EDGE_CURVE('',#5392,#5431,#6185,.T.);
#4356=EDGE_CURVE('',#5334,#5432,#6186,.T.);
#4357=EDGE_CURVE('',#5432,#5433,#203,.T.);
#4358=EDGE_CURVE('',#5433,#5434,#6187,.T.);
#4359=EDGE_CURVE('',#5435,#5434,#6188,.T.);
#4360=EDGE_CURVE('',#5435,#5436,#6189,.F.);
#4361=EDGE_CURVE('',#5335,#5436,#6190,.T.);
#4362=EDGE_CURVE('',#5358,#5437,#6191,.T.);
#4363=EDGE_CURVE('',#5357,#5438,#6192,.T.);
#4364=EDGE_CURVE('',#5438,#5435,#6193,.F.);
#4365=EDGE_CURVE('',#5439,#5434,#6194,.T.);
#4366=EDGE_CURVE('',#5437,#5439,#204,.F.);
#4367=EDGE_CURVE('',#5436,#5440,#6195,.F.);
#4368=EDGE_CURVE('',#5394,#5440,#6196,.T.);
#4369=EDGE_CURVE('',#5336,#5431,#6197,.T.);
#4370=EDGE_CURVE('',#5427,#5356,#6198,.T.);
#4371=EDGE_CURVE('',#5440,#5438,#6199,.F.);
#4372=EDGE_CURVE('',#5435,#5366,#6200,.T.);
#4373=EDGE_CURVE('',#5363,#5438,#6201,.T.);
#4374=EDGE_CURVE('',#5436,#5365,#6202,.T.);
#4375=EDGE_CURVE('',#5364,#5440,#6203,.T.);
#4376=EDGE_CURVE('',#5430,#5332,#6204,.T.);
#4377=EDGE_CURVE('',#5428,#5355,#6205,.T.);
#4378=EDGE_CURVE('',#5367,#5441,#6206,.F.);
#4379=EDGE_CURVE('',#5441,#5442,#6207,.F.);
#4380=EDGE_CURVE('',#5442,#5429,#6208,.T.);
#4381=EDGE_CURVE('',#5333,#5443,#6209,.F.);
#4382=EDGE_CURVE('',#5443,#5432,#6210,.T.);
#4383=EDGE_CURVE('',#5437,#5444,#6211,.T.);
#4384=EDGE_CURVE('',#5444,#5354,#6212,.T.);
#4385=EDGE_CURVE('',#5445,#5439,#6213,.F.);
#4386=EDGE_CURVE('',#5433,#5446,#6214,.F.);
#4387=EDGE_CURVE('',#5446,#5445,#6215,.F.);
#4388=EDGE_CURVE('',#5443,#5442,#474,.T.);
#4389=EDGE_CURVE('',#5446,#5443,#475,.T.);
#4390=EDGE_CURVE('',#5444,#5445,#476,.F.);
#4391=EDGE_CURVE('',#5441,#5444,#477,.F.);
#4392=EDGE_CURVE('',#5446,#5442,#478,.T.);
#4393=EDGE_CURVE('',#5441,#5445,#479,.F.);
#4394=EDGE_CURVE('',#5388,#5130,#480,.F.);
#4395=EDGE_CURVE('',#5387,#5131,#481,.T.);
#4396=EDGE_CURVE('',#5387,#5343,#482,.T.);
#4397=EDGE_CURVE('',#5340,#5330,#483,.T.);
#4398=EDGE_CURVE('',#5447,#5389,#6216,.T.);
#4399=EDGE_CURVE('',#5448,#5447,#484,.T.);
#4400=EDGE_CURVE('',#5449,#5448,#6217,.T.);
#4401=EDGE_CURVE('',#5450,#5449,#485,.T.);
#4402=EDGE_CURVE('',#5451,#5450,#6218,.T.);
#4403=EDGE_CURVE('',#5451,#5452,#6219,.T.);
#4404=EDGE_CURVE('',#5453,#5452,#6220,.T.);
#4405=EDGE_CURVE('',#5454,#5453,#486,.T.);
#4406=EDGE_CURVE('',#5455,#5454,#6221,.T.);
#4407=EDGE_CURVE('',#5456,#5455,#487,.T.);
#4408=EDGE_CURVE('',#5390,#5456,#6222,.T.);
#4409=EDGE_CURVE('',#5456,#5145,#6223,.T.);
#4410=EDGE_CURVE('',#5447,#5129,#6224,.T.);
#4411=EDGE_CURVE('',#5457,#5125,#488,.T.);
#4412=EDGE_CURVE('',#5457,#5451,#6225,.T.);
#4413=EDGE_CURVE('',#5450,#5126,#6226,.T.);
#4414=EDGE_CURVE('',#5452,#5458,#6227,.T.);
#4415=EDGE_CURVE('',#5141,#5458,#489,.T.);
#4416=EDGE_CURVE('',#5453,#5148,#6228,.T.);
#4417=EDGE_CURVE('',#5449,#5127,#6229,.T.);
#4418=EDGE_CURVE('',#5454,#5147,#6230,.T.);
#4419=EDGE_CURVE('',#5455,#5146,#6231,.T.);
#4420=EDGE_CURVE('',#5448,#5128,#6232,.T.);
#4421=EDGE_CURVE('',#5457,#5459,#6233,.F.);
#4422=EDGE_CURVE('',#5459,#5124,#490,.T.);
#4423=EDGE_CURVE('',#5460,#5192,#6234,.T.);
#4424=EDGE_CURVE('',#5179,#5460,#491,.F.);
#4425=EDGE_CURVE('',#5461,#5462,#492,.T.);
#4426=EDGE_CURVE('',#5461,#5463,#6235,.T.);
#4427=EDGE_CURVE('',#5463,#5464,#6236,.T.);
#4428=EDGE_CURVE('',#5465,#5464,#6237,.T.);
#4429=EDGE_CURVE('',#5465,#5462,#6238,.T.);
#4430=EDGE_CURVE('',#5466,#5467,#6239,.T.);
#4431=EDGE_CURVE('',#5466,#5468,#6240,.F.);
#4432=EDGE_CURVE('',#5468,#5469,#6241,.F.);
#4433=EDGE_CURVE('',#5469,#5470,#493,.F.);
#4434=EDGE_CURVE('',#5470,#5471,#6242,.F.);
#4435=EDGE_CURVE('',#5471,#5472,#6243,.F.);
#4436=EDGE_CURVE('',#5467,#5472,#6244,.T.);
#4437=EDGE_CURVE('',#5473,#5474,#6245,.T.);
#4438=EDGE_CURVE('',#5474,#5475,#494,.T.);
#4439=EDGE_CURVE('',#5475,#5476,#6246,.T.);
#4440=EDGE_CURVE('',#5476,#5477,#495,.T.);
#4441=EDGE_CURVE('',#5477,#5478,#6247,.F.);
#4442=EDGE_CURVE('',#5478,#5479,#496,.T.);
#4443=EDGE_CURVE('',#5479,#5480,#6248,.T.);
#4444=EDGE_CURVE('',#5480,#5481,#497,.T.);
#4445=EDGE_CURVE('',#5481,#5482,#6249,.T.);
#4446=EDGE_CURVE('',#5482,#5473,#498,.T.);
#4447=EDGE_CURVE('',#5483,#5484,#499,.T.);
#4448=EDGE_CURVE('',#5485,#5483,#6250,.T.);
#4449=EDGE_CURVE('',#5486,#5485,#6251,.T.);
#4450=EDGE_CURVE('',#5486,#5487,#6252,.T.);
#4451=EDGE_CURVE('',#5487,#5484,#6253,.T.);
#4452=EDGE_CURVE('',#5488,#5489,#6254,.T.);
#4453=EDGE_CURVE('',#5489,#5490,#6255,.T.);
#4454=EDGE_CURVE('',#5490,#5491,#6256,.T.);
#4455=EDGE_CURVE('',#5491,#5488,#6257,.T.);
#4456=EDGE_CURVE('',#5492,#5493,#6258,.F.);
#4457=EDGE_CURVE('',#5494,#5492,#6259,.F.);
#4458=EDGE_CURVE('',#5495,#5494,#6260,.F.);
#4459=EDGE_CURVE('',#5493,#5495,#6261,.F.);
#4460=EDGE_CURVE('',#5496,#5497,#6262,.T.);
#4461=EDGE_CURVE('',#5496,#5498,#500,.F.);
#4462=EDGE_CURVE('',#5498,#5499,#6263,.T.);
#4463=EDGE_CURVE('',#5499,#5497,#6264,.T.);
#4464=EDGE_CURVE('',#5169,#5123,#501,.T.);
#4465=EDGE_CURVE('',#5122,#5170,#502,.F.);
#4466=EDGE_CURVE('',#5500,#5501,#6265,.T.);
#4467=EDGE_CURVE('',#5501,#5502,#6266,.F.);
#4468=EDGE_CURVE('',#5502,#5503,#6267,.F.);
#4469=EDGE_CURVE('',#5503,#5504,#123,.T.);
#4470=EDGE_CURVE('',#5504,#5500,#6268,.T.);
#4471=EDGE_CURVE('',#5505,#5506,#6269,.T.);
#4472=EDGE_CURVE('',#5506,#5501,#503,.F.);
#4473=EDGE_CURVE('',#5500,#5505,#504,.T.);
#4474=EDGE_CURVE('',#5507,#5508,#6270,.T.);
#4475=EDGE_CURVE('',#5508,#5506,#6271,.F.);
#4476=EDGE_CURVE('',#5505,#5509,#6272,.T.);
#4477=EDGE_CURVE('',#5509,#5507,#124,.T.);
#4478=EDGE_CURVE('',#5510,#5511,#6273,.T.);
#4479=EDGE_CURVE('',#5510,#5512,#505,.F.);
#4480=EDGE_CURVE('',#5513,#5512,#6274,.T.);
#4481=EDGE_CURVE('',#5513,#5514,#6275,.T.);
#4482=EDGE_CURVE('',#5514,#5515,#6276,.T.);
#4483=EDGE_CURVE('',#5515,#5516,#6277,.T.);
#4484=EDGE_CURVE('',#5516,#5511,#6278,.T.);
#4485=EDGE_CURVE('',#5513,#5517,#6279,.T.);
#4486=EDGE_CURVE('',#5517,#5466,#506,.T.);
#4487=EDGE_CURVE('',#5467,#5499,#6280,.T.);
#4488=EDGE_CURVE('',#5514,#5498,#6281,.T.);
#4489=EDGE_CURVE('',#5472,#5518,#507,.T.);
#4490=EDGE_CURVE('',#5518,#5511,#6282,.T.);
#4491=EDGE_CURVE('',#5497,#5516,#6283,.T.);
#4492=EDGE_CURVE('',#5489,#5320,#6284,.F.);
#4493=EDGE_CURVE('',#5314,#5490,#6285,.F.);
#4494=EDGE_CURVE('',#5488,#5319,#6286,.F.);
#4495=EDGE_CURVE('',#5176,#5519,#205,.F.);
#4496=EDGE_CURVE('',#5519,#5491,#6287,.T.);
#4497=EDGE_CURVE('',#5519,#5116,#206,.F.);
#4498=EDGE_CURVE('',#5175,#5117,#508,.T.);
#4499=EDGE_CURVE('',#5189,#5458,#6288,.F.);
#4500=EDGE_CURVE('',#5459,#5517,#6289,.T.);
#4501=EDGE_CURVE('',#5512,#5190,#6290,.T.);
#4502=EDGE_CURVE('',#5191,#5510,#6291,.F.);
#4503=EDGE_CURVE('',#5518,#5520,#6292,.T.);
#4504=EDGE_CURVE('',#5520,#5521,#6293,.T.);
#4505=EDGE_CURVE('',#5521,#5522,#6294,.T.);
#4506=EDGE_CURVE('',#5522,#5523,#6295,.T.);
#4507=EDGE_CURVE('',#5523,#5460,#6296,.T.);
#4508=EDGE_CURVE('',#5524,#5525,#6297,.T.);
#4509=EDGE_CURVE('',#5525,#5526,#6298,.T.);
#4510=EDGE_CURVE('',#5526,#5527,#6299,.F.);
#4511=EDGE_CURVE('',#5527,#5524,#6300,.F.);
#4512=EDGE_CURVE('',#5528,#5529,#6301,.T.);
#4513=EDGE_CURVE('',#5529,#5530,#6302,.F.);
#4514=EDGE_CURVE('',#5530,#5531,#6303,.F.);
#4515=EDGE_CURVE('',#5531,#5532,#6304,.T.);
#4516=EDGE_CURVE('',#5532,#5533,#6305,.T.);
#4517=EDGE_CURVE('',#5533,#5528,#6306,.T.);
#4518=EDGE_CURVE('',#5534,#5535,#6307,.T.);
#4519=EDGE_CURVE('',#5535,#5536,#6308,.F.);
#4520=EDGE_CURVE('',#5536,#5537,#6309,.F.);
#4521=EDGE_CURVE('',#5537,#5538,#6310,.T.);
#4522=EDGE_CURVE('',#5538,#5539,#6311,.T.);
#4523=EDGE_CURVE('',#5539,#5534,#6312,.T.);
#4524=EDGE_CURVE('',#5540,#5541,#6313,.F.);
#4525=EDGE_CURVE('',#5541,#5542,#6314,.F.);
#4526=EDGE_CURVE('',#5542,#5543,#509,.F.);
#4527=EDGE_CURVE('',#5543,#5544,#6315,.F.);
#4528=EDGE_CURVE('',#5544,#5545,#6316,.F.);
#4529=EDGE_CURVE('',#5545,#5540,#6317,.T.);
#4530=EDGE_CURVE('',#5546,#5547,#510,.F.);
#4531=EDGE_CURVE('',#5547,#5548,#6318,.F.);
#4532=EDGE_CURVE('',#5548,#5549,#6319,.F.);
#4533=EDGE_CURVE('',#5549,#5550,#6320,.T.);
#4534=EDGE_CURVE('',#5550,#5551,#511,.T.);
#4535=EDGE_CURVE('',#5551,#5552,#6321,.T.);
#4536=EDGE_CURVE('',#5552,#5553,#6322,.F.);
#4537=EDGE_CURVE('',#5553,#5546,#6323,.F.);
#4538=EDGE_CURVE('',#5530,#5525,#512,.F.);
#4539=EDGE_CURVE('',#5531,#5524,#513,.T.);
#4540=EDGE_CURVE('',#5544,#5532,#207,.T.);
#4541=EDGE_CURVE('',#5545,#5531,#514,.T.);
#4542=EDGE_CURVE('',#5539,#5541,#208,.T.);
#4543=EDGE_CURVE('',#5534,#5540,#515,.T.);
#4544=EDGE_CURVE('',#5526,#5535,#516,.F.);
#4545=EDGE_CURVE('',#5527,#5534,#517,.T.);
#4546=EDGE_CURVE('',#5545,#5524,#518,.F.);
#4547=EDGE_CURVE('',#5527,#5540,#519,.F.);
#4548=EDGE_CURVE('',#5502,#5529,#520,.F.);
#4549=EDGE_CURVE('',#5528,#5503,#125,.T.);
#4550=EDGE_CURVE('',#5548,#5554,#126,.T.);
#4551=EDGE_CURVE('',#5554,#5528,#127,.T.);
#4552=EDGE_CURVE('',#5533,#5549,#209,.T.);
#4553=EDGE_CURVE('',#5536,#5508,#521,.F.);
#4554=EDGE_CURVE('',#5507,#5537,#128,.T.);
#4555=EDGE_CURVE('',#5537,#5555,#129,.T.);
#4556=EDGE_CURVE('',#5555,#5553,#130,.T.);
#4557=EDGE_CURVE('',#5552,#5538,#210,.T.);
#4558=EDGE_CURVE('',#5555,#5507,#131,.F.);
#4559=EDGE_CURVE('',#5553,#5509,#132,.T.);
#4560=EDGE_CURVE('',#5546,#5505,#522,.T.);
#4561=EDGE_CURVE('',#5547,#5500,#523,.T.);
#4562=EDGE_CURVE('',#5548,#5504,#133,.F.);
#4563=EDGE_CURVE('',#5554,#5503,#134,.F.);
#4564=EDGE_CURVE('',#5175,#5543,#524,.T.);
#4565=EDGE_CURVE('',#5544,#5174,#525,.T.);
#4566=EDGE_CURVE('',#5532,#5173,#526,.T.);
#4567=EDGE_CURVE('',#5117,#5542,#527,.T.);
#4568=EDGE_CURVE('',#5533,#5172,#528,.T.);
#4569=EDGE_CURVE('',#5118,#5541,#529,.T.);
#4570=EDGE_CURVE('',#5549,#5171,#530,.T.);
#4571=EDGE_CURVE('',#5119,#5539,#531,.T.);
#4572=EDGE_CURVE('',#5550,#5170,#532,.T.);
#4573=EDGE_CURVE('',#5120,#5538,#533,.T.);
#4574=EDGE_CURVE('',#5551,#5122,#534,.T.);
#4575=EDGE_CURVE('',#5121,#5552,#535,.T.);
#4576=EDGE_CURVE('',#5530,#5479,#536,.T.);
#4577=EDGE_CURVE('',#5480,#5529,#537,.T.);
#4578=EDGE_CURVE('',#5481,#5502,#538,.T.);
#4579=EDGE_CURVE('',#5525,#5478,#539,.T.);
#4580=EDGE_CURVE('',#5482,#5501,#540,.T.);
#4581=EDGE_CURVE('',#5526,#5477,#541,.T.);
#4582=EDGE_CURVE('',#5473,#5506,#542,.T.);
#4583=EDGE_CURVE('',#5535,#5476,#543,.T.);
#4584=EDGE_CURVE('',#5474,#5508,#544,.T.);
#4585=EDGE_CURVE('',#5536,#5475,#545,.T.);
#4586=EDGE_CURVE('',#5168,#5471,#546,.T.);
#4587=EDGE_CURVE('',#5169,#5470,#547,.T.);
#4588=EDGE_CURVE('',#5123,#5469,#548,.T.);
#4589=EDGE_CURVE('',#5468,#5124,#549,.F.);
#4590=EDGE_CURVE('',#5498,#5556,#550,.F.);
#4591=EDGE_CURVE('',#5557,#5556,#6324,.T.);
#4592=EDGE_CURVE('',#5557,#5514,#6325,.T.);
#4593=EDGE_CURVE('',#5516,#5558,#6326,.T.);
#4594=EDGE_CURVE('',#5559,#5558,#6327,.T.);
#4595=EDGE_CURVE('',#5560,#5559,#551,.T.);
#4596=EDGE_CURVE('',#5497,#5560,#6328,.T.);
#4597=EDGE_CURVE('',#5464,#5561,#6329,.T.);
#4598=EDGE_CURVE('',#5562,#5561,#6330,.F.);
#4599=EDGE_CURVE('',#5562,#5563,#6331,.T.);
#4600=EDGE_CURVE('',#5564,#5563,#6332,.T.);
#4601=EDGE_CURVE('',#5565,#5564,#211,.T.);
#4602=EDGE_CURVE('',#5465,#5565,#6333,.T.);
#4603=EDGE_CURVE('',#5485,#5566,#6334,.T.);
#4604=EDGE_CURVE('',#5566,#5567,#212,.F.);
#4605=EDGE_CURVE('',#5567,#5563,#6335,.T.);
#4606=EDGE_CURVE('',#5568,#5562,#6336,.F.);
#4607=EDGE_CURVE('',#5486,#5568,#6337,.T.);
#4608=EDGE_CURVE('',#5556,#5484,#6338,.T.);
#4609=EDGE_CURVE('',#5557,#5487,#6339,.T.);
#4610=EDGE_CURVE('',#5463,#5558,#6340,.T.);
#4611=EDGE_CURVE('',#5559,#5461,#6341,.T.);
#4612=EDGE_CURVE('',#5561,#5495,#6342,.T.);
#4613=EDGE_CURVE('',#5561,#5569,#6343,.F.);
#4614=EDGE_CURVE('',#5493,#5569,#6344,.T.);
#4615=EDGE_CURVE('',#5492,#5568,#6345,.T.);
#4616=EDGE_CURVE('',#5569,#5568,#6346,.F.);
#4617=EDGE_CURVE('',#5562,#5494,#6347,.T.);
#4618=EDGE_CURVE('',#5515,#5569,#6348,.T.);
#4619=EDGE_CURVE('',#5570,#5560,#6349,.T.);
#4620=EDGE_CURVE('',#5571,#5570,#6350,.F.);
#4621=EDGE_CURVE('',#5496,#5571,#6351,.F.);
#4622=EDGE_CURVE('',#5572,#5565,#6352,.T.);
#4623=EDGE_CURVE('',#5462,#5572,#6353,.F.);
#4624=EDGE_CURVE('',#5573,#5483,#6354,.T.);
#4625=EDGE_CURVE('',#5566,#5573,#6355,.T.);
#4626=EDGE_CURVE('',#5574,#5567,#6356,.F.);
#4627=EDGE_CURVE('',#5575,#5574,#6357,.F.);
#4628=EDGE_CURVE('',#5564,#5575,#6358,.F.);
#4629=EDGE_CURVE('',#5572,#5570,#552,.T.);
#4630=EDGE_CURVE('',#5575,#5572,#553,.T.);
#4631=EDGE_CURVE('',#5573,#5574,#554,.F.);
#4632=EDGE_CURVE('',#5571,#5573,#555,.F.);
#4633=EDGE_CURVE('',#5575,#5570,#556,.T.);
#4634=EDGE_CURVE('',#5571,#5574,#557,.F.);
#4635=EDGE_CURVE('',#5459,#5468,#558,.T.);
#4636=EDGE_CURVE('',#5521,#5167,#559,.F.);
#4637=EDGE_CURVE('',#5168,#5520,#560,.T.);
#4638=EDGE_CURVE('',#5471,#5520,#561,.T.);
#4639=EDGE_CURVE('',#5576,#5522,#6359,.T.);
#4640=EDGE_CURVE('',#5577,#5576,#562,.T.);
#4641=EDGE_CURVE('',#5578,#5577,#6360,.T.);
#4642=EDGE_CURVE('',#5579,#5578,#563,.T.);
#4643=EDGE_CURVE('',#5580,#5579,#6361,.T.);
#4644=EDGE_CURVE('',#5580,#5581,#6362,.T.);
#4645=EDGE_CURVE('',#5582,#5581,#6363,.T.);
#4646=EDGE_CURVE('',#5583,#5582,#564,.T.);
#4647=EDGE_CURVE('',#5584,#5583,#6364,.T.);
#4648=EDGE_CURVE('',#5585,#5584,#565,.T.);
#4649=EDGE_CURVE('',#5523,#5585,#6365,.T.);
#4650=EDGE_CURVE('',#5585,#5180,#6366,.T.);
#4651=EDGE_CURVE('',#5576,#5166,#6367,.T.);
#4652=EDGE_CURVE('',#5586,#5162,#566,.T.);
#4653=EDGE_CURVE('',#5586,#5580,#6368,.T.);
#4654=EDGE_CURVE('',#5579,#5163,#6369,.T.);
#4655=EDGE_CURVE('',#5581,#5587,#6370,.T.);
#4656=EDGE_CURVE('',#5184,#5587,#567,.T.);
#4657=EDGE_CURVE('',#5582,#5183,#6371,.T.);
#4658=EDGE_CURVE('',#5578,#5164,#6372,.T.);
#4659=EDGE_CURVE('',#5583,#5182,#6373,.T.);
#4660=EDGE_CURVE('',#5584,#5181,#6374,.T.);
#4661=EDGE_CURVE('',#5577,#5165,#6375,.T.);
#4662=EDGE_CURVE('',#5588,#5586,#6376,.T.);
#4663=EDGE_CURVE('',#5161,#5588,#568,.T.);
#4664=EDGE_CURVE('',#5196,#5589,#6377,.F.);
#4665=EDGE_CURVE('',#5006,#5589,#569,.F.);
#4666=EDGE_CURVE('',#5590,#5591,#570,.T.);
#4667=EDGE_CURVE('',#5592,#5591,#6378,.T.);
#4668=EDGE_CURVE('',#5592,#5593,#6379,.T.);
#4669=EDGE_CURVE('',#5594,#5593,#6380,.T.);
#4670=EDGE_CURVE('',#5590,#5594,#6381,.T.);
#4671=EDGE_CURVE('',#5595,#5596,#6382,.T.);
#4672=EDGE_CURVE('',#5596,#5597,#6383,.T.);
#4673=EDGE_CURVE('',#5598,#5597,#6384,.F.);
#4674=EDGE_CURVE('',#5599,#5598,#6385,.F.);
#4675=EDGE_CURVE('',#5600,#5599,#571,.F.);
#4676=EDGE_CURVE('',#5601,#5600,#6386,.F.);
#4677=EDGE_CURVE('',#5595,#5601,#6387,.F.);
#4678=EDGE_CURVE('',#5602,#5603,#6388,.T.);
#4679=EDGE_CURVE('',#5604,#5602,#572,.T.);
#4680=EDGE_CURVE('',#5605,#5604,#6389,.T.);
#4681=EDGE_CURVE('',#5606,#5605,#573,.T.);
#4682=EDGE_CURVE('',#5607,#5606,#6390,.T.);
#4683=EDGE_CURVE('',#5608,#5607,#574,.T.);
#4684=EDGE_CURVE('',#5609,#5608,#6391,.F.);
#4685=EDGE_CURVE('',#5610,#5609,#575,.T.);
#4686=EDGE_CURVE('',#5611,#5610,#6392,.T.);
#4687=EDGE_CURVE('',#5603,#5611,#576,.T.);
#4688=EDGE_CURVE('',#5612,#5613,#577,.T.);
#4689=EDGE_CURVE('',#5614,#5613,#6393,.T.);
#4690=EDGE_CURVE('',#5615,#5614,#6394,.T.);
#4691=EDGE_CURVE('',#5615,#5616,#6395,.T.);
#4692=EDGE_CURVE('',#5616,#5612,#6396,.T.);
#4693=EDGE_CURVE('',#5617,#5618,#6397,.T.);
#4694=EDGE_CURVE('',#5619,#5617,#6398,.T.);
#4695=EDGE_CURVE('',#5620,#5619,#6399,.T.);
#4696=EDGE_CURVE('',#5618,#5620,#6400,.T.);
#4697=EDGE_CURVE('',#5621,#5622,#6401,.F.);
#4698=EDGE_CURVE('',#5622,#5623,#6402,.F.);
#4699=EDGE_CURVE('',#5623,#5624,#6403,.F.);
#4700=EDGE_CURVE('',#5624,#5621,#6404,.F.);
#4701=EDGE_CURVE('',#5625,#5626,#6405,.T.);
#4702=EDGE_CURVE('',#5627,#5626,#6406,.T.);
#4703=EDGE_CURVE('',#5628,#5627,#6407,.T.);
#4704=EDGE_CURVE('',#5625,#5628,#578,.F.);
#4705=EDGE_CURVE('',#4995,#5159,#579,.F.);
#4706=EDGE_CURVE('',#5160,#4994,#580,.T.);
#4707=EDGE_CURVE('',#5629,#5630,#6408,.T.);
#4708=EDGE_CURVE('',#5631,#5629,#6409,.T.);
#4709=EDGE_CURVE('',#5632,#5631,#135,.F.);
#4710=EDGE_CURVE('',#5633,#5632,#6410,.F.);
#4711=EDGE_CURVE('',#5630,#5633,#6411,.F.);
#4712=EDGE_CURVE('',#5634,#5635,#6412,.T.);
#4713=EDGE_CURVE('',#5629,#5634,#581,.T.);
#4714=EDGE_CURVE('',#5635,#5630,#582,.F.);
#4715=EDGE_CURVE('',#5636,#5637,#6413,.T.);
#4716=EDGE_CURVE('',#5638,#5636,#136,.F.);
#4717=EDGE_CURVE('',#5634,#5638,#6414,.T.);
#4718=EDGE_CURVE('',#5637,#5635,#6415,.F.);
#4719=EDGE_CURVE('',#5587,#5193,#6416,.T.);
#4720=EDGE_CURVE('',#5639,#5588,#6417,.T.);
#4721=EDGE_CURVE('',#5639,#5640,#6418,.T.);
#4722=EDGE_CURVE('',#5641,#5640,#6419,.T.);
#4723=EDGE_CURVE('',#5194,#5641,#6420,.F.);
#4724=EDGE_CURVE('',#5642,#5195,#6421,.T.);
#4725=EDGE_CURVE('',#5643,#5642,#6422,.T.);
#4726=EDGE_CURVE('',#5643,#5644,#6423,.T.);
#4727=EDGE_CURVE('',#5645,#5644,#6424,.T.);
#4728=EDGE_CURVE('',#5646,#5645,#6425,.F.);
#4729=EDGE_CURVE('',#5646,#5108,#6426,.T.);
#4730=EDGE_CURVE('',#5107,#5589,#6427,.T.);
#4731=EDGE_CURVE('',#5153,#5647,#213,.F.);
#4732=EDGE_CURVE('',#5647,#5001,#214,.F.);
#4733=EDGE_CURVE('',#5154,#5000,#583,.T.);
#4734=EDGE_CURVE('',#5647,#5619,#6428,.T.);
#4735=EDGE_CURVE('',#5617,#5321,#6429,.F.);
#4736=EDGE_CURVE('',#5326,#5620,#6430,.F.);
#4737=EDGE_CURVE('',#5618,#5327,#6431,.F.);
#4738=EDGE_CURVE('',#5596,#5627,#6432,.T.);
#4739=EDGE_CURVE('',#5626,#5648,#6433,.T.);
#4740=EDGE_CURVE('',#5648,#5640,#6434,.T.);
#4741=EDGE_CURVE('',#5597,#5639,#584,.T.);
#4742=EDGE_CURVE('',#5643,#5649,#6435,.T.);
#4743=EDGE_CURVE('',#5649,#5628,#6436,.T.);
#4744=EDGE_CURVE('',#5644,#5595,#585,.T.);
#4745=EDGE_CURVE('',#5650,#5648,#6437,.T.);
#4746=EDGE_CURVE('',#5649,#5650,#6438,.T.);
#4747=EDGE_CURVE('',#5641,#5642,#586,.F.);
#4748=EDGE_CURVE('',#5651,#5652,#6439,.T.);
#4749=EDGE_CURVE('',#5653,#5651,#6440,.F.);
#4750=EDGE_CURVE('',#5654,#5653,#6441,.F.);
#4751=EDGE_CURVE('',#5652,#5654,#6442,.T.);
#4752=EDGE_CURVE('',#5655,#5656,#6443,.T.);
#4753=EDGE_CURVE('',#5657,#5655,#6444,.T.);
#4754=EDGE_CURVE('',#5658,#5657,#6445,.T.);
#4755=EDGE_CURVE('',#5659,#5658,#6446,.T.);
#4756=EDGE_CURVE('',#5660,#5659,#6447,.F.);
#4757=EDGE_CURVE('',#5656,#5660,#6448,.F.);
#4758=EDGE_CURVE('',#5661,#5662,#6449,.T.);
#4759=EDGE_CURVE('',#5663,#5661,#6450,.T.);
#4760=EDGE_CURVE('',#5664,#5663,#6451,.T.);
#4761=EDGE_CURVE('',#5665,#5664,#6452,.T.);
#4762=EDGE_CURVE('',#5666,#5665,#6453,.F.);
#4763=EDGE_CURVE('',#5662,#5666,#6454,.F.);
#4764=EDGE_CURVE('',#5667,#5668,#6455,.F.);
#4765=EDGE_CURVE('',#5669,#5667,#6456,.T.);
#4766=EDGE_CURVE('',#5670,#5669,#6457,.F.);
#4767=EDGE_CURVE('',#5671,#5670,#6458,.F.);
#4768=EDGE_CURVE('',#5672,#5671,#587,.F.);
#4769=EDGE_CURVE('',#5668,#5672,#6459,.F.);
#4770=EDGE_CURVE('',#5673,#5674,#588,.F.);
#4771=EDGE_CURVE('',#5675,#5673,#6460,.F.);
#4772=EDGE_CURVE('',#5676,#5675,#6461,.F.);
#4773=EDGE_CURVE('',#5677,#5676,#6462,.T.);
#4774=EDGE_CURVE('',#5678,#5677,#589,.T.);
#4775=EDGE_CURVE('',#5679,#5678,#6463,.T.);
#4776=EDGE_CURVE('',#5680,#5679,#6464,.F.);
#4777=EDGE_CURVE('',#5674,#5680,#6465,.F.);
#4778=EDGE_CURVE('',#5659,#5651,#590,.T.);
#4779=EDGE_CURVE('',#5660,#5652,#591,.F.);
#4780=EDGE_CURVE('',#5669,#5659,#592,.T.);
#4781=EDGE_CURVE('',#5670,#5658,#215,.T.);
#4782=EDGE_CURVE('',#5661,#5667,#593,.T.);
#4783=EDGE_CURVE('',#5663,#5668,#216,.T.);
#4784=EDGE_CURVE('',#5653,#5661,#594,.T.);
#4785=EDGE_CURVE('',#5654,#5662,#595,.F.);
#4786=EDGE_CURVE('',#5669,#5651,#596,.F.);
#4787=EDGE_CURVE('',#5653,#5667,#597,.F.);
#4788=EDGE_CURVE('',#5655,#5632,#137,.F.);
#4789=EDGE_CURVE('',#5633,#5656,#598,.F.);
#4790=EDGE_CURVE('',#5680,#5681,#138,.F.);
#4791=EDGE_CURVE('',#5657,#5679,#217,.T.);
#4792=EDGE_CURVE('',#5681,#5655,#139,.F.);
#4793=EDGE_CURVE('',#5636,#5665,#140,.F.);
#4794=EDGE_CURVE('',#5666,#5637,#599,.F.);
#4795=EDGE_CURVE('',#5676,#5664,#218,.T.);
#4796=EDGE_CURVE('',#5682,#5675,#141,.F.);
#4797=EDGE_CURVE('',#5665,#5682,#142,.F.);
#4798=EDGE_CURVE('',#5682,#5636,#143,.T.);
#4799=EDGE_CURVE('',#5675,#5638,#144,.F.);
#4800=EDGE_CURVE('',#5673,#5634,#600,.T.);
#4801=EDGE_CURVE('',#5674,#5629,#601,.T.);
#4802=EDGE_CURVE('',#5680,#5631,#145,.T.);
#4803=EDGE_CURVE('',#5681,#5632,#146,.F.);
#4804=EDGE_CURVE('',#5154,#5671,#602,.T.);
#4805=EDGE_CURVE('',#5670,#5155,#603,.T.);
#4806=EDGE_CURVE('',#5658,#5156,#604,.T.);
#4807=EDGE_CURVE('',#5000,#5672,#605,.T.);
#4808=EDGE_CURVE('',#5657,#5157,#606,.T.);
#4809=EDGE_CURVE('',#4999,#5668,#607,.T.);
#4810=EDGE_CURVE('',#5679,#5158,#608,.T.);
#4811=EDGE_CURVE('',#4998,#5663,#609,.T.);
#4812=EDGE_CURVE('',#5678,#5159,#610,.T.);
#4813=EDGE_CURVE('',#4997,#5664,#611,.T.);
#4814=EDGE_CURVE('',#5677,#4995,#612,.T.);
#4815=EDGE_CURVE('',#4996,#5676,#613,.T.);
#4816=EDGE_CURVE('',#5660,#5607,#614,.T.);
#4817=EDGE_CURVE('',#5606,#5656,#615,.T.);
#4818=EDGE_CURVE('',#5605,#5633,#616,.T.);
#4819=EDGE_CURVE('',#5652,#5608,#617,.T.);
#4820=EDGE_CURVE('',#5604,#5630,#618,.T.);
#4821=EDGE_CURVE('',#5654,#5609,#619,.T.);
#4822=EDGE_CURVE('',#5602,#5635,#620,.T.);
#4823=EDGE_CURVE('',#5662,#5610,#621,.T.);
#4824=EDGE_CURVE('',#5603,#5637,#622,.T.);
#4825=EDGE_CURVE('',#5666,#5611,#623,.T.);
#4826=EDGE_CURVE('',#5160,#5599,#624,.T.);
#4827=EDGE_CURVE('',#5161,#5598,#625,.T.);
#4828=EDGE_CURVE('',#4994,#5600,#626,.T.);
#4829=EDGE_CURVE('',#5601,#4993,#627,.F.);
#4830=EDGE_CURVE('',#5683,#5649,#6466,.T.);
#4831=EDGE_CURVE('',#5683,#5684,#6467,.T.);
#4832=EDGE_CURVE('',#5628,#5684,#628,.F.);
#4833=EDGE_CURVE('',#5626,#5685,#6468,.T.);
#4834=EDGE_CURVE('',#5685,#5686,#629,.T.);
#4835=EDGE_CURVE('',#5686,#5687,#6469,.T.);
#4836=EDGE_CURVE('',#5648,#5687,#6470,.T.);
#4837=EDGE_CURVE('',#5592,#5688,#6471,.T.);
#4838=EDGE_CURVE('',#5688,#5689,#219,.T.);
#4839=EDGE_CURVE('',#5689,#5690,#6472,.T.);
#4840=EDGE_CURVE('',#5691,#5690,#6473,.T.);
#4841=EDGE_CURVE('',#5691,#5692,#6474,.F.);
#4842=EDGE_CURVE('',#5593,#5692,#6475,.T.);
#4843=EDGE_CURVE('',#5616,#5693,#6476,.T.);
#4844=EDGE_CURVE('',#5615,#5694,#6477,.T.);
#4845=EDGE_CURVE('',#5694,#5691,#6478,.F.);
#4846=EDGE_CURVE('',#5695,#5690,#6479,.T.);
#4847=EDGE_CURVE('',#5693,#5695,#220,.F.);
#4848=EDGE_CURVE('',#5692,#5696,#6480,.F.);
#4849=EDGE_CURVE('',#5650,#5696,#6481,.T.);
#4850=EDGE_CURVE('',#5594,#5687,#6482,.T.);
#4851=EDGE_CURVE('',#5683,#5614,#6483,.T.);
#4852=EDGE_CURVE('',#5696,#5694,#6484,.F.);
#4853=EDGE_CURVE('',#5691,#5624,#6485,.T.);
#4854=EDGE_CURVE('',#5621,#5694,#6486,.T.);
#4855=EDGE_CURVE('',#5692,#5623,#6487,.T.);
#4856=EDGE_CURVE('',#5622,#5696,#6488,.T.);
#4857=EDGE_CURVE('',#5686,#5590,#6489,.T.);
#4858=EDGE_CURVE('',#5684,#5613,#6490,.T.);
#4859=EDGE_CURVE('',#5625,#5697,#6491,.F.);
#4860=EDGE_CURVE('',#5697,#5698,#6492,.F.);
#4861=EDGE_CURVE('',#5698,#5685,#6493,.T.);
#4862=EDGE_CURVE('',#5591,#5699,#6494,.F.);
#4863=EDGE_CURVE('',#5699,#5688,#6495,.T.);
#4864=EDGE_CURVE('',#5693,#5700,#6496,.T.);
#4865=EDGE_CURVE('',#5700,#5612,#6497,.T.);
#4866=EDGE_CURVE('',#5701,#5695,#6498,.F.);
#4867=EDGE_CURVE('',#5689,#5702,#6499,.F.);
#4868=EDGE_CURVE('',#5702,#5701,#6500,.F.);
#4869=EDGE_CURVE('',#5699,#5698,#630,.T.);
#4870=EDGE_CURVE('',#5702,#5699,#631,.T.);
#4871=EDGE_CURVE('',#5700,#5701,#632,.F.);
#4872=EDGE_CURVE('',#5697,#5700,#633,.F.);
#4873=EDGE_CURVE('',#5702,#5698,#634,.T.);
#4874=EDGE_CURVE('',#5697,#5701,#635,.F.);
#4875=EDGE_CURVE('',#5646,#4992,#636,.F.);
#4876=EDGE_CURVE('',#5645,#4993,#637,.T.);
#4877=EDGE_CURVE('',#5645,#5601,#638,.T.);
#4878=EDGE_CURVE('',#5598,#5588,#639,.T.);
#4879=EDGE_CURVE('',#5106,#5007,#6501,.T.);
#4880=EDGE_CURVE('',#5109,#4991,#6502,.T.);
#4881=EDGE_CURVE('',#5111,#4989,#6503,.T.);
#4882=EDGE_CURVE('',#5104,#5009,#6504,.T.);
#4883=EDGE_CURVE('',#5105,#5008,#6505,.T.);
#4884=EDGE_CURVE('',#5110,#4990,#6506,.T.);
#4885=VERTEX_POINT('',#12860);
#4886=VERTEX_POINT('',#12861);
#4887=VERTEX_POINT('',#12863);
#4888=VERTEX_POINT('',#12865);
#4889=VERTEX_POINT('',#12869);
#4890=VERTEX_POINT('',#12870);
#4891=VERTEX_POINT('',#12872);
#4892=VERTEX_POINT('',#12874);
#4893=VERTEX_POINT('',#12878);
#4894=VERTEX_POINT('',#12879);
#4895=VERTEX_POINT('',#12882);
#4896=VERTEX_POINT('',#12886);
#4897=VERTEX_POINT('',#12887);
#4898=VERTEX_POINT('',#12889);
#4899=VERTEX_POINT('',#12891);
#4900=VERTEX_POINT('',#12895);
#4901=VERTEX_POINT('',#12897);
#4902=VERTEX_POINT('',#12899);
#4903=VERTEX_POINT('',#12903);
#4904=VERTEX_POINT('',#12904);
#4905=VERTEX_POINT('',#12906);
#4906=VERTEX_POINT('',#12908);
#4907=VERTEX_POINT('',#12913);
#4908=VERTEX_POINT('',#12917);
#4909=VERTEX_POINT('',#12918);
#4910=VERTEX_POINT('',#12920);
#4911=VERTEX_POINT('',#12922);
#4912=VERTEX_POINT('',#12924);
#4913=VERTEX_POINT('',#12927);
#4914=VERTEX_POINT('',#12928);
#4915=VERTEX_POINT('',#12930);
#4916=VERTEX_POINT('',#12932);
#4917=VERTEX_POINT('',#12934);
#4918=VERTEX_POINT('',#12936);
#4919=VERTEX_POINT('',#12938);
#4920=VERTEX_POINT('',#12941);
#4921=VERTEX_POINT('',#12942);
#4922=VERTEX_POINT('',#12944);
#4923=VERTEX_POINT('',#12946);
#4924=VERTEX_POINT('',#12948);
#4925=VERTEX_POINT('',#12950);
#4926=VERTEX_POINT('',#12952);
#4927=VERTEX_POINT('',#12954);
#4928=VERTEX_POINT('',#12956);
#4929=VERTEX_POINT('',#12958);
#4930=VERTEX_POINT('',#12961);
#4931=VERTEX_POINT('',#12962);
#4932=VERTEX_POINT('',#12964);
#4933=VERTEX_POINT('',#12966);
#4934=VERTEX_POINT('',#12968);
#4935=VERTEX_POINT('',#12972);
#4936=VERTEX_POINT('',#12973);
#4937=VERTEX_POINT('',#12975);
#4938=VERTEX_POINT('',#12977);
#4939=VERTEX_POINT('',#12980);
#4940=VERTEX_POINT('',#12981);
#4941=VERTEX_POINT('',#12983);
#4942=VERTEX_POINT('',#12985);
#4943=VERTEX_POINT('',#12989);
#4944=VERTEX_POINT('',#12990);
#4945=VERTEX_POINT('',#12992);
#4946=VERTEX_POINT('',#12994);
#4947=VERTEX_POINT('',#12998);
#4948=VERTEX_POINT('',#13000);
#4949=VERTEX_POINT('',#13002);
#4950=VERTEX_POINT('',#13004);
#4951=VERTEX_POINT('',#13006);
#4952=VERTEX_POINT('',#13008);
#4953=VERTEX_POINT('',#13010);
#4954=VERTEX_POINT('',#13012);
#4955=VERTEX_POINT('',#13014);
#4956=VERTEX_POINT('',#13016);
#4957=VERTEX_POINT('',#13018);
#4958=VERTEX_POINT('',#13020);
#4959=VERTEX_POINT('',#13022);
#4960=VERTEX_POINT('',#13024);
#4961=VERTEX_POINT('',#13026);
#4962=VERTEX_POINT('',#13028);
#4963=VERTEX_POINT('',#13030);
#4964=VERTEX_POINT('',#13032);
#4965=VERTEX_POINT('',#13034);
#4966=VERTEX_POINT('',#13036);
#4967=VERTEX_POINT('',#13038);
#4968=VERTEX_POINT('',#13040);
#4969=VERTEX_POINT('',#13042);
#4970=VERTEX_POINT('',#13044);
#4971=VERTEX_POINT('',#13046);
#4972=VERTEX_POINT('',#13048);
#4973=VERTEX_POINT('',#13051);
#4974=VERTEX_POINT('',#13053);
#4975=VERTEX_POINT('',#13055);
#4976=VERTEX_POINT('',#13057);
#4977=VERTEX_POINT('',#13059);
#4978=VERTEX_POINT('',#13061);
#4979=VERTEX_POINT('',#13065);
#4980=VERTEX_POINT('',#13067);
#4981=VERTEX_POINT('',#13069);
#4982=VERTEX_POINT('',#13071);
#4983=VERTEX_POINT('',#13073);
#4984=VERTEX_POINT('',#13075);
#4985=VERTEX_POINT('',#13077);
#4986=VERTEX_POINT('',#13079);
#4987=VERTEX_POINT('',#13081);
#4988=VERTEX_POINT('',#13084);
#4989=VERTEX_POINT('',#13086);
#4990=VERTEX_POINT('',#13088);
#4991=VERTEX_POINT('',#13090);
#4992=VERTEX_POINT('',#13092);
#4993=VERTEX_POINT('',#13094);
#4994=VERTEX_POINT('',#13096);
#4995=VERTEX_POINT('',#13098);
#4996=VERTEX_POINT('',#13100);
#4997=VERTEX_POINT('',#13102);
#4998=VERTEX_POINT('',#13104);
#4999=VERTEX_POINT('',#13106);
#5000=VERTEX_POINT('',#13108);
#5001=VERTEX_POINT('',#13110);
#5002=VERTEX_POINT('',#13112);
#5003=VERTEX_POINT('',#13115);
#5004=VERTEX_POINT('',#13116);
#5005=VERTEX_POINT('',#13118);
#5006=VERTEX_POINT('',#13120);
#5007=VERTEX_POINT('',#13122);
#5008=VERTEX_POINT('',#13124);
#5009=VERTEX_POINT('',#13126);
#5010=VERTEX_POINT('',#13128);
#5011=VERTEX_POINT('',#13135);
#5012=VERTEX_POINT('',#13136);
#5013=VERTEX_POINT('',#13138);
#5014=VERTEX_POINT('',#13140);
#5015=VERTEX_POINT('',#13145);
#5016=VERTEX_POINT('',#13149);
#5017=VERTEX_POINT('',#13150);
#5018=VERTEX_POINT('',#13155);
#5019=VERTEX_POINT('',#13156);
#5020=VERTEX_POINT('',#13159);
#5021=VERTEX_POINT('',#13166);
#5022=VERTEX_POINT('',#13168);
#5023=VERTEX_POINT('',#13170);
#5024=VERTEX_POINT('',#13172);
#5025=VERTEX_POINT('',#13174);
#5026=VERTEX_POINT('',#13176);
#5027=VERTEX_POINT('',#13178);
#5028=VERTEX_POINT('',#13180);
#5029=VERTEX_POINT('',#13184);
#5030=VERTEX_POINT('',#13185);
#5031=VERTEX_POINT('',#13187);
#5032=VERTEX_POINT('',#13189);
#5033=VERTEX_POINT('',#13191);
#5034=VERTEX_POINT('',#13193);
#5035=VERTEX_POINT('',#13196);
#5036=VERTEX_POINT('',#13198);
#5037=VERTEX_POINT('',#13203);
#5038=VERTEX_POINT('',#13216);
#5039=VERTEX_POINT('',#13222);
#5040=VERTEX_POINT('',#13227);
#5041=VERTEX_POINT('',#13231);
#5042=VERTEX_POINT('',#13232);
#5043=VERTEX_POINT('',#13234);
#5044=VERTEX_POINT('',#13236);
#5045=VERTEX_POINT('',#13240);
#5046=VERTEX_POINT('',#13241);
#5047=VERTEX_POINT('',#13243);
#5048=VERTEX_POINT('',#13245);
#5049=VERTEX_POINT('',#13247);
#5050=VERTEX_POINT('',#13249);
#5051=VERTEX_POINT('',#13253);
#5052=VERTEX_POINT('',#13254);
#5053=VERTEX_POINT('',#13256);
#5054=VERTEX_POINT('',#13258);
#5055=VERTEX_POINT('',#13260);
#5056=VERTEX_POINT('',#13262);
#5057=VERTEX_POINT('',#13266);
#5058=VERTEX_POINT('',#13267);
#5059=VERTEX_POINT('',#13269);
#5060=VERTEX_POINT('',#13271);
#5061=VERTEX_POINT('',#13273);
#5062=VERTEX_POINT('',#13275);
#5063=VERTEX_POINT('',#13279);
#5064=VERTEX_POINT('',#13280);
#5065=VERTEX_POINT('',#13282);
#5066=VERTEX_POINT('',#13284);
#5067=VERTEX_POINT('',#13286);
#5068=VERTEX_POINT('',#13288);
#5069=VERTEX_POINT('',#13290);
#5070=VERTEX_POINT('',#13292);
#5071=VERTEX_POINT('',#13322);
#5072=VERTEX_POINT('',#13339);
#5073=VERTEX_POINT('',#13479);
#5074=VERTEX_POINT('',#13481);
#5075=VERTEX_POINT('',#13485);
#5076=VERTEX_POINT('',#13487);
#5077=VERTEX_POINT('',#13489);
#5078=VERTEX_POINT('',#13493);
#5079=VERTEX_POINT('',#13495);
#5080=VERTEX_POINT('',#13497);
#5081=VERTEX_POINT('',#13499);
#5082=VERTEX_POINT('',#13501);
#5083=VERTEX_POINT('',#13505);
#5084=VERTEX_POINT('',#13507);
#5085=VERTEX_POINT('',#13510);
#5086=VERTEX_POINT('',#13515);
#5087=VERTEX_POINT('',#13534);
#5088=VERTEX_POINT('',#13536);
#5089=VERTEX_POINT('',#13540);
#5090=VERTEX_POINT('',#13544);
#5091=VERTEX_POINT('',#13548);
#5092=VERTEX_POINT('',#13550);
#5093=VERTEX_POINT('',#13581);
#5094=VERTEX_POINT('',#13583);
#5095=VERTEX_POINT('',#13585);
#5096=VERTEX_POINT('',#13587);
#5097=VERTEX_POINT('',#13589);
#5098=VERTEX_POINT('',#13591);
#5099=VERTEX_POINT('',#13593);
#5100=VERTEX_POINT('',#13595);
#5101=VERTEX_POINT('',#13597);
#5102=VERTEX_POINT('',#13599);
#5103=VERTEX_POINT('',#13603);
#5104=VERTEX_POINT('',#13605);
#5105=VERTEX_POINT('',#13607);
#5106=VERTEX_POINT('',#13609);
#5107=VERTEX_POINT('',#13611);
#5108=VERTEX_POINT('',#13613);
#5109=VERTEX_POINT('',#13615);
#5110=VERTEX_POINT('',#13617);
#5111=VERTEX_POINT('',#13619);
#5112=VERTEX_POINT('',#13621);
#5113=VERTEX_POINT('',#13633);
#5114=VERTEX_POINT('',#13634);
#5115=VERTEX_POINT('',#13636);
#5116=VERTEX_POINT('',#13638);
#5117=VERTEX_POINT('',#13640);
#5118=VERTEX_POINT('',#13642);
#5119=VERTEX_POINT('',#13644);
#5120=VERTEX_POINT('',#13646);
#5121=VERTEX_POINT('',#13648);
#5122=VERTEX_POINT('',#13650);
#5123=VERTEX_POINT('',#13652);
#5124=VERTEX_POINT('',#13654);
#5125=VERTEX_POINT('',#13656);
#5126=VERTEX_POINT('',#13658);
#5127=VERTEX_POINT('',#13660);
#5128=VERTEX_POINT('',#13662);
#5129=VERTEX_POINT('',#13664);
#5130=VERTEX_POINT('',#13666);
#5131=VERTEX_POINT('',#13668);
#5132=VERTEX_POINT('',#13670);
#5133=VERTEX_POINT('',#13672);
#5134=VERTEX_POINT('',#13674);
#5135=VERTEX_POINT('',#13676);
#5136=VERTEX_POINT('',#13678);
#5137=VERTEX_POINT('',#13680);
#5138=VERTEX_POINT('',#13682);
#5139=VERTEX_POINT('',#13684);
#5140=VERTEX_POINT('',#13686);
#5141=VERTEX_POINT('',#13689);
#5142=VERTEX_POINT('',#13690);
#5143=VERTEX_POINT('',#13692);
#5144=VERTEX_POINT('',#13694);
#5145=VERTEX_POINT('',#13696);
#5146=VERTEX_POINT('',#13698);
#5147=VERTEX_POINT('',#13700);
#5148=VERTEX_POINT('',#13702);
#5149=VERTEX_POINT('',#13706);
#5150=VERTEX_POINT('',#13707);
#5151=VERTEX_POINT('',#13709);
#5152=VERTEX_POINT('',#13711);
#5153=VERTEX_POINT('',#13713);
#5154=VERTEX_POINT('',#13715);
#5155=VERTEX_POINT('',#13717);
#5156=VERTEX_POINT('',#13719);
#5157=VERTEX_POINT('',#13721);
#5158=VERTEX_POINT('',#13723);
#5159=VERTEX_POINT('',#13725);
#5160=VERTEX_POINT('',#13727);
#5161=VERTEX_POINT('',#13729);
#5162=VERTEX_POINT('',#13731);
#5163=VERTEX_POINT('',#13733);
#5164=VERTEX_POINT('',#13735);
#5165=VERTEX_POINT('',#13737);
#5166=VERTEX_POINT('',#13739);
#5167=VERTEX_POINT('',#13741);
#5168=VERTEX_POINT('',#13743);
#5169=VERTEX_POINT('',#13745);
#5170=VERTEX_POINT('',#13747);
#5171=VERTEX_POINT('',#13749);
#5172=VERTEX_POINT('',#13751);
#5173=VERTEX_POINT('',#13753);
#5174=VERTEX_POINT('',#13755);
#5175=VERTEX_POINT('',#13757);
#5176=VERTEX_POINT('',#13759);
#5177=VERTEX_POINT('',#13762);
#5178=VERTEX_POINT('',#13763);
#5179=VERTEX_POINT('',#13765);
#5180=VERTEX_POINT('',#13767);
#5181=VERTEX_POINT('',#13769);
#5182=VERTEX_POINT('',#13771);
#5183=VERTEX_POINT('',#13773);
#5184=VERTEX_POINT('',#13775);
#5185=VERTEX_POINT('',#13779);
#5186=VERTEX_POINT('',#13781);
#5187=VERTEX_POINT('',#13783);
#5188=VERTEX_POINT('',#13785);
#5189=VERTEX_POINT('',#13788);
#5190=VERTEX_POINT('',#13790);
#5191=VERTEX_POINT('',#13792);
#5192=VERTEX_POINT('',#13794);
#5193=VERTEX_POINT('',#13797);
#5194=VERTEX_POINT('',#13799);
#5195=VERTEX_POINT('',#13801);
#5196=VERTEX_POINT('',#13803);
#5197=VERTEX_POINT('',#13806);
#5198=VERTEX_POINT('',#13807);
#5199=VERTEX_POINT('',#13809);
#5200=VERTEX_POINT('',#13811);
#5201=VERTEX_POINT('',#13813);
#5202=VERTEX_POINT('',#13815);
#5203=VERTEX_POINT('',#13817);
#5204=VERTEX_POINT('',#13819);
#5205=VERTEX_POINT('',#13821);
#5206=VERTEX_POINT('',#13823);
#5207=VERTEX_POINT('',#13825);
#5208=VERTEX_POINT('',#13827);
#5209=VERTEX_POINT('',#13830);
#5210=VERTEX_POINT('',#13831);
#5211=VERTEX_POINT('',#13833);
#5212=VERTEX_POINT('',#13835);
#5213=VERTEX_POINT('',#13837);
#5214=VERTEX_POINT('',#13839);
#5215=VERTEX_POINT('',#13841);
#5216=VERTEX_POINT('',#13843);
#5217=VERTEX_POINT('',#13845);
#5218=VERTEX_POINT('',#13847);
#5219=VERTEX_POINT('',#13849);
#5220=VERTEX_POINT('',#13851);
#5221=VERTEX_POINT('',#13854);
#5222=VERTEX_POINT('',#13855);
#5223=VERTEX_POINT('',#13857);
#5224=VERTEX_POINT('',#13859);
#5225=VERTEX_POINT('',#13861);
#5226=VERTEX_POINT('',#13863);
#5227=VERTEX_POINT('',#13865);
#5228=VERTEX_POINT('',#13867);
#5229=VERTEX_POINT('',#13869);
#5230=VERTEX_POINT('',#13871);
#5231=VERTEX_POINT('',#13873);
#5232=VERTEX_POINT('',#13875);
#5233=VERTEX_POINT('',#13878);
#5234=VERTEX_POINT('',#13879);
#5235=VERTEX_POINT('',#13881);
#5236=VERTEX_POINT('',#13883);
#5237=VERTEX_POINT('',#13885);
#5238=VERTEX_POINT('',#13887);
#5239=VERTEX_POINT('',#13889);
#5240=VERTEX_POINT('',#13891);
#5241=VERTEX_POINT('',#13893);
#5242=VERTEX_POINT('',#13895);
#5243=VERTEX_POINT('',#13897);
#5244=VERTEX_POINT('',#13899);
#5245=VERTEX_POINT('',#13902);
#5246=VERTEX_POINT('',#13905);
#5247=VERTEX_POINT('',#13907);
#5248=VERTEX_POINT('',#13909);
#5249=VERTEX_POINT('',#13911);
#5250=VERTEX_POINT('',#13914);
#5251=VERTEX_POINT('',#13916);
#5252=VERTEX_POINT('',#13918);
#5253=VERTEX_POINT('',#13920);
#5254=VERTEX_POINT('',#13923);
#5255=VERTEX_POINT('',#13925);
#5256=VERTEX_POINT('',#13927);
#5257=VERTEX_POINT('',#13929);
#5258=VERTEX_POINT('',#13932);
#5259=VERTEX_POINT('',#13933);
#5260=VERTEX_POINT('',#13935);
#5261=VERTEX_POINT('',#13937);
#5262=VERTEX_POINT('',#13939);
#5263=VERTEX_POINT('',#13941);
#5264=VERTEX_POINT('',#13943);
#5265=VERTEX_POINT('',#13945);
#5266=VERTEX_POINT('',#13947);
#5267=VERTEX_POINT('',#13949);
#5268=VERTEX_POINT('',#13951);
#5269=VERTEX_POINT('',#13953);
#5270=VERTEX_POINT('',#13956);
#5271=VERTEX_POINT('',#13957);
#5272=VERTEX_POINT('',#13959);
#5273=VERTEX_POINT('',#13961);
#5274=VERTEX_POINT('',#13963);
#5275=VERTEX_POINT('',#13965);
#5276=VERTEX_POINT('',#13967);
#5277=VERTEX_POINT('',#13969);
#5278=VERTEX_POINT('',#13971);
#5279=VERTEX_POINT('',#13973);
#5280=VERTEX_POINT('',#13975);
#5281=VERTEX_POINT('',#13977);
#5282=VERTEX_POINT('',#13980);
#5283=VERTEX_POINT('',#13981);
#5284=VERTEX_POINT('',#13983);
#5285=VERTEX_POINT('',#13985);
#5286=VERTEX_POINT('',#13987);
#5287=VERTEX_POINT('',#13989);
#5288=VERTEX_POINT('',#13991);
#5289=VERTEX_POINT('',#13993);
#5290=VERTEX_POINT('',#13995);
#5291=VERTEX_POINT('',#13997);
#5292=VERTEX_POINT('',#13999);
#5293=VERTEX_POINT('',#14001);
#5294=VERTEX_POINT('',#14004);
#5295=VERTEX_POINT('',#14005);
#5296=VERTEX_POINT('',#14007);
#5297=VERTEX_POINT('',#14009);
#5298=VERTEX_POINT('',#14011);
#5299=VERTEX_POINT('',#14013);
#5300=VERTEX_POINT('',#14015);
#5301=VERTEX_POINT('',#14017);
#5302=VERTEX_POINT('',#14019);
#5303=VERTEX_POINT('',#14021);
#5304=VERTEX_POINT('',#14023);
#5305=VERTEX_POINT('',#14025);
#5306=VERTEX_POINT('',#14028);
#5307=VERTEX_POINT('',#14128);
#5308=VERTEX_POINT('',#14130);
#5309=VERTEX_POINT('',#14134);
#5310=VERTEX_POINT('',#14136);
#5311=VERTEX_POINT('',#14140);
#5312=VERTEX_POINT('',#14144);
#5313=VERTEX_POINT('',#14148);
#5314=VERTEX_POINT('',#14152);
#5315=VERTEX_POINT('',#14154);
#5316=VERTEX_POINT('',#14158);
#5317=VERTEX_POINT('',#14162);
#5318=VERTEX_POINT('',#14164);
#5319=VERTEX_POINT('',#14168);
#5320=VERTEX_POINT('',#14172);
#5321=VERTEX_POINT('',#14176);
#5322=VERTEX_POINT('',#14178);
#5323=VERTEX_POINT('',#14182);
#5324=VERTEX_POINT('',#14184);
#5325=VERTEX_POINT('',#14188);
#5326=VERTEX_POINT('',#14192);
#5327=VERTEX_POINT('',#14196);
#5328=VERTEX_POINT('',#14200);
#5329=VERTEX_POINT('',#14205);
#5330=VERTEX_POINT('',#14220);
#5331=VERTEX_POINT('',#14224);
#5332=VERTEX_POINT('',#14228);
#5333=VERTEX_POINT('',#14229);
#5334=VERTEX_POINT('',#14231);
#5335=VERTEX_POINT('',#14233);
#5336=VERTEX_POINT('',#14235);
#5337=VERTEX_POINT('',#14238);
#5338=VERTEX_POINT('',#14239);
#5339=VERTEX_POINT('',#14241);
#5340=VERTEX_POINT('',#14243);
#5341=VERTEX_POINT('',#14245);
#5342=VERTEX_POINT('',#14247);
#5343=VERTEX_POINT('',#14249);
#5344=VERTEX_POINT('',#14252);
#5345=VERTEX_POINT('',#14253);
#5346=VERTEX_POINT('',#14255);
#5347=VERTEX_POINT('',#14257);
#5348=VERTEX_POINT('',#14259);
#5349=VERTEX_POINT('',#14261);
#5350=VERTEX_POINT('',#14263);
#5351=VERTEX_POINT('',#14265);
#5352=VERTEX_POINT('',#14267);
#5353=VERTEX_POINT('',#14269);
#5354=VERTEX_POINT('',#14272);
#5355=VERTEX_POINT('',#14273);
#5356=VERTEX_POINT('',#14275);
#5357=VERTEX_POINT('',#14277);
#5358=VERTEX_POINT('',#14279);
#5359=VERTEX_POINT('',#14283);
#5360=VERTEX_POINT('',#14284);
#5361=VERTEX_POINT('',#14286);
#5362=VERTEX_POINT('',#14288);
#5363=VERTEX_POINT('',#14291);
#5364=VERTEX_POINT('',#14292);
#5365=VERTEX_POINT('',#14294);
#5366=VERTEX_POINT('',#14296);
#5367=VERTEX_POINT('',#14300);
#5368=VERTEX_POINT('',#14301);
#5369=VERTEX_POINT('',#14303);
#5370=VERTEX_POINT('',#14305);
#5371=VERTEX_POINT('',#14312);
#5372=VERTEX_POINT('',#14313);
#5373=VERTEX_POINT('',#14315);
#5374=VERTEX_POINT('',#14320);
#5375=VERTEX_POINT('',#14322);
#5376=VERTEX_POINT('',#14326);
#5377=VERTEX_POINT('',#14327);
#5378=VERTEX_POINT('',#14332);
#5379=VERTEX_POINT('',#14333);
#5380=VERTEX_POINT('',#14335);
#5381=VERTEX_POINT('',#14341);
#5382=VERTEX_POINT('',#14343);
#5383=VERTEX_POINT('',#14345);
#5384=VERTEX_POINT('',#14349);
#5385=VERTEX_POINT('',#14351);
#5386=VERTEX_POINT('',#14353);
#5387=VERTEX_POINT('',#14355);
#5388=VERTEX_POINT('',#14357);
#5389=VERTEX_POINT('',#14359);
#5390=VERTEX_POINT('',#14361);
#5391=VERTEX_POINT('',#14365);
#5392=VERTEX_POINT('',#14379);
#5393=VERTEX_POINT('',#14384);
#5394=VERTEX_POINT('',#14389);
#5395=VERTEX_POINT('',#14394);
#5396=VERTEX_POINT('',#14395);
#5397=VERTEX_POINT('',#14397);
#5398=VERTEX_POINT('',#14399);
#5399=VERTEX_POINT('',#14403);
#5400=VERTEX_POINT('',#14404);
#5401=VERTEX_POINT('',#14406);
#5402=VERTEX_POINT('',#14408);
#5403=VERTEX_POINT('',#14410);
#5404=VERTEX_POINT('',#14412);
#5405=VERTEX_POINT('',#14416);
#5406=VERTEX_POINT('',#14417);
#5407=VERTEX_POINT('',#14419);
#5408=VERTEX_POINT('',#14421);
#5409=VERTEX_POINT('',#14423);
#5410=VERTEX_POINT('',#14425);
#5411=VERTEX_POINT('',#14429);
#5412=VERTEX_POINT('',#14430);
#5413=VERTEX_POINT('',#14432);
#5414=VERTEX_POINT('',#14434);
#5415=VERTEX_POINT('',#14436);
#5416=VERTEX_POINT('',#14438);
#5417=VERTEX_POINT('',#14442);
#5418=VERTEX_POINT('',#14443);
#5419=VERTEX_POINT('',#14445);
#5420=VERTEX_POINT('',#14447);
#5421=VERTEX_POINT('',#14449);
#5422=VERTEX_POINT('',#14451);
#5423=VERTEX_POINT('',#14453);
#5424=VERTEX_POINT('',#14455);
#5425=VERTEX_POINT('',#14485);
#5426=VERTEX_POINT('',#14500);
#5427=VERTEX_POINT('',#14647);
#5428=VERTEX_POINT('',#14649);
#5429=VERTEX_POINT('',#14653);
#5430=VERTEX_POINT('',#14655);
#5431=VERTEX_POINT('',#14657);
#5432=VERTEX_POINT('',#14661);
#5433=VERTEX_POINT('',#14663);
#5434=VERTEX_POINT('',#14665);
#5435=VERTEX_POINT('',#14667);
#5436=VERTEX_POINT('',#14669);
#5437=VERTEX_POINT('',#14673);
#5438=VERTEX_POINT('',#14675);
#5439=VERTEX_POINT('',#14678);
#5440=VERTEX_POINT('',#14682);
#5441=VERTEX_POINT('',#14702);
#5442=VERTEX_POINT('',#14704);
#5443=VERTEX_POINT('',#14708);
#5444=VERTEX_POINT('',#14712);
#5445=VERTEX_POINT('',#14716);
#5446=VERTEX_POINT('',#14718);
#5447=VERTEX_POINT('',#14746);
#5448=VERTEX_POINT('',#14748);
#5449=VERTEX_POINT('',#14750);
#5450=VERTEX_POINT('',#14752);
#5451=VERTEX_POINT('',#14754);
#5452=VERTEX_POINT('',#14756);
#5453=VERTEX_POINT('',#14758);
#5454=VERTEX_POINT('',#14760);
#5455=VERTEX_POINT('',#14762);
#5456=VERTEX_POINT('',#14764);
#5457=VERTEX_POINT('',#14772);
#5458=VERTEX_POINT('',#14777);
#5459=VERTEX_POINT('',#14792);
#5460=VERTEX_POINT('',#14796);
#5461=VERTEX_POINT('',#14800);
#5462=VERTEX_POINT('',#14801);
#5463=VERTEX_POINT('',#14803);
#5464=VERTEX_POINT('',#14805);
#5465=VERTEX_POINT('',#14807);
#5466=VERTEX_POINT('',#14810);
#5467=VERTEX_POINT('',#14811);
#5468=VERTEX_POINT('',#14813);
#5469=VERTEX_POINT('',#14815);
#5470=VERTEX_POINT('',#14817);
#5471=VERTEX_POINT('',#14819);
#5472=VERTEX_POINT('',#14821);
#5473=VERTEX_POINT('',#14824);
#5474=VERTEX_POINT('',#14825);
#5475=VERTEX_POINT('',#14827);
#5476=VERTEX_POINT('',#14829);
#5477=VERTEX_POINT('',#14831);
#5478=VERTEX_POINT('',#14833);
#5479=VERTEX_POINT('',#14835);
#5480=VERTEX_POINT('',#14837);
#5481=VERTEX_POINT('',#14839);
#5482=VERTEX_POINT('',#14841);
#5483=VERTEX_POINT('',#14844);
#5484=VERTEX_POINT('',#14845);
#5485=VERTEX_POINT('',#14847);
#5486=VERTEX_POINT('',#14849);
#5487=VERTEX_POINT('',#14851);
#5488=VERTEX_POINT('',#14855);
#5489=VERTEX_POINT('',#14856);
#5490=VERTEX_POINT('',#14858);
#5491=VERTEX_POINT('',#14860);
#5492=VERTEX_POINT('',#14863);
#5493=VERTEX_POINT('',#14864);
#5494=VERTEX_POINT('',#14866);
#5495=VERTEX_POINT('',#14868);
#5496=VERTEX_POINT('',#14872);
#5497=VERTEX_POINT('',#14873);
#5498=VERTEX_POINT('',#14875);
#5499=VERTEX_POINT('',#14877);
#5500=VERTEX_POINT('',#14884);
#5501=VERTEX_POINT('',#14885);
#5502=VERTEX_POINT('',#14887);
#5503=VERTEX_POINT('',#14889);
#5504=VERTEX_POINT('',#14894);
#5505=VERTEX_POINT('',#14898);
#5506=VERTEX_POINT('',#14899);
#5507=VERTEX_POINT('',#14904);
#5508=VERTEX_POINT('',#14905);
#5509=VERTEX_POINT('',#14908);
#5510=VERTEX_POINT('',#14915);
#5511=VERTEX_POINT('',#14916);
#5512=VERTEX_POINT('',#14918);
#5513=VERTEX_POINT('',#14920);
#5514=VERTEX_POINT('',#14922);
#5515=VERTEX_POINT('',#14924);
#5516=VERTEX_POINT('',#14926);
#5517=VERTEX_POINT('',#14930);
#5518=VERTEX_POINT('',#14936);
#5519=VERTEX_POINT('',#14946);
#5520=VERTEX_POINT('',#14959);
#5521=VERTEX_POINT('',#14961);
#5522=VERTEX_POINT('',#14963);
#5523=VERTEX_POINT('',#14965);
#5524=VERTEX_POINT('',#14969);
#5525=VERTEX_POINT('',#14970);
#5526=VERTEX_POINT('',#14972);
#5527=VERTEX_POINT('',#14974);
#5528=VERTEX_POINT('',#14978);
#5529=VERTEX_POINT('',#14979);
#5530=VERTEX_POINT('',#14981);
#5531=VERTEX_POINT('',#14983);
#5532=VERTEX_POINT('',#14985);
#5533=VERTEX_POINT('',#14987);
#5534=VERTEX_POINT('',#14991);
#5535=VERTEX_POINT('',#14992);
#5536=VERTEX_POINT('',#14994);
#5537=VERTEX_POINT('',#14996);
#5538=VERTEX_POINT('',#14998);
#5539=VERTEX_POINT('',#15000);
#5540=VERTEX_POINT('',#15004);
#5541=VERTEX_POINT('',#15005);
#5542=VERTEX_POINT('',#15007);
#5543=VERTEX_POINT('',#15009);
#5544=VERTEX_POINT('',#15011);
#5545=VERTEX_POINT('',#15013);
#5546=VERTEX_POINT('',#15017);
#5547=VERTEX_POINT('',#15018);
#5548=VERTEX_POINT('',#15020);
#5549=VERTEX_POINT('',#15022);
#5550=VERTEX_POINT('',#15024);
#5551=VERTEX_POINT('',#15026);
#5552=VERTEX_POINT('',#15028);
#5553=VERTEX_POINT('',#15030);
#5554=VERTEX_POINT('',#15060);
#5555=VERTEX_POINT('',#15077);
#5556=VERTEX_POINT('',#15217);
#5557=VERTEX_POINT('',#15219);
#5558=VERTEX_POINT('',#15223);
#5559=VERTEX_POINT('',#15225);
#5560=VERTEX_POINT('',#15227);
#5561=VERTEX_POINT('',#15231);
#5562=VERTEX_POINT('',#15233);
#5563=VERTEX_POINT('',#15235);
#5564=VERTEX_POINT('',#15237);
#5565=VERTEX_POINT('',#15239);
#5566=VERTEX_POINT('',#15243);
#5567=VERTEX_POINT('',#15245);
#5568=VERTEX_POINT('',#15248);
#5569=VERTEX_POINT('',#15259);
#5570=VERTEX_POINT('',#15272);
#5571=VERTEX_POINT('',#15274);
#5572=VERTEX_POINT('',#15278);
#5573=VERTEX_POINT('',#15282);
#5574=VERTEX_POINT('',#15286);
#5575=VERTEX_POINT('',#15288);
#5576=VERTEX_POINT('',#15316);
#5577=VERTEX_POINT('',#15318);
#5578=VERTEX_POINT('',#15320);
#5579=VERTEX_POINT('',#15322);
#5580=VERTEX_POINT('',#15324);
#5581=VERTEX_POINT('',#15326);
#5582=VERTEX_POINT('',#15328);
#5583=VERTEX_POINT('',#15330);
#5584=VERTEX_POINT('',#15332);
#5585=VERTEX_POINT('',#15334);
#5586=VERTEX_POINT('',#15342);
#5587=VERTEX_POINT('',#15347);
#5588=VERTEX_POINT('',#15362);
#5589=VERTEX_POINT('',#15366);
#5590=VERTEX_POINT('',#15370);
#5591=VERTEX_POINT('',#15371);
#5592=VERTEX_POINT('',#15373);
#5593=VERTEX_POINT('',#15375);
#5594=VERTEX_POINT('',#15377);
#5595=VERTEX_POINT('',#15380);
#5596=VERTEX_POINT('',#15381);
#5597=VERTEX_POINT('',#15383);
#5598=VERTEX_POINT('',#15385);
#5599=VERTEX_POINT('',#15387);
#5600=VERTEX_POINT('',#15389);
#5601=VERTEX_POINT('',#15391);
#5602=VERTEX_POINT('',#15394);
#5603=VERTEX_POINT('',#15395);
#5604=VERTEX_POINT('',#15397);
#5605=VERTEX_POINT('',#15399);
#5606=VERTEX_POINT('',#15401);
#5607=VERTEX_POINT('',#15403);
#5608=VERTEX_POINT('',#15405);
#5609=VERTEX_POINT('',#15407);
#5610=VERTEX_POINT('',#15409);
#5611=VERTEX_POINT('',#15411);
#5612=VERTEX_POINT('',#15414);
#5613=VERTEX_POINT('',#15415);
#5614=VERTEX_POINT('',#15417);
#5615=VERTEX_POINT('',#15419);
#5616=VERTEX_POINT('',#15421);
#5617=VERTEX_POINT('',#15425);
#5618=VERTEX_POINT('',#15426);
#5619=VERTEX_POINT('',#15428);
#5620=VERTEX_POINT('',#15430);
#5621=VERTEX_POINT('',#15433);
#5622=VERTEX_POINT('',#15434);
#5623=VERTEX_POINT('',#15436);
#5624=VERTEX_POINT('',#15438);
#5625=VERTEX_POINT('',#15442);
#5626=VERTEX_POINT('',#15443);
#5627=VERTEX_POINT('',#15445);
#5628=VERTEX_POINT('',#15447);
#5629=VERTEX_POINT('',#15454);
#5630=VERTEX_POINT('',#15455);
#5631=VERTEX_POINT('',#15457);
#5632=VERTEX_POINT('',#15462);
#5633=VERTEX_POINT('',#15464);
#5634=VERTEX_POINT('',#15468);
#5635=VERTEX_POINT('',#15469);
#5636=VERTEX_POINT('',#15474);
#5637=VERTEX_POINT('',#15475);
#5638=VERTEX_POINT('',#15480);
#5639=VERTEX_POINT('',#15486);
#5640=VERTEX_POINT('',#15488);
#5641=VERTEX_POINT('',#15490);
#5642=VERTEX_POINT('',#15494);
#5643=VERTEX_POINT('',#15496);
#5644=VERTEX_POINT('',#15498);
#5645=VERTEX_POINT('',#15500);
#5646=VERTEX_POINT('',#15502);
#5647=VERTEX_POINT('',#15507);
#5648=VERTEX_POINT('',#15521);
#5649=VERTEX_POINT('',#15526);
#5650=VERTEX_POINT('',#15531);
#5651=VERTEX_POINT('',#15536);
#5652=VERTEX_POINT('',#15537);
#5653=VERTEX_POINT('',#15539);
#5654=VERTEX_POINT('',#15541);
#5655=VERTEX_POINT('',#15545);
#5656=VERTEX_POINT('',#15546);
#5657=VERTEX_POINT('',#15548);
#5658=VERTEX_POINT('',#15550);
#5659=VERTEX_POINT('',#15552);
#5660=VERTEX_POINT('',#15554);
#5661=VERTEX_POINT('',#15558);
#5662=VERTEX_POINT('',#15559);
#5663=VERTEX_POINT('',#15561);
#5664=VERTEX_POINT('',#15563);
#5665=VERTEX_POINT('',#15565);
#5666=VERTEX_POINT('',#15567);
#5667=VERTEX_POINT('',#15571);
#5668=VERTEX_POINT('',#15572);
#5669=VERTEX_POINT('',#15574);
#5670=VERTEX_POINT('',#15576);
#5671=VERTEX_POINT('',#15578);
#5672=VERTEX_POINT('',#15580);
#5673=VERTEX_POINT('',#15584);
#5674=VERTEX_POINT('',#15585);
#5675=VERTEX_POINT('',#15587);
#5676=VERTEX_POINT('',#15589);
#5677=VERTEX_POINT('',#15591);
#5678=VERTEX_POINT('',#15593);
#5679=VERTEX_POINT('',#15595);
#5680=VERTEX_POINT('',#15597);
#5681=VERTEX_POINT('',#15627);
#5682=VERTEX_POINT('',#15645);
#5683=VERTEX_POINT('',#15799);
#5684=VERTEX_POINT('',#15801);
#5685=VERTEX_POINT('',#15805);
#5686=VERTEX_POINT('',#15807);
#5687=VERTEX_POINT('',#15809);
#5688=VERTEX_POINT('',#15813);
#5689=VERTEX_POINT('',#15815);
#5690=VERTEX_POINT('',#15817);
#5691=VERTEX_POINT('',#15819);
#5692=VERTEX_POINT('',#15821);
#5693=VERTEX_POINT('',#15825);
#5694=VERTEX_POINT('',#15827);
#5695=VERTEX_POINT('',#15830);
#5696=VERTEX_POINT('',#15834);
#5697=VERTEX_POINT('',#15854);
#5698=VERTEX_POINT('',#15856);
#5699=VERTEX_POINT('',#15860);
#5700=VERTEX_POINT('',#15864);
#5701=VERTEX_POINT('',#15868);
#5702=VERTEX_POINT('',#15870);
#5703=LINE('',#12859,#6507);
#5704=LINE('',#12862,#6508);
#5705=LINE('',#12864,#6509);
#5706=LINE('',#12866,#6510);
#5707=LINE('',#12868,#6511);
#5708=LINE('',#12871,#6512);
#5709=LINE('',#12873,#6513);
#5710=LINE('',#12875,#6514);
#5711=LINE('',#12877,#6515);
#5712=LINE('',#12888,#6516);
#5713=LINE('',#12892,#6517);
#5714=LINE('',#12896,#6518);
#5715=LINE('',#12905,#6519);
#5716=LINE('',#12909,#6520);
#5717=LINE('',#12919,#6521);
#5718=LINE('',#12921,#6522);
#5719=LINE('',#12923,#6523);
#5720=LINE('',#12925,#6524);
#5721=LINE('',#12926,#6525);
#5722=LINE('',#12929,#6526);
#5723=LINE('',#12931,#6527);
#5724=LINE('',#12935,#6528);
#5725=LINE('',#12937,#6529);
#5726=LINE('',#12939,#6530);
#5727=LINE('',#12940,#6531);
#5728=LINE('',#12945,#6532);
#5729=LINE('',#12949,#6533);
#5730=LINE('',#12953,#6534);
#5731=LINE('',#12957,#6535);
#5732=LINE('',#12963,#6536);
#5733=LINE('',#12965,#6537);
#5734=LINE('',#12967,#6538);
#5735=LINE('',#12969,#6539);
#5736=LINE('',#12971,#6540);
#5737=LINE('',#12974,#6541);
#5738=LINE('',#12976,#6542);
#5739=LINE('',#12978,#6543);
#5740=LINE('',#12979,#6544);
#5741=LINE('',#12982,#6545);
#5742=LINE('',#12984,#6546);
#5743=LINE('',#12986,#6547);
#5744=LINE('',#12988,#6548);
#5745=LINE('',#12993,#6549);
#5746=LINE('',#12995,#6550);
#5747=LINE('',#12997,#6551);
#5748=LINE('',#12999,#6552);
#5749=LINE('',#13001,#6553);
#5750=LINE('',#13003,#6554);
#5751=LINE('',#13005,#6555);
#5752=LINE('',#13009,#6556);
#5753=LINE('',#13013,#6557);
#5754=LINE('',#13015,#6558);
#5755=LINE('',#13017,#6559);
#5756=LINE('',#13019,#6560);
#5757=LINE('',#13021,#6561);
#5758=LINE('',#13025,#6562);
#5759=LINE('',#13029,#6563);
#5760=LINE('',#13031,#6564);
#5761=LINE('',#13033,#6565);
#5762=LINE('',#13035,#6566);
#5763=LINE('',#13037,#6567);
#5764=LINE('',#13041,#6568);
#5765=LINE('',#13045,#6569);
#5766=LINE('',#13047,#6570);
#5767=LINE('',#13049,#6571);
#5768=LINE('',#13050,#6572);
#5769=LINE('',#13052,#6573);
#5770=LINE('',#13056,#6574);
#5771=LINE('',#13060,#6575);
#5772=LINE('',#13062,#6576);
#5773=LINE('',#13064,#6577);
#5774=LINE('',#13066,#6578);
#5775=LINE('',#13068,#6579);
#5776=LINE('',#13070,#6580);
#5777=LINE('',#13074,#6581);
#5778=LINE('',#13078,#6582);
#5779=LINE('',#13080,#6583);
#5780=LINE('',#13082,#6584);
#5781=LINE('',#13083,#6585);
#5782=LINE('',#13087,#6586);
#5783=LINE('',#13091,#6587);
#5784=LINE('',#13093,#6588);
#5785=LINE('',#13095,#6589);
#5786=LINE('',#13097,#6590);
#5787=LINE('',#13099,#6591);
#5788=LINE('',#13103,#6592);
#5789=LINE('',#13107,#6593);
#5790=LINE('',#13109,#6594);
#5791=LINE('',#13111,#6595);
#5792=LINE('',#13113,#6596);
#5793=LINE('',#13114,#6597);
#5794=LINE('',#13117,#6598);
#5795=LINE('',#13119,#6599);
#5796=LINE('',#13121,#6600);
#5797=LINE('',#13125,#6601);
#5798=LINE('',#13129,#6602);
#5799=LINE('',#13134,#6603);
#5800=LINE('',#13137,#6604);
#5801=LINE('',#13139,#6605);
#5802=LINE('',#13146,#6606);
#5803=LINE('',#13148,#6607);
#5804=LINE('',#13154,#6608);
#5805=LINE('',#13157,#6609);
#5806=LINE('',#13158,#6610);
#5807=LINE('',#13165,#6611);
#5808=LINE('',#13167,#6612);
#5809=LINE('',#13169,#6613);
#5810=LINE('',#13171,#6614);
#5811=LINE('',#13173,#6615);
#5812=LINE('',#13175,#6616);
#5813=LINE('',#13177,#6617);
#5814=LINE('',#13179,#6618);
#5815=LINE('',#13181,#6619);
#5816=LINE('',#13183,#6620);
#5817=LINE('',#13186,#6621);
#5818=LINE('',#13188,#6622);
#5819=LINE('',#13190,#6623);
#5820=LINE('',#13192,#6624);
#5821=LINE('',#13194,#6625);
#5822=LINE('',#13195,#6626);
#5823=LINE('',#13197,#6627);
#5824=LINE('',#13199,#6628);
#5825=LINE('',#13206,#6629);
#5826=LINE('',#13207,#6630);
#5827=LINE('',#13209,#6631);
#5828=LINE('',#13211,#6632);
#5829=LINE('',#13215,#6633);
#5830=LINE('',#13217,#6634);
#5831=LINE('',#13218,#6635);
#5832=LINE('',#13221,#6636);
#5833=LINE('',#13223,#6637);
#5834=LINE('',#13226,#6638);
#5835=LINE('',#13228,#6639);
#5836=LINE('',#13230,#6640);
#5837=LINE('',#13233,#6641);
#5838=LINE('',#13235,#6642);
#5839=LINE('',#13237,#6643);
#5840=LINE('',#13239,#6644);
#5841=LINE('',#13242,#6645);
#5842=LINE('',#13244,#6646);
#5843=LINE('',#13246,#6647);
#5844=LINE('',#13248,#6648);
#5845=LINE('',#13250,#6649);
#5846=LINE('',#13252,#6650);
#5847=LINE('',#13255,#6651);
#5848=LINE('',#13257,#6652);
#5849=LINE('',#13259,#6653);
#5850=LINE('',#13261,#6654);
#5851=LINE('',#13263,#6655);
#5852=LINE('',#13265,#6656);
#5853=LINE('',#13268,#6657);
#5854=LINE('',#13272,#6658);
#5855=LINE('',#13274,#6659);
#5856=LINE('',#13276,#6660);
#5857=LINE('',#13281,#6661);
#5858=LINE('',#13283,#6662);
#5859=LINE('',#13285,#6663);
#5860=LINE('',#13289,#6664);
#5861=LINE('',#13291,#6665);
#5862=LINE('',#13293,#6666);
#5863=LINE('',#13480,#6667);
#5864=LINE('',#13482,#6668);
#5865=LINE('',#13484,#6669);
#5866=LINE('',#13486,#6670);
#5867=LINE('',#13490,#6671);
#5868=LINE('',#13492,#6672);
#5869=LINE('',#13494,#6673);
#5870=LINE('',#13496,#6674);
#5871=LINE('',#13498,#6675);
#5872=LINE('',#13502,#6676);
#5873=LINE('',#13504,#6677);
#5874=LINE('',#13508,#6678);
#5875=LINE('',#13509,#6679);
#5876=LINE('',#13511,#6680);
#5877=LINE('',#13513,#6681);
#5878=LINE('',#13514,#6682);
#5879=LINE('',#13516,#6683);
#5880=LINE('',#13518,#6684);
#5881=LINE('',#13519,#6685);
#5882=LINE('',#13521,#6686);
#5883=LINE('',#13522,#6687);
#5884=LINE('',#13524,#6688);
#5885=LINE('',#13526,#6689);
#5886=LINE('',#13529,#6690);
#5887=LINE('',#13531,#6691);
#5888=LINE('',#13533,#6692);
#5889=LINE('',#13535,#6693);
#5890=LINE('',#13537,#6694);
#5891=LINE('',#13539,#6695);
#5892=LINE('',#13541,#6696);
#5893=LINE('',#13543,#6697);
#5894=LINE('',#13545,#6698);
#5895=LINE('',#13547,#6699);
#5896=LINE('',#13549,#6700);
#5897=LINE('',#13551,#6701);
#5898=LINE('',#13580,#6702);
#5899=LINE('',#13584,#6703);
#5900=LINE('',#13588,#6704);
#5901=LINE('',#13590,#6705);
#5902=LINE('',#13592,#6706);
#5903=LINE('',#13596,#6707);
#5904=LINE('',#13600,#6708);
#5905=LINE('',#13602,#6709);
#5906=LINE('',#13606,#6710);
#5907=LINE('',#13610,#6711);
#5908=LINE('',#13612,#6712);
#5909=LINE('',#13614,#6713);
#5910=LINE('',#13618,#6714);
#5911=LINE('',#13622,#6715);
#5912=LINE('',#13624,#6716);
#5913=LINE('',#13626,#6717);
#5914=LINE('',#13628,#6718);
#5915=LINE('',#13630,#6719);
#5916=LINE('',#13632,#6720);
#5917=LINE('',#13635,#6721);
#5918=LINE('',#13637,#6722);
#5919=LINE('',#13639,#6723);
#5920=LINE('',#13641,#6724);
#5921=LINE('',#13645,#6725);
#5922=LINE('',#13649,#6726);
#5923=LINE('',#13651,#6727);
#5924=LINE('',#13653,#6728);
#5925=LINE('',#13655,#6729);
#5926=LINE('',#13657,#6730);
#5927=LINE('',#13661,#6731);
#5928=LINE('',#13665,#6732);
#5929=LINE('',#13667,#6733);
#5930=LINE('',#13669,#6734);
#5931=LINE('',#13671,#6735);
#5932=LINE('',#13673,#6736);
#5933=LINE('',#13677,#6737);
#5934=LINE('',#13681,#6738);
#5935=LINE('',#13683,#6739);
#5936=LINE('',#13685,#6740);
#5937=LINE('',#13687,#6741);
#5938=LINE('',#13688,#6742);
#5939=LINE('',#13691,#6743);
#5940=LINE('',#13693,#6744);
#5941=LINE('',#13695,#6745);
#5942=LINE('',#13699,#6746);
#5943=LINE('',#13703,#6747);
#5944=LINE('',#13705,#6748);
#5945=LINE('',#13708,#6749);
#5946=LINE('',#13710,#6750);
#5947=LINE('',#13712,#6751);
#5948=LINE('',#13714,#6752);
#5949=LINE('',#13716,#6753);
#5950=LINE('',#13720,#6754);
#5951=LINE('',#13724,#6755);
#5952=LINE('',#13726,#6756);
#5953=LINE('',#13728,#6757);
#5954=LINE('',#13730,#6758);
#5955=LINE('',#13732,#6759);
#5956=LINE('',#13736,#6760);
#5957=LINE('',#13740,#6761);
#5958=LINE('',#13742,#6762);
#5959=LINE('',#13744,#6763);
#5960=LINE('',#13746,#6764);
#5961=LINE('',#13748,#6765);
#5962=LINE('',#13752,#6766);
#5963=LINE('',#13756,#6767);
#5964=LINE('',#13758,#6768);
#5965=LINE('',#13760,#6769);
#5966=LINE('',#13761,#6770);
#5967=LINE('',#13764,#6771);
#5968=LINE('',#13766,#6772);
#5969=LINE('',#13770,#6773);
#5970=LINE('',#13774,#6774);
#5971=LINE('',#13776,#6775);
#5972=LINE('',#13780,#6776);
#5973=LINE('',#13784,#6777);
#5974=LINE('',#13789,#6778);
#5975=LINE('',#13793,#6779);
#5976=LINE('',#13798,#6780);
#5977=LINE('',#13802,#6781);
#5978=LINE('',#13810,#6782);
#5979=LINE('',#13814,#6783);
#5980=LINE('',#13822,#6784);
#5981=LINE('',#13826,#6785);
#5982=LINE('',#13834,#6786);
#5983=LINE('',#13838,#6787);
#5984=LINE('',#13846,#6788);
#5985=LINE('',#13850,#6789);
#5986=LINE('',#13858,#6790);
#5987=LINE('',#13862,#6791);
#5988=LINE('',#13870,#6792);
#5989=LINE('',#13874,#6793);
#5990=LINE('',#13882,#6794);
#5991=LINE('',#13886,#6795);
#5992=LINE('',#13894,#6796);
#5993=LINE('',#13898,#6797);
#5994=LINE('',#13906,#6798);
#5995=LINE('',#13910,#6799);
#5996=LINE('',#13915,#6800);
#5997=LINE('',#13919,#6801);
#5998=LINE('',#13924,#6802);
#5999=LINE('',#13928,#6803);
#6000=LINE('',#13931,#6804);
#6001=LINE('',#13940,#6805);
#6002=LINE('',#13944,#6806);
#6003=LINE('',#13952,#6807);
#6004=LINE('',#13955,#6808);
#6005=LINE('',#13964,#6809);
#6006=LINE('',#13968,#6810);
#6007=LINE('',#13976,#6811);
#6008=LINE('',#13979,#6812);
#6009=LINE('',#13988,#6813);
#6010=LINE('',#13992,#6814);
#6011=LINE('',#14000,#6815);
#6012=LINE('',#14003,#6816);
#6013=LINE('',#14012,#6817);
#6014=LINE('',#14016,#6818);
#6015=LINE('',#14024,#6819);
#6016=LINE('',#14031,#6820);
#6017=LINE('',#14032,#6821);
#6018=LINE('',#14034,#6822);
#6019=LINE('',#14035,#6823);
#6020=LINE('',#14037,#6824);
#6021=LINE('',#14038,#6825);
#6022=LINE('',#14040,#6826);
#6023=LINE('',#14041,#6827);
#6024=LINE('',#14043,#6828);
#6025=LINE('',#14044,#6829);
#6026=LINE('',#14046,#6830);
#6027=LINE('',#14047,#6831);
#6028=LINE('',#14049,#6832);
#6029=LINE('',#14050,#6833);
#6030=LINE('',#14052,#6834);
#6031=LINE('',#14053,#6835);
#6032=LINE('',#14055,#6836);
#6033=LINE('',#14056,#6837);
#6034=LINE('',#14058,#6838);
#6035=LINE('',#14059,#6839);
#6036=LINE('',#14061,#6840);
#6037=LINE('',#14062,#6841);
#6038=LINE('',#14064,#6842);
#6039=LINE('',#14065,#6843);
#6040=LINE('',#14067,#6844);
#6041=LINE('',#14068,#6845);
#6042=LINE('',#14070,#6846);
#6043=LINE('',#14071,#6847);
#6044=LINE('',#14073,#6848);
#6045=LINE('',#14074,#6849);
#6046=LINE('',#14076,#6850);
#6047=LINE('',#14077,#6851);
#6048=LINE('',#14079,#6852);
#6049=LINE('',#14080,#6853);
#6050=LINE('',#14082,#6854);
#6051=LINE('',#14083,#6855);
#6052=LINE('',#14085,#6856);
#6053=LINE('',#14086,#6857);
#6054=LINE('',#14088,#6858);
#6055=LINE('',#14089,#6859);
#6056=LINE('',#14091,#6860);
#6057=LINE('',#14092,#6861);
#6058=LINE('',#14094,#6862);
#6059=LINE('',#14095,#6863);
#6060=LINE('',#14097,#6864);
#6061=LINE('',#14098,#6865);
#6062=LINE('',#14100,#6866);
#6063=LINE('',#14101,#6867);
#6064=LINE('',#14131,#6868);
#6065=LINE('',#14133,#6869);
#6066=LINE('',#14135,#6870);
#6067=LINE('',#14137,#6871);
#6068=LINE('',#14139,#6872);
#6069=LINE('',#14141,#6873);
#6070=LINE('',#14155,#6874);
#6071=LINE('',#14157,#6875);
#6072=LINE('',#14159,#6876);
#6073=LINE('',#14161,#6877);
#6074=LINE('',#14163,#6878);
#6075=LINE('',#14165,#6879);
#6076=LINE('',#14179,#6880);
#6077=LINE('',#14181,#6881);
#6078=LINE('',#14183,#6882);
#6079=LINE('',#14185,#6883);
#6080=LINE('',#14187,#6884);
#6081=LINE('',#14189,#6885);
#6082=LINE('',#14201,#6886);
#6083=LINE('',#14202,#6887);
#6084=LINE('',#14204,#6888);
#6085=LINE('',#14207,#6889);
#6086=LINE('',#14209,#6890);
#6087=LINE('',#14211,#6891);
#6088=LINE('',#14213,#6892);
#6089=LINE('',#14216,#6893);
#6090=LINE('',#14219,#6894);
#6091=LINE('',#14223,#6895);
#6092=LINE('',#14230,#6896);
#6093=LINE('',#14232,#6897);
#6094=LINE('',#14234,#6898);
#6095=LINE('',#14236,#6899);
#6096=LINE('',#14237,#6900);
#6097=LINE('',#14240,#6901);
#6098=LINE('',#14242,#6902);
#6099=LINE('',#14244,#6903);
#6100=LINE('',#14248,#6904);
#6101=LINE('',#14250,#6905);
#6102=LINE('',#14251,#6906);
#6103=LINE('',#14256,#6907);
#6104=LINE('',#14260,#6908);
#6105=LINE('',#14264,#6909);
#6106=LINE('',#14268,#6910);
#6107=LINE('',#14274,#6911);
#6108=LINE('',#14276,#6912);
#6109=LINE('',#14278,#6913);
#6110=LINE('',#14280,#6914);
#6111=LINE('',#14282,#6915);
#6112=LINE('',#14285,#6916);
#6113=LINE('',#14287,#6917);
#6114=LINE('',#14289,#6918);
#6115=LINE('',#14290,#6919);
#6116=LINE('',#14293,#6920);
#6117=LINE('',#14295,#6921);
#6118=LINE('',#14297,#6922);
#6119=LINE('',#14299,#6923);
#6120=LINE('',#14302,#6924);
#6121=LINE('',#14304,#6925);
#6122=LINE('',#14311,#6926);
#6123=LINE('',#14314,#6927);
#6124=LINE('',#14321,#6928);
#6125=LINE('',#14323,#6929);
#6126=LINE('',#14325,#6930);
#6127=LINE('',#14331,#6931);
#6128=LINE('',#14336,#6932);
#6129=LINE('',#14337,#6933);
#6130=LINE('',#14339,#6934);
#6131=LINE('',#14340,#6935);
#6132=LINE('',#14342,#6936);
#6133=LINE('',#14344,#6937);
#6134=LINE('',#14346,#6938);
#6135=LINE('',#14348,#6939);
#6136=LINE('',#14350,#6940);
#6137=LINE('',#14352,#6941);
#6138=LINE('',#14354,#6942);
#6139=LINE('',#14356,#6943);
#6140=LINE('',#14358,#6944);
#6141=LINE('',#14360,#6945);
#6142=LINE('',#14362,#6946);
#6143=LINE('',#14369,#6947);
#6144=LINE('',#14370,#6948);
#6145=LINE('',#14372,#6949);
#6146=LINE('',#14374,#6950);
#6147=LINE('',#14377,#6951);
#6148=LINE('',#14378,#6952);
#6149=LINE('',#14380,#6953);
#6150=LINE('',#14383,#6954);
#6151=LINE('',#14385,#6955);
#6152=LINE('',#14388,#6956);
#6153=LINE('',#14390,#6957);
#6154=LINE('',#14393,#6958);
#6155=LINE('',#14396,#6959);
#6156=LINE('',#14398,#6960);
#6157=LINE('',#14400,#6961);
#6158=LINE('',#14402,#6962);
#6159=LINE('',#14405,#6963);
#6160=LINE('',#14407,#6964);
#6161=LINE('',#14409,#6965);
#6162=LINE('',#14411,#6966);
#6163=LINE('',#14413,#6967);
#6164=LINE('',#14415,#6968);
#6165=LINE('',#14418,#6969);
#6166=LINE('',#14420,#6970);
#6167=LINE('',#14422,#6971);
#6168=LINE('',#14424,#6972);
#6169=LINE('',#14426,#6973);
#6170=LINE('',#14428,#6974);
#6171=LINE('',#14431,#6975);
#6172=LINE('',#14433,#6976);
#6173=LINE('',#14435,#6977);
#6174=LINE('',#14439,#6978);
#6175=LINE('',#14444,#6979);
#6176=LINE('',#14446,#6980);
#6177=LINE('',#14448,#6981);
#6178=LINE('',#14452,#6982);
#6179=LINE('',#14454,#6983);
#6180=LINE('',#14456,#6984);
#6181=LINE('',#14646,#6985);
#6182=LINE('',#14648,#6986);
#6183=LINE('',#14652,#6987);
#6184=LINE('',#14656,#6988);
#6185=LINE('',#14658,#6989);
#6186=LINE('',#14660,#6990);
#6187=LINE('',#14664,#6991);
#6188=LINE('',#14666,#6992);
#6189=LINE('',#14668,#6993);
#6190=LINE('',#14670,#6994);
#6191=LINE('',#14672,#6995);
#6192=LINE('',#14674,#6996);
#6193=LINE('',#14676,#6997);
#6194=LINE('',#14677,#6998);
#6195=LINE('',#14681,#6999);
#6196=LINE('',#14683,#7000);
#6197=LINE('',#14684,#7001);
#6198=LINE('',#14686,#7002);
#6199=LINE('',#14687,#7003);
#6200=LINE('',#14689,#7004);
#6201=LINE('',#14690,#7005);
#6202=LINE('',#14692,#7006);
#6203=LINE('',#14694,#7007);
#6204=LINE('',#14697,#7008);
#6205=LINE('',#14699,#7009);
#6206=LINE('',#14701,#7010);
#6207=LINE('',#14703,#7011);
#6208=LINE('',#14705,#7012);
#6209=LINE('',#14707,#7013);
#6210=LINE('',#14709,#7014);
#6211=LINE('',#14711,#7015);
#6212=LINE('',#14713,#7016);
#6213=LINE('',#14715,#7017);
#6214=LINE('',#14717,#7018);
#6215=LINE('',#14719,#7019);
#6216=LINE('',#14745,#7020);
#6217=LINE('',#14749,#7021);
#6218=LINE('',#14753,#7022);
#6219=LINE('',#14755,#7023);
#6220=LINE('',#14757,#7024);
#6221=LINE('',#14761,#7025);
#6222=LINE('',#14765,#7026);
#6223=LINE('',#14767,#7027);
#6224=LINE('',#14769,#7028);
#6225=LINE('',#14773,#7029);
#6226=LINE('',#14774,#7030);
#6227=LINE('',#14776,#7031);
#6228=LINE('',#14779,#7032);
#6229=LINE('',#14781,#7033);
#6230=LINE('',#14783,#7034);
#6231=LINE('',#14785,#7035);
#6232=LINE('',#14788,#7036);
#6233=LINE('',#14791,#7037);
#6234=LINE('',#14795,#7038);
#6235=LINE('',#14802,#7039);
#6236=LINE('',#14804,#7040);
#6237=LINE('',#14806,#7041);
#6238=LINE('',#14808,#7042);
#6239=LINE('',#14809,#7043);
#6240=LINE('',#14812,#7044);
#6241=LINE('',#14814,#7045);
#6242=LINE('',#14818,#7046);
#6243=LINE('',#14820,#7047);
#6244=LINE('',#14822,#7048);
#6245=LINE('',#14823,#7049);
#6246=LINE('',#14828,#7050);
#6247=LINE('',#14832,#7051);
#6248=LINE('',#14836,#7052);
#6249=LINE('',#14840,#7053);
#6250=LINE('',#14846,#7054);
#6251=LINE('',#14848,#7055);
#6252=LINE('',#14850,#7056);
#6253=LINE('',#14852,#7057);
#6254=LINE('',#14854,#7058);
#6255=LINE('',#14857,#7059);
#6256=LINE('',#14859,#7060);
#6257=LINE('',#14861,#7061);
#6258=LINE('',#14862,#7062);
#6259=LINE('',#14865,#7063);
#6260=LINE('',#14867,#7064);
#6261=LINE('',#14869,#7065);
#6262=LINE('',#14871,#7066);
#6263=LINE('',#14876,#7067);
#6264=LINE('',#14878,#7068);
#6265=LINE('',#14883,#7069);
#6266=LINE('',#14886,#7070);
#6267=LINE('',#14888,#7071);
#6268=LINE('',#14895,#7072);
#6269=LINE('',#14897,#7073);
#6270=LINE('',#14903,#7074);
#6271=LINE('',#14906,#7075);
#6272=LINE('',#14907,#7076);
#6273=LINE('',#14914,#7077);
#6274=LINE('',#14919,#7078);
#6275=LINE('',#14921,#7079);
#6276=LINE('',#14923,#7080);
#6277=LINE('',#14925,#7081);
#6278=LINE('',#14927,#7082);
#6279=LINE('',#14929,#7083);
#6280=LINE('',#14932,#7084);
#6281=LINE('',#14933,#7085);
#6282=LINE('',#14937,#7086);
#6283=LINE('',#14938,#7087);
#6284=LINE('',#14940,#7088);
#6285=LINE('',#14941,#7089);
#6286=LINE('',#14943,#7090);
#6287=LINE('',#14947,#7091);
#6288=LINE('',#14953,#7092);
#6289=LINE('',#14954,#7093);
#6290=LINE('',#14955,#7094);
#6291=LINE('',#14957,#7095);
#6292=LINE('',#14958,#7096);
#6293=LINE('',#14960,#7097);
#6294=LINE('',#14962,#7098);
#6295=LINE('',#14964,#7099);
#6296=LINE('',#14966,#7100);
#6297=LINE('',#14968,#7101);
#6298=LINE('',#14971,#7102);
#6299=LINE('',#14973,#7103);
#6300=LINE('',#14975,#7104);
#6301=LINE('',#14977,#7105);
#6302=LINE('',#14980,#7106);
#6303=LINE('',#14982,#7107);
#6304=LINE('',#14984,#7108);
#6305=LINE('',#14986,#7109);
#6306=LINE('',#14988,#7110);
#6307=LINE('',#14990,#7111);
#6308=LINE('',#14993,#7112);
#6309=LINE('',#14995,#7113);
#6310=LINE('',#14997,#7114);
#6311=LINE('',#14999,#7115);
#6312=LINE('',#15001,#7116);
#6313=LINE('',#15003,#7117);
#6314=LINE('',#15006,#7118);
#6315=LINE('',#15010,#7119);
#6316=LINE('',#15012,#7120);
#6317=LINE('',#15014,#7121);
#6318=LINE('',#15019,#7122);
#6319=LINE('',#15021,#7123);
#6320=LINE('',#15023,#7124);
#6321=LINE('',#15027,#7125);
#6322=LINE('',#15029,#7126);
#6323=LINE('',#15031,#7127);
#6324=LINE('',#15218,#7128);
#6325=LINE('',#15220,#7129);
#6326=LINE('',#15222,#7130);
#6327=LINE('',#15224,#7131);
#6328=LINE('',#15228,#7132);
#6329=LINE('',#15230,#7133);
#6330=LINE('',#15232,#7134);
#6331=LINE('',#15234,#7135);
#6332=LINE('',#15236,#7136);
#6333=LINE('',#15240,#7137);
#6334=LINE('',#15242,#7138);
#6335=LINE('',#15246,#7139);
#6336=LINE('',#15247,#7140);
#6337=LINE('',#15249,#7141);
#6338=LINE('',#15251,#7142);
#6339=LINE('',#15252,#7143);
#6340=LINE('',#15254,#7144);
#6341=LINE('',#15255,#7145);
#6342=LINE('',#15257,#7146);
#6343=LINE('',#15258,#7147);
#6344=LINE('',#15260,#7148);
#6345=LINE('',#15262,#7149);
#6346=LINE('',#15263,#7150);
#6347=LINE('',#15265,#7151);
#6348=LINE('',#15268,#7152);
#6349=LINE('',#15271,#7153);
#6350=LINE('',#15273,#7154);
#6351=LINE('',#15275,#7155);
#6352=LINE('',#15277,#7156);
#6353=LINE('',#15279,#7157);
#6354=LINE('',#15281,#7158);
#6355=LINE('',#15283,#7159);
#6356=LINE('',#15285,#7160);
#6357=LINE('',#15287,#7161);
#6358=LINE('',#15289,#7162);
#6359=LINE('',#15315,#7163);
#6360=LINE('',#15319,#7164);
#6361=LINE('',#15323,#7165);
#6362=LINE('',#15325,#7166);
#6363=LINE('',#15327,#7167);
#6364=LINE('',#15331,#7168);
#6365=LINE('',#15335,#7169);
#6366=LINE('',#15337,#7170);
#6367=LINE('',#15339,#7171);
#6368=LINE('',#15343,#7172);
#6369=LINE('',#15344,#7173);
#6370=LINE('',#15346,#7174);
#6371=LINE('',#15349,#7175);
#6372=LINE('',#15351,#7176);
#6373=LINE('',#15353,#7177);
#6374=LINE('',#15355,#7178);
#6375=LINE('',#15358,#7179);
#6376=LINE('',#15361,#7180);
#6377=LINE('',#15365,#7181);
#6378=LINE('',#15372,#7182);
#6379=LINE('',#15374,#7183);
#6380=LINE('',#15376,#7184);
#6381=LINE('',#15378,#7185);
#6382=LINE('',#15379,#7186);
#6383=LINE('',#15382,#7187);
#6384=LINE('',#15384,#7188);
#6385=LINE('',#15386,#7189);
#6386=LINE('',#15390,#7190);
#6387=LINE('',#15392,#7191);
#6388=LINE('',#15393,#7192);
#6389=LINE('',#15398,#7193);
#6390=LINE('',#15402,#7194);
#6391=LINE('',#15406,#7195);
#6392=LINE('',#15410,#7196);
#6393=LINE('',#15416,#7197);
#6394=LINE('',#15418,#7198);
#6395=LINE('',#15420,#7199);
#6396=LINE('',#15422,#7200);
#6397=LINE('',#15424,#7201);
#6398=LINE('',#15427,#7202);
#6399=LINE('',#15429,#7203);
#6400=LINE('',#15431,#7204);
#6401=LINE('',#15432,#7205);
#6402=LINE('',#15435,#7206);
#6403=LINE('',#15437,#7207);
#6404=LINE('',#15439,#7208);
#6405=LINE('',#15441,#7209);
#6406=LINE('',#15444,#7210);
#6407=LINE('',#15446,#7211);
#6408=LINE('',#15453,#7212);
#6409=LINE('',#15456,#7213);
#6410=LINE('',#15463,#7214);
#6411=LINE('',#15465,#7215);
#6412=LINE('',#15467,#7216);
#6413=LINE('',#15473,#7217);
#6414=LINE('',#15481,#7218);
#6415=LINE('',#15482,#7219);
#6416=LINE('',#15484,#7220);
#6417=LINE('',#15485,#7221);
#6418=LINE('',#15487,#7222);
#6419=LINE('',#15489,#7223);
#6420=LINE('',#15491,#7224);
#6421=LINE('',#15493,#7225);
#6422=LINE('',#15495,#7226);
#6423=LINE('',#15497,#7227);
#6424=LINE('',#15499,#7228);
#6425=LINE('',#15501,#7229);
#6426=LINE('',#15503,#7230);
#6427=LINE('',#15504,#7231);
#6428=LINE('',#15511,#7232);
#6429=LINE('',#15512,#7233);
#6430=LINE('',#15514,#7234);
#6431=LINE('',#15516,#7235);
#6432=LINE('',#15519,#7236);
#6433=LINE('',#15520,#7237);
#6434=LINE('',#15522,#7238);
#6435=LINE('',#15525,#7239);
#6436=LINE('',#15527,#7240);
#6437=LINE('',#15530,#7241);
#6438=LINE('',#15532,#7242);
#6439=LINE('',#15535,#7243);
#6440=LINE('',#15538,#7244);
#6441=LINE('',#15540,#7245);
#6442=LINE('',#15542,#7246);
#6443=LINE('',#15544,#7247);
#6444=LINE('',#15547,#7248);
#6445=LINE('',#15549,#7249);
#6446=LINE('',#15551,#7250);
#6447=LINE('',#15553,#7251);
#6448=LINE('',#15555,#7252);
#6449=LINE('',#15557,#7253);
#6450=LINE('',#15560,#7254);
#6451=LINE('',#15562,#7255);
#6452=LINE('',#15564,#7256);
#6453=LINE('',#15566,#7257);
#6454=LINE('',#15568,#7258);
#6455=LINE('',#15570,#7259);
#6456=LINE('',#15573,#7260);
#6457=LINE('',#15575,#7261);
#6458=LINE('',#15577,#7262);
#6459=LINE('',#15581,#7263);
#6460=LINE('',#15586,#7264);
#6461=LINE('',#15588,#7265);
#6462=LINE('',#15590,#7266);
#6463=LINE('',#15594,#7267);
#6464=LINE('',#15596,#7268);
#6465=LINE('',#15598,#7269);
#6466=LINE('',#15798,#7270);
#6467=LINE('',#15800,#7271);
#6468=LINE('',#15804,#7272);
#6469=LINE('',#15808,#7273);
#6470=LINE('',#15810,#7274);
#6471=LINE('',#15812,#7275);
#6472=LINE('',#15816,#7276);
#6473=LINE('',#15818,#7277);
#6474=LINE('',#15820,#7278);
#6475=LINE('',#15822,#7279);
#6476=LINE('',#15824,#7280);
#6477=LINE('',#15826,#7281);
#6478=LINE('',#15828,#7282);
#6479=LINE('',#15829,#7283);
#6480=LINE('',#15833,#7284);
#6481=LINE('',#15835,#7285);
#6482=LINE('',#15836,#7286);
#6483=LINE('',#15838,#7287);
#6484=LINE('',#15839,#7288);
#6485=LINE('',#15841,#7289);
#6486=LINE('',#15842,#7290);
#6487=LINE('',#15844,#7291);
#6488=LINE('',#15846,#7292);
#6489=LINE('',#15849,#7293);
#6490=LINE('',#15851,#7294);
#6491=LINE('',#15853,#7295);
#6492=LINE('',#15855,#7296);
#6493=LINE('',#15857,#7297);
#6494=LINE('',#15859,#7298);
#6495=LINE('',#15861,#7299);
#6496=LINE('',#15863,#7300);
#6497=LINE('',#15865,#7301);
#6498=LINE('',#15867,#7302);
#6499=LINE('',#15869,#7303);
#6500=LINE('',#15871,#7304);
#6501=LINE('',#15897,#7305);
#6502=LINE('',#15899,#7306);
#6503=LINE('',#15901,#7307);
#6504=LINE('',#15903,#7308);
#6505=LINE('',#15905,#7309);
#6506=LINE('',#15908,#7310);
#6507=VECTOR('',#10091,1.);
#6508=VECTOR('',#10092,1.);
#6509=VECTOR('',#10093,1.);
#6510=VECTOR('',#10094,1.);
#6511=VECTOR('',#10097,1.);
#6512=VECTOR('',#10098,1.);
#6513=VECTOR('',#10099,1.);
#6514=VECTOR('',#10100,1.);
#6515=VECTOR('',#10103,1.);
#6516=VECTOR('',#10114,1.);
#6517=VECTOR('',#10117,1.);
#6518=VECTOR('',#10122,1.);
#6519=VECTOR('',#10131,1.);
#6520=VECTOR('',#10134,1.);
#6521=VECTOR('',#10147,1.);
#6522=VECTOR('',#10148,1.);
#6523=VECTOR('',#10149,1.);
#6524=VECTOR('',#10150,1.);
#6525=VECTOR('',#10151,1.);
#6526=VECTOR('',#10152,1.);
#6527=VECTOR('',#10153,1.);
#6528=VECTOR('',#10156,1.);
#6529=VECTOR('',#10157,1.);
#6530=VECTOR('',#10158,1.);
#6531=VECTOR('',#10159,1.);
#6532=VECTOR('',#10162,1.);
#6533=VECTOR('',#10165,1.);
#6534=VECTOR('',#10168,1.);
#6535=VECTOR('',#10171,1.);
#6536=VECTOR('',#10176,1.);
#6537=VECTOR('',#10177,1.);
#6538=VECTOR('',#10178,1.);
#6539=VECTOR('',#10179,1.);
#6540=VECTOR('',#10182,1.);
#6541=VECTOR('',#10183,1.);
#6542=VECTOR('',#10184,1.);
#6543=VECTOR('',#10185,1.);
#6544=VECTOR('',#10186,1.);
#6545=VECTOR('',#10187,1.);
#6546=VECTOR('',#10188,1.);
#6547=VECTOR('',#10189,1.);
#6548=VECTOR('',#10192,1.);
#6549=VECTOR('',#10195,1.);
#6550=VECTOR('',#10196,1.);
#6551=VECTOR('',#10199,1.);
#6552=VECTOR('',#10200,1.);
#6553=VECTOR('',#10201,1.);
#6554=VECTOR('',#10202,1.);
#6555=VECTOR('',#10203,1.);
#6556=VECTOR('',#10206,1.);
#6557=VECTOR('',#10209,1.);
#6558=VECTOR('',#10210,1.);
#6559=VECTOR('',#10211,1.);
#6560=VECTOR('',#10212,1.);
#6561=VECTOR('',#10213,1.);
#6562=VECTOR('',#10216,1.);
#6563=VECTOR('',#10219,1.);
#6564=VECTOR('',#10220,1.);
#6565=VECTOR('',#10221,1.);
#6566=VECTOR('',#10222,1.);
#6567=VECTOR('',#10223,1.);
#6568=VECTOR('',#10226,1.);
#6569=VECTOR('',#10229,1.);
#6570=VECTOR('',#10230,1.);
#6571=VECTOR('',#10231,1.);
#6572=VECTOR('',#10232,1.);
#6573=VECTOR('',#10233,1.);
#6574=VECTOR('',#10236,1.);
#6575=VECTOR('',#10239,1.);
#6576=VECTOR('',#10240,1.);
#6577=VECTOR('',#10243,1.);
#6578=VECTOR('',#10244,1.);
#6579=VECTOR('',#10245,1.);
#6580=VECTOR('',#10246,1.);
#6581=VECTOR('',#10249,1.);
#6582=VECTOR('',#10252,1.);
#6583=VECTOR('',#10253,1.);
#6584=VECTOR('',#10254,1.);
#6585=VECTOR('',#10255,1.);
#6586=VECTOR('',#10258,1.);
#6587=VECTOR('',#10261,1.);
#6588=VECTOR('',#10262,1.);
#6589=VECTOR('',#10263,1.);
#6590=VECTOR('',#10264,1.);
#6591=VECTOR('',#10265,1.);
#6592=VECTOR('',#10268,1.);
#6593=VECTOR('',#10271,1.);
#6594=VECTOR('',#10272,1.);
#6595=VECTOR('',#10273,1.);
#6596=VECTOR('',#10274,1.);
#6597=VECTOR('',#10275,1.);
#6598=VECTOR('',#10276,1.);
#6599=VECTOR('',#10277,1.);
#6600=VECTOR('',#10278,1.);
#6601=VECTOR('',#10281,1.);
#6602=VECTOR('',#10284,1.);
#6603=VECTOR('',#10293,1.);
#6604=VECTOR('',#10294,1.);
#6605=VECTOR('',#10295,1.);
#6606=VECTOR('',#10296,1.);
#6607=VECTOR('',#10299,1.);
#6608=VECTOR('',#10306,1.);
#6609=VECTOR('',#10307,1.);
#6610=VECTOR('',#10308,1.);
#6611=VECTOR('',#10311,1.);
#6612=VECTOR('',#10312,1.);
#6613=VECTOR('',#10313,1.);
#6614=VECTOR('',#10314,1.);
#6615=VECTOR('',#10315,1.);
#6616=VECTOR('',#10316,1.);
#6617=VECTOR('',#10317,1.);
#6618=VECTOR('',#10318,1.);
#6619=VECTOR('',#10319,1.);
#6620=VECTOR('',#10322,1.);
#6621=VECTOR('',#10323,1.);
#6622=VECTOR('',#10324,1.);
#6623=VECTOR('',#10325,1.);
#6624=VECTOR('',#10326,1.);
#6625=VECTOR('',#10327,1.);
#6626=VECTOR('',#10328,1.);
#6627=VECTOR('',#10329,1.);
#6628=VECTOR('',#10330,1.);
#6629=VECTOR('',#10341,1.);
#6630=VECTOR('',#10342,1.);
#6631=VECTOR('',#10345,1.);
#6632=VECTOR('',#10348,1.);
#6633=VECTOR('',#10355,1.);
#6634=VECTOR('',#10356,1.);
#6635=VECTOR('',#10357,1.);
#6636=VECTOR('',#10362,1.);
#6637=VECTOR('',#10363,1.);
#6638=VECTOR('',#10368,1.);
#6639=VECTOR('',#10369,1.);
#6640=VECTOR('',#10372,1.);
#6641=VECTOR('',#10373,1.);
#6642=VECTOR('',#10374,1.);
#6643=VECTOR('',#10375,1.);
#6644=VECTOR('',#10378,1.);
#6645=VECTOR('',#10379,1.);
#6646=VECTOR('',#10380,1.);
#6647=VECTOR('',#10381,1.);
#6648=VECTOR('',#10382,1.);
#6649=VECTOR('',#10383,1.);
#6650=VECTOR('',#10386,1.);
#6651=VECTOR('',#10387,1.);
#6652=VECTOR('',#10388,1.);
#6653=VECTOR('',#10389,1.);
#6654=VECTOR('',#10390,1.);
#6655=VECTOR('',#10391,1.);
#6656=VECTOR('',#10394,1.);
#6657=VECTOR('',#10395,1.);
#6658=VECTOR('',#10398,1.);
#6659=VECTOR('',#10399,1.);
#6660=VECTOR('',#10400,1.);
#6661=VECTOR('',#10405,1.);
#6662=VECTOR('',#10406,1.);
#6663=VECTOR('',#10407,1.);
#6664=VECTOR('',#10410,1.);
#6665=VECTOR('',#10411,1.);
#6666=VECTOR('',#10412,1.);
#6667=VECTOR('',#10579,1.);
#6668=VECTOR('',#10580,1.);
#6669=VECTOR('',#10583,1.);
#6670=VECTOR('',#10584,1.);
#6671=VECTOR('',#10587,1.);
#6672=VECTOR('',#10590,1.);
#6673=VECTOR('',#10591,1.);
#6674=VECTOR('',#10592,1.);
#6675=VECTOR('',#10593,1.);
#6676=VECTOR('',#10596,1.);
#6677=VECTOR('',#10599,1.);
#6678=VECTOR('',#10602,1.);
#6679=VECTOR('',#10603,1.);
#6680=VECTOR('',#10604,1.);
#6681=VECTOR('',#10607,1.);
#6682=VECTOR('',#10608,1.);
#6683=VECTOR('',#10609,1.);
#6684=VECTOR('',#10612,1.);
#6685=VECTOR('',#10613,1.);
#6686=VECTOR('',#10616,1.);
#6687=VECTOR('',#10617,1.);
#6688=VECTOR('',#10620,1.);
#6689=VECTOR('',#10623,1.);
#6690=VECTOR('',#10628,1.);
#6691=VECTOR('',#10631,1.);
#6692=VECTOR('',#10634,1.);
#6693=VECTOR('',#10635,1.);
#6694=VECTOR('',#10636,1.);
#6695=VECTOR('',#10639,1.);
#6696=VECTOR('',#10640,1.);
#6697=VECTOR('',#10643,1.);
#6698=VECTOR('',#10644,1.);
#6699=VECTOR('',#10647,1.);
#6700=VECTOR('',#10648,1.);
#6701=VECTOR('',#10649,1.);
#6702=VECTOR('',#10706,1.);
#6703=VECTOR('',#10709,1.);
#6704=VECTOR('',#10712,1.);
#6705=VECTOR('',#10713,1.);
#6706=VECTOR('',#10714,1.);
#6707=VECTOR('',#10717,1.);
#6708=VECTOR('',#10720,1.);
#6709=VECTOR('',#10723,1.);
#6710=VECTOR('',#10726,1.);
#6711=VECTOR('',#10729,1.);
#6712=VECTOR('',#10730,1.);
#6713=VECTOR('',#10731,1.);
#6714=VECTOR('',#10734,1.);
#6715=VECTOR('',#10737,1.);
#6716=VECTOR('',#10740,1.);
#6717=VECTOR('',#10743,1.);
#6718=VECTOR('',#10746,1.);
#6719=VECTOR('',#10749,1.);
#6720=VECTOR('',#10752,1.);
#6721=VECTOR('',#10753,1.);
#6722=VECTOR('',#10754,1.);
#6723=VECTOR('',#10755,1.);
#6724=VECTOR('',#10756,1.);
#6725=VECTOR('',#10759,1.);
#6726=VECTOR('',#10762,1.);
#6727=VECTOR('',#10763,1.);
#6728=VECTOR('',#10764,1.);
#6729=VECTOR('',#10765,1.);
#6730=VECTOR('',#10766,1.);
#6731=VECTOR('',#10769,1.);
#6732=VECTOR('',#10772,1.);
#6733=VECTOR('',#10773,1.);
#6734=VECTOR('',#10774,1.);
#6735=VECTOR('',#10775,1.);
#6736=VECTOR('',#10776,1.);
#6737=VECTOR('',#10779,1.);
#6738=VECTOR('',#10782,1.);
#6739=VECTOR('',#10783,1.);
#6740=VECTOR('',#10784,1.);
#6741=VECTOR('',#10785,1.);
#6742=VECTOR('',#10786,1.);
#6743=VECTOR('',#10787,1.);
#6744=VECTOR('',#10788,1.);
#6745=VECTOR('',#10789,1.);
#6746=VECTOR('',#10792,1.);
#6747=VECTOR('',#10795,1.);
#6748=VECTOR('',#10798,1.);
#6749=VECTOR('',#10799,1.);
#6750=VECTOR('',#10800,1.);
#6751=VECTOR('',#10801,1.);
#6752=VECTOR('',#10802,1.);
#6753=VECTOR('',#10803,1.);
#6754=VECTOR('',#10806,1.);
#6755=VECTOR('',#10809,1.);
#6756=VECTOR('',#10810,1.);
#6757=VECTOR('',#10811,1.);
#6758=VECTOR('',#10812,1.);
#6759=VECTOR('',#10813,1.);
#6760=VECTOR('',#10816,1.);
#6761=VECTOR('',#10819,1.);
#6762=VECTOR('',#10820,1.);
#6763=VECTOR('',#10821,1.);
#6764=VECTOR('',#10822,1.);
#6765=VECTOR('',#10823,1.);
#6766=VECTOR('',#10826,1.);
#6767=VECTOR('',#10829,1.);
#6768=VECTOR('',#10830,1.);
#6769=VECTOR('',#10831,1.);
#6770=VECTOR('',#10832,1.);
#6771=VECTOR('',#10833,1.);
#6772=VECTOR('',#10834,1.);
#6773=VECTOR('',#10837,1.);
#6774=VECTOR('',#10840,1.);
#6775=VECTOR('',#10841,1.);
#6776=VECTOR('',#10846,1.);
#6777=VECTOR('',#10849,1.);
#6778=VECTOR('',#10854,1.);
#6779=VECTOR('',#10857,1.);
#6780=VECTOR('',#10862,1.);
#6781=VECTOR('',#10865,1.);
#6782=VECTOR('',#10872,1.);
#6783=VECTOR('',#10875,1.);
#6784=VECTOR('',#10882,1.);
#6785=VECTOR('',#10885,1.);
#6786=VECTOR('',#10892,1.);
#6787=VECTOR('',#10895,1.);
#6788=VECTOR('',#10902,1.);
#6789=VECTOR('',#10905,1.);
#6790=VECTOR('',#10912,1.);
#6791=VECTOR('',#10915,1.);
#6792=VECTOR('',#10922,1.);
#6793=VECTOR('',#10925,1.);
#6794=VECTOR('',#10932,1.);
#6795=VECTOR('',#10935,1.);
#6796=VECTOR('',#10942,1.);
#6797=VECTOR('',#10945,1.);
#6798=VECTOR('',#10954,1.);
#6799=VECTOR('',#10957,1.);
#6800=VECTOR('',#10962,1.);
#6801=VECTOR('',#10965,1.);
#6802=VECTOR('',#10970,1.);
#6803=VECTOR('',#10973,1.);
#6804=VECTOR('',#10976,1.);
#6805=VECTOR('',#10983,1.);
#6806=VECTOR('',#10986,1.);
#6807=VECTOR('',#10993,1.);
#6808=VECTOR('',#10996,1.);
#6809=VECTOR('',#11003,1.);
#6810=VECTOR('',#11006,1.);
#6811=VECTOR('',#11013,1.);
#6812=VECTOR('',#11016,1.);
#6813=VECTOR('',#11023,1.);
#6814=VECTOR('',#11026,1.);
#6815=VECTOR('',#11033,1.);
#6816=VECTOR('',#11036,1.);
#6817=VECTOR('',#11043,1.);
#6818=VECTOR('',#11046,1.);
#6819=VECTOR('',#11053,1.);
#6820=VECTOR('',#11062,1.);
#6821=VECTOR('',#11063,1.);
#6822=VECTOR('',#11066,1.);
#6823=VECTOR('',#11067,1.);
#6824=VECTOR('',#11070,1.);
#6825=VECTOR('',#11071,1.);
#6826=VECTOR('',#11074,1.);
#6827=VECTOR('',#11075,1.);
#6828=VECTOR('',#11078,1.);
#6829=VECTOR('',#11079,1.);
#6830=VECTOR('',#11082,1.);
#6831=VECTOR('',#11083,1.);
#6832=VECTOR('',#11086,1.);
#6833=VECTOR('',#11087,1.);
#6834=VECTOR('',#11090,1.);
#6835=VECTOR('',#11091,1.);
#6836=VECTOR('',#11094,1.);
#6837=VECTOR('',#11095,1.);
#6838=VECTOR('',#11098,1.);
#6839=VECTOR('',#11099,1.);
#6840=VECTOR('',#11102,1.);
#6841=VECTOR('',#11103,1.);
#6842=VECTOR('',#11106,1.);
#6843=VECTOR('',#11107,1.);
#6844=VECTOR('',#11110,1.);
#6845=VECTOR('',#11111,1.);
#6846=VECTOR('',#11114,1.);
#6847=VECTOR('',#11115,1.);
#6848=VECTOR('',#11118,1.);
#6849=VECTOR('',#11119,1.);
#6850=VECTOR('',#11122,1.);
#6851=VECTOR('',#11123,1.);
#6852=VECTOR('',#11126,1.);
#6853=VECTOR('',#11127,1.);
#6854=VECTOR('',#11130,1.);
#6855=VECTOR('',#11131,1.);
#6856=VECTOR('',#11134,1.);
#6857=VECTOR('',#11135,1.);
#6858=VECTOR('',#11138,1.);
#6859=VECTOR('',#11139,1.);
#6860=VECTOR('',#11142,1.);
#6861=VECTOR('',#11143,1.);
#6862=VECTOR('',#11146,1.);
#6863=VECTOR('',#11147,1.);
#6864=VECTOR('',#11150,1.);
#6865=VECTOR('',#11151,1.);
#6866=VECTOR('',#11154,1.);
#6867=VECTOR('',#11155,1.);
#6868=VECTOR('',#11210,1.);
#6869=VECTOR('',#11213,1.);
#6870=VECTOR('',#11214,1.);
#6871=VECTOR('',#11215,1.);
#6872=VECTOR('',#11218,1.);
#6873=VECTOR('',#11219,1.);
#6874=VECTOR('',#11238,1.);
#6875=VECTOR('',#11241,1.);
#6876=VECTOR('',#11242,1.);
#6877=VECTOR('',#11245,1.);
#6878=VECTOR('',#11246,1.);
#6879=VECTOR('',#11247,1.);
#6880=VECTOR('',#11266,1.);
#6881=VECTOR('',#11269,1.);
#6882=VECTOR('',#11270,1.);
#6883=VECTOR('',#11271,1.);
#6884=VECTOR('',#11274,1.);
#6885=VECTOR('',#11275,1.);
#6886=VECTOR('',#11292,1.);
#6887=VECTOR('',#11293,1.);
#6888=VECTOR('',#11296,1.);
#6889=VECTOR('',#11299,1.);
#6890=VECTOR('',#11302,1.);
#6891=VECTOR('',#11305,1.);
#6892=VECTOR('',#11308,1.);
#6893=VECTOR('',#11313,1.);
#6894=VECTOR('',#11318,1.);
#6895=VECTOR('',#11323,1.);
#6896=VECTOR('',#11330,1.);
#6897=VECTOR('',#11331,1.);
#6898=VECTOR('',#11332,1.);
#6899=VECTOR('',#11333,1.);
#6900=VECTOR('',#11334,1.);
#6901=VECTOR('',#11335,1.);
#6902=VECTOR('',#11336,1.);
#6903=VECTOR('',#11337,1.);
#6904=VECTOR('',#11340,1.);
#6905=VECTOR('',#11341,1.);
#6906=VECTOR('',#11342,1.);
#6907=VECTOR('',#11345,1.);
#6908=VECTOR('',#11348,1.);
#6909=VECTOR('',#11351,1.);
#6910=VECTOR('',#11354,1.);
#6911=VECTOR('',#11359,1.);
#6912=VECTOR('',#11360,1.);
#6913=VECTOR('',#11361,1.);
#6914=VECTOR('',#11362,1.);
#6915=VECTOR('',#11365,1.);
#6916=VECTOR('',#11366,1.);
#6917=VECTOR('',#11367,1.);
#6918=VECTOR('',#11368,1.);
#6919=VECTOR('',#11369,1.);
#6920=VECTOR('',#11370,1.);
#6921=VECTOR('',#11371,1.);
#6922=VECTOR('',#11372,1.);
#6923=VECTOR('',#11375,1.);
#6924=VECTOR('',#11376,1.);
#6925=VECTOR('',#11377,1.);
#6926=VECTOR('',#11388,1.);
#6927=VECTOR('',#11389,1.);
#6928=VECTOR('',#11390,1.);
#6929=VECTOR('',#11391,1.);
#6930=VECTOR('',#11394,1.);
#6931=VECTOR('',#11401,1.);
#6932=VECTOR('',#11404,1.);
#6933=VECTOR('',#11405,1.);
#6934=VECTOR('',#11408,1.);
#6935=VECTOR('',#11409,1.);
#6936=VECTOR('',#11410,1.);
#6937=VECTOR('',#11411,1.);
#6938=VECTOR('',#11412,1.);
#6939=VECTOR('',#11415,1.);
#6940=VECTOR('',#11416,1.);
#6941=VECTOR('',#11417,1.);
#6942=VECTOR('',#11418,1.);
#6943=VECTOR('',#11419,1.);
#6944=VECTOR('',#11420,1.);
#6945=VECTOR('',#11421,1.);
#6946=VECTOR('',#11422,1.);
#6947=VECTOR('',#11433,1.);
#6948=VECTOR('',#11434,1.);
#6949=VECTOR('',#11437,1.);
#6950=VECTOR('',#11440,1.);
#6951=VECTOR('',#11445,1.);
#6952=VECTOR('',#11446,1.);
#6953=VECTOR('',#11447,1.);
#6954=VECTOR('',#11452,1.);
#6955=VECTOR('',#11453,1.);
#6956=VECTOR('',#11458,1.);
#6957=VECTOR('',#11459,1.);
#6958=VECTOR('',#11464,1.);
#6959=VECTOR('',#11465,1.);
#6960=VECTOR('',#11466,1.);
#6961=VECTOR('',#11467,1.);
#6962=VECTOR('',#11470,1.);
#6963=VECTOR('',#11471,1.);
#6964=VECTOR('',#11472,1.);
#6965=VECTOR('',#11473,1.);
#6966=VECTOR('',#11474,1.);
#6967=VECTOR('',#11475,1.);
#6968=VECTOR('',#11478,1.);
#6969=VECTOR('',#11479,1.);
#6970=VECTOR('',#11480,1.);
#6971=VECTOR('',#11481,1.);
#6972=VECTOR('',#11482,1.);
#6973=VECTOR('',#11483,1.);
#6974=VECTOR('',#11486,1.);
#6975=VECTOR('',#11487,1.);
#6976=VECTOR('',#11488,1.);
#6977=VECTOR('',#11489,1.);
#6978=VECTOR('',#11492,1.);
#6979=VECTOR('',#11497,1.);
#6980=VECTOR('',#11498,1.);
#6981=VECTOR('',#11499,1.);
#6982=VECTOR('',#11502,1.);
#6983=VECTOR('',#11503,1.);
#6984=VECTOR('',#11504,1.);
#6985=VECTOR('',#11671,1.);
#6986=VECTOR('',#11672,1.);
#6987=VECTOR('',#11677,1.);
#6988=VECTOR('',#11680,1.);
#6989=VECTOR('',#11681,1.);
#6990=VECTOR('',#11684,1.);
#6991=VECTOR('',#11687,1.);
#6992=VECTOR('',#11688,1.);
#6993=VECTOR('',#11689,1.);
#6994=VECTOR('',#11690,1.);
#6995=VECTOR('',#11693,1.);
#6996=VECTOR('',#11694,1.);
#6997=VECTOR('',#11695,1.);
#6998=VECTOR('',#11696,1.);
#6999=VECTOR('',#11701,1.);
#7000=VECTOR('',#11702,1.);
#7001=VECTOR('',#11703,1.);
#7002=VECTOR('',#11706,1.);
#7003=VECTOR('',#11707,1.);
#7004=VECTOR('',#11710,1.);
#7005=VECTOR('',#11711,1.);
#7006=VECTOR('',#11714,1.);
#7007=VECTOR('',#11717,1.);
#7008=VECTOR('',#11722,1.);
#7009=VECTOR('',#11725,1.);
#7010=VECTOR('',#11728,1.);
#7011=VECTOR('',#11729,1.);
#7012=VECTOR('',#11730,1.);
#7013=VECTOR('',#11733,1.);
#7014=VECTOR('',#11734,1.);
#7015=VECTOR('',#11737,1.);
#7016=VECTOR('',#11738,1.);
#7017=VECTOR('',#11741,1.);
#7018=VECTOR('',#11742,1.);
#7019=VECTOR('',#11743,1.);
#7020=VECTOR('',#11794,1.);
#7021=VECTOR('',#11797,1.);
#7022=VECTOR('',#11800,1.);
#7023=VECTOR('',#11801,1.);
#7024=VECTOR('',#11802,1.);
#7025=VECTOR('',#11805,1.);
#7026=VECTOR('',#11808,1.);
#7027=VECTOR('',#11811,1.);
#7028=VECTOR('',#11814,1.);
#7029=VECTOR('',#11819,1.);
#7030=VECTOR('',#11820,1.);
#7031=VECTOR('',#11823,1.);
#7032=VECTOR('',#11826,1.);
#7033=VECTOR('',#11829,1.);
#7034=VECTOR('',#11832,1.);
#7035=VECTOR('',#11835,1.);
#7036=VECTOR('',#11840,1.);
#7037=VECTOR('',#11845,1.);
#7038=VECTOR('',#11850,1.);
#7039=VECTOR('',#11857,1.);
#7040=VECTOR('',#11858,1.);
#7041=VECTOR('',#11859,1.);
#7042=VECTOR('',#11860,1.);
#7043=VECTOR('',#11861,1.);
#7044=VECTOR('',#11862,1.);
#7045=VECTOR('',#11863,1.);
#7046=VECTOR('',#11866,1.);
#7047=VECTOR('',#11867,1.);
#7048=VECTOR('',#11868,1.);
#7049=VECTOR('',#11869,1.);
#7050=VECTOR('',#11872,1.);
#7051=VECTOR('',#11875,1.);
#7052=VECTOR('',#11878,1.);
#7053=VECTOR('',#11881,1.);
#7054=VECTOR('',#11886,1.);
#7055=VECTOR('',#11887,1.);
#7056=VECTOR('',#11888,1.);
#7057=VECTOR('',#11889,1.);
#7058=VECTOR('',#11892,1.);
#7059=VECTOR('',#11893,1.);
#7060=VECTOR('',#11894,1.);
#7061=VECTOR('',#11895,1.);
#7062=VECTOR('',#11896,1.);
#7063=VECTOR('',#11897,1.);
#7064=VECTOR('',#11898,1.);
#7065=VECTOR('',#11899,1.);
#7066=VECTOR('',#11902,1.);
#7067=VECTOR('',#11905,1.);
#7068=VECTOR('',#11906,1.);
#7069=VECTOR('',#11915,1.);
#7070=VECTOR('',#11916,1.);
#7071=VECTOR('',#11917,1.);
#7072=VECTOR('',#11918,1.);
#7073=VECTOR('',#11921,1.);
#7074=VECTOR('',#11928,1.);
#7075=VECTOR('',#11929,1.);
#7076=VECTOR('',#11930,1.);
#7077=VECTOR('',#11933,1.);
#7078=VECTOR('',#11936,1.);
#7079=VECTOR('',#11937,1.);
#7080=VECTOR('',#11938,1.);
#7081=VECTOR('',#11939,1.);
#7082=VECTOR('',#11940,1.);
#7083=VECTOR('',#11943,1.);
#7084=VECTOR('',#11946,1.);
#7085=VECTOR('',#11947,1.);
#7086=VECTOR('',#11952,1.);
#7087=VECTOR('',#11953,1.);
#7088=VECTOR('',#11956,1.);
#7089=VECTOR('',#11957,1.);
#7090=VECTOR('',#11960,1.);
#7091=VECTOR('',#11965,1.);
#7092=VECTOR('',#11976,1.);
#7093=VECTOR('',#11977,1.);
#7094=VECTOR('',#11978,1.);
#7095=VECTOR('',#11981,1.);
#7096=VECTOR('',#11982,1.);
#7097=VECTOR('',#11983,1.);
#7098=VECTOR('',#11984,1.);
#7099=VECTOR('',#11985,1.);
#7100=VECTOR('',#11986,1.);
#7101=VECTOR('',#11989,1.);
#7102=VECTOR('',#11990,1.);
#7103=VECTOR('',#11991,1.);
#7104=VECTOR('',#11992,1.);
#7105=VECTOR('',#11995,1.);
#7106=VECTOR('',#11996,1.);
#7107=VECTOR('',#11997,1.);
#7108=VECTOR('',#11998,1.);
#7109=VECTOR('',#11999,1.);
#7110=VECTOR('',#12000,1.);
#7111=VECTOR('',#12003,1.);
#7112=VECTOR('',#12004,1.);
#7113=VECTOR('',#12005,1.);
#7114=VECTOR('',#12006,1.);
#7115=VECTOR('',#12007,1.);
#7116=VECTOR('',#12008,1.);
#7117=VECTOR('',#12011,1.);
#7118=VECTOR('',#12012,1.);
#7119=VECTOR('',#12015,1.);
#7120=VECTOR('',#12016,1.);
#7121=VECTOR('',#12017,1.);
#7122=VECTOR('',#12022,1.);
#7123=VECTOR('',#12023,1.);
#7124=VECTOR('',#12024,1.);
#7125=VECTOR('',#12027,1.);
#7126=VECTOR('',#12028,1.);
#7127=VECTOR('',#12029,1.);
#7128=VECTOR('',#12196,1.);
#7129=VECTOR('',#12197,1.);
#7130=VECTOR('',#12200,1.);
#7131=VECTOR('',#12201,1.);
#7132=VECTOR('',#12204,1.);
#7133=VECTOR('',#12207,1.);
#7134=VECTOR('',#12208,1.);
#7135=VECTOR('',#12209,1.);
#7136=VECTOR('',#12210,1.);
#7137=VECTOR('',#12213,1.);
#7138=VECTOR('',#12216,1.);
#7139=VECTOR('',#12219,1.);
#7140=VECTOR('',#12220,1.);
#7141=VECTOR('',#12221,1.);
#7142=VECTOR('',#12224,1.);
#7143=VECTOR('',#12225,1.);
#7144=VECTOR('',#12228,1.);
#7145=VECTOR('',#12229,1.);
#7146=VECTOR('',#12232,1.);
#7147=VECTOR('',#12233,1.);
#7148=VECTOR('',#12234,1.);
#7149=VECTOR('',#12237,1.);
#7150=VECTOR('',#12238,1.);
#7151=VECTOR('',#12241,1.);
#7152=VECTOR('',#12246,1.);
#7153=VECTOR('',#12251,1.);
#7154=VECTOR('',#12252,1.);
#7155=VECTOR('',#12253,1.);
#7156=VECTOR('',#12256,1.);
#7157=VECTOR('',#12257,1.);
#7158=VECTOR('',#12260,1.);
#7159=VECTOR('',#12261,1.);
#7160=VECTOR('',#12264,1.);
#7161=VECTOR('',#12265,1.);
#7162=VECTOR('',#12266,1.);
#7163=VECTOR('',#12317,1.);
#7164=VECTOR('',#12320,1.);
#7165=VECTOR('',#12323,1.);
#7166=VECTOR('',#12324,1.);
#7167=VECTOR('',#12325,1.);
#7168=VECTOR('',#12328,1.);
#7169=VECTOR('',#12331,1.);
#7170=VECTOR('',#12334,1.);
#7171=VECTOR('',#12337,1.);
#7172=VECTOR('',#12342,1.);
#7173=VECTOR('',#12343,1.);
#7174=VECTOR('',#12346,1.);
#7175=VECTOR('',#12349,1.);
#7176=VECTOR('',#12352,1.);
#7177=VECTOR('',#12355,1.);
#7178=VECTOR('',#12358,1.);
#7179=VECTOR('',#12363,1.);
#7180=VECTOR('',#12368,1.);
#7181=VECTOR('',#12373,1.);
#7182=VECTOR('',#12380,1.);
#7183=VECTOR('',#12381,1.);
#7184=VECTOR('',#12382,1.);
#7185=VECTOR('',#12383,1.);
#7186=VECTOR('',#12384,1.);
#7187=VECTOR('',#12385,1.);
#7188=VECTOR('',#12386,1.);
#7189=VECTOR('',#12387,1.);
#7190=VECTOR('',#12390,1.);
#7191=VECTOR('',#12391,1.);
#7192=VECTOR('',#12392,1.);
#7193=VECTOR('',#12395,1.);
#7194=VECTOR('',#12398,1.);
#7195=VECTOR('',#12401,1.);
#7196=VECTOR('',#12404,1.);
#7197=VECTOR('',#12409,1.);
#7198=VECTOR('',#12410,1.);
#7199=VECTOR('',#12411,1.);
#7200=VECTOR('',#12412,1.);
#7201=VECTOR('',#12415,1.);
#7202=VECTOR('',#12416,1.);
#7203=VECTOR('',#12417,1.);
#7204=VECTOR('',#12418,1.);
#7205=VECTOR('',#12419,1.);
#7206=VECTOR('',#12420,1.);
#7207=VECTOR('',#12421,1.);
#7208=VECTOR('',#12422,1.);
#7209=VECTOR('',#12425,1.);
#7210=VECTOR('',#12426,1.);
#7211=VECTOR('',#12427,1.);
#7212=VECTOR('',#12438,1.);
#7213=VECTOR('',#12439,1.);
#7214=VECTOR('',#12440,1.);
#7215=VECTOR('',#12441,1.);
#7216=VECTOR('',#12444,1.);
#7217=VECTOR('',#12451,1.);
#7218=VECTOR('',#12452,1.);
#7219=VECTOR('',#12453,1.);
#7220=VECTOR('',#12456,1.);
#7221=VECTOR('',#12457,1.);
#7222=VECTOR('',#12458,1.);
#7223=VECTOR('',#12459,1.);
#7224=VECTOR('',#12460,1.);
#7225=VECTOR('',#12463,1.);
#7226=VECTOR('',#12464,1.);
#7227=VECTOR('',#12465,1.);
#7228=VECTOR('',#12466,1.);
#7229=VECTOR('',#12467,1.);
#7230=VECTOR('',#12468,1.);
#7231=VECTOR('',#12469,1.);
#7232=VECTOR('',#12480,1.);
#7233=VECTOR('',#12481,1.);
#7234=VECTOR('',#12484,1.);
#7235=VECTOR('',#12487,1.);
#7236=VECTOR('',#12492,1.);
#7237=VECTOR('',#12493,1.);
#7238=VECTOR('',#12494,1.);
#7239=VECTOR('',#12499,1.);
#7240=VECTOR('',#12500,1.);
#7241=VECTOR('',#12505,1.);
#7242=VECTOR('',#12506,1.);
#7243=VECTOR('',#12511,1.);
#7244=VECTOR('',#12512,1.);
#7245=VECTOR('',#12513,1.);
#7246=VECTOR('',#12514,1.);
#7247=VECTOR('',#12517,1.);
#7248=VECTOR('',#12518,1.);
#7249=VECTOR('',#12519,1.);
#7250=VECTOR('',#12520,1.);
#7251=VECTOR('',#12521,1.);
#7252=VECTOR('',#12522,1.);
#7253=VECTOR('',#12525,1.);
#7254=VECTOR('',#12526,1.);
#7255=VECTOR('',#12527,1.);
#7256=VECTOR('',#12528,1.);
#7257=VECTOR('',#12529,1.);
#7258=VECTOR('',#12530,1.);
#7259=VECTOR('',#12533,1.);
#7260=VECTOR('',#12534,1.);
#7261=VECTOR('',#12535,1.);
#7262=VECTOR('',#12536,1.);
#7263=VECTOR('',#12539,1.);
#7264=VECTOR('',#12544,1.);
#7265=VECTOR('',#12545,1.);
#7266=VECTOR('',#12546,1.);
#7267=VECTOR('',#12549,1.);
#7268=VECTOR('',#12550,1.);
#7269=VECTOR('',#12551,1.);
#7270=VECTOR('',#12714,1.);
#7271=VECTOR('',#12715,1.);
#7272=VECTOR('',#12720,1.);
#7273=VECTOR('',#12723,1.);
#7274=VECTOR('',#12724,1.);
#7275=VECTOR('',#12727,1.);
#7276=VECTOR('',#12730,1.);
#7277=VECTOR('',#12731,1.);
#7278=VECTOR('',#12732,1.);
#7279=VECTOR('',#12733,1.);
#7280=VECTOR('',#12736,1.);
#7281=VECTOR('',#12737,1.);
#7282=VECTOR('',#12738,1.);
#7283=VECTOR('',#12739,1.);
#7284=VECTOR('',#12744,1.);
#7285=VECTOR('',#12745,1.);
#7286=VECTOR('',#12746,1.);
#7287=VECTOR('',#12749,1.);
#7288=VECTOR('',#12750,1.);
#7289=VECTOR('',#12753,1.);
#7290=VECTOR('',#12754,1.);
#7291=VECTOR('',#12757,1.);
#7292=VECTOR('',#12760,1.);
#7293=VECTOR('',#12765,1.);
#7294=VECTOR('',#12768,1.);
#7295=VECTOR('',#12771,1.);
#7296=VECTOR('',#12772,1.);
#7297=VECTOR('',#12773,1.);
#7298=VECTOR('',#12776,1.);
#7299=VECTOR('',#12777,1.);
#7300=VECTOR('',#12780,1.);
#7301=VECTOR('',#12781,1.);
#7302=VECTOR('',#12784,1.);
#7303=VECTOR('',#12785,1.);
#7304=VECTOR('',#12786,1.);
#7305=VECTOR('',#12837,1.);
#7306=VECTOR('',#12840,1.);
#7307=VECTOR('',#12843,1.);
#7308=VECTOR('',#12846,1.);
#7309=VECTOR('',#12849,1.);
#7310=VECTOR('',#12854,1.);
#7311=EDGE_LOOP('',(#859,#860,#861,#862));
#7312=EDGE_LOOP('',(#863,#864,#865,#866));
#7313=EDGE_LOOP('',(#867,#868,#869,#870,#871));
#7314=EDGE_LOOP('',(#872,#873,#874,#875));
#7315=EDGE_LOOP('',(#876,#877,#878,#879,#880));
#7316=EDGE_LOOP('',(#881,#882,#883,#884));
#7317=EDGE_LOOP('',(#885,#886,#887,#888,#889));
#7318=EDGE_LOOP('',(#890,#891,#892,#893,#894));
#7319=EDGE_LOOP('',(#895,#896,#897,#898,#899,#900,#901));
#7320=EDGE_LOOP('',(#902,#903,#904,#905,#906,#907,#908,#909,#910,#911));
#7321=EDGE_LOOP('',(#912,#913,#914,#915,#916));
#7322=EDGE_LOOP('',(#917,#918,#919,#920));
#7323=EDGE_LOOP('',(#921,#922,#923,#924));
#7324=EDGE_LOOP('',(#925,#926,#927,#928));
#7325=EDGE_LOOP('',(#929,#930,#931,#932,#933,#934,#935,#936,#937,#938,#939,
#940,#941,#942,#943,#944,#945,#946,#947,#948,#949,#950,#951,#952,#953,#954,
#955,#956));
#7326=EDGE_LOOP('',(#957,#958,#959,#960,#961,#962,#963,#964));
#7327=EDGE_LOOP('',(#965,#966,#967,#968,#969,#970,#971,#972,#973,#974,#975,
#976,#977,#978,#979,#980,#981,#982,#983,#984,#985,#986,#987,#988,#989,#990,
#991,#992));
#7328=EDGE_LOOP('',(#993,#994,#995,#996,#997,#998,#999,#1000));
#7329=EDGE_LOOP('',(#1001,#1002,#1003,#1004));
#7330=EDGE_LOOP('',(#1005,#1006,#1007,#1008,#1009));
#7331=EDGE_LOOP('',(#1010,#1011,#1012,#1013));
#7332=EDGE_LOOP('',(#1014,#1015,#1016,#1017,#1018));
#7333=EDGE_LOOP('',(#1019,#1020,#1021,#1022,#1023,#1024,#1025,#1026,#1027,
#1028));
#7334=EDGE_LOOP('',(#1029,#1030,#1031,#1032,#1033,#1034,#1035,#1036,#1037,
#1038));
#7335=EDGE_LOOP('',(#1039,#1040,#1041,#1042,#1043));
#7336=EDGE_LOOP('',(#1044,#1045,#1046,#1047,#1048,#1049));
#7337=EDGE_LOOP('',(#1050,#1051,#1052,#1053,#1054,#1055));
#7338=EDGE_LOOP('',(#1056,#1057,#1058,#1059,#1060,#1061));
#7339=EDGE_LOOP('',(#1062,#1063,#1064,#1065,#1066,#1067));
#7340=EDGE_LOOP('',(#1068,#1069,#1070,#1071,#1072,#1073,#1074));
#7341=EDGE_LOOP('',(#1075,#1076,#1077,#1078,#1079,#1080,#1081));
#7342=EDGE_LOOP('',(#1082,#1083,#1084,#1085,#1086,#1087,#1088));
#7343=EDGE_LOOP('',(#1089,#1090,#1091,#1092));
#7344=EDGE_LOOP('',(#1093,#1094,#1095,#1096,#1097,#1098));
#7345=EDGE_LOOP('',(#1099,#1100,#1101,#1102,#1103,#1104));
#7346=EDGE_LOOP('',(#1105,#1106,#1107,#1108,#1109,#1110));
#7347=EDGE_LOOP('',(#1111,#1112,#1113,#1114,#1115,#1116,#1117,#1118));
#7348=EDGE_LOOP('',(#1119,#1120,#1121,#1122));
#7349=EDGE_LOOP('',(#1123,#1124,#1125,#1126));
#7350=EDGE_LOOP('',(#1127,#1128,#1129,#1130));
#7351=EDGE_LOOP('',(#1131,#1132,#1133,#1134));
#7352=EDGE_LOOP('',(#1135,#1136,#1137));
#7353=EDGE_LOOP('',(#1138,#1139,#1140));
#7354=EDGE_LOOP('',(#1141,#1142,#1143,#1144));
#7355=EDGE_LOOP('',(#1145,#1146,#1147,#1148));
#7356=EDGE_LOOP('',(#1149,#1150,#1151,#1152,#1153));
#7357=EDGE_LOOP('',(#1154,#1155,#1156,#1157));
#7358=EDGE_LOOP('',(#1158,#1159,#1160,#1161,#1162));
#7359=EDGE_LOOP('',(#1163,#1164,#1165));
#7360=EDGE_LOOP('',(#1166,#1167,#1168,#1169));
#7361=EDGE_LOOP('',(#1170,#1171,#1172,#1173));
#7362=EDGE_LOOP('',(#1174,#1175,#1176,#1177));
#7363=EDGE_LOOP('',(#1178,#1179,#1180,#1181));
#7364=EDGE_LOOP('',(#1182,#1183,#1184,#1185));
#7365=EDGE_LOOP('',(#1186,#1187,#1188));
#7366=EDGE_LOOP('',(#1189,#1190,#1191,#1192));
#7367=EDGE_LOOP('',(#1193,#1194,#1195,#1196));
#7368=EDGE_LOOP('',(#1197,#1198,#1199,#1200));
#7369=EDGE_LOOP('',(#1201,#1202,#1203,#1204));
#7370=EDGE_LOOP('',(#1205,#1206,#1207,#1208));
#7371=EDGE_LOOP('',(#1209,#1210,#1211,#1212));
#7372=EDGE_LOOP('',(#1213,#1214,#1215,#1216));
#7373=EDGE_LOOP('',(#1217,#1218,#1219,#1220));
#7374=EDGE_LOOP('',(#1221,#1222,#1223,#1224));
#7375=EDGE_LOOP('',(#1225,#1226,#1227,#1228));
#7376=EDGE_LOOP('',(#1229,#1230,#1231,#1232));
#7377=EDGE_LOOP('',(#1233,#1234,#1235,#1236));
#7378=EDGE_LOOP('',(#1237,#1238,#1239,#1240));
#7379=EDGE_LOOP('',(#1241,#1242,#1243,#1244));
#7380=EDGE_LOOP('',(#1245,#1246,#1247,#1248));
#7381=EDGE_LOOP('',(#1249,#1250,#1251,#1252));
#7382=EDGE_LOOP('',(#1253,#1254,#1255,#1256));
#7383=EDGE_LOOP('',(#1257,#1258,#1259,#1260));
#7384=EDGE_LOOP('',(#1261,#1262,#1263,#1264));
#7385=EDGE_LOOP('',(#1265,#1266,#1267,#1268));
#7386=EDGE_LOOP('',(#1269,#1270,#1271,#1272));
#7387=EDGE_LOOP('',(#1273,#1274,#1275,#1276));
#7388=EDGE_LOOP('',(#1277,#1278,#1279,#1280));
#7389=EDGE_LOOP('',(#1281,#1282,#1283,#1284));
#7390=EDGE_LOOP('',(#1285,#1286,#1287,#1288));
#7391=EDGE_LOOP('',(#1289,#1290,#1291,#1292));
#7392=EDGE_LOOP('',(#1293,#1294,#1295,#1296,#1297));
#7393=EDGE_LOOP('',(#1298,#1299,#1300,#1301,#1302,#1303,#1304));
#7394=EDGE_LOOP('',(#1305,#1306,#1307,#1308,#1309,#1310,#1311));
#7395=EDGE_LOOP('',(#1312,#1313,#1314,#1315,#1316,#1317,#1318));
#7396=EDGE_LOOP('',(#1319,#1320,#1321,#1322,#1323,#1324,#1325));
#7397=EDGE_LOOP('',(#1326,#1327,#1328,#1329));
#7398=EDGE_LOOP('',(#1330,#1331,#1332,#1333));
#7399=EDGE_LOOP('',(#1334,#1335,#1336,#1337));
#7400=EDGE_LOOP('',(#1338,#1339,#1340,#1341));
#7401=EDGE_LOOP('',(#1342,#1343,#1344,#1345));
#7402=EDGE_LOOP('',(#1346,#1347,#1348,#1349));
#7403=EDGE_LOOP('',(#1350,#1351,#1352,#1353,#1354));
#7404=EDGE_LOOP('',(#1355,#1356,#1357,#1358));
#7405=EDGE_LOOP('',(#1359,#1360,#1361,#1362));
#7406=EDGE_LOOP('',(#1363,#1364,#1365,#1366,#1367));
#7407=EDGE_LOOP('',(#1368,#1369,#1370,#1371,#1372,#1373));
#7408=EDGE_LOOP('',(#1374,#1375,#1376,#1377));
#7409=EDGE_LOOP('',(#1378,#1379,#1380,#1381));
#7410=EDGE_LOOP('',(#1382,#1383,#1384,#1385,#1386,#1387,#1388));
#7411=EDGE_LOOP('',(#1389,#1390,#1391));
#7412=EDGE_LOOP('',(#1392,#1393,#1394));
#7413=EDGE_LOOP('',(#1395,#1396,#1397,#1398));
#7414=EDGE_LOOP('',(#1399,#1400,#1401,#1402));
#7415=EDGE_LOOP('',(#1403,#1404,#1405));
#7416=EDGE_LOOP('',(#1406,#1407,#1408,#1409));
#7417=EDGE_LOOP('',(#1410,#1411,#1412,#1413));
#7418=EDGE_LOOP('',(#1414,#1415,#1416));
#7419=EDGE_LOOP('',(#1417,#1418,#1419,#1420));
#7420=EDGE_LOOP('',(#1421,#1422,#1423,#1424));
#7421=EDGE_LOOP('',(#1425,#1426,#1427,#1428,#1429,#1430,#1431,#1432,#1433,
#1434,#1435,#1436));
#7422=EDGE_LOOP('',(#1437,#1438,#1439,#1440,#1441,#1442,#1443,#1444,#1445,
#1446,#1447,#1448));
#7423=EDGE_LOOP('',(#1449,#1450,#1451,#1452,#1453));
#7424=EDGE_LOOP('',(#1454,#1455,#1456,#1457,#1458));
#7425=EDGE_LOOP('',(#1459,#1460,#1461,#1462,#1463));
#7426=EDGE_LOOP('',(#1464,#1465,#1466,#1467,#1468));
#7427=EDGE_LOOP('',(#1469,#1470,#1471,#1472,#1473,#1474,#1475,#1476,#1477,
#1478,#1479,#1480,#1481,#1482,#1483,#1484,#1485,#1486,#1487,#1488,#1489,
#1490,#1491,#1492,#1493,#1494,#1495,#1496));
#7428=EDGE_LOOP('',(#1497,#1498,#1499,#1500,#1501,#1502,#1503,#1504));
#7429=EDGE_LOOP('',(#1505,#1506,#1507,#1508,#1509,#1510,#1511,#1512,#1513,
#1514,#1515,#1516,#1517,#1518,#1519,#1520,#1521,#1522,#1523,#1524,#1525,
#1526,#1527,#1528,#1529,#1530,#1531,#1532));
#7430=EDGE_LOOP('',(#1533,#1534,#1535,#1536,#1537,#1538,#1539,#1540));
#7431=EDGE_LOOP('',(#1541,#1542,#1543,#1544,#1545,#1546,#1547,#1548,#1549,
#1550,#1551,#1552,#1553,#1554,#1555,#1556,#1557,#1558,#1559,#1560,#1561,
#1562,#1563,#1564));
#7432=EDGE_LOOP('',(#1565,#1566,#1567,#1568,#1569,#1570,#1571,#1572,#1573,
#1574,#1575,#1576));
#7433=EDGE_LOOP('',(#1577,#1578,#1579,#1580,#1581,#1582,#1583,#1584,#1585,
#1586,#1587,#1588));
#7434=EDGE_LOOP('',(#1589,#1590,#1591,#1592,#1593,#1594,#1595,#1596,#1597,
#1598,#1599,#1600));
#7435=EDGE_LOOP('',(#1601,#1602,#1603,#1604,#1605,#1606,#1607,#1608,#1609,
#1610,#1611,#1612));
#7436=EDGE_LOOP('',(#1613));
#7437=EDGE_LOOP('',(#1614,#1615,#1616,#1617,#1618,#1619,#1620,#1621,#1622,
#1623,#1624,#1625,#1626,#1627,#1628,#1629,#1630,#1631,#1632,#1633,#1634,
#1635,#1636,#1637));
#7438=EDGE_LOOP('',(#1638,#1639,#1640,#1641,#1642,#1643,#1644,#1645,#1646,
#1647,#1648,#1649));
#7439=EDGE_LOOP('',(#1650,#1651,#1652,#1653,#1654,#1655,#1656,#1657,#1658,
#1659,#1660,#1661));
#7440=EDGE_LOOP('',(#1662,#1663,#1664,#1665,#1666,#1667,#1668,#1669,#1670,
#1671,#1672,#1673));
#7441=EDGE_LOOP('',(#1674,#1675,#1676,#1677,#1678,#1679,#1680,#1681,#1682,
#1683,#1684,#1685));
#7442=EDGE_LOOP('',(#1686));
#7443=EDGE_LOOP('',(#1687));
#7444=EDGE_LOOP('',(#1688));
#7445=EDGE_LOOP('',(#1689,#1690,#1691,#1692));
#7446=EDGE_LOOP('',(#1693,#1694,#1695,#1696));
#7447=EDGE_LOOP('',(#1697,#1698,#1699,#1700));
#7448=EDGE_LOOP('',(#1701,#1702,#1703,#1704));
#7449=EDGE_LOOP('',(#1705,#1706,#1707,#1708));
#7450=EDGE_LOOP('',(#1709,#1710,#1711,#1712));
#7451=EDGE_LOOP('',(#1713,#1714,#1715,#1716));
#7452=EDGE_LOOP('',(#1717,#1718,#1719,#1720));
#7453=EDGE_LOOP('',(#1721,#1722,#1723,#1724));
#7454=EDGE_LOOP('',(#1725,#1726,#1727,#1728));
#7455=EDGE_LOOP('',(#1729,#1730,#1731,#1732));
#7456=EDGE_LOOP('',(#1733,#1734,#1735,#1736));
#7457=EDGE_LOOP('',(#1737,#1738,#1739,#1740));
#7458=EDGE_LOOP('',(#1741,#1742,#1743,#1744));
#7459=EDGE_LOOP('',(#1745,#1746,#1747,#1748));
#7460=EDGE_LOOP('',(#1749,#1750,#1751,#1752));
#7461=EDGE_LOOP('',(#1753,#1754,#1755,#1756));
#7462=EDGE_LOOP('',(#1757,#1758,#1759,#1760));
#7463=EDGE_LOOP('',(#1761,#1762,#1763,#1764));
#7464=EDGE_LOOP('',(#1765,#1766,#1767,#1768));
#7465=EDGE_LOOP('',(#1769,#1770,#1771,#1772));
#7466=EDGE_LOOP('',(#1773,#1774,#1775,#1776));
#7467=EDGE_LOOP('',(#1777,#1778,#1779,#1780));
#7468=EDGE_LOOP('',(#1781,#1782,#1783,#1784));
#7469=EDGE_LOOP('',(#1785,#1786,#1787,#1788));
#7470=EDGE_LOOP('',(#1789,#1790,#1791,#1792));
#7471=EDGE_LOOP('',(#1793,#1794,#1795,#1796));
#7472=EDGE_LOOP('',(#1797,#1798,#1799,#1800));
#7473=EDGE_LOOP('',(#1801,#1802,#1803,#1804));
#7474=EDGE_LOOP('',(#1805,#1806,#1807,#1808));
#7475=EDGE_LOOP('',(#1809,#1810,#1811,#1812));
#7476=EDGE_LOOP('',(#1813,#1814,#1815,#1816));
#7477=EDGE_LOOP('',(#1817,#1818,#1819,#1820));
#7478=EDGE_LOOP('',(#1821,#1822,#1823,#1824));
#7479=EDGE_LOOP('',(#1825,#1826,#1827,#1828));
#7480=EDGE_LOOP('',(#1829,#1830,#1831,#1832));
#7481=EDGE_LOOP('',(#1833,#1834,#1835,#1836));
#7482=EDGE_LOOP('',(#1837,#1838,#1839,#1840));
#7483=EDGE_LOOP('',(#1841,#1842,#1843,#1844));
#7484=EDGE_LOOP('',(#1845,#1846,#1847,#1848));
#7485=EDGE_LOOP('',(#1849,#1850,#1851,#1852));
#7486=EDGE_LOOP('',(#1853,#1854,#1855,#1856));
#7487=EDGE_LOOP('',(#1857,#1858,#1859,#1860));
#7488=EDGE_LOOP('',(#1861,#1862,#1863,#1864));
#7489=EDGE_LOOP('',(#1865,#1866,#1867,#1868));
#7490=EDGE_LOOP('',(#1869,#1870,#1871,#1872));
#7491=EDGE_LOOP('',(#1873,#1874,#1875,#1876));
#7492=EDGE_LOOP('',(#1877,#1878,#1879,#1880));
#7493=EDGE_LOOP('',(#1881,#1882,#1883,#1884,#1885));
#7494=EDGE_LOOP('',(#1886,#1887,#1888,#1889));
#7495=EDGE_LOOP('',(#1890,#1891,#1892,#1893));
#7496=EDGE_LOOP('',(#1894,#1895,#1896,#1897,#1898));
#7497=EDGE_LOOP('',(#1899,#1900,#1901,#1902,#1903));
#7498=EDGE_LOOP('',(#1904,#1905,#1906,#1907,#1908));
#7499=EDGE_LOOP('',(#1909,#1910,#1911,#1912));
#7500=EDGE_LOOP('',(#1913,#1914,#1915,#1916));
#7501=EDGE_LOOP('',(#1917,#1918,#1919,#1920,#1921));
#7502=EDGE_LOOP('',(#1922,#1923,#1924,#1925,#1926));
#7503=EDGE_LOOP('',(#1927,#1928,#1929,#1930,#1931));
#7504=EDGE_LOOP('',(#1932,#1933,#1934,#1935));
#7505=EDGE_LOOP('',(#1936,#1937,#1938,#1939));
#7506=EDGE_LOOP('',(#1940,#1941,#1942,#1943,#1944));
#7507=EDGE_LOOP('',(#1945,#1946,#1947,#1948,#1949));
#7508=EDGE_LOOP('',(#1950,#1951,#1952,#1953,#1954));
#7509=EDGE_LOOP('',(#1955,#1956,#1957,#1958,#1959));
#7510=EDGE_LOOP('',(#1960,#1961,#1962,#1963));
#7511=EDGE_LOOP('',(#1964,#1965,#1966,#1967));
#7512=EDGE_LOOP('',(#1968,#1969,#1970,#1971));
#7513=EDGE_LOOP('',(#1972,#1973,#1974,#1975));
#7514=EDGE_LOOP('',(#1976,#1977,#1978,#1979));
#7515=EDGE_LOOP('',(#1980,#1981,#1982,#1983));
#7516=EDGE_LOOP('',(#1984,#1985,#1986,#1987));
#7517=EDGE_LOOP('',(#1988,#1989,#1990,#1991));
#7518=EDGE_LOOP('',(#1992,#1993,#1994,#1995,#1996));
#7519=EDGE_LOOP('',(#1997,#1998,#1999,#2000,#2001,#2002,#2003));
#7520=EDGE_LOOP('',(#2004,#2005,#2006,#2007,#2008,#2009,#2010,#2011,#2012,
#2013));
#7521=EDGE_LOOP('',(#2014,#2015,#2016,#2017,#2018));
#7522=EDGE_LOOP('',(#2019,#2020,#2021,#2022));
#7523=EDGE_LOOP('',(#2023,#2024,#2025,#2026));
#7524=EDGE_LOOP('',(#2027,#2028,#2029,#2030));
#7525=EDGE_LOOP('',(#2031,#2032,#2033,#2034));
#7526=EDGE_LOOP('',(#2035,#2036,#2037,#2038,#2039));
#7527=EDGE_LOOP('',(#2040,#2041,#2042,#2043));
#7528=EDGE_LOOP('',(#2044,#2045,#2046,#2047,#2048));
#7529=EDGE_LOOP('',(#2049,#2050,#2051,#2052,#2053,#2054,#2055,#2056,#2057,
#2058));
#7530=EDGE_LOOP('',(#2059,#2060,#2061,#2062,#2063,#2064,#2065,#2066,#2067,
#2068));
#7531=EDGE_LOOP('',(#2069,#2070,#2071,#2072,#2073));
#7532=EDGE_LOOP('',(#2074,#2075,#2076,#2077,#2078,#2079));
#7533=EDGE_LOOP('',(#2080,#2081,#2082,#2083,#2084,#2085));
#7534=EDGE_LOOP('',(#2086,#2087,#2088,#2089,#2090,#2091));
#7535=EDGE_LOOP('',(#2092,#2093,#2094,#2095,#2096,#2097));
#7536=EDGE_LOOP('',(#2098,#2099,#2100,#2101,#2102,#2103,#2104));
#7537=EDGE_LOOP('',(#2105,#2106,#2107,#2108,#2109,#2110,#2111));
#7538=EDGE_LOOP('',(#2112,#2113,#2114,#2115,#2116,#2117,#2118));
#7539=EDGE_LOOP('',(#2119,#2120,#2121,#2122));
#7540=EDGE_LOOP('',(#2123,#2124,#2125,#2126,#2127,#2128));
#7541=EDGE_LOOP('',(#2129,#2130,#2131,#2132,#2133,#2134));
#7542=EDGE_LOOP('',(#2135,#2136,#2137,#2138,#2139,#2140));
#7543=EDGE_LOOP('',(#2141,#2142,#2143,#2144,#2145,#2146,#2147,#2148));
#7544=EDGE_LOOP('',(#2149,#2150,#2151,#2152));
#7545=EDGE_LOOP('',(#2153,#2154,#2155,#2156));
#7546=EDGE_LOOP('',(#2157,#2158,#2159,#2160));
#7547=EDGE_LOOP('',(#2161,#2162,#2163,#2164));
#7548=EDGE_LOOP('',(#2165,#2166,#2167));
#7549=EDGE_LOOP('',(#2168,#2169,#2170));
#7550=EDGE_LOOP('',(#2171,#2172,#2173,#2174));
#7551=EDGE_LOOP('',(#2175,#2176,#2177,#2178));
#7552=EDGE_LOOP('',(#2179,#2180,#2181,#2182,#2183));
#7553=EDGE_LOOP('',(#2184,#2185,#2186,#2187));
#7554=EDGE_LOOP('',(#2188,#2189,#2190,#2191,#2192));
#7555=EDGE_LOOP('',(#2193,#2194,#2195));
#7556=EDGE_LOOP('',(#2196,#2197,#2198,#2199));
#7557=EDGE_LOOP('',(#2200,#2201,#2202,#2203));
#7558=EDGE_LOOP('',(#2204,#2205,#2206,#2207));
#7559=EDGE_LOOP('',(#2208,#2209,#2210,#2211));
#7560=EDGE_LOOP('',(#2212,#2213,#2214,#2215));
#7561=EDGE_LOOP('',(#2216,#2217,#2218));
#7562=EDGE_LOOP('',(#2219,#2220,#2221,#2222));
#7563=EDGE_LOOP('',(#2223,#2224,#2225,#2226));
#7564=EDGE_LOOP('',(#2227,#2228,#2229,#2230));
#7565=EDGE_LOOP('',(#2231,#2232,#2233,#2234));
#7566=EDGE_LOOP('',(#2235,#2236,#2237,#2238));
#7567=EDGE_LOOP('',(#2239,#2240,#2241,#2242));
#7568=EDGE_LOOP('',(#2243,#2244,#2245,#2246));
#7569=EDGE_LOOP('',(#2247,#2248,#2249,#2250));
#7570=EDGE_LOOP('',(#2251,#2252,#2253,#2254));
#7571=EDGE_LOOP('',(#2255,#2256,#2257,#2258));
#7572=EDGE_LOOP('',(#2259,#2260,#2261,#2262));
#7573=EDGE_LOOP('',(#2263,#2264,#2265,#2266));
#7574=EDGE_LOOP('',(#2267,#2268,#2269,#2270));
#7575=EDGE_LOOP('',(#2271,#2272,#2273,#2274));
#7576=EDGE_LOOP('',(#2275,#2276,#2277,#2278));
#7577=EDGE_LOOP('',(#2279,#2280,#2281,#2282));
#7578=EDGE_LOOP('',(#2283,#2284,#2285,#2286));
#7579=EDGE_LOOP('',(#2287,#2288,#2289,#2290));
#7580=EDGE_LOOP('',(#2291,#2292,#2293,#2294));
#7581=EDGE_LOOP('',(#2295,#2296,#2297,#2298));
#7582=EDGE_LOOP('',(#2299,#2300,#2301,#2302));
#7583=EDGE_LOOP('',(#2303,#2304,#2305,#2306));
#7584=EDGE_LOOP('',(#2307,#2308,#2309,#2310));
#7585=EDGE_LOOP('',(#2311,#2312,#2313,#2314));
#7586=EDGE_LOOP('',(#2315,#2316,#2317,#2318));
#7587=EDGE_LOOP('',(#2319,#2320,#2321,#2322));
#7588=EDGE_LOOP('',(#2323,#2324,#2325,#2326,#2327));
#7589=EDGE_LOOP('',(#2328,#2329,#2330,#2331,#2332,#2333,#2334));
#7590=EDGE_LOOP('',(#2335,#2336,#2337,#2338,#2339,#2340,#2341));
#7591=EDGE_LOOP('',(#2342,#2343,#2344,#2345,#2346,#2347,#2348));
#7592=EDGE_LOOP('',(#2349,#2350,#2351,#2352,#2353,#2354,#2355));
#7593=EDGE_LOOP('',(#2356,#2357,#2358,#2359));
#7594=EDGE_LOOP('',(#2360,#2361,#2362,#2363));
#7595=EDGE_LOOP('',(#2364,#2365,#2366,#2367));
#7596=EDGE_LOOP('',(#2368,#2369,#2370,#2371));
#7597=EDGE_LOOP('',(#2372,#2373,#2374,#2375));
#7598=EDGE_LOOP('',(#2376,#2377,#2378,#2379));
#7599=EDGE_LOOP('',(#2380,#2381,#2382,#2383,#2384));
#7600=EDGE_LOOP('',(#2385,#2386,#2387,#2388));
#7601=EDGE_LOOP('',(#2389,#2390,#2391,#2392));
#7602=EDGE_LOOP('',(#2393,#2394,#2395,#2396,#2397));
#7603=EDGE_LOOP('',(#2398,#2399,#2400,#2401,#2402,#2403));
#7604=EDGE_LOOP('',(#2404,#2405,#2406,#2407));
#7605=EDGE_LOOP('',(#2408,#2409,#2410,#2411));
#7606=EDGE_LOOP('',(#2412,#2413,#2414,#2415,#2416,#2417,#2418));
#7607=EDGE_LOOP('',(#2419,#2420,#2421));
#7608=EDGE_LOOP('',(#2422,#2423,#2424));
#7609=EDGE_LOOP('',(#2425,#2426,#2427,#2428));
#7610=EDGE_LOOP('',(#2429,#2430,#2431,#2432));
#7611=EDGE_LOOP('',(#2433,#2434,#2435));
#7612=EDGE_LOOP('',(#2436,#2437,#2438,#2439));
#7613=EDGE_LOOP('',(#2440,#2441,#2442,#2443));
#7614=EDGE_LOOP('',(#2444,#2445,#2446));
#7615=EDGE_LOOP('',(#2447,#2448,#2449,#2450));
#7616=EDGE_LOOP('',(#2451,#2452,#2453,#2454));
#7617=EDGE_LOOP('',(#2455,#2456,#2457,#2458,#2459,#2460,#2461,#2462,#2463,
#2464,#2465,#2466));
#7618=EDGE_LOOP('',(#2467,#2468,#2469,#2470,#2471));
#7619=EDGE_LOOP('',(#2472,#2473,#2474,#2475,#2476));
#7620=EDGE_LOOP('',(#2477,#2478,#2479,#2480,#2481));
#7621=EDGE_LOOP('',(#2482,#2483,#2484,#2485,#2486));
#7622=EDGE_LOOP('',(#2487,#2488,#2489,#2490));
#7623=EDGE_LOOP('',(#2491,#2492,#2493,#2494));
#7624=EDGE_LOOP('',(#2495,#2496,#2497,#2498));
#7625=EDGE_LOOP('',(#2499,#2500,#2501,#2502));
#7626=EDGE_LOOP('',(#2503,#2504,#2505,#2506));
#7627=EDGE_LOOP('',(#2507,#2508,#2509,#2510));
#7628=EDGE_LOOP('',(#2511,#2512,#2513,#2514));
#7629=EDGE_LOOP('',(#2515,#2516,#2517,#2518));
#7630=EDGE_LOOP('',(#2519,#2520,#2521,#2522,#2523));
#7631=EDGE_LOOP('',(#2524,#2525,#2526,#2527,#2528,#2529,#2530));
#7632=EDGE_LOOP('',(#2531,#2532,#2533,#2534,#2535,#2536,#2537,#2538,#2539,
#2540));
#7633=EDGE_LOOP('',(#2541,#2542,#2543,#2544,#2545));
#7634=EDGE_LOOP('',(#2546,#2547,#2548,#2549));
#7635=EDGE_LOOP('',(#2550,#2551,#2552,#2553));
#7636=EDGE_LOOP('',(#2554,#2555,#2556,#2557));
#7637=EDGE_LOOP('',(#2558,#2559,#2560,#2561));
#7638=EDGE_LOOP('',(#2562,#2563,#2564,#2565,#2566));
#7639=EDGE_LOOP('',(#2567,#2568,#2569,#2570));
#7640=EDGE_LOOP('',(#2571,#2572,#2573,#2574,#2575));
#7641=EDGE_LOOP('',(#2576,#2577,#2578,#2579,#2580,#2581,#2582));
#7642=EDGE_LOOP('',(#2583,#2584,#2585,#2586,#2587,#2588,#2589));
#7643=EDGE_LOOP('',(#2590,#2591,#2592,#2593,#2594,#2595,#2596));
#7644=EDGE_LOOP('',(#2597,#2598,#2599,#2600,#2601,#2602));
#7645=EDGE_LOOP('',(#2603,#2604,#2605,#2606,#2607,#2608));
#7646=EDGE_LOOP('',(#2609,#2610,#2611,#2612,#2613,#2614));
#7647=EDGE_LOOP('',(#2615,#2616,#2617,#2618,#2619,#2620));
#7648=EDGE_LOOP('',(#2621,#2622,#2623,#2624,#2625));
#7649=EDGE_LOOP('',(#2626,#2627,#2628,#2629,#2630,#2631,#2632,#2633,#2634,
#2635));
#7650=EDGE_LOOP('',(#2636,#2637,#2638,#2639,#2640,#2641,#2642,#2643,#2644,
#2645));
#7651=EDGE_LOOP('',(#2646,#2647,#2648,#2649));
#7652=EDGE_LOOP('',(#2650,#2651,#2652,#2653,#2654,#2655));
#7653=EDGE_LOOP('',(#2656,#2657,#2658,#2659,#2660,#2661));
#7654=EDGE_LOOP('',(#2662,#2663,#2664,#2665,#2666,#2667));
#7655=EDGE_LOOP('',(#2668,#2669,#2670,#2671,#2672,#2673,#2674,#2675));
#7656=EDGE_LOOP('',(#2676,#2677,#2678,#2679));
#7657=EDGE_LOOP('',(#2680,#2681,#2682,#2683));
#7658=EDGE_LOOP('',(#2684,#2685,#2686,#2687));
#7659=EDGE_LOOP('',(#2688,#2689,#2690,#2691));
#7660=EDGE_LOOP('',(#2692,#2693,#2694));
#7661=EDGE_LOOP('',(#2695,#2696,#2697));
#7662=EDGE_LOOP('',(#2698,#2699,#2700,#2701));
#7663=EDGE_LOOP('',(#2702,#2703,#2704,#2705));
#7664=EDGE_LOOP('',(#2706,#2707,#2708,#2709,#2710));
#7665=EDGE_LOOP('',(#2711,#2712,#2713,#2714));
#7666=EDGE_LOOP('',(#2715,#2716,#2717,#2718,#2719));
#7667=EDGE_LOOP('',(#2720,#2721,#2722));
#7668=EDGE_LOOP('',(#2723,#2724,#2725,#2726));
#7669=EDGE_LOOP('',(#2727,#2728,#2729,#2730));
#7670=EDGE_LOOP('',(#2731,#2732,#2733,#2734));
#7671=EDGE_LOOP('',(#2735,#2736,#2737,#2738));
#7672=EDGE_LOOP('',(#2739,#2740,#2741,#2742));
#7673=EDGE_LOOP('',(#2743,#2744,#2745));
#7674=EDGE_LOOP('',(#2746,#2747,#2748,#2749));
#7675=EDGE_LOOP('',(#2750,#2751,#2752,#2753));
#7676=EDGE_LOOP('',(#2754,#2755,#2756,#2757));
#7677=EDGE_LOOP('',(#2758,#2759,#2760,#2761));
#7678=EDGE_LOOP('',(#2762,#2763,#2764,#2765));
#7679=EDGE_LOOP('',(#2766,#2767,#2768,#2769));
#7680=EDGE_LOOP('',(#2770,#2771,#2772,#2773));
#7681=EDGE_LOOP('',(#2774,#2775,#2776,#2777));
#7682=EDGE_LOOP('',(#2778,#2779,#2780,#2781));
#7683=EDGE_LOOP('',(#2782,#2783,#2784,#2785));
#7684=EDGE_LOOP('',(#2786,#2787,#2788,#2789));
#7685=EDGE_LOOP('',(#2790,#2791,#2792,#2793));
#7686=EDGE_LOOP('',(#2794,#2795,#2796,#2797));
#7687=EDGE_LOOP('',(#2798,#2799,#2800,#2801));
#7688=EDGE_LOOP('',(#2802,#2803,#2804,#2805));
#7689=EDGE_LOOP('',(#2806,#2807,#2808,#2809));
#7690=EDGE_LOOP('',(#2810,#2811,#2812,#2813));
#7691=EDGE_LOOP('',(#2814,#2815,#2816,#2817));
#7692=EDGE_LOOP('',(#2818,#2819,#2820,#2821));
#7693=EDGE_LOOP('',(#2822,#2823,#2824,#2825));
#7694=EDGE_LOOP('',(#2826,#2827,#2828,#2829));
#7695=EDGE_LOOP('',(#2830,#2831,#2832,#2833));
#7696=EDGE_LOOP('',(#2834,#2835,#2836,#2837));
#7697=EDGE_LOOP('',(#2838,#2839,#2840,#2841));
#7698=EDGE_LOOP('',(#2842,#2843,#2844,#2845));
#7699=EDGE_LOOP('',(#2846,#2847,#2848,#2849));
#7700=EDGE_LOOP('',(#2850,#2851,#2852,#2853,#2854));
#7701=EDGE_LOOP('',(#2855,#2856,#2857,#2858,#2859,#2860,#2861));
#7702=EDGE_LOOP('',(#2862,#2863,#2864,#2865,#2866,#2867,#2868));
#7703=EDGE_LOOP('',(#2869,#2870,#2871,#2872));
#7704=EDGE_LOOP('',(#2873,#2874,#2875,#2876));
#7705=EDGE_LOOP('',(#2877,#2878,#2879,#2880));
#7706=EDGE_LOOP('',(#2881,#2882,#2883,#2884));
#7707=EDGE_LOOP('',(#2885,#2886,#2887,#2888));
#7708=EDGE_LOOP('',(#2889,#2890,#2891,#2892));
#7709=EDGE_LOOP('',(#2893,#2894,#2895,#2896,#2897,#2898,#2899));
#7710=EDGE_LOOP('',(#2900,#2901,#2902,#2903,#2904,#2905,#2906));
#7711=EDGE_LOOP('',(#2907,#2908,#2909,#2910,#2911));
#7712=EDGE_LOOP('',(#2912,#2913,#2914,#2915));
#7713=EDGE_LOOP('',(#2916,#2917,#2918,#2919));
#7714=EDGE_LOOP('',(#2920,#2921,#2922,#2923,#2924));
#7715=EDGE_LOOP('',(#2925,#2926,#2927,#2928,#2929,#2930));
#7716=EDGE_LOOP('',(#2931,#2932,#2933,#2934));
#7717=EDGE_LOOP('',(#2935,#2936,#2937,#2938));
#7718=EDGE_LOOP('',(#2939,#2940,#2941,#2942,#2943,#2944,#2945));
#7719=EDGE_LOOP('',(#2946,#2947,#2948));
#7720=EDGE_LOOP('',(#2949,#2950,#2951));
#7721=EDGE_LOOP('',(#2952,#2953,#2954,#2955));
#7722=EDGE_LOOP('',(#2956,#2957,#2958,#2959));
#7723=EDGE_LOOP('',(#2960,#2961,#2962));
#7724=EDGE_LOOP('',(#2963,#2964,#2965,#2966));
#7725=EDGE_LOOP('',(#2967,#2968,#2969,#2970));
#7726=EDGE_LOOP('',(#2971,#2972,#2973));
#7727=EDGE_LOOP('',(#2974,#2975,#2976,#2977));
#7728=EDGE_LOOP('',(#2978,#2979,#2980,#2981));
#7729=EDGE_LOOP('',(#2982,#2983,#2984,#2985,#2986,#2987,#2988,#2989,#2990,
#2991,#2992,#2993));
#7730=EDGE_LOOP('',(#2994,#2995,#2996,#2997,#2998));
#7731=EDGE_LOOP('',(#2999,#3000,#3001,#3002,#3003));
#7732=EDGE_LOOP('',(#3004,#3005,#3006,#3007,#3008));
#7733=EDGE_LOOP('',(#3009,#3010,#3011,#3012,#3013));
#7734=EDGE_LOOP('',(#3014,#3015,#3016,#3017));
#7735=EDGE_LOOP('',(#3018,#3019,#3020,#3021));
#7736=EDGE_LOOP('',(#3022,#3023,#3024,#3025));
#7737=EDGE_LOOP('',(#3026,#3027,#3028,#3029));
#7738=EDGE_LOOP('',(#3030,#3031,#3032,#3033));
#7739=EDGE_LOOP('',(#3034,#3035,#3036,#3037));
#7740=EDGE_LOOP('',(#3038,#3039,#3040,#3041));
#7741=EDGE_LOOP('',(#3042,#3043,#3044,#3045));
#7742=EDGE_LOOP('',(#3046,#3047,#3048,#3049,#3050));
#7743=EDGE_LOOP('',(#3051,#3052,#3053,#3054,#3055,#3056,#3057));
#7744=EDGE_LOOP('',(#3058,#3059,#3060,#3061,#3062,#3063,#3064,#3065,#3066,
#3067));
#7745=EDGE_LOOP('',(#3068,#3069,#3070,#3071,#3072));
#7746=EDGE_LOOP('',(#3073,#3074,#3075,#3076));
#7747=EDGE_LOOP('',(#3077,#3078,#3079,#3080));
#7748=EDGE_LOOP('',(#3081,#3082,#3083,#3084));
#7749=EDGE_LOOP('',(#3085,#3086,#3087,#3088));
#7750=EDGE_LOOP('',(#3089,#3090,#3091,#3092,#3093));
#7751=EDGE_LOOP('',(#3094,#3095,#3096,#3097));
#7752=EDGE_LOOP('',(#3098,#3099,#3100,#3101,#3102));
#7753=EDGE_LOOP('',(#3103,#3104,#3105,#3106,#3107,#3108,#3109,#3110,#3111,
#3112));
#7754=EDGE_LOOP('',(#3113,#3114,#3115,#3116,#3117,#3118,#3119,#3120,#3121,
#3122));
#7755=EDGE_LOOP('',(#3123,#3124,#3125,#3126,#3127));
#7756=EDGE_LOOP('',(#3128,#3129,#3130,#3131,#3132,#3133));
#7757=EDGE_LOOP('',(#3134,#3135,#3136,#3137,#3138,#3139));
#7758=EDGE_LOOP('',(#3140,#3141,#3142,#3143,#3144,#3145));
#7759=EDGE_LOOP('',(#3146,#3147,#3148,#3149,#3150,#3151));
#7760=EDGE_LOOP('',(#3152,#3153,#3154,#3155,#3156,#3157,#3158));
#7761=EDGE_LOOP('',(#3159,#3160,#3161,#3162,#3163,#3164,#3165));
#7762=EDGE_LOOP('',(#3166,#3167,#3168,#3169,#3170,#3171,#3172));
#7763=EDGE_LOOP('',(#3173,#3174,#3175,#3176));
#7764=EDGE_LOOP('',(#3177,#3178,#3179,#3180,#3181,#3182));
#7765=EDGE_LOOP('',(#3183,#3184,#3185,#3186,#3187,#3188));
#7766=EDGE_LOOP('',(#3189,#3190,#3191,#3192,#3193,#3194));
#7767=EDGE_LOOP('',(#3195,#3196,#3197,#3198,#3199,#3200,#3201,#3202));
#7768=EDGE_LOOP('',(#3203,#3204,#3205,#3206));
#7769=EDGE_LOOP('',(#3207,#3208,#3209,#3210));
#7770=EDGE_LOOP('',(#3211,#3212,#3213,#3214));
#7771=EDGE_LOOP('',(#3215,#3216,#3217,#3218));
#7772=EDGE_LOOP('',(#3219,#3220,#3221));
#7773=EDGE_LOOP('',(#3222,#3223,#3224));
#7774=EDGE_LOOP('',(#3225,#3226,#3227,#3228));
#7775=EDGE_LOOP('',(#3229,#3230,#3231,#3232));
#7776=EDGE_LOOP('',(#3233,#3234,#3235,#3236,#3237));
#7777=EDGE_LOOP('',(#3238,#3239,#3240,#3241));
#7778=EDGE_LOOP('',(#3242,#3243,#3244,#3245,#3246));
#7779=EDGE_LOOP('',(#3247,#3248,#3249));
#7780=EDGE_LOOP('',(#3250,#3251,#3252,#3253));
#7781=EDGE_LOOP('',(#3254,#3255,#3256,#3257));
#7782=EDGE_LOOP('',(#3258,#3259,#3260,#3261));
#7783=EDGE_LOOP('',(#3262,#3263,#3264,#3265));
#7784=EDGE_LOOP('',(#3266,#3267,#3268,#3269));
#7785=EDGE_LOOP('',(#3270,#3271,#3272));
#7786=EDGE_LOOP('',(#3273,#3274,#3275,#3276));
#7787=EDGE_LOOP('',(#3277,#3278,#3279,#3280));
#7788=EDGE_LOOP('',(#3281,#3282,#3283,#3284));
#7789=EDGE_LOOP('',(#3285,#3286,#3287,#3288));
#7790=EDGE_LOOP('',(#3289,#3290,#3291,#3292));
#7791=EDGE_LOOP('',(#3293,#3294,#3295,#3296));
#7792=EDGE_LOOP('',(#3297,#3298,#3299,#3300));
#7793=EDGE_LOOP('',(#3301,#3302,#3303,#3304));
#7794=EDGE_LOOP('',(#3305,#3306,#3307,#3308));
#7795=EDGE_LOOP('',(#3309,#3310,#3311,#3312));
#7796=EDGE_LOOP('',(#3313,#3314,#3315,#3316));
#7797=EDGE_LOOP('',(#3317,#3318,#3319,#3320));
#7798=EDGE_LOOP('',(#3321,#3322,#3323,#3324));
#7799=EDGE_LOOP('',(#3325,#3326,#3327,#3328));
#7800=EDGE_LOOP('',(#3329,#3330,#3331,#3332));
#7801=EDGE_LOOP('',(#3333,#3334,#3335,#3336));
#7802=EDGE_LOOP('',(#3337,#3338,#3339,#3340));
#7803=EDGE_LOOP('',(#3341,#3342,#3343,#3344));
#7804=EDGE_LOOP('',(#3345,#3346,#3347,#3348));
#7805=EDGE_LOOP('',(#3349,#3350,#3351,#3352));
#7806=EDGE_LOOP('',(#3353,#3354,#3355,#3356));
#7807=EDGE_LOOP('',(#3357,#3358,#3359,#3360));
#7808=EDGE_LOOP('',(#3361,#3362,#3363,#3364));
#7809=EDGE_LOOP('',(#3365,#3366,#3367,#3368));
#7810=EDGE_LOOP('',(#3369,#3370,#3371,#3372));
#7811=EDGE_LOOP('',(#3373,#3374,#3375,#3376));
#7812=EDGE_LOOP('',(#3377,#3378,#3379,#3380,#3381));
#7813=EDGE_LOOP('',(#3382,#3383,#3384,#3385,#3386,#3387,#3388));
#7814=EDGE_LOOP('',(#3389,#3390,#3391,#3392,#3393,#3394,#3395));
#7815=EDGE_LOOP('',(#3396,#3397,#3398,#3399,#3400,#3401,#3402));
#7816=EDGE_LOOP('',(#3403,#3404,#3405,#3406,#3407,#3408,#3409));
#7817=EDGE_LOOP('',(#3410,#3411,#3412,#3413));
#7818=EDGE_LOOP('',(#3414,#3415,#3416,#3417));
#7819=EDGE_LOOP('',(#3418,#3419,#3420,#3421));
#7820=EDGE_LOOP('',(#3422,#3423,#3424,#3425));
#7821=EDGE_LOOP('',(#3426,#3427,#3428,#3429));
#7822=EDGE_LOOP('',(#3430,#3431,#3432,#3433));
#7823=EDGE_LOOP('',(#3434,#3435,#3436,#3437,#3438));
#7824=EDGE_LOOP('',(#3439,#3440,#3441,#3442));
#7825=EDGE_LOOP('',(#3443,#3444,#3445,#3446));
#7826=EDGE_LOOP('',(#3447,#3448,#3449,#3450,#3451));
#7827=EDGE_LOOP('',(#3452,#3453,#3454,#3455,#3456,#3457));
#7828=EDGE_LOOP('',(#3458,#3459,#3460,#3461));
#7829=EDGE_LOOP('',(#3462,#3463,#3464,#3465));
#7830=EDGE_LOOP('',(#3466,#3467,#3468,#3469,#3470,#3471,#3472));
#7831=EDGE_LOOP('',(#3473,#3474,#3475));
#7832=EDGE_LOOP('',(#3476,#3477,#3478));
#7833=EDGE_LOOP('',(#3479,#3480,#3481,#3482));
#7834=EDGE_LOOP('',(#3483,#3484,#3485,#3486));
#7835=EDGE_LOOP('',(#3487,#3488,#3489));
#7836=EDGE_LOOP('',(#3490,#3491,#3492,#3493));
#7837=EDGE_LOOP('',(#3494,#3495,#3496,#3497));
#7838=EDGE_LOOP('',(#3498,#3499,#3500));
#7839=EDGE_LOOP('',(#3501,#3502,#3503,#3504));
#7840=EDGE_LOOP('',(#3505,#3506,#3507,#3508));
#7841=EDGE_LOOP('',(#3509,#3510,#3511,#3512,#3513));
#7842=EDGE_LOOP('',(#3514,#3515,#3516,#3517,#3518));
#7843=EDGE_LOOP('',(#3519,#3520,#3521,#3522));
#7844=EDGE_LOOP('',(#3523,#3524,#3525,#3526));
#7845=EDGE_LOOP('',(#3527,#3528,#3529,#3530));
#7846=EDGE_LOOP('',(#3531,#3532,#3533,#3534));
#7847=EDGE_LOOP('',(#3535,#3536,#3537,#3538));
#7848=EDGE_LOOP('',(#3539,#3540,#3541,#3542));
#7849=FACE_BOUND('',#7311,.T.);
#7850=FACE_BOUND('',#7312,.T.);
#7851=FACE_BOUND('',#7313,.T.);
#7852=FACE_BOUND('',#7314,.T.);
#7853=FACE_BOUND('',#7315,.T.);
#7854=FACE_BOUND('',#7316,.T.);
#7855=FACE_BOUND('',#7317,.T.);
#7856=FACE_BOUND('',#7318,.T.);
#7857=FACE_BOUND('',#7319,.T.);
#7858=FACE_BOUND('',#7320,.T.);
#7859=FACE_BOUND('',#7321,.T.);
#7860=FACE_BOUND('',#7322,.T.);
#7861=FACE_BOUND('',#7323,.T.);
#7862=FACE_BOUND('',#7324,.T.);
#7863=FACE_BOUND('',#7325,.T.);
#7864=FACE_BOUND('',#7326,.T.);
#7865=FACE_BOUND('',#7327,.T.);
#7866=FACE_BOUND('',#7328,.T.);
#7867=FACE_BOUND('',#7329,.T.);
#7868=FACE_BOUND('',#7330,.T.);
#7869=FACE_BOUND('',#7331,.T.);
#7870=FACE_BOUND('',#7332,.T.);
#7871=FACE_BOUND('',#7333,.T.);
#7872=FACE_BOUND('',#7334,.T.);
#7873=FACE_BOUND('',#7335,.T.);
#7874=FACE_BOUND('',#7336,.T.);
#7875=FACE_BOUND('',#7337,.T.);
#7876=FACE_BOUND('',#7338,.T.);
#7877=FACE_BOUND('',#7339,.T.);
#7878=FACE_BOUND('',#7340,.T.);
#7879=FACE_BOUND('',#7341,.T.);
#7880=FACE_BOUND('',#7342,.T.);
#7881=FACE_BOUND('',#7343,.T.);
#7882=FACE_BOUND('',#7344,.T.);
#7883=FACE_BOUND('',#7345,.T.);
#7884=FACE_BOUND('',#7346,.T.);
#7885=FACE_BOUND('',#7347,.T.);
#7886=FACE_BOUND('',#7348,.T.);
#7887=FACE_BOUND('',#7349,.T.);
#7888=FACE_BOUND('',#7350,.T.);
#7889=FACE_BOUND('',#7351,.T.);
#7890=FACE_BOUND('',#7352,.T.);
#7891=FACE_BOUND('',#7353,.T.);
#7892=FACE_BOUND('',#7354,.T.);
#7893=FACE_BOUND('',#7355,.T.);
#7894=FACE_BOUND('',#7356,.T.);
#7895=FACE_BOUND('',#7357,.T.);
#7896=FACE_BOUND('',#7358,.T.);
#7897=FACE_BOUND('',#7359,.T.);
#7898=FACE_BOUND('',#7360,.T.);
#7899=FACE_BOUND('',#7361,.T.);
#7900=FACE_BOUND('',#7362,.T.);
#7901=FACE_BOUND('',#7363,.T.);
#7902=FACE_BOUND('',#7364,.T.);
#7903=FACE_BOUND('',#7365,.T.);
#7904=FACE_BOUND('',#7366,.T.);
#7905=FACE_BOUND('',#7367,.T.);
#7906=FACE_BOUND('',#7368,.T.);
#7907=FACE_BOUND('',#7369,.T.);
#7908=FACE_BOUND('',#7370,.T.);
#7909=FACE_BOUND('',#7371,.T.);
#7910=FACE_BOUND('',#7372,.T.);
#7911=FACE_BOUND('',#7373,.T.);
#7912=FACE_BOUND('',#7374,.T.);
#7913=FACE_BOUND('',#7375,.T.);
#7914=FACE_BOUND('',#7376,.T.);
#7915=FACE_BOUND('',#7377,.T.);
#7916=FACE_BOUND('',#7378,.T.);
#7917=FACE_BOUND('',#7379,.T.);
#7918=FACE_BOUND('',#7380,.T.);
#7919=FACE_BOUND('',#7381,.T.);
#7920=FACE_BOUND('',#7382,.T.);
#7921=FACE_BOUND('',#7383,.T.);
#7922=FACE_BOUND('',#7384,.T.);
#7923=FACE_BOUND('',#7385,.T.);
#7924=FACE_BOUND('',#7386,.T.);
#7925=FACE_BOUND('',#7387,.T.);
#7926=FACE_BOUND('',#7388,.T.);
#7927=FACE_BOUND('',#7389,.T.);
#7928=FACE_BOUND('',#7390,.T.);
#7929=FACE_BOUND('',#7391,.T.);
#7930=FACE_BOUND('',#7392,.T.);
#7931=FACE_BOUND('',#7393,.T.);
#7932=FACE_BOUND('',#7394,.T.);
#7933=FACE_BOUND('',#7395,.T.);
#7934=FACE_BOUND('',#7396,.T.);
#7935=FACE_BOUND('',#7397,.T.);
#7936=FACE_BOUND('',#7398,.T.);
#7937=FACE_BOUND('',#7399,.T.);
#7938=FACE_BOUND('',#7400,.T.);
#7939=FACE_BOUND('',#7401,.T.);
#7940=FACE_BOUND('',#7402,.T.);
#7941=FACE_BOUND('',#7403,.T.);
#7942=FACE_BOUND('',#7404,.T.);
#7943=FACE_BOUND('',#7405,.T.);
#7944=FACE_BOUND('',#7406,.T.);
#7945=FACE_BOUND('',#7407,.T.);
#7946=FACE_BOUND('',#7408,.T.);
#7947=FACE_BOUND('',#7409,.T.);
#7948=FACE_BOUND('',#7410,.T.);
#7949=FACE_BOUND('',#7411,.T.);
#7950=FACE_BOUND('',#7412,.T.);
#7951=FACE_BOUND('',#7413,.T.);
#7952=FACE_BOUND('',#7414,.T.);
#7953=FACE_BOUND('',#7415,.T.);
#7954=FACE_BOUND('',#7416,.T.);
#7955=FACE_BOUND('',#7417,.T.);
#7956=FACE_BOUND('',#7418,.T.);
#7957=FACE_BOUND('',#7419,.T.);
#7958=FACE_BOUND('',#7420,.T.);
#7959=FACE_BOUND('',#7421,.T.);
#7960=FACE_BOUND('',#7422,.T.);
#7961=FACE_BOUND('',#7423,.T.);
#7962=FACE_BOUND('',#7424,.T.);
#7963=FACE_BOUND('',#7425,.T.);
#7964=FACE_BOUND('',#7426,.T.);
#7965=FACE_BOUND('',#7427,.T.);
#7966=FACE_BOUND('',#7428,.T.);
#7967=FACE_BOUND('',#7429,.T.);
#7968=FACE_BOUND('',#7430,.T.);
#7969=FACE_BOUND('',#7431,.T.);
#7970=FACE_BOUND('',#7432,.T.);
#7971=FACE_BOUND('',#7433,.T.);
#7972=FACE_BOUND('',#7434,.T.);
#7973=FACE_BOUND('',#7435,.T.);
#7974=FACE_BOUND('',#7436,.T.);
#7975=FACE_BOUND('',#7437,.T.);
#7976=FACE_BOUND('',#7438,.T.);
#7977=FACE_BOUND('',#7439,.T.);
#7978=FACE_BOUND('',#7440,.T.);
#7979=FACE_BOUND('',#7441,.T.);
#7980=FACE_BOUND('',#7442,.T.);
#7981=FACE_BOUND('',#7443,.T.);
#7982=FACE_BOUND('',#7444,.T.);
#7983=FACE_BOUND('',#7445,.T.);
#7984=FACE_BOUND('',#7446,.T.);
#7985=FACE_BOUND('',#7447,.T.);
#7986=FACE_BOUND('',#7448,.T.);
#7987=FACE_BOUND('',#7449,.T.);
#7988=FACE_BOUND('',#7450,.T.);
#7989=FACE_BOUND('',#7451,.T.);
#7990=FACE_BOUND('',#7452,.T.);
#7991=FACE_BOUND('',#7453,.T.);
#7992=FACE_BOUND('',#7454,.T.);
#7993=FACE_BOUND('',#7455,.T.);
#7994=FACE_BOUND('',#7456,.T.);
#7995=FACE_BOUND('',#7457,.T.);
#7996=FACE_BOUND('',#7458,.T.);
#7997=FACE_BOUND('',#7459,.T.);
#7998=FACE_BOUND('',#7460,.T.);
#7999=FACE_BOUND('',#7461,.T.);
#8000=FACE_BOUND('',#7462,.T.);
#8001=FACE_BOUND('',#7463,.T.);
#8002=FACE_BOUND('',#7464,.T.);
#8003=FACE_BOUND('',#7465,.T.);
#8004=FACE_BOUND('',#7466,.T.);
#8005=FACE_BOUND('',#7467,.T.);
#8006=FACE_BOUND('',#7468,.T.);
#8007=FACE_BOUND('',#7469,.T.);
#8008=FACE_BOUND('',#7470,.T.);
#8009=FACE_BOUND('',#7471,.T.);
#8010=FACE_BOUND('',#7472,.T.);
#8011=FACE_BOUND('',#7473,.T.);
#8012=FACE_BOUND('',#7474,.T.);
#8013=FACE_BOUND('',#7475,.T.);
#8014=FACE_BOUND('',#7476,.T.);
#8015=FACE_BOUND('',#7477,.T.);
#8016=FACE_BOUND('',#7478,.T.);
#8017=FACE_BOUND('',#7479,.T.);
#8018=FACE_BOUND('',#7480,.T.);
#8019=FACE_BOUND('',#7481,.T.);
#8020=FACE_BOUND('',#7482,.T.);
#8021=FACE_BOUND('',#7483,.T.);
#8022=FACE_BOUND('',#7484,.T.);
#8023=FACE_BOUND('',#7485,.T.);
#8024=FACE_BOUND('',#7486,.T.);
#8025=FACE_BOUND('',#7487,.T.);
#8026=FACE_BOUND('',#7488,.T.);
#8027=FACE_BOUND('',#7489,.T.);
#8028=FACE_BOUND('',#7490,.T.);
#8029=FACE_BOUND('',#7491,.T.);
#8030=FACE_BOUND('',#7492,.T.);
#8031=FACE_BOUND('',#7493,.T.);
#8032=FACE_BOUND('',#7494,.T.);
#8033=FACE_BOUND('',#7495,.T.);
#8034=FACE_BOUND('',#7496,.T.);
#8035=FACE_BOUND('',#7497,.T.);
#8036=FACE_BOUND('',#7498,.T.);
#8037=FACE_BOUND('',#7499,.T.);
#8038=FACE_BOUND('',#7500,.T.);
#8039=FACE_BOUND('',#7501,.T.);
#8040=FACE_BOUND('',#7502,.T.);
#8041=FACE_BOUND('',#7503,.T.);
#8042=FACE_BOUND('',#7504,.T.);
#8043=FACE_BOUND('',#7505,.T.);
#8044=FACE_BOUND('',#7506,.T.);
#8045=FACE_BOUND('',#7507,.T.);
#8046=FACE_BOUND('',#7508,.T.);
#8047=FACE_BOUND('',#7509,.T.);
#8048=FACE_BOUND('',#7510,.T.);
#8049=FACE_BOUND('',#7511,.T.);
#8050=FACE_BOUND('',#7512,.T.);
#8051=FACE_BOUND('',#7513,.T.);
#8052=FACE_BOUND('',#7514,.T.);
#8053=FACE_BOUND('',#7515,.T.);
#8054=FACE_BOUND('',#7516,.T.);
#8055=FACE_BOUND('',#7517,.T.);
#8056=FACE_BOUND('',#7518,.T.);
#8057=FACE_BOUND('',#7519,.T.);
#8058=FACE_BOUND('',#7520,.T.);
#8059=FACE_BOUND('',#7521,.T.);
#8060=FACE_BOUND('',#7522,.T.);
#8061=FACE_BOUND('',#7523,.T.);
#8062=FACE_BOUND('',#7524,.T.);
#8063=FACE_BOUND('',#7525,.T.);
#8064=FACE_BOUND('',#7526,.T.);
#8065=FACE_BOUND('',#7527,.T.);
#8066=FACE_BOUND('',#7528,.T.);
#8067=FACE_BOUND('',#7529,.T.);
#8068=FACE_BOUND('',#7530,.T.);
#8069=FACE_BOUND('',#7531,.T.);
#8070=FACE_BOUND('',#7532,.T.);
#8071=FACE_BOUND('',#7533,.T.);
#8072=FACE_BOUND('',#7534,.T.);
#8073=FACE_BOUND('',#7535,.T.);
#8074=FACE_BOUND('',#7536,.T.);
#8075=FACE_BOUND('',#7537,.T.);
#8076=FACE_BOUND('',#7538,.T.);
#8077=FACE_BOUND('',#7539,.T.);
#8078=FACE_BOUND('',#7540,.T.);
#8079=FACE_BOUND('',#7541,.T.);
#8080=FACE_BOUND('',#7542,.T.);
#8081=FACE_BOUND('',#7543,.T.);
#8082=FACE_BOUND('',#7544,.T.);
#8083=FACE_BOUND('',#7545,.T.);
#8084=FACE_BOUND('',#7546,.T.);
#8085=FACE_BOUND('',#7547,.T.);
#8086=FACE_BOUND('',#7548,.T.);
#8087=FACE_BOUND('',#7549,.T.);
#8088=FACE_BOUND('',#7550,.T.);
#8089=FACE_BOUND('',#7551,.T.);
#8090=FACE_BOUND('',#7552,.T.);
#8091=FACE_BOUND('',#7553,.T.);
#8092=FACE_BOUND('',#7554,.T.);
#8093=FACE_BOUND('',#7555,.T.);
#8094=FACE_BOUND('',#7556,.T.);
#8095=FACE_BOUND('',#7557,.T.);
#8096=FACE_BOUND('',#7558,.T.);
#8097=FACE_BOUND('',#7559,.T.);
#8098=FACE_BOUND('',#7560,.T.);
#8099=FACE_BOUND('',#7561,.T.);
#8100=FACE_BOUND('',#7562,.T.);
#8101=FACE_BOUND('',#7563,.T.);
#8102=FACE_BOUND('',#7564,.T.);
#8103=FACE_BOUND('',#7565,.T.);
#8104=FACE_BOUND('',#7566,.T.);
#8105=FACE_BOUND('',#7567,.T.);
#8106=FACE_BOUND('',#7568,.T.);
#8107=FACE_BOUND('',#7569,.T.);
#8108=FACE_BOUND('',#7570,.T.);
#8109=FACE_BOUND('',#7571,.T.);
#8110=FACE_BOUND('',#7572,.T.);
#8111=FACE_BOUND('',#7573,.T.);
#8112=FACE_BOUND('',#7574,.T.);
#8113=FACE_BOUND('',#7575,.T.);
#8114=FACE_BOUND('',#7576,.T.);
#8115=FACE_BOUND('',#7577,.T.);
#8116=FACE_BOUND('',#7578,.T.);
#8117=FACE_BOUND('',#7579,.T.);
#8118=FACE_BOUND('',#7580,.T.);
#8119=FACE_BOUND('',#7581,.T.);
#8120=FACE_BOUND('',#7582,.T.);
#8121=FACE_BOUND('',#7583,.T.);
#8122=FACE_BOUND('',#7584,.T.);
#8123=FACE_BOUND('',#7585,.T.);
#8124=FACE_BOUND('',#7586,.T.);
#8125=FACE_BOUND('',#7587,.T.);
#8126=FACE_BOUND('',#7588,.T.);
#8127=FACE_BOUND('',#7589,.T.);
#8128=FACE_BOUND('',#7590,.T.);
#8129=FACE_BOUND('',#7591,.T.);
#8130=FACE_BOUND('',#7592,.T.);
#8131=FACE_BOUND('',#7593,.T.);
#8132=FACE_BOUND('',#7594,.T.);
#8133=FACE_BOUND('',#7595,.T.);
#8134=FACE_BOUND('',#7596,.T.);
#8135=FACE_BOUND('',#7597,.T.);
#8136=FACE_BOUND('',#7598,.T.);
#8137=FACE_BOUND('',#7599,.T.);
#8138=FACE_BOUND('',#7600,.T.);
#8139=FACE_BOUND('',#7601,.T.);
#8140=FACE_BOUND('',#7602,.T.);
#8141=FACE_BOUND('',#7603,.T.);
#8142=FACE_BOUND('',#7604,.T.);
#8143=FACE_BOUND('',#7605,.T.);
#8144=FACE_BOUND('',#7606,.T.);
#8145=FACE_BOUND('',#7607,.T.);
#8146=FACE_BOUND('',#7608,.T.);
#8147=FACE_BOUND('',#7609,.T.);
#8148=FACE_BOUND('',#7610,.T.);
#8149=FACE_BOUND('',#7611,.T.);
#8150=FACE_BOUND('',#7612,.T.);
#8151=FACE_BOUND('',#7613,.T.);
#8152=FACE_BOUND('',#7614,.T.);
#8153=FACE_BOUND('',#7615,.T.);
#8154=FACE_BOUND('',#7616,.T.);
#8155=FACE_BOUND('',#7617,.T.);
#8156=FACE_BOUND('',#7618,.T.);
#8157=FACE_BOUND('',#7619,.T.);
#8158=FACE_BOUND('',#7620,.T.);
#8159=FACE_BOUND('',#7621,.T.);
#8160=FACE_BOUND('',#7622,.T.);
#8161=FACE_BOUND('',#7623,.T.);
#8162=FACE_BOUND('',#7624,.T.);
#8163=FACE_BOUND('',#7625,.T.);
#8164=FACE_BOUND('',#7626,.T.);
#8165=FACE_BOUND('',#7627,.T.);
#8166=FACE_BOUND('',#7628,.T.);
#8167=FACE_BOUND('',#7629,.T.);
#8168=FACE_BOUND('',#7630,.T.);
#8169=FACE_BOUND('',#7631,.T.);
#8170=FACE_BOUND('',#7632,.T.);
#8171=FACE_BOUND('',#7633,.T.);
#8172=FACE_BOUND('',#7634,.T.);
#8173=FACE_BOUND('',#7635,.T.);
#8174=FACE_BOUND('',#7636,.T.);
#8175=FACE_BOUND('',#7637,.T.);
#8176=FACE_BOUND('',#7638,.T.);
#8177=FACE_BOUND('',#7639,.T.);
#8178=FACE_BOUND('',#7640,.T.);
#8179=FACE_BOUND('',#7641,.T.);
#8180=FACE_BOUND('',#7642,.T.);
#8181=FACE_BOUND('',#7643,.T.);
#8182=FACE_BOUND('',#7644,.T.);
#8183=FACE_BOUND('',#7645,.T.);
#8184=FACE_BOUND('',#7646,.T.);
#8185=FACE_BOUND('',#7647,.T.);
#8186=FACE_BOUND('',#7648,.T.);
#8187=FACE_BOUND('',#7649,.T.);
#8188=FACE_BOUND('',#7650,.T.);
#8189=FACE_BOUND('',#7651,.T.);
#8190=FACE_BOUND('',#7652,.T.);
#8191=FACE_BOUND('',#7653,.T.);
#8192=FACE_BOUND('',#7654,.T.);
#8193=FACE_BOUND('',#7655,.T.);
#8194=FACE_BOUND('',#7656,.T.);
#8195=FACE_BOUND('',#7657,.T.);
#8196=FACE_BOUND('',#7658,.T.);
#8197=FACE_BOUND('',#7659,.T.);
#8198=FACE_BOUND('',#7660,.T.);
#8199=FACE_BOUND('',#7661,.T.);
#8200=FACE_BOUND('',#7662,.T.);
#8201=FACE_BOUND('',#7663,.T.);
#8202=FACE_BOUND('',#7664,.T.);
#8203=FACE_BOUND('',#7665,.T.);
#8204=FACE_BOUND('',#7666,.T.);
#8205=FACE_BOUND('',#7667,.T.);
#8206=FACE_BOUND('',#7668,.T.);
#8207=FACE_BOUND('',#7669,.T.);
#8208=FACE_BOUND('',#7670,.T.);
#8209=FACE_BOUND('',#7671,.T.);
#8210=FACE_BOUND('',#7672,.T.);
#8211=FACE_BOUND('',#7673,.T.);
#8212=FACE_BOUND('',#7674,.T.);
#8213=FACE_BOUND('',#7675,.T.);
#8214=FACE_BOUND('',#7676,.T.);
#8215=FACE_BOUND('',#7677,.T.);
#8216=FACE_BOUND('',#7678,.T.);
#8217=FACE_BOUND('',#7679,.T.);
#8218=FACE_BOUND('',#7680,.T.);
#8219=FACE_BOUND('',#7681,.T.);
#8220=FACE_BOUND('',#7682,.T.);
#8221=FACE_BOUND('',#7683,.T.);
#8222=FACE_BOUND('',#7684,.T.);
#8223=FACE_BOUND('',#7685,.T.);
#8224=FACE_BOUND('',#7686,.T.);
#8225=FACE_BOUND('',#7687,.T.);
#8226=FACE_BOUND('',#7688,.T.);
#8227=FACE_BOUND('',#7689,.T.);
#8228=FACE_BOUND('',#7690,.T.);
#8229=FACE_BOUND('',#7691,.T.);
#8230=FACE_BOUND('',#7692,.T.);
#8231=FACE_BOUND('',#7693,.T.);
#8232=FACE_BOUND('',#7694,.T.);
#8233=FACE_BOUND('',#7695,.T.);
#8234=FACE_BOUND('',#7696,.T.);
#8235=FACE_BOUND('',#7697,.T.);
#8236=FACE_BOUND('',#7698,.T.);
#8237=FACE_BOUND('',#7699,.T.);
#8238=FACE_BOUND('',#7700,.T.);
#8239=FACE_BOUND('',#7701,.T.);
#8240=FACE_BOUND('',#7702,.T.);
#8241=FACE_BOUND('',#7703,.T.);
#8242=FACE_BOUND('',#7704,.T.);
#8243=FACE_BOUND('',#7705,.T.);
#8244=FACE_BOUND('',#7706,.T.);
#8245=FACE_BOUND('',#7707,.T.);
#8246=FACE_BOUND('',#7708,.T.);
#8247=FACE_BOUND('',#7709,.T.);
#8248=FACE_BOUND('',#7710,.T.);
#8249=FACE_BOUND('',#7711,.T.);
#8250=FACE_BOUND('',#7712,.T.);
#8251=FACE_BOUND('',#7713,.T.);
#8252=FACE_BOUND('',#7714,.T.);
#8253=FACE_BOUND('',#7715,.T.);
#8254=FACE_BOUND('',#7716,.T.);
#8255=FACE_BOUND('',#7717,.T.);
#8256=FACE_BOUND('',#7718,.T.);
#8257=FACE_BOUND('',#7719,.T.);
#8258=FACE_BOUND('',#7720,.T.);
#8259=FACE_BOUND('',#7721,.T.);
#8260=FACE_BOUND('',#7722,.T.);
#8261=FACE_BOUND('',#7723,.T.);
#8262=FACE_BOUND('',#7724,.T.);
#8263=FACE_BOUND('',#7725,.T.);
#8264=FACE_BOUND('',#7726,.T.);
#8265=FACE_BOUND('',#7727,.T.);
#8266=FACE_BOUND('',#7728,.T.);
#8267=FACE_BOUND('',#7729,.T.);
#8268=FACE_BOUND('',#7730,.T.);
#8269=FACE_BOUND('',#7731,.T.);
#8270=FACE_BOUND('',#7732,.T.);
#8271=FACE_BOUND('',#7733,.T.);
#8272=FACE_BOUND('',#7734,.T.);
#8273=FACE_BOUND('',#7735,.T.);
#8274=FACE_BOUND('',#7736,.T.);
#8275=FACE_BOUND('',#7737,.T.);
#8276=FACE_BOUND('',#7738,.T.);
#8277=FACE_BOUND('',#7739,.T.);
#8278=FACE_BOUND('',#7740,.T.);
#8279=FACE_BOUND('',#7741,.T.);
#8280=FACE_BOUND('',#7742,.T.);
#8281=FACE_BOUND('',#7743,.T.);
#8282=FACE_BOUND('',#7744,.T.);
#8283=FACE_BOUND('',#7745,.T.);
#8284=FACE_BOUND('',#7746,.T.);
#8285=FACE_BOUND('',#7747,.T.);
#8286=FACE_BOUND('',#7748,.T.);
#8287=FACE_BOUND('',#7749,.T.);
#8288=FACE_BOUND('',#7750,.T.);
#8289=FACE_BOUND('',#7751,.T.);
#8290=FACE_BOUND('',#7752,.T.);
#8291=FACE_BOUND('',#7753,.T.);
#8292=FACE_BOUND('',#7754,.T.);
#8293=FACE_BOUND('',#7755,.T.);
#8294=FACE_BOUND('',#7756,.T.);
#8295=FACE_BOUND('',#7757,.T.);
#8296=FACE_BOUND('',#7758,.T.);
#8297=FACE_BOUND('',#7759,.T.);
#8298=FACE_BOUND('',#7760,.T.);
#8299=FACE_BOUND('',#7761,.T.);
#8300=FACE_BOUND('',#7762,.T.);
#8301=FACE_BOUND('',#7763,.T.);
#8302=FACE_BOUND('',#7764,.T.);
#8303=FACE_BOUND('',#7765,.T.);
#8304=FACE_BOUND('',#7766,.T.);
#8305=FACE_BOUND('',#7767,.T.);
#8306=FACE_BOUND('',#7768,.T.);
#8307=FACE_BOUND('',#7769,.T.);
#8308=FACE_BOUND('',#7770,.T.);
#8309=FACE_BOUND('',#7771,.T.);
#8310=FACE_BOUND('',#7772,.T.);
#8311=FACE_BOUND('',#7773,.T.);
#8312=FACE_BOUND('',#7774,.T.);
#8313=FACE_BOUND('',#7775,.T.);
#8314=FACE_BOUND('',#7776,.T.);
#8315=FACE_BOUND('',#7777,.T.);
#8316=FACE_BOUND('',#7778,.T.);
#8317=FACE_BOUND('',#7779,.T.);
#8318=FACE_BOUND('',#7780,.T.);
#8319=FACE_BOUND('',#7781,.T.);
#8320=FACE_BOUND('',#7782,.T.);
#8321=FACE_BOUND('',#7783,.T.);
#8322=FACE_BOUND('',#7784,.T.);
#8323=FACE_BOUND('',#7785,.T.);
#8324=FACE_BOUND('',#7786,.T.);
#8325=FACE_BOUND('',#7787,.T.);
#8326=FACE_BOUND('',#7788,.T.);
#8327=FACE_BOUND('',#7789,.T.);
#8328=FACE_BOUND('',#7790,.T.);
#8329=FACE_BOUND('',#7791,.T.);
#8330=FACE_BOUND('',#7792,.T.);
#8331=FACE_BOUND('',#7793,.T.);
#8332=FACE_BOUND('',#7794,.T.);
#8333=FACE_BOUND('',#7795,.T.);
#8334=FACE_BOUND('',#7796,.T.);
#8335=FACE_BOUND('',#7797,.T.);
#8336=FACE_BOUND('',#7798,.T.);
#8337=FACE_BOUND('',#7799,.T.);
#8338=FACE_BOUND('',#7800,.T.);
#8339=FACE_BOUND('',#7801,.T.);
#8340=FACE_BOUND('',#7802,.T.);
#8341=FACE_BOUND('',#7803,.T.);
#8342=FACE_BOUND('',#7804,.T.);
#8343=FACE_BOUND('',#7805,.T.);
#8344=FACE_BOUND('',#7806,.T.);
#8345=FACE_BOUND('',#7807,.T.);
#8346=FACE_BOUND('',#7808,.T.);
#8347=FACE_BOUND('',#7809,.T.);
#8348=FACE_BOUND('',#7810,.T.);
#8349=FACE_BOUND('',#7811,.T.);
#8350=FACE_BOUND('',#7812,.T.);
#8351=FACE_BOUND('',#7813,.T.);
#8352=FACE_BOUND('',#7814,.T.);
#8353=FACE_BOUND('',#7815,.T.);
#8354=FACE_BOUND('',#7816,.T.);
#8355=FACE_BOUND('',#7817,.T.);
#8356=FACE_BOUND('',#7818,.T.);
#8357=FACE_BOUND('',#7819,.T.);
#8358=FACE_BOUND('',#7820,.T.);
#8359=FACE_BOUND('',#7821,.T.);
#8360=FACE_BOUND('',#7822,.T.);
#8361=FACE_BOUND('',#7823,.T.);
#8362=FACE_BOUND('',#7824,.T.);
#8363=FACE_BOUND('',#7825,.T.);
#8364=FACE_BOUND('',#7826,.T.);
#8365=FACE_BOUND('',#7827,.T.);
#8366=FACE_BOUND('',#7828,.T.);
#8367=FACE_BOUND('',#7829,.T.);
#8368=FACE_BOUND('',#7830,.T.);
#8369=FACE_BOUND('',#7831,.T.);
#8370=FACE_BOUND('',#7832,.T.);
#8371=FACE_BOUND('',#7833,.T.);
#8372=FACE_BOUND('',#7834,.T.);
#8373=FACE_BOUND('',#7835,.T.);
#8374=FACE_BOUND('',#7836,.T.);
#8375=FACE_BOUND('',#7837,.T.);
#8376=FACE_BOUND('',#7838,.T.);
#8377=FACE_BOUND('',#7839,.T.);
#8378=FACE_BOUND('',#7840,.T.);
#8379=FACE_BOUND('',#7841,.T.);
#8380=FACE_BOUND('',#7842,.T.);
#8381=FACE_BOUND('',#7843,.T.);
#8382=FACE_BOUND('',#7844,.T.);
#8383=FACE_BOUND('',#7845,.T.);
#8384=FACE_BOUND('',#7846,.T.);
#8385=FACE_BOUND('',#7847,.T.);
#8386=FACE_BOUND('',#7848,.T.);
#8387=PLANE('',#9105);
#8388=PLANE('',#9106);
#8389=PLANE('',#9125);
#8390=PLANE('',#9134);
#8391=PLANE('',#9135);
#8392=PLANE('',#9137);
#8393=PLANE('',#9146);
#8394=PLANE('',#9158);
#8395=PLANE('',#9162);
#8396=PLANE('',#9163);
#8397=PLANE('',#9164);
#8398=PLANE('',#9169);
#8399=PLANE('',#9170);
#8400=PLANE('',#9171);
#8401=PLANE('',#9172);
#8402=PLANE('',#9173);
#8403=PLANE('',#9175);
#8404=PLANE('',#9177);
#8405=PLANE('',#9179);
#8406=PLANE('',#9180);
#8407=PLANE('',#9181);
#8408=PLANE('',#9182);
#8409=PLANE('',#9184);
#8410=PLANE('',#9268);
#8411=PLANE('',#9270);
#8412=PLANE('',#9272);
#8413=PLANE('',#9274);
#8414=PLANE('',#9276);
#8415=PLANE('',#9277);
#8416=PLANE('',#9278);
#8417=PLANE('',#9279);
#8418=PLANE('',#9280);
#8419=PLANE('',#9281);
#8420=PLANE('',#9282);
#8421=PLANE('',#9283);
#8422=PLANE('',#9284);
#8423=PLANE('',#9285);
#8424=PLANE('',#9286);
#8425=PLANE('',#9287);
#8426=PLANE('',#9315);
#8427=PLANE('',#9320);
#8428=PLANE('',#9325);
#8429=PLANE('',#9326);
#8430=PLANE('',#9327);
#8431=PLANE('',#9328);
#8432=PLANE('',#9329);
#8433=PLANE('',#9338);
#8434=PLANE('',#9347);
#8435=PLANE('',#9390);
#8436=PLANE('',#9435);
#8437=PLANE('',#9436);
#8438=PLANE('',#9438);
#8439=PLANE('',#9439);
#8440=PLANE('',#9441);
#8441=PLANE('',#9442);
#8442=PLANE('',#9444);
#8443=PLANE('',#9445);
#8444=PLANE('',#9447);
#8445=PLANE('',#9448);
#8446=PLANE('',#9450);
#8447=PLANE('',#9451);
#8448=PLANE('',#9453);
#8449=PLANE('',#9454);
#8450=PLANE('',#9456);
#8451=PLANE('',#9457);
#8452=PLANE('',#9485);
#8453=PLANE('',#9486);
#8454=PLANE('',#9496);
#8455=PLANE('',#9497);
#8456=PLANE('',#9507);
#8457=PLANE('',#9508);
#8458=PLANE('',#9515);
#8459=PLANE('',#9517);
#8460=PLANE('',#9521);
#8461=PLANE('',#9524);
#8462=PLANE('',#9529);
#8463=PLANE('',#9538);
#8464=PLANE('',#9539);
#8465=PLANE('',#9544);
#8466=PLANE('',#9548);
#8467=PLANE('',#9550);
#8468=PLANE('',#9551);
#8469=PLANE('',#9556);
#8470=PLANE('',#9557);
#8471=PLANE('',#9558);
#8472=PLANE('',#9559);
#8473=PLANE('',#9560);
#8474=PLANE('',#9562);
#8475=PLANE('',#9564);
#8476=PLANE('',#9566);
#8477=PLANE('',#9567);
#8478=PLANE('',#9568);
#8479=PLANE('',#9569);
#8480=PLANE('',#9571);
#8481=PLANE('',#9656);
#8482=PLANE('',#9658);
#8483=PLANE('',#9660);
#8484=PLANE('',#9662);
#8485=PLANE('',#9664);
#8486=PLANE('',#9665);
#8487=PLANE('',#9666);
#8488=PLANE('',#9667);
#8489=PLANE('',#9668);
#8490=PLANE('',#9669);
#8491=PLANE('',#9670);
#8492=PLANE('',#9671);
#8493=PLANE('',#9672);
#8494=PLANE('',#9673);
#8495=PLANE('',#9674);
#8496=PLANE('',#9675);
#8497=PLANE('',#9700);
#8498=PLANE('',#9705);
#8499=PLANE('',#9706);
#8500=PLANE('',#9707);
#8501=PLANE('',#9709);
#8502=PLANE('',#9713);
#8503=PLANE('',#9716);
#8504=PLANE('',#9721);
#8505=PLANE('',#9730);
#8506=PLANE('',#9731);
#8507=PLANE('',#9736);
#8508=PLANE('',#9740);
#8509=PLANE('',#9741);
#8510=PLANE('',#9743);
#8511=PLANE('',#9745);
#8512=PLANE('',#9747);
#8513=PLANE('',#9748);
#8514=PLANE('',#9749);
#8515=PLANE('',#9751);
#8516=PLANE('',#9755);
#8517=PLANE('',#9756);
#8518=PLANE('',#9757);
#8519=PLANE('',#9758);
#8520=PLANE('',#9759);
#8521=PLANE('',#9760);
#8522=PLANE('',#9762);
#8523=PLANE('',#9846);
#8524=PLANE('',#9848);
#8525=PLANE('',#9850);
#8526=PLANE('',#9852);
#8527=PLANE('',#9854);
#8528=PLANE('',#9855);
#8529=PLANE('',#9856);
#8530=PLANE('',#9857);
#8531=PLANE('',#9858);
#8532=PLANE('',#9859);
#8533=PLANE('',#9860);
#8534=PLANE('',#9861);
#8535=PLANE('',#9862);
#8536=PLANE('',#9863);
#8537=PLANE('',#9864);
#8538=PLANE('',#9865);
#8539=PLANE('',#9890);
#8540=PLANE('',#9895);
#8541=PLANE('',#9896);
#8542=PLANE('',#9897);
#8543=PLANE('',#9899);
#8544=PLANE('',#9903);
#8545=PLANE('',#9906);
#8546=PLANE('',#9911);
#8547=PLANE('',#9920);
#8548=PLANE('',#9921);
#8549=PLANE('',#9926);
#8550=PLANE('',#9930);
#8551=PLANE('',#9931);
#8552=PLANE('',#9932);
#8553=PLANE('',#9937);
#8554=PLANE('',#9938);
#8555=PLANE('',#9939);
#8556=PLANE('',#9940);
#8557=PLANE('',#9941);
#8558=PLANE('',#9943);
#8559=PLANE('',#9945);
#8560=PLANE('',#9947);
#8561=PLANE('',#9948);
#8562=PLANE('',#9949);
#8563=PLANE('',#9950);
#8564=PLANE('',#9952);
#8565=PLANE('',#10035);
#8566=PLANE('',#10037);
#8567=PLANE('',#10039);
#8568=PLANE('',#10041);
#8569=PLANE('',#10043);
#8570=PLANE('',#10044);
#8571=PLANE('',#10045);
#8572=PLANE('',#10046);
#8573=PLANE('',#10047);
#8574=PLANE('',#10048);
#8575=PLANE('',#10049);
#8576=PLANE('',#10050);
#8577=PLANE('',#10051);
#8578=PLANE('',#10052);
#8579=PLANE('',#10053);
#8580=PLANE('',#10054);
#8581=PLANE('',#10079);
#8582=PLANE('',#10080);
#8583=PLANE('',#10083);
#8584=PLANE('',#10086);
#8585=ADVANCED_FACE('',(#7849),#8387,.F.);
#8586=ADVANCED_FACE('',(#7850),#8388,.F.);
#8587=ADVANCED_FACE('',(#7851),#640,.T.);
#8588=ADVANCED_FACE('',(#7852),#641,.T.);
#8589=ADVANCED_FACE('',(#7853),#642,.T.);
#8590=ADVANCED_FACE('',(#7854),#643,.T.);
#8591=ADVANCED_FACE('',(#7855),#644,.T.);
#8592=ADVANCED_FACE('',(#7856,#7857,#7858,#7859),#8389,.F.);
#8593=ADVANCED_FACE('',(#7860,#7861),#8390,.F.);
#8594=ADVANCED_FACE('',(#7862),#8391,.F.);
#8595=ADVANCED_FACE('',(#7863,#7864),#8392,.F.);
#8596=ADVANCED_FACE('',(#7865,#7866),#8393,.F.);
#8597=ADVANCED_FACE('',(#7867),#645,.T.);
#8598=ADVANCED_FACE('',(#7868),#8394,.T.);
#8599=ADVANCED_FACE('',(#7869),#646,.F.);
#8600=ADVANCED_FACE('',(#7870),#8395,.T.);
#8601=ADVANCED_FACE('',(#7871),#8396,.F.);
#8602=ADVANCED_FACE('',(#7872),#8397,.F.);
#8603=ADVANCED_FACE('',(#7873),#647,.T.);
#8604=ADVANCED_FACE('',(#7874),#8398,.F.);
#8605=ADVANCED_FACE('',(#7875),#8399,.F.);
#8606=ADVANCED_FACE('',(#7876),#8400,.F.);
#8607=ADVANCED_FACE('',(#7877),#8401,.F.);
#8608=ADVANCED_FACE('',(#7878),#8402,.T.);
#8609=ADVANCED_FACE('',(#7879),#8403,.T.);
#8610=ADVANCED_FACE('',(#7880),#8404,.F.);
#8611=ADVANCED_FACE('',(#7881),#8405,.F.);
#8612=ADVANCED_FACE('',(#7882),#8406,.T.);
#8613=ADVANCED_FACE('',(#7883),#8407,.T.);
#8614=ADVANCED_FACE('',(#7884),#8408,.F.);
#8615=ADVANCED_FACE('',(#7885),#8409,.T.);
#8616=ADVANCED_FACE('',(#7886),#648,.F.);
#8617=ADVANCED_FACE('',(#7887),#649,.F.);
#8618=ADVANCED_FACE('',(#7888),#650,.F.);
#8619=ADVANCED_FACE('',(#7889),#651,.F.);
#8620=ADVANCED_FACE('',(#7890),#78,.F.);
#8621=ADVANCED_FACE('',(#7891),#79,.F.);
#8622=ADVANCED_FACE('',(#7892),#652,.F.);
#8623=ADVANCED_FACE('',(#7893),#653,.F.);
#8624=ADVANCED_FACE('',(#7894),#654,.F.);
#8625=ADVANCED_FACE('',(#7895),#655,.F.);
#8626=ADVANCED_FACE('',(#7896),#656,.F.);
#8627=ADVANCED_FACE('',(#7897),#30,.F.);
#8628=ADVANCED_FACE('',(#7898),#31,.T.);
#8629=ADVANCED_FACE('',(#7899),#657,.T.);
#8630=ADVANCED_FACE('',(#7900),#32,.T.);
#8631=ADVANCED_FACE('',(#7901),#658,.T.);
#8632=ADVANCED_FACE('',(#7902),#33,.T.);
#8633=ADVANCED_FACE('',(#7903),#34,.F.);
#8634=ADVANCED_FACE('',(#7904),#659,.T.);
#8635=ADVANCED_FACE('',(#7905),#12,.T.);
#8636=ADVANCED_FACE('',(#7906),#35,.T.);
#8637=ADVANCED_FACE('',(#7907),#660,.T.);
#8638=ADVANCED_FACE('',(#7908),#661,.T.);
#8639=ADVANCED_FACE('',(#7909),#13,.T.);
#8640=ADVANCED_FACE('',(#7910),#14,.T.);
#8641=ADVANCED_FACE('',(#7911),#662,.T.);
#8642=ADVANCED_FACE('',(#7912),#663,.T.);
#8643=ADVANCED_FACE('',(#7913),#36,.T.);
#8644=ADVANCED_FACE('',(#7914),#15,.T.);
#8645=ADVANCED_FACE('',(#7915),#664,.T.);
#8646=ADVANCED_FACE('',(#7916),#665,.T.);
#8647=ADVANCED_FACE('',(#7917),#37,.T.);
#8648=ADVANCED_FACE('',(#7918),#38,.T.);
#8649=ADVANCED_FACE('',(#7919),#666,.T.);
#8650=ADVANCED_FACE('',(#7920),#667,.T.);
#8651=ADVANCED_FACE('',(#7921),#39,.T.);
#8652=ADVANCED_FACE('',(#7922),#40,.T.);
#8653=ADVANCED_FACE('',(#7923),#668,.T.);
#8654=ADVANCED_FACE('',(#7924),#669,.T.);
#8655=ADVANCED_FACE('',(#7925),#41,.T.);
#8656=ADVANCED_FACE('',(#7926),#670,.T.);
#8657=ADVANCED_FACE('',(#7927),#42,.T.);
#8658=ADVANCED_FACE('',(#7928),#671,.T.);
#8659=ADVANCED_FACE('',(#7929),#8410,.T.);
#8660=ADVANCED_FACE('',(#7930),#8411,.T.);
#8661=ADVANCED_FACE('',(#7931),#8412,.T.);
#8662=ADVANCED_FACE('',(#7932),#8413,.T.);
#8663=ADVANCED_FACE('',(#7933),#8414,.T.);
#8664=ADVANCED_FACE('',(#7934),#8415,.T.);
#8665=ADVANCED_FACE('',(#7935),#8416,.T.);
#8666=ADVANCED_FACE('',(#7936),#8417,.T.);
#8667=ADVANCED_FACE('',(#7937),#8418,.T.);
#8668=ADVANCED_FACE('',(#7938),#8419,.T.);
#8669=ADVANCED_FACE('',(#7939),#8420,.F.);
#8670=ADVANCED_FACE('',(#7940),#8421,.F.);
#8671=ADVANCED_FACE('',(#7941),#8422,.T.);
#8672=ADVANCED_FACE('',(#7942),#8423,.F.);
#8673=ADVANCED_FACE('',(#7943),#8424,.F.);
#8674=ADVANCED_FACE('',(#7944),#8425,.T.);
#8675=ADVANCED_FACE('',(#7945),#672,.T.);
#8676=ADVANCED_FACE('',(#7946),#673,.T.);
#8677=ADVANCED_FACE('',(#7947),#674,.T.);
#8678=ADVANCED_FACE('',(#7948),#675,.T.);
#8679=ADVANCED_FACE('',(#7949),#80,.T.);
#8680=ADVANCED_FACE('',(#7950),#81,.T.);
#8681=ADVANCED_FACE('',(#7951),#676,.T.);
#8682=ADVANCED_FACE('',(#7952),#677,.T.);
#8683=ADVANCED_FACE('',(#7953),#82,.T.);
#8684=ADVANCED_FACE('',(#7954),#678,.T.);
#8685=ADVANCED_FACE('',(#7955),#679,.T.);
#8686=ADVANCED_FACE('',(#7956),#83,.T.);
#8687=ADVANCED_FACE('',(#7957),#680,.T.);
#8688=ADVANCED_FACE('',(#7958),#681,.T.);
#8689=ADVANCED_FACE('',(#7959),#8426,.T.);
#8690=ADVANCED_FACE('',(#7960),#8427,.T.);
#8691=ADVANCED_FACE('',(#7961),#8428,.T.);
#8692=ADVANCED_FACE('',(#7962),#8429,.T.);
#8693=ADVANCED_FACE('',(#7963),#8430,.T.);
#8694=ADVANCED_FACE('',(#7964),#8431,.T.);
#8695=ADVANCED_FACE('',(#7965,#7966),#8432,.T.);
#8696=ADVANCED_FACE('',(#7967,#7968),#8433,.T.);
#8697=ADVANCED_FACE('',(#7969,#7970,#7971,#7972,#7973,#7974),#8434,.T.);
#8698=ADVANCED_FACE('',(#7975,#7976,#7977,#7978,#7979,#7980),#8435,.F.);
#8699=ADVANCED_FACE('',(#7981,#7982),#682,.F.);
#8700=ADVANCED_FACE('',(#7983),#683,.T.);
#8701=ADVANCED_FACE('',(#7984),#8436,.F.);
#8702=ADVANCED_FACE('',(#7985),#8437,.F.);
#8703=ADVANCED_FACE('',(#7986),#684,.T.);
#8704=ADVANCED_FACE('',(#7987),#8438,.F.);
#8705=ADVANCED_FACE('',(#7988),#8439,.F.);
#8706=ADVANCED_FACE('',(#7989),#685,.T.);
#8707=ADVANCED_FACE('',(#7990),#8440,.F.);
#8708=ADVANCED_FACE('',(#7991),#8441,.F.);
#8709=ADVANCED_FACE('',(#7992),#686,.T.);
#8710=ADVANCED_FACE('',(#7993),#8442,.F.);
#8711=ADVANCED_FACE('',(#7994),#8443,.F.);
#8712=ADVANCED_FACE('',(#7995),#687,.T.);
#8713=ADVANCED_FACE('',(#7996),#8444,.F.);
#8714=ADVANCED_FACE('',(#7997),#8445,.F.);
#8715=ADVANCED_FACE('',(#7998),#688,.T.);
#8716=ADVANCED_FACE('',(#7999),#8446,.F.);
#8717=ADVANCED_FACE('',(#8000),#8447,.F.);
#8718=ADVANCED_FACE('',(#8001),#689,.T.);
#8719=ADVANCED_FACE('',(#8002),#8448,.F.);
#8720=ADVANCED_FACE('',(#8003),#8449,.F.);
#8721=ADVANCED_FACE('',(#8004),#690,.T.);
#8722=ADVANCED_FACE('',(#8005),#8450,.F.);
#8723=ADVANCED_FACE('',(#8006),#8451,.F.);
#8724=ADVANCED_FACE('',(#8007),#691,.F.);
#8725=ADVANCED_FACE('',(#8008),#692,.F.);
#8726=ADVANCED_FACE('',(#8009),#693,.F.);
#8727=ADVANCED_FACE('',(#8010),#694,.F.);
#8728=ADVANCED_FACE('',(#8011),#695,.F.);
#8729=ADVANCED_FACE('',(#8012),#696,.F.);
#8730=ADVANCED_FACE('',(#8013),#697,.F.);
#8731=ADVANCED_FACE('',(#8014),#698,.F.);
#8732=ADVANCED_FACE('',(#8015),#699,.F.);
#8733=ADVANCED_FACE('',(#8016),#700,.F.);
#8734=ADVANCED_FACE('',(#8017),#701,.F.);
#8735=ADVANCED_FACE('',(#8018),#702,.F.);
#8736=ADVANCED_FACE('',(#8019),#703,.F.);
#8737=ADVANCED_FACE('',(#8020),#704,.F.);
#8738=ADVANCED_FACE('',(#8021),#705,.F.);
#8739=ADVANCED_FACE('',(#8022),#706,.F.);
#8740=ADVANCED_FACE('',(#8023),#707,.F.);
#8741=ADVANCED_FACE('',(#8024),#708,.F.);
#8742=ADVANCED_FACE('',(#8025),#709,.F.);
#8743=ADVANCED_FACE('',(#8026),#710,.F.);
#8744=ADVANCED_FACE('',(#8027),#711,.F.);
#8745=ADVANCED_FACE('',(#8028),#712,.F.);
#8746=ADVANCED_FACE('',(#8029),#713,.F.);
#8747=ADVANCED_FACE('',(#8030),#714,.F.);
#8748=ADVANCED_FACE('',(#8031),#715,.T.);
#8749=ADVANCED_FACE('',(#8032),#8452,.F.);
#8750=ADVANCED_FACE('',(#8033),#8453,.F.);
#8751=ADVANCED_FACE('',(#8034),#716,.T.);
#8752=ADVANCED_FACE('',(#8035),#717,.T.);
#8753=ADVANCED_FACE('',(#8036),#718,.T.);
#8754=ADVANCED_FACE('',(#8037),#8454,.F.);
#8755=ADVANCED_FACE('',(#8038),#8455,.F.);
#8756=ADVANCED_FACE('',(#8039),#719,.T.);
#8757=ADVANCED_FACE('',(#8040),#720,.T.);
#8758=ADVANCED_FACE('',(#8041),#721,.T.);
#8759=ADVANCED_FACE('',(#8042),#8456,.F.);
#8760=ADVANCED_FACE('',(#8043),#8457,.F.);
#8761=ADVANCED_FACE('',(#8044),#722,.T.);
#8762=ADVANCED_FACE('',(#8045),#723,.T.);
#8763=ADVANCED_FACE('',(#8046),#8458,.T.);
#8764=ADVANCED_FACE('',(#8047),#8459,.T.);
#8765=ADVANCED_FACE('',(#8048),#724,.F.);
#8766=ADVANCED_FACE('',(#8049),#725,.F.);
#8767=ADVANCED_FACE('',(#8050),#8460,.T.);
#8768=ADVANCED_FACE('',(#8051),#726,.F.);
#8769=ADVANCED_FACE('',(#8052),#727,.F.);
#8770=ADVANCED_FACE('',(#8053),#8461,.T.);
#8771=ADVANCED_FACE('',(#8054),#728,.T.);
#8772=ADVANCED_FACE('',(#8055),#729,.T.);
#8773=ADVANCED_FACE('',(#8056,#8057,#8058,#8059),#8462,.F.);
#8774=ADVANCED_FACE('',(#8060,#8061),#8463,.F.);
#8775=ADVANCED_FACE('',(#8062),#8464,.F.);
#8776=ADVANCED_FACE('',(#8063),#730,.T.);
#8777=ADVANCED_FACE('',(#8064),#8465,.T.);
#8778=ADVANCED_FACE('',(#8065),#731,.F.);
#8779=ADVANCED_FACE('',(#8066),#8466,.T.);
#8780=ADVANCED_FACE('',(#8067),#8467,.F.);
#8781=ADVANCED_FACE('',(#8068),#8468,.F.);
#8782=ADVANCED_FACE('',(#8069),#732,.T.);
#8783=ADVANCED_FACE('',(#8070),#8469,.F.);
#8784=ADVANCED_FACE('',(#8071),#8470,.F.);
#8785=ADVANCED_FACE('',(#8072),#8471,.F.);
#8786=ADVANCED_FACE('',(#8073),#8472,.F.);
#8787=ADVANCED_FACE('',(#8074),#8473,.T.);
#8788=ADVANCED_FACE('',(#8075),#8474,.T.);
#8789=ADVANCED_FACE('',(#8076),#8475,.F.);
#8790=ADVANCED_FACE('',(#8077),#8476,.F.);
#8791=ADVANCED_FACE('',(#8078),#8477,.T.);
#8792=ADVANCED_FACE('',(#8079),#8478,.T.);
#8793=ADVANCED_FACE('',(#8080),#8479,.F.);
#8794=ADVANCED_FACE('',(#8081),#8480,.T.);
#8795=ADVANCED_FACE('',(#8082),#733,.F.);
#8796=ADVANCED_FACE('',(#8083),#734,.F.);
#8797=ADVANCED_FACE('',(#8084),#735,.F.);
#8798=ADVANCED_FACE('',(#8085),#736,.F.);
#8799=ADVANCED_FACE('',(#8086),#84,.F.);
#8800=ADVANCED_FACE('',(#8087),#85,.F.);
#8801=ADVANCED_FACE('',(#8088),#737,.F.);
#8802=ADVANCED_FACE('',(#8089),#738,.F.);
#8803=ADVANCED_FACE('',(#8090),#739,.F.);
#8804=ADVANCED_FACE('',(#8091),#740,.F.);
#8805=ADVANCED_FACE('',(#8092),#741,.F.);
#8806=ADVANCED_FACE('',(#8093),#43,.F.);
#8807=ADVANCED_FACE('',(#8094),#16,.T.);
#8808=ADVANCED_FACE('',(#8095),#742,.T.);
#8809=ADVANCED_FACE('',(#8096),#44,.T.);
#8810=ADVANCED_FACE('',(#8097),#743,.T.);
#8811=ADVANCED_FACE('',(#8098),#45,.F.);
#8812=ADVANCED_FACE('',(#8099),#744,.F.);
#8813=ADVANCED_FACE('',(#8100),#745,.T.);
#8814=ADVANCED_FACE('',(#8101),#17,.T.);
#8815=ADVANCED_FACE('',(#8102),#46,.T.);
#8816=ADVANCED_FACE('',(#8103),#746,.T.);
#8817=ADVANCED_FACE('',(#8104),#747,.T.);
#8818=ADVANCED_FACE('',(#8105),#18,.T.);
#8819=ADVANCED_FACE('',(#8106),#19,.T.);
#8820=ADVANCED_FACE('',(#8107),#748,.T.);
#8821=ADVANCED_FACE('',(#8108),#749,.T.);
#8822=ADVANCED_FACE('',(#8109),#47,.T.);
#8823=ADVANCED_FACE('',(#8110),#20,.T.);
#8824=ADVANCED_FACE('',(#8111),#750,.T.);
#8825=ADVANCED_FACE('',(#8112),#751,.T.);
#8826=ADVANCED_FACE('',(#8113),#48,.T.);
#8827=ADVANCED_FACE('',(#8114),#49,.T.);
#8828=ADVANCED_FACE('',(#8115),#752,.T.);
#8829=ADVANCED_FACE('',(#8116),#753,.T.);
#8830=ADVANCED_FACE('',(#8117),#50,.T.);
#8831=ADVANCED_FACE('',(#8118),#51,.T.);
#8832=ADVANCED_FACE('',(#8119),#754,.T.);
#8833=ADVANCED_FACE('',(#8120),#755,.T.);
#8834=ADVANCED_FACE('',(#8121),#52,.T.);
#8835=ADVANCED_FACE('',(#8122),#756,.T.);
#8836=ADVANCED_FACE('',(#8123),#53,.T.);
#8837=ADVANCED_FACE('',(#8124),#757,.T.);
#8838=ADVANCED_FACE('',(#8125),#8481,.T.);
#8839=ADVANCED_FACE('',(#8126),#8482,.T.);
#8840=ADVANCED_FACE('',(#8127),#8483,.T.);
#8841=ADVANCED_FACE('',(#8128),#8484,.T.);
#8842=ADVANCED_FACE('',(#8129),#8485,.T.);
#8843=ADVANCED_FACE('',(#8130),#8486,.T.);
#8844=ADVANCED_FACE('',(#8131),#8487,.T.);
#8845=ADVANCED_FACE('',(#8132),#8488,.T.);
#8846=ADVANCED_FACE('',(#8133),#8489,.T.);
#8847=ADVANCED_FACE('',(#8134),#8490,.T.);
#8848=ADVANCED_FACE('',(#8135),#8491,.F.);
#8849=ADVANCED_FACE('',(#8136),#8492,.F.);
#8850=ADVANCED_FACE('',(#8137),#8493,.T.);
#8851=ADVANCED_FACE('',(#8138),#8494,.F.);
#8852=ADVANCED_FACE('',(#8139),#8495,.F.);
#8853=ADVANCED_FACE('',(#8140),#8496,.T.);
#8854=ADVANCED_FACE('',(#8141),#758,.T.);
#8855=ADVANCED_FACE('',(#8142),#759,.T.);
#8856=ADVANCED_FACE('',(#8143),#760,.T.);
#8857=ADVANCED_FACE('',(#8144),#761,.T.);
#8858=ADVANCED_FACE('',(#8145),#86,.T.);
#8859=ADVANCED_FACE('',(#8146),#87,.T.);
#8860=ADVANCED_FACE('',(#8147),#762,.T.);
#8861=ADVANCED_FACE('',(#8148),#763,.T.);
#8862=ADVANCED_FACE('',(#8149),#88,.T.);
#8863=ADVANCED_FACE('',(#8150),#764,.T.);
#8864=ADVANCED_FACE('',(#8151),#765,.T.);
#8865=ADVANCED_FACE('',(#8152),#89,.T.);
#8866=ADVANCED_FACE('',(#8153),#766,.T.);
#8867=ADVANCED_FACE('',(#8154),#767,.T.);
#8868=ADVANCED_FACE('',(#8155),#8497,.T.);
#8869=ADVANCED_FACE('',(#8156),#8498,.T.);
#8870=ADVANCED_FACE('',(#8157),#8499,.T.);
#8871=ADVANCED_FACE('',(#8158),#8500,.T.);
#8872=ADVANCED_FACE('',(#8159),#8501,.T.);
#8873=ADVANCED_FACE('',(#8160),#768,.F.);
#8874=ADVANCED_FACE('',(#8161),#769,.F.);
#8875=ADVANCED_FACE('',(#8162),#8502,.T.);
#8876=ADVANCED_FACE('',(#8163),#770,.F.);
#8877=ADVANCED_FACE('',(#8164),#771,.F.);
#8878=ADVANCED_FACE('',(#8165),#8503,.T.);
#8879=ADVANCED_FACE('',(#8166),#772,.T.);
#8880=ADVANCED_FACE('',(#8167),#773,.T.);
#8881=ADVANCED_FACE('',(#8168,#8169,#8170,#8171),#8504,.F.);
#8882=ADVANCED_FACE('',(#8172,#8173),#8505,.F.);
#8883=ADVANCED_FACE('',(#8174),#8506,.F.);
#8884=ADVANCED_FACE('',(#8175),#774,.T.);
#8885=ADVANCED_FACE('',(#8176),#8507,.T.);
#8886=ADVANCED_FACE('',(#8177),#775,.F.);
#8887=ADVANCED_FACE('',(#8178),#8508,.T.);
#8888=ADVANCED_FACE('',(#8179),#8509,.F.);
#8889=ADVANCED_FACE('',(#8180),#8510,.T.);
#8890=ADVANCED_FACE('',(#8181),#8511,.T.);
#8891=ADVANCED_FACE('',(#8182),#8512,.F.);
#8892=ADVANCED_FACE('',(#8183),#8513,.F.);
#8893=ADVANCED_FACE('',(#8184),#8514,.F.);
#8894=ADVANCED_FACE('',(#8185),#8515,.F.);
#8895=ADVANCED_FACE('',(#8186),#776,.T.);
#8896=ADVANCED_FACE('',(#8187),#8516,.F.);
#8897=ADVANCED_FACE('',(#8188),#8517,.F.);
#8898=ADVANCED_FACE('',(#8189),#8518,.F.);
#8899=ADVANCED_FACE('',(#8190),#8519,.T.);
#8900=ADVANCED_FACE('',(#8191),#8520,.T.);
#8901=ADVANCED_FACE('',(#8192),#8521,.F.);
#8902=ADVANCED_FACE('',(#8193),#8522,.T.);
#8903=ADVANCED_FACE('',(#8194),#777,.F.);
#8904=ADVANCED_FACE('',(#8195),#778,.F.);
#8905=ADVANCED_FACE('',(#8196),#779,.F.);
#8906=ADVANCED_FACE('',(#8197),#780,.F.);
#8907=ADVANCED_FACE('',(#8198),#90,.F.);
#8908=ADVANCED_FACE('',(#8199),#91,.F.);
#8909=ADVANCED_FACE('',(#8200),#781,.F.);
#8910=ADVANCED_FACE('',(#8201),#782,.F.);
#8911=ADVANCED_FACE('',(#8202),#783,.F.);
#8912=ADVANCED_FACE('',(#8203),#784,.F.);
#8913=ADVANCED_FACE('',(#8204),#785,.F.);
#8914=ADVANCED_FACE('',(#8205),#54,.F.);
#8915=ADVANCED_FACE('',(#8206),#55,.T.);
#8916=ADVANCED_FACE('',(#8207),#786,.T.);
#8917=ADVANCED_FACE('',(#8208),#56,.T.);
#8918=ADVANCED_FACE('',(#8209),#787,.T.);
#8919=ADVANCED_FACE('',(#8210),#57,.F.);
#8920=ADVANCED_FACE('',(#8211),#58,.F.);
#8921=ADVANCED_FACE('',(#8212),#788,.T.);
#8922=ADVANCED_FACE('',(#8213),#21,.T.);
#8923=ADVANCED_FACE('',(#8214),#59,.T.);
#8924=ADVANCED_FACE('',(#8215),#789,.T.);
#8925=ADVANCED_FACE('',(#8216),#790,.T.);
#8926=ADVANCED_FACE('',(#8217),#22,.T.);
#8927=ADVANCED_FACE('',(#8218),#23,.T.);
#8928=ADVANCED_FACE('',(#8219),#791,.T.);
#8929=ADVANCED_FACE('',(#8220),#792,.T.);
#8930=ADVANCED_FACE('',(#8221),#60,.T.);
#8931=ADVANCED_FACE('',(#8222),#24,.T.);
#8932=ADVANCED_FACE('',(#8223),#793,.T.);
#8933=ADVANCED_FACE('',(#8224),#794,.T.);
#8934=ADVANCED_FACE('',(#8225),#61,.T.);
#8935=ADVANCED_FACE('',(#8226),#62,.T.);
#8936=ADVANCED_FACE('',(#8227),#795,.T.);
#8937=ADVANCED_FACE('',(#8228),#796,.T.);
#8938=ADVANCED_FACE('',(#8229),#63,.T.);
#8939=ADVANCED_FACE('',(#8230),#64,.T.);
#8940=ADVANCED_FACE('',(#8231),#797,.T.);
#8941=ADVANCED_FACE('',(#8232),#798,.T.);
#8942=ADVANCED_FACE('',(#8233),#65,.T.);
#8943=ADVANCED_FACE('',(#8234),#799,.T.);
#8944=ADVANCED_FACE('',(#8235),#66,.T.);
#8945=ADVANCED_FACE('',(#8236),#800,.T.);
#8946=ADVANCED_FACE('',(#8237),#8523,.T.);
#8947=ADVANCED_FACE('',(#8238),#8524,.T.);
#8948=ADVANCED_FACE('',(#8239),#8525,.T.);
#8949=ADVANCED_FACE('',(#8240),#8526,.T.);
#8950=ADVANCED_FACE('',(#8241),#8527,.F.);
#8951=ADVANCED_FACE('',(#8242),#8528,.F.);
#8952=ADVANCED_FACE('',(#8243),#8529,.T.);
#8953=ADVANCED_FACE('',(#8244),#8530,.T.);
#8954=ADVANCED_FACE('',(#8245),#8531,.T.);
#8955=ADVANCED_FACE('',(#8246),#8532,.T.);
#8956=ADVANCED_FACE('',(#8247),#8533,.T.);
#8957=ADVANCED_FACE('',(#8248),#8534,.T.);
#8958=ADVANCED_FACE('',(#8249),#8535,.T.);
#8959=ADVANCED_FACE('',(#8250),#8536,.F.);
#8960=ADVANCED_FACE('',(#8251),#8537,.F.);
#8961=ADVANCED_FACE('',(#8252),#8538,.T.);
#8962=ADVANCED_FACE('',(#8253),#801,.T.);
#8963=ADVANCED_FACE('',(#8254),#802,.T.);
#8964=ADVANCED_FACE('',(#8255),#803,.T.);
#8965=ADVANCED_FACE('',(#8256),#804,.T.);
#8966=ADVANCED_FACE('',(#8257),#92,.T.);
#8967=ADVANCED_FACE('',(#8258),#93,.T.);
#8968=ADVANCED_FACE('',(#8259),#805,.T.);
#8969=ADVANCED_FACE('',(#8260),#806,.T.);
#8970=ADVANCED_FACE('',(#8261),#94,.T.);
#8971=ADVANCED_FACE('',(#8262),#807,.T.);
#8972=ADVANCED_FACE('',(#8263),#808,.T.);
#8973=ADVANCED_FACE('',(#8264),#95,.T.);
#8974=ADVANCED_FACE('',(#8265),#809,.T.);
#8975=ADVANCED_FACE('',(#8266),#810,.T.);
#8976=ADVANCED_FACE('',(#8267),#8539,.T.);
#8977=ADVANCED_FACE('',(#8268),#8540,.T.);
#8978=ADVANCED_FACE('',(#8269),#8541,.T.);
#8979=ADVANCED_FACE('',(#8270),#8542,.T.);
#8980=ADVANCED_FACE('',(#8271),#8543,.T.);
#8981=ADVANCED_FACE('',(#8272),#811,.F.);
#8982=ADVANCED_FACE('',(#8273),#812,.F.);
#8983=ADVANCED_FACE('',(#8274),#8544,.T.);
#8984=ADVANCED_FACE('',(#8275),#813,.F.);
#8985=ADVANCED_FACE('',(#8276),#814,.F.);
#8986=ADVANCED_FACE('',(#8277),#8545,.T.);
#8987=ADVANCED_FACE('',(#8278),#815,.T.);
#8988=ADVANCED_FACE('',(#8279),#816,.T.);
#8989=ADVANCED_FACE('',(#8280,#8281,#8282,#8283),#8546,.F.);
#8990=ADVANCED_FACE('',(#8284,#8285),#8547,.F.);
#8991=ADVANCED_FACE('',(#8286),#8548,.F.);
#8992=ADVANCED_FACE('',(#8287),#817,.T.);
#8993=ADVANCED_FACE('',(#8288),#8549,.T.);
#8994=ADVANCED_FACE('',(#8289),#818,.F.);
#8995=ADVANCED_FACE('',(#8290),#8550,.T.);
#8996=ADVANCED_FACE('',(#8291),#8551,.F.);
#8997=ADVANCED_FACE('',(#8292),#8552,.F.);
#8998=ADVANCED_FACE('',(#8293),#819,.T.);
#8999=ADVANCED_FACE('',(#8294),#8553,.F.);
#9000=ADVANCED_FACE('',(#8295),#8554,.F.);
#9001=ADVANCED_FACE('',(#8296),#8555,.F.);
#9002=ADVANCED_FACE('',(#8297),#8556,.F.);
#9003=ADVANCED_FACE('',(#8298),#8557,.T.);
#9004=ADVANCED_FACE('',(#8299),#8558,.T.);
#9005=ADVANCED_FACE('',(#8300),#8559,.F.);
#9006=ADVANCED_FACE('',(#8301),#8560,.F.);
#9007=ADVANCED_FACE('',(#8302),#8561,.T.);
#9008=ADVANCED_FACE('',(#8303),#8562,.T.);
#9009=ADVANCED_FACE('',(#8304),#8563,.F.);
#9010=ADVANCED_FACE('',(#8305),#8564,.T.);
#9011=ADVANCED_FACE('',(#8306),#820,.F.);
#9012=ADVANCED_FACE('',(#8307),#821,.F.);
#9013=ADVANCED_FACE('',(#8308),#822,.F.);
#9014=ADVANCED_FACE('',(#8309),#823,.F.);
#9015=ADVANCED_FACE('',(#8310),#96,.F.);
#9016=ADVANCED_FACE('',(#8311),#97,.F.);
#9017=ADVANCED_FACE('',(#8312),#824,.F.);
#9018=ADVANCED_FACE('',(#8313),#825,.F.);
#9019=ADVANCED_FACE('',(#8314),#826,.F.);
#9020=ADVANCED_FACE('',(#8315),#827,.F.);
#9021=ADVANCED_FACE('',(#8316),#828,.F.);
#9022=ADVANCED_FACE('',(#8317),#67,.F.);
#9023=ADVANCED_FACE('',(#8318),#68,.F.);
#9024=ADVANCED_FACE('',(#8319),#829,.T.);
#9025=ADVANCED_FACE('',(#8320),#69,.T.);
#9026=ADVANCED_FACE('',(#8321),#830,.T.);
#9027=ADVANCED_FACE('',(#8322),#25,.T.);
#9028=ADVANCED_FACE('',(#8323),#831,.F.);
#9029=ADVANCED_FACE('',(#8324),#832,.T.);
#9030=ADVANCED_FACE('',(#8325),#26,.T.);
#9031=ADVANCED_FACE('',(#8326),#70,.T.);
#9032=ADVANCED_FACE('',(#8327),#833,.T.);
#9033=ADVANCED_FACE('',(#8328),#834,.T.);
#9034=ADVANCED_FACE('',(#8329),#27,.T.);
#9035=ADVANCED_FACE('',(#8330),#28,.T.);
#9036=ADVANCED_FACE('',(#8331),#835,.T.);
#9037=ADVANCED_FACE('',(#8332),#836,.T.);
#9038=ADVANCED_FACE('',(#8333),#71,.T.);
#9039=ADVANCED_FACE('',(#8334),#29,.T.);
#9040=ADVANCED_FACE('',(#8335),#837,.T.);
#9041=ADVANCED_FACE('',(#8336),#838,.T.);
#9042=ADVANCED_FACE('',(#8337),#72,.T.);
#9043=ADVANCED_FACE('',(#8338),#73,.T.);
#9044=ADVANCED_FACE('',(#8339),#839,.T.);
#9045=ADVANCED_FACE('',(#8340),#840,.T.);
#9046=ADVANCED_FACE('',(#8341),#74,.T.);
#9047=ADVANCED_FACE('',(#8342),#75,.T.);
#9048=ADVANCED_FACE('',(#8343),#841,.T.);
#9049=ADVANCED_FACE('',(#8344),#842,.T.);
#9050=ADVANCED_FACE('',(#8345),#76,.T.);
#9051=ADVANCED_FACE('',(#8346),#843,.T.);
#9052=ADVANCED_FACE('',(#8347),#77,.T.);
#9053=ADVANCED_FACE('',(#8348),#844,.T.);
#9054=ADVANCED_FACE('',(#8349),#8565,.T.);
#9055=ADVANCED_FACE('',(#8350),#8566,.T.);
#9056=ADVANCED_FACE('',(#8351),#8567,.T.);
#9057=ADVANCED_FACE('',(#8352),#8568,.T.);
#9058=ADVANCED_FACE('',(#8353),#8569,.T.);
#9059=ADVANCED_FACE('',(#8354),#8570,.T.);
#9060=ADVANCED_FACE('',(#8355),#8571,.T.);
#9061=ADVANCED_FACE('',(#8356),#8572,.T.);
#9062=ADVANCED_FACE('',(#8357),#8573,.T.);
#9063=ADVANCED_FACE('',(#8358),#8574,.T.);
#9064=ADVANCED_FACE('',(#8359),#8575,.F.);
#9065=ADVANCED_FACE('',(#8360),#8576,.F.);
#9066=ADVANCED_FACE('',(#8361),#8577,.T.);
#9067=ADVANCED_FACE('',(#8362),#8578,.F.);
#9068=ADVANCED_FACE('',(#8363),#8579,.F.);
#9069=ADVANCED_FACE('',(#8364),#8580,.T.);
#9070=ADVANCED_FACE('',(#8365),#845,.T.);
#9071=ADVANCED_FACE('',(#8366),#846,.T.);
#9072=ADVANCED_FACE('',(#8367),#847,.T.);
#9073=ADVANCED_FACE('',(#8368),#848,.T.);
#9074=ADVANCED_FACE('',(#8369),#98,.T.);
#9075=ADVANCED_FACE('',(#8370),#99,.T.);
#9076=ADVANCED_FACE('',(#8371),#849,.T.);
#9077=ADVANCED_FACE('',(#8372),#850,.T.);
#9078=ADVANCED_FACE('',(#8373),#100,.T.);
#9079=ADVANCED_FACE('',(#8374),#851,.T.);
#9080=ADVANCED_FACE('',(#8375),#852,.T.);
#9081=ADVANCED_FACE('',(#8376),#101,.T.);
#9082=ADVANCED_FACE('',(#8377),#853,.T.);
#9083=ADVANCED_FACE('',(#8378),#854,.T.);
#9084=ADVANCED_FACE('',(#8379),#8581,.T.);
#9085=ADVANCED_FACE('',(#8380),#8582,.T.);
#9086=ADVANCED_FACE('',(#8381),#855,.F.);
#9087=ADVANCED_FACE('',(#8382),#856,.F.);
#9088=ADVANCED_FACE('',(#8383),#8583,.T.);
#9089=ADVANCED_FACE('',(#8384),#857,.F.);
#9090=ADVANCED_FACE('',(#8385),#858,.F.);
#9091=ADVANCED_FACE('',(#8386),#8584,.T.);
#9092=CLOSED_SHELL('',(#8585,#8586,#8587,#8588,#8589,#8590,#8591,#8592,
#8593,#8594,#8595,#8596,#8597,#8598,#8599,#8600,#8601,#8602,#8603,#8604,
#8605,#8606,#8607,#8608,#8609,#8610,#8611,#8612,#8613,#8614,#8615,#8616,
#8617,#8618,#8619,#8620,#8621,#8622,#8623,#8624,#8625,#8626,#8627,#8628,
#8629,#8630,#8631,#8632,#8633,#8634,#8635,#8636,#8637,#8638,#8639,#8640,
#8641,#8642,#8643,#8644,#8645,#8646,#8647,#8648,#8649,#8650,#8651,#8652,
#8653,#8654,#8655,#8656,#8657,#8658,#8659,#8660,#8661,#8662,#8663,#8664,
#8665,#8666,#8667,#8668,#8669,#8670,#8671,#8672,#8673,#8674,#8675,#8676,
#8677,#8678,#8679,#8680,#8681,#8682,#8683,#8684,#8685,#8686,#8687,#8688,
#8689,#8690,#8691,#8692,#8693,#8694,#8695,#8696,#8697,#8698,#8699,#8700,
#8701,#8702,#8703,#8704,#8705,#8706,#8707,#8708,#8709,#8710,#8711,#8712,
#8713,#8714,#8715,#8716,#8717,#8718,#8719,#8720,#8721,#8722,#8723,#8724,
#8725,#8726,#8727,#8728,#8729,#8730,#8731,#8732,#8733,#8734,#8735,#8736,
#8737,#8738,#8739,#8740,#8741,#8742,#8743,#8744,#8745,#8746,#8747,#8748,
#8749,#8750,#8751,#8752,#8753,#8754,#8755,#8756,#8757,#8758,#8759,#8760,
#8761,#8762,#8763,#8764,#8765,#8766,#8767,#8768,#8769,#8770,#8771,#8772,
#8773,#8774,#8775,#8776,#8777,#8778,#8779,#8780,#8781,#8782,#8783,#8784,
#8785,#8786,#8787,#8788,#8789,#8790,#8791,#8792,#8793,#8794,#8795,#8796,
#8797,#8798,#8799,#8800,#8801,#8802,#8803,#8804,#8805,#8806,#8807,#8808,
#8809,#8810,#8811,#8812,#8813,#8814,#8815,#8816,#8817,#8818,#8819,#8820,
#8821,#8822,#8823,#8824,#8825,#8826,#8827,#8828,#8829,#8830,#8831,#8832,
#8833,#8834,#8835,#8836,#8837,#8838,#8839,#8840,#8841,#8842,#8843,#8844,
#8845,#8846,#8847,#8848,#8849,#8850,#8851,#8852,#8853,#8854,#8855,#8856,
#8857,#8858,#8859,#8860,#8861,#8862,#8863,#8864,#8865,#8866,#8867,#8868,
#8869,#8870,#8871,#8872,#8873,#8874,#8875,#8876,#8877,#8878,#8879,#8880,
#8881,#8882,#8883,#8884,#8885,#8886,#8887,#8888,#8889,#8890,#8891,#8892,
#8893,#8894,#8895,#8896,#8897,#8898,#8899,#8900,#8901,#8902,#8903,#8904,
#8905,#8906,#8907,#8908,#8909,#8910,#8911,#8912,#8913,#8914,#8915,#8916,
#8917,#8918,#8919,#8920,#8921,#8922,#8923,#8924,#8925,#8926,#8927,#8928,
#8929,#8930,#8931,#8932,#8933,#8934,#8935,#8936,#8937,#8938,#8939,#8940,
#8941,#8942,#8943,#8944,#8945,#8946,#8947,#8948,#8949,#8950,#8951,#8952,
#8953,#8954,#8955,#8956,#8957,#8958,#8959,#8960,#8961,#8962,#8963,#8964,
#8965,#8966,#8967,#8968,#8969,#8970,#8971,#8972,#8973,#8974,#8975,#8976,
#8977,#8978,#8979,#8980,#8981,#8982,#8983,#8984,#8985,#8986,#8987,#8988,
#8989,#8990,#8991,#8992,#8993,#8994,#8995,#8996,#8997,#8998,#8999,#9000,
#9001,#9002,#9003,#9004,#9005,#9006,#9007,#9008,#9009,#9010,#9011,#9012,
#9013,#9014,#9015,#9016,#9017,#9018,#9019,#9020,#9021,#9022,#9023,#9024,
#9025,#9026,#9027,#9028,#9029,#9030,#9031,#9032,#9033,#9034,#9035,#9036,
#9037,#9038,#9039,#9040,#9041,#9042,#9043,#9044,#9045,#9046,#9047,#9048,
#9049,#9050,#9051,#9052,#9053,#9054,#9055,#9056,#9057,#9058,#9059,#9060,
#9061,#9062,#9063,#9064,#9065,#9066,#9067,#9068,#9069,#9070,#9071,#9072,
#9073,#9074,#9075,#9076,#9077,#9078,#9079,#9080,#9081,#9082,#9083,#9084,
#9085,#9086,#9087,#9088,#9089,#9090,#9091));
#9093=STYLED_ITEM('',(#9094),#9101);
#9094=PRESENTATION_STYLE_ASSIGNMENT((#9095));
#9095=SURFACE_STYLE_USAGE(.BOTH.,#9096);
#9096=SURFACE_SIDE_STYLE('',(#9097));
#9097=SURFACE_STYLE_FILL_AREA(#9098);
#9098=FILL_AREA_STYLE('',(#9099));
#9099=FILL_AREA_STYLE_COLOUR('',#9100);
#9100=COLOUR_RGB('',0.796078431372549,0.823529411764706,0.937254901960784);
#9101=MANIFOLD_SOLID_BREP('Part 6',#9092);
#9102=SHAPE_DEFINITION_REPRESENTATION(#15916,#9103);
#9103=SHAPE_REPRESENTATION('Part 6',(#9104),#15911);
#9104=AXIS2_PLACEMENT_3D('',#12857,#10087,#10088);
#9105=AXIS2_PLACEMENT_3D('',#12858,#10089,#10090);
#9106=AXIS2_PLACEMENT_3D('',#12867,#10095,#10096);
#9107=AXIS2_PLACEMENT_3D('',#12876,#10101,#10102);
#9108=AXIS2_PLACEMENT_3D('',#12880,#10104,#10105);
#9109=AXIS2_PLACEMENT_3D('',#12881,#10106,#10107);
#9110=AXIS2_PLACEMENT_3D('',#12883,#10108,#10109);
#9111=AXIS2_PLACEMENT_3D('',#12884,#10110,#10111);
#9112=AXIS2_PLACEMENT_3D('',#12885,#10112,#10113);
#9113=AXIS2_PLACEMENT_3D('',#12890,#10115,#10116);
#9114=AXIS2_PLACEMENT_3D('',#12893,#10118,#10119);
#9115=AXIS2_PLACEMENT_3D('',#12894,#10120,#10121);
#9116=AXIS2_PLACEMENT_3D('',#12898,#10123,#10124);
#9117=AXIS2_PLACEMENT_3D('',#12900,#10125,#10126);
#9118=AXIS2_PLACEMENT_3D('',#12901,#10127,#10128);
#9119=AXIS2_PLACEMENT_3D('',#12902,#10129,#10130);
#9120=AXIS2_PLACEMENT_3D('',#12907,#10132,#10133);
#9121=AXIS2_PLACEMENT_3D('',#12910,#10135,#10136);
#9122=AXIS2_PLACEMENT_3D('',#12911,#10137,#10138);
#9123=AXIS2_PLACEMENT_3D('',#12912,#10139,#10140);
#9124=AXIS2_PLACEMENT_3D('',#12914,#10141,#10142);
#9125=AXIS2_PLACEMENT_3D('',#12915,#10143,#10144);
#9126=AXIS2_PLACEMENT_3D('',#12916,#10145,#10146);
#9127=AXIS2_PLACEMENT_3D('',#12933,#10154,#10155);
#9128=AXIS2_PLACEMENT_3D('',#12943,#10160,#10161);
#9129=AXIS2_PLACEMENT_3D('',#12947,#10163,#10164);
#9130=AXIS2_PLACEMENT_3D('',#12951,#10166,#10167);
#9131=AXIS2_PLACEMENT_3D('',#12955,#10169,#10170);
#9132=AXIS2_PLACEMENT_3D('',#12959,#10172,#10173);
#9133=AXIS2_PLACEMENT_3D('',#12960,#10174,#10175);
#9134=AXIS2_PLACEMENT_3D('',#12970,#10180,#10181);
#9135=AXIS2_PLACEMENT_3D('',#12987,#10190,#10191);
#9136=AXIS2_PLACEMENT_3D('',#12991,#10193,#10194);
#9137=AXIS2_PLACEMENT_3D('',#12996,#10197,#10198);
#9138=AXIS2_PLACEMENT_3D('',#13007,#10204,#10205);
#9139=AXIS2_PLACEMENT_3D('',#13011,#10207,#10208);
#9140=AXIS2_PLACEMENT_3D('',#13023,#10214,#10215);
#9141=AXIS2_PLACEMENT_3D('',#13027,#10217,#10218);
#9142=AXIS2_PLACEMENT_3D('',#13039,#10224,#10225);
#9143=AXIS2_PLACEMENT_3D('',#13043,#10227,#10228);
#9144=AXIS2_PLACEMENT_3D('',#13054,#10234,#10235);
#9145=AXIS2_PLACEMENT_3D('',#13058,#10237,#10238);
#9146=AXIS2_PLACEMENT_3D('',#13063,#10241,#10242);
#9147=AXIS2_PLACEMENT_3D('',#13072,#10247,#10248);
#9148=AXIS2_PLACEMENT_3D('',#13076,#10250,#10251);
#9149=AXIS2_PLACEMENT_3D('',#13085,#10256,#10257);
#9150=AXIS2_PLACEMENT_3D('',#13089,#10259,#10260);
#9151=AXIS2_PLACEMENT_3D('',#13101,#10266,#10267);
#9152=AXIS2_PLACEMENT_3D('',#13105,#10269,#10270);
#9153=AXIS2_PLACEMENT_3D('',#13123,#10279,#10280);
#9154=AXIS2_PLACEMENT_3D('',#13127,#10282,#10283);
#9155=AXIS2_PLACEMENT_3D('',#13130,#10285,#10286);
#9156=AXIS2_PLACEMENT_3D('',#13131,#10287,#10288);
#9157=AXIS2_PLACEMENT_3D('',#13132,#10289,#10290);
#9158=AXIS2_PLACEMENT_3D('',#13133,#10291,#10292);
#9159=AXIS2_PLACEMENT_3D('',#13147,#10297,#10298);
#9160=AXIS2_PLACEMENT_3D('',#13151,#10300,#10301);
#9161=AXIS2_PLACEMENT_3D('',#13152,#10302,#10303);
#9162=AXIS2_PLACEMENT_3D('',#13153,#10304,#10305);
#9163=AXIS2_PLACEMENT_3D('',#13164,#10309,#10310);
#9164=AXIS2_PLACEMENT_3D('',#13182,#10320,#10321);
#9165=AXIS2_PLACEMENT_3D('',#13200,#10331,#10332);
#9166=AXIS2_PLACEMENT_3D('',#13201,#10333,#10334);
#9167=AXIS2_PLACEMENT_3D('',#13202,#10335,#10336);
#9168=AXIS2_PLACEMENT_3D('',#13204,#10337,#10338);
#9169=AXIS2_PLACEMENT_3D('',#13205,#10339,#10340);
#9170=AXIS2_PLACEMENT_3D('',#13208,#10343,#10344);
#9171=AXIS2_PLACEMENT_3D('',#13210,#10346,#10347);
#9172=AXIS2_PLACEMENT_3D('',#13212,#10349,#10350);
#9173=AXIS2_PLACEMENT_3D('',#13213,#10351,#10352);
#9174=AXIS2_PLACEMENT_3D('',#13214,#10353,#10354);
#9175=AXIS2_PLACEMENT_3D('',#13219,#10358,#10359);
#9176=AXIS2_PLACEMENT_3D('',#13220,#10360,#10361);
#9177=AXIS2_PLACEMENT_3D('',#13224,#10364,#10365);
#9178=AXIS2_PLACEMENT_3D('',#13225,#10366,#10367);
#9179=AXIS2_PLACEMENT_3D('',#13229,#10370,#10371);
#9180=AXIS2_PLACEMENT_3D('',#13238,#10376,#10377);
#9181=AXIS2_PLACEMENT_3D('',#13251,#10384,#10385);
#9182=AXIS2_PLACEMENT_3D('',#13264,#10392,#10393);
#9183=AXIS2_PLACEMENT_3D('',#13270,#10396,#10397);
#9184=AXIS2_PLACEMENT_3D('',#13277,#10401,#10402);
#9185=AXIS2_PLACEMENT_3D('',#13278,#10403,#10404);
#9186=AXIS2_PLACEMENT_3D('',#13287,#10408,#10409);
#9187=AXIS2_PLACEMENT_3D('',#13294,#10413,#10414);
#9188=AXIS2_PLACEMENT_3D('',#13295,#10415,#10416);
#9189=AXIS2_PLACEMENT_3D('',#13296,#10417,#10418);
#9190=AXIS2_PLACEMENT_3D('',#13297,#10419,#10420);
#9191=AXIS2_PLACEMENT_3D('',#13298,#10421,#10422);
#9192=AXIS2_PLACEMENT_3D('',#13299,#10423,#10424);
#9193=AXIS2_PLACEMENT_3D('',#13300,#10425,#10426);
#9194=AXIS2_PLACEMENT_3D('',#13301,#10427,#10428);
#9195=AXIS2_PLACEMENT_3D('',#13302,#10429,#10430);
#9196=AXIS2_PLACEMENT_3D('',#13303,#10431,#10432);
#9197=AXIS2_PLACEMENT_3D('',#13304,#10433,#10434);
#9198=AXIS2_PLACEMENT_3D('',#13305,#10435,#10436);
#9199=AXIS2_PLACEMENT_3D('',#13306,#10437,#10438);
#9200=AXIS2_PLACEMENT_3D('',#13307,#10439,#10440);
#9201=AXIS2_PLACEMENT_3D('',#13308,#10441,#10442);
#9202=AXIS2_PLACEMENT_3D('',#13309,#10443,#10444);
#9203=AXIS2_PLACEMENT_3D('',#13310,#10445,#10446);
#9204=AXIS2_PLACEMENT_3D('',#13311,#10447,#10448);
#9205=AXIS2_PLACEMENT_3D('',#13312,#10449,#10450);
#9206=AXIS2_PLACEMENT_3D('',#13317,#10451,#10452);
#9207=AXIS2_PLACEMENT_3D('',#13327,#10453,#10454);
#9208=AXIS2_PLACEMENT_3D('',#13328,#10455,#10456);
#9209=AXIS2_PLACEMENT_3D('',#13329,#10457,#10458);
#9210=AXIS2_PLACEMENT_3D('',#13334,#10459,#10460);
#9211=AXIS2_PLACEMENT_3D('',#13344,#10461,#10462);
#9212=AXIS2_PLACEMENT_3D('',#13345,#10463,#10464);
#9213=AXIS2_PLACEMENT_3D('',#13350,#10465,#10466);
#9214=AXIS2_PLACEMENT_3D('',#13355,#10467,#10468);
#9215=AXIS2_PLACEMENT_3D('',#13356,#10469,#10470);
#9216=AXIS2_PLACEMENT_3D('',#13357,#10471,#10472);
#9217=AXIS2_PLACEMENT_3D('',#13358,#10473,#10474);
#9218=AXIS2_PLACEMENT_3D('',#13359,#10475,#10476);
#9219=AXIS2_PLACEMENT_3D('',#13364,#10477,#10478);
#9220=AXIS2_PLACEMENT_3D('',#13369,#10479,#10480);
#9221=AXIS2_PLACEMENT_3D('',#13370,#10481,#10482);
#9222=AXIS2_PLACEMENT_3D('',#13371,#10483,#10484);
#9223=AXIS2_PLACEMENT_3D('',#13372,#10485,#10486);
#9224=AXIS2_PLACEMENT_3D('',#13388,#10487,#10488);
#9225=AXIS2_PLACEMENT_3D('',#13389,#10489,#10490);
#9226=AXIS2_PLACEMENT_3D('',#13390,#10491,#10492);
#9227=AXIS2_PLACEMENT_3D('',#13391,#10493,#10494);
#9228=AXIS2_PLACEMENT_3D('',#13392,#10495,#10496);
#9229=AXIS2_PLACEMENT_3D('',#13393,#10497,#10498);
#9230=AXIS2_PLACEMENT_3D('',#13394,#10499,#10500);
#9231=AXIS2_PLACEMENT_3D('',#13410,#10501,#10502);
#9232=AXIS2_PLACEMENT_3D('',#13426,#10503,#10504);
#9233=AXIS2_PLACEMENT_3D('',#13427,#10505,#10506);
#9234=AXIS2_PLACEMENT_3D('',#13428,#10507,#10508);
#9235=AXIS2_PLACEMENT_3D('',#13429,#10509,#10510);
#9236=AXIS2_PLACEMENT_3D('',#13430,#10511,#10512);
#9237=AXIS2_PLACEMENT_3D('',#13431,#10513,#10514);
#9238=AXIS2_PLACEMENT_3D('',#13432,#10515,#10516);
#9239=AXIS2_PLACEMENT_3D('',#13448,#10517,#10518);
#9240=AXIS2_PLACEMENT_3D('',#13449,#10519,#10520);
#9241=AXIS2_PLACEMENT_3D('',#13450,#10521,#10522);
#9242=AXIS2_PLACEMENT_3D('',#13451,#10523,#10524);
#9243=AXIS2_PLACEMENT_3D('',#13452,#10525,#10526);
#9244=AXIS2_PLACEMENT_3D('',#13453,#10527,#10528);
#9245=AXIS2_PLACEMENT_3D('',#13454,#10529,#10530);
#9246=AXIS2_PLACEMENT_3D('',#13455,#10531,#10532);
#9247=AXIS2_PLACEMENT_3D('',#13456,#10533,#10534);
#9248=AXIS2_PLACEMENT_3D('',#13457,#10535,#10536);
#9249=AXIS2_PLACEMENT_3D('',#13458,#10537,#10538);
#9250=AXIS2_PLACEMENT_3D('',#13459,#10539,#10540);
#9251=AXIS2_PLACEMENT_3D('',#13460,#10541,#10542);
#9252=AXIS2_PLACEMENT_3D('',#13461,#10543,#10544);
#9253=AXIS2_PLACEMENT_3D('',#13462,#10545,#10546);
#9254=AXIS2_PLACEMENT_3D('',#13463,#10547,#10548);
#9255=AXIS2_PLACEMENT_3D('',#13464,#10549,#10550);
#9256=AXIS2_PLACEMENT_3D('',#13465,#10551,#10552);
#9257=AXIS2_PLACEMENT_3D('',#13466,#10553,#10554);
#9258=AXIS2_PLACEMENT_3D('',#13467,#10555,#10556);
#9259=AXIS2_PLACEMENT_3D('',#13468,#10557,#10558);
#9260=AXIS2_PLACEMENT_3D('',#13469,#10559,#10560);
#9261=AXIS2_PLACEMENT_3D('',#13470,#10561,#10562);
#9262=AXIS2_PLACEMENT_3D('',#13471,#10563,#10564);
#9263=AXIS2_PLACEMENT_3D('',#13472,#10565,#10566);
#9264=AXIS2_PLACEMENT_3D('',#13473,#10567,#10568);
#9265=AXIS2_PLACEMENT_3D('',#13474,#10569,#10570);
#9266=AXIS2_PLACEMENT_3D('',#13475,#10571,#10572);
#9267=AXIS2_PLACEMENT_3D('',#13476,#10573,#10574);
#9268=AXIS2_PLACEMENT_3D('',#13477,#10575,#10576);
#9269=AXIS2_PLACEMENT_3D('',#13478,#10577,#10578);
#9270=AXIS2_PLACEMENT_3D('',#13483,#10581,#10582);
#9271=AXIS2_PLACEMENT_3D('',#13488,#10585,#10586);
#9272=AXIS2_PLACEMENT_3D('',#13491,#10588,#10589);
#9273=AXIS2_PLACEMENT_3D('',#13500,#10594,#10595);
#9274=AXIS2_PLACEMENT_3D('',#13503,#10597,#10598);
#9275=AXIS2_PLACEMENT_3D('',#13506,#10600,#10601);
#9276=AXIS2_PLACEMENT_3D('',#13512,#10605,#10606);
#9277=AXIS2_PLACEMENT_3D('',#13517,#10610,#10611);
#9278=AXIS2_PLACEMENT_3D('',#13520,#10614,#10615);
#9279=AXIS2_PLACEMENT_3D('',#13523,#10618,#10619);
#9280=AXIS2_PLACEMENT_3D('',#13525,#10621,#10622);
#9281=AXIS2_PLACEMENT_3D('',#13527,#10624,#10625);
#9282=AXIS2_PLACEMENT_3D('',#13528,#10626,#10627);
#9283=AXIS2_PLACEMENT_3D('',#13530,#10629,#10630);
#9284=AXIS2_PLACEMENT_3D('',#13532,#10632,#10633);
#9285=AXIS2_PLACEMENT_3D('',#13538,#10637,#10638);
#9286=AXIS2_PLACEMENT_3D('',#13542,#10641,#10642);
#9287=AXIS2_PLACEMENT_3D('',#13546,#10645,#10646);
#9288=AXIS2_PLACEMENT_3D('',#13552,#10650,#10651);
#9289=AXIS2_PLACEMENT_3D('',#13553,#10652,#10653);
#9290=AXIS2_PLACEMENT_3D('',#13554,#10654,#10655);
#9291=AXIS2_PLACEMENT_3D('',#13555,#10656,#10657);
#9292=AXIS2_PLACEMENT_3D('',#13556,#10658,#10659);
#9293=AXIS2_PLACEMENT_3D('',#13557,#10660,#10661);
#9294=AXIS2_PLACEMENT_3D('',#13558,#10662,#10663);
#9295=AXIS2_PLACEMENT_3D('',#13559,#10664,#10665);
#9296=AXIS2_PLACEMENT_3D('',#13560,#10666,#10667);
#9297=AXIS2_PLACEMENT_3D('',#13561,#10668,#10669);
#9298=AXIS2_PLACEMENT_3D('',#13562,#10670,#10671);
#9299=AXIS2_PLACEMENT_3D('',#13563,#10672,#10673);
#9300=AXIS2_PLACEMENT_3D('',#13564,#10674,#10675);
#9301=AXIS2_PLACEMENT_3D('',#13565,#10676,#10677);
#9302=AXIS2_PLACEMENT_3D('',#13566,#10678,#10679);
#9303=AXIS2_PLACEMENT_3D('',#13567,#10680,#10681);
#9304=AXIS2_PLACEMENT_3D('',#13568,#10682,#10683);
#9305=AXIS2_PLACEMENT_3D('',#13569,#10684,#10685);
#9306=AXIS2_PLACEMENT_3D('',#13570,#10686,#10687);
#9307=AXIS2_PLACEMENT_3D('',#13571,#10688,#10689);
#9308=AXIS2_PLACEMENT_3D('',#13572,#10690,#10691);
#9309=AXIS2_PLACEMENT_3D('',#13573,#10692,#10693);
#9310=AXIS2_PLACEMENT_3D('',#13574,#10694,#10695);
#9311=AXIS2_PLACEMENT_3D('',#13575,#10696,#10697);
#9312=AXIS2_PLACEMENT_3D('',#13576,#10698,#10699);
#9313=AXIS2_PLACEMENT_3D('',#13577,#10700,#10701);
#9314=AXIS2_PLACEMENT_3D('',#13578,#10702,#10703);
#9315=AXIS2_PLACEMENT_3D('',#13579,#10704,#10705);
#9316=AXIS2_PLACEMENT_3D('',#13582,#10707,#10708);
#9317=AXIS2_PLACEMENT_3D('',#13586,#10710,#10711);
#9318=AXIS2_PLACEMENT_3D('',#13594,#10715,#10716);
#9319=AXIS2_PLACEMENT_3D('',#13598,#10718,#10719);
#9320=AXIS2_PLACEMENT_3D('',#13601,#10721,#10722);
#9321=AXIS2_PLACEMENT_3D('',#13604,#10724,#10725);
#9322=AXIS2_PLACEMENT_3D('',#13608,#10727,#10728);
#9323=AXIS2_PLACEMENT_3D('',#13616,#10732,#10733);
#9324=AXIS2_PLACEMENT_3D('',#13620,#10735,#10736);
#9325=AXIS2_PLACEMENT_3D('',#13623,#10738,#10739);
#9326=AXIS2_PLACEMENT_3D('',#13625,#10741,#10742);
#9327=AXIS2_PLACEMENT_3D('',#13627,#10744,#10745);
#9328=AXIS2_PLACEMENT_3D('',#13629,#10747,#10748);
#9329=AXIS2_PLACEMENT_3D('',#13631,#10750,#10751);
#9330=AXIS2_PLACEMENT_3D('',#13643,#10757,#10758);
#9331=AXIS2_PLACEMENT_3D('',#13647,#10760,#10761);
#9332=AXIS2_PLACEMENT_3D('',#13659,#10767,#10768);
#9333=AXIS2_PLACEMENT_3D('',#13663,#10770,#10771);
#9334=AXIS2_PLACEMENT_3D('',#13675,#10777,#10778);
#9335=AXIS2_PLACEMENT_3D('',#13679,#10780,#10781);
#9336=AXIS2_PLACEMENT_3D('',#13697,#10790,#10791);
#9337=AXIS2_PLACEMENT_3D('',#13701,#10793,#10794);
#9338=AXIS2_PLACEMENT_3D('',#13704,#10796,#10797);
#9339=AXIS2_PLACEMENT_3D('',#13718,#10804,#10805);
#9340=AXIS2_PLACEMENT_3D('',#13722,#10807,#10808);
#9341=AXIS2_PLACEMENT_3D('',#13734,#10814,#10815);
#9342=AXIS2_PLACEMENT_3D('',#13738,#10817,#10818);
#9343=AXIS2_PLACEMENT_3D('',#13750,#10824,#10825);
#9344=AXIS2_PLACEMENT_3D('',#13754,#10827,#10828);
#9345=AXIS2_PLACEMENT_3D('',#13768,#10835,#10836);
#9346=AXIS2_PLACEMENT_3D('',#13772,#10838,#10839);
#9347=AXIS2_PLACEMENT_3D('',#13777,#10842,#10843);
#9348=AXIS2_PLACEMENT_3D('',#13778,#10844,#10845);
#9349=AXIS2_PLACEMENT_3D('',#13782,#10847,#10848);
#9350=AXIS2_PLACEMENT_3D('',#13786,#10850,#10851);
#9351=AXIS2_PLACEMENT_3D('',#13787,#10852,#10853);
#9352=AXIS2_PLACEMENT_3D('',#13791,#10855,#10856);
#9353=AXIS2_PLACEMENT_3D('',#13795,#10858,#10859);
#9354=AXIS2_PLACEMENT_3D('',#13796,#10860,#10861);
#9355=AXIS2_PLACEMENT_3D('',#13800,#10863,#10864);
#9356=AXIS2_PLACEMENT_3D('',#13804,#10866,#10867);
#9357=AXIS2_PLACEMENT_3D('',#13805,#10868,#10869);
#9358=AXIS2_PLACEMENT_3D('',#13808,#10870,#10871);
#9359=AXIS2_PLACEMENT_3D('',#13812,#10873,#10874);
#9360=AXIS2_PLACEMENT_3D('',#13816,#10876,#10877);
#9361=AXIS2_PLACEMENT_3D('',#13818,#10878,#10879);
#9362=AXIS2_PLACEMENT_3D('',#13820,#10880,#10881);
#9363=AXIS2_PLACEMENT_3D('',#13824,#10883,#10884);
#9364=AXIS2_PLACEMENT_3D('',#13828,#10886,#10887);
#9365=AXIS2_PLACEMENT_3D('',#13829,#10888,#10889);
#9366=AXIS2_PLACEMENT_3D('',#13832,#10890,#10891);
#9367=AXIS2_PLACEMENT_3D('',#13836,#10893,#10894);
#9368=AXIS2_PLACEMENT_3D('',#13840,#10896,#10897);
#9369=AXIS2_PLACEMENT_3D('',#13842,#10898,#10899);
#9370=AXIS2_PLACEMENT_3D('',#13844,#10900,#10901);
#9371=AXIS2_PLACEMENT_3D('',#13848,#10903,#10904);
#9372=AXIS2_PLACEMENT_3D('',#13852,#10906,#10907);
#9373=AXIS2_PLACEMENT_3D('',#13853,#10908,#10909);
#9374=AXIS2_PLACEMENT_3D('',#13856,#10910,#10911);
#9375=AXIS2_PLACEMENT_3D('',#13860,#10913,#10914);
#9376=AXIS2_PLACEMENT_3D('',#13864,#10916,#10917);
#9377=AXIS2_PLACEMENT_3D('',#13866,#10918,#10919);
#9378=AXIS2_PLACEMENT_3D('',#13868,#10920,#10921);
#9379=AXIS2_PLACEMENT_3D('',#13872,#10923,#10924);
#9380=AXIS2_PLACEMENT_3D('',#13876,#10926,#10927);
#9381=AXIS2_PLACEMENT_3D('',#13877,#10928,#10929);
#9382=AXIS2_PLACEMENT_3D('',#13880,#10930,#10931);
#9383=AXIS2_PLACEMENT_3D('',#13884,#10933,#10934);
#9384=AXIS2_PLACEMENT_3D('',#13888,#10936,#10937);
#9385=AXIS2_PLACEMENT_3D('',#13890,#10938,#10939);
#9386=AXIS2_PLACEMENT_3D('',#13892,#10940,#10941);
#9387=AXIS2_PLACEMENT_3D('',#13896,#10943,#10944);
#9388=AXIS2_PLACEMENT_3D('',#13900,#10946,#10947);
#9389=AXIS2_PLACEMENT_3D('',#13901,#10948,#10949);
#9390=AXIS2_PLACEMENT_3D('',#13903,#10950,#10951);
#9391=AXIS2_PLACEMENT_3D('',#13904,#10952,#10953);
#9392=AXIS2_PLACEMENT_3D('',#13908,#10955,#10956);
#9393=AXIS2_PLACEMENT_3D('',#13912,#10958,#10959);
#9394=AXIS2_PLACEMENT_3D('',#13913,#10960,#10961);
#9395=AXIS2_PLACEMENT_3D('',#13917,#10963,#10964);
#9396=AXIS2_PLACEMENT_3D('',#13921,#10966,#10967);
#9397=AXIS2_PLACEMENT_3D('',#13922,#10968,#10969);
#9398=AXIS2_PLACEMENT_3D('',#13926,#10971,#10972);
#9399=AXIS2_PLACEMENT_3D('',#13930,#10974,#10975);
#9400=AXIS2_PLACEMENT_3D('',#13934,#10977,#10978);
#9401=AXIS2_PLACEMENT_3D('',#13936,#10979,#10980);
#9402=AXIS2_PLACEMENT_3D('',#13938,#10981,#10982);
#9403=AXIS2_PLACEMENT_3D('',#13942,#10984,#10985);
#9404=AXIS2_PLACEMENT_3D('',#13946,#10987,#10988);
#9405=AXIS2_PLACEMENT_3D('',#13948,#10989,#10990);
#9406=AXIS2_PLACEMENT_3D('',#13950,#10991,#10992);
#9407=AXIS2_PLACEMENT_3D('',#13954,#10994,#10995);
#9408=AXIS2_PLACEMENT_3D('',#13958,#10997,#10998);
#9409=AXIS2_PLACEMENT_3D('',#13960,#10999,#11000);
#9410=AXIS2_PLACEMENT_3D('',#13962,#11001,#11002);
#9411=AXIS2_PLACEMENT_3D('',#13966,#11004,#11005);
#9412=AXIS2_PLACEMENT_3D('',#13970,#11007,#11008);
#9413=AXIS2_PLACEMENT_3D('',#13972,#11009,#11010);
#9414=AXIS2_PLACEMENT_3D('',#13974,#11011,#11012);
#9415=AXIS2_PLACEMENT_3D('',#13978,#11014,#11015);
#9416=AXIS2_PLACEMENT_3D('',#13982,#11017,#11018);
#9417=AXIS2_PLACEMENT_3D('',#13984,#11019,#11020);
#9418=AXIS2_PLACEMENT_3D('',#13986,#11021,#11022);
#9419=AXIS2_PLACEMENT_3D('',#13990,#11024,#11025);
#9420=AXIS2_PLACEMENT_3D('',#13994,#11027,#11028);
#9421=AXIS2_PLACEMENT_3D('',#13996,#11029,#11030);
#9422=AXIS2_PLACEMENT_3D('',#13998,#11031,#11032);
#9423=AXIS2_PLACEMENT_3D('',#14002,#11034,#11035);
#9424=AXIS2_PLACEMENT_3D('',#14006,#11037,#11038);
#9425=AXIS2_PLACEMENT_3D('',#14008,#11039,#11040);
#9426=AXIS2_PLACEMENT_3D('',#14010,#11041,#11042);
#9427=AXIS2_PLACEMENT_3D('',#14014,#11044,#11045);
#9428=AXIS2_PLACEMENT_3D('',#14018,#11047,#11048);
#9429=AXIS2_PLACEMENT_3D('',#14020,#11049,#11050);
#9430=AXIS2_PLACEMENT_3D('',#14022,#11051,#11052);
#9431=AXIS2_PLACEMENT_3D('',#14026,#11054,#11055);
#9432=AXIS2_PLACEMENT_3D('',#14027,#11056,#11057);
#9433=AXIS2_PLACEMENT_3D('',#14029,#11058,#11059);
#9434=AXIS2_PLACEMENT_3D('',#14030,#11060,#11061);
#9435=AXIS2_PLACEMENT_3D('',#14033,#11064,#11065);
#9436=AXIS2_PLACEMENT_3D('',#14036,#11068,#11069);
#9437=AXIS2_PLACEMENT_3D('',#14039,#11072,#11073);
#9438=AXIS2_PLACEMENT_3D('',#14042,#11076,#11077);
#9439=AXIS2_PLACEMENT_3D('',#14045,#11080,#11081);
#9440=AXIS2_PLACEMENT_3D('',#14048,#11084,#11085);
#9441=AXIS2_PLACEMENT_3D('',#14051,#11088,#11089);
#9442=AXIS2_PLACEMENT_3D('',#14054,#11092,#11093);
#9443=AXIS2_PLACEMENT_3D('',#14057,#11096,#11097);
#9444=AXIS2_PLACEMENT_3D('',#14060,#11100,#11101);
#9445=AXIS2_PLACEMENT_3D('',#14063,#11104,#11105);
#9446=AXIS2_PLACEMENT_3D('',#14066,#11108,#11109);
#9447=AXIS2_PLACEMENT_3D('',#14069,#11112,#11113);
#9448=AXIS2_PLACEMENT_3D('',#14072,#11116,#11117);
#9449=AXIS2_PLACEMENT_3D('',#14075,#11120,#11121);
#9450=AXIS2_PLACEMENT_3D('',#14078,#11124,#11125);
#9451=AXIS2_PLACEMENT_3D('',#14081,#11128,#11129);
#9452=AXIS2_PLACEMENT_3D('',#14084,#11132,#11133);
#9453=AXIS2_PLACEMENT_3D('',#14087,#11136,#11137);
#9454=AXIS2_PLACEMENT_3D('',#14090,#11140,#11141);
#9455=AXIS2_PLACEMENT_3D('',#14093,#11144,#11145);
#9456=AXIS2_PLACEMENT_3D('',#14096,#11148,#11149);
#9457=AXIS2_PLACEMENT_3D('',#14099,#11152,#11153);
#9458=AXIS2_PLACEMENT_3D('',#14102,#11156,#11157);
#9459=AXIS2_PLACEMENT_3D('',#14103,#11158,#11159);
#9460=AXIS2_PLACEMENT_3D('',#14104,#11160,#11161);
#9461=AXIS2_PLACEMENT_3D('',#14105,#11162,#11163);
#9462=AXIS2_PLACEMENT_3D('',#14106,#11164,#11165);
#9463=AXIS2_PLACEMENT_3D('',#14107,#11166,#11167);
#9464=AXIS2_PLACEMENT_3D('',#14108,#11168,#11169);
#9465=AXIS2_PLACEMENT_3D('',#14109,#11170,#11171);
#9466=AXIS2_PLACEMENT_3D('',#14110,#11172,#11173);
#9467=AXIS2_PLACEMENT_3D('',#14111,#11174,#11175);
#9468=AXIS2_PLACEMENT_3D('',#14112,#11176,#11177);
#9469=AXIS2_PLACEMENT_3D('',#14113,#11178,#11179);
#9470=AXIS2_PLACEMENT_3D('',#14114,#11180,#11181);
#9471=AXIS2_PLACEMENT_3D('',#14115,#11182,#11183);
#9472=AXIS2_PLACEMENT_3D('',#14116,#11184,#11185);
#9473=AXIS2_PLACEMENT_3D('',#14117,#11186,#11187);
#9474=AXIS2_PLACEMENT_3D('',#14118,#11188,#11189);
#9475=AXIS2_PLACEMENT_3D('',#14119,#11190,#11191);
#9476=AXIS2_PLACEMENT_3D('',#14120,#11192,#11193);
#9477=AXIS2_PLACEMENT_3D('',#14121,#11194,#11195);
#9478=AXIS2_PLACEMENT_3D('',#14122,#11196,#11197);
#9479=AXIS2_PLACEMENT_3D('',#14123,#11198,#11199);
#9480=AXIS2_PLACEMENT_3D('',#14124,#11200,#11201);
#9481=AXIS2_PLACEMENT_3D('',#14125,#11202,#11203);
#9482=AXIS2_PLACEMENT_3D('',#14126,#11204,#11205);
#9483=AXIS2_PLACEMENT_3D('',#14127,#11206,#11207);
#9484=AXIS2_PLACEMENT_3D('',#14129,#11208,#11209);
#9485=AXIS2_PLACEMENT_3D('',#14132,#11211,#11212);
#9486=AXIS2_PLACEMENT_3D('',#14138,#11216,#11217);
#9487=AXIS2_PLACEMENT_3D('',#14142,#11220,#11221);
#9488=AXIS2_PLACEMENT_3D('',#14143,#11222,#11223);
#9489=AXIS2_PLACEMENT_3D('',#14145,#11224,#11225);
#9490=AXIS2_PLACEMENT_3D('',#14146,#11226,#11227);
#9491=AXIS2_PLACEMENT_3D('',#14147,#11228,#11229);
#9492=AXIS2_PLACEMENT_3D('',#14149,#11230,#11231);
#9493=AXIS2_PLACEMENT_3D('',#14150,#11232,#11233);
#9494=AXIS2_PLACEMENT_3D('',#14151,#11234,#11235);
#9495=AXIS2_PLACEMENT_3D('',#14153,#11236,#11237);
#9496=AXIS2_PLACEMENT_3D('',#14156,#11239,#11240);
#9497=AXIS2_PLACEMENT_3D('',#14160,#11243,#11244);
#9498=AXIS2_PLACEMENT_3D('',#14166,#11248,#11249);
#9499=AXIS2_PLACEMENT_3D('',#14167,#11250,#11251);
#9500=AXIS2_PLACEMENT_3D('',#14169,#11252,#11253);
#9501=AXIS2_PLACEMENT_3D('',#14170,#11254,#11255);
#9502=AXIS2_PLACEMENT_3D('',#14171,#11256,#11257);
#9503=AXIS2_PLACEMENT_3D('',#14173,#11258,#11259);
#9504=AXIS2_PLACEMENT_3D('',#14174,#11260,#11261);
#9505=AXIS2_PLACEMENT_3D('',#14175,#11262,#11263);
#9506=AXIS2_PLACEMENT_3D('',#14177,#11264,#11265);
#9507=AXIS2_PLACEMENT_3D('',#14180,#11267,#11268);
#9508=AXIS2_PLACEMENT_3D('',#14186,#11272,#11273);
#9509=AXIS2_PLACEMENT_3D('',#14190,#11276,#11277);
#9510=AXIS2_PLACEMENT_3D('',#14191,#11278,#11279);
#9511=AXIS2_PLACEMENT_3D('',#14193,#11280,#11281);
#9512=AXIS2_PLACEMENT_3D('',#14194,#11282,#11283);
#9513=AXIS2_PLACEMENT_3D('',#14195,#11284,#11285);
#9514=AXIS2_PLACEMENT_3D('',#14197,#11286,#11287);
#9515=AXIS2_PLACEMENT_3D('',#14198,#11288,#11289);
#9516=AXIS2_PLACEMENT_3D('',#14199,#11290,#11291);
#9517=AXIS2_PLACEMENT_3D('',#14203,#11294,#11295);
#9518=AXIS2_PLACEMENT_3D('',#14206,#11297,#11298);
#9519=AXIS2_PLACEMENT_3D('',#14208,#11300,#11301);
#9520=AXIS2_PLACEMENT_3D('',#14210,#11303,#11304);
#9521=AXIS2_PLACEMENT_3D('',#14212,#11306,#11307);
#9522=AXIS2_PLACEMENT_3D('',#14214,#11309,#11310);
#9523=AXIS2_PLACEMENT_3D('',#14215,#11311,#11312);
#9524=AXIS2_PLACEMENT_3D('',#14217,#11314,#11315);
#9525=AXIS2_PLACEMENT_3D('',#14218,#11316,#11317);
#9526=AXIS2_PLACEMENT_3D('',#14221,#11319,#11320);
#9527=AXIS2_PLACEMENT_3D('',#14222,#11321,#11322);
#9528=AXIS2_PLACEMENT_3D('',#14225,#11324,#11325);
#9529=AXIS2_PLACEMENT_3D('',#14226,#11326,#11327);
#9530=AXIS2_PLACEMENT_3D('',#14227,#11328,#11329);
#9531=AXIS2_PLACEMENT_3D('',#14246,#11338,#11339);
#9532=AXIS2_PLACEMENT_3D('',#14254,#11343,#11344);
#9533=AXIS2_PLACEMENT_3D('',#14258,#11346,#11347);
#9534=AXIS2_PLACEMENT_3D('',#14262,#11349,#11350);
#9535=AXIS2_PLACEMENT_3D('',#14266,#11352,#11353);
#9536=AXIS2_PLACEMENT_3D('',#14270,#11355,#11356);
#9537=AXIS2_PLACEMENT_3D('',#14271,#11357,#11358);
#9538=AXIS2_PLACEMENT_3D('',#14281,#11363,#11364);
#9539=AXIS2_PLACEMENT_3D('',#14298,#11373,#11374);
#9540=AXIS2_PLACEMENT_3D('',#14306,#11378,#11379);
#9541=AXIS2_PLACEMENT_3D('',#14307,#11380,#11381);
#9542=AXIS2_PLACEMENT_3D('',#14308,#11382,#11383);
#9543=AXIS2_PLACEMENT_3D('',#14309,#11384,#11385);
#9544=AXIS2_PLACEMENT_3D('',#14310,#11386,#11387);
#9545=AXIS2_PLACEMENT_3D('',#14324,#11392,#11393);
#9546=AXIS2_PLACEMENT_3D('',#14328,#11395,#11396);
#9547=AXIS2_PLACEMENT_3D('',#14329,#11397,#11398);
#9548=AXIS2_PLACEMENT_3D('',#14330,#11399,#11400);
#9549=AXIS2_PLACEMENT_3D('',#14334,#11402,#11403);
#9550=AXIS2_PLACEMENT_3D('',#14338,#11406,#11407);
#9551=AXIS2_PLACEMENT_3D('',#14347,#11413,#11414);
#9552=AXIS2_PLACEMENT_3D('',#14363,#11423,#11424);
#9553=AXIS2_PLACEMENT_3D('',#14364,#11425,#11426);
#9554=AXIS2_PLACEMENT_3D('',#14366,#11427,#11428);
#9555=AXIS2_PLACEMENT_3D('',#14367,#11429,#11430);
#9556=AXIS2_PLACEMENT_3D('',#14368,#11431,#11432);
#9557=AXIS2_PLACEMENT_3D('',#14371,#11435,#11436);
#9558=AXIS2_PLACEMENT_3D('',#14373,#11438,#11439);
#9559=AXIS2_PLACEMENT_3D('',#14375,#11441,#11442);
#9560=AXIS2_PLACEMENT_3D('',#14376,#11443,#11444);
#9561=AXIS2_PLACEMENT_3D('',#14381,#11448,#11449);
#9562=AXIS2_PLACEMENT_3D('',#14382,#11450,#11451);
#9563=AXIS2_PLACEMENT_3D('',#14386,#11454,#11455);
#9564=AXIS2_PLACEMENT_3D('',#14387,#11456,#11457);
#9565=AXIS2_PLACEMENT_3D('',#14391,#11460,#11461);
#9566=AXIS2_PLACEMENT_3D('',#14392,#11462,#11463);
#9567=AXIS2_PLACEMENT_3D('',#14401,#11468,#11469);
#9568=AXIS2_PLACEMENT_3D('',#14414,#11476,#11477);
#9569=AXIS2_PLACEMENT_3D('',#14427,#11484,#11485);
#9570=AXIS2_PLACEMENT_3D('',#14437,#11490,#11491);
#9571=AXIS2_PLACEMENT_3D('',#14440,#11493,#11494);
#9572=AXIS2_PLACEMENT_3D('',#14441,#11495,#11496);
#9573=AXIS2_PLACEMENT_3D('',#14450,#11500,#11501);
#9574=AXIS2_PLACEMENT_3D('',#14457,#11505,#11506);
#9575=AXIS2_PLACEMENT_3D('',#14458,#11507,#11508);
#9576=AXIS2_PLACEMENT_3D('',#14459,#11509,#11510);
#9577=AXIS2_PLACEMENT_3D('',#14460,#11511,#11512);
#9578=AXIS2_PLACEMENT_3D('',#14461,#11513,#11514);
#9579=AXIS2_PLACEMENT_3D('',#14462,#11515,#11516);
#9580=AXIS2_PLACEMENT_3D('',#14463,#11517,#11518);
#9581=AXIS2_PLACEMENT_3D('',#14464,#11519,#11520);
#9582=AXIS2_PLACEMENT_3D('',#14465,#11521,#11522);
#9583=AXIS2_PLACEMENT_3D('',#14466,#11523,#11524);
#9584=AXIS2_PLACEMENT_3D('',#14467,#11525,#11526);
#9585=AXIS2_PLACEMENT_3D('',#14468,#11527,#11528);
#9586=AXIS2_PLACEMENT_3D('',#14469,#11529,#11530);
#9587=AXIS2_PLACEMENT_3D('',#14470,#11531,#11532);
#9588=AXIS2_PLACEMENT_3D('',#14471,#11533,#11534);
#9589=AXIS2_PLACEMENT_3D('',#14472,#11535,#11536);
#9590=AXIS2_PLACEMENT_3D('',#14473,#11537,#11538);
#9591=AXIS2_PLACEMENT_3D('',#14474,#11539,#11540);
#9592=AXIS2_PLACEMENT_3D('',#14479,#11541,#11542);
#9593=AXIS2_PLACEMENT_3D('',#14480,#11543,#11544);
#9594=AXIS2_PLACEMENT_3D('',#14486,#11545,#11546);
#9595=AXIS2_PLACEMENT_3D('',#14491,#11547,#11548);
#9596=AXIS2_PLACEMENT_3D('',#14496,#11549,#11550);
#9597=AXIS2_PLACEMENT_3D('',#14497,#11551,#11552);
#9598=AXIS2_PLACEMENT_3D('',#14498,#11553,#11554);
#9599=AXIS2_PLACEMENT_3D('',#14499,#11555,#11556);
#9600=AXIS2_PLACEMENT_3D('',#14505,#11557,#11558);
#9601=AXIS2_PLACEMENT_3D('',#14522,#11559,#11560);
#9602=AXIS2_PLACEMENT_3D('',#14523,#11561,#11562);
#9603=AXIS2_PLACEMENT_3D('',#14524,#11563,#11564);
#9604=AXIS2_PLACEMENT_3D('',#14525,#11565,#11566);
#9605=AXIS2_PLACEMENT_3D('',#14526,#11567,#11568);
#9606=AXIS2_PLACEMENT_3D('',#14527,#11569,#11570);
#9607=AXIS2_PLACEMENT_3D('',#14532,#11571,#11572);
#9608=AXIS2_PLACEMENT_3D('',#14537,#11573,#11574);
#9609=AXIS2_PLACEMENT_3D('',#14538,#11575,#11576);
#9610=AXIS2_PLACEMENT_3D('',#14539,#11577,#11578);
#9611=AXIS2_PLACEMENT_3D('',#14540,#11579,#11580);
#9612=AXIS2_PLACEMENT_3D('',#14556,#11581,#11582);
#9613=AXIS2_PLACEMENT_3D('',#14557,#11583,#11584);
#9614=AXIS2_PLACEMENT_3D('',#14558,#11585,#11586);
#9615=AXIS2_PLACEMENT_3D('',#14559,#11587,#11588);
#9616=AXIS2_PLACEMENT_3D('',#14560,#11589,#11590);
#9617=AXIS2_PLACEMENT_3D('',#14561,#11591,#11592);
#9618=AXIS2_PLACEMENT_3D('',#14562,#11593,#11594);
#9619=AXIS2_PLACEMENT_3D('',#14578,#11595,#11596);
#9620=AXIS2_PLACEMENT_3D('',#14594,#11597,#11598);
#9621=AXIS2_PLACEMENT_3D('',#14595,#11599,#11600);
#9622=AXIS2_PLACEMENT_3D('',#14596,#11601,#11602);
#9623=AXIS2_PLACEMENT_3D('',#14597,#11603,#11604);
#9624=AXIS2_PLACEMENT_3D('',#14598,#11605,#11606);
#9625=AXIS2_PLACEMENT_3D('',#14599,#11607,#11608);
#9626=AXIS2_PLACEMENT_3D('',#14600,#11609,#11610);
#9627=AXIS2_PLACEMENT_3D('',#14616,#11611,#11612);
#9628=AXIS2_PLACEMENT_3D('',#14617,#11613,#11614);
#9629=AXIS2_PLACEMENT_3D('',#14618,#11615,#11616);
#9630=AXIS2_PLACEMENT_3D('',#14619,#11617,#11618);
#9631=AXIS2_PLACEMENT_3D('',#14620,#11619,#11620);
#9632=AXIS2_PLACEMENT_3D('',#14621,#11621,#11622);
#9633=AXIS2_PLACEMENT_3D('',#14622,#11623,#11624);
#9634=AXIS2_PLACEMENT_3D('',#14623,#11625,#11626);
#9635=AXIS2_PLACEMENT_3D('',#14624,#11627,#11628);
#9636=AXIS2_PLACEMENT_3D('',#14625,#11629,#11630);
#9637=AXIS2_PLACEMENT_3D('',#14626,#11631,#11632);
#9638=AXIS2_PLACEMENT_3D('',#14627,#11633,#11634);
#9639=AXIS2_PLACEMENT_3D('',#14628,#11635,#11636);
#9640=AXIS2_PLACEMENT_3D('',#14629,#11637,#11638);
#9641=AXIS2_PLACEMENT_3D('',#14630,#11639,#11640);
#9642=AXIS2_PLACEMENT_3D('',#14631,#11641,#11642);
#9643=AXIS2_PLACEMENT_3D('',#14632,#11643,#11644);
#9644=AXIS2_PLACEMENT_3D('',#14633,#11645,#11646);
#9645=AXIS2_PLACEMENT_3D('',#14634,#11647,#11648);
#9646=AXIS2_PLACEMENT_3D('',#14635,#11649,#11650);
#9647=AXIS2_PLACEMENT_3D('',#14636,#11651,#11652);
#9648=AXIS2_PLACEMENT_3D('',#14637,#11653,#11654);
#9649=AXIS2_PLACEMENT_3D('',#14638,#11655,#11656);
#9650=AXIS2_PLACEMENT_3D('',#14639,#11657,#11658);
#9651=AXIS2_PLACEMENT_3D('',#14640,#11659,#11660);
#9652=AXIS2_PLACEMENT_3D('',#14641,#11661,#11662);
#9653=AXIS2_PLACEMENT_3D('',#14642,#11663,#11664);
#9654=AXIS2_PLACEMENT_3D('',#14643,#11665,#11666);
#9655=AXIS2_PLACEMENT_3D('',#14644,#11667,#11668);
#9656=AXIS2_PLACEMENT_3D('',#14645,#11669,#11670);
#9657=AXIS2_PLACEMENT_3D('',#14650,#11673,#11674);
#9658=AXIS2_PLACEMENT_3D('',#14651,#11675,#11676);
#9659=AXIS2_PLACEMENT_3D('',#14654,#11678,#11679);
#9660=AXIS2_PLACEMENT_3D('',#14659,#11682,#11683);
#9661=AXIS2_PLACEMENT_3D('',#14662,#11685,#11686);
#9662=AXIS2_PLACEMENT_3D('',#14671,#11691,#11692);
#9663=AXIS2_PLACEMENT_3D('',#14679,#11697,#11698);
#9664=AXIS2_PLACEMENT_3D('',#14680,#11699,#11700);
#9665=AXIS2_PLACEMENT_3D('',#14685,#11704,#11705);
#9666=AXIS2_PLACEMENT_3D('',#14688,#11708,#11709);
#9667=AXIS2_PLACEMENT_3D('',#14691,#11712,#11713);
#9668=AXIS2_PLACEMENT_3D('',#14693,#11715,#11716);
#9669=AXIS2_PLACEMENT_3D('',#14695,#11718,#11719);
#9670=AXIS2_PLACEMENT_3D('',#14696,#11720,#11721);
#9671=AXIS2_PLACEMENT_3D('',#14698,#11723,#11724);
#9672=AXIS2_PLACEMENT_3D('',#14700,#11726,#11727);
#9673=AXIS2_PLACEMENT_3D('',#14706,#11731,#11732);
#9674=AXIS2_PLACEMENT_3D('',#14710,#11735,#11736);
#9675=AXIS2_PLACEMENT_3D('',#14714,#11739,#11740);
#9676=AXIS2_PLACEMENT_3D('',#14720,#11744,#11745);
#9677=AXIS2_PLACEMENT_3D('',#14721,#11746,#11747);
#9678=AXIS2_PLACEMENT_3D('',#14722,#11748,#11749);
#9679=AXIS2_PLACEMENT_3D('',#14723,#11750,#11751);
#9680=AXIS2_PLACEMENT_3D('',#14724,#11752,#11753);
#9681=AXIS2_PLACEMENT_3D('',#14725,#11754,#11755);
#9682=AXIS2_PLACEMENT_3D('',#14726,#11756,#11757);
#9683=AXIS2_PLACEMENT_3D('',#14727,#11758,#11759);
#9684=AXIS2_PLACEMENT_3D('',#14728,#11760,#11761);
#9685=AXIS2_PLACEMENT_3D('',#14729,#11762,#11763);
#9686=AXIS2_PLACEMENT_3D('',#14730,#11764,#11765);
#9687=AXIS2_PLACEMENT_3D('',#14731,#11766,#11767);
#9688=AXIS2_PLACEMENT_3D('',#14732,#11768,#11769);
#9689=AXIS2_PLACEMENT_3D('',#14733,#11770,#11771);
#9690=AXIS2_PLACEMENT_3D('',#14734,#11772,#11773);
#9691=AXIS2_PLACEMENT_3D('',#14735,#11774,#11775);
#9692=AXIS2_PLACEMENT_3D('',#14736,#11776,#11777);
#9693=AXIS2_PLACEMENT_3D('',#14737,#11778,#11779);
#9694=AXIS2_PLACEMENT_3D('',#14738,#11780,#11781);
#9695=AXIS2_PLACEMENT_3D('',#14739,#11782,#11783);
#9696=AXIS2_PLACEMENT_3D('',#14740,#11784,#11785);
#9697=AXIS2_PLACEMENT_3D('',#14741,#11786,#11787);
#9698=AXIS2_PLACEMENT_3D('',#14742,#11788,#11789);
#9699=AXIS2_PLACEMENT_3D('',#14743,#11790,#11791);
#9700=AXIS2_PLACEMENT_3D('',#14744,#11792,#11793);
#9701=AXIS2_PLACEMENT_3D('',#14747,#11795,#11796);
#9702=AXIS2_PLACEMENT_3D('',#14751,#11798,#11799);
#9703=AXIS2_PLACEMENT_3D('',#14759,#11803,#11804);
#9704=AXIS2_PLACEMENT_3D('',#14763,#11806,#11807);
#9705=AXIS2_PLACEMENT_3D('',#14766,#11809,#11810);
#9706=AXIS2_PLACEMENT_3D('',#14768,#11812,#11813);
#9707=AXIS2_PLACEMENT_3D('',#14770,#11815,#11816);
#9708=AXIS2_PLACEMENT_3D('',#14771,#11817,#11818);
#9709=AXIS2_PLACEMENT_3D('',#14775,#11821,#11822);
#9710=AXIS2_PLACEMENT_3D('',#14778,#11824,#11825);
#9711=AXIS2_PLACEMENT_3D('',#14780,#11827,#11828);
#9712=AXIS2_PLACEMENT_3D('',#14782,#11830,#11831);
#9713=AXIS2_PLACEMENT_3D('',#14784,#11833,#11834);
#9714=AXIS2_PLACEMENT_3D('',#14786,#11836,#11837);
#9715=AXIS2_PLACEMENT_3D('',#14787,#11838,#11839);
#9716=AXIS2_PLACEMENT_3D('',#14789,#11841,#11842);
#9717=AXIS2_PLACEMENT_3D('',#14790,#11843,#11844);
#9718=AXIS2_PLACEMENT_3D('',#14793,#11846,#11847);
#9719=AXIS2_PLACEMENT_3D('',#14794,#11848,#11849);
#9720=AXIS2_PLACEMENT_3D('',#14797,#11851,#11852);
#9721=AXIS2_PLACEMENT_3D('',#14798,#11853,#11854);
#9722=AXIS2_PLACEMENT_3D('',#14799,#11855,#11856);
#9723=AXIS2_PLACEMENT_3D('',#14816,#11864,#11865);
#9724=AXIS2_PLACEMENT_3D('',#14826,#11870,#11871);
#9725=AXIS2_PLACEMENT_3D('',#14830,#11873,#11874);
#9726=AXIS2_PLACEMENT_3D('',#14834,#11876,#11877);
#9727=AXIS2_PLACEMENT_3D('',#14838,#11879,#11880);
#9728=AXIS2_PLACEMENT_3D('',#14842,#11882,#11883);
#9729=AXIS2_PLACEMENT_3D('',#14843,#11884,#11885);
#9730=AXIS2_PLACEMENT_3D('',#14853,#11890,#11891);
#9731=AXIS2_PLACEMENT_3D('',#14870,#11900,#11901);
#9732=AXIS2_PLACEMENT_3D('',#14874,#11903,#11904);
#9733=AXIS2_PLACEMENT_3D('',#14879,#11907,#11908);
#9734=AXIS2_PLACEMENT_3D('',#14880,#11909,#11910);
#9735=AXIS2_PLACEMENT_3D('',#14881,#11911,#11912);
#9736=AXIS2_PLACEMENT_3D('',#14882,#11913,#11914);
#9737=AXIS2_PLACEMENT_3D('',#14896,#11919,#11920);
#9738=AXIS2_PLACEMENT_3D('',#14900,#11922,#11923);
#9739=AXIS2_PLACEMENT_3D('',#14901,#11924,#11925);
#9740=AXIS2_PLACEMENT_3D('',#14902,#11926,#11927);
#9741=AXIS2_PLACEMENT_3D('',#14913,#11931,#11932);
#9742=AXIS2_PLACEMENT_3D('',#14917,#11934,#11935);
#9743=AXIS2_PLACEMENT_3D('',#14928,#11941,#11942);
#9744=AXIS2_PLACEMENT_3D('',#14931,#11944,#11945);
#9745=AXIS2_PLACEMENT_3D('',#14934,#11948,#11949);
#9746=AXIS2_PLACEMENT_3D('',#14935,#11950,#11951);
#9747=AXIS2_PLACEMENT_3D('',#14939,#11954,#11955);
#9748=AXIS2_PLACEMENT_3D('',#14942,#11958,#11959);
#9749=AXIS2_PLACEMENT_3D('',#14944,#11961,#11962);
#9750=AXIS2_PLACEMENT_3D('',#14945,#11963,#11964);
#9751=AXIS2_PLACEMENT_3D('',#14948,#11966,#11967);
#9752=AXIS2_PLACEMENT_3D('',#14949,#11968,#11969);
#9753=AXIS2_PLACEMENT_3D('',#14950,#11970,#11971);
#9754=AXIS2_PLACEMENT_3D('',#14951,#11972,#11973);
#9755=AXIS2_PLACEMENT_3D('',#14952,#11974,#11975);
#9756=AXIS2_PLACEMENT_3D('',#14956,#11979,#11980);
#9757=AXIS2_PLACEMENT_3D('',#14967,#11987,#11988);
#9758=AXIS2_PLACEMENT_3D('',#14976,#11993,#11994);
#9759=AXIS2_PLACEMENT_3D('',#14989,#12001,#12002);
#9760=AXIS2_PLACEMENT_3D('',#15002,#12009,#12010);
#9761=AXIS2_PLACEMENT_3D('',#15008,#12013,#12014);
#9762=AXIS2_PLACEMENT_3D('',#15015,#12018,#12019);
#9763=AXIS2_PLACEMENT_3D('',#15016,#12020,#12021);
#9764=AXIS2_PLACEMENT_3D('',#15025,#12025,#12026);
#9765=AXIS2_PLACEMENT_3D('',#15032,#12030,#12031);
#9766=AXIS2_PLACEMENT_3D('',#15033,#12032,#12033);
#9767=AXIS2_PLACEMENT_3D('',#15034,#12034,#12035);
#9768=AXIS2_PLACEMENT_3D('',#15035,#12036,#12037);
#9769=AXIS2_PLACEMENT_3D('',#15036,#12038,#12039);
#9770=AXIS2_PLACEMENT_3D('',#15037,#12040,#12041);
#9771=AXIS2_PLACEMENT_3D('',#15038,#12042,#12043);
#9772=AXIS2_PLACEMENT_3D('',#15039,#12044,#12045);
#9773=AXIS2_PLACEMENT_3D('',#15040,#12046,#12047);
#9774=AXIS2_PLACEMENT_3D('',#15041,#12048,#12049);
#9775=AXIS2_PLACEMENT_3D('',#15042,#12050,#12051);
#9776=AXIS2_PLACEMENT_3D('',#15043,#12052,#12053);
#9777=AXIS2_PLACEMENT_3D('',#15044,#12054,#12055);
#9778=AXIS2_PLACEMENT_3D('',#15045,#12056,#12057);
#9779=AXIS2_PLACEMENT_3D('',#15046,#12058,#12059);
#9780=AXIS2_PLACEMENT_3D('',#15047,#12060,#12061);
#9781=AXIS2_PLACEMENT_3D('',#15048,#12062,#12063);
#9782=AXIS2_PLACEMENT_3D('',#15049,#12064,#12065);
#9783=AXIS2_PLACEMENT_3D('',#15050,#12066,#12067);
#9784=AXIS2_PLACEMENT_3D('',#15055,#12068,#12069);
#9785=AXIS2_PLACEMENT_3D('',#15065,#12070,#12071);
#9786=AXIS2_PLACEMENT_3D('',#15066,#12072,#12073);
#9787=AXIS2_PLACEMENT_3D('',#15067,#12074,#12075);
#9788=AXIS2_PLACEMENT_3D('',#15072,#12076,#12077);
#9789=AXIS2_PLACEMENT_3D('',#15082,#12078,#12079);
#9790=AXIS2_PLACEMENT_3D('',#15083,#12080,#12081);
#9791=AXIS2_PLACEMENT_3D('',#15088,#12082,#12083);
#9792=AXIS2_PLACEMENT_3D('',#15093,#12084,#12085);
#9793=AXIS2_PLACEMENT_3D('',#15094,#12086,#12087);
#9794=AXIS2_PLACEMENT_3D('',#15095,#12088,#12089);
#9795=AXIS2_PLACEMENT_3D('',#15096,#12090,#12091);
#9796=AXIS2_PLACEMENT_3D('',#15097,#12092,#12093);
#9797=AXIS2_PLACEMENT_3D('',#15102,#12094,#12095);
#9798=AXIS2_PLACEMENT_3D('',#15107,#12096,#12097);
#9799=AXIS2_PLACEMENT_3D('',#15108,#12098,#12099);
#9800=AXIS2_PLACEMENT_3D('',#15109,#12100,#12101);
#9801=AXIS2_PLACEMENT_3D('',#15110,#12102,#12103);
#9802=AXIS2_PLACEMENT_3D('',#15126,#12104,#12105);
#9803=AXIS2_PLACEMENT_3D('',#15127,#12106,#12107);
#9804=AXIS2_PLACEMENT_3D('',#15128,#12108,#12109);
#9805=AXIS2_PLACEMENT_3D('',#15129,#12110,#12111);
#9806=AXIS2_PLACEMENT_3D('',#15130,#12112,#12113);
#9807=AXIS2_PLACEMENT_3D('',#15131,#12114,#12115);
#9808=AXIS2_PLACEMENT_3D('',#15132,#12116,#12117);
#9809=AXIS2_PLACEMENT_3D('',#15148,#12118,#12119);
#9810=AXIS2_PLACEMENT_3D('',#15164,#12120,#12121);
#9811=AXIS2_PLACEMENT_3D('',#15165,#12122,#12123);
#9812=AXIS2_PLACEMENT_3D('',#15166,#12124,#12125);
#9813=AXIS2_PLACEMENT_3D('',#15167,#12126,#12127);
#9814=AXIS2_PLACEMENT_3D('',#15168,#12128,#12129);
#9815=AXIS2_PLACEMENT_3D('',#15169,#12130,#12131);
#9816=AXIS2_PLACEMENT_3D('',#15170,#12132,#12133);
#9817=AXIS2_PLACEMENT_3D('',#15186,#12134,#12135);
#9818=AXIS2_PLACEMENT_3D('',#15187,#12136,#12137);
#9819=AXIS2_PLACEMENT_3D('',#15188,#12138,#12139);
#9820=AXIS2_PLACEMENT_3D('',#15189,#12140,#12141);
#9821=AXIS2_PLACEMENT_3D('',#15190,#12142,#12143);
#9822=AXIS2_PLACEMENT_3D('',#15191,#12144,#12145);
#9823=AXIS2_PLACEMENT_3D('',#15192,#12146,#12147);
#9824=AXIS2_PLACEMENT_3D('',#15193,#12148,#12149);
#9825=AXIS2_PLACEMENT_3D('',#15194,#12150,#12151);
#9826=AXIS2_PLACEMENT_3D('',#15195,#12152,#12153);
#9827=AXIS2_PLACEMENT_3D('',#15196,#12154,#12155);
#9828=AXIS2_PLACEMENT_3D('',#15197,#12156,#12157);
#9829=AXIS2_PLACEMENT_3D('',#15198,#12158,#12159);
#9830=AXIS2_PLACEMENT_3D('',#15199,#12160,#12161);
#9831=AXIS2_PLACEMENT_3D('',#15200,#12162,#12163);
#9832=AXIS2_PLACEMENT_3D('',#15201,#12164,#12165);
#9833=AXIS2_PLACEMENT_3D('',#15202,#12166,#12167);
#9834=AXIS2_PLACEMENT_3D('',#15203,#12168,#12169);
#9835=AXIS2_PLACEMENT_3D('',#15204,#12170,#12171);
#9836=AXIS2_PLACEMENT_3D('',#15205,#12172,#12173);
#9837=AXIS2_PLACEMENT_3D('',#15206,#12174,#12175);
#9838=AXIS2_PLACEMENT_3D('',#15207,#12176,#12177);
#9839=AXIS2_PLACEMENT_3D('',#15208,#12178,#12179);
#9840=AXIS2_PLACEMENT_3D('',#15209,#12180,#12181);
#9841=AXIS2_PLACEMENT_3D('',#15210,#12182,#12183);
#9842=AXIS2_PLACEMENT_3D('',#15211,#12184,#12185);
#9843=AXIS2_PLACEMENT_3D('',#15212,#12186,#12187);
#9844=AXIS2_PLACEMENT_3D('',#15213,#12188,#12189);
#9845=AXIS2_PLACEMENT_3D('',#15214,#12190,#12191);
#9846=AXIS2_PLACEMENT_3D('',#15215,#12192,#12193);
#9847=AXIS2_PLACEMENT_3D('',#15216,#12194,#12195);
#9848=AXIS2_PLACEMENT_3D('',#15221,#12198,#12199);
#9849=AXIS2_PLACEMENT_3D('',#15226,#12202,#12203);
#9850=AXIS2_PLACEMENT_3D('',#15229,#12205,#12206);
#9851=AXIS2_PLACEMENT_3D('',#15238,#12211,#12212);
#9852=AXIS2_PLACEMENT_3D('',#15241,#12214,#12215);
#9853=AXIS2_PLACEMENT_3D('',#15244,#12217,#12218);
#9854=AXIS2_PLACEMENT_3D('',#15250,#12222,#12223);
#9855=AXIS2_PLACEMENT_3D('',#15253,#12226,#12227);
#9856=AXIS2_PLACEMENT_3D('',#15256,#12230,#12231);
#9857=AXIS2_PLACEMENT_3D('',#15261,#12235,#12236);
#9858=AXIS2_PLACEMENT_3D('',#15264,#12239,#12240);
#9859=AXIS2_PLACEMENT_3D('',#15266,#12242,#12243);
#9860=AXIS2_PLACEMENT_3D('',#15267,#12244,#12245);
#9861=AXIS2_PLACEMENT_3D('',#15269,#12247,#12248);
#9862=AXIS2_PLACEMENT_3D('',#15270,#12249,#12250);
#9863=AXIS2_PLACEMENT_3D('',#15276,#12254,#12255);
#9864=AXIS2_PLACEMENT_3D('',#15280,#12258,#12259);
#9865=AXIS2_PLACEMENT_3D('',#15284,#12262,#12263);
#9866=AXIS2_PLACEMENT_3D('',#15290,#12267,#12268);
#9867=AXIS2_PLACEMENT_3D('',#15291,#12269,#12270);
#9868=AXIS2_PLACEMENT_3D('',#15292,#12271,#12272);
#9869=AXIS2_PLACEMENT_3D('',#15293,#12273,#12274);
#9870=AXIS2_PLACEMENT_3D('',#15294,#12275,#12276);
#9871=AXIS2_PLACEMENT_3D('',#15295,#12277,#12278);
#9872=AXIS2_PLACEMENT_3D('',#15296,#12279,#12280);
#9873=AXIS2_PLACEMENT_3D('',#15297,#12281,#12282);
#9874=AXIS2_PLACEMENT_3D('',#15298,#12283,#12284);
#9875=AXIS2_PLACEMENT_3D('',#15299,#12285,#12286);
#9876=AXIS2_PLACEMENT_3D('',#15300,#12287,#12288);
#9877=AXIS2_PLACEMENT_3D('',#15301,#12289,#12290);
#9878=AXIS2_PLACEMENT_3D('',#15302,#12291,#12292);
#9879=AXIS2_PLACEMENT_3D('',#15303,#12293,#12294);
#9880=AXIS2_PLACEMENT_3D('',#15304,#12295,#12296);
#9881=AXIS2_PLACEMENT_3D('',#15305,#12297,#12298);
#9882=AXIS2_PLACEMENT_3D('',#15306,#12299,#12300);
#9883=AXIS2_PLACEMENT_3D('',#15307,#12301,#12302);
#9884=AXIS2_PLACEMENT_3D('',#15308,#12303,#12304);
#9885=AXIS2_PLACEMENT_3D('',#15309,#12305,#12306);
#9886=AXIS2_PLACEMENT_3D('',#15310,#12307,#12308);
#9887=AXIS2_PLACEMENT_3D('',#15311,#12309,#12310);
#9888=AXIS2_PLACEMENT_3D('',#15312,#12311,#12312);
#9889=AXIS2_PLACEMENT_3D('',#15313,#12313,#12314);
#9890=AXIS2_PLACEMENT_3D('',#15314,#12315,#12316);
#9891=AXIS2_PLACEMENT_3D('',#15317,#12318,#12319);
#9892=AXIS2_PLACEMENT_3D('',#15321,#12321,#12322);
#9893=AXIS2_PLACEMENT_3D('',#15329,#12326,#12327);
#9894=AXIS2_PLACEMENT_3D('',#15333,#12329,#12330);
#9895=AXIS2_PLACEMENT_3D('',#15336,#12332,#12333);
#9896=AXIS2_PLACEMENT_3D('',#15338,#12335,#12336);
#9897=AXIS2_PLACEMENT_3D('',#15340,#12338,#12339);
#9898=AXIS2_PLACEMENT_3D('',#15341,#12340,#12341);
#9899=AXIS2_PLACEMENT_3D('',#15345,#12344,#12345);
#9900=AXIS2_PLACEMENT_3D('',#15348,#12347,#12348);
#9901=AXIS2_PLACEMENT_3D('',#15350,#12350,#12351);
#9902=AXIS2_PLACEMENT_3D('',#15352,#12353,#12354);
#9903=AXIS2_PLACEMENT_3D('',#15354,#12356,#12357);
#9904=AXIS2_PLACEMENT_3D('',#15356,#12359,#12360);
#9905=AXIS2_PLACEMENT_3D('',#15357,#12361,#12362);
#9906=AXIS2_PLACEMENT_3D('',#15359,#12364,#12365);
#9907=AXIS2_PLACEMENT_3D('',#15360,#12366,#12367);
#9908=AXIS2_PLACEMENT_3D('',#15363,#12369,#12370);
#9909=AXIS2_PLACEMENT_3D('',#15364,#12371,#12372);
#9910=AXIS2_PLACEMENT_3D('',#15367,#12374,#12375);
#9911=AXIS2_PLACEMENT_3D('',#15368,#12376,#12377);
#9912=AXIS2_PLACEMENT_3D('',#15369,#12378,#12379);
#9913=AXIS2_PLACEMENT_3D('',#15388,#12388,#12389);
#9914=AXIS2_PLACEMENT_3D('',#15396,#12393,#12394);
#9915=AXIS2_PLACEMENT_3D('',#15400,#12396,#12397);
#9916=AXIS2_PLACEMENT_3D('',#15404,#12399,#12400);
#9917=AXIS2_PLACEMENT_3D('',#15408,#12402,#12403);
#9918=AXIS2_PLACEMENT_3D('',#15412,#12405,#12406);
#9919=AXIS2_PLACEMENT_3D('',#15413,#12407,#12408);
#9920=AXIS2_PLACEMENT_3D('',#15423,#12413,#12414);
#9921=AXIS2_PLACEMENT_3D('',#15440,#12423,#12424);
#9922=AXIS2_PLACEMENT_3D('',#15448,#12428,#12429);
#9923=AXIS2_PLACEMENT_3D('',#15449,#12430,#12431);
#9924=AXIS2_PLACEMENT_3D('',#15450,#12432,#12433);
#9925=AXIS2_PLACEMENT_3D('',#15451,#12434,#12435);
#9926=AXIS2_PLACEMENT_3D('',#15452,#12436,#12437);
#9927=AXIS2_PLACEMENT_3D('',#15466,#12442,#12443);
#9928=AXIS2_PLACEMENT_3D('',#15470,#12445,#12446);
#9929=AXIS2_PLACEMENT_3D('',#15471,#12447,#12448);
#9930=AXIS2_PLACEMENT_3D('',#15472,#12449,#12450);
#9931=AXIS2_PLACEMENT_3D('',#15483,#12454,#12455);
#9932=AXIS2_PLACEMENT_3D('',#15492,#12461,#12462);
#9933=AXIS2_PLACEMENT_3D('',#15505,#12470,#12471);
#9934=AXIS2_PLACEMENT_3D('',#15506,#12472,#12473);
#9935=AXIS2_PLACEMENT_3D('',#15508,#12474,#12475);
#9936=AXIS2_PLACEMENT_3D('',#15509,#12476,#12477);
#9937=AXIS2_PLACEMENT_3D('',#15510,#12478,#12479);
#9938=AXIS2_PLACEMENT_3D('',#15513,#12482,#12483);
#9939=AXIS2_PLACEMENT_3D('',#15515,#12485,#12486);
#9940=AXIS2_PLACEMENT_3D('',#15517,#12488,#12489);
#9941=AXIS2_PLACEMENT_3D('',#15518,#12490,#12491);
#9942=AXIS2_PLACEMENT_3D('',#15523,#12495,#12496);
#9943=AXIS2_PLACEMENT_3D('',#15524,#12497,#12498);
#9944=AXIS2_PLACEMENT_3D('',#15528,#12501,#12502);
#9945=AXIS2_PLACEMENT_3D('',#15529,#12503,#12504);
#9946=AXIS2_PLACEMENT_3D('',#15533,#12507,#12508);
#9947=AXIS2_PLACEMENT_3D('',#15534,#12509,#12510);
#9948=AXIS2_PLACEMENT_3D('',#15543,#12515,#12516);
#9949=AXIS2_PLACEMENT_3D('',#15556,#12523,#12524);
#9950=AXIS2_PLACEMENT_3D('',#15569,#12531,#12532);
#9951=AXIS2_PLACEMENT_3D('',#15579,#12537,#12538);
#9952=AXIS2_PLACEMENT_3D('',#15582,#12540,#12541);
#9953=AXIS2_PLACEMENT_3D('',#15583,#12542,#12543);
#9954=AXIS2_PLACEMENT_3D('',#15592,#12547,#12548);
#9955=AXIS2_PLACEMENT_3D('',#15599,#12552,#12553);
#9956=AXIS2_PLACEMENT_3D('',#15600,#12554,#12555);
#9957=AXIS2_PLACEMENT_3D('',#15601,#12556,#12557);
#9958=AXIS2_PLACEMENT_3D('',#15602,#12558,#12559);
#9959=AXIS2_PLACEMENT_3D('',#15603,#12560,#12561);
#9960=AXIS2_PLACEMENT_3D('',#15604,#12562,#12563);
#9961=AXIS2_PLACEMENT_3D('',#15605,#12564,#12565);
#9962=AXIS2_PLACEMENT_3D('',#15606,#12566,#12567);
#9963=AXIS2_PLACEMENT_3D('',#15607,#12568,#12569);
#9964=AXIS2_PLACEMENT_3D('',#15608,#12570,#12571);
#9965=AXIS2_PLACEMENT_3D('',#15609,#12572,#12573);
#9966=AXIS2_PLACEMENT_3D('',#15610,#12574,#12575);
#9967=AXIS2_PLACEMENT_3D('',#15611,#12576,#12577);
#9968=AXIS2_PLACEMENT_3D('',#15612,#12578,#12579);
#9969=AXIS2_PLACEMENT_3D('',#15613,#12580,#12581);
#9970=AXIS2_PLACEMENT_3D('',#15614,#12582,#12583);
#9971=AXIS2_PLACEMENT_3D('',#15615,#12584,#12585);
#9972=AXIS2_PLACEMENT_3D('',#15616,#12586,#12587);
#9973=AXIS2_PLACEMENT_3D('',#15621,#12588,#12589);
#9974=AXIS2_PLACEMENT_3D('',#15622,#12590,#12591);
#9975=AXIS2_PLACEMENT_3D('',#15628,#12592,#12593);
#9976=AXIS2_PLACEMENT_3D('',#15633,#12594,#12595);
#9977=AXIS2_PLACEMENT_3D('',#15638,#12596,#12597);
#9978=AXIS2_PLACEMENT_3D('',#15639,#12598,#12599);
#9979=AXIS2_PLACEMENT_3D('',#15640,#12600,#12601);
#9980=AXIS2_PLACEMENT_3D('',#15650,#12602,#12603);
#9981=AXIS2_PLACEMENT_3D('',#15655,#12604,#12605);
#9982=AXIS2_PLACEMENT_3D('',#15660,#12606,#12607);
#9983=AXIS2_PLACEMENT_3D('',#15661,#12608,#12609);
#9984=AXIS2_PLACEMENT_3D('',#15662,#12610,#12611);
#9985=AXIS2_PLACEMENT_3D('',#15663,#12612,#12613);
#9986=AXIS2_PLACEMENT_3D('',#15664,#12614,#12615);
#9987=AXIS2_PLACEMENT_3D('',#15689,#12616,#12617);
#9988=AXIS2_PLACEMENT_3D('',#15690,#12618,#12619);
#9989=AXIS2_PLACEMENT_3D('',#15691,#12620,#12621);
#9990=AXIS2_PLACEMENT_3D('',#15692,#12622,#12623);
#9991=AXIS2_PLACEMENT_3D('',#15708,#12624,#12625);
#9992=AXIS2_PLACEMENT_3D('',#15709,#12626,#12627);
#9993=AXIS2_PLACEMENT_3D('',#15710,#12628,#12629);
#9994=AXIS2_PLACEMENT_3D('',#15711,#12630,#12631);
#9995=AXIS2_PLACEMENT_3D('',#15712,#12632,#12633);
#9996=AXIS2_PLACEMENT_3D('',#15713,#12634,#12635);
#9997=AXIS2_PLACEMENT_3D('',#15714,#12636,#12637);
#9998=AXIS2_PLACEMENT_3D('',#15730,#12638,#12639);
#9999=AXIS2_PLACEMENT_3D('',#15746,#12640,#12641);
#10000=AXIS2_PLACEMENT_3D('',#15747,#12642,#12643);
#10001=AXIS2_PLACEMENT_3D('',#15748,#12644,#12645);
#10002=AXIS2_PLACEMENT_3D('',#15749,#12646,#12647);
#10003=AXIS2_PLACEMENT_3D('',#15750,#12648,#12649);
#10004=AXIS2_PLACEMENT_3D('',#15751,#12650,#12651);
#10005=AXIS2_PLACEMENT_3D('',#15752,#12652,#12653);
#10006=AXIS2_PLACEMENT_3D('',#15768,#12654,#12655);
#10007=AXIS2_PLACEMENT_3D('',#15769,#12656,#12657);
#10008=AXIS2_PLACEMENT_3D('',#15770,#12658,#12659);
#10009=AXIS2_PLACEMENT_3D('',#15771,#12660,#12661);
#10010=AXIS2_PLACEMENT_3D('',#15772,#12662,#12663);
#10011=AXIS2_PLACEMENT_3D('',#15773,#12664,#12665);
#10012=AXIS2_PLACEMENT_3D('',#15774,#12666,#12667);
#10013=AXIS2_PLACEMENT_3D('',#15775,#12668,#12669);
#10014=AXIS2_PLACEMENT_3D('',#15776,#12670,#12671);
#10015=AXIS2_PLACEMENT_3D('',#15777,#12672,#12673);
#10016=AXIS2_PLACEMENT_3D('',#15778,#12674,#12675);
#10017=AXIS2_PLACEMENT_3D('',#15779,#12676,#12677);
#10018=AXIS2_PLACEMENT_3D('',#15780,#12678,#12679);
#10019=AXIS2_PLACEMENT_3D('',#15781,#12680,#12681);
#10020=AXIS2_PLACEMENT_3D('',#15782,#12682,#12683);
#10021=AXIS2_PLACEMENT_3D('',#15783,#12684,#12685);
#10022=AXIS2_PLACEMENT_3D('',#15784,#12686,#12687);
#10023=AXIS2_PLACEMENT_3D('',#15785,#12688,#12689);
#10024=AXIS2_PLACEMENT_3D('',#15786,#12690,#12691);
#10025=AXIS2_PLACEMENT_3D('',#15787,#12692,#12693);
#10026=AXIS2_PLACEMENT_3D('',#15788,#12694,#12695);
#10027=AXIS2_PLACEMENT_3D('',#15789,#12696,#12697);
#10028=AXIS2_PLACEMENT_3D('',#15790,#12698,#12699);
#10029=AXIS2_PLACEMENT_3D('',#15791,#12700,#12701);
#10030=AXIS2_PLACEMENT_3D('',#15792,#12702,#12703);
#10031=AXIS2_PLACEMENT_3D('',#15793,#12704,#12705);
#10032=AXIS2_PLACEMENT_3D('',#15794,#12706,#12707);
#10033=AXIS2_PLACEMENT_3D('',#15795,#12708,#12709);
#10034=AXIS2_PLACEMENT_3D('',#15796,#12710,#12711);
#10035=AXIS2_PLACEMENT_3D('',#15797,#12712,#12713);
#10036=AXIS2_PLACEMENT_3D('',#15802,#12716,#12717);
#10037=AXIS2_PLACEMENT_3D('',#15803,#12718,#12719);
#10038=AXIS2_PLACEMENT_3D('',#15806,#12721,#12722);
#10039=AXIS2_PLACEMENT_3D('',#15811,#12725,#12726);
#10040=AXIS2_PLACEMENT_3D('',#15814,#12728,#12729);
#10041=AXIS2_PLACEMENT_3D('',#15823,#12734,#12735);
#10042=AXIS2_PLACEMENT_3D('',#15831,#12740,#12741);
#10043=AXIS2_PLACEMENT_3D('',#15832,#12742,#12743);
#10044=AXIS2_PLACEMENT_3D('',#15837,#12747,#12748);
#10045=AXIS2_PLACEMENT_3D('',#15840,#12751,#12752);
#10046=AXIS2_PLACEMENT_3D('',#15843,#12755,#12756);
#10047=AXIS2_PLACEMENT_3D('',#15845,#12758,#12759);
#10048=AXIS2_PLACEMENT_3D('',#15847,#12761,#12762);
#10049=AXIS2_PLACEMENT_3D('',#15848,#12763,#12764);
#10050=AXIS2_PLACEMENT_3D('',#15850,#12766,#12767);
#10051=AXIS2_PLACEMENT_3D('',#15852,#12769,#12770);
#10052=AXIS2_PLACEMENT_3D('',#15858,#12774,#12775);
#10053=AXIS2_PLACEMENT_3D('',#15862,#12778,#12779);
#10054=AXIS2_PLACEMENT_3D('',#15866,#12782,#12783);
#10055=AXIS2_PLACEMENT_3D('',#15872,#12787,#12788);
#10056=AXIS2_PLACEMENT_3D('',#15873,#12789,#12790);
#10057=AXIS2_PLACEMENT_3D('',#15874,#12791,#12792);
#10058=AXIS2_PLACEMENT_3D('',#15875,#12793,#12794);
#10059=AXIS2_PLACEMENT_3D('',#15876,#12795,#12796);
#10060=AXIS2_PLACEMENT_3D('',#15877,#12797,#12798);
#10061=AXIS2_PLACEMENT_3D('',#15878,#12799,#12800);
#10062=AXIS2_PLACEMENT_3D('',#15879,#12801,#12802);
#10063=AXIS2_PLACEMENT_3D('',#15880,#12803,#12804);
#10064=AXIS2_PLACEMENT_3D('',#15881,#12805,#12806);
#10065=AXIS2_PLACEMENT_3D('',#15882,#12807,#12808);
#10066=AXIS2_PLACEMENT_3D('',#15883,#12809,#12810);
#10067=AXIS2_PLACEMENT_3D('',#15884,#12811,#12812);
#10068=AXIS2_PLACEMENT_3D('',#15885,#12813,#12814);
#10069=AXIS2_PLACEMENT_3D('',#15886,#12815,#12816);
#10070=AXIS2_PLACEMENT_3D('',#15887,#12817,#12818);
#10071=AXIS2_PLACEMENT_3D('',#15888,#12819,#12820);
#10072=AXIS2_PLACEMENT_3D('',#15889,#12821,#12822);
#10073=AXIS2_PLACEMENT_3D('',#15890,#12823,#12824);
#10074=AXIS2_PLACEMENT_3D('',#15891,#12825,#12826);
#10075=AXIS2_PLACEMENT_3D('',#15892,#12827,#12828);
#10076=AXIS2_PLACEMENT_3D('',#15893,#12829,#12830);
#10077=AXIS2_PLACEMENT_3D('',#15894,#12831,#12832);
#10078=AXIS2_PLACEMENT_3D('',#15895,#12833,#12834);
#10079=AXIS2_PLACEMENT_3D('',#15896,#12835,#12836);
#10080=AXIS2_PLACEMENT_3D('',#15898,#12838,#12839);
#10081=AXIS2_PLACEMENT_3D('',#15900,#12841,#12842);
#10082=AXIS2_PLACEMENT_3D('',#15902,#12844,#12845);
#10083=AXIS2_PLACEMENT_3D('',#15904,#12847,#12848);
#10084=AXIS2_PLACEMENT_3D('',#15906,#12850,#12851);
#10085=AXIS2_PLACEMENT_3D('',#15907,#12852,#12853);
#10086=AXIS2_PLACEMENT_3D('',#15909,#12855,#12856);
#10087=DIRECTION('',(0.,0.,1.));
#10088=DIRECTION('',(1.,0.,0.));
#10089=DIRECTION('',(0.,0.,1.));
#10090=DIRECTION('',(1.,0.,0.));
#10091=DIRECTION('',(-1.,0.,0.));
#10092=DIRECTION('',(0.,-1.,0.));
#10093=DIRECTION('',(-1.,0.,0.));
#10094=DIRECTION('',(0.,-1.,0.));
#10095=DIRECTION('',(1.,0.,0.));
#10096=DIRECTION('',(0.,0.,-1.));
#10097=DIRECTION('',(0.,0.,1.));
#10098=DIRECTION('',(0.,-1.,0.));
#10099=DIRECTION('',(0.,0.,1.));
#10100=DIRECTION('',(0.,-1.,0.));
#10101=DIRECTION('',(0.,-1.,0.));
#10102=DIRECTION('',(0.,0.,1.));
#10103=DIRECTION('',(0.,-1.,0.));
#10104=DIRECTION('',(0.,1.,0.));
#10105=DIRECTION('',(0.,0.,1.));
#10106=DIRECTION('',(0.707106781186548,0.707106781186548,0.));
#10107=DIRECTION('',(0.707106781186548,-0.707106781186548,0.));
#10108=DIRECTION('',(0.,0.707106781186548,-0.707106781186548));
#10109=DIRECTION('',(0.,-0.707106781186548,-0.707106781186548));
#10110=DIRECTION('',(0.,-1.,0.));
#10111=DIRECTION('',(0.,0.,1.));
#10112=DIRECTION('',(0.,1.,0.));
#10113=DIRECTION('',(0.,0.,1.));
#10114=DIRECTION('',(0.,-1.,0.));
#10115=DIRECTION('',(0.,1.,0.));
#10116=DIRECTION('',(0.,0.,-1.));
#10117=DIRECTION('',(0.,-1.,0.));
#10118=DIRECTION('',(0.,-1.,0.));
#10119=DIRECTION('',(0.,0.,1.));
#10120=DIRECTION('',(0.,1.,0.));
#10121=DIRECTION('',(0.,0.,1.));
#10122=DIRECTION('',(0.,-1.,0.));
#10123=DIRECTION('',(-0.707106781186548,0.707106781186548,0.));
#10124=DIRECTION('',(-0.707106781186548,-0.707106781186548,0.));
#10125=DIRECTION('',(0.,0.707106781186548,0.707106781186548));
#10126=DIRECTION('',(0.,-0.707106781186548,0.707106781186548));
#10127=DIRECTION('',(0.,-1.,0.));
#10128=DIRECTION('',(0.,0.,1.));
#10129=DIRECTION('',(0.,1.,0.));
#10130=DIRECTION('',(0.,0.,1.));
#10131=DIRECTION('',(0.,-1.,0.));
#10132=DIRECTION('',(0.,-1.,0.));
#10133=DIRECTION('',(0.,0.,-1.));
#10134=DIRECTION('',(0.,-1.,0.));
#10135=DIRECTION('',(0.,-1.,0.));
#10136=DIRECTION('',(0.,0.,1.));
#10137=DIRECTION('',(0.,1.,0.));
#10138=DIRECTION('',(0.,0.,1.));
#10139=DIRECTION('',(0.,0.707106781186548,0.707106781186548));
#10140=DIRECTION('',(0.,-0.707106781186548,0.707106781186548));
#10141=DIRECTION('',(0.707106781186548,0.707106781186548,0.));
#10142=DIRECTION('',(0.707106781186548,-0.707106781186548,0.));
#10143=DIRECTION('',(8.16340459283203E-16,-1.,0.));
#10144=DIRECTION('',(-1.,-8.16340459283203E-16,0.));
#10145=DIRECTION('',(8.16340459283203E-16,-1.,0.));
#10146=DIRECTION('',(-1.,-8.16340459283203E-16,0.));
#10147=DIRECTION('',(0.,0.,-1.));
#10148=DIRECTION('',(1.,8.16340459283203E-16,0.));
#10149=DIRECTION('',(0.,0.,-1.));
#10150=DIRECTION('',(-0.707106781186548,-5.77239874516094E-16,-0.707106781186548));
#10151=DIRECTION('',(1.,0.,0.));
#10152=DIRECTION('',(0.,0.,-1.));
#10153=DIRECTION('',(-1.,-8.16340459283203E-16,0.));
#10154=DIRECTION('',(8.16340459283203E-16,-1.,0.));
#10155=DIRECTION('',(-1.,-8.16340459283203E-16,0.));
#10156=DIRECTION('',(0.,0.,1.));
#10157=DIRECTION('',(1.,8.16340459283203E-16,0.));
#10158=DIRECTION('',(0.,0.,-1.));
#10159=DIRECTION('',(-1.,-8.16340459283203E-16,-4.63502542989784E-15));
#10160=DIRECTION('',(8.16340459283203E-16,-1.,0.));
#10161=DIRECTION('',(-1.,-8.16340459283203E-16,0.));
#10162=DIRECTION('',(-0.707106781186548,-5.77239874516094E-16,-0.707106781186548));
#10163=DIRECTION('',(8.16340459283203E-16,-1.,0.));
#10164=DIRECTION('',(-1.,-8.16340459283203E-16,0.));
#10165=DIRECTION('',(-0.707106781186548,-5.77239874516094E-16,0.707106781186548));
#10166=DIRECTION('',(8.16340459283203E-16,-1.,0.));
#10167=DIRECTION('',(-1.,-8.16340459283203E-16,0.));
#10168=DIRECTION('',(0.707106781186548,5.77239874516094E-16,0.707106781186548));
#10169=DIRECTION('',(8.16340459283203E-16,-1.,0.));
#10170=DIRECTION('',(-1.,-8.16340459283203E-16,0.));
#10171=DIRECTION('',(4.63502542989784E-15,3.78375878823212E-30,1.));
#10172=DIRECTION('',(8.16340459283203E-16,-1.,0.));
#10173=DIRECTION('',(-1.,-8.16340459283203E-16,0.));
#10174=DIRECTION('',(8.16340459283203E-16,-1.,0.));
#10175=DIRECTION('',(-1.,-8.16340459283203E-16,0.));
#10176=DIRECTION('',(-0.707106781186548,-5.77239874516094E-16,-0.707106781186548));
#10177=DIRECTION('',(1.,8.16340459283203E-16,0.));
#10178=DIRECTION('',(0.,0.,-1.));
#10179=DIRECTION('',(1.,8.16340459283203E-16,0.));
#10180=DIRECTION('',(0.,1.,0.));
#10181=DIRECTION('',(0.,0.,-1.));
#10182=DIRECTION('',(0.,0.,-1.));
#10183=DIRECTION('',(1.,0.,0.));
#10184=DIRECTION('',(0.,0.,1.));
#10185=DIRECTION('',(-1.,0.,0.));
#10186=DIRECTION('',(0.,0.,1.));
#10187=DIRECTION('',(1.,0.,0.));
#10188=DIRECTION('',(0.,0.,-1.));
#10189=DIRECTION('',(-1.,0.,0.));
#10190=DIRECTION('',(0.,-1.,0.));
#10191=DIRECTION('',(0.,0.,1.));
#10192=DIRECTION('',(0.707106781186548,0.,-0.707106781186548));
#10193=DIRECTION('',(0.,-1.,0.));
#10194=DIRECTION('',(0.,0.,1.));
#10195=DIRECTION('',(1.,0.,0.));
#10196=DIRECTION('',(0.,0.,-1.));
#10197=DIRECTION('',(-1.,0.,0.));
#10198=DIRECTION('',(0.,0.,1.));
#10199=DIRECTION('',(0.,0.,1.));
#10200=DIRECTION('',(0.,-1.,0.));
#10201=DIRECTION('',(0.,0.,1.));
#10202=DIRECTION('',(0.,-1.,0.));
#10203=DIRECTION('',(0.,0.,-1.));
#10204=DIRECTION('',(1.,0.,0.));
#10205=DIRECTION('',(0.,8.16340459283203E-16,-1.));
#10206=DIRECTION('',(0.,1.,-8.16340459283203E-16));
#10207=DIRECTION('',(1.,0.,0.));
#10208=DIRECTION('',(0.,1.11153184232188E-15,-1.));
#10209=DIRECTION('',(0.,5.55765921160943E-16,-1.));
#10210=DIRECTION('',(0.,-1.,0.));
#10211=DIRECTION('',(0.,0.,-1.));
#10212=DIRECTION('',(0.,-1.,0.));
#10213=DIRECTION('',(-3.49148133884314E-15,0.,1.));
#10214=DIRECTION('',(-1.,0.,-3.49148133884314E-15));
#10215=DIRECTION('',(-3.49148133884314E-15,0.,1.));
#10216=DIRECTION('',(-3.49148133884314E-15,0.,1.));
#10217=DIRECTION('',(-1.,0.,-3.49148133884314E-15));
#10218=DIRECTION('',(3.49148133884314E-15,0.,-1.));
#10219=DIRECTION('',(-3.49148133884314E-15,0.,1.));
#10220=DIRECTION('',(0.,-1.,0.));
#10221=DIRECTION('',(0.,0.,1.));
#10222=DIRECTION('',(0.,-1.,0.));
#10223=DIRECTION('',(0.,5.55765921160943E-16,1.));
#10224=DIRECTION('',(-1.,0.,0.));
#10225=DIRECTION('',(0.,1.11153184232188E-15,1.));
#10226=DIRECTION('',(0.,1.,8.16340459283203E-16));
#10227=DIRECTION('',(-1.,0.,0.));
#10228=DIRECTION('',(0.,8.16340459283203E-16,1.));
#10229=DIRECTION('',(0.,0.,1.));
#10230=DIRECTION('',(0.,-1.,0.));
#10231=DIRECTION('',(0.,0.,-1.));
#10232=DIRECTION('',(0.,0.,1.));
#10233=DIRECTION('',(3.49148133884314E-15,0.,-1.));
#10234=DIRECTION('',(-1.,0.,-3.49148133884314E-15));
#10235=DIRECTION('',(-3.49148133884314E-15,0.,1.));
#10236=DIRECTION('',(3.49148133884314E-15,0.,-1.));
#10237=DIRECTION('',(-1.,0.,-3.49148133884314E-15));
#10238=DIRECTION('',(3.49148133884314E-15,0.,-1.));
#10239=DIRECTION('',(3.49148133884314E-15,0.,-1.));
#10240=DIRECTION('',(0.,-1.,0.));
#10241=DIRECTION('',(0.,0.,-1.));
#10242=DIRECTION('',(-1.,0.,0.));
#10243=DIRECTION('',(-1.,0.,1.67202262744752E-16));
#10244=DIRECTION('',(1.,0.,0.));
#10245=DIRECTION('',(0.,-1.,0.));
#10246=DIRECTION('',(-1.,-8.16340459283204E-16,0.));
#10247=DIRECTION('',(0.,0.,-1.));
#10248=DIRECTION('',(-1.,-8.16340459283203E-16,0.));
#10249=DIRECTION('',(8.16340459283203E-16,-1.,0.));
#10250=DIRECTION('',(0.,0.,-1.));
#10251=DIRECTION('',(-1.,-1.11153184232188E-15,0.));
#10252=DIRECTION('',(-1.,-5.55765921160943E-16,0.));
#10253=DIRECTION('',(0.,-1.,0.));
#10254=DIRECTION('',(-1.,-8.16340459283204E-16,0.));
#10255=DIRECTION('',(-1.,0.,0.));
#10256=DIRECTION('',(0.,0.,-1.));
#10257=DIRECTION('',(-1.,0.,0.));
#10258=DIRECTION('',(-1.,0.,0.));
#10259=DIRECTION('',(0.,0.,-1.));
#10260=DIRECTION('',(1.,0.,0.));
#10261=DIRECTION('',(-1.,0.,0.));
#10262=DIRECTION('',(0.,-1.,0.));
#10263=DIRECTION('',(1.,-8.16340459283204E-16,0.));
#10264=DIRECTION('',(0.,-1.,0.));
#10265=DIRECTION('',(1.,-5.55765921160943E-16,0.));
#10266=DIRECTION('',(0.,0.,1.));
#10267=DIRECTION('',(1.,-1.11153184232188E-15,0.));
#10268=DIRECTION('',(-8.16340459283203E-16,-1.,0.));
#10269=DIRECTION('',(0.,0.,1.));
#10270=DIRECTION('',(1.,-8.16340459283203E-16,0.));
#10271=DIRECTION('',(1.,-8.16340459283204E-16,0.));
#10272=DIRECTION('',(0.,-1.,0.));
#10273=DIRECTION('',(-1.,0.,0.));
#10274=DIRECTION('',(0.,-1.,0.));
#10275=DIRECTION('',(0.,-1.,0.));
#10276=DIRECTION('',(-1.,0.,1.67202262744752E-16));
#10277=DIRECTION('',(0.,-1.,0.));
#10278=DIRECTION('',(1.,0.,0.));
#10279=DIRECTION('',(0.,0.,-1.));
#10280=DIRECTION('',(-1.,0.,0.));
#10281=DIRECTION('',(1.,0.,0.));
#10282=DIRECTION('',(0.,0.,-1.));
#10283=DIRECTION('',(1.,0.,0.));
#10284=DIRECTION('',(1.,0.,0.));
#10285=DIRECTION('',(0.,-1.,0.));
#10286=DIRECTION('',(0.,0.,1.));
#10287=DIRECTION('',(8.16340459283203E-16,-1.,0.));
#10288=DIRECTION('',(-1.,-8.16340459283203E-16,0.));
#10289=DIRECTION('',(5.55765921160943E-16,-1.,5.55765921160943E-16));
#10290=DIRECTION('',(0.,5.55765921160943E-16,1.));
#10291=DIRECTION('',(-1.,-8.16340459283203E-16,4.63502542989784E-15));
#10292=DIRECTION('',(4.63502542989784E-15,0.,1.));
#10293=DIRECTION('',(-8.16340459283203E-16,1.,0.));
#10294=DIRECTION('',(4.63502542989784E-15,3.78375878823212E-30,1.));
#10295=DIRECTION('',(-8.16340459283203E-16,1.,-4.93038065763132E-32));
#10296=DIRECTION('',(4.63502542989784E-15,5.55765921160945E-16,1.));
#10297=DIRECTION('',(-8.16340459283203E-16,1.,0.));
#10298=DIRECTION('',(1.,8.16340459283203E-16,0.));
#10299=DIRECTION('',(-8.16340459283203E-16,1.,0.));
#10300=DIRECTION('',(8.16340459283203E-16,-1.,0.));
#10301=DIRECTION('',(-1.,-8.16340459283203E-16,0.));
#10302=DIRECTION('',(5.55765921160943E-16,-1.,5.55765921160943E-16));
#10303=DIRECTION('',(0.,5.55765921160943E-16,1.));
#10304=DIRECTION('',(4.63502542989784E-15,3.78375878823212E-30,-1.));
#10305=DIRECTION('',(-1.,0.,-4.63502542989784E-15));
#10306=DIRECTION('',(-8.16340459283203E-16,1.,0.));
#10307=DIRECTION('',(-1.,-8.16340459283203E-16,-4.63502542989784E-15));
#10308=DIRECTION('',(-1.,-5.55765921160945E-16,-4.63502542989784E-15));
#10309=DIRECTION('',(0.,0.,1.));
#10310=DIRECTION('',(1.,0.,0.));
#10311=DIRECTION('',(-1.,0.,0.));
#10312=DIRECTION('',(0.,-1.,0.));
#10313=DIRECTION('',(1.,0.,0.));
#10314=DIRECTION('',(0.,-1.,0.));
#10315=DIRECTION('',(1.,8.16340459283204E-16,0.));
#10316=DIRECTION('',(0.,-1.,0.));
#10317=DIRECTION('',(-1.,0.,0.));
#10318=DIRECTION('',(0.,-1.,0.));
#10319=DIRECTION('',(1.,0.,0.));
#10320=DIRECTION('',(1.,0.,0.));
#10321=DIRECTION('',(0.,0.,-1.));
#10322=DIRECTION('',(0.,-1.,0.));
#10323=DIRECTION('',(0.,0.,1.));
#10324=DIRECTION('',(0.,-1.,0.));
#10325=DIRECTION('',(0.,0.,-1.));
#10326=DIRECTION('',(0.,1.,0.));
#10327=DIRECTION('',(0.,0.,1.));
#10328=DIRECTION('',(0.,0.,-1.));
#10329=DIRECTION('',(0.,1.,0.));
#10330=DIRECTION('',(0.,0.,-1.));
#10331=DIRECTION('',(0.,-1.,0.));
#10332=DIRECTION('',(0.,0.,1.));
#10333=DIRECTION('',(8.16340459283203E-16,-1.,0.));
#10334=DIRECTION('',(-1.,-8.16340459283203E-16,0.));
#10335=DIRECTION('',(0.,0.707106781186548,-0.707106781186548));
#10336=DIRECTION('',(0.,-0.707106781186548,-0.707106781186548));
#10337=DIRECTION('',(-0.707106781186548,0.707106781186548,0.));
#10338=DIRECTION('',(-0.707106781186548,-0.707106781186548,0.));
#10339=DIRECTION('',(0.,0.707106781186548,-0.707106781186548));
#10340=DIRECTION('',(1.,0.,0.));
#10341=DIRECTION('',(0.577350269189626,-0.577350269189626,-0.577350269189626));
#10342=DIRECTION('',(-0.577350269189626,-0.577350269189626,-0.577350269189626));
#10343=DIRECTION('',(-0.707106781186548,0.707106781186548,0.));
#10344=DIRECTION('',(0.,0.,-1.));
#10345=DIRECTION('',(0.577350269189626,0.577350269189626,-0.577350269189626));
#10346=DIRECTION('',(0.707106781186548,0.707106781186548,0.));
#10347=DIRECTION('',(0.,0.,1.));
#10348=DIRECTION('',(0.577350269189626,-0.577350269189626,0.577350269189626));
#10349=DIRECTION('',(0.,0.707106781186548,0.707106781186548));
#10350=DIRECTION('',(-1.,0.,0.));
#10351=DIRECTION('',(-1.,0.,0.));
#10352=DIRECTION('',(0.,0.,1.));
#10353=DIRECTION('',(-1.,0.,0.));
#10354=DIRECTION('',(0.,0.,1.));
#10355=DIRECTION('',(0.,0.,-1.));
#10356=DIRECTION('',(0.,0.,-1.));
#10357=DIRECTION('',(0.,-1.,0.));
#10358=DIRECTION('',(0.,0.,-1.));
#10359=DIRECTION('',(-1.,0.,0.));
#10360=DIRECTION('',(0.,0.,-1.));
#10361=DIRECTION('',(-1.,0.,0.));
#10362=DIRECTION('',(1.,0.,0.));
#10363=DIRECTION('',(1.,0.,0.));
#10364=DIRECTION('',(0.,-1.,0.));
#10365=DIRECTION('',(0.,0.,1.));
#10366=DIRECTION('',(0.,-1.,0.));
#10367=DIRECTION('',(0.,0.,1.));
#10368=DIRECTION('',(0.,0.,-1.));
#10369=DIRECTION('',(1.,0.,0.));
#10370=DIRECTION('',(-0.707106781186548,-5.77239874516094E-16,-0.707106781186548));
#10371=DIRECTION('',(-0.707106781186548,0.,0.707106781186548));
#10372=DIRECTION('',(-8.16340459283203E-16,1.,0.));
#10373=DIRECTION('',(-0.707106781186548,-5.77239874516094E-16,0.707106781186548));
#10374=DIRECTION('',(-8.16340459283203E-16,1.,0.));
#10375=DIRECTION('',(-0.707106781186548,-5.77239874516094E-16,0.707106781186548));
#10376=DIRECTION('',(-0.707106781186548,-5.77239874516094E-16,0.707106781186548));
#10377=DIRECTION('',(0.707106781186548,0.,0.707106781186548));
#10378=DIRECTION('',(-8.16340459283203E-16,1.,0.));
#10379=DIRECTION('',(0.707106781186548,5.77239874516094E-16,0.707106781186548));
#10380=DIRECTION('',(-8.16340459283203E-16,1.,0.));
#10381=DIRECTION('',(0.707106781186548,5.77239874516094E-16,0.707106781186548));
#10382=DIRECTION('',(0.,1.,8.16340459283203E-16));
#10383=DIRECTION('',(-0.707106781186548,-7.85971703210581E-16,-0.707106781186548));
#10384=DIRECTION('',(0.707106781186548,5.77239874516094E-16,-0.707106781186548));
#10385=DIRECTION('',(-0.707106781186548,0.,-0.707106781186548));
#10386=DIRECTION('',(-8.16340459283203E-16,1.,0.));
#10387=DIRECTION('',(-0.707106781186548,-5.77239874516094E-16,-0.707106781186548));
#10388=DIRECTION('',(-8.16340459283203E-16,1.,0.));
#10389=DIRECTION('',(0.707106781186548,7.85971703210581E-16,0.707106781186548));
#10390=DIRECTION('',(8.16340459283203E-16,-1.,0.));
#10391=DIRECTION('',(-0.707106781186548,-5.77239874516094E-16,-0.707106781186548));
#10392=DIRECTION('',(8.16340459283203E-16,-1.,0.));
#10393=DIRECTION('',(-1.,-8.16340459283203E-16,0.));
#10394=DIRECTION('',(-0.707106781186548,-5.77239874516094E-16,-0.707106781186548));
#10395=DIRECTION('',(-1.,-8.16340459283203E-16,0.));
#10396=DIRECTION('',(8.16340459283203E-16,-1.,0.));
#10397=DIRECTION('',(-1.,-8.16340459283203E-16,0.));
#10398=DIRECTION('',(0.,0.,1.));
#10399=DIRECTION('',(0.707106781186548,5.77239874516094E-16,0.707106781186548));
#10400=DIRECTION('',(-0.707106781186548,-5.77239874516094E-16,0.707106781186548));
#10401=DIRECTION('',(5.55765921160943E-16,-1.,5.55765921160943E-16));
#10402=DIRECTION('',(0.,5.55765921160943E-16,1.));
#10403=DIRECTION('',(5.55765921160943E-16,-1.,5.55765921160943E-16));
#10404=DIRECTION('',(0.,5.55765921160943E-16,1.));
#10405=DIRECTION('',(4.63502542989784E-15,5.55765921160945E-16,1.));
#10406=DIRECTION('',(-0.707106781186548,-7.85971703210581E-16,-0.707106781186548));
#10407=DIRECTION('',(0.,5.55765921160943E-16,1.));
#10408=DIRECTION('',(5.55765921160943E-16,-1.,5.55765921160943E-16));
#10409=DIRECTION('',(0.,5.55765921160943E-16,1.));
#10410=DIRECTION('',(-1.,-5.55765921160943E-16,0.));
#10411=DIRECTION('',(0.707106781186548,7.85971703210581E-16,0.707106781186548));
#10412=DIRECTION('',(-1.,-5.55765921160945E-16,-4.63502542989784E-15));
#10413=DIRECTION('',(-8.16340459283203E-16,1.,0.));
#10414=DIRECTION('',(1.,8.16340459283203E-16,0.));
#10415=DIRECTION('',(8.16340459283203E-16,-1.,0.));
#10416=DIRECTION('',(-1.,-8.16340459283203E-16,0.));
#10417=DIRECTION('',(0.,1.,0.));
#10418=DIRECTION('',(0.,0.,-1.));
#10419=DIRECTION('',(0.707106781186548,5.77239874516094E-16,0.707106781186548));
#10420=DIRECTION('',(0.707106781186548,0.,-0.707106781186548));
#10421=DIRECTION('',(0.948683298050512,-2.5814951974829E-16,-0.316227766016843));
#10422=DIRECTION('',(0.316227766016843,0.,0.948683298050512));
#10423=DIRECTION('',(0.707106781186548,0.,0.707106781186548));
#10424=DIRECTION('',(0.707106781186548,0.,-0.707106781186548));
#10425=DIRECTION('',(-0.707106781186548,-5.77239874516094E-16,-0.707106781186548));
#10426=DIRECTION('',(-0.707106781186548,0.,0.707106781186548));
#10427=DIRECTION('',(-0.316227766016833,-2.58149519748283E-16,0.948683298050515));
#10428=DIRECTION('',(-0.948683298050515,0.,-0.316227766016834));
#10429=DIRECTION('',(0.707106781186548,0.,0.707106781186548));
#10430=DIRECTION('',(0.707106781186548,0.,-0.707106781186548));
#10431=DIRECTION('',(-8.16340459283203E-16,1.,0.));
#10432=DIRECTION('',(1.,8.16340459283203E-16,0.));
#10433=DIRECTION('',(8.16340459283203E-16,-1.,0.));
#10434=DIRECTION('',(-1.,-8.16340459283203E-16,0.));
#10435=DIRECTION('',(0.,1.,0.));
#10436=DIRECTION('',(0.,0.,-1.));
#10437=DIRECTION('',(0.,0.,-1.));
#10438=DIRECTION('',(-1.,0.,0.));
#10439=DIRECTION('',(-0.707106781186548,0.,0.707106781186548));
#10440=DIRECTION('',(0.707106781186548,0.,0.707106781186548));
#10441=DIRECTION('',(0.,0.,-1.));
#10442=DIRECTION('',(-1.,0.,0.));
#10443=DIRECTION('',(0.707106781186548,0.,-0.707106781186548));
#10444=DIRECTION('',(-0.707106781186548,0.,-0.707106781186548));
#10445=DIRECTION('',(0.707106781186548,5.77239874516094E-16,-0.707106781186548));
#10446=DIRECTION('',(-0.707106781186548,0.,-0.707106781186548));
#10447=DIRECTION('',(8.16340459283203E-16,-1.,4.93038065763135E-32));
#10448=DIRECTION('',(-1.,-8.16340459283203E-16,0.));
#10449=DIRECTION('',(8.16340459283203E-16,-1.,0.));
#10450=DIRECTION('',(-1.,-8.16340459283203E-16,0.));
#10451=DIRECTION('',(0.707106781186548,7.85971703210581E-16,0.707106781186548));
#10452=DIRECTION('',(0.707106781186548,0.,-0.707106781186548));
#10453=DIRECTION('',(0.948683298050512,-3.51497231354035E-16,-0.316227766016843));
#10454=DIRECTION('',(0.316227766016843,0.,0.948683298050512));
#10455=DIRECTION('',(8.16340459283203E-16,-1.,4.93038065763135E-32));
#10456=DIRECTION('',(-1.,-8.16340459283203E-16,0.));
#10457=DIRECTION('',(8.16340459283203E-16,-1.,0.));
#10458=DIRECTION('',(-1.,-8.16340459283203E-16,0.));
#10459=DIRECTION('',(-0.707106781186548,-7.85971703210581E-16,-0.707106781186548));
#10460=DIRECTION('',(-0.707106781186548,0.,0.707106781186548));
#10461=DIRECTION('',(-0.316227766016833,-3.51497231354025E-16,0.948683298050515));
#10462=DIRECTION('',(-0.948683298050515,0.,-0.316227766016834));
#10463=DIRECTION('',(0.714337645042366,0.663151233182202,0.223499822828233));
#10464=DIRECTION('',(-0.680361682696919,0.732876511233521,0.));
#10465=DIRECTION('',(0.00207480581851666,-0.0075127702572604,0.999969626270657));
#10466=DIRECTION('',(0.,-0.999971778621822,-0.00751278642787138));
#10467=DIRECTION('',(-1.,-5.55765921160945E-16,-4.63502542989784E-15));
#10468=DIRECTION('',(-4.63502542989784E-15,0.,1.));
#10469=DIRECTION('',(1.,0.,0.));
#10470=DIRECTION('',(0.,0.,-1.));
#10471=DIRECTION('',(5.55765921160943E-16,-1.,5.55765921160943E-16));
#10472=DIRECTION('',(0.,5.55765921160943E-16,1.));
#10473=DIRECTION('',(0.,0.,-1.));
#10474=DIRECTION('',(-1.,0.,0.));
#10475=DIRECTION('',(4.63502542989784E-15,5.55765921160945E-16,1.));
#10476=DIRECTION('',(1.,0.,-4.63502542989784E-15));
#10477=DIRECTION('',(0.999969626270679,-0.00751277025417417,0.00207480581911565));
#10478=DIRECTION('',(0.00751278642478514,0.999971778621845,0.));
#10479=DIRECTION('',(0.223499799484764,0.663151226338219,0.714337658699573));
#10480=DIRECTION('',(0.,-0.732876521220518,0.680361671939059));
#10481=DIRECTION('',(0.,0.,1.));
#10482=DIRECTION('',(1.,0.,0.));
#10483=DIRECTION('',(0.,0.,1.));
#10484=DIRECTION('',(1.,0.,0.));
#10485=DIRECTION('',(0.,0.,-1.));
#10486=DIRECTION('',(-1.,0.,0.));
#10487=DIRECTION('',(0.,1.,0.));
#10488=DIRECTION('',(0.,0.,-1.));
#10489=DIRECTION('',(8.16340459283203E-16,-1.,0.));
#10490=DIRECTION('',(-1.,-8.16340459283203E-16,0.));
#10491=DIRECTION('',(-1.,0.,0.));
#10492=DIRECTION('',(0.,0.,1.));
#10493=DIRECTION('',(0.,-1.,-8.16340459283203E-16));
#10494=DIRECTION('',(0.,-8.16340459283203E-16,1.));
#10495=DIRECTION('',(0.,1.,0.));
#10496=DIRECTION('',(0.,0.,-1.));
#10497=DIRECTION('',(-1.,-8.16340459283203E-16,0.));
#10498=DIRECTION('',(-8.16340459283203E-16,1.,0.));
#10499=DIRECTION('',(-1.,0.,0.));
#10500=DIRECTION('',(0.,0.,1.));
#10501=DIRECTION('',(0.,0.,1.));
#10502=DIRECTION('',(1.,0.,0.));
#10503=DIRECTION('',(0.,1.,0.));
#10504=DIRECTION('',(0.,0.,-1.));
#10505=DIRECTION('',(0.,-5.55765921160943E-16,-1.));
#10506=DIRECTION('',(0.,-1.,5.55765921160943E-16));
#10507=DIRECTION('',(0.,0.,1.));
#10508=DIRECTION('',(1.,0.,0.));
#10509=DIRECTION('',(-8.16340459283203E-16,1.,0.));
#10510=DIRECTION('',(1.,8.16340459283203E-16,0.));
#10511=DIRECTION('',(0.,1.,0.));
#10512=DIRECTION('',(0.,0.,-1.));
#10513=DIRECTION('',(5.55765921160943E-16,-1.,5.55765921160943E-16));
#10514=DIRECTION('',(0.,5.55765921160943E-16,1.));
#10515=DIRECTION('',(-1.,0.,0.));
#10516=DIRECTION('',(0.,0.,1.));
#10517=DIRECTION('',(1.,0.,0.));
#10518=DIRECTION('',(0.,0.,-1.));
#10519=DIRECTION('',(1.,5.55765921160943E-16,0.));
#10520=DIRECTION('',(5.55765921160943E-16,-1.,0.));
#10521=DIRECTION('',(-0.707106781186548,-5.77239874516094E-16,-0.707106781186548));
#10522=DIRECTION('',(-0.707106781186548,0.,0.707106781186548));
#10523=DIRECTION('',(-0.707106781186548,0.,-0.707106781186548));
#10524=DIRECTION('',(-0.707106781186548,0.,0.707106781186548));
#10525=DIRECTION('',(0.707106781186513,0.,0.707106781186582));
#10526=DIRECTION('',(0.707106781186582,0.,-0.707106781186513));
#10527=DIRECTION('',(8.16340459283203E-16,-1.,0.));
#10528=DIRECTION('',(-1.,-8.16340459283203E-16,0.));
#10529=DIRECTION('',(0.,0.,1.));
#10530=DIRECTION('',(1.,0.,0.));
#10531=DIRECTION('',(8.16340459283203E-16,-1.,0.));
#10532=DIRECTION('',(-1.,-8.16340459283203E-16,0.));
#10533=DIRECTION('',(-0.707106781186548,0.,0.707106781186548));
#10534=DIRECTION('',(0.707106781186548,0.,0.707106781186548));
#10535=DIRECTION('',(-4.63502542989784E-15,-3.78375878823212E-30,-1.));
#10536=DIRECTION('',(-1.,0.,4.63502542989784E-15));
#10537=DIRECTION('',(0.,0.,1.));
#10538=DIRECTION('',(1.,0.,0.));
#10539=DIRECTION('',(-0.707106781186548,-5.77239874516094E-16,0.707106781186548));
#10540=DIRECTION('',(0.707106781186548,0.,0.707106781186548));
#10541=DIRECTION('',(-0.707106781186548,0.,0.707106781186548));
#10542=DIRECTION('',(0.707106781186548,0.,0.707106781186548));
#10543=DIRECTION('',(8.16340459283203E-16,-1.,0.));
#10544=DIRECTION('',(-1.,-8.16340459283203E-16,0.));
#10545=DIRECTION('',(-1.,0.,0.));
#10546=DIRECTION('',(0.,0.,1.));
#10547=DIRECTION('',(8.16340459283203E-16,-1.,0.));
#10548=DIRECTION('',(-1.,-8.16340459283203E-16,0.));
#10549=DIRECTION('',(0.707106781186548,0.,0.707106781186548));
#10550=DIRECTION('',(0.707106781186548,0.,-0.707106781186548));
#10551=DIRECTION('',(1.,8.16340459283203E-16,4.63502542989784E-15));
#10552=DIRECTION('',(4.63502542989784E-15,0.,-1.));
#10553=DIRECTION('',(-1.,0.,0.));
#10554=DIRECTION('',(0.,0.,1.));
#10555=DIRECTION('',(0.707106781186548,5.77239874516094E-16,0.707106781186548));
#10556=DIRECTION('',(0.707106781186548,0.,-0.707106781186548));
#10557=DIRECTION('',(0.707106781186548,-4.906538933387E-14,0.707106781186548));
#10558=DIRECTION('',(0.707106781186548,0.,-0.707106781186548));
#10559=DIRECTION('',(8.16340459283203E-16,-1.,0.));
#10560=DIRECTION('',(-1.,-8.16340459283203E-16,0.));
#10561=DIRECTION('',(0.,0.,1.));
#10562=DIRECTION('',(1.,0.,0.));
#10563=DIRECTION('',(0.,0.,1.));
#10564=DIRECTION('',(1.,0.,0.));
#10565=DIRECTION('',(0.,0.,1.));
#10566=DIRECTION('',(1.,0.,0.));
#10567=DIRECTION('',(8.16340459283203E-16,-1.,0.));
#10568=DIRECTION('',(-1.,-8.16340459283203E-16,0.));
#10569=DIRECTION('',(-1.,0.,0.));
#10570=DIRECTION('',(0.,0.,1.));
#10571=DIRECTION('',(-1.,-8.16340459283203E-16,0.));
#10572=DIRECTION('',(-8.16340459283203E-16,1.,0.));
#10573=DIRECTION('',(-1.,-8.16340459283203E-16,0.));
#10574=DIRECTION('',(-8.16340459283203E-16,1.,0.));
#10575=DIRECTION('',(0.,-1.,0.));
#10576=DIRECTION('',(0.,0.,1.));
#10577=DIRECTION('',(0.,-1.,0.));
#10578=DIRECTION('',(0.,0.,1.));
#10579=DIRECTION('',(1.,0.,0.));
#10580=DIRECTION('',(0.,0.,-1.));
#10581=DIRECTION('',(0.,-1.,0.));
#10582=DIRECTION('',(0.,0.,1.));
#10583=DIRECTION('',(1.,0.,0.));
#10584=DIRECTION('',(0.,0.,-1.));
#10585=DIRECTION('',(0.,-1.,0.));
#10586=DIRECTION('',(0.,0.,1.));
#10587=DIRECTION('',(0.707106781186548,0.,-0.707106781186548));
#10588=DIRECTION('',(-1.,0.,0.));
#10589=DIRECTION('',(0.,0.,1.));
#10590=DIRECTION('',(0.,-1.,0.));
#10591=DIRECTION('',(0.,0.,1.));
#10592=DIRECTION('',(0.,1.,0.));
#10593=DIRECTION('',(0.,0.,1.));
#10594=DIRECTION('',(-1.,0.,0.));
#10595=DIRECTION('',(0.,8.16340459283203E-16,1.));
#10596=DIRECTION('',(0.,-1.,-8.16340459283203E-16));
#10597=DIRECTION('',(0.,0.,-1.));
#10598=DIRECTION('',(-1.,0.,0.));
#10599=DIRECTION('',(8.16340459283203E-16,-1.,0.));
#10600=DIRECTION('',(0.,0.,-1.));
#10601=DIRECTION('',(-1.,-8.16340459283203E-16,0.));
#10602=DIRECTION('',(1.,8.16340459283203E-16,0.));
#10603=DIRECTION('',(-1.,0.,0.));
#10604=DIRECTION('',(0.,-1.,0.));
#10605=DIRECTION('',(0.,0.,1.));
#10606=DIRECTION('',(1.,0.,0.));
#10607=DIRECTION('',(0.,-1.,0.));
#10608=DIRECTION('',(0.,-1.,0.));
#10609=DIRECTION('',(1.,0.,0.));
#10610=DIRECTION('',(1.,0.,0.));
#10611=DIRECTION('',(0.,0.,-1.));
#10612=DIRECTION('',(0.,0.,-1.));
#10613=DIRECTION('',(0.,1.,0.));
#10614=DIRECTION('',(0.,0.707106781186548,-0.707106781186548));
#10615=DIRECTION('',(1.,0.,0.));
#10616=DIRECTION('',(-0.577350269189626,-0.577350269189626,-0.577350269189626));
#10617=DIRECTION('',(-0.577350269189626,0.577350269189626,0.577350269189626));
#10618=DIRECTION('',(-0.707106781186548,0.707106781186548,0.));
#10619=DIRECTION('',(0.,0.,-1.));
#10620=DIRECTION('',(-0.577350269189626,-0.577350269189626,0.577350269189626));
#10621=DIRECTION('',(0.707106781186548,0.707106781186548,0.));
#10622=DIRECTION('',(0.,0.,1.));
#10623=DIRECTION('',(-0.577350269189626,0.577350269189626,-0.577350269189626));
#10624=DIRECTION('',(0.,0.707106781186548,0.707106781186548));
#10625=DIRECTION('',(-1.,0.,0.));
#10626=DIRECTION('',(-1.,0.,0.));
#10627=DIRECTION('',(0.,0.,1.));
#10628=DIRECTION('',(-8.16340459283203E-16,1.,0.));
#10629=DIRECTION('',(0.,0.,-1.));
#10630=DIRECTION('',(-1.,0.,0.));
#10631=DIRECTION('',(-8.16340459283203E-16,1.,0.));
#10632=DIRECTION('',(-0.707106781186548,-5.77239874516094E-16,-0.707106781186548));
#10633=DIRECTION('',(-0.707106781186548,0.,0.707106781186548));
#10634=DIRECTION('',(-4.08170229641602E-16,1.,-4.08170229641602E-16));
#10635=DIRECTION('',(-0.707106781186548,0.,0.707106781186548));
#10636=DIRECTION('',(-4.08170229641602E-16,1.,-4.08170229641602E-16));
#10637=DIRECTION('',(-0.707106781186548,-5.77239874516094E-16,0.707106781186548));
#10638=DIRECTION('',(0.707106781186548,0.,0.707106781186548));
#10639=DIRECTION('',(0.707106781186548,0.,0.707106781186548));
#10640=DIRECTION('',(-4.08170229641602E-16,1.,4.08170229641602E-16));
#10641=DIRECTION('',(0.707106781186548,5.77239874516094E-16,-0.707106781186548));
#10642=DIRECTION('',(-0.707106781186548,0.,-0.707106781186548));
#10643=DIRECTION('',(-4.08170229641602E-16,1.,4.08170229641602E-16));
#10644=DIRECTION('',(-0.707106781186548,0.,-0.707106781186548));
#10645=DIRECTION('',(8.16340459283203E-16,-1.,0.));
#10646=DIRECTION('',(-1.,-8.16340459283203E-16,0.));
#10647=DIRECTION('',(-0.707106781186548,-5.77239874516094E-16,-0.707106781186548));
#10648=DIRECTION('',(0.707106781186548,5.77239874516094E-16,-0.707106781186548));
#10649=DIRECTION('',(0.707106781186548,5.77239874516094E-16,0.707106781186548));
#10650=DIRECTION('',(-8.16340459283203E-16,1.,0.));
#10651=DIRECTION('',(1.,8.16340459283203E-16,0.));
#10652=DIRECTION('',(-8.16340459283203E-16,1.,0.));
#10653=DIRECTION('',(1.,8.16340459283203E-16,0.));
#10654=DIRECTION('',(0.707106781186548,5.77239874516094E-16,0.707106781186548));
#10655=DIRECTION('',(0.707106781186548,0.,-0.707106781186548));
#10656=DIRECTION('',(0.707106781186548,5.77239874516094E-16,0.707106781186548));
#10657=DIRECTION('',(0.707106781186548,0.,-0.707106781186548));
#10658=DIRECTION('',(-0.707106781186548,-5.77239874516094E-16,-0.707106781186548));
#10659=DIRECTION('',(-0.707106781186548,0.,0.707106781186548));
#10660=DIRECTION('',(-0.707106781186548,-5.77239874516094E-16,-0.707106781186548));
#10661=DIRECTION('',(-0.707106781186548,0.,0.707106781186548));
#10662=DIRECTION('',(-8.16340459283203E-16,1.,0.));
#10663=DIRECTION('',(1.,8.16340459283203E-16,0.));
#10664=DIRECTION('',(-3.46944695195352E-14,-1.,0.));
#10665=DIRECTION('',(-1.,3.46944695195352E-14,0.));
#10666=DIRECTION('',(0.,0.,-1.));
#10667=DIRECTION('',(-1.,0.,0.));
#10668=DIRECTION('',(0.707106781186548,5.77239874516094E-16,-0.707106781186548));
#10669=DIRECTION('',(-0.707106781186548,0.,-0.707106781186548));
#10670=DIRECTION('',(0.,0.,-1.));
#10671=DIRECTION('',(-1.,0.,0.));
#10672=DIRECTION('',(0.707106781186548,5.77239874516094E-16,-0.707106781186548));
#10673=DIRECTION('',(-0.707106781186548,0.,-0.707106781186548));
#10674=DIRECTION('',(0.707106781186548,5.77239874516094E-16,-0.707106781186548));
#10675=DIRECTION('',(-0.707106781186548,0.,-0.707106781186548));
#10676=DIRECTION('',(0.,-1.,0.));
#10677=DIRECTION('',(0.,0.,1.));
#10678=DIRECTION('',(0.,1.,0.));
#10679=DIRECTION('',(0.,0.,1.));
#10680=DIRECTION('',(0.,-1.,0.));
#10681=DIRECTION('',(0.,0.,-1.));
#10682=DIRECTION('',(0.,0.,-1.));
#10683=DIRECTION('',(-1.,0.,0.));
#10684=DIRECTION('',(0.,0.,-1.));
#10685=DIRECTION('',(-1.,0.,0.));
#10686=DIRECTION('',(0.,0.,-1.));
#10687=DIRECTION('',(-1.,0.,0.));
#10688=DIRECTION('',(0.,-1.,0.));
#10689=DIRECTION('',(0.,0.,1.));
#10690=DIRECTION('',(0.,1.,0.));
#10691=DIRECTION('',(0.,0.,1.));
#10692=DIRECTION('',(0.,1.,0.));
#10693=DIRECTION('',(0.,0.,-1.));
#10694=DIRECTION('',(0.,0.,-1.));
#10695=DIRECTION('',(-1.,0.,0.));
#10696=DIRECTION('',(-1.,0.,0.));
#10697=DIRECTION('',(0.,0.,1.));
#10698=DIRECTION('',(1.,8.16340459283203E-16,0.));
#10699=DIRECTION('',(8.16340459283203E-16,-1.,0.));
#10700=DIRECTION('',(0.,-1.,0.));
#10701=DIRECTION('',(0.,0.,1.));
#10702=DIRECTION('',(0.,1.,0.));
#10703=DIRECTION('',(0.,0.,1.));
#10704=DIRECTION('',(-1.,0.,-3.49148133884314E-15));
#10705=DIRECTION('',(-3.49148133884314E-15,0.,1.));
#10706=DIRECTION('',(-3.49148133884314E-15,0.,1.));
#10707=DIRECTION('',(-1.,0.,-3.49148133884314E-15));
#10708=DIRECTION('',(3.49148133884314E-15,0.,-1.));
#10709=DIRECTION('',(-3.49148133884314E-15,0.,1.));
#10710=DIRECTION('',(-1.,0.,-3.49148133884314E-15));
#10711=DIRECTION('',(-3.49148133884314E-15,0.,1.));
#10712=DIRECTION('',(-3.49148133884314E-15,0.,1.));
#10713=DIRECTION('',(0.,-1.,0.));
#10714=DIRECTION('',(3.49148133884314E-15,0.,-1.));
#10715=DIRECTION('',(-1.,0.,-3.49148133884314E-15));
#10716=DIRECTION('',(3.49148133884314E-15,0.,-1.));
#10717=DIRECTION('',(3.49148133884314E-15,0.,-1.));
#10718=DIRECTION('',(-1.,0.,-3.49148133884314E-15));
#10719=DIRECTION('',(-3.49148133884314E-15,0.,1.));
#10720=DIRECTION('',(3.49148133884314E-15,0.,-1.));
#10721=DIRECTION('',(0.,0.,-1.));
#10722=DIRECTION('',(-1.,0.,0.));
#10723=DIRECTION('',(1.,0.,0.));
#10724=DIRECTION('',(0.,0.,-1.));
#10725=DIRECTION('',(1.,0.,0.));
#10726=DIRECTION('',(1.,0.,0.));
#10727=DIRECTION('',(0.,0.,-1.));
#10728=DIRECTION('',(-1.,0.,0.));
#10729=DIRECTION('',(1.,0.,0.));
#10730=DIRECTION('',(0.,-1.,0.));
#10731=DIRECTION('',(-1.,0.,0.));
#10732=DIRECTION('',(0.,0.,-1.));
#10733=DIRECTION('',(1.,0.,0.));
#10734=DIRECTION('',(-1.,0.,0.));
#10735=DIRECTION('',(0.,0.,-1.));
#10736=DIRECTION('',(-1.,0.,0.));
#10737=DIRECTION('',(-1.,0.,0.));
#10738=DIRECTION('',(0.,1.,0.));
#10739=DIRECTION('',(0.,0.,-1.));
#10740=DIRECTION('',(0.,0.,1.));
#10741=DIRECTION('',(0.,-1.,0.));
#10742=DIRECTION('',(0.,0.,1.));
#10743=DIRECTION('',(0.,0.,1.));
#10744=DIRECTION('',(0.,-1.,0.));
#10745=DIRECTION('',(1.,0.,3.49148133884314E-15));
#10746=DIRECTION('',(1.,0.,3.49148133884314E-15));
#10747=DIRECTION('',(0.,1.,0.));
#10748=DIRECTION('',(-1.,0.,-3.49148133884314E-15));
#10749=DIRECTION('',(1.,0.,3.49148133884314E-15));
#10750=DIRECTION('',(1.67202262744752E-16,0.,-1.));
#10751=DIRECTION('',(-1.,0.,-1.67202262744752E-16));
#10752=DIRECTION('',(1.,0.,1.67202262744752E-16));
#10753=DIRECTION('',(0.,-1.,0.));
#10754=DIRECTION('',(-1.,0.,0.));
#10755=DIRECTION('',(0.,-1.,0.));
#10756=DIRECTION('',(1.,-8.16340459283204E-16,0.));
#10757=DIRECTION('',(0.,0.,1.));
#10758=DIRECTION('',(1.,-8.16340459283203E-16,0.));
#10759=DIRECTION('',(-8.16340459283203E-16,-1.,0.));
#10760=DIRECTION('',(0.,0.,1.));
#10761=DIRECTION('',(1.,-1.11153184232188E-15,0.));
#10762=DIRECTION('',(1.,-5.55765921160943E-16,0.));
#10763=DIRECTION('',(0.,-1.,0.));
#10764=DIRECTION('',(1.,-8.16340459283204E-16,0.));
#10765=DIRECTION('',(0.,-1.,0.));
#10766=DIRECTION('',(1.,0.,0.));
#10767=DIRECTION('',(0.,0.,1.));
#10768=DIRECTION('',(1.,0.,0.));
#10769=DIRECTION('',(1.,0.,0.));
#10770=DIRECTION('',(0.,0.,1.));
#10771=DIRECTION('',(-1.,0.,0.));
#10772=DIRECTION('',(1.,0.,0.));
#10773=DIRECTION('',(0.,-1.,0.));
#10774=DIRECTION('',(-1.,-8.16340459283204E-16,0.));
#10775=DIRECTION('',(0.,-1.,0.));
#10776=DIRECTION('',(-1.,-5.55765921160943E-16,0.));
#10777=DIRECTION('',(0.,0.,-1.));
#10778=DIRECTION('',(-1.,-1.11153184232188E-15,0.));
#10779=DIRECTION('',(8.16340459283203E-16,-1.,0.));
#10780=DIRECTION('',(0.,0.,-1.));
#10781=DIRECTION('',(-1.,-8.16340459283203E-16,0.));
#10782=DIRECTION('',(-1.,-8.16340459283204E-16,0.));
#10783=DIRECTION('',(0.,-1.,0.));
#10784=DIRECTION('',(1.,0.,0.));
#10785=DIRECTION('',(0.,-1.,0.));
#10786=DIRECTION('',(0.,-1.,0.));
#10787=DIRECTION('',(1.,0.,1.67202262744752E-16));
#10788=DIRECTION('',(0.,-1.,0.));
#10789=DIRECTION('',(-1.,0.,0.));
#10790=DIRECTION('',(0.,0.,1.));
#10791=DIRECTION('',(1.,0.,0.));
#10792=DIRECTION('',(-1.,0.,0.));
#10793=DIRECTION('',(0.,0.,1.));
#10794=DIRECTION('',(-1.,0.,0.));
#10795=DIRECTION('',(-1.,0.,0.));
#10796=DIRECTION('',(-1.,0.,0.));
#10797=DIRECTION('',(0.,0.,1.));
#10798=DIRECTION('',(0.,-1.,0.));
#10799=DIRECTION('',(0.,0.,-1.));
#10800=DIRECTION('',(0.,-1.,0.));
#10801=DIRECTION('',(0.,0.,-1.));
#10802=DIRECTION('',(0.,-1.,0.));
#10803=DIRECTION('',(0.,0.,1.));
#10804=DIRECTION('',(-1.,0.,0.));
#10805=DIRECTION('',(0.,8.16340459283203E-16,1.));
#10806=DIRECTION('',(0.,1.,8.16340459283203E-16));
#10807=DIRECTION('',(-1.,0.,0.));
#10808=DIRECTION('',(0.,1.11153184232188E-15,1.));
#10809=DIRECTION('',(0.,5.55765921160943E-16,1.));
#10810=DIRECTION('',(0.,-1.,0.));
#10811=DIRECTION('',(0.,0.,1.));
#10812=DIRECTION('',(0.,-1.,0.));
#10813=DIRECTION('',(1.04744440165294E-14,0.,-1.));
#10814=DIRECTION('',(1.,0.,1.04744440165294E-14));
#10815=DIRECTION('',(1.04744440165294E-14,0.,-1.));
#10816=DIRECTION('',(1.04744440165294E-14,0.,-1.));
#10817=DIRECTION('',(1.,0.,1.04744440165294E-14));
#10818=DIRECTION('',(-1.04744440165294E-14,0.,1.));
#10819=DIRECTION('',(1.04744440165294E-14,0.,-1.));
#10820=DIRECTION('',(0.,-1.,0.));
#10821=DIRECTION('',(0.,0.,-1.));
#10822=DIRECTION('',(0.,-1.,0.));
#10823=DIRECTION('',(0.,5.55765921160943E-16,-1.));
#10824=DIRECTION('',(1.,0.,0.));
#10825=DIRECTION('',(0.,1.11153184232188E-15,-1.));
#10826=DIRECTION('',(0.,1.,-8.16340459283203E-16));
#10827=DIRECTION('',(1.,0.,0.));
#10828=DIRECTION('',(0.,8.16340459283203E-16,-1.));
#10829=DIRECTION('',(0.,0.,-1.));
#10830=DIRECTION('',(0.,-1.,0.));
#10831=DIRECTION('',(0.,0.,1.));
#10832=DIRECTION('',(0.,0.,-1.));
#10833=DIRECTION('',(0.,-1.,0.));
#10834=DIRECTION('',(-1.04744440165294E-14,0.,1.));
#10835=DIRECTION('',(1.,0.,1.04744440165294E-14));
#10836=DIRECTION('',(1.04744440165294E-14,0.,-1.));
#10837=DIRECTION('',(-1.04744440165294E-14,0.,1.));
#10838=DIRECTION('',(1.,0.,1.04744440165294E-14));
#10839=DIRECTION('',(-1.04744440165294E-14,0.,1.));
#10840=DIRECTION('',(-1.04744440165294E-14,0.,1.));
#10841=DIRECTION('',(0.,-1.,0.));
#10842=DIRECTION('',(0.,1.,0.));
#10843=DIRECTION('',(0.,0.,1.));
#10844=DIRECTION('',(0.,1.,0.));
#10845=DIRECTION('',(0.,0.,1.));
#10846=DIRECTION('',(-1.,0.,0.));
#10847=DIRECTION('',(0.,1.,0.));
#10848=DIRECTION('',(0.,0.,1.));
#10849=DIRECTION('',(0.,0.,-1.));
#10850=DIRECTION('',(0.,1.,0.));
#10851=DIRECTION('',(0.,0.,1.));
#10852=DIRECTION('',(0.,1.,0.));
#10853=DIRECTION('',(0.,0.,1.));
#10854=DIRECTION('',(0.,0.,1.));
#10855=DIRECTION('',(0.,1.,0.));
#10856=DIRECTION('',(0.,0.,1.));
#10857=DIRECTION('',(-1.,0.,0.));
#10858=DIRECTION('',(0.,1.,0.));
#10859=DIRECTION('',(0.,0.,1.));
#10860=DIRECTION('',(0.,1.,0.));
#10861=DIRECTION('',(0.,0.,1.));
#10862=DIRECTION('',(1.,0.,0.));
#10863=DIRECTION('',(0.,1.,0.));
#10864=DIRECTION('',(0.,0.,1.));
#10865=DIRECTION('',(0.,0.,1.));
#10866=DIRECTION('',(0.,1.,0.));
#10867=DIRECTION('',(0.,0.,1.));
#10868=DIRECTION('',(0.,1.,0.));
#10869=DIRECTION('',(0.,0.,1.));
#10870=DIRECTION('',(0.,1.,0.));
#10871=DIRECTION('',(0.,0.,1.));
#10872=DIRECTION('',(-1.,0.,4.62592926927148E-16));
#10873=DIRECTION('',(0.,1.,0.));
#10874=DIRECTION('',(0.,0.,1.));
#10875=DIRECTION('',(-1.68905859605265E-15,0.,-1.));
#10876=DIRECTION('',(0.,1.,0.));
#10877=DIRECTION('',(0.,0.,1.));
#10878=DIRECTION('',(0.,1.,0.));
#10879=DIRECTION('',(0.,0.,1.));
#10880=DIRECTION('',(0.,1.,0.));
#10881=DIRECTION('',(0.,0.,1.));
#10882=DIRECTION('',(1.,0.,-1.87673177339182E-16));
#10883=DIRECTION('',(0.,1.,0.));
#10884=DIRECTION('',(0.,0.,1.));
#10885=DIRECTION('',(2.31296463463574E-16,0.,1.));
#10886=DIRECTION('',(0.,1.,0.));
#10887=DIRECTION('',(0.,0.,1.));
#10888=DIRECTION('',(0.,1.,0.));
#10889=DIRECTION('',(0.,0.,1.));
#10890=DIRECTION('',(0.,1.,0.));
#10891=DIRECTION('',(0.,0.,1.));
#10892=DIRECTION('',(2.31296463463574E-16,0.,-1.));
#10893=DIRECTION('',(0.,1.,0.));
#10894=DIRECTION('',(0.,0.,1.));
#10895=DIRECTION('',(1.,0.,1.87673177339182E-16));
#10896=DIRECTION('',(0.,1.,0.));
#10897=DIRECTION('',(0.,0.,1.));
#10898=DIRECTION('',(0.,1.,0.));
#10899=DIRECTION('',(0.,0.,1.));
#10900=DIRECTION('',(0.,1.,0.));
#10901=DIRECTION('',(0.,0.,1.));
#10902=DIRECTION('',(-1.68905859605265E-15,0.,1.));
#10903=DIRECTION('',(0.,1.,0.));
#10904=DIRECTION('',(0.,0.,1.));
#10905=DIRECTION('',(-1.,0.,-4.62592926927148E-16));
#10906=DIRECTION('',(0.,1.,0.));
#10907=DIRECTION('',(0.,0.,1.));
#10908=DIRECTION('',(0.,1.,0.));
#10909=DIRECTION('',(0.,0.,1.));
#10910=DIRECTION('',(0.,1.,0.));
#10911=DIRECTION('',(0.,0.,1.));
#10912=DIRECTION('',(1.,0.,0.));
#10913=DIRECTION('',(0.,1.,0.));
#10914=DIRECTION('',(0.,0.,1.));
#10915=DIRECTION('',(5.63019532017548E-16,0.,1.));
#10916=DIRECTION('',(0.,1.,0.));
#10917=DIRECTION('',(0.,0.,1.));
#10918=DIRECTION('',(0.,1.,0.));
#10919=DIRECTION('',(0.,0.,1.));
#10920=DIRECTION('',(0.,1.,0.));
#10921=DIRECTION('',(0.,0.,1.));
#10922=DIRECTION('',(-1.,0.,-9.38365886695914E-16));
#10923=DIRECTION('',(0.,1.,0.));
#10924=DIRECTION('',(0.,0.,1.));
#10925=DIRECTION('',(0.,0.,-1.));
#10926=DIRECTION('',(0.,1.,0.));
#10927=DIRECTION('',(0.,0.,1.));
#10928=DIRECTION('',(0.,1.,0.));
#10929=DIRECTION('',(0.,0.,1.));
#10930=DIRECTION('',(0.,1.,0.));
#10931=DIRECTION('',(0.,0.,1.));
#10932=DIRECTION('',(0.,0.,1.));
#10933=DIRECTION('',(0.,1.,0.));
#10934=DIRECTION('',(0.,0.,1.));
#10935=DIRECTION('',(-1.,0.,9.38365886695914E-16));
#10936=DIRECTION('',(0.,1.,0.));
#10937=DIRECTION('',(0.,0.,1.));
#10938=DIRECTION('',(0.,1.,0.));
#10939=DIRECTION('',(0.,0.,1.));
#10940=DIRECTION('',(0.,1.,0.));
#10941=DIRECTION('',(0.,0.,1.));
#10942=DIRECTION('',(5.63019532017548E-16,0.,-1.));
#10943=DIRECTION('',(0.,1.,0.));
#10944=DIRECTION('',(0.,0.,1.));
#10945=DIRECTION('',(1.,0.,0.));
#10946=DIRECTION('',(0.,1.,0.));
#10947=DIRECTION('',(0.,0.,1.));
#10948=DIRECTION('',(0.,1.,0.));
#10949=DIRECTION('',(0.,0.,1.));
#10950=DIRECTION('',(0.,1.,0.));
#10951=DIRECTION('',(0.,0.,1.));
#10952=DIRECTION('',(0.,1.,0.));
#10953=DIRECTION('',(0.,0.,1.));
#10954=DIRECTION('',(0.,0.,1.));
#10955=DIRECTION('',(0.,1.,0.));
#10956=DIRECTION('',(0.,0.,1.));
#10957=DIRECTION('',(1.,0.,0.));
#10958=DIRECTION('',(0.,1.,0.));
#10959=DIRECTION('',(0.,0.,1.));
#10960=DIRECTION('',(0.,1.,0.));
#10961=DIRECTION('',(0.,0.,1.));
#10962=DIRECTION('',(-1.,0.,0.));
#10963=DIRECTION('',(0.,1.,0.));
#10964=DIRECTION('',(0.,0.,1.));
#10965=DIRECTION('',(0.,0.,1.));
#10966=DIRECTION('',(0.,1.,0.));
#10967=DIRECTION('',(0.,0.,1.));
#10968=DIRECTION('',(0.,1.,0.));
#10969=DIRECTION('',(0.,0.,1.));
#10970=DIRECTION('',(0.,0.,-1.));
#10971=DIRECTION('',(0.,1.,0.));
#10972=DIRECTION('',(0.,0.,1.));
#10973=DIRECTION('',(-1.,0.,0.));
#10974=DIRECTION('',(0.,1.,0.));
#10975=DIRECTION('',(0.,0.,1.));
#10976=DIRECTION('',(1.,0.,-4.62592926927148E-16));
#10977=DIRECTION('',(0.,1.,0.));
#10978=DIRECTION('',(0.,0.,1.));
#10979=DIRECTION('',(0.,1.,0.));
#10980=DIRECTION('',(0.,0.,-1.));
#10981=DIRECTION('',(0.,1.,0.));
#10982=DIRECTION('',(0.,0.,1.));
#10983=DIRECTION('',(-2.31296463463574E-16,0.,-1.));
#10984=DIRECTION('',(0.,1.,0.));
#10985=DIRECTION('',(0.,0.,1.));
#10986=DIRECTION('',(-1.,0.,1.87673177339182E-16));
#10987=DIRECTION('',(0.,1.,0.));
#10988=DIRECTION('',(0.,0.,1.));
#10989=DIRECTION('',(0.,1.,0.));
#10990=DIRECTION('',(0.,0.,-1.));
#10991=DIRECTION('',(0.,1.,0.));
#10992=DIRECTION('',(0.,0.,1.));
#10993=DIRECTION('',(1.68905859605265E-15,0.,1.));
#10994=DIRECTION('',(0.,1.,0.));
#10995=DIRECTION('',(0.,0.,1.));
#10996=DIRECTION('',(-2.31296463463574E-16,0.,1.));
#10997=DIRECTION('',(0.,1.,0.));
#10998=DIRECTION('',(0.,0.,1.));
#10999=DIRECTION('',(0.,1.,0.));
#11000=DIRECTION('',(0.,0.,1.));
#11001=DIRECTION('',(0.,1.,0.));
#11002=DIRECTION('',(0.,0.,1.));
#11003=DIRECTION('',(1.,0.,4.62592926927148E-16));
#11004=DIRECTION('',(0.,1.,0.));
#11005=DIRECTION('',(0.,0.,1.));
#11006=DIRECTION('',(1.68905859605265E-15,0.,-1.));
#11007=DIRECTION('',(0.,1.,0.));
#11008=DIRECTION('',(0.,0.,1.));
#11009=DIRECTION('',(0.,1.,0.));
#11010=DIRECTION('',(0.,0.,1.));
#11011=DIRECTION('',(0.,1.,0.));
#11012=DIRECTION('',(0.,0.,1.));
#11013=DIRECTION('',(-1.,0.,-1.87673177339182E-16));
#11014=DIRECTION('',(0.,1.,0.));
#11015=DIRECTION('',(0.,0.,1.));
#11016=DIRECTION('',(-1.,0.,0.));
#11017=DIRECTION('',(0.,1.,0.));
#11018=DIRECTION('',(0.,0.,1.));
#11019=DIRECTION('',(0.,1.,0.));
#11020=DIRECTION('',(0.,0.,-1.));
#11021=DIRECTION('',(0.,1.,0.));
#11022=DIRECTION('',(0.,0.,1.));
#11023=DIRECTION('',(0.,0.,1.));
#11024=DIRECTION('',(0.,1.,0.));
#11025=DIRECTION('',(0.,0.,1.));
#11026=DIRECTION('',(1.,0.,9.38365886695914E-16));
#11027=DIRECTION('',(0.,1.,0.));
#11028=DIRECTION('',(0.,0.,1.));
#11029=DIRECTION('',(0.,1.,0.));
#11030=DIRECTION('',(0.,0.,-1.));
#11031=DIRECTION('',(0.,1.,0.));
#11032=DIRECTION('',(0.,0.,1.));
#11033=DIRECTION('',(-5.63019532017548E-16,0.,-1.));
#11034=DIRECTION('',(0.,1.,0.));
#11035=DIRECTION('',(0.,0.,1.));
#11036=DIRECTION('',(0.,0.,-1.));
#11037=DIRECTION('',(0.,1.,0.));
#11038=DIRECTION('',(0.,0.,1.));
#11039=DIRECTION('',(0.,1.,0.));
#11040=DIRECTION('',(0.,0.,1.));
#11041=DIRECTION('',(0.,1.,0.));
#11042=DIRECTION('',(0.,0.,1.));
#11043=DIRECTION('',(-1.,0.,0.));
#11044=DIRECTION('',(0.,1.,0.));
#11045=DIRECTION('',(0.,0.,1.));
#11046=DIRECTION('',(-5.63019532017548E-16,0.,1.));
#11047=DIRECTION('',(0.,1.,0.));
#11048=DIRECTION('',(0.,0.,1.));
#11049=DIRECTION('',(0.,1.,0.));
#11050=DIRECTION('',(0.,0.,1.));
#11051=DIRECTION('',(0.,1.,0.));
#11052=DIRECTION('',(0.,0.,1.));
#11053=DIRECTION('',(1.,0.,-9.38365886695914E-16));
#11054=DIRECTION('',(0.,1.,0.));
#11055=DIRECTION('',(0.,0.,1.));
#11056=DIRECTION('',(0.,-1.,0.));
#11057=DIRECTION('',(0.,0.,-1.));
#11058=DIRECTION('',(0.,-1.,0.));
#11059=DIRECTION('',(0.,0.,-1.));
#11060=DIRECTION('',(0.,-1.,0.));
#11061=DIRECTION('',(0.,0.,-1.));
#11062=DIRECTION('',(0.,-1.,0.));
#11063=DIRECTION('',(0.,-1.,0.));
#11064=DIRECTION('',(0.,0.,1.));
#11065=DIRECTION('',(1.,0.,0.));
#11066=DIRECTION('',(0.,-1.,0.));
#11067=DIRECTION('',(0.,1.,0.));
#11068=DIRECTION('',(1.,0.,5.63019532017548E-16));
#11069=DIRECTION('',(5.63019532017548E-16,0.,-1.));
#11070=DIRECTION('',(0.,-1.,0.));
#11071=DIRECTION('',(0.,1.,0.));
#11072=DIRECTION('',(0.,-1.,0.));
#11073=DIRECTION('',(0.,0.,-1.));
#11074=DIRECTION('',(0.,-1.,0.));
#11075=DIRECTION('',(0.,-1.,0.));
#11076=DIRECTION('',(-9.38365886695914E-16,0.,-1.));
#11077=DIRECTION('',(-1.,0.,9.38365886695914E-16));
#11078=DIRECTION('',(0.,1.,0.));
#11079=DIRECTION('',(0.,-1.,0.));
#11080=DIRECTION('',(-1.,0.,0.));
#11081=DIRECTION('',(0.,0.,1.));
#11082=DIRECTION('',(0.,-1.,0.));
#11083=DIRECTION('',(0.,1.,0.));
#11084=DIRECTION('',(0.,-1.,0.));
#11085=DIRECTION('',(0.,0.,-1.));
#11086=DIRECTION('',(0.,-1.,0.));
#11087=DIRECTION('',(0.,-1.,0.));
#11088=DIRECTION('',(1.,0.,0.));
#11089=DIRECTION('',(0.,0.,-1.));
#11090=DIRECTION('',(0.,1.,0.));
#11091=DIRECTION('',(0.,-1.,0.));
#11092=DIRECTION('',(9.38365886695914E-16,0.,-1.));
#11093=DIRECTION('',(-1.,0.,-9.38365886695914E-16));
#11094=DIRECTION('',(0.,-1.,0.));
#11095=DIRECTION('',(0.,1.,0.));
#11096=DIRECTION('',(0.,-1.,0.));
#11097=DIRECTION('',(0.,0.,-1.));
#11098=DIRECTION('',(0.,-1.,0.));
#11099=DIRECTION('',(0.,-1.,0.));
#11100=DIRECTION('',(-1.,0.,5.63019532017548E-16));
#11101=DIRECTION('',(5.63019532017548E-16,0.,1.));
#11102=DIRECTION('',(0.,1.,0.));
#11103=DIRECTION('',(0.,-1.,0.));
#11104=DIRECTION('',(0.,0.,1.));
#11105=DIRECTION('',(1.,0.,0.));
#11106=DIRECTION('',(0.,-1.,0.));
#11107=DIRECTION('',(0.,1.,0.));
#11108=DIRECTION('',(0.,-1.,0.));
#11109=DIRECTION('',(0.,0.,-1.));
#11110=DIRECTION('',(0.,-1.,0.));
#11111=DIRECTION('',(0.,-1.,0.));
#11112=DIRECTION('',(4.62592926927148E-16,0.,-1.));
#11113=DIRECTION('',(-1.,0.,-4.62592926927148E-16));
#11114=DIRECTION('',(0.,1.,0.));
#11115=DIRECTION('',(0.,-1.,0.));
#11116=DIRECTION('',(-1.,0.,-1.68905859605265E-15));
#11117=DIRECTION('',(-1.68905859605265E-15,0.,1.));
#11118=DIRECTION('',(0.,-1.,0.));
#11119=DIRECTION('',(0.,1.,0.));
#11120=DIRECTION('',(0.,-1.,0.));
#11121=DIRECTION('',(0.,0.,-1.));
#11122=DIRECTION('',(0.,-1.,0.));
#11123=DIRECTION('',(0.,-1.,0.));
#11124=DIRECTION('',(-1.87673177339182E-16,0.,1.));
#11125=DIRECTION('',(1.,0.,1.87673177339182E-16));
#11126=DIRECTION('',(0.,1.,0.));
#11127=DIRECTION('',(0.,-1.,0.));
#11128=DIRECTION('',(1.,0.,2.31296463463574E-16));
#11129=DIRECTION('',(2.31296463463574E-16,0.,-1.));
#11130=DIRECTION('',(0.,-1.,0.));
#11131=DIRECTION('',(0.,1.,0.));
#11132=DIRECTION('',(0.,-1.,0.));
#11133=DIRECTION('',(0.,0.,-1.));
#11134=DIRECTION('',(0.,-1.,0.));
#11135=DIRECTION('',(0.,-1.,0.));
#11136=DIRECTION('',(-1.,0.,2.31296463463574E-16));
#11137=DIRECTION('',(2.31296463463574E-16,0.,1.));
#11138=DIRECTION('',(0.,1.,0.));
#11139=DIRECTION('',(0.,-1.,0.));
#11140=DIRECTION('',(1.87673177339182E-16,0.,1.));
#11141=DIRECTION('',(1.,0.,-1.87673177339182E-16));
#11142=DIRECTION('',(0.,-1.,0.));
#11143=DIRECTION('',(0.,1.,0.));
#11144=DIRECTION('',(0.,-1.,0.));
#11145=DIRECTION('',(0.,0.,-1.));
#11146=DIRECTION('',(0.,-1.,0.));
#11147=DIRECTION('',(0.,-1.,0.));
#11148=DIRECTION('',(1.,0.,-1.68905859605265E-15));
#11149=DIRECTION('',(-1.68905859605265E-15,0.,-1.));
#11150=DIRECTION('',(0.,1.,0.));
#11151=DIRECTION('',(0.,-1.,0.));
#11152=DIRECTION('',(-4.62592926927148E-16,0.,-1.));
#11153=DIRECTION('',(-1.,0.,4.62592926927148E-16));
#11154=DIRECTION('',(0.,-1.,0.));
#11155=DIRECTION('',(0.,1.,0.));
#11156=DIRECTION('',(0.,1.,0.));
#11157=DIRECTION('',(0.,0.,1.));
#11158=DIRECTION('',(0.,-1.,0.));
#11159=DIRECTION('',(0.,0.,-1.));
#11160=DIRECTION('',(0.,-1.,0.));
#11161=DIRECTION('',(0.,0.,-1.));
#11162=DIRECTION('',(0.,1.,0.));
#11163=DIRECTION('',(0.,0.,1.));
#11164=DIRECTION('',(0.,-1.,0.));
#11165=DIRECTION('',(0.,0.,-1.));
#11166=DIRECTION('',(0.,-1.,0.));
#11167=DIRECTION('',(0.,0.,-1.));
#11168=DIRECTION('',(0.,1.,0.));
#11169=DIRECTION('',(0.,0.,1.));
#11170=DIRECTION('',(0.,-1.,0.));
#11171=DIRECTION('',(0.,0.,-1.));
#11172=DIRECTION('',(0.,-1.,0.));
#11173=DIRECTION('',(0.,0.,-1.));
#11174=DIRECTION('',(0.,1.,0.));
#11175=DIRECTION('',(0.,0.,1.));
#11176=DIRECTION('',(0.,-1.,0.));
#11177=DIRECTION('',(0.,0.,-1.));
#11178=DIRECTION('',(0.,-1.,0.));
#11179=DIRECTION('',(0.,0.,-1.));
#11180=DIRECTION('',(0.,1.,0.));
#11181=DIRECTION('',(0.,0.,1.));
#11182=DIRECTION('',(0.,-1.,0.));
#11183=DIRECTION('',(0.,0.,-1.));
#11184=DIRECTION('',(0.,-1.,0.));
#11185=DIRECTION('',(0.,0.,-1.));
#11186=DIRECTION('',(0.,1.,0.));
#11187=DIRECTION('',(0.,0.,1.));
#11188=DIRECTION('',(0.,-1.,0.));
#11189=DIRECTION('',(0.,0.,-1.));
#11190=DIRECTION('',(0.,-1.,0.));
#11191=DIRECTION('',(0.,0.,-1.));
#11192=DIRECTION('',(0.,1.,0.));
#11193=DIRECTION('',(0.,0.,1.));
#11194=DIRECTION('',(0.,-1.,0.));
#11195=DIRECTION('',(0.,0.,-1.));
#11196=DIRECTION('',(0.,-1.,0.));
#11197=DIRECTION('',(0.,0.,-1.));
#11198=DIRECTION('',(0.,1.,0.));
#11199=DIRECTION('',(0.,0.,1.));
#11200=DIRECTION('',(0.,-1.,0.));
#11201=DIRECTION('',(0.,0.,-1.));
#11202=DIRECTION('',(0.,-1.,0.));
#11203=DIRECTION('',(0.,0.,-1.));
#11204=DIRECTION('',(0.,-1.,0.));
#11205=DIRECTION('',(0.,0.,-1.));
#11206=DIRECTION('',(0.,-0.707106781186548,-0.707106781186548));
#11207=DIRECTION('',(0.,-0.707106781186548,0.707106781186548));
#11208=DIRECTION('',(-0.707106781186548,-0.707106781186548,0.));
#11209=DIRECTION('',(0.707106781186548,-0.707106781186548,0.));
#11210=DIRECTION('',(0.,-1.,0.));
#11211=DIRECTION('',(0.,0.,-1.));
#11212=DIRECTION('',(1.,0.,0.));
#11213=DIRECTION('',(0.,-1.,0.));
#11214=DIRECTION('',(0.,-1.,0.));
#11215=DIRECTION('',(-1.,0.,0.));
#11216=DIRECTION('',(1.,0.,0.));
#11217=DIRECTION('',(0.,0.,1.));
#11218=DIRECTION('',(0.,-1.,0.));
#11219=DIRECTION('',(0.,0.,-1.));
#11220=DIRECTION('',(0.,-1.,0.));
#11221=DIRECTION('',(0.,0.,-1.));
#11222=DIRECTION('',(0.,-0.707106781186548,0.707106781186548));
#11223=DIRECTION('',(0.,-0.707106781186548,-0.707106781186548));
#11224=DIRECTION('',(0.707106781186548,-0.707106781186548,0.));
#11225=DIRECTION('',(-0.707106781186548,-0.707106781186548,0.));
#11226=DIRECTION('',(0.,-1.,0.));
#11227=DIRECTION('',(0.,0.,-1.));
#11228=DIRECTION('',(-0.707106781186548,-0.707106781186548,0.));
#11229=DIRECTION('',(0.707106781186548,-0.707106781186548,0.));
#11230=DIRECTION('',(0.,-0.707106781186548,0.707106781186548));
#11231=DIRECTION('',(0.,-0.707106781186548,-0.707106781186548));
#11232=DIRECTION('',(0.,-1.,0.));
#11233=DIRECTION('',(0.,0.,-1.));
#11234=DIRECTION('',(0.707106781186548,0.707106781186548,0.));
#11235=DIRECTION('',(0.707106781186548,-0.707106781186548,0.));
#11236=DIRECTION('',(0.,0.707106781186548,-0.707106781186548));
#11237=DIRECTION('',(0.,-0.707106781186548,-0.707106781186548));
#11238=DIRECTION('',(0.,-1.,0.));
#11239=DIRECTION('',(0.,0.,-1.));
#11240=DIRECTION('',(-1.,0.,0.));
#11241=DIRECTION('',(0.,-1.,0.));
#11242=DIRECTION('',(1.,0.,0.));
#11243=DIRECTION('',(-1.,0.,0.));
#11244=DIRECTION('',(0.,0.,1.));
#11245=DIRECTION('',(0.,-1.,0.));
#11246=DIRECTION('',(0.,-1.,0.));
#11247=DIRECTION('',(0.,0.,-1.));
#11248=DIRECTION('',(0.,-1.,0.));
#11249=DIRECTION('',(0.,0.,-1.));
#11250=DIRECTION('',(-0.707106781186548,0.707106781186548,0.));
#11251=DIRECTION('',(-0.707106781186548,-0.707106781186548,0.));
#11252=DIRECTION('',(0.,0.707106781186548,0.707106781186548));
#11253=DIRECTION('',(0.,-0.707106781186548,0.707106781186548));
#11254=DIRECTION('',(0.,-1.,0.));
#11255=DIRECTION('',(0.,0.,-1.));
#11256=DIRECTION('',(0.,0.707106781186548,-0.707106781186548));
#11257=DIRECTION('',(0.,-0.707106781186548,-0.707106781186548));
#11258=DIRECTION('',(-0.707106781186548,0.707106781186548,0.));
#11259=DIRECTION('',(-0.707106781186548,-0.707106781186548,0.));
#11260=DIRECTION('',(0.,-1.,0.));
#11261=DIRECTION('',(0.,0.,1.));
#11262=DIRECTION('',(0.,-0.707106781186548,0.707106781186548));
#11263=DIRECTION('',(0.,-0.707106781186548,-0.707106781186548));
#11264=DIRECTION('',(0.707106781186548,-0.707106781186548,0.));
#11265=DIRECTION('',(-0.707106781186548,-0.707106781186548,0.));
#11266=DIRECTION('',(0.,-1.,0.));
#11267=DIRECTION('',(0.,0.,1.));
#11268=DIRECTION('',(-1.,0.,0.));
#11269=DIRECTION('',(0.,-1.,0.));
#11270=DIRECTION('',(0.,-1.,0.));
#11271=DIRECTION('',(1.,0.,0.));
#11272=DIRECTION('',(-1.,0.,0.));
#11273=DIRECTION('',(0.,0.,-1.));
#11274=DIRECTION('',(0.,-1.,0.));
#11275=DIRECTION('',(0.,0.,1.));
#11276=DIRECTION('',(0.,-1.,0.));
#11277=DIRECTION('',(0.,0.,1.));
#11278=DIRECTION('',(0.,-0.707106781186548,-0.707106781186548));
#11279=DIRECTION('',(0.,-0.707106781186548,0.707106781186548));
#11280=DIRECTION('',(-0.707106781186548,-0.707106781186548,0.));
#11281=DIRECTION('',(0.707106781186548,-0.707106781186548,0.));
#11282=DIRECTION('',(0.,-1.,0.));
#11283=DIRECTION('',(0.,0.,1.));
#11284=DIRECTION('',(0.707106781186548,-0.707106781186548,0.));
#11285=DIRECTION('',(-0.707106781186548,-0.707106781186548,0.));
#11286=DIRECTION('',(0.,-0.707106781186548,-0.707106781186548));
#11287=DIRECTION('',(0.,-0.707106781186548,0.707106781186548));
#11288=DIRECTION('',(0.,1.,0.));
#11289=DIRECTION('',(-1.,0.,-3.49148133884314E-15));
#11290=DIRECTION('',(0.,1.,0.));
#11291=DIRECTION('',(0.,0.,1.));
#11292=DIRECTION('',(-1.,0.,0.));
#11293=DIRECTION('',(1.,0.,3.49148133884314E-15));
#11294=DIRECTION('',(0.,-1.,0.));
#11295=DIRECTION('',(1.,0.,3.49148133884314E-15));
#11296=DIRECTION('',(1.,0.,0.));
#11297=DIRECTION('',(0.,-1.,0.));
#11298=DIRECTION('',(0.,0.,-1.));
#11299=DIRECTION('',(1.,0.,3.49148133884314E-15));
#11300=DIRECTION('',(1.,0.,3.49148133884314E-15));
#11301=DIRECTION('',(3.49148133884314E-15,0.,-1.));
#11302=DIRECTION('',(1.,0.,3.49148133884314E-15));
#11303=DIRECTION('',(1.,0.,3.49148133884314E-15));
#11304=DIRECTION('',(3.49148133884314E-15,0.,-1.));
#11305=DIRECTION('',(1.,0.,3.49148133884314E-15));
#11306=DIRECTION('',(0.,-1.,0.));
#11307=DIRECTION('',(1.,0.,3.49148133884314E-15));
#11308=DIRECTION('',(1.,0.,3.49148133884314E-15));
#11309=DIRECTION('',(1.,0.,3.49148133884314E-15));
#11310=DIRECTION('',(3.49148133884314E-15,0.,-1.));
#11311=DIRECTION('',(1.,0.,3.49148133884314E-15));
#11312=DIRECTION('',(3.49148133884314E-15,0.,-1.));
#11313=DIRECTION('',(1.,0.,3.49148133884314E-15));
#11314=DIRECTION('',(0.,1.,0.));
#11315=DIRECTION('',(-1.,0.,-3.49148133884314E-15));
#11316=DIRECTION('',(0.,-1.,0.));
#11317=DIRECTION('',(0.,0.,-1.));
#11318=DIRECTION('',(0.,-1.,0.));
#11319=DIRECTION('',(0.,-1.,0.));
#11320=DIRECTION('',(0.,0.,1.));
#11321=DIRECTION('',(0.,-1.,0.));
#11322=DIRECTION('',(0.,0.,-1.));
#11323=DIRECTION('',(0.,-1.,0.));
#11324=DIRECTION('',(0.,-1.,0.));
#11325=DIRECTION('',(0.,0.,-1.));
#11326=DIRECTION('',(8.16340459283203E-16,-1.,0.));
#11327=DIRECTION('',(-1.,-8.16340459283203E-16,0.));
#11328=DIRECTION('',(-8.16340459283203E-16,1.,0.));
#11329=DIRECTION('',(-1.,-8.16340459283203E-16,0.));
#11330=DIRECTION('',(-0.707106781186548,-5.77239874516094E-16,0.707106781186548));
#11331=DIRECTION('',(0.,0.,1.));
#11332=DIRECTION('',(1.,8.16340459283203E-16,0.));
#11333=DIRECTION('',(0.,0.,1.));
#11334=DIRECTION('',(1.,0.,0.));
#11335=DIRECTION('',(0.,0.,1.));
#11336=DIRECTION('',(1.,8.16340459283203E-16,0.));
#11337=DIRECTION('',(0.,0.,-1.));
#11338=DIRECTION('',(-8.16340459283203E-16,1.,0.));
#11339=DIRECTION('',(-1.,-8.16340459283203E-16,0.));
#11340=DIRECTION('',(-1.,-8.16340459283203E-16,0.));
#11341=DIRECTION('',(0.,0.,1.));
#11342=DIRECTION('',(-1.,-8.16340459283203E-16,4.63502542989784E-15));
#11343=DIRECTION('',(-8.16340459283203E-16,1.,0.));
#11344=DIRECTION('',(-1.,-8.16340459283203E-16,0.));
#11345=DIRECTION('',(4.63502542989784E-15,3.78375878823212E-30,-1.));
#11346=DIRECTION('',(-8.16340459283203E-16,1.,0.));
#11347=DIRECTION('',(-1.,-8.16340459283203E-16,0.));
#11348=DIRECTION('',(0.707106781186548,5.77239874516094E-16,-0.707106781186548));
#11349=DIRECTION('',(-8.16340459283203E-16,1.,0.));
#11350=DIRECTION('',(-1.,-8.16340459283203E-16,0.));
#11351=DIRECTION('',(-0.707106781186548,-5.77239874516094E-16,-0.707106781186548));
#11352=DIRECTION('',(-8.16340459283203E-16,1.,0.));
#11353=DIRECTION('',(-1.,-8.16340459283203E-16,0.));
#11354=DIRECTION('',(-0.707106781186548,-5.77239874516094E-16,0.707106781186548));
#11355=DIRECTION('',(-8.16340459283203E-16,1.,0.));
#11356=DIRECTION('',(-1.,-8.16340459283203E-16,0.));
#11357=DIRECTION('',(-8.16340459283203E-16,1.,0.));
#11358=DIRECTION('',(-1.,-8.16340459283203E-16,0.));
#11359=DIRECTION('',(1.,8.16340459283203E-16,0.));
#11360=DIRECTION('',(0.,0.,1.));
#11361=DIRECTION('',(1.,8.16340459283203E-16,0.));
#11362=DIRECTION('',(-0.707106781186548,-5.77239874516094E-16,0.707106781186548));
#11363=DIRECTION('',(0.,1.,0.));
#11364=DIRECTION('',(0.,0.,1.));
#11365=DIRECTION('',(0.,0.,1.));
#11366=DIRECTION('',(-1.,0.,0.));
#11367=DIRECTION('',(0.,0.,-1.));
#11368=DIRECTION('',(1.,0.,0.));
#11369=DIRECTION('',(0.,0.,-1.));
#11370=DIRECTION('',(-1.,0.,0.));
#11371=DIRECTION('',(0.,0.,1.));
#11372=DIRECTION('',(1.,0.,0.));
#11373=DIRECTION('',(0.,-1.,0.));
#11374=DIRECTION('',(0.,0.,-1.));
#11375=DIRECTION('',(0.707106781186548,0.,0.707106781186548));
#11376=DIRECTION('',(0.,0.,1.));
#11377=DIRECTION('',(1.,0.,0.));
#11378=DIRECTION('',(0.,1.,0.));
#11379=DIRECTION('',(0.,0.,-1.));
#11380=DIRECTION('',(0.,-1.,0.));
#11381=DIRECTION('',(0.,0.,-1.));
#11382=DIRECTION('',(-5.55765921160943E-16,1.,5.55765921160943E-16));
#11383=DIRECTION('',(0.,5.55765921160943E-16,-1.));
#11384=DIRECTION('',(-8.16340459283203E-16,1.,0.));
#11385=DIRECTION('',(-1.,-8.16340459283203E-16,0.));
#11386=DIRECTION('',(-1.,-8.16340459283203E-16,-4.63502542989784E-15));
#11387=DIRECTION('',(4.63502542989784E-15,0.,-1.));
#11388=DIRECTION('',(-8.16340459283203E-16,1.,0.));
#11389=DIRECTION('',(4.63502542989784E-15,5.55765921160945E-16,-1.));
#11390=DIRECTION('',(-8.16340459283203E-16,1.,4.93038065763132E-32));
#11391=DIRECTION('',(4.63502542989784E-15,3.78375878823212E-30,-1.));
#11392=DIRECTION('',(-8.16340459283203E-16,1.,0.));
#11393=DIRECTION('',(1.,8.16340459283203E-16,0.));
#11394=DIRECTION('',(-8.16340459283203E-16,1.,0.));
#11395=DIRECTION('',(-5.55765921160943E-16,1.,5.55765921160943E-16));
#11396=DIRECTION('',(0.,5.55765921160943E-16,-1.));
#11397=DIRECTION('',(-8.16340459283203E-16,1.,0.));
#11398=DIRECTION('',(-1.,-8.16340459283203E-16,0.));
#11399=DIRECTION('',(4.63502542989784E-15,3.78375878823212E-30,1.));
#11400=DIRECTION('',(-1.,0.,4.63502542989784E-15));
#11401=DIRECTION('',(-8.16340459283203E-16,1.,0.));
#11402=DIRECTION('',(-4.63502542989784E-15,-3.78375878823212E-30,-1.));
#11403=DIRECTION('',(-1.,-1.11153184232188E-15,4.63502542989784E-15));
#11404=DIRECTION('',(-1.,-5.55765921160945E-16,4.63502542989784E-15));
#11405=DIRECTION('',(-1.,-8.16340459283203E-16,4.63502542989784E-15));
#11406=DIRECTION('',(0.,0.,-1.));
#11407=DIRECTION('',(1.,0.,0.));
#11408=DIRECTION('',(0.,-1.,0.));
#11409=DIRECTION('',(1.,8.16340459283204E-16,0.));
#11410=DIRECTION('',(0.,-1.,0.));
#11411=DIRECTION('',(1.,0.,0.));
#11412=DIRECTION('',(0.,-1.,0.));
#11413=DIRECTION('',(1.,0.,0.));
#11414=DIRECTION('',(0.,0.,1.));
#11415=DIRECTION('',(0.,-1.,0.));
#11416=DIRECTION('',(0.,0.,1.));
#11417=DIRECTION('',(0.,1.,0.));
#11418=DIRECTION('',(0.,0.,1.));
#11419=DIRECTION('',(0.,-1.,0.));
#11420=DIRECTION('',(0.,0.,1.));
#11421=DIRECTION('',(0.,-1.,0.));
#11422=DIRECTION('',(0.,0.,-1.));
#11423=DIRECTION('',(0.,-1.,0.));
#11424=DIRECTION('',(0.,0.,-1.));
#11425=DIRECTION('',(0.707106781186548,-0.707106781186548,0.));
#11426=DIRECTION('',(-0.707106781186548,-0.707106781186548,0.));
#11427=DIRECTION('',(0.,-0.707106781186548,-0.707106781186548));
#11428=DIRECTION('',(0.,-0.707106781186548,0.707106781186548));
#11429=DIRECTION('',(-8.16340459283203E-16,1.,0.));
#11430=DIRECTION('',(-1.,-8.16340459283203E-16,0.));
#11431=DIRECTION('',(0.,0.707106781186548,0.707106781186548));
#11432=DIRECTION('',(1.,0.,0.));
#11433=DIRECTION('',(-0.577350269189626,-0.577350269189626,0.577350269189626));
#11434=DIRECTION('',(0.577350269189626,-0.577350269189626,0.577350269189626));
#11435=DIRECTION('',(-0.707106781186548,0.707106781186548,0.));
#11436=DIRECTION('',(0.,0.,1.));
#11437=DIRECTION('',(0.577350269189626,0.577350269189626,0.577350269189626));
#11438=DIRECTION('',(0.707106781186548,0.707106781186548,0.));
#11439=DIRECTION('',(0.,0.,-1.));
#11440=DIRECTION('',(0.577350269189626,-0.577350269189626,-0.577350269189626));
#11441=DIRECTION('',(0.,0.707106781186548,-0.707106781186548));
#11442=DIRECTION('',(-1.,0.,0.));
#11443=DIRECTION('',(-1.,0.,0.));
#11444=DIRECTION('',(0.,0.,-1.));
#11445=DIRECTION('',(0.,-1.,0.));
#11446=DIRECTION('',(0.,0.,1.));
#11447=DIRECTION('',(0.,0.,1.));
#11448=DIRECTION('',(1.,0.,0.));
#11449=DIRECTION('',(0.,0.,-1.));
#11450=DIRECTION('',(0.,0.,1.));
#11451=DIRECTION('',(-1.,0.,0.));
#11452=DIRECTION('',(1.,0.,0.));
#11453=DIRECTION('',(1.,0.,0.));
#11454=DIRECTION('',(0.,0.,-1.));
#11455=DIRECTION('',(-1.,0.,0.));
#11456=DIRECTION('',(0.,-1.,0.));
#11457=DIRECTION('',(0.,0.,-1.));
#11458=DIRECTION('',(1.,0.,0.));
#11459=DIRECTION('',(0.,0.,1.));
#11460=DIRECTION('',(0.,1.,0.));
#11461=DIRECTION('',(0.,0.,-1.));
#11462=DIRECTION('',(-0.707106781186548,-5.77239874516094E-16,0.707106781186548));
#11463=DIRECTION('',(-0.707106781186548,0.,-0.707106781186548));
#11464=DIRECTION('',(-8.16340459283203E-16,1.,0.));
#11465=DIRECTION('',(-0.707106781186548,-5.77239874516094E-16,-0.707106781186548));
#11466=DIRECTION('',(-8.16340459283203E-16,1.,0.));
#11467=DIRECTION('',(-0.707106781186548,-5.77239874516094E-16,-0.707106781186548));
#11468=DIRECTION('',(-0.707106781186548,-5.77239874516094E-16,-0.707106781186548));
#11469=DIRECTION('',(0.707106781186548,0.,-0.707106781186548));
#11470=DIRECTION('',(-8.16340459283203E-16,1.,0.));
#11471=DIRECTION('',(-0.707106781186548,-7.85971703210581E-16,0.707106781186548));
#11472=DIRECTION('',(0.,1.,-8.16340459283203E-16));
#11473=DIRECTION('',(0.707106781186548,5.77239874516094E-16,-0.707106781186548));
#11474=DIRECTION('',(-8.16340459283203E-16,1.,0.));
#11475=DIRECTION('',(0.707106781186548,5.77239874516094E-16,-0.707106781186548));
#11476=DIRECTION('',(0.707106781186548,5.77239874516094E-16,0.707106781186548));
#11477=DIRECTION('',(-0.707106781186548,0.,0.707106781186548));
#11478=DIRECTION('',(-8.16340459283203E-16,1.,0.));
#11479=DIRECTION('',(-0.707106781186548,-5.77239874516094E-16,0.707106781186548));
#11480=DIRECTION('',(8.16340459283203E-16,-1.,0.));
#11481=DIRECTION('',(0.707106781186548,7.85971703210581E-16,-0.707106781186548));
#11482=DIRECTION('',(-8.16340459283203E-16,1.,0.));
#11483=DIRECTION('',(-0.707106781186548,-5.77239874516094E-16,0.707106781186548));
#11484=DIRECTION('',(8.16340459283203E-16,-1.,0.));
#11485=DIRECTION('',(-1.,-8.16340459283203E-16,0.));
#11486=DIRECTION('',(-0.707106781186548,-5.77239874516094E-16,0.707106781186548));
#11487=DIRECTION('',(-0.707106781186548,-5.77239874516094E-16,-0.707106781186548));
#11488=DIRECTION('',(0.707106781186548,5.77239874516094E-16,-0.707106781186548));
#11489=DIRECTION('',(0.,0.,-1.));
#11490=DIRECTION('',(-8.16340459283203E-16,1.,0.));
#11491=DIRECTION('',(-1.,-8.16340459283203E-16,0.));
#11492=DIRECTION('',(-1.,-8.16340459283203E-16,0.));
#11493=DIRECTION('',(5.55765921160943E-16,-1.,-5.55765921160943E-16));
#11494=DIRECTION('',(0.,5.55765921160943E-16,-1.));
#11495=DIRECTION('',(-5.55765921160943E-16,1.,5.55765921160943E-16));
#11496=DIRECTION('',(0.,5.55765921160943E-16,-1.));
#11497=DIRECTION('',(-1.,-5.55765921160945E-16,4.63502542989784E-15));
#11498=DIRECTION('',(0.707106781186548,7.85971703210581E-16,-0.707106781186548));
#11499=DIRECTION('',(-1.,-5.55765921160943E-16,0.));
#11500=DIRECTION('',(-5.55765921160943E-16,1.,5.55765921160943E-16));
#11501=DIRECTION('',(0.,5.55765921160943E-16,-1.));
#11502=DIRECTION('',(0.,5.55765921160943E-16,-1.));
#11503=DIRECTION('',(-0.707106781186548,-7.85971703210581E-16,0.707106781186548));
#11504=DIRECTION('',(4.63502542989784E-15,5.55765921160945E-16,-1.));
#11505=DIRECTION('',(-8.16340459283203E-16,1.,0.));
#11506=DIRECTION('',(1.,8.16340459283203E-16,0.));
#11507=DIRECTION('',(0.,-1.,0.));
#11508=DIRECTION('',(0.,0.,1.));
#11509=DIRECTION('',(-8.16340459283203E-16,1.,0.));
#11510=DIRECTION('',(-1.,-8.16340459283203E-16,0.));
#11511=DIRECTION('',(0.707106781186548,5.77239874516094E-16,-0.707106781186548));
#11512=DIRECTION('',(0.707106781186548,0.,0.707106781186548));
#11513=DIRECTION('',(-0.707106781186548,0.,0.707106781186548));
#11514=DIRECTION('',(0.707106781186548,0.,0.707106781186548));
#11515=DIRECTION('',(-0.948683298050512,2.5814951974829E-16,-0.316227766016843));
#11516=DIRECTION('',(0.316227766016843,0.,-0.948683298050512));
#11517=DIRECTION('',(-0.707106781186548,-5.77239874516094E-16,0.707106781186548));
#11518=DIRECTION('',(-0.707106781186548,0.,-0.707106781186548));
#11519=DIRECTION('',(-0.707106781186548,0.,0.707106781186548));
#11520=DIRECTION('',(0.707106781186548,0.,0.707106781186548));
#11521=DIRECTION('',(0.316227766016833,2.58149519748283E-16,0.948683298050515));
#11522=DIRECTION('',(-0.948683298050515,0.,0.316227766016834));
#11523=DIRECTION('',(-8.16340459283203E-16,1.,0.));
#11524=DIRECTION('',(1.,8.16340459283203E-16,0.));
#11525=DIRECTION('',(0.,-1.,0.));
#11526=DIRECTION('',(0.,0.,1.));
#11527=DIRECTION('',(-8.16340459283203E-16,1.,0.));
#11528=DIRECTION('',(-1.,-8.16340459283203E-16,0.));
#11529=DIRECTION('',(0.,0.,1.));
#11530=DIRECTION('',(-1.,0.,0.));
#11531=DIRECTION('',(0.707106781186548,0.,0.707106781186548));
#11532=DIRECTION('',(0.707106781186548,0.,-0.707106781186548));
#11533=DIRECTION('',(0.,0.,1.));
#11534=DIRECTION('',(-1.,0.,0.));
#11535=DIRECTION('',(-0.707106781186548,0.,-0.707106781186548));
#11536=DIRECTION('',(-0.707106781186548,0.,0.707106781186548));
#11537=DIRECTION('',(0.707106781186548,5.77239874516094E-16,0.707106781186548));
#11538=DIRECTION('',(-0.707106781186548,0.,0.707106781186548));
#11539=DIRECTION('',(8.16340459283203E-16,-1.,-4.93038065763135E-32));
#11540=DIRECTION('',(-1.,-8.16340459283203E-16,0.));
#11541=DIRECTION('',(-8.16340459283203E-16,1.,0.));
#11542=DIRECTION('',(-1.,-8.16340459283203E-16,0.));
#11543=DIRECTION('',(0.707106781186548,7.85971703210581E-16,-0.707106781186548));
#11544=DIRECTION('',(0.707106781186548,0.,0.707106781186548));
#11545=DIRECTION('',(-0.948683298050512,3.51497231354035E-16,-0.316227766016843));
#11546=DIRECTION('',(0.316227766016843,0.,-0.948683298050512));
#11547=DIRECTION('',(8.16340459283203E-16,-1.,-4.93038065763135E-32));
#11548=DIRECTION('',(-1.,-8.16340459283203E-16,0.));
#11549=DIRECTION('',(-8.16340459283203E-16,1.,0.));
#11550=DIRECTION('',(-1.,-8.16340459283203E-16,0.));
#11551=DIRECTION('',(-0.707106781186548,-7.85971703210581E-16,0.707106781186548));
#11552=DIRECTION('',(-0.707106781186548,0.,-0.707106781186548));
#11553=DIRECTION('',(0.316227766016833,3.51497231354025E-16,0.948683298050515));
#11554=DIRECTION('',(-0.948683298050515,0.,0.316227766016834));
#11555=DIRECTION('',(0.316227766016848,3.51497231354039E-16,0.948683298050511));
#11556=DIRECTION('',(-0.948683298050511,0.,0.316227766016848));
#11557=DIRECTION('',(0.714337645976726,0.663151232713886,-0.223499821231435));
#11558=DIRECTION('',(-0.680361681960873,0.732876511916825,0.));
#11559=DIRECTION('',(-1.,0.,0.));
#11560=DIRECTION('',(0.,0.,1.));
#11561=DIRECTION('',(-1.,-5.55765921160945E-16,4.63502542989784E-15));
#11562=DIRECTION('',(-4.63502542989784E-15,0.,-1.));
#11563=DIRECTION('',(-1.,0.,0.));
#11564=DIRECTION('',(0.,0.,1.));
#11565=DIRECTION('',(5.55765921160943E-16,-1.,-5.55765921160943E-16));
#11566=DIRECTION('',(0.,5.55765921160943E-16,-1.));
#11567=DIRECTION('',(0.,0.,-1.));
#11568=DIRECTION('',(-1.,0.,0.));
#11569=DIRECTION('',(4.63502542989784E-15,5.55765921160945E-16,-1.));
#11570=DIRECTION('',(1.,0.,4.63502542989784E-15));
#11571=DIRECTION('',(-0.0860652727896222,-0.330240948507481,0.939964725268202));
#11572=DIRECTION('',(0.,-0.943465453354936,-0.331470871006435));
#11573=DIRECTION('',(-0.500000000126395,0.707106780760722,0.500000000475813));
#11574=DIRECTION('',(0.,-0.577350269787697,0.816496580504826));
#11575=DIRECTION('',(0.,0.,-1.));
#11576=DIRECTION('',(1.,0.,0.));
#11577=DIRECTION('',(0.,0.,1.));
#11578=DIRECTION('',(1.,0.,0.));
#11579=DIRECTION('',(0.,0.,-1.));
#11580=DIRECTION('',(-1.,0.,0.));
#11581=DIRECTION('',(0.,-1.,0.));
#11582=DIRECTION('',(0.,0.,1.));
#11583=DIRECTION('',(8.16340459283203E-16,-1.,0.));
#11584=DIRECTION('',(-1.,-8.16340459283203E-16,0.));
#11585=DIRECTION('',(1.,0.,0.));
#11586=DIRECTION('',(0.,0.,-1.));
#11587=DIRECTION('',(0.,-1.,8.16340459283203E-16));
#11588=DIRECTION('',(0.,-8.16340459283203E-16,-1.));
#11589=DIRECTION('',(0.,-1.,0.));
#11590=DIRECTION('',(0.,0.,1.));
#11591=DIRECTION('',(-1.,-8.16340459283203E-16,0.));
#11592=DIRECTION('',(-8.16340459283203E-16,1.,0.));
#11593=DIRECTION('',(1.,0.,0.));
#11594=DIRECTION('',(0.,0.,-1.));
#11595=DIRECTION('',(0.,0.,1.));
#11596=DIRECTION('',(1.,0.,0.));
#11597=DIRECTION('',(0.,-1.,0.));
#11598=DIRECTION('',(0.,0.,1.));
#11599=DIRECTION('',(0.,-5.55765921160943E-16,1.));
#11600=DIRECTION('',(0.,-1.,-5.55765921160943E-16));
#11601=DIRECTION('',(0.,0.,1.));
#11602=DIRECTION('',(1.,0.,0.));
#11603=DIRECTION('',(-8.16340459283203E-16,1.,0.));
#11604=DIRECTION('',(1.,8.16340459283203E-16,0.));
#11605=DIRECTION('',(0.,-1.,0.));
#11606=DIRECTION('',(0.,0.,1.));
#11607=DIRECTION('',(5.55765921160943E-16,-1.,-5.55765921160943E-16));
#11608=DIRECTION('',(0.,5.55765921160943E-16,-1.));
#11609=DIRECTION('',(1.,0.,0.));
#11610=DIRECTION('',(0.,0.,-1.));
#11611=DIRECTION('',(-1.,0.,0.));
#11612=DIRECTION('',(0.,0.,1.));
#11613=DIRECTION('',(1.,5.55765921160943E-16,0.));
#11614=DIRECTION('',(5.55765921160943E-16,-1.,0.));
#11615=DIRECTION('',(-0.707106781186548,-5.77239874516094E-16,0.707106781186548));
#11616=DIRECTION('',(-0.707106781186548,0.,-0.707106781186548));
#11617=DIRECTION('',(0.707106781186548,0.,-0.707106781186548));
#11618=DIRECTION('',(-0.707106781186548,0.,-0.707106781186548));
#11619=DIRECTION('',(-0.707106781186513,0.,0.707106781186582));
#11620=DIRECTION('',(0.707106781186582,0.,0.707106781186513));
#11621=DIRECTION('',(8.16340459283203E-16,-1.,0.));
#11622=DIRECTION('',(-1.,-8.16340459283203E-16,0.));
#11623=DIRECTION('',(0.,0.,1.));
#11624=DIRECTION('',(1.,0.,0.));
#11625=DIRECTION('',(8.16340459283203E-16,-1.,0.));
#11626=DIRECTION('',(-1.,-8.16340459283203E-16,0.));
#11627=DIRECTION('',(0.707106781186548,0.,0.707106781186548));
#11628=DIRECTION('',(0.707106781186548,0.,-0.707106781186548));
#11629=DIRECTION('',(-4.63502542989784E-15,-3.78375878823212E-30,1.));
#11630=DIRECTION('',(-1.,0.,-4.63502542989784E-15));
#11631=DIRECTION('',(0.,0.,1.));
#11632=DIRECTION('',(1.,0.,0.));
#11633=DIRECTION('',(-0.707106781186548,-5.77239874516094E-16,-0.707106781186548));
#11634=DIRECTION('',(0.707106781186548,0.,-0.707106781186548));
#11635=DIRECTION('',(0.707106781186548,0.,0.707106781186548));
#11636=DIRECTION('',(0.707106781186548,0.,-0.707106781186548));
#11637=DIRECTION('',(8.16340459283203E-16,-1.,0.));
#11638=DIRECTION('',(-1.,-8.16340459283203E-16,0.));
#11639=DIRECTION('',(1.,0.,0.));
#11640=DIRECTION('',(0.,0.,-1.));
#11641=DIRECTION('',(8.16340459283203E-16,-1.,0.));
#11642=DIRECTION('',(-1.,-8.16340459283203E-16,0.));
#11643=DIRECTION('',(-0.707106781186548,0.,0.707106781186548));
#11644=DIRECTION('',(0.707106781186548,0.,0.707106781186548));
#11645=DIRECTION('',(1.,8.16340459283203E-16,-4.63502542989784E-15));
#11646=DIRECTION('',(4.63502542989784E-15,0.,1.));
#11647=DIRECTION('',(1.,0.,0.));
#11648=DIRECTION('',(0.,0.,-1.));
#11649=DIRECTION('',(0.707106781186548,5.77239874516094E-16,-0.707106781186548));
#11650=DIRECTION('',(0.707106781186548,0.,0.707106781186548));
#11651=DIRECTION('',(-0.707106781186548,4.906538933387E-14,0.707106781186548));
#11652=DIRECTION('',(0.707106781186548,0.,0.707106781186548));
#11653=DIRECTION('',(8.16340459283203E-16,-1.,0.));
#11654=DIRECTION('',(-1.,-8.16340459283203E-16,0.));
#11655=DIRECTION('',(0.,0.,-1.));
#11656=DIRECTION('',(1.,0.,0.));
#11657=DIRECTION('',(0.,0.,1.));
#11658=DIRECTION('',(1.,0.,0.));
#11659=DIRECTION('',(0.,0.,1.));
#11660=DIRECTION('',(1.,0.,0.));
#11661=DIRECTION('',(8.16340459283203E-16,-1.,0.));
#11662=DIRECTION('',(-1.,-8.16340459283203E-16,0.));
#11663=DIRECTION('',(1.,0.,0.));
#11664=DIRECTION('',(0.,0.,-1.));
#11665=DIRECTION('',(-1.,-8.16340459283203E-16,0.));
#11666=DIRECTION('',(-8.16340459283203E-16,1.,0.));
#11667=DIRECTION('',(1.,8.16340459283203E-16,0.));
#11668=DIRECTION('',(-8.16340459283203E-16,1.,0.));
#11669=DIRECTION('',(0.,-1.,0.));
#11670=DIRECTION('',(0.,0.,-1.));
#11671=DIRECTION('',(0.,0.,1.));
#11672=DIRECTION('',(1.,0.,0.));
#11673=DIRECTION('',(0.,1.,0.));
#11674=DIRECTION('',(0.,0.,-1.));
#11675=DIRECTION('',(0.,-1.,0.));
#11676=DIRECTION('',(0.,0.,-1.));
#11677=DIRECTION('',(0.707106781186548,0.,0.707106781186548));
#11678=DIRECTION('',(0.,1.,0.));
#11679=DIRECTION('',(0.,0.,-1.));
#11680=DIRECTION('',(0.,0.,1.));
#11681=DIRECTION('',(1.,0.,0.));
#11682=DIRECTION('',(-1.,0.,0.));
#11683=DIRECTION('',(0.,0.,-1.));
#11684=DIRECTION('',(0.,-1.,8.16340459283203E-16));
#11685=DIRECTION('',(1.,0.,0.));
#11686=DIRECTION('',(0.,8.16340459283203E-16,-1.));
#11687=DIRECTION('',(0.,0.,-1.));
#11688=DIRECTION('',(0.,1.,0.));
#11689=DIRECTION('',(0.,0.,-1.));
#11690=DIRECTION('',(0.,-1.,0.));
#11691=DIRECTION('',(0.,0.,1.));
#11692=DIRECTION('',(-1.,0.,0.));
#11693=DIRECTION('',(8.16340459283203E-16,-1.,0.));
#11694=DIRECTION('',(0.,-1.,0.));
#11695=DIRECTION('',(-1.,0.,0.));
#11696=DIRECTION('',(1.,8.16340459283203E-16,0.));
#11697=DIRECTION('',(0.,0.,-1.));
#11698=DIRECTION('',(-1.,-8.16340459283203E-16,0.));
#11699=DIRECTION('',(0.,0.,-1.));
#11700=DIRECTION('',(1.,0.,0.));
#11701=DIRECTION('',(1.,0.,0.));
#11702=DIRECTION('',(0.,-1.,0.));
#11703=DIRECTION('',(0.,-1.,0.));
#11704=DIRECTION('',(1.,0.,0.));
#11705=DIRECTION('',(0.,0.,1.));
#11706=DIRECTION('',(0.,1.,0.));
#11707=DIRECTION('',(0.,0.,1.));
#11708=DIRECTION('',(0.,0.707106781186548,0.707106781186548));
#11709=DIRECTION('',(1.,0.,0.));
#11710=DIRECTION('',(-0.577350269189626,-0.577350269189626,0.577350269189626));
#11711=DIRECTION('',(-0.577350269189626,0.577350269189626,-0.577350269189626));
#11712=DIRECTION('',(-0.707106781186548,0.707106781186548,0.));
#11713=DIRECTION('',(0.,0.,1.));
#11714=DIRECTION('',(-0.577350269189626,-0.577350269189626,-0.577350269189626));
#11715=DIRECTION('',(0.707106781186548,0.707106781186548,0.));
#11716=DIRECTION('',(0.,0.,-1.));
#11717=DIRECTION('',(-0.577350269189626,0.577350269189626,0.577350269189626));
#11718=DIRECTION('',(0.,0.707106781186548,-0.707106781186548));
#11719=DIRECTION('',(-1.,0.,0.));
#11720=DIRECTION('',(-1.,0.,0.));
#11721=DIRECTION('',(0.,0.,-1.));
#11722=DIRECTION('',(-8.16340459283203E-16,1.,0.));
#11723=DIRECTION('',(0.,0.,1.));
#11724=DIRECTION('',(-1.,0.,0.));
#11725=DIRECTION('',(-8.16340459283203E-16,1.,0.));
#11726=DIRECTION('',(-0.707106781186548,-5.77239874516094E-16,0.707106781186548));
#11727=DIRECTION('',(-0.707106781186548,0.,-0.707106781186548));
#11728=DIRECTION('',(-4.08170229641602E-16,1.,4.08170229641602E-16));
#11729=DIRECTION('',(-0.707106781186548,0.,-0.707106781186548));
#11730=DIRECTION('',(-4.08170229641602E-16,1.,4.08170229641602E-16));
#11731=DIRECTION('',(-0.707106781186548,-5.77239874516094E-16,-0.707106781186548));
#11732=DIRECTION('',(0.707106781186548,0.,-0.707106781186548));
#11733=DIRECTION('',(-4.08170229641602E-16,1.,-4.08170229641602E-16));
#11734=DIRECTION('',(0.707106781186548,0.,-0.707106781186548));
#11735=DIRECTION('',(0.707106781186548,5.77239874516094E-16,0.707106781186548));
#11736=DIRECTION('',(-0.707106781186548,0.,0.707106781186548));
#11737=DIRECTION('',(-0.707106781186548,0.,0.707106781186548));
#11738=DIRECTION('',(-4.08170229641602E-16,1.,-4.08170229641602E-16));
#11739=DIRECTION('',(8.16340459283203E-16,-1.,0.));
#11740=DIRECTION('',(-1.,-8.16340459283203E-16,0.));
#11741=DIRECTION('',(-0.707106781186548,-5.77239874516094E-16,0.707106781186548));
#11742=DIRECTION('',(0.707106781186548,5.77239874516094E-16,-0.707106781186548));
#11743=DIRECTION('',(0.707106781186548,5.77239874516094E-16,0.707106781186548));
#11744=DIRECTION('',(-8.16340459283203E-16,1.,0.));
#11745=DIRECTION('',(1.,8.16340459283203E-16,0.));
#11746=DIRECTION('',(8.16340459283203E-16,-1.,0.));
#11747=DIRECTION('',(1.,8.16340459283203E-16,0.));
#11748=DIRECTION('',(0.707106781186548,5.77239874516094E-16,-0.707106781186548));
#11749=DIRECTION('',(0.707106781186548,0.,0.707106781186548));
#11750=DIRECTION('',(-0.707106781186548,-5.77239874516094E-16,0.707106781186548));
#11751=DIRECTION('',(0.707106781186548,0.,0.707106781186548));
#11752=DIRECTION('',(-0.707106781186548,-5.77239874516094E-16,0.707106781186548));
#11753=DIRECTION('',(-0.707106781186548,0.,-0.707106781186548));
#11754=DIRECTION('',(0.707106781186548,5.77239874516094E-16,-0.707106781186548));
#11755=DIRECTION('',(-0.707106781186548,0.,-0.707106781186548));
#11756=DIRECTION('',(-8.16340459283203E-16,1.,0.));
#11757=DIRECTION('',(1.,8.16340459283203E-16,0.));
#11758=DIRECTION('',(3.46944695195352E-14,1.,0.));
#11759=DIRECTION('',(-1.,3.46944695195352E-14,0.));
#11760=DIRECTION('',(0.,0.,1.));
#11761=DIRECTION('',(-1.,0.,0.));
#11762=DIRECTION('',(-0.707106781186548,-5.77239874516094E-16,-0.707106781186548));
#11763=DIRECTION('',(-0.707106781186548,0.,0.707106781186548));
#11764=DIRECTION('',(0.,0.,1.));
#11765=DIRECTION('',(-1.,0.,0.));
#11766=DIRECTION('',(-0.707106781186548,-5.77239874516094E-16,-0.707106781186548));
#11767=DIRECTION('',(-0.707106781186548,0.,0.707106781186548));
#11768=DIRECTION('',(0.707106781186548,5.77239874516094E-16,0.707106781186548));
#11769=DIRECTION('',(-0.707106781186548,0.,0.707106781186548));
#11770=DIRECTION('',(0.,-1.,0.));
#11771=DIRECTION('',(0.,0.,-1.));
#11772=DIRECTION('',(0.,1.,0.));
#11773=DIRECTION('',(0.,0.,1.));
#11774=DIRECTION('',(0.,-1.,0.));
#11775=DIRECTION('',(0.,0.,1.));
#11776=DIRECTION('',(0.,0.,1.));
#11777=DIRECTION('',(-1.,0.,0.));
#11778=DIRECTION('',(0.,0.,-1.));
#11779=DIRECTION('',(-1.,0.,0.));
#11780=DIRECTION('',(0.,0.,1.));
#11781=DIRECTION('',(-1.,0.,0.));
#11782=DIRECTION('',(0.,-1.,0.));
#11783=DIRECTION('',(0.,0.,-1.));
#11784=DIRECTION('',(0.,0.,1.));
#11785=DIRECTION('',(-1.,0.,0.));
#11786=DIRECTION('',(1.,0.,0.));
#11787=DIRECTION('',(0.,0.,-1.));
#11788=DIRECTION('',(1.,8.16340459283203E-16,0.));
#11789=DIRECTION('',(8.16340459283203E-16,-1.,0.));
#11790=DIRECTION('',(0.,-1.,0.));
#11791=DIRECTION('',(0.,0.,-1.));
#11792=DIRECTION('',(0.,0.,1.));
#11793=DIRECTION('',(1.,0.,0.));
#11794=DIRECTION('',(1.,0.,0.));
#11795=DIRECTION('',(0.,0.,1.));
#11796=DIRECTION('',(-1.,0.,0.));
#11797=DIRECTION('',(1.,0.,0.));
#11798=DIRECTION('',(0.,0.,1.));
#11799=DIRECTION('',(1.,0.,0.));
#11800=DIRECTION('',(1.,0.,0.));
#11801=DIRECTION('',(0.,-1.,0.));
#11802=DIRECTION('',(-1.,0.,0.));
#11803=DIRECTION('',(0.,0.,1.));
#11804=DIRECTION('',(-1.,0.,0.));
#11805=DIRECTION('',(-1.,0.,0.));
#11806=DIRECTION('',(0.,0.,1.));
#11807=DIRECTION('',(1.,0.,0.));
#11808=DIRECTION('',(-1.,0.,0.));
#11809=DIRECTION('',(0.,-1.,0.));
#11810=DIRECTION('',(0.,0.,-1.));
#11811=DIRECTION('',(0.,0.,-1.));
#11812=DIRECTION('',(0.,1.,0.));
#11813=DIRECTION('',(0.,0.,1.));
#11814=DIRECTION('',(0.,0.,-1.));
#11815=DIRECTION('',(0.,1.,0.));
#11816=DIRECTION('',(0.,0.,1.));
#11817=DIRECTION('',(0.,1.,0.));
#11818=DIRECTION('',(0.,0.,1.));
#11819=DIRECTION('',(0.,0.,1.));
#11820=DIRECTION('',(0.,0.,-1.));
#11821=DIRECTION('',(0.,-1.,0.));
#11822=DIRECTION('',(0.,0.,-1.));
#11823=DIRECTION('',(0.,0.,-1.));
#11824=DIRECTION('',(0.,-1.,0.));
#11825=DIRECTION('',(0.,0.,-1.));
#11826=DIRECTION('',(0.,0.,-1.));
#11827=DIRECTION('',(0.,0.,-1.));
#11828=DIRECTION('',(-1.,0.,0.));
#11829=DIRECTION('',(0.,0.,-1.));
#11830=DIRECTION('',(0.,0.,-1.));
#11831=DIRECTION('',(-1.,0.,0.));
#11832=DIRECTION('',(0.,0.,-1.));
#11833=DIRECTION('',(0.,-1.,0.));
#11834=DIRECTION('',(0.,0.,-1.));
#11835=DIRECTION('',(0.,0.,-1.));
#11836=DIRECTION('',(0.,0.,-1.));
#11837=DIRECTION('',(-1.,0.,0.));
#11838=DIRECTION('',(0.,0.,-1.));
#11839=DIRECTION('',(-1.,0.,0.));
#11840=DIRECTION('',(0.,0.,-1.));
#11841=DIRECTION('',(0.,1.,0.));
#11842=DIRECTION('',(0.,0.,1.));
#11843=DIRECTION('',(0.,-1.,0.));
#11844=DIRECTION('',(0.,0.,-1.));
#11845=DIRECTION('',(0.,-1.,0.));
#11846=DIRECTION('',(0.,1.,0.));
#11847=DIRECTION('',(0.,0.,1.));
#11848=DIRECTION('',(0.,-1.,0.));
#11849=DIRECTION('',(0.,0.,-1.));
#11850=DIRECTION('',(0.,-1.,0.));
#11851=DIRECTION('',(0.,-1.,0.));
#11852=DIRECTION('',(0.,0.,-1.));
#11853=DIRECTION('',(-8.16340459283203E-16,-1.,0.));
#11854=DIRECTION('',(1.,-8.16340459283203E-16,0.));
#11855=DIRECTION('',(-8.16340459283203E-16,-1.,0.));
#11856=DIRECTION('',(1.,-8.16340459283203E-16,0.));
#11857=DIRECTION('',(0.,0.,1.));
#11858=DIRECTION('',(-1.,8.16340459283203E-16,0.));
#11859=DIRECTION('',(0.,0.,1.));
#11860=DIRECTION('',(0.707106781186548,-5.77239874516094E-16,0.707106781186548));
#11861=DIRECTION('',(-1.,0.,0.));
#11862=DIRECTION('',(0.,0.,1.));
#11863=DIRECTION('',(1.,-8.16340459283203E-16,0.));
#11864=DIRECTION('',(-8.16340459283203E-16,-1.,0.));
#11865=DIRECTION('',(1.,-8.16340459283203E-16,0.));
#11866=DIRECTION('',(0.,0.,-1.));
#11867=DIRECTION('',(-1.,8.16340459283203E-16,0.));
#11868=DIRECTION('',(0.,0.,1.));
#11869=DIRECTION('',(1.,-8.16340459283203E-16,4.63502542989784E-15));
#11870=DIRECTION('',(-8.16340459283203E-16,-1.,0.));
#11871=DIRECTION('',(1.,-8.16340459283203E-16,0.));
#11872=DIRECTION('',(0.707106781186548,-5.77239874516094E-16,0.707106781186548));
#11873=DIRECTION('',(-8.16340459283203E-16,-1.,0.));
#11874=DIRECTION('',(1.,-8.16340459283203E-16,0.));
#11875=DIRECTION('',(0.707106781186548,-5.77239874516094E-16,-0.707106781186548));
#11876=DIRECTION('',(-8.16340459283203E-16,-1.,0.));
#11877=DIRECTION('',(1.,-8.16340459283203E-16,0.));
#11878=DIRECTION('',(-0.707106781186548,5.77239874516094E-16,-0.707106781186548));
#11879=DIRECTION('',(-8.16340459283203E-16,-1.,0.));
#11880=DIRECTION('',(1.,-8.16340459283203E-16,0.));
#11881=DIRECTION('',(-4.63502542989784E-15,3.78375878823212E-30,-1.));
#11882=DIRECTION('',(-8.16340459283203E-16,-1.,0.));
#11883=DIRECTION('',(1.,-8.16340459283203E-16,0.));
#11884=DIRECTION('',(-8.16340459283203E-16,-1.,0.));
#11885=DIRECTION('',(1.,-8.16340459283203E-16,0.));
#11886=DIRECTION('',(0.707106781186548,-5.77239874516094E-16,0.707106781186548));
#11887=DIRECTION('',(-1.,8.16340459283203E-16,0.));
#11888=DIRECTION('',(0.,0.,1.));
#11889=DIRECTION('',(-1.,8.16340459283203E-16,0.));
#11890=DIRECTION('',(0.,1.,0.));
#11891=DIRECTION('',(0.,0.,1.));
#11892=DIRECTION('',(0.,0.,1.));
#11893=DIRECTION('',(-1.,0.,0.));
#11894=DIRECTION('',(0.,0.,-1.));
#11895=DIRECTION('',(1.,0.,0.));
#11896=DIRECTION('',(0.,0.,-1.));
#11897=DIRECTION('',(-1.,0.,0.));
#11898=DIRECTION('',(0.,0.,1.));
#11899=DIRECTION('',(1.,0.,0.));
#11900=DIRECTION('',(0.,-1.,0.));
#11901=DIRECTION('',(0.,0.,-1.));
#11902=DIRECTION('',(-0.707106781186548,0.,0.707106781186548));
#11903=DIRECTION('',(0.,-1.,0.));
#11904=DIRECTION('',(0.,0.,-1.));
#11905=DIRECTION('',(-1.,0.,0.));
#11906=DIRECTION('',(0.,0.,1.));
#11907=DIRECTION('',(0.,-1.,0.));
#11908=DIRECTION('',(0.,0.,-1.));
#11909=DIRECTION('',(-8.16340459283203E-16,-1.,0.));
#11910=DIRECTION('',(1.,-8.16340459283203E-16,0.));
#11911=DIRECTION('',(-5.55765921160943E-16,-1.,-5.55765921160943E-16));
#11912=DIRECTION('',(0.,5.55765921160943E-16,-1.));
#11913=DIRECTION('',(1.,-8.16340459283203E-16,-4.63502542989784E-15));
#11914=DIRECTION('',(-4.63502542989784E-15,0.,-1.));
#11915=DIRECTION('',(8.16340459283203E-16,1.,0.));
#11916=DIRECTION('',(-4.63502542989784E-15,3.78375878823212E-30,-1.));
#11917=DIRECTION('',(8.16340459283203E-16,1.,4.93038065763132E-32));
#11918=DIRECTION('',(-4.63502542989784E-15,5.55765921160945E-16,-1.));
#11919=DIRECTION('',(8.16340459283203E-16,1.,0.));
#11920=DIRECTION('',(-1.,8.16340459283203E-16,0.));
#11921=DIRECTION('',(8.16340459283203E-16,1.,0.));
#11922=DIRECTION('',(-8.16340459283203E-16,-1.,0.));
#11923=DIRECTION('',(1.,-8.16340459283203E-16,0.));
#11924=DIRECTION('',(-5.55765921160943E-16,-1.,-5.55765921160943E-16));
#11925=DIRECTION('',(0.,5.55765921160943E-16,-1.));
#11926=DIRECTION('',(-4.63502542989784E-15,3.78375878823212E-30,1.));
#11927=DIRECTION('',(1.,0.,4.63502542989784E-15));
#11928=DIRECTION('',(8.16340459283203E-16,1.,0.));
#11929=DIRECTION('',(1.,-8.16340459283203E-16,4.63502542989784E-15));
#11930=DIRECTION('',(1.,-5.55765921160945E-16,4.63502542989784E-15));
#11931=DIRECTION('',(0.,-1.,0.));
#11932=DIRECTION('',(0.,0.,-1.));
#11933=DIRECTION('',(-1.,0.,0.));
#11934=DIRECTION('',(0.,-1.,0.));
#11935=DIRECTION('',(0.,0.,-1.));
#11936=DIRECTION('',(0.,0.,1.));
#11937=DIRECTION('',(-1.,0.,0.));
#11938=DIRECTION('',(0.,0.,1.));
#11939=DIRECTION('',(-1.,0.,0.));
#11940=DIRECTION('',(0.,0.,1.));
#11941=DIRECTION('',(0.,0.,1.));
#11942=DIRECTION('',(1.,0.,0.));
#11943=DIRECTION('',(0.,1.,0.));
#11944=DIRECTION('',(0.,0.,1.));
#11945=DIRECTION('',(1.,0.,0.));
#11946=DIRECTION('',(0.,-1.,0.));
#11947=DIRECTION('',(-1.,0.,0.));
#11948=DIRECTION('',(1.,0.,0.));
#11949=DIRECTION('',(0.,0.,-1.));
#11950=DIRECTION('',(1.,0.,0.));
#11951=DIRECTION('',(0.,0.,-1.));
#11952=DIRECTION('',(0.,-1.,0.));
#11953=DIRECTION('',(0.,0.,1.));
#11954=DIRECTION('',(0.,0.707106781186548,-0.707106781186548));
#11955=DIRECTION('',(1.,0.,0.));
#11956=DIRECTION('',(-0.577350269189626,-0.577350269189626,-0.577350269189626));
#11957=DIRECTION('',(-0.577350269189626,0.577350269189626,0.577350269189626));
#11958=DIRECTION('',(-0.707106781186548,0.707106781186548,0.));
#11959=DIRECTION('',(0.,0.,-1.));
#11960=DIRECTION('',(-0.577350269189626,-0.577350269189626,0.577350269189626));
#11961=DIRECTION('',(0.707106781186548,0.707106781186548,0.));
#11962=DIRECTION('',(0.,0.,1.));
#11963=DIRECTION('',(0.707106781186548,0.707106781186548,0.));
#11964=DIRECTION('',(0.707106781186548,-0.707106781186548,0.));
#11965=DIRECTION('',(0.577350269189626,-0.577350269189626,0.577350269189626));
#11966=DIRECTION('',(0.,0.707106781186548,0.707106781186548));
#11967=DIRECTION('',(-1.,0.,0.));
#11968=DIRECTION('',(0.,0.707106781186548,0.707106781186548));
#11969=DIRECTION('',(0.,-0.707106781186548,0.707106781186548));
#11970=DIRECTION('',(0.,-1.,0.));
#11971=DIRECTION('',(0.,0.,-1.));
#11972=DIRECTION('',(-8.16340459283203E-16,-1.,0.));
#11973=DIRECTION('',(1.,-8.16340459283203E-16,0.));
#11974=DIRECTION('',(-1.,0.,0.));
#11975=DIRECTION('',(0.,0.,1.));
#11976=DIRECTION('',(0.,-1.,0.));
#11977=DIRECTION('',(0.,0.,1.));
#11978=DIRECTION('',(0.,-1.,0.));
#11979=DIRECTION('',(0.,0.,-1.));
#11980=DIRECTION('',(-1.,0.,0.));
#11981=DIRECTION('',(0.,-1.,0.));
#11982=DIRECTION('',(-1.,8.16340459283204E-16,0.));
#11983=DIRECTION('',(0.,-1.,0.));
#11984=DIRECTION('',(1.,0.,0.));
#11985=DIRECTION('',(0.,-1.,0.));
#11986=DIRECTION('',(-1.,0.,0.));
#11987=DIRECTION('',(0.707106781186548,-5.77239874516094E-16,0.707106781186548));
#11988=DIRECTION('',(0.707106781186548,0.,-0.707106781186548));
#11989=DIRECTION('',(8.16340459283203E-16,1.,0.));
#11990=DIRECTION('',(0.707106781186548,-5.77239874516094E-16,-0.707106781186548));
#11991=DIRECTION('',(8.16340459283203E-16,1.,0.));
#11992=DIRECTION('',(0.707106781186548,-5.77239874516094E-16,-0.707106781186548));
#11993=DIRECTION('',(0.707106781186548,-5.77239874516094E-16,-0.707106781186548));
#11994=DIRECTION('',(-0.707106781186548,0.,-0.707106781186548));
#11995=DIRECTION('',(8.16340459283203E-16,1.,0.));
#11996=DIRECTION('',(-0.707106781186548,5.77239874516094E-16,-0.707106781186548));
#11997=DIRECTION('',(8.16340459283203E-16,1.,0.));
#11998=DIRECTION('',(-0.707106781186548,5.77239874516094E-16,-0.707106781186548));
#11999=DIRECTION('',(0.,1.,-8.16340459283203E-16));
#12000=DIRECTION('',(0.707106781186548,-7.85971703210581E-16,0.707106781186548));
#12001=DIRECTION('',(-0.707106781186548,5.77239874516094E-16,0.707106781186548));
#12002=DIRECTION('',(0.707106781186548,0.,0.707106781186548));
#12003=DIRECTION('',(8.16340459283203E-16,1.,0.));
#12004=DIRECTION('',(0.707106781186548,-5.77239874516094E-16,0.707106781186548));
#12005=DIRECTION('',(8.16340459283203E-16,1.,0.));
#12006=DIRECTION('',(-0.707106781186548,7.85971703210581E-16,-0.707106781186548));
#12007=DIRECTION('',(-8.16340459283203E-16,-1.,0.));
#12008=DIRECTION('',(0.707106781186548,-5.77239874516094E-16,0.707106781186548));
#12009=DIRECTION('',(-8.16340459283203E-16,-1.,0.));
#12010=DIRECTION('',(1.,-8.16340459283203E-16,0.));
#12011=DIRECTION('',(0.707106781186548,-5.77239874516094E-16,0.707106781186548));
#12012=DIRECTION('',(1.,-8.16340459283203E-16,0.));
#12013=DIRECTION('',(-8.16340459283203E-16,-1.,0.));
#12014=DIRECTION('',(1.,-8.16340459283203E-16,0.));
#12015=DIRECTION('',(0.,0.,-1.));
#12016=DIRECTION('',(-0.707106781186548,5.77239874516094E-16,-0.707106781186548));
#12017=DIRECTION('',(0.707106781186548,-5.77239874516094E-16,-0.707106781186548));
#12018=DIRECTION('',(-5.55765921160943E-16,-1.,-5.55765921160943E-16));
#12019=DIRECTION('',(0.,5.55765921160943E-16,-1.));
#12020=DIRECTION('',(-5.55765921160943E-16,-1.,-5.55765921160943E-16));
#12021=DIRECTION('',(0.,5.55765921160943E-16,-1.));
#12022=DIRECTION('',(-4.63502542989784E-15,5.55765921160945E-16,-1.));
#12023=DIRECTION('',(0.707106781186548,-7.85971703210581E-16,0.707106781186548));
#12024=DIRECTION('',(0.,5.55765921160943E-16,-1.));
#12025=DIRECTION('',(-5.55765921160943E-16,-1.,-5.55765921160943E-16));
#12026=DIRECTION('',(0.,5.55765921160943E-16,-1.));
#12027=DIRECTION('',(1.,-5.55765921160943E-16,0.));
#12028=DIRECTION('',(-0.707106781186548,7.85971703210581E-16,-0.707106781186548));
#12029=DIRECTION('',(1.,-5.55765921160945E-16,4.63502542989784E-15));
#12030=DIRECTION('',(8.16340459283203E-16,1.,0.));
#12031=DIRECTION('',(-1.,8.16340459283203E-16,0.));
#12032=DIRECTION('',(-8.16340459283203E-16,-1.,0.));
#12033=DIRECTION('',(1.,-8.16340459283203E-16,0.));
#12034=DIRECTION('',(0.,1.,0.));
#12035=DIRECTION('',(0.,0.,1.));
#12036=DIRECTION('',(-0.707106781186548,5.77239874516094E-16,-0.707106781186548));
#12037=DIRECTION('',(-0.707106781186548,0.,0.707106781186548));
#12038=DIRECTION('',(-0.948683298050512,-2.5814951974829E-16,0.316227766016843));
#12039=DIRECTION('',(-0.316227766016843,0.,-0.948683298050512));
#12040=DIRECTION('',(-0.707106781186548,0.,-0.707106781186548));
#12041=DIRECTION('',(-0.707106781186548,0.,0.707106781186548));
#12042=DIRECTION('',(0.707106781186548,-5.77239874516094E-16,0.707106781186548));
#12043=DIRECTION('',(0.707106781186548,0.,-0.707106781186548));
#12044=DIRECTION('',(0.316227766016833,-2.58149519748283E-16,-0.948683298050515));
#12045=DIRECTION('',(0.948683298050515,0.,0.316227766016834));
#12046=DIRECTION('',(-0.707106781186548,0.,-0.707106781186548));
#12047=DIRECTION('',(-0.707106781186548,0.,0.707106781186548));
#12048=DIRECTION('',(8.16340459283203E-16,1.,0.));
#12049=DIRECTION('',(-1.,8.16340459283203E-16,0.));
#12050=DIRECTION('',(-8.16340459283203E-16,-1.,0.));
#12051=DIRECTION('',(1.,-8.16340459283203E-16,0.));
#12052=DIRECTION('',(0.,1.,0.));
#12053=DIRECTION('',(0.,0.,1.));
#12054=DIRECTION('',(0.,0.,1.));
#12055=DIRECTION('',(1.,0.,0.));
#12056=DIRECTION('',(0.707106781186548,0.,-0.707106781186548));
#12057=DIRECTION('',(-0.707106781186548,0.,-0.707106781186548));
#12058=DIRECTION('',(0.,0.,1.));
#12059=DIRECTION('',(1.,0.,0.));
#12060=DIRECTION('',(-0.707106781186548,0.,0.707106781186548));
#12061=DIRECTION('',(0.707106781186548,0.,0.707106781186548));
#12062=DIRECTION('',(-0.707106781186548,5.77239874516094E-16,0.707106781186548));
#12063=DIRECTION('',(0.707106781186548,0.,0.707106781186548));
#12064=DIRECTION('',(-8.16340459283203E-16,-1.,-4.93038065763135E-32));
#12065=DIRECTION('',(1.,-8.16340459283203E-16,0.));
#12066=DIRECTION('',(-8.16340459283203E-16,-1.,0.));
#12067=DIRECTION('',(1.,-8.16340459283203E-16,0.));
#12068=DIRECTION('',(-0.707106781186548,7.85971703210581E-16,-0.707106781186548));
#12069=DIRECTION('',(-0.707106781186548,0.,0.707106781186548));
#12070=DIRECTION('',(-0.948683298050512,-3.51497231354035E-16,0.316227766016843));
#12071=DIRECTION('',(-0.316227766016843,0.,-0.948683298050512));
#12072=DIRECTION('',(-8.16340459283203E-16,-1.,-4.93038065763135E-32));
#12073=DIRECTION('',(1.,-8.16340459283203E-16,0.));
#12074=DIRECTION('',(-8.16340459283203E-16,-1.,0.));
#12075=DIRECTION('',(1.,-8.16340459283203E-16,0.));
#12076=DIRECTION('',(0.707106781186548,-7.85971703210581E-16,0.707106781186548));
#12077=DIRECTION('',(0.707106781186548,0.,-0.707106781186548));
#12078=DIRECTION('',(0.316227766016833,-3.51497231354025E-16,-0.948683298050515));
#12079=DIRECTION('',(0.948683298050515,0.,0.316227766016834));
#12080=DIRECTION('',(0.714337645984061,-0.663151232710149,0.223499821219079));
#12081=DIRECTION('',(0.680361681955061,0.73287651192222,0.));
#12082=DIRECTION('',(0.00207480580925331,0.00751277021840417,0.999969626270968));
#12083=DIRECTION('',(0.,-0.999971778622113,0.00751278638901492));
#12084=DIRECTION('',(1.,-5.55765921160945E-16,4.63502542989784E-15));
#12085=DIRECTION('',(4.63502542989784E-15,0.,-1.));
#12086=DIRECTION('',(-1.,0.,0.));
#12087=DIRECTION('',(0.,0.,1.));
#12088=DIRECTION('',(-5.55765921160943E-16,-1.,-5.55765921160943E-16));
#12089=DIRECTION('',(0.,5.55765921160943E-16,-1.));
#12090=DIRECTION('',(0.,0.,1.));
#12091=DIRECTION('',(1.,0.,0.));
#12092=DIRECTION('',(-4.63502542989784E-15,5.55765921160945E-16,-1.));
#12093=DIRECTION('',(-1.,0.,4.63502542989784E-15));
#12094=DIRECTION('',(0.08606528680224,-0.330240959762322,0.939964720030975));
#12095=DIRECTION('',(0.,-0.943465449244513,-0.33147088270593));
#12096=DIRECTION('',(0.223499822828295,-0.663151233182061,0.714337645042478));
#12097=DIRECTION('',(0.,-0.732876511233646,-0.680361682696785));
#12098=DIRECTION('',(0.,0.,-1.));
#12099=DIRECTION('',(-1.,0.,0.));
#12100=DIRECTION('',(0.,0.,-1.));
#12101=DIRECTION('',(-1.,0.,0.));
#12102=DIRECTION('',(0.,0.,1.));
#12103=DIRECTION('',(1.,0.,0.));
#12104=DIRECTION('',(0.,1.,0.));
#12105=DIRECTION('',(0.,0.,1.));
#12106=DIRECTION('',(-8.16340459283203E-16,-1.,0.));
#12107=DIRECTION('',(1.,-8.16340459283203E-16,0.));
#12108=DIRECTION('',(1.,0.,0.));
#12109=DIRECTION('',(0.,0.,-1.));
#12110=DIRECTION('',(0.,-1.,8.16340459283203E-16));
#12111=DIRECTION('',(0.,-8.16340459283203E-16,-1.));
#12112=DIRECTION('',(0.,1.,0.));
#12113=DIRECTION('',(0.,0.,1.));
#12114=DIRECTION('',(1.,-8.16340459283203E-16,0.));
#12115=DIRECTION('',(8.16340459283203E-16,1.,0.));
#12116=DIRECTION('',(1.,0.,0.));
#12117=DIRECTION('',(0.,0.,-1.));
#12118=DIRECTION('',(0.,0.,-1.));
#12119=DIRECTION('',(-1.,0.,0.));
#12120=DIRECTION('',(0.,1.,0.));
#12121=DIRECTION('',(0.,0.,1.));
#12122=DIRECTION('',(0.,-5.55765921160943E-16,1.));
#12123=DIRECTION('',(0.,-1.,-5.55765921160943E-16));
#12124=DIRECTION('',(0.,0.,-1.));
#12125=DIRECTION('',(-1.,0.,0.));
#12126=DIRECTION('',(8.16340459283203E-16,1.,0.));
#12127=DIRECTION('',(-1.,8.16340459283203E-16,0.));
#12128=DIRECTION('',(0.,1.,0.));
#12129=DIRECTION('',(0.,0.,1.));
#12130=DIRECTION('',(-5.55765921160943E-16,-1.,-5.55765921160943E-16));
#12131=DIRECTION('',(0.,5.55765921160943E-16,-1.));
#12132=DIRECTION('',(1.,0.,0.));
#12133=DIRECTION('',(0.,0.,-1.));
#12134=DIRECTION('',(-1.,0.,0.));
#12135=DIRECTION('',(0.,0.,1.));
#12136=DIRECTION('',(-1.,5.55765921160943E-16,0.));
#12137=DIRECTION('',(-5.55765921160943E-16,-1.,0.));
#12138=DIRECTION('',(0.707106781186548,-5.77239874516094E-16,0.707106781186548));
#12139=DIRECTION('',(0.707106781186548,0.,-0.707106781186548));
#12140=DIRECTION('',(0.707106781186548,0.,0.707106781186548));
#12141=DIRECTION('',(0.707106781186548,0.,-0.707106781186548));
#12142=DIRECTION('',(-0.707106781186513,0.,-0.707106781186582));
#12143=DIRECTION('',(-0.707106781186582,0.,0.707106781186513));
#12144=DIRECTION('',(-8.16340459283203E-16,-1.,0.));
#12145=DIRECTION('',(1.,-8.16340459283203E-16,0.));
#12146=DIRECTION('',(0.,0.,-1.));
#12147=DIRECTION('',(-1.,0.,0.));
#12148=DIRECTION('',(-8.16340459283203E-16,-1.,0.));
#12149=DIRECTION('',(1.,-8.16340459283203E-16,0.));
#12150=DIRECTION('',(0.707106781186548,0.,-0.707106781186548));
#12151=DIRECTION('',(-0.707106781186548,0.,-0.707106781186548));
#12152=DIRECTION('',(4.63502542989784E-15,-3.78375878823212E-30,1.));
#12153=DIRECTION('',(1.,0.,-4.63502542989784E-15));
#12154=DIRECTION('',(0.,0.,-1.));
#12155=DIRECTION('',(-1.,0.,0.));
#12156=DIRECTION('',(0.707106781186548,-5.77239874516094E-16,-0.707106781186548));
#12157=DIRECTION('',(-0.707106781186548,0.,-0.707106781186548));
#12158=DIRECTION('',(0.707106781186548,0.,-0.707106781186548));
#12159=DIRECTION('',(-0.707106781186548,0.,-0.707106781186548));
#12160=DIRECTION('',(-8.16340459283203E-16,-1.,0.));
#12161=DIRECTION('',(1.,-8.16340459283203E-16,0.));
#12162=DIRECTION('',(1.,0.,0.));
#12163=DIRECTION('',(0.,0.,-1.));
#12164=DIRECTION('',(-8.16340459283203E-16,-1.,0.));
#12165=DIRECTION('',(1.,-8.16340459283203E-16,0.));
#12166=DIRECTION('',(-0.707106781186548,0.,-0.707106781186548));
#12167=DIRECTION('',(-0.707106781186548,0.,0.707106781186548));
#12168=DIRECTION('',(-1.,8.16340459283203E-16,-4.63502542989784E-15));
#12169=DIRECTION('',(-4.63502542989784E-15,0.,1.));
#12170=DIRECTION('',(1.,0.,0.));
#12171=DIRECTION('',(0.,0.,-1.));
#12172=DIRECTION('',(-0.707106781186548,5.77239874516094E-16,-0.707106781186548));
#12173=DIRECTION('',(-0.707106781186548,0.,0.707106781186548));
#12174=DIRECTION('',(-0.707106781186548,-4.906538933387E-14,-0.707106781186548));
#12175=DIRECTION('',(-0.707106781186548,0.,0.707106781186548));
#12176=DIRECTION('',(-8.16340459283203E-16,-1.,0.));
#12177=DIRECTION('',(1.,-8.16340459283203E-16,0.));
#12178=DIRECTION('',(0.,0.,-1.));
#12179=DIRECTION('',(-1.,0.,0.));
#12180=DIRECTION('',(0.,0.,-1.));
#12181=DIRECTION('',(-1.,0.,0.));
#12182=DIRECTION('',(0.,0.,-1.));
#12183=DIRECTION('',(-1.,0.,0.));
#12184=DIRECTION('',(-8.16340459283203E-16,-1.,0.));
#12185=DIRECTION('',(1.,-8.16340459283203E-16,0.));
#12186=DIRECTION('',(1.,0.,0.));
#12187=DIRECTION('',(0.,0.,-1.));
#12188=DIRECTION('',(1.,-8.16340459283203E-16,0.));
#12189=DIRECTION('',(8.16340459283203E-16,1.,0.));
#12190=DIRECTION('',(1.,-8.16340459283203E-16,0.));
#12191=DIRECTION('',(8.16340459283203E-16,1.,0.));
#12192=DIRECTION('',(0.,-1.,0.));
#12193=DIRECTION('',(0.,0.,-1.));
#12194=DIRECTION('',(0.,-1.,0.));
#12195=DIRECTION('',(0.,0.,-1.));
#12196=DIRECTION('',(-1.,0.,0.));
#12197=DIRECTION('',(0.,0.,1.));
#12198=DIRECTION('',(0.,-1.,0.));
#12199=DIRECTION('',(0.,0.,-1.));
#12200=DIRECTION('',(-1.,0.,0.));
#12201=DIRECTION('',(0.,0.,1.));
#12202=DIRECTION('',(0.,-1.,0.));
#12203=DIRECTION('',(0.,0.,-1.));
#12204=DIRECTION('',(-0.707106781186548,0.,0.707106781186548));
#12205=DIRECTION('',(1.,0.,0.));
#12206=DIRECTION('',(0.,0.,-1.));
#12207=DIRECTION('',(0.,-1.,0.));
#12208=DIRECTION('',(0.,0.,-1.));
#12209=DIRECTION('',(0.,1.,0.));
#12210=DIRECTION('',(0.,0.,-1.));
#12211=DIRECTION('',(1.,0.,0.));
#12212=DIRECTION('',(0.,8.16340459283203E-16,-1.));
#12213=DIRECTION('',(0.,-1.,8.16340459283203E-16));
#12214=DIRECTION('',(0.,0.,1.));
#12215=DIRECTION('',(1.,0.,0.));
#12216=DIRECTION('',(-8.16340459283203E-16,-1.,0.));
#12217=DIRECTION('',(0.,0.,1.));
#12218=DIRECTION('',(1.,-8.16340459283203E-16,0.));
#12219=DIRECTION('',(-1.,8.16340459283203E-16,0.));
#12220=DIRECTION('',(1.,0.,0.));
#12221=DIRECTION('',(0.,-1.,0.));
#12222=DIRECTION('',(0.,0.,1.));
#12223=DIRECTION('',(1.,0.,0.));
#12224=DIRECTION('',(8.16340459283203E-16,1.,0.));
#12225=DIRECTION('',(0.,1.,0.));
#12226=DIRECTION('',(1.,0.,0.));
#12227=DIRECTION('',(0.,0.,-1.));
#12228=DIRECTION('',(0.,-1.,0.));
#12229=DIRECTION('',(8.16340459283203E-16,1.,0.));
#12230=DIRECTION('',(0.,0.707106781186548,-0.707106781186548));
#12231=DIRECTION('',(1.,0.,0.));
#12232=DIRECTION('',(0.577350269189626,-0.577350269189626,-0.577350269189626));
#12233=DIRECTION('',(-1.,0.,0.));
#12234=DIRECTION('',(0.577350269189626,0.577350269189626,0.577350269189626));
#12235=DIRECTION('',(-0.707106781186548,0.707106781186548,0.));
#12236=DIRECTION('',(0.,0.,-1.));
#12237=DIRECTION('',(0.577350269189626,0.577350269189626,-0.577350269189626));
#12238=DIRECTION('',(0.,0.,1.));
#12239=DIRECTION('',(0.707106781186548,0.707106781186548,0.));
#12240=DIRECTION('',(0.,0.,1.));
#12241=DIRECTION('',(0.577350269189626,-0.577350269189626,0.577350269189626));
#12242=DIRECTION('',(0.,0.707106781186548,0.707106781186548));
#12243=DIRECTION('',(-1.,0.,0.));
#12244=DIRECTION('',(-1.,0.,0.));
#12245=DIRECTION('',(0.,0.,1.));
#12246=DIRECTION('',(0.,-1.,0.));
#12247=DIRECTION('',(0.,0.,-1.));
#12248=DIRECTION('',(-1.,0.,0.));
#12249=DIRECTION('',(0.707106781186548,-5.77239874516094E-16,0.707106781186548));
#12250=DIRECTION('',(0.707106781186548,0.,-0.707106781186548));
#12251=DIRECTION('',(4.08170229641602E-16,1.,4.08170229641602E-16));
#12252=DIRECTION('',(0.707106781186548,0.,-0.707106781186548));
#12253=DIRECTION('',(4.08170229641602E-16,1.,4.08170229641602E-16));
#12254=DIRECTION('',(0.707106781186548,-5.77239874516094E-16,-0.707106781186548));
#12255=DIRECTION('',(-0.707106781186548,0.,-0.707106781186548));
#12256=DIRECTION('',(-0.707106781186548,0.,-0.707106781186548));
#12257=DIRECTION('',(4.08170229641602E-16,1.,-4.08170229641602E-16));
#12258=DIRECTION('',(-0.707106781186548,5.77239874516094E-16,0.707106781186548));
#12259=DIRECTION('',(0.707106781186548,0.,0.707106781186548));
#12260=DIRECTION('',(4.08170229641602E-16,1.,-4.08170229641602E-16));
#12261=DIRECTION('',(0.707106781186548,0.,0.707106781186548));
#12262=DIRECTION('',(-8.16340459283203E-16,-1.,0.));
#12263=DIRECTION('',(1.,-8.16340459283203E-16,0.));
#12264=DIRECTION('',(0.707106781186548,-5.77239874516094E-16,0.707106781186548));
#12265=DIRECTION('',(-0.707106781186548,5.77239874516094E-16,0.707106781186548));
#12266=DIRECTION('',(-0.707106781186548,5.77239874516094E-16,-0.707106781186548));
#12267=DIRECTION('',(8.16340459283203E-16,1.,0.));
#12268=DIRECTION('',(-1.,8.16340459283203E-16,0.));
#12269=DIRECTION('',(8.16340459283203E-16,1.,0.));
#12270=DIRECTION('',(-1.,8.16340459283203E-16,0.));
#12271=DIRECTION('',(-0.707106781186548,5.77239874516094E-16,-0.707106781186548));
#12272=DIRECTION('',(-0.707106781186548,0.,0.707106781186548));
#12273=DIRECTION('',(-0.707106781186548,5.77239874516094E-16,-0.707106781186548));
#12274=DIRECTION('',(-0.707106781186548,0.,0.707106781186548));
#12275=DIRECTION('',(0.707106781186548,-5.77239874516094E-16,0.707106781186548));
#12276=DIRECTION('',(0.707106781186548,0.,-0.707106781186548));
#12277=DIRECTION('',(0.707106781186548,-5.77239874516094E-16,0.707106781186548));
#12278=DIRECTION('',(0.707106781186548,0.,-0.707106781186548));
#12279=DIRECTION('',(8.16340459283203E-16,1.,0.));
#12280=DIRECTION('',(-1.,8.16340459283203E-16,0.));
#12281=DIRECTION('',(3.46944695195352E-14,-1.,0.));
#12282=DIRECTION('',(1.,3.46944695195352E-14,0.));
#12283=DIRECTION('',(0.,0.,1.));
#12284=DIRECTION('',(1.,0.,0.));
#12285=DIRECTION('',(-0.707106781186548,5.77239874516094E-16,0.707106781186548));
#12286=DIRECTION('',(0.707106781186548,0.,0.707106781186548));
#12287=DIRECTION('',(0.,0.,1.));
#12288=DIRECTION('',(1.,0.,0.));
#12289=DIRECTION('',(-0.707106781186548,5.77239874516094E-16,0.707106781186548));
#12290=DIRECTION('',(0.707106781186548,0.,0.707106781186548));
#12291=DIRECTION('',(-0.707106781186548,5.77239874516094E-16,0.707106781186548));
#12292=DIRECTION('',(0.707106781186548,0.,0.707106781186548));
#12293=DIRECTION('',(0.,-1.,0.));
#12294=DIRECTION('',(0.,0.,-1.));
#12295=DIRECTION('',(0.,0.,1.));
#12296=DIRECTION('',(1.,0.,0.));
#12297=DIRECTION('',(0.,0.,1.));
#12298=DIRECTION('',(1.,0.,0.));
#12299=DIRECTION('',(0.,0.,1.));
#12300=DIRECTION('',(1.,0.,0.));
#12301=DIRECTION('',(0.,-1.,0.));
#12302=DIRECTION('',(0.,0.,-1.));
#12303=DIRECTION('',(0.,1.,0.));
#12304=DIRECTION('',(0.,0.,1.));
#12305=DIRECTION('',(0.,1.,0.));
#12306=DIRECTION('',(0.,0.,1.));
#12307=DIRECTION('',(0.,0.,1.));
#12308=DIRECTION('',(1.,0.,0.));
#12309=DIRECTION('',(1.,0.,0.));
#12310=DIRECTION('',(0.,0.,-1.));
#12311=DIRECTION('',(-1.,8.16340459283203E-16,0.));
#12312=DIRECTION('',(-8.16340459283203E-16,-1.,0.));
#12313=DIRECTION('',(0.,-1.,0.));
#12314=DIRECTION('',(0.,0.,-1.));
#12315=DIRECTION('',(1.,0.,1.04744440165294E-14));
#12316=DIRECTION('',(1.04744440165294E-14,0.,-1.));
#12317=DIRECTION('',(1.04744440165294E-14,0.,-1.));
#12318=DIRECTION('',(1.,0.,1.04744440165294E-14));
#12319=DIRECTION('',(-1.04744440165294E-14,0.,1.));
#12320=DIRECTION('',(1.04744440165294E-14,0.,-1.));
#12321=DIRECTION('',(1.,0.,1.04744440165294E-14));
#12322=DIRECTION('',(1.04744440165294E-14,0.,-1.));
#12323=DIRECTION('',(1.04744440165294E-14,0.,-1.));
#12324=DIRECTION('',(0.,-1.,0.));
#12325=DIRECTION('',(-1.04744440165294E-14,0.,1.));
#12326=DIRECTION('',(1.,0.,1.04744440165294E-14));
#12327=DIRECTION('',(-1.04744440165294E-14,0.,1.));
#12328=DIRECTION('',(-1.04744440165294E-14,0.,1.));
#12329=DIRECTION('',(1.,0.,1.04744440165294E-14));
#12330=DIRECTION('',(1.04744440165294E-14,0.,-1.));
#12331=DIRECTION('',(-1.04744440165294E-14,0.,1.));
#12332=DIRECTION('',(0.,-1.,0.));
#12333=DIRECTION('',(-1.,0.,-1.04744440165294E-14));
#12334=DIRECTION('',(-1.,0.,-1.04744440165294E-14));
#12335=DIRECTION('',(0.,1.,0.));
#12336=DIRECTION('',(1.,0.,1.04744440165294E-14));
#12337=DIRECTION('',(-1.,0.,-1.04744440165294E-14));
#12338=DIRECTION('',(0.,1.,0.));
#12339=DIRECTION('',(1.,0.,1.04744440165294E-14));
#12340=DIRECTION('',(0.,1.,0.));
#12341=DIRECTION('',(0.,0.,1.));
#12342=DIRECTION('',(1.,0.,0.));
#12343=DIRECTION('',(-1.,0.,-1.04744440165294E-14));
#12344=DIRECTION('',(0.,-1.,0.));
#12345=DIRECTION('',(-1.,0.,-1.04744440165294E-14));
#12346=DIRECTION('',(-1.,0.,0.));
#12347=DIRECTION('',(0.,-1.,0.));
#12348=DIRECTION('',(0.,0.,-1.));
#12349=DIRECTION('',(-1.,0.,-1.04744440165294E-14));
#12350=DIRECTION('',(-1.,0.,-1.04744440165294E-14));
#12351=DIRECTION('',(-1.04744440165294E-14,0.,1.));
#12352=DIRECTION('',(-1.,0.,-1.04744440165294E-14));
#12353=DIRECTION('',(-1.,0.,-1.04744440165294E-14));
#12354=DIRECTION('',(-1.04744440165294E-14,0.,1.));
#12355=DIRECTION('',(-1.,0.,-1.04744440165294E-14));
#12356=DIRECTION('',(0.,-1.,0.));
#12357=DIRECTION('',(-1.,0.,-1.04744440165294E-14));
#12358=DIRECTION('',(-1.,0.,-1.04744440165294E-14));
#12359=DIRECTION('',(-1.,0.,-1.04744440165294E-14));
#12360=DIRECTION('',(-1.04744440165294E-14,0.,1.));
#12361=DIRECTION('',(-1.,0.,-1.04744440165294E-14));
#12362=DIRECTION('',(-1.04744440165294E-14,0.,1.));
#12363=DIRECTION('',(-1.,0.,-1.04744440165294E-14));
#12364=DIRECTION('',(0.,1.,0.));
#12365=DIRECTION('',(1.,0.,1.04744440165294E-14));
#12366=DIRECTION('',(0.,-1.,0.));
#12367=DIRECTION('',(0.,0.,1.));
#12368=DIRECTION('',(0.,-1.,0.));
#12369=DIRECTION('',(0.,-1.,0.));
#12370=DIRECTION('',(0.,0.,-1.));
#12371=DIRECTION('',(0.,-1.,0.));
#12372=DIRECTION('',(0.,0.,1.));
#12373=DIRECTION('',(0.,-1.,0.));
#12374=DIRECTION('',(0.,-1.,0.));
#12375=DIRECTION('',(0.,0.,-1.));
#12376=DIRECTION('',(-8.16340459283203E-16,-1.,0.));
#12377=DIRECTION('',(1.,-8.16340459283203E-16,0.));
#12378=DIRECTION('',(8.16340459283203E-16,1.,0.));
#12379=DIRECTION('',(1.,-8.16340459283203E-16,0.));
#12380=DIRECTION('',(0.707106781186548,-5.77239874516094E-16,-0.707106781186548));
#12381=DIRECTION('',(0.,0.,-1.));
#12382=DIRECTION('',(-1.,8.16340459283203E-16,0.));
#12383=DIRECTION('',(0.,0.,-1.));
#12384=DIRECTION('',(-1.,0.,0.));
#12385=DIRECTION('',(0.,0.,-1.));
#12386=DIRECTION('',(-1.,8.16340459283203E-16,0.));
#12387=DIRECTION('',(0.,0.,1.));
#12388=DIRECTION('',(8.16340459283203E-16,1.,0.));
#12389=DIRECTION('',(1.,-8.16340459283203E-16,0.));
#12390=DIRECTION('',(1.,-8.16340459283203E-16,0.));
#12391=DIRECTION('',(0.,0.,-1.));
#12392=DIRECTION('',(1.,-8.16340459283203E-16,-4.63502542989784E-15));
#12393=DIRECTION('',(8.16340459283203E-16,1.,0.));
#12394=DIRECTION('',(1.,-8.16340459283203E-16,0.));
#12395=DIRECTION('',(-4.63502542989784E-15,3.78375878823212E-30,1.));
#12396=DIRECTION('',(8.16340459283203E-16,1.,0.));
#12397=DIRECTION('',(1.,-8.16340459283203E-16,0.));
#12398=DIRECTION('',(-0.707106781186548,5.77239874516094E-16,0.707106781186548));
#12399=DIRECTION('',(8.16340459283203E-16,1.,0.));
#12400=DIRECTION('',(1.,-8.16340459283203E-16,0.));
#12401=DIRECTION('',(0.707106781186548,-5.77239874516094E-16,0.707106781186548));
#12402=DIRECTION('',(8.16340459283203E-16,1.,0.));
#12403=DIRECTION('',(1.,-8.16340459283203E-16,0.));
#12404=DIRECTION('',(0.707106781186548,-5.77239874516094E-16,-0.707106781186548));
#12405=DIRECTION('',(8.16340459283203E-16,1.,0.));
#12406=DIRECTION('',(1.,-8.16340459283203E-16,0.));
#12407=DIRECTION('',(8.16340459283203E-16,1.,0.));
#12408=DIRECTION('',(1.,-8.16340459283203E-16,0.));
#12409=DIRECTION('',(-1.,8.16340459283203E-16,0.));
#12410=DIRECTION('',(0.,0.,-1.));
#12411=DIRECTION('',(-1.,8.16340459283203E-16,0.));
#12412=DIRECTION('',(0.707106781186548,-5.77239874516094E-16,-0.707106781186548));
#12413=DIRECTION('',(0.,1.,0.));
#12414=DIRECTION('',(0.,0.,-1.));
#12415=DIRECTION('',(0.,0.,-1.));
#12416=DIRECTION('',(1.,0.,0.));
#12417=DIRECTION('',(0.,0.,1.));
#12418=DIRECTION('',(-1.,0.,0.));
#12419=DIRECTION('',(0.,0.,1.));
#12420=DIRECTION('',(1.,0.,0.));
#12421=DIRECTION('',(0.,0.,-1.));
#12422=DIRECTION('',(-1.,0.,0.));
#12423=DIRECTION('',(0.,-1.,0.));
#12424=DIRECTION('',(0.,0.,1.));
#12425=DIRECTION('',(-0.707106781186548,0.,-0.707106781186548));
#12426=DIRECTION('',(0.,0.,-1.));
#12427=DIRECTION('',(-1.,0.,0.));
#12428=DIRECTION('',(0.,1.,0.));
#12429=DIRECTION('',(0.,0.,1.));
#12430=DIRECTION('',(0.,-1.,0.));
#12431=DIRECTION('',(0.,0.,1.));
#12432=DIRECTION('',(5.55765921160943E-16,1.,-5.55765921160943E-16));
#12433=DIRECTION('',(0.,5.55765921160943E-16,1.));
#12434=DIRECTION('',(8.16340459283203E-16,1.,0.));
#12435=DIRECTION('',(1.,-8.16340459283203E-16,0.));
#12436=DIRECTION('',(1.,-8.16340459283203E-16,4.63502542989784E-15));
#12437=DIRECTION('',(-4.63502542989784E-15,0.,1.));
#12438=DIRECTION('',(8.16340459283203E-16,1.,0.));
#12439=DIRECTION('',(-4.63502542989784E-15,5.55765921160945E-16,1.));
#12440=DIRECTION('',(8.16340459283203E-16,1.,-4.93038065763132E-32));
#12441=DIRECTION('',(-4.63502542989784E-15,3.78375878823212E-30,1.));
#12442=DIRECTION('',(8.16340459283203E-16,1.,0.));
#12443=DIRECTION('',(-1.,8.16340459283203E-16,0.));
#12444=DIRECTION('',(8.16340459283203E-16,1.,0.));
#12445=DIRECTION('',(5.55765921160943E-16,1.,-5.55765921160943E-16));
#12446=DIRECTION('',(0.,5.55765921160943E-16,1.));
#12447=DIRECTION('',(8.16340459283203E-16,1.,0.));
#12448=DIRECTION('',(1.,-8.16340459283203E-16,0.));
#12449=DIRECTION('',(-4.63502542989784E-15,3.78375878823212E-30,-1.));
#12450=DIRECTION('',(1.,0.,-4.63502542989784E-15));
#12451=DIRECTION('',(8.16340459283203E-16,1.,0.));
#12452=DIRECTION('',(1.,-5.55765921160945E-16,-4.63502542989784E-15));
#12453=DIRECTION('',(1.,-8.16340459283203E-16,-4.63502542989784E-15));
#12454=DIRECTION('',(0.,0.,1.));
#12455=DIRECTION('',(-1.,0.,0.));
#12456=DIRECTION('',(0.,-1.,0.));
#12457=DIRECTION('',(-1.,8.16340459283204E-16,0.));
#12458=DIRECTION('',(0.,-1.,0.));
#12459=DIRECTION('',(-1.,0.,0.));
#12460=DIRECTION('',(0.,-1.,0.));
#12461=DIRECTION('',(-1.,0.,0.));
#12462=DIRECTION('',(0.,0.,-1.));
#12463=DIRECTION('',(0.,-1.,0.));
#12464=DIRECTION('',(0.,0.,-1.));
#12465=DIRECTION('',(0.,1.,0.));
#12466=DIRECTION('',(0.,0.,-1.));
#12467=DIRECTION('',(0.,-1.,0.));
#12468=DIRECTION('',(0.,0.,-1.));
#12469=DIRECTION('',(0.,0.,1.));
#12470=DIRECTION('',(0.,-1.,0.));
#12471=DIRECTION('',(0.,0.,1.));
#12472=DIRECTION('',(-0.707106781186548,-0.707106781186548,0.));
#12473=DIRECTION('',(0.707106781186548,-0.707106781186548,0.));
#12474=DIRECTION('',(0.,-0.707106781186548,0.707106781186548));
#12475=DIRECTION('',(0.,-0.707106781186548,-0.707106781186548));
#12476=DIRECTION('',(8.16340459283203E-16,1.,0.));
#12477=DIRECTION('',(1.,-8.16340459283203E-16,0.));
#12478=DIRECTION('',(0.,0.707106781186548,-0.707106781186548));
#12479=DIRECTION('',(-1.,0.,0.));
#12480=DIRECTION('',(0.577350269189626,-0.577350269189626,-0.577350269189626));
#12481=DIRECTION('',(-0.577350269189626,-0.577350269189626,-0.577350269189626));
#12482=DIRECTION('',(0.707106781186548,0.707106781186548,0.));
#12483=DIRECTION('',(0.,0.,-1.));
#12484=DIRECTION('',(-0.577350269189626,0.577350269189626,-0.577350269189626));
#12485=DIRECTION('',(-0.707106781186548,0.707106781186548,0.));
#12486=DIRECTION('',(0.,0.,1.));
#12487=DIRECTION('',(-0.577350269189626,-0.577350269189626,0.577350269189626));
#12488=DIRECTION('',(0.,0.707106781186548,0.707106781186548));
#12489=DIRECTION('',(1.,0.,0.));
#12490=DIRECTION('',(1.,0.,0.));
#12491=DIRECTION('',(0.,0.,1.));
#12492=DIRECTION('',(0.,-1.,0.));
#12493=DIRECTION('',(0.,0.,-1.));
#12494=DIRECTION('',(0.,0.,-1.));
#12495=DIRECTION('',(-1.,0.,0.));
#12496=DIRECTION('',(0.,0.,1.));
#12497=DIRECTION('',(0.,0.,-1.));
#12498=DIRECTION('',(1.,0.,0.));
#12499=DIRECTION('',(-1.,0.,0.));
#12500=DIRECTION('',(-1.,0.,0.));
#12501=DIRECTION('',(0.,0.,1.));
#12502=DIRECTION('',(1.,0.,0.));
#12503=DIRECTION('',(0.,-1.,0.));
#12504=DIRECTION('',(0.,0.,1.));
#12505=DIRECTION('',(-1.,0.,0.));
#12506=DIRECTION('',(0.,0.,-1.));
#12507=DIRECTION('',(0.,1.,0.));
#12508=DIRECTION('',(0.,0.,1.));
#12509=DIRECTION('',(0.707106781186548,-5.77239874516094E-16,-0.707106781186548));
#12510=DIRECTION('',(0.707106781186548,0.,0.707106781186548));
#12511=DIRECTION('',(8.16340459283203E-16,1.,0.));
#12512=DIRECTION('',(0.707106781186548,-5.77239874516094E-16,0.707106781186548));
#12513=DIRECTION('',(8.16340459283203E-16,1.,0.));
#12514=DIRECTION('',(0.707106781186548,-5.77239874516094E-16,0.707106781186548));
#12515=DIRECTION('',(0.707106781186548,-5.77239874516094E-16,0.707106781186548));
#12516=DIRECTION('',(-0.707106781186548,0.,0.707106781186548));
#12517=DIRECTION('',(8.16340459283203E-16,1.,0.));
#12518=DIRECTION('',(0.707106781186548,-7.85971703210581E-16,-0.707106781186548));
#12519=DIRECTION('',(0.,1.,8.16340459283203E-16));
#12520=DIRECTION('',(-0.707106781186548,5.77239874516094E-16,0.707106781186548));
#12521=DIRECTION('',(8.16340459283203E-16,1.,0.));
#12522=DIRECTION('',(-0.707106781186548,5.77239874516094E-16,0.707106781186548));
#12523=DIRECTION('',(-0.707106781186548,5.77239874516094E-16,-0.707106781186548));
#12524=DIRECTION('',(0.707106781186548,0.,-0.707106781186548));
#12525=DIRECTION('',(8.16340459283203E-16,1.,0.));
#12526=DIRECTION('',(0.707106781186548,-5.77239874516094E-16,-0.707106781186548));
#12527=DIRECTION('',(-8.16340459283203E-16,-1.,0.));
#12528=DIRECTION('',(-0.707106781186548,7.85971703210581E-16,0.707106781186548));
#12529=DIRECTION('',(8.16340459283203E-16,1.,0.));
#12530=DIRECTION('',(0.707106781186548,-5.77239874516094E-16,-0.707106781186548));
#12531=DIRECTION('',(-8.16340459283203E-16,-1.,0.));
#12532=DIRECTION('',(1.,-8.16340459283203E-16,0.));
#12533=DIRECTION('',(0.707106781186548,-5.77239874516094E-16,-0.707106781186548));
#12534=DIRECTION('',(0.707106781186548,-5.77239874516094E-16,0.707106781186548));
#12535=DIRECTION('',(-0.707106781186548,5.77239874516094E-16,0.707106781186548));
#12536=DIRECTION('',(0.,0.,1.));
#12537=DIRECTION('',(8.16340459283203E-16,1.,0.));
#12538=DIRECTION('',(1.,-8.16340459283203E-16,0.));
#12539=DIRECTION('',(1.,-8.16340459283203E-16,0.));
#12540=DIRECTION('',(-5.55765921160943E-16,-1.,5.55765921160943E-16));
#12541=DIRECTION('',(0.,5.55765921160943E-16,1.));
#12542=DIRECTION('',(5.55765921160943E-16,1.,-5.55765921160943E-16));
#12543=DIRECTION('',(0.,5.55765921160943E-16,1.));
#12544=DIRECTION('',(1.,-5.55765921160945E-16,-4.63502542989784E-15));
#12545=DIRECTION('',(-0.707106781186548,7.85971703210581E-16,0.707106781186548));
#12546=DIRECTION('',(1.,-5.55765921160943E-16,0.));
#12547=DIRECTION('',(5.55765921160943E-16,1.,-5.55765921160943E-16));
#12548=DIRECTION('',(0.,5.55765921160943E-16,1.));
#12549=DIRECTION('',(0.,5.55765921160943E-16,1.));
#12550=DIRECTION('',(0.707106781186548,-7.85971703210581E-16,-0.707106781186548));
#12551=DIRECTION('',(-4.63502542989784E-15,5.55765921160945E-16,1.));
#12552=DIRECTION('',(8.16340459283203E-16,1.,0.));
#12553=DIRECTION('',(-1.,8.16340459283203E-16,0.));
#12554=DIRECTION('',(0.,-1.,0.));
#12555=DIRECTION('',(0.,0.,-1.));
#12556=DIRECTION('',(8.16340459283203E-16,1.,0.));
#12557=DIRECTION('',(1.,-8.16340459283203E-16,0.));
#12558=DIRECTION('',(-0.707106781186548,5.77239874516094E-16,0.707106781186548));
#12559=DIRECTION('',(-0.707106781186548,0.,-0.707106781186548));
#12560=DIRECTION('',(0.707106781186548,0.,-0.707106781186548));
#12561=DIRECTION('',(-0.707106781186548,0.,-0.707106781186548));
#12562=DIRECTION('',(0.948683298050512,2.5814951974829E-16,0.316227766016843));
#12563=DIRECTION('',(-0.316227766016843,0.,0.948683298050512));
#12564=DIRECTION('',(0.707106781186548,-5.77239874516094E-16,-0.707106781186548));
#12565=DIRECTION('',(0.707106781186548,0.,0.707106781186548));
#12566=DIRECTION('',(0.707106781186548,0.,-0.707106781186548));
#12567=DIRECTION('',(-0.707106781186548,0.,-0.707106781186548));
#12568=DIRECTION('',(-0.316227766016833,2.58149519748283E-16,-0.948683298050515));
#12569=DIRECTION('',(0.948683298050515,0.,-0.316227766016834));
#12570=DIRECTION('',(8.16340459283203E-16,1.,0.));
#12571=DIRECTION('',(-1.,8.16340459283203E-16,0.));
#12572=DIRECTION('',(0.,-1.,0.));
#12573=DIRECTION('',(0.,0.,-1.));
#12574=DIRECTION('',(8.16340459283203E-16,1.,0.));
#12575=DIRECTION('',(1.,-8.16340459283203E-16,0.));
#12576=DIRECTION('',(0.,0.,-1.));
#12577=DIRECTION('',(1.,0.,0.));
#12578=DIRECTION('',(-0.707106781186548,0.,-0.707106781186548));
#12579=DIRECTION('',(-0.707106781186548,0.,0.707106781186548));
#12580=DIRECTION('',(0.,0.,-1.));
#12581=DIRECTION('',(1.,0.,0.));
#12582=DIRECTION('',(0.707106781186548,0.,0.707106781186548));
#12583=DIRECTION('',(0.707106781186548,0.,-0.707106781186548));
#12584=DIRECTION('',(-0.707106781186548,5.77239874516094E-16,-0.707106781186548));
#12585=DIRECTION('',(0.707106781186548,0.,-0.707106781186548));
#12586=DIRECTION('',(-8.16340459283203E-16,-1.,4.93038065763135E-32));
#12587=DIRECTION('',(1.,-8.16340459283203E-16,0.));
#12588=DIRECTION('',(8.16340459283203E-16,1.,0.));
#12589=DIRECTION('',(1.,-8.16340459283203E-16,0.));
#12590=DIRECTION('',(-0.707106781186548,7.85971703210581E-16,0.707106781186548));
#12591=DIRECTION('',(-0.707106781186548,0.,-0.707106781186548));
#12592=DIRECTION('',(0.948683298050512,3.51497231354035E-16,0.316227766016843));
#12593=DIRECTION('',(-0.316227766016843,0.,0.948683298050512));
#12594=DIRECTION('',(-8.16340459283203E-16,-1.,4.93038065763135E-32));
#12595=DIRECTION('',(1.,-8.16340459283203E-16,0.));
#12596=DIRECTION('',(8.16340459283203E-16,1.,0.));
#12597=DIRECTION('',(1.,-8.16340459283203E-16,0.));
#12598=DIRECTION('',(0.707106781186548,-7.85971703210581E-16,-0.707106781186548));
#12599=DIRECTION('',(0.707106781186548,0.,0.707106781186548));
#12600=DIRECTION('',(-0.316227766016833,3.51497231354025E-16,-0.948683298050515));
#12601=DIRECTION('',(0.948683298050515,0.,-0.316227766016834));
#12602=DIRECTION('',(0.714337655438853,-0.663151227980266,-0.223499805034342));
#12603=DIRECTION('',(0.680361674511963,0.732876518831977,0.));
#12604=DIRECTION('',(0.939964720030973,-0.33024095976233,-0.0860652868022293));
#12605=DIRECTION('',(0.331470882705936,0.943465449244511,0.));
#12606=DIRECTION('',(1.,-5.55765921160945E-16,-4.63502542989784E-15));
#12607=DIRECTION('',(4.63502542989784E-15,0.,1.));
#12608=DIRECTION('',(1.,0.,0.));
#12609=DIRECTION('',(0.,0.,-1.));
#12610=DIRECTION('',(-5.55765921160943E-16,-1.,5.55765921160943E-16));
#12611=DIRECTION('',(0.,5.55765921160943E-16,1.));
#12612=DIRECTION('',(0.,0.,1.));
#12613=DIRECTION('',(1.,0.,0.));
#12614=DIRECTION('',(-4.63502542989784E-15,5.55765921160945E-16,1.));
#12615=DIRECTION('',(-1.,0.,-4.63502542989784E-15));
#12616=DIRECTION('',(-0.500000000126395,-0.707106780760721,0.500000000475814));
#12617=DIRECTION('',(0.,-0.577350269787698,-0.816496580504825));
#12618=DIRECTION('',(0.,0.,1.));
#12619=DIRECTION('',(-1.,0.,0.));
#12620=DIRECTION('',(0.,0.,-1.));
#12621=DIRECTION('',(-1.,0.,0.));
#12622=DIRECTION('',(0.,0.,1.));
#12623=DIRECTION('',(1.,0.,0.));
#12624=DIRECTION('',(0.,-1.,0.));
#12625=DIRECTION('',(0.,0.,-1.));
#12626=DIRECTION('',(-8.16340459283203E-16,-1.,0.));
#12627=DIRECTION('',(1.,-8.16340459283203E-16,0.));
#12628=DIRECTION('',(-1.,0.,0.));
#12629=DIRECTION('',(0.,0.,1.));
#12630=DIRECTION('',(0.,-1.,-8.16340459283203E-16));
#12631=DIRECTION('',(0.,-8.16340459283203E-16,1.));
#12632=DIRECTION('',(0.,-1.,0.));
#12633=DIRECTION('',(0.,0.,-1.));
#12634=DIRECTION('',(1.,-8.16340459283203E-16,0.));
#12635=DIRECTION('',(8.16340459283203E-16,1.,0.));
#12636=DIRECTION('',(-1.,0.,0.));
#12637=DIRECTION('',(0.,0.,1.));
#12638=DIRECTION('',(0.,0.,-1.));
#12639=DIRECTION('',(-1.,0.,0.));
#12640=DIRECTION('',(0.,-1.,0.));
#12641=DIRECTION('',(0.,0.,-1.));
#12642=DIRECTION('',(0.,-5.55765921160943E-16,-1.));
#12643=DIRECTION('',(0.,-1.,5.55765921160943E-16));
#12644=DIRECTION('',(0.,0.,-1.));
#12645=DIRECTION('',(-1.,0.,0.));
#12646=DIRECTION('',(8.16340459283203E-16,1.,0.));
#12647=DIRECTION('',(-1.,8.16340459283203E-16,0.));
#12648=DIRECTION('',(0.,-1.,0.));
#12649=DIRECTION('',(0.,0.,-1.));
#12650=DIRECTION('',(-5.55765921160943E-16,-1.,5.55765921160943E-16));
#12651=DIRECTION('',(0.,5.55765921160943E-16,1.));
#12652=DIRECTION('',(-1.,0.,0.));
#12653=DIRECTION('',(0.,0.,1.));
#12654=DIRECTION('',(1.,0.,0.));
#12655=DIRECTION('',(0.,0.,-1.));
#12656=DIRECTION('',(-1.,5.55765921160943E-16,0.));
#12657=DIRECTION('',(-5.55765921160943E-16,-1.,0.));
#12658=DIRECTION('',(0.707106781186548,-5.77239874516094E-16,-0.707106781186548));
#12659=DIRECTION('',(0.707106781186548,0.,0.707106781186548));
#12660=DIRECTION('',(-0.707106781186548,0.,0.707106781186548));
#12661=DIRECTION('',(0.707106781186548,0.,0.707106781186548));
#12662=DIRECTION('',(0.707106781186513,0.,-0.707106781186582));
#12663=DIRECTION('',(-0.707106781186582,0.,-0.707106781186513));
#12664=DIRECTION('',(-8.16340459283203E-16,-1.,0.));
#12665=DIRECTION('',(1.,-8.16340459283203E-16,0.));
#12666=DIRECTION('',(0.,0.,-1.));
#12667=DIRECTION('',(-1.,0.,0.));
#12668=DIRECTION('',(-8.16340459283203E-16,-1.,0.));
#12669=DIRECTION('',(1.,-8.16340459283203E-16,0.));
#12670=DIRECTION('',(-0.707106781186548,0.,-0.707106781186548));
#12671=DIRECTION('',(-0.707106781186548,0.,0.707106781186548));
#12672=DIRECTION('',(4.63502542989784E-15,-3.78375878823212E-30,-1.));
#12673=DIRECTION('',(1.,0.,4.63502542989784E-15));
#12674=DIRECTION('',(0.,0.,-1.));
#12675=DIRECTION('',(-1.,0.,0.));
#12676=DIRECTION('',(0.707106781186548,-5.77239874516094E-16,0.707106781186548));
#12677=DIRECTION('',(-0.707106781186548,0.,0.707106781186548));
#12678=DIRECTION('',(-0.707106781186548,0.,-0.707106781186548));
#12679=DIRECTION('',(-0.707106781186548,0.,0.707106781186548));
#12680=DIRECTION('',(-8.16340459283203E-16,-1.,0.));
#12681=DIRECTION('',(1.,-8.16340459283203E-16,0.));
#12682=DIRECTION('',(-1.,0.,0.));
#12683=DIRECTION('',(0.,0.,1.));
#12684=DIRECTION('',(-8.16340459283203E-16,-1.,0.));
#12685=DIRECTION('',(1.,-8.16340459283203E-16,0.));
#12686=DIRECTION('',(0.707106781186548,0.,-0.707106781186548));
#12687=DIRECTION('',(-0.707106781186548,0.,-0.707106781186548));
#12688=DIRECTION('',(-1.,8.16340459283203E-16,4.63502542989784E-15));
#12689=DIRECTION('',(-4.63502542989784E-15,0.,-1.));
#12690=DIRECTION('',(-1.,0.,0.));
#12691=DIRECTION('',(0.,0.,1.));
#12692=DIRECTION('',(-0.707106781186548,5.77239874516094E-16,0.707106781186548));
#12693=DIRECTION('',(-0.707106781186548,0.,-0.707106781186548));
#12694=DIRECTION('',(0.707106781186548,4.906538933387E-14,-0.707106781186548));
#12695=DIRECTION('',(-0.707106781186548,0.,-0.707106781186548));
#12696=DIRECTION('',(-8.16340459283203E-16,-1.,0.));
#12697=DIRECTION('',(1.,-8.16340459283203E-16,0.));
#12698=DIRECTION('',(0.,0.,1.));
#12699=DIRECTION('',(-1.,0.,0.));
#12700=DIRECTION('',(0.,0.,-1.));
#12701=DIRECTION('',(-1.,0.,0.));
#12702=DIRECTION('',(0.,0.,-1.));
#12703=DIRECTION('',(-1.,0.,0.));
#12704=DIRECTION('',(-8.16340459283203E-16,-1.,0.));
#12705=DIRECTION('',(1.,-8.16340459283203E-16,0.));
#12706=DIRECTION('',(-1.,0.,0.));
#12707=DIRECTION('',(0.,0.,1.));
#12708=DIRECTION('',(1.,-8.16340459283203E-16,0.));
#12709=DIRECTION('',(8.16340459283203E-16,1.,0.));
#12710=DIRECTION('',(-1.,8.16340459283203E-16,0.));
#12711=DIRECTION('',(8.16340459283203E-16,1.,0.));
#12712=DIRECTION('',(0.,-1.,0.));
#12713=DIRECTION('',(0.,0.,1.));
#12714=DIRECTION('',(0.,0.,-1.));
#12715=DIRECTION('',(-1.,0.,0.));
#12716=DIRECTION('',(0.,1.,0.));
#12717=DIRECTION('',(0.,0.,1.));
#12718=DIRECTION('',(0.,-1.,0.));
#12719=DIRECTION('',(0.,0.,1.));
#12720=DIRECTION('',(-0.707106781186548,0.,-0.707106781186548));
#12721=DIRECTION('',(0.,1.,0.));
#12722=DIRECTION('',(0.,0.,1.));
#12723=DIRECTION('',(0.,0.,-1.));
#12724=DIRECTION('',(-1.,0.,0.));
#12725=DIRECTION('',(1.,0.,0.));
#12726=DIRECTION('',(0.,0.,1.));
#12727=DIRECTION('',(0.,-1.,-8.16340459283203E-16));
#12728=DIRECTION('',(-1.,0.,0.));
#12729=DIRECTION('',(0.,8.16340459283203E-16,1.));
#12730=DIRECTION('',(0.,0.,1.));
#12731=DIRECTION('',(0.,1.,0.));
#12732=DIRECTION('',(0.,0.,1.));
#12733=DIRECTION('',(0.,-1.,0.));
#12734=DIRECTION('',(0.,0.,-1.));
#12735=DIRECTION('',(1.,0.,0.));
#12736=DIRECTION('',(-8.16340459283203E-16,-1.,0.));
#12737=DIRECTION('',(0.,-1.,0.));
#12738=DIRECTION('',(1.,0.,0.));
#12739=DIRECTION('',(-1.,8.16340459283203E-16,0.));
#12740=DIRECTION('',(0.,0.,1.));
#12741=DIRECTION('',(1.,-8.16340459283203E-16,0.));
#12742=DIRECTION('',(0.,0.,1.));
#12743=DIRECTION('',(-1.,0.,0.));
#12744=DIRECTION('',(-1.,0.,0.));
#12745=DIRECTION('',(0.,-1.,0.));
#12746=DIRECTION('',(0.,-1.,0.));
#12747=DIRECTION('',(-1.,0.,0.));
#12748=DIRECTION('',(0.,0.,-1.));
#12749=DIRECTION('',(0.,1.,0.));
#12750=DIRECTION('',(0.,0.,-1.));
#12751=DIRECTION('',(0.,0.707106781186548,-0.707106781186548));
#12752=DIRECTION('',(-1.,0.,0.));
#12753=DIRECTION('',(0.577350269189626,-0.577350269189626,-0.577350269189626));
#12754=DIRECTION('',(0.577350269189626,0.577350269189626,0.577350269189626));
#12755=DIRECTION('',(0.707106781186548,0.707106781186548,0.));
#12756=DIRECTION('',(0.,0.,-1.));
#12757=DIRECTION('',(0.577350269189626,-0.577350269189626,0.577350269189626));
#12758=DIRECTION('',(-0.707106781186548,0.707106781186548,0.));
#12759=DIRECTION('',(0.,0.,1.));
#12760=DIRECTION('',(0.577350269189626,0.577350269189626,-0.577350269189626));
#12761=DIRECTION('',(0.,0.707106781186548,0.707106781186548));
#12762=DIRECTION('',(1.,0.,0.));
#12763=DIRECTION('',(1.,0.,0.));
#12764=DIRECTION('',(0.,0.,1.));
#12765=DIRECTION('',(8.16340459283203E-16,1.,0.));
#12766=DIRECTION('',(0.,0.,-1.));
#12767=DIRECTION('',(1.,0.,0.));
#12768=DIRECTION('',(8.16340459283203E-16,1.,0.));
#12769=DIRECTION('',(0.707106781186548,-5.77239874516094E-16,-0.707106781186548));
#12770=DIRECTION('',(0.707106781186548,0.,0.707106781186548));
#12771=DIRECTION('',(4.08170229641602E-16,1.,-4.08170229641602E-16));
#12772=DIRECTION('',(0.707106781186548,0.,0.707106781186548));
#12773=DIRECTION('',(4.08170229641602E-16,1.,-4.08170229641602E-16));
#12774=DIRECTION('',(0.707106781186548,-5.77239874516094E-16,0.707106781186548));
#12775=DIRECTION('',(-0.707106781186548,0.,0.707106781186548));
#12776=DIRECTION('',(4.08170229641602E-16,1.,4.08170229641602E-16));
#12777=DIRECTION('',(-0.707106781186548,0.,0.707106781186548));
#12778=DIRECTION('',(-0.707106781186548,5.77239874516094E-16,-0.707106781186548));
#12779=DIRECTION('',(0.707106781186548,0.,-0.707106781186548));
#12780=DIRECTION('',(0.707106781186548,0.,-0.707106781186548));
#12781=DIRECTION('',(4.08170229641602E-16,1.,4.08170229641602E-16));
#12782=DIRECTION('',(-8.16340459283203E-16,-1.,0.));
#12783=DIRECTION('',(1.,-8.16340459283203E-16,0.));
#12784=DIRECTION('',(0.707106781186548,-5.77239874516094E-16,-0.707106781186548));
#12785=DIRECTION('',(-0.707106781186548,5.77239874516094E-16,0.707106781186548));
#12786=DIRECTION('',(-0.707106781186548,5.77239874516094E-16,-0.707106781186548));
#12787=DIRECTION('',(8.16340459283203E-16,1.,0.));
#12788=DIRECTION('',(-1.,8.16340459283203E-16,0.));
#12789=DIRECTION('',(-8.16340459283203E-16,-1.,0.));
#12790=DIRECTION('',(-1.,8.16340459283203E-16,0.));
#12791=DIRECTION('',(-0.707106781186548,5.77239874516094E-16,0.707106781186548));
#12792=DIRECTION('',(-0.707106781186548,0.,-0.707106781186548));
#12793=DIRECTION('',(0.707106781186548,-5.77239874516094E-16,-0.707106781186548));
#12794=DIRECTION('',(-0.707106781186548,0.,-0.707106781186548));
#12795=DIRECTION('',(0.707106781186548,-5.77239874516094E-16,-0.707106781186548));
#12796=DIRECTION('',(0.707106781186548,0.,0.707106781186548));
#12797=DIRECTION('',(-0.707106781186548,5.77239874516094E-16,0.707106781186548));
#12798=DIRECTION('',(0.707106781186548,0.,0.707106781186548));
#12799=DIRECTION('',(8.16340459283203E-16,1.,0.));
#12800=DIRECTION('',(-1.,8.16340459283203E-16,0.));
#12801=DIRECTION('',(-3.46944695195352E-14,1.,0.));
#12802=DIRECTION('',(1.,3.46944695195352E-14,0.));
#12803=DIRECTION('',(0.,0.,-1.));
#12804=DIRECTION('',(1.,0.,0.));
#12805=DIRECTION('',(0.707106781186548,-5.77239874516094E-16,0.707106781186548));
#12806=DIRECTION('',(0.707106781186548,0.,-0.707106781186548));
#12807=DIRECTION('',(0.,0.,-1.));
#12808=DIRECTION('',(1.,0.,0.));
#12809=DIRECTION('',(0.707106781186548,-5.77239874516094E-16,0.707106781186548));
#12810=DIRECTION('',(0.707106781186548,0.,-0.707106781186548));
#12811=DIRECTION('',(-0.707106781186548,5.77239874516094E-16,-0.707106781186548));
#12812=DIRECTION('',(0.707106781186548,0.,-0.707106781186548));
#12813=DIRECTION('',(0.,-1.,0.));
#12814=DIRECTION('',(0.,0.,1.));
#12815=DIRECTION('',(0.,1.,0.));
#12816=DIRECTION('',(0.,0.,1.));
#12817=DIRECTION('',(0.,-1.,0.));
#12818=DIRECTION('',(0.,0.,-1.));
#12819=DIRECTION('',(0.,0.,-1.));
#12820=DIRECTION('',(1.,0.,0.));
#12821=DIRECTION('',(0.,0.,1.));
#12822=DIRECTION('',(1.,0.,0.));
#12823=DIRECTION('',(0.,0.,-1.));
#12824=DIRECTION('',(1.,0.,0.));
#12825=DIRECTION('',(0.,-1.,0.));
#12826=DIRECTION('',(0.,0.,1.));
#12827=DIRECTION('',(0.,0.,-1.));
#12828=DIRECTION('',(1.,0.,0.));
#12829=DIRECTION('',(-1.,0.,0.));
#12830=DIRECTION('',(0.,0.,1.));
#12831=DIRECTION('',(-1.,8.16340459283203E-16,0.));
#12832=DIRECTION('',(-8.16340459283203E-16,-1.,0.));
#12833=DIRECTION('',(0.,-1.,0.));
#12834=DIRECTION('',(0.,0.,1.));
#12835=DIRECTION('',(0.,-1.,0.));
#12836=DIRECTION('',(0.,0.,1.));
#12837=DIRECTION('',(0.,0.,1.));
#12838=DIRECTION('',(0.,1.,0.));
#12839=DIRECTION('',(0.,0.,-1.));
#12840=DIRECTION('',(0.,0.,1.));
#12841=DIRECTION('',(0.,0.,1.));
#12842=DIRECTION('',(1.,0.,0.));
#12843=DIRECTION('',(0.,0.,1.));
#12844=DIRECTION('',(0.,0.,1.));
#12845=DIRECTION('',(1.,0.,0.));
#12846=DIRECTION('',(0.,0.,1.));
#12847=DIRECTION('',(0.,-1.,0.));
#12848=DIRECTION('',(0.,0.,1.));
#12849=DIRECTION('',(0.,0.,1.));
#12850=DIRECTION('',(0.,0.,1.));
#12851=DIRECTION('',(1.,0.,0.));
#12852=DIRECTION('',(0.,0.,1.));
#12853=DIRECTION('',(1.,0.,0.));
#12854=DIRECTION('',(0.,0.,1.));
#12855=DIRECTION('',(0.,1.,0.));
#12856=DIRECTION('',(0.,0.,-1.));
#12857=CARTESIAN_POINT('',(0.,0.,0.));
#12858=CARTESIAN_POINT('',(0.05,0.1135,0.0415));
#12859=CARTESIAN_POINT('',(0.05,0.007,0.0415));
#12860=CARTESIAN_POINT('',(0.0495,0.007,0.0415));
#12861=CARTESIAN_POINT('',(0.042,0.007,0.0415));
#12862=CARTESIAN_POINT('',(0.0495,0.1135,0.0415));
#12863=CARTESIAN_POINT('',(0.0495,0.001,0.0415));
#12864=CARTESIAN_POINT('',(0.05,0.001,0.0415));
#12865=CARTESIAN_POINT('',(0.042,0.001,0.0415));
#12866=CARTESIAN_POINT('',(0.042,0.1135,0.0415));
#12867=CARTESIAN_POINT('',(0.0415,0.1135,0.05));
#12868=CARTESIAN_POINT('',(0.0415,0.007,0.05));
#12869=CARTESIAN_POINT('',(0.0415,0.007,0.042));
#12870=CARTESIAN_POINT('',(0.0415,0.007,0.0495));
#12871=CARTESIAN_POINT('',(0.0415,0.1135,0.042));
#12872=CARTESIAN_POINT('',(0.0415,0.001,0.042));
#12873=CARTESIAN_POINT('',(0.0415,0.001,0.05));
#12874=CARTESIAN_POINT('',(0.0415,0.001,0.0495));
#12875=CARTESIAN_POINT('',(0.0415,0.1135,0.0495));
#12876=CARTESIAN_POINT('',(0.042,0.1135,0.0495));
#12877=CARTESIAN_POINT('',(0.042,0.1135,0.05));
#12878=CARTESIAN_POINT('',(0.042,0.007,0.05));
#12879=CARTESIAN_POINT('',(0.042,0.001,0.05));
#12880=CARTESIAN_POINT('',(0.042,0.007,0.0495));
#12881=CARTESIAN_POINT('',(0.042,0.0005,0.0495));
#12882=CARTESIAN_POINT('',(0.0416464466094068,0.000853553390593274,0.0498535533905933));
#12883=CARTESIAN_POINT('',(0.042,0.0005,0.0495));
#12884=CARTESIAN_POINT('',(0.042,0.1135,0.0495));
#12885=CARTESIAN_POINT('',(0.042,0.0209,0.0495));
#12886=CARTESIAN_POINT('',(0.042,0.0209,0.05));
#12887=CARTESIAN_POINT('',(0.0415,0.0209,0.0495));
#12888=CARTESIAN_POINT('',(0.042,0.1135,0.05));
#12889=CARTESIAN_POINT('',(0.042,0.0216,0.05));
#12890=CARTESIAN_POINT('',(0.042,0.0216,0.0495));
#12891=CARTESIAN_POINT('',(0.0415,0.0216,0.0495));
#12892=CARTESIAN_POINT('',(0.0415,0.1135,0.0495));
#12893=CARTESIAN_POINT('',(0.0495,0.1135,0.042));
#12894=CARTESIAN_POINT('',(0.0495,0.007,0.042));
#12895=CARTESIAN_POINT('',(0.05,0.007,0.042));
#12896=CARTESIAN_POINT('',(0.05,0.1135,0.042));
#12897=CARTESIAN_POINT('',(0.05,0.001,0.042));
#12898=CARTESIAN_POINT('',(0.0495,0.0005,0.042));
#12899=CARTESIAN_POINT('',(0.0498535533905933,0.000853553390593274,0.0416464466094068));
#12900=CARTESIAN_POINT('',(0.0495,0.0005,0.042));
#12901=CARTESIAN_POINT('',(0.0495,0.1135,0.042));
#12902=CARTESIAN_POINT('',(0.0495,0.008,0.042));
#12903=CARTESIAN_POINT('',(0.0495,0.008,0.0415));
#12904=CARTESIAN_POINT('',(0.05,0.008,0.042));
#12905=CARTESIAN_POINT('',(0.0495,0.1135,0.0415));
#12906=CARTESIAN_POINT('',(0.0495,0.0089,0.0415));
#12907=CARTESIAN_POINT('',(0.0495,0.0089,0.042));
#12908=CARTESIAN_POINT('',(0.05,0.0089,0.042));
#12909=CARTESIAN_POINT('',(0.05,0.1135,0.042));
#12910=CARTESIAN_POINT('',(0.042,0.1135,0.042));
#12911=CARTESIAN_POINT('',(0.042,0.007,0.042));
#12912=CARTESIAN_POINT('',(0.042,0.0005,0.042));
#12913=CARTESIAN_POINT('',(0.0416464466094068,0.000853553390593274,0.0416464466094068));
#12914=CARTESIAN_POINT('',(0.042,0.0005,0.042));
#12915=CARTESIAN_POINT('',(0.05,0.0221,0.05001));
#12916=CARTESIAN_POINT('',(0.0477272077938642,0.0221,0.0461715728752538));
#12917=CARTESIAN_POINT('',(0.0475,0.0221,0.0450952938136683));
#12918=CARTESIAN_POINT('',(0.0485050252531694,0.0221,0.0453937554159486));
#12919=CARTESIAN_POINT('',(0.0475,0.0221,0.05001));
#12920=CARTESIAN_POINT('',(0.0475,0.0221,0.0425));
#12921=CARTESIAN_POINT('',(0.05,0.0221,0.0425));
#12922=CARTESIAN_POINT('',(0.049,0.0221,0.0425));
#12923=CARTESIAN_POINT('',(0.049,0.0221,0.05001));
#12924=CARTESIAN_POINT('',(0.049,0.0221,0.0458887301627792));
#12925=CARTESIAN_POINT('',(0.0515606349186104,0.0221,0.0484493650813896));
#12926=CARTESIAN_POINT('',(0.0465,0.0221,0.047));
#12927=CARTESIAN_POINT('',(0.042,0.0221,0.047));
#12928=CARTESIAN_POINT('',(0.0465,0.0221,0.047));
#12929=CARTESIAN_POINT('',(0.042,0.0221,0.05001));
#12930=CARTESIAN_POINT('',(0.042,0.0221,0.0495));
#12931=CARTESIAN_POINT('',(0.05,0.0221,0.0495));
#12932=CARTESIAN_POINT('',(0.049,0.0221,0.0495));
#12933=CARTESIAN_POINT('',(0.049,0.0221,0.049));
#12934=CARTESIAN_POINT('',(0.0495,0.0221,0.049));
#12935=CARTESIAN_POINT('',(0.0495,0.0221,0.05001));
#12936=CARTESIAN_POINT('',(0.0495,0.0221,0.042));
#12937=CARTESIAN_POINT('',(0.05,0.0221,0.042));
#12938=CARTESIAN_POINT('',(0.0465,0.0221,0.042));
#12939=CARTESIAN_POINT('',(0.0465,0.0221,-0.047));
#12940=CARTESIAN_POINT('',(0.0473443650813896,0.0221,0.0491));
#12941=CARTESIAN_POINT('',(0.0488,0.0221,0.0491));
#12942=CARTESIAN_POINT('',(0.0473443650813896,0.0221,0.0491));
#12943=CARTESIAN_POINT('',(0.0473443650813896,0.0221,0.0489));
#12944=CARTESIAN_POINT('',(0.0472029437251523,0.0221,0.0490414213562373));
#12945=CARTESIAN_POINT('',(0.0460301515190165,0.0221,0.0478686291501015));
#12946=CARTESIAN_POINT('',(0.0460301515190165,0.0221,0.0478686291501015));
#12947=CARTESIAN_POINT('',(0.0461715728752538,0.0221,0.0477272077938642));
#12948=CARTESIAN_POINT('',(0.0460301515190165,0.0221,0.0475857864376269));
#12949=CARTESIAN_POINT('',(0.0468029689783217,0.0221,0.0468129689783217));
#12950=CARTESIAN_POINT('',(0.0475857864376269,0.0221,0.0460301515190165));
#12951=CARTESIAN_POINT('',(0.0477272077938642,0.0221,0.0461715728752538));
#12952=CARTESIAN_POINT('',(0.0478686291501015,0.0221,0.0460301515190165));
#12953=CARTESIAN_POINT('',(0.0490414213562373,0.0221,0.0472029437251523));
#12954=CARTESIAN_POINT('',(0.0490414213562373,0.0221,0.0472029437251523));
#12955=CARTESIAN_POINT('',(0.0489,0.0221,0.0473443650813896));
#12956=CARTESIAN_POINT('',(0.0491,0.0221,0.0473443650813896));
#12957=CARTESIAN_POINT('',(0.0491,0.0221,0.0488));
#12958=CARTESIAN_POINT('',(0.0491,0.0221,0.0488));
#12959=CARTESIAN_POINT('',(0.0488,0.0221,0.0488));
#12960=CARTESIAN_POINT('',(0.0461715728752538,0.0221,0.0477272077938642));
#12961=CARTESIAN_POINT('',(0.0453937554159486,0.0221,0.0485050252531694));
#12962=CARTESIAN_POINT('',(0.0451059348446489,0.0221,0.048));
#12963=CARTESIAN_POINT('',(0.0465958369439658,0.0221,0.0497071067811866));
#12964=CARTESIAN_POINT('',(0.0458887301627792,0.0221,0.049));
#12965=CARTESIAN_POINT('',(0.05,0.0221,0.049));
#12966=CARTESIAN_POINT('',(0.0425,0.0221,0.049));
#12967=CARTESIAN_POINT('',(0.0425,0.0221,0.05));
#12968=CARTESIAN_POINT('',(0.0425,0.0221,0.048));
#12969=CARTESIAN_POINT('',(0.05,0.0221,0.048));
#12970=CARTESIAN_POINT('',(0.,0.,0.));
#12971=CARTESIAN_POINT('',(0.0425,0.,0.));
#12972=CARTESIAN_POINT('',(0.0425,0.,0.049));
#12973=CARTESIAN_POINT('',(0.0425,0.,0.0425));
#12974=CARTESIAN_POINT('',(0.,0.,0.0425));
#12975=CARTESIAN_POINT('',(0.049,0.,0.0425));
#12976=CARTESIAN_POINT('',(0.049,0.,0.));
#12977=CARTESIAN_POINT('',(0.049,0.,0.049));
#12978=CARTESIAN_POINT('',(0.,0.,0.049));
#12979=CARTESIAN_POINT('',(0.0439142135623731,0.,0.05));
#12980=CARTESIAN_POINT('',(0.0439142135623731,0.,0.0475857864376269));
#12981=CARTESIAN_POINT('',(0.0439142135623731,0.,0.0439142135623731));
#12982=CARTESIAN_POINT('',(0.05,0.,0.0475857864376269));
#12983=CARTESIAN_POINT('',(0.0475857864376269,0.,0.0475857864376269));
#12984=CARTESIAN_POINT('',(0.0475857864376269,0.,0.05));
#12985=CARTESIAN_POINT('',(0.0475857864376269,0.,0.0439142135623731));
#12986=CARTESIAN_POINT('',(0.05,0.,0.0439142135623731));
#12987=CARTESIAN_POINT('',(0.,0.02,0.));
#12988=CARTESIAN_POINT('',(0.0461715728752538,0.02,0.0461715728752538));
#12989=CARTESIAN_POINT('',(0.0453937554159486,0.02,0.046949390334559));
#12990=CARTESIAN_POINT('',(0.0465,0.02,0.0458431457505076));
#12991=CARTESIAN_POINT('',(0.0461715728752538,0.02,0.0477272077938642));
#12992=CARTESIAN_POINT('',(0.0453462433504317,0.02,0.047));
#12993=CARTESIAN_POINT('',(0.0465,0.02,0.047));
#12994=CARTESIAN_POINT('',(0.0465,0.02,0.047));
#12995=CARTESIAN_POINT('',(0.0465,0.02,-0.047));
#12996=CARTESIAN_POINT('',(0.05,0.1135,0.05));
#12997=CARTESIAN_POINT('',(0.05,0.007,0.0415));
#12998=CARTESIAN_POINT('',(0.05,0.007,-0.042));
#12999=CARTESIAN_POINT('',(0.05,0.1135,-0.042));
#13000=CARTESIAN_POINT('',(0.05,0.001,-0.042));
#13001=CARTESIAN_POINT('',(0.05,0.001,-0.05));
#13002=CARTESIAN_POINT('',(0.05,0.001,-0.049));
#13003=CARTESIAN_POINT('',(0.05,0.1135,-0.049));
#13004=CARTESIAN_POINT('',(0.05,0.016,-0.049));
#13005=CARTESIAN_POINT('',(0.05,0.016,-0.05));
#13006=CARTESIAN_POINT('',(0.05,0.016,-0.0483443650813896));
#13007=CARTESIAN_POINT('',(0.05,0.0162,-0.0483443650813896));
#13008=CARTESIAN_POINT('',(0.05,0.0162,-0.048061522368915));
#13009=CARTESIAN_POINT('',(0.05,0.0162,-0.048061522368915));
#13010=CARTESIAN_POINT('',(0.05,0.019,-0.048061522368915));
#13011=CARTESIAN_POINT('',(0.05,0.019,-0.0483443650813896));
#13012=CARTESIAN_POINT('',(0.05,0.0192,-0.0483443650813896));
#13013=CARTESIAN_POINT('',(0.05,0.0192,-0.0484443650813896));
#13014=CARTESIAN_POINT('',(0.05,0.0192,-0.049));
#13015=CARTESIAN_POINT('',(0.05,0.1135,-0.049));
#13016=CARTESIAN_POINT('',(0.05,0.0216,-0.049));
#13017=CARTESIAN_POINT('',(0.05,0.0216,-0.05));
#13018=CARTESIAN_POINT('',(0.05,0.0216,-0.042));
#13019=CARTESIAN_POINT('',(0.05,0.1135,-0.042));
#13020=CARTESIAN_POINT('',(0.05,0.0209,-0.042));
#13021=CARTESIAN_POINT('',(0.05,0.0209,-0.027));
#13022=CARTESIAN_POINT('',(0.05,0.0209,-0.027));
#13023=CARTESIAN_POINT('',(0.05,0.0374,-0.0156973454445425));
#13024=CARTESIAN_POINT('',(0.05,0.0174,-0.0156973454445425));
#13025=CARTESIAN_POINT('',(0.05,0.0174,-0.0156973454445425));
#13026=CARTESIAN_POINT('',(0.05,0.0174,0.0156973454445428));
#13027=CARTESIAN_POINT('',(0.05,0.0374,0.0156973454445428));
#13028=CARTESIAN_POINT('',(0.05,0.0209,0.027));
#13029=CARTESIAN_POINT('',(0.05,0.0209,0.027));
#13030=CARTESIAN_POINT('',(0.05,0.0209,0.042));
#13031=CARTESIAN_POINT('',(0.05,0.1135,0.042));
#13032=CARTESIAN_POINT('',(0.05,0.0216,0.042));
#13033=CARTESIAN_POINT('',(0.05,0.0216,0.05));
#13034=CARTESIAN_POINT('',(0.05,0.0216,0.049));
#13035=CARTESIAN_POINT('',(0.05,0.1135,0.049));
#13036=CARTESIAN_POINT('',(0.05,0.0192,0.049));
#13037=CARTESIAN_POINT('',(0.05,0.0192,0.0484443650813896));
#13038=CARTESIAN_POINT('',(0.05,0.0192,0.0483443650813896));
#13039=CARTESIAN_POINT('',(0.05,0.019,0.0483443650813896));
#13040=CARTESIAN_POINT('',(0.05,0.019,0.048061522368915));
#13041=CARTESIAN_POINT('',(0.05,0.0162,0.048061522368915));
#13042=CARTESIAN_POINT('',(0.05,0.0162,0.048061522368915));
#13043=CARTESIAN_POINT('',(0.05,0.0162,0.0483443650813896));
#13044=CARTESIAN_POINT('',(0.05,0.016,0.0483443650813896));
#13045=CARTESIAN_POINT('',(0.05,0.016,0.05));
#13046=CARTESIAN_POINT('',(0.05,0.016,0.049));
#13047=CARTESIAN_POINT('',(0.05,0.1135,0.049));
#13048=CARTESIAN_POINT('',(0.05,0.001,0.049));
#13049=CARTESIAN_POINT('',(0.05,0.001,0.05));
#13050=CARTESIAN_POINT('',(0.05,0.008,0.0415));
#13051=CARTESIAN_POINT('',(0.05,0.008,-0.042));
#13052=CARTESIAN_POINT('',(0.05,0.0089,0.027));
#13053=CARTESIAN_POINT('',(0.05,0.0089,0.027));
#13054=CARTESIAN_POINT('',(0.05,-0.0076,0.0156973454445428));
#13055=CARTESIAN_POINT('',(0.05,0.0124,0.0156973454445428));
#13056=CARTESIAN_POINT('',(0.05,0.0124,-0.0156973454445425));
#13057=CARTESIAN_POINT('',(0.05,0.0124,-0.0156973454445425));
#13058=CARTESIAN_POINT('',(0.05,-0.0076,-0.0156973454445425));
#13059=CARTESIAN_POINT('',(0.05,0.0089,-0.027));
#13060=CARTESIAN_POINT('',(0.05,0.0089,-0.027));
#13061=CARTESIAN_POINT('',(0.05,0.0089,-0.042));
#13062=CARTESIAN_POINT('',(0.05,0.1135,-0.042));
#13063=CARTESIAN_POINT('',(0.05,0.1135,0.05));
#13064=CARTESIAN_POINT('',(-0.0415,0.007,0.05));
#13065=CARTESIAN_POINT('',(-0.042,0.007,0.05));
#13066=CARTESIAN_POINT('',(0.05,0.001,0.05));
#13067=CARTESIAN_POINT('',(0.049,0.001,0.05));
#13068=CARTESIAN_POINT('',(0.049,0.1135,0.05));
#13069=CARTESIAN_POINT('',(0.049,0.016,0.05));
#13070=CARTESIAN_POINT('',(0.05,0.016,0.05));
#13071=CARTESIAN_POINT('',(0.0483443650813896,0.016,0.05));
#13072=CARTESIAN_POINT('',(0.0483443650813896,0.0162,0.05));
#13073=CARTESIAN_POINT('',(0.048061522368915,0.0162,0.05));
#13074=CARTESIAN_POINT('',(0.048061522368915,0.019,0.05));
#13075=CARTESIAN_POINT('',(0.048061522368915,0.019,0.05));
#13076=CARTESIAN_POINT('',(0.0483443650813896,0.019,0.05));
#13077=CARTESIAN_POINT('',(0.0483443650813896,0.0192,0.05));
#13078=CARTESIAN_POINT('',(0.049,0.0192,0.05));
#13079=CARTESIAN_POINT('',(0.049,0.0192,0.05));
#13080=CARTESIAN_POINT('',(0.049,0.1135,0.05));
#13081=CARTESIAN_POINT('',(0.049,0.0216,0.05));
#13082=CARTESIAN_POINT('',(0.05,0.0216,0.05));
#13083=CARTESIAN_POINT('',(0.027,0.0209,0.05));
#13084=CARTESIAN_POINT('',(0.027,0.0209,0.05));
#13085=CARTESIAN_POINT('',(0.0156973454445427,0.0374,0.05));
#13086=CARTESIAN_POINT('',(0.0156973454445427,0.0174,0.05));
#13087=CARTESIAN_POINT('',(0.0156973454445427,0.0174,0.05));
#13088=CARTESIAN_POINT('',(-0.0156973454445427,0.0174,0.05));
#13089=CARTESIAN_POINT('',(-0.0156973454445427,0.0374,0.05));
#13090=CARTESIAN_POINT('',(-0.027,0.0209,0.05));
#13091=CARTESIAN_POINT('',(-0.027,0.0209,0.05));
#13092=CARTESIAN_POINT('',(-0.042,0.0209,0.05));
#13093=CARTESIAN_POINT('',(-0.042,0.1135,0.05));
#13094=CARTESIAN_POINT('',(-0.042,0.0216,0.05));
#13095=CARTESIAN_POINT('',(-0.05,0.0216,0.05));
#13096=CARTESIAN_POINT('',(-0.049,0.0216,0.05));
#13097=CARTESIAN_POINT('',(-0.049,0.1135,0.05));
#13098=CARTESIAN_POINT('',(-0.049,0.0192,0.05));
#13099=CARTESIAN_POINT('',(-0.049,0.0192,0.05));
#13100=CARTESIAN_POINT('',(-0.0483443650813896,0.0192,0.05));
#13101=CARTESIAN_POINT('',(-0.0483443650813896,0.019,0.05));
#13102=CARTESIAN_POINT('',(-0.048061522368915,0.019,0.05));
#13103=CARTESIAN_POINT('',(-0.048061522368915,0.019,0.05));
#13104=CARTESIAN_POINT('',(-0.048061522368915,0.0162,0.05));
#13105=CARTESIAN_POINT('',(-0.0483443650813896,0.0162,0.05));
#13106=CARTESIAN_POINT('',(-0.0483443650813896,0.016,0.05));
#13107=CARTESIAN_POINT('',(-0.05,0.016,0.05));
#13108=CARTESIAN_POINT('',(-0.049,0.016,0.05));
#13109=CARTESIAN_POINT('',(-0.049,0.1135,0.05));
#13110=CARTESIAN_POINT('',(-0.049,0.001,0.05));
#13111=CARTESIAN_POINT('',(-0.05,0.001,0.05));
#13112=CARTESIAN_POINT('',(-0.042,0.001,0.05));
#13113=CARTESIAN_POINT('',(-0.042,0.1135,0.05));
#13114=CARTESIAN_POINT('',(0.042,0.1135,0.05));
#13115=CARTESIAN_POINT('',(0.042,0.0089,0.05));
#13116=CARTESIAN_POINT('',(0.042,0.008,0.05));
#13117=CARTESIAN_POINT('',(-0.0415,0.008,0.05));
#13118=CARTESIAN_POINT('',(-0.042,0.008,0.05));
#13119=CARTESIAN_POINT('',(-0.042,0.1135,0.05));
#13120=CARTESIAN_POINT('',(-0.042,0.0089,0.05));
#13121=CARTESIAN_POINT('',(-0.027,0.0089,0.05));
#13122=CARTESIAN_POINT('',(-0.027,0.0089,0.05));
#13123=CARTESIAN_POINT('',(-0.0156973454445427,-0.0076,0.05));
#13124=CARTESIAN_POINT('',(-0.0156973454445427,0.0124,0.05));
#13125=CARTESIAN_POINT('',(0.0156973454445427,0.0124,0.05));
#13126=CARTESIAN_POINT('',(0.0156973454445427,0.0124,0.05));
#13127=CARTESIAN_POINT('',(0.0156973454445427,-0.0076,0.05));
#13128=CARTESIAN_POINT('',(0.027,0.0089,0.05));
#13129=CARTESIAN_POINT('',(0.027,0.0089,0.05));
#13130=CARTESIAN_POINT('',(0.049,0.1135,0.049));
#13131=CARTESIAN_POINT('',(0.049,0.0216,0.049));
#13132=CARTESIAN_POINT('',(0.049,0.0192,0.049));
#13133=CARTESIAN_POINT('',(0.049,0.0161,0.0473029437251523));
#13134=CARTESIAN_POINT('',(0.049,0.0161,0.0488));
#13135=CARTESIAN_POINT('',(0.049,0.0192,0.0488));
#13136=CARTESIAN_POINT('',(0.049,0.022,0.0488));
#13137=CARTESIAN_POINT('',(0.049,0.022,0.0473443650813896));
#13138=CARTESIAN_POINT('',(0.049,0.022,0.0473443650813896));
#13139=CARTESIAN_POINT('',(0.049,0.0191,0.0473443650813896));
#13140=CARTESIAN_POINT('',(0.0489999577540281,0.019141421182342,0.0473443653140581));
#13141=CARTESIAN_POINT('',(0.049,0.0191414213562373,0.0473443650813896));
#13142=CARTESIAN_POINT('',(0.049,0.0191787371456213,0.0473971375768271));
#13143=CARTESIAN_POINT('',(0.049,0.0192,0.0474689711363654));
#13144=CARTESIAN_POINT('',(0.049,0.0192,0.0475443650813896));
#13145=CARTESIAN_POINT('',(0.049,0.0192,0.0475443650813896));
#13146=CARTESIAN_POINT('',(0.049,0.0192,0.0473029437251523));
#13147=CARTESIAN_POINT('',(0.0488,0.0161,0.0488));
#13148=CARTESIAN_POINT('',(0.0488,0.0161,0.049));
#13149=CARTESIAN_POINT('',(0.0488,0.0192,0.049));
#13150=CARTESIAN_POINT('',(0.0488,0.022,0.049));
#13151=CARTESIAN_POINT('',(0.0488,0.022,0.0488));
#13152=CARTESIAN_POINT('',(0.0488,0.0192,0.0488));
#13153=CARTESIAN_POINT('',(0.0488,0.0161,0.049));
#13154=CARTESIAN_POINT('',(0.0473443650813896,0.0221,0.049));
#13155=CARTESIAN_POINT('',(0.0473443653140581,0.019141421182342,0.048999957754028));
#13156=CARTESIAN_POINT('',(0.0473443650813896,0.022,0.049));
#13157=CARTESIAN_POINT('',(0.0488,0.022,0.049));
#13158=CARTESIAN_POINT('',(0.0488,0.0192,0.049));
#13159=CARTESIAN_POINT('',(0.0475443650813896,0.0192,0.049));
#13160=CARTESIAN_POINT('',(0.0475443650813896,0.0192,0.049));
#13161=CARTESIAN_POINT('',(0.0474697335026228,0.0192,0.049));
#13162=CARTESIAN_POINT('',(0.0473976766511775,0.01917911832875,0.049));
#13163=CARTESIAN_POINT('',(0.0473443650813896,0.0191414213562373,0.049));
#13164=CARTESIAN_POINT('',(0.05,0.1135,0.0415));
#13165=CARTESIAN_POINT('',(0.05,0.008,0.0415));
#13166=CARTESIAN_POINT('',(0.042,0.008,0.0415));
#13167=CARTESIAN_POINT('',(0.042,0.1135,0.0415));
#13168=CARTESIAN_POINT('',(0.042,0.02,0.0415));
#13169=CARTESIAN_POINT('',(0.05,0.02,0.0415));
#13170=CARTESIAN_POINT('',(0.0465,0.02,0.0415));
#13171=CARTESIAN_POINT('',(0.0465,0.1135,0.0415));
#13172=CARTESIAN_POINT('',(0.0465,0.0216,0.0415));
#13173=CARTESIAN_POINT('',(0.05,0.0216,0.0415));
#13174=CARTESIAN_POINT('',(0.0495,0.0216,0.0415));
#13175=CARTESIAN_POINT('',(0.0495,0.1135,0.0415));
#13176=CARTESIAN_POINT('',(0.0495,0.0209,0.0415));
#13177=CARTESIAN_POINT('',(0.05,0.0209,0.0415));
#13178=CARTESIAN_POINT('',(0.048,0.0209,0.0415));
#13179=CARTESIAN_POINT('',(0.048,0.1135,0.0415));
#13180=CARTESIAN_POINT('',(0.048,0.0089,0.0415));
#13181=CARTESIAN_POINT('',(0.05,0.0089,0.0415));
#13182=CARTESIAN_POINT('',(0.0415,0.1135,0.05));
#13183=CARTESIAN_POINT('',(0.0415,0.1135,0.042));
#13184=CARTESIAN_POINT('',(0.0415,0.02,0.042));
#13185=CARTESIAN_POINT('',(0.0415,0.008,0.042));
#13186=CARTESIAN_POINT('',(0.0415,0.008,0.05));
#13187=CARTESIAN_POINT('',(0.0415,0.008,0.0495));
#13188=CARTESIAN_POINT('',(0.0415,0.1135,0.0495));
#13189=CARTESIAN_POINT('',(0.0415,0.0089,0.0495));
#13190=CARTESIAN_POINT('',(0.0415,0.0089,0.05));
#13191=CARTESIAN_POINT('',(0.0415,0.0089,0.048));
#13192=CARTESIAN_POINT('',(0.0415,0.1135,0.048));
#13193=CARTESIAN_POINT('',(0.0415,0.0209,0.048));
#13194=CARTESIAN_POINT('',(0.0415,0.0209,0.05));
#13195=CARTESIAN_POINT('',(0.0415,0.0216,0.05));
#13196=CARTESIAN_POINT('',(0.0415,0.0216,0.047));
#13197=CARTESIAN_POINT('',(0.0415,0.1135,0.047));
#13198=CARTESIAN_POINT('',(0.0415,0.02,0.047));
#13199=CARTESIAN_POINT('',(0.0415,0.02,0.05));
#13200=CARTESIAN_POINT('',(0.049,0.1135,0.049));
#13201=CARTESIAN_POINT('',(0.049,0.016,0.049));
#13202=CARTESIAN_POINT('',(0.049,0.,0.049));
#13203=CARTESIAN_POINT('',(0.0497071067811866,0.000707106781186546,0.0497071067811866));
#13204=CARTESIAN_POINT('',(0.049,0.,0.049));
#13205=CARTESIAN_POINT('',(0.05,0.001,0.05));
#13206=CARTESIAN_POINT('',(0.0443333333333333,-0.00183333333333333,0.0471666666666667));
#13207=CARTESIAN_POINT('',(0.05,0.001,0.05));
#13208=CARTESIAN_POINT('',(0.05,0.001,0.05));
#13209=CARTESIAN_POINT('',(0.0471666666666667,-0.00183333333333333,0.0443333333333333));
#13210=CARTESIAN_POINT('',(0.0415,0.001,0.05));
#13211=CARTESIAN_POINT('',(0.0443333333333333,-0.00183333333333333,0.0443333333333333));
#13212=CARTESIAN_POINT('',(0.05,0.001,0.0415));
#13213=CARTESIAN_POINT('',(0.0465,0.0221,-0.047));
#13214=CARTESIAN_POINT('',(0.0465,0.0216,0.042));
#13215=CARTESIAN_POINT('',(0.0465,0.02,-0.047));
#13216=CARTESIAN_POINT('',(0.0465,0.02,0.0425));
#13217=CARTESIAN_POINT('',(0.0465,0.02,-0.047));
#13218=CARTESIAN_POINT('',(0.0465,0.0221,0.047));
#13219=CARTESIAN_POINT('',(0.0465,0.0221,0.047));
#13220=CARTESIAN_POINT('',(0.042,0.0216,0.047));
#13221=CARTESIAN_POINT('',(0.0465,0.02,0.047));
#13222=CARTESIAN_POINT('',(0.0425,0.02,0.047));
#13223=CARTESIAN_POINT('',(0.0465,0.02,0.047));
#13224=CARTESIAN_POINT('',(0.,0.02,0.));
#13225=CARTESIAN_POINT('',(0.042,0.02,0.042));
#13226=CARTESIAN_POINT('',(0.0425,0.02,0.05));
#13227=CARTESIAN_POINT('',(0.0425,0.02,0.0425));
#13228=CARTESIAN_POINT('',(0.05,0.02,0.0425));
#13229=CARTESIAN_POINT('',(0.0477272077938642,0.0161,0.0460301515190165));
#13230=CARTESIAN_POINT('',(0.0476564971157456,0.0161,0.0461008621971352));
#13231=CARTESIAN_POINT('',(0.0476564971157456,0.0162,0.0461008621971352));
#13232=CARTESIAN_POINT('',(0.0476564971157456,0.022,0.0461008621971352));
#13233=CARTESIAN_POINT('',(0.0477272077938642,0.022,0.0460301515190165));
#13234=CARTESIAN_POINT('',(0.0461008621971352,0.022,0.0476564971157456));
#13235=CARTESIAN_POINT('',(0.0461008621971352,0.0161,0.0476564971157456));
#13236=CARTESIAN_POINT('',(0.0461008621971352,0.0162,0.0476564971157456));
#13237=CARTESIAN_POINT('',(0.0477272077938642,0.0162,0.0460301515190165));
#13238=CARTESIAN_POINT('',(0.0477272077938642,0.0161,0.0460301515190165));
#13239=CARTESIAN_POINT('',(0.0489707106781187,0.0221,0.047273654403271));
#13240=CARTESIAN_POINT('',(0.0489707106781187,0.019,0.047273654403271));
#13241=CARTESIAN_POINT('',(0.0489707106781187,0.022,0.047273654403271));
#13242=CARTESIAN_POINT('',(0.0477979184719829,0.022,0.0461008621971352));
#13243=CARTESIAN_POINT('',(0.0477979184719829,0.022,0.0461008621971352));
#13244=CARTESIAN_POINT('',(0.0477979184719829,0.0161,0.0461008621971352));
#13245=CARTESIAN_POINT('',(0.0477979184719829,0.0162,0.0461008621971352));
#13246=CARTESIAN_POINT('',(0.0477272077938642,0.0162,0.0460301515190165));
#13247=CARTESIAN_POINT('',(0.0498292893218814,0.0162,0.0481322330470337));
#13248=CARTESIAN_POINT('',(0.0498292893218814,0.019,0.0481322330470337));
#13249=CARTESIAN_POINT('',(0.0498292893218814,0.019,0.0481322330470337));
#13250=CARTESIAN_POINT('',(0.049,0.019,0.0473029437251523));
#13251=CARTESIAN_POINT('',(0.0473029437251523,0.0161,0.049));
#13252=CARTESIAN_POINT('',(0.0461008621971352,0.0161,0.0477979184719829));
#13253=CARTESIAN_POINT('',(0.0461008621971352,0.0162,0.0477979184719829));
#13254=CARTESIAN_POINT('',(0.0461008621971352,0.022,0.0477979184719829));
#13255=CARTESIAN_POINT('',(0.047273654403271,0.022,0.0489707106781187));
#13256=CARTESIAN_POINT('',(0.047273654403271,0.022,0.0489707106781187));
#13257=CARTESIAN_POINT('',(0.047273654403271,0.0191,0.0489707106781187));
#13258=CARTESIAN_POINT('',(0.047273654403271,0.019,0.0489707106781187));
#13259=CARTESIAN_POINT('',(0.0483029437251523,0.019,0.05));
#13260=CARTESIAN_POINT('',(0.0481322330470337,0.019,0.0498292893218814));
#13261=CARTESIAN_POINT('',(0.0481322330470337,0.0162,0.0498292893218814));
#13262=CARTESIAN_POINT('',(0.0481322330470337,0.0162,0.0498292893218814));
#13263=CARTESIAN_POINT('',(0.0473029437251523,0.0162,0.049));
#13264=CARTESIAN_POINT('',(0.0488,0.0161,0.0488));
#13265=CARTESIAN_POINT('',(0.0480221825406948,0.0161,0.0495778174593052));
#13266=CARTESIAN_POINT('',(0.0461715728752538,0.0161,0.0477272077938642));
#13267=CARTESIAN_POINT('',(0.0483443650813896,0.0161,0.0499));
#13268=CARTESIAN_POINT('',(0.0488,0.0161,0.0499));
#13269=CARTESIAN_POINT('',(0.049,0.0161,0.0499));
#13270=CARTESIAN_POINT('',(0.049,0.0161,0.049));
#13271=CARTESIAN_POINT('',(0.0499,0.0161,0.049));
#13272=CARTESIAN_POINT('',(0.0499,0.0161,0.0488));
#13273=CARTESIAN_POINT('',(0.0499,0.0161,0.0483443650813896));
#13274=CARTESIAN_POINT('',(0.0495778174593052,0.0161,0.0480221825406948));
#13275=CARTESIAN_POINT('',(0.0477272077938642,0.0161,0.0461715728752538));
#13276=CARTESIAN_POINT('',(0.0461008621971352,0.0161,0.0477979184719829));
#13277=CARTESIAN_POINT('',(-1.13968527085408E-17,0.0191,-8.94783133069115E-18));
#13278=CARTESIAN_POINT('',(0.0488,0.0191,0.0488));
#13279=CARTESIAN_POINT('',(0.0488,0.0191,0.0491));
#13280=CARTESIAN_POINT('',(0.0491,0.0191,0.0488));
#13281=CARTESIAN_POINT('',(0.0491,0.0191,-2.36527579938674E-16));
#13282=CARTESIAN_POINT('',(0.0491,0.0191,0.0475443650813896));
#13283=CARTESIAN_POINT('',(0.0499292893218814,0.0191,0.048373654403271));
#13284=CARTESIAN_POINT('',(0.0499,0.0191,0.0483443650813896));
#13285=CARTESIAN_POINT('',(0.0499,0.0191,0.049));
#13286=CARTESIAN_POINT('',(0.0499,0.0191,0.049));
#13287=CARTESIAN_POINT('',(0.049,0.0191,0.049));
#13288=CARTESIAN_POINT('',(0.049,0.0191,0.0499));
#13289=CARTESIAN_POINT('',(0.0484443650813896,0.0191,0.0499));
#13290=CARTESIAN_POINT('',(0.0483443650813896,0.0191,0.0499));
#13291=CARTESIAN_POINT('',(0.047373654403271,0.0191,0.0489292893218814));
#13292=CARTESIAN_POINT('',(0.0475443650813896,0.0191,0.0491));
#13293=CARTESIAN_POINT('',(-2.38976601316523E-16,0.0191,0.0491));
#13294=CARTESIAN_POINT('',(0.0477272077938642,0.0161,0.0461715728752538));
#13295=CARTESIAN_POINT('',(0.0477272077938642,0.022,0.0461715728752538));
#13296=CARTESIAN_POINT('',(0.0477272077938642,0.0162,0.0461715728752538));
#13297=CARTESIAN_POINT('',(0.0476564971157456,0.0162,0.0461008621971352));
#13298=CARTESIAN_POINT('',(0.0499,0.0162,0.0483443650813896));
#13299=CARTESIAN_POINT('',(0.0477272077938642,0.0162,0.0461715728752538));
#13300=CARTESIAN_POINT('',(0.047373654403271,0.0162,0.0489292893218814));
#13301=CARTESIAN_POINT('',(0.0483443650813896,0.0162,0.0499));
#13302=CARTESIAN_POINT('',(0.0461715728752538,0.0162,0.0477272077938642));
#13303=CARTESIAN_POINT('',(0.0461715728752538,0.0161,0.0477272077938642));
#13304=CARTESIAN_POINT('',(0.0461715728752538,0.022,0.0477272077938642));
#13305=CARTESIAN_POINT('',(0.0461715728752538,0.0162,0.0477272077938642));
#13306=CARTESIAN_POINT('',(0.0477272077938642,0.0162,0.0461715728752538));
#13307=CARTESIAN_POINT('',(0.0477272077938642,0.0162,0.0461715728752538));
#13308=CARTESIAN_POINT('',(0.0461715728752538,0.0162,0.0477272077938642));
#13309=CARTESIAN_POINT('',(0.0461715728752538,0.0162,0.0477272077938642));
#13310=CARTESIAN_POINT('',(0.046949390334559,0.0162,0.046949390334559));
#13311=CARTESIAN_POINT('',(0.0489,0.0161,0.0473443650813896));
#13312=CARTESIAN_POINT('',(0.0489,0.022,0.0473443650813896));
#13313=CARTESIAN_POINT('',(0.0489707106781187,0.019,0.0472736544032709));
#13314=CARTESIAN_POINT('',(0.0489951338934755,0.0190690792847888,0.0472980776186278));
#13315=CARTESIAN_POINT('',(0.0489999999992124,0.0191162197347845,0.047326544844751));
#13316=CARTESIAN_POINT('',(0.049,0.0191414213499872,0.0473443650769701));
#13317=CARTESIAN_POINT('',(0.0476564971157456,0.019,0.0461008621971352));
#13318=CARTESIAN_POINT('',(0.0491,0.0191,0.0475443650813896));
#13319=CARTESIAN_POINT('',(0.0490755791040071,0.0191,0.0474711023934109));
#13320=CARTESIAN_POINT('',(0.0490589135111144,0.0190833143637634,0.0474211047064951));
#13321=CARTESIAN_POINT('',(0.049050002540176,0.019070714270196,0.0473943727017882));
#13322=CARTESIAN_POINT('',(0.0490501121292626,0.0190708758832207,0.0473942599947752));
#13323=CARTESIAN_POINT('',(0.0490500025400267,0.0190707142704414,0.0473943727019859));
#13324=CARTESIAN_POINT('',(0.0490410931808843,0.0190581132534708,0.0473676410029293));
#13325=CARTESIAN_POINT('',(0.0490195602025602,0.0190345418299903,0.0473225039277125));
#13326=CARTESIAN_POINT('',(0.0489707106781187,0.019,0.047273654403271));
#13327=CARTESIAN_POINT('',(0.0499,0.019,0.0483443650813896));
#13328=CARTESIAN_POINT('',(0.0473443650813896,0.0161,0.0489));
#13329=CARTESIAN_POINT('',(0.0473443650813896,0.022,0.0489));
#13330=CARTESIAN_POINT('',(0.0473443650769701,0.0191414213499872,0.049));
#13331=CARTESIAN_POINT('',(0.047326544844751,0.0191162197347845,0.0489999999992124));
#13332=CARTESIAN_POINT('',(0.0472980776186278,0.0190690792847888,0.0489951338934755));
#13333=CARTESIAN_POINT('',(0.0472736544032709,0.019,0.0489707106781187));
#13334=CARTESIAN_POINT('',(0.047373654403271,0.019,0.0489292893218814));
#13335=CARTESIAN_POINT('',(0.047273654403271,0.019,0.0489707106781187));
#13336=CARTESIAN_POINT('',(0.0473225039276833,0.0190345418299697,0.049019560202531));
#13337=CARTESIAN_POINT('',(0.04736764100287,0.0190581132534388,0.0490410931808532));
#13338=CARTESIAN_POINT('',(0.0473943727019139,0.0190707142704074,0.0490500025400027));
#13339=CARTESIAN_POINT('',(0.0473942599947018,0.0190708758832073,0.0490501121292137));
#13340=CARTESIAN_POINT('',(0.0473943727017161,0.019070714270162,0.049050002540152));
#13341=CARTESIAN_POINT('',(0.0474211047064075,0.0190833143637362,0.0490589135110824));
#13342=CARTESIAN_POINT('',(0.0474711023933451,0.0191,0.0490755791039852));
#13343=CARTESIAN_POINT('',(0.0475443650813897,0.0191,0.0491));
#13344=CARTESIAN_POINT('',(0.0483443650813896,0.019,0.0499));
#13345=CARTESIAN_POINT('',(0.0472855642155867,0.0190903841265889,0.0490866233234482));
#13346=CARTESIAN_POINT('',(0.0473443652278176,0.0191414212703228,0.0489999319214622));
#13347=CARTESIAN_POINT('',(0.0473655958394218,0.0191117056368544,0.0490008184847882));
#13348=CARTESIAN_POINT('',(0.0473841037685715,0.0190849311540665,0.0490211379079727));
#13349=CARTESIAN_POINT('',(0.0473944132674655,0.0190706816334551,0.0490499540762705));
#13350=CARTESIAN_POINT('',(0.0475388986226517,0.0188426372246102,0.0490972541507426));
#13351=CARTESIAN_POINT('',(0.0475443650813896,0.0191,0.0491));
#13352=CARTESIAN_POINT('',(0.0475443650813896,0.0191,0.0490476401224402));
#13353=CARTESIAN_POINT('',(0.0475443650813896,0.0191476401224402,0.049));
#13354=CARTESIAN_POINT('',(0.0475443650813896,0.0192,0.049));
#13355=CARTESIAN_POINT('',(0.0488,0.0192,0.0491));
#13356=CARTESIAN_POINT('',(0.0488,0.0192,0.0491));
#13357=CARTESIAN_POINT('',(0.0488,0.0192,0.0488));
#13358=CARTESIAN_POINT('',(0.0491,0.0192,0.0488));
#13359=CARTESIAN_POINT('',(0.0491,0.0192,0.0473029437251523));
#13360=CARTESIAN_POINT('',(0.049,0.0192,0.0475443650813896));
#13361=CARTESIAN_POINT('',(0.049,0.0191476401224402,0.0475443650813896));
#13362=CARTESIAN_POINT('',(0.0490476401224402,0.0191,0.0475443650813896));
#13363=CARTESIAN_POINT('',(0.0491,0.0191,0.0475443650813896));
#13364=CARTESIAN_POINT('',(0.0490972541507439,0.0188426372246135,0.0475388986226516));
#13365=CARTESIAN_POINT('',(0.0489999155080558,0.0191414210084878,0.0473443655466972));
#13366=CARTESIAN_POINT('',(0.0490001437169325,0.0191130768337307,0.0473646212628444));
#13367=CARTESIAN_POINT('',(0.0490200172437406,0.0190850803541134,0.0473839944219535));
#13368=CARTESIAN_POINT('',(0.0490502242584859,0.0190710410882685,0.0473941549080337));
#13369=CARTESIAN_POINT('',(0.049086623326661,0.0190903841333283,0.0472855642219049));
#13370=CARTESIAN_POINT('',(0.0499,0.016,0.05));
#13371=CARTESIAN_POINT('',(0.0499,0.016,0.049));
#13372=CARTESIAN_POINT('',(0.0499,0.016,0.0483443650813896));
#13373=CARTESIAN_POINT('',(0.0498292893218813,0.0162,0.0481322330470336));
#13374=CARTESIAN_POINT('',(0.05,0.0162,0.0483029437251523));
#13375=CARTESIAN_POINT('',(0.05,0.0162,0.048061522368915));
#13376=CARTESIAN_POINT('',(0.0498292893230382,0.0161738198430561,0.0481322330481904));
#13377=CARTESIAN_POINT('',(0.0499999999999997,0.0162370286081254,0.0483029436551309));
#13378=CARTESIAN_POINT('',(0.05,0.0161476396861118,0.0480615223712288));
#13379=CARTESIAN_POINT('',(0.0498446113831687,0.0161216687222347,0.0481781992320523));
#13380=CARTESIAN_POINT('',(0.0500000000000005,0.0162378259228423,0.0481958722419425));
#13381=CARTESIAN_POINT('',(0.05,0.0160433374441802,0.0481228106152207));
#13382=CARTESIAN_POINT('',(0.0498814879106245,0.0161,0.0482888288132634));
#13383=CARTESIAN_POINT('',(0.0499999999999994,0.016120400640583,0.0482831638039198));
#13384=CARTESIAN_POINT('',(0.05,0.0160000000005786,0.0482703167238882));
#13385=CARTESIAN_POINT('',(0.0499,0.0161,0.0483443650813896));
#13386=CARTESIAN_POINT('',(0.05,0.0161,0.0483443650813896));
#13387=CARTESIAN_POINT('',(0.05,0.016,0.0483443650813896));
#13388=CARTESIAN_POINT('',(0.0499,0.0162,0.048061522368915));
#13389=CARTESIAN_POINT('',(0.049,0.016,0.049));
#13390=CARTESIAN_POINT('',(0.049,0.016,0.0499));
#13391=CARTESIAN_POINT('',(0.0499,0.0161,0.048061522368915));
#13392=CARTESIAN_POINT('',(0.0499,0.019,0.048061522368915));
#13393=CARTESIAN_POINT('',(0.05,0.016,0.0499));
#13394=CARTESIAN_POINT('',(0.0483443650813896,0.016,0.0499));
#13395=CARTESIAN_POINT('',(0.0499,0.0191,0.0483443650813896));
#13396=CARTESIAN_POINT('',(0.05,0.0191,0.0483443650813896));
#13397=CARTESIAN_POINT('',(0.05,0.0192,0.0483443650813896));
#13398=CARTESIAN_POINT('',(0.0498814879106245,0.0191,0.0482888288132634));
#13399=CARTESIAN_POINT('',(0.0499999999999994,0.019079599359417,0.0482831638039198));
#13400=CARTESIAN_POINT('',(0.05,0.0191999999994215,0.0482703167238882));
#13401=CARTESIAN_POINT('',(0.0498446113831687,0.0190783312777652,0.0481781992320523));
#13402=CARTESIAN_POINT('',(0.0500000000000005,0.0189621740771572,0.0481958722419425));
#13403=CARTESIAN_POINT('',(0.05,0.0191566625558198,0.0481228106152207));
#13404=CARTESIAN_POINT('',(0.0498292893230382,0.0190261801569443,0.0481322330481904));
#13405=CARTESIAN_POINT('',(0.0499999999999997,0.0189629713918757,0.0483029436551309));
#13406=CARTESIAN_POINT('',(0.05,0.0190523603138882,0.0480615223712288));
#13407=CARTESIAN_POINT('',(0.0498292893218813,0.019,0.0481322330470336));
#13408=CARTESIAN_POINT('',(0.05,0.019,0.0483029437251523));
#13409=CARTESIAN_POINT('',(0.05,0.019,0.048061522368915));
#13410=CARTESIAN_POINT('',(0.0499,0.0192,0.0483443650813896));
#13411=CARTESIAN_POINT('',(0.0483443650813896,0.0161,0.0499));
#13412=CARTESIAN_POINT('',(0.0483443650813896,0.0161,0.05));
#13413=CARTESIAN_POINT('',(0.0483443650813896,0.016,0.05));
#13414=CARTESIAN_POINT('',(0.0482888288132634,0.0161,0.0498814879106245));
#13415=CARTESIAN_POINT('',(0.0482831638039198,0.016120400640583,0.0499999999999994));
#13416=CARTESIAN_POINT('',(0.0482703167238882,0.0160000000005786,0.05));
#13417=CARTESIAN_POINT('',(0.0481781992320523,0.0161216687222347,0.0498446113831687));
#13418=CARTESIAN_POINT('',(0.0481958722419424,0.0162378259228423,0.0500000000000006));
#13419=CARTESIAN_POINT('',(0.0481228106152207,0.0160433374441802,0.05));
#13420=CARTESIAN_POINT('',(0.0481322330481904,0.0161738198430561,0.0498292893230382));
#13421=CARTESIAN_POINT('',(0.0483029436551309,0.0162370286081254,0.0499999999999997));
#13422=CARTESIAN_POINT('',(0.0480615223712288,0.0161476396861118,0.05));
#13423=CARTESIAN_POINT('',(0.0481322330470336,0.0162,0.0498292893218813));
#13424=CARTESIAN_POINT('',(0.0483029437251523,0.0162,0.05));
#13425=CARTESIAN_POINT('',(0.048061522368915,0.0162,0.05));
#13426=CARTESIAN_POINT('',(0.048061522368915,0.0162,0.0499));
#13427=CARTESIAN_POINT('',(0.0499,0.0192,-9.00340792280726E-18));
#13428=CARTESIAN_POINT('',(0.0499,0.0192,0.049));
#13429=CARTESIAN_POINT('',(0.048061522368915,0.0161,0.0499));
#13430=CARTESIAN_POINT('',(0.048061522368915,0.019,0.0499));
#13431=CARTESIAN_POINT('',(0.049,0.0192,0.049));
#13432=CARTESIAN_POINT('',(0.049,0.0192,0.0499));
#13433=CARTESIAN_POINT('',(0.0481322330470336,0.019,0.0498292893218813));
#13434=CARTESIAN_POINT('',(0.0483029437251523,0.019,0.05));
#13435=CARTESIAN_POINT('',(0.048061522368915,0.019,0.05));
#13436=CARTESIAN_POINT('',(0.0481322330481904,0.0190261801569443,0.0498292893230382));
#13437=CARTESIAN_POINT('',(0.0483029436551309,0.0189629713918757,0.0499999999999997));
#13438=CARTESIAN_POINT('',(0.0480615223712288,0.0190523603138882,0.05));
#13439=CARTESIAN_POINT('',(0.0481781992320523,0.0190783312777652,0.0498446113831687));
#13440=CARTESIAN_POINT('',(0.0481958722419425,0.0189621740771572,0.0500000000000006));
#13441=CARTESIAN_POINT('',(0.0481228106152207,0.0191566625558198,0.05));
#13442=CARTESIAN_POINT('',(0.0482888288132634,0.0191,0.0498814879106245));
#13443=CARTESIAN_POINT('',(0.0482831638039198,0.019079599359417,0.0499999999999994));
#13444=CARTESIAN_POINT('',(0.0482703167238882,0.0191999999994214,0.05));
#13445=CARTESIAN_POINT('',(0.0483443650813896,0.0191,0.0499));
#13446=CARTESIAN_POINT('',(0.0483443650813896,0.0191,0.05));
#13447=CARTESIAN_POINT('',(0.0483443650813896,0.0192,0.05));
#13448=CARTESIAN_POINT('',(0.0483443650813896,0.0192,0.0499));
#13449=CARTESIAN_POINT('',(-1.14524293006569E-17,0.0192,0.0499));
#13450=CARTESIAN_POINT('',(0.0509242388155425,0.022,0.0490857611844575));
#13451=CARTESIAN_POINT('',(0.0478686291501015,0.022,0.0460301515190165));
#13452=CARTESIAN_POINT('',(0.0490414213562373,0.022,0.0472029437251523));
#13453=CARTESIAN_POINT('',(0.0489,0.022,0.0473443650813896));
#13454=CARTESIAN_POINT('',(0.0491,0.022,0.0473443650813896));
#13455=CARTESIAN_POINT('',(0.0477272077938642,0.022,0.0461715728752538));
#13456=CARTESIAN_POINT('',(0.0475857864376269,0.022,0.0460301515190165));
#13457=CARTESIAN_POINT('',(0.0491,0.022,0.05001));
#13458=CARTESIAN_POINT('',(0.0491,0.022,0.0488));
#13459=CARTESIAN_POINT('',(0.0476564971157456,0.022,0.0459594408408979));
#13460=CARTESIAN_POINT('',(0.0460301515190165,0.022,0.0475857864376269));
#13461=CARTESIAN_POINT('',(0.0488,0.022,0.0488));
#13462=CARTESIAN_POINT('',(0.0488,0.022,0.0491));
#13463=CARTESIAN_POINT('',(0.0461715728752538,0.022,0.0477272077938642));
#13464=CARTESIAN_POINT('',(0.0460301515190165,0.022,0.0478686291501015));
#13465=CARTESIAN_POINT('',(0.05,0.022,0.0491));
#13466=CARTESIAN_POINT('',(0.0473443650813896,0.022,0.0491));
#13467=CARTESIAN_POINT('',(0.0490857611844575,0.022,0.0509242388155425));
#13468=CARTESIAN_POINT('',(0.0472029437251523,0.022,0.0490414213562373));
#13469=CARTESIAN_POINT('',(0.0473443650813896,0.022,0.0489));
#13470=CARTESIAN_POINT('',(0.0495,0.0216,0.05));
#13471=CARTESIAN_POINT('',(0.0495,0.0216,0.042));
#13472=CARTESIAN_POINT('',(0.0495,0.0216,0.049));
#13473=CARTESIAN_POINT('',(0.049,0.0216,0.049));
#13474=CARTESIAN_POINT('',(0.049,0.0216,0.0495));
#13475=CARTESIAN_POINT('',(0.05,0.0216,0.0495));
#13476=CARTESIAN_POINT('',(0.042,0.0216,0.0495));
#13477=CARTESIAN_POINT('',(0.,0.02,0.));
#13478=CARTESIAN_POINT('',(0.0461715728752538,0.02,0.0477272077938642));
#13479=CARTESIAN_POINT('',(0.0451059348446489,0.02,0.048));
#13480=CARTESIAN_POINT('',(0.,0.02,0.048));
#13481=CARTESIAN_POINT('',(0.0425,0.02,0.048));
#13482=CARTESIAN_POINT('',(0.0425,0.02,0.05));
#13483=CARTESIAN_POINT('',(0.,0.02,0.));
#13484=CARTESIAN_POINT('',(0.05,0.02,0.0425));
#13485=CARTESIAN_POINT('',(0.0475,0.02,0.0425));
#13486=CARTESIAN_POINT('',(0.0475,0.02,0.));
#13487=CARTESIAN_POINT('',(0.0475,0.02,0.0450952938136683));
#13488=CARTESIAN_POINT('',(0.0477272077938642,0.02,0.0461715728752538));
#13489=CARTESIAN_POINT('',(0.046949390334559,0.02,0.0453937554159486));
#13490=CARTESIAN_POINT('',(0.0461715728752538,0.02,0.0461715728752538));
#13491=CARTESIAN_POINT('',(0.049,0.1135,0.05));
#13492=CARTESIAN_POINT('',(0.049,0.1135,0.0425));
#13493=CARTESIAN_POINT('',(0.049,0.0014142135623731,0.0425));
#13494=CARTESIAN_POINT('',(0.049,0.00141421356237309,0.05));
#13495=CARTESIAN_POINT('',(0.049,0.0014142135623731,0.049));
#13496=CARTESIAN_POINT('',(0.049,0.1135,0.049));
#13497=CARTESIAN_POINT('',(0.049,0.0151,0.049));
#13498=CARTESIAN_POINT('',(0.049,0.0151,0.05));
#13499=CARTESIAN_POINT('',(0.049,0.0151,0.0474443650813896));
#13500=CARTESIAN_POINT('',(0.049,0.0162,0.0474443650813896));
#13501=CARTESIAN_POINT('',(0.049,0.0162,0.0458887301627792));
#13502=CARTESIAN_POINT('',(0.049,0.0161,0.0458887301627792));
#13503=CARTESIAN_POINT('',(0.05,0.1135,0.049));
#13504=CARTESIAN_POINT('',(0.0458887301627791,0.1135,0.049));
#13505=CARTESIAN_POINT('',(0.0458887301627792,0.0162,0.049));
#13506=CARTESIAN_POINT('',(0.0474443650813896,0.0162,0.049));
#13507=CARTESIAN_POINT('',(0.0474443650813896,0.0151,0.049));
#13508=CARTESIAN_POINT('',(0.0488,0.0151,0.049));
#13509=CARTESIAN_POINT('',(0.05,0.00141421356237309,0.049));
#13510=CARTESIAN_POINT('',(0.0425,0.0014142135623731,0.049));
#13511=CARTESIAN_POINT('',(0.0425,0.1135,0.049));
#13512=CARTESIAN_POINT('',(0.05,0.1135,0.0425));
#13513=CARTESIAN_POINT('',(0.0475,0.1135,0.0425));
#13514=CARTESIAN_POINT('',(0.0425,0.1135,0.0425));
#13515=CARTESIAN_POINT('',(0.0425,0.0014142135623731,0.0425));
#13516=CARTESIAN_POINT('',(0.05,0.00141421356237309,0.0425));
#13517=CARTESIAN_POINT('',(0.0425,0.1135,0.05));
#13518=CARTESIAN_POINT('',(0.0425,0.00141421356237309,0.05));
#13519=CARTESIAN_POINT('',(0.0425,0.1135,0.048));
#13520=CARTESIAN_POINT('',(0.05,0.00170710678118655,0.0492928932188135));
#13521=CARTESIAN_POINT('',(0.049528595479209,0.00194280904158207,0.049528595479209));
#13522=CARTESIAN_POINT('',(0.041971404520791,0.00194280904158207,0.049528595479209));
#13523=CARTESIAN_POINT('',(0.0492928932188135,0.00170710678118655,0.05));
#13524=CARTESIAN_POINT('',(0.049528595479209,0.00194280904158207,0.041971404520791));
#13525=CARTESIAN_POINT('',(0.0422071067811865,0.00170710678118655,0.05));
#13526=CARTESIAN_POINT('',(0.0448047378541244,-0.000890524291751271,0.0448047378541244));
#13527=CARTESIAN_POINT('',(0.05,0.00170710678118655,0.0422071067811865));
#13528=CARTESIAN_POINT('',(0.0475,0.0221,-0.047));
#13529=CARTESIAN_POINT('',(0.0475,0.0161,0.0450952938136683));
#13530=CARTESIAN_POINT('',(0.0465,0.0221,0.048));
#13531=CARTESIAN_POINT('',(0.0451059348446489,0.0161,0.048));
#13532=CARTESIAN_POINT('',(0.0470201010126777,0.0161,0.04532304473783));
#13533=CARTESIAN_POINT('',(0.046949390334559,0.0161,0.0453937554159486));
#13534=CARTESIAN_POINT('',(0.046949390334559,0.0162,0.0453937554159486));
#13535=CARTESIAN_POINT('',(0.0470201010126777,0.0162,0.04532304473783));
#13536=CARTESIAN_POINT('',(0.0453937554159486,0.0162,0.046949390334559));
#13537=CARTESIAN_POINT('',(0.0453937554159486,0.0161,0.046949390334559));
#13538=CARTESIAN_POINT('',(0.0484343145750508,0.0161,0.04532304473783));
#13539=CARTESIAN_POINT('',(0.0484343145750508,0.0162,0.04532304473783));
#13540=CARTESIAN_POINT('',(0.0485050252531694,0.0162,0.0453937554159486));
#13541=CARTESIAN_POINT('',(0.0485050252531694,0.0161,0.0453937554159486));
#13542=CARTESIAN_POINT('',(0.0465958369439658,0.0161,0.0497071067811866));
#13543=CARTESIAN_POINT('',(0.0453937554159486,0.0161,0.0485050252531694));
#13544=CARTESIAN_POINT('',(0.0453937554159486,0.0162,0.0485050252531694));
#13545=CARTESIAN_POINT('',(0.0465958369439658,0.0162,0.0497071067811866));
#13546=CARTESIAN_POINT('',(0.0488,0.0151,0.0488));
#13547=CARTESIAN_POINT('',(0.047373654403271,0.0151,0.0489292893218814));
#13548=CARTESIAN_POINT('',(0.0461715728752538,0.0151,0.0477272077938642));
#13549=CARTESIAN_POINT('',(0.046949390334559,0.0151,0.046949390334559));
#13550=CARTESIAN_POINT('',(0.0477272077938642,0.0151,0.0461715728752538));
#13551=CARTESIAN_POINT('',(0.0476564971157456,0.0151,0.0461008621971352));
#13552=CARTESIAN_POINT('',(0.0477272077938642,0.0161,0.0461715728752538));
#13553=CARTESIAN_POINT('',(0.0477272077938642,0.0162,0.0461715728752538));
#13554=CARTESIAN_POINT('',(0.0476564971157456,0.0162,0.0461008621971352));
#13555=CARTESIAN_POINT('',(0.0477272077938642,0.0162,0.0461715728752538));
#13556=CARTESIAN_POINT('',(0.047373654403271,0.0162,0.0489292893218814));
#13557=CARTESIAN_POINT('',(0.0461715728752538,0.0162,0.0477272077938642));
#13558=CARTESIAN_POINT('',(0.0461715728752538,0.0161,0.0477272077938642));
#13559=CARTESIAN_POINT('',(0.0461715728752538,0.0162,0.0477272077938642));
#13560=CARTESIAN_POINT('',(0.0477272077938642,0.0162,0.0461715728752538));
#13561=CARTESIAN_POINT('',(0.0477272077938642,0.0162,0.0461715728752538));
#13562=CARTESIAN_POINT('',(0.0461715728752538,0.0162,0.0477272077938642));
#13563=CARTESIAN_POINT('',(0.0461715728752538,0.0162,0.0477272077938642));
#13564=CARTESIAN_POINT('',(0.046949390334559,0.0162,0.046949390334559));
#13565=CARTESIAN_POINT('',(0.042,0.1135,0.0495));
#13566=CARTESIAN_POINT('',(0.042,0.008,0.0495));
#13567=CARTESIAN_POINT('',(0.042,0.0089,0.0495));
#13568=CARTESIAN_POINT('',(0.042,0.0216,0.0495));
#13569=CARTESIAN_POINT('',(0.042,0.0216,0.0495));
#13570=CARTESIAN_POINT('',(0.042,0.0216,0.05));
#13571=CARTESIAN_POINT('',(0.0495,0.1135,0.042));
#13572=CARTESIAN_POINT('',(0.0495,0.0209,0.042));
#13573=CARTESIAN_POINT('',(0.0495,0.0216,0.042));
#13574=CARTESIAN_POINT('',(0.0495,0.0216,0.042));
#13575=CARTESIAN_POINT('',(0.0495,0.0216,0.042));
#13576=CARTESIAN_POINT('',(0.05,0.0216,0.042));
#13577=CARTESIAN_POINT('',(0.042,0.1135,0.042));
#13578=CARTESIAN_POINT('',(0.042,0.008,0.042));
#13579=CARTESIAN_POINT('',(0.048,0.0374,-0.0156973454445426));
#13580=CARTESIAN_POINT('',(0.048,0.0209,0.027));
#13581=CARTESIAN_POINT('',(0.048,0.0209,0.027));
#13582=CARTESIAN_POINT('',(0.048,0.0374,0.0156973454445428));
#13583=CARTESIAN_POINT('',(0.048,0.0174,0.0156973454445428));
#13584=CARTESIAN_POINT('',(0.048,0.0174,-0.0156973454445426));
#13585=CARTESIAN_POINT('',(0.048,0.0174,-0.0156973454445426));
#13586=CARTESIAN_POINT('',(0.048,0.0374,-0.0156973454445426));
#13587=CARTESIAN_POINT('',(0.048,0.0209,-0.027));
#13588=CARTESIAN_POINT('',(0.048,0.0209,-0.027));
#13589=CARTESIAN_POINT('',(0.048,0.0209,-0.0415));
#13590=CARTESIAN_POINT('',(0.048,0.0374,-0.0415));
#13591=CARTESIAN_POINT('',(0.048,0.0089,-0.0415));
#13592=CARTESIAN_POINT('',(0.048,0.0089,-0.027));
#13593=CARTESIAN_POINT('',(0.048,0.0089,-0.027));
#13594=CARTESIAN_POINT('',(0.048,-0.0076,-0.0156973454445426));
#13595=CARTESIAN_POINT('',(0.048,0.0124,-0.0156973454445426));
#13596=CARTESIAN_POINT('',(0.048,0.0124,-0.0156973454445426));
#13597=CARTESIAN_POINT('',(0.048,0.0124,0.0156973454445428));
#13598=CARTESIAN_POINT('',(0.048,-0.0076,0.0156973454445428));
#13599=CARTESIAN_POINT('',(0.048,0.0089,0.027));
#13600=CARTESIAN_POINT('',(0.048,0.0089,0.027));
#13601=CARTESIAN_POINT('',(0.0156973454445427,0.0374,0.048));
#13602=CARTESIAN_POINT('',(0.027,0.0089,0.048));
#13603=CARTESIAN_POINT('',(0.027,0.0089,0.048));
#13604=CARTESIAN_POINT('',(0.0156973454445427,-0.0076,0.048));
#13605=CARTESIAN_POINT('',(0.0156973454445427,0.0124,0.048));
#13606=CARTESIAN_POINT('',(0.0156973454445427,0.0124,0.048));
#13607=CARTESIAN_POINT('',(-0.0156973454445427,0.0124,0.048));
#13608=CARTESIAN_POINT('',(-0.0156973454445427,-0.0076,0.048));
#13609=CARTESIAN_POINT('',(-0.027,0.0089,0.048));
#13610=CARTESIAN_POINT('',(-0.027,0.0089,0.048));
#13611=CARTESIAN_POINT('',(-0.0415,0.0089,0.048));
#13612=CARTESIAN_POINT('',(-0.0415,0.1135,0.048));
#13613=CARTESIAN_POINT('',(-0.0415,0.0209,0.048));
#13614=CARTESIAN_POINT('',(-0.027,0.0209,0.048));
#13615=CARTESIAN_POINT('',(-0.027,0.0209,0.048));
#13616=CARTESIAN_POINT('',(-0.0156973454445427,0.0374,0.048));
#13617=CARTESIAN_POINT('',(-0.0156973454445427,0.0174,0.048));
#13618=CARTESIAN_POINT('',(0.0156973454445427,0.0174,0.048));
#13619=CARTESIAN_POINT('',(0.0156973454445427,0.0174,0.048));
#13620=CARTESIAN_POINT('',(0.0156973454445427,0.0374,0.048));
#13621=CARTESIAN_POINT('',(0.027,0.0209,0.048));
#13622=CARTESIAN_POINT('',(0.027,0.0209,0.048));
#13623=CARTESIAN_POINT('',(0.027,0.0209,0.048));
#13624=CARTESIAN_POINT('',(0.027,0.0209,0.048));
#13625=CARTESIAN_POINT('',(0.027,0.0089,0.048));
#13626=CARTESIAN_POINT('',(0.027,0.0089,0.048));
#13627=CARTESIAN_POINT('',(0.048,0.0089,0.027));
#13628=CARTESIAN_POINT('',(0.048,0.0089,0.027));
#13629=CARTESIAN_POINT('',(0.048,0.0209,0.027));
#13630=CARTESIAN_POINT('',(0.048,0.0209,0.027));
#13631=CARTESIAN_POINT('',(0.0415,0.008,-0.05));
#13632=CARTESIAN_POINT('',(0.0415,0.007,-0.05));
#13633=CARTESIAN_POINT('',(-0.042,0.007,-0.05));
#13634=CARTESIAN_POINT('',(0.042,0.007,-0.05));
#13635=CARTESIAN_POINT('',(-0.042,0.1135,-0.05));
#13636=CARTESIAN_POINT('',(-0.042,0.001,-0.05));
#13637=CARTESIAN_POINT('',(-0.05,0.001,-0.05));
#13638=CARTESIAN_POINT('',(-0.049,0.001,-0.05));
#13639=CARTESIAN_POINT('',(-0.049,0.1135,-0.05));
#13640=CARTESIAN_POINT('',(-0.049,0.016,-0.05));
#13641=CARTESIAN_POINT('',(-0.05,0.016,-0.05));
#13642=CARTESIAN_POINT('',(-0.0483443650813896,0.016,-0.05));
#13643=CARTESIAN_POINT('',(-0.0483443650813896,0.0162,-0.05));
#13644=CARTESIAN_POINT('',(-0.048061522368915,0.0162,-0.05));
#13645=CARTESIAN_POINT('',(-0.048061522368915,0.019,-0.05));
#13646=CARTESIAN_POINT('',(-0.048061522368915,0.019,-0.05));
#13647=CARTESIAN_POINT('',(-0.0483443650813896,0.019,-0.05));
#13648=CARTESIAN_POINT('',(-0.0483443650813896,0.0192,-0.05));
#13649=CARTESIAN_POINT('',(-0.049,0.0192,-0.05));
#13650=CARTESIAN_POINT('',(-0.049,0.0192,-0.05));
#13651=CARTESIAN_POINT('',(-0.049,0.1135,-0.05));
#13652=CARTESIAN_POINT('',(-0.049,0.0216,-0.05));
#13653=CARTESIAN_POINT('',(-0.05,0.0216,-0.05));
#13654=CARTESIAN_POINT('',(-0.042,0.0216,-0.05));
#13655=CARTESIAN_POINT('',(-0.042,0.1135,-0.05));
#13656=CARTESIAN_POINT('',(-0.042,0.0209,-0.05));
#13657=CARTESIAN_POINT('',(-0.027,0.0209,-0.05));
#13658=CARTESIAN_POINT('',(-0.027,0.0209,-0.05));
#13659=CARTESIAN_POINT('',(-0.0156973454445427,0.0374,-0.05));
#13660=CARTESIAN_POINT('',(-0.0156973454445427,0.0174,-0.05));
#13661=CARTESIAN_POINT('',(-0.0156973454445427,0.0174,-0.05));
#13662=CARTESIAN_POINT('',(0.0156973454445427,0.0174,-0.05));
#13663=CARTESIAN_POINT('',(0.0156973454445427,0.0374,-0.05));
#13664=CARTESIAN_POINT('',(0.027,0.0209,-0.05));
#13665=CARTESIAN_POINT('',(0.027,0.0209,-0.05));
#13666=CARTESIAN_POINT('',(0.042,0.0209,-0.05));
#13667=CARTESIAN_POINT('',(0.042,0.1135,-0.05));
#13668=CARTESIAN_POINT('',(0.042,0.0216,-0.05));
#13669=CARTESIAN_POINT('',(0.05,0.0216,-0.05));
#13670=CARTESIAN_POINT('',(0.049,0.0216,-0.05));
#13671=CARTESIAN_POINT('',(0.049,0.1135,-0.05));
#13672=CARTESIAN_POINT('',(0.049,0.0192,-0.05));
#13673=CARTESIAN_POINT('',(0.049,0.0192,-0.05));
#13674=CARTESIAN_POINT('',(0.0483443650813896,0.0192,-0.05));
#13675=CARTESIAN_POINT('',(0.0483443650813896,0.019,-0.05));
#13676=CARTESIAN_POINT('',(0.048061522368915,0.019,-0.05));
#13677=CARTESIAN_POINT('',(0.048061522368915,0.019,-0.05));
#13678=CARTESIAN_POINT('',(0.048061522368915,0.0162,-0.05));
#13679=CARTESIAN_POINT('',(0.0483443650813896,0.0162,-0.05));
#13680=CARTESIAN_POINT('',(0.0483443650813896,0.016,-0.05));
#13681=CARTESIAN_POINT('',(0.05,0.016,-0.05));
#13682=CARTESIAN_POINT('',(0.049,0.016,-0.05));
#13683=CARTESIAN_POINT('',(0.049,0.1135,-0.05));
#13684=CARTESIAN_POINT('',(0.049,0.001,-0.05));
#13685=CARTESIAN_POINT('',(0.05,0.001,-0.05));
#13686=CARTESIAN_POINT('',(0.042,0.001,-0.05));
#13687=CARTESIAN_POINT('',(0.042,0.1135,-0.05));
#13688=CARTESIAN_POINT('',(-0.042,0.1135,-0.05));
#13689=CARTESIAN_POINT('',(-0.042,0.0089,-0.05));
#13690=CARTESIAN_POINT('',(-0.042,0.008,-0.05));
#13691=CARTESIAN_POINT('',(0.0415,0.008,-0.05));
#13692=CARTESIAN_POINT('',(0.042,0.008,-0.05));
#13693=CARTESIAN_POINT('',(0.042,0.1135,-0.05));
#13694=CARTESIAN_POINT('',(0.042,0.0089,-0.05));
#13695=CARTESIAN_POINT('',(0.027,0.0089,-0.05));
#13696=CARTESIAN_POINT('',(0.027,0.0089,-0.05));
#13697=CARTESIAN_POINT('',(0.0156973454445427,-0.0076,-0.05));
#13698=CARTESIAN_POINT('',(0.0156973454445427,0.0124,-0.05));
#13699=CARTESIAN_POINT('',(-0.0156973454445427,0.0124,-0.05));
#13700=CARTESIAN_POINT('',(-0.0156973454445427,0.0124,-0.05));
#13701=CARTESIAN_POINT('',(-0.0156973454445427,-0.0076,-0.05));
#13702=CARTESIAN_POINT('',(-0.027,0.0089,-0.05));
#13703=CARTESIAN_POINT('',(-0.027,0.0089,-0.05));
#13704=CARTESIAN_POINT('',(-0.05,0.008,-0.0415));
#13705=CARTESIAN_POINT('',(-0.05,0.1135,-0.042));
#13706=CARTESIAN_POINT('',(-0.05,0.001,-0.042));
#13707=CARTESIAN_POINT('',(-0.05,0.007,-0.042));
#13708=CARTESIAN_POINT('',(-0.05,0.007,-0.0415));
#13709=CARTESIAN_POINT('',(-0.05,0.007,0.042));
#13710=CARTESIAN_POINT('',(-0.05,0.1135,0.042));
#13711=CARTESIAN_POINT('',(-0.05,0.001,0.042));
#13712=CARTESIAN_POINT('',(-0.05,0.001,0.05));
#13713=CARTESIAN_POINT('',(-0.05,0.001,0.049));
#13714=CARTESIAN_POINT('',(-0.05,0.1135,0.049));
#13715=CARTESIAN_POINT('',(-0.05,0.016,0.049));
#13716=CARTESIAN_POINT('',(-0.05,0.016,0.05));
#13717=CARTESIAN_POINT('',(-0.05,0.016,0.0483443650813896));
#13718=CARTESIAN_POINT('',(-0.05,0.0162,0.0483443650813896));
#13719=CARTESIAN_POINT('',(-0.05,0.0162,0.048061522368915));
#13720=CARTESIAN_POINT('',(-0.05,0.0162,0.048061522368915));
#13721=CARTESIAN_POINT('',(-0.05,0.019,0.048061522368915));
#13722=CARTESIAN_POINT('',(-0.05,0.019,0.0483443650813896));
#13723=CARTESIAN_POINT('',(-0.05,0.0192,0.0483443650813896));
#13724=CARTESIAN_POINT('',(-0.05,0.0192,0.0484443650813896));
#13725=CARTESIAN_POINT('',(-0.05,0.0192,0.049));
#13726=CARTESIAN_POINT('',(-0.05,0.1135,0.049));
#13727=CARTESIAN_POINT('',(-0.05,0.0216,0.049));
#13728=CARTESIAN_POINT('',(-0.05,0.0216,0.05));
#13729=CARTESIAN_POINT('',(-0.05,0.0216,0.042));
#13730=CARTESIAN_POINT('',(-0.05,0.1135,0.042));
#13731=CARTESIAN_POINT('',(-0.05,0.0209,0.0419999999999995));
#13732=CARTESIAN_POINT('',(-0.05,0.0209,0.0269999999999995));
#13733=CARTESIAN_POINT('',(-0.05,0.0209,0.0269999999999995));
#13734=CARTESIAN_POINT('',(-0.05,0.0374,0.0156973454445422));
#13735=CARTESIAN_POINT('',(-0.05,0.0174,0.0156973454445422));
#13736=CARTESIAN_POINT('',(-0.05,0.0174,0.0156973454445422));
#13737=CARTESIAN_POINT('',(-0.05,0.0174,-0.0156973454445432));
#13738=CARTESIAN_POINT('',(-0.05,0.0374,-0.0156973454445432));
#13739=CARTESIAN_POINT('',(-0.05,0.0209,-0.0270000000000006));
#13740=CARTESIAN_POINT('',(-0.05,0.0209,-0.0270000000000006));
#13741=CARTESIAN_POINT('',(-0.05,0.0209,-0.042));
#13742=CARTESIAN_POINT('',(-0.05,0.1135,-0.042));
#13743=CARTESIAN_POINT('',(-0.05,0.0216,-0.042));
#13744=CARTESIAN_POINT('',(-0.05,0.0216,-0.05));
#13745=CARTESIAN_POINT('',(-0.05,0.0216,-0.049));
#13746=CARTESIAN_POINT('',(-0.05,0.1135,-0.049));
#13747=CARTESIAN_POINT('',(-0.05,0.0192,-0.049));
#13748=CARTESIAN_POINT('',(-0.05,0.0192,-0.0484443650813896));
#13749=CARTESIAN_POINT('',(-0.05,0.0192,-0.0483443650813896));
#13750=CARTESIAN_POINT('',(-0.05,0.019,-0.0483443650813896));
#13751=CARTESIAN_POINT('',(-0.05,0.019,-0.048061522368915));
#13752=CARTESIAN_POINT('',(-0.05,0.0162,-0.048061522368915));
#13753=CARTESIAN_POINT('',(-0.05,0.0162,-0.048061522368915));
#13754=CARTESIAN_POINT('',(-0.05,0.0162,-0.0483443650813896));
#13755=CARTESIAN_POINT('',(-0.05,0.016,-0.0483443650813896));
#13756=CARTESIAN_POINT('',(-0.05,0.016,-0.05));
#13757=CARTESIAN_POINT('',(-0.05,0.016,-0.049));
#13758=CARTESIAN_POINT('',(-0.05,0.1135,-0.049));
#13759=CARTESIAN_POINT('',(-0.05,0.001,-0.049));
#13760=CARTESIAN_POINT('',(-0.05,0.001,-0.05));
#13761=CARTESIAN_POINT('',(-0.05,0.008,-0.0415));
#13762=CARTESIAN_POINT('',(-0.05,0.008,0.042));
#13763=CARTESIAN_POINT('',(-0.05,0.008,-0.042));
#13764=CARTESIAN_POINT('',(-0.05,0.1135,-0.042));
#13765=CARTESIAN_POINT('',(-0.05,0.0089,-0.0420000000000006));
#13766=CARTESIAN_POINT('',(-0.05,0.0089,-0.0270000000000006));
#13767=CARTESIAN_POINT('',(-0.05,0.0089,-0.0270000000000006));
#13768=CARTESIAN_POINT('',(-0.05,-0.0076,-0.0156973454445432));
#13769=CARTESIAN_POINT('',(-0.05,0.0124,-0.0156973454445432));
#13770=CARTESIAN_POINT('',(-0.05,0.0124,0.0156973454445422));
#13771=CARTESIAN_POINT('',(-0.05,0.0124,0.0156973454445422));
#13772=CARTESIAN_POINT('',(-0.05,-0.0076,0.0156973454445422));
#13773=CARTESIAN_POINT('',(-0.05,0.0089,0.0269999999999995));
#13774=CARTESIAN_POINT('',(-0.05,0.0089,0.0269999999999995));
#13775=CARTESIAN_POINT('',(-0.05,0.0089,0.042));
#13776=CARTESIAN_POINT('',(-0.05,0.1135,0.042));
#13777=CARTESIAN_POINT('',(0.,0.008,0.));
#13778=CARTESIAN_POINT('',(0.0495,0.008,-0.042));
#13779=CARTESIAN_POINT('',(0.0495,0.008,-0.0415));
#13780=CARTESIAN_POINT('',(0.,0.008,-0.0415));
#13781=CARTESIAN_POINT('',(0.042,0.008,-0.0415));
#13782=CARTESIAN_POINT('',(0.042,0.008,-0.042));
#13783=CARTESIAN_POINT('',(0.0415,0.008,-0.042));
#13784=CARTESIAN_POINT('',(0.0415,0.008,0.));
#13785=CARTESIAN_POINT('',(0.0415,0.008,-0.0495));
#13786=CARTESIAN_POINT('',(0.042,0.008,-0.0495));
#13787=CARTESIAN_POINT('',(-0.042,0.008,-0.0495));
#13788=CARTESIAN_POINT('',(-0.0415,0.008,-0.0495));
#13789=CARTESIAN_POINT('',(-0.0415,0.008,0.));
#13790=CARTESIAN_POINT('',(-0.0415,0.008,-0.042));
#13791=CARTESIAN_POINT('',(-0.042,0.008,-0.042));
#13792=CARTESIAN_POINT('',(-0.042,0.008,-0.0415));
#13793=CARTESIAN_POINT('',(0.,0.008,-0.0415));
#13794=CARTESIAN_POINT('',(-0.0495,0.008,-0.0415));
#13795=CARTESIAN_POINT('',(-0.0495,0.008,-0.042));
#13796=CARTESIAN_POINT('',(-0.0495,0.008,0.042));
#13797=CARTESIAN_POINT('',(-0.0495,0.008,0.0415));
#13798=CARTESIAN_POINT('',(0.,0.008,0.0415));
#13799=CARTESIAN_POINT('',(-0.042,0.008,0.0415));
#13800=CARTESIAN_POINT('',(-0.042,0.008,0.042));
#13801=CARTESIAN_POINT('',(-0.0415,0.008,0.042));
#13802=CARTESIAN_POINT('',(-0.0415,0.008,0.));
#13803=CARTESIAN_POINT('',(-0.0415,0.008,0.0495));
#13804=CARTESIAN_POINT('',(-0.042,0.008,0.0495));
#13805=CARTESIAN_POINT('',(-0.0485830052442584,0.008,-0.0485830052442584));
#13806=CARTESIAN_POINT('',(-0.0347671908397635,0.008,-0.0405131060911987));
#13807=CARTESIAN_POINT('',(-0.0405131060911987,0.008,-0.0347671908397635));
#13808=CARTESIAN_POINT('',(-0.0321767256389208,0.008,-0.039));
#13809=CARTESIAN_POINT('',(-0.0321767256389208,0.008,-0.042));
#13810=CARTESIAN_POINT('',(-1.94289029309403E-17,0.008,-0.042));
#13811=CARTESIAN_POINT('',(-0.007,0.008,-0.042));
#13812=CARTESIAN_POINT('',(-0.007,0.008,-0.039));
#13813=CARTESIAN_POINT('',(-0.004,0.008,-0.039));
#13814=CARTESIAN_POINT('',(-0.00399999999999995,0.008,6.75623438421048E-18));
#13815=CARTESIAN_POINT('',(-0.004,0.008,-0.0353128871660192));
#13816=CARTESIAN_POINT('',(-0.007,0.008,-0.0353128871660192));
#13817=CARTESIAN_POINT('',(-0.00641666666666667,0.008,-0.0323701465688509));
#13818=CARTESIAN_POINT('',(0.,0.008,0.));
#13819=CARTESIAN_POINT('',(-0.0323701465688509,0.008,-0.00641666666666666));
#13820=CARTESIAN_POINT('',(-0.0353128871660192,0.008,-0.007));
#13821=CARTESIAN_POINT('',(-0.0353128871660192,0.008,-0.004));
#13822=CARTESIAN_POINT('',(-7.50692709356731E-19,0.008,-0.004));
#13823=CARTESIAN_POINT('',(-0.039,0.008,-0.004));
#13824=CARTESIAN_POINT('',(-0.039,0.008,-0.007));
#13825=CARTESIAN_POINT('',(-0.042,0.008,-0.007));
#13826=CARTESIAN_POINT('',(-0.042,0.008,9.71445146547012E-18));
#13827=CARTESIAN_POINT('',(-0.042,0.008,-0.0321767256389207));
#13828=CARTESIAN_POINT('',(-0.039,0.008,-0.0321767256389207));
#13829=CARTESIAN_POINT('',(0.0485830052442584,0.008,-0.0485830052442584));
#13830=CARTESIAN_POINT('',(0.0405131060911987,0.008,-0.0347671908397635));
#13831=CARTESIAN_POINT('',(0.0347671908397635,0.008,-0.0405131060911987));
#13832=CARTESIAN_POINT('',(0.039,0.008,-0.0321767256389207));
#13833=CARTESIAN_POINT('',(0.042,0.008,-0.0321767256389207));
#13834=CARTESIAN_POINT('',(0.042,0.008,9.71445146547012E-18));
#13835=CARTESIAN_POINT('',(0.042,0.008,-0.007));
#13836=CARTESIAN_POINT('',(0.039,0.008,-0.007));
#13837=CARTESIAN_POINT('',(0.039,0.008,-0.004));
#13838=CARTESIAN_POINT('',(7.50692709356731E-19,0.008,-0.004));
#13839=CARTESIAN_POINT('',(0.0353128871660192,0.008,-0.004));
#13840=CARTESIAN_POINT('',(0.0353128871660192,0.008,-0.007));
#13841=CARTESIAN_POINT('',(0.0323701465688509,0.008,-0.00641666666666666));
#13842=CARTESIAN_POINT('',(0.,0.008,0.));
#13843=CARTESIAN_POINT('',(0.00641666666666667,0.008,-0.0323701465688509));
#13844=CARTESIAN_POINT('',(0.007,0.008,-0.0353128871660192));
#13845=CARTESIAN_POINT('',(0.004,0.008,-0.0353128871660192));
#13846=CARTESIAN_POINT('',(0.00399999999999995,0.008,6.75623438421048E-18));
#13847=CARTESIAN_POINT('',(0.004,0.008,-0.039));
#13848=CARTESIAN_POINT('',(0.007,0.008,-0.039));
#13849=CARTESIAN_POINT('',(0.007,0.008,-0.042));
#13850=CARTESIAN_POINT('',(1.94289029309403E-17,0.008,-0.042));
#13851=CARTESIAN_POINT('',(0.0321767256389208,0.008,-0.042));
#13852=CARTESIAN_POINT('',(0.0321767256389208,0.008,-0.039));
#13853=CARTESIAN_POINT('',(0.0485830052442584,0.008,0.0485830052442584));
#13854=CARTESIAN_POINT('',(0.0347671908397635,0.008,0.0405131060911987));
#13855=CARTESIAN_POINT('',(0.0405131060911987,0.008,0.0347671908397635));
#13856=CARTESIAN_POINT('',(0.0321767256389207,0.008,0.039));
#13857=CARTESIAN_POINT('',(0.0321767256389207,0.008,0.042));
#13858=CARTESIAN_POINT('',(0.,0.008,0.042));
#13859=CARTESIAN_POINT('',(0.007,0.008,0.042));
#13860=CARTESIAN_POINT('',(0.007,0.008,0.039));
#13861=CARTESIAN_POINT('',(0.004,0.008,0.039));
#13862=CARTESIAN_POINT('',(0.004,0.008,-2.25207812807018E-18));
#13863=CARTESIAN_POINT('',(0.004,0.008,0.0353128871660192));
#13864=CARTESIAN_POINT('',(0.007,0.008,0.0353128871660192));
#13865=CARTESIAN_POINT('',(0.00641666666666667,0.008,0.0323701465688509));
#13866=CARTESIAN_POINT('',(0.,0.008,0.));
#13867=CARTESIAN_POINT('',(0.0323701465688509,0.008,0.00641666666666666));
#13868=CARTESIAN_POINT('',(0.0353128871660192,0.008,0.007));
#13869=CARTESIAN_POINT('',(0.0353128871660192,0.008,0.004));
#13870=CARTESIAN_POINT('',(-3.75346354678362E-18,0.008,0.004));
#13871=CARTESIAN_POINT('',(0.039,0.008,0.004));
#13872=CARTESIAN_POINT('',(0.039,0.008,0.007));
#13873=CARTESIAN_POINT('',(0.042,0.008,0.007));
#13874=CARTESIAN_POINT('',(0.042,0.008,0.));
#13875=CARTESIAN_POINT('',(0.042,0.008,0.0321767256389207));
#13876=CARTESIAN_POINT('',(0.039,0.008,0.0321767256389207));
#13877=CARTESIAN_POINT('',(-0.0485830052442584,0.008,0.0485830052442584));
#13878=CARTESIAN_POINT('',(-0.0405131060911987,0.008,0.0347671908397635));
#13879=CARTESIAN_POINT('',(-0.0347671908397635,0.008,0.0405131060911987));
#13880=CARTESIAN_POINT('',(-0.039,0.008,0.0321767256389207));
#13881=CARTESIAN_POINT('',(-0.042,0.008,0.0321767256389207));
#13882=CARTESIAN_POINT('',(-0.042,0.008,0.));
#13883=CARTESIAN_POINT('',(-0.042,0.008,0.007));
#13884=CARTESIAN_POINT('',(-0.039,0.008,0.007));
#13885=CARTESIAN_POINT('',(-0.039,0.008,0.004));
#13886=CARTESIAN_POINT('',(3.75346354678362E-18,0.008,0.004));
#13887=CARTESIAN_POINT('',(-0.0353128871660192,0.008,0.004));
#13888=CARTESIAN_POINT('',(-0.0353128871660192,0.008,0.007));
#13889=CARTESIAN_POINT('',(-0.0323701465688509,0.008,0.00641666666666666));
#13890=CARTESIAN_POINT('',(0.,0.008,0.));
#13891=CARTESIAN_POINT('',(-0.00641666666666667,0.008,0.0323701465688509));
#13892=CARTESIAN_POINT('',(-0.007,0.008,0.0353128871660192));
#13893=CARTESIAN_POINT('',(-0.004,0.008,0.0353128871660192));
#13894=CARTESIAN_POINT('',(-0.004,0.008,-2.25207812807018E-18));
#13895=CARTESIAN_POINT('',(-0.004,0.008,0.039));
#13896=CARTESIAN_POINT('',(-0.007,0.008,0.039));
#13897=CARTESIAN_POINT('',(-0.007,0.008,0.042));
#13898=CARTESIAN_POINT('',(0.,0.008,0.042));
#13899=CARTESIAN_POINT('',(-0.0321767256389207,0.008,0.042));
#13900=CARTESIAN_POINT('',(-0.0321767256389207,0.008,0.039));
#13901=CARTESIAN_POINT('',(0.,0.008,0.));
#13902=CARTESIAN_POINT('',(0.,0.008,0.025));
#13903=CARTESIAN_POINT('',(0.,0.007,0.));
#13904=CARTESIAN_POINT('',(-0.042,0.007,0.0495));
#13905=CARTESIAN_POINT('',(-0.0415,0.007,0.0495));
#13906=CARTESIAN_POINT('',(-0.0415,0.007,0.));
#13907=CARTESIAN_POINT('',(-0.0415,0.007,0.042));
#13908=CARTESIAN_POINT('',(-0.042,0.007,0.042));
#13909=CARTESIAN_POINT('',(-0.042,0.007,0.0415));
#13910=CARTESIAN_POINT('',(0.,0.007,0.0415));
#13911=CARTESIAN_POINT('',(-0.0495,0.007,0.0415));
#13912=CARTESIAN_POINT('',(-0.0495,0.007,0.042));
#13913=CARTESIAN_POINT('',(-0.0495,0.007,-0.042));
#13914=CARTESIAN_POINT('',(-0.0495,0.007,-0.0415));
#13915=CARTESIAN_POINT('',(0.,0.007,-0.0415));
#13916=CARTESIAN_POINT('',(-0.042,0.007,-0.0415));
#13917=CARTESIAN_POINT('',(-0.042,0.007,-0.042));
#13918=CARTESIAN_POINT('',(-0.0415,0.007,-0.042));
#13919=CARTESIAN_POINT('',(-0.0415,0.007,0.));
#13920=CARTESIAN_POINT('',(-0.0415,0.007,-0.0495));
#13921=CARTESIAN_POINT('',(-0.042,0.007,-0.0495));
#13922=CARTESIAN_POINT('',(0.042,0.007,-0.0495));
#13923=CARTESIAN_POINT('',(0.0415,0.007,-0.0495));
#13924=CARTESIAN_POINT('',(0.0415,0.007,0.));
#13925=CARTESIAN_POINT('',(0.0415,0.007,-0.042));
#13926=CARTESIAN_POINT('',(0.042,0.007,-0.042));
#13927=CARTESIAN_POINT('',(0.042,0.007,-0.0415));
#13928=CARTESIAN_POINT('',(0.,0.007,-0.0415));
#13929=CARTESIAN_POINT('',(0.0495,0.007,-0.0415));
#13930=CARTESIAN_POINT('',(0.0495,0.007,-0.042));
#13931=CARTESIAN_POINT('',(-0.034,0.007,-0.042));
#13932=CARTESIAN_POINT('',(-0.0321767256389208,0.007,-0.042));
#13933=CARTESIAN_POINT('',(-0.007,0.007,-0.042));
#13934=CARTESIAN_POINT('',(-0.0321767256389208,0.007,-0.039));
#13935=CARTESIAN_POINT('',(-0.0347671908397635,0.007,-0.0405131060911987));
#13936=CARTESIAN_POINT('',(-0.0485830052442584,0.007,-0.0485830052442584));
#13937=CARTESIAN_POINT('',(-0.0405131060911987,0.007,-0.0347671908397635));
#13938=CARTESIAN_POINT('',(-0.039,0.007,-0.0321767256389207));
#13939=CARTESIAN_POINT('',(-0.042,0.007,-0.0321767256389207));
#13940=CARTESIAN_POINT('',(-0.042,0.007,-0.034));
#13941=CARTESIAN_POINT('',(-0.042,0.007,-0.007));
#13942=CARTESIAN_POINT('',(-0.039,0.007,-0.007));
#13943=CARTESIAN_POINT('',(-0.039,0.007,-0.004));
#13944=CARTESIAN_POINT('',(-0.042,0.007,-0.004));
#13945=CARTESIAN_POINT('',(-0.0353128871660192,0.007,-0.004));
#13946=CARTESIAN_POINT('',(-0.0353128871660192,0.007,-0.007));
#13947=CARTESIAN_POINT('',(-0.0323701465688509,0.007,-0.00641666666666666));
#13948=CARTESIAN_POINT('',(0.,0.007,0.));
#13949=CARTESIAN_POINT('',(-0.00641666666666667,0.007,-0.0323701465688509));
#13950=CARTESIAN_POINT('',(-0.007,0.007,-0.0353128871660192));
#13951=CARTESIAN_POINT('',(-0.004,0.007,-0.0353128871660192));
#13952=CARTESIAN_POINT('',(-0.004,0.007,-0.042));
#13953=CARTESIAN_POINT('',(-0.004,0.007,-0.039));
#13954=CARTESIAN_POINT('',(-0.007,0.007,-0.039));
#13955=CARTESIAN_POINT('',(0.042,0.007,-0.034));
#13956=CARTESIAN_POINT('',(0.042,0.007,-0.0321767256389207));
#13957=CARTESIAN_POINT('',(0.042,0.007,-0.007));
#13958=CARTESIAN_POINT('',(0.039,0.007,-0.0321767256389207));
#13959=CARTESIAN_POINT('',(0.0405131060911987,0.007,-0.0347671908397635));
#13960=CARTESIAN_POINT('',(0.0485830052442584,0.007,-0.0485830052442584));
#13961=CARTESIAN_POINT('',(0.0347671908397635,0.007,-0.0405131060911987));
#13962=CARTESIAN_POINT('',(0.0321767256389208,0.007,-0.039));
#13963=CARTESIAN_POINT('',(0.0321767256389208,0.007,-0.042));
#13964=CARTESIAN_POINT('',(0.034,0.007,-0.042));
#13965=CARTESIAN_POINT('',(0.007,0.007,-0.042));
#13966=CARTESIAN_POINT('',(0.007,0.007,-0.039));
#13967=CARTESIAN_POINT('',(0.004,0.007,-0.039));
#13968=CARTESIAN_POINT('',(0.004,0.007,-0.042));
#13969=CARTESIAN_POINT('',(0.004,0.007,-0.0353128871660192));
#13970=CARTESIAN_POINT('',(0.007,0.007,-0.0353128871660192));
#13971=CARTESIAN_POINT('',(0.00641666666666667,0.007,-0.0323701465688509));
#13972=CARTESIAN_POINT('',(0.,0.007,0.));
#13973=CARTESIAN_POINT('',(0.0323701465688509,0.007,-0.00641666666666666));
#13974=CARTESIAN_POINT('',(0.0353128871660192,0.007,-0.007));
#13975=CARTESIAN_POINT('',(0.0353128871660192,0.007,-0.004));
#13976=CARTESIAN_POINT('',(0.042,0.007,-0.004));
#13977=CARTESIAN_POINT('',(0.039,0.007,-0.004));
#13978=CARTESIAN_POINT('',(0.039,0.007,-0.007));
#13979=CARTESIAN_POINT('',(0.034,0.007,0.042));
#13980=CARTESIAN_POINT('',(0.0321767256389207,0.007,0.042));
#13981=CARTESIAN_POINT('',(0.007,0.007,0.042));
#13982=CARTESIAN_POINT('',(0.0321767256389207,0.007,0.039));
#13983=CARTESIAN_POINT('',(0.0347671908397635,0.007,0.0405131060911987));
#13984=CARTESIAN_POINT('',(0.0485830052442584,0.007,0.0485830052442584));
#13985=CARTESIAN_POINT('',(0.0405131060911987,0.007,0.0347671908397635));
#13986=CARTESIAN_POINT('',(0.039,0.007,0.0321767256389207));
#13987=CARTESIAN_POINT('',(0.042,0.007,0.0321767256389207));
#13988=CARTESIAN_POINT('',(0.042,0.007,0.034));
#13989=CARTESIAN_POINT('',(0.042,0.007,0.007));
#13990=CARTESIAN_POINT('',(0.039,0.007,0.007));
#13991=CARTESIAN_POINT('',(0.039,0.007,0.004));
#13992=CARTESIAN_POINT('',(0.042,0.007,0.004));
#13993=CARTESIAN_POINT('',(0.0353128871660192,0.007,0.004));
#13994=CARTESIAN_POINT('',(0.0353128871660192,0.007,0.007));
#13995=CARTESIAN_POINT('',(0.0323701465688509,0.007,0.00641666666666666));
#13996=CARTESIAN_POINT('',(0.,0.007,0.));
#13997=CARTESIAN_POINT('',(0.00641666666666667,0.007,0.0323701465688509));
#13998=CARTESIAN_POINT('',(0.007,0.007,0.0353128871660192));
#13999=CARTESIAN_POINT('',(0.004,0.007,0.0353128871660192));
#14000=CARTESIAN_POINT('',(0.004,0.007,0.042));
#14001=CARTESIAN_POINT('',(0.004,0.007,0.039));
#14002=CARTESIAN_POINT('',(0.007,0.007,0.039));
#14003=CARTESIAN_POINT('',(-0.042,0.007,0.034));
#14004=CARTESIAN_POINT('',(-0.042,0.007,0.0321767256389207));
#14005=CARTESIAN_POINT('',(-0.042,0.007,0.007));
#14006=CARTESIAN_POINT('',(-0.039,0.007,0.0321767256389207));
#14007=CARTESIAN_POINT('',(-0.0405131060911987,0.007,0.0347671908397635));
#14008=CARTESIAN_POINT('',(-0.0485830052442584,0.007,0.0485830052442584));
#14009=CARTESIAN_POINT('',(-0.0347671908397635,0.007,0.0405131060911987));
#14010=CARTESIAN_POINT('',(-0.0321767256389207,0.007,0.039));
#14011=CARTESIAN_POINT('',(-0.0321767256389207,0.007,0.042));
#14012=CARTESIAN_POINT('',(-0.034,0.007,0.042));
#14013=CARTESIAN_POINT('',(-0.007,0.007,0.042));
#14014=CARTESIAN_POINT('',(-0.007,0.007,0.039));
#14015=CARTESIAN_POINT('',(-0.004,0.007,0.039));
#14016=CARTESIAN_POINT('',(-0.004,0.007,0.042));
#14017=CARTESIAN_POINT('',(-0.004,0.007,0.0353128871660192));
#14018=CARTESIAN_POINT('',(-0.007,0.007,0.0353128871660192));
#14019=CARTESIAN_POINT('',(-0.00641666666666667,0.007,0.0323701465688509));
#14020=CARTESIAN_POINT('',(0.,0.007,0.));
#14021=CARTESIAN_POINT('',(-0.0323701465688509,0.007,0.00641666666666666));
#14022=CARTESIAN_POINT('',(-0.0353128871660192,0.007,0.007));
#14023=CARTESIAN_POINT('',(-0.0353128871660192,0.007,0.004));
#14024=CARTESIAN_POINT('',(-0.042,0.007,0.004));
#14025=CARTESIAN_POINT('',(-0.039,0.007,0.004));
#14026=CARTESIAN_POINT('',(-0.039,0.007,0.007));
#14027=CARTESIAN_POINT('',(0.,0.007,0.));
#14028=CARTESIAN_POINT('',(0.,0.007,-0.025));
#14029=CARTESIAN_POINT('',(0.,0.1135,0.));
#14030=CARTESIAN_POINT('',(-0.0485830052442584,0.1135,0.0485830052442584));
#14031=CARTESIAN_POINT('',(-0.0405131060911987,0.1135,0.0347671908397635));
#14032=CARTESIAN_POINT('',(-0.0347671908397635,0.1135,0.0405131060911987));
#14033=CARTESIAN_POINT('',(-0.034,0.1135,0.042));
#14034=CARTESIAN_POINT('',(-0.007,0.007,0.042));
#14035=CARTESIAN_POINT('',(-0.0321767256389207,0.008,0.042));
#14036=CARTESIAN_POINT('',(-0.004,0.1135,0.042));
#14037=CARTESIAN_POINT('',(-0.004,0.008,0.039));
#14038=CARTESIAN_POINT('',(-0.004,0.007,0.0353128871660192));
#14039=CARTESIAN_POINT('',(0.,0.1135,0.));
#14040=CARTESIAN_POINT('',(-0.00641666666666667,0.1135,0.0323701465688509));
#14041=CARTESIAN_POINT('',(-0.0323701465688509,0.1135,0.00641666666666666));
#14042=CARTESIAN_POINT('',(-0.042,0.1135,0.004));
#14043=CARTESIAN_POINT('',(-0.0353128871660192,0.008,0.004));
#14044=CARTESIAN_POINT('',(-0.039,0.007,0.004));
#14045=CARTESIAN_POINT('',(-0.042,0.1135,0.034));
#14046=CARTESIAN_POINT('',(-0.042,0.008,0.007));
#14047=CARTESIAN_POINT('',(-0.042,0.007,0.0321767256389207));
#14048=CARTESIAN_POINT('',(0.0485830052442584,0.1135,0.0485830052442584));
#14049=CARTESIAN_POINT('',(0.0405131060911987,0.1135,0.0347671908397635));
#14050=CARTESIAN_POINT('',(0.0347671908397635,0.1135,0.0405131060911987));
#14051=CARTESIAN_POINT('',(0.042,0.1135,0.034));
#14052=CARTESIAN_POINT('',(0.042,0.008,0.0321767256389207));
#14053=CARTESIAN_POINT('',(0.042,0.007,0.007));
#14054=CARTESIAN_POINT('',(0.042,0.1135,0.004));
#14055=CARTESIAN_POINT('',(0.039,0.008,0.004));
#14056=CARTESIAN_POINT('',(0.0353128871660192,0.007,0.004));
#14057=CARTESIAN_POINT('',(0.,0.1135,0.));
#14058=CARTESIAN_POINT('',(0.0323701465688509,0.1135,0.00641666666666666));
#14059=CARTESIAN_POINT('',(0.00641666666666667,0.1135,0.0323701465688509));
#14060=CARTESIAN_POINT('',(0.004,0.1135,0.042));
#14061=CARTESIAN_POINT('',(0.004,0.008,0.0353128871660192));
#14062=CARTESIAN_POINT('',(0.004,0.007,0.039));
#14063=CARTESIAN_POINT('',(0.034,0.1135,0.042));
#14064=CARTESIAN_POINT('',(0.007,0.008,0.042));
#14065=CARTESIAN_POINT('',(0.0321767256389207,0.007,0.042));
#14066=CARTESIAN_POINT('',(0.0485830052442584,0.1135,-0.0485830052442584));
#14067=CARTESIAN_POINT('',(0.0347671908397635,0.1135,-0.0405131060911987));
#14068=CARTESIAN_POINT('',(0.0405131060911987,0.1135,-0.0347671908397635));
#14069=CARTESIAN_POINT('',(0.034,0.1135,-0.042));
#14070=CARTESIAN_POINT('',(0.0321767256389208,0.008,-0.042));
#14071=CARTESIAN_POINT('',(0.007,0.007,-0.042));
#14072=CARTESIAN_POINT('',(0.004,0.1135,-0.042));
#14073=CARTESIAN_POINT('',(0.004,0.008,-0.039));
#14074=CARTESIAN_POINT('',(0.004,0.007,-0.0353128871660192));
#14075=CARTESIAN_POINT('',(0.,0.1135,0.));
#14076=CARTESIAN_POINT('',(0.00641666666666667,0.1135,-0.0323701465688509));
#14077=CARTESIAN_POINT('',(0.0323701465688509,0.1135,-0.00641666666666666));
#14078=CARTESIAN_POINT('',(0.042,0.1135,-0.004));
#14079=CARTESIAN_POINT('',(0.0353128871660192,0.008,-0.004));
#14080=CARTESIAN_POINT('',(0.039,0.007,-0.004));
#14081=CARTESIAN_POINT('',(0.042,0.1135,-0.034));
#14082=CARTESIAN_POINT('',(0.042,0.008,-0.007));
#14083=CARTESIAN_POINT('',(0.042,0.007,-0.0321767256389207));
#14084=CARTESIAN_POINT('',(-0.0485830052442584,0.1135,-0.0485830052442584));
#14085=CARTESIAN_POINT('',(-0.0405131060911987,0.1135,-0.0347671908397635));
#14086=CARTESIAN_POINT('',(-0.0347671908397635,0.1135,-0.0405131060911987));
#14087=CARTESIAN_POINT('',(-0.042,0.1135,-0.034));
#14088=CARTESIAN_POINT('',(-0.042,0.008,-0.0321767256389207));
#14089=CARTESIAN_POINT('',(-0.042,0.007,-0.007));
#14090=CARTESIAN_POINT('',(-0.042,0.1135,-0.004));
#14091=CARTESIAN_POINT('',(-0.039,0.008,-0.004));
#14092=CARTESIAN_POINT('',(-0.0353128871660192,0.007,-0.004));
#14093=CARTESIAN_POINT('',(0.,0.1135,0.));
#14094=CARTESIAN_POINT('',(-0.0323701465688509,0.1135,-0.00641666666666666));
#14095=CARTESIAN_POINT('',(-0.00641666666666667,0.1135,-0.0323701465688509));
#14096=CARTESIAN_POINT('',(-0.004,0.1135,-0.042));
#14097=CARTESIAN_POINT('',(-0.004,0.008,-0.0353128871660192));
#14098=CARTESIAN_POINT('',(-0.004,0.007,-0.039));
#14099=CARTESIAN_POINT('',(-0.034,0.1135,-0.042));
#14100=CARTESIAN_POINT('',(-0.007,0.008,-0.042));
#14101=CARTESIAN_POINT('',(-0.0321767256389208,0.007,-0.042));
#14102=CARTESIAN_POINT('',(-0.007,0.1135,0.039));
#14103=CARTESIAN_POINT('',(-0.007,0.1135,0.0353128871660192));
#14104=CARTESIAN_POINT('',(-0.0353128871660192,0.1135,0.007));
#14105=CARTESIAN_POINT('',(-0.039,0.1135,0.007));
#14106=CARTESIAN_POINT('',(-0.039,0.1135,0.0321767256389207));
#14107=CARTESIAN_POINT('',(0.039,0.1135,0.0321767256389207));
#14108=CARTESIAN_POINT('',(0.039,0.1135,0.007));
#14109=CARTESIAN_POINT('',(0.0353128871660192,0.1135,0.007));
#14110=CARTESIAN_POINT('',(0.007,0.1135,0.0353128871660192));
#14111=CARTESIAN_POINT('',(0.007,0.1135,0.039));
#14112=CARTESIAN_POINT('',(0.0321767256389207,0.1135,0.039));
#14113=CARTESIAN_POINT('',(0.0321767256389208,0.1135,-0.039));
#14114=CARTESIAN_POINT('',(0.007,0.1135,-0.039));
#14115=CARTESIAN_POINT('',(0.007,0.1135,-0.0353128871660192));
#14116=CARTESIAN_POINT('',(0.0353128871660192,0.1135,-0.007));
#14117=CARTESIAN_POINT('',(0.039,0.1135,-0.007));
#14118=CARTESIAN_POINT('',(0.039,0.1135,-0.0321767256389207));
#14119=CARTESIAN_POINT('',(-0.039,0.1135,-0.0321767256389207));
#14120=CARTESIAN_POINT('',(-0.039,0.1135,-0.007));
#14121=CARTESIAN_POINT('',(-0.0353128871660192,0.1135,-0.007));
#14122=CARTESIAN_POINT('',(-0.007,0.1135,-0.0353128871660192));
#14123=CARTESIAN_POINT('',(-0.007,0.1135,-0.039));
#14124=CARTESIAN_POINT('',(-0.0321767256389208,0.1135,-0.039));
#14125=CARTESIAN_POINT('',(-0.0321767256389207,0.1135,0.039));
#14126=CARTESIAN_POINT('',(0.042,0.1135,-0.0495));
#14127=CARTESIAN_POINT('',(0.042,0.0005,-0.0495));
#14128=CARTESIAN_POINT('',(0.0416464466094068,0.000853553390593274,-0.0498535533905933));
#14129=CARTESIAN_POINT('',(0.042,0.0005,-0.0495));
#14130=CARTESIAN_POINT('',(0.0415,0.001,-0.0495));
#14131=CARTESIAN_POINT('',(0.0415,0.1135,-0.0495));
#14132=CARTESIAN_POINT('',(0.05,0.1135,-0.0415));
#14133=CARTESIAN_POINT('',(0.0495,0.1135,-0.0415));
#14134=CARTESIAN_POINT('',(0.0495,0.001,-0.0415));
#14135=CARTESIAN_POINT('',(0.042,0.1135,-0.0415));
#14136=CARTESIAN_POINT('',(0.042,0.001,-0.0415));
#14137=CARTESIAN_POINT('',(0.05,0.001,-0.0415));
#14138=CARTESIAN_POINT('',(0.0415,0.1135,-0.05));
#14139=CARTESIAN_POINT('',(0.0415,0.1135,-0.042));
#14140=CARTESIAN_POINT('',(0.0415,0.001,-0.042));
#14141=CARTESIAN_POINT('',(0.0415,0.001,-0.05));
#14142=CARTESIAN_POINT('',(0.0495,0.1135,-0.042));
#14143=CARTESIAN_POINT('',(0.0495,0.0005,-0.042));
#14144=CARTESIAN_POINT('',(0.0498535533905933,0.000853553390593274,-0.0416464466094068));
#14145=CARTESIAN_POINT('',(0.0495,0.0005,-0.042));
#14146=CARTESIAN_POINT('',(0.042,0.1135,-0.042));
#14147=CARTESIAN_POINT('',(0.042,0.0005,-0.042));
#14148=CARTESIAN_POINT('',(0.0416464466094068,0.000853553390593274,-0.0416464466094068));
#14149=CARTESIAN_POINT('',(0.042,0.0005,-0.042));
#14150=CARTESIAN_POINT('',(-0.0495,0.1135,-0.042));
#14151=CARTESIAN_POINT('',(-0.0495,0.0005,-0.042));
#14152=CARTESIAN_POINT('',(-0.0498535533905933,0.000853553390593274,-0.0416464466094068));
#14153=CARTESIAN_POINT('',(-0.0495,0.0005,-0.042));
#14154=CARTESIAN_POINT('',(-0.0495,0.001,-0.0415));
#14155=CARTESIAN_POINT('',(-0.0495,0.1135,-0.0415));
#14156=CARTESIAN_POINT('',(-0.05,0.1135,-0.0415));
#14157=CARTESIAN_POINT('',(-0.042,0.1135,-0.0415));
#14158=CARTESIAN_POINT('',(-0.042,0.001,-0.0415));
#14159=CARTESIAN_POINT('',(-0.05,0.001,-0.0415));
#14160=CARTESIAN_POINT('',(-0.0415,0.1135,-0.05));
#14161=CARTESIAN_POINT('',(-0.0415,0.1135,-0.0495));
#14162=CARTESIAN_POINT('',(-0.0415,0.001,-0.0495));
#14163=CARTESIAN_POINT('',(-0.0415,0.1135,-0.042));
#14164=CARTESIAN_POINT('',(-0.0415,0.001,-0.042));
#14165=CARTESIAN_POINT('',(-0.0415,0.001,-0.05));
#14166=CARTESIAN_POINT('',(-0.042,0.1135,-0.0495));
#14167=CARTESIAN_POINT('',(-0.042,0.0005,-0.0495));
#14168=CARTESIAN_POINT('',(-0.0416464466094068,0.000853553390593274,-0.0498535533905933));
#14169=CARTESIAN_POINT('',(-0.042,0.0005,-0.0495));
#14170=CARTESIAN_POINT('',(-0.042,0.1135,-0.042));
#14171=CARTESIAN_POINT('',(-0.042,0.0005,-0.042));
#14172=CARTESIAN_POINT('',(-0.0416464466094068,0.000853553390593274,-0.0416464466094068));
#14173=CARTESIAN_POINT('',(-0.042,0.0005,-0.042));
#14174=CARTESIAN_POINT('',(-0.042,0.1135,0.0495));
#14175=CARTESIAN_POINT('',(-0.042,0.0005,0.0495));
#14176=CARTESIAN_POINT('',(-0.0416464466094068,0.000853553390593274,0.0498535533905933));
#14177=CARTESIAN_POINT('',(-0.042,0.0005,0.0495));
#14178=CARTESIAN_POINT('',(-0.0415,0.001,0.0495));
#14179=CARTESIAN_POINT('',(-0.0415,0.1135,0.0495));
#14180=CARTESIAN_POINT('',(-0.05,0.1135,0.0415));
#14181=CARTESIAN_POINT('',(-0.0495,0.1135,0.0415));
#14182=CARTESIAN_POINT('',(-0.0495,0.001,0.0415));
#14183=CARTESIAN_POINT('',(-0.042,0.1135,0.0415));
#14184=CARTESIAN_POINT('',(-0.042,0.001,0.0415));
#14185=CARTESIAN_POINT('',(-0.05,0.001,0.0415));
#14186=CARTESIAN_POINT('',(-0.0415,0.1135,0.05));
#14187=CARTESIAN_POINT('',(-0.0415,0.1135,0.042));
#14188=CARTESIAN_POINT('',(-0.0415,0.001,0.042));
#14189=CARTESIAN_POINT('',(-0.0415,0.001,0.05));
#14190=CARTESIAN_POINT('',(-0.0495,0.1135,0.042));
#14191=CARTESIAN_POINT('',(-0.0495,0.0005,0.042));
#14192=CARTESIAN_POINT('',(-0.0498535533905933,0.000853553390593274,0.0416464466094068));
#14193=CARTESIAN_POINT('',(-0.0495,0.0005,0.042));
#14194=CARTESIAN_POINT('',(-0.042,0.1135,0.042));
#14195=CARTESIAN_POINT('',(-0.042,0.0005,0.042));
#14196=CARTESIAN_POINT('',(-0.0416464466094068,0.000853553390593274,0.0416464466094068));
#14197=CARTESIAN_POINT('',(-0.042,0.0005,0.042));
#14198=CARTESIAN_POINT('',(0.048,0.0209,-0.027));
#14199=CARTESIAN_POINT('',(0.0495,0.0209,-0.042));
#14200=CARTESIAN_POINT('',(0.0495,0.0209,-0.0415));
#14201=CARTESIAN_POINT('',(0.048,0.0209,-0.0415));
#14202=CARTESIAN_POINT('',(0.048,0.0209,-0.027));
#14203=CARTESIAN_POINT('',(0.048,0.0089,-0.027));
#14204=CARTESIAN_POINT('',(0.048,0.0089,-0.0415));
#14205=CARTESIAN_POINT('',(0.0495,0.0089,-0.0415));
#14206=CARTESIAN_POINT('',(0.0495,0.0089,-0.042));
#14207=CARTESIAN_POINT('',(0.048,0.0089,-0.027));
#14208=CARTESIAN_POINT('',(0.048,0.0374,-0.0156973454445426));
#14209=CARTESIAN_POINT('',(0.048,0.0174,-0.0156973454445426));
#14210=CARTESIAN_POINT('',(0.048,-0.0076,-0.0156973454445426));
#14211=CARTESIAN_POINT('',(0.048,0.0124,-0.0156973454445426));
#14212=CARTESIAN_POINT('',(0.048,0.0124,-0.0156973454445426));
#14213=CARTESIAN_POINT('',(0.048,0.0124,0.0156973454445428));
#14214=CARTESIAN_POINT('',(0.048,-0.0076,0.0156973454445428));
#14215=CARTESIAN_POINT('',(0.048,0.0374,0.0156973454445428));
#14216=CARTESIAN_POINT('',(0.048,0.0174,0.0156973454445428));
#14217=CARTESIAN_POINT('',(0.048,0.0174,-0.0156973454445426));
#14218=CARTESIAN_POINT('',(0.0495,0.1135,-0.042));
#14219=CARTESIAN_POINT('',(0.0495,0.1135,-0.0415));
#14220=CARTESIAN_POINT('',(0.0495,0.0216,-0.0415));
#14221=CARTESIAN_POINT('',(0.0495,0.0216,-0.042));
#14222=CARTESIAN_POINT('',(0.042,0.1135,-0.0495));
#14223=CARTESIAN_POINT('',(0.0415,0.1135,-0.0495));
#14224=CARTESIAN_POINT('',(0.0415,0.0089,-0.0495));
#14225=CARTESIAN_POINT('',(0.042,0.0089,-0.0495));
#14226=CARTESIAN_POINT('',(0.05,0.0221,-0.05001));
#14227=CARTESIAN_POINT('',(0.0477272077938642,0.0221,-0.0461715728752538));
#14228=CARTESIAN_POINT('',(0.0475,0.0221,-0.0450952938136683));
#14229=CARTESIAN_POINT('',(0.0485050252531694,0.0221,-0.0453937554159486));
#14230=CARTESIAN_POINT('',(0.0515606349186104,0.0221,-0.0484493650813896));
#14231=CARTESIAN_POINT('',(0.049,0.0221,-0.0458887301627792));
#14232=CARTESIAN_POINT('',(0.049,0.0221,-0.05001));
#14233=CARTESIAN_POINT('',(0.049,0.0221,-0.0425));
#14234=CARTESIAN_POINT('',(0.05,0.0221,-0.0425));
#14235=CARTESIAN_POINT('',(0.0475,0.0221,-0.0425));
#14236=CARTESIAN_POINT('',(0.0475,0.0221,-0.05001));
#14237=CARTESIAN_POINT('',(0.0465,0.0221,-0.047));
#14238=CARTESIAN_POINT('',(0.042,0.0221,-0.047));
#14239=CARTESIAN_POINT('',(0.0465,0.0221,-0.047));
#14240=CARTESIAN_POINT('',(0.0465,0.0221,0.047));
#14241=CARTESIAN_POINT('',(0.0465,0.0221,-0.042));
#14242=CARTESIAN_POINT('',(0.05,0.0221,-0.042));
#14243=CARTESIAN_POINT('',(0.0495,0.0221,-0.042));
#14244=CARTESIAN_POINT('',(0.0495,0.0221,-0.05001));
#14245=CARTESIAN_POINT('',(0.0495,0.0221,-0.049));
#14246=CARTESIAN_POINT('',(0.049,0.0221,-0.049));
#14247=CARTESIAN_POINT('',(0.049,0.0221,-0.0495));
#14248=CARTESIAN_POINT('',(0.05,0.0221,-0.0495));
#14249=CARTESIAN_POINT('',(0.042,0.0221,-0.0495));
#14250=CARTESIAN_POINT('',(0.042,0.0221,-0.05001));
#14251=CARTESIAN_POINT('',(0.0473443650813896,0.0221,-0.0491));
#14252=CARTESIAN_POINT('',(0.0488,0.0221,-0.0491));
#14253=CARTESIAN_POINT('',(0.0473443650813896,0.0221,-0.0491));
#14254=CARTESIAN_POINT('',(0.0488,0.0221,-0.0488));
#14255=CARTESIAN_POINT('',(0.0491,0.0221,-0.0488));
#14256=CARTESIAN_POINT('',(0.0491,0.0221,-0.0488));
#14257=CARTESIAN_POINT('',(0.0491,0.0221,-0.0473443650813896));
#14258=CARTESIAN_POINT('',(0.0489,0.0221,-0.0473443650813896));
#14259=CARTESIAN_POINT('',(0.0490414213562373,0.0221,-0.0472029437251523));
#14260=CARTESIAN_POINT('',(0.0490414213562373,0.0221,-0.0472029437251523));
#14261=CARTESIAN_POINT('',(0.0478686291501015,0.0221,-0.0460301515190165));
#14262=CARTESIAN_POINT('',(0.0477272077938642,0.0221,-0.0461715728752538));
#14263=CARTESIAN_POINT('',(0.0475857864376269,0.0221,-0.0460301515190165));
#14264=CARTESIAN_POINT('',(0.0468029689783217,0.0221,-0.0468129689783217));
#14265=CARTESIAN_POINT('',(0.0460301515190165,0.0221,-0.0475857864376269));
#14266=CARTESIAN_POINT('',(0.0461715728752538,0.0221,-0.0477272077938642));
#14267=CARTESIAN_POINT('',(0.0460301515190165,0.0221,-0.0478686291501015));
#14268=CARTESIAN_POINT('',(0.0460301515190165,0.0221,-0.0478686291501015));
#14269=CARTESIAN_POINT('',(0.0472029437251523,0.0221,-0.0490414213562373));
#14270=CARTESIAN_POINT('',(0.0473443650813896,0.0221,-0.0489));
#14271=CARTESIAN_POINT('',(0.0461715728752538,0.0221,-0.0477272077938642));
#14272=CARTESIAN_POINT('',(0.0453937554159486,0.0221,-0.0485050252531694));
#14273=CARTESIAN_POINT('',(0.0451059348446489,0.0221,-0.048));
#14274=CARTESIAN_POINT('',(0.05,0.0221,-0.048));
#14275=CARTESIAN_POINT('',(0.0425,0.0221,-0.048));
#14276=CARTESIAN_POINT('',(0.0425,0.0221,-0.05));
#14277=CARTESIAN_POINT('',(0.0425,0.0221,-0.049));
#14278=CARTESIAN_POINT('',(0.05,0.0221,-0.049));
#14279=CARTESIAN_POINT('',(0.0458887301627792,0.0221,-0.049));
#14280=CARTESIAN_POINT('',(0.0465958369439658,0.0221,-0.0497071067811866));
#14281=CARTESIAN_POINT('',(0.,0.,0.));
#14282=CARTESIAN_POINT('',(0.0425,0.,0.));
#14283=CARTESIAN_POINT('',(0.0425,0.,-0.049));
#14284=CARTESIAN_POINT('',(0.0425,0.,-0.0425));
#14285=CARTESIAN_POINT('',(0.,0.,-0.049));
#14286=CARTESIAN_POINT('',(0.049,0.,-0.049));
#14287=CARTESIAN_POINT('',(0.049,0.,0.));
#14288=CARTESIAN_POINT('',(0.049,0.,-0.0425));
#14289=CARTESIAN_POINT('',(0.,0.,-0.0425));
#14290=CARTESIAN_POINT('',(0.0439142135623731,0.,-0.05));
#14291=CARTESIAN_POINT('',(0.0439142135623731,0.,-0.0475857864376269));
#14292=CARTESIAN_POINT('',(0.0439142135623731,0.,-0.0439142135623731));
#14293=CARTESIAN_POINT('',(0.05,0.,-0.0439142135623731));
#14294=CARTESIAN_POINT('',(0.0475857864376269,0.,-0.0439142135623731));
#14295=CARTESIAN_POINT('',(0.0475857864376269,0.,-0.05));
#14296=CARTESIAN_POINT('',(0.0475857864376269,0.,-0.0475857864376269));
#14297=CARTESIAN_POINT('',(0.05,0.,-0.0475857864376269));
#14298=CARTESIAN_POINT('',(0.,0.02,0.));
#14299=CARTESIAN_POINT('',(0.0461715728752538,0.02,-0.0461715728752538));
#14300=CARTESIAN_POINT('',(0.0453937554159486,0.02,-0.046949390334559));
#14301=CARTESIAN_POINT('',(0.0465,0.02,-0.0458431457505076));
#14302=CARTESIAN_POINT('',(0.0465,0.02,0.047));
#14303=CARTESIAN_POINT('',(0.0465,0.02,-0.047));
#14304=CARTESIAN_POINT('',(0.0465,0.02,-0.047));
#14305=CARTESIAN_POINT('',(0.0453462433504317,0.02,-0.047));
#14306=CARTESIAN_POINT('',(0.0461715728752538,0.02,-0.0477272077938642));
#14307=CARTESIAN_POINT('',(0.049,0.1135,-0.049));
#14308=CARTESIAN_POINT('',(0.049,0.0192,-0.049));
#14309=CARTESIAN_POINT('',(0.049,0.0216,-0.049));
#14310=CARTESIAN_POINT('',(0.049,0.0161,-0.0473029437251523));
#14311=CARTESIAN_POINT('',(0.049,0.0161,-0.0488));
#14312=CARTESIAN_POINT('',(0.049,0.0192,-0.0488));
#14313=CARTESIAN_POINT('',(0.049,0.022,-0.0488));
#14314=CARTESIAN_POINT('',(0.049,0.0192,-0.0473029437251523));
#14315=CARTESIAN_POINT('',(0.049,0.0192,-0.0475443650813896));
#14316=CARTESIAN_POINT('',(0.049,0.0192,-0.0475443650813896));
#14317=CARTESIAN_POINT('',(0.049,0.0192,-0.0474663666592524));
#14318=CARTESIAN_POINT('',(0.049,0.0191805269672579,-0.0473997752755949));
#14319=CARTESIAN_POINT('',(0.049,0.0191415809017736,-0.0473445909304173));
#14320=CARTESIAN_POINT('',(0.048997968967567,0.0191414334374279,-0.0473446950026171));
#14321=CARTESIAN_POINT('',(0.049,0.0191,-0.0473443650813896));
#14322=CARTESIAN_POINT('',(0.049,0.022,-0.0473443650813896));
#14323=CARTESIAN_POINT('',(0.049,0.022,-0.0473443650813896));
#14324=CARTESIAN_POINT('',(0.0488,0.0161,-0.0488));
#14325=CARTESIAN_POINT('',(0.0488,0.0161,-0.049));
#14326=CARTESIAN_POINT('',(0.0488,0.0192,-0.049));
#14327=CARTESIAN_POINT('',(0.0488,0.022,-0.049));
#14328=CARTESIAN_POINT('',(0.0488,0.0192,-0.0488));
#14329=CARTESIAN_POINT('',(0.0488,0.022,-0.0488));
#14330=CARTESIAN_POINT('',(0.0488,0.0161,-0.049));
#14331=CARTESIAN_POINT('',(0.0473443650813896,0.0221,-0.049));
#14332=CARTESIAN_POINT('',(0.0473443650813896,0.0191414213562373,-0.049));
#14333=CARTESIAN_POINT('',(0.0473443650813896,0.022,-0.049));
#14334=CARTESIAN_POINT('',(0.0475443650813896,0.019,-0.049));
#14335=CARTESIAN_POINT('',(0.0475443650813896,0.0192,-0.049));
#14336=CARTESIAN_POINT('',(0.0488,0.0192,-0.049));
#14337=CARTESIAN_POINT('',(0.0488,0.022,-0.049));
#14338=CARTESIAN_POINT('',(0.05,0.1135,-0.0415));
#14339=CARTESIAN_POINT('',(0.0495,0.1135,-0.0415));
#14340=CARTESIAN_POINT('',(0.05,0.0216,-0.0415));
#14341=CARTESIAN_POINT('',(0.0465,0.0216,-0.0415));
#14342=CARTESIAN_POINT('',(0.0465,0.1135,-0.0415));
#14343=CARTESIAN_POINT('',(0.0465,0.02,-0.0415));
#14344=CARTESIAN_POINT('',(0.05,0.02,-0.0415));
#14345=CARTESIAN_POINT('',(0.042,0.02,-0.0415));
#14346=CARTESIAN_POINT('',(0.042,0.1135,-0.0415));
#14347=CARTESIAN_POINT('',(0.0415,0.1135,-0.05));
#14348=CARTESIAN_POINT('',(0.0415,0.1135,-0.042));
#14349=CARTESIAN_POINT('',(0.0415,0.02,-0.042));
#14350=CARTESIAN_POINT('',(0.0415,0.02,-0.05));
#14351=CARTESIAN_POINT('',(0.0415,0.02,-0.047));
#14352=CARTESIAN_POINT('',(0.0415,0.1135,-0.047));
#14353=CARTESIAN_POINT('',(0.0415,0.0216,-0.047));
#14354=CARTESIAN_POINT('',(0.0415,0.0216,-0.05));
#14355=CARTESIAN_POINT('',(0.0415,0.0216,-0.0495));
#14356=CARTESIAN_POINT('',(0.0415,0.1135,-0.0495));
#14357=CARTESIAN_POINT('',(0.0415,0.0209,-0.0495));
#14358=CARTESIAN_POINT('',(0.0415,0.0209,-0.05));
#14359=CARTESIAN_POINT('',(0.0415,0.0209,-0.048));
#14360=CARTESIAN_POINT('',(0.0415,0.1135,-0.048));
#14361=CARTESIAN_POINT('',(0.0415,0.0089,-0.048));
#14362=CARTESIAN_POINT('',(0.0415,0.0089,-0.05));
#14363=CARTESIAN_POINT('',(0.049,0.1135,-0.049));
#14364=CARTESIAN_POINT('',(0.049,0.,-0.049));
#14365=CARTESIAN_POINT('',(0.0497071067811866,0.000707106781186546,-0.0497071067811866));
#14366=CARTESIAN_POINT('',(0.049,0.,-0.049));
#14367=CARTESIAN_POINT('',(0.049,0.016,-0.049));
#14368=CARTESIAN_POINT('',(0.05,0.001,-0.05));
#14369=CARTESIAN_POINT('',(0.05,0.001,-0.05));
#14370=CARTESIAN_POINT('',(0.0443333333333333,-0.00183333333333333,-0.0471666666666667));
#14371=CARTESIAN_POINT('',(0.05,0.001,-0.05));
#14372=CARTESIAN_POINT('',(0.0471666666666667,-0.00183333333333333,-0.0443333333333333));
#14373=CARTESIAN_POINT('',(0.0415,0.001,-0.05));
#14374=CARTESIAN_POINT('',(0.0443333333333333,-0.00183333333333333,-0.0443333333333333));
#14375=CARTESIAN_POINT('',(0.05,0.001,-0.0415));
#14376=CARTESIAN_POINT('',(0.0465,0.0221,0.047));
#14377=CARTESIAN_POINT('',(0.0465,0.0221,-0.047));
#14378=CARTESIAN_POINT('',(0.0465,0.02,0.047));
#14379=CARTESIAN_POINT('',(0.0465,0.02,-0.0425));
#14380=CARTESIAN_POINT('',(0.0465,0.02,0.047));
#14381=CARTESIAN_POINT('',(0.0465,0.0216,-0.042));
#14382=CARTESIAN_POINT('',(0.0465,0.0221,-0.047));
#14383=CARTESIAN_POINT('',(0.0465,0.02,-0.047));
#14384=CARTESIAN_POINT('',(0.0425,0.02,-0.047));
#14385=CARTESIAN_POINT('',(0.0465,0.02,-0.047));
#14386=CARTESIAN_POINT('',(0.042,0.0216,-0.047));
#14387=CARTESIAN_POINT('',(0.,0.02,0.));
#14388=CARTESIAN_POINT('',(0.05,0.02,-0.0425));
#14389=CARTESIAN_POINT('',(0.0425,0.02,-0.0425));
#14390=CARTESIAN_POINT('',(0.0425,0.02,-0.05));
#14391=CARTESIAN_POINT('',(0.042,0.02,-0.042));
#14392=CARTESIAN_POINT('',(0.0477272077938642,0.0161,-0.0460301515190165));
#14393=CARTESIAN_POINT('',(0.0476564971157456,0.0161,-0.0461008621971352));
#14394=CARTESIAN_POINT('',(0.0476564971157456,0.0162,-0.0461008621971352));
#14395=CARTESIAN_POINT('',(0.0476564971157456,0.022,-0.0461008621971352));
#14396=CARTESIAN_POINT('',(0.0477272077938642,0.0162,-0.0460301515190165));
#14397=CARTESIAN_POINT('',(0.0461008621971352,0.0162,-0.0476564971157456));
#14398=CARTESIAN_POINT('',(0.0461008621971352,0.0161,-0.0476564971157456));
#14399=CARTESIAN_POINT('',(0.0461008621971352,0.022,-0.0476564971157456));
#14400=CARTESIAN_POINT('',(0.0477272077938642,0.022,-0.0460301515190165));
#14401=CARTESIAN_POINT('',(0.0477272077938642,0.0161,-0.0460301515190165));
#14402=CARTESIAN_POINT('',(0.0489707106781187,0.0221,-0.047273654403271));
#14403=CARTESIAN_POINT('',(0.0489707106781187,0.019,-0.047273654403271));
#14404=CARTESIAN_POINT('',(0.0489707106781187,0.022,-0.047273654403271));
#14405=CARTESIAN_POINT('',(0.049,0.019,-0.0473029437251523));
#14406=CARTESIAN_POINT('',(0.0498292893218814,0.019,-0.0481322330470337));
#14407=CARTESIAN_POINT('',(0.0498292893218814,0.019,-0.0481322330470337));
#14408=CARTESIAN_POINT('',(0.0498292893218814,0.0162,-0.0481322330470337));
#14409=CARTESIAN_POINT('',(0.0477272077938642,0.0162,-0.0460301515190165));
#14410=CARTESIAN_POINT('',(0.0477979184719829,0.0162,-0.0461008621971352));
#14411=CARTESIAN_POINT('',(0.0477979184719829,0.0161,-0.0461008621971352));
#14412=CARTESIAN_POINT('',(0.0477979184719829,0.022,-0.0461008621971352));
#14413=CARTESIAN_POINT('',(0.0477979184719829,0.022,-0.0461008621971352));
#14414=CARTESIAN_POINT('',(0.0473029437251523,0.0161,-0.049));
#14415=CARTESIAN_POINT('',(0.0461008621971352,0.0161,-0.0477979184719829));
#14416=CARTESIAN_POINT('',(0.0461008621971352,0.0162,-0.0477979184719829));
#14417=CARTESIAN_POINT('',(0.0461008621971352,0.022,-0.0477979184719829));
#14418=CARTESIAN_POINT('',(0.0473029437251523,0.0162,-0.049));
#14419=CARTESIAN_POINT('',(0.0481322330470337,0.0162,-0.0498292893218814));
#14420=CARTESIAN_POINT('',(0.0481322330470337,0.0162,-0.0498292893218814));
#14421=CARTESIAN_POINT('',(0.0481322330470337,0.019,-0.0498292893218814));
#14422=CARTESIAN_POINT('',(0.0483029437251523,0.019,-0.05));
#14423=CARTESIAN_POINT('',(0.047273654403271,0.019,-0.0489707106781187));
#14424=CARTESIAN_POINT('',(0.047273654403271,0.0191,-0.0489707106781187));
#14425=CARTESIAN_POINT('',(0.047273654403271,0.022,-0.0489707106781187));
#14426=CARTESIAN_POINT('',(0.047273654403271,0.022,-0.0489707106781187));
#14427=CARTESIAN_POINT('',(0.0488,0.0161,-0.0488));
#14428=CARTESIAN_POINT('',(0.0480221825406948,0.0161,-0.0495778174593052));
#14429=CARTESIAN_POINT('',(0.0461715728752538,0.0161,-0.0477272077938642));
#14430=CARTESIAN_POINT('',(0.0483443650813896,0.0161,-0.0499));
#14431=CARTESIAN_POINT('',(0.0461008621971352,0.0161,-0.0477979184719829));
#14432=CARTESIAN_POINT('',(0.0477272077938642,0.0161,-0.0461715728752538));
#14433=CARTESIAN_POINT('',(0.0495778174593052,0.0161,-0.0480221825406948));
#14434=CARTESIAN_POINT('',(0.0499,0.0161,-0.0483443650813896));
#14435=CARTESIAN_POINT('',(0.0499,0.0161,-0.0488));
#14436=CARTESIAN_POINT('',(0.0499,0.0161,-0.049));
#14437=CARTESIAN_POINT('',(0.049,0.0161,-0.049));
#14438=CARTESIAN_POINT('',(0.049,0.0161,-0.0499));
#14439=CARTESIAN_POINT('',(0.0488,0.0161,-0.0499));
#14440=CARTESIAN_POINT('',(-1.13968527085408E-17,0.0191,8.94783133069115E-18));
#14441=CARTESIAN_POINT('',(0.0488,0.0191,-0.0488));
#14442=CARTESIAN_POINT('',(0.0488,0.0191,-0.0491));
#14443=CARTESIAN_POINT('',(0.0491,0.0191,-0.0488));
#14444=CARTESIAN_POINT('',(-2.38976601316523E-16,0.0191,-0.0491));
#14445=CARTESIAN_POINT('',(0.0475443650813896,0.0191,-0.0491));
#14446=CARTESIAN_POINT('',(0.047373654403271,0.0191,-0.0489292893218814));
#14447=CARTESIAN_POINT('',(0.0483443650813896,0.0191,-0.0499));
#14448=CARTESIAN_POINT('',(0.0484443650813896,0.0191,-0.0499));
#14449=CARTESIAN_POINT('',(0.049,0.0191,-0.0499));
#14450=CARTESIAN_POINT('',(0.049,0.0191,-0.049));
#14451=CARTESIAN_POINT('',(0.0499,0.0191,-0.049));
#14452=CARTESIAN_POINT('',(0.0499,0.0191,-0.049));
#14453=CARTESIAN_POINT('',(0.0499,0.0191,-0.0483443650813896));
#14454=CARTESIAN_POINT('',(0.0499292893218814,0.0191,-0.048373654403271));
#14455=CARTESIAN_POINT('',(0.0491,0.0191,-0.0475443650813896));
#14456=CARTESIAN_POINT('',(0.0491,0.0191,2.36527579938674E-16));
#14457=CARTESIAN_POINT('',(0.0477272077938642,0.0161,-0.0461715728752538));
#14458=CARTESIAN_POINT('',(0.0477272077938642,0.0162,-0.0461715728752538));
#14459=CARTESIAN_POINT('',(0.0477272077938642,0.022,-0.0461715728752538));
#14460=CARTESIAN_POINT('',(0.0476564971157456,0.0162,-0.0461008621971352));
#14461=CARTESIAN_POINT('',(0.0477272077938642,0.0162,-0.0461715728752538));
#14462=CARTESIAN_POINT('',(0.0499,0.0162,-0.0483443650813896));
#14463=CARTESIAN_POINT('',(0.047373654403271,0.0162,-0.0489292893218814));
#14464=CARTESIAN_POINT('',(0.0461715728752538,0.0162,-0.0477272077938642));
#14465=CARTESIAN_POINT('',(0.0483443650813896,0.0162,-0.0499));
#14466=CARTESIAN_POINT('',(0.0461715728752538,0.0161,-0.0477272077938642));
#14467=CARTESIAN_POINT('',(0.0461715728752538,0.0162,-0.0477272077938642));
#14468=CARTESIAN_POINT('',(0.0461715728752538,0.022,-0.0477272077938642));
#14469=CARTESIAN_POINT('',(0.0477272077938642,0.0162,-0.0461715728752538));
#14470=CARTESIAN_POINT('',(0.0477272077938642,0.0162,-0.0461715728752538));
#14471=CARTESIAN_POINT('',(0.0461715728752538,0.0162,-0.0477272077938642));
#14472=CARTESIAN_POINT('',(0.0461715728752538,0.0162,-0.0477272077938642));
#14473=CARTESIAN_POINT('',(0.046949390334559,0.0162,-0.046949390334559));
#14474=CARTESIAN_POINT('',(0.0489,0.0161,-0.0473443650813896));
#14475=CARTESIAN_POINT('',(0.0489999999474016,0.0191415608992472,-0.0473444676468311));
#14476=CARTESIAN_POINT('',(0.049000026834037,0.0190943739328315,-0.0473182535333529));
#14477=CARTESIAN_POINT('',(0.0489892468652716,0.0190471869664158,-0.0472921905904239));
#14478=CARTESIAN_POINT('',(0.0489707106781187,0.019,-0.0472736544032709));
#14479=CARTESIAN_POINT('',(0.0489,0.022,-0.0473443650813896));
#14480=CARTESIAN_POINT('',(0.0476564971157456,0.019,-0.0461008621971352));
#14481=CARTESIAN_POINT('',(0.0490501180355005,0.0190708185892008,-0.0473946359594583));
#14482=CARTESIAN_POINT('',(0.0490703020971822,0.0190892663643645,-0.0474409889265869));
#14483=CARTESIAN_POINT('',(0.0490852074999734,0.0191,-0.0474926205526059));
#14484=CARTESIAN_POINT('',(0.0491,0.0191,-0.0475443650813896));
#14485=CARTESIAN_POINT('',(0.0490509400966263,0.0190726822326189,-0.0473935362972276));
#14486=CARTESIAN_POINT('',(0.0499,0.019,-0.0483443650813896));
#14487=CARTESIAN_POINT('',(0.0489707106781187,0.019,-0.047273654403271));
#14488=CARTESIAN_POINT('',(0.0490041043379927,0.0190262420908324,-0.047307048063145));
#14489=CARTESIAN_POINT('',(0.0490298394923995,0.019052321070126,-0.0473481002284863));
#14490=CARTESIAN_POINT('',(0.0490500876646826,0.0190708423995397,-0.0473946393759512));
#14491=CARTESIAN_POINT('',(0.0473443650813896,0.0161,-0.0489));
#14492=CARTESIAN_POINT('',(0.0472736544032709,0.019,-0.0489707106781187));
#14493=CARTESIAN_POINT('',(0.0472980776199722,0.0190690792885915,-0.0489951338948199));
#14494=CARTESIAN_POINT('',(0.0473265448481255,0.0191162197406706,-0.049));
#14495=CARTESIAN_POINT('',(0.0473443650813896,0.0191414213562373,-0.049));
#14496=CARTESIAN_POINT('',(0.0473443650813896,0.022,-0.0489));
#14497=CARTESIAN_POINT('',(0.047373654403271,0.019,-0.0489292893218814));
#14498=CARTESIAN_POINT('',(0.0483443650813896,0.019,-0.0499));
#14499=CARTESIAN_POINT('',(0.0475443650813896,0.019,-0.0491));
#14500=CARTESIAN_POINT('',(0.0473943650813896,0.0190707106781187,-0.04905));
#14501=CARTESIAN_POINT('',(0.0473943650813896,0.0190707106781186,-0.04905));
#14502=CARTESIAN_POINT('',(0.0473676347314935,0.0190581098703353,-0.049041089883368));
#14503=CARTESIAN_POINT('',(0.0473225008366736,0.0190345396442957,-0.0490195571115213));
#14504=CARTESIAN_POINT('',(0.047273654403271,0.019,-0.0489707106781187));
#14505=CARTESIAN_POINT('',(0.0472855642160187,0.01909038412705,-0.0490866233236682));
#14506=CARTESIAN_POINT('',(0.0473943989944306,0.0190706635019793,-0.0490499645507566));
#14507=CARTESIAN_POINT('',(0.0473838245849193,0.0190856081521097,-0.0490199599250583));
#14508=CARTESIAN_POINT('',(0.047364648975507,0.0191127265590075,-0.0490007843156459));
#14509=CARTESIAN_POINT('',(0.0473443664039638,0.0191414202699782,-0.0489999319602898));
#14510=CARTESIAN_POINT('',(0.0473943650813896,0.0190707106781186,-0.04905));
#14511=CARTESIAN_POINT('',(0.0473776984147229,0.0190942809041582,-0.049));
#14512=CARTESIAN_POINT('',(0.0473443650813896,0.0191414213562373,-0.049));
#14513=CARTESIAN_POINT('',(0.0474336352081697,0.0190892227932053,-0.0490630900425564));
#14514=CARTESIAN_POINT('',(0.0474263646116969,0.0191157884266077,-0.0490000000000006));
#14515=CARTESIAN_POINT('',(0.047396725250726,0.0191784455857802,-0.049));
#14516=CARTESIAN_POINT('',(0.0474888288132634,0.0191,-0.0490814879106245));
#14517=CARTESIAN_POINT('',(0.0474935335872958,0.0191169440059857,-0.0489999999999993));
#14518=CARTESIAN_POINT('',(0.0474703167238882,0.0191999999994214,-0.049));
#14519=CARTESIAN_POINT('',(0.0475443650813896,0.0191,-0.0491));
#14520=CARTESIAN_POINT('',(0.0475443650813896,0.0191,-0.049));
#14521=CARTESIAN_POINT('',(0.0475443650813896,0.0192,-0.049));
#14522=CARTESIAN_POINT('',(0.0475443650813896,0.0192,-0.0491));
#14523=CARTESIAN_POINT('',(0.0488,0.0192,-0.0491));
#14524=CARTESIAN_POINT('',(0.0488,0.0192,-0.0491));
#14525=CARTESIAN_POINT('',(0.0488,0.0192,-0.0488));
#14526=CARTESIAN_POINT('',(0.0491,0.0192,-0.0488));
#14527=CARTESIAN_POINT('',(0.0491,0.0192,-0.0473029437251523));
#14528=CARTESIAN_POINT('',(0.0491,0.0191,-0.0475443650813896));
#14529=CARTESIAN_POINT('',(0.0490476401224402,0.0191,-0.0475443650813896));
#14530=CARTESIAN_POINT('',(0.049,0.0191476401224402,-0.0475443650813896));
#14531=CARTESIAN_POINT('',(0.049,0.0192,-0.0475443650813896));
#14532=CARTESIAN_POINT('',(0.0490924741318989,0.0191557967949659,-0.047370856470614));
#14533=CARTESIAN_POINT('',(0.0489932625654843,0.0191386062244447,-0.0473474280830715));
#14534=CARTESIAN_POINT('',(0.0490098695736866,0.0191151195702428,-0.0473640343715088));
#14535=CARTESIAN_POINT('',(0.0490264765818839,0.0190916329160389,-0.0473806406599483));
#14536=CARTESIAN_POINT('',(0.0490430835900762,0.019068146261833,-0.0473972469483899));
#14537=CARTESIAN_POINT('',(0.0487551777179651,0.0190228707655534,-0.0474690388834658));
#14538=CARTESIAN_POINT('',(0.0499,0.016,-0.05));
#14539=CARTESIAN_POINT('',(0.0499,0.016,-0.049));
#14540=CARTESIAN_POINT('',(0.0499,0.016,-0.0483443650813896));
#14541=CARTESIAN_POINT('',(0.05,0.0162,-0.048061522368915));
#14542=CARTESIAN_POINT('',(0.05,0.0162,-0.0483029437251523));
#14543=CARTESIAN_POINT('',(0.0498292893218813,0.0162,-0.0481322330470336));
#14544=CARTESIAN_POINT('',(0.05,0.0161476396861118,-0.0480615223712288));
#14545=CARTESIAN_POINT('',(0.0499999999999997,0.0162370286081254,-0.0483029436551309));
#14546=CARTESIAN_POINT('',(0.0498292893230382,0.0161738198430561,-0.0481322330481904));
#14547=CARTESIAN_POINT('',(0.05,0.0160433374441802,-0.0481228106152207));
#14548=CARTESIAN_POINT('',(0.0500000000000005,0.0162378259228423,-0.0481958722419425));
#14549=CARTESIAN_POINT('',(0.0498446113831687,0.0161216687222347,-0.0481781992320523));
#14550=CARTESIAN_POINT('',(0.05,0.0160000000005786,-0.0482703167238882));
#14551=CARTESIAN_POINT('',(0.0499999999999994,0.016120400640583,-0.0482831638039198));
#14552=CARTESIAN_POINT('',(0.0498814879106245,0.0161,-0.0482888288132634));
#14553=CARTESIAN_POINT('',(0.05,0.016,-0.0483443650813896));
#14554=CARTESIAN_POINT('',(0.05,0.0161,-0.0483443650813896));
#14555=CARTESIAN_POINT('',(0.0499,0.0161,-0.0483443650813896));
#14556=CARTESIAN_POINT('',(0.0499,0.0162,-0.048061522368915));
#14557=CARTESIAN_POINT('',(0.049,0.016,-0.049));
#14558=CARTESIAN_POINT('',(0.049,0.016,-0.0499));
#14559=CARTESIAN_POINT('',(0.0499,0.0161,-0.048061522368915));
#14560=CARTESIAN_POINT('',(0.0499,0.019,-0.048061522368915));
#14561=CARTESIAN_POINT('',(0.05,0.016,-0.0499));
#14562=CARTESIAN_POINT('',(0.0483443650813896,0.016,-0.0499));
#14563=CARTESIAN_POINT('',(0.05,0.0192,-0.0483443650813896));
#14564=CARTESIAN_POINT('',(0.05,0.0191,-0.0483443650813896));
#14565=CARTESIAN_POINT('',(0.0499,0.0191,-0.0483443650813896));
#14566=CARTESIAN_POINT('',(0.05,0.0191999999994215,-0.0482703167238882));
#14567=CARTESIAN_POINT('',(0.0499999999999994,0.019079599359417,-0.0482831638039198));
#14568=CARTESIAN_POINT('',(0.0498814879106245,0.0191,-0.0482888288132634));
#14569=CARTESIAN_POINT('',(0.05,0.0191566625558198,-0.0481228106152207));
#14570=CARTESIAN_POINT('',(0.0500000000000005,0.0189621740771572,-0.0481958722419425));
#14571=CARTESIAN_POINT('',(0.0498446113831687,0.0190783312777652,-0.0481781992320523));
#14572=CARTESIAN_POINT('',(0.05,0.0190523603138882,-0.0480615223712288));
#14573=CARTESIAN_POINT('',(0.0499999999999997,0.0189629713918757,-0.0483029436551309));
#14574=CARTESIAN_POINT('',(0.0498292893230382,0.0190261801569443,-0.0481322330481904));
#14575=CARTESIAN_POINT('',(0.05,0.019,-0.048061522368915));
#14576=CARTESIAN_POINT('',(0.05,0.019,-0.0483029437251523));
#14577=CARTESIAN_POINT('',(0.0498292893218813,0.019,-0.0481322330470336));
#14578=CARTESIAN_POINT('',(0.0499,0.0192,-0.0483443650813896));
#14579=CARTESIAN_POINT('',(0.0483443650813896,0.016,-0.05));
#14580=CARTESIAN_POINT('',(0.0483443650813896,0.0161,-0.05));
#14581=CARTESIAN_POINT('',(0.0483443650813896,0.0161,-0.0499));
#14582=CARTESIAN_POINT('',(0.0482703167238882,0.0160000000005786,-0.05));
#14583=CARTESIAN_POINT('',(0.0482831638039198,0.016120400640583,-0.0499999999999994));
#14584=CARTESIAN_POINT('',(0.0482888288132634,0.0161,-0.0498814879106245));
#14585=CARTESIAN_POINT('',(0.0481228106152207,0.0160433374441802,-0.05));
#14586=CARTESIAN_POINT('',(0.0481958722419424,0.0162378259228423,-0.0500000000000006));
#14587=CARTESIAN_POINT('',(0.0481781992320523,0.0161216687222347,-0.0498446113831687));
#14588=CARTESIAN_POINT('',(0.0480615223712288,0.0161476396861118,-0.05));
#14589=CARTESIAN_POINT('',(0.0483029436551309,0.0162370286081254,-0.0499999999999997));
#14590=CARTESIAN_POINT('',(0.0481322330481904,0.0161738198430561,-0.0498292893230382));
#14591=CARTESIAN_POINT('',(0.048061522368915,0.0162,-0.05));
#14592=CARTESIAN_POINT('',(0.0483029437251523,0.0162,-0.05));
#14593=CARTESIAN_POINT('',(0.0481322330470336,0.0162,-0.0498292893218813));
#14594=CARTESIAN_POINT('',(0.048061522368915,0.0162,-0.0499));
#14595=CARTESIAN_POINT('',(0.0499,0.0192,9.00340792280726E-18));
#14596=CARTESIAN_POINT('',(0.0499,0.0192,-0.049));
#14597=CARTESIAN_POINT('',(0.048061522368915,0.0161,-0.0499));
#14598=CARTESIAN_POINT('',(0.048061522368915,0.019,-0.0499));
#14599=CARTESIAN_POINT('',(0.049,0.0192,-0.049));
#14600=CARTESIAN_POINT('',(0.049,0.0192,-0.0499));
#14601=CARTESIAN_POINT('',(0.048061522368915,0.019,-0.05));
#14602=CARTESIAN_POINT('',(0.0483029437251523,0.019,-0.05));
#14603=CARTESIAN_POINT('',(0.0481322330470336,0.019,-0.0498292893218813));
#14604=CARTESIAN_POINT('',(0.0480615223712288,0.0190523603138882,-0.05));
#14605=CARTESIAN_POINT('',(0.0483029436551309,0.0189629713918757,-0.0499999999999997));
#14606=CARTESIAN_POINT('',(0.0481322330481904,0.0190261801569443,-0.0498292893230382));
#14607=CARTESIAN_POINT('',(0.0481228106152207,0.0191566625558198,-0.05));
#14608=CARTESIAN_POINT('',(0.0481958722419425,0.0189621740771572,-0.0500000000000006));
#14609=CARTESIAN_POINT('',(0.0481781992320523,0.0190783312777652,-0.0498446113831687));
#14610=CARTESIAN_POINT('',(0.0482703167238882,0.0191999999994214,-0.05));
#14611=CARTESIAN_POINT('',(0.0482831638039198,0.019079599359417,-0.0499999999999994));
#14612=CARTESIAN_POINT('',(0.0482888288132634,0.0191,-0.0498814879106245));
#14613=CARTESIAN_POINT('',(0.0483443650813896,0.0192,-0.05));
#14614=CARTESIAN_POINT('',(0.0483443650813896,0.0191,-0.05));
#14615=CARTESIAN_POINT('',(0.0483443650813896,0.0191,-0.0499));
#14616=CARTESIAN_POINT('',(0.0483443650813896,0.0192,-0.0499));
#14617=CARTESIAN_POINT('',(-1.14524293006569E-17,0.0192,-0.0499));
#14618=CARTESIAN_POINT('',(0.0509242388155425,0.022,-0.0490857611844575));
#14619=CARTESIAN_POINT('',(0.0478686291501015,0.022,-0.0460301515190165));
#14620=CARTESIAN_POINT('',(0.0490414213562373,0.022,-0.0472029437251523));
#14621=CARTESIAN_POINT('',(0.0489,0.022,-0.0473443650813896));
#14622=CARTESIAN_POINT('',(0.0491,0.022,-0.0473443650813896));
#14623=CARTESIAN_POINT('',(0.0477272077938642,0.022,-0.0461715728752538));
#14624=CARTESIAN_POINT('',(0.0475857864376269,0.022,-0.0460301515190165));
#14625=CARTESIAN_POINT('',(0.0491,0.022,-0.05001));
#14626=CARTESIAN_POINT('',(0.0491,0.022,-0.0488));
#14627=CARTESIAN_POINT('',(0.0476564971157456,0.022,-0.0459594408408979));
#14628=CARTESIAN_POINT('',(0.0460301515190165,0.022,-0.0475857864376269));
#14629=CARTESIAN_POINT('',(0.0488,0.022,-0.0488));
#14630=CARTESIAN_POINT('',(0.0488,0.022,-0.0491));
#14631=CARTESIAN_POINT('',(0.0461715728752538,0.022,-0.0477272077938642));
#14632=CARTESIAN_POINT('',(0.0460301515190165,0.022,-0.0478686291501015));
#14633=CARTESIAN_POINT('',(0.05,0.022,-0.0491));
#14634=CARTESIAN_POINT('',(0.0473443650813896,0.022,-0.0491));
#14635=CARTESIAN_POINT('',(0.0490857611844575,0.022,-0.0509242388155425));
#14636=CARTESIAN_POINT('',(0.0472029437251523,0.022,-0.0490414213562373));
#14637=CARTESIAN_POINT('',(0.0473443650813896,0.022,-0.0489));
#14638=CARTESIAN_POINT('',(0.0495,0.0216,-0.05));
#14639=CARTESIAN_POINT('',(0.0495,0.0216,-0.049));
#14640=CARTESIAN_POINT('',(0.0495,0.0216,-0.042));
#14641=CARTESIAN_POINT('',(0.049,0.0216,-0.049));
#14642=CARTESIAN_POINT('',(0.049,0.0216,-0.0495));
#14643=CARTESIAN_POINT('',(0.05,0.0216,-0.0495));
#14644=CARTESIAN_POINT('',(0.042,0.0216,-0.0495));
#14645=CARTESIAN_POINT('',(0.,0.02,0.));
#14646=CARTESIAN_POINT('',(0.0425,0.02,-0.05));
#14647=CARTESIAN_POINT('',(0.0425,0.02,-0.048));
#14648=CARTESIAN_POINT('',(0.,0.02,-0.048));
#14649=CARTESIAN_POINT('',(0.0451059348446489,0.02,-0.048));
#14650=CARTESIAN_POINT('',(0.0461715728752538,0.02,-0.0477272077938642));
#14651=CARTESIAN_POINT('',(0.,0.02,0.));
#14652=CARTESIAN_POINT('',(0.0461715728752538,0.02,-0.0461715728752538));
#14653=CARTESIAN_POINT('',(0.046949390334559,0.02,-0.0453937554159486));
#14654=CARTESIAN_POINT('',(0.0477272077938642,0.02,-0.0461715728752538));
#14655=CARTESIAN_POINT('',(0.0475,0.02,-0.0450952938136683));
#14656=CARTESIAN_POINT('',(0.0475,0.02,0.));
#14657=CARTESIAN_POINT('',(0.0475,0.02,-0.0425));
#14658=CARTESIAN_POINT('',(0.05,0.02,-0.0425));
#14659=CARTESIAN_POINT('',(0.049,0.1135,-0.05));
#14660=CARTESIAN_POINT('',(0.049,0.0161,-0.0458887301627792));
#14661=CARTESIAN_POINT('',(0.049,0.0162,-0.0458887301627792));
#14662=CARTESIAN_POINT('',(0.049,0.0162,-0.0474443650813896));
#14663=CARTESIAN_POINT('',(0.049,0.0151,-0.0474443650813896));
#14664=CARTESIAN_POINT('',(0.049,0.0151,-0.05));
#14665=CARTESIAN_POINT('',(0.049,0.0151,-0.049));
#14666=CARTESIAN_POINT('',(0.049,0.1135,-0.049));
#14667=CARTESIAN_POINT('',(0.049,0.0014142135623731,-0.049));
#14668=CARTESIAN_POINT('',(0.049,0.00141421356237309,-0.05));
#14669=CARTESIAN_POINT('',(0.049,0.0014142135623731,-0.0425));
#14670=CARTESIAN_POINT('',(0.049,0.1135,-0.0425));
#14671=CARTESIAN_POINT('',(0.05,0.1135,-0.049));
#14672=CARTESIAN_POINT('',(0.0458887301627791,0.1135,-0.049));
#14673=CARTESIAN_POINT('',(0.0458887301627792,0.0162,-0.049));
#14674=CARTESIAN_POINT('',(0.0425,0.1135,-0.049));
#14675=CARTESIAN_POINT('',(0.0425,0.0014142135623731,-0.049));
#14676=CARTESIAN_POINT('',(0.05,0.00141421356237309,-0.049));
#14677=CARTESIAN_POINT('',(0.0488,0.0151,-0.049));
#14678=CARTESIAN_POINT('',(0.0474443650813896,0.0151,-0.049));
#14679=CARTESIAN_POINT('',(0.0474443650813896,0.0162,-0.049));
#14680=CARTESIAN_POINT('',(0.05,0.1135,-0.0425));
#14681=CARTESIAN_POINT('',(0.05,0.00141421356237309,-0.0425));
#14682=CARTESIAN_POINT('',(0.0425,0.0014142135623731,-0.0425));
#14683=CARTESIAN_POINT('',(0.0425,0.1135,-0.0425));
#14684=CARTESIAN_POINT('',(0.0475,0.1135,-0.0425));
#14685=CARTESIAN_POINT('',(0.0425,0.1135,-0.05));
#14686=CARTESIAN_POINT('',(0.0425,0.1135,-0.048));
#14687=CARTESIAN_POINT('',(0.0425,0.00141421356237309,-0.05));
#14688=CARTESIAN_POINT('',(0.05,0.00170710678118655,-0.0492928932188135));
#14689=CARTESIAN_POINT('',(0.049528595479209,0.00194280904158207,-0.049528595479209));
#14690=CARTESIAN_POINT('',(0.041971404520791,0.00194280904158207,-0.049528595479209));
#14691=CARTESIAN_POINT('',(0.0492928932188135,0.00170710678118655,-0.05));
#14692=CARTESIAN_POINT('',(0.049528595479209,0.00194280904158207,-0.041971404520791));
#14693=CARTESIAN_POINT('',(0.0422071067811865,0.00170710678118655,-0.05));
#14694=CARTESIAN_POINT('',(0.0448047378541244,-0.000890524291751271,-0.0448047378541244));
#14695=CARTESIAN_POINT('',(0.05,0.00170710678118655,-0.0422071067811865));
#14696=CARTESIAN_POINT('',(0.0475,0.0221,0.047));
#14697=CARTESIAN_POINT('',(0.0475,0.0161,-0.0450952938136683));
#14698=CARTESIAN_POINT('',(0.0465,0.0221,-0.048));
#14699=CARTESIAN_POINT('',(0.0451059348446489,0.0161,-0.048));
#14700=CARTESIAN_POINT('',(0.0470201010126777,0.0161,-0.04532304473783));
#14701=CARTESIAN_POINT('',(0.0453937554159486,0.0161,-0.046949390334559));
#14702=CARTESIAN_POINT('',(0.0453937554159486,0.0162,-0.046949390334559));
#14703=CARTESIAN_POINT('',(0.0470201010126777,0.0162,-0.04532304473783));
#14704=CARTESIAN_POINT('',(0.046949390334559,0.0162,-0.0453937554159486));
#14705=CARTESIAN_POINT('',(0.046949390334559,0.0161,-0.0453937554159486));
#14706=CARTESIAN_POINT('',(0.0484343145750508,0.0161,-0.04532304473783));
#14707=CARTESIAN_POINT('',(0.0485050252531694,0.0161,-0.0453937554159486));
#14708=CARTESIAN_POINT('',(0.0485050252531694,0.0162,-0.0453937554159486));
#14709=CARTESIAN_POINT('',(0.0484343145750508,0.0162,-0.04532304473783));
#14710=CARTESIAN_POINT('',(0.0465958369439658,0.0161,-0.0497071067811866));
#14711=CARTESIAN_POINT('',(0.0465958369439658,0.0162,-0.0497071067811866));
#14712=CARTESIAN_POINT('',(0.0453937554159486,0.0162,-0.0485050252531694));
#14713=CARTESIAN_POINT('',(0.0453937554159486,0.0161,-0.0485050252531694));
#14714=CARTESIAN_POINT('',(0.0488,0.0151,-0.0488));
#14715=CARTESIAN_POINT('',(0.047373654403271,0.0151,-0.0489292893218814));
#14716=CARTESIAN_POINT('',(0.0461715728752538,0.0151,-0.0477272077938642));
#14717=CARTESIAN_POINT('',(0.0476564971157456,0.0151,-0.0461008621971352));
#14718=CARTESIAN_POINT('',(0.0477272077938642,0.0151,-0.0461715728752538));
#14719=CARTESIAN_POINT('',(0.046949390334559,0.0151,-0.046949390334559));
#14720=CARTESIAN_POINT('',(0.0477272077938642,0.0161,-0.0461715728752538));
#14721=CARTESIAN_POINT('',(0.0477272077938642,0.0162,-0.0461715728752538));
#14722=CARTESIAN_POINT('',(0.0476564971157456,0.0162,-0.0461008621971352));
#14723=CARTESIAN_POINT('',(0.0477272077938642,0.0162,-0.0461715728752538));
#14724=CARTESIAN_POINT('',(0.047373654403271,0.0162,-0.0489292893218814));
#14725=CARTESIAN_POINT('',(0.0461715728752538,0.0162,-0.0477272077938642));
#14726=CARTESIAN_POINT('',(0.0461715728752538,0.0161,-0.0477272077938642));
#14727=CARTESIAN_POINT('',(0.0461715728752538,0.0162,-0.0477272077938642));
#14728=CARTESIAN_POINT('',(0.0477272077938642,0.0162,-0.0461715728752538));
#14729=CARTESIAN_POINT('',(0.0477272077938642,0.0162,-0.0461715728752538));
#14730=CARTESIAN_POINT('',(0.0461715728752538,0.0162,-0.0477272077938642));
#14731=CARTESIAN_POINT('',(0.0461715728752538,0.0162,-0.0477272077938642));
#14732=CARTESIAN_POINT('',(0.046949390334559,0.0162,-0.046949390334559));
#14733=CARTESIAN_POINT('',(0.042,0.1135,-0.0495));
#14734=CARTESIAN_POINT('',(0.042,0.0209,-0.0495));
#14735=CARTESIAN_POINT('',(0.042,0.0216,-0.0495));
#14736=CARTESIAN_POINT('',(0.042,0.0216,-0.0495));
#14737=CARTESIAN_POINT('',(0.042,0.0216,-0.0495));
#14738=CARTESIAN_POINT('',(0.042,0.0216,-0.05));
#14739=CARTESIAN_POINT('',(0.0495,0.1135,-0.042));
#14740=CARTESIAN_POINT('',(0.0495,0.0216,-0.042));
#14741=CARTESIAN_POINT('',(0.0495,0.0216,-0.042));
#14742=CARTESIAN_POINT('',(0.05,0.0216,-0.042));
#14743=CARTESIAN_POINT('',(0.042,0.1135,-0.042));
#14744=CARTESIAN_POINT('',(-0.0156973454445427,0.0374,-0.048));
#14745=CARTESIAN_POINT('',(0.027,0.0209,-0.048));
#14746=CARTESIAN_POINT('',(0.027,0.0209,-0.048));
#14747=CARTESIAN_POINT('',(0.0156973454445427,0.0374,-0.048));
#14748=CARTESIAN_POINT('',(0.0156973454445427,0.0174,-0.048));
#14749=CARTESIAN_POINT('',(-0.0156973454445427,0.0174,-0.048));
#14750=CARTESIAN_POINT('',(-0.0156973454445427,0.0174,-0.048));
#14751=CARTESIAN_POINT('',(-0.0156973454445427,0.0374,-0.048));
#14752=CARTESIAN_POINT('',(-0.027,0.0209,-0.048));
#14753=CARTESIAN_POINT('',(-0.027,0.0209,-0.048));
#14754=CARTESIAN_POINT('',(-0.0415,0.0209,-0.048));
#14755=CARTESIAN_POINT('',(-0.0415,0.0374,-0.048));
#14756=CARTESIAN_POINT('',(-0.0415,0.0089,-0.048));
#14757=CARTESIAN_POINT('',(-0.027,0.0089,-0.048));
#14758=CARTESIAN_POINT('',(-0.027,0.0089,-0.048));
#14759=CARTESIAN_POINT('',(-0.0156973454445427,-0.0076,-0.048));
#14760=CARTESIAN_POINT('',(-0.0156973454445427,0.0124,-0.048));
#14761=CARTESIAN_POINT('',(-0.0156973454445427,0.0124,-0.048));
#14762=CARTESIAN_POINT('',(0.0156973454445427,0.0124,-0.048));
#14763=CARTESIAN_POINT('',(0.0156973454445427,-0.0076,-0.048));
#14764=CARTESIAN_POINT('',(0.027,0.0089,-0.048));
#14765=CARTESIAN_POINT('',(0.027,0.0089,-0.048));
#14766=CARTESIAN_POINT('',(0.027,0.0089,-0.048));
#14767=CARTESIAN_POINT('',(0.027,0.0089,-0.048));
#14768=CARTESIAN_POINT('',(0.027,0.0209,-0.048));
#14769=CARTESIAN_POINT('',(0.027,0.0209,-0.048));
#14770=CARTESIAN_POINT('',(-0.027,0.0209,-0.048));
#14771=CARTESIAN_POINT('',(-0.042,0.0209,-0.0495));
#14772=CARTESIAN_POINT('',(-0.0415,0.0209,-0.0495));
#14773=CARTESIAN_POINT('',(-0.0415,0.0209,-0.048));
#14774=CARTESIAN_POINT('',(-0.027,0.0209,-0.048));
#14775=CARTESIAN_POINT('',(-0.027,0.0089,-0.048));
#14776=CARTESIAN_POINT('',(-0.0415,0.0089,-0.048));
#14777=CARTESIAN_POINT('',(-0.0415,0.0089,-0.0495));
#14778=CARTESIAN_POINT('',(-0.042,0.0089,-0.0495));
#14779=CARTESIAN_POINT('',(-0.027,0.0089,-0.048));
#14780=CARTESIAN_POINT('',(-0.0156973454445427,0.0374,-0.048));
#14781=CARTESIAN_POINT('',(-0.0156973454445427,0.0174,-0.048));
#14782=CARTESIAN_POINT('',(-0.0156973454445427,-0.0076,-0.048));
#14783=CARTESIAN_POINT('',(-0.0156973454445427,0.0124,-0.048));
#14784=CARTESIAN_POINT('',(-0.0156973454445427,0.0124,-0.048));
#14785=CARTESIAN_POINT('',(0.0156973454445427,0.0124,-0.048));
#14786=CARTESIAN_POINT('',(0.0156973454445427,-0.0076,-0.048));
#14787=CARTESIAN_POINT('',(0.0156973454445427,0.0374,-0.048));
#14788=CARTESIAN_POINT('',(0.0156973454445427,0.0174,-0.048));
#14789=CARTESIAN_POINT('',(-0.0156973454445427,0.0174,-0.048));
#14790=CARTESIAN_POINT('',(-0.042,0.1135,-0.0495));
#14791=CARTESIAN_POINT('',(-0.0415,0.1135,-0.0495));
#14792=CARTESIAN_POINT('',(-0.0415,0.0216,-0.0495));
#14793=CARTESIAN_POINT('',(-0.042,0.0216,-0.0495));
#14794=CARTESIAN_POINT('',(-0.0495,0.1135,-0.042));
#14795=CARTESIAN_POINT('',(-0.0495,0.1135,-0.0415));
#14796=CARTESIAN_POINT('',(-0.0495,0.0089,-0.0415));
#14797=CARTESIAN_POINT('',(-0.0495,0.0089,-0.042));
#14798=CARTESIAN_POINT('',(-0.05,0.0221,-0.05001));
#14799=CARTESIAN_POINT('',(-0.0477272077938642,0.0221,-0.0461715728752538));
#14800=CARTESIAN_POINT('',(-0.0475,0.0221,-0.0450952938136683));
#14801=CARTESIAN_POINT('',(-0.0485050252531694,0.0221,-0.0453937554159486));
#14802=CARTESIAN_POINT('',(-0.0475,0.0221,-0.05001));
#14803=CARTESIAN_POINT('',(-0.0475,0.0221,-0.0425));
#14804=CARTESIAN_POINT('',(-0.05,0.0221,-0.0425));
#14805=CARTESIAN_POINT('',(-0.049,0.0221,-0.0425));
#14806=CARTESIAN_POINT('',(-0.049,0.0221,-0.05001));
#14807=CARTESIAN_POINT('',(-0.049,0.0221,-0.0458887301627792));
#14808=CARTESIAN_POINT('',(-0.0515606349186104,0.0221,-0.0484493650813896));
#14809=CARTESIAN_POINT('',(-0.0465,0.0221,-0.047));
#14810=CARTESIAN_POINT('',(-0.042,0.0221,-0.047));
#14811=CARTESIAN_POINT('',(-0.0465,0.0221,-0.047));
#14812=CARTESIAN_POINT('',(-0.042,0.0221,-0.05001));
#14813=CARTESIAN_POINT('',(-0.042,0.0221,-0.0495));
#14814=CARTESIAN_POINT('',(-0.05,0.0221,-0.0495));
#14815=CARTESIAN_POINT('',(-0.049,0.0221,-0.0495));
#14816=CARTESIAN_POINT('',(-0.049,0.0221,-0.049));
#14817=CARTESIAN_POINT('',(-0.0495,0.0221,-0.049));
#14818=CARTESIAN_POINT('',(-0.0495,0.0221,-0.05001));
#14819=CARTESIAN_POINT('',(-0.0495,0.0221,-0.042));
#14820=CARTESIAN_POINT('',(-0.05,0.0221,-0.042));
#14821=CARTESIAN_POINT('',(-0.0465,0.0221,-0.042));
#14822=CARTESIAN_POINT('',(-0.0465,0.0221,0.047));
#14823=CARTESIAN_POINT('',(-0.0473443650813896,0.0221,-0.0491));
#14824=CARTESIAN_POINT('',(-0.0488,0.0221,-0.0491));
#14825=CARTESIAN_POINT('',(-0.0473443650813896,0.0221,-0.0491));
#14826=CARTESIAN_POINT('',(-0.0473443650813896,0.0221,-0.0489));
#14827=CARTESIAN_POINT('',(-0.0472029437251523,0.0221,-0.0490414213562373));
#14828=CARTESIAN_POINT('',(-0.0460301515190165,0.0221,-0.0478686291501015));
#14829=CARTESIAN_POINT('',(-0.0460301515190165,0.0221,-0.0478686291501015));
#14830=CARTESIAN_POINT('',(-0.0461715728752538,0.0221,-0.0477272077938642));
#14831=CARTESIAN_POINT('',(-0.0460301515190165,0.0221,-0.0475857864376269));
#14832=CARTESIAN_POINT('',(-0.0468029689783217,0.0221,-0.0468129689783217));
#14833=CARTESIAN_POINT('',(-0.0475857864376269,0.0221,-0.0460301515190165));
#14834=CARTESIAN_POINT('',(-0.0477272077938642,0.0221,-0.0461715728752538));
#14835=CARTESIAN_POINT('',(-0.0478686291501015,0.0221,-0.0460301515190165));
#14836=CARTESIAN_POINT('',(-0.0490414213562373,0.0221,-0.0472029437251523));
#14837=CARTESIAN_POINT('',(-0.0490414213562373,0.0221,-0.0472029437251523));
#14838=CARTESIAN_POINT('',(-0.0489,0.0221,-0.0473443650813896));
#14839=CARTESIAN_POINT('',(-0.0491,0.0221,-0.0473443650813896));
#14840=CARTESIAN_POINT('',(-0.0491,0.0221,-0.0488));
#14841=CARTESIAN_POINT('',(-0.0491,0.0221,-0.0488));
#14842=CARTESIAN_POINT('',(-0.0488,0.0221,-0.0488));
#14843=CARTESIAN_POINT('',(-0.0461715728752538,0.0221,-0.0477272077938642));
#14844=CARTESIAN_POINT('',(-0.0453937554159486,0.0221,-0.0485050252531694));
#14845=CARTESIAN_POINT('',(-0.0451059348446489,0.0221,-0.048));
#14846=CARTESIAN_POINT('',(-0.0465958369439658,0.0221,-0.0497071067811866));
#14847=CARTESIAN_POINT('',(-0.0458887301627792,0.0221,-0.049));
#14848=CARTESIAN_POINT('',(-0.05,0.0221,-0.049));
#14849=CARTESIAN_POINT('',(-0.0425,0.0221,-0.049));
#14850=CARTESIAN_POINT('',(-0.0425,0.0221,-0.05));
#14851=CARTESIAN_POINT('',(-0.0425,0.0221,-0.048));
#14852=CARTESIAN_POINT('',(-0.05,0.0221,-0.048));
#14853=CARTESIAN_POINT('',(0.,0.,0.));
#14854=CARTESIAN_POINT('',(-0.0425,0.,0.));
#14855=CARTESIAN_POINT('',(-0.0425,0.,-0.049));
#14856=CARTESIAN_POINT('',(-0.0425,0.,-0.0425));
#14857=CARTESIAN_POINT('',(0.,0.,-0.0425));
#14858=CARTESIAN_POINT('',(-0.049,0.,-0.0425));
#14859=CARTESIAN_POINT('',(-0.049,0.,0.));
#14860=CARTESIAN_POINT('',(-0.049,0.,-0.049));
#14861=CARTESIAN_POINT('',(0.,0.,-0.049));
#14862=CARTESIAN_POINT('',(-0.0439142135623731,0.,-0.05));
#14863=CARTESIAN_POINT('',(-0.0439142135623731,0.,-0.0475857864376269));
#14864=CARTESIAN_POINT('',(-0.0439142135623731,0.,-0.0439142135623731));
#14865=CARTESIAN_POINT('',(-0.05,0.,-0.0475857864376269));
#14866=CARTESIAN_POINT('',(-0.0475857864376269,0.,-0.0475857864376269));
#14867=CARTESIAN_POINT('',(-0.0475857864376269,0.,-0.05));
#14868=CARTESIAN_POINT('',(-0.0475857864376269,0.,-0.0439142135623731));
#14869=CARTESIAN_POINT('',(-0.05,0.,-0.0439142135623731));
#14870=CARTESIAN_POINT('',(0.,0.02,0.));
#14871=CARTESIAN_POINT('',(-0.0461715728752538,0.02,-0.0461715728752538));
#14872=CARTESIAN_POINT('',(-0.0453937554159486,0.02,-0.046949390334559));
#14873=CARTESIAN_POINT('',(-0.0465,0.02,-0.0458431457505076));
#14874=CARTESIAN_POINT('',(-0.0461715728752538,0.02,-0.0477272077938642));
#14875=CARTESIAN_POINT('',(-0.0453462433504317,0.02,-0.047));
#14876=CARTESIAN_POINT('',(-0.0465,0.02,-0.047));
#14877=CARTESIAN_POINT('',(-0.0465,0.02,-0.047));
#14878=CARTESIAN_POINT('',(-0.0465,0.02,0.047));
#14879=CARTESIAN_POINT('',(-0.049,0.1135,-0.049));
#14880=CARTESIAN_POINT('',(-0.049,0.0216,-0.049));
#14881=CARTESIAN_POINT('',(-0.049,0.0192,-0.049));
#14882=CARTESIAN_POINT('',(-0.049,0.0161,-0.0473029437251523));
#14883=CARTESIAN_POINT('',(-0.049,0.0161,-0.0488));
#14884=CARTESIAN_POINT('',(-0.049,0.0192,-0.0488));
#14885=CARTESIAN_POINT('',(-0.049,0.022,-0.0488));
#14886=CARTESIAN_POINT('',(-0.049,0.022,-0.0473443650813896));
#14887=CARTESIAN_POINT('',(-0.049,0.022,-0.0473443650813896));
#14888=CARTESIAN_POINT('',(-0.049,0.0191,-0.0473443650813896));
#14889=CARTESIAN_POINT('',(-0.0489979689677064,0.0191414334374706,-0.0473446950025756));
#14890=CARTESIAN_POINT('',(-0.049,0.0191415809017682,-0.0473445909304097));
#14891=CARTESIAN_POINT('',(-0.049,0.0191805269672561,-0.0473997752755888));
#14892=CARTESIAN_POINT('',(-0.049,0.0192,-0.0474663666592488));
#14893=CARTESIAN_POINT('',(-0.049,0.0192,-0.0475443650813896));
#14894=CARTESIAN_POINT('',(-0.049,0.0192,-0.0475443650813896));
#14895=CARTESIAN_POINT('',(-0.049,0.0192,-0.0473029437251523));
#14896=CARTESIAN_POINT('',(-0.0488,0.0161,-0.0488));
#14897=CARTESIAN_POINT('',(-0.0488,0.0161,-0.049));
#14898=CARTESIAN_POINT('',(-0.0488,0.0192,-0.049));
#14899=CARTESIAN_POINT('',(-0.0488,0.022,-0.049));
#14900=CARTESIAN_POINT('',(-0.0488,0.022,-0.0488));
#14901=CARTESIAN_POINT('',(-0.0488,0.0192,-0.0488));
#14902=CARTESIAN_POINT('',(-0.0488,0.0161,-0.049));
#14903=CARTESIAN_POINT('',(-0.0473443650813896,0.0221,-0.049));
#14904=CARTESIAN_POINT('',(-0.0473443653140581,0.019141421182342,-0.0489999577540283));
#14905=CARTESIAN_POINT('',(-0.0473443650813896,0.022,-0.049));
#14906=CARTESIAN_POINT('',(-0.0488,0.022,-0.049));
#14907=CARTESIAN_POINT('',(-0.0488,0.0192,-0.049));
#14908=CARTESIAN_POINT('',(-0.0475443650813896,0.0192,-0.049));
#14909=CARTESIAN_POINT('',(-0.0475443650813896,0.0192,-0.049));
#14910=CARTESIAN_POINT('',(-0.0474697335026228,0.0192,-0.049));
#14911=CARTESIAN_POINT('',(-0.0473976766511775,0.01917911832875,-0.049));
#14912=CARTESIAN_POINT('',(-0.0473443650813896,0.0191414213562373,-0.049));
#14913=CARTESIAN_POINT('',(0.,0.02,0.));
#14914=CARTESIAN_POINT('',(-0.05,0.02,-0.0415));
#14915=CARTESIAN_POINT('',(-0.042,0.02,-0.0415));
#14916=CARTESIAN_POINT('',(-0.0465,0.02,-0.0415));
#14917=CARTESIAN_POINT('',(-0.042,0.02,-0.042));
#14918=CARTESIAN_POINT('',(-0.0415,0.02,-0.042));
#14919=CARTESIAN_POINT('',(-0.0415,0.02,-0.05));
#14920=CARTESIAN_POINT('',(-0.0415,0.02,-0.047));
#14921=CARTESIAN_POINT('',(-0.0465,0.02,-0.047));
#14922=CARTESIAN_POINT('',(-0.0425,0.02,-0.047));
#14923=CARTESIAN_POINT('',(-0.0425,0.02,-0.05));
#14924=CARTESIAN_POINT('',(-0.0425,0.02,-0.0425));
#14925=CARTESIAN_POINT('',(-0.05,0.02,-0.0425));
#14926=CARTESIAN_POINT('',(-0.0465,0.02,-0.0425));
#14927=CARTESIAN_POINT('',(-0.0465,0.02,0.047));
#14928=CARTESIAN_POINT('',(-0.0465,0.0221,-0.047));
#14929=CARTESIAN_POINT('',(-0.0415,0.1135,-0.047));
#14930=CARTESIAN_POINT('',(-0.0415,0.0216,-0.047));
#14931=CARTESIAN_POINT('',(-0.042,0.0216,-0.047));
#14932=CARTESIAN_POINT('',(-0.0465,0.0221,-0.047));
#14933=CARTESIAN_POINT('',(-0.0465,0.02,-0.047));
#14934=CARTESIAN_POINT('',(-0.0465,0.0221,0.047));
#14935=CARTESIAN_POINT('',(-0.0465,0.0216,-0.042));
#14936=CARTESIAN_POINT('',(-0.0465,0.0216,-0.0415));
#14937=CARTESIAN_POINT('',(-0.0465,0.1135,-0.0415));
#14938=CARTESIAN_POINT('',(-0.0465,0.02,0.047));
#14939=CARTESIAN_POINT('',(-0.05,0.001,-0.0415));
#14940=CARTESIAN_POINT('',(-0.0443333333333333,-0.00183333333333333,-0.0443333333333333));
#14941=CARTESIAN_POINT('',(-0.0471666666666667,-0.00183333333333333,-0.0443333333333333));
#14942=CARTESIAN_POINT('',(-0.0415,0.001,-0.05));
#14943=CARTESIAN_POINT('',(-0.0443333333333333,-0.00183333333333333,-0.0471666666666667));
#14944=CARTESIAN_POINT('',(-0.05,0.001,-0.05));
#14945=CARTESIAN_POINT('',(-0.049,0.,-0.049));
#14946=CARTESIAN_POINT('',(-0.0497071067811866,0.000707106781186546,-0.0497071067811866));
#14947=CARTESIAN_POINT('',(-0.05,0.001,-0.05));
#14948=CARTESIAN_POINT('',(-0.05,0.001,-0.05));
#14949=CARTESIAN_POINT('',(-0.049,0.,-0.049));
#14950=CARTESIAN_POINT('',(-0.049,0.1135,-0.049));
#14951=CARTESIAN_POINT('',(-0.049,0.016,-0.049));
#14952=CARTESIAN_POINT('',(-0.0415,0.1135,-0.05));
#14953=CARTESIAN_POINT('',(-0.0415,0.1135,-0.0495));
#14954=CARTESIAN_POINT('',(-0.0415,0.0216,-0.05));
#14955=CARTESIAN_POINT('',(-0.0415,0.1135,-0.042));
#14956=CARTESIAN_POINT('',(-0.05,0.1135,-0.0415));
#14957=CARTESIAN_POINT('',(-0.042,0.1135,-0.0415));
#14958=CARTESIAN_POINT('',(-0.05,0.0216,-0.0415));
#14959=CARTESIAN_POINT('',(-0.0495,0.0216,-0.0415));
#14960=CARTESIAN_POINT('',(-0.0495,0.1135,-0.0415));
#14961=CARTESIAN_POINT('',(-0.0495,0.0209,-0.0415));
#14962=CARTESIAN_POINT('',(-0.05,0.0209,-0.0415));
#14963=CARTESIAN_POINT('',(-0.048,0.0209,-0.0415));
#14964=CARTESIAN_POINT('',(-0.048,0.1135,-0.0415));
#14965=CARTESIAN_POINT('',(-0.048,0.0089,-0.0415));
#14966=CARTESIAN_POINT('',(-0.05,0.0089,-0.0415));
#14967=CARTESIAN_POINT('',(-0.0477272077938642,0.0161,-0.0460301515190165));
#14968=CARTESIAN_POINT('',(-0.0476564971157456,0.0161,-0.0461008621971352));
#14969=CARTESIAN_POINT('',(-0.0476564971157456,0.0162,-0.0461008621971352));
#14970=CARTESIAN_POINT('',(-0.0476564971157456,0.022,-0.0461008621971352));
#14971=CARTESIAN_POINT('',(-0.0477272077938642,0.022,-0.0460301515190165));
#14972=CARTESIAN_POINT('',(-0.0461008621971352,0.022,-0.0476564971157456));
#14973=CARTESIAN_POINT('',(-0.0461008621971352,0.0161,-0.0476564971157456));
#14974=CARTESIAN_POINT('',(-0.0461008621971352,0.0162,-0.0476564971157456));
#14975=CARTESIAN_POINT('',(-0.0477272077938642,0.0162,-0.0460301515190165));
#14976=CARTESIAN_POINT('',(-0.0477272077938642,0.0161,-0.0460301515190165));
#14977=CARTESIAN_POINT('',(-0.0489707106781187,0.0221,-0.047273654403271));
#14978=CARTESIAN_POINT('',(-0.0489707106781187,0.019,-0.047273654403271));
#14979=CARTESIAN_POINT('',(-0.0489707106781187,0.022,-0.047273654403271));
#14980=CARTESIAN_POINT('',(-0.0477979184719829,0.022,-0.0461008621971352));
#14981=CARTESIAN_POINT('',(-0.0477979184719829,0.022,-0.0461008621971352));
#14982=CARTESIAN_POINT('',(-0.0477979184719829,0.0161,-0.0461008621971352));
#14983=CARTESIAN_POINT('',(-0.0477979184719829,0.0162,-0.0461008621971352));
#14984=CARTESIAN_POINT('',(-0.0477272077938642,0.0162,-0.0460301515190165));
#14985=CARTESIAN_POINT('',(-0.0498292893218814,0.0162,-0.0481322330470337));
#14986=CARTESIAN_POINT('',(-0.0498292893218814,0.019,-0.0481322330470337));
#14987=CARTESIAN_POINT('',(-0.0498292893218814,0.019,-0.0481322330470337));
#14988=CARTESIAN_POINT('',(-0.049,0.019,-0.0473029437251523));
#14989=CARTESIAN_POINT('',(-0.0473029437251523,0.0161,-0.049));
#14990=CARTESIAN_POINT('',(-0.0461008621971352,0.0161,-0.0477979184719829));
#14991=CARTESIAN_POINT('',(-0.0461008621971352,0.0162,-0.0477979184719829));
#14992=CARTESIAN_POINT('',(-0.0461008621971352,0.022,-0.0477979184719829));
#14993=CARTESIAN_POINT('',(-0.047273654403271,0.022,-0.0489707106781187));
#14994=CARTESIAN_POINT('',(-0.047273654403271,0.022,-0.0489707106781187));
#14995=CARTESIAN_POINT('',(-0.047273654403271,0.0191,-0.0489707106781187));
#14996=CARTESIAN_POINT('',(-0.047273654403271,0.019,-0.0489707106781187));
#14997=CARTESIAN_POINT('',(-0.0483029437251523,0.019,-0.05));
#14998=CARTESIAN_POINT('',(-0.0481322330470337,0.019,-0.0498292893218814));
#14999=CARTESIAN_POINT('',(-0.0481322330470337,0.0162,-0.0498292893218814));
#15000=CARTESIAN_POINT('',(-0.0481322330470337,0.0162,-0.0498292893218814));
#15001=CARTESIAN_POINT('',(-0.0473029437251523,0.0162,-0.049));
#15002=CARTESIAN_POINT('',(-0.0488,0.0161,-0.0488));
#15003=CARTESIAN_POINT('',(-0.0480221825406948,0.0161,-0.0495778174593052));
#15004=CARTESIAN_POINT('',(-0.0461715728752538,0.0161,-0.0477272077938642));
#15005=CARTESIAN_POINT('',(-0.0483443650813896,0.0161,-0.0499));
#15006=CARTESIAN_POINT('',(-0.0488,0.0161,-0.0499));
#15007=CARTESIAN_POINT('',(-0.049,0.0161,-0.0499));
#15008=CARTESIAN_POINT('',(-0.049,0.0161,-0.049));
#15009=CARTESIAN_POINT('',(-0.0499,0.0161,-0.049));
#15010=CARTESIAN_POINT('',(-0.0499,0.0161,-0.0488));
#15011=CARTESIAN_POINT('',(-0.0499,0.0161,-0.0483443650813896));
#15012=CARTESIAN_POINT('',(-0.0495778174593052,0.0161,-0.0480221825406948));
#15013=CARTESIAN_POINT('',(-0.0477272077938642,0.0161,-0.0461715728752538));
#15014=CARTESIAN_POINT('',(-0.0461008621971352,0.0161,-0.0477979184719829));
#15015=CARTESIAN_POINT('',(1.13968527085408E-17,0.0191,8.94783133069115E-18));
#15016=CARTESIAN_POINT('',(-0.0488,0.0191,-0.0488));
#15017=CARTESIAN_POINT('',(-0.0488,0.0191,-0.0491));
#15018=CARTESIAN_POINT('',(-0.0491,0.0191,-0.0488));
#15019=CARTESIAN_POINT('',(-0.0491,0.0191,2.36527579938674E-16));
#15020=CARTESIAN_POINT('',(-0.0491,0.0191,-0.0475443650813896));
#15021=CARTESIAN_POINT('',(-0.0499292893218814,0.0191,-0.048373654403271));
#15022=CARTESIAN_POINT('',(-0.0499,0.0191,-0.0483443650813896));
#15023=CARTESIAN_POINT('',(-0.0499,0.0191,-0.049));
#15024=CARTESIAN_POINT('',(-0.0499,0.0191,-0.049));
#15025=CARTESIAN_POINT('',(-0.049,0.0191,-0.049));
#15026=CARTESIAN_POINT('',(-0.049,0.0191,-0.0499));
#15027=CARTESIAN_POINT('',(-0.0484443650813896,0.0191,-0.0499));
#15028=CARTESIAN_POINT('',(-0.0483443650813896,0.0191,-0.0499));
#15029=CARTESIAN_POINT('',(-0.047373654403271,0.0191,-0.0489292893218814));
#15030=CARTESIAN_POINT('',(-0.0475443650813896,0.0191,-0.0491));
#15031=CARTESIAN_POINT('',(2.38976601316523E-16,0.0191,-0.0491));
#15032=CARTESIAN_POINT('',(-0.0477272077938642,0.0161,-0.0461715728752538));
#15033=CARTESIAN_POINT('',(-0.0477272077938642,0.022,-0.0461715728752538));
#15034=CARTESIAN_POINT('',(-0.0477272077938642,0.0162,-0.0461715728752538));
#15035=CARTESIAN_POINT('',(-0.0476564971157456,0.0162,-0.0461008621971352));
#15036=CARTESIAN_POINT('',(-0.0499,0.0162,-0.0483443650813896));
#15037=CARTESIAN_POINT('',(-0.0477272077938642,0.0162,-0.0461715728752538));
#15038=CARTESIAN_POINT('',(-0.047373654403271,0.0162,-0.0489292893218814));
#15039=CARTESIAN_POINT('',(-0.0483443650813896,0.0162,-0.0499));
#15040=CARTESIAN_POINT('',(-0.0461715728752538,0.0162,-0.0477272077938642));
#15041=CARTESIAN_POINT('',(-0.0461715728752538,0.0161,-0.0477272077938642));
#15042=CARTESIAN_POINT('',(-0.0461715728752538,0.022,-0.0477272077938642));
#15043=CARTESIAN_POINT('',(-0.0461715728752538,0.0162,-0.0477272077938642));
#15044=CARTESIAN_POINT('',(-0.0477272077938642,0.0162,-0.0461715728752538));
#15045=CARTESIAN_POINT('',(-0.0477272077938642,0.0162,-0.0461715728752538));
#15046=CARTESIAN_POINT('',(-0.0461715728752538,0.0162,-0.0477272077938642));
#15047=CARTESIAN_POINT('',(-0.0461715728752538,0.0162,-0.0477272077938642));
#15048=CARTESIAN_POINT('',(-0.046949390334559,0.0162,-0.046949390334559));
#15049=CARTESIAN_POINT('',(-0.0489,0.0161,-0.0473443650813896));
#15050=CARTESIAN_POINT('',(-0.0489,0.022,-0.0473443650813896));
#15051=CARTESIAN_POINT('',(-0.0489707106781187,0.019,-0.0472736544032709));
#15052=CARTESIAN_POINT('',(-0.0489951693601196,0.0190691795996071,-0.0472981130852719));
#15053=CARTESIAN_POINT('',(-0.0490000207403249,0.0191163749794725,-0.0473266338782102));
#15054=CARTESIAN_POINT('',(-0.0489999999320369,0.0191415861395962,-0.0473444816687832));
#15055=CARTESIAN_POINT('',(-0.0476564971157456,0.019,-0.0461008621971352));
#15056=CARTESIAN_POINT('',(-0.0491,0.0191,-0.0475443650813896));
#15057=CARTESIAN_POINT('',(-0.049085207499973,0.0191,-0.0474926205526045));
#15058=CARTESIAN_POINT('',(-0.0490703020971813,0.0190892663643639,-0.0474409889265841));
#15059=CARTESIAN_POINT('',(-0.0490501180354988,0.0190708185891993,-0.0473946359594545));
#15060=CARTESIAN_POINT('',(-0.0490509400966124,0.0190726822326531,-0.0473935362972148));
#15061=CARTESIAN_POINT('',(-0.0490501025695766,0.019070856032816,-0.0473946736369816));
#15062=CARTESIAN_POINT('',(-0.0490412232947754,0.0190582468419065,-0.0473678887341935));
#15063=CARTESIAN_POINT('',(-0.0490196822977135,0.0190346281643012,-0.0473226260228658));
#15064=CARTESIAN_POINT('',(-0.0489707106781187,0.019,-0.047273654403271));
#15065=CARTESIAN_POINT('',(-0.0499,0.019,-0.0483443650813896));
#15066=CARTESIAN_POINT('',(-0.0473443650813896,0.0161,-0.0489));
#15067=CARTESIAN_POINT('',(-0.0473443650813896,0.022,-0.0489));
#15068=CARTESIAN_POINT('',(-0.0473443650769701,0.0191414213499872,-0.049));
#15069=CARTESIAN_POINT('',(-0.047326544844751,0.0191162197347845,-0.0489999999992124));
#15070=CARTESIAN_POINT('',(-0.0472980776186278,0.0190690792847888,-0.0489951338934755));
#15071=CARTESIAN_POINT('',(-0.0472736544032709,0.019,-0.0489707106781187));
#15072=CARTESIAN_POINT('',(-0.047373654403271,0.019,-0.0489292893218814));
#15073=CARTESIAN_POINT('',(-0.047273654403271,0.019,-0.0489707106781187));
#15074=CARTESIAN_POINT('',(-0.0473225039276833,0.0190345418299697,-0.049019560202531));
#15075=CARTESIAN_POINT('',(-0.04736764100287,0.0190581132534388,-0.0490410931808532));
#15076=CARTESIAN_POINT('',(-0.0473943727019139,0.0190707142704074,-0.0490500025400027));
#15077=CARTESIAN_POINT('',(-0.0473942599947019,0.0190708758832071,-0.0490501121292135));
#15078=CARTESIAN_POINT('',(-0.0473943727017161,0.019070714270162,-0.049050002540152));
#15079=CARTESIAN_POINT('',(-0.0474211047064075,0.0190833143637362,-0.0490589135110823));
#15080=CARTESIAN_POINT('',(-0.0474711023933451,0.0191,-0.0490755791039852));
#15081=CARTESIAN_POINT('',(-0.0475443650813897,0.0191,-0.0491));
#15082=CARTESIAN_POINT('',(-0.0483443650813896,0.019,-0.0499));
#15083=CARTESIAN_POINT('',(-0.0472855642160222,0.0190903841270535,-0.0490866233236697));
#15084=CARTESIAN_POINT('',(-0.0473443652278175,0.0191414212703229,-0.0489999319214682));
#15085=CARTESIAN_POINT('',(-0.0473655958394235,0.0191117056368512,-0.0490008184847818));
#15086=CARTESIAN_POINT('',(-0.0473841037685785,0.0190849311540565,-0.0490211379079818));
#15087=CARTESIAN_POINT('',(-0.0473944132674626,0.0190706816334592,-0.0490499540762739));
#15088=CARTESIAN_POINT('',(-0.0475388986226469,0.0188426372246314,-0.0490972541507571));
#15089=CARTESIAN_POINT('',(-0.0475443650813896,0.0191,-0.0491));
#15090=CARTESIAN_POINT('',(-0.0475443650813896,0.0191,-0.0490476401224402));
#15091=CARTESIAN_POINT('',(-0.0475443650813896,0.0191476401224402,-0.049));
#15092=CARTESIAN_POINT('',(-0.0475443650813896,0.0192,-0.049));
#15093=CARTESIAN_POINT('',(-0.0488,0.0192,-0.0491));
#15094=CARTESIAN_POINT('',(-0.0488,0.0192,-0.0491));
#15095=CARTESIAN_POINT('',(-0.0488,0.0192,-0.0488));
#15096=CARTESIAN_POINT('',(-0.0491,0.0192,-0.0488));
#15097=CARTESIAN_POINT('',(-0.0491,0.0192,-0.0473029437251523));
#15098=CARTESIAN_POINT('',(-0.049,0.0192,-0.0475443650813896));
#15099=CARTESIAN_POINT('',(-0.049,0.0191476401224402,-0.0475443650813896));
#15100=CARTESIAN_POINT('',(-0.0490476401224402,0.0191,-0.0475443650813896));
#15101=CARTESIAN_POINT('',(-0.0491,0.0191,-0.0475443650813896));
#15102=CARTESIAN_POINT('',(-0.0490924741295462,0.0191557967897551,-0.0473708564587033));
#15103=CARTESIAN_POINT('',(-0.0489959326479517,0.0191414083976761,-0.0473449889214493));
#15104=CARTESIAN_POINT('',(-0.0489990249651972,0.0191127773417508,-0.047364555676429));
#15105=CARTESIAN_POINT('',(-0.0490211884667466,0.0190857782639419,-0.0473818144003924));
#15106=CARTESIAN_POINT('',(-0.0490519326359708,0.0190746232551217,-0.0473927239170204));
#15107=CARTESIAN_POINT('',(-0.0490866233234482,0.019090384126589,-0.0472855642155867));
#15108=CARTESIAN_POINT('',(-0.0499,0.016,-0.05));
#15109=CARTESIAN_POINT('',(-0.0499,0.016,-0.049));
#15110=CARTESIAN_POINT('',(-0.0499,0.016,-0.0483443650813896));
#15111=CARTESIAN_POINT('',(-0.0498292893218813,0.0162,-0.0481322330470336));
#15112=CARTESIAN_POINT('',(-0.05,0.0162,-0.0483029437251523));
#15113=CARTESIAN_POINT('',(-0.05,0.0162,-0.048061522368915));
#15114=CARTESIAN_POINT('',(-0.0498292893230382,0.0161738198430561,-0.0481322330481904));
#15115=CARTESIAN_POINT('',(-0.0499999999999997,0.0162370286081254,-0.0483029436551309));
#15116=CARTESIAN_POINT('',(-0.05,0.0161476396861118,-0.0480615223712288));
#15117=CARTESIAN_POINT('',(-0.0498446113831687,0.0161216687222347,-0.0481781992320523));
#15118=CARTESIAN_POINT('',(-0.0500000000000005,0.0162378259228423,-0.0481958722419425));
#15119=CARTESIAN_POINT('',(-0.05,0.0160433374441802,-0.0481228106152207));
#15120=CARTESIAN_POINT('',(-0.0498814879106245,0.0161,-0.0482888288132634));
#15121=CARTESIAN_POINT('',(-0.0499999999999994,0.016120400640583,-0.0482831638039198));
#15122=CARTESIAN_POINT('',(-0.05,0.0160000000005786,-0.0482703167238882));
#15123=CARTESIAN_POINT('',(-0.0499,0.0161,-0.0483443650813896));
#15124=CARTESIAN_POINT('',(-0.05,0.0161,-0.0483443650813896));
#15125=CARTESIAN_POINT('',(-0.05,0.016,-0.0483443650813896));
#15126=CARTESIAN_POINT('',(-0.0499,0.0162,-0.048061522368915));
#15127=CARTESIAN_POINT('',(-0.049,0.016,-0.049));
#15128=CARTESIAN_POINT('',(-0.049,0.016,-0.0499));
#15129=CARTESIAN_POINT('',(-0.0499,0.0161,-0.048061522368915));
#15130=CARTESIAN_POINT('',(-0.0499,0.019,-0.048061522368915));
#15131=CARTESIAN_POINT('',(-0.05,0.016,-0.0499));
#15132=CARTESIAN_POINT('',(-0.0483443650813896,0.016,-0.0499));
#15133=CARTESIAN_POINT('',(-0.0499,0.0191,-0.0483443650813896));
#15134=CARTESIAN_POINT('',(-0.05,0.0191,-0.0483443650813896));
#15135=CARTESIAN_POINT('',(-0.05,0.0192,-0.0483443650813896));
#15136=CARTESIAN_POINT('',(-0.0498814879106245,0.0191,-0.0482888288132634));
#15137=CARTESIAN_POINT('',(-0.0499999999999994,0.019079599359417,-0.0482831638039198));
#15138=CARTESIAN_POINT('',(-0.05,0.0191999999994215,-0.0482703167238882));
#15139=CARTESIAN_POINT('',(-0.0498446113831687,0.0190783312777652,-0.0481781992320523));
#15140=CARTESIAN_POINT('',(-0.0500000000000005,0.0189621740771572,-0.0481958722419425));
#15141=CARTESIAN_POINT('',(-0.05,0.0191566625558198,-0.0481228106152207));
#15142=CARTESIAN_POINT('',(-0.0498292893230382,0.0190261801569443,-0.0481322330481904));
#15143=CARTESIAN_POINT('',(-0.0499999999999997,0.0189629713918757,-0.0483029436551309));
#15144=CARTESIAN_POINT('',(-0.05,0.0190523603138882,-0.0480615223712288));
#15145=CARTESIAN_POINT('',(-0.0498292893218813,0.019,-0.0481322330470336));
#15146=CARTESIAN_POINT('',(-0.05,0.019,-0.0483029437251523));
#15147=CARTESIAN_POINT('',(-0.05,0.019,-0.048061522368915));
#15148=CARTESIAN_POINT('',(-0.0499,0.0192,-0.0483443650813896));
#15149=CARTESIAN_POINT('',(-0.0483443650813896,0.0161,-0.0499));
#15150=CARTESIAN_POINT('',(-0.0483443650813896,0.0161,-0.05));
#15151=CARTESIAN_POINT('',(-0.0483443650813896,0.016,-0.05));
#15152=CARTESIAN_POINT('',(-0.0482888288132634,0.0161,-0.0498814879106245));
#15153=CARTESIAN_POINT('',(-0.0482831638039198,0.016120400640583,-0.0499999999999994));
#15154=CARTESIAN_POINT('',(-0.0482703167238882,0.0160000000005786,-0.05));
#15155=CARTESIAN_POINT('',(-0.0481781992320523,0.0161216687222347,-0.0498446113831687));
#15156=CARTESIAN_POINT('',(-0.0481958722419424,0.0162378259228423,-0.0500000000000006));
#15157=CARTESIAN_POINT('',(-0.0481228106152207,0.0160433374441802,-0.05));
#15158=CARTESIAN_POINT('',(-0.0481322330481904,0.0161738198430561,-0.0498292893230382));
#15159=CARTESIAN_POINT('',(-0.0483029436551309,0.0162370286081254,-0.0499999999999997));
#15160=CARTESIAN_POINT('',(-0.0480615223712288,0.0161476396861118,-0.05));
#15161=CARTESIAN_POINT('',(-0.0481322330470336,0.0162,-0.0498292893218813));
#15162=CARTESIAN_POINT('',(-0.0483029437251523,0.0162,-0.05));
#15163=CARTESIAN_POINT('',(-0.048061522368915,0.0162,-0.05));
#15164=CARTESIAN_POINT('',(-0.048061522368915,0.0162,-0.0499));
#15165=CARTESIAN_POINT('',(-0.0499,0.0192,9.00340792280726E-18));
#15166=CARTESIAN_POINT('',(-0.0499,0.0192,-0.049));
#15167=CARTESIAN_POINT('',(-0.048061522368915,0.0161,-0.0499));
#15168=CARTESIAN_POINT('',(-0.048061522368915,0.019,-0.0499));
#15169=CARTESIAN_POINT('',(-0.049,0.0192,-0.049));
#15170=CARTESIAN_POINT('',(-0.049,0.0192,-0.0499));
#15171=CARTESIAN_POINT('',(-0.0481322330470336,0.019,-0.0498292893218813));
#15172=CARTESIAN_POINT('',(-0.0483029437251523,0.019,-0.05));
#15173=CARTESIAN_POINT('',(-0.048061522368915,0.019,-0.05));
#15174=CARTESIAN_POINT('',(-0.0481322330481904,0.0190261801569443,-0.0498292893230382));
#15175=CARTESIAN_POINT('',(-0.0483029436551309,0.0189629713918757,-0.0499999999999997));
#15176=CARTESIAN_POINT('',(-0.0480615223712288,0.0190523603138882,-0.05));
#15177=CARTESIAN_POINT('',(-0.0481781992320523,0.0190783312777652,-0.0498446113831687));
#15178=CARTESIAN_POINT('',(-0.0481958722419425,0.0189621740771572,-0.0500000000000006));
#15179=CARTESIAN_POINT('',(-0.0481228106152207,0.0191566625558198,-0.05));
#15180=CARTESIAN_POINT('',(-0.0482888288132634,0.0191,-0.0498814879106245));
#15181=CARTESIAN_POINT('',(-0.0482831638039198,0.019079599359417,-0.0499999999999994));
#15182=CARTESIAN_POINT('',(-0.0482703167238882,0.0191999999994214,-0.05));
#15183=CARTESIAN_POINT('',(-0.0483443650813896,0.0191,-0.0499));
#15184=CARTESIAN_POINT('',(-0.0483443650813896,0.0191,-0.05));
#15185=CARTESIAN_POINT('',(-0.0483443650813896,0.0192,-0.05));
#15186=CARTESIAN_POINT('',(-0.0483443650813896,0.0192,-0.0499));
#15187=CARTESIAN_POINT('',(1.14524293006569E-17,0.0192,-0.0499));
#15188=CARTESIAN_POINT('',(-0.0509242388155425,0.022,-0.0490857611844575));
#15189=CARTESIAN_POINT('',(-0.0478686291501015,0.022,-0.0460301515190165));
#15190=CARTESIAN_POINT('',(-0.0490414213562373,0.022,-0.0472029437251523));
#15191=CARTESIAN_POINT('',(-0.0489,0.022,-0.0473443650813896));
#15192=CARTESIAN_POINT('',(-0.0491,0.022,-0.0473443650813896));
#15193=CARTESIAN_POINT('',(-0.0477272077938642,0.022,-0.0461715728752538));
#15194=CARTESIAN_POINT('',(-0.0475857864376269,0.022,-0.0460301515190165));
#15195=CARTESIAN_POINT('',(-0.0491,0.022,-0.05001));
#15196=CARTESIAN_POINT('',(-0.0491,0.022,-0.0488));
#15197=CARTESIAN_POINT('',(-0.0476564971157456,0.022,-0.0459594408408979));
#15198=CARTESIAN_POINT('',(-0.0460301515190165,0.022,-0.0475857864376269));
#15199=CARTESIAN_POINT('',(-0.0488,0.022,-0.0488));
#15200=CARTESIAN_POINT('',(-0.0488,0.022,-0.0491));
#15201=CARTESIAN_POINT('',(-0.0461715728752538,0.022,-0.0477272077938642));
#15202=CARTESIAN_POINT('',(-0.0460301515190165,0.022,-0.0478686291501015));
#15203=CARTESIAN_POINT('',(-0.05,0.022,-0.0491));
#15204=CARTESIAN_POINT('',(-0.0473443650813896,0.022,-0.0491));
#15205=CARTESIAN_POINT('',(-0.0490857611844575,0.022,-0.0509242388155425));
#15206=CARTESIAN_POINT('',(-0.0472029437251523,0.022,-0.0490414213562373));
#15207=CARTESIAN_POINT('',(-0.0473443650813896,0.022,-0.0489));
#15208=CARTESIAN_POINT('',(-0.0495,0.0216,-0.05));
#15209=CARTESIAN_POINT('',(-0.0495,0.0216,-0.042));
#15210=CARTESIAN_POINT('',(-0.0495,0.0216,-0.049));
#15211=CARTESIAN_POINT('',(-0.049,0.0216,-0.049));
#15212=CARTESIAN_POINT('',(-0.049,0.0216,-0.0495));
#15213=CARTESIAN_POINT('',(-0.05,0.0216,-0.0495));
#15214=CARTESIAN_POINT('',(-0.042,0.0216,-0.0495));
#15215=CARTESIAN_POINT('',(0.,0.02,0.));
#15216=CARTESIAN_POINT('',(-0.0461715728752538,0.02,-0.0477272077938642));
#15217=CARTESIAN_POINT('',(-0.0451059348446489,0.02,-0.048));
#15218=CARTESIAN_POINT('',(0.,0.02,-0.048));
#15219=CARTESIAN_POINT('',(-0.0425,0.02,-0.048));
#15220=CARTESIAN_POINT('',(-0.0425,0.02,-0.05));
#15221=CARTESIAN_POINT('',(0.,0.02,0.));
#15222=CARTESIAN_POINT('',(-0.05,0.02,-0.0425));
#15223=CARTESIAN_POINT('',(-0.0475,0.02,-0.0425));
#15224=CARTESIAN_POINT('',(-0.0475,0.02,0.));
#15225=CARTESIAN_POINT('',(-0.0475,0.02,-0.0450952938136683));
#15226=CARTESIAN_POINT('',(-0.0477272077938642,0.02,-0.0461715728752538));
#15227=CARTESIAN_POINT('',(-0.046949390334559,0.02,-0.0453937554159486));
#15228=CARTESIAN_POINT('',(-0.0461715728752538,0.02,-0.0461715728752538));
#15229=CARTESIAN_POINT('',(-0.049,0.1135,-0.05));
#15230=CARTESIAN_POINT('',(-0.049,0.1135,-0.0425));
#15231=CARTESIAN_POINT('',(-0.049,0.0014142135623731,-0.0425));
#15232=CARTESIAN_POINT('',(-0.049,0.00141421356237309,-0.05));
#15233=CARTESIAN_POINT('',(-0.049,0.0014142135623731,-0.049));
#15234=CARTESIAN_POINT('',(-0.049,0.1135,-0.049));
#15235=CARTESIAN_POINT('',(-0.049,0.0151,-0.049));
#15236=CARTESIAN_POINT('',(-0.049,0.0151,-0.05));
#15237=CARTESIAN_POINT('',(-0.049,0.0151,-0.0474443650813896));
#15238=CARTESIAN_POINT('',(-0.049,0.0162,-0.0474443650813896));
#15239=CARTESIAN_POINT('',(-0.049,0.0162,-0.0458887301627792));
#15240=CARTESIAN_POINT('',(-0.049,0.0161,-0.0458887301627792));
#15241=CARTESIAN_POINT('',(-0.05,0.1135,-0.049));
#15242=CARTESIAN_POINT('',(-0.0458887301627791,0.1135,-0.049));
#15243=CARTESIAN_POINT('',(-0.0458887301627792,0.0162,-0.049));
#15244=CARTESIAN_POINT('',(-0.0474443650813896,0.0162,-0.049));
#15245=CARTESIAN_POINT('',(-0.0474443650813896,0.0151,-0.049));
#15246=CARTESIAN_POINT('',(-0.0488,0.0151,-0.049));
#15247=CARTESIAN_POINT('',(-0.05,0.00141421356237309,-0.049));
#15248=CARTESIAN_POINT('',(-0.0425,0.0014142135623731,-0.049));
#15249=CARTESIAN_POINT('',(-0.0425,0.1135,-0.049));
#15250=CARTESIAN_POINT('',(-0.0465,0.0221,-0.048));
#15251=CARTESIAN_POINT('',(-0.0451059348446489,0.0161,-0.048));
#15252=CARTESIAN_POINT('',(-0.0425,0.1135,-0.048));
#15253=CARTESIAN_POINT('',(-0.0475,0.0221,0.047));
#15254=CARTESIAN_POINT('',(-0.0475,0.1135,-0.0425));
#15255=CARTESIAN_POINT('',(-0.0475,0.0161,-0.0450952938136683));
#15256=CARTESIAN_POINT('',(-0.05,0.00170710678118655,-0.0422071067811865));
#15257=CARTESIAN_POINT('',(-0.049528595479209,0.00194280904158207,-0.041971404520791));
#15258=CARTESIAN_POINT('',(-0.05,0.00141421356237309,-0.0425));
#15259=CARTESIAN_POINT('',(-0.0425,0.0014142135623731,-0.0425));
#15260=CARTESIAN_POINT('',(-0.0448047378541244,-0.000890524291751271,-0.0448047378541244));
#15261=CARTESIAN_POINT('',(-0.0422071067811865,0.00170710678118655,-0.05));
#15262=CARTESIAN_POINT('',(-0.041971404520791,0.00194280904158207,-0.049528595479209));
#15263=CARTESIAN_POINT('',(-0.0425,0.00141421356237309,-0.05));
#15264=CARTESIAN_POINT('',(-0.0492928932188135,0.00170710678118655,-0.05));
#15265=CARTESIAN_POINT('',(-0.049528595479209,0.00194280904158207,-0.049528595479209));
#15266=CARTESIAN_POINT('',(-0.05,0.00170710678118655,-0.0492928932188135));
#15267=CARTESIAN_POINT('',(-0.0425,0.1135,-0.05));
#15268=CARTESIAN_POINT('',(-0.0425,0.1135,-0.0425));
#15269=CARTESIAN_POINT('',(-0.05,0.1135,-0.0425));
#15270=CARTESIAN_POINT('',(-0.0470201010126777,0.0161,-0.04532304473783));
#15271=CARTESIAN_POINT('',(-0.046949390334559,0.0161,-0.0453937554159486));
#15272=CARTESIAN_POINT('',(-0.046949390334559,0.0162,-0.0453937554159486));
#15273=CARTESIAN_POINT('',(-0.0470201010126777,0.0162,-0.04532304473783));
#15274=CARTESIAN_POINT('',(-0.0453937554159486,0.0162,-0.046949390334559));
#15275=CARTESIAN_POINT('',(-0.0453937554159486,0.0161,-0.046949390334559));
#15276=CARTESIAN_POINT('',(-0.0484343145750508,0.0161,-0.04532304473783));
#15277=CARTESIAN_POINT('',(-0.0484343145750508,0.0162,-0.04532304473783));
#15278=CARTESIAN_POINT('',(-0.0485050252531694,0.0162,-0.0453937554159486));
#15279=CARTESIAN_POINT('',(-0.0485050252531694,0.0161,-0.0453937554159486));
#15280=CARTESIAN_POINT('',(-0.0465958369439658,0.0161,-0.0497071067811866));
#15281=CARTESIAN_POINT('',(-0.0453937554159486,0.0161,-0.0485050252531694));
#15282=CARTESIAN_POINT('',(-0.0453937554159486,0.0162,-0.0485050252531694));
#15283=CARTESIAN_POINT('',(-0.0465958369439658,0.0162,-0.0497071067811866));
#15284=CARTESIAN_POINT('',(-0.0488,0.0151,-0.0488));
#15285=CARTESIAN_POINT('',(-0.047373654403271,0.0151,-0.0489292893218814));
#15286=CARTESIAN_POINT('',(-0.0461715728752538,0.0151,-0.0477272077938642));
#15287=CARTESIAN_POINT('',(-0.046949390334559,0.0151,-0.046949390334559));
#15288=CARTESIAN_POINT('',(-0.0477272077938642,0.0151,-0.0461715728752538));
#15289=CARTESIAN_POINT('',(-0.0476564971157456,0.0151,-0.0461008621971352));
#15290=CARTESIAN_POINT('',(-0.0477272077938642,0.0161,-0.0461715728752538));
#15291=CARTESIAN_POINT('',(-0.0477272077938642,0.0162,-0.0461715728752538));
#15292=CARTESIAN_POINT('',(-0.0476564971157456,0.0162,-0.0461008621971352));
#15293=CARTESIAN_POINT('',(-0.0477272077938642,0.0162,-0.0461715728752538));
#15294=CARTESIAN_POINT('',(-0.047373654403271,0.0162,-0.0489292893218814));
#15295=CARTESIAN_POINT('',(-0.0461715728752538,0.0162,-0.0477272077938642));
#15296=CARTESIAN_POINT('',(-0.0461715728752538,0.0161,-0.0477272077938642));
#15297=CARTESIAN_POINT('',(-0.0461715728752538,0.0162,-0.0477272077938642));
#15298=CARTESIAN_POINT('',(-0.0477272077938642,0.0162,-0.0461715728752538));
#15299=CARTESIAN_POINT('',(-0.0477272077938642,0.0162,-0.0461715728752538));
#15300=CARTESIAN_POINT('',(-0.0461715728752538,0.0162,-0.0477272077938642));
#15301=CARTESIAN_POINT('',(-0.0461715728752538,0.0162,-0.0477272077938642));
#15302=CARTESIAN_POINT('',(-0.046949390334559,0.0162,-0.046949390334559));
#15303=CARTESIAN_POINT('',(-0.042,0.1135,-0.0495));
#15304=CARTESIAN_POINT('',(-0.042,0.0216,-0.0495));
#15305=CARTESIAN_POINT('',(-0.042,0.0216,-0.0495));
#15306=CARTESIAN_POINT('',(-0.042,0.0216,-0.05));
#15307=CARTESIAN_POINT('',(-0.0495,0.1135,-0.042));
#15308=CARTESIAN_POINT('',(-0.0495,0.0209,-0.042));
#15309=CARTESIAN_POINT('',(-0.0495,0.0216,-0.042));
#15310=CARTESIAN_POINT('',(-0.0495,0.0216,-0.042));
#15311=CARTESIAN_POINT('',(-0.0495,0.0216,-0.042));
#15312=CARTESIAN_POINT('',(-0.05,0.0216,-0.042));
#15313=CARTESIAN_POINT('',(-0.042,0.1135,-0.042));
#15314=CARTESIAN_POINT('',(-0.048,0.0374,0.0156973454445422));
#15315=CARTESIAN_POINT('',(-0.048,0.0209,-0.0270000000000005));
#15316=CARTESIAN_POINT('',(-0.048,0.0209,-0.0270000000000005));
#15317=CARTESIAN_POINT('',(-0.048,0.0374,-0.0156973454445432));
#15318=CARTESIAN_POINT('',(-0.048,0.0174,-0.0156973454445432));
#15319=CARTESIAN_POINT('',(-0.048,0.0174,0.0156973454445422));
#15320=CARTESIAN_POINT('',(-0.048,0.0174,0.0156973454445422));
#15321=CARTESIAN_POINT('',(-0.048,0.0374,0.0156973454445422));
#15322=CARTESIAN_POINT('',(-0.048,0.0209,0.0269999999999995));
#15323=CARTESIAN_POINT('',(-0.048,0.0209,0.0269999999999995));
#15324=CARTESIAN_POINT('',(-0.048,0.0209,0.0415));
#15325=CARTESIAN_POINT('',(-0.048,0.0374,0.0415));
#15326=CARTESIAN_POINT('',(-0.048,0.0089,0.0415));
#15327=CARTESIAN_POINT('',(-0.048,0.0089,0.0269999999999995));
#15328=CARTESIAN_POINT('',(-0.048,0.0089,0.0269999999999995));
#15329=CARTESIAN_POINT('',(-0.048,-0.0076,0.0156973454445422));
#15330=CARTESIAN_POINT('',(-0.048,0.0124,0.0156973454445422));
#15331=CARTESIAN_POINT('',(-0.048,0.0124,0.0156973454445422));
#15332=CARTESIAN_POINT('',(-0.048,0.0124,-0.0156973454445432));
#15333=CARTESIAN_POINT('',(-0.048,-0.0076,-0.0156973454445432));
#15334=CARTESIAN_POINT('',(-0.048,0.0089,-0.0270000000000005));
#15335=CARTESIAN_POINT('',(-0.048,0.0089,-0.0270000000000005));
#15336=CARTESIAN_POINT('',(-0.048,0.0089,-0.0270000000000005));
#15337=CARTESIAN_POINT('',(-0.048,0.0089,-0.0270000000000005));
#15338=CARTESIAN_POINT('',(-0.048,0.0209,-0.0270000000000005));
#15339=CARTESIAN_POINT('',(-0.048,0.0209,-0.0270000000000005));
#15340=CARTESIAN_POINT('',(-0.048,0.0209,0.0269999999999995));
#15341=CARTESIAN_POINT('',(-0.0495,0.0209,0.042));
#15342=CARTESIAN_POINT('',(-0.0495,0.0209,0.0415));
#15343=CARTESIAN_POINT('',(-0.048,0.0209,0.0415));
#15344=CARTESIAN_POINT('',(-0.048,0.0209,0.0269999999999995));
#15345=CARTESIAN_POINT('',(-0.048,0.0089,0.0269999999999995));
#15346=CARTESIAN_POINT('',(-0.048,0.0089,0.0415));
#15347=CARTESIAN_POINT('',(-0.0495,0.0089,0.0415));
#15348=CARTESIAN_POINT('',(-0.0495,0.0089,0.042));
#15349=CARTESIAN_POINT('',(-0.048,0.0089,0.0269999999999995));
#15350=CARTESIAN_POINT('',(-0.048,0.0374,0.0156973454445422));
#15351=CARTESIAN_POINT('',(-0.048,0.0174,0.0156973454445422));
#15352=CARTESIAN_POINT('',(-0.048,-0.0076,0.0156973454445422));
#15353=CARTESIAN_POINT('',(-0.048,0.0124,0.0156973454445422));
#15354=CARTESIAN_POINT('',(-0.048,0.0124,0.0156973454445422));
#15355=CARTESIAN_POINT('',(-0.048,0.0124,-0.0156973454445432));
#15356=CARTESIAN_POINT('',(-0.048,-0.0076,-0.0156973454445432));
#15357=CARTESIAN_POINT('',(-0.048,0.0374,-0.0156973454445432));
#15358=CARTESIAN_POINT('',(-0.048,0.0174,-0.0156973454445432));
#15359=CARTESIAN_POINT('',(-0.048,0.0174,0.0156973454445422));
#15360=CARTESIAN_POINT('',(-0.0495,0.1135,0.042));
#15361=CARTESIAN_POINT('',(-0.0495,0.1135,0.0415));
#15362=CARTESIAN_POINT('',(-0.0495,0.0216,0.0415));
#15363=CARTESIAN_POINT('',(-0.0495,0.0216,0.042));
#15364=CARTESIAN_POINT('',(-0.042,0.1135,0.0495));
#15365=CARTESIAN_POINT('',(-0.0415,0.1135,0.0495));
#15366=CARTESIAN_POINT('',(-0.0415,0.0089,0.0495));
#15367=CARTESIAN_POINT('',(-0.042,0.0089,0.0495));
#15368=CARTESIAN_POINT('',(-0.05,0.0221,0.05001));
#15369=CARTESIAN_POINT('',(-0.0477272077938642,0.0221,0.0461715728752538));
#15370=CARTESIAN_POINT('',(-0.0475,0.0221,0.0450952938136683));
#15371=CARTESIAN_POINT('',(-0.0485050252531694,0.0221,0.0453937554159486));
#15372=CARTESIAN_POINT('',(-0.0515606349186104,0.0221,0.0484493650813896));
#15373=CARTESIAN_POINT('',(-0.049,0.0221,0.0458887301627792));
#15374=CARTESIAN_POINT('',(-0.049,0.0221,0.05001));
#15375=CARTESIAN_POINT('',(-0.049,0.0221,0.0425));
#15376=CARTESIAN_POINT('',(-0.05,0.0221,0.0425));
#15377=CARTESIAN_POINT('',(-0.0475,0.0221,0.0425));
#15378=CARTESIAN_POINT('',(-0.0475,0.0221,0.05001));
#15379=CARTESIAN_POINT('',(-0.0465,0.0221,0.047));
#15380=CARTESIAN_POINT('',(-0.042,0.0221,0.047));
#15381=CARTESIAN_POINT('',(-0.0465,0.0221,0.047));
#15382=CARTESIAN_POINT('',(-0.0465,0.0221,-0.047));
#15383=CARTESIAN_POINT('',(-0.0465,0.0221,0.042));
#15384=CARTESIAN_POINT('',(-0.05,0.0221,0.042));
#15385=CARTESIAN_POINT('',(-0.0495,0.0221,0.042));
#15386=CARTESIAN_POINT('',(-0.0495,0.0221,0.05001));
#15387=CARTESIAN_POINT('',(-0.0495,0.0221,0.049));
#15388=CARTESIAN_POINT('',(-0.049,0.0221,0.049));
#15389=CARTESIAN_POINT('',(-0.049,0.0221,0.0495));
#15390=CARTESIAN_POINT('',(-0.05,0.0221,0.0495));
#15391=CARTESIAN_POINT('',(-0.042,0.0221,0.0495));
#15392=CARTESIAN_POINT('',(-0.042,0.0221,0.05001));
#15393=CARTESIAN_POINT('',(-0.0473443650813896,0.0221,0.0491));
#15394=CARTESIAN_POINT('',(-0.0488,0.0221,0.0491));
#15395=CARTESIAN_POINT('',(-0.0473443650813896,0.0221,0.0491));
#15396=CARTESIAN_POINT('',(-0.0488,0.0221,0.0488));
#15397=CARTESIAN_POINT('',(-0.0491,0.0221,0.0488));
#15398=CARTESIAN_POINT('',(-0.0491,0.0221,0.0488));
#15399=CARTESIAN_POINT('',(-0.0491,0.0221,0.0473443650813896));
#15400=CARTESIAN_POINT('',(-0.0489,0.0221,0.0473443650813896));
#15401=CARTESIAN_POINT('',(-0.0490414213562373,0.0221,0.0472029437251523));
#15402=CARTESIAN_POINT('',(-0.0490414213562373,0.0221,0.0472029437251523));
#15403=CARTESIAN_POINT('',(-0.0478686291501015,0.0221,0.0460301515190165));
#15404=CARTESIAN_POINT('',(-0.0477272077938642,0.0221,0.0461715728752538));
#15405=CARTESIAN_POINT('',(-0.0475857864376269,0.0221,0.0460301515190165));
#15406=CARTESIAN_POINT('',(-0.0468029689783217,0.0221,0.0468129689783217));
#15407=CARTESIAN_POINT('',(-0.0460301515190165,0.0221,0.0475857864376269));
#15408=CARTESIAN_POINT('',(-0.0461715728752538,0.0221,0.0477272077938642));
#15409=CARTESIAN_POINT('',(-0.0460301515190165,0.0221,0.0478686291501015));
#15410=CARTESIAN_POINT('',(-0.0460301515190165,0.0221,0.0478686291501015));
#15411=CARTESIAN_POINT('',(-0.0472029437251523,0.0221,0.0490414213562373));
#15412=CARTESIAN_POINT('',(-0.0473443650813896,0.0221,0.0489));
#15413=CARTESIAN_POINT('',(-0.0461715728752538,0.0221,0.0477272077938642));
#15414=CARTESIAN_POINT('',(-0.0453937554159486,0.0221,0.0485050252531694));
#15415=CARTESIAN_POINT('',(-0.0451059348446489,0.0221,0.048));
#15416=CARTESIAN_POINT('',(-0.05,0.0221,0.048));
#15417=CARTESIAN_POINT('',(-0.0425,0.0221,0.048));
#15418=CARTESIAN_POINT('',(-0.0425,0.0221,0.05));
#15419=CARTESIAN_POINT('',(-0.0425,0.0221,0.049));
#15420=CARTESIAN_POINT('',(-0.05,0.0221,0.049));
#15421=CARTESIAN_POINT('',(-0.0458887301627792,0.0221,0.049));
#15422=CARTESIAN_POINT('',(-0.0465958369439658,0.0221,0.0497071067811866));
#15423=CARTESIAN_POINT('',(0.,0.,0.));
#15424=CARTESIAN_POINT('',(-0.0425,0.,0.));
#15425=CARTESIAN_POINT('',(-0.0425,0.,0.049));
#15426=CARTESIAN_POINT('',(-0.0425,0.,0.0425));
#15427=CARTESIAN_POINT('',(0.,0.,0.049));
#15428=CARTESIAN_POINT('',(-0.049,0.,0.049));
#15429=CARTESIAN_POINT('',(-0.049,0.,0.));
#15430=CARTESIAN_POINT('',(-0.049,0.,0.0425));
#15431=CARTESIAN_POINT('',(0.,0.,0.0425));
#15432=CARTESIAN_POINT('',(-0.0439142135623731,0.,0.05));
#15433=CARTESIAN_POINT('',(-0.0439142135623731,0.,0.0475857864376269));
#15434=CARTESIAN_POINT('',(-0.0439142135623731,0.,0.0439142135623731));
#15435=CARTESIAN_POINT('',(-0.05,0.,0.0439142135623731));
#15436=CARTESIAN_POINT('',(-0.0475857864376269,0.,0.0439142135623731));
#15437=CARTESIAN_POINT('',(-0.0475857864376269,0.,0.05));
#15438=CARTESIAN_POINT('',(-0.0475857864376269,0.,0.0475857864376269));
#15439=CARTESIAN_POINT('',(-0.05,0.,0.0475857864376269));
#15440=CARTESIAN_POINT('',(0.,0.02,0.));
#15441=CARTESIAN_POINT('',(-0.0461715728752538,0.02,0.0461715728752538));
#15442=CARTESIAN_POINT('',(-0.0453937554159486,0.02,0.046949390334559));
#15443=CARTESIAN_POINT('',(-0.0465,0.02,0.0458431457505076));
#15444=CARTESIAN_POINT('',(-0.0465,0.02,-0.047));
#15445=CARTESIAN_POINT('',(-0.0465,0.02,0.047));
#15446=CARTESIAN_POINT('',(-0.0465,0.02,0.047));
#15447=CARTESIAN_POINT('',(-0.0453462433504317,0.02,0.047));
#15448=CARTESIAN_POINT('',(-0.0461715728752538,0.02,0.0477272077938642));
#15449=CARTESIAN_POINT('',(-0.049,0.1135,0.049));
#15450=CARTESIAN_POINT('',(-0.049,0.0192,0.049));
#15451=CARTESIAN_POINT('',(-0.049,0.0216,0.049));
#15452=CARTESIAN_POINT('',(-0.049,0.0161,0.0473029437251523));
#15453=CARTESIAN_POINT('',(-0.049,0.0161,0.0488));
#15454=CARTESIAN_POINT('',(-0.049,0.0192,0.0488));
#15455=CARTESIAN_POINT('',(-0.049,0.022,0.0488));
#15456=CARTESIAN_POINT('',(-0.049,0.0192,0.0473029437251523));
#15457=CARTESIAN_POINT('',(-0.049,0.0192,0.0475443650813896));
#15458=CARTESIAN_POINT('',(-0.049,0.0192,0.0475443650813896));
#15459=CARTESIAN_POINT('',(-0.049,0.0192,0.047466479771314));
#15460=CARTESIAN_POINT('',(-0.049,0.0191805834052653,0.0473999684390988));
#15461=CARTESIAN_POINT('',(-0.049,0.019141750215796,0.047344831084744));
#15462=CARTESIAN_POINT('',(-0.0489967101495798,0.019141295871767,0.0473451510788382));
#15463=CARTESIAN_POINT('',(-0.049,0.0191,0.0473443650813896));
#15464=CARTESIAN_POINT('',(-0.049,0.022,0.0473443650813896));
#15465=CARTESIAN_POINT('',(-0.049,0.022,0.0473443650813896));
#15466=CARTESIAN_POINT('',(-0.0488,0.0161,0.0488));
#15467=CARTESIAN_POINT('',(-0.0488,0.0161,0.049));
#15468=CARTESIAN_POINT('',(-0.0488,0.0192,0.049));
#15469=CARTESIAN_POINT('',(-0.0488,0.022,0.049));
#15470=CARTESIAN_POINT('',(-0.0488,0.0192,0.0488));
#15471=CARTESIAN_POINT('',(-0.0488,0.022,0.0488));
#15472=CARTESIAN_POINT('',(-0.0488,0.0161,0.049));
#15473=CARTESIAN_POINT('',(-0.0473443650813896,0.0221,0.049));
#15474=CARTESIAN_POINT('',(-0.0473446950025756,0.0191414334374706,0.0489979689677064));
#15475=CARTESIAN_POINT('',(-0.0473443650813896,0.022,0.049));
#15476=CARTESIAN_POINT('',(-0.0473445909304097,0.0191415809017682,0.049));
#15477=CARTESIAN_POINT('',(-0.0473997752755888,0.0191805269672561,0.049));
#15478=CARTESIAN_POINT('',(-0.0474663666592488,0.0192,0.049));
#15479=CARTESIAN_POINT('',(-0.0475443650813896,0.0192,0.049));
#15480=CARTESIAN_POINT('',(-0.0475443650813896,0.0192,0.049));
#15481=CARTESIAN_POINT('',(-0.0488,0.0192,0.049));
#15482=CARTESIAN_POINT('',(-0.0488,0.022,0.049));
#15483=CARTESIAN_POINT('',(-0.05,0.1135,0.0415));
#15484=CARTESIAN_POINT('',(-0.0495,0.1135,0.0415));
#15485=CARTESIAN_POINT('',(-0.05,0.0216,0.0415));
#15486=CARTESIAN_POINT('',(-0.0465,0.0216,0.0415));
#15487=CARTESIAN_POINT('',(-0.0465,0.1135,0.0415));
#15488=CARTESIAN_POINT('',(-0.0465,0.02,0.0415));
#15489=CARTESIAN_POINT('',(-0.05,0.02,0.0415));
#15490=CARTESIAN_POINT('',(-0.042,0.02,0.0415));
#15491=CARTESIAN_POINT('',(-0.042,0.1135,0.0415));
#15492=CARTESIAN_POINT('',(-0.0415,0.1135,0.05));
#15493=CARTESIAN_POINT('',(-0.0415,0.1135,0.042));
#15494=CARTESIAN_POINT('',(-0.0415,0.02,0.042));
#15495=CARTESIAN_POINT('',(-0.0415,0.02,0.05));
#15496=CARTESIAN_POINT('',(-0.0415,0.02,0.047));
#15497=CARTESIAN_POINT('',(-0.0415,0.1135,0.047));
#15498=CARTESIAN_POINT('',(-0.0415,0.0216,0.047));
#15499=CARTESIAN_POINT('',(-0.0415,0.0216,0.05));
#15500=CARTESIAN_POINT('',(-0.0415,0.0216,0.0495));
#15501=CARTESIAN_POINT('',(-0.0415,0.1135,0.0495));
#15502=CARTESIAN_POINT('',(-0.0415,0.0209,0.0495));
#15503=CARTESIAN_POINT('',(-0.0415,0.0209,0.05));
#15504=CARTESIAN_POINT('',(-0.0415,0.0089,0.05));
#15505=CARTESIAN_POINT('',(-0.049,0.1135,0.049));
#15506=CARTESIAN_POINT('',(-0.049,0.,0.049));
#15507=CARTESIAN_POINT('',(-0.0497071067811866,0.000707106781186546,0.0497071067811866));
#15508=CARTESIAN_POINT('',(-0.049,0.,0.049));
#15509=CARTESIAN_POINT('',(-0.049,0.016,0.049));
#15510=CARTESIAN_POINT('',(-0.05,0.001,0.05));
#15511=CARTESIAN_POINT('',(-0.05,0.001,0.05));
#15512=CARTESIAN_POINT('',(-0.0443333333333333,-0.00183333333333333,0.0471666666666667));
#15513=CARTESIAN_POINT('',(-0.05,0.001,0.05));
#15514=CARTESIAN_POINT('',(-0.0471666666666667,-0.00183333333333333,0.0443333333333333));
#15515=CARTESIAN_POINT('',(-0.0415,0.001,0.05));
#15516=CARTESIAN_POINT('',(-0.0443333333333333,-0.00183333333333333,0.0443333333333333));
#15517=CARTESIAN_POINT('',(-0.05,0.001,0.0415));
#15518=CARTESIAN_POINT('',(-0.0465,0.0221,-0.047));
#15519=CARTESIAN_POINT('',(-0.0465,0.0221,0.047));
#15520=CARTESIAN_POINT('',(-0.0465,0.02,-0.047));
#15521=CARTESIAN_POINT('',(-0.0465,0.02,0.0425));
#15522=CARTESIAN_POINT('',(-0.0465,0.02,-0.047));
#15523=CARTESIAN_POINT('',(-0.0465,0.0216,0.042));
#15524=CARTESIAN_POINT('',(-0.0465,0.0221,0.047));
#15525=CARTESIAN_POINT('',(-0.0465,0.02,0.047));
#15526=CARTESIAN_POINT('',(-0.0425,0.02,0.047));
#15527=CARTESIAN_POINT('',(-0.0465,0.02,0.047));
#15528=CARTESIAN_POINT('',(-0.042,0.0216,0.047));
#15529=CARTESIAN_POINT('',(0.,0.02,0.));
#15530=CARTESIAN_POINT('',(-0.05,0.02,0.0425));
#15531=CARTESIAN_POINT('',(-0.0425,0.02,0.0425));
#15532=CARTESIAN_POINT('',(-0.0425,0.02,0.05));
#15533=CARTESIAN_POINT('',(-0.042,0.02,0.042));
#15534=CARTESIAN_POINT('',(-0.0477272077938642,0.0161,0.0460301515190165));
#15535=CARTESIAN_POINT('',(-0.0476564971157456,0.0161,0.0461008621971352));
#15536=CARTESIAN_POINT('',(-0.0476564971157456,0.0162,0.0461008621971352));
#15537=CARTESIAN_POINT('',(-0.0476564971157456,0.022,0.0461008621971352));
#15538=CARTESIAN_POINT('',(-0.0477272077938642,0.0162,0.0460301515190165));
#15539=CARTESIAN_POINT('',(-0.0461008621971352,0.0162,0.0476564971157456));
#15540=CARTESIAN_POINT('',(-0.0461008621971352,0.0161,0.0476564971157456));
#15541=CARTESIAN_POINT('',(-0.0461008621971352,0.022,0.0476564971157456));
#15542=CARTESIAN_POINT('',(-0.0477272077938642,0.022,0.0460301515190165));
#15543=CARTESIAN_POINT('',(-0.0477272077938642,0.0161,0.0460301515190165));
#15544=CARTESIAN_POINT('',(-0.0489707106781187,0.0221,0.047273654403271));
#15545=CARTESIAN_POINT('',(-0.0489707106781187,0.019,0.047273654403271));
#15546=CARTESIAN_POINT('',(-0.0489707106781187,0.022,0.047273654403271));
#15547=CARTESIAN_POINT('',(-0.049,0.019,0.0473029437251523));
#15548=CARTESIAN_POINT('',(-0.0498292893218814,0.019,0.0481322330470337));
#15549=CARTESIAN_POINT('',(-0.0498292893218814,0.019,0.0481322330470337));
#15550=CARTESIAN_POINT('',(-0.0498292893218814,0.0162,0.0481322330470337));
#15551=CARTESIAN_POINT('',(-0.0477272077938642,0.0162,0.0460301515190165));
#15552=CARTESIAN_POINT('',(-0.0477979184719829,0.0162,0.0461008621971352));
#15553=CARTESIAN_POINT('',(-0.0477979184719829,0.0161,0.0461008621971352));
#15554=CARTESIAN_POINT('',(-0.0477979184719829,0.022,0.0461008621971352));
#15555=CARTESIAN_POINT('',(-0.0477979184719829,0.022,0.0461008621971352));
#15556=CARTESIAN_POINT('',(-0.0473029437251523,0.0161,0.049));
#15557=CARTESIAN_POINT('',(-0.0461008621971352,0.0161,0.0477979184719829));
#15558=CARTESIAN_POINT('',(-0.0461008621971352,0.0162,0.0477979184719829));
#15559=CARTESIAN_POINT('',(-0.0461008621971352,0.022,0.0477979184719829));
#15560=CARTESIAN_POINT('',(-0.0473029437251523,0.0162,0.049));
#15561=CARTESIAN_POINT('',(-0.0481322330470337,0.0162,0.0498292893218814));
#15562=CARTESIAN_POINT('',(-0.0481322330470337,0.0162,0.0498292893218814));
#15563=CARTESIAN_POINT('',(-0.0481322330470337,0.019,0.0498292893218814));
#15564=CARTESIAN_POINT('',(-0.0483029437251523,0.019,0.05));
#15565=CARTESIAN_POINT('',(-0.047273654403271,0.019,0.0489707106781187));
#15566=CARTESIAN_POINT('',(-0.047273654403271,0.0191,0.0489707106781187));
#15567=CARTESIAN_POINT('',(-0.047273654403271,0.022,0.0489707106781187));
#15568=CARTESIAN_POINT('',(-0.047273654403271,0.022,0.0489707106781187));
#15569=CARTESIAN_POINT('',(-0.0488,0.0161,0.0488));
#15570=CARTESIAN_POINT('',(-0.0480221825406948,0.0161,0.0495778174593052));
#15571=CARTESIAN_POINT('',(-0.0461715728752538,0.0161,0.0477272077938642));
#15572=CARTESIAN_POINT('',(-0.0483443650813896,0.0161,0.0499));
#15573=CARTESIAN_POINT('',(-0.0461008621971352,0.0161,0.0477979184719829));
#15574=CARTESIAN_POINT('',(-0.0477272077938642,0.0161,0.0461715728752538));
#15575=CARTESIAN_POINT('',(-0.0495778174593052,0.0161,0.0480221825406948));
#15576=CARTESIAN_POINT('',(-0.0499,0.0161,0.0483443650813896));
#15577=CARTESIAN_POINT('',(-0.0499,0.0161,0.0488));
#15578=CARTESIAN_POINT('',(-0.0499,0.0161,0.049));
#15579=CARTESIAN_POINT('',(-0.049,0.0161,0.049));
#15580=CARTESIAN_POINT('',(-0.049,0.0161,0.0499));
#15581=CARTESIAN_POINT('',(-0.0488,0.0161,0.0499));
#15582=CARTESIAN_POINT('',(1.13968527085408E-17,0.0191,-8.94783133069115E-18));
#15583=CARTESIAN_POINT('',(-0.0488,0.0191,0.0488));
#15584=CARTESIAN_POINT('',(-0.0488,0.0191,0.0491));
#15585=CARTESIAN_POINT('',(-0.0491,0.0191,0.0488));
#15586=CARTESIAN_POINT('',(2.38976601316523E-16,0.0191,0.0491));
#15587=CARTESIAN_POINT('',(-0.0475443650813896,0.0191,0.0491));
#15588=CARTESIAN_POINT('',(-0.047373654403271,0.0191,0.0489292893218814));
#15589=CARTESIAN_POINT('',(-0.0483443650813896,0.0191,0.0499));
#15590=CARTESIAN_POINT('',(-0.0484443650813896,0.0191,0.0499));
#15591=CARTESIAN_POINT('',(-0.049,0.0191,0.0499));
#15592=CARTESIAN_POINT('',(-0.049,0.0191,0.049));
#15593=CARTESIAN_POINT('',(-0.0499,0.0191,0.049));
#15594=CARTESIAN_POINT('',(-0.0499,0.0191,0.049));
#15595=CARTESIAN_POINT('',(-0.0499,0.0191,0.0483443650813896));
#15596=CARTESIAN_POINT('',(-0.0499292893218814,0.0191,0.048373654403271));
#15597=CARTESIAN_POINT('',(-0.0491,0.0191,0.0475443650813896));
#15598=CARTESIAN_POINT('',(-0.0491,0.0191,-2.36527579938674E-16));
#15599=CARTESIAN_POINT('',(-0.0477272077938642,0.0161,0.0461715728752538));
#15600=CARTESIAN_POINT('',(-0.0477272077938642,0.0162,0.0461715728752538));
#15601=CARTESIAN_POINT('',(-0.0477272077938642,0.022,0.0461715728752538));
#15602=CARTESIAN_POINT('',(-0.0476564971157456,0.0162,0.0461008621971352));
#15603=CARTESIAN_POINT('',(-0.0477272077938642,0.0162,0.0461715728752538));
#15604=CARTESIAN_POINT('',(-0.0499,0.0162,0.0483443650813896));
#15605=CARTESIAN_POINT('',(-0.047373654403271,0.0162,0.0489292893218814));
#15606=CARTESIAN_POINT('',(-0.0461715728752538,0.0162,0.0477272077938642));
#15607=CARTESIAN_POINT('',(-0.0483443650813896,0.0162,0.0499));
#15608=CARTESIAN_POINT('',(-0.0461715728752538,0.0161,0.0477272077938642));
#15609=CARTESIAN_POINT('',(-0.0461715728752538,0.0162,0.0477272077938642));
#15610=CARTESIAN_POINT('',(-0.0461715728752538,0.022,0.0477272077938642));
#15611=CARTESIAN_POINT('',(-0.0477272077938642,0.0162,0.0461715728752538));
#15612=CARTESIAN_POINT('',(-0.0477272077938642,0.0162,0.0461715728752538));
#15613=CARTESIAN_POINT('',(-0.0461715728752538,0.0162,0.0477272077938642));
#15614=CARTESIAN_POINT('',(-0.0461715728752538,0.0162,0.0477272077938642));
#15615=CARTESIAN_POINT('',(-0.046949390334559,0.0162,0.046949390334559));
#15616=CARTESIAN_POINT('',(-0.0489,0.0161,0.0473443650813896));
#15617=CARTESIAN_POINT('',(-0.0489999998601636,0.0191416427583548,0.0473445323155579));
#15618=CARTESIAN_POINT('',(-0.0490000437351907,0.0190944285055699,0.0473182966687163));
#15619=CARTESIAN_POINT('',(-0.0489892621078508,0.0190472142527849,0.0472922058330031));
#15620=CARTESIAN_POINT('',(-0.0489707106781187,0.019,0.0472736544032709));
#15621=CARTESIAN_POINT('',(-0.0489,0.022,0.0473443650813896));
#15622=CARTESIAN_POINT('',(-0.0476564971157456,0.019,0.0461008621971352));
#15623=CARTESIAN_POINT('',(-0.04905,0.0190707106781187,0.0473943650813897));
#15624=CARTESIAN_POINT('',(-0.0490702433639434,0.019089222690361,0.0474407883841129));
#15625=CARTESIAN_POINT('',(-0.049085178678909,0.0191,0.047492519735814));
#15626=CARTESIAN_POINT('',(-0.0491,0.0191,0.0475443650813896));
#15627=CARTESIAN_POINT('',(-0.0490481231390448,0.0190729787083764,0.0473928962680051));
#15628=CARTESIAN_POINT('',(-0.0499,0.019,0.0483443650813896));
#15629=CARTESIAN_POINT('',(-0.0489707106781187,0.019,0.047273654403271));
#15630=CARTESIAN_POINT('',(-0.0490038101667749,0.0190259599699535,0.0473067538919272));
#15631=CARTESIAN_POINT('',(-0.0490294218866836,0.019051765311757,0.0473473411493311));
#15632=CARTESIAN_POINT('',(-0.0490496273281263,0.0190702425175223,0.047393334685201));
#15633=CARTESIAN_POINT('',(-0.0473443650813896,0.0161,0.0489));
#15634=CARTESIAN_POINT('',(-0.0472736544032709,0.019,0.0489707106781187));
#15635=CARTESIAN_POINT('',(-0.0472981130852719,0.0190691795996071,0.0489951693601196));
#15636=CARTESIAN_POINT('',(-0.0473266338782102,0.0191163749794725,0.0490000207403249));
#15637=CARTESIAN_POINT('',(-0.0473444816687832,0.0191415861395962,0.0489999999320369));
#15638=CARTESIAN_POINT('',(-0.0473443650813896,0.022,0.0489));
#15639=CARTESIAN_POINT('',(-0.047373654403271,0.019,0.0489292893218814));
#15640=CARTESIAN_POINT('',(-0.0483443650813896,0.019,0.0499));
#15641=CARTESIAN_POINT('',(-0.0475443650813897,0.0191,0.0491));
#15642=CARTESIAN_POINT('',(-0.0474926205526037,0.0191,0.0490852074999728));
#15643=CARTESIAN_POINT('',(-0.0474409889265825,0.0190892663643635,0.0490703020971809));
#15644=CARTESIAN_POINT('',(-0.0473946359594523,0.0190708185891984,0.0490501180354979));
#15645=CARTESIAN_POINT('',(-0.0473935362972131,0.0190726822326555,0.0490509400966074));
#15646=CARTESIAN_POINT('',(-0.0473946736369799,0.0190708560328152,0.0490501025695761));
#15647=CARTESIAN_POINT('',(-0.0473678887341922,0.0190582468419058,0.0490412232947747));
#15648=CARTESIAN_POINT('',(-0.0473226260228652,0.0190346281643007,0.0490196822977129));
#15649=CARTESIAN_POINT('',(-0.047273654403271,0.019,0.0489707106781187));
#15650=CARTESIAN_POINT('',(-0.0472855642203695,0.0190903841317377,0.0490866233259487));
#15651=CARTESIAN_POINT('',(-0.0473949991771733,0.0190714382686372,0.0490495087818143));
#15652=CARTESIAN_POINT('',(-0.0473879748526479,0.0190886404267144,0.0490203111476765));
#15653=CARTESIAN_POINT('',(-0.0473683609306436,0.0191161035909645,0.0490009059129416));
#15654=CARTESIAN_POINT('',(-0.047344905175728,0.0191414900681844,0.0489999414025881));
#15655=CARTESIAN_POINT('',(-0.0473708564587033,0.0191557967897551,0.0490924741295462));
#15656=CARTESIAN_POINT('',(-0.0475443650813896,0.0192,0.049));
#15657=CARTESIAN_POINT('',(-0.0475443650813896,0.0191476401224402,0.049));
#15658=CARTESIAN_POINT('',(-0.0475443650813896,0.0191,0.0490476401224402));
#15659=CARTESIAN_POINT('',(-0.0475443650813896,0.0191,0.0491));
#15660=CARTESIAN_POINT('',(-0.0488,0.0192,0.0491));
#15661=CARTESIAN_POINT('',(-0.0488,0.0192,0.0491));
#15662=CARTESIAN_POINT('',(-0.0488,0.0192,0.0488));
#15663=CARTESIAN_POINT('',(-0.0491,0.0192,0.0488));
#15664=CARTESIAN_POINT('',(-0.0491,0.0192,0.0473029437251523));
#15665=CARTESIAN_POINT('',(-0.0491,0.0191,0.0475443650813896));
#15666=CARTESIAN_POINT('',(-0.0490476401224402,0.0191,0.0475443650813896));
#15667=CARTESIAN_POINT('',(-0.049,0.0191476401224402,0.0475443650813896));
#15668=CARTESIAN_POINT('',(-0.049,0.0192,0.0475443650813896));
#15669=CARTESIAN_POINT('',(-0.0489928416521088,0.019158275600947,0.0473397874374564));
#15670=CARTESIAN_POINT('',(-0.048988326637322,0.0190940467489344,0.0473580930212409));
#15671=CARTESIAN_POINT('',(-0.0490343203552776,0.0190472738920247,0.0473714235483198));
#15672=CARTESIAN_POINT('',(-0.0491012547531801,0.0190480259692814,0.047371209202075));
#15673=CARTESIAN_POINT('',(-0.0490079727423991,0.0191768571476037,0.0474061191694211));
#15674=CARTESIAN_POINT('',(-0.0490036515498117,0.0191216976082313,0.0474218399481343));
#15675=CARTESIAN_POINT('',(-0.0490428497254855,0.0190812157805388,0.0474333774965313));
#15676=CARTESIAN_POINT('',(-0.049100367877431,0.0190814362798796,0.04743331465298));
#15677=CARTESIAN_POINT('',(-0.0490041986576635,0.0191961417230963,0.0474735000117169));
#15678=CARTESIAN_POINT('',(-0.0489998291208133,0.0191387200629024,0.0474898655075772));
#15679=CARTESIAN_POINT('',(-0.0490407222802526,0.0190966690900335,0.0475018502711679));
#15680=CARTESIAN_POINT('',(-0.0491005890871497,0.0190970221786366,0.0475017496389317));
#15681=CARTESIAN_POINT('',(-0.0489926348609181,0.0192153567562934,0.047540052737433));
#15682=CARTESIAN_POINT('',(-0.0489881171972327,0.0191510039572337,0.0475583936468225));
#15683=CARTESIAN_POINT('',(-0.0490342037874304,0.0191041451230812,0.0475717486778988));
#15684=CARTESIAN_POINT('',(-0.0491012668737933,0.0191049044652229,0.047571532261121));
#15685=CARTESIAN_POINT('',(-0.0489920648894529,0.0191406315191598,0.0473465303150448));
#15686=CARTESIAN_POINT('',(-0.0490084576950573,0.0191173815655215,0.047362862309182));
#15687=CARTESIAN_POINT('',(-0.0490248504655259,0.0190941315979206,0.0473791943187087));
#15688=CARTESIAN_POINT('',(-0.0490412432008625,0.0190708816163801,0.0473955263436541));
#15689=CARTESIAN_POINT('',(-0.0487551777179651,0.0190228707655534,0.0474690388834658));
#15690=CARTESIAN_POINT('',(-0.0499,0.016,0.05));
#15691=CARTESIAN_POINT('',(-0.0499,0.016,0.049));
#15692=CARTESIAN_POINT('',(-0.0499,0.016,0.0483443650813896));
#15693=CARTESIAN_POINT('',(-0.05,0.0162,0.048061522368915));
#15694=CARTESIAN_POINT('',(-0.05,0.0162,0.0483029437251523));
#15695=CARTESIAN_POINT('',(-0.0498292893218813,0.0162,0.0481322330470336));
#15696=CARTESIAN_POINT('',(-0.05,0.0161476396861118,0.0480615223712288));
#15697=CARTESIAN_POINT('',(-0.0499999999999997,0.0162370286081254,0.0483029436551309));
#15698=CARTESIAN_POINT('',(-0.0498292893230382,0.0161738198430561,0.0481322330481904));
#15699=CARTESIAN_POINT('',(-0.05,0.0160433374441802,0.0481228106152207));
#15700=CARTESIAN_POINT('',(-0.0500000000000005,0.0162378259228423,0.0481958722419425));
#15701=CARTESIAN_POINT('',(-0.0498446113831687,0.0161216687222347,0.0481781992320523));
#15702=CARTESIAN_POINT('',(-0.05,0.0160000000005786,0.0482703167238882));
#15703=CARTESIAN_POINT('',(-0.0499999999999994,0.016120400640583,0.0482831638039198));
#15704=CARTESIAN_POINT('',(-0.0498814879106245,0.0161,0.0482888288132634));
#15705=CARTESIAN_POINT('',(-0.05,0.016,0.0483443650813896));
#15706=CARTESIAN_POINT('',(-0.05,0.0161,0.0483443650813896));
#15707=CARTESIAN_POINT('',(-0.0499,0.0161,0.0483443650813896));
#15708=CARTESIAN_POINT('',(-0.0499,0.0162,0.048061522368915));
#15709=CARTESIAN_POINT('',(-0.049,0.016,0.049));
#15710=CARTESIAN_POINT('',(-0.049,0.016,0.0499));
#15711=CARTESIAN_POINT('',(-0.0499,0.0161,0.048061522368915));
#15712=CARTESIAN_POINT('',(-0.0499,0.019,0.048061522368915));
#15713=CARTESIAN_POINT('',(-0.05,0.016,0.0499));
#15714=CARTESIAN_POINT('',(-0.0483443650813896,0.016,0.0499));
#15715=CARTESIAN_POINT('',(-0.05,0.0192,0.0483443650813896));
#15716=CARTESIAN_POINT('',(-0.05,0.0191,0.0483443650813896));
#15717=CARTESIAN_POINT('',(-0.0499,0.0191,0.0483443650813896));
#15718=CARTESIAN_POINT('',(-0.05,0.0191999999994215,0.0482703167238882));
#15719=CARTESIAN_POINT('',(-0.0499999999999994,0.019079599359417,0.0482831638039198));
#15720=CARTESIAN_POINT('',(-0.0498814879106245,0.0191,0.0482888288132634));
#15721=CARTESIAN_POINT('',(-0.05,0.0191566625558198,0.0481228106152207));
#15722=CARTESIAN_POINT('',(-0.0500000000000005,0.0189621740771572,0.0481958722419425));
#15723=CARTESIAN_POINT('',(-0.0498446113831687,0.0190783312777652,0.0481781992320523));
#15724=CARTESIAN_POINT('',(-0.05,0.0190523603138882,0.0480615223712288));
#15725=CARTESIAN_POINT('',(-0.0499999999999997,0.0189629713918757,0.0483029436551309));
#15726=CARTESIAN_POINT('',(-0.0498292893230382,0.0190261801569443,0.0481322330481904));
#15727=CARTESIAN_POINT('',(-0.05,0.019,0.048061522368915));
#15728=CARTESIAN_POINT('',(-0.05,0.019,0.0483029437251523));
#15729=CARTESIAN_POINT('',(-0.0498292893218813,0.019,0.0481322330470336));
#15730=CARTESIAN_POINT('',(-0.0499,0.0192,0.0483443650813896));
#15731=CARTESIAN_POINT('',(-0.0483443650813896,0.016,0.05));
#15732=CARTESIAN_POINT('',(-0.0483443650813896,0.0161,0.05));
#15733=CARTESIAN_POINT('',(-0.0483443650813896,0.0161,0.0499));
#15734=CARTESIAN_POINT('',(-0.0482703167238882,0.0160000000005786,0.05));
#15735=CARTESIAN_POINT('',(-0.0482831638039198,0.016120400640583,0.0499999999999994));
#15736=CARTESIAN_POINT('',(-0.0482888288132634,0.0161,0.0498814879106245));
#15737=CARTESIAN_POINT('',(-0.0481228106152207,0.0160433374441802,0.05));
#15738=CARTESIAN_POINT('',(-0.0481958722419424,0.0162378259228423,0.0500000000000006));
#15739=CARTESIAN_POINT('',(-0.0481781992320523,0.0161216687222347,0.0498446113831687));
#15740=CARTESIAN_POINT('',(-0.0480615223712288,0.0161476396861118,0.05));
#15741=CARTESIAN_POINT('',(-0.0483029436551309,0.0162370286081254,0.0499999999999997));
#15742=CARTESIAN_POINT('',(-0.0481322330481904,0.0161738198430561,0.0498292893230382));
#15743=CARTESIAN_POINT('',(-0.048061522368915,0.0162,0.05));
#15744=CARTESIAN_POINT('',(-0.0483029437251523,0.0162,0.05));
#15745=CARTESIAN_POINT('',(-0.0481322330470336,0.0162,0.0498292893218813));
#15746=CARTESIAN_POINT('',(-0.048061522368915,0.0162,0.0499));
#15747=CARTESIAN_POINT('',(-0.0499,0.0192,-9.00340792280726E-18));
#15748=CARTESIAN_POINT('',(-0.0499,0.0192,0.049));
#15749=CARTESIAN_POINT('',(-0.048061522368915,0.0161,0.0499));
#15750=CARTESIAN_POINT('',(-0.048061522368915,0.019,0.0499));
#15751=CARTESIAN_POINT('',(-0.049,0.0192,0.049));
#15752=CARTESIAN_POINT('',(-0.049,0.0192,0.0499));
#15753=CARTESIAN_POINT('',(-0.048061522368915,0.019,0.05));
#15754=CARTESIAN_POINT('',(-0.0483029437251523,0.019,0.05));
#15755=CARTESIAN_POINT('',(-0.0481322330470336,0.019,0.0498292893218813));
#15756=CARTESIAN_POINT('',(-0.0480615223712288,0.0190523603138882,0.05));
#15757=CARTESIAN_POINT('',(-0.0483029436551309,0.0189629713918757,0.0499999999999997));
#15758=CARTESIAN_POINT('',(-0.0481322330481904,0.0190261801569443,0.0498292893230382));
#15759=CARTESIAN_POINT('',(-0.0481228106152207,0.0191566625558198,0.05));
#15760=CARTESIAN_POINT('',(-0.0481958722419425,0.0189621740771572,0.0500000000000006));
#15761=CARTESIAN_POINT('',(-0.0481781992320523,0.0190783312777652,0.0498446113831687));
#15762=CARTESIAN_POINT('',(-0.0482703167238882,0.0191999999994214,0.05));
#15763=CARTESIAN_POINT('',(-0.0482831638039198,0.019079599359417,0.0499999999999994));
#15764=CARTESIAN_POINT('',(-0.0482888288132634,0.0191,0.0498814879106245));
#15765=CARTESIAN_POINT('',(-0.0483443650813896,0.0192,0.05));
#15766=CARTESIAN_POINT('',(-0.0483443650813896,0.0191,0.05));
#15767=CARTESIAN_POINT('',(-0.0483443650813896,0.0191,0.0499));
#15768=CARTESIAN_POINT('',(-0.0483443650813896,0.0192,0.0499));
#15769=CARTESIAN_POINT('',(1.14524293006569E-17,0.0192,0.0499));
#15770=CARTESIAN_POINT('',(-0.0509242388155425,0.022,0.0490857611844575));
#15771=CARTESIAN_POINT('',(-0.0478686291501015,0.022,0.0460301515190165));
#15772=CARTESIAN_POINT('',(-0.0490414213562373,0.022,0.0472029437251523));
#15773=CARTESIAN_POINT('',(-0.0489,0.022,0.0473443650813896));
#15774=CARTESIAN_POINT('',(-0.0491,0.022,0.0473443650813896));
#15775=CARTESIAN_POINT('',(-0.0477272077938642,0.022,0.0461715728752538));
#15776=CARTESIAN_POINT('',(-0.0475857864376269,0.022,0.0460301515190165));
#15777=CARTESIAN_POINT('',(-0.0491,0.022,0.05001));
#15778=CARTESIAN_POINT('',(-0.0491,0.022,0.0488));
#15779=CARTESIAN_POINT('',(-0.0476564971157456,0.022,0.0459594408408979));
#15780=CARTESIAN_POINT('',(-0.0460301515190165,0.022,0.0475857864376269));
#15781=CARTESIAN_POINT('',(-0.0488,0.022,0.0488));
#15782=CARTESIAN_POINT('',(-0.0488,0.022,0.0491));
#15783=CARTESIAN_POINT('',(-0.0461715728752538,0.022,0.0477272077938642));
#15784=CARTESIAN_POINT('',(-0.0460301515190165,0.022,0.0478686291501015));
#15785=CARTESIAN_POINT('',(-0.05,0.022,0.0491));
#15786=CARTESIAN_POINT('',(-0.0473443650813896,0.022,0.0491));
#15787=CARTESIAN_POINT('',(-0.0490857611844575,0.022,0.0509242388155425));
#15788=CARTESIAN_POINT('',(-0.0472029437251523,0.022,0.0490414213562373));
#15789=CARTESIAN_POINT('',(-0.0473443650813896,0.022,0.0489));
#15790=CARTESIAN_POINT('',(-0.0495,0.0216,0.05));
#15791=CARTESIAN_POINT('',(-0.0495,0.0216,0.049));
#15792=CARTESIAN_POINT('',(-0.0495,0.0216,0.042));
#15793=CARTESIAN_POINT('',(-0.049,0.0216,0.049));
#15794=CARTESIAN_POINT('',(-0.049,0.0216,0.0495));
#15795=CARTESIAN_POINT('',(-0.05,0.0216,0.0495));
#15796=CARTESIAN_POINT('',(-0.042,0.0216,0.0495));
#15797=CARTESIAN_POINT('',(0.,0.02,0.));
#15798=CARTESIAN_POINT('',(-0.0425,0.02,0.05));
#15799=CARTESIAN_POINT('',(-0.0425,0.02,0.048));
#15800=CARTESIAN_POINT('',(0.,0.02,0.048));
#15801=CARTESIAN_POINT('',(-0.0451059348446489,0.02,0.048));
#15802=CARTESIAN_POINT('',(-0.0461715728752538,0.02,0.0477272077938642));
#15803=CARTESIAN_POINT('',(0.,0.02,0.));
#15804=CARTESIAN_POINT('',(-0.0461715728752538,0.02,0.0461715728752538));
#15805=CARTESIAN_POINT('',(-0.046949390334559,0.02,0.0453937554159486));
#15806=CARTESIAN_POINT('',(-0.0477272077938642,0.02,0.0461715728752538));
#15807=CARTESIAN_POINT('',(-0.0475,0.02,0.0450952938136683));
#15808=CARTESIAN_POINT('',(-0.0475,0.02,0.));
#15809=CARTESIAN_POINT('',(-0.0475,0.02,0.0425));
#15810=CARTESIAN_POINT('',(-0.05,0.02,0.0425));
#15811=CARTESIAN_POINT('',(-0.049,0.1135,0.05));
#15812=CARTESIAN_POINT('',(-0.049,0.0161,0.0458887301627792));
#15813=CARTESIAN_POINT('',(-0.049,0.0162,0.0458887301627792));
#15814=CARTESIAN_POINT('',(-0.049,0.0162,0.0474443650813896));
#15815=CARTESIAN_POINT('',(-0.049,0.0151,0.0474443650813896));
#15816=CARTESIAN_POINT('',(-0.049,0.0151,0.05));
#15817=CARTESIAN_POINT('',(-0.049,0.0151,0.049));
#15818=CARTESIAN_POINT('',(-0.049,0.1135,0.049));
#15819=CARTESIAN_POINT('',(-0.049,0.0014142135623731,0.049));
#15820=CARTESIAN_POINT('',(-0.049,0.00141421356237309,0.05));
#15821=CARTESIAN_POINT('',(-0.049,0.0014142135623731,0.0425));
#15822=CARTESIAN_POINT('',(-0.049,0.1135,0.0425));
#15823=CARTESIAN_POINT('',(-0.05,0.1135,0.049));
#15824=CARTESIAN_POINT('',(-0.0458887301627791,0.1135,0.049));
#15825=CARTESIAN_POINT('',(-0.0458887301627792,0.0162,0.049));
#15826=CARTESIAN_POINT('',(-0.0425,0.1135,0.049));
#15827=CARTESIAN_POINT('',(-0.0425,0.0014142135623731,0.049));
#15828=CARTESIAN_POINT('',(-0.05,0.00141421356237309,0.049));
#15829=CARTESIAN_POINT('',(-0.0488,0.0151,0.049));
#15830=CARTESIAN_POINT('',(-0.0474443650813896,0.0151,0.049));
#15831=CARTESIAN_POINT('',(-0.0474443650813896,0.0162,0.049));
#15832=CARTESIAN_POINT('',(-0.05,0.1135,0.0425));
#15833=CARTESIAN_POINT('',(-0.05,0.00141421356237309,0.0425));
#15834=CARTESIAN_POINT('',(-0.0425,0.0014142135623731,0.0425));
#15835=CARTESIAN_POINT('',(-0.0425,0.1135,0.0425));
#15836=CARTESIAN_POINT('',(-0.0475,0.1135,0.0425));
#15837=CARTESIAN_POINT('',(-0.0425,0.1135,0.05));
#15838=CARTESIAN_POINT('',(-0.0425,0.1135,0.048));
#15839=CARTESIAN_POINT('',(-0.0425,0.00141421356237309,0.05));
#15840=CARTESIAN_POINT('',(-0.05,0.00170710678118655,0.0492928932188135));
#15841=CARTESIAN_POINT('',(-0.049528595479209,0.00194280904158207,0.049528595479209));
#15842=CARTESIAN_POINT('',(-0.041971404520791,0.00194280904158207,0.049528595479209));
#15843=CARTESIAN_POINT('',(-0.0492928932188135,0.00170710678118655,0.05));
#15844=CARTESIAN_POINT('',(-0.049528595479209,0.00194280904158207,0.041971404520791));
#15845=CARTESIAN_POINT('',(-0.0422071067811865,0.00170710678118655,0.05));
#15846=CARTESIAN_POINT('',(-0.0448047378541244,-0.000890524291751271,0.0448047378541244));
#15847=CARTESIAN_POINT('',(-0.05,0.00170710678118655,0.0422071067811865));
#15848=CARTESIAN_POINT('',(-0.0475,0.0221,-0.047));
#15849=CARTESIAN_POINT('',(-0.0475,0.0161,0.0450952938136683));
#15850=CARTESIAN_POINT('',(-0.0465,0.0221,0.048));
#15851=CARTESIAN_POINT('',(-0.0451059348446489,0.0161,0.048));
#15852=CARTESIAN_POINT('',(-0.0470201010126777,0.0161,0.04532304473783));
#15853=CARTESIAN_POINT('',(-0.0453937554159486,0.0161,0.046949390334559));
#15854=CARTESIAN_POINT('',(-0.0453937554159486,0.0162,0.046949390334559));
#15855=CARTESIAN_POINT('',(-0.0470201010126777,0.0162,0.04532304473783));
#15856=CARTESIAN_POINT('',(-0.046949390334559,0.0162,0.0453937554159486));
#15857=CARTESIAN_POINT('',(-0.046949390334559,0.0161,0.0453937554159486));
#15858=CARTESIAN_POINT('',(-0.0484343145750508,0.0161,0.04532304473783));
#15859=CARTESIAN_POINT('',(-0.0485050252531694,0.0161,0.0453937554159486));
#15860=CARTESIAN_POINT('',(-0.0485050252531694,0.0162,0.0453937554159486));
#15861=CARTESIAN_POINT('',(-0.0484343145750508,0.0162,0.04532304473783));
#15862=CARTESIAN_POINT('',(-0.0465958369439658,0.0161,0.0497071067811866));
#15863=CARTESIAN_POINT('',(-0.0465958369439658,0.0162,0.0497071067811866));
#15864=CARTESIAN_POINT('',(-0.0453937554159486,0.0162,0.0485050252531694));
#15865=CARTESIAN_POINT('',(-0.0453937554159486,0.0161,0.0485050252531694));
#15866=CARTESIAN_POINT('',(-0.0488,0.0151,0.0488));
#15867=CARTESIAN_POINT('',(-0.047373654403271,0.0151,0.0489292893218814));
#15868=CARTESIAN_POINT('',(-0.0461715728752538,0.0151,0.0477272077938642));
#15869=CARTESIAN_POINT('',(-0.0476564971157456,0.0151,0.0461008621971352));
#15870=CARTESIAN_POINT('',(-0.0477272077938642,0.0151,0.0461715728752538));
#15871=CARTESIAN_POINT('',(-0.046949390334559,0.0151,0.046949390334559));
#15872=CARTESIAN_POINT('',(-0.0477272077938642,0.0161,0.0461715728752538));
#15873=CARTESIAN_POINT('',(-0.0477272077938642,0.0162,0.0461715728752538));
#15874=CARTESIAN_POINT('',(-0.0476564971157456,0.0162,0.0461008621971352));
#15875=CARTESIAN_POINT('',(-0.0477272077938642,0.0162,0.0461715728752538));
#15876=CARTESIAN_POINT('',(-0.047373654403271,0.0162,0.0489292893218814));
#15877=CARTESIAN_POINT('',(-0.0461715728752538,0.0162,0.0477272077938642));
#15878=CARTESIAN_POINT('',(-0.0461715728752538,0.0161,0.0477272077938642));
#15879=CARTESIAN_POINT('',(-0.0461715728752538,0.0162,0.0477272077938642));
#15880=CARTESIAN_POINT('',(-0.0477272077938642,0.0162,0.0461715728752538));
#15881=CARTESIAN_POINT('',(-0.0477272077938642,0.0162,0.0461715728752538));
#15882=CARTESIAN_POINT('',(-0.0461715728752538,0.0162,0.0477272077938642));
#15883=CARTESIAN_POINT('',(-0.0461715728752538,0.0162,0.0477272077938642));
#15884=CARTESIAN_POINT('',(-0.046949390334559,0.0162,0.046949390334559));
#15885=CARTESIAN_POINT('',(-0.042,0.1135,0.0495));
#15886=CARTESIAN_POINT('',(-0.042,0.0209,0.0495));
#15887=CARTESIAN_POINT('',(-0.042,0.0216,0.0495));
#15888=CARTESIAN_POINT('',(-0.042,0.0216,0.0495));
#15889=CARTESIAN_POINT('',(-0.042,0.0216,0.0495));
#15890=CARTESIAN_POINT('',(-0.042,0.0216,0.05));
#15891=CARTESIAN_POINT('',(-0.0495,0.1135,0.042));
#15892=CARTESIAN_POINT('',(-0.0495,0.0216,0.042));
#15893=CARTESIAN_POINT('',(-0.0495,0.0216,0.042));
#15894=CARTESIAN_POINT('',(-0.05,0.0216,0.042));
#15895=CARTESIAN_POINT('',(-0.042,0.1135,0.042));
#15896=CARTESIAN_POINT('',(-0.027,0.0089,0.048));
#15897=CARTESIAN_POINT('',(-0.027,0.0089,0.048));
#15898=CARTESIAN_POINT('',(-0.027,0.0209,0.048));
#15899=CARTESIAN_POINT('',(-0.027,0.0209,0.048));
#15900=CARTESIAN_POINT('',(0.0156973454445427,0.0374,0.048));
#15901=CARTESIAN_POINT('',(0.0156973454445427,0.0174,0.048));
#15902=CARTESIAN_POINT('',(0.0156973454445427,-0.0076,0.048));
#15903=CARTESIAN_POINT('',(0.0156973454445427,0.0124,0.048));
#15904=CARTESIAN_POINT('',(0.0156973454445427,0.0124,0.048));
#15905=CARTESIAN_POINT('',(-0.0156973454445427,0.0124,0.048));
#15906=CARTESIAN_POINT('',(-0.0156973454445427,-0.0076,0.048));
#15907=CARTESIAN_POINT('',(-0.0156973454445427,0.0374,0.048));
#15908=CARTESIAN_POINT('',(-0.0156973454445427,0.0174,0.048));
#15909=CARTESIAN_POINT('',(0.0156973454445427,0.0174,0.048));
#15910=MECHANICAL_DESIGN_GEOMETRIC_PRESENTATION_REPRESENTATION('',(#9093),
#15911);
#15911=(
GEOMETRIC_REPRESENTATION_CONTEXT(3)
GLOBAL_UNCERTAINTY_ASSIGNED_CONTEXT((#15912))
GLOBAL_UNIT_ASSIGNED_CONTEXT((#15915,#15914,#15913))
REPRESENTATION_CONTEXT('Part 6','TOP_LEVEL_ASSEMBLY_PART')
);
#15912=UNCERTAINTY_MEASURE_WITH_UNIT(LENGTH_MEASURE(2.E-5),#15915,
'DISTANCE_ACCURACY_VALUE','Maximum Tolerance applied to model');
#15913=(
NAMED_UNIT(*)
SI_UNIT($,.STERADIAN.)
SOLID_ANGLE_UNIT()
);
#15914=(
NAMED_UNIT(*)
PLANE_ANGLE_UNIT()
SI_UNIT($,.RADIAN.)
);
#15915=(
LENGTH_UNIT()
NAMED_UNIT(*)
SI_UNIT($,.METRE.)
);
#15916=PRODUCT_DEFINITION_SHAPE('','',#15917);
#15917=PRODUCT_DEFINITION('','',#15919,#15918);
#15918=PRODUCT_DEFINITION_CONTEXT('',#15925,'design');
#15919=PRODUCT_DEFINITION_FORMATION_WITH_SPECIFIED_SOURCE('','',#15921,
 .NOT_KNOWN.);
#15920=PRODUCT_RELATED_PRODUCT_CATEGORY('','',(#15921));
#15921=PRODUCT('Part 6','Part 6','Part 6',(#15923));
#15922=PRODUCT_CATEGORY('','');
#15923=PRODUCT_CONTEXT('',#15925,'mechanical');
#15924=APPLICATION_PROTOCOL_DEFINITION('international standard',
'ap242_managed_model_based_3d_engineering',2020,#15925);
#15925=APPLICATION_CONTEXT('managed model based 3d engineering');
ENDSEC;
END-ISO-10303-21;
